ts,server_id,cpu_pct
20:53:00,server_1,88.3
20:53:00,server_20,91.25
20:53:00,server_19,9.87
20:53:00,server_18,63.08
20:53:00,server_17,46.97
20:53:00,server_16,53.2
20:53:00,server_14,27.16
20:53:00,server_13,93.96
20:53:00,server_12,49.48
20:53:00,server_11,39.83
20:53:00,server_15,16.66
20:53:00,server_9,44.72
20:53:00,server_8,97.46
20:53:00,server_7,20.18
20:53:00,server_6,28.36
20:53:00,server_5,32.11
20:53:00,server_4,92.21
20:53:00,server_3,57.55
20:53:00,server_2,18.6
20:53:00,server_10,69.58
20:53:05,server_13,65.36
20:53:05,server_14,22.5
20:53:05,server_15,51.25
20:53:05,server_16,53.79
20:53:05,server_20,24.52
20:53:05,server_18,56.23
20:53:05,server_19,49.12
20:53:05,server_12,68.94
20:53:05,server_17,47.46
20:53:05,server_11,42.32
20:53:05,server_5,61.4
20:53:05,server_9,66.6
20:53:05,server_10,65.36
20:53:05,server_2,27.77
20:53:05,server_3,39.07
20:53:05,server_4,25.66
20:53:05,server_1,92.02
20:53:05,server_6,14.73
20:53:05,server_7,76.62
20:53:05,server_8,33.15
20:53:10,server_20,29.8
20:53:10,server_19,45.93
20:53:10,server_18,23.88
20:53:10,server_17,68.24
20:53:10,server_16,58.65
20:53:10,server_14,28.43
20:53:10,server_13,83.81
20:53:10,server_12,58.09
20:53:10,server_11,43.89
20:53:10,server_15,24.01
20:53:10,server_9,96.96
20:53:10,server_2,92.21
20:53:10,server_3,6.03
20:53:10,server_4,59.31
20:53:10,server_5,88.66
20:53:10,server_1,45.43
20:53:10,server_6,75.38
20:53:10,server_7,82.04
20:53:10,server_8,20.34
20:53:10,server_10,88.1
20:53:15,server_12,57.66
20:53:15,server_19,98.2
20:53:15,server_18,36.45
20:53:15,server_17,24.33
20:53:15,server_16,90.31
20:53:15,server_15,31.42
20:53:15,server_14,30.1
20:53:15,server_13,49.13
20:53:15,server_11,8.28
20:53:15,server_20,34.12
20:53:15,server_9,44.62
20:53:15,server_1,23.72
20:53:15,server_2,44.75
20:53:15,server_3,94.75
20:53:15,server_4,91.72
20:53:15,server_10,67.75
20:53:15,server_6,90.04
20:53:15,server_7,95.37
20:53:15,server_8,67.88
20:53:15,server_5,98.07
20:53:20,server_11,93.68
20:53:20,server_19,99.66
20:53:20,server_18,27.22
20:53:20,server_17,49.83
20:53:20,server_16,93.53
20:53:20,server_15,36.73
20:53:20,server_14,70.12
20:53:20,server_13,41.17
20:53:20,server_12,62.55
20:53:20,server_20,11.95
20:53:20,server_10,9.04
20:53:20,server_8,14.61
20:53:20,server_7,57.76
20:53:20,server_6,14.84
20:53:20,server_5,85.36
20:53:20,server_4,69.14
20:53:20,server_3,55.56
20:53:20,server_2,72.88
20:53:20,server_1,62.43
20:53:20,server_9,39.69
20:53:25,server_13,68.28
20:53:25,server_14,24.22
20:53:25,server_16,43.43
20:53:25,server_12,79.71
20:53:25,server_18,27.76
20:53:25,server_19,26.8
20:53:25,server_20,20.33
20:53:25,server_17,52.6
20:53:25,server_11,25.39
20:53:25,server_15,54.15
20:53:25,server_9,31.9
20:53:25,server_1,57.22
20:53:25,server_2,56.97
20:53:25,server_3,23.25
20:53:25,server_4,27.36
20:53:25,server_10,52.08
20:53:25,server_6,45.62
20:53:25,server_7,53.43
20:53:25,server_8,68.13
20:53:25,server_5,98.2
20:53:30,server_20,79.69
20:53:30,server_19,45.0
20:53:30,server_18,24.46
20:53:30,server_17,63.81
20:53:30,server_16,22.5
20:53:30,server_15,62.51
20:53:30,server_14,97.75
20:53:30,server_12,49.37
20:53:30,server_11,27.71
20:53:30,server_13,49.22
20:53:30,server_9,20.54
20:53:30,server_8,55.89
20:53:30,server_7,95.85
20:53:30,server_6,47.14
20:53:30,server_5,20.07
20:53:30,server_4,95.67
20:53:30,server_3,82.13
20:53:30,server_2,88.99
20:53:30,server_10,40.66
20:53:30,server_1,28.56
20:53:35,server_13,33.82
20:53:35,server_14,55.36
20:53:35,server_15,61.96
20:53:35,server_16,49.52
20:53:35,server_20,66.74
20:53:35,server_18,26.34
20:53:35,server_19,42.65
20:53:35,server_12,65.82
20:53:35,server_17,93.93
20:53:35,server_11,96.48
20:53:35,server_3,38.94
20:53:35,server_9,65.72
20:53:35,server_8,79.92
20:53:35,server_7,24.29
20:53:35,server_6,84.35
20:53:35,server_5,33.22
20:53:35,server_4,38.72
20:53:35,server_2,45.43
20:53:35,server_1,21.77
20:53:35,server_10,42.17
20:53:40,server_12,87.09
20:53:40,server_13,90.24
20:53:40,server_14,64.73
20:53:40,server_15,62.61
20:53:40,server_19,44.49
20:53:40,server_17,68.53
20:53:40,server_18,23.02
20:53:40,server_11,25.48
20:53:40,server_16,38.1
20:53:40,server_20,53.81
20:53:40,server_10,60.76
20:53:40,server_8,67.17
20:53:40,server_1,97.23
20:53:40,server_2,31.14
20:53:40,server_3,37.12
20:53:40,server_9,46.76
20:53:40,server_5,69.31
20:53:40,server_6,87.48
20:53:40,server_7,29.82
20:53:40,server_4,90.65
20:53:45,server_13,24.48
20:53:45,server_20,37.21
20:53:45,server_19,40.01
20:53:45,server_18,88.01
20:53:45,server_17,88.14
20:53:45,server_16,99.37
20:53:45,server_15,37.63
20:53:45,server_14,69.4
20:53:45,server_12,58.07
20:53:45,server_11,62.65
20:53:45,server_1,66.12
20:53:45,server_9,41.63
20:53:45,server_8,82.02
20:53:45,server_7,48.97
20:53:45,server_6,57.97
20:53:45,server_5,99.81
20:53:45,server_4,29.07
20:53:45,server_3,98.5
20:53:45,server_2,87.5
20:53:45,server_10,55.16
20:53:50,server_13,50.21
20:53:50,server_14,94.1
20:53:50,server_15,43.57
20:53:50,server_16,34.05
20:53:50,server_12,35.97
20:53:50,server_18,76.13
20:53:50,server_19,18.64
20:53:50,server_20,40.46
20:53:50,server_17,30.39
20:53:50,server_11,96.44
20:53:50,server_1,83.98
20:53:50,server_9,36.32
20:53:50,server_8,34.26
20:53:50,server_7,22.39
20:53:50,server_6,25.59
20:53:50,server_5,86.3
20:53:50,server_4,59.39
20:53:50,server_3,55.57
20:53:50,server_2,85.23
20:53:50,server_10,31.22
20:53:55,server_13,67.02
20:53:55,server_14,29.24
20:53:55,server_15,36.16
20:53:55,server_16,34.49
20:53:55,server_20,94.39
20:53:55,server_18,85.39
20:53:55,server_19,46.95
20:53:55,server_12,34.57
20:53:55,server_17,42.33
20:53:55,server_11,91.1
20:53:55,server_5,97.58
20:53:55,server_9,45.84
20:53:55,server_2,61.4
20:53:55,server_3,20.94
20:53:55,server_4,34.2
20:53:55,server_1,82.87
20:53:55,server_6,79.93
20:53:55,server_7,83.61
20:53:55,server_8,47.28
20:53:55,server_10,45.37
20:54:00,server_12,39.37
20:54:00,server_19,31.93
20:54:00,server_18,63.62
20:54:00,server_17,63.21
20:54:00,server_16,26.03
20:54:00,server_15,46.8
20:54:00,server_14,28.5
20:54:00,server_13,55.09
20:54:00,server_11,6.6
20:54:00,server_20,36.93
20:54:00,server_9,41.17
20:54:00,server_1,26.79
20:54:00,server_2,97.21
20:54:00,server_3,69.6
20:54:00,server_4,39.44
20:54:00,server_10,86.01
20:54:00,server_6,83.01
20:54:00,server_7,11.33
20:54:00,server_8,5.97
20:54:00,server_5,63.67
20:54:05,server_11,22.45
20:54:05,server_19,9.63
20:54:05,server_18,42.71
20:54:05,server_17,77.58
20:54:05,server_16,54.02
20:54:05,server_15,99.8
20:54:05,server_14,29.23
20:54:05,server_13,31.1
20:54:05,server_12,21.4
20:54:05,server_20,44.19
20:54:05,server_10,59.08
20:54:05,server_8,33.81
20:54:05,server_7,90.15
20:54:05,server_6,50.18
20:54:05,server_5,65.8
20:54:05,server_4,77.92
20:54:05,server_3,93.24
20:54:05,server_2,63.48
20:54:05,server_1,85.5
20:54:05,server_9,40.46
20:54:10,server_14,65.21
20:54:10,server_15,64.94
20:54:10,server_16,65.57
20:54:10,server_13,54.02
20:54:10,server_18,89.78
20:54:10,server_19,61.5
20:54:10,server_20,59.6
20:54:10,server_17,69.87
20:54:10,server_12,46.9
20:54:10,server_11,33.02
20:54:10,server_1,85.13
20:54:10,server_9,97.48
20:54:10,server_8,40.37
20:54:10,server_7,23.31
20:54:10,server_6,60.79
20:54:10,server_5,43.19
20:54:10,server_4,35.8
20:54:10,server_3,94.25
20:54:10,server_2,86.06
20:54:10,server_10,67.58
20:54:15,server_13,38.86
20:54:15,server_14,27.49
20:54:15,server_15,27.88
20:54:15,server_20,36.83
20:54:15,server_18,22.7
20:54:15,server_19,73.09
20:54:15,server_12,61.06
20:54:15,server_16,44.05
20:54:15,server_11,29.43
20:54:15,server_17,41.79
20:54:15,server_9,69.11
20:54:15,server_10,69.91
20:54:15,server_2,24.29
20:54:15,server_3,49.14
20:54:15,server_4,38.13
20:54:15,server_1,66.16
20:54:15,server_6,19.76
20:54:15,server_7,51.21
20:54:15,server_8,54.79
20:54:15,server_5,23.53
20:54:20,server_20,36.35
20:54:20,server_12,94.05
20:54:20,server_19,81.43
20:54:20,server_18,62.83
20:54:20,server_17,51.15
20:54:20,server_16,48.85
20:54:20,server_15,57.34
20:54:20,server_14,87.5
20:54:20,server_13,84.0
20:54:20,server_11,37.21
20:54:20,server_7,75.65
20:54:20,server_9,63.36
20:54:20,server_8,80.84
20:54:20,server_6,17.57
20:54:20,server_5,65.38
20:54:20,server_4,64.39
20:54:20,server_3,87.12
20:54:20,server_2,95.61
20:54:20,server_1,48.96
20:54:20,server_10,80.14
20:54:25,server_15,29.14
20:54:25,server_13,26.48
20:54:25,server_14,90.77
20:54:25,server_16,36.47
20:54:25,server_12,24.62
20:54:25,server_18,11.03
20:54:25,server_19,61.04
20:54:25,server_20,4.48
20:54:25,server_17,11.97
20:54:25,server_11,4.88
20:54:25,server_1,98.73
20:54:25,server_9,85.74
20:54:25,server_2,32.87
20:54:25,server_3,94.39
20:54:25,server_4,59.46
20:54:25,server_10,21.13
20:54:25,server_6,57.06
20:54:25,server_7,42.74
20:54:25,server_8,84.13
20:54:25,server_5,52.47
20:54:30,server_13,89.66
20:54:30,server_20,43.27
20:54:30,server_19,95.62
20:54:30,server_18,52.13
20:54:30,server_17,4.12
20:54:30,server_16,33.54
20:54:30,server_15,28.9
20:54:30,server_14,35.71
20:54:30,server_12,99.32
20:54:30,server_11,38.33
20:54:30,server_1,38.6
20:54:30,server_9,46.43
20:54:30,server_8,58.74
20:54:30,server_7,64.97
20:54:30,server_6,59.76
20:54:30,server_5,99.8
20:54:30,server_4,23.35
20:54:30,server_3,74.92
20:54:30,server_2,26.82
20:54:30,server_10,88.38
20:54:35,server_13,99.36
20:54:35,server_14,4.55
20:54:35,server_15,33.87
20:54:35,server_16,53.34
20:54:35,server_12,63.72
20:54:35,server_18,64.43
20:54:35,server_19,96.89
20:54:35,server_20,59.56
20:54:35,server_17,58.86
20:54:35,server_11,26.84
20:54:35,server_1,40.62
20:54:35,server_9,35.24
20:54:35,server_8,25.39
20:54:35,server_7,66.42
20:54:35,server_6,9.33
20:54:35,server_5,47.57
20:54:35,server_4,62.15
20:54:35,server_3,97.6
20:54:35,server_2,32.04
20:54:35,server_10,67.02
20:54:40,server_13,46.86
20:54:40,server_14,33.46
20:54:40,server_15,1.78
20:54:40,server_16,66.42
20:54:40,server_20,66.6
20:54:40,server_18,64.42
20:54:40,server_19,63.5
20:54:40,server_12,85.78
20:54:40,server_17,86.72
20:54:40,server_11,41.55
20:54:40,server_1,64.51
20:54:40,server_9,63.91
20:54:40,server_2,22.09
20:54:40,server_3,28.25
20:54:40,server_4,93.84
20:54:40,server_10,51.88
20:54:40,server_6,59.51
20:54:40,server_7,61.11
20:54:40,server_8,62.43
20:54:40,server_5,33.46
20:54:45,server_12,26.39
20:54:45,server_19,73.95
20:54:45,server_18,54.42
20:54:45,server_17,98.64
20:54:45,server_16,39.89
20:54:45,server_15,47.68
20:54:45,server_14,69.78
20:54:45,server_13,22.69
20:54:45,server_20,47.23
20:54:45,server_11,36.33
20:54:45,server_9,97.47
20:54:45,server_8,92.01
20:54:45,server_7,25.41
20:54:45,server_6,33.29
20:54:45,server_5,14.49
20:54:45,server_4,50.85
20:54:45,server_3,94.83
20:54:45,server_2,36.37
20:54:45,server_1,52.22
20:54:45,server_10,27.92
20:54:50,server_13,24.35
20:54:50,server_14,27.33
20:54:50,server_15,44.02
20:54:50,server_16,61.1
20:54:50,server_12,3.63
20:54:50,server_18,24.72
20:54:50,server_19,40.01
20:54:50,server_20,89.76
20:54:50,server_17,88.05
20:54:50,server_11,34.72
20:54:50,server_5,60.42
20:54:50,server_9,96.72
20:54:50,server_1,19.22
20:54:50,server_2,93.83
20:54:50,server_3,56.25
20:54:50,server_4,74.48
20:54:50,server_10,42.67
20:54:50,server_6,34.52
20:54:50,server_7,79.68
20:54:50,server_8,94.39
20:54:55,server_20,68.21
20:54:55,server_19,22.89
20:54:55,server_18,85.07
20:54:55,server_17,25.27
20:54:55,server_16,51.65
20:54:55,server_15,60.64
20:54:55,server_13,23.9
20:54:55,server_12,28.27
20:54:55,server_11,48.67
20:54:55,server_14,18.12
20:54:55,server_9,69.68
20:54:55,server_10,65.38
20:54:55,server_2,77.21
20:54:55,server_3,92.1
20:54:55,server_4,89.31
20:54:55,server_1,33.23
20:54:55,server_6,45.5
20:54:55,server_7,95.01
20:54:55,server_8,43.95
20:54:55,server_5,38.42
20:55:00,server_12,32.14
20:55:00,server_20,11.92
20:55:00,server_19,28.16
20:55:00,server_18,93.01
20:55:00,server_17,32.27
20:55:00,server_16,21.89
20:55:00,server_15,45.26
20:55:00,server_14,72.13
20:55:00,server_13,86.67
20:55:00,server_11,45.04
20:55:00,server_3,29.89
20:55:00,server_9,49.88
20:55:00,server_10,67.74
20:55:00,server_2,41.3
20:55:00,server_4,49.67
20:55:00,server_1,38.29
20:55:00,server_6,30.53
20:55:00,server_7,56.66
20:55:00,server_8,49.24
20:55:00,server_5,35.35
20:55:05,server_12,74.56
20:55:05,server_20,68.05
20:55:05,server_19,20.58
20:55:05,server_18,28.53
20:55:05,server_17,64.75
20:55:05,server_16,66.07
20:55:05,server_15,29.89
20:55:05,server_13,27.57
20:55:05,server_11,82.2
20:55:05,server_14,61.85
20:55:05,server_9,75.06
20:55:05,server_2,27.12
20:55:05,server_3,52.12
20:55:05,server_4,1.95
20:55:05,server_5,52.55
20:55:05,server_1,29.58
20:55:05,server_10,86.3
20:55:05,server_7,86.34
20:55:05,server_8,53.08
20:55:05,server_6,21.16
20:55:10,server_12,54.31
20:55:10,server_19,91.12
20:55:10,server_18,67.72
20:55:10,server_17,63.29
20:55:10,server_16,67.21
20:55:10,server_15,60.52
20:55:10,server_14,36.25
20:55:10,server_13,34.59
20:55:10,server_11,38.27
20:55:10,server_20,63.39
20:55:10,server_9,21.19
20:55:10,server_1,27.22
20:55:10,server_2,45.11
20:55:10,server_3,76.68
20:55:10,server_4,62.36
20:55:10,server_10,55.79
20:55:10,server_6,42.55
20:55:10,server_7,47.51
20:55:10,server_8,88.81
20:55:10,server_5,0.36
20:55:15,server_11,35.24
20:55:15,server_19,88.34
20:55:15,server_18,43.03
20:55:15,server_17,45.05
20:55:15,server_16,8.83
20:55:15,server_15,80.53
20:55:15,server_14,64.28
20:55:15,server_13,94.01
20:55:15,server_12,63.53
20:55:15,server_20,12.76
20:55:15,server_10,57.5
20:55:15,server_8,85.12
20:55:15,server_7,98.99
20:55:15,server_6,94.29
20:55:15,server_5,64.99
20:55:15,server_4,46.12
20:55:15,server_3,21.82
20:55:15,server_2,27.98
20:55:15,server_1,36.01
20:55:15,server_9,39.65
20:55:20,server_13,97.69
20:55:20,server_14,22.57
20:55:20,server_15,85.62
20:55:20,server_16,68.59
20:55:20,server_20,25.91
20:55:20,server_18,98.94
20:55:20,server_19,51.06
20:55:20,server_12,33.8
20:55:20,server_17,49.36
20:55:20,server_11,72.19
20:55:20,server_4,48.6
20:55:20,server_9,60.76
20:55:20,server_10,61.6
20:55:20,server_2,96.74
20:55:20,server_3,37.23
20:55:20,server_1,95.69
20:55:20,server_6,50.37
20:55:20,server_7,63.08
20:55:20,server_8,37.38
20:55:20,server_5,73.73
20:55:25,server_20,20.05
20:55:25,server_19,27.02
20:55:25,server_18,20.37
20:55:25,server_17,34.85
20:55:25,server_16,85.1
20:55:25,server_15,68.34
20:55:25,server_14,15.46
20:55:25,server_12,65.75
20:55:25,server_11,56.47
20:55:25,server_13,2.84
20:55:25,server_9,56.89
20:55:25,server_10,26.94
20:55:25,server_2,40.93
20:55:25,server_3,61.98
20:55:25,server_4,95.55
20:55:25,server_1,53.51
20:55:25,server_6,61.56
20:55:25,server_7,77.17
20:55:25,server_8,48.77
20:55:25,server_5,54.59
20:55:30,server_12,84.37
20:55:30,server_20,46.08
20:55:30,server_19,40.69
20:55:30,server_18,70.0
20:55:30,server_17,25.27
20:55:30,server_16,27.73
20:55:30,server_15,90.44
20:55:30,server_14,91.8
20:55:30,server_13,80.21
20:55:30,server_11,19.88
20:55:30,server_3,97.5
20:55:30,server_9,33.8
20:55:30,server_8,94.4
20:55:30,server_7,47.43
20:55:30,server_6,23.43
20:55:30,server_5,63.74
20:55:30,server_4,43.97
20:55:30,server_2,10.08
20:55:30,server_1,65.03
20:55:30,server_10,75.86
20:55:35,server_15,51.49
20:55:35,server_14,91.74
20:55:35,server_16,29.32
20:55:35,server_17,30.71
20:55:35,server_3,64.22
20:55:35,server_19,96.86
20:55:35,server_13,26.53
20:55:35,server_20,56.82
20:55:35,server_18,65.78
20:55:35,server_12,21.8
20:55:35,server_1,88.27
20:55:35,server_10,55.79
20:55:35,server_2,42.57
20:55:35,server_4,26.1
20:55:35,server_5,95.75
20:55:35,server_11,15.65
20:55:35,server_7,73.11
20:55:35,server_8,55.07
20:55:35,server_9,25.48
20:55:35,server_6,54.5
20:55:40,server_12,99.08
20:55:40,server_19,64.74
20:55:40,server_18,51.23
20:55:40,server_17,60.29
20:55:40,server_16,45.31
20:55:40,server_15,95.27
20:55:40,server_14,96.47
20:55:40,server_13,27.74
20:55:40,server_20,87.85
20:55:40,server_11,67.14
20:55:40,server_9,57.03
20:55:40,server_8,97.34
20:55:40,server_7,41.33
20:55:40,server_6,67.55
20:55:40,server_5,34.78
20:55:40,server_4,42.01
20:55:40,server_3,20.56
20:55:40,server_2,14.07
20:55:40,server_1,13.21
20:55:40,server_10,63.45
20:55:45,server_12,55.9
20:55:45,server_13,58.18
20:55:45,server_14,66.31
20:55:45,server_15,89.35
20:55:45,server_11,61.09
20:55:45,server_17,57.27
20:55:45,server_18,67.06
20:55:45,server_19,41.54
20:55:45,server_16,34.93
20:55:45,server_20,73.79
20:55:45,server_10,99.09
20:55:45,server_8,40.4
20:55:45,server_7,48.47
20:55:45,server_6,34.79
20:55:45,server_5,99.79
20:55:45,server_4,34.07
20:55:45,server_3,63.36
20:55:45,server_2,14.06
20:55:45,server_1,36.95
20:55:45,server_9,26.65
20:55:50,server_13,57.26
20:55:50,server_14,99.26
20:55:50,server_15,51.24
20:55:50,server_16,96.59
20:55:50,server_20,45.25
20:55:50,server_18,86.58
20:55:50,server_19,36.73
20:55:50,server_12,57.21
20:55:50,server_17,50.42
20:55:50,server_11,61.67
20:55:50,server_10,92.4
20:55:50,server_9,37.14
20:55:50,server_2,66.31
20:55:50,server_3,24.76
20:55:50,server_4,45.87
20:55:50,server_1,0.73
20:55:50,server_6,66.56
20:55:50,server_7,3.61
20:55:50,server_8,28.74
20:55:50,server_5,55.8
20:55:55,server_12,70.93
20:55:55,server_19,87.02
20:55:55,server_18,6.18
20:55:55,server_17,50.17
20:55:55,server_16,28.1
20:55:55,server_15,48.28
20:55:55,server_14,59.74
20:55:55,server_13,68.77
20:55:55,server_11,95.58
20:55:55,server_20,69.1
20:55:55,server_9,25.68
20:55:55,server_1,95.53
20:55:55,server_2,40.81
20:55:55,server_3,53.81
20:55:55,server_4,60.09
20:55:55,server_10,21.05
20:55:55,server_6,42.95
20:55:55,server_7,61.67
20:55:55,server_8,21.09
20:55:55,server_5,60.95
20:56:00,server_12,23.94
20:56:00,server_19,4.16
20:56:00,server_18,55.47
20:56:00,server_17,65.94
20:56:00,server_16,96.37
20:56:00,server_15,87.63
20:56:00,server_14,30.83
20:56:00,server_13,30.35
20:56:00,server_11,21.72
20:56:00,server_20,41.01
20:56:00,server_9,61.55
20:56:00,server_1,76.88
20:56:00,server_2,55.69
20:56:00,server_3,42.83
20:56:00,server_4,36.92
20:56:00,server_10,27.41
20:56:00,server_6,69.82
20:56:00,server_7,83.89
20:56:00,server_8,97.01
20:56:00,server_5,65.24
20:56:05,server_11,93.35
20:56:05,server_19,64.64
20:56:05,server_18,3.95
20:56:05,server_17,61.49
20:56:05,server_16,54.95
20:56:05,server_15,48.33
20:56:05,server_14,42.69
20:56:05,server_13,31.04
20:56:05,server_12,79.52
20:56:05,server_20,44.54
20:56:05,server_10,37.65
20:56:05,server_8,21.58
20:56:05,server_7,57.2
20:56:05,server_6,98.49
20:56:05,server_5,8.22
20:56:05,server_4,55.42
20:56:05,server_3,21.02
20:56:05,server_2,64.03
20:56:05,server_1,85.4
20:56:05,server_9,88.12
20:56:10,server_13,10.88
20:56:10,server_14,20.38
20:56:10,server_15,24.52
20:56:10,server_12,44.21
20:56:10,server_17,37.72
20:56:10,server_18,49.33
20:56:10,server_19,56.43
20:56:10,server_16,47.97
20:56:10,server_11,36.29
20:56:10,server_20,50.53
20:56:10,server_9,80.49
20:56:10,server_1,35.05
20:56:10,server_2,58.03
20:56:10,server_3,36.17
20:56:10,server_4,49.98
20:56:10,server_10,34.51
20:56:10,server_6,50.23
20:56:10,server_7,66.01
20:56:10,server_8,27.18
20:56:10,server_5,93.69
20:56:15,server_19,47.77
20:56:15,server_18,88.98
20:56:15,server_17,52.46
20:56:15,server_16,28.26
20:56:15,server_15,29.48
20:56:15,server_14,80.31
20:56:15,server_13,45.77
20:56:15,server_12,28.04
20:56:15,server_11,8.17
20:56:15,server_20,69.18
20:56:15,server_9,23.14
20:56:15,server_1,92.7
20:56:15,server_2,98.28
20:56:15,server_3,45.17
20:56:15,server_4,47.75
20:56:15,server_10,66.53
20:56:15,server_6,91.96
20:56:15,server_7,40.2
20:56:15,server_8,80.41
20:56:15,server_5,40.63
20:56:20,server_11,90.18
20:56:20,server_19,57.84
20:56:20,server_18,76.16
20:56:20,server_17,86.33
20:56:20,server_16,38.21
20:56:20,server_15,66.25
20:56:20,server_14,31.37
20:56:20,server_13,4.69
20:56:20,server_12,49.37
20:56:20,server_20,86.95
20:56:20,server_10,44.62
20:56:20,server_8,60.69
20:56:20,server_9,53.59
20:56:20,server_1,43.72
20:56:20,server_2,60.03
20:56:20,server_3,63.81
20:56:20,server_5,32.08
20:56:20,server_6,80.93
20:56:20,server_7,67.53
20:56:20,server_4,89.03
20:56:25,server_20,47.19
20:56:25,server_11,32.04
20:56:25,server_18,88.84
20:56:25,server_17,55.98
20:56:25,server_16,54.85
20:56:25,server_15,33.97
20:56:25,server_14,31.24
20:56:25,server_13,40.58
20:56:25,server_12,67.08
20:56:25,server_19,88.33
20:56:25,server_10,48.91
20:56:25,server_8,40.69
20:56:25,server_1,54.21
20:56:25,server_2,61.06
20:56:25,server_3,86.12
20:56:25,server_9,61.16
20:56:25,server_5,53.79
20:56:25,server_6,57.82
20:56:25,server_7,53.24
20:56:25,server_4,32.4
20:56:30,server_12,55.09
20:56:30,server_19,35.55
20:56:30,server_18,21.81
20:56:30,server_17,64.44
20:56:30,server_16,7.36
20:56:30,server_15,44.24
20:56:30,server_14,86.95
20:56:30,server_13,79.9
20:56:30,server_11,16.33
20:56:30,server_20,94.33
20:56:30,server_9,43.81
20:56:30,server_1,15.48
20:56:30,server_2,55.32
20:56:30,server_3,21.71
20:56:30,server_4,37.0
20:56:30,server_10,89.87
20:56:30,server_6,52.51
20:56:30,server_7,20.51
20:56:30,server_8,9.85
20:56:30,server_5,43.71
20:56:35,server_11,58.85
20:56:35,server_19,93.85
20:56:35,server_18,48.84
20:56:35,server_17,33.33
20:56:35,server_16,55.18
20:56:35,server_15,20.56
20:56:35,server_14,63.13
20:56:35,server_13,64.55
20:56:35,server_12,50.99
20:56:35,server_20,23.36
20:56:35,server_10,40.74
20:56:35,server_8,22.86
20:56:35,server_7,27.67
20:56:35,server_6,63.14
20:56:35,server_5,57.34
20:56:35,server_4,22.94
20:56:35,server_3,55.63
20:56:35,server_2,33.95
20:56:35,server_1,81.27
20:56:35,server_9,53.83
20:56:40,server_13,31.31
20:56:40,server_14,61.69
20:56:40,server_16,60.53
20:56:40,server_12,49.89
20:56:40,server_18,11.17
20:56:40,server_19,53.12
20:56:40,server_20,63.55
20:56:40,server_17,21.34
20:56:40,server_11,45.25
20:56:40,server_15,47.45
20:56:40,server_9,66.32
20:56:40,server_2,86.49
20:56:40,server_3,36.35
20:56:40,server_4,38.29
20:56:40,server_5,78.17
20:56:40,server_1,34.51
20:56:40,server_6,94.59
20:56:40,server_7,27.13
20:56:40,server_8,59.18
20:56:40,server_10,91.37
20:56:45,server_12,60.88
20:56:45,server_20,67.19
20:56:45,server_19,67.99
20:56:45,server_18,20.77
20:56:45,server_17,22.16
20:56:45,server_16,32.89
20:56:45,server_15,33.37
20:56:45,server_14,69.22
20:56:45,server_13,92.94
20:56:45,server_11,29.01
20:56:45,server_10,58.1
20:56:45,server_9,62.14
20:56:45,server_2,99.74
20:56:45,server_3,67.71
20:56:45,server_4,15.79
20:56:45,server_1,63.96
20:56:45,server_6,85.29
20:56:45,server_7,28.24
20:56:45,server_8,58.16
20:56:45,server_5,51.64
20:56:50,server_12,48.69
20:56:50,server_19,74.34
20:56:50,server_18,31.05
20:56:50,server_17,55.97
20:56:50,server_16,51.09
20:56:50,server_15,62.82
20:56:50,server_14,42.34
20:56:50,server_13,32.81
20:56:50,server_11,39.33
20:56:50,server_20,94.24
20:56:50,server_9,29.54
20:56:50,server_1,13.47
20:56:50,server_2,85.78
20:56:50,server_3,76.1
20:56:50,server_4,8.77
20:56:50,server_10,54.54
20:56:50,server_6,48.25
20:56:50,server_7,20.64
20:56:50,server_8,29.12
20:56:50,server_5,88.61
20:56:55,server_12,53.89
20:56:55,server_19,43.79
20:56:55,server_18,43.74
20:56:55,server_17,83.41
20:56:55,server_16,86.25
20:56:55,server_15,78.58
20:56:55,server_14,41.45
20:56:55,server_13,63.1
20:56:55,server_11,41.21
20:56:55,server_20,44.53
20:56:55,server_9,56.12
20:56:55,server_1,50.29
20:56:55,server_2,36.55
20:56:55,server_3,62.95
20:56:55,server_4,69.42
20:56:55,server_10,24.55
20:56:55,server_6,26.52
20:56:55,server_7,63.94
20:56:55,server_8,97.12
20:56:55,server_5,15.59
20:57:00,server_11,68.33
20:57:00,server_19,65.38
20:57:00,server_18,40.95
20:57:00,server_17,31.92
20:57:00,server_16,63.3
20:57:00,server_15,20.95
20:57:00,server_14,42.67
20:57:00,server_13,29.32
20:57:00,server_12,55.96
20:57:00,server_20,22.23
20:57:00,server_10,41.85
20:57:00,server_8,89.41
20:57:00,server_7,68.15
20:57:00,server_6,63.49
20:57:00,server_5,57.55
20:57:00,server_4,67.87
20:57:00,server_3,43.24
20:57:00,server_2,74.54
20:57:00,server_1,23.59
20:57:00,server_9,54.17
20:57:05,server_13,33.49
20:57:05,server_14,64.21
20:57:05,server_15,28.85
20:57:05,server_12,95.14
20:57:05,server_17,85.08
20:57:05,server_18,24.13
20:57:05,server_19,96.69
20:57:05,server_16,54.37
20:57:05,server_11,27.69
20:57:05,server_20,54.61
20:57:05,server_9,29.84
20:57:05,server_1,0.27
20:57:05,server_2,24.47
20:57:05,server_3,35.6
20:57:05,server_4,51.46
20:57:05,server_10,43.51
20:57:05,server_6,24.92
20:57:05,server_7,31.26
20:57:05,server_8,62.13
20:57:05,server_5,44.34
20:57:10,server_19,31.98
20:57:10,server_18,60.75
20:57:10,server_17,22.98
20:57:10,server_16,47.09
20:57:10,server_15,84.37
20:57:10,server_14,57.93
20:57:10,server_13,35.67
20:57:10,server_12,64.23
20:57:10,server_11,16.14
20:57:10,server_20,99.84
20:57:10,server_9,98.38
20:57:10,server_1,21.13
20:57:10,server_2,60.46
20:57:10,server_3,49.05
20:57:10,server_4,35.03
20:57:10,server_10,66.79
20:57:10,server_6,47.14
20:57:10,server_7,62.21
20:57:10,server_8,60.69
20:57:10,server_5,39.67
20:57:15,server_11,45.22
20:57:15,server_19,11.89
20:57:15,server_18,90.14
20:57:15,server_17,87.63
20:57:15,server_16,5.89
20:57:15,server_15,92.46
20:57:15,server_14,50.26
20:57:15,server_13,32.08
20:57:15,server_12,25.26
20:57:15,server_20,24.23
20:57:15,server_10,35.56
20:57:15,server_8,50.57
20:57:15,server_9,23.04
20:57:15,server_1,32.91
20:57:15,server_2,76.87
20:57:15,server_3,27.71
20:57:15,server_5,92.91
20:57:15,server_6,63.92
20:57:15,server_7,36.11
20:57:15,server_4,69.5
20:57:20,server_20,25.48
20:57:20,server_11,38.83
20:57:20,server_18,20.59
20:57:20,server_17,21.61
20:57:20,server_16,50.26
20:57:20,server_15,66.09
20:57:20,server_14,38.34
20:57:20,server_13,33.98
20:57:20,server_12,35.97
20:57:20,server_19,25.42
20:57:20,server_10,38.51
20:57:20,server_8,96.91
20:57:20,server_1,47.4
20:57:20,server_2,62.1
20:57:20,server_3,44.53
20:57:20,server_9,92.92
20:57:20,server_5,27.5
20:57:20,server_6,85.14
20:57:20,server_7,57.1
20:57:20,server_4,97.77
20:57:25,server_13,31.69
20:57:25,server_20,25.29
20:57:25,server_19,54.58
20:57:25,server_18,16.31
20:57:25,server_17,68.49
20:57:25,server_16,27.05
20:57:25,server_15,92.89
20:57:25,server_14,1.88
20:57:25,server_12,67.26
20:57:25,server_11,59.97
20:57:25,server_1,93.35
20:57:25,server_9,81.01
20:57:25,server_8,30.9
20:57:25,server_7,67.63
20:57:25,server_6,61.44
20:57:25,server_5,88.0
20:57:25,server_4,65.07
20:57:25,server_3,88.27
20:57:25,server_2,67.18
20:57:25,server_10,9.15
20:57:30,server_13,69.05
20:57:30,server_14,98.58
20:57:30,server_15,0.44
20:57:30,server_16,28.59
20:57:30,server_12,39.59
20:57:30,server_18,13.57
20:57:30,server_19,68.72
20:57:30,server_20,40.27
20:57:30,server_17,64.08
20:57:30,server_11,22.98
20:57:30,server_1,28.4
20:57:30,server_9,62.63
20:57:30,server_8,31.43
20:57:30,server_7,28.39
20:57:30,server_6,91.09
20:57:30,server_5,33.24
20:57:30,server_4,29.46
20:57:30,server_3,59.1
20:57:30,server_2,37.36
20:57:30,server_10,99.15
20:57:35,server_13,92.88
20:57:35,server_14,29.18
20:57:35,server_15,47.35
20:57:35,server_16,25.07
20:57:35,server_20,71.14
20:57:35,server_18,67.6
20:57:35,server_19,27.43
20:57:35,server_12,31.66
20:57:35,server_17,41.08
20:57:35,server_11,56.31
20:57:35,server_10,58.91
20:57:35,server_9,48.21
20:57:35,server_8,66.5
20:57:35,server_7,52.19
20:57:35,server_6,4.88
20:57:35,server_5,5.67
20:57:35,server_4,39.44
20:57:35,server_3,46.73
20:57:35,server_2,36.99
20:57:35,server_1,99.38
20:57:40,server_13,86.36
20:57:40,server_14,90.51
20:57:40,server_15,69.49
20:57:40,server_16,99.74
20:57:40,server_20,68.66
20:57:40,server_18,60.83
20:57:40,server_19,16.63
20:57:40,server_12,90.81
20:57:40,server_17,79.87
20:57:40,server_11,46.96
20:57:40,server_10,21.25
20:57:40,server_9,97.53
20:57:40,server_2,10.36
20:57:40,server_3,50.45
20:57:40,server_4,82.04
20:57:40,server_1,58.51
20:57:40,server_6,45.11
20:57:40,server_7,42.71
20:57:40,server_8,42.02
20:57:40,server_5,49.46
20:57:45,server_12,68.23
20:57:45,server_19,22.26
20:57:45,server_18,32.32
20:57:45,server_17,0.54
20:57:45,server_16,54.88
20:57:45,server_15,23.57
20:57:45,server_14,44.1
20:57:45,server_13,56.6
20:57:45,server_11,68.73
20:57:45,server_20,52.71
20:57:45,server_9,65.16
20:57:45,server_1,38.31
20:57:45,server_2,65.4
20:57:45,server_3,6.62
20:57:45,server_4,27.59
20:57:45,server_10,69.64
20:57:45,server_6,61.37
20:57:45,server_7,22.79
20:57:45,server_8,3.26
20:57:45,server_5,68.75
20:57:50,server_12,45.92
20:57:50,server_19,39.6
20:57:50,server_18,35.19
20:57:50,server_17,52.58
20:57:50,server_16,37.11
20:57:50,server_15,70.4
20:57:50,server_14,49.81
20:57:50,server_13,4.51
20:57:50,server_11,3.53
20:57:50,server_20,57.52
20:57:50,server_9,85.95
20:57:50,server_1,51.12
20:57:50,server_2,44.52
20:57:50,server_3,69.63
20:57:50,server_4,32.77
20:57:50,server_10,42.98
20:57:50,server_6,41.44
20:57:50,server_7,56.68
20:57:50,server_8,73.66
20:57:50,server_5,90.47
20:57:55,server_11,96.32
20:57:55,server_19,61.05
20:57:55,server_18,27.91
20:57:55,server_17,99.37
20:57:55,server_16,51.62
20:57:55,server_15,34.51
20:57:55,server_14,69.97
20:57:55,server_13,1.34
20:57:55,server_12,69.11
20:57:55,server_20,76.92
20:57:55,server_10,55.85
20:57:55,server_8,52.89
20:57:55,server_7,67.15
20:57:55,server_6,31.58
20:57:55,server_5,12.85
20:57:55,server_4,65.67
20:57:55,server_3,43.15
20:57:55,server_2,25.81
20:57:55,server_1,73.62
20:57:55,server_9,49.89
20:58:00,server_13,29.78
20:58:00,server_14,93.95
20:58:00,server_15,28.89
20:58:00,server_12,44.81
20:58:00,server_17,50.23
20:58:00,server_18,54.36
20:58:00,server_19,47.29
20:58:00,server_16,49.96
20:58:00,server_11,80.41
20:58:00,server_20,67.18
20:58:00,server_9,42.38
20:58:00,server_1,87.93
20:58:00,server_2,85.09
20:58:00,server_3,31.93
20:58:00,server_4,37.76
20:58:00,server_10,43.44
20:58:00,server_6,67.45
20:58:00,server_7,62.21
20:58:00,server_8,59.92
20:58:00,server_5,55.33
20:58:05,server_19,29.17
20:58:05,server_18,27.96
20:58:05,server_17,32.75
20:58:05,server_16,32.47
20:58:05,server_15,65.5
20:58:05,server_14,96.27
20:58:05,server_13,69.03
20:58:05,server_12,26.9
20:58:05,server_11,50.53
20:58:05,server_20,31.74
20:58:05,server_9,69.06
20:58:05,server_1,69.73
20:58:05,server_2,26.54
20:58:05,server_3,72.29
20:58:05,server_4,61.5
20:58:05,server_10,26.56
20:58:05,server_6,83.35
20:58:05,server_7,93.93
20:58:05,server_8,30.42
20:58:05,server_5,98.98
20:58:10,server_11,76.71
20:58:10,server_19,66.49
20:58:10,server_18,38.0
20:58:10,server_17,65.28
20:58:10,server_16,92.48
20:58:10,server_15,80.61
20:58:10,server_14,30.27
20:58:10,server_13,50.02
20:58:10,server_12,26.13
20:58:10,server_20,42.29
20:58:10,server_10,72.16
20:58:10,server_8,65.12
20:58:10,server_9,66.13
20:58:10,server_1,65.75
20:58:10,server_2,55.36
20:58:10,server_3,17.65
20:58:10,server_5,90.25
20:58:10,server_6,33.38
20:58:10,server_7,68.78
20:58:10,server_4,51.31
20:58:15,server_20,88.88
20:58:15,server_11,28.38
20:58:15,server_18,59.82
20:58:15,server_17,35.54
20:58:15,server_16,50.62
20:58:15,server_15,64.49
20:58:15,server_14,91.75
20:58:15,server_13,87.61
20:58:15,server_12,65.33
20:58:15,server_19,60.2
20:58:15,server_10,69.06
20:58:15,server_8,41.62
20:58:15,server_1,50.23
20:58:15,server_2,23.9
20:58:15,server_3,97.08
20:58:15,server_9,62.99
20:58:15,server_5,62.36
20:58:15,server_6,65.3
20:58:15,server_7,55.14
20:58:15,server_4,28.26
20:58:20,server_12,45.94
20:58:20,server_19,56.09
20:58:20,server_18,26.96
20:58:20,server_17,27.48
20:58:20,server_16,47.56
20:58:20,server_15,32.69
20:58:20,server_14,93.42
20:58:20,server_13,45.67
20:58:20,server_11,24.07
20:58:20,server_20,44.68
20:58:20,server_9,22.01
20:58:20,server_1,40.78
20:58:20,server_2,55.34
20:58:20,server_3,29.35
20:58:20,server_4,52.53
20:58:20,server_10,47.18
20:58:20,server_6,1.37
20:58:20,server_7,25.28
20:58:20,server_8,36.27
20:58:20,server_5,82.91
20:58:25,server_11,80.82
20:58:25,server_19,21.61
20:58:25,server_18,69.59
20:58:25,server_17,5.71
20:58:25,server_16,93.92
20:58:25,server_15,51.96
20:58:25,server_14,42.17
20:58:25,server_13,35.99
20:58:25,server_12,94.39
20:58:25,server_20,25.95
20:58:25,server_10,31.2
20:58:25,server_8,88.47
20:58:25,server_7,31.83
20:58:25,server_6,97.81
20:58:25,server_5,83.58
20:58:25,server_4,47.85
20:58:25,server_3,69.08
20:58:25,server_2,50.02
20:58:25,server_1,45.01
20:58:25,server_9,37.02
20:58:30,server_13,59.74
20:58:30,server_14,82.36
20:58:30,server_15,7.37
20:58:30,server_12,88.24
20:58:30,server_17,81.79
20:58:30,server_18,57.39
20:58:30,server_19,69.43
20:58:30,server_16,91.5
20:58:30,server_11,25.44
20:58:30,server_20,96.52
20:58:30,server_9,54.46
20:58:30,server_1,61.75
20:58:30,server_2,59.29
20:58:30,server_3,89.22
20:58:30,server_4,20.52
20:58:30,server_10,24.76
20:58:30,server_6,91.6
20:58:30,server_7,32.57
20:58:30,server_8,6.87
20:58:30,server_5,54.03
20:58:35,server_12,44.09
20:58:35,server_20,20.82
20:58:35,server_19,29.53
20:58:35,server_18,28.4
20:58:35,server_17,72.66
20:58:35,server_16,23.72
20:58:35,server_15,85.19
20:58:35,server_14,26.53
20:58:35,server_13,54.61
20:58:35,server_11,85.79
20:58:35,server_10,99.52
20:58:35,server_9,24.95
20:58:35,server_2,63.37
20:58:35,server_3,83.83
20:58:35,server_4,38.96
20:58:35,server_1,83.9
20:58:35,server_6,50.79
20:58:35,server_7,6.1
20:58:35,server_8,58.5
20:58:35,server_5,63.98
20:58:40,server_12,32.11
20:58:40,server_19,75.83
20:58:40,server_18,80.02
20:58:40,server_17,44.3
20:58:40,server_16,29.51
20:58:40,server_15,92.24
20:58:40,server_14,40.16
20:58:40,server_13,15.71
20:58:40,server_11,90.03
20:58:40,server_20,24.24
20:58:40,server_9,61.07
20:58:40,server_1,66.68
20:58:40,server_2,51.99
20:58:40,server_3,25.2
20:58:40,server_4,86.27
20:58:40,server_10,96.44
20:58:40,server_6,24.31
20:58:40,server_7,47.62
20:58:40,server_8,84.24
20:58:40,server_5,48.87
20:58:45,server_12,68.38
20:58:45,server_19,68.13
20:58:45,server_18,42.42
20:58:45,server_17,24.53
20:58:45,server_16,26.08
20:58:45,server_15,86.05
20:58:45,server_14,25.76
20:58:45,server_13,64.87
20:58:45,server_11,87.88
20:58:45,server_20,96.46
20:58:45,server_9,61.87
20:58:45,server_1,26.94
20:58:45,server_2,55.48
20:58:45,server_3,56.82
20:58:45,server_4,53.12
20:58:45,server_10,82.23
20:58:45,server_6,44.01
20:58:45,server_7,38.31
20:58:45,server_8,25.13
20:58:45,server_5,33.88
20:58:50,server_11,13.11
20:58:50,server_19,58.65
20:58:50,server_18,70.1
20:58:50,server_17,41.13
20:58:50,server_16,60.47
20:58:50,server_15,58.09
20:58:50,server_14,23.83
20:58:50,server_13,99.78
20:58:50,server_12,99.28
20:58:50,server_20,32.78
20:58:50,server_10,33.09
20:58:50,server_8,49.65
20:58:50,server_7,57.62
20:58:50,server_6,20.03
20:58:50,server_5,68.14
20:58:50,server_4,94.45
20:58:50,server_3,28.06
20:58:50,server_2,92.99
20:58:50,server_1,36.22
20:58:50,server_9,89.65
20:58:55,server_13,88.53
20:58:55,server_14,41.54
20:58:55,server_15,90.84
20:58:55,server_12,64.27
20:58:55,server_17,46.33
20:58:55,server_18,68.01
20:58:55,server_19,75.37
20:58:55,server_16,88.7
20:58:55,server_11,2.74
20:58:55,server_20,58.43
20:58:55,server_9,62.03
20:58:55,server_1,21.59
20:58:55,server_2,58.14
20:58:55,server_3,66.61
20:58:55,server_4,51.89
20:58:55,server_10,97.4
20:58:55,server_6,40.13
20:58:55,server_7,64.25
20:58:55,server_8,59.07
20:58:55,server_5,38.12
20:59:00,server_19,71.98
20:59:00,server_18,94.46
20:59:00,server_17,27.34
20:59:00,server_16,53.29
20:59:00,server_15,96.65
20:59:00,server_14,51.02
20:59:00,server_13,26.89
20:59:00,server_12,64.11
20:59:00,server_11,28.9
20:59:00,server_20,94.69
20:59:00,server_9,62.91
20:59:00,server_1,92.07
20:59:00,server_2,38.83
20:59:00,server_3,39.13
20:59:00,server_4,35.87
20:59:00,server_10,57.73
20:59:00,server_6,54.05
20:59:00,server_7,48.09
20:59:00,server_8,57.15
20:59:00,server_5,50.7
20:59:05,server_11,68.96
20:59:05,server_19,96.29
20:59:05,server_18,37.54
20:59:05,server_17,37.58
20:59:05,server_16,57.5
20:59:05,server_15,49.43
20:59:05,server_14,40.31
20:59:05,server_13,52.6
20:59:05,server_12,20.33
20:59:05,server_20,45.9
20:59:05,server_10,51.73
20:59:05,server_8,96.19
20:59:05,server_9,79.39
20:59:05,server_1,86.41
20:59:05,server_2,1.86
20:59:05,server_3,96.03
20:59:05,server_5,93.93
20:59:05,server_6,80.3
20:59:05,server_7,7.2
20:59:05,server_4,25.04
20:59:10,server_20,34.83
20:59:10,server_11,89.43
20:59:10,server_18,86.46
20:59:10,server_17,23.57
20:59:10,server_16,72.75
20:59:10,server_15,95.0
20:59:10,server_14,3.32
20:59:10,server_13,16.91
20:59:10,server_12,61.86
20:59:10,server_19,26.02
20:59:10,server_10,25.02
20:59:10,server_8,29.17
20:59:10,server_1,27.52
20:59:10,server_2,56.16
20:59:10,server_3,68.67
20:59:10,server_9,34.22
20:59:10,server_5,59.08
20:59:10,server_6,43.31
20:59:10,server_7,88.43
20:59:10,server_4,59.17
20:59:15,server_12,31.33
20:59:15,server_19,71.35
20:59:15,server_18,82.82
20:59:15,server_17,44.17
20:59:15,server_16,46.85
20:59:15,server_15,95.8
20:59:15,server_14,56.69
20:59:15,server_13,98.31
20:59:15,server_11,76.51
20:59:15,server_20,32.49
20:59:15,server_9,75.19
20:59:15,server_1,87.2
20:59:15,server_2,35.05
20:59:15,server_3,57.17
20:59:15,server_4,23.98
20:59:15,server_10,89.64
20:59:15,server_6,86.02
20:59:15,server_7,91.99
20:59:15,server_8,39.99
20:59:15,server_5,64.37
20:59:20,server_11,24.57
20:59:20,server_19,37.91
20:59:20,server_18,25.68
20:59:20,server_17,45.04
20:59:20,server_16,20.0
20:59:20,server_15,27.06
20:59:20,server_14,56.08
20:59:20,server_13,47.09
20:59:20,server_12,99.93
20:59:20,server_20,68.29
20:59:20,server_10,40.0
20:59:20,server_8,17.02
20:59:20,server_7,43.76
20:59:20,server_6,29.74
20:59:20,server_5,21.24
20:59:20,server_4,87.0
20:59:20,server_3,33.64
20:59:20,server_2,68.98
20:59:20,server_1,42.57
20:59:20,server_9,94.48
20:59:25,server_13,90.82
20:59:25,server_14,22.59
20:59:25,server_15,78.38
20:59:25,server_12,53.08
20:59:25,server_17,85.94
20:59:25,server_18,58.02
20:59:25,server_19,88.56
20:59:25,server_16,67.22
20:59:25,server_11,68.36
20:59:25,server_20,61.44
20:59:25,server_9,60.15
20:59:25,server_1,69.39
20:59:25,server_2,23.89
20:59:25,server_3,57.84
20:59:25,server_4,96.29
20:59:25,server_10,80.89
20:59:25,server_6,63.45
20:59:25,server_7,22.29
20:59:25,server_8,45.32
20:59:25,server_5,35.67
20:59:30,server_20,11.68
20:59:30,server_19,84.85
20:59:30,server_18,64.93
20:59:30,server_17,36.95
20:59:30,server_16,91.26
20:59:30,server_15,45.15
20:59:30,server_14,24.57
20:59:30,server_12,91.25
20:59:30,server_11,96.25
20:59:30,server_13,65.87
20:59:30,server_9,90.62
20:59:30,server_10,7.52
20:59:30,server_2,69.96
20:59:30,server_3,43.45
20:59:30,server_4,62.37
20:59:30,server_1,33.51
20:59:30,server_6,50.45
20:59:30,server_7,47.18
20:59:30,server_8,44.33
20:59:30,server_5,68.23
20:59:35,server_12,44.23
20:59:35,server_20,80.14
20:59:35,server_19,42.97
20:59:35,server_18,41.38
20:59:35,server_17,42.34
20:59:35,server_16,32.84
20:59:35,server_15,20.34
20:59:35,server_14,49.59
20:59:35,server_13,33.33
20:59:35,server_11,55.3
20:59:35,server_3,38.83
20:59:35,server_9,94.01
20:59:35,server_10,28.16
20:59:35,server_2,23.51
20:59:35,server_4,14.14
20:59:35,server_1,87.73
20:59:35,server_6,23.82
20:59:35,server_7,56.65
20:59:35,server_8,40.11
20:59:35,server_5,48.06
20:59:40,server_12,3.15
20:59:40,server_19,84.44
20:59:40,server_18,1.78
20:59:40,server_17,67.3
20:59:40,server_16,68.36
20:59:40,server_15,43.21
20:59:40,server_14,99.83
20:59:40,server_20,60.87
20:59:40,server_11,72.16
20:59:40,server_13,90.36
20:59:40,server_9,5.53
20:59:40,server_1,83.28
20:59:40,server_2,30.15
20:59:40,server_3,45.85
20:59:40,server_4,94.91
20:59:40,server_10,27.81
20:59:40,server_6,85.67
20:59:40,server_7,3.77
20:59:40,server_8,88.61
20:59:40,server_5,37.64
20:59:45,server_19,88.46
20:59:45,server_18,63.66
20:59:45,server_17,56.5
20:59:45,server_16,53.5
20:59:45,server_15,61.11
20:59:45,server_14,92.2
20:59:45,server_13,30.18
20:59:45,server_12,27.9
20:59:45,server_11,40.88
20:59:45,server_20,60.83
20:59:45,server_9,54.81
20:59:45,server_1,58.45
20:59:45,server_2,20.12
20:59:45,server_3,64.19
20:59:45,server_4,41.89
20:59:45,server_10,3.85
20:59:45,server_6,9.82
20:59:45,server_7,50.08
20:59:45,server_8,62.08
20:59:45,server_5,26.93
20:59:50,server_11,42.56
20:59:50,server_19,90.75
20:59:50,server_18,82.5
20:59:50,server_17,33.84
20:59:50,server_16,90.56
20:59:50,server_15,57.49
20:59:50,server_14,56.22
20:59:50,server_13,12.96
20:59:50,server_12,74.95
20:59:50,server_20,20.96
20:59:50,server_10,47.91
20:59:50,server_8,98.16
20:59:50,server_9,52.44
20:59:50,server_1,51.26
20:59:50,server_2,29.23
20:59:50,server_3,53.02
20:59:50,server_5,85.21
20:59:50,server_6,19.99
20:59:50,server_7,56.02
20:59:50,server_4,47.25
20:59:55,server_20,60.12
20:59:55,server_11,69.12
20:59:55,server_18,21.9
20:59:55,server_17,57.45
20:59:55,server_16,2.69
20:59:55,server_15,20.42
20:59:55,server_14,66.65
20:59:55,server_13,60.17
20:59:55,server_12,25.71
20:59:55,server_19,38.27
20:59:55,server_10,32.26
20:59:55,server_8,57.07
20:59:55,server_1,20.42
20:59:55,server_2,45.99
20:59:55,server_3,55.65
20:59:55,server_9,49.13
20:59:55,server_5,42.19
20:59:55,server_6,95.47
20:59:55,server_7,42.85
20:59:55,server_4,27.29
21:00:00,server_20,29.51
21:00:00,server_19,57.14
21:00:00,server_18,68.58
21:00:00,server_17,88.78
21:00:00,server_16,29.09
21:00:00,server_15,67.66
21:00:00,server_14,39.65
21:00:00,server_12,50.36
21:00:00,server_11,65.11
21:00:00,server_13,43.24
21:00:00,server_9,37.51
21:00:00,server_10,53.4
21:00:00,server_2,37.01
21:00:00,server_3,33.76
21:00:00,server_4,83.48
21:00:00,server_1,8.66
21:00:00,server_6,59.02
21:00:00,server_7,45.95
21:00:00,server_8,68.46
21:00:00,server_5,91.38
21:00:05,server_12,69.18
21:00:05,server_19,58.41
21:00:05,server_18,35.03
21:00:05,server_20,66.73
21:00:05,server_17,92.88
21:00:05,server_16,28.97
21:00:05,server_15,58.6
21:00:05,server_14,54.7
21:00:05,server_13,46.88
21:00:05,server_11,98.85
21:00:05,server_3,55.7
21:00:05,server_9,51.98
21:00:05,server_10,85.04
21:00:05,server_2,26.2
21:00:05,server_4,17.48
21:00:05,server_1,69.56
21:00:05,server_6,93.44
21:00:05,server_7,89.27
21:00:05,server_8,65.41
21:00:05,server_5,85.27
21:00:10,server_11,52.22
21:00:10,server_20,56.49
21:00:10,server_18,2.15
21:00:10,server_17,94.63
21:00:10,server_16,51.3
21:00:10,server_15,75.74
21:00:10,server_14,27.05
21:00:10,server_13,31.3
21:00:10,server_12,58.35
21:00:10,server_19,20.54
21:00:10,server_10,98.5
21:00:10,server_8,59.99
21:00:10,server_1,37.72
21:00:10,server_2,59.95
21:00:10,server_3,24.58
21:00:10,server_9,63.24
21:00:10,server_5,66.81
21:00:10,server_6,5.39
21:00:10,server_7,44.44
21:00:10,server_4,10.34
21:00:15,server_12,45.4
21:00:15,server_19,55.35
21:00:15,server_18,91.91
21:00:15,server_17,85.56
21:00:15,server_16,66.09
21:00:15,server_15,56.48
21:00:15,server_14,60.07
21:00:15,server_13,95.34
21:00:15,server_11,27.99
21:00:15,server_20,67.77
21:00:15,server_9,89.59
21:00:15,server_1,89.45
21:00:15,server_2,45.62
21:00:15,server_3,63.96
21:00:15,server_4,51.63
21:00:15,server_10,67.56
21:00:15,server_6,26.46
21:00:15,server_7,93.16
21:00:15,server_8,29.86
21:00:15,server_5,31.71
21:00:20,server_11,47.26
21:00:20,server_19,40.48
21:00:20,server_18,49.18
21:00:20,server_17,59.17
21:00:20,server_16,67.0
21:00:20,server_15,6.31
21:00:20,server_14,25.76
21:00:20,server_13,60.98
21:00:20,server_12,52.73
21:00:20,server_20,94.65
21:00:20,server_10,69.29
21:00:20,server_8,35.28
21:00:20,server_7,58.76
21:00:20,server_6,68.27
21:00:20,server_5,30.69
21:00:20,server_4,40.46
21:00:20,server_3,63.43
21:00:20,server_2,23.76
21:00:20,server_1,13.36
21:00:20,server_9,35.32
21:00:25,server_13,30.28
21:00:25,server_14,33.97
21:00:25,server_16,23.0
21:00:25,server_12,91.62
21:00:25,server_18,86.08
21:00:25,server_19,99.21
21:00:25,server_20,85.5
21:00:25,server_17,54.2
21:00:25,server_11,65.62
21:00:25,server_15,84.92
21:00:25,server_9,27.54
21:00:25,server_1,26.36
21:00:25,server_2,41.11
21:00:25,server_3,37.47
21:00:25,server_4,91.94
21:00:25,server_10,99.58
21:00:25,server_6,41.43
21:00:25,server_7,23.75
21:00:25,server_8,54.16
21:00:25,server_5,20.08
21:00:30,server_20,88.72
21:00:30,server_19,62.8
21:00:30,server_18,58.18
21:00:30,server_17,27.34
21:00:30,server_16,55.93
21:00:30,server_15,39.27
21:00:30,server_14,92.42
21:00:30,server_12,95.69
21:00:30,server_11,13.17
21:00:30,server_13,37.99
21:00:30,server_9,66.64
21:00:30,server_8,94.66
21:00:30,server_7,59.62
21:00:30,server_6,53.64
21:00:30,server_5,84.72
21:00:30,server_4,51.86
21:00:30,server_3,25.03
21:00:30,server_2,50.51
21:00:30,server_10,87.66
21:00:30,server_1,87.55
21:00:35,server_13,66.34
21:00:35,server_14,62.51
21:00:35,server_15,22.68
21:00:35,server_16,54.77
21:00:35,server_20,59.55
21:00:35,server_18,41.26
21:00:35,server_19,58.65
21:00:35,server_12,20.52
21:00:35,server_17,27.39
21:00:35,server_11,24.71
21:00:35,server_3,30.05
21:00:35,server_9,2.47
21:00:35,server_8,71.54
21:00:35,server_7,21.24
21:00:35,server_6,42.33
21:00:35,server_5,47.2
21:00:35,server_4,26.18
21:00:35,server_2,35.19
21:00:35,server_1,47.45
21:00:35,server_10,72.54
21:00:40,server_15,64.95
21:00:40,server_14,40.98
21:00:40,server_16,48.24
21:00:40,server_13,73.0
21:00:40,server_18,25.45
21:00:40,server_19,44.05
21:00:40,server_20,68.09
21:00:40,server_12,93.02
21:00:40,server_17,61.57
21:00:40,server_11,52.11
21:00:40,server_10,97.57
21:00:40,server_9,61.26
21:00:40,server_2,62.89
21:00:40,server_3,66.85
21:00:40,server_4,67.42
21:00:40,server_1,67.32
21:00:40,server_6,93.69
21:00:40,server_7,8.02
21:00:40,server_8,61.14
21:00:40,server_5,91.37
21:00:45,server_12,32.52
21:00:45,server_20,62.09
21:00:45,server_19,96.43
21:00:45,server_18,92.73
21:00:45,server_16,88.0
21:00:45,server_15,23.81
21:00:45,server_14,29.2
21:00:45,server_13,70.99
21:00:45,server_11,84.52
21:00:45,server_17,93.61
21:00:45,server_9,84.69
21:00:45,server_10,26.24
21:00:45,server_2,69.41
21:00:45,server_3,62.49
21:00:45,server_4,61.02
21:00:45,server_1,25.38
21:00:45,server_6,97.92
21:00:45,server_7,41.96
21:00:45,server_8,63.52
21:00:45,server_5,41.56
21:00:50,server_20,80.49
21:00:50,server_12,59.16
21:00:50,server_19,26.34
21:00:50,server_18,34.82
21:00:50,server_17,50.55
21:00:50,server_16,46.32
21:00:50,server_15,21.87
21:00:50,server_14,96.58
21:00:50,server_13,55.51
21:00:50,server_11,39.87
21:00:50,server_7,55.17
21:00:50,server_9,76.43
21:00:50,server_8,70.25
21:00:50,server_6,68.27
21:00:50,server_5,27.25
21:00:50,server_4,48.41
21:00:50,server_3,40.96
21:00:50,server_2,91.49
21:00:50,server_1,81.99
21:00:50,server_10,40.61
21:00:55,server_15,60.2
21:00:55,server_14,19.65
21:00:55,server_16,69.9
21:00:55,server_13,5.61
21:00:55,server_18,16.67
21:00:55,server_19,65.37
21:00:55,server_20,36.43
21:00:55,server_12,55.51
21:00:55,server_17,48.11
21:00:55,server_11,70.19
21:00:55,server_3,33.9
21:00:55,server_9,28.45
21:00:55,server_8,27.57
21:00:55,server_7,26.38
21:00:55,server_6,18.04
21:00:55,server_5,21.31
21:00:55,server_4,58.92
21:00:55,server_10,83.61
21:00:55,server_2,79.99
21:00:55,server_1,84.25
21:01:00,server_13,43.3
21:01:00,server_14,41.79
21:01:00,server_15,75.57
21:01:00,server_16,94.16
21:01:00,server_20,88.23
21:01:00,server_18,99.73
21:01:00,server_19,65.03
21:01:00,server_12,33.43
21:01:00,server_17,50.06
21:01:00,server_11,53.72
21:01:00,server_10,58.28
21:01:00,server_9,63.47
21:01:00,server_2,99.45
21:01:00,server_3,66.24
21:01:00,server_4,69.3
21:01:00,server_1,32.4
21:01:00,server_6,63.75
21:01:00,server_7,84.76
21:01:00,server_8,52.85
21:01:00,server_5,97.11
21:01:05,server_12,49.54
21:01:05,server_19,33.28
21:01:05,server_18,23.31
21:01:05,server_17,53.76
21:01:05,server_16,50.88
21:01:05,server_15,35.68
21:01:05,server_14,39.93
21:01:05,server_13,30.22
21:01:05,server_11,90.45
21:01:05,server_20,64.8
21:01:05,server_9,46.94
21:01:05,server_1,49.63
21:01:05,server_2,31.28
21:01:05,server_3,53.87
21:01:05,server_4,53.99
21:01:05,server_10,63.26
21:01:05,server_6,34.57
21:01:05,server_7,69.11
21:01:05,server_8,35.21
21:01:05,server_5,69.17
21:01:10,server_12,51.77
21:01:10,server_19,55.16
21:01:10,server_18,32.8
21:01:10,server_17,20.37
21:01:10,server_16,49.35
21:01:10,server_15,49.15
21:01:10,server_14,27.99
21:01:10,server_13,54.15
21:01:10,server_11,69.61
21:01:10,server_20,92.4
21:01:10,server_9,44.95
21:01:10,server_1,12.25
21:01:10,server_2,44.28
21:01:10,server_3,65.3
21:01:10,server_4,87.37
21:01:10,server_10,44.84
21:01:10,server_6,59.64
21:01:10,server_7,35.28
21:01:10,server_8,43.43
21:01:10,server_5,11.46
21:01:15,server_11,59.26
21:01:15,server_19,66.98
21:01:15,server_18,62.06
21:01:15,server_17,92.95
21:01:15,server_16,62.66
21:01:15,server_15,64.7
21:01:15,server_14,7.45
21:01:15,server_13,55.89
21:01:15,server_12,56.13
21:01:15,server_20,26.78
21:01:15,server_10,6.52
21:01:15,server_8,41.18
21:01:15,server_7,28.5
21:01:15,server_6,16.74
21:01:15,server_5,99.19
21:01:15,server_4,10.98
21:01:15,server_3,88.56
21:01:15,server_2,51.96
21:01:15,server_1,92.9
21:01:15,server_9,72.0
21:01:20,server_14,10.88
21:01:20,server_15,54.55
21:01:20,server_16,48.32
21:01:20,server_12,47.27
21:01:20,server_18,37.91
21:01:20,server_19,54.57
21:01:20,server_20,43.68
21:01:20,server_17,15.81
21:01:20,server_11,40.61
21:01:20,server_13,26.47
21:01:20,server_9,65.55
21:01:20,server_10,0.87
21:01:20,server_2,60.86
21:01:20,server_3,41.34
21:01:20,server_4,71.27
21:01:20,server_1,22.55
21:01:20,server_6,64.92
21:01:20,server_7,86.19
21:01:20,server_8,31.97
21:01:20,server_5,36.5
21:01:25,server_20,69.74
21:01:25,server_19,29.65
21:01:25,server_18,59.74
21:01:25,server_12,57.08
21:01:25,server_17,92.24
21:01:25,server_16,63.9
21:01:25,server_15,71.79
21:01:25,server_14,45.26
21:01:25,server_13,95.31
21:01:25,server_11,31.84
21:01:25,server_3,98.23
21:01:25,server_9,28.78
21:01:25,server_1,18.73
21:01:25,server_2,54.97
21:01:25,server_4,46.27
21:01:25,server_10,91.55
21:01:25,server_6,57.83
21:01:25,server_7,80.84
21:01:25,server_8,46.82
21:01:25,server_5,80.09
21:01:30,server_20,80.77
21:01:30,server_19,49.35
21:01:30,server_18,49.61
21:01:30,server_17,67.8
21:01:30,server_16,45.31
21:01:30,server_15,32.69
21:01:30,server_14,80.28
21:01:30,server_12,36.19
21:01:30,server_11,56.26
21:01:30,server_13,99.1
21:01:30,server_9,89.15
21:01:30,server_10,49.75
21:01:30,server_2,96.34
21:01:30,server_3,28.43
21:01:30,server_4,64.65
21:01:30,server_1,12.43
21:01:30,server_6,41.7
21:01:30,server_7,20.25
21:01:30,server_8,96.91
21:01:30,server_5,60.79
21:01:35,server_12,39.33
21:01:35,server_20,70.01
21:01:35,server_19,97.3
21:01:35,server_18,67.18
21:01:35,server_17,33.67
21:01:35,server_16,89.07
21:01:35,server_15,47.89
21:01:35,server_14,87.7
21:01:35,server_13,53.23
21:01:35,server_11,52.2
21:01:35,server_3,46.86
21:01:35,server_9,20.48
21:01:35,server_8,72.04
21:01:35,server_7,25.12
21:01:35,server_6,45.93
21:01:35,server_5,63.12
21:01:35,server_4,91.39
21:01:35,server_2,63.33
21:01:35,server_1,12.73
21:01:35,server_10,57.31
21:01:40,server_13,28.6
21:01:40,server_14,93.7
21:01:40,server_15,62.86
21:01:40,server_16,43.42
21:01:40,server_19,55.78
21:01:40,server_20,63.47
21:01:40,server_18,51.83
21:01:40,server_12,91.32
21:01:40,server_17,16.49
21:01:40,server_11,52.89
21:01:40,server_3,24.51
21:01:40,server_9,61.38
21:01:40,server_10,87.22
21:01:40,server_2,32.31
21:01:40,server_4,50.49
21:01:40,server_1,39.66
21:01:40,server_6,60.25
21:01:40,server_7,28.18
21:01:40,server_5,29.47
21:01:40,server_8,41.44
21:01:45,server_20,42.52
21:01:45,server_19,35.62
21:01:45,server_18,88.96
21:01:45,server_17,24.17
21:01:45,server_16,71.47
21:01:45,server_15,45.9
21:01:45,server_14,22.37
21:01:45,server_12,95.34
21:01:45,server_10,50.55
21:01:45,server_13,23.38
21:01:45,server_8,60.07
21:01:45,server_9,57.42
21:01:45,server_1,30.44
21:01:45,server_2,34.48
21:01:45,server_3,16.8
21:01:45,server_11,22.26
21:01:45,server_5,24.89
21:01:45,server_6,90.39
21:01:45,server_7,87.97
21:01:45,server_4,69.96
21:01:50,server_20,43.59
21:01:50,server_19,60.52
21:01:50,server_18,41.3
21:01:50,server_17,56.69
21:01:50,server_16,36.6
21:01:50,server_15,68.66
21:01:50,server_14,87.95
21:01:50,server_13,4.21
21:01:50,server_12,35.5
21:01:50,server_11,41.25
21:01:50,server_10,48.3
21:01:50,server_8,75.84
21:01:50,server_7,2.84
21:01:50,server_6,28.1
21:01:50,server_5,56.13
21:01:50,server_4,94.47
21:01:50,server_3,87.93
21:01:50,server_2,95.84
21:01:50,server_1,88.46
21:01:50,server_9,27.29
21:01:55,server_13,25.62
21:01:55,server_14,90.17
21:01:55,server_15,68.91
21:01:55,server_16,59.93
21:01:55,server_20,25.38
21:01:55,server_18,33.68
21:01:55,server_19,41.97
21:01:55,server_12,40.18
21:01:55,server_17,96.34
21:01:55,server_11,20.17
21:01:55,server_10,55.56
21:01:55,server_9,27.74
21:01:55,server_2,66.15
21:01:55,server_3,36.97
21:01:55,server_4,29.13
21:01:55,server_1,62.43
21:01:55,server_6,86.37
21:01:55,server_7,56.53
21:01:55,server_8,27.65
21:01:55,server_5,62.47
21:02:00,server_12,53.62
21:02:00,server_19,50.16
21:02:00,server_18,91.57
21:02:00,server_17,29.22
21:02:00,server_16,96.5
21:02:00,server_15,87.08
21:02:00,server_14,21.14
21:02:00,server_13,87.69
21:02:00,server_11,67.87
21:02:00,server_20,73.83
21:02:00,server_9,51.45
21:02:00,server_1,32.89
21:02:00,server_2,92.53
21:02:00,server_3,20.37
21:02:00,server_4,61.94
21:02:00,server_10,21.36
21:02:00,server_6,67.82
21:02:00,server_7,65.78
21:02:00,server_8,12.53
21:02:00,server_5,39.51
21:02:05,server_12,29.34
21:02:05,server_19,60.0
21:02:05,server_18,73.34
21:02:05,server_17,96.41
21:02:05,server_16,50.7
21:02:05,server_15,43.66
21:02:05,server_14,56.96
21:02:05,server_13,16.37
21:02:05,server_11,57.09
21:02:05,server_20,68.54
21:02:05,server_9,10.33
21:02:05,server_1,1.11
21:02:05,server_2,78.44
21:02:05,server_3,24.38
21:02:05,server_4,36.73
21:02:05,server_10,50.46
21:02:05,server_6,89.38
21:02:05,server_7,92.16
21:02:05,server_8,49.61
21:02:05,server_5,21.17
21:02:10,server_11,87.84
21:02:10,server_19,89.82
21:02:10,server_18,25.15
21:02:10,server_17,48.28
21:02:10,server_16,49.66
21:02:10,server_15,24.69
21:02:10,server_14,1.27
21:02:10,server_13,92.47
21:02:10,server_12,47.05
21:02:10,server_20,81.33
21:02:10,server_10,64.92
21:02:10,server_8,2.97
21:02:10,server_7,25.57
21:02:10,server_6,29.26
21:02:10,server_5,57.91
21:02:10,server_4,64.46
21:02:10,server_3,15.03
21:02:10,server_2,20.53
21:02:10,server_1,44.24
21:02:10,server_9,90.35
21:02:15,server_13,38.33
21:02:15,server_14,23.32
21:02:15,server_15,57.63
21:02:15,server_12,92.16
21:02:15,server_17,40.0
21:02:15,server_18,61.23
21:02:15,server_19,40.3
21:02:15,server_16,30.28
21:02:15,server_11,84.61
21:02:15,server_20,93.62
21:02:15,server_9,33.46
21:02:15,server_8,88.99
21:02:15,server_7,47.33
21:02:15,server_6,50.43
21:02:15,server_5,93.74
21:02:15,server_4,50.5
21:02:15,server_3,61.5
21:02:15,server_2,86.42
21:02:15,server_1,54.3
21:02:15,server_10,88.74
21:02:20,server_13,49.47
21:02:20,server_14,67.38
21:02:20,server_15,95.92
21:02:20,server_16,58.43
21:02:20,server_20,65.78
21:02:20,server_12,96.3
21:02:20,server_18,65.84
21:02:20,server_19,49.05
21:02:20,server_17,29.1
21:02:20,server_11,41.12
21:02:20,server_3,56.81
21:02:20,server_9,30.9
21:02:20,server_1,93.68
21:02:20,server_2,52.14
21:02:20,server_4,96.91
21:02:20,server_10,56.85
21:02:20,server_6,69.3
21:02:20,server_7,55.27
21:02:20,server_8,51.8
21:02:20,server_5,92.35
21:02:25,server_20,88.57
21:02:25,server_19,49.21
21:02:25,server_18,32.02
21:02:25,server_17,74.31
21:02:25,server_16,94.41
21:02:25,server_15,90.19
21:02:25,server_14,48.98
21:02:25,server_12,0.48
21:02:25,server_11,27.6
21:02:25,server_13,24.99
21:02:25,server_9,94.41
21:02:25,server_10,89.63
21:02:25,server_2,66.78
21:02:25,server_3,67.01
21:02:25,server_4,46.95
21:02:25,server_1,49.04
21:02:25,server_6,27.69
21:02:25,server_7,60.87
21:02:25,server_8,49.74
21:02:25,server_5,39.64
21:02:30,server_12,64.22
21:02:30,server_20,46.65
21:02:30,server_19,34.15
21:02:30,server_18,24.13
21:02:30,server_17,85.3
21:02:30,server_16,81.76
21:02:30,server_15,59.13
21:02:30,server_14,48.18
21:02:30,server_13,69.64
21:02:30,server_11,95.91
21:02:30,server_3,36.68
21:02:30,server_9,91.93
21:02:30,server_8,92.49
21:02:30,server_7,57.28
21:02:30,server_6,56.28
21:02:30,server_5,46.86
21:02:30,server_4,14.82
21:02:30,server_2,45.43
21:02:30,server_1,56.67
21:02:30,server_10,49.12
21:02:35,server_13,30.17
21:02:35,server_14,13.4
21:02:35,server_15,38.42
21:02:35,server_16,27.46
21:02:35,server_20,26.73
21:02:35,server_18,38.25
21:02:35,server_19,65.98
21:02:35,server_12,90.75
21:02:35,server_17,15.53
21:02:35,server_11,27.59
21:02:35,server_3,76.83
21:02:35,server_9,68.81
21:02:35,server_1,92.38
21:02:35,server_2,51.94
21:02:35,server_4,78.58
21:02:35,server_10,29.13
21:02:35,server_6,51.64
21:02:35,server_7,40.8
21:02:35,server_8,31.34
21:02:35,server_5,45.0
21:02:40,server_20,84.02
21:02:40,server_11,63.64
21:02:40,server_18,21.09
21:02:40,server_17,47.65
21:02:40,server_16,66.11
21:02:40,server_15,77.46
21:02:40,server_14,29.35
21:02:40,server_13,67.88
21:02:40,server_12,97.23
21:02:40,server_19,22.1
21:02:40,server_10,54.09
21:02:40,server_8,29.9
21:02:40,server_7,61.75
21:02:40,server_6,57.59
21:02:40,server_5,31.15
21:02:40,server_4,47.76
21:02:40,server_3,47.19
21:02:40,server_2,97.67
21:02:40,server_1,40.19
21:02:40,server_9,62.72
21:02:45,server_13,68.25
21:02:45,server_14,62.04
21:02:45,server_15,56.52
21:02:45,server_12,61.88
21:02:45,server_17,91.41
21:02:45,server_18,44.21
21:02:45,server_19,22.07
21:02:45,server_16,33.08
21:02:45,server_11,27.98
21:02:45,server_20,65.06
21:02:45,server_9,91.56
21:02:45,server_1,87.94
21:02:45,server_2,54.42
21:02:45,server_3,22.92
21:02:45,server_4,58.83
21:02:45,server_10,56.47
21:02:45,server_6,36.18
21:02:45,server_7,60.4
21:02:45,server_8,43.44
21:02:45,server_5,69.21
21:02:50,server_12,88.78
21:02:50,server_20,36.73
21:02:50,server_19,42.36
21:02:50,server_18,60.92
21:02:50,server_17,57.22
21:02:50,server_16,88.93
21:02:50,server_15,28.87
21:02:50,server_14,53.12
21:02:50,server_13,68.9
21:02:50,server_11,65.53
21:02:50,server_3,25.87
21:02:50,server_9,69.37
21:02:50,server_8,27.71
21:02:50,server_7,9.45
21:02:50,server_6,37.49
21:02:50,server_5,95.05
21:02:50,server_4,52.49
21:02:50,server_10,64.94
21:02:50,server_2,27.09
21:02:50,server_1,68.75
21:02:55,server_13,3.05
21:02:55,server_14,46.71
21:02:55,server_15,27.53
21:02:55,server_16,36.58
21:02:55,server_20,65.06
21:02:55,server_18,60.52
21:02:55,server_19,67.36
21:02:55,server_12,20.17
21:02:55,server_17,20.56
21:02:55,server_11,61.11
21:02:55,server_10,61.32
21:02:55,server_9,94.54
21:02:55,server_2,84.73
21:02:55,server_3,36.15
21:02:55,server_4,75.46
21:02:55,server_1,13.75
21:02:55,server_6,42.36
21:02:55,server_7,52.37
21:02:55,server_8,85.15
21:02:55,server_5,43.97
21:03:00,server_12,24.78
21:03:00,server_19,78.74
21:03:00,server_18,40.41
21:03:00,server_17,38.88
21:03:00,server_16,22.36
21:03:00,server_15,21.31
21:03:00,server_14,68.16
21:03:00,server_13,28.44
21:03:00,server_11,41.03
21:03:00,server_20,30.69
21:03:00,server_9,21.28
21:03:00,server_1,50.19
21:03:00,server_2,35.19
21:03:00,server_3,54.58
21:03:00,server_4,23.98
21:03:00,server_10,58.81
21:03:00,server_6,59.27
21:03:00,server_7,44.27
21:03:00,server_8,92.58
21:03:00,server_5,77.09
21:03:05,server_19,68.33
21:03:05,server_18,30.87
21:03:05,server_17,41.89
21:03:05,server_16,34.16
21:03:05,server_15,54.01
21:03:05,server_14,21.35
21:03:05,server_13,35.52
21:03:05,server_12,39.77
21:03:05,server_11,13.65
21:03:05,server_20,67.44
21:03:05,server_9,89.45
21:03:05,server_1,88.56
21:03:05,server_2,64.71
21:03:05,server_3,44.06
21:03:05,server_4,65.46
21:03:05,server_10,49.53
21:03:05,server_6,38.22
21:03:05,server_7,96.77
21:03:05,server_8,37.9
21:03:05,server_5,51.64
21:03:10,server_11,34.65
21:03:10,server_19,79.35
21:03:10,server_18,88.65
21:03:10,server_17,31.71
21:03:10,server_16,67.32
21:03:10,server_15,45.41
21:03:10,server_14,60.24
21:03:10,server_13,31.57
21:03:10,server_12,56.33
21:03:10,server_20,45.99
21:03:10,server_10,37.75
21:03:10,server_8,43.12
21:03:10,server_9,68.26
21:03:10,server_1,42.26
21:03:10,server_2,95.58
21:03:10,server_3,91.67
21:03:10,server_5,22.39
21:03:10,server_6,60.06
21:03:10,server_7,35.17
21:03:10,server_4,26.56
21:03:15,server_20,74.68
21:03:15,server_19,61.86
21:03:15,server_18,36.83
21:03:15,server_17,94.33
21:03:15,server_16,77.2
21:03:15,server_15,51.54
21:03:15,server_14,93.09
21:03:15,server_13,26.89
21:03:15,server_12,97.96
21:03:15,server_11,90.15
21:03:15,server_9,48.02
21:03:15,server_1,33.41
21:03:15,server_2,67.39
21:03:15,server_3,45.34
21:03:15,server_4,68.46
21:03:15,server_10,36.75
21:03:15,server_6,26.77
21:03:15,server_7,62.89
21:03:15,server_8,45.7
21:03:15,server_5,21.3
21:03:20,server_12,47.49
21:03:20,server_20,86.77
21:03:20,server_19,47.3
21:03:20,server_18,66.2
21:03:20,server_17,28.57
21:03:20,server_16,61.61
21:03:20,server_15,30.28
21:03:20,server_14,21.59
21:03:20,server_13,70.51
21:03:20,server_11,29.02
21:03:20,server_10,58.33
21:03:20,server_9,82.34
21:03:20,server_2,84.71
21:03:20,server_3,0.84
21:03:20,server_4,44.09
21:03:20,server_1,0.84
21:03:20,server_6,75.97
21:03:20,server_7,33.9
21:03:20,server_8,67.23
21:03:20,server_5,76.59
21:03:25,server_12,87.58
21:03:25,server_19,40.82
21:03:25,server_18,90.03
21:03:25,server_17,98.97
21:03:25,server_16,61.62
21:03:25,server_15,63.99
21:03:25,server_14,96.36
21:03:25,server_13,36.48
21:03:25,server_11,48.41
21:03:25,server_20,84.97
21:03:25,server_9,42.46
21:03:25,server_1,52.47
21:03:25,server_2,93.69
21:03:25,server_3,55.24
21:03:25,server_4,40.81
21:03:25,server_10,60.82
21:03:25,server_6,90.46
21:03:25,server_7,95.97
21:03:25,server_8,86.89
21:03:25,server_5,38.58
21:03:30,server_12,66.88
21:03:30,server_19,53.89
21:03:30,server_18,67.1
21:03:30,server_17,5.51
21:03:30,server_16,97.29
21:03:30,server_15,39.83
21:03:30,server_14,93.21
21:03:30,server_13,22.8
21:03:30,server_11,35.34
21:03:30,server_20,45.14
21:03:30,server_9,66.97
21:03:30,server_1,38.26
21:03:30,server_2,66.24
21:03:30,server_3,85.05
21:03:30,server_4,15.14
21:03:30,server_10,65.91
21:03:30,server_6,5.98
21:03:30,server_7,55.86
21:03:30,server_8,95.04
21:03:30,server_5,57.7
21:03:35,server_11,52.8
21:03:35,server_19,42.91
21:03:35,server_18,88.99
21:03:35,server_17,85.38
21:03:35,server_16,90.63
21:03:35,server_15,26.69
21:03:35,server_14,82.28
21:03:35,server_13,68.64
21:03:35,server_12,31.35
21:03:35,server_20,28.81
21:03:35,server_10,24.53
21:03:35,server_8,24.91
21:03:35,server_7,97.17
21:03:35,server_6,23.63
21:03:35,server_5,68.26
21:03:35,server_4,34.68
21:03:35,server_3,25.4
21:03:35,server_2,34.22
21:03:35,server_1,54.97
21:03:35,server_9,16.59
21:03:40,server_13,43.76
21:03:40,server_14,62.07
21:03:40,server_15,38.73
21:03:40,server_12,80.69
21:03:40,server_17,25.86
21:03:40,server_18,63.53
21:03:40,server_19,62.4
21:03:40,server_16,54.55
21:03:40,server_11,45.94
21:03:40,server_20,28.63
21:03:40,server_9,77.0
21:03:40,server_1,55.91
21:03:40,server_2,87.22
21:03:40,server_3,28.77
21:03:40,server_4,48.64
21:03:40,server_10,74.99
21:03:40,server_6,93.19
21:03:40,server_7,88.6
21:03:40,server_8,67.14
21:03:40,server_5,68.83
21:03:45,server_19,54.21
21:03:45,server_18,39.29
21:03:45,server_17,8.71
21:03:45,server_16,94.51
21:03:45,server_15,27.72
21:03:45,server_14,34.52
21:03:45,server_13,43.04
21:03:45,server_12,63.65
21:03:45,server_11,67.77
21:03:45,server_20,41.76
21:03:45,server_9,67.99
21:03:45,server_1,59.19
21:03:45,server_2,68.01
21:03:45,server_3,66.62
21:03:45,server_4,85.86
21:03:45,server_10,68.18
21:03:45,server_6,39.64
21:03:45,server_7,74.47
21:03:45,server_8,69.81
21:03:45,server_5,44.39
21:03:50,server_11,3.5
21:03:50,server_19,56.44
21:03:50,server_18,61.46
21:03:50,server_17,93.34
21:03:50,server_16,65.71
21:03:50,server_15,97.94
21:03:50,server_14,33.0
21:03:50,server_13,77.05
21:03:50,server_12,25.72
21:03:50,server_20,59.04
21:03:50,server_10,24.24
21:03:50,server_8,55.0
21:03:50,server_9,66.76
21:03:50,server_1,95.48
21:03:50,server_2,96.89
21:03:50,server_3,69.38
21:03:50,server_5,88.82
21:03:50,server_6,59.48
21:03:50,server_7,45.61
21:03:50,server_4,53.56
21:03:55,server_20,59.67
21:03:55,server_11,65.66
21:03:55,server_18,87.67
21:03:55,server_17,36.76
21:03:55,server_16,53.37
21:03:55,server_15,63.07
21:03:55,server_14,46.4
21:03:55,server_13,41.86
21:03:55,server_12,44.01
21:03:55,server_19,35.22
21:03:55,server_10,61.65
21:03:55,server_8,54.66
21:03:55,server_1,34.13
21:03:55,server_2,21.91
21:03:55,server_3,57.74
21:03:55,server_9,49.47
21:03:55,server_5,46.78
21:03:55,server_6,59.01
21:03:55,server_7,51.23
21:03:55,server_4,28.4
21:04:00,server_13,51.56
21:04:00,server_20,47.11
21:04:00,server_19,54.61
21:04:00,server_18,30.85
21:04:00,server_17,26.9
21:04:00,server_16,49.89
21:04:00,server_15,42.55
21:04:00,server_14,28.74
21:04:00,server_12,52.88
21:04:00,server_11,24.41
21:04:00,server_1,29.94
21:04:00,server_9,66.9
21:04:00,server_8,40.59
21:04:00,server_7,4.73
21:04:00,server_6,57.42
21:04:00,server_5,63.74
21:04:00,server_4,53.02
21:04:00,server_3,66.57
21:04:00,server_2,77.97
21:04:00,server_10,22.44
21:04:05,server_13,86.11
21:04:05,server_14,64.63
21:04:05,server_15,89.71
21:04:05,server_16,92.13
21:04:05,server_12,87.11
21:04:05,server_18,13.87
21:04:05,server_19,62.57
21:04:05,server_20,85.76
21:04:05,server_17,46.2
21:04:05,server_11,5.18
21:04:05,server_1,84.16
21:04:05,server_9,87.04
21:04:05,server_8,52.2
21:04:05,server_7,69.88
21:04:05,server_6,67.58
21:04:05,server_5,64.45
21:04:05,server_4,87.17
21:04:05,server_3,45.24
21:04:05,server_2,50.18
21:04:05,server_10,59.56
21:04:10,server_12,49.67
21:04:10,server_13,69.29
21:04:10,server_14,28.66
21:04:10,server_15,49.43
21:04:10,server_19,57.32
21:04:10,server_17,50.74
21:04:10,server_18,56.27
21:04:10,server_11,85.37
21:04:10,server_16,0.42
21:04:10,server_20,69.48
21:04:10,server_10,3.15
21:04:10,server_8,89.74
21:04:10,server_1,2.14
21:04:10,server_2,45.58
21:04:10,server_3,51.2
21:04:10,server_9,56.04
21:04:10,server_5,45.22
21:04:10,server_6,31.25
21:04:10,server_7,99.21
21:04:10,server_4,63.26
21:04:15,server_12,58.26
21:04:15,server_19,45.33
21:04:15,server_18,91.8
21:04:15,server_17,45.18
21:04:15,server_16,69.15
21:04:15,server_15,19.47
21:04:15,server_14,64.64
21:04:15,server_13,93.3
21:04:15,server_11,59.13
21:04:15,server_20,66.99
21:04:15,server_9,94.71
21:04:15,server_1,87.53
21:04:15,server_2,98.5
21:04:15,server_3,22.14
21:04:15,server_4,46.54
21:04:15,server_10,66.96
21:04:15,server_6,96.53
21:04:15,server_7,81.16
21:04:15,server_8,22.17
21:04:15,server_5,29.45
21:04:20,server_11,22.71
21:04:20,server_19,36.41
21:04:20,server_18,97.56
21:04:20,server_17,85.36
21:04:20,server_16,21.74
21:04:20,server_15,85.97
21:04:20,server_14,95.25
21:04:20,server_13,52.6
21:04:20,server_12,49.49
21:04:20,server_20,42.44
21:04:20,server_10,52.09
21:04:20,server_8,26.25
21:04:20,server_7,63.14
21:04:20,server_6,21.4
21:04:20,server_5,86.11
21:04:20,server_4,35.73
21:04:20,server_3,48.72
21:04:20,server_2,54.98
21:04:20,server_1,57.18
21:04:20,server_9,41.12
21:04:25,server_14,60.22
21:04:25,server_15,32.9
21:04:25,server_16,69.99
21:04:25,server_13,20.2
21:04:25,server_18,28.12
21:04:25,server_19,29.05
21:04:25,server_20,37.19
21:04:25,server_17,69.48
21:04:25,server_12,36.11
21:04:25,server_11,73.25
21:04:25,server_1,14.06
21:04:25,server_9,95.25
21:04:25,server_8,39.71
21:04:25,server_7,61.27
21:04:25,server_6,33.62
21:04:25,server_5,53.24
21:04:25,server_4,63.84
21:04:25,server_3,73.49
21:04:25,server_2,67.22
21:04:25,server_10,30.53
21:04:30,server_13,95.73
21:04:30,server_14,63.09
21:04:30,server_15,92.71
21:04:30,server_20,89.43
21:04:30,server_18,44.91
21:04:30,server_19,49.53
21:04:30,server_12,16.18
21:04:30,server_16,29.59
21:04:30,server_11,93.7
21:04:30,server_17,23.28
21:04:30,server_9,59.37
21:04:30,server_10,34.84
21:04:30,server_2,20.09
21:04:30,server_3,32.03
21:04:30,server_4,53.2
21:04:30,server_1,87.62
21:04:30,server_6,43.39
21:04:30,server_7,36.69
21:04:30,server_8,7.75
21:04:30,server_5,40.32
21:04:35,server_20,64.54
21:04:35,server_12,74.8
21:04:35,server_19,51.39
21:04:35,server_18,48.36
21:04:35,server_17,49.69
21:04:35,server_16,89.99
21:04:35,server_15,22.82
21:04:35,server_14,34.27
21:04:35,server_13,31.59
21:04:35,server_11,67.29
21:04:35,server_7,45.99
21:04:35,server_9,89.59
21:04:35,server_8,51.53
21:04:35,server_6,46.85
21:04:35,server_5,59.73
21:04:35,server_4,85.58
21:04:35,server_3,62.72
21:04:35,server_2,73.05
21:04:35,server_1,57.55
21:04:35,server_10,60.21
21:04:40,server_15,46.52
21:04:40,server_13,63.33
21:04:40,server_14,47.44
21:04:40,server_16,36.51
21:04:40,server_12,24.44
21:04:40,server_18,69.34
21:04:40,server_19,23.12
21:04:40,server_20,38.93
21:04:40,server_17,51.25
21:04:40,server_11,80.86
21:04:40,server_1,38.4
21:04:40,server_9,56.88
21:04:40,server_2,56.24
21:04:40,server_3,81.34
21:04:40,server_4,60.66
21:04:40,server_10,38.42
21:04:40,server_6,41.37
21:04:40,server_7,52.38
21:04:40,server_8,52.81
21:04:40,server_5,7.61
21:04:45,server_13,81.49
21:04:45,server_20,31.45
21:04:45,server_19,58.17
21:04:45,server_18,37.03
21:04:45,server_17,60.53
21:04:45,server_16,89.17
21:04:45,server_15,38.33
21:04:45,server_14,40.37
21:04:45,server_12,92.63
21:04:45,server_11,21.97
21:04:45,server_1,27.7
21:04:45,server_9,23.5
21:04:45,server_8,87.83
21:04:45,server_7,36.52
21:04:45,server_6,93.1
21:04:45,server_5,37.33
21:04:45,server_4,85.43
21:04:45,server_3,52.84
21:04:45,server_2,43.12
21:04:45,server_10,51.11
21:04:50,server_13,46.57
21:04:50,server_14,83.49
21:04:50,server_15,22.29
21:04:50,server_16,60.93
21:04:50,server_12,95.45
21:04:50,server_18,60.4
21:04:50,server_19,40.84
21:04:50,server_20,45.54
21:04:50,server_17,61.56
21:04:50,server_11,58.04
21:04:50,server_1,35.07
21:04:50,server_9,88.01
21:04:50,server_8,22.14
21:04:50,server_7,53.81
21:04:50,server_6,79.9
21:04:50,server_5,55.56
21:04:50,server_4,91.33
21:04:50,server_3,40.67
21:04:50,server_2,87.51
21:04:50,server_10,31.16
21:04:55,server_13,76.76
21:04:55,server_14,99.72
21:04:55,server_15,85.36
21:04:55,server_16,95.09
21:04:55,server_20,45.32
21:04:55,server_18,7.84
21:04:55,server_19,3.53
21:04:55,server_12,53.12
21:04:55,server_17,99.72
21:04:55,server_11,86.82
21:04:55,server_1,27.53
21:04:55,server_9,27.65
21:04:55,server_2,36.21
21:04:55,server_3,93.19
21:04:55,server_4,75.66
21:04:55,server_10,62.35
21:04:55,server_6,87.07
21:04:55,server_7,99.46
21:04:55,server_8,35.67
21:04:55,server_5,27.29
21:05:00,server_12,60.36
21:05:00,server_19,62.11
21:05:00,server_18,80.44
21:05:00,server_17,40.18
21:05:00,server_16,67.59
21:05:00,server_15,97.61
21:05:00,server_14,23.89
21:05:00,server_13,54.9
21:05:00,server_20,59.77
21:05:00,server_11,59.48
21:05:00,server_9,90.87
21:05:00,server_8,27.5
21:05:00,server_7,49.97
21:05:00,server_6,15.09
21:05:00,server_5,32.61
21:05:00,server_4,95.4
21:05:00,server_3,21.97
21:05:00,server_2,64.89
21:05:00,server_1,63.6
21:05:00,server_10,56.77
21:05:05,server_13,88.83
21:05:05,server_14,85.61
21:05:05,server_15,62.23
21:05:05,server_16,40.19
21:05:05,server_12,60.93
21:05:05,server_18,43.73
21:05:05,server_19,31.01
21:05:05,server_20,25.33
21:05:05,server_17,48.06
21:05:05,server_11,60.57
21:05:05,server_10,57.44
21:05:05,server_9,7.59
21:05:05,server_8,91.03
21:05:05,server_7,24.69
21:05:05,server_6,90.7
21:05:05,server_5,2.49
21:05:05,server_4,29.99
21:05:05,server_3,96.88
21:05:05,server_2,88.79
21:05:05,server_1,31.2
21:05:10,server_13,40.78
21:05:10,server_14,59.3
21:05:10,server_15,27.31
21:05:10,server_16,45.84
21:05:10,server_20,27.67
21:05:10,server_18,37.09
21:05:10,server_19,44.88
21:05:10,server_12,66.52
21:05:10,server_17,0.21
21:05:10,server_11,53.19
21:05:10,server_10,38.1
21:05:10,server_9,27.78
21:05:10,server_2,57.0
21:05:10,server_3,59.42
21:05:10,server_4,64.85
21:05:10,server_1,99.6
21:05:10,server_6,51.96
21:05:10,server_7,72.13
21:05:10,server_8,57.7
21:05:10,server_5,94.46
21:05:15,server_12,77.46
21:05:15,server_19,37.29
21:05:15,server_18,47.11
21:05:15,server_17,19.4
21:05:15,server_16,37.38
21:05:15,server_15,21.4
21:05:15,server_14,67.9
21:05:15,server_13,78.16
21:05:15,server_11,45.45
21:05:15,server_20,47.49
21:05:15,server_9,74.87
21:05:15,server_1,59.82
21:05:15,server_2,65.04
21:05:15,server_3,32.7
21:05:15,server_4,56.02
21:05:15,server_10,1.59
21:05:15,server_6,39.9
21:05:15,server_7,33.0
21:05:15,server_8,80.83
21:05:15,server_5,38.79
21:05:20,server_12,64.69
21:05:20,server_19,64.09
21:05:20,server_18,37.73
21:05:20,server_17,26.09
21:05:20,server_16,15.26
21:05:20,server_15,53.4
21:05:20,server_14,97.32
21:05:20,server_13,68.58
21:05:20,server_11,99.55
21:05:20,server_20,68.67
21:05:20,server_9,1.23
21:05:20,server_1,92.06
21:05:20,server_2,51.17
21:05:20,server_3,38.3
21:05:20,server_4,54.57
21:05:20,server_10,26.7
21:05:20,server_6,96.1
21:05:20,server_7,86.15
21:05:20,server_8,13.82
21:05:20,server_5,72.73
21:05:25,server_11,54.66
21:05:25,server_19,50.66
21:05:25,server_18,29.25
21:05:25,server_17,49.46
21:05:25,server_16,37.03
21:05:25,server_15,42.47
21:05:25,server_14,93.74
21:05:25,server_13,37.24
21:05:25,server_12,22.72
21:05:25,server_20,69.49
21:05:25,server_10,48.24
21:05:25,server_8,87.56
21:05:25,server_7,69.08
21:05:25,server_6,28.21
21:05:25,server_5,51.58
21:05:25,server_4,35.96
21:05:25,server_3,73.39
21:05:25,server_2,42.36
21:05:25,server_1,21.73
21:05:25,server_9,85.97
21:05:30,server_13,88.66
21:05:30,server_14,80.03
21:05:30,server_15,38.24
21:05:30,server_12,0.17
21:05:30,server_17,88.77
21:05:30,server_18,57.82
21:05:30,server_19,26.73
21:05:30,server_16,61.81
21:05:30,server_11,52.28
21:05:30,server_20,36.72
21:05:30,server_9,54.42
21:05:30,server_1,85.94
21:05:30,server_2,58.37
21:05:30,server_3,28.94
21:05:30,server_4,22.93
21:05:30,server_10,88.25
21:05:30,server_6,63.33
21:05:30,server_7,44.97
21:05:30,server_8,28.88
21:05:30,server_5,22.98
21:05:35,server_19,90.6
21:05:35,server_18,60.73
21:05:35,server_17,96.3
21:05:35,server_16,25.99
21:05:35,server_15,85.26
21:05:35,server_14,55.23
21:05:35,server_13,56.98
21:05:35,server_12,64.16
21:05:35,server_11,38.28
21:05:35,server_20,27.92
21:05:35,server_9,29.96
21:05:35,server_1,33.19
21:05:35,server_2,81.46
21:05:35,server_3,14.98
21:05:35,server_4,7.16
21:05:35,server_10,58.86
21:05:35,server_6,85.74
21:05:35,server_7,13.98
21:05:35,server_8,49.25
21:05:35,server_5,47.54
21:05:40,server_11,94.1
21:05:40,server_19,96.52
21:05:40,server_18,98.93
21:05:40,server_17,75.4
21:05:40,server_16,86.55
21:05:40,server_15,40.79
21:05:40,server_14,95.84
21:05:40,server_13,61.12
21:05:40,server_12,88.69
21:05:40,server_20,74.18
21:05:40,server_10,67.3
21:05:40,server_8,45.73
21:05:40,server_9,66.7
21:05:40,server_1,92.94
21:05:40,server_2,59.72
21:05:40,server_3,55.22
21:05:40,server_5,62.63
21:05:40,server_6,88.82
21:05:40,server_7,85.53
21:05:40,server_4,55.36
21:05:45,server_20,49.58
21:05:45,server_11,21.28
21:05:45,server_18,77.07
21:05:45,server_17,53.23
21:05:45,server_16,52.85
21:05:45,server_15,88.1
21:05:45,server_14,29.25
21:05:45,server_13,5.58
21:05:45,server_12,97.19
21:05:45,server_19,24.24
21:05:45,server_10,44.95
21:05:45,server_8,37.14
21:05:45,server_1,92.7
21:05:45,server_2,47.05
21:05:45,server_3,20.32
21:05:45,server_9,25.37
21:05:45,server_5,94.26
21:05:45,server_6,15.08
21:05:45,server_7,48.28
21:05:45,server_4,96.81
21:05:50,server_12,37.97
21:05:50,server_19,59.12
21:05:50,server_18,62.77
21:05:50,server_17,52.38
21:05:50,server_16,92.38
21:05:50,server_15,6.16
21:05:50,server_14,54.04
21:05:50,server_13,25.66
21:05:50,server_11,37.31
21:05:50,server_20,96.81
21:05:50,server_9,63.58
21:05:50,server_1,24.95
21:05:50,server_2,28.67
21:05:50,server_3,47.5
21:05:50,server_4,93.81
21:05:50,server_10,69.06
21:05:50,server_6,66.92
21:05:50,server_7,35.99
21:05:50,server_8,89.0
21:05:50,server_5,44.66
21:05:55,server_11,89.93
21:05:55,server_19,22.55
21:05:55,server_18,77.44
21:05:55,server_17,55.59
21:05:55,server_16,97.66
21:05:55,server_15,35.22
21:05:55,server_14,50.81
21:05:55,server_13,93.37
21:05:55,server_12,32.01
21:05:55,server_20,97.49
21:05:55,server_10,92.42
21:05:55,server_8,48.74
21:05:55,server_7,84.2
21:05:55,server_6,93.22
21:05:55,server_5,8.96
21:05:55,server_4,80.6
21:05:55,server_3,83.42
21:05:55,server_2,58.11
21:05:55,server_1,23.31
21:05:55,server_9,97.46
21:06:00,server_13,10.59
21:06:00,server_14,45.4
21:06:00,server_15,79.48
21:06:00,server_12,58.14
21:06:00,server_17,66.55
21:06:00,server_18,51.41
21:06:00,server_19,26.83
21:06:00,server_16,95.91
21:06:00,server_11,58.25
21:06:00,server_20,79.94
21:06:00,server_9,68.74
21:06:00,server_1,64.05
21:06:00,server_2,33.84
21:06:00,server_3,90.78
21:06:00,server_4,11.06
21:06:00,server_10,94.77
21:06:00,server_6,95.57
21:06:00,server_7,34.01
21:06:00,server_8,1.64
21:06:00,server_5,43.01
21:06:05,server_12,48.63
21:06:05,server_20,25.82
21:06:05,server_19,53.87
21:06:05,server_18,20.73
21:06:05,server_17,53.91
21:06:05,server_16,96.0
21:06:05,server_15,42.54
21:06:05,server_14,14.75
21:06:05,server_13,53.46
21:06:05,server_11,99.47
21:06:05,server_10,23.44
21:06:05,server_9,47.67
21:06:05,server_2,49.99
21:06:05,server_3,65.49
21:06:05,server_4,26.3
21:06:05,server_1,86.66
21:06:05,server_6,67.36
21:06:05,server_7,95.33
21:06:05,server_8,33.56
21:06:05,server_5,46.37
21:06:10,server_12,59.5
21:06:10,server_19,1.45
21:06:10,server_18,51.07
21:06:10,server_17,68.6
21:06:10,server_16,54.38
21:06:10,server_15,20.19
21:06:10,server_14,67.38
21:06:10,server_13,68.51
21:06:10,server_11,59.79
21:06:10,server_20,39.0
21:06:10,server_9,62.64
21:06:10,server_1,48.27
21:06:10,server_2,21.25
21:06:10,server_3,92.69
21:06:10,server_4,5.73
21:06:10,server_10,86.22
21:06:10,server_6,9.42
21:06:10,server_7,40.7
21:06:10,server_8,67.02
21:06:10,server_5,21.7
21:06:15,server_12,82.47
21:06:15,server_19,81.65
21:06:15,server_18,26.3
21:06:15,server_17,43.02
21:06:15,server_16,5.84
21:06:15,server_15,48.66
21:06:15,server_14,66.31
21:06:15,server_13,48.08
21:06:15,server_11,27.6
21:06:15,server_20,60.28
21:06:15,server_9,66.51
21:06:15,server_1,28.68
21:06:15,server_2,98.87
21:06:15,server_3,21.49
21:06:15,server_4,68.23
21:06:15,server_10,61.58
21:06:15,server_6,22.36
21:06:15,server_7,56.88
21:06:15,server_8,39.71
21:06:15,server_5,59.23
21:06:20,server_11,47.73
21:06:20,server_19,16.67
21:06:20,server_18,56.41
21:06:20,server_17,23.46
21:06:20,server_16,38.69
21:06:20,server_15,63.21
21:06:20,server_14,95.78
21:06:20,server_13,12.07
21:06:20,server_12,83.71
21:06:20,server_20,67.46
21:06:20,server_10,66.67
21:06:20,server_8,58.41
21:06:20,server_7,63.14
21:06:20,server_6,57.12
21:06:20,server_5,17.59
21:06:20,server_4,60.67
21:06:20,server_3,57.51
21:06:20,server_2,86.33
21:06:20,server_1,33.23
21:06:20,server_9,63.78
21:06:25,server_13,67.49
21:06:25,server_14,7.2
21:06:25,server_15,24.11
21:06:25,server_12,66.85
21:06:25,server_17,38.15
21:06:25,server_18,23.22
21:06:25,server_19,70.51
21:06:25,server_16,57.73
21:06:25,server_11,49.3
21:06:25,server_20,92.52
21:06:25,server_9,52.55
21:06:25,server_1,21.48
21:06:25,server_2,29.98
21:06:25,server_3,92.55
21:06:25,server_4,45.64
21:06:25,server_10,93.65
21:06:25,server_6,33.11
21:06:25,server_7,47.02
21:06:25,server_8,42.16
21:06:25,server_5,69.07
21:06:30,server_19,75.98
21:06:30,server_18,63.76
21:06:30,server_17,28.6
21:06:30,server_16,20.99
21:06:30,server_15,51.82
21:06:30,server_14,27.94
21:06:30,server_13,5.62
21:06:30,server_12,37.3
21:06:30,server_11,20.31
21:06:30,server_20,67.79
21:06:30,server_9,59.41
21:06:30,server_1,51.49
21:06:30,server_2,63.19
21:06:30,server_3,35.39
21:06:30,server_4,85.36
21:06:30,server_10,82.25
21:06:30,server_6,25.52
21:06:30,server_7,18.73
21:06:30,server_8,44.88
21:06:30,server_5,44.84
21:06:35,server_11,22.38
21:06:35,server_19,48.41
21:06:35,server_18,86.04
21:06:35,server_17,53.64
21:06:35,server_16,61.6
21:06:35,server_15,29.92
21:06:35,server_14,30.88
21:06:35,server_13,54.78
21:06:35,server_12,93.1
21:06:35,server_20,53.58
21:06:35,server_10,32.85
21:06:35,server_8,4.25
21:06:35,server_9,24.76
21:06:35,server_1,26.4
21:06:35,server_2,51.23
21:06:35,server_3,26.66
21:06:35,server_5,55.99
21:06:35,server_6,47.06
21:06:35,server_7,48.76
21:06:35,server_4,64.77
21:06:40,server_20,47.65
21:06:40,server_11,34.0
21:06:40,server_18,96.71
21:06:40,server_17,75.07
21:06:40,server_16,95.13
21:06:40,server_15,21.62
21:06:40,server_14,91.33
21:06:40,server_13,7.57
21:06:40,server_12,69.51
21:06:40,server_19,40.13
21:06:40,server_10,67.12
21:06:40,server_8,41.53
21:06:40,server_1,10.08
21:06:40,server_2,73.14
21:06:40,server_3,89.32
21:06:40,server_9,68.52
21:06:40,server_5,55.05
21:06:40,server_6,69.19
21:06:40,server_7,82.48
21:06:40,server_4,60.2
21:06:45,server_12,58.08
21:06:45,server_19,82.71
21:06:45,server_18,20.59
21:06:45,server_17,62.16
21:06:45,server_16,45.51
21:06:45,server_15,87.64
21:06:45,server_14,91.88
21:06:45,server_13,57.11
21:06:45,server_11,29.57
21:06:45,server_20,82.32
21:06:45,server_9,99.66
21:06:45,server_1,30.19
21:06:45,server_2,51.8
21:06:45,server_3,95.38
21:06:45,server_4,13.74
21:06:45,server_10,22.51
21:06:45,server_6,34.5
21:06:45,server_7,57.49
21:06:45,server_8,27.51
21:06:45,server_5,47.03
21:06:50,server_11,13.54
21:06:50,server_19,48.73
21:06:50,server_18,60.18
21:06:50,server_17,30.52
21:06:50,server_16,44.46
21:06:50,server_15,25.41
21:06:50,server_14,45.46
21:06:50,server_13,68.05
21:06:50,server_12,17.67
21:06:50,server_20,94.19
21:06:50,server_10,25.45
21:06:50,server_8,38.32
21:06:50,server_7,24.65
21:06:50,server_6,82.94
21:06:50,server_5,60.87
21:06:50,server_4,28.98
21:06:50,server_3,47.05
21:06:50,server_2,75.34
21:06:50,server_1,52.61
21:06:50,server_9,66.12
21:06:55,server_13,80.11
21:06:55,server_14,93.33
21:06:55,server_15,66.33
21:06:55,server_12,43.63
21:06:55,server_17,59.49
21:06:55,server_18,26.32
21:06:55,server_19,62.43
21:06:55,server_16,35.9
21:06:55,server_11,22.21
21:06:55,server_20,96.59
21:06:55,server_9,26.52
21:06:55,server_1,64.46
21:06:55,server_2,58.04
21:06:55,server_3,59.78
21:06:55,server_4,6.94
21:06:55,server_10,28.9
21:06:55,server_6,86.9
21:06:55,server_7,54.43
21:06:55,server_8,22.3
21:06:55,server_5,50.92
21:07:00,server_20,11.94
21:07:00,server_19,99.64
21:07:00,server_18,17.19
21:07:00,server_17,77.84
21:07:00,server_16,33.71
21:07:00,server_15,68.93
21:07:00,server_14,29.23
21:07:00,server_12,59.12
21:07:00,server_11,67.7
21:07:00,server_13,41.59
21:07:00,server_9,88.78
21:07:00,server_10,84.48
21:07:00,server_2,15.48
21:07:00,server_3,52.06
21:07:00,server_4,49.62
21:07:00,server_1,20.35
21:07:00,server_6,75.1
21:07:00,server_7,92.23
21:07:00,server_8,27.33
21:07:00,server_5,7.33
21:07:05,server_12,29.21
21:07:05,server_20,38.23
21:07:05,server_19,55.99
21:07:05,server_18,38.61
21:07:05,server_17,52.74
21:07:05,server_16,21.18
21:07:05,server_15,86.82
21:07:05,server_14,25.4
21:07:05,server_13,54.42
21:07:05,server_11,88.32
21:07:05,server_3,48.37
21:07:05,server_9,88.65
21:07:05,server_10,62.49
21:07:05,server_2,51.95
21:07:05,server_4,28.19
21:07:05,server_1,82.87
21:07:05,server_6,59.05
21:07:05,server_7,29.3
21:07:05,server_8,72.39
21:07:05,server_5,49.66
21:07:10,server_12,89.2
21:07:10,server_19,18.17
21:07:10,server_18,34.53
21:07:10,server_17,33.29
21:07:10,server_16,70.74
21:07:10,server_15,31.99
21:07:10,server_14,54.44
21:07:10,server_20,66.74
21:07:10,server_11,78.49
21:07:10,server_13,99.43
21:07:10,server_9,12.56
21:07:10,server_1,52.95
21:07:10,server_2,30.15
21:07:10,server_3,22.41
21:07:10,server_4,44.5
21:07:10,server_10,31.09
21:07:10,server_6,45.62
21:07:10,server_7,85.51
21:07:10,server_8,55.2
21:07:10,server_5,94.17
21:07:15,server_19,64.1
21:07:15,server_18,10.29
21:07:15,server_17,31.0
21:07:15,server_16,59.3
21:07:15,server_15,32.99
21:07:15,server_14,65.72
21:07:15,server_13,51.12
21:07:15,server_12,22.02
21:07:15,server_11,55.27
21:07:15,server_20,25.49
21:07:15,server_9,29.22
21:07:15,server_1,83.84
21:07:15,server_2,24.57
21:07:15,server_3,20.28
21:07:15,server_4,40.89
21:07:15,server_10,55.7
21:07:15,server_6,25.98
21:07:15,server_7,48.68
21:07:15,server_8,54.63
21:07:15,server_5,25.98
21:07:20,server_11,62.16
21:07:20,server_19,22.84
21:07:20,server_18,48.85
21:07:20,server_17,50.89
21:07:20,server_16,59.58
21:07:20,server_15,55.3
21:07:20,server_14,95.97
21:07:20,server_13,33.88
21:07:20,server_12,97.45
21:07:20,server_20,98.69
21:07:20,server_10,45.7
21:07:20,server_8,64.54
21:07:20,server_9,41.93
21:07:20,server_1,92.54
21:07:20,server_2,63.94
21:07:20,server_3,56.66
21:07:20,server_5,24.28
21:07:20,server_6,49.44
21:07:20,server_7,41.38
21:07:20,server_4,28.48
21:07:25,server_20,27.37
21:07:25,server_11,93.17
21:07:25,server_18,89.01
21:07:25,server_17,90.76
21:07:25,server_16,48.58
21:07:25,server_15,30.19
21:07:25,server_14,64.66
21:07:25,server_13,67.83
21:07:25,server_12,26.4
21:07:25,server_19,39.45
21:07:25,server_10,3.16
21:07:25,server_8,33.84
21:07:25,server_1,91.12
21:07:25,server_2,29.13
21:07:25,server_3,62.2
21:07:25,server_9,51.86
21:07:25,server_5,41.75
21:07:25,server_6,62.98
21:07:25,server_7,41.8
21:07:25,server_4,68.32
21:07:30,server_20,31.06
21:07:30,server_19,54.61
21:07:30,server_18,40.52
21:07:30,server_17,34.51
21:07:30,server_16,64.2
21:07:30,server_15,25.97
21:07:30,server_14,33.62
21:07:30,server_12,3.79
21:07:30,server_11,61.78
21:07:30,server_13,32.43
21:07:30,server_9,66.93
21:07:30,server_10,42.08
21:07:30,server_2,82.59
21:07:30,server_3,82.83
21:07:30,server_4,55.83
21:07:30,server_1,54.38
21:07:30,server_6,80.37
21:07:30,server_7,68.32
21:07:30,server_8,26.54
21:07:30,server_5,93.83
21:07:35,server_12,1.64
21:07:35,server_19,22.44
21:07:35,server_18,61.91
21:07:35,server_20,98.78
21:07:35,server_17,89.36
21:07:35,server_16,59.74
21:07:35,server_15,56.26
21:07:35,server_14,2.25
21:07:35,server_13,63.71
21:07:35,server_11,37.13
21:07:35,server_3,23.71
21:07:35,server_9,69.73
21:07:35,server_10,50.1
21:07:35,server_2,46.64
21:07:35,server_4,51.47
21:07:35,server_1,85.94
21:07:35,server_6,24.86
21:07:35,server_7,64.67
21:07:35,server_8,96.83
21:07:35,server_5,87.6
21:07:40,server_11,28.99
21:07:40,server_20,35.31
21:07:40,server_18,27.15
21:07:40,server_17,58.98
21:07:40,server_16,43.68
21:07:40,server_15,93.23
21:07:40,server_14,68.82
21:07:40,server_13,65.75
21:07:40,server_12,52.7
21:07:40,server_19,43.05
21:07:40,server_10,43.17
21:07:40,server_8,34.9
21:07:40,server_1,27.91
21:07:40,server_2,52.54
21:07:40,server_3,25.65
21:07:40,server_9,98.84
21:07:40,server_5,97.99
21:07:40,server_6,36.82
21:07:40,server_7,73.04
21:07:40,server_4,60.91
21:07:45,server_12,45.77
21:07:45,server_19,63.43
21:07:45,server_18,50.23
21:07:45,server_17,33.27
21:07:45,server_16,22.29
21:07:45,server_15,41.34
21:07:45,server_14,49.67
21:07:45,server_13,57.11
21:07:45,server_11,69.04
21:07:45,server_20,46.42
21:07:45,server_9,89.81
21:07:45,server_1,68.39
21:07:45,server_2,40.42
21:07:45,server_3,90.94
21:07:45,server_4,59.42
21:07:45,server_10,99.72
21:07:45,server_6,46.55
21:07:45,server_7,32.16
21:07:45,server_8,82.36
21:07:45,server_5,71.84
21:07:50,server_11,19.38
21:07:50,server_19,37.97
21:07:50,server_18,69.13
21:07:50,server_17,86.29
21:07:50,server_16,36.76
21:07:50,server_15,54.38
21:07:50,server_14,44.93
21:07:50,server_13,49.96
21:07:50,server_12,87.24
21:07:50,server_20,33.63
21:07:50,server_10,2.41
21:07:50,server_8,58.38
21:07:50,server_7,35.01
21:07:50,server_6,88.55
21:07:50,server_5,45.05
21:07:50,server_4,23.93
21:07:50,server_3,59.49
21:07:50,server_2,40.16
21:07:50,server_1,91.15
21:07:50,server_9,53.76
21:07:55,server_13,65.44
21:07:55,server_14,17.1
21:07:55,server_16,97.35
21:07:55,server_12,62.62
21:07:55,server_18,96.69
21:07:55,server_19,88.86
21:07:55,server_20,19.58
21:07:55,server_17,68.27
21:07:55,server_11,90.48
21:07:55,server_15,69.66
21:07:55,server_9,31.28
21:07:55,server_1,81.65
21:07:55,server_2,42.0
21:07:55,server_3,65.27
21:07:55,server_4,64.68
21:07:55,server_10,61.53
21:07:55,server_6,60.94
21:07:55,server_7,93.0
21:07:55,server_8,45.55
21:07:55,server_5,98.79
21:08:00,server_20,42.36
21:08:00,server_19,91.88
21:08:00,server_18,45.41
21:08:00,server_17,51.36
21:08:00,server_16,89.09
21:08:00,server_15,59.25
21:08:00,server_14,37.51
21:08:00,server_12,33.04
21:08:00,server_11,28.25
21:08:00,server_13,67.62
21:08:00,server_9,65.39
21:08:00,server_8,45.27
21:08:00,server_7,28.42
21:08:00,server_6,57.02
21:08:00,server_5,54.03
21:08:00,server_4,36.83
21:08:00,server_3,38.26
21:08:00,server_2,31.61
21:08:00,server_10,38.18
21:08:00,server_1,20.28
21:08:05,server_13,31.8
21:08:05,server_14,28.98
21:08:05,server_15,64.54
21:08:05,server_16,65.55
21:08:05,server_20,64.78
21:08:05,server_18,55.88
21:08:05,server_19,93.49
21:08:05,server_12,61.75
21:08:05,server_17,7.31
21:08:05,server_11,95.54
21:08:05,server_3,59.98
21:08:05,server_9,11.09
21:08:05,server_8,49.62
21:08:05,server_7,63.97
21:08:05,server_6,34.44
21:08:05,server_5,50.79
21:08:05,server_4,54.98
21:08:05,server_2,51.65
21:08:05,server_1,39.76
21:08:05,server_10,43.45
21:08:10,server_15,99.25
21:08:10,server_14,67.26
21:08:10,server_16,63.47
21:08:10,server_13,48.37
21:08:10,server_18,37.72
21:08:10,server_19,41.22
21:08:10,server_20,39.43
21:08:10,server_12,24.09
21:08:10,server_17,3.26
21:08:10,server_11,47.31
21:08:10,server_10,29.33
21:08:10,server_9,99.09
21:08:10,server_2,58.1
21:08:10,server_3,46.36
21:08:10,server_4,35.81
21:08:10,server_1,89.35
21:08:10,server_6,40.44
21:08:10,server_7,38.78
21:08:10,server_8,5.09
21:08:10,server_5,22.76
21:08:15,server_12,69.07
21:08:15,server_20,80.46
21:08:15,server_19,97.33
21:08:15,server_18,61.64
21:08:15,server_16,0.57
21:08:15,server_15,96.94
21:08:15,server_14,20.98
21:08:15,server_13,58.98
21:08:15,server_11,33.99
21:08:15,server_17,41.8
21:08:15,server_9,33.54
21:08:15,server_10,39.94
21:08:15,server_2,92.55
21:08:15,server_3,65.28
21:08:15,server_4,92.53
21:08:15,server_1,62.0
21:08:15,server_6,65.95
21:08:15,server_7,25.96
21:08:15,server_8,21.54
21:08:15,server_5,0.87
21:08:20,server_20,98.25
21:08:20,server_12,74.29
21:08:20,server_19,94.43
21:08:20,server_18,51.35
21:08:20,server_17,31.2
21:08:20,server_16,73.2
21:08:20,server_15,25.63
21:08:20,server_14,27.09
21:08:20,server_13,39.65
21:08:20,server_11,42.68
21:08:20,server_7,65.17
21:08:20,server_9,57.27
21:08:20,server_8,27.87
21:08:20,server_6,41.93
21:08:20,server_5,68.01
21:08:20,server_4,53.12
21:08:20,server_3,4.75
21:08:20,server_2,69.18
21:08:20,server_1,94.91
21:08:20,server_10,99.72
21:08:25,server_15,53.12
21:08:25,server_14,39.67
21:08:25,server_16,43.42
21:08:25,server_13,32.44
21:08:25,server_18,62.75
21:08:25,server_19,61.54
21:08:25,server_20,52.42
21:08:25,server_12,45.49
21:08:25,server_17,94.31
21:08:25,server_11,40.49
21:08:25,server_3,1.19
21:08:25,server_9,99.76
21:08:25,server_8,18.43
21:08:25,server_7,30.43
21:08:25,server_6,60.83
21:08:25,server_5,32.58
21:08:25,server_4,48.87
21:08:25,server_10,41.88
21:08:25,server_2,39.21
21:08:25,server_1,90.41
21:08:30,server_13,41.59
21:08:30,server_14,58.79
21:08:30,server_15,51.03
21:08:30,server_16,65.86
21:08:30,server_20,60.08
21:08:30,server_18,41.49
21:08:30,server_19,39.7
21:08:30,server_12,20.06
21:08:30,server_17,37.0
21:08:30,server_11,32.1
21:08:30,server_10,90.64
21:08:30,server_9,20.59
21:08:30,server_2,28.94
21:08:30,server_3,19.29
21:08:30,server_4,42.2
21:08:30,server_1,26.63
21:08:30,server_6,95.17
21:08:30,server_7,25.14
21:08:30,server_8,29.45
21:08:30,server_5,43.64
21:08:35,server_12,27.86
21:08:35,server_19,42.32
21:08:35,server_18,36.42
21:08:35,server_17,89.56
21:08:35,server_16,7.74
21:08:35,server_15,98.81
21:08:35,server_14,92.09
21:08:35,server_13,29.93
21:08:35,server_11,65.36
21:08:35,server_20,84.4
21:08:35,server_9,44.06
21:08:35,server_1,49.29
21:08:35,server_2,59.37
21:08:35,server_3,72.37
21:08:35,server_4,49.48
21:08:35,server_10,4.81
21:08:35,server_6,63.61
21:08:35,server_7,69.51
21:08:35,server_8,69.98
21:08:35,server_5,99.93
21:08:40,server_12,39.4
21:08:40,server_19,69.27
21:08:40,server_18,69.3
21:08:40,server_17,37.54
21:08:40,server_16,25.1
21:08:40,server_15,68.66
21:08:40,server_14,23.13
21:08:40,server_13,87.8
21:08:40,server_11,56.1
21:08:40,server_20,92.62
21:08:40,server_9,48.99
21:08:40,server_1,31.88
21:08:40,server_2,37.51
21:08:40,server_3,16.06
21:08:40,server_4,45.57
21:08:40,server_10,25.83
21:08:40,server_6,37.96
21:08:40,server_7,52.9
21:08:40,server_8,67.6
21:08:40,server_5,86.54
21:08:45,server_11,98.74
21:08:45,server_19,52.71
21:08:45,server_18,9.51
21:08:45,server_17,68.0
21:08:45,server_16,56.22
21:08:45,server_15,58.42
21:08:45,server_14,29.59
21:08:45,server_13,31.84
21:08:45,server_12,68.05
21:08:45,server_20,56.63
21:08:45,server_10,66.61
21:08:45,server_8,63.47
21:08:45,server_7,39.21
21:08:45,server_6,37.39
21:08:45,server_5,42.2
21:08:45,server_4,54.63
21:08:45,server_3,52.78
21:08:45,server_2,90.98
21:08:45,server_1,54.75
21:08:45,server_9,23.17
21:08:50,server_14,63.98
21:08:50,server_15,49.89
21:08:50,server_16,26.77
21:08:50,server_12,4.97
21:08:50,server_18,32.16
21:08:50,server_19,65.65
21:08:50,server_20,98.87
21:08:50,server_17,44.38
21:08:50,server_11,51.87
21:08:50,server_13,59.97
21:08:50,server_9,50.53
21:08:50,server_10,44.41
21:08:50,server_2,0.8
21:08:50,server_3,73.3
21:08:50,server_4,21.71
21:08:50,server_1,59.16
21:08:50,server_6,34.66
21:08:50,server_7,29.2
21:08:50,server_8,25.33
21:08:50,server_5,52.59
21:08:55,server_20,50.4
21:08:55,server_19,4.3
21:08:55,server_18,66.56
21:08:55,server_12,21.16
21:08:55,server_17,56.2
21:08:55,server_16,36.18
21:08:55,server_15,60.25
21:08:55,server_14,0.68
21:08:55,server_13,75.88
21:08:55,server_11,32.92
21:08:55,server_3,31.62
21:08:55,server_9,85.98
21:08:55,server_1,99.09
21:08:55,server_2,91.89
21:08:55,server_4,16.05
21:08:55,server_10,57.32
21:08:55,server_6,36.86
21:08:55,server_7,11.22
21:08:55,server_8,33.68
21:08:55,server_5,0.87
21:09:00,server_20,89.97
21:09:00,server_19,25.66
21:09:00,server_18,26.25
21:09:00,server_17,71.3
21:09:00,server_16,47.14
21:09:00,server_15,44.35
21:09:00,server_14,87.51
21:09:00,server_12,64.6
21:09:00,server_11,49.87
21:09:00,server_13,31.67
21:09:00,server_9,48.6
21:09:00,server_10,27.31
21:09:00,server_2,64.98
21:09:00,server_3,23.78
21:09:00,server_4,64.61
21:09:00,server_1,48.16
21:09:00,server_6,7.43
21:09:00,server_7,56.66
21:09:00,server_8,66.38
21:09:00,server_5,53.29
21:09:05,server_12,40.18
21:09:05,server_20,21.56
21:09:05,server_19,43.3
21:09:05,server_18,52.71
21:09:05,server_17,37.56
21:09:05,server_16,57.07
21:09:05,server_15,84.8
21:09:05,server_14,90.19
21:09:05,server_13,28.7
21:09:05,server_11,30.08
21:09:05,server_3,58.47
21:09:05,server_9,85.7
21:09:05,server_8,97.78
21:09:05,server_7,52.0
21:09:05,server_6,2.74
21:09:05,server_5,40.5
21:09:05,server_4,72.75
21:09:05,server_2,23.85
21:09:05,server_1,46.1
21:09:05,server_10,66.53
21:09:10,server_13,85.69
21:09:10,server_14,47.12
21:09:10,server_15,34.14
21:09:10,server_16,85.21
21:09:10,server_19,37.21
21:09:10,server_20,88.29
21:09:10,server_18,28.38
21:09:10,server_12,40.97
21:09:10,server_17,65.31
21:09:10,server_11,62.57
21:09:10,server_3,26.17
21:09:10,server_9,39.76
21:09:10,server_10,64.93
21:09:10,server_2,27.08
21:09:10,server_4,5.39
21:09:10,server_1,24.16
21:09:10,server_6,61.32
21:09:10,server_7,61.96
21:09:10,server_5,61.21
21:09:10,server_8,8.98
21:09:15,server_20,67.17
21:09:15,server_19,65.98
21:09:15,server_18,86.7
21:09:15,server_17,51.01
21:09:15,server_16,24.71
21:09:15,server_15,15.9
21:09:15,server_14,90.21
21:09:15,server_12,24.26
21:09:15,server_10,76.17
21:09:15,server_13,86.31
21:09:15,server_8,22.22
21:09:15,server_9,43.31
21:09:15,server_1,18.63
21:09:15,server_2,97.02
21:09:15,server_3,63.47
21:09:15,server_11,67.79
21:09:15,server_5,54.87
21:09:15,server_6,59.81
21:09:15,server_7,48.56
21:09:15,server_4,60.47
21:09:20,server_20,25.18
21:09:20,server_19,54.56
21:09:20,server_18,25.17
21:09:20,server_17,25.48
21:09:20,server_16,35.18
21:09:20,server_15,29.73
21:09:20,server_14,43.01
21:09:20,server_13,46.79
21:09:20,server_12,18.39
21:09:20,server_11,90.02
21:09:20,server_10,21.98
21:09:20,server_8,54.25
21:09:20,server_7,51.34
21:09:20,server_6,3.25
21:09:20,server_5,60.74
21:09:20,server_4,27.63
21:09:20,server_3,57.31
21:09:20,server_2,86.43
21:09:20,server_1,58.14
21:09:20,server_9,32.69
21:09:25,server_13,40.68
21:09:25,server_14,47.92
21:09:25,server_15,30.91
21:09:25,server_16,52.2
21:09:25,server_20,92.79
21:09:25,server_18,82.52
21:09:25,server_19,63.2
21:09:25,server_12,51.27
21:09:25,server_17,56.3
21:09:25,server_11,69.86
21:09:25,server_10,29.68
21:09:25,server_9,89.6
21:09:25,server_2,25.23
21:09:25,server_3,96.25
21:09:25,server_4,25.23
21:09:25,server_1,25.14
21:09:25,server_6,83.26
21:09:25,server_7,29.99
21:09:25,server_8,91.79
21:09:25,server_5,47.21
21:09:30,server_12,36.29
21:09:30,server_19,52.36
21:09:30,server_18,57.46
21:09:30,server_17,36.46
21:09:30,server_16,91.44
21:09:30,server_15,27.23
21:09:30,server_14,94.68
21:09:30,server_13,49.3
21:09:30,server_11,53.43
21:09:30,server_20,47.84
21:09:30,server_9,41.21
21:09:30,server_1,94.43
21:09:30,server_2,86.74
21:09:30,server_3,50.45
21:09:30,server_4,32.98
21:09:30,server_10,21.02
21:09:30,server_6,75.98
21:09:30,server_7,23.39
21:09:30,server_8,58.93
21:09:30,server_5,90.62
21:09:35,server_12,39.77
21:09:35,server_19,95.4
21:09:35,server_18,30.99
21:09:35,server_17,88.26
21:09:35,server_16,34.7
21:09:35,server_15,65.04
21:09:35,server_14,41.28
21:09:35,server_13,56.03
21:09:35,server_11,53.02
21:09:35,server_20,67.05
21:09:35,server_9,59.14
21:09:35,server_1,3.56
21:09:35,server_2,84.44
21:09:35,server_3,31.99
21:09:35,server_4,24.96
21:09:35,server_10,68.57
21:09:35,server_6,68.9
21:09:35,server_7,92.7
21:09:35,server_8,65.68
21:09:35,server_5,89.2
21:09:40,server_11,30.64
21:09:40,server_19,96.54
21:09:40,server_18,62.9
21:09:40,server_17,91.63
21:09:40,server_16,69.3
21:09:40,server_15,53.6
21:09:40,server_14,99.12
21:09:40,server_13,27.01
21:09:40,server_12,33.95
21:09:40,server_20,23.37
21:09:40,server_10,84.79
21:09:40,server_8,22.66
21:09:40,server_7,35.57
21:09:40,server_6,46.57
21:09:40,server_5,29.96
21:09:40,server_4,94.67
21:09:40,server_3,54.47
21:09:40,server_2,30.16
21:09:40,server_1,92.41
21:09:40,server_9,20.24
21:09:45,server_13,66.7
21:09:45,server_14,98.34
21:09:45,server_15,66.34
21:09:45,server_12,28.04
21:09:45,server_17,87.92
21:09:45,server_18,51.91
21:09:45,server_19,23.03
21:09:45,server_16,48.14
21:09:45,server_11,98.59
21:09:45,server_20,36.71
21:09:45,server_9,25.21
21:09:45,server_8,62.28
21:09:45,server_7,94.24
21:09:45,server_6,26.01
21:09:45,server_5,46.73
21:09:45,server_4,90.14
21:09:45,server_3,58.46
21:09:45,server_2,20.23
21:09:45,server_1,94.13
21:09:45,server_10,66.5
21:09:50,server_13,48.79
21:09:50,server_14,25.85
21:09:50,server_15,31.81
21:09:50,server_16,97.43
21:09:50,server_20,58.56
21:09:50,server_12,54.11
21:09:50,server_18,19.38
21:09:50,server_19,65.89
21:09:50,server_17,80.81
21:09:50,server_11,32.96
21:09:50,server_3,26.84
21:09:50,server_9,20.53
21:09:50,server_1,47.71
21:09:50,server_2,90.39
21:09:50,server_4,31.79
21:09:50,server_10,81.05
21:09:50,server_6,58.96
21:09:50,server_7,55.99
21:09:50,server_8,45.08
21:09:50,server_5,33.87
21:09:55,server_12,23.58
21:09:55,server_19,49.26
21:09:55,server_18,71.49
21:09:55,server_17,50.29
21:09:55,server_16,90.35
21:09:55,server_15,39.52
21:09:55,server_14,92.99
21:09:55,server_13,49.42
21:09:55,server_11,42.29
21:09:55,server_20,45.04
21:09:55,server_9,29.79
21:09:55,server_1,61.26
21:09:55,server_2,33.65
21:09:55,server_3,32.19
21:09:55,server_4,97.8
21:09:55,server_10,19.78
21:09:55,server_6,93.24
21:09:55,server_7,20.24
21:09:55,server_8,10.41
21:09:55,server_5,83.77
21:10:00,server_11,66.17
21:10:00,server_19,56.06
21:10:00,server_18,62.9
21:10:00,server_17,59.38
21:10:00,server_16,3.36
21:10:00,server_15,86.06
21:10:00,server_14,96.03
21:10:00,server_13,56.69
21:10:00,server_12,95.36
21:10:00,server_20,42.32
21:10:00,server_10,63.36
21:10:00,server_8,5.57
21:10:00,server_7,53.44
21:10:00,server_6,89.96
21:10:00,server_5,65.44
21:10:00,server_4,40.32
21:10:00,server_3,28.96
21:10:00,server_2,84.69
21:10:00,server_1,65.86
21:10:00,server_9,56.42
21:10:05,server_14,41.38
21:10:05,server_15,39.28
21:10:05,server_16,26.32
21:10:05,server_13,27.98
21:10:05,server_18,22.81
21:10:05,server_19,64.88
21:10:05,server_20,49.16
21:10:05,server_17,47.08
21:10:05,server_12,15.69
21:10:05,server_11,37.14
21:10:05,server_1,68.53
21:10:05,server_9,43.14
21:10:05,server_8,58.06
21:10:05,server_7,55.44
21:10:05,server_6,76.98
21:10:05,server_5,12.03
21:10:05,server_4,24.38
21:10:05,server_3,39.2
21:10:05,server_2,60.51
21:10:05,server_10,94.3
21:10:10,server_13,85.1
21:10:10,server_14,95.09
21:10:10,server_15,43.59
21:10:10,server_20,62.28
21:10:10,server_18,26.66
21:10:10,server_19,87.78
21:10:10,server_12,59.64
21:10:10,server_16,61.62
21:10:10,server_11,93.03
21:10:10,server_17,53.04
21:10:10,server_9,61.96
21:10:10,server_10,28.52
21:10:10,server_2,93.0
21:10:10,server_3,49.57
21:10:10,server_4,1.24
21:10:10,server_1,52.78
21:10:10,server_6,89.31
21:10:10,server_7,39.6
21:10:10,server_8,28.4
21:10:10,server_5,22.85
21:10:15,server_20,66.74
21:10:15,server_12,23.41
21:10:15,server_19,82.52
21:10:15,server_18,98.84
21:10:15,server_17,42.64
21:10:15,server_16,49.87
21:10:15,server_15,48.52
21:10:15,server_14,83.51
21:10:15,server_13,61.1
21:10:15,server_11,28.65
21:10:15,server_7,47.84
21:10:15,server_9,65.84
21:10:15,server_8,40.45
21:10:15,server_6,56.41
21:10:15,server_5,8.34
21:10:15,server_4,20.98
21:10:15,server_3,38.21
21:10:15,server_2,50.01
21:10:15,server_1,63.98
21:10:15,server_10,64.7
21:10:20,server_15,33.38
21:10:20,server_13,24.67
21:10:20,server_14,67.85
21:10:20,server_16,48.23
21:10:20,server_12,86.23
21:10:20,server_18,68.19
21:10:20,server_19,31.67
21:10:20,server_20,70.9
21:10:20,server_17,49.41
21:10:20,server_11,40.81
21:10:20,server_1,62.35
21:10:20,server_9,54.01
21:10:20,server_2,39.9
21:10:20,server_3,91.1
21:10:20,server_4,67.85
21:10:20,server_10,62.7
21:10:20,server_6,63.55
21:10:20,server_7,48.76
21:10:20,server_8,42.0
21:10:20,server_5,58.81
21:10:25,server_13,48.47
21:10:25,server_20,68.55
21:10:25,server_19,40.46
21:10:25,server_18,97.55
21:10:25,server_17,90.4
21:10:25,server_16,26.82
21:10:25,server_15,46.32
21:10:25,server_14,93.94
21:10:25,server_12,66.43
21:10:25,server_11,88.62
21:10:25,server_1,52.23
21:10:25,server_9,41.63
21:10:25,server_8,53.09
21:10:25,server_7,48.09
21:10:25,server_6,87.71
21:10:25,server_5,80.13
21:10:25,server_4,95.08
21:10:25,server_3,95.36
21:10:25,server_2,22.89
21:10:25,server_10,56.82
21:10:30,server_13,20.79
21:10:30,server_14,60.89
21:10:30,server_15,52.12
21:10:30,server_16,30.96
21:10:30,server_12,36.22
21:10:30,server_18,49.22
21:10:30,server_19,46.29
21:10:30,server_20,34.0
21:10:30,server_17,40.32
21:10:30,server_11,37.19
21:10:30,server_1,96.22
21:10:30,server_9,77.21
21:10:30,server_8,89.79
21:10:30,server_7,54.73
21:10:30,server_6,54.72
21:10:30,server_5,46.04
21:10:30,server_4,63.08
21:10:30,server_3,96.14
21:10:30,server_2,38.21
21:10:30,server_10,65.75
21:10:35,server_13,28.58
21:10:35,server_14,93.36
21:10:35,server_15,86.19
21:10:35,server_16,47.27
21:10:35,server_20,55.8
21:10:35,server_18,81.79
21:10:35,server_19,41.09
21:10:35,server_12,59.13
21:10:35,server_17,41.39
21:10:35,server_11,29.72
21:10:35,server_1,30.33
21:10:35,server_9,67.96
21:10:35,server_2,28.1
21:10:35,server_3,55.86
21:10:35,server_4,92.84
21:10:35,server_10,36.59
21:10:35,server_6,67.96
21:10:35,server_7,85.26
21:10:35,server_8,40.75
21:10:35,server_5,9.01
21:10:40,server_12,24.06
21:10:40,server_19,58.71
21:10:40,server_18,30.78
21:10:40,server_17,42.12
21:10:40,server_16,30.51
21:10:40,server_15,46.86
21:10:40,server_14,9.29
21:10:40,server_13,30.77
21:10:40,server_20,44.68
21:10:40,server_11,27.19
21:10:40,server_9,59.26
21:10:40,server_8,11.19
21:10:40,server_7,63.13
21:10:40,server_6,98.69
21:10:40,server_5,66.65
21:10:40,server_4,53.72
21:10:40,server_3,9.99
21:10:40,server_2,91.69
21:10:40,server_1,32.17
21:10:40,server_10,60.21
21:10:45,server_13,50.19
21:10:45,server_20,93.65
21:10:45,server_14,54.99
21:10:45,server_15,84.05
21:10:45,server_12,97.51
21:10:45,server_17,5.36
21:10:45,server_18,53.04
21:10:45,server_19,48.44
21:10:45,server_16,66.89
21:10:45,server_11,41.56
21:10:45,server_7,69.1
21:10:45,server_9,10.85
21:10:45,server_8,47.05
21:10:45,server_6,95.83
21:10:45,server_5,24.28
21:10:45,server_4,35.07
21:10:45,server_3,31.86
21:10:45,server_2,70.85
21:10:45,server_1,52.55
21:10:45,server_10,19.04
21:10:50,server_13,55.17
21:10:50,server_14,79.55
21:10:50,server_15,87.34
21:10:50,server_16,87.87
21:10:50,server_20,93.88
21:10:50,server_18,97.88
21:10:50,server_19,69.85
21:10:50,server_12,63.72
21:10:50,server_17,61.21
21:10:50,server_11,26.02
21:10:50,server_10,28.01
21:10:50,server_9,69.07
21:10:50,server_2,89.18
21:10:50,server_3,56.91
21:10:50,server_4,28.19
21:10:50,server_1,24.89
21:10:50,server_6,93.85
21:10:50,server_7,57.1
21:10:50,server_8,44.02
21:10:50,server_5,43.69
21:10:55,server_12,51.43
21:10:55,server_19,82.51
21:10:55,server_18,85.24
21:10:55,server_17,35.86
21:10:55,server_16,88.56
21:10:55,server_15,42.95
21:10:55,server_14,92.33
21:10:55,server_13,25.37
21:10:55,server_11,27.12
21:10:55,server_20,21.89
21:10:55,server_9,40.84
21:10:55,server_1,60.03
21:10:55,server_2,46.83
21:10:55,server_3,59.72
21:10:55,server_4,10.89
21:10:55,server_10,95.54
21:10:55,server_6,78.25
21:10:55,server_7,55.59
21:10:55,server_8,97.04
21:10:55,server_5,27.97
21:11:00,server_12,55.03
21:11:00,server_19,57.6
21:11:00,server_18,37.24
21:11:00,server_17,69.54
21:11:00,server_16,84.87
21:11:00,server_15,53.28
21:11:00,server_14,26.65
21:11:00,server_13,27.6
21:11:00,server_11,28.75
21:11:00,server_20,61.92
21:11:00,server_9,82.02
21:11:00,server_1,68.31
21:11:00,server_2,62.36
21:11:00,server_3,98.43
21:11:00,server_4,98.86
21:11:00,server_10,10.83
21:11:00,server_6,26.98
21:11:00,server_7,69.39
21:11:00,server_8,46.85
21:11:00,server_5,37.42
21:11:05,server_11,45.25
21:11:05,server_19,86.8
21:11:05,server_18,28.67
21:11:05,server_17,90.34
21:11:05,server_16,27.44
21:11:05,server_15,7.69
21:11:05,server_14,52.61
21:11:05,server_13,25.48
21:11:05,server_12,46.11
21:11:05,server_20,41.66
21:11:05,server_10,97.93
21:11:05,server_8,43.98
21:11:05,server_7,34.2
21:11:05,server_6,40.73
21:11:05,server_5,86.52
21:11:05,server_4,48.33
21:11:05,server_3,55.88
21:11:05,server_2,26.51
21:11:05,server_1,44.42
21:11:05,server_9,35.02
21:11:10,server_13,88.83
21:11:10,server_14,45.47
21:11:10,server_15,50.49
21:11:10,server_12,52.92
21:11:10,server_20,37.69
21:11:10,server_18,5.5
21:11:10,server_19,90.56
21:11:10,server_16,7.16
21:11:10,server_11,80.75
21:11:10,server_17,73.3
21:11:10,server_9,44.01
21:11:10,server_1,64.39
21:11:10,server_2,67.83
21:11:10,server_3,99.22
21:11:10,server_4,72.99
21:11:10,server_10,93.66
21:11:10,server_6,34.8
21:11:10,server_7,30.96
21:11:10,server_8,22.73
21:11:10,server_5,73.58
21:11:15,server_12,94.85
21:11:15,server_19,37.98
21:11:15,server_18,75.46
21:11:15,server_17,82.15
21:11:15,server_16,39.92
21:11:15,server_15,32.89
21:11:15,server_14,32.29
21:11:15,server_13,94.17
21:11:15,server_11,52.04
21:11:15,server_20,87.35
21:11:15,server_9,1.59
21:11:15,server_1,32.07
21:11:15,server_2,61.56
21:11:15,server_3,51.14
21:11:15,server_4,2.49
21:11:15,server_10,41.3
21:11:15,server_6,23.39
21:11:15,server_7,38.68
21:11:15,server_8,40.11
21:11:15,server_5,61.62
21:11:20,server_11,66.51
21:11:20,server_19,39.34
21:11:20,server_18,22.37
21:11:20,server_17,46.67
21:11:20,server_16,60.35
21:11:20,server_15,26.84
21:11:20,server_14,92.39
21:11:20,server_13,78.79
21:11:20,server_12,41.5
21:11:20,server_20,87.68
21:11:20,server_10,40.01
21:11:20,server_8,92.17
21:11:20,server_7,65.52
21:11:20,server_6,67.49
21:11:20,server_5,28.44
21:11:20,server_4,66.5
21:11:20,server_3,42.02
21:11:20,server_2,15.82
21:11:20,server_1,94.58
21:11:20,server_9,63.07
21:11:25,server_13,65.72
21:11:25,server_20,56.81
21:11:25,server_14,87.59
21:11:25,server_15,53.74
21:11:25,server_19,24.12
21:11:25,server_17,46.38
21:11:25,server_18,67.17
21:11:25,server_12,50.79
21:11:25,server_16,36.12
21:11:25,server_11,34.66
21:11:25,server_7,7.97
21:11:25,server_9,44.37
21:11:25,server_8,41.9
21:11:25,server_6,92.67
21:11:25,server_5,41.97
21:11:25,server_4,99.9
21:11:25,server_3,48.22
21:11:25,server_2,22.34
21:11:25,server_1,62.44
21:11:25,server_10,22.28
21:11:30,server_13,98.5
21:11:30,server_14,62.22
21:11:30,server_15,62.1
21:11:30,server_20,90.13
21:11:30,server_18,92.73
21:11:30,server_19,36.76
21:11:30,server_12,21.7
21:11:30,server_16,49.94
21:11:30,server_11,82.75
21:11:30,server_17,69.39
21:11:30,server_9,22.37
21:11:30,server_8,38.24
21:11:30,server_7,30.69
21:11:30,server_6,53.59
21:11:30,server_5,89.11
21:11:30,server_4,72.28
21:11:30,server_3,30.0
21:11:30,server_2,54.86
21:11:30,server_1,47.65
21:11:30,server_10,63.55
21:11:35,server_13,95.05
21:11:35,server_14,10.13
21:11:35,server_15,52.76
21:11:35,server_20,91.56
21:11:35,server_17,28.22
21:11:35,server_18,61.29
21:11:35,server_19,54.45
21:11:35,server_12,40.46
21:11:35,server_16,43.26
21:11:35,server_11,43.86
21:11:35,server_7,63.59
21:11:35,server_9,72.24
21:11:35,server_8,98.85
21:11:35,server_6,89.77
21:11:35,server_5,40.21
21:11:35,server_4,67.16
21:11:35,server_3,34.29
21:11:35,server_2,98.59
21:11:35,server_1,22.43
21:11:35,server_10,6.91
21:11:40,server_15,76.77
21:11:40,server_14,35.85
21:11:40,server_16,82.6
21:11:40,server_13,57.97
21:11:40,server_18,40.25
21:11:40,server_19,55.22
21:11:40,server_20,74.25
21:11:40,server_12,46.7
21:11:40,server_17,93.03
21:11:40,server_11,41.37
21:11:40,server_10,21.12
21:11:40,server_9,56.72
21:11:40,server_2,85.5
21:11:40,server_3,68.88
21:11:40,server_4,69.5
21:11:40,server_1,43.27
21:11:40,server_6,26.56
21:11:40,server_7,40.87
21:11:40,server_8,49.02
21:11:40,server_5,95.55
21:11:45,server_13,49.36
21:11:45,server_20,23.21
21:11:45,server_19,25.65
21:11:45,server_18,41.35
21:11:45,server_17,79.45
21:11:45,server_16,44.25
21:11:45,server_15,84.18
21:11:45,server_14,1.57
21:11:45,server_12,73.98
21:11:45,server_11,32.61
21:11:45,server_1,85.35
21:11:45,server_9,44.18
21:11:45,server_8,48.67
21:11:45,server_7,72.79
21:11:45,server_6,41.5
21:11:45,server_5,29.22
21:11:45,server_4,93.1
21:11:45,server_3,52.46
21:11:45,server_2,88.26
21:11:45,server_10,26.39
21:11:50,server_13,61.37
21:11:50,server_14,45.52
21:11:50,server_15,71.66
21:11:50,server_16,22.15
21:11:50,server_12,65.03
21:11:50,server_18,22.81
21:11:50,server_19,68.0
21:11:50,server_20,22.0
21:11:50,server_17,14.96
21:11:50,server_11,65.2
21:11:50,server_1,83.68
21:11:50,server_9,29.69
21:11:50,server_8,23.79
21:11:50,server_7,26.74
21:11:50,server_6,69.24
21:11:50,server_5,45.78
21:11:50,server_4,69.21
21:11:50,server_3,66.61
21:11:50,server_2,62.76
21:11:50,server_10,12.34
21:11:55,server_13,62.33
21:11:55,server_14,65.64
21:11:55,server_15,69.41
21:11:55,server_16,36.3
21:11:55,server_20,30.59
21:11:55,server_18,89.07
21:11:55,server_19,29.66
21:11:55,server_12,24.95
21:11:55,server_17,40.02
21:11:55,server_11,98.21
21:11:55,server_10,51.8
21:11:55,server_9,33.3
21:11:55,server_2,88.73
21:11:55,server_3,40.2
21:11:55,server_4,93.06
21:11:55,server_1,25.18
21:11:55,server_6,26.84
21:11:55,server_7,6.85
21:11:55,server_8,28.61
21:11:55,server_5,54.37
21:12:00,server_12,37.04
21:12:00,server_19,93.24
21:12:00,server_18,56.2
21:12:00,server_17,64.23
21:12:00,server_16,29.79
21:12:00,server_15,79.87
21:12:00,server_14,89.47
21:12:00,server_13,41.61
21:12:00,server_11,96.79
21:12:00,server_20,29.75
21:12:00,server_9,64.65
21:12:00,server_1,31.88
21:12:00,server_2,49.67
21:12:00,server_3,89.43
21:12:00,server_4,92.55
21:12:00,server_10,1.29
21:12:00,server_6,17.61
21:12:00,server_7,21.41
21:12:00,server_8,55.57
21:12:00,server_5,90.62
21:12:05,server_11,93.41
21:12:05,server_19,38.27
21:12:05,server_18,29.75
21:12:05,server_17,95.61
21:12:05,server_16,64.64
21:12:05,server_15,55.38
21:12:05,server_14,50.06
21:12:05,server_13,43.83
21:12:05,server_12,99.8
21:12:05,server_20,67.43
21:12:05,server_10,62.73
21:12:05,server_8,62.61
21:12:05,server_7,45.86
21:12:05,server_6,87.99
21:12:05,server_5,52.94
21:12:05,server_4,44.82
21:12:05,server_3,37.93
21:12:05,server_2,53.98
21:12:05,server_1,87.26
21:12:05,server_9,2.68
21:12:10,server_14,86.58
21:12:10,server_15,40.45
21:12:10,server_16,85.46
21:12:10,server_13,48.3
21:12:10,server_18,36.44
21:12:10,server_19,44.5
21:12:10,server_20,93.64
21:12:10,server_17,89.9
21:12:10,server_12,38.03
21:12:10,server_11,43.94
21:12:10,server_10,2.78
21:12:10,server_2,67.04
21:12:10,server_3,22.52
21:12:10,server_4,1.2
21:12:10,server_5,83.19
21:12:10,server_1,50.11
21:12:10,server_7,62.87
21:12:10,server_8,39.98
21:12:10,server_9,56.94
21:12:10,server_6,24.83
21:12:15,server_12,43.61
21:12:15,server_19,96.85
21:12:15,server_18,95.28
21:12:15,server_17,63.31
21:12:15,server_16,71.29
21:12:15,server_15,56.75
21:12:15,server_14,42.8
21:12:15,server_13,68.07
21:12:15,server_11,39.57
21:12:15,server_20,90.36
21:12:15,server_9,12.23
21:12:15,server_1,64.39
21:12:15,server_2,95.92
21:12:15,server_3,35.3
21:12:15,server_4,88.56
21:12:15,server_10,60.74
21:12:15,server_6,30.21
21:12:15,server_7,44.11
21:12:15,server_8,64.97
21:12:15,server_5,75.93
21:12:20,server_11,68.07
21:12:20,server_19,80.18
21:12:20,server_18,81.2
21:12:20,server_17,68.59
21:12:20,server_16,90.4
21:12:20,server_15,90.25
21:12:20,server_14,59.69
21:12:20,server_13,69.38
21:12:20,server_12,51.72
21:12:20,server_20,81.47
21:12:20,server_10,23.35
21:12:20,server_8,90.6
21:12:20,server_7,4.99
21:12:20,server_6,86.28
21:12:20,server_5,70.61
21:12:20,server_4,77.64
21:12:20,server_3,57.87
21:12:20,server_2,24.92
21:12:20,server_1,19.87
21:12:20,server_9,90.86
21:12:25,server_13,82.67
21:12:25,server_14,97.24
21:12:25,server_15,58.6
21:12:25,server_16,73.93
21:12:25,server_20,19.03
21:12:25,server_18,25.05
21:12:25,server_19,46.05
21:12:25,server_12,96.62
21:12:25,server_17,88.55
21:12:25,server_10,65.6
21:12:25,server_7,63.57
21:12:25,server_9,96.47
21:12:25,server_11,90.98
21:12:25,server_2,61.14
21:12:25,server_3,52.8
21:12:25,server_4,68.08
21:12:25,server_1,91.6
21:12:25,server_6,38.06
21:12:25,server_8,87.14
21:12:25,server_5,95.63
21:12:30,server_20,20.99
21:12:30,server_12,42.94
21:12:30,server_19,34.46
21:12:30,server_17,57.3
21:12:30,server_16,23.41
21:12:30,server_15,20.87
21:12:30,server_14,88.74
21:12:30,server_13,54.94
21:12:30,server_11,48.46
21:12:30,server_18,84.28
21:12:30,server_9,42.13
21:12:30,server_8,86.73
21:12:30,server_7,45.92
21:12:30,server_6,35.85
21:12:30,server_5,58.08
21:12:30,server_4,25.44
21:12:30,server_3,65.41
21:12:30,server_2,20.63
21:12:30,server_1,46.61
21:12:30,server_10,98.74
21:12:35,server_13,20.51
21:12:35,server_14,88.52
21:12:35,server_15,48.64
21:12:35,server_20,48.61
21:12:35,server_17,26.06
21:12:35,server_18,44.31
21:12:35,server_19,68.64
21:12:35,server_12,53.66
21:12:35,server_16,32.4
21:12:35,server_11,42.95
21:12:35,server_7,25.31
21:12:35,server_9,51.6
21:12:35,server_8,63.13
21:12:35,server_6,40.31
21:12:35,server_5,48.16
21:12:35,server_4,41.32
21:12:35,server_3,66.64
21:12:35,server_2,97.22
21:12:35,server_1,20.45
21:12:35,server_10,69.81
21:12:40,server_15,11.0
21:12:40,server_13,79.79
21:12:40,server_14,86.86
21:12:40,server_16,61.87
21:12:40,server_12,77.9
21:12:40,server_18,99.59
21:12:40,server_19,94.14
21:12:40,server_20,57.79
21:12:40,server_17,57.97
21:12:40,server_11,34.47
21:12:40,server_1,23.08
21:12:40,server_9,69.3
21:12:40,server_2,54.65
21:12:40,server_3,64.49
21:12:40,server_4,65.71
21:12:40,server_10,91.95
21:12:40,server_6,44.65
21:12:40,server_7,11.59
21:12:40,server_8,44.1
21:12:40,server_5,89.17
21:12:45,server_12,4.49
21:12:45,server_19,68.64
21:12:45,server_18,62.51
21:12:45,server_17,56.02
21:12:45,server_16,62.29
21:12:45,server_15,80.29
21:12:45,server_14,51.06
21:12:45,server_13,83.93
21:12:45,server_11,53.9
21:12:45,server_20,42.23
21:12:45,server_9,90.03
21:12:45,server_1,61.33
21:12:45,server_2,23.65
21:12:45,server_3,95.8
21:12:45,server_4,27.5
21:12:45,server_10,35.15
21:12:45,server_6,50.0
21:12:45,server_7,29.49
21:12:45,server_8,69.86
21:12:45,server_5,77.52
21:12:50,server_11,94.85
21:12:50,server_19,78.12
21:12:50,server_18,72.4
21:12:50,server_17,56.25
21:12:50,server_16,20.7
21:12:50,server_15,94.56
21:12:50,server_14,81.37
21:12:50,server_13,48.77
21:12:50,server_12,91.69
21:12:50,server_20,27.17
21:12:50,server_10,64.73
21:12:50,server_8,42.05
21:12:50,server_7,25.58
21:12:50,server_6,89.68
21:12:50,server_5,3.88
21:12:50,server_4,99.65
21:12:50,server_3,59.46
21:12:50,server_2,46.17
21:12:50,server_1,40.19
21:12:50,server_9,47.29
21:12:55,server_14,29.43
21:12:55,server_15,35.34
21:12:55,server_16,57.72
21:12:55,server_13,99.15
21:12:55,server_18,61.06
21:12:55,server_19,5.75
21:12:55,server_20,50.44
21:12:55,server_17,21.74
21:12:55,server_12,22.98
21:12:55,server_11,61.83
21:12:55,server_1,98.49
21:12:55,server_9,24.47
21:12:55,server_8,27.83
21:12:55,server_7,42.88
21:12:55,server_6,76.25
21:12:55,server_5,25.91
21:12:55,server_4,59.2
21:12:55,server_3,33.05
21:12:55,server_2,95.08
21:12:55,server_10,89.23
21:13:00,server_13,43.68
21:13:00,server_14,28.59
21:13:00,server_15,25.52
21:13:00,server_20,70.29
21:13:00,server_18,50.01
21:13:00,server_19,14.45
21:13:00,server_12,27.61
21:13:00,server_16,99.04
21:13:00,server_11,52.58
21:13:00,server_17,51.56
21:13:00,server_9,2.24
21:13:00,server_10,65.64
21:13:00,server_2,69.92
21:13:00,server_3,52.96
21:13:00,server_4,68.51
21:13:00,server_1,60.94
21:13:00,server_6,91.7
21:13:00,server_7,85.59
21:13:00,server_8,51.55
21:13:00,server_5,4.33
21:13:05,server_20,59.87
21:13:05,server_12,48.53
21:13:05,server_19,63.78
21:13:05,server_18,25.55
21:13:05,server_17,55.72
21:13:05,server_16,34.31
21:13:05,server_15,43.75
21:13:05,server_14,62.12
21:13:05,server_13,65.52
21:13:05,server_11,30.53
21:13:05,server_7,58.19
21:13:05,server_9,55.36
21:13:05,server_8,15.81
21:13:05,server_6,29.58
21:13:05,server_5,51.56
21:13:05,server_4,62.14
21:13:05,server_3,84.33
21:13:05,server_2,39.31
21:13:05,server_1,96.78
21:13:05,server_10,86.8
21:13:10,server_15,52.06
21:13:10,server_13,64.86
21:13:10,server_14,92.41
21:13:10,server_16,86.29
21:13:10,server_12,69.8
21:13:10,server_18,24.78
21:13:10,server_19,33.38
21:13:10,server_20,21.06
21:13:10,server_17,37.58
21:13:10,server_11,65.85
21:13:10,server_1,38.68
21:13:10,server_9,51.3
21:13:10,server_2,69.74
21:13:10,server_3,56.71
21:13:10,server_4,60.77
21:13:10,server_10,51.23
21:13:10,server_6,58.53
21:13:10,server_7,72.81
21:13:10,server_8,62.64
21:13:10,server_5,78.5
21:13:15,server_13,1.47
21:13:15,server_20,55.64
21:13:15,server_19,41.07
21:13:15,server_18,50.42
21:13:15,server_17,50.86
21:13:15,server_16,3.21
21:13:15,server_15,42.46
21:13:15,server_14,15.48
21:13:15,server_12,93.14
21:13:15,server_11,69.09
21:13:15,server_1,48.75
21:13:15,server_9,96.38
21:13:15,server_8,47.78
21:13:15,server_7,91.31
21:13:15,server_6,33.45
21:13:15,server_5,44.12
21:13:15,server_4,59.28
21:13:15,server_3,42.47
21:13:15,server_2,22.67
21:13:15,server_10,95.06
21:13:20,server_13,52.21
21:13:20,server_14,36.34
21:13:20,server_15,44.51
21:13:20,server_16,55.85
21:13:20,server_12,54.87
21:13:20,server_18,48.37
21:13:20,server_19,17.95
21:13:20,server_20,22.9
21:13:20,server_17,33.03
21:13:20,server_11,44.11
21:13:20,server_1,88.67
21:13:20,server_9,43.79
21:13:20,server_8,86.58
21:13:20,server_7,90.05
21:13:20,server_6,30.88
21:13:20,server_5,92.91
21:13:20,server_4,63.27
21:13:20,server_3,33.94
21:13:20,server_2,47.53
21:13:20,server_10,45.76
21:13:25,server_13,24.44
21:13:25,server_14,33.72
21:13:25,server_15,29.97
21:13:25,server_16,27.75
21:13:25,server_20,52.77
21:13:25,server_18,37.96
21:13:25,server_19,64.65
21:13:25,server_12,23.97
21:13:25,server_17,21.08
21:13:25,server_11,22.57
21:13:25,server_1,67.47
21:13:25,server_9,37.3
21:13:25,server_2,47.76
21:13:25,server_3,45.78
21:13:25,server_4,45.13
21:13:25,server_10,93.02
21:13:25,server_6,69.41
21:13:25,server_7,87.51
21:13:25,server_8,50.23
21:13:25,server_5,24.78
21:13:30,server_12,59.07
21:13:30,server_19,67.33
21:13:30,server_18,92.72
21:13:30,server_17,94.91
21:13:30,server_16,94.63
21:13:30,server_15,32.38
21:13:30,server_14,37.0
21:13:30,server_13,1.81
21:13:30,server_20,67.51
21:13:30,server_11,40.05
21:13:30,server_9,21.02
21:13:30,server_8,35.12
21:13:30,server_7,60.64
21:13:30,server_6,25.92
21:13:30,server_5,90.22
21:13:30,server_4,40.95
21:13:30,server_3,92.44
21:13:30,server_2,25.52
21:13:30,server_1,56.39
21:13:30,server_10,35.26
21:13:35,server_13,86.39
21:13:35,server_14,3.74
21:13:35,server_15,71.14
21:13:35,server_16,33.87
21:13:35,server_12,87.66
21:13:35,server_18,87.59
21:13:35,server_19,63.68
21:13:35,server_20,2.35
21:13:35,server_17,90.13
21:13:35,server_11,55.46
21:13:35,server_1,20.03
21:13:35,server_9,79.56
21:13:35,server_2,24.24
21:13:35,server_3,39.83
21:13:35,server_4,29.9
21:13:35,server_10,60.83
21:13:35,server_6,65.9
21:13:35,server_7,30.56
21:13:35,server_8,41.48
21:13:35,server_5,43.93
21:13:40,server_20,23.07
21:13:40,server_19,28.35
21:13:40,server_18,66.09
21:13:40,server_17,98.69
21:13:40,server_16,56.42
21:13:40,server_15,21.1
21:13:40,server_14,20.46
21:13:40,server_12,59.93
21:13:40,server_11,25.5
21:13:40,server_13,46.29
21:13:40,server_9,43.47
21:13:40,server_10,31.65
21:13:40,server_2,40.41
21:13:40,server_3,82.61
21:13:40,server_4,48.5
21:13:40,server_1,29.47
21:13:40,server_6,37.97
21:13:40,server_7,85.45
21:13:40,server_8,41.84
21:13:40,server_5,59.32
21:13:45,server_12,26.35
21:13:45,server_20,85.83
21:13:45,server_19,31.36
21:13:45,server_18,25.58
21:13:45,server_17,71.92
21:13:45,server_16,40.1
21:13:45,server_15,64.55
21:13:45,server_14,66.57
21:13:45,server_13,40.19
21:13:45,server_11,66.04
21:13:45,server_3,27.09
21:13:45,server_9,27.65
21:13:45,server_8,47.4
21:13:45,server_7,86.82
21:13:45,server_6,88.49
21:13:45,server_5,25.76
21:13:45,server_4,63.57
21:13:45,server_2,65.26
21:13:45,server_1,65.55
21:13:45,server_10,10.39
21:13:50,server_13,25.92
21:13:50,server_14,92.24
21:13:50,server_15,38.54
21:13:50,server_16,53.79
21:13:50,server_20,92.23
21:13:50,server_18,96.1
21:13:50,server_19,83.35
21:13:50,server_12,37.24
21:13:50,server_17,66.05
21:13:50,server_11,67.32
21:13:50,server_3,88.99
21:13:50,server_9,43.55
21:13:50,server_1,59.45
21:13:50,server_2,66.72
21:13:50,server_4,56.75
21:13:50,server_10,56.03
21:13:50,server_6,48.41
21:13:50,server_7,50.59
21:13:50,server_8,60.4
21:13:50,server_5,58.6
21:13:55,server_20,39.3
21:13:55,server_11,73.85
21:13:55,server_18,65.38
21:13:55,server_17,86.99
21:13:55,server_16,53.15
21:13:55,server_15,58.88
21:13:55,server_14,96.99
21:13:55,server_13,39.97
21:13:55,server_12,91.7
21:13:55,server_19,37.16
21:13:55,server_10,48.09
21:13:55,server_8,37.25
21:13:55,server_7,74.26
21:13:55,server_6,20.2
21:13:55,server_5,73.62
21:13:55,server_4,85.98
21:13:55,server_3,60.61
21:13:55,server_2,50.9
21:13:55,server_1,82.3
21:13:55,server_9,17.22
21:14:00,server_13,1.25
21:14:00,server_14,64.12
21:14:00,server_15,85.38
21:14:00,server_12,58.03
21:14:00,server_17,20.78
21:14:00,server_18,65.79
21:14:00,server_19,28.76
21:14:00,server_16,34.25
21:14:00,server_11,34.47
21:14:00,server_20,56.14
21:14:00,server_9,56.74
21:14:00,server_1,4.03
21:14:00,server_2,24.8
21:14:00,server_3,61.76
21:14:00,server_4,72.88
21:14:00,server_10,99.32
21:14:00,server_6,92.11
21:14:00,server_7,30.61
21:14:00,server_8,79.94
21:14:00,server_5,63.8
21:14:05,server_12,0.69
21:14:05,server_20,44.06
21:14:05,server_19,57.8
21:14:05,server_18,85.12
21:14:05,server_17,32.58
21:14:05,server_16,97.06
21:14:05,server_15,40.22
21:14:05,server_14,97.13
21:14:05,server_13,41.25
21:14:05,server_11,25.52
21:14:05,server_3,76.23
21:14:05,server_9,41.29
21:14:05,server_8,99.38
21:14:05,server_7,92.89
21:14:05,server_6,24.37
21:14:05,server_5,39.34
21:14:05,server_4,28.4
21:14:05,server_10,47.41
21:14:05,server_2,50.14
21:14:05,server_1,91.18
21:14:10,server_13,98.47
21:14:10,server_14,42.99
21:14:10,server_15,37.87
21:14:10,server_16,51.02
21:14:10,server_20,88.63
21:14:10,server_18,14.87
21:14:10,server_19,33.15
21:14:10,server_12,27.91
21:14:10,server_17,90.31
21:14:10,server_11,64.39
21:14:10,server_10,45.75
21:14:10,server_9,78.49
21:14:10,server_2,67.3
21:14:10,server_3,25.72
21:14:10,server_4,26.34
21:14:10,server_1,47.48
21:14:10,server_6,66.89
21:14:10,server_7,92.59
21:14:10,server_8,40.74
21:14:10,server_5,37.32
21:14:15,server_12,35.8
21:14:15,server_19,17.2
21:14:15,server_18,88.58
21:14:15,server_17,14.47
21:14:15,server_16,17.76
21:14:15,server_15,69.89
21:14:15,server_14,66.76
21:14:15,server_13,67.24
21:14:15,server_11,24.26
21:14:15,server_20,28.56
21:14:15,server_9,61.79
21:14:15,server_1,72.78
21:14:15,server_2,30.29
21:14:15,server_3,20.65
21:14:15,server_4,27.31
21:14:15,server_10,42.64
21:14:15,server_6,6.57
21:14:15,server_7,59.02
21:14:15,server_8,57.67
21:14:15,server_5,96.84
21:14:20,server_19,85.52
21:14:20,server_18,31.62
21:14:20,server_17,22.42
21:14:20,server_16,93.64
21:14:20,server_15,97.65
21:14:20,server_14,86.03
21:14:20,server_13,47.94
21:14:20,server_12,54.23
21:14:20,server_11,59.71
21:14:20,server_20,56.43
21:14:20,server_9,32.49
21:14:20,server_1,65.48
21:14:20,server_2,42.69
21:14:20,server_3,23.35
21:14:20,server_4,50.46
21:14:20,server_10,69.71
21:14:20,server_6,58.76
21:14:20,server_7,47.67
21:14:20,server_8,37.87
21:14:20,server_5,50.45
21:14:25,server_11,27.84
21:14:25,server_19,12.21
21:14:25,server_18,97.55
21:14:25,server_17,57.8
21:14:25,server_16,59.91
21:14:25,server_15,57.16
21:14:25,server_14,29.96
21:14:25,server_13,98.19
21:14:25,server_12,52.75
21:14:25,server_20,28.45
21:14:25,server_10,56.68
21:14:25,server_8,22.96
21:14:25,server_9,27.72
21:14:25,server_1,20.43
21:14:25,server_2,66.35
21:14:25,server_3,49.25
21:14:25,server_5,64.66
21:14:25,server_6,43.61
21:14:25,server_7,41.16
21:14:25,server_4,30.53
21:14:30,server_20,86.88
21:14:30,server_19,89.82
21:14:30,server_18,97.17
21:14:30,server_17,27.95
21:14:30,server_16,68.58
21:14:30,server_15,43.28
21:14:30,server_14,47.01
21:14:30,server_13,29.23
21:14:30,server_12,66.49
21:14:30,server_11,29.95
21:14:30,server_9,84.04
21:14:30,server_1,64.95
21:14:30,server_2,44.09
21:14:30,server_3,48.59
21:14:30,server_4,67.44
21:14:30,server_10,68.86
21:14:30,server_6,67.39
21:14:30,server_7,78.96
21:14:30,server_8,99.41
21:14:30,server_5,21.37
21:14:35,server_12,25.54
21:14:35,server_20,28.42
21:14:35,server_19,69.28
21:14:35,server_18,66.38
21:14:35,server_17,90.12
21:14:35,server_16,4.92
21:14:35,server_15,58.56
21:14:35,server_14,31.4
21:14:35,server_13,60.99
21:14:35,server_11,94.51
21:14:35,server_10,17.18
21:14:35,server_9,42.97
21:14:35,server_2,44.93
21:14:35,server_3,54.22
21:14:35,server_4,96.77
21:14:35,server_1,55.48
21:14:35,server_6,54.16
21:14:35,server_7,11.14
21:14:35,server_8,29.98
21:14:35,server_5,51.06
21:14:40,server_12,96.56
21:14:40,server_19,30.01
21:14:40,server_18,90.19
21:14:40,server_17,26.93
21:14:40,server_16,44.94
21:14:40,server_15,86.07
21:14:40,server_14,38.37
21:14:40,server_13,61.33
21:14:40,server_11,65.82
21:14:40,server_20,62.03
21:14:40,server_9,78.58
21:14:40,server_1,60.96
21:14:40,server_2,49.83
21:14:40,server_3,38.83
21:14:40,server_4,29.04
21:14:40,server_10,99.11
21:14:40,server_6,78.28
21:14:40,server_7,88.72
21:14:40,server_8,61.85
21:14:40,server_5,40.55
21:14:45,server_12,80.05
21:14:45,server_19,88.57
21:14:45,server_18,28.33
21:14:45,server_17,39.59
21:14:45,server_16,96.95
21:14:45,server_15,69.69
21:14:45,server_14,86.05
21:14:45,server_13,62.99
21:14:45,server_11,64.56
21:14:45,server_20,21.35
21:14:45,server_9,58.16
21:14:45,server_1,29.96
21:14:45,server_2,65.81
21:14:45,server_3,67.6
21:14:45,server_4,65.43
21:14:45,server_10,94.18
21:14:45,server_6,95.64
21:14:45,server_7,31.17
21:14:45,server_8,90.31
21:14:45,server_5,63.06
21:14:50,server_11,53.84
21:14:50,server_19,27.58
21:14:50,server_18,67.35
21:14:50,server_17,64.98
21:14:50,server_16,32.33
21:14:50,server_15,52.53
21:14:50,server_14,41.57
21:14:50,server_13,69.13
21:14:50,server_12,48.54
21:14:50,server_20,19.65
21:14:50,server_10,31.2
21:14:50,server_8,48.11
21:14:50,server_7,50.49
21:14:50,server_6,93.65
21:14:50,server_5,52.4
21:14:50,server_4,65.28
21:14:50,server_3,50.54
21:14:50,server_2,55.87
21:14:50,server_1,62.93
21:14:50,server_9,79.3
21:14:55,server_13,57.67
21:14:55,server_14,64.0
21:14:55,server_15,66.05
21:14:55,server_12,26.18
21:14:55,server_17,90.23
21:14:55,server_18,21.53
21:14:55,server_19,67.26
21:14:55,server_16,56.51
21:14:55,server_11,43.23
21:14:55,server_20,1.22
21:14:55,server_9,80.2
21:14:55,server_1,82.57
21:14:55,server_2,50.31
21:14:55,server_3,2.21
21:14:55,server_4,14.47
21:14:55,server_10,16.81
21:14:55,server_6,21.17
21:14:55,server_7,54.34
21:14:55,server_8,86.72
21:14:55,server_5,21.93
21:15:00,server_19,58.89
21:15:00,server_18,45.4
21:15:00,server_17,48.57
21:15:00,server_16,22.13
21:15:00,server_15,40.97
21:15:00,server_14,52.7
21:15:00,server_13,32.04
21:15:00,server_12,36.54
21:15:00,server_11,25.67
21:15:00,server_20,29.89
21:15:00,server_9,89.25
21:15:00,server_1,40.47
21:15:00,server_2,25.47
21:15:00,server_3,94.1
21:15:00,server_4,98.99
21:15:00,server_10,69.34
21:15:00,server_6,38.28
21:15:00,server_7,98.29
21:15:00,server_8,28.67
21:15:00,server_5,59.28
21:15:05,server_11,33.05
21:15:05,server_19,31.48
21:15:05,server_18,60.87
21:15:05,server_17,39.98
21:15:05,server_16,69.56
21:15:05,server_15,28.1
21:15:05,server_14,57.0
21:15:05,server_13,95.67
21:15:05,server_12,47.59
21:15:05,server_20,35.35
21:15:05,server_10,91.43
21:15:05,server_8,94.75
21:15:05,server_9,41.77
21:15:05,server_1,90.18
21:15:05,server_2,23.41
21:15:05,server_3,38.37
21:15:05,server_5,69.67
21:15:05,server_6,25.35
21:15:05,server_7,65.24
21:15:05,server_4,59.58
21:15:10,server_20,95.21
21:15:10,server_11,55.19
21:15:10,server_18,30.95
21:15:10,server_17,46.22
21:15:10,server_16,48.42
21:15:10,server_15,82.91
21:15:10,server_14,98.58
21:15:10,server_13,51.52
21:15:10,server_12,64.59
21:15:10,server_19,35.57
21:15:10,server_10,85.38
21:15:10,server_8,28.84
21:15:10,server_1,94.53
21:15:10,server_2,91.92
21:15:10,server_3,72.65
21:15:10,server_9,50.78
21:15:10,server_5,49.83
21:15:10,server_6,28.82
21:15:10,server_7,69.54
21:15:10,server_4,69.01
21:15:15,server_13,4.05
21:15:15,server_20,46.7
21:15:15,server_19,50.77
21:15:15,server_18,46.52
21:15:15,server_17,25.84
21:15:15,server_16,15.61
21:15:15,server_15,17.14
21:15:15,server_14,76.1
21:15:15,server_12,86.56
21:15:15,server_11,12.25
21:15:15,server_1,55.4
21:15:15,server_9,56.7
21:15:15,server_8,86.17
21:15:15,server_7,63.45
21:15:15,server_6,59.35
21:15:15,server_5,94.37
21:15:15,server_4,53.51
21:15:15,server_3,35.7
21:15:15,server_2,99.78
21:15:15,server_10,24.57
21:15:20,server_13,49.14
21:15:20,server_14,86.93
21:15:20,server_15,42.34
21:15:20,server_16,46.66
21:15:20,server_12,36.77
21:15:20,server_18,20.46
21:15:20,server_19,58.78
21:15:20,server_20,24.04
21:15:20,server_17,51.8
21:15:20,server_11,66.12
21:15:20,server_1,22.94
21:15:20,server_9,51.33
21:15:20,server_8,45.25
21:15:20,server_7,21.09
21:15:20,server_6,68.27
21:15:20,server_5,56.2
21:15:20,server_4,53.66
21:15:20,server_3,29.7
21:15:20,server_2,61.2
21:15:20,server_10,23.61
21:15:25,server_12,50.52
21:15:25,server_13,0.04
21:15:25,server_14,80.41
21:15:25,server_15,44.08
21:15:25,server_19,58.73
21:15:25,server_17,40.83
21:15:25,server_18,20.55
21:15:25,server_11,50.76
21:15:25,server_16,87.63
21:15:25,server_20,38.71
21:15:25,server_10,27.93
21:15:25,server_8,24.65
21:15:25,server_1,46.66
21:15:25,server_2,60.81
21:15:25,server_3,85.89
21:15:25,server_9,28.71
21:15:25,server_5,97.48
21:15:25,server_6,65.99
21:15:25,server_7,58.29
21:15:25,server_4,55.91
21:15:30,server_20,33.06
21:15:30,server_19,55.29
21:15:30,server_18,52.51
21:15:30,server_17,86.63
21:15:30,server_16,52.54
21:15:30,server_15,39.17
21:15:30,server_14,92.03
21:15:30,server_12,95.12
21:15:30,server_11,63.32
21:15:30,server_13,89.31
21:15:30,server_9,19.4
21:15:30,server_10,24.38
21:15:30,server_2,29.04
21:15:30,server_3,44.25
21:15:30,server_4,44.62
21:15:30,server_1,63.23
21:15:30,server_6,23.68
21:15:30,server_7,62.61
21:15:30,server_8,22.38
21:15:30,server_5,37.55
21:15:35,server_12,55.04
21:15:35,server_20,47.25
21:15:35,server_19,63.09
21:15:35,server_18,24.05
21:15:35,server_17,21.35
21:15:35,server_16,29.93
21:15:35,server_15,58.88
21:15:35,server_14,92.95
21:15:35,server_13,96.88
21:15:35,server_11,62.19
21:15:35,server_3,29.49
21:15:35,server_9,56.7
21:15:35,server_10,66.82
21:15:35,server_2,51.01
21:15:35,server_4,23.8
21:15:35,server_1,46.15
21:15:35,server_6,56.67
21:15:35,server_7,56.34
21:15:35,server_8,47.69
21:15:35,server_5,92.18
21:15:40,server_12,53.82
21:15:40,server_20,71.42
21:15:40,server_19,35.15
21:15:40,server_18,57.08
21:15:40,server_17,92.07
21:15:40,server_16,26.46
21:15:40,server_15,63.57
21:15:40,server_14,30.06
21:15:40,server_11,41.37
21:15:40,server_13,10.4
21:15:40,server_9,45.75
21:15:40,server_2,25.26
21:15:40,server_3,94.53
21:15:40,server_4,40.23
21:15:40,server_5,47.09
21:15:40,server_1,34.05
21:15:40,server_7,58.69
21:15:40,server_10,25.28
21:15:40,server_8,21.86
21:15:40,server_6,27.83
21:15:45,server_12,47.37
21:15:45,server_19,6.38
21:15:45,server_18,53.66
21:15:45,server_17,75.31
21:15:45,server_16,55.44
21:15:45,server_15,57.2
21:15:45,server_14,67.45
21:15:45,server_13,67.37
21:15:45,server_11,57.95
21:15:45,server_20,53.05
21:15:45,server_9,37.11
21:15:45,server_1,93.23
21:15:45,server_2,43.37
21:15:45,server_3,44.95
21:15:45,server_4,18.62
21:15:45,server_10,90.13
21:15:45,server_6,98.27
21:15:45,server_7,73.32
21:15:45,server_8,68.7
21:15:45,server_5,81.33
21:15:50,server_11,89.75
21:15:50,server_19,40.54
21:15:50,server_18,59.91
21:15:50,server_17,46.25
21:15:50,server_16,97.38
21:15:50,server_15,37.16
21:15:50,server_14,85.64
21:15:50,server_13,29.54
21:15:50,server_12,25.08
21:15:50,server_20,2.13
21:15:50,server_10,22.86
21:15:50,server_8,28.22
21:15:50,server_7,46.11
21:15:50,server_6,41.27
21:15:50,server_5,90.39
21:15:50,server_4,61.54
21:15:50,server_3,30.18
21:15:50,server_2,37.54
21:15:50,server_1,86.89
21:15:50,server_9,41.05
21:15:55,server_14,69.5
21:15:55,server_15,27.39
21:15:55,server_16,48.85
21:15:55,server_12,41.59
21:15:55,server_18,22.96
21:15:55,server_19,45.61
21:15:55,server_20,52.32
21:15:55,server_17,68.33
21:15:55,server_11,62.46
21:15:55,server_13,15.94
21:15:55,server_9,95.97
21:15:55,server_1,28.36
21:15:55,server_2,95.09
21:15:55,server_3,63.82
21:15:55,server_4,47.71
21:15:55,server_10,56.6
21:15:55,server_6,65.77
21:15:55,server_7,96.11
21:15:55,server_5,84.39
21:15:55,server_8,23.88
21:16:00,server_19,40.63
21:16:00,server_18,87.61
21:16:00,server_17,40.26
21:16:00,server_16,32.18
21:16:00,server_15,90.21
21:16:00,server_14,54.27
21:16:00,server_13,91.22
21:16:00,server_12,38.4
21:16:00,server_11,87.52
21:16:00,server_20,20.88
21:16:00,server_9,88.69
21:16:00,server_1,47.32
21:16:00,server_2,89.41
21:16:00,server_3,57.75
21:16:00,server_4,40.94
21:16:00,server_10,98.49
21:16:00,server_6,44.6
21:16:00,server_7,44.9
21:16:00,server_8,62.71
21:16:00,server_5,43.58
21:16:05,server_11,96.68
21:16:05,server_19,52.48
21:16:05,server_18,95.34
21:16:05,server_17,68.6
21:16:05,server_16,37.05
21:16:05,server_15,27.55
21:16:05,server_14,69.1
21:16:05,server_13,58.85
21:16:05,server_12,29.47
21:16:05,server_20,95.1
21:16:05,server_10,58.78
21:16:05,server_8,50.72
21:16:05,server_9,55.53
21:16:05,server_1,34.72
21:16:05,server_2,94.25
21:16:05,server_3,85.18
21:16:05,server_5,9.02
21:16:05,server_6,57.65
21:16:05,server_7,22.47
21:16:05,server_4,65.87
21:16:10,server_20,57.84
21:16:10,server_11,66.42
21:16:10,server_18,61.62
21:16:10,server_17,67.54
21:16:10,server_16,49.46
21:16:10,server_15,23.99
21:16:10,server_14,61.95
21:16:10,server_13,88.28
21:16:10,server_12,24.6
21:16:10,server_19,31.12
21:16:10,server_10,5.65
21:16:10,server_8,90.91
21:16:10,server_1,20.33
21:16:10,server_2,59.5
21:16:10,server_3,27.55
21:16:10,server_9,88.5
21:16:10,server_5,87.54
21:16:10,server_6,92.8
21:16:10,server_7,39.07
21:16:10,server_4,40.7
21:16:15,server_13,83.61
21:16:15,server_20,49.17
21:16:15,server_19,75.51
21:16:15,server_18,32.83
21:16:15,server_17,48.49
21:16:15,server_16,31.04
21:16:15,server_15,64.36
21:16:15,server_14,8.2
21:16:15,server_12,65.39
21:16:15,server_11,59.63
21:16:15,server_1,23.43
21:16:15,server_9,89.6
21:16:15,server_8,93.35
21:16:15,server_7,81.55
21:16:15,server_6,25.47
21:16:15,server_5,91.05
21:16:15,server_4,26.86
21:16:15,server_3,88.22
21:16:15,server_2,31.35
21:16:15,server_10,53.99
21:16:20,server_13,92.91
21:16:20,server_14,56.48
21:16:20,server_15,81.13
21:16:20,server_16,39.47
21:16:20,server_12,94.74
21:16:20,server_18,46.07
21:16:20,server_19,81.08
21:16:20,server_20,80.98
21:16:20,server_17,40.71
21:16:20,server_11,8.09
21:16:20,server_1,1.51
21:16:20,server_9,21.5
21:16:20,server_8,42.14
21:16:20,server_7,40.18
21:16:20,server_6,50.97
21:16:20,server_5,27.86
21:16:20,server_4,41.61
21:16:20,server_3,86.3
21:16:20,server_2,98.27
21:16:20,server_10,5.29
21:16:25,server_13,94.52
21:16:25,server_14,50.08
21:16:25,server_15,24.99
21:16:25,server_16,68.45
21:16:25,server_20,44.92
21:16:25,server_18,29.12
21:16:25,server_19,57.13
21:16:25,server_12,67.08
21:16:25,server_17,81.11
21:16:25,server_11,79.03
21:16:25,server_3,94.54
21:16:25,server_9,95.15
21:16:25,server_2,68.7
21:16:25,server_10,6.14
21:16:25,server_4,87.37
21:16:25,server_1,51.57
21:16:25,server_6,91.04
21:16:25,server_7,57.79
21:16:25,server_8,54.5
21:16:25,server_5,11.7
21:16:30,server_12,86.22
21:16:30,server_19,47.15
21:16:30,server_18,31.16
21:16:30,server_17,68.55
21:16:30,server_16,2.72
21:16:30,server_15,99.55
21:16:30,server_14,74.86
21:16:30,server_13,20.05
21:16:30,server_11,43.56
21:16:30,server_20,11.23
21:16:30,server_9,63.29
21:16:30,server_1,27.75
21:16:30,server_2,26.07
21:16:30,server_3,23.84
21:16:30,server_4,67.24
21:16:30,server_10,73.61
21:16:30,server_6,99.63
21:16:30,server_7,53.95
21:16:30,server_8,93.6
21:16:30,server_5,27.37
21:16:35,server_11,62.46
21:16:35,server_19,35.11
21:16:35,server_18,37.42
21:16:35,server_17,75.97
21:16:35,server_16,34.36
21:16:35,server_15,58.29
21:16:35,server_14,71.31
21:16:35,server_13,34.59
21:16:35,server_12,67.0
21:16:35,server_20,30.65
21:16:35,server_10,97.1
21:16:35,server_8,50.19
21:16:35,server_7,25.12
21:16:35,server_6,65.66
21:16:35,server_5,97.17
21:16:35,server_4,86.99
21:16:35,server_3,93.47
21:16:35,server_2,90.84
21:16:35,server_1,93.35
21:16:35,server_9,66.95
21:16:40,server_14,44.77
21:16:40,server_15,51.88
21:16:40,server_16,90.96
21:16:40,server_13,47.71
21:16:40,server_18,50.81
21:16:40,server_19,1.52
21:16:40,server_20,41.14
21:16:40,server_17,39.51
21:16:40,server_12,45.15
21:16:40,server_11,47.61
21:16:40,server_1,69.98
21:16:40,server_9,85.25
21:16:40,server_8,33.71
21:16:40,server_7,36.24
21:16:40,server_6,25.38
21:16:40,server_5,39.13
21:16:40,server_4,88.73
21:16:40,server_3,92.19
21:16:40,server_2,56.03
21:16:40,server_10,37.09
21:16:45,server_13,70.24
21:16:45,server_14,41.9
21:16:45,server_15,46.39
21:16:45,server_20,93.79
21:16:45,server_18,35.51
21:16:45,server_19,42.15
21:16:45,server_12,88.88
21:16:45,server_16,58.97
21:16:45,server_11,29.7
21:16:45,server_17,25.3
21:16:45,server_9,54.44
21:16:45,server_10,72.56
21:16:45,server_2,59.86
21:16:45,server_3,22.43
21:16:45,server_4,62.53
21:16:45,server_1,65.05
21:16:45,server_6,83.8
21:16:45,server_7,24.8
21:16:45,server_8,51.34
21:16:45,server_5,55.59
21:16:50,server_20,33.46
21:16:50,server_12,91.19
21:16:50,server_19,31.37
21:16:50,server_18,90.74
21:16:50,server_17,29.05
21:16:50,server_16,89.06
21:16:50,server_15,88.84
21:16:50,server_14,43.67
21:16:50,server_13,35.41
21:16:50,server_11,98.12
21:16:50,server_7,36.71
21:16:50,server_9,66.92
21:16:50,server_8,37.51
21:16:50,server_6,99.76
21:16:50,server_5,95.09
21:16:50,server_4,39.61
21:16:50,server_3,88.02
21:16:50,server_2,45.14
21:16:50,server_1,61.34
21:16:50,server_10,41.36
21:16:55,server_15,92.38
21:16:55,server_13,65.15
21:16:55,server_14,43.49
21:16:55,server_16,22.04
21:16:55,server_12,26.3
21:16:55,server_18,20.42
21:16:55,server_19,61.22
21:16:55,server_20,98.21
21:16:55,server_17,62.48
21:16:55,server_11,56.51
21:16:55,server_1,14.36
21:16:55,server_9,54.72
21:16:55,server_2,68.23
21:16:55,server_3,93.47
21:16:55,server_4,29.07
21:16:55,server_10,92.07
21:16:55,server_6,80.5
21:16:55,server_7,35.79
21:16:55,server_8,14.83
21:16:55,server_5,24.39
21:17:00,server_13,69.79
21:17:00,server_20,16.38
21:17:00,server_19,22.9
21:17:00,server_18,77.23
21:17:00,server_17,54.89
21:17:00,server_16,53.24
21:17:00,server_15,41.41
21:17:00,server_14,48.79
21:17:00,server_12,54.56
21:17:00,server_11,65.17
21:17:00,server_1,49.65
21:17:00,server_9,67.59
21:17:00,server_8,51.02
21:17:00,server_7,91.14
21:17:00,server_6,68.15
21:17:00,server_5,79.79
21:17:00,server_4,56.8
21:17:00,server_3,99.23
21:17:00,server_2,56.79
21:17:00,server_10,48.09
21:17:05,server_13,82.63
21:17:05,server_14,23.98
21:17:05,server_15,12.51
21:17:05,server_16,49.34
21:17:05,server_12,53.86
21:17:05,server_18,68.99
21:17:05,server_19,36.85
21:17:05,server_20,40.56
21:17:05,server_17,8.24
21:17:05,server_11,2.72
21:17:05,server_1,42.52
21:17:05,server_9,76.62
21:17:05,server_8,69.94
21:17:05,server_7,40.63
21:17:05,server_6,58.56
21:17:05,server_5,31.21
21:17:05,server_4,85.66
21:17:05,server_3,61.26
21:17:05,server_2,5.47
21:17:05,server_10,97.73
21:17:10,server_13,54.91
21:17:10,server_14,42.22
21:17:10,server_15,2.57
21:17:10,server_16,45.58
21:17:10,server_20,29.67
21:17:10,server_18,50.87
21:17:10,server_19,23.59
21:17:10,server_12,59.92
21:17:10,server_17,51.8
21:17:10,server_11,4.99
21:17:10,server_1,17.23
21:17:10,server_9,20.01
21:17:10,server_2,35.73
21:17:10,server_3,45.88
21:17:10,server_4,95.76
21:17:10,server_10,92.12
21:17:10,server_6,20.6
21:17:10,server_7,40.52
21:17:10,server_8,64.85
21:17:10,server_5,84.22
21:17:15,server_12,4.51
21:17:15,server_19,56.14
21:17:15,server_18,54.2
21:17:15,server_17,68.39
21:17:15,server_16,58.24
21:17:15,server_15,98.33
21:17:15,server_14,29.69
21:17:15,server_13,41.66
21:17:15,server_20,49.52
21:17:15,server_11,89.13
21:17:15,server_9,35.99
21:17:15,server_8,95.4
21:17:15,server_7,87.43
21:17:15,server_6,61.02
21:17:15,server_5,49.77
21:17:15,server_4,88.84
21:17:15,server_3,68.63
21:17:15,server_2,42.55
21:17:15,server_1,58.2
21:17:15,server_10,59.42
21:17:20,server_13,58.75
21:17:20,server_14,12.34
21:17:20,server_15,66.14
21:17:20,server_16,54.44
21:17:20,server_12,90.41
21:17:20,server_20,34.67
21:17:20,server_18,38.57
21:17:20,server_19,36.98
21:17:20,server_17,57.89
21:17:20,server_11,67.74
21:17:20,server_3,33.5
21:17:20,server_9,53.89
21:17:20,server_10,57.45
21:17:20,server_2,74.87
21:17:20,server_4,85.53
21:17:20,server_1,86.69
21:17:20,server_6,83.43
21:17:20,server_7,29.31
21:17:20,server_5,89.24
21:17:20,server_8,24.13
21:17:25,server_20,29.39
21:17:25,server_19,93.25
21:17:25,server_18,35.24
21:17:25,server_17,59.66
21:17:25,server_16,97.87
21:17:25,server_15,44.31
21:17:25,server_14,58.06
21:17:25,server_12,48.8
21:17:25,server_11,26.7
21:17:25,server_13,63.76
21:17:25,server_9,24.07
21:17:25,server_10,22.3
21:17:25,server_2,20.27
21:17:25,server_3,10.6
21:17:25,server_4,58.31
21:17:25,server_1,54.7
21:17:25,server_6,19.27
21:17:25,server_7,0.67
21:17:25,server_8,57.97
21:17:25,server_5,55.81
21:17:30,server_12,99.47
21:17:30,server_20,31.63
21:17:30,server_19,44.95
21:17:30,server_18,22.91
21:17:30,server_17,23.58
21:17:30,server_16,97.63
21:17:30,server_15,92.68
21:17:30,server_14,42.06
21:17:30,server_13,92.35
21:17:30,server_11,60.83
21:17:30,server_3,47.06
21:17:30,server_9,68.9
21:17:30,server_10,36.95
21:17:30,server_2,63.28
21:17:30,server_4,49.31
21:17:30,server_1,59.08
21:17:30,server_6,93.12
21:17:30,server_7,57.3
21:17:30,server_8,48.59
21:17:30,server_5,70.42
21:17:35,server_12,29.39
21:17:35,server_20,90.69
21:17:35,server_19,28.63
21:17:35,server_18,59.14
21:17:35,server_17,99.61
21:17:35,server_16,95.5
21:17:35,server_15,29.38
21:17:35,server_14,32.51
21:17:35,server_11,34.85
21:17:35,server_13,59.64
21:17:35,server_9,51.92
21:17:35,server_2,69.86
21:17:35,server_3,61.99
21:17:35,server_4,58.52
21:17:35,server_5,26.56
21:17:35,server_1,59.57
21:17:35,server_7,25.69
21:17:35,server_10,51.99
21:17:35,server_8,38.06
21:17:35,server_6,36.5
21:17:40,server_12,87.91
21:17:40,server_19,76.81
21:17:40,server_18,36.18
21:17:40,server_17,91.49
21:17:40,server_16,50.46
21:17:40,server_15,39.65
21:17:40,server_14,48.42
21:17:40,server_13,63.31
21:17:40,server_11,91.09
21:17:40,server_20,92.28
21:17:40,server_9,8.22
21:17:40,server_1,22.01
21:17:40,server_2,39.6
21:17:40,server_3,56.08
21:17:40,server_4,78.2
21:17:40,server_10,53.09
21:17:40,server_6,28.42
21:17:40,server_7,53.57
21:17:40,server_8,36.46
21:17:40,server_5,54.06
21:17:45,server_11,68.42
21:17:45,server_19,48.18
21:17:45,server_18,36.77
21:17:45,server_17,62.83
21:17:45,server_16,23.57
21:17:45,server_15,48.59
21:17:45,server_14,87.82
21:17:45,server_13,85.66
21:17:45,server_12,44.27
21:17:45,server_20,95.11
21:17:45,server_10,21.8
21:17:45,server_8,41.38
21:17:45,server_7,30.92
21:17:45,server_6,65.45
21:17:45,server_5,62.98
21:17:45,server_4,94.13
21:17:45,server_3,90.01
21:17:45,server_2,94.19
21:17:45,server_1,91.99
21:17:45,server_9,69.67
21:17:50,server_13,56.08
21:17:50,server_14,47.76
21:17:50,server_15,83.91
21:17:50,server_16,54.43
21:17:50,server_19,46.14
21:17:50,server_20,55.19
21:17:50,server_18,55.38
21:17:50,server_12,95.24
21:17:50,server_17,91.14
21:17:50,server_11,32.8
21:17:50,server_3,56.01
21:17:50,server_9,37.13
21:17:50,server_8,54.45
21:17:50,server_7,16.36
21:17:50,server_6,94.91
21:17:50,server_5,22.88
21:17:50,server_4,11.62
21:17:50,server_2,38.0
21:17:50,server_1,61.51
21:17:50,server_10,51.47
21:17:55,server_13,96.09
21:17:55,server_14,44.26
21:17:55,server_15,51.49
21:17:55,server_16,30.2
21:17:55,server_20,49.96
21:17:55,server_18,29.04
21:17:55,server_19,36.02
21:17:55,server_12,59.88
21:17:55,server_17,62.52
21:17:55,server_11,18.06
21:17:55,server_10,91.94
21:17:55,server_9,35.46
21:17:55,server_2,90.22
21:17:55,server_3,24.07
21:17:55,server_4,94.13
21:17:55,server_1,63.54
21:17:55,server_6,43.31
21:17:55,server_7,53.17
21:17:55,server_8,63.34
21:17:55,server_5,19.56
21:18:00,server_12,35.13
21:18:00,server_19,80.81
21:18:00,server_18,43.27
21:18:00,server_17,81.43
21:18:00,server_16,23.01
21:18:00,server_15,61.63
21:18:00,server_14,88.69
21:18:00,server_13,35.01
21:18:00,server_11,56.09
21:18:00,server_20,26.77
21:18:00,server_9,42.7
21:18:00,server_1,32.65
21:18:00,server_2,59.43
21:18:00,server_3,62.04
21:18:00,server_4,61.44
21:18:00,server_10,69.99
21:18:00,server_6,62.96
21:18:00,server_7,45.16
21:18:00,server_8,20.56
21:18:00,server_5,52.02
21:18:05,server_12,62.75
21:18:05,server_19,54.02
21:18:05,server_18,18.98
21:18:05,server_17,12.17
21:18:05,server_16,29.85
21:18:05,server_15,48.33
21:18:05,server_14,85.24
21:18:05,server_13,86.67
21:18:05,server_11,27.32
21:18:05,server_20,81.38
21:18:05,server_9,88.27
21:18:05,server_1,68.97
21:18:05,server_2,29.59
21:18:05,server_3,21.77
21:18:05,server_4,93.88
21:18:05,server_10,11.5
21:18:05,server_6,41.93
21:18:05,server_7,93.34
21:18:05,server_8,37.73
21:18:05,server_5,35.91
21:18:10,server_11,30.17
21:18:10,server_19,23.69
21:18:10,server_18,36.26
21:18:10,server_17,61.38
21:18:10,server_16,60.11
21:18:10,server_15,97.22
21:18:10,server_14,45.23
21:18:10,server_13,73.45
21:18:10,server_12,48.21
21:18:10,server_20,90.71
21:18:10,server_10,56.22
21:18:10,server_8,15.82
21:18:10,server_7,94.17
21:18:10,server_6,86.63
21:18:10,server_5,62.85
21:18:10,server_4,34.94
21:18:10,server_3,56.87
21:18:10,server_2,22.43
21:18:10,server_1,40.35
21:18:10,server_9,87.82
21:18:15,server_12,22.23
21:18:15,server_20,80.94
21:18:15,server_14,55.48
21:18:15,server_19,34.69
21:18:15,server_16,99.93
21:18:15,server_17,24.7
21:18:15,server_18,48.77
21:18:15,server_15,37.46
21:18:15,server_10,29.17
21:18:15,server_13,43.41
21:18:15,server_8,77.87
21:18:15,server_9,86.17
21:18:15,server_1,58.07
21:18:15,server_2,77.7
21:18:15,server_3,36.37
21:18:15,server_11,94.82
21:18:15,server_5,97.36
21:18:15,server_6,26.79
21:18:15,server_4,90.52
21:18:15,server_7,38.95
21:18:20,server_20,92.98
21:18:20,server_19,59.82
21:18:20,server_18,76.46
21:18:20,server_17,55.35
21:18:20,server_16,41.67
21:18:20,server_15,91.09
21:18:20,server_14,50.4
21:18:20,server_12,45.24
21:18:20,server_11,83.75
21:18:20,server_13,78.38
21:18:20,server_9,78.9
21:18:20,server_10,55.19
21:18:20,server_2,65.47
21:18:20,server_3,24.26
21:18:20,server_4,33.61
21:18:20,server_1,41.75
21:18:20,server_6,82.11
21:18:20,server_7,33.6
21:18:20,server_8,67.71
21:18:20,server_5,94.8
21:18:25,server_12,93.15
21:18:25,server_20,48.67
21:18:25,server_19,48.26
21:18:25,server_18,84.6
21:18:25,server_17,27.07
21:18:25,server_16,24.08
21:18:25,server_15,93.0
21:18:25,server_14,99.79
21:18:25,server_13,39.96
21:18:25,server_11,23.9
21:18:25,server_3,67.61
21:18:25,server_9,6.23
21:18:25,server_8,48.15
21:18:25,server_7,61.65
21:18:25,server_6,30.49
21:18:25,server_5,2.96
21:18:25,server_4,63.22
21:18:25,server_2,30.99
21:18:25,server_1,68.52
21:18:25,server_10,77.39
21:18:30,server_13,21.15
21:18:30,server_14,86.99
21:18:30,server_15,89.53
21:18:30,server_16,20.26
21:18:30,server_20,90.91
21:18:30,server_18,42.09
21:18:30,server_19,98.91
21:18:30,server_12,21.51
21:18:30,server_17,31.56
21:18:30,server_11,57.11
21:18:30,server_3,25.11
21:18:30,server_9,26.47
21:18:30,server_1,54.58
21:18:30,server_2,46.61
21:18:30,server_4,81.38
21:18:30,server_10,49.53
21:18:30,server_6,29.81
21:18:30,server_7,73.18
21:18:30,server_8,23.28
21:18:30,server_5,17.05
21:18:35,server_20,98.16
21:18:35,server_11,22.05
21:18:35,server_18,67.54
21:18:35,server_17,23.02
21:18:35,server_16,45.63
21:18:35,server_15,20.85
21:18:35,server_14,20.87
21:18:35,server_13,91.25
21:18:35,server_12,25.63
21:18:35,server_19,51.3
21:18:35,server_10,93.9
21:18:35,server_8,30.25
21:18:35,server_7,22.16
21:18:35,server_6,65.64
21:18:35,server_5,27.21
21:18:35,server_4,45.94
21:18:35,server_3,75.11
21:18:35,server_2,77.19
21:18:35,server_1,65.21
21:18:35,server_9,67.59
21:18:40,server_13,38.04
21:18:40,server_14,97.11
21:18:40,server_15,0.09
21:18:40,server_12,26.15
21:18:40,server_17,10.69
21:18:40,server_18,90.9
21:18:40,server_19,48.83
21:18:40,server_16,22.06
21:18:40,server_11,52.83
21:18:40,server_20,32.31
21:18:40,server_9,84.36
21:18:40,server_1,23.83
21:18:40,server_2,58.79
21:18:40,server_3,41.33
21:18:40,server_4,50.05
21:18:40,server_10,26.94
21:18:40,server_6,58.71
21:18:40,server_7,62.82
21:18:40,server_8,91.68
21:18:40,server_5,26.99
21:18:45,server_12,70.66
21:18:45,server_20,49.85
21:18:45,server_19,40.5
21:18:45,server_18,76.34
21:18:45,server_17,27.57
21:18:45,server_16,94.4
21:18:45,server_15,56.39
21:18:45,server_14,61.84
21:18:45,server_13,27.86
21:18:45,server_11,60.25
21:18:45,server_3,22.94
21:18:45,server_9,47.26
21:18:45,server_2,57.3
21:18:45,server_10,81.37
21:18:45,server_4,97.38
21:18:45,server_1,64.18
21:18:45,server_6,83.28
21:18:45,server_7,93.39
21:18:45,server_8,43.72
21:18:45,server_5,66.03
21:18:50,server_13,63.03
21:18:50,server_20,64.78
21:18:50,server_19,27.62
21:18:50,server_18,43.94
21:18:50,server_17,65.84
21:18:50,server_16,85.96
21:18:50,server_15,96.05
21:18:50,server_14,69.48
21:18:50,server_12,31.14
21:18:50,server_11,33.01
21:18:50,server_1,85.11
21:18:50,server_9,88.42
21:18:50,server_8,45.91
21:18:50,server_7,58.77
21:18:50,server_6,54.81
21:18:50,server_5,63.06
21:18:50,server_4,24.35
21:18:50,server_3,19.69
21:18:50,server_2,73.4
21:18:50,server_10,57.9
21:18:55,server_13,59.06
21:18:55,server_14,84.2
21:18:55,server_15,21.73
21:18:55,server_16,49.7
21:18:55,server_12,59.49
21:18:55,server_18,52.82
21:18:55,server_19,45.92
21:18:55,server_20,53.47
21:18:55,server_17,7.48
21:18:55,server_11,51.9
21:18:55,server_10,51.15
21:18:55,server_9,73.72
21:18:55,server_8,31.89
21:18:55,server_7,38.84
21:18:55,server_6,47.47
21:18:55,server_5,6.63
21:18:55,server_4,44.13
21:18:55,server_3,8.9
21:18:55,server_2,8.93
21:18:55,server_1,32.25
21:19:00,server_13,23.38
21:19:00,server_14,44.87
21:19:00,server_15,94.44
21:19:00,server_16,24.76
21:19:00,server_20,1.94
21:19:00,server_18,34.26
21:19:00,server_19,44.65
21:19:00,server_12,86.18
21:19:00,server_17,39.58
21:19:00,server_11,58.16
21:19:00,server_1,58.88
21:19:00,server_9,46.28
21:19:00,server_2,33.04
21:19:00,server_3,45.47
21:19:00,server_4,62.3
21:19:00,server_10,53.83
21:19:00,server_6,48.27
21:19:00,server_7,43.32
21:19:00,server_8,92.81
21:19:00,server_5,21.42
21:19:05,server_12,29.21
21:19:05,server_19,22.57
21:19:05,server_18,94.04
21:19:05,server_17,45.09
21:19:05,server_16,24.37
21:19:05,server_15,45.6
21:19:05,server_14,22.17
21:19:05,server_13,91.71
21:19:05,server_20,83.85
21:19:05,server_11,45.29
21:19:05,server_9,28.66
21:19:05,server_10,98.62
21:19:05,server_2,69.43
21:19:05,server_3,26.35
21:19:05,server_4,55.21
21:19:05,server_1,65.71
21:19:05,server_6,57.6
21:19:05,server_7,66.87
21:19:05,server_8,86.81
21:19:05,server_5,86.78
21:19:10,server_11,82.69
21:19:10,server_19,61.75
21:19:10,server_18,52.76
21:19:10,server_17,73.29
21:19:10,server_16,15.24
21:19:10,server_15,11.97
21:19:10,server_14,55.26
21:19:10,server_13,49.88
21:19:10,server_12,93.17
21:19:10,server_20,63.5
21:19:10,server_10,86.64
21:19:10,server_8,49.2
21:19:10,server_1,55.13
21:19:10,server_2,94.05
21:19:10,server_3,79.68
21:19:10,server_9,56.45
21:19:10,server_5,21.01
21:19:10,server_6,65.94
21:19:10,server_7,57.17
21:19:10,server_4,83.79
21:19:15,server_12,67.36
21:19:15,server_19,97.65
21:19:15,server_18,88.86
21:19:15,server_17,95.18
21:19:15,server_16,46.83
21:19:15,server_15,84.52
21:19:15,server_14,67.92
21:19:15,server_13,24.05
21:19:15,server_11,70.93
21:19:15,server_20,87.28
21:19:15,server_9,27.73
21:19:15,server_1,81.73
21:19:15,server_2,86.0
21:19:15,server_3,87.21
21:19:15,server_4,63.59
21:19:15,server_10,63.64
21:19:15,server_6,8.46
21:19:15,server_7,42.03
21:19:15,server_8,48.53
21:19:15,server_5,46.21
21:19:20,server_11,83.78
21:19:20,server_19,27.76
21:19:20,server_18,48.43
21:19:20,server_17,65.68
21:19:20,server_16,28.88
21:19:20,server_15,46.1
21:19:20,server_14,68.08
21:19:20,server_13,19.64
21:19:20,server_12,47.26
21:19:20,server_20,85.16
21:19:20,server_10,32.45
21:19:20,server_8,62.84
21:19:20,server_7,45.02
21:19:20,server_6,49.03
21:19:20,server_5,87.78
21:19:20,server_4,47.52
21:19:20,server_3,65.98
21:19:20,server_2,23.12
21:19:20,server_1,23.78
21:19:20,server_9,93.42
21:19:25,server_14,24.05
21:19:25,server_15,51.09
21:19:25,server_16,63.81
21:19:25,server_13,66.61
21:19:25,server_18,25.75
21:19:25,server_19,68.32
21:19:25,server_20,83.81
21:19:25,server_17,69.66
21:19:25,server_12,92.89
21:19:25,server_11,95.26
21:19:25,server_1,96.13
21:19:25,server_9,31.23
21:19:25,server_8,64.31
21:19:25,server_7,77.48
21:19:25,server_6,96.95
21:19:25,server_5,68.22
21:19:25,server_4,52.77
21:19:25,server_3,66.56
21:19:25,server_2,69.25
21:19:25,server_10,74.22
21:19:30,server_13,73.76
21:19:30,server_14,20.6
21:19:30,server_15,47.26
21:19:30,server_20,98.57
21:19:30,server_18,94.16
21:19:30,server_19,24.11
21:19:30,server_12,53.24
21:19:30,server_16,39.05
21:19:30,server_11,55.12
21:19:30,server_17,56.35
21:19:30,server_9,86.79
21:19:30,server_10,60.2
21:19:30,server_2,65.2
21:19:30,server_3,51.25
21:19:30,server_4,47.15
21:19:30,server_1,49.7
21:19:30,server_6,42.75
21:19:30,server_7,66.02
21:19:30,server_8,89.07
21:19:30,server_5,58.73
21:19:35,server_20,51.3
21:19:35,server_12,43.28
21:19:35,server_19,20.24
21:19:35,server_18,40.57
21:19:35,server_17,45.96
21:19:35,server_16,45.26
21:19:35,server_15,74.13
21:19:35,server_14,41.64
21:19:35,server_13,67.09
21:19:35,server_11,98.34
21:19:35,server_7,53.49
21:19:35,server_9,23.06
21:19:35,server_8,87.82
21:19:35,server_6,98.46
21:19:35,server_5,19.47
21:19:35,server_4,17.02
21:19:35,server_3,87.04
21:19:35,server_2,90.9
21:19:35,server_1,25.28
21:19:35,server_10,90.62
21:19:40,server_15,91.98
21:19:40,server_13,38.04
21:19:40,server_14,43.87
21:19:40,server_16,16.16
21:19:40,server_12,62.6
21:19:40,server_18,90.81
21:19:40,server_19,94.15
21:19:40,server_20,20.34
21:19:40,server_17,64.45
21:19:40,server_11,47.8
21:19:40,server_1,77.09
21:19:40,server_9,45.64
21:19:40,server_2,32.76
21:19:40,server_3,92.46
21:19:40,server_4,46.74
21:19:40,server_10,26.71
21:19:40,server_6,47.02
21:19:40,server_7,57.4
21:19:40,server_8,42.66
21:19:40,server_5,12.59
21:19:45,server_13,72.97
21:19:45,server_20,26.76
21:19:45,server_19,10.21
21:19:45,server_18,79.71
21:19:45,server_17,13.95
21:19:45,server_16,30.42
21:19:45,server_15,58.51
21:19:45,server_14,24.88
21:19:45,server_12,49.72
21:19:45,server_11,46.11
21:19:45,server_1,39.23
21:19:45,server_9,58.99
21:19:45,server_8,26.4
21:19:45,server_7,23.62
21:19:45,server_6,20.31
21:19:45,server_5,99.36
21:19:45,server_4,26.51
21:19:45,server_3,27.1
21:19:45,server_2,97.34
21:19:45,server_10,22.37
21:19:50,server_13,54.29
21:19:50,server_14,68.8
21:19:50,server_15,87.11
21:19:50,server_16,20.31
21:19:50,server_12,66.62
21:19:50,server_18,87.94
21:19:50,server_19,94.69
21:19:50,server_20,66.56
21:19:50,server_17,12.21
21:19:50,server_11,86.99
21:19:50,server_1,39.32
21:19:50,server_9,50.72
21:19:50,server_8,42.75
21:19:50,server_7,96.98
21:19:50,server_6,55.96
21:19:50,server_5,26.56
21:19:50,server_4,7.65
21:19:50,server_3,32.32
21:19:50,server_2,99.32
21:19:50,server_10,31.0
21:19:55,server_13,14.41
21:19:55,server_14,64.24
21:19:55,server_15,83.09
21:19:55,server_16,91.29
21:19:55,server_20,23.15
21:19:55,server_18,26.85
21:19:55,server_19,25.45
21:19:55,server_12,89.48
21:19:55,server_17,63.17
21:19:55,server_11,4.69
21:19:55,server_1,14.58
21:19:55,server_9,65.73
21:19:55,server_2,89.68
21:19:55,server_3,41.89
21:19:55,server_4,55.85
21:19:55,server_10,93.61
21:19:55,server_6,32.46
21:19:55,server_7,42.82
21:19:55,server_8,8.48
21:19:55,server_5,58.34
21:20:00,server_12,98.89
21:20:00,server_19,53.28
21:20:00,server_18,31.92
21:20:00,server_17,41.0
21:20:00,server_16,89.58
21:20:00,server_15,49.28
21:20:00,server_14,57.87
21:20:00,server_13,38.72
21:20:00,server_20,62.85
21:20:00,server_11,46.18
21:20:00,server_9,87.99
21:20:00,server_8,8.83
21:20:00,server_7,82.36
21:20:00,server_6,76.68
21:20:00,server_5,24.03
21:20:00,server_4,87.88
21:20:00,server_3,30.02
21:20:00,server_2,57.96
21:20:00,server_1,92.52
21:20:00,server_10,51.53
21:20:05,server_13,51.01
21:20:05,server_14,59.38
21:20:05,server_15,39.55
21:20:05,server_16,43.1
21:20:05,server_12,72.63
21:20:05,server_18,79.08
21:20:05,server_19,58.41
21:20:05,server_20,92.66
21:20:05,server_17,46.09
21:20:05,server_11,85.6
21:20:05,server_10,70.58
21:20:05,server_9,66.53
21:20:05,server_8,63.62
21:20:05,server_7,27.06
21:20:05,server_6,46.72
21:20:05,server_5,6.85
21:20:05,server_4,59.07
21:20:05,server_3,20.82
21:20:05,server_2,46.12
21:20:05,server_1,22.41
21:20:10,server_13,36.35
21:20:10,server_14,25.5
21:20:10,server_15,64.63
21:20:10,server_16,63.6
21:20:10,server_20,69.35
21:20:10,server_18,98.82
21:20:10,server_19,40.71
21:20:10,server_12,25.36
21:20:10,server_17,63.59
21:20:10,server_11,86.2
21:20:10,server_10,66.84
21:20:10,server_9,48.04
21:20:10,server_2,86.21
21:20:10,server_3,46.09
21:20:10,server_4,33.62
21:20:10,server_1,47.72
21:20:10,server_6,34.72
21:20:10,server_7,40.13
21:20:10,server_8,24.41
21:20:10,server_5,38.08
21:20:15,server_12,41.27
21:20:15,server_19,27.07
21:20:15,server_18,7.65
21:20:15,server_17,40.86
21:20:15,server_16,29.48
21:20:15,server_15,12.95
21:20:15,server_14,30.84
21:20:15,server_13,36.94
21:20:15,server_11,94.87
21:20:15,server_20,98.95
21:20:15,server_9,85.4
21:20:15,server_1,64.71
21:20:15,server_2,87.02
21:20:15,server_3,99.36
21:20:15,server_4,94.25
21:20:15,server_10,21.95
21:20:15,server_6,57.17
21:20:15,server_7,28.15
21:20:15,server_8,60.37
21:20:15,server_5,35.89
21:20:20,server_12,99.82
21:20:20,server_19,34.64
21:20:20,server_18,40.12
21:20:20,server_17,28.98
21:20:20,server_16,78.34
21:20:20,server_15,13.27
21:20:20,server_14,95.88
21:20:20,server_13,21.37
21:20:20,server_11,68.38
21:20:20,server_20,48.06
21:20:20,server_9,35.9
21:20:20,server_1,87.73
21:20:20,server_2,24.15
21:20:20,server_3,61.2
21:20:20,server_4,56.01
21:20:20,server_10,39.54
21:20:20,server_6,30.24
21:20:20,server_7,56.48
21:20:20,server_8,65.12
21:20:20,server_5,37.0
21:20:25,server_11,51.58
21:20:25,server_19,80.47
21:20:25,server_18,15.38
21:20:25,server_17,25.28
21:20:25,server_16,58.64
21:20:25,server_15,29.52
21:20:25,server_14,28.45
21:20:25,server_13,65.37
21:20:25,server_12,20.7
21:20:25,server_20,49.96
21:20:25,server_10,46.87
21:20:25,server_8,27.93
21:20:25,server_7,63.26
21:20:25,server_6,53.02
21:20:25,server_5,75.22
21:20:25,server_4,64.83
21:20:25,server_3,52.33
21:20:25,server_2,42.6
21:20:25,server_1,19.41
21:20:25,server_9,99.2
21:20:30,server_13,24.84
21:20:30,server_14,67.64
21:20:30,server_15,21.28
21:20:30,server_12,21.31
21:20:30,server_17,98.5
21:20:30,server_18,85.28
21:20:30,server_19,50.99
21:20:30,server_16,63.42
21:20:30,server_11,12.89
21:20:30,server_20,68.47
21:20:30,server_9,33.47
21:20:30,server_1,23.41
21:20:30,server_2,81.81
21:20:30,server_3,54.21
21:20:30,server_4,49.39
21:20:30,server_10,95.15
21:20:30,server_6,38.28
21:20:30,server_7,42.79
21:20:30,server_8,92.13
21:20:30,server_5,43.86
21:20:35,server_19,38.29
21:20:35,server_18,12.69
21:20:35,server_17,57.69
21:20:35,server_16,57.86
21:20:35,server_15,91.09
21:20:35,server_14,22.37
21:20:35,server_13,8.79
21:20:35,server_12,92.39
21:20:35,server_11,27.11
21:20:35,server_20,29.45
21:20:35,server_9,24.46
21:20:35,server_1,54.18
21:20:35,server_2,51.41
21:20:35,server_3,53.24
21:20:35,server_4,24.68
21:20:35,server_10,52.51
21:20:35,server_6,50.18
21:20:35,server_7,82.78
21:20:35,server_8,25.04
21:20:35,server_5,67.33
21:20:40,server_11,87.94
21:20:40,server_19,26.41
21:20:40,server_18,96.56
21:20:40,server_17,64.9
21:20:40,server_16,36.93
21:20:40,server_15,99.52
21:20:40,server_14,6.86
21:20:40,server_13,69.69
21:20:40,server_12,66.54
21:20:40,server_20,32.72
21:20:40,server_10,60.63
21:20:40,server_8,59.61
21:20:40,server_9,35.39
21:20:40,server_1,99.15
21:20:40,server_2,91.99
21:20:40,server_3,22.22
21:20:40,server_5,32.84
21:20:40,server_6,66.79
21:20:40,server_7,69.51
21:20:40,server_4,41.85
21:20:45,server_20,67.57
21:20:45,server_11,50.21
21:20:45,server_18,94.7
21:20:45,server_17,90.39
21:20:45,server_16,41.48
21:20:45,server_15,40.55
21:20:45,server_14,90.06
21:20:45,server_13,20.54
21:20:45,server_12,52.33
21:20:45,server_19,90.29
21:20:45,server_10,90.09
21:20:45,server_8,32.1
21:20:45,server_1,29.98
21:20:45,server_2,42.11
21:20:45,server_3,29.76
21:20:45,server_9,90.52
21:20:45,server_5,69.94
21:20:45,server_6,43.94
21:20:45,server_7,94.06
21:20:45,server_4,54.89
21:20:50,server_12,45.62
21:20:50,server_19,63.49
21:20:50,server_18,59.06
21:20:50,server_17,58.04
21:20:50,server_16,43.69
21:20:50,server_15,47.29
21:20:50,server_14,62.3
21:20:50,server_13,88.57
21:20:50,server_11,54.41
21:20:50,server_20,31.99
21:20:50,server_9,64.5
21:20:50,server_1,66.12
21:20:50,server_2,80.61
21:20:50,server_3,69.85
21:20:50,server_4,46.42
21:20:50,server_10,22.44
21:20:50,server_6,87.14
21:20:50,server_7,87.48
21:20:50,server_8,55.92
21:20:50,server_5,62.85
21:20:55,server_11,49.29
21:20:55,server_19,66.4
21:20:55,server_18,92.11
21:20:55,server_17,5.03
21:20:55,server_16,69.11
21:20:55,server_15,40.94
21:20:55,server_14,85.01
21:20:55,server_13,29.48
21:20:55,server_12,58.79
21:20:55,server_20,60.03
21:20:55,server_10,56.62
21:20:55,server_8,59.87
21:20:55,server_7,92.85
21:20:55,server_6,95.18
21:20:55,server_5,93.97
21:20:55,server_4,32.65
21:20:55,server_3,25.98
21:20:55,server_2,45.81
21:20:55,server_1,29.71
21:20:55,server_9,65.78
21:21:00,server_13,10.69
21:21:00,server_14,26.88
21:21:00,server_15,16.01
21:21:00,server_12,86.34
21:21:00,server_17,62.28
21:21:00,server_18,86.78
21:21:00,server_19,42.63
21:21:00,server_16,74.01
21:21:00,server_11,40.31
21:21:00,server_20,63.5
21:21:00,server_9,20.91
21:21:00,server_1,37.1
21:21:00,server_2,26.75
21:21:00,server_3,47.95
21:21:00,server_4,2.95
21:21:00,server_10,51.96
21:21:00,server_6,16.21
21:21:00,server_7,43.52
21:21:00,server_8,68.38
21:21:00,server_5,63.2
21:21:05,server_12,39.67
21:21:05,server_20,64.04
21:21:05,server_19,64.92
21:21:05,server_18,46.28
21:21:05,server_17,20.79
21:21:05,server_16,3.29
21:21:05,server_15,54.51
21:21:05,server_14,68.53
21:21:05,server_13,62.11
21:21:05,server_11,58.29
21:21:05,server_10,28.74
21:21:05,server_9,91.89
21:21:05,server_2,88.02
21:21:05,server_3,75.84
21:21:05,server_4,91.52
21:21:05,server_1,65.45
21:21:05,server_6,97.36
21:21:05,server_7,90.67
21:21:05,server_8,58.34
21:21:05,server_5,43.8
21:21:10,server_12,41.52
21:21:10,server_19,65.67
21:21:10,server_18,69.17
21:21:10,server_17,54.51
21:21:10,server_16,66.99
21:21:10,server_15,56.8
21:21:10,server_14,23.89
21:21:10,server_13,88.92
21:21:10,server_11,69.8
21:21:10,server_20,50.47
21:21:10,server_9,13.83
21:21:10,server_1,64.89
21:21:10,server_2,55.83
21:21:10,server_3,75.16
21:21:10,server_4,44.21
21:21:10,server_10,66.76
21:21:10,server_6,65.39
21:21:10,server_7,56.34
21:21:10,server_8,93.38
21:21:10,server_5,50.51
21:21:15,server_12,44.53
21:21:15,server_19,93.6
21:21:15,server_18,39.96
21:21:15,server_17,42.44
21:21:15,server_16,69.26
21:21:15,server_15,37.34
21:21:15,server_14,37.48
21:21:15,server_13,95.44
21:21:15,server_11,69.43
21:21:15,server_20,93.59
21:21:15,server_9,14.64
21:21:15,server_1,65.79
21:21:15,server_2,26.33
21:21:15,server_3,70.08
21:21:15,server_4,76.74
21:21:15,server_10,53.4
21:21:15,server_6,49.68
21:21:15,server_7,66.13
21:21:15,server_8,43.64
21:21:15,server_5,18.18
21:21:20,server_11,45.75
21:21:20,server_19,44.05
21:21:20,server_18,63.3
21:21:20,server_17,56.56
21:21:20,server_16,21.87
21:21:20,server_15,86.1
21:21:20,server_14,62.99
21:21:20,server_13,99.35
21:21:20,server_12,56.1
21:21:20,server_20,12.03
21:21:20,server_10,66.7
21:21:20,server_8,37.39
21:21:20,server_7,85.39
21:21:20,server_6,80.79
21:21:20,server_5,9.47
21:21:20,server_4,45.94
21:21:20,server_3,41.59
21:21:20,server_2,89.45
21:21:20,server_1,25.84
21:21:20,server_9,97.34
21:21:25,server_13,32.72
21:21:25,server_14,20.11
21:21:25,server_15,41.97
21:21:25,server_12,29.47
21:21:25,server_17,40.07
21:21:25,server_18,47.29
21:21:25,server_19,3.6
21:21:25,server_16,91.59
21:21:25,server_11,62.54
21:21:25,server_20,10.76
21:21:25,server_9,55.39
21:21:25,server_1,31.19
21:21:25,server_2,38.06
21:21:25,server_3,67.81
21:21:25,server_4,97.99
21:21:25,server_10,39.98
21:21:25,server_6,49.33
21:21:25,server_7,48.34
21:21:25,server_8,41.17
21:21:25,server_5,57.08
21:21:30,server_19,28.06
21:21:30,server_18,94.11
21:21:30,server_17,40.67
21:21:30,server_16,37.94
21:21:30,server_15,99.15
21:21:30,server_14,23.8
21:21:30,server_13,39.8
21:21:30,server_12,36.64
21:21:30,server_11,21.32
21:21:30,server_20,33.26
21:21:30,server_9,63.23
21:21:30,server_1,60.84
21:21:30,server_2,34.49
21:21:30,server_3,91.85
21:21:30,server_4,23.3
21:21:30,server_10,91.0
21:21:30,server_6,60.4
21:21:30,server_7,25.29
21:21:30,server_8,40.45
21:21:30,server_5,50.81
21:21:35,server_11,52.29
21:21:35,server_19,16.08
21:21:35,server_18,24.7
21:21:35,server_17,22.93
21:21:35,server_16,22.09
21:21:35,server_15,29.5
21:21:35,server_14,56.96
21:21:35,server_13,87.01
21:21:35,server_12,84.49
21:21:35,server_20,34.8
21:21:35,server_10,42.44
21:21:35,server_8,91.74
21:21:35,server_9,23.84
21:21:35,server_1,48.65
21:21:35,server_2,24.83
21:21:35,server_3,29.21
21:21:35,server_5,38.2
21:21:35,server_6,50.53
21:21:35,server_7,60.24
21:21:35,server_4,51.63
21:21:40,server_20,66.57
21:21:40,server_11,55.68
21:21:40,server_18,91.62
21:21:40,server_17,26.73
21:21:40,server_16,21.11
21:21:40,server_15,27.03
21:21:40,server_14,39.1
21:21:40,server_13,23.8
21:21:40,server_12,91.21
21:21:40,server_19,99.41
21:21:40,server_10,74.42
21:21:40,server_8,30.25
21:21:40,server_1,63.94
21:21:40,server_2,54.0
21:21:40,server_3,21.37
21:21:40,server_9,24.03
21:21:40,server_5,53.76
21:21:40,server_6,48.34
21:21:40,server_7,39.44
21:21:40,server_4,71.6
21:21:45,server_12,44.72
21:21:45,server_19,55.41
21:21:45,server_18,61.54
21:21:45,server_17,98.48
21:21:45,server_16,41.0
21:21:45,server_15,23.47
21:21:45,server_14,35.26
21:21:45,server_13,84.88
21:21:45,server_11,47.31
21:21:45,server_20,91.54
21:21:45,server_9,55.68
21:21:45,server_1,32.85
21:21:45,server_2,8.8
21:21:45,server_3,50.11
21:21:45,server_4,92.32
21:21:45,server_10,69.88
21:21:45,server_6,63.67
21:21:45,server_7,57.31
21:21:45,server_8,46.99
21:21:45,server_5,60.46
21:21:50,server_11,88.41
21:21:50,server_19,58.36
21:21:50,server_18,20.61
21:21:50,server_17,62.36
21:21:50,server_16,22.98
21:21:50,server_15,64.7
21:21:50,server_14,81.71
21:21:50,server_13,3.46
21:21:50,server_12,23.62
21:21:50,server_20,59.91
21:21:50,server_10,76.54
21:21:50,server_8,63.03
21:21:50,server_7,33.64
21:21:50,server_6,53.52
21:21:50,server_5,60.46
21:21:50,server_4,45.95
21:21:50,server_3,39.96
21:21:50,server_2,2.68
21:21:50,server_1,20.88
21:21:50,server_9,38.76
21:21:55,server_13,85.67
21:21:55,server_14,35.73
21:21:55,server_15,23.02
21:21:55,server_12,91.17
21:21:55,server_17,42.93
21:21:55,server_18,23.04
21:21:55,server_19,63.69
21:21:55,server_16,56.31
21:21:55,server_11,76.24
21:21:55,server_20,60.32
21:21:55,server_9,39.06
21:21:55,server_1,24.04
21:21:55,server_2,58.1
21:21:55,server_3,63.17
21:21:55,server_4,68.24
21:21:55,server_10,66.39
21:21:55,server_6,25.91
21:21:55,server_7,93.11
21:21:55,server_8,2.24
21:21:55,server_5,99.19
21:22:00,server_20,59.65
21:22:00,server_19,58.08
21:22:00,server_18,26.46
21:22:00,server_17,98.15
21:22:00,server_16,96.93
21:22:00,server_15,44.58
21:22:00,server_14,91.14
21:22:00,server_12,94.43
21:22:00,server_11,26.02
21:22:00,server_13,54.37
21:22:00,server_9,87.01
21:22:00,server_10,41.2
21:22:00,server_2,72.08
21:22:00,server_3,58.17
21:22:00,server_4,56.64
21:22:00,server_1,47.62
21:22:00,server_6,52.08
21:22:00,server_7,96.03
21:22:00,server_8,59.34
21:22:00,server_5,29.8
21:22:05,server_12,66.37
21:22:05,server_20,90.72
21:22:05,server_19,30.8
21:22:05,server_18,55.6
21:22:05,server_17,92.73
21:22:05,server_16,64.58
21:22:05,server_15,88.88
21:22:05,server_14,53.37
21:22:05,server_13,91.55
21:22:05,server_11,67.35
21:22:05,server_3,65.14
21:22:05,server_9,48.49
21:22:05,server_10,51.34
21:22:05,server_2,54.95
21:22:05,server_4,35.95
21:22:05,server_1,91.76
21:22:05,server_6,48.77
21:22:05,server_7,56.83
21:22:05,server_8,26.81
21:22:05,server_5,58.22
21:22:10,server_12,41.36
21:22:10,server_19,25.74
21:22:10,server_18,25.45
21:22:10,server_17,37.97
21:22:10,server_16,63.03
21:22:10,server_15,22.86
21:22:10,server_14,88.88
21:22:10,server_20,68.08
21:22:10,server_11,65.2
21:22:10,server_13,4.99
21:22:10,server_9,25.69
21:22:10,server_1,98.75
21:22:10,server_2,55.26
21:22:10,server_3,29.79
21:22:10,server_4,7.43
21:22:10,server_10,47.62
21:22:10,server_6,63.5
21:22:10,server_7,32.43
21:22:10,server_8,32.45
21:22:10,server_5,50.33
21:22:15,server_19,95.46
21:22:15,server_18,94.29
21:22:15,server_17,68.76
21:22:15,server_16,43.63
21:22:15,server_15,84.65
21:22:15,server_14,51.57
21:22:15,server_13,58.75
21:22:15,server_12,22.98
21:22:15,server_11,57.02
21:22:15,server_20,41.69
21:22:15,server_9,33.45
21:22:15,server_1,99.55
21:22:15,server_2,36.65
21:22:15,server_3,45.94
21:22:15,server_4,56.47
21:22:15,server_10,89.08
21:22:15,server_6,82.99
21:22:15,server_7,83.45
21:22:15,server_8,81.36
21:22:15,server_5,65.96
21:22:20,server_11,33.88
21:22:20,server_19,86.92
21:22:20,server_18,61.04
21:22:20,server_17,69.29
21:22:20,server_16,90.55
21:22:20,server_15,28.63
21:22:20,server_14,91.21
21:22:20,server_13,51.93
21:22:20,server_12,35.1
21:22:20,server_20,88.7
21:22:20,server_10,6.97
21:22:20,server_8,48.32
21:22:20,server_9,21.48
21:22:20,server_1,13.37
21:22:20,server_2,89.3
21:22:20,server_3,60.0
21:22:20,server_5,57.02
21:22:20,server_6,8.49
21:22:20,server_7,16.89
21:22:20,server_4,53.65
21:22:25,server_20,24.51
21:22:25,server_11,59.84
21:22:25,server_18,14.93
21:22:25,server_17,33.19
21:22:25,server_16,94.79
21:22:25,server_15,36.92
21:22:25,server_14,95.0
21:22:25,server_13,22.3
21:22:25,server_12,69.66
21:22:25,server_19,92.74
21:22:25,server_10,63.21
21:22:25,server_8,35.27
21:22:25,server_1,18.29
21:22:25,server_2,77.33
21:22:25,server_3,52.42
21:22:25,server_9,92.81
21:22:25,server_5,45.69
21:22:25,server_6,42.27
21:22:25,server_7,29.99
21:22:25,server_4,92.64
21:22:30,server_20,44.66
21:22:30,server_19,90.48
21:22:30,server_18,93.34
21:22:30,server_17,57.93
21:22:30,server_16,47.87
21:22:30,server_15,41.76
21:22:30,server_14,95.67
21:22:30,server_12,28.58
21:22:30,server_11,31.22
21:22:30,server_13,36.69
21:22:30,server_9,89.36
21:22:30,server_10,56.59
21:22:30,server_2,82.07
21:22:30,server_3,11.38
21:22:30,server_4,34.56
21:22:30,server_1,68.46
21:22:30,server_6,83.52
21:22:30,server_7,92.89
21:22:30,server_8,84.41
21:22:30,server_5,23.89
21:22:35,server_12,43.62
21:22:35,server_19,69.62
21:22:35,server_18,82.62
21:22:35,server_20,2.99
21:22:35,server_17,36.05
21:22:35,server_16,27.96
21:22:35,server_15,46.0
21:22:35,server_14,24.34
21:22:35,server_13,59.97
21:22:35,server_11,61.12
21:22:35,server_3,38.83
21:22:35,server_9,10.89
21:22:35,server_10,37.88
21:22:35,server_2,63.62
21:22:35,server_4,57.82
21:22:35,server_1,45.35
21:22:35,server_6,55.55
21:22:35,server_7,66.92
21:22:35,server_8,88.06
21:22:35,server_5,89.56
21:22:40,server_11,54.4
21:22:40,server_20,89.8
21:22:40,server_18,43.52
21:22:40,server_17,95.61
21:22:40,server_16,56.88
21:22:40,server_15,58.55
21:22:40,server_14,20.8
21:22:40,server_13,34.83
21:22:40,server_12,45.35
21:22:40,server_19,60.31
21:22:40,server_10,32.65
21:22:40,server_8,97.41
21:22:40,server_1,48.25
21:22:40,server_2,64.42
21:22:40,server_3,90.15
21:22:40,server_9,56.82
21:22:40,server_5,56.41
21:22:40,server_6,94.54
21:22:40,server_7,45.38
21:22:40,server_4,94.43
21:22:45,server_12,97.39
21:22:45,server_19,98.34
21:22:45,server_18,21.3
21:22:45,server_17,98.03
21:22:45,server_16,49.85
21:22:45,server_15,67.8
21:22:45,server_14,41.33
21:22:45,server_13,99.48
21:22:45,server_11,52.78
21:22:45,server_20,47.42
21:22:45,server_9,52.51
21:22:45,server_1,59.94
21:22:45,server_2,1.78
21:22:45,server_3,62.62
21:22:45,server_4,55.41
21:22:45,server_10,97.14
21:22:45,server_6,40.23
21:22:45,server_7,4.14
21:22:45,server_8,59.95
21:22:45,server_5,36.26
21:22:50,server_11,51.97
21:22:50,server_19,67.38
21:22:50,server_18,94.61
21:22:50,server_17,88.97
21:22:50,server_16,23.94
21:22:50,server_15,95.85
21:22:50,server_14,89.94
21:22:50,server_13,51.54
21:22:50,server_12,58.05
21:22:50,server_20,92.84
21:22:50,server_10,47.78
21:22:50,server_8,64.51
21:22:50,server_7,97.94
21:22:50,server_6,32.17
21:22:50,server_5,46.56
21:22:50,server_4,22.4
21:22:50,server_3,91.42
21:22:50,server_2,84.31
21:22:50,server_1,10.54
21:22:50,server_9,0.64
21:22:55,server_13,30.32
21:22:55,server_14,90.09
21:22:55,server_16,39.35
21:22:55,server_12,85.42
21:22:55,server_18,96.0
21:22:55,server_19,6.99
21:22:55,server_20,66.1
21:22:55,server_17,90.58
21:22:55,server_11,35.86
21:22:55,server_15,99.78
21:22:55,server_9,45.65
21:22:55,server_1,92.52
21:22:55,server_2,24.16
21:22:55,server_3,52.01
21:22:55,server_4,35.46
21:22:55,server_10,29.86
21:22:55,server_6,30.35
21:22:55,server_7,59.49
21:22:55,server_8,68.44
21:22:55,server_5,54.09
21:23:00,server_20,61.22
21:23:00,server_19,32.15
21:23:00,server_18,86.95
21:23:00,server_17,23.56
21:23:00,server_16,23.02
21:23:00,server_15,96.33
21:23:00,server_14,88.16
21:23:00,server_12,47.47
21:23:00,server_11,22.01
21:23:00,server_13,56.9
21:23:00,server_9,39.43
21:23:00,server_8,62.14
21:23:00,server_7,83.05
21:23:00,server_6,43.58
21:23:00,server_5,41.48
21:23:00,server_4,15.13
21:23:00,server_3,27.0
21:23:00,server_2,59.49
21:23:00,server_10,35.85
21:23:00,server_1,56.91
21:23:05,server_13,22.52
21:23:05,server_14,21.58
21:23:05,server_15,68.51
21:23:05,server_16,28.61
21:23:05,server_20,61.44
21:23:05,server_18,54.11
21:23:05,server_19,66.04
21:23:05,server_12,71.38
21:23:05,server_17,45.52
21:23:05,server_11,33.97
21:23:05,server_3,58.97
21:23:05,server_9,49.38
21:23:05,server_8,61.18
21:23:05,server_7,82.85
21:23:05,server_6,55.22
21:23:05,server_5,30.42
21:23:05,server_4,44.71
21:23:05,server_2,51.56
21:23:05,server_1,88.07
21:23:05,server_10,4.1
21:23:10,server_15,85.74
21:23:10,server_14,55.85
21:23:10,server_16,65.64
21:23:10,server_13,29.87
21:23:10,server_18,66.58
21:23:10,server_19,56.84
21:23:10,server_20,23.15
21:23:10,server_12,30.44
21:23:10,server_17,25.51
21:23:10,server_11,89.11
21:23:10,server_10,63.06
21:23:10,server_9,46.0
21:23:10,server_2,61.02
21:23:10,server_3,85.75
21:23:10,server_4,83.82
21:23:10,server_1,65.06
21:23:10,server_6,64.57
21:23:10,server_7,97.38
21:23:10,server_8,41.41
21:23:10,server_5,26.52
21:23:15,server_12,31.45
21:23:15,server_20,87.17
21:23:15,server_19,49.52
21:23:15,server_18,40.79
21:23:15,server_16,61.68
21:23:15,server_15,75.73
21:23:15,server_14,80.62
21:23:15,server_13,49.4
21:23:15,server_11,67.3
21:23:15,server_17,50.44
21:23:15,server_9,43.18
21:23:15,server_10,65.58
21:23:15,server_2,51.36
21:23:15,server_3,59.63
21:23:15,server_4,69.79
21:23:15,server_1,69.88
21:23:15,server_6,38.97
21:23:15,server_7,31.39
21:23:15,server_8,50.38
21:23:15,server_5,23.09
21:23:20,server_20,68.01
21:23:20,server_12,48.6
21:23:20,server_19,31.78
21:23:20,server_18,20.02
21:23:20,server_17,94.97
21:23:20,server_16,65.28
21:23:20,server_15,32.77
21:23:20,server_14,95.48
21:23:20,server_13,21.14
21:23:20,server_11,96.18
21:23:20,server_7,10.1
21:23:20,server_9,48.85
21:23:20,server_8,43.06
21:23:20,server_6,53.0
21:23:20,server_5,38.01
21:23:20,server_4,49.01
21:23:20,server_3,45.4
21:23:20,server_2,67.11
21:23:20,server_1,47.57
21:23:20,server_10,27.05
21:23:25,server_15,59.73
21:23:25,server_14,33.63
21:23:25,server_16,25.26
21:23:25,server_13,27.91
21:23:25,server_18,85.15
21:23:25,server_19,96.01
21:23:25,server_20,78.5
21:23:25,server_12,50.39
21:23:25,server_17,87.17
21:23:25,server_11,62.99
21:23:25,server_3,47.94
21:23:25,server_9,21.42
21:23:25,server_8,92.12
21:23:25,server_7,64.46
21:23:25,server_6,38.09
21:23:25,server_5,3.91
21:23:25,server_4,50.36
21:23:25,server_10,40.76
21:23:25,server_2,31.97
21:23:25,server_1,31.88
21:23:30,server_13,39.35
21:23:30,server_14,74.11
21:23:30,server_15,83.0
21:23:30,server_16,54.95
21:23:30,server_20,94.21
21:23:30,server_18,47.13
21:23:30,server_19,57.1
21:23:30,server_12,22.8
21:23:30,server_17,80.82
21:23:30,server_11,61.29
21:23:30,server_10,95.06
21:23:30,server_9,38.35
21:23:30,server_2,66.6
21:23:30,server_3,53.75
21:23:30,server_4,48.52
21:23:30,server_1,53.29
21:23:30,server_6,95.68
21:23:30,server_7,39.74
21:23:30,server_8,44.95
21:23:30,server_5,49.95
21:23:35,server_12,93.03
21:23:35,server_19,43.42
21:23:35,server_18,54.69
21:23:35,server_17,45.19
21:23:35,server_16,51.67
21:23:35,server_15,23.91
21:23:35,server_14,43.18
21:23:35,server_13,28.91
21:23:35,server_11,51.17
21:23:35,server_20,14.53
21:23:35,server_9,39.65
21:23:35,server_1,24.36
21:23:35,server_2,26.19
21:23:35,server_3,36.13
21:23:35,server_4,32.93
21:23:35,server_10,65.67
21:23:35,server_6,91.79
21:23:35,server_7,7.2
21:23:35,server_8,39.01
21:23:35,server_5,84.72
21:23:40,server_12,52.99
21:23:40,server_19,20.17
21:23:40,server_18,43.04
21:23:40,server_17,42.43
21:23:40,server_16,89.34
21:23:40,server_15,90.08
21:23:40,server_14,84.28
21:23:40,server_13,89.64
21:23:40,server_11,54.81
21:23:40,server_20,74.75
21:23:40,server_9,27.55
21:23:40,server_1,33.22
21:23:40,server_2,45.38
21:23:40,server_3,85.05
21:23:40,server_4,24.12
21:23:40,server_10,29.72
21:23:40,server_6,65.01
21:23:40,server_7,96.44
21:23:40,server_8,48.4
21:23:40,server_5,69.33
21:23:45,server_11,94.73
21:23:45,server_19,59.31
21:23:45,server_18,57.73
21:23:45,server_17,98.64
21:23:45,server_16,93.38
21:23:45,server_15,59.93
21:23:45,server_14,52.34
21:23:45,server_13,69.87
21:23:45,server_12,67.71
21:23:45,server_20,22.07
21:23:45,server_10,85.75
21:23:45,server_8,45.06
21:23:45,server_7,40.11
21:23:45,server_6,13.46
21:23:45,server_5,36.02
21:23:45,server_4,32.63
21:23:45,server_3,42.84
21:23:45,server_2,43.31
21:23:45,server_1,98.86
21:23:45,server_9,85.09
21:23:50,server_14,48.6
21:23:50,server_15,52.52
21:23:50,server_16,86.8
21:23:50,server_12,28.69
21:23:50,server_18,55.49
21:23:50,server_19,40.31
21:23:50,server_20,46.09
21:23:50,server_17,53.39
21:23:50,server_11,20.51
21:23:50,server_13,66.83
21:23:50,server_9,51.62
21:23:50,server_10,33.49
21:23:50,server_2,65.62
21:23:50,server_3,51.08
21:23:50,server_4,67.06
21:23:50,server_1,44.12
21:23:50,server_6,19.85
21:23:50,server_7,60.13
21:23:50,server_8,26.0
21:23:50,server_5,65.42
21:23:55,server_20,57.27
21:23:55,server_19,32.9
21:23:55,server_18,89.97
21:23:55,server_12,21.77
21:23:55,server_17,68.09
21:23:55,server_16,25.73
21:23:55,server_15,59.85
21:23:55,server_14,59.27
21:23:55,server_13,36.89
21:23:55,server_11,56.05
21:23:55,server_3,90.21
21:23:55,server_9,46.19
21:23:55,server_1,3.24
21:23:55,server_2,99.16
21:23:55,server_4,45.89
21:23:55,server_10,29.48
21:23:55,server_6,83.26
21:23:55,server_7,85.13
21:23:55,server_8,18.49
21:23:55,server_5,90.83
21:24:00,server_20,55.89
21:24:00,server_19,42.97
21:24:00,server_18,95.09
21:24:00,server_17,51.19
21:24:00,server_16,67.76
21:24:00,server_15,24.87
21:24:00,server_14,98.43
21:24:00,server_12,86.84
21:24:00,server_11,30.09
21:24:00,server_13,58.17
21:24:00,server_9,40.14
21:24:00,server_10,89.52
21:24:00,server_2,58.65
21:24:00,server_3,15.95
21:24:00,server_4,29.75
21:24:00,server_1,41.78
21:24:00,server_6,28.81
21:24:00,server_7,58.47
21:24:00,server_8,57.74
21:24:00,server_5,47.23
21:24:05,server_12,67.92
21:24:05,server_20,97.65
21:24:05,server_19,69.54
21:24:05,server_18,42.04
21:24:05,server_17,29.19
21:24:05,server_16,98.48
21:24:05,server_15,61.73
21:24:05,server_14,59.81
21:24:05,server_13,86.27
21:24:05,server_11,29.65
21:24:05,server_3,49.44
21:24:05,server_9,63.22
21:24:05,server_8,50.62
21:24:05,server_7,23.63
21:24:05,server_6,66.56
21:24:05,server_5,38.04
21:24:05,server_4,41.82
21:24:05,server_2,53.88
21:24:05,server_1,30.27
21:24:05,server_10,17.67
21:24:10,server_13,33.33
21:24:10,server_14,23.54
21:24:10,server_15,65.69
21:24:10,server_16,78.46
21:24:10,server_19,69.63
21:24:10,server_20,66.65
21:24:10,server_18,81.67
21:24:10,server_12,26.81
21:24:10,server_17,74.91
21:24:10,server_11,28.98
21:24:10,server_3,34.33
21:24:10,server_9,29.84
21:24:10,server_10,50.52
21:24:10,server_2,60.99
21:24:10,server_4,59.67
21:24:10,server_1,21.03
21:24:10,server_6,91.81
21:24:10,server_7,40.72
21:24:10,server_5,44.23
21:24:10,server_8,75.83
21:24:15,server_20,93.14
21:24:15,server_19,80.99
21:24:15,server_18,60.65
21:24:15,server_17,61.35
21:24:15,server_16,26.83
21:24:15,server_15,32.67
21:24:15,server_14,86.31
21:24:15,server_12,82.99
21:24:15,server_10,67.69
21:24:15,server_13,10.85
21:24:15,server_8,69.93
21:24:15,server_9,8.04
21:24:15,server_1,54.89
21:24:15,server_2,49.15
21:24:15,server_3,14.4
21:24:15,server_11,65.64
21:24:15,server_5,58.98
21:24:15,server_6,0.54
21:24:15,server_7,66.24
21:24:15,server_4,68.95
21:24:20,server_20,25.49
21:24:20,server_19,46.59
21:24:20,server_18,31.33
21:24:20,server_17,67.93
21:24:20,server_16,12.06
21:24:20,server_15,35.25
21:24:20,server_14,53.96
21:24:20,server_13,6.61
21:24:20,server_12,53.45
21:24:20,server_11,52.86
21:24:20,server_10,48.2
21:24:20,server_8,43.24
21:24:20,server_7,22.46
21:24:20,server_6,57.58
21:24:20,server_5,37.76
21:24:20,server_4,48.32
21:24:20,server_3,27.57
21:24:20,server_2,49.78
21:24:20,server_1,55.34
21:24:20,server_9,60.19
21:24:25,server_13,31.07
21:24:25,server_14,24.06
21:24:25,server_15,39.12
21:24:25,server_16,81.69
21:24:25,server_20,36.61
21:24:25,server_18,23.46
21:24:25,server_19,78.47
21:24:25,server_12,22.13
21:24:25,server_17,68.6
21:24:25,server_11,20.2
21:24:25,server_10,50.26
21:24:25,server_9,90.31
21:24:25,server_2,17.63
21:24:25,server_3,61.7
21:24:25,server_4,42.6
21:24:25,server_1,44.76
21:24:25,server_6,15.68
21:24:25,server_7,85.25
21:24:25,server_8,53.15
21:24:25,server_5,59.95
21:24:30,server_12,38.77
21:24:30,server_19,95.27
21:24:30,server_18,37.84
21:24:30,server_17,87.46
21:24:30,server_16,92.16
21:24:30,server_15,20.4
21:24:30,server_14,47.43
21:24:30,server_13,67.11
21:24:30,server_11,44.42
21:24:30,server_20,21.12
21:24:30,server_9,27.36
21:24:30,server_1,65.95
21:24:30,server_2,48.35
21:24:30,server_3,64.38
21:24:30,server_4,29.64
21:24:30,server_10,38.47
21:24:30,server_6,51.5
21:24:30,server_7,79.52
21:24:30,server_8,93.85
21:24:30,server_5,41.25
21:24:35,server_12,20.31
21:24:35,server_19,75.18
21:24:35,server_18,69.26
21:24:35,server_17,25.02
21:24:35,server_16,22.74
21:24:35,server_15,20.43
21:24:35,server_14,46.77
21:24:35,server_13,59.27
21:24:35,server_11,67.35
21:24:35,server_20,51.58
21:24:35,server_9,51.23
21:24:35,server_1,33.77
21:24:35,server_2,50.99
21:24:35,server_3,72.14
21:24:35,server_4,63.89
21:24:35,server_10,39.8
21:24:35,server_6,42.93
21:24:35,server_7,56.95
21:24:35,server_8,61.06
21:24:35,server_5,50.87
21:24:40,server_11,42.66
21:24:40,server_19,39.42
21:24:40,server_18,53.35
21:24:40,server_17,88.47
21:24:40,server_16,1.57
21:24:40,server_15,51.69
21:24:40,server_14,53.65
21:24:40,server_13,83.35
21:24:40,server_12,98.05
21:24:40,server_20,47.32
21:24:40,server_10,64.76
21:24:40,server_8,0.84
21:24:40,server_7,94.13
21:24:40,server_6,22.44
21:24:40,server_5,96.23
21:24:40,server_4,97.8
21:24:40,server_3,90.96
21:24:40,server_2,48.8
21:24:40,server_1,51.0
21:24:40,server_9,73.95
21:24:45,server_13,28.63
21:24:45,server_14,67.34
21:24:45,server_15,30.36
21:24:45,server_12,53.62
21:24:45,server_17,13.17
21:24:45,server_18,25.83
21:24:45,server_19,94.44
21:24:45,server_16,21.14
21:24:45,server_11,2.22
21:24:45,server_20,29.8
21:24:45,server_9,32.43
21:24:45,server_8,26.01
21:24:45,server_7,96.73
21:24:45,server_6,94.09
21:24:45,server_5,26.16
21:24:45,server_4,63.39
21:24:45,server_3,24.2
21:24:45,server_2,20.82
21:24:45,server_1,20.21
21:24:45,server_10,24.62
21:24:50,server_13,20.46
21:24:50,server_14,49.36
21:24:50,server_15,56.97
21:24:50,server_16,89.81
21:24:50,server_20,40.8
21:24:50,server_12,63.94
21:24:50,server_18,58.79
21:24:50,server_19,27.73
21:24:50,server_17,42.71
21:24:50,server_11,46.97
21:24:50,server_3,38.42
21:24:50,server_9,48.35
21:24:50,server_1,61.06
21:24:50,server_2,66.48
21:24:50,server_4,46.57
21:24:50,server_10,22.25
21:24:50,server_6,50.91
21:24:50,server_7,68.82
21:24:50,server_8,49.49
21:24:50,server_5,33.16
21:24:55,server_12,24.55
21:24:55,server_19,26.51
21:24:55,server_18,49.07
21:24:55,server_17,93.11
21:24:55,server_16,86.41
21:24:55,server_15,63.09
21:24:55,server_14,62.24
21:24:55,server_13,64.85
21:24:55,server_11,66.42
21:24:55,server_20,42.19
21:24:55,server_9,26.68
21:24:55,server_1,64.18
21:24:55,server_2,7.56
21:24:55,server_3,26.04
21:24:55,server_4,64.72
21:24:55,server_10,89.88
21:24:55,server_6,56.09
21:24:55,server_7,54.66
21:24:55,server_8,64.8
21:24:55,server_5,33.93
21:25:00,server_11,87.82
21:25:00,server_19,31.68
21:25:00,server_18,72.84
21:25:00,server_17,31.94
21:25:00,server_16,9.38
21:25:00,server_15,64.69
21:25:00,server_14,68.5
21:25:00,server_13,96.98
21:25:00,server_12,83.85
21:25:00,server_20,59.62
21:25:00,server_10,25.93
21:25:00,server_8,88.4
21:25:00,server_7,62.48
21:25:00,server_6,56.04
21:25:00,server_5,63.83
21:25:00,server_4,41.13
21:25:00,server_3,57.93
21:25:00,server_2,89.14
21:25:00,server_1,88.1
21:25:00,server_9,36.87
21:25:05,server_14,18.9
21:25:05,server_15,1.67
21:25:05,server_16,23.63
21:25:05,server_13,61.33
21:25:05,server_18,51.62
21:25:05,server_19,7.42
21:25:05,server_20,52.02
21:25:05,server_17,92.93
21:25:05,server_12,58.23
21:25:05,server_11,32.82
21:25:05,server_1,69.7
21:25:05,server_9,99.76
21:25:05,server_8,98.79
21:25:05,server_7,67.45
21:25:05,server_6,93.21
21:25:05,server_5,50.1
21:25:05,server_4,21.89
21:25:05,server_3,62.67
21:25:05,server_2,28.42
21:25:05,server_10,36.15
21:25:10,server_13,94.61
21:25:10,server_14,68.75
21:25:10,server_15,58.11
21:25:10,server_20,67.24
21:25:10,server_18,51.13
21:25:10,server_19,30.81
21:25:10,server_12,44.73
21:25:10,server_16,85.38
21:25:10,server_11,61.39
21:25:10,server_17,97.65
21:25:10,server_9,40.16
21:25:10,server_10,44.69
21:25:10,server_2,99.69
21:25:10,server_3,98.53
21:25:10,server_4,50.49
21:25:10,server_1,39.63
21:25:10,server_6,90.23
21:25:10,server_7,58.56
21:25:10,server_8,82.2
21:25:10,server_5,67.18
21:25:15,server_20,7.07
21:25:15,server_12,64.31
21:25:15,server_19,25.93
21:25:15,server_18,21.47
21:25:15,server_17,44.57
21:25:15,server_16,88.27
21:25:15,server_15,35.97
21:25:15,server_14,1.97
21:25:15,server_13,98.89
21:25:15,server_11,60.99
21:25:15,server_7,92.4
21:25:15,server_9,54.08
21:25:15,server_8,57.54
21:25:15,server_6,50.55
21:25:15,server_5,88.31
21:25:15,server_4,35.03
21:25:15,server_3,65.23
21:25:15,server_2,67.28
21:25:15,server_1,49.29
21:25:15,server_10,76.36
21:25:20,server_15,98.81
21:25:20,server_13,58.75
21:25:20,server_14,66.13
21:25:20,server_16,57.56
21:25:20,server_12,32.33
21:25:20,server_18,16.96
21:25:20,server_19,13.58
21:25:20,server_20,54.46
21:25:20,server_17,59.87
21:25:20,server_11,36.9
21:25:20,server_1,59.2
21:25:20,server_9,35.88
21:25:20,server_2,25.31
21:25:20,server_3,95.75
21:25:20,server_4,46.87
21:25:20,server_10,90.96
21:25:20,server_6,34.52
21:25:20,server_7,24.17
21:25:20,server_8,54.82
21:25:20,server_5,28.97
21:25:25,server_13,25.85
21:25:25,server_20,50.11
21:25:25,server_19,90.8
21:25:25,server_18,33.43
21:25:25,server_17,75.41
21:25:25,server_16,74.16
21:25:25,server_15,89.48
21:25:25,server_14,20.56
21:25:25,server_12,28.16
21:25:25,server_11,30.52
21:25:25,server_1,45.74
21:25:25,server_9,52.87
21:25:25,server_8,68.84
21:25:25,server_7,33.35
21:25:25,server_6,30.31
21:25:25,server_5,89.44
21:25:25,server_4,39.5
21:25:25,server_3,86.51
21:25:25,server_2,95.46
21:25:25,server_10,24.72
21:25:30,server_13,55.36
21:25:30,server_14,40.14
21:25:30,server_15,23.54
21:25:30,server_16,63.85
21:25:30,server_12,66.72
21:25:30,server_18,92.75
21:25:30,server_19,56.8
21:25:30,server_20,37.26
21:25:30,server_17,29.0
21:25:30,server_11,22.13
21:25:30,server_1,62.72
21:25:30,server_9,66.48
21:25:30,server_8,36.03
21:25:30,server_7,92.4
21:25:30,server_6,40.19
21:25:30,server_5,44.92
21:25:30,server_4,41.74
21:25:30,server_3,40.14
21:25:30,server_2,86.81
21:25:30,server_10,71.16
21:25:35,server_13,57.9
21:25:35,server_14,27.77
21:25:35,server_15,22.87
21:25:35,server_16,50.42
21:25:35,server_20,46.32
21:25:35,server_18,99.11
21:25:35,server_19,30.84
21:25:35,server_12,85.87
21:25:35,server_17,47.33
21:25:35,server_11,95.39
21:25:35,server_1,28.26
21:25:35,server_9,35.81
21:25:35,server_2,91.98
21:25:35,server_3,44.09
21:25:35,server_4,0.43
21:25:35,server_10,33.15
21:25:35,server_6,33.79
21:25:35,server_7,43.41
21:25:35,server_8,49.82
21:25:35,server_5,62.74
21:25:40,server_12,62.16
21:25:40,server_19,44.55
21:25:40,server_18,45.81
21:25:40,server_17,54.34
21:25:40,server_16,56.27
21:25:40,server_15,56.91
21:25:40,server_14,87.2
21:25:40,server_13,95.07
21:25:40,server_20,31.97
21:25:40,server_11,22.64
21:25:40,server_9,22.32
21:25:40,server_8,56.9
21:25:40,server_7,20.35
21:25:40,server_6,48.57
21:25:40,server_5,52.38
21:25:40,server_4,68.33
21:25:40,server_3,16.55
21:25:40,server_2,45.73
21:25:40,server_1,89.44
21:25:40,server_10,23.04
21:25:45,server_13,31.26
21:25:45,server_20,84.12
21:25:45,server_14,64.84
21:25:45,server_15,89.64
21:25:45,server_12,64.58
21:25:45,server_17,69.91
21:25:45,server_18,38.91
21:25:45,server_19,21.3
21:25:45,server_16,63.27
21:25:45,server_11,82.85
21:25:45,server_7,43.15
21:25:45,server_9,15.13
21:25:45,server_8,54.26
21:25:45,server_6,40.33
21:25:45,server_5,24.4
21:25:45,server_4,67.51
21:25:45,server_3,30.27
21:25:45,server_2,44.92
21:25:45,server_1,46.3
21:25:45,server_10,48.86
21:25:50,server_13,39.36
21:25:50,server_14,2.58
21:25:50,server_15,83.55
21:25:50,server_16,68.65
21:25:50,server_20,59.66
21:25:50,server_18,45.98
21:25:50,server_19,44.75
21:25:50,server_12,66.17
21:25:50,server_17,77.47
21:25:50,server_11,37.34
21:25:50,server_10,32.36
21:25:50,server_9,49.81
21:25:50,server_2,64.27
21:25:50,server_3,63.95
21:25:50,server_4,35.31
21:25:50,server_1,50.54
21:25:50,server_6,26.01
21:25:50,server_7,66.71
21:25:50,server_8,55.39
21:25:50,server_5,97.95
21:25:55,server_12,68.68
21:25:55,server_19,55.72
21:25:55,server_18,35.66
21:25:55,server_17,89.99
21:25:55,server_16,8.34
21:25:55,server_15,63.98
21:25:55,server_14,43.34
21:25:55,server_13,37.9
21:25:55,server_11,49.02
21:25:55,server_20,97.3
21:25:55,server_9,44.02
21:25:55,server_1,61.85
21:25:55,server_2,24.69
21:25:55,server_3,90.42
21:25:55,server_4,33.3
21:25:55,server_10,59.96
21:25:55,server_6,58.87
21:25:55,server_7,90.04
21:25:55,server_8,32.57
21:25:55,server_5,99.09
21:26:00,server_12,69.54
21:26:00,server_19,60.97
21:26:00,server_18,2.52
21:26:00,server_17,67.73
21:26:00,server_16,87.54
21:26:00,server_15,27.61
21:26:00,server_14,37.56
21:26:00,server_13,91.21
21:26:00,server_11,62.61
21:26:00,server_20,64.47
21:26:00,server_9,63.35
21:26:00,server_1,94.56
21:26:00,server_2,60.64
21:26:00,server_3,52.8
21:26:00,server_4,16.04
21:26:00,server_10,61.4
21:26:00,server_6,91.55
21:26:00,server_7,15.1
21:26:00,server_8,51.14
21:26:00,server_5,50.46
21:26:05,server_11,64.12
21:26:05,server_19,69.28
21:26:05,server_18,45.33
21:26:05,server_17,33.62
21:26:05,server_16,29.04
21:26:05,server_15,62.81
21:26:05,server_14,8.51
21:26:05,server_13,16.01
21:26:05,server_12,89.61
21:26:05,server_20,39.24
21:26:05,server_10,60.68
21:26:05,server_8,24.82
21:26:05,server_7,41.72
21:26:05,server_6,49.45
21:26:05,server_5,35.08
21:26:05,server_4,82.0
21:26:05,server_3,98.87
21:26:05,server_2,50.9
21:26:05,server_1,27.61
21:26:05,server_9,86.6
21:26:10,server_13,47.93
21:26:10,server_14,15.3
21:26:10,server_15,28.07
21:26:10,server_12,94.4
21:26:10,server_20,28.08
21:26:10,server_18,3.1
21:26:10,server_19,20.62
21:26:10,server_16,29.11
21:26:10,server_11,3.89
21:26:10,server_17,53.54
21:26:10,server_9,61.16
21:26:10,server_1,45.58
21:26:10,server_2,35.1
21:26:10,server_3,92.71
21:26:10,server_4,56.8
21:26:10,server_10,41.85
21:26:10,server_6,34.51
21:26:10,server_7,67.12
21:26:10,server_8,95.46
21:26:10,server_5,21.15
21:26:15,server_12,63.05
21:26:15,server_19,78.28
21:26:15,server_18,93.95
21:26:15,server_17,44.97
21:26:15,server_16,26.14
21:26:15,server_15,46.37
21:26:15,server_14,49.68
21:26:15,server_13,23.46
21:26:15,server_11,53.79
21:26:15,server_20,61.0
21:26:15,server_9,21.22
21:26:15,server_1,21.49
21:26:15,server_2,57.86
21:26:15,server_3,51.17
21:26:15,server_4,50.32
21:26:15,server_10,52.18
21:26:15,server_6,89.49
21:26:15,server_7,51.12
21:26:15,server_8,18.07
21:26:15,server_5,89.86
21:26:20,server_11,44.43
21:26:20,server_19,45.81
21:26:20,server_18,1.29
21:26:20,server_17,42.0
21:26:20,server_16,88.92
21:26:20,server_15,78.74
21:26:20,server_14,27.13
21:26:20,server_13,21.08
21:26:20,server_12,43.57
21:26:20,server_20,21.18
21:26:20,server_10,28.87
21:26:20,server_8,78.08
21:26:20,server_7,97.23
21:26:20,server_6,28.17
21:26:20,server_5,85.21
21:26:20,server_4,52.98
21:26:20,server_3,28.64
21:26:20,server_2,47.52
21:26:20,server_1,31.45
21:26:20,server_9,55.71
21:26:25,server_13,26.19
21:26:25,server_20,47.63
21:26:25,server_14,99.25
21:26:25,server_15,29.73
21:26:25,server_19,48.6
21:26:25,server_17,19.87
21:26:25,server_18,98.27
21:26:25,server_12,47.48
21:26:25,server_16,55.13
21:26:25,server_11,46.13
21:26:25,server_7,94.55
21:26:25,server_9,85.19
21:26:25,server_8,61.23
21:26:25,server_6,26.07
21:26:25,server_5,24.58
21:26:25,server_4,65.0
21:26:25,server_3,65.93
21:26:25,server_2,72.48
21:26:25,server_1,95.17
21:26:25,server_10,67.11
21:26:30,server_13,36.29
21:26:30,server_14,95.78
21:26:30,server_15,99.19
21:26:30,server_20,29.1
21:26:30,server_18,22.45
21:26:30,server_19,95.51
21:26:30,server_12,59.91
21:26:30,server_16,97.04
21:26:30,server_11,27.76
21:26:30,server_17,28.65
21:26:30,server_9,48.93
21:26:30,server_8,93.37
21:26:30,server_7,52.44
21:26:30,server_6,54.15
21:26:30,server_5,78.3
21:26:30,server_4,99.04
21:26:30,server_3,52.82
21:26:30,server_2,96.13
21:26:30,server_1,63.31
21:26:30,server_10,82.4
21:26:35,server_13,65.01
21:26:35,server_14,45.24
21:26:35,server_15,65.73
21:26:35,server_20,60.94
21:26:35,server_17,26.12
21:26:35,server_18,50.78
21:26:35,server_19,45.08
21:26:35,server_12,4.11
21:26:35,server_16,80.88
21:26:35,server_11,96.83
21:26:35,server_7,46.07
21:26:35,server_9,93.65
21:26:35,server_8,23.2
21:26:35,server_6,98.53
21:26:35,server_5,85.61
21:26:35,server_4,31.76
21:26:35,server_3,32.01
21:26:35,server_2,69.47
21:26:35,server_1,98.96
21:26:35,server_10,55.81
21:26:40,server_15,86.06
21:26:40,server_14,94.6
21:26:40,server_16,31.36
21:26:40,server_13,97.66
21:26:40,server_18,39.81
21:26:40,server_19,99.73
21:26:40,server_20,65.52
21:26:40,server_12,63.26
21:26:40,server_17,40.22
21:26:40,server_11,35.25
21:26:40,server_10,61.74
21:26:40,server_9,94.08
21:26:40,server_2,82.99
21:26:40,server_3,81.93
21:26:40,server_4,5.3
21:26:40,server_1,27.84
21:26:40,server_6,52.07
21:26:40,server_7,62.72
21:26:40,server_8,47.56
21:26:40,server_5,38.48
21:26:45,server_12,84.14
21:26:45,server_19,63.8
21:26:45,server_18,23.99
21:26:45,server_17,68.65
21:26:45,server_16,44.2
21:26:45,server_15,67.8
21:26:45,server_14,45.24
21:26:45,server_13,63.04
21:26:45,server_11,11.99
21:26:45,server_20,35.2
21:26:45,server_9,64.85
21:26:45,server_1,87.26
21:26:45,server_2,68.11
21:26:45,server_3,38.19
21:26:45,server_4,93.0
21:26:45,server_10,19.59
21:26:45,server_6,63.33
21:26:45,server_7,29.6
21:26:45,server_8,1.44
21:26:45,server_5,34.32
21:26:50,server_11,6.09
21:26:50,server_19,96.04
21:26:50,server_18,97.89
21:26:50,server_17,48.87
21:26:50,server_16,99.01
21:26:50,server_15,21.2
21:26:50,server_14,30.91
21:26:50,server_13,86.88
21:26:50,server_12,27.02
21:26:50,server_20,25.74
21:26:50,server_10,30.24
21:26:50,server_8,63.52
21:26:50,server_7,46.02
21:26:50,server_6,41.25
21:26:50,server_5,92.13
21:26:50,server_4,1.35
21:26:50,server_3,43.23
21:26:50,server_2,66.19
21:26:50,server_1,53.04
21:26:50,server_9,86.73
21:26:55,server_14,13.43
21:26:55,server_15,53.79
21:26:55,server_16,94.35
21:26:55,server_13,92.17
21:26:55,server_18,85.06
21:26:55,server_19,54.5
21:26:55,server_20,24.04
21:26:55,server_17,49.76
21:26:55,server_12,88.76
21:26:55,server_11,29.86
21:26:55,server_1,43.84
21:26:55,server_9,69.8
21:26:55,server_8,40.6
21:26:55,server_7,27.4
21:26:55,server_6,44.4
21:26:55,server_5,25.65
21:26:55,server_4,12.88
21:26:55,server_3,65.02
21:26:55,server_2,29.06
21:26:55,server_10,22.74
21:27:00,server_13,63.43
21:27:00,server_14,96.56
21:27:00,server_15,61.13
21:27:00,server_20,61.17
21:27:00,server_18,26.59
21:27:00,server_19,92.47
21:27:00,server_12,30.83
21:27:00,server_16,76.57
21:27:00,server_11,24.26
21:27:00,server_17,84.95
21:27:00,server_9,35.43
21:27:00,server_10,94.05
21:27:00,server_2,49.26
21:27:00,server_3,93.1
21:27:00,server_4,94.23
21:27:00,server_1,87.05
21:27:00,server_6,34.73
21:27:00,server_7,46.62
21:27:00,server_8,29.22
21:27:00,server_5,20.33
21:27:05,server_20,76.64
21:27:05,server_12,31.56
21:27:05,server_19,54.64
21:27:05,server_18,98.36
21:27:05,server_17,81.99
21:27:05,server_16,50.48
21:27:05,server_15,67.79
21:27:05,server_14,25.55
21:27:05,server_13,28.4
21:27:05,server_11,28.68
21:27:05,server_7,52.27
21:27:05,server_9,92.19
21:27:05,server_8,33.9
21:27:05,server_6,68.29
21:27:05,server_5,88.67
21:27:05,server_4,55.16
21:27:05,server_3,90.09
21:27:05,server_2,31.27
21:27:05,server_1,55.86
21:27:05,server_10,69.46
21:27:10,server_15,38.62
21:27:10,server_13,60.12
21:27:10,server_14,37.92
21:27:10,server_16,56.62
21:27:10,server_12,60.42
21:27:10,server_18,54.53
21:27:10,server_19,18.68
21:27:10,server_20,85.2
21:27:10,server_17,27.99
21:27:10,server_11,84.15
21:27:10,server_1,55.05
21:27:10,server_9,52.16
21:27:10,server_2,3.46
21:27:10,server_3,45.31
21:27:10,server_4,38.8
21:27:10,server_10,22.14
21:27:10,server_6,47.53
21:27:10,server_7,56.38
21:27:10,server_8,29.72
21:27:10,server_5,67.81
21:27:15,server_13,75.54
21:27:15,server_20,39.72
21:27:15,server_19,6.24
21:27:15,server_18,45.57
21:27:15,server_17,33.54
21:27:15,server_16,7.41
21:27:15,server_15,93.49
21:27:15,server_14,85.07
21:27:15,server_12,26.03
21:27:15,server_11,81.99
21:27:15,server_1,37.78
21:27:15,server_9,53.34
21:27:15,server_8,58.99
21:27:15,server_7,67.15
21:27:15,server_6,91.83
21:27:15,server_5,45.68
21:27:15,server_4,69.19
21:27:15,server_3,62.57
21:27:15,server_2,25.72
21:27:15,server_10,34.3
21:27:20,server_13,59.95
21:27:20,server_14,32.22
21:27:20,server_15,45.12
21:27:20,server_16,61.48
21:27:20,server_12,30.81
21:27:20,server_18,23.08
21:27:20,server_19,45.81
21:27:20,server_20,36.16
21:27:20,server_17,21.38
21:27:20,server_11,27.26
21:27:20,server_1,29.95
21:27:20,server_9,46.59
21:27:20,server_8,20.03
21:27:20,server_7,32.52
21:27:20,server_6,29.83
21:27:20,server_5,46.96
21:27:20,server_4,55.77
21:27:20,server_3,67.5
21:27:20,server_2,68.58
21:27:20,server_10,31.36
21:27:25,server_13,37.2
21:27:25,server_14,52.18
21:27:25,server_15,86.43
21:27:25,server_16,54.39
21:27:25,server_20,50.5
21:27:25,server_18,71.98
21:27:25,server_19,60.81
21:27:25,server_12,53.32
21:27:25,server_17,64.32
21:27:25,server_11,97.76
21:27:25,server_1,58.93
21:27:25,server_9,19.45
21:27:25,server_2,42.0
21:27:25,server_3,57.7
21:27:25,server_4,15.42
21:27:25,server_10,69.14
21:27:25,server_6,92.5
21:27:25,server_7,55.51
21:27:25,server_8,49.94
21:27:25,server_5,56.51
21:27:30,server_12,30.81
21:27:30,server_19,37.21
21:27:30,server_18,88.26
21:27:30,server_17,96.37
21:27:30,server_16,47.22
21:27:30,server_15,69.66
21:27:30,server_14,49.02
21:27:30,server_13,29.16
21:27:30,server_20,64.1
21:27:30,server_11,78.51
21:27:30,server_9,35.0
21:27:30,server_8,76.77
21:27:30,server_7,30.99
21:27:30,server_6,53.54
21:27:30,server_5,57.59
21:27:30,server_4,85.78
21:27:30,server_3,98.27
21:27:30,server_2,41.98
21:27:30,server_1,67.95
21:27:30,server_10,47.64
21:27:35,server_13,49.64
21:27:35,server_14,90.1
21:27:35,server_15,67.97
21:27:35,server_16,27.86
21:27:35,server_12,27.69
21:27:35,server_18,27.19
21:27:35,server_19,93.8
21:27:35,server_20,5.82
21:27:35,server_17,44.22
21:27:35,server_11,28.96
21:27:35,server_10,46.3
21:27:35,server_9,42.65
21:27:35,server_8,32.59
21:27:35,server_7,40.54
21:27:35,server_6,81.47
21:27:35,server_5,24.13
21:27:35,server_4,35.75
21:27:35,server_3,43.79
21:27:35,server_2,87.11
21:27:35,server_1,35.46
21:27:40,server_13,68.93
21:27:40,server_14,60.43
21:27:40,server_15,7.71
21:27:40,server_16,24.53
21:27:40,server_20,35.15
21:27:40,server_18,64.03
21:27:40,server_19,47.88
21:27:40,server_12,36.06
21:27:40,server_17,51.55
21:27:40,server_11,31.9
21:27:40,server_10,37.88
21:27:40,server_9,60.88
21:27:40,server_2,91.3
21:27:40,server_3,53.74
21:27:40,server_4,35.82
21:27:40,server_1,62.76
21:27:40,server_6,67.39
21:27:40,server_7,69.78
21:27:40,server_8,64.89
21:27:40,server_5,62.78
21:27:45,server_12,11.17
21:27:45,server_19,84.11
21:27:45,server_18,30.73
21:27:45,server_17,2.94
21:27:45,server_16,98.08
21:27:45,server_15,90.33
21:27:45,server_14,35.03
21:27:45,server_13,1.96
21:27:45,server_11,14.46
21:27:45,server_20,89.5
21:27:45,server_9,23.58
21:27:45,server_1,53.66
21:27:45,server_2,63.18
21:27:45,server_3,20.63
21:27:45,server_4,53.31
21:27:45,server_10,63.86
21:27:45,server_6,22.8
21:27:45,server_7,87.6
21:27:45,server_8,21.55
21:27:45,server_5,61.86
21:27:50,server_12,99.24
21:27:50,server_19,41.73
21:27:50,server_18,23.68
21:27:50,server_17,96.19
21:27:50,server_16,18.81
21:27:50,server_15,98.88
21:27:50,server_14,36.69
21:27:50,server_13,12.07
21:27:50,server_11,40.98
21:27:50,server_20,65.85
21:27:50,server_9,68.14
21:27:50,server_1,43.93
21:27:50,server_2,69.19
21:27:50,server_3,52.68
21:27:50,server_4,9.62
21:27:50,server_10,59.84
21:27:50,server_6,67.47
21:27:50,server_7,43.46
21:27:50,server_8,40.25
21:27:50,server_5,49.52
21:27:55,server_11,88.04
21:27:55,server_19,66.4
21:27:55,server_18,62.83
21:27:55,server_17,39.91
21:27:55,server_16,12.97
21:27:55,server_15,97.47
21:27:55,server_14,82.09
21:27:55,server_13,47.1
21:27:55,server_12,36.59
21:27:55,server_20,48.73
21:27:55,server_10,58.44
21:27:55,server_8,42.55
21:27:55,server_7,83.35
21:27:55,server_6,55.91
21:27:55,server_5,10.8
21:27:55,server_4,93.62
21:27:55,server_3,92.87
21:27:55,server_2,94.46
21:27:55,server_1,62.12
21:27:55,server_9,31.07
21:28:00,server_13,59.27
21:28:00,server_14,61.94
21:28:00,server_15,30.68
21:28:00,server_12,65.1
21:28:00,server_17,0.79
21:28:00,server_18,72.99
21:28:00,server_19,34.24
21:28:00,server_16,69.03
21:28:00,server_11,88.83
21:28:00,server_20,44.84
21:28:00,server_9,27.13
21:28:00,server_1,78.61
21:28:00,server_2,68.14
21:28:00,server_3,99.37
21:28:00,server_4,68.18
21:28:00,server_10,49.24
21:28:00,server_6,89.87
21:28:00,server_7,56.38
21:28:00,server_8,38.03
21:28:00,server_5,25.21
21:28:05,server_19,68.01
21:28:05,server_18,46.27
21:28:05,server_17,87.29
21:28:05,server_16,68.13
21:28:05,server_15,51.8
21:28:05,server_14,66.06
21:28:05,server_13,73.66
21:28:05,server_12,41.7
21:28:05,server_11,53.66
21:28:05,server_20,34.5
21:28:05,server_9,1.78
21:28:05,server_1,90.11
21:28:05,server_2,42.02
21:28:05,server_3,78.86
21:28:05,server_4,48.37
21:28:05,server_10,32.9
21:28:05,server_6,55.56
21:28:05,server_7,62.78
21:28:05,server_8,95.42
21:28:05,server_5,54.01
21:28:10,server_11,60.14
21:28:10,server_19,41.18
21:28:10,server_18,90.82
21:28:10,server_17,51.8
21:28:10,server_16,27.27
21:28:10,server_15,43.04
21:28:10,server_14,99.48
21:28:10,server_13,26.18
21:28:10,server_12,30.46
21:28:10,server_20,57.14
21:28:10,server_10,52.18
21:28:10,server_8,74.22
21:28:10,server_9,48.09
21:28:10,server_1,96.11
21:28:10,server_2,31.88
21:28:10,server_3,20.07
21:28:10,server_5,46.21
21:28:10,server_6,58.53
21:28:10,server_7,31.67
21:28:10,server_4,29.04
21:28:15,server_20,25.01
21:28:15,server_11,93.27
21:28:15,server_18,21.03
21:28:15,server_17,34.97
21:28:15,server_16,42.92
21:28:15,server_15,26.58
21:28:15,server_14,86.01
21:28:15,server_13,53.81
21:28:15,server_12,42.1
21:28:15,server_19,28.02
21:28:15,server_10,39.24
21:28:15,server_8,91.21
21:28:15,server_1,22.31
21:28:15,server_2,64.29
21:28:15,server_3,23.04
21:28:15,server_9,54.61
21:28:15,server_5,91.02
21:28:15,server_6,34.31
21:28:15,server_7,25.88
21:28:15,server_4,54.31
21:28:20,server_12,94.85
21:28:20,server_19,51.61
21:28:20,server_18,65.8
21:28:20,server_17,20.31
21:28:20,server_16,40.81
21:28:20,server_15,35.61
21:28:20,server_14,69.05
21:28:20,server_13,89.75
21:28:20,server_11,39.38
21:28:20,server_20,44.48
21:28:20,server_9,61.67
21:28:20,server_1,12.12
21:28:20,server_2,36.02
21:28:20,server_3,61.76
21:28:20,server_4,37.02
21:28:20,server_10,27.63
21:28:20,server_6,29.25
21:28:20,server_7,61.75
21:28:20,server_8,2.52
21:28:20,server_5,59.57
21:28:25,server_11,95.2
21:28:25,server_19,54.08
21:28:25,server_18,88.7
21:28:25,server_17,39.99
21:28:25,server_16,64.04
21:28:25,server_15,59.63
21:28:25,server_14,68.18
21:28:25,server_13,43.37
21:28:25,server_12,54.61
21:28:25,server_20,67.15
21:28:25,server_10,81.8
21:28:25,server_8,81.56
21:28:25,server_7,26.68
21:28:25,server_6,22.32
21:28:25,server_5,64.07
21:28:25,server_4,90.8
21:28:25,server_3,50.54
21:28:25,server_2,64.1
21:28:25,server_1,66.17
21:28:25,server_9,50.45
21:28:30,server_13,59.95
21:28:30,server_14,85.66
21:28:30,server_15,93.5
21:28:30,server_12,30.26
21:28:30,server_18,62.41
21:28:30,server_19,72.34
21:28:30,server_20,60.42
21:28:30,server_16,38.54
21:28:30,server_11,92.01
21:28:30,server_17,24.28
21:28:30,server_9,24.61
21:28:30,server_2,28.91
21:28:30,server_3,97.88
21:28:30,server_10,85.95
21:28:30,server_4,53.98
21:28:30,server_1,67.65
21:28:30,server_6,33.45
21:28:30,server_7,34.01
21:28:30,server_8,47.13
21:28:30,server_5,85.16
21:28:35,server_12,56.8
21:28:35,server_20,26.51
21:28:35,server_19,62.89
21:28:35,server_18,47.18
21:28:35,server_17,22.92
21:28:35,server_16,33.95
21:28:35,server_15,63.78
21:28:35,server_14,48.8
21:28:35,server_13,21.98
21:28:35,server_11,6.55
21:28:35,server_10,27.4
21:28:35,server_9,49.92
21:28:35,server_2,85.21
21:28:35,server_3,21.97
21:28:35,server_4,24.18
21:28:35,server_1,34.78
21:28:35,server_6,83.55
21:28:35,server_7,53.94
21:28:35,server_8,49.13
21:28:35,server_5,43.76
21:28:40,server_12,66.41
21:28:40,server_19,71.13
21:28:40,server_18,81.93
21:28:40,server_17,24.3
21:28:40,server_16,0.65
21:28:40,server_15,64.5
21:28:40,server_14,65.43
21:28:40,server_13,40.8
21:28:40,server_11,97.19
21:28:40,server_20,85.56
21:28:40,server_9,51.33
21:28:40,server_1,28.25
21:28:40,server_2,74.13
21:28:40,server_3,59.19
21:28:40,server_4,66.37
21:28:40,server_10,42.98
21:28:40,server_6,88.75
21:28:40,server_7,59.87
21:28:40,server_8,4.71
21:28:40,server_5,43.24
21:28:45,server_12,25.68
21:28:45,server_19,74.65
21:28:45,server_18,41.37
21:28:45,server_17,85.09
21:28:45,server_16,4.69
21:28:45,server_15,57.53
21:28:45,server_14,61.41
21:28:45,server_13,90.19
21:28:45,server_11,98.51
21:28:45,server_20,96.88
21:28:45,server_9,42.71
21:28:45,server_1,85.08
21:28:45,server_2,29.95
21:28:45,server_3,66.23
21:28:45,server_4,6.24
21:28:45,server_10,33.92
21:28:45,server_6,59.83
21:28:45,server_7,90.71
21:28:45,server_8,57.84
21:28:45,server_5,49.31
21:28:50,server_11,53.4
21:28:50,server_19,92.77
21:28:50,server_18,23.09
21:28:50,server_17,1.96
21:28:50,server_16,96.62
21:28:50,server_15,76.48
21:28:50,server_14,81.99
21:28:50,server_13,30.72
21:28:50,server_12,29.59
21:28:50,server_20,90.55
21:28:50,server_10,45.19
21:28:50,server_8,52.8
21:28:50,server_7,76.37
21:28:50,server_6,20.76
21:28:50,server_5,59.77
21:28:50,server_4,29.91
21:28:50,server_3,61.27
21:28:50,server_2,46.06
21:28:50,server_1,83.67
21:28:50,server_9,19.05
21:28:55,server_13,24.8
21:28:55,server_14,80.33
21:28:55,server_15,64.85
21:28:55,server_12,28.01
21:28:55,server_17,25.3
21:28:55,server_18,96.15
21:28:55,server_19,49.87
21:28:55,server_16,86.97
21:28:55,server_11,12.89
21:28:55,server_20,69.4
21:28:55,server_9,38.71
21:28:55,server_1,26.08
21:28:55,server_2,35.97
21:28:55,server_3,56.87
21:28:55,server_4,23.93
21:28:55,server_10,26.71
21:28:55,server_6,8.13
21:28:55,server_7,25.32
21:28:55,server_8,20.62
21:28:55,server_5,47.97
21:29:00,server_19,54.54
21:29:00,server_18,94.36
21:29:00,server_17,43.02
21:29:00,server_16,59.59
21:29:00,server_15,61.16
21:29:00,server_14,91.41
21:29:00,server_13,60.98
21:29:00,server_12,38.99
21:29:00,server_11,71.86
21:29:00,server_20,37.7
21:29:00,server_9,27.8
21:29:00,server_1,29.27
21:29:00,server_2,30.29
21:29:00,server_3,43.9
21:29:00,server_4,49.54
21:29:00,server_10,53.68
21:29:00,server_6,45.89
21:29:00,server_7,92.93
21:29:00,server_8,90.06
21:29:00,server_5,44.79
21:29:05,server_11,98.64
21:29:05,server_19,21.97
21:29:05,server_18,25.99
21:29:05,server_17,52.28
21:29:05,server_16,97.22
21:29:05,server_15,39.1
21:29:05,server_14,53.81
21:29:05,server_13,51.2
21:29:05,server_12,75.75
21:29:05,server_20,23.58
21:29:05,server_10,81.97
21:29:05,server_8,68.39
21:29:05,server_9,52.58
21:29:05,server_1,82.22
21:29:05,server_2,26.69
21:29:05,server_3,21.59
21:29:05,server_5,39.95
21:29:05,server_6,69.33
21:29:05,server_7,86.22
21:29:05,server_4,86.25
21:29:10,server_20,58.56
21:29:10,server_11,94.08
21:29:10,server_18,91.18
21:29:10,server_17,47.8
21:29:10,server_16,39.99
21:29:10,server_15,57.29
21:29:10,server_14,25.8
21:29:10,server_13,65.53
21:29:10,server_12,91.93
21:29:10,server_19,10.84
21:29:10,server_10,71.28
21:29:10,server_8,88.02
21:29:10,server_1,20.2
21:29:10,server_2,27.26
21:29:10,server_3,88.53
21:29:10,server_9,57.01
21:29:10,server_5,36.51
21:29:10,server_6,96.37
21:29:10,server_7,66.36
21:29:10,server_4,99.87
21:29:15,server_12,10.14
21:29:15,server_19,9.09
21:29:15,server_18,54.26
21:29:15,server_17,65.91
21:29:15,server_16,87.14
21:29:15,server_15,39.96
21:29:15,server_14,77.92
21:29:15,server_13,26.85
21:29:15,server_11,52.81
21:29:15,server_20,98.8
21:29:15,server_9,85.4
21:29:15,server_1,41.27
21:29:15,server_2,41.9
21:29:15,server_3,42.68
21:29:15,server_4,22.37
21:29:15,server_10,53.46
21:29:15,server_6,34.02
21:29:15,server_7,35.91
21:29:15,server_8,30.26
21:29:15,server_5,51.18
21:29:20,server_11,21.26
21:29:20,server_19,60.49
21:29:20,server_18,98.29
21:29:20,server_17,4.76
21:29:20,server_16,50.9
21:29:20,server_15,6.2
21:29:20,server_14,75.97
21:29:20,server_13,55.27
21:29:20,server_12,69.61
21:29:20,server_20,28.35
21:29:20,server_10,57.58
21:29:20,server_8,68.16
21:29:20,server_7,76.6
21:29:20,server_6,87.91
21:29:20,server_5,60.59
21:29:20,server_4,58.62
21:29:20,server_3,52.29
21:29:20,server_2,64.44
21:29:20,server_1,10.85
21:29:20,server_9,85.52
21:29:25,server_13,92.59
21:29:25,server_14,27.43
21:29:25,server_15,20.29
21:29:25,server_12,18.62
21:29:25,server_20,61.69
21:29:25,server_18,54.6
21:29:25,server_19,46.88
21:29:25,server_16,92.21
21:29:25,server_11,30.15
21:29:25,server_17,23.37
21:29:25,server_9,44.3
21:29:25,server_1,67.6
21:29:25,server_2,53.6
21:29:25,server_3,24.28
21:29:25,server_4,60.28
21:29:25,server_10,96.4
21:29:25,server_6,37.83
21:29:25,server_7,50.42
21:29:25,server_8,25.19
21:29:25,server_5,37.36
21:29:30,server_12,1.82
21:29:30,server_19,87.72
21:29:30,server_18,31.44
21:29:30,server_17,54.07
21:29:30,server_16,69.8
21:29:30,server_15,19.83
21:29:30,server_14,68.11
21:29:30,server_13,36.21
21:29:30,server_11,34.47
21:29:30,server_20,88.36
21:29:30,server_9,94.77
21:29:30,server_1,98.84
21:29:30,server_2,21.76
21:29:30,server_3,90.03
21:29:30,server_4,90.51
21:29:30,server_10,98.79
21:29:30,server_6,32.66
21:29:30,server_7,0.6
21:29:30,server_8,47.64
21:29:30,server_5,46.77
21:29:35,server_11,80.7
21:29:35,server_19,81.65
21:29:35,server_18,57.13
21:29:35,server_17,97.82
21:29:35,server_16,36.54
21:29:35,server_15,42.87
21:29:35,server_14,57.65
21:29:35,server_13,38.46
21:29:35,server_12,26.72
21:29:35,server_20,63.45
21:29:35,server_10,29.94
21:29:35,server_8,53.29
21:29:35,server_7,41.13
21:29:35,server_6,29.5
21:29:35,server_5,87.59
21:29:35,server_4,41.48
21:29:35,server_3,86.85
21:29:35,server_2,48.75
21:29:35,server_1,14.35
21:29:35,server_9,30.6
21:29:40,server_13,69.93
21:29:40,server_14,38.25
21:29:40,server_15,42.65
21:29:40,server_16,27.59
21:29:40,server_20,20.75
21:29:40,server_18,35.08
21:29:40,server_19,2.83
21:29:40,server_12,74.17
21:29:40,server_17,33.31
21:29:40,server_11,22.6
21:29:40,server_10,59.5
21:29:40,server_9,88.55
21:29:40,server_2,45.14
21:29:40,server_3,50.38
21:29:40,server_4,33.39
21:29:40,server_1,47.44
21:29:40,server_6,52.24
21:29:40,server_7,39.37
21:29:40,server_8,85.33
21:29:40,server_5,57.02
21:29:45,server_13,45.11
21:29:45,server_20,57.99
21:29:45,server_19,37.86
21:29:45,server_18,22.85
21:29:45,server_17,31.22
21:29:45,server_16,69.68
21:29:45,server_15,68.06
21:29:45,server_14,28.29
21:29:45,server_12,98.19
21:29:45,server_11,69.54
21:29:45,server_1,54.98
21:29:45,server_9,64.81
21:29:45,server_8,63.97
21:29:45,server_7,69.6
21:29:45,server_6,21.69
21:29:45,server_5,37.74
21:29:45,server_4,85.59
21:29:45,server_3,13.96
21:29:45,server_2,28.89
21:29:45,server_10,31.94
21:29:50,server_13,62.36
21:29:50,server_14,36.63
21:29:50,server_15,90.12
21:29:50,server_16,51.7
21:29:50,server_12,55.39
21:29:50,server_18,15.42
21:29:50,server_19,0.06
21:29:50,server_20,87.08
21:29:50,server_17,25.55
21:29:50,server_11,4.98
21:29:50,server_1,74.2
21:29:50,server_9,41.53
21:29:50,server_8,21.45
21:29:50,server_7,67.03
21:29:50,server_6,51.94
21:29:50,server_5,17.18
21:29:50,server_4,20.24
21:29:50,server_3,45.98
21:29:50,server_2,91.37
21:29:50,server_10,44.31
21:29:55,server_13,50.98
21:29:55,server_20,62.73
21:29:55,server_14,55.52
21:29:55,server_15,22.57
21:29:55,server_19,9.15
21:29:55,server_17,50.58
21:29:55,server_18,68.22
21:29:55,server_12,66.51
21:29:55,server_16,45.3
21:29:55,server_11,76.62
21:29:55,server_7,43.0
21:29:55,server_9,17.6
21:29:55,server_1,43.68
21:29:55,server_2,45.18
21:29:55,server_3,67.17
21:29:55,server_10,95.97
21:29:55,server_5,37.61
21:29:55,server_6,54.58
21:29:55,server_8,44.84
21:29:55,server_4,25.75
21:30:00,server_13,56.67
21:30:00,server_20,43.36
21:30:00,server_19,63.45
21:30:00,server_18,3.45
21:30:00,server_17,50.15
21:30:00,server_16,22.87
21:30:00,server_15,63.88
21:30:00,server_14,51.83
21:30:00,server_12,81.54
21:30:00,server_11,65.98
21:30:00,server_1,68.74
21:30:00,server_9,62.3
21:30:00,server_8,56.81
21:30:00,server_7,46.47
21:30:00,server_6,85.09
21:30:00,server_5,40.95
21:30:00,server_4,35.07
21:30:00,server_3,94.92
21:30:00,server_2,58.04
21:30:00,server_10,49.68
21:30:05,server_13,65.38
21:30:05,server_14,57.59
21:30:05,server_15,45.91
21:30:05,server_16,90.65
21:30:05,server_12,86.79
21:30:05,server_18,18.08
21:30:05,server_19,21.34
21:30:05,server_20,62.95
21:30:05,server_17,51.64
21:30:05,server_11,53.18
21:30:05,server_1,40.42
21:30:05,server_9,45.49
21:30:05,server_8,57.81
21:30:05,server_7,61.47
21:30:05,server_6,90.21
21:30:05,server_5,52.35
21:30:05,server_4,44.25
21:30:05,server_3,85.48
21:30:05,server_2,43.6
21:30:05,server_10,30.07
21:30:10,server_13,26.01
21:30:10,server_20,5.74
21:30:10,server_14,89.39
21:30:10,server_15,30.75
21:30:10,server_19,59.14
21:30:10,server_17,2.71
21:30:10,server_18,29.34
21:30:10,server_12,44.71
21:30:10,server_16,17.02
21:30:10,server_11,58.89
21:30:10,server_7,39.52
21:30:10,server_9,38.38
21:30:10,server_8,76.04
21:30:10,server_6,88.08
21:30:10,server_5,45.92
21:30:10,server_4,17.91
21:30:10,server_3,59.44
21:30:10,server_2,87.2
21:30:10,server_1,55.17
21:30:10,server_10,61.69
21:30:15,server_13,84.61
21:30:15,server_14,51.96
21:30:15,server_15,39.76
21:30:15,server_20,47.84
21:30:15,server_18,49.37
21:30:15,server_19,29.26
21:30:15,server_12,32.25
21:30:15,server_16,15.87
21:30:15,server_11,57.53
21:30:15,server_17,44.99
21:30:15,server_9,73.32
21:30:15,server_8,64.08
21:30:15,server_7,89.78
21:30:15,server_6,32.67
21:30:15,server_5,48.26
21:30:15,server_4,80.24
21:30:15,server_3,45.02
21:30:15,server_2,82.45
21:30:15,server_1,88.05
21:30:15,server_10,83.37
21:30:20,server_13,83.22
21:30:20,server_14,91.74
21:30:20,server_15,42.05
21:30:20,server_20,65.26
21:30:20,server_17,45.0
21:30:20,server_18,40.52
21:30:20,server_19,49.56
21:30:20,server_12,28.66
21:30:20,server_16,28.84
21:30:20,server_11,68.74
21:30:20,server_7,31.6
21:30:20,server_9,72.63
21:30:20,server_8,88.55
21:30:20,server_6,65.5
21:30:20,server_5,40.16
21:30:20,server_4,43.92
21:30:20,server_3,75.11
21:30:20,server_2,59.1
21:30:20,server_1,33.75
21:30:20,server_10,98.81
21:30:25,server_15,61.08
21:30:25,server_14,43.76
21:30:25,server_16,69.67
21:30:25,server_13,25.73
21:30:25,server_18,91.31
21:30:25,server_19,50.12
21:30:25,server_20,68.0
21:30:25,server_12,60.25
21:30:25,server_17,65.65
21:30:25,server_11,92.79
21:30:25,server_10,63.61
21:30:25,server_9,45.81
21:30:25,server_2,96.39
21:30:25,server_3,10.97
21:30:25,server_4,89.14
21:30:25,server_1,43.08
21:30:25,server_6,67.45
21:30:25,server_7,31.12
21:30:25,server_8,55.22
21:30:25,server_5,63.61
21:30:30,server_12,49.71
21:30:30,server_19,59.61
21:30:30,server_18,42.99
21:30:30,server_17,37.37
21:30:30,server_16,69.36
21:30:30,server_15,24.26
21:30:30,server_14,26.17
21:30:30,server_13,32.86
21:30:30,server_11,58.09
21:30:30,server_20,30.83
21:30:30,server_9,1.77
21:30:30,server_1,52.97
21:30:30,server_2,98.28
21:30:30,server_3,5.92
21:30:30,server_4,69.73
21:30:30,server_10,89.25
21:30:30,server_6,14.9
21:30:30,server_7,68.86
21:30:30,server_8,43.56
21:30:30,server_5,33.41
21:30:35,server_11,55.3
21:30:35,server_19,74.2
21:30:35,server_18,0.03
21:30:35,server_17,67.16
21:30:35,server_16,59.27
21:30:35,server_15,60.72
21:30:35,server_14,31.38
21:30:35,server_13,67.39
21:30:35,server_12,93.58
21:30:35,server_20,88.04
21:30:35,server_10,41.28
21:30:35,server_8,56.64
21:30:35,server_7,35.81
21:30:35,server_6,36.12
21:30:35,server_5,62.59
21:30:35,server_4,68.21
21:30:35,server_3,98.1
21:30:35,server_2,20.98
21:30:35,server_1,64.9
21:30:35,server_9,22.82
21:30:40,server_14,24.18
21:30:40,server_15,68.8
21:30:40,server_16,64.08
21:30:40,server_13,73.45
21:30:40,server_18,76.01
21:30:40,server_19,48.67
21:30:40,server_20,29.44
21:30:40,server_17,39.45
21:30:40,server_12,48.8
21:30:40,server_11,24.48
21:30:40,server_1,56.55
21:30:40,server_9,33.49
21:30:40,server_8,95.77
21:30:40,server_7,85.37
21:30:40,server_6,98.37
21:30:40,server_5,54.84
21:30:40,server_4,95.16
21:30:40,server_3,65.23
21:30:40,server_2,81.52
21:30:40,server_10,62.82
21:30:45,server_13,22.84
21:30:45,server_14,98.64
21:30:45,server_15,87.1
21:30:45,server_20,91.73
21:30:45,server_18,53.68
21:30:45,server_19,56.87
21:30:45,server_12,36.13
21:30:45,server_16,71.6
21:30:45,server_11,46.03
21:30:45,server_17,66.87
21:30:45,server_9,5.22
21:30:45,server_10,74.93
21:30:45,server_2,50.82
21:30:45,server_3,94.6
21:30:45,server_4,60.54
21:30:45,server_1,45.09
21:30:45,server_6,15.5
21:30:45,server_7,90.76
21:30:45,server_8,50.35
21:30:45,server_5,38.72
21:30:50,server_20,45.45
21:30:50,server_12,54.56
21:30:50,server_19,40.99
21:30:50,server_18,36.51
21:30:50,server_17,66.75
21:30:50,server_16,55.59
21:30:50,server_15,48.88
21:30:50,server_14,14.69
21:30:50,server_13,43.67
21:30:50,server_11,54.23
21:30:50,server_7,41.16
21:30:50,server_9,33.62
21:30:50,server_8,34.97
21:30:50,server_6,47.17
21:30:50,server_5,54.46
21:30:50,server_4,46.68
21:30:50,server_3,94.13
21:30:50,server_2,13.65
21:30:50,server_1,95.07
21:30:50,server_10,55.19
21:30:55,server_15,42.21
21:30:55,server_13,89.8
21:30:55,server_14,43.7
21:30:55,server_16,77.91
21:30:55,server_12,45.52
21:30:55,server_18,63.21
21:30:55,server_19,33.8
21:30:55,server_20,19.64
21:30:55,server_17,28.86
21:30:55,server_11,62.14
21:30:55,server_1,35.8
21:30:55,server_9,38.99
21:30:55,server_2,13.89
21:30:55,server_3,69.35
21:30:55,server_4,51.65
21:30:55,server_10,18.41
21:30:55,server_6,6.46
21:30:55,server_7,46.7
21:30:55,server_8,63.62
21:30:55,server_5,59.89
21:31:00,server_13,69.44
21:31:00,server_20,51.9
21:31:00,server_19,64.59
21:31:00,server_18,94.98
21:31:00,server_17,50.97
21:31:00,server_16,2.79
21:31:00,server_15,22.82
21:31:00,server_14,48.12
21:31:00,server_12,72.76
21:31:00,server_11,96.87
21:31:00,server_1,94.33
21:31:00,server_9,43.99
21:31:00,server_8,80.63
21:31:00,server_7,68.03
21:31:00,server_6,36.77
21:31:00,server_5,26.21
21:31:00,server_4,96.18
21:31:00,server_3,68.53
21:31:00,server_2,53.11
21:31:00,server_10,94.21
21:31:05,server_13,70.96
21:31:05,server_14,84.0
21:31:05,server_15,46.85
21:31:05,server_16,31.18
21:31:05,server_12,56.36
21:31:05,server_18,66.47
21:31:05,server_19,21.54
21:31:05,server_20,44.58
21:31:05,server_17,71.14
21:31:05,server_11,66.77
21:31:05,server_1,46.26
21:31:05,server_9,39.6
21:31:05,server_8,67.29
21:31:05,server_7,9.32
21:31:05,server_6,86.28
21:31:05,server_5,57.64
21:31:05,server_4,32.56
21:31:05,server_3,21.21
21:31:05,server_2,32.0
21:31:05,server_10,96.16
21:31:10,server_13,69.11
21:31:10,server_14,63.24
21:31:10,server_15,90.45
21:31:10,server_16,59.88
21:31:10,server_20,51.86
21:31:10,server_18,45.75
21:31:10,server_19,50.75
21:31:10,server_12,39.83
21:31:10,server_17,65.42
21:31:10,server_11,54.58
21:31:10,server_1,33.32
21:31:10,server_9,58.39
21:31:10,server_2,95.4
21:31:10,server_3,45.54
21:31:10,server_4,1.11
21:31:10,server_10,14.37
21:31:10,server_6,62.86
21:31:10,server_7,93.85
21:31:10,server_8,68.08
21:31:10,server_5,89.74
21:31:15,server_12,81.75
21:31:15,server_19,81.87
21:31:15,server_18,97.79
21:31:15,server_17,69.96
21:31:15,server_16,67.33
21:31:15,server_15,36.6
21:31:15,server_14,87.59
21:31:15,server_13,87.12
21:31:15,server_20,22.88
21:31:15,server_11,53.84
21:31:15,server_9,99.73
21:31:15,server_8,88.23
21:31:15,server_7,38.99
21:31:15,server_6,28.98
21:31:15,server_5,62.47
21:31:15,server_4,57.07
21:31:15,server_3,67.77
21:31:15,server_2,51.42
21:31:15,server_1,40.68
21:31:15,server_10,2.16
21:31:20,server_13,69.05
21:31:20,server_14,52.77
21:31:20,server_15,43.12
21:31:20,server_16,93.93
21:31:20,server_12,97.59
21:31:20,server_18,39.56
21:31:20,server_19,97.15
21:31:20,server_20,42.63
21:31:20,server_17,54.19
21:31:20,server_11,88.22
21:31:20,server_10,23.34
21:31:20,server_9,34.89
21:31:20,server_8,52.26
21:31:20,server_7,87.34
21:31:20,server_6,43.63
21:31:20,server_5,53.51
21:31:20,server_4,51.41
21:31:20,server_3,96.76
21:31:20,server_2,42.66
21:31:20,server_1,73.83
21:31:25,server_13,38.91
21:31:25,server_14,52.72
21:31:25,server_15,60.8
21:31:25,server_16,31.4
21:31:25,server_20,31.06
21:31:25,server_18,93.21
21:31:25,server_19,78.36
21:31:25,server_12,28.67
21:31:25,server_17,22.07
21:31:25,server_11,36.56
21:31:25,server_10,57.67
21:31:25,server_9,23.06
21:31:25,server_2,57.46
21:31:25,server_3,2.68
21:31:25,server_4,12.66
21:31:25,server_1,95.06
21:31:25,server_6,43.97
21:31:25,server_7,2.26
21:31:25,server_8,97.39
21:31:25,server_5,48.78
21:31:30,server_12,49.91
21:31:30,server_19,38.69
21:31:30,server_18,88.99
21:31:30,server_17,27.31
21:31:30,server_16,30.72
21:31:30,server_15,56.09
21:31:30,server_14,59.44
21:31:30,server_13,31.09
21:31:30,server_11,97.23
21:31:30,server_20,81.43
21:31:30,server_9,31.83
21:31:30,server_1,20.93
21:31:30,server_2,45.27
21:31:30,server_3,63.9
21:31:30,server_4,39.05
21:31:30,server_10,70.67
21:31:30,server_6,34.46
21:31:30,server_7,60.08
21:31:30,server_8,86.9
21:31:30,server_5,20.03
21:31:35,server_12,25.03
21:31:35,server_19,83.56
21:31:35,server_18,98.44
21:31:35,server_17,86.06
21:31:35,server_16,42.91
21:31:35,server_15,96.36
21:31:35,server_14,39.24
21:31:35,server_13,98.36
21:31:35,server_11,39.81
21:31:35,server_20,64.96
21:31:35,server_9,68.26
21:31:35,server_1,50.96
21:31:35,server_2,15.49
21:31:35,server_3,91.45
21:31:35,server_4,22.72
21:31:35,server_10,95.79
21:31:35,server_6,45.35
21:31:35,server_7,56.8
21:31:35,server_8,60.24
21:31:35,server_5,30.07
21:31:40,server_11,90.83
21:31:40,server_19,6.24
21:31:40,server_18,63.75
21:31:40,server_17,84.43
21:31:40,server_16,10.72
21:31:40,server_15,69.16
21:31:40,server_14,77.76
21:31:40,server_13,40.29
21:31:40,server_12,26.46
21:31:40,server_20,55.67
21:31:40,server_10,94.36
21:31:40,server_8,48.34
21:31:40,server_7,90.41
21:31:40,server_6,51.96
21:31:40,server_5,28.53
21:31:40,server_4,45.22
21:31:40,server_3,86.39
21:31:40,server_2,37.41
21:31:40,server_1,37.75
21:31:40,server_9,80.8
21:31:45,server_13,58.18
21:31:45,server_14,53.59
21:31:45,server_15,87.66
21:31:45,server_12,87.03
21:31:45,server_17,37.97
21:31:45,server_18,52.97
21:31:45,server_19,61.67
21:31:45,server_16,58.43
21:31:45,server_11,65.26
21:31:45,server_20,22.7
21:31:45,server_9,94.34
21:31:45,server_1,58.71
21:31:45,server_2,28.74
21:31:45,server_3,85.57
21:31:45,server_4,7.34
21:31:45,server_10,19.99
21:31:45,server_6,6.02
21:31:45,server_7,98.62
21:31:45,server_8,94.21
21:31:45,server_5,67.51
21:31:50,server_19,12.7
21:31:50,server_18,49.39
21:31:50,server_17,67.92
21:31:50,server_16,89.28
21:31:50,server_15,95.63
21:31:50,server_14,30.24
21:31:50,server_13,73.08
21:31:50,server_12,44.41
21:31:50,server_11,48.95
21:31:50,server_20,49.89
21:31:50,server_9,26.67
21:31:50,server_1,46.51
21:31:50,server_2,64.42
21:31:50,server_3,26.17
21:31:50,server_4,98.92
21:31:50,server_10,29.73
21:31:50,server_6,24.1
21:31:50,server_7,21.67
21:31:50,server_8,33.84
21:31:50,server_5,86.42
21:31:55,server_11,96.47
21:31:55,server_19,29.57
21:31:55,server_18,96.59
21:31:55,server_17,12.55
21:31:55,server_16,8.33
21:31:55,server_15,91.46
21:31:55,server_14,25.72
21:31:55,server_13,63.47
21:31:55,server_12,93.88
21:31:55,server_20,87.53
21:31:55,server_10,98.61
21:31:55,server_8,27.98
21:31:55,server_9,59.73
21:31:55,server_1,43.83
21:31:55,server_2,57.14
21:31:55,server_3,84.53
21:31:55,server_5,5.18
21:31:55,server_6,82.24
21:31:55,server_7,64.5
21:31:55,server_4,85.74
21:32:00,server_20,20.09
21:32:00,server_11,27.09
21:32:00,server_18,41.04
21:32:00,server_17,60.73
21:32:00,server_16,85.2
21:32:00,server_15,83.97
21:32:00,server_14,15.69
21:32:00,server_13,41.15
21:32:00,server_12,87.0
21:32:00,server_19,12.36
21:32:00,server_10,67.79
21:32:00,server_8,62.21
21:32:00,server_1,25.75
21:32:00,server_2,68.01
21:32:00,server_3,24.93
21:32:00,server_9,13.48
21:32:00,server_5,32.76
21:32:00,server_6,20.78
21:32:00,server_7,51.17
21:32:00,server_4,51.31
21:32:05,server_12,28.62
21:32:05,server_19,39.32
21:32:05,server_18,52.54
21:32:05,server_17,69.9
21:32:05,server_16,40.55
21:32:05,server_15,20.84
21:32:05,server_14,90.99
21:32:05,server_13,65.79
21:32:05,server_11,35.53
21:32:05,server_20,49.34
21:32:05,server_9,90.0
21:32:05,server_1,68.59
21:32:05,server_2,25.18
21:32:05,server_3,32.04
21:32:05,server_4,15.09
21:32:05,server_10,62.1
21:32:05,server_6,56.05
21:32:05,server_7,2.06
21:32:05,server_8,66.07
21:32:05,server_5,60.37
21:32:10,server_11,46.92
21:32:10,server_19,0.17
21:32:10,server_18,80.93
21:32:10,server_17,27.43
21:32:10,server_16,10.69
21:32:10,server_15,46.9
21:32:10,server_14,55.89
21:32:10,server_13,58.47
21:32:10,server_12,68.33
21:32:10,server_20,98.72
21:32:10,server_10,59.69
21:32:10,server_8,89.03
21:32:10,server_7,53.8
21:32:10,server_6,44.9
21:32:10,server_5,89.17
21:32:10,server_4,69.05
21:32:10,server_3,88.37
21:32:10,server_2,29.22
21:32:10,server_1,35.17
21:32:10,server_9,36.1
21:32:15,server_13,55.36
21:32:15,server_14,79.76
21:32:15,server_15,30.63
21:32:15,server_12,32.45
21:32:15,server_17,55.68
21:32:15,server_18,20.89
21:32:15,server_19,60.19
21:32:15,server_16,74.5
21:32:15,server_11,65.08
21:32:15,server_20,67.2
21:32:15,server_9,41.35
21:32:15,server_1,66.16
21:32:15,server_2,88.08
21:32:15,server_3,55.95
21:32:15,server_4,90.15
21:32:15,server_10,39.13
21:32:15,server_6,20.48
21:32:15,server_7,16.03
21:32:15,server_8,48.95
21:32:15,server_5,87.69
21:32:20,server_12,24.6
21:32:20,server_20,76.75
21:32:20,server_19,76.74
21:32:20,server_18,56.97
21:32:20,server_17,44.65
21:32:20,server_16,25.91
21:32:20,server_15,37.74
21:32:20,server_14,61.72
21:32:20,server_13,66.99
21:32:20,server_11,4.34
21:32:20,server_10,39.68
21:32:20,server_9,88.48
21:32:20,server_2,52.81
21:32:20,server_3,58.78
21:32:20,server_4,23.13
21:32:20,server_1,90.51
21:32:20,server_6,7.55
21:32:20,server_7,75.53
21:32:20,server_8,7.36
21:32:20,server_5,53.99
21:32:25,server_12,24.01
21:32:25,server_19,94.52
21:32:25,server_18,40.95
21:32:25,server_17,64.04
21:32:25,server_16,64.66
21:32:25,server_15,52.31
21:32:25,server_14,42.87
21:32:25,server_13,23.89
21:32:25,server_11,9.2
21:32:25,server_20,24.91
21:32:25,server_9,57.5
21:32:25,server_1,67.63
21:32:25,server_2,90.37
21:32:25,server_3,91.24
21:32:25,server_4,92.47
21:32:25,server_10,96.39
21:32:25,server_6,50.98
21:32:25,server_7,99.73
21:32:25,server_8,22.6
21:32:25,server_5,96.88
21:32:30,server_12,6.93
21:32:30,server_19,34.95
21:32:30,server_18,24.1
21:32:30,server_17,42.4
21:32:30,server_16,12.46
21:32:30,server_15,64.18
21:32:30,server_14,33.0
21:32:30,server_13,98.7
21:32:30,server_11,32.59
21:32:30,server_20,25.63
21:32:30,server_9,85.79
21:32:30,server_1,68.85
21:32:30,server_2,13.68
21:32:30,server_3,14.29
21:32:30,server_4,63.07
21:32:30,server_10,36.66
21:32:30,server_6,84.67
21:32:30,server_7,99.43
21:32:30,server_8,56.82
21:32:30,server_5,94.4
21:32:35,server_11,2.64
21:32:35,server_19,87.46
21:32:35,server_18,51.96
21:32:35,server_17,29.65
21:32:35,server_16,99.92
21:32:35,server_15,85.09
21:32:35,server_14,90.62
21:32:35,server_13,50.33
21:32:35,server_12,40.09
21:32:35,server_20,46.88
21:32:35,server_10,26.7
21:32:35,server_8,43.68
21:32:35,server_7,46.13
21:32:35,server_6,32.18
21:32:35,server_5,59.79
21:32:35,server_4,43.46
21:32:35,server_3,68.68
21:32:35,server_2,97.13
21:32:35,server_1,25.51
21:32:35,server_9,41.46
21:32:40,server_13,87.94
21:32:40,server_14,31.97
21:32:40,server_15,97.91
21:32:40,server_12,59.21
21:32:40,server_17,77.31
21:32:40,server_18,43.42
21:32:40,server_19,91.98
21:32:40,server_16,39.48
21:32:40,server_11,95.69
21:32:40,server_20,62.78
21:32:40,server_9,31.04
21:32:40,server_1,43.91
21:32:40,server_2,28.83
21:32:40,server_3,29.65
21:32:40,server_4,30.88
21:32:40,server_10,47.68
21:32:40,server_6,43.87
21:32:40,server_7,99.24
21:32:40,server_8,29.22
21:32:40,server_5,58.68
21:32:45,server_19,96.57
21:32:45,server_18,48.61
21:32:45,server_17,65.06
21:32:45,server_16,84.41
21:32:45,server_15,48.85
21:32:45,server_14,22.71
21:32:45,server_13,83.02
21:32:45,server_12,66.86
21:32:45,server_11,81.2
21:32:45,server_20,39.8
21:32:45,server_9,66.96
21:32:45,server_1,37.18
21:32:45,server_2,89.12
21:32:45,server_3,51.77
21:32:45,server_4,65.14
21:32:45,server_10,29.74
21:32:45,server_6,44.15
21:32:45,server_7,51.48
21:32:45,server_8,95.23
21:32:45,server_5,78.17
21:32:50,server_11,53.97
21:32:50,server_19,51.39
21:32:50,server_18,60.97
21:32:50,server_17,2.08
21:32:50,server_16,83.28
21:32:50,server_15,96.29
21:32:50,server_14,65.45
21:32:50,server_13,29.39
21:32:50,server_12,94.24
21:32:50,server_20,36.98
21:32:50,server_10,71.78
21:32:50,server_8,20.2
21:32:50,server_9,36.86
21:32:50,server_1,93.04
21:32:50,server_2,41.44
21:32:50,server_3,23.8
21:32:50,server_5,8.66
21:32:50,server_6,68.71
21:32:50,server_7,40.36
21:32:50,server_4,47.2
21:32:55,server_20,57.03
21:32:55,server_11,22.04
21:32:55,server_18,62.38
21:32:55,server_17,23.91
21:32:55,server_16,68.13
21:32:55,server_15,41.66
21:32:55,server_14,29.6
21:32:55,server_13,86.8
21:32:55,server_12,52.43
21:32:55,server_19,20.23
21:32:55,server_10,11.31
21:32:55,server_8,39.12
21:32:55,server_1,32.96
21:32:55,server_2,54.57
21:32:55,server_3,52.07
21:32:55,server_9,84.77
21:32:55,server_5,21.16
21:32:55,server_6,36.77
21:32:55,server_7,58.0
21:32:55,server_4,55.66
21:33:00,server_12,97.91
21:33:00,server_19,38.57
21:33:00,server_18,27.73
21:33:00,server_17,28.93
21:33:00,server_16,34.46
21:33:00,server_15,47.52
21:33:00,server_14,96.31
21:33:00,server_13,58.37
21:33:00,server_11,52.85
21:33:00,server_20,99.09
21:33:00,server_9,43.12
21:33:00,server_1,61.4
21:33:00,server_2,34.75
21:33:00,server_3,61.24
21:33:00,server_4,25.2
21:33:00,server_10,63.27
21:33:00,server_6,95.2
21:33:00,server_7,97.19
21:33:00,server_8,64.69
21:33:00,server_5,28.58
21:33:05,server_11,37.8
21:33:05,server_19,30.92
21:33:05,server_18,54.51
21:33:05,server_17,30.31
21:33:05,server_16,92.39
21:33:05,server_15,48.72
21:33:05,server_14,64.62
21:33:05,server_13,37.6
21:33:05,server_12,64.43
21:33:05,server_20,59.28
21:33:05,server_10,19.48
21:33:05,server_8,32.66
21:33:05,server_7,94.71
21:33:05,server_6,44.76
21:33:05,server_5,99.9
21:33:05,server_4,63.84
21:33:05,server_3,64.4
21:33:05,server_2,90.46
21:33:05,server_1,1.97
21:33:05,server_9,46.5
21:33:10,server_13,85.64
21:33:10,server_14,46.41
21:33:10,server_15,85.1
21:33:10,server_12,85.65
21:33:10,server_17,30.92
21:33:10,server_18,67.83
21:33:10,server_19,40.33
21:33:10,server_16,5.82
21:33:10,server_11,29.86
21:33:10,server_20,15.37
21:33:10,server_9,96.64
21:33:10,server_1,26.91
21:33:10,server_2,58.56
21:33:10,server_3,51.88
21:33:10,server_4,83.88
21:33:10,server_10,30.71
21:33:10,server_6,97.56
21:33:10,server_7,52.83
21:33:10,server_8,90.06
21:33:10,server_5,64.79
21:33:15,server_20,57.88
21:33:15,server_19,40.53
21:33:15,server_18,87.83
21:33:15,server_17,62.35
21:33:15,server_16,38.43
21:33:15,server_15,26.68
21:33:15,server_14,90.6
21:33:15,server_12,36.47
21:33:15,server_11,61.46
21:33:15,server_13,64.31
21:33:15,server_9,57.74
21:33:15,server_10,22.38
21:33:15,server_2,32.66
21:33:15,server_3,26.17
21:33:15,server_4,95.46
21:33:15,server_1,56.71
21:33:15,server_6,12.99
21:33:15,server_7,36.1
21:33:15,server_8,26.6
21:33:15,server_5,21.37
21:33:20,server_12,78.82
21:33:20,server_20,21.72
21:33:20,server_19,69.83
21:33:20,server_18,30.81
21:33:20,server_17,40.23
21:33:20,server_16,22.03
21:33:20,server_15,88.73
21:33:20,server_14,26.36
21:33:20,server_13,36.52
21:33:20,server_11,22.92
21:33:20,server_3,66.12
21:33:20,server_9,19.04
21:33:20,server_10,60.71
21:33:20,server_2,48.82
21:33:20,server_4,24.27
21:33:20,server_1,87.36
21:33:20,server_6,91.22
21:33:20,server_7,45.77
21:33:20,server_8,21.82
21:33:20,server_5,87.21
21:33:25,server_12,80.28
21:33:25,server_19,41.19
21:33:25,server_18,93.52
21:33:25,server_17,91.19
21:33:25,server_16,32.31
21:33:25,server_15,44.14
21:33:25,server_14,41.67
21:33:25,server_20,98.7
21:33:25,server_11,59.93
21:33:25,server_13,64.16
21:33:25,server_9,40.24
21:33:25,server_1,88.46
21:33:25,server_2,98.36
21:33:25,server_3,43.86
21:33:25,server_4,14.96
21:33:25,server_10,42.72
21:33:25,server_6,65.52
21:33:25,server_7,32.42
21:33:25,server_8,17.85
21:33:25,server_5,65.1
21:33:30,server_19,49.5
21:33:30,server_18,41.05
21:33:30,server_17,27.64
21:33:30,server_16,49.07
21:33:30,server_15,95.57
21:33:30,server_14,53.93
21:33:30,server_13,52.96
21:33:30,server_12,53.27
21:33:30,server_11,57.21
21:33:30,server_20,97.15
21:33:30,server_9,63.12
21:33:30,server_1,90.21
21:33:30,server_2,37.96
21:33:30,server_3,48.3
21:33:30,server_4,40.08
21:33:30,server_10,65.86
21:33:30,server_6,22.96
21:33:30,server_7,63.55
21:33:30,server_8,33.75
21:33:30,server_5,96.58
21:33:35,server_11,69.47
21:33:35,server_19,20.58
21:33:35,server_18,85.64
21:33:35,server_17,89.73
21:33:35,server_16,67.82
21:33:35,server_15,93.34
21:33:35,server_14,87.37
21:33:35,server_13,49.71
21:33:35,server_12,58.54
21:33:35,server_20,89.2
21:33:35,server_10,68.22
21:33:35,server_8,28.1
21:33:35,server_9,3.35
21:33:35,server_1,21.21
21:33:35,server_2,38.49
21:33:35,server_3,85.73
21:33:35,server_5,59.25
21:33:35,server_6,42.92
21:33:35,server_7,27.95
21:33:35,server_4,39.02
21:33:40,server_20,87.92
21:33:40,server_11,48.97
21:33:40,server_18,38.23
21:33:40,server_17,97.51
21:33:40,server_16,43.97
21:33:40,server_15,49.13
21:33:40,server_14,55.95
21:33:40,server_13,43.86
21:33:40,server_12,54.07
21:33:40,server_19,18.49
21:33:40,server_10,88.43
21:33:40,server_8,33.29
21:33:40,server_1,31.36
21:33:40,server_2,36.9
21:33:40,server_3,77.84
21:33:40,server_9,52.35
21:33:40,server_5,22.41
21:33:40,server_6,93.53
21:33:40,server_7,95.37
21:33:40,server_4,58.09
21:33:45,server_20,56.49
21:33:45,server_19,59.36
21:33:45,server_18,23.61
21:33:45,server_17,20.96
21:33:45,server_16,99.17
21:33:45,server_15,57.61
21:33:45,server_14,22.17
21:33:45,server_12,68.64
21:33:45,server_11,22.8
21:33:45,server_13,28.02
21:33:45,server_9,35.19
21:33:45,server_10,84.86
21:33:45,server_2,29.53
21:33:45,server_3,50.13
21:33:45,server_4,32.13
21:33:45,server_1,28.31
21:33:45,server_6,46.47
21:33:45,server_7,21.0
21:33:45,server_8,52.5
21:33:45,server_5,69.85
21:33:50,server_12,27.33
21:33:50,server_19,69.16
21:33:50,server_18,54.42
21:33:50,server_20,60.04
21:33:50,server_17,95.38
21:33:50,server_16,60.99
21:33:50,server_15,68.48
21:33:50,server_14,53.41
21:33:50,server_13,31.59
21:33:50,server_11,88.24
21:33:50,server_3,15.74
21:33:50,server_9,14.9
21:33:50,server_10,69.56
21:33:50,server_2,60.49
21:33:50,server_4,62.17
21:33:50,server_1,24.64
21:33:50,server_6,27.56
21:33:50,server_7,7.94
21:33:50,server_8,32.7
21:33:50,server_5,91.63
21:33:55,server_11,14.0
21:33:55,server_20,91.55
21:33:55,server_18,36.87
21:33:55,server_17,23.26
21:33:55,server_16,60.92
21:33:55,server_15,30.64
21:33:55,server_14,41.95
21:33:55,server_13,17.71
21:33:55,server_12,12.85
21:33:55,server_19,29.59
21:33:55,server_10,66.94
21:33:55,server_8,69.2
21:33:55,server_1,69.4
21:33:55,server_2,84.21
21:33:55,server_3,45.42
21:33:55,server_9,11.03
21:33:55,server_5,63.01
21:33:55,server_6,79.97
21:33:55,server_7,40.1
21:33:55,server_4,42.39
21:34:00,server_12,46.67
21:34:00,server_19,26.48
21:34:00,server_18,55.79
21:34:00,server_17,58.64
21:34:00,server_16,37.19
21:34:00,server_15,17.11
21:34:00,server_14,59.35
21:34:00,server_13,46.21
21:34:00,server_11,54.06
21:34:00,server_20,63.95
21:34:00,server_9,21.04
21:34:00,server_1,13.36
21:34:00,server_2,85.67
21:34:00,server_3,91.06
21:34:00,server_4,2.64
21:34:00,server_10,66.44
21:34:00,server_6,57.18
21:34:00,server_7,57.63
21:34:00,server_8,24.25
21:34:00,server_5,66.83
21:34:05,server_11,20.39
21:34:05,server_19,74.35
21:34:05,server_18,66.7
21:34:05,server_17,59.57
21:34:05,server_16,95.75
21:34:05,server_15,22.68
21:34:05,server_14,34.01
21:34:05,server_13,94.44
21:34:05,server_12,73.02
21:34:05,server_20,25.71
21:34:05,server_10,31.09
21:34:05,server_8,83.91
21:34:05,server_7,48.77
21:34:05,server_6,23.68
21:34:05,server_5,90.6
21:34:05,server_4,33.72
21:34:05,server_3,93.22
21:34:05,server_2,27.39
21:34:05,server_1,29.44
21:34:05,server_9,52.65
21:34:10,server_14,21.51
21:34:10,server_15,64.17
21:34:10,server_16,97.53
21:34:10,server_13,47.08
21:34:10,server_18,37.39
21:34:10,server_19,97.1
21:34:10,server_20,99.99
21:34:10,server_17,98.4
21:34:10,server_12,66.57
21:34:10,server_11,70.47
21:34:10,server_1,24.8
21:34:10,server_9,68.74
21:34:10,server_8,14.22
21:34:10,server_7,53.76
21:34:10,server_6,55.62
21:34:10,server_5,50.83
21:34:10,server_4,43.62
21:34:10,server_3,62.39
21:34:10,server_2,49.96
21:34:10,server_10,30.67
21:34:15,server_14,47.13
21:34:15,server_15,48.63
21:34:15,server_16,46.28
21:34:15,server_17,31.66
21:34:15,server_10,49.36
21:34:15,server_19,69.73
21:34:15,server_20,60.06
21:34:15,server_13,63.04
21:34:15,server_18,21.42
21:34:15,server_12,61.9
21:34:15,server_7,54.94
21:34:15,server_9,42.07
21:34:15,server_8,24.61
21:34:15,server_6,59.73
21:34:15,server_5,91.55
21:34:15,server_4,95.64
21:34:15,server_3,60.46
21:34:15,server_2,89.48
21:34:15,server_1,61.54
21:34:15,server_11,21.27
21:34:20,server_13,63.41
21:34:20,server_14,54.38
21:34:20,server_15,68.41
21:34:20,server_20,58.49
21:34:20,server_18,21.5
21:34:20,server_19,53.77
21:34:20,server_12,31.49
21:34:20,server_16,62.0
21:34:20,server_11,60.77
21:34:20,server_17,84.46
21:34:20,server_9,22.48
21:34:20,server_8,9.55
21:34:20,server_7,53.53
21:34:20,server_6,37.28
21:34:20,server_5,89.29
21:34:20,server_4,87.65
21:34:20,server_1,24.34
21:34:20,server_3,64.09
21:34:20,server_2,56.5
21:34:20,server_10,25.93
21:34:25,server_13,14.37
21:34:25,server_14,43.29
21:34:25,server_15,86.37
21:34:25,server_20,69.74
21:34:25,server_18,85.82
21:34:25,server_19,78.68
21:34:25,server_12,88.32
21:34:25,server_16,92.46
21:34:25,server_11,46.59
21:34:25,server_17,85.55
21:34:25,server_9,19.5
21:34:25,server_8,47.03
21:34:25,server_7,65.96
21:34:25,server_6,30.07
21:34:25,server_5,21.9
21:34:25,server_4,84.18
21:34:25,server_3,84.38
21:34:25,server_2,28.75
21:34:25,server_1,51.13
21:34:25,server_10,85.16
21:34:30,server_13,93.25
21:34:30,server_14,87.79
21:34:30,server_15,63.25
21:34:30,server_20,8.64
21:34:30,server_17,54.07
21:34:30,server_18,30.64
21:34:30,server_19,56.06
21:34:30,server_12,97.15
21:34:30,server_16,90.01
21:34:30,server_11,46.94
21:34:30,server_7,45.25
21:34:30,server_9,64.03
21:34:30,server_8,39.76
21:34:30,server_6,59.38
21:34:30,server_5,51.61
21:34:30,server_4,64.89
21:34:30,server_3,58.02
21:34:30,server_2,25.77
21:34:30,server_1,95.43
21:34:30,server_10,32.29
21:34:35,server_13,30.54
21:34:35,server_14,26.23
21:34:35,server_15,28.77
21:34:35,server_20,36.26
21:34:35,server_18,88.32
21:34:35,server_19,44.89
21:34:35,server_12,32.29
21:34:35,server_16,15.57
21:34:35,server_11,98.85
21:34:35,server_17,25.28
21:34:35,server_9,89.37
21:34:35,server_2,68.42
21:34:35,server_3,26.56
21:34:35,server_1,46.68
21:34:35,server_4,26.75
21:34:35,server_10,98.92
21:34:35,server_6,30.06
21:34:35,server_7,63.7
21:34:35,server_8,61.43
21:34:35,server_5,87.57
21:34:40,server_12,29.8
21:34:40,server_19,90.26
21:34:40,server_18,58.32
21:34:40,server_17,53.55
21:34:40,server_16,2.02
21:34:40,server_15,54.82
21:34:40,server_14,20.59
21:34:40,server_13,62.7
21:34:40,server_11,55.45
21:34:40,server_20,18.26
21:34:40,server_9,26.89
21:34:40,server_1,34.24
21:34:40,server_2,45.82
21:34:40,server_3,20.25
21:34:40,server_4,20.3
21:34:40,server_10,48.53
21:34:40,server_6,91.53
21:34:40,server_7,22.43
21:34:40,server_8,76.4
21:34:40,server_5,45.04
21:34:45,server_11,24.07
21:34:45,server_19,16.86
21:34:45,server_18,90.48
21:34:45,server_17,76.29
21:34:45,server_16,44.01
21:34:45,server_15,69.03
21:34:45,server_14,15.09
21:34:45,server_13,44.71
21:34:45,server_12,20.32
21:34:45,server_20,64.07
21:34:45,server_10,61.92
21:34:45,server_8,19.52
21:34:45,server_7,52.14
21:34:45,server_6,23.63
21:34:45,server_5,89.19
21:34:45,server_4,99.51
21:34:45,server_3,65.53
21:34:45,server_2,85.29
21:34:45,server_1,44.61
21:34:45,server_9,40.45
21:34:50,server_13,23.39
21:34:50,server_20,60.5
21:34:50,server_14,49.69
21:34:50,server_15,69.18
21:34:50,server_19,99.22
21:34:50,server_17,44.52
21:34:50,server_18,63.57
21:34:50,server_12,38.28
21:34:50,server_16,99.47
21:34:50,server_11,4.94
21:34:50,server_7,34.15
21:34:50,server_9,50.19
21:34:50,server_8,98.04
21:34:50,server_6,89.44
21:34:50,server_5,91.31
21:34:50,server_4,90.76
21:34:50,server_3,20.75
21:34:50,server_2,45.9
21:34:50,server_1,58.42
21:34:50,server_10,64.19
21:34:55,server_13,25.39
21:34:55,server_14,31.3
21:34:55,server_15,90.77
21:34:55,server_20,56.9
21:34:55,server_17,91.51
21:34:55,server_19,45.27
21:34:55,server_12,68.65
21:34:55,server_16,91.3
21:34:55,server_11,20.21
21:34:55,server_18,99.01
21:34:55,server_9,58.52
21:34:55,server_8,7.95
21:34:55,server_7,37.78
21:34:55,server_6,31.18
21:34:55,server_5,25.23
21:34:55,server_4,50.6
21:34:55,server_3,40.56
21:34:55,server_2,20.94
21:34:55,server_1,67.04
21:34:55,server_10,37.4
21:35:00,server_13,38.81
21:35:00,server_14,25.97
21:35:00,server_15,17.86
21:35:00,server_20,97.04
21:35:00,server_17,64.99
21:35:00,server_18,68.93
21:35:00,server_19,88.71
21:35:00,server_12,45.64
21:35:00,server_16,48.79
21:35:00,server_11,33.93
21:35:00,server_7,44.66
21:35:00,server_9,29.82
21:35:00,server_8,63.57
21:35:00,server_6,68.28
21:35:00,server_5,27.79
21:35:00,server_4,51.71
21:35:00,server_3,98.32
21:35:00,server_2,65.98
21:35:00,server_1,27.53
21:35:00,server_10,25.4
21:35:05,server_14,66.37
21:35:05,server_16,47.97
21:35:05,server_15,60.37
21:35:05,server_17,93.87
21:35:05,server_10,21.12
21:35:05,server_19,46.08
21:35:05,server_20,35.29
21:35:05,server_13,32.42
21:35:05,server_18,65.41
21:35:05,server_12,51.26
21:35:05,server_7,20.24
21:35:05,server_11,63.94
21:35:05,server_9,26.58
21:35:05,server_8,46.72
21:35:05,server_1,98.27
21:35:05,server_6,14.26
21:35:05,server_5,88.63
21:35:05,server_4,43.49
21:35:05,server_3,48.6
21:35:05,server_2,78.8
21:35:10,server_13,61.69
21:35:10,server_14,35.67
21:35:10,server_15,11.28
21:35:10,server_16,24.72
21:35:10,server_20,38.38
21:35:10,server_18,39.88
21:35:10,server_19,50.78
21:35:10,server_12,40.6
21:35:10,server_17,96.04
21:35:10,server_11,64.75
21:35:10,server_10,54.76
21:35:10,server_9,75.02
21:35:10,server_2,24.76
21:35:10,server_3,28.7
21:35:10,server_4,36.22
21:35:10,server_1,95.21
21:35:10,server_6,54.85
21:35:10,server_7,24.91
21:35:10,server_8,69.03
21:35:10,server_5,96.85
21:35:15,server_11,52.8
21:35:15,server_19,37.84
21:35:15,server_18,45.55
21:35:15,server_16,93.3
21:35:15,server_15,85.28
21:35:15,server_14,89.67
21:35:15,server_13,91.03
21:35:15,server_12,30.72
21:35:15,server_10,33.99
21:35:15,server_20,63.2
21:35:15,server_8,23.72
21:35:15,server_9,19.96
21:35:15,server_1,64.39
21:35:15,server_2,55.57
21:35:15,server_3,43.66
21:35:15,server_17,67.82
21:35:15,server_5,31.9
21:35:15,server_6,91.62
21:35:15,server_4,23.5
21:35:15,server_7,7.94
21:35:20,server_20,22.8
21:35:20,server_19,52.16
21:35:20,server_18,27.74
21:35:20,server_16,53.73
21:35:20,server_15,51.17
21:35:20,server_14,27.88
21:35:20,server_13,32.71
21:35:20,server_12,21.88
21:35:20,server_11,95.57
21:35:20,server_17,50.09
21:35:20,server_9,81.29
21:35:20,server_8,98.22
21:35:20,server_7,27.69
21:35:20,server_6,40.84
21:35:20,server_5,80.48
21:35:20,server_4,88.2
21:35:20,server_3,54.27
21:35:20,server_2,98.12
21:35:20,server_1,36.03
21:35:20,server_10,91.4
21:35:25,server_13,42.3
21:35:25,server_14,52.28
21:35:25,server_15,76.07
21:35:25,server_20,56.72
21:35:25,server_17,45.6
21:35:25,server_18,94.01
21:35:25,server_19,55.3
21:35:25,server_12,89.52
21:35:25,server_16,93.2
21:35:25,server_11,66.25
21:35:25,server_7,55.15
21:35:25,server_9,31.56
21:35:25,server_8,51.63
21:35:25,server_6,62.44
21:35:25,server_5,27.83
21:35:25,server_4,98.58
21:35:25,server_3,87.69
21:35:25,server_2,53.21
21:35:25,server_1,51.08
21:35:25,server_10,48.39
21:35:30,server_13,61.96
21:35:30,server_14,52.52
21:35:30,server_15,53.71
21:35:30,server_17,93.45
21:35:30,server_19,63.57
21:35:30,server_20,65.25
21:35:30,server_12,68.42
21:35:30,server_18,86.5
21:35:30,server_11,66.1
21:35:30,server_16,49.25
21:35:30,server_9,71.13
21:35:30,server_2,81.87
21:35:30,server_3,49.27
21:35:30,server_4,59.2
21:35:30,server_10,20.1
21:35:30,server_1,66.45
21:35:30,server_6,43.78
21:35:30,server_7,52.64
21:35:30,server_8,66.78
21:35:30,server_5,90.66
21:35:35,server_12,29.08
21:35:35,server_19,15.48
21:35:35,server_18,61.87
21:35:35,server_17,54.07
21:35:35,server_16,86.56
21:35:35,server_15,36.13
21:35:35,server_14,39.01
21:35:35,server_13,42.29
21:35:35,server_11,40.69
21:35:35,server_20,88.35
21:35:35,server_9,51.8
21:35:35,server_1,57.36
21:35:35,server_2,20.89
21:35:35,server_3,53.6
21:35:35,server_4,58.68
21:35:35,server_10,12.8
21:35:35,server_6,65.61
21:35:35,server_7,83.35
21:35:35,server_8,23.49
21:35:35,server_5,72.87
21:35:40,server_11,54.73
21:35:40,server_19,55.76
21:35:40,server_18,30.97
21:35:40,server_17,7.16
21:35:40,server_16,66.95
21:35:40,server_15,59.0
21:35:40,server_14,44.25
21:35:40,server_13,38.18
21:35:40,server_12,20.09
21:35:40,server_20,89.89
21:35:40,server_10,17.62
21:35:40,server_8,98.37
21:35:40,server_7,95.37
21:35:40,server_6,50.65
21:35:40,server_5,32.59
21:35:40,server_4,61.97
21:35:40,server_3,64.95
21:35:40,server_2,96.65
21:35:40,server_1,82.22
21:35:40,server_9,21.84
21:35:45,server_13,97.54
21:35:45,server_14,30.82
21:35:45,server_15,40.3
21:35:45,server_20,52.41
21:35:45,server_19,96.62
21:35:45,server_17,85.72
21:35:45,server_18,69.55
21:35:45,server_12,55.91
21:35:45,server_16,54.72
21:35:45,server_11,63.59
21:35:45,server_5,89.06
21:35:45,server_9,46.72
21:35:45,server_8,29.64
21:35:45,server_7,25.1
21:35:45,server_6,41.64
21:35:45,server_4,49.62
21:35:45,server_3,95.77
21:35:45,server_2,98.34
21:35:45,server_1,58.72
21:35:45,server_10,42.75
21:35:50,server_13,22.22
21:35:50,server_14,35.27
21:35:50,server_15,93.11
21:35:50,server_20,51.36
21:35:50,server_18,65.28
21:35:50,server_19,52.18
21:35:50,server_12,62.09
21:35:50,server_17,58.45
21:35:50,server_11,62.02
21:35:50,server_16,52.4
21:35:50,server_9,27.55
21:35:50,server_8,41.55
21:35:50,server_7,8.21
21:35:50,server_6,68.52
21:35:50,server_5,92.52
21:35:50,server_4,69.13
21:35:50,server_3,21.0
21:35:50,server_2,34.81
21:35:50,server_1,20.62
21:35:50,server_10,22.53
21:35:55,server_12,26.96
21:35:55,server_13,43.86
21:35:55,server_14,44.37
21:35:55,server_18,96.86
21:35:55,server_16,52.89
21:35:55,server_17,59.88
21:35:55,server_11,55.89
21:35:55,server_15,67.94
21:35:55,server_10,85.6
21:35:55,server_5,64.03
21:35:55,server_8,96.52
21:35:55,server_7,85.43
21:35:55,server_6,51.27
21:35:55,server_4,41.18
21:35:55,server_3,91.28
21:35:55,server_2,7.68
21:35:55,server_1,69.85
21:35:55,server_19,26.69
21:35:55,server_9,21.53
21:35:55,server_20,46.68
21:36:00,server_13,37.65
21:36:00,server_14,50.03
21:36:00,server_15,42.76
21:36:00,server_20,3.36
21:36:00,server_18,39.07
21:36:00,server_19,49.14
21:36:00,server_12,54.51
21:36:00,server_16,28.53
21:36:00,server_11,33.46
21:36:00,server_17,43.55
21:36:00,server_9,77.14
21:36:00,server_2,72.91
21:36:00,server_3,49.95
21:36:00,server_10,29.57
21:36:00,server_4,46.28
21:36:00,server_1,58.77
21:36:00,server_6,93.17
21:36:00,server_7,61.84
21:36:00,server_8,70.22
21:36:00,server_5,51.2
21:36:05,server_12,41.07
21:36:05,server_20,49.76
21:36:05,server_19,95.88
21:36:05,server_18,65.23
21:36:05,server_17,34.95
21:36:05,server_16,48.26
21:36:05,server_15,95.12
21:36:05,server_14,31.01
21:36:05,server_13,22.72
21:36:05,server_11,97.47
21:36:05,server_10,45.02
21:36:05,server_9,45.11
21:36:05,server_2,27.22
21:36:05,server_3,66.08
21:36:05,server_4,63.19
21:36:05,server_1,55.56
21:36:05,server_6,55.26
21:36:05,server_7,82.05
21:36:05,server_8,13.55
21:36:05,server_5,54.42
21:36:10,server_12,30.09
21:36:10,server_19,28.3
21:36:10,server_18,63.67
21:36:10,server_17,42.57
21:36:10,server_16,85.62
21:36:10,server_15,16.87
21:36:10,server_14,96.91
21:36:10,server_13,33.71
21:36:10,server_11,9.21
21:36:10,server_20,45.61
21:36:10,server_9,25.0
21:36:10,server_1,22.92
21:36:10,server_2,69.72
21:36:10,server_3,47.8
21:36:10,server_4,88.36
21:36:10,server_10,61.43
21:36:10,server_6,58.97
21:36:10,server_7,41.96
21:36:10,server_8,10.3
21:36:10,server_5,27.66
21:36:15,server_12,94.09
21:36:15,server_19,63.23
21:36:15,server_18,19.86
21:36:15,server_17,43.91
21:36:15,server_16,33.28
21:36:15,server_15,92.37
21:36:15,server_14,67.01
21:36:15,server_13,62.45
21:36:15,server_11,31.29
21:36:15,server_20,4.11
21:36:15,server_9,89.17
21:36:15,server_1,91.03
21:36:15,server_2,24.04
21:36:15,server_3,47.15
21:36:15,server_4,39.2
21:36:15,server_10,97.71
21:36:15,server_6,66.59
21:36:15,server_7,80.36
21:36:15,server_8,40.09
21:36:15,server_5,98.73
21:36:20,server_11,95.67
21:36:20,server_19,55.86
21:36:20,server_18,62.58
21:36:20,server_17,93.49
21:36:20,server_16,56.22
21:36:20,server_15,55.03
21:36:20,server_14,90.46
21:36:20,server_13,76.52
21:36:20,server_12,99.68
21:36:20,server_20,88.93
21:36:20,server_10,35.96
21:36:20,server_8,32.02
21:36:20,server_7,36.33
21:36:20,server_6,60.88
21:36:20,server_5,25.71
21:36:20,server_4,46.64
21:36:20,server_3,38.24
21:36:20,server_2,50.88
21:36:20,server_1,49.82
21:36:20,server_9,68.21
21:36:25,server_13,55.69
21:36:25,server_14,38.89
21:36:25,server_15,95.29
21:36:25,server_12,63.28
21:36:25,server_17,52.66
21:36:25,server_18,64.06
21:36:25,server_19,88.33
21:36:25,server_16,37.93
21:36:25,server_11,97.59
21:36:25,server_20,54.98
21:36:25,server_9,33.76
21:36:25,server_1,92.46
21:36:25,server_2,40.45
21:36:25,server_3,36.96
21:36:25,server_4,85.19
21:36:25,server_10,22.74
21:36:25,server_6,30.78
21:36:25,server_7,63.1
21:36:25,server_8,17.63
21:36:25,server_5,68.48
21:36:30,server_19,50.22
21:36:30,server_18,45.21
21:36:30,server_17,44.01
21:36:30,server_16,19.83
21:36:30,server_15,33.18
21:36:30,server_14,15.86
21:36:30,server_13,46.22
21:36:30,server_12,63.44
21:36:30,server_11,57.22
21:36:30,server_20,95.91
21:36:30,server_9,94.56
21:36:30,server_1,48.24
21:36:30,server_2,60.57
21:36:30,server_3,24.55
21:36:30,server_4,61.12
21:36:30,server_10,1.8
21:36:30,server_6,56.46
21:36:30,server_7,52.08
21:36:30,server_8,35.28
21:36:30,server_5,10.43
21:36:35,server_11,41.9
21:36:35,server_19,93.77
21:36:35,server_18,97.05
21:36:35,server_17,54.15
21:36:35,server_16,24.67
21:36:35,server_15,6.47
21:36:35,server_14,2.62
21:36:35,server_13,46.09
21:36:35,server_12,95.02
21:36:35,server_20,63.51
21:36:35,server_10,7.73
21:36:35,server_8,89.04
21:36:35,server_9,51.33
21:36:35,server_1,46.7
21:36:35,server_2,91.44
21:36:35,server_3,91.55
21:36:35,server_5,25.51
21:36:35,server_6,65.77
21:36:35,server_7,94.19
21:36:35,server_4,52.16
21:36:40,server_20,87.83
21:36:40,server_11,24.25
21:36:40,server_18,43.84
21:36:40,server_17,25.41
21:36:40,server_16,25.72
21:36:40,server_15,55.11
21:36:40,server_14,98.87
21:36:40,server_13,57.76
21:36:40,server_12,24.38
21:36:40,server_19,39.88
21:36:40,server_10,96.78
21:36:40,server_8,52.85
21:36:40,server_1,0.52
21:36:40,server_2,8.76
21:36:40,server_3,57.78
21:36:40,server_9,35.7
21:36:40,server_5,46.16
21:36:40,server_6,98.97
21:36:40,server_7,43.48
21:36:40,server_4,85.08
21:36:45,server_12,63.1
21:36:45,server_19,32.77
21:36:45,server_18,26.39
21:36:45,server_17,29.72
21:36:45,server_16,68.73
21:36:45,server_15,23.98
21:36:45,server_14,60.07
21:36:45,server_13,61.17
21:36:45,server_11,95.83
21:36:45,server_20,50.61
21:36:45,server_9,51.03
21:36:45,server_1,93.16
21:36:45,server_2,54.52
21:36:45,server_3,57.92
21:36:45,server_4,99.34
21:36:45,server_10,44.73
21:36:45,server_6,92.26
21:36:45,server_7,30.59
21:36:45,server_8,25.48
21:36:45,server_5,99.66
21:36:50,server_11,54.4
21:36:50,server_19,55.0
21:36:50,server_18,42.45
21:36:50,server_17,41.61
21:36:50,server_16,30.29
21:36:50,server_15,48.32
21:36:50,server_14,55.17
21:36:50,server_13,48.01
21:36:50,server_12,54.61
21:36:50,server_20,15.05
21:36:50,server_10,49.62
21:36:50,server_8,42.03
21:36:50,server_7,55.08
21:36:50,server_6,57.56
21:36:50,server_5,22.33
21:36:50,server_4,10.93
21:36:50,server_3,61.97
21:36:50,server_2,46.12
21:36:50,server_1,69.91
21:36:50,server_9,54.99
21:36:55,server_13,36.03
21:36:55,server_14,15.05
21:36:55,server_15,87.06
21:36:55,server_12,39.93
21:36:55,server_20,51.83
21:36:55,server_18,83.74
21:36:55,server_19,7.8
21:36:55,server_16,87.95
21:36:55,server_11,72.57
21:36:55,server_17,93.51
21:36:55,server_9,58.54
21:36:55,server_1,2.7
21:36:55,server_2,23.81
21:36:55,server_3,64.88
21:36:55,server_4,55.36
21:36:55,server_10,63.16
21:36:55,server_6,45.59
21:36:55,server_7,52.59
21:36:55,server_8,28.58
21:36:55,server_5,22.0
21:37:00,server_12,42.32
21:37:00,server_19,50.84
21:37:00,server_18,26.04
21:37:00,server_17,26.91
21:37:00,server_16,82.19
21:37:00,server_15,25.46
21:37:00,server_14,13.61
21:37:00,server_13,26.87
21:37:00,server_11,91.34
21:37:00,server_20,27.74
21:37:00,server_9,28.44
21:37:00,server_1,31.37
21:37:00,server_2,22.05
21:37:00,server_3,95.72
21:37:00,server_4,85.76
21:37:00,server_10,78.12
21:37:00,server_6,22.18
21:37:00,server_7,29.18
21:37:00,server_8,55.13
21:37:00,server_5,80.41
21:37:05,server_11,13.74
21:37:05,server_19,97.32
21:37:05,server_18,64.22
21:37:05,server_17,57.24
21:37:05,server_16,35.12
21:37:05,server_15,62.07
21:37:05,server_14,51.47
21:37:05,server_13,23.34
21:37:05,server_12,24.91
21:37:05,server_20,85.35
21:37:05,server_10,49.9
21:37:05,server_8,93.92
21:37:05,server_7,97.69
21:37:05,server_6,40.89
21:37:05,server_5,99.09
21:37:05,server_4,92.1
21:37:05,server_3,25.39
21:37:05,server_2,99.7
21:37:05,server_1,66.74
21:37:05,server_9,58.01
21:37:10,server_13,20.49
21:37:10,server_14,81.32
21:37:10,server_15,21.31
21:37:10,server_16,29.66
21:37:10,server_20,52.35
21:37:10,server_18,55.22
21:37:10,server_19,86.82
21:37:10,server_12,69.31
21:37:10,server_17,4.19
21:37:10,server_11,92.7
21:37:10,server_10,35.63
21:37:10,server_9,21.3
21:37:10,server_2,55.81
21:37:10,server_3,48.42
21:37:10,server_4,88.12
21:37:10,server_1,4.91
21:37:10,server_6,86.65
21:37:10,server_7,58.91
21:37:10,server_8,31.59
21:37:10,server_5,49.92
21:37:15,server_13,65.11
21:37:15,server_20,57.63
21:37:15,server_19,20.02
21:37:15,server_18,63.16
21:37:15,server_17,89.51
21:37:15,server_16,57.76
21:37:15,server_15,58.02
21:37:15,server_14,54.58
21:37:15,server_12,79.36
21:37:15,server_11,35.28
21:37:15,server_1,26.91
21:37:15,server_9,57.02
21:37:15,server_8,30.58
21:37:15,server_7,83.82
21:37:15,server_6,23.24
21:37:15,server_5,26.16
21:37:15,server_4,25.16
21:37:15,server_3,90.08
21:37:15,server_2,38.25
21:37:15,server_10,67.35
21:37:20,server_13,57.48
21:37:20,server_14,39.43
21:37:20,server_15,43.83
21:37:20,server_16,89.96
21:37:20,server_12,91.01
21:37:20,server_18,4.98
21:37:20,server_19,28.66
21:37:20,server_20,34.65
21:37:20,server_17,91.7
21:37:20,server_11,54.93
21:37:20,server_1,22.65
21:37:20,server_9,81.25
21:37:20,server_8,58.7
21:37:20,server_7,31.33
21:37:20,server_6,43.46
21:37:20,server_5,53.13
21:37:20,server_4,30.29
21:37:20,server_3,64.54
21:37:20,server_2,38.64
21:37:20,server_10,98.99
21:37:25,server_13,40.22
21:37:25,server_20,42.19
21:37:25,server_14,41.29
21:37:25,server_15,77.64
21:37:25,server_19,62.97
21:37:25,server_17,45.92
21:37:25,server_18,56.3
21:37:25,server_12,21.8
21:37:25,server_16,78.95
21:37:25,server_11,29.0
21:37:25,server_7,94.25
21:37:25,server_9,59.88
21:37:25,server_1,98.04
21:37:25,server_2,78.12
21:37:25,server_3,95.34
21:37:25,server_10,65.79
21:37:25,server_5,31.34
21:37:25,server_6,73.22
21:37:25,server_8,55.81
21:37:25,server_4,52.59
21:37:30,server_13,45.33
21:37:30,server_20,39.52
21:37:30,server_19,98.18
21:37:30,server_18,34.65
21:37:30,server_17,84.14
21:37:30,server_16,59.94
21:37:30,server_15,66.69
21:37:30,server_14,92.7
21:37:30,server_12,67.01
21:37:30,server_11,37.78
21:37:30,server_1,43.53
21:37:30,server_9,89.8
21:37:30,server_8,9.65
21:37:30,server_7,97.5
21:37:30,server_6,64.49
21:37:30,server_5,58.16
21:37:30,server_4,19.6
21:37:30,server_3,46.39
21:37:30,server_2,40.39
21:37:30,server_10,9.8
21:37:35,server_13,86.74
21:37:35,server_14,20.05
21:37:35,server_15,64.75
21:37:35,server_16,43.68
21:37:35,server_12,20.15
21:37:35,server_18,26.54
21:37:35,server_19,69.07
21:37:35,server_20,67.91
21:37:35,server_17,2.5
21:37:35,server_11,69.84
21:37:35,server_1,42.62
21:37:35,server_9,35.3
21:37:35,server_8,62.15
21:37:35,server_7,60.76
21:37:35,server_6,85.65
21:37:35,server_5,95.18
21:37:35,server_4,33.41
21:37:35,server_3,35.08
21:37:35,server_2,52.02
21:37:35,server_10,46.77
21:37:40,server_20,71.46
21:37:40,server_13,53.17
21:37:40,server_14,53.75
21:37:40,server_15,85.92
21:37:40,server_19,95.24
21:37:40,server_17,74.47
21:37:40,server_18,68.79
21:37:40,server_12,27.68
21:37:40,server_16,48.87
21:37:40,server_11,46.62
21:37:40,server_8,55.69
21:37:40,server_9,17.75
21:37:40,server_7,97.62
21:37:40,server_6,59.25
21:37:40,server_5,50.15
21:37:40,server_4,64.32
21:37:40,server_3,6.33
21:37:40,server_2,60.27
21:37:40,server_1,59.38
21:37:40,server_10,3.13
21:37:45,server_13,73.78
21:37:45,server_14,60.7
21:37:45,server_15,28.01
21:37:45,server_20,37.07
21:37:45,server_17,29.31
21:37:45,server_19,29.75
21:37:45,server_12,25.54
21:37:45,server_16,65.53
21:37:45,server_11,38.96
21:37:45,server_18,79.06
21:37:45,server_9,84.03
21:37:45,server_8,96.69
21:37:45,server_7,20.27
21:37:45,server_6,51.15
21:37:45,server_5,58.8
21:37:45,server_4,24.42
21:37:45,server_3,31.89
21:37:45,server_2,45.7
21:37:45,server_1,88.89
21:37:45,server_10,50.58
21:37:50,server_13,96.22
21:37:50,server_14,98.38
21:37:50,server_15,31.17
21:37:50,server_20,64.19
21:37:50,server_17,78.41
21:37:50,server_18,11.85
21:37:50,server_19,24.19
21:37:50,server_12,31.32
21:37:50,server_16,99.06
21:37:50,server_11,21.65
21:37:50,server_7,97.13
21:37:50,server_9,48.03
21:37:50,server_8,54.87
21:37:50,server_6,86.27
21:37:50,server_5,13.67
21:37:50,server_4,64.42
21:37:50,server_3,57.89
21:37:50,server_2,41.62
21:37:50,server_1,37.18
21:37:50,server_10,56.76
21:37:55,server_14,60.83
21:37:55,server_12,86.91
21:37:55,server_13,64.27
21:37:55,server_15,41.19
21:37:55,server_11,65.74
21:37:55,server_17,44.58
21:37:55,server_18,83.33
21:37:55,server_19,44.58
21:37:55,server_16,57.4
21:37:55,server_20,62.72
21:37:55,server_10,59.28
21:37:55,server_8,90.86
21:37:55,server_1,31.5
21:37:55,server_2,52.47
21:37:55,server_3,26.79
21:37:55,server_9,88.01
21:37:55,server_5,37.3
21:37:55,server_6,75.2
21:37:55,server_7,87.55
21:37:55,server_4,56.66
21:38:00,server_20,3.01
21:38:00,server_19,65.55
21:38:00,server_18,32.03
21:38:00,server_17,16.95
21:38:00,server_16,25.6
21:38:00,server_15,90.52
21:38:00,server_14,5.24
21:38:00,server_12,20.05
21:38:00,server_11,86.64
21:38:00,server_13,78.16
21:38:00,server_9,20.77
21:38:00,server_10,63.62
21:38:00,server_2,60.24
21:38:00,server_3,62.72
21:38:00,server_4,28.48
21:38:00,server_1,41.77
21:38:00,server_6,80.11
21:38:00,server_7,25.3
21:38:00,server_8,54.34
21:38:00,server_5,33.28
21:38:05,server_12,54.64
21:38:05,server_20,17.89
21:38:05,server_19,67.02
21:38:05,server_18,48.3
21:38:05,server_17,57.07
21:38:05,server_16,58.57
21:38:05,server_15,95.3
21:38:05,server_14,89.69
21:38:05,server_13,25.13
21:38:05,server_11,57.5
21:38:05,server_3,29.02
21:38:05,server_9,17.12
21:38:05,server_10,58.04
21:38:05,server_2,49.94
21:38:05,server_4,83.26
21:38:05,server_1,18.71
21:38:05,server_6,37.16
21:38:05,server_7,43.64
21:38:05,server_8,25.82
21:38:05,server_5,45.23
21:38:10,server_12,89.42
21:38:10,server_20,67.66
21:38:10,server_19,87.44
21:38:10,server_18,83.44
21:38:10,server_17,64.95
21:38:10,server_16,46.14
21:38:10,server_15,87.8
21:38:10,server_14,36.93
21:38:10,server_11,74.07
21:38:10,server_13,58.53
21:38:10,server_9,95.75
21:38:10,server_2,89.66
21:38:10,server_3,92.13
21:38:10,server_4,25.91
21:38:10,server_5,22.87
21:38:10,server_1,55.16
21:38:10,server_7,53.14
21:38:10,server_10,66.5
21:38:10,server_8,34.9
21:38:10,server_6,97.43
21:38:15,server_12,48.12
21:38:15,server_19,83.56
21:38:15,server_18,22.61
21:38:15,server_17,48.37
21:38:15,server_16,41.74
21:38:15,server_15,62.45
21:38:15,server_14,67.93
21:38:15,server_13,66.05
21:38:15,server_11,36.18
21:38:15,server_20,43.54
21:38:15,server_9,62.48
21:38:15,server_1,63.5
21:38:15,server_2,29.09
21:38:15,server_3,50.38
21:38:15,server_4,89.66
21:38:15,server_10,50.03
21:38:15,server_6,53.06
21:38:15,server_7,58.47
21:38:15,server_8,29.04
21:38:15,server_5,65.63
21:38:20,server_11,30.2
21:38:20,server_19,65.4
21:38:20,server_18,66.99
21:38:20,server_17,22.96
21:38:20,server_16,52.4
21:38:20,server_15,27.08
21:38:20,server_14,75.24
21:38:20,server_13,29.24
21:38:20,server_12,86.18
21:38:20,server_20,65.17
21:38:20,server_10,44.61
21:38:20,server_8,75.17
21:38:20,server_7,24.59
21:38:20,server_6,38.18
21:38:20,server_5,32.48
21:38:20,server_4,93.48
21:38:20,server_3,22.46
21:38:20,server_2,54.26
21:38:20,server_1,47.64
21:38:20,server_9,63.3
21:38:25,server_14,53.12
21:38:25,server_15,57.08
21:38:25,server_16,22.51
21:38:25,server_12,67.79
21:38:25,server_18,68.67
21:38:25,server_19,51.35
21:38:25,server_20,66.63
21:38:25,server_17,59.36
21:38:25,server_11,23.26
21:38:25,server_13,49.96
21:38:25,server_9,33.94
21:38:25,server_1,60.53
21:38:25,server_2,56.01
21:38:25,server_3,15.34
21:38:25,server_4,34.14
21:38:25,server_10,26.55
21:38:25,server_6,22.42
21:38:25,server_7,63.17
21:38:25,server_5,96.77
21:38:25,server_8,30.23
21:38:30,server_19,67.86
21:38:30,server_18,25.46
21:38:30,server_17,98.23
21:38:30,server_16,57.92
21:38:30,server_15,51.98
21:38:30,server_14,87.02
21:38:30,server_13,31.31
21:38:30,server_12,90.28
21:38:30,server_11,61.87
21:38:30,server_20,39.38
21:38:30,server_9,57.17
21:38:30,server_1,81.38
21:38:30,server_2,63.71
21:38:30,server_3,40.74
21:38:30,server_4,88.36
21:38:30,server_10,44.73
21:38:30,server_6,60.64
21:38:30,server_7,61.06
21:38:30,server_8,25.95
21:38:30,server_5,23.52
21:38:35,server_11,89.14
21:38:35,server_19,31.7
21:38:35,server_18,21.06
21:38:35,server_17,66.31
21:38:35,server_16,60.91
21:38:35,server_15,99.26
21:38:35,server_14,95.3
21:38:35,server_13,62.98
21:38:35,server_12,90.28
21:38:35,server_20,91.4
21:38:35,server_10,17.79
21:38:35,server_8,50.57
21:38:35,server_9,96.44
21:38:35,server_1,50.34
21:38:35,server_2,88.95
21:38:35,server_3,51.89
21:38:35,server_5,24.21
21:38:35,server_6,49.62
21:38:35,server_7,87.53
21:38:35,server_4,60.89
21:38:40,server_20,34.65
21:38:40,server_11,42.12
21:38:40,server_18,86.02
21:38:40,server_17,44.68
21:38:40,server_16,96.06
21:38:40,server_15,48.1
21:38:40,server_14,60.91
21:38:40,server_13,16.15
21:38:40,server_12,20.4
21:38:40,server_19,7.98
21:38:40,server_10,22.32
21:38:40,server_8,69.7
21:38:40,server_1,48.02
21:38:40,server_2,19.37
21:38:40,server_3,13.13
21:38:40,server_9,29.94
21:38:40,server_5,4.06
21:38:40,server_6,85.83
21:38:40,server_7,61.69
21:38:40,server_4,97.49
21:38:45,server_13,59.69
21:38:45,server_20,25.44
21:38:45,server_19,49.32
21:38:45,server_18,45.2
21:38:45,server_17,24.46
21:38:45,server_16,55.25
21:38:45,server_15,61.06
21:38:45,server_14,51.0
21:38:45,server_12,61.8
21:38:45,server_11,63.29
21:38:45,server_1,96.29
21:38:45,server_9,81.18
21:38:45,server_8,63.72
21:38:45,server_7,85.19
21:38:45,server_6,54.19
21:38:45,server_5,67.53
21:38:45,server_4,36.26
21:38:45,server_3,37.01
21:38:45,server_2,22.2
21:38:45,server_10,47.31
21:38:50,server_13,28.93
21:38:50,server_14,42.21
21:38:50,server_15,53.81
21:38:50,server_16,96.21
21:38:50,server_12,22.17
21:38:50,server_18,46.85
21:38:50,server_19,55.35
21:38:50,server_20,45.49
21:38:50,server_17,37.2
21:38:50,server_11,22.88
21:38:50,server_1,23.39
21:38:50,server_9,17.82
21:38:50,server_8,35.33
21:38:50,server_7,64.58
21:38:50,server_6,5.53
21:38:50,server_5,8.92
21:38:50,server_4,83.43
21:38:50,server_3,62.11
21:38:50,server_2,3.61
21:38:50,server_10,95.41
21:38:55,server_13,84.14
21:38:55,server_14,61.22
21:38:55,server_15,58.99
21:38:55,server_16,94.72
21:38:55,server_20,88.17
21:38:55,server_18,26.52
21:38:55,server_19,71.31
21:38:55,server_12,62.92
21:38:55,server_17,44.31
21:38:55,server_11,82.1
21:38:55,server_3,43.72
21:38:55,server_9,35.42
21:38:55,server_2,80.58
21:38:55,server_10,57.51
21:38:55,server_4,55.43
21:38:55,server_1,94.56
21:38:55,server_6,66.3
21:38:55,server_7,37.66
21:38:55,server_8,96.3
21:38:55,server_5,55.45
21:39:00,server_12,92.3
21:39:00,server_19,44.17
21:39:00,server_18,42.97
21:39:00,server_17,65.18
21:39:00,server_16,88.31
21:39:00,server_15,36.0
21:39:00,server_14,12.27
21:39:00,server_13,94.09
21:39:00,server_11,32.48
21:39:00,server_20,33.7
21:39:00,server_9,25.66
21:39:00,server_1,57.02
21:39:00,server_2,14.98
21:39:00,server_3,49.01
21:39:00,server_4,65.67
21:39:00,server_10,39.84
21:39:00,server_6,56.38
21:39:00,server_7,29.94
21:39:00,server_8,45.99
21:39:00,server_5,57.59
21:39:05,server_11,78.07
21:39:05,server_19,84.91
21:39:05,server_18,67.7
21:39:05,server_17,57.67
21:39:05,server_16,42.59
21:39:05,server_15,51.3
21:39:05,server_14,67.28
21:39:05,server_13,61.16
21:39:05,server_12,49.88
21:39:05,server_20,16.0
21:39:05,server_10,63.23
21:39:05,server_8,57.3
21:39:05,server_7,80.95
21:39:05,server_6,69.13
21:39:05,server_5,87.38
21:39:05,server_4,63.48
21:39:05,server_3,56.09
21:39:05,server_2,29.23
21:39:05,server_1,47.47
21:39:05,server_9,1.54
21:39:10,server_14,98.88
21:39:10,server_15,29.5
21:39:10,server_16,97.64
21:39:10,server_13,24.2
21:39:10,server_18,41.91
21:39:10,server_19,44.75
21:39:10,server_20,23.44
21:39:10,server_17,84.24
21:39:10,server_12,55.52
21:39:10,server_11,61.54
21:39:10,server_1,93.22
21:39:10,server_9,49.35
21:39:10,server_8,89.91
21:39:10,server_7,59.91
21:39:10,server_6,90.54
21:39:10,server_5,99.91
21:39:10,server_4,92.15
21:39:10,server_3,56.09
21:39:10,server_2,85.51
21:39:10,server_10,56.16
21:39:15,server_13,61.56
21:39:15,server_14,37.66
21:39:15,server_15,95.5
21:39:15,server_20,11.53
21:39:15,server_18,32.74
21:39:15,server_19,93.81
21:39:15,server_12,23.83
21:39:15,server_16,52.53
21:39:15,server_11,63.24
21:39:15,server_17,20.25
21:39:15,server_9,22.33
21:39:15,server_10,27.34
21:39:15,server_2,61.23
21:39:15,server_3,61.22
21:39:15,server_4,80.95
21:39:15,server_1,9.62
21:39:15,server_6,63.06
21:39:15,server_7,40.22
21:39:15,server_8,87.67
21:39:15,server_5,14.49
21:39:20,server_20,65.75
21:39:20,server_12,46.42
21:39:20,server_19,91.71
21:39:20,server_18,99.12
21:39:20,server_17,96.85
21:39:20,server_16,61.38
21:39:20,server_15,13.74
21:39:20,server_14,93.96
21:39:20,server_13,34.7
21:39:20,server_11,61.43
21:39:20,server_7,50.22
21:39:20,server_9,89.86
21:39:20,server_8,61.67
21:39:20,server_6,38.66
21:39:20,server_5,34.61
21:39:20,server_4,62.9
21:39:20,server_3,37.77
21:39:20,server_2,53.46
21:39:20,server_1,62.89
21:39:20,server_10,28.0
21:39:25,server_15,7.17
21:39:25,server_13,28.07
21:39:25,server_14,76.85
21:39:25,server_16,33.03
21:39:25,server_12,19.24
21:39:25,server_18,40.85
21:39:25,server_19,89.07
21:39:25,server_20,51.92
21:39:25,server_17,49.76
21:39:25,server_11,96.47
21:39:25,server_1,35.94
21:39:25,server_9,25.94
21:39:25,server_2,85.88
21:39:25,server_3,92.0
21:39:25,server_4,41.86
21:39:25,server_10,87.28
21:39:25,server_6,82.95
21:39:25,server_7,99.03
21:39:25,server_8,38.59
21:39:25,server_5,51.08
21:39:30,server_13,38.08
21:39:30,server_20,46.86
21:39:30,server_19,55.09
21:39:30,server_18,50.72
21:39:30,server_17,32.03
21:39:30,server_16,70.2
21:39:30,server_15,43.45
21:39:30,server_14,91.92
21:39:30,server_12,61.76
21:39:30,server_11,33.4
21:39:30,server_1,13.6
21:39:30,server_9,40.34
21:39:30,server_8,96.79
21:39:30,server_7,43.16
21:39:30,server_6,97.86
21:39:30,server_5,53.38
21:39:30,server_4,63.21
21:39:30,server_3,62.42
21:39:30,server_2,35.17
21:39:30,server_10,85.62
21:39:35,server_13,29.31
21:39:35,server_14,4.05
21:39:35,server_15,91.46
21:39:35,server_16,51.39
21:39:35,server_12,43.02
21:39:35,server_18,37.94
21:39:35,server_19,37.15
21:39:35,server_20,21.76
21:39:35,server_17,19.56
21:39:35,server_11,29.21
21:39:35,server_1,99.85
21:39:35,server_9,32.73
21:39:35,server_8,20.57
21:39:35,server_7,44.67
21:39:35,server_6,55.98
21:39:35,server_5,61.66
21:39:35,server_4,43.18
21:39:35,server_3,27.73
21:39:35,server_2,24.11
21:39:35,server_10,86.08
21:39:40,server_13,52.37
21:39:40,server_14,90.17
21:39:40,server_15,49.55
21:39:40,server_16,53.76
21:39:40,server_20,1.21
21:39:40,server_18,65.14
21:39:40,server_19,55.42
21:39:40,server_12,42.45
21:39:40,server_17,94.99
21:39:40,server_11,40.12
21:39:40,server_1,90.65
21:39:40,server_9,88.26
21:39:40,server_2,93.14
21:39:40,server_3,23.99
21:39:40,server_4,50.67
21:39:40,server_10,99.25
21:39:40,server_6,22.24
21:39:40,server_7,65.42
21:39:40,server_8,39.89
21:39:40,server_5,43.12
21:39:45,server_12,66.05
21:39:45,server_19,91.11
21:39:45,server_18,22.8
21:39:45,server_17,91.2
21:39:45,server_16,4.47
21:39:45,server_15,34.67
21:39:45,server_14,26.02
21:39:45,server_13,31.07
21:39:45,server_20,66.73
21:39:45,server_11,95.95
21:39:45,server_9,25.29
21:39:45,server_8,95.44
21:39:45,server_7,21.32
21:39:45,server_6,45.16
21:39:45,server_5,50.98
21:39:45,server_4,79.55
21:39:45,server_3,45.49
21:39:45,server_2,7.04
21:39:45,server_1,53.95
21:39:45,server_10,41.38
21:39:50,server_13,38.37
21:39:50,server_14,42.63
21:39:50,server_15,46.38
21:39:50,server_16,1.54
21:39:50,server_12,26.98
21:39:50,server_18,34.37
21:39:50,server_19,76.94
21:39:50,server_20,51.95
21:39:50,server_17,50.87
21:39:50,server_11,80.75
21:39:50,server_3,10.44
21:39:50,server_9,30.03
21:39:50,server_1,57.5
21:39:50,server_2,32.48
21:39:50,server_4,64.42
21:39:50,server_10,24.29
21:39:50,server_6,90.64
21:39:50,server_5,75.02
21:39:50,server_7,83.31
21:39:50,server_8,91.32
21:39:55,server_20,85.37
21:39:55,server_19,23.63
21:39:55,server_18,94.68
21:39:55,server_17,80.97
21:39:55,server_16,66.53
21:39:55,server_15,67.02
21:39:55,server_14,68.27
21:39:55,server_12,29.29
21:39:55,server_11,26.51
21:39:55,server_13,22.47
21:39:55,server_9,87.02
21:39:55,server_10,95.67
21:39:55,server_2,27.24
21:39:55,server_3,21.31
21:39:55,server_4,27.81
21:39:55,server_1,93.38
21:39:55,server_6,86.12
21:39:55,server_7,53.25
21:39:55,server_8,34.14
21:39:55,server_5,57.78
21:40:00,server_12,58.19
21:40:00,server_20,60.8
21:40:00,server_19,42.59
21:40:00,server_18,87.09
21:40:00,server_17,27.82
21:40:00,server_16,23.31
21:40:00,server_15,95.38
21:40:00,server_14,54.0
21:40:00,server_13,97.31
21:40:00,server_11,62.48
21:40:00,server_3,82.7
21:40:00,server_9,86.87
21:40:00,server_10,48.5
21:40:00,server_2,45.54
21:40:00,server_4,90.02
21:40:00,server_1,39.27
21:40:00,server_6,40.48
21:40:00,server_7,73.53
21:40:00,server_8,55.72
21:40:00,server_5,98.73
21:40:05,server_12,99.43
21:40:05,server_20,41.65
21:40:05,server_19,57.86
21:40:05,server_18,53.42
21:40:05,server_17,30.28
21:40:05,server_16,21.88
21:40:05,server_15,65.29
21:40:05,server_14,51.1
21:40:05,server_11,32.61
21:40:05,server_13,21.27
21:40:05,server_9,57.07
21:40:05,server_2,50.77
21:40:05,server_3,59.13
21:40:05,server_4,86.09
21:40:05,server_5,44.69
21:40:05,server_1,91.35
21:40:05,server_7,69.6
21:40:05,server_10,62.51
21:40:05,server_8,89.21
21:40:05,server_6,89.72
21:40:10,server_12,51.44
21:40:10,server_19,53.64
21:40:10,server_18,61.82
21:40:10,server_17,28.34
21:40:10,server_16,50.13
21:40:10,server_15,93.44
21:40:10,server_14,67.31
21:40:10,server_13,62.33
21:40:10,server_11,2.19
21:40:10,server_20,67.6
21:40:10,server_9,45.11
21:40:10,server_1,37.95
21:40:10,server_2,51.01
21:40:10,server_3,92.21
21:40:10,server_4,47.4
21:40:10,server_10,92.76
21:40:10,server_6,96.59
21:40:10,server_7,59.06
21:40:10,server_8,64.15
21:40:10,server_5,56.84
21:40:15,server_11,23.11
21:40:15,server_19,93.1
21:40:15,server_18,40.33
21:40:15,server_17,95.08
21:40:15,server_16,86.44
21:40:15,server_15,49.25
21:40:15,server_14,95.43
21:40:15,server_13,72.83
21:40:15,server_12,56.56
21:40:15,server_20,34.76
21:40:15,server_10,22.06
21:40:15,server_8,63.67
21:40:15,server_7,54.11
21:40:15,server_6,38.39
21:40:15,server_5,2.36
21:40:15,server_4,28.28
21:40:15,server_3,91.11
21:40:15,server_2,50.51
21:40:15,server_1,58.74
21:40:15,server_9,50.46
21:40:20,server_13,96.57
21:40:20,server_14,42.5
21:40:20,server_15,56.59
21:40:20,server_16,33.62
21:40:20,server_19,49.77
21:40:20,server_20,50.05
21:40:20,server_18,36.84
21:40:20,server_12,69.91
21:40:20,server_17,76.12
21:40:20,server_11,87.69
21:40:20,server_3,29.24
21:40:20,server_9,97.52
21:40:20,server_10,52.99
21:40:20,server_2,90.78
21:40:20,server_4,69.97
21:40:20,server_1,9.68
21:40:20,server_6,85.02
21:40:20,server_7,52.7
21:40:20,server_5,25.38
21:40:20,server_8,53.98
21:40:25,server_20,53.98
21:40:25,server_19,90.57
21:40:25,server_18,50.02
21:40:25,server_17,69.19
21:40:25,server_16,63.96
21:40:25,server_15,53.95
21:40:25,server_14,43.45
21:40:25,server_12,39.11
21:40:25,server_11,89.73
21:40:25,server_13,67.69
21:40:25,server_9,68.86
21:40:25,server_10,37.9
21:40:25,server_2,87.95
21:40:25,server_3,58.66
21:40:25,server_4,68.7
21:40:25,server_1,92.11
21:40:25,server_6,32.76
21:40:25,server_7,14.44
21:40:25,server_8,89.48
21:40:25,server_5,68.14
21:40:30,server_12,89.15
21:40:30,server_20,77.15
21:40:30,server_19,92.59
21:40:30,server_18,79.55
21:40:30,server_17,22.32
21:40:30,server_16,30.36
21:40:30,server_15,53.54
21:40:30,server_14,28.19
21:40:30,server_13,49.4
21:40:30,server_11,89.31
21:40:30,server_3,53.19
21:40:30,server_9,61.14
21:40:30,server_8,29.33
21:40:30,server_7,44.29
21:40:30,server_6,92.56
21:40:30,server_5,69.83
21:40:30,server_4,65.34
21:40:30,server_2,48.56
21:40:30,server_1,38.51
21:40:30,server_10,51.62
21:40:35,server_13,10.47
21:40:35,server_14,56.55
21:40:35,server_15,39.1
21:40:35,server_16,33.12
21:40:35,server_19,68.9
21:40:35,server_20,37.43
21:40:35,server_18,64.32
21:40:35,server_12,30.26
21:40:35,server_17,15.64
21:40:35,server_11,28.61
21:40:35,server_3,25.66
21:40:35,server_9,60.44
21:40:35,server_10,8.26
21:40:35,server_2,39.6
21:40:35,server_4,59.93
21:40:35,server_1,47.26
21:40:35,server_6,10.22
21:40:35,server_7,27.6
21:40:35,server_5,45.28
21:40:35,server_8,10.41
21:40:40,server_20,27.52
21:40:40,server_19,53.5
21:40:40,server_18,88.69
21:40:40,server_17,60.5
21:40:40,server_16,20.19
21:40:40,server_15,40.99
21:40:40,server_14,67.91
21:40:40,server_12,50.72
21:40:40,server_10,95.53
21:40:40,server_13,66.44
21:40:40,server_8,35.14
21:40:40,server_9,46.34
21:40:40,server_1,56.63
21:40:40,server_2,93.39
21:40:40,server_3,87.6
21:40:40,server_11,19.81
21:40:40,server_5,37.84
21:40:40,server_6,69.13
21:40:40,server_7,46.76
21:40:40,server_4,42.62
21:40:45,server_11,36.0
21:40:45,server_19,39.06
21:40:45,server_18,61.41
21:40:45,server_17,67.51
21:40:45,server_16,62.21
21:40:45,server_15,68.44
21:40:45,server_14,20.95
21:40:45,server_13,39.09
21:40:45,server_12,94.59
21:40:45,server_20,50.26
21:40:45,server_10,91.98
21:40:45,server_8,44.37
21:40:45,server_7,21.52
21:40:45,server_6,68.94
21:40:45,server_5,47.13
21:40:45,server_4,54.85
21:40:45,server_3,47.42
21:40:45,server_2,43.23
21:40:45,server_1,36.82
21:40:45,server_9,49.53
21:40:50,server_13,93.01
21:40:50,server_14,32.94
21:40:50,server_15,27.3
21:40:50,server_16,96.54
21:40:50,server_20,64.66
21:40:50,server_18,92.95
21:40:50,server_19,48.49
21:40:50,server_12,33.39
21:40:50,server_17,59.77
21:40:50,server_11,34.58
21:40:50,server_10,39.02
21:40:50,server_9,92.47
21:40:50,server_2,14.0
21:40:50,server_3,60.84
21:40:50,server_4,49.28
21:40:50,server_1,7.61
21:40:50,server_6,56.37
21:40:50,server_7,52.32
21:40:50,server_8,51.14
21:40:50,server_5,20.9
21:40:55,server_12,93.52
21:40:55,server_19,56.48
21:40:55,server_18,0.04
21:40:55,server_17,89.06
21:40:55,server_16,21.59
21:40:55,server_15,21.18
21:40:55,server_14,73.08
21:40:55,server_13,95.3
21:40:55,server_11,1.26
21:40:55,server_20,86.71
21:40:55,server_9,89.49
21:40:55,server_1,22.64
21:40:55,server_2,29.19
21:40:55,server_3,48.16
21:40:55,server_4,50.16
21:40:55,server_10,61.0
21:40:55,server_6,24.53
21:40:55,server_7,34.63
21:40:55,server_8,85.69
21:40:55,server_5,97.55
21:41:00,server_12,53.2
21:41:00,server_19,37.89
21:41:00,server_18,53.32
21:41:00,server_17,94.24
21:41:00,server_16,53.79
21:41:00,server_15,93.32
21:41:00,server_14,93.27
21:41:00,server_13,21.79
21:41:00,server_11,16.15
21:41:00,server_20,76.89
21:41:00,server_9,65.53
21:41:00,server_1,54.52
21:41:00,server_2,86.12
21:41:00,server_3,67.35
21:41:00,server_4,21.61
21:41:00,server_10,43.6
21:41:00,server_6,98.77
21:41:00,server_7,60.12
21:41:00,server_8,85.7
21:41:00,server_5,56.44
21:41:05,server_11,21.21
21:41:05,server_19,13.8
21:41:05,server_18,46.09
21:41:05,server_17,22.37
21:41:05,server_16,63.33
21:41:05,server_15,42.73
21:41:05,server_14,22.76
21:41:05,server_13,96.91
21:41:05,server_12,61.02
21:41:05,server_20,47.66
21:41:05,server_10,45.66
21:41:05,server_8,55.47
21:41:05,server_7,21.46
21:41:05,server_6,23.85
21:41:05,server_5,24.61
21:41:05,server_4,53.89
21:41:05,server_3,44.8
21:41:05,server_2,25.1
21:41:05,server_1,62.18
21:41:05,server_9,36.75
21:41:10,server_13,40.96
21:41:10,server_14,2.36
21:41:10,server_15,25.03
21:41:10,server_12,64.99
21:41:10,server_17,64.65
21:41:10,server_18,92.51
21:41:10,server_19,44.18
21:41:10,server_16,44.3
21:41:10,server_11,24.26
21:41:10,server_20,22.78
21:41:10,server_9,51.4
21:41:10,server_1,58.74
21:41:10,server_2,37.53
21:41:10,server_3,57.68
21:41:10,server_4,95.44
21:41:10,server_10,97.81
21:41:10,server_6,25.94
21:41:10,server_7,49.41
21:41:10,server_8,26.84
21:41:10,server_5,37.87
21:41:15,server_19,3.53
21:41:15,server_18,51.35
21:41:15,server_17,54.5
21:41:15,server_16,76.09
21:41:15,server_15,51.03
21:41:15,server_14,92.65
21:41:15,server_13,17.92
21:41:15,server_12,11.64
21:41:15,server_11,10.21
21:41:15,server_20,43.5
21:41:15,server_9,25.97
21:41:15,server_1,28.44
21:41:15,server_2,62.15
21:41:15,server_3,7.3
21:41:15,server_4,26.34
21:41:15,server_10,43.62
21:41:15,server_6,96.69
21:41:15,server_7,22.21
21:41:15,server_8,16.72
21:41:15,server_5,64.22
21:41:20,server_11,66.93
21:41:20,server_19,17.4
21:41:20,server_18,21.68
21:41:20,server_17,71.53
21:41:20,server_16,62.59
21:41:20,server_15,43.32
21:41:20,server_14,52.31
21:41:20,server_13,45.2
21:41:20,server_12,85.75
21:41:20,server_20,45.47
21:41:20,server_10,95.06
21:41:20,server_8,42.62
21:41:20,server_9,24.21
21:41:20,server_1,33.06
21:41:20,server_2,13.47
21:41:20,server_3,28.55
21:41:20,server_5,26.69
21:41:20,server_6,66.42
21:41:20,server_7,56.43
21:41:20,server_4,74.95
21:41:25,server_20,53.14
21:41:25,server_11,28.75
21:41:25,server_18,24.46
21:41:25,server_17,27.76
21:41:25,server_16,74.24
21:41:25,server_15,62.88
21:41:25,server_14,32.6
21:41:25,server_13,39.31
21:41:25,server_12,59.76
21:41:25,server_19,61.35
21:41:25,server_10,47.01
21:41:25,server_8,90.43
21:41:25,server_1,89.17
21:41:25,server_2,33.38
21:41:25,server_3,61.65
21:41:25,server_9,35.58
21:41:25,server_5,90.0
21:41:25,server_6,73.01
21:41:25,server_7,10.29
21:41:25,server_4,24.82
21:41:30,server_12,83.47
21:41:30,server_19,63.87
21:41:30,server_18,42.05
21:41:30,server_17,58.8
21:41:30,server_16,67.78
21:41:30,server_15,60.39
21:41:30,server_14,84.83
21:41:30,server_13,41.98
21:41:30,server_11,32.82
21:41:30,server_20,42.7
21:41:30,server_9,37.31
21:41:30,server_1,37.39
21:41:30,server_2,28.66
21:41:30,server_3,54.44
21:41:30,server_4,55.84
21:41:30,server_10,40.63
21:41:30,server_6,35.26
21:41:30,server_7,46.18
21:41:30,server_8,89.66
21:41:30,server_5,30.7
21:41:35,server_11,51.47
21:41:35,server_19,66.69
21:41:35,server_18,52.67
21:41:35,server_17,60.16
21:41:35,server_16,37.2
21:41:35,server_15,57.35
21:41:35,server_14,48.6
21:41:35,server_13,98.93
21:41:35,server_12,86.4
21:41:35,server_20,29.02
21:41:35,server_10,60.53
21:41:35,server_8,59.81
21:41:35,server_7,46.31
21:41:35,server_6,62.65
21:41:35,server_5,46.75
21:41:35,server_4,46.73
21:41:35,server_3,26.3
21:41:35,server_2,69.24
21:41:35,server_1,38.46
21:41:35,server_9,32.32
21:41:40,server_20,50.08
21:41:40,server_14,60.65
21:41:40,server_15,65.82
21:41:40,server_12,2.22
21:41:40,server_17,67.13
21:41:40,server_18,99.68
21:41:40,server_19,60.36
21:41:40,server_16,60.25
21:41:40,server_10,30.46
21:41:40,server_13,28.77
21:41:40,server_11,92.91
21:41:40,server_1,42.8
21:41:40,server_2,61.37
21:41:40,server_3,69.84
21:41:40,server_4,96.05
21:41:40,server_9,68.07
21:41:40,server_6,26.25
21:41:40,server_7,37.38
21:41:40,server_8,93.0
21:41:40,server_5,58.1
21:41:45,server_12,98.97
21:41:45,server_20,16.02
21:41:45,server_19,35.63
21:41:45,server_18,37.15
21:41:45,server_17,55.86
21:41:45,server_16,48.91
21:41:45,server_15,53.55
21:41:45,server_14,59.66
21:41:45,server_13,30.82
21:41:45,server_11,62.39
21:41:45,server_10,43.3
21:41:45,server_9,60.16
21:41:45,server_2,83.23
21:41:45,server_3,32.82
21:41:45,server_4,56.83
21:41:45,server_1,22.12
21:41:45,server_6,61.7
21:41:45,server_7,35.79
21:41:45,server_8,20.18
21:41:45,server_5,55.46
21:41:50,server_12,25.17
21:41:50,server_19,69.93
21:41:50,server_18,25.8
21:41:50,server_17,46.77
21:41:50,server_16,58.61
21:41:50,server_15,88.79
21:41:50,server_14,53.06
21:41:50,server_13,54.86
21:41:50,server_11,68.27
21:41:50,server_20,34.76
21:41:50,server_9,88.87
21:41:50,server_1,52.24
21:41:50,server_2,13.47
21:41:50,server_3,44.25
21:41:50,server_4,24.74
21:41:50,server_10,39.71
21:41:50,server_6,36.11
21:41:50,server_7,67.43
21:41:50,server_8,23.9
21:41:50,server_5,54.93
21:41:55,server_12,23.63
21:41:55,server_19,57.64
21:41:55,server_18,63.18
21:41:55,server_17,0.37
21:41:55,server_16,43.02
21:41:55,server_15,12.9
21:41:55,server_14,90.24
21:41:55,server_13,90.5
21:41:55,server_11,85.49
21:41:55,server_20,37.79
21:41:55,server_9,39.06
21:41:55,server_1,44.51
21:41:55,server_2,30.36
21:41:55,server_3,36.04
21:41:55,server_4,15.92
21:41:55,server_10,0.79
21:41:55,server_6,48.47
21:41:55,server_7,19.22
21:41:55,server_8,29.99
21:41:55,server_5,65.76
21:42:00,server_11,42.56
21:42:00,server_19,53.88
21:42:00,server_18,65.55
21:42:00,server_17,29.17
21:42:00,server_16,93.0
21:42:00,server_15,67.76
21:42:00,server_14,61.42
21:42:00,server_13,92.47
21:42:00,server_12,48.78
21:42:00,server_20,68.33
21:42:00,server_10,37.79
21:42:00,server_8,47.41
21:42:00,server_7,13.92
21:42:00,server_6,63.61
21:42:00,server_5,81.98
21:42:00,server_4,25.78
21:42:00,server_3,65.13
21:42:00,server_2,89.58
21:42:00,server_1,79.61
21:42:00,server_9,52.74
21:42:05,server_13,57.86
21:42:05,server_14,37.15
21:42:05,server_15,62.76
21:42:05,server_12,24.01
21:42:05,server_17,24.25
21:42:05,server_18,55.72
21:42:05,server_19,60.28
21:42:05,server_16,43.21
21:42:05,server_11,11.42
21:42:05,server_20,89.2
21:42:05,server_9,20.0
21:42:05,server_1,49.93
21:42:05,server_2,33.06
21:42:05,server_3,25.18
21:42:05,server_4,49.64
21:42:05,server_10,94.23
21:42:05,server_6,56.3
21:42:05,server_7,63.96
21:42:05,server_8,69.2
21:42:05,server_5,87.52
21:42:10,server_19,87.55
21:42:10,server_18,45.48
21:42:10,server_17,90.16
21:42:10,server_16,64.54
21:42:10,server_15,79.79
21:42:10,server_14,24.98
21:42:10,server_13,65.89
21:42:10,server_12,11.38
21:42:10,server_11,43.25
21:42:10,server_20,93.4
21:42:10,server_9,57.73
21:42:10,server_1,81.58
21:42:10,server_2,85.72
21:42:10,server_3,64.29
21:42:10,server_4,58.49
21:42:10,server_10,98.35
21:42:10,server_6,55.07
21:42:10,server_7,51.02
21:42:10,server_8,42.84
21:42:10,server_5,21.99
21:42:15,server_11,48.75
21:42:15,server_19,69.53
21:42:15,server_18,54.47
21:42:15,server_17,67.39
21:42:15,server_16,47.72
21:42:15,server_15,24.49
21:42:15,server_14,49.23
21:42:15,server_13,28.42
21:42:15,server_12,58.92
21:42:15,server_20,60.91
21:42:15,server_10,35.82
21:42:15,server_8,58.79
21:42:15,server_9,86.81
21:42:15,server_1,18.51
21:42:15,server_2,60.63
21:42:15,server_3,94.29
21:42:15,server_5,95.61
21:42:15,server_6,62.63
21:42:15,server_7,71.8
21:42:15,server_4,62.69
21:42:20,server_20,1.69
21:42:20,server_11,50.02
21:42:20,server_18,1.73
21:42:20,server_17,96.86
21:42:20,server_16,23.46
21:42:20,server_15,49.49
21:42:20,server_14,50.06
21:42:20,server_13,59.18
21:42:20,server_12,69.18
21:42:20,server_19,40.05
21:42:20,server_10,33.89
21:42:20,server_8,21.72
21:42:20,server_1,67.31
21:42:20,server_2,58.24
21:42:20,server_3,56.24
21:42:20,server_9,68.84
21:42:20,server_5,36.74
21:42:20,server_6,36.85
21:42:20,server_7,27.77
21:42:20,server_4,23.64
21:42:25,server_13,61.62
21:42:25,server_20,95.02
21:42:25,server_19,93.71
21:42:25,server_18,69.55
21:42:25,server_17,39.79
21:42:25,server_16,51.51
21:42:25,server_15,37.56
21:42:25,server_14,51.27
21:42:25,server_12,49.44
21:42:25,server_11,57.3
21:42:25,server_1,66.13
21:42:25,server_9,90.49
21:42:25,server_8,63.65
21:42:25,server_7,50.0
21:42:25,server_6,99.48
21:42:25,server_5,65.25
21:42:25,server_4,70.59
21:42:25,server_3,88.48
21:42:25,server_2,76.28
21:42:25,server_10,68.75
21:42:30,server_13,77.89
21:42:30,server_14,16.48
21:42:30,server_15,43.94
21:42:30,server_16,23.73
21:42:30,server_12,94.7
21:42:30,server_18,20.27
21:42:30,server_19,59.28
21:42:30,server_20,55.43
21:42:30,server_17,32.63
21:42:30,server_11,41.96
21:42:30,server_1,46.43
21:42:30,server_9,35.83
21:42:30,server_8,32.41
21:42:30,server_7,25.24
21:42:30,server_6,60.68
21:42:30,server_5,38.65
21:42:30,server_4,56.9
21:42:30,server_3,59.51
21:42:30,server_2,91.98
21:42:30,server_10,95.91
21:42:35,server_13,50.71
21:42:35,server_14,57.97
21:42:35,server_15,74.82
21:42:35,server_16,25.35
21:42:35,server_20,96.5
21:42:35,server_18,72.19
21:42:35,server_19,97.49
21:42:35,server_12,26.88
21:42:35,server_17,71.47
21:42:35,server_11,85.27
21:42:35,server_10,70.58
21:42:35,server_9,67.33
21:42:35,server_8,67.02
21:42:35,server_7,99.54
21:42:35,server_6,91.61
21:42:35,server_5,58.61
21:42:35,server_4,62.85
21:42:35,server_3,53.63
21:42:35,server_2,23.47
21:42:35,server_1,55.33
21:42:40,server_13,43.53
21:42:40,server_14,32.29
21:42:40,server_15,53.54
21:42:40,server_16,43.18
21:42:40,server_20,66.64
21:42:40,server_18,68.85
21:42:40,server_19,47.92
21:42:40,server_12,58.14
21:42:40,server_17,23.02
21:42:40,server_11,82.83
21:42:40,server_10,40.36
21:42:40,server_9,56.1
21:42:40,server_2,32.36
21:42:40,server_3,87.68
21:42:40,server_4,30.03
21:42:40,server_1,28.19
21:42:40,server_6,69.66
21:42:40,server_7,57.83
21:42:40,server_8,50.83
21:42:40,server_5,41.19
21:42:45,server_12,89.24
21:42:45,server_19,36.75
21:42:45,server_18,23.74
21:42:45,server_17,59.6
21:42:45,server_16,62.03
21:42:45,server_15,10.77
21:42:45,server_14,91.52
21:42:45,server_13,60.61
21:42:45,server_11,27.2
21:42:45,server_20,51.98
21:42:45,server_9,43.7
21:42:45,server_1,36.4
21:42:45,server_2,5.16
21:42:45,server_3,21.88
21:42:45,server_4,45.37
21:42:45,server_10,9.85
21:42:45,server_6,80.29
21:42:45,server_7,23.18
21:42:45,server_8,1.54
21:42:45,server_5,43.12
21:42:50,server_12,77.54
21:42:50,server_19,53.73
21:42:50,server_18,90.56
21:42:50,server_17,6.38
21:42:50,server_16,20.95
21:42:50,server_15,95.46
21:42:50,server_14,25.36
21:42:50,server_13,61.53
21:42:50,server_11,89.05
21:42:50,server_20,2.95
21:42:50,server_9,53.15
21:42:50,server_1,99.78
21:42:50,server_2,56.07
21:42:50,server_3,53.51
21:42:50,server_4,98.89
21:42:50,server_10,66.06
21:42:50,server_6,29.06
21:42:50,server_7,31.75
21:42:50,server_8,62.96
21:42:50,server_5,43.42
21:42:55,server_11,74.07
21:42:55,server_19,61.99
21:42:55,server_18,33.57
21:42:55,server_17,51.81
21:42:55,server_16,4.57
21:42:55,server_15,55.48
21:42:55,server_14,41.56
21:42:55,server_13,87.52
21:42:55,server_12,69.05
21:42:55,server_20,83.71
21:42:55,server_10,53.26
21:42:55,server_8,39.07
21:42:55,server_7,50.85
21:42:55,server_6,7.2
21:42:55,server_5,68.6
21:42:55,server_4,47.26
21:42:55,server_3,31.24
21:42:55,server_2,54.93
21:42:55,server_1,54.75
21:42:55,server_9,57.49
21:43:00,server_13,67.29
21:43:00,server_14,35.85
21:43:00,server_15,95.77
21:43:00,server_12,58.39
21:43:00,server_17,85.73
21:43:00,server_18,37.01
21:43:00,server_19,53.05
21:43:00,server_16,54.74
21:43:00,server_11,21.07
21:43:00,server_20,81.25
21:43:00,server_9,33.07
21:43:00,server_1,90.19
21:43:00,server_2,64.43
21:43:00,server_3,65.57
21:43:00,server_4,59.07
21:43:00,server_10,60.08
21:43:00,server_6,69.75
21:43:00,server_7,62.98
21:43:00,server_8,48.32
21:43:00,server_5,42.91
21:43:05,server_19,33.26
21:43:05,server_18,54.25
21:43:05,server_17,69.35
21:43:05,server_16,90.76
21:43:05,server_15,45.74
21:43:05,server_14,83.13
21:43:05,server_13,61.99
21:43:05,server_12,64.52
21:43:05,server_11,48.63
21:43:05,server_20,5.18
21:43:05,server_9,25.93
21:43:05,server_1,61.57
21:43:05,server_2,94.86
21:43:05,server_3,66.39
21:43:05,server_4,43.03
21:43:05,server_10,95.56
21:43:05,server_6,69.96
21:43:05,server_7,92.41
21:43:05,server_8,54.47
21:43:05,server_5,64.2
21:43:10,server_11,30.37
21:43:10,server_19,92.04
21:43:10,server_18,64.44
21:43:10,server_17,19.62
21:43:10,server_16,47.5
21:43:10,server_15,32.34
21:43:10,server_14,74.9
21:43:10,server_13,55.23
21:43:10,server_12,96.73
21:43:10,server_20,28.24
21:43:10,server_10,23.96
21:43:10,server_8,21.23
21:43:10,server_9,74.61
21:43:10,server_1,73.11
21:43:10,server_2,21.93
21:43:10,server_3,61.89
21:43:10,server_5,63.45
21:43:10,server_6,42.52
21:43:10,server_7,49.91
21:43:10,server_4,67.91
21:43:15,server_20,68.72
21:43:15,server_11,94.22
21:43:15,server_18,86.65
21:43:15,server_17,27.43
21:43:15,server_16,86.37
21:43:15,server_15,60.26
21:43:15,server_14,82.3
21:43:15,server_13,91.82
21:43:15,server_12,53.44
21:43:15,server_19,90.67
21:43:15,server_10,74.92
21:43:15,server_8,29.62
21:43:15,server_1,62.13
21:43:15,server_2,63.79
21:43:15,server_3,94.63
21:43:15,server_9,53.61
21:43:15,server_5,31.73
21:43:15,server_6,65.49
21:43:15,server_7,25.48
21:43:15,server_4,87.77
21:43:20,server_12,37.62
21:43:20,server_19,62.57
21:43:20,server_18,90.72
21:43:20,server_17,6.24
21:43:20,server_16,10.58
21:43:20,server_15,57.66
21:43:20,server_14,60.46
21:43:20,server_13,35.25
21:43:20,server_11,63.43
21:43:20,server_20,79.44
21:43:20,server_9,26.79
21:43:20,server_1,47.5
21:43:20,server_2,58.88
21:43:20,server_3,68.37
21:43:20,server_4,50.25
21:43:20,server_10,39.3
21:43:20,server_6,96.29
21:43:20,server_7,94.97
21:43:20,server_8,47.73
21:43:20,server_5,29.68
21:43:25,server_11,58.02
21:43:25,server_19,69.9
21:43:25,server_18,91.64
21:43:25,server_17,0.65
21:43:25,server_16,27.68
21:43:25,server_15,53.8
21:43:25,server_14,97.09
21:43:25,server_13,35.1
21:43:25,server_12,44.46
21:43:25,server_20,20.43
21:43:25,server_10,34.32
21:43:25,server_8,67.32
21:43:25,server_7,69.57
21:43:25,server_6,69.71
21:43:25,server_5,67.92
21:43:25,server_4,51.59
21:43:25,server_3,30.15
21:43:25,server_2,84.24
21:43:25,server_1,20.81
21:43:25,server_9,62.06
21:43:30,server_13,70.22
21:43:30,server_14,99.53
21:43:30,server_15,87.01
21:43:30,server_12,23.65
21:43:30,server_17,34.13
21:43:30,server_18,86.0
21:43:30,server_19,27.71
21:43:30,server_16,54.47
21:43:30,server_11,27.49
21:43:30,server_20,25.94
21:43:30,server_9,63.53
21:43:30,server_1,26.99
21:43:30,server_2,51.3
21:43:30,server_3,16.13
21:43:30,server_4,93.12
21:43:30,server_10,37.21
21:43:30,server_6,37.36
21:43:30,server_7,23.31
21:43:30,server_8,62.69
21:43:30,server_5,62.57
21:43:35,server_12,68.52
21:43:35,server_20,46.89
21:43:35,server_19,63.76
21:43:35,server_18,44.46
21:43:35,server_17,9.35
21:43:35,server_16,38.66
21:43:35,server_15,43.26
21:43:35,server_14,52.27
21:43:35,server_13,20.1
21:43:35,server_11,77.47
21:43:35,server_10,56.23
21:43:35,server_9,75.53
21:43:35,server_2,38.95
21:43:35,server_3,89.75
21:43:35,server_4,50.74
21:43:35,server_1,24.16
21:43:35,server_6,9.12
21:43:35,server_7,25.3
21:43:35,server_8,93.72
21:43:35,server_5,21.91
21:43:40,server_12,74.13
21:43:40,server_19,27.28
21:43:40,server_18,39.79
21:43:40,server_17,35.81
21:43:40,server_16,68.93
21:43:40,server_15,23.95
21:43:40,server_14,28.34
21:43:40,server_13,68.07
21:43:40,server_11,77.09
21:43:40,server_20,15.43
21:43:40,server_9,20.37
21:43:40,server_1,80.55
21:43:40,server_2,22.75
21:43:40,server_3,32.23
21:43:40,server_4,90.68
21:43:40,server_10,24.18
21:43:40,server_6,53.58
21:43:40,server_7,25.77
21:43:40,server_8,96.54
21:43:40,server_5,74.18
21:43:45,server_12,4.72
21:43:45,server_19,64.87
21:43:45,server_18,87.47
21:43:45,server_17,89.5
21:43:45,server_16,84.94
21:43:45,server_15,86.72
21:43:45,server_14,49.33
21:43:45,server_13,47.9
21:43:45,server_11,79.04
21:43:45,server_20,98.77
21:43:45,server_9,44.66
21:43:45,server_1,33.02
21:43:45,server_2,84.57
21:43:45,server_3,56.45
21:43:45,server_4,69.76
21:43:45,server_10,43.98
21:43:45,server_6,40.79
21:43:45,server_7,48.65
21:43:45,server_8,27.11
21:43:45,server_5,53.82
21:43:50,server_11,34.68
21:43:50,server_19,92.5
21:43:50,server_18,6.09
21:43:50,server_17,40.91
21:43:50,server_16,81.38
21:43:50,server_15,68.76
21:43:50,server_14,44.16
21:43:50,server_13,65.42
21:43:50,server_12,98.34
21:43:50,server_20,71.25
21:43:50,server_10,45.09
21:43:50,server_8,48.61
21:43:50,server_7,78.31
21:43:50,server_6,49.85
21:43:50,server_5,56.05
21:43:50,server_4,30.0
21:43:50,server_3,35.03
21:43:50,server_2,95.44
21:43:50,server_1,90.49
21:43:50,server_9,64.49
21:43:55,server_13,63.73
21:43:55,server_14,80.56
21:43:55,server_15,29.35
21:43:55,server_12,65.39
21:43:55,server_17,98.61
21:43:55,server_18,94.12
21:43:55,server_19,62.0
21:43:55,server_16,39.98
21:43:55,server_11,29.67
21:43:55,server_20,32.02
21:43:55,server_9,54.32
21:43:55,server_1,40.36
21:43:55,server_2,33.96
21:43:55,server_3,25.86
21:43:55,server_4,46.71
21:43:55,server_10,8.63
21:43:55,server_6,50.82
21:43:55,server_7,21.38
21:43:55,server_8,57.74
21:43:55,server_5,63.51
21:44:00,server_19,59.09
21:44:00,server_18,52.31
21:44:00,server_17,66.33
21:44:00,server_16,4.5
21:44:00,server_15,58.5
21:44:00,server_14,48.68
21:44:00,server_13,36.56
21:44:00,server_12,80.83
21:44:00,server_11,22.15
21:44:00,server_20,54.03
21:44:00,server_9,80.17
21:44:00,server_1,26.13
21:44:00,server_2,84.13
21:44:00,server_3,4.82
21:44:00,server_4,21.37
21:44:00,server_10,40.99
21:44:00,server_6,23.46
21:44:00,server_7,17.77
21:44:00,server_8,25.39
21:44:00,server_5,22.15
21:44:05,server_11,55.43
21:44:05,server_19,28.78
21:44:05,server_18,61.14
21:44:05,server_17,34.63
21:44:05,server_16,65.78
21:44:05,server_15,25.9
21:44:05,server_14,25.04
21:44:05,server_13,67.43
21:44:05,server_12,93.16
21:44:05,server_20,30.71
21:44:05,server_10,57.87
21:44:05,server_8,62.23
21:44:05,server_9,64.54
21:44:05,server_1,20.43
21:44:05,server_2,66.0
21:44:05,server_3,43.07
21:44:05,server_5,71.84
21:44:05,server_6,17.17
21:44:05,server_7,96.42
21:44:05,server_4,94.76
21:44:10,server_20,42.7
21:44:10,server_11,55.91
21:44:10,server_18,40.11
21:44:10,server_17,85.66
21:44:10,server_16,64.65
21:44:10,server_15,38.36
21:44:10,server_14,31.8
21:44:10,server_13,97.78
21:44:10,server_12,46.13
21:44:10,server_19,58.64
21:44:10,server_10,35.03
21:44:10,server_8,75.48
21:44:10,server_1,42.08
21:44:10,server_2,23.47
21:44:10,server_3,61.4
21:44:10,server_9,43.69
21:44:10,server_5,31.24
21:44:10,server_6,45.77
21:44:10,server_7,54.6
21:44:10,server_4,3.15
21:44:15,server_12,90.28
21:44:15,server_19,52.65
21:44:15,server_18,63.53
21:44:15,server_17,96.93
21:44:15,server_16,22.1
21:44:15,server_15,49.11
21:44:15,server_14,41.64
21:44:15,server_13,41.91
21:44:15,server_11,49.42
21:44:15,server_20,66.29
21:44:15,server_9,47.68
21:44:15,server_1,83.57
21:44:15,server_2,88.15
21:44:15,server_3,34.34
21:44:15,server_4,95.02
21:44:15,server_10,4.34
21:44:15,server_6,88.56
21:44:15,server_7,30.44
21:44:15,server_8,25.86
21:44:15,server_5,24.46
21:44:20,server_11,47.31
21:44:20,server_19,57.03
21:44:20,server_18,41.53
21:44:20,server_17,59.07
21:44:20,server_16,68.86
21:44:20,server_15,23.82
21:44:20,server_14,44.85
21:44:20,server_13,60.64
21:44:20,server_12,23.5
21:44:20,server_20,31.88
21:44:20,server_10,80.52
21:44:20,server_8,99.14
21:44:20,server_7,80.37
21:44:20,server_6,97.83
21:44:20,server_5,45.43
21:44:20,server_4,62.43
21:44:20,server_3,51.84
21:44:20,server_2,58.03
21:44:20,server_1,99.53
21:44:20,server_9,44.38
21:44:25,server_13,37.76
21:44:25,server_14,41.95
21:44:25,server_15,65.08
21:44:25,server_12,21.22
21:44:25,server_17,40.21
21:44:25,server_18,46.01
21:44:25,server_19,64.38
21:44:25,server_16,66.77
21:44:25,server_11,5.29
21:44:25,server_20,70.59
21:44:25,server_9,64.33
21:44:25,server_1,54.96
21:44:25,server_2,50.0
21:44:25,server_3,29.4
21:44:25,server_4,3.21
21:44:25,server_10,29.52
21:44:25,server_6,59.69
21:44:25,server_7,82.23
21:44:25,server_8,79.6
21:44:25,server_5,25.99
21:44:30,server_20,84.36
21:44:30,server_19,71.54
21:44:30,server_18,60.86
21:44:30,server_17,31.94
21:44:30,server_16,45.19
21:44:30,server_15,67.3
21:44:30,server_14,57.69
21:44:30,server_12,24.06
21:44:30,server_11,97.62
21:44:30,server_13,12.74
21:44:30,server_9,57.47
21:44:30,server_10,27.8
21:44:30,server_2,67.24
21:44:30,server_3,33.87
21:44:30,server_4,93.27
21:44:30,server_1,52.82
21:44:30,server_6,23.46
21:44:30,server_7,8.5
21:44:30,server_8,50.02
21:44:30,server_5,65.55
21:44:35,server_12,28.75
21:44:35,server_20,27.79
21:44:35,server_19,96.05
21:44:35,server_18,61.75
21:44:35,server_17,65.67
21:44:35,server_16,61.19
21:44:35,server_15,68.32
21:44:35,server_14,61.26
21:44:35,server_13,29.28
21:44:35,server_11,56.3
21:44:35,server_3,61.82
21:44:35,server_9,63.3
21:44:35,server_10,56.23
21:44:35,server_2,51.89
21:44:35,server_4,62.16
21:44:35,server_1,29.03
21:44:35,server_6,61.22
21:44:35,server_7,98.37
21:44:35,server_8,91.83
21:44:35,server_5,37.34
21:44:40,server_12,66.87
21:44:40,server_19,86.33
21:44:40,server_18,22.94
21:44:40,server_17,13.68
21:44:40,server_16,31.13
21:44:40,server_15,18.09
21:44:40,server_14,64.48
21:44:40,server_20,94.39
21:44:40,server_11,44.9
21:44:40,server_13,87.68
21:44:40,server_9,28.67
21:44:40,server_1,43.47
21:44:40,server_2,88.41
21:44:40,server_3,93.52
21:44:40,server_4,87.17
21:44:40,server_10,29.34
21:44:40,server_6,61.39
21:44:40,server_7,33.14
21:44:40,server_8,99.97
21:44:40,server_5,91.36
21:44:45,server_19,17.7
21:44:45,server_18,88.86
21:44:45,server_17,93.35
21:44:45,server_16,89.05
21:44:45,server_15,54.15
21:44:45,server_14,4.84
21:44:45,server_13,64.81
21:44:45,server_12,42.79
21:44:45,server_11,54.41
21:44:45,server_20,87.8
21:44:45,server_9,48.52
21:44:45,server_1,58.96
21:44:45,server_2,95.63
21:44:45,server_3,79.43
21:44:45,server_4,80.6
21:44:45,server_10,97.9
21:44:45,server_6,11.58
21:44:45,server_7,44.06
21:44:45,server_8,96.69
21:44:45,server_5,95.37
21:44:50,server_11,19.41
21:44:50,server_19,56.35
21:44:50,server_18,6.33
21:44:50,server_17,95.32
21:44:50,server_16,98.8
21:44:50,server_15,85.4
21:44:50,server_14,62.84
21:44:50,server_13,50.47
21:44:50,server_12,23.67
21:44:50,server_20,45.83
21:44:50,server_10,65.85
21:44:50,server_8,16.52
21:44:50,server_9,96.89
21:44:50,server_1,21.73
21:44:50,server_2,20.6
21:44:50,server_3,90.62
21:44:50,server_5,29.64
21:44:50,server_6,67.14
21:44:50,server_7,96.56
21:44:50,server_4,69.09
21:44:55,server_20,47.04
21:44:55,server_11,45.3
21:44:55,server_18,37.42
21:44:55,server_17,91.37
21:44:55,server_16,24.77
21:44:55,server_15,89.23
21:44:55,server_14,95.54
21:44:55,server_13,44.33
21:44:55,server_12,42.57
21:44:55,server_19,29.9
21:44:55,server_10,65.06
21:44:55,server_8,28.98
21:44:55,server_1,56.55
21:44:55,server_2,48.29
21:44:55,server_3,36.26
21:44:55,server_9,68.31
21:44:55,server_5,51.85
21:44:55,server_6,96.22
21:44:55,server_7,20.17
21:44:55,server_4,29.24
21:45:00,server_19,63.26
21:45:00,server_18,64.79
21:45:00,server_17,90.86
21:45:00,server_16,29.46
21:45:00,server_15,49.26
21:45:00,server_14,29.16
21:45:00,server_13,54.61
21:45:00,server_12,27.23
21:45:00,server_11,42.37
21:45:00,server_20,49.57
21:45:00,server_9,92.12
21:45:00,server_1,51.4
21:45:00,server_2,63.1
21:45:00,server_3,9.12
21:45:00,server_4,39.19
21:45:00,server_10,36.34
21:45:00,server_6,63.04
21:45:00,server_7,58.76
21:45:00,server_8,39.29
21:45:00,server_5,27.47
21:45:05,server_11,84.98
21:45:05,server_19,90.73
21:45:05,server_18,26.39
21:45:05,server_17,19.48
21:45:05,server_16,61.09
21:45:05,server_15,16.24
21:45:05,server_14,53.4
21:45:05,server_13,22.0
21:45:05,server_12,36.82
21:45:05,server_20,57.1
21:45:05,server_10,9.77
21:45:05,server_8,60.77
21:45:05,server_9,38.49
21:45:05,server_1,1.44
21:45:05,server_2,62.87
21:45:05,server_3,25.54
21:45:05,server_5,49.14
21:45:05,server_6,17.63
21:45:05,server_7,61.79
21:45:05,server_4,46.9
21:45:10,server_20,35.05
21:45:10,server_19,21.31
21:45:10,server_18,91.68
21:45:10,server_17,81.28
21:45:10,server_16,66.67
21:45:10,server_15,2.26
21:45:10,server_14,50.52
21:45:10,server_13,47.3
21:45:10,server_12,32.06
21:45:10,server_11,6.57
21:45:10,server_9,39.46
21:45:10,server_1,67.62
21:45:10,server_2,40.77
21:45:10,server_3,51.2
21:45:10,server_4,36.92
21:45:10,server_10,69.18
21:45:10,server_6,27.9
21:45:10,server_7,55.81
21:45:10,server_8,63.81
21:45:10,server_5,52.81
21:45:15,server_12,46.49
21:45:15,server_19,81.2
21:45:15,server_18,95.2
21:45:15,server_17,53.66
21:45:15,server_16,13.33
21:45:15,server_15,56.05
21:45:15,server_14,73.61
21:45:15,server_13,47.83
21:45:15,server_11,4.11
21:45:15,server_20,12.56
21:45:15,server_9,43.07
21:45:15,server_1,52.91
21:45:15,server_2,41.73
21:45:15,server_3,39.59
21:45:15,server_4,48.08
21:45:15,server_10,6.49
21:45:15,server_6,86.4
21:45:15,server_7,77.45
21:45:15,server_8,39.92
21:45:15,server_5,47.34
21:45:20,server_11,38.26
21:45:20,server_19,44.02
21:45:20,server_18,24.96
21:45:20,server_17,99.6
21:45:20,server_16,29.24
21:45:20,server_15,41.59
21:45:20,server_14,25.85
21:45:20,server_13,74.84
21:45:20,server_12,50.02
21:45:20,server_20,29.88
21:45:20,server_10,22.01
21:45:20,server_8,43.8
21:45:20,server_7,91.86
21:45:20,server_6,85.29
21:45:20,server_5,39.69
21:45:20,server_4,91.95
21:45:20,server_3,11.45
21:45:20,server_2,19.01
21:45:20,server_1,66.27
21:45:20,server_9,93.25
21:45:25,server_12,32.7
21:45:25,server_13,41.16
21:45:25,server_14,55.08
21:45:25,server_15,62.31
21:45:25,server_19,97.73
21:45:25,server_17,96.04
21:45:25,server_18,6.06
21:45:25,server_20,26.92
21:45:25,server_16,31.96
21:45:25,server_11,47.79
21:45:25,server_10,57.1
21:45:25,server_8,68.09
21:45:25,server_1,52.33
21:45:25,server_2,23.36
21:45:25,server_3,95.91
21:45:25,server_9,95.81
21:45:25,server_5,72.2
21:45:25,server_6,57.88
21:45:25,server_7,72.81
21:45:25,server_4,43.09
21:45:30,server_20,99.15
21:45:30,server_19,42.97
21:45:30,server_18,27.01
21:45:30,server_17,64.86
21:45:30,server_16,15.09
21:45:30,server_15,10.46
21:45:30,server_14,32.42
21:45:30,server_12,80.18
21:45:30,server_11,87.95
21:45:30,server_13,26.11
21:45:30,server_9,36.83
21:45:30,server_10,30.75
21:45:30,server_2,21.84
21:45:30,server_3,34.5
21:45:30,server_4,91.82
21:45:30,server_1,57.75
21:45:30,server_6,51.23
21:45:30,server_7,97.94
21:45:30,server_8,86.27
21:45:30,server_5,25.01
21:45:35,server_12,75.83
21:45:35,server_20,41.76
21:45:35,server_19,52.69
21:45:35,server_18,99.45
21:45:35,server_17,63.48
21:45:35,server_16,20.31
21:45:35,server_15,49.86
21:45:35,server_14,42.97
21:45:35,server_13,38.35
21:45:35,server_11,73.18
21:45:35,server_3,82.99
21:45:35,server_9,94.65
21:45:35,server_10,91.45
21:45:35,server_2,49.61
21:45:35,server_4,53.88
21:45:35,server_1,22.59
21:45:35,server_6,54.78
21:45:35,server_7,43.39
21:45:35,server_8,67.76
21:45:35,server_5,34.24
21:45:40,server_12,11.22
21:45:40,server_20,41.99
21:45:40,server_19,33.79
21:45:40,server_18,55.04
21:45:40,server_17,39.71
21:45:40,server_16,60.98
21:45:40,server_15,47.15
21:45:40,server_14,50.29
21:45:40,server_11,50.16
21:45:40,server_13,24.61
21:45:40,server_9,43.02
21:45:40,server_2,25.96
21:45:40,server_3,82.37
21:45:40,server_4,46.72
21:45:40,server_5,56.18
21:45:40,server_1,25.58
21:45:40,server_7,14.49
21:45:40,server_10,93.08
21:45:40,server_8,56.64
21:45:40,server_6,16.77
21:45:45,server_12,32.68
21:45:45,server_19,37.37
21:45:45,server_18,51.89
21:45:45,server_17,80.7
21:45:45,server_16,95.42
21:45:45,server_15,27.22
21:45:45,server_14,11.55
21:45:45,server_13,58.29
21:45:45,server_11,69.55
21:45:45,server_20,53.75
21:45:45,server_9,53.63
21:45:45,server_1,53.25
21:45:45,server_2,31.96
21:45:45,server_3,24.55
21:45:45,server_4,42.8
21:45:45,server_10,51.95
21:45:45,server_6,21.74
21:45:45,server_7,68.84
21:45:45,server_8,71.81
21:45:45,server_5,20.47
21:45:50,server_11,22.85
21:45:50,server_19,46.35
21:45:50,server_18,54.19
21:45:50,server_17,95.66
21:45:50,server_16,52.94
21:45:50,server_15,88.3
21:45:50,server_14,95.46
21:45:50,server_13,79.98
21:45:50,server_12,26.08
21:45:50,server_20,66.33
21:45:50,server_10,30.61
21:45:50,server_8,43.37
21:45:50,server_7,89.23
21:45:50,server_6,88.82
21:45:50,server_5,63.93
21:45:50,server_4,21.01
21:45:50,server_3,66.17
21:45:50,server_2,20.84
21:45:50,server_1,97.65
21:45:50,server_9,37.53
21:45:55,server_14,50.84
21:45:55,server_15,97.46
21:45:55,server_16,71.71
21:45:55,server_12,99.82
21:45:55,server_18,97.98
21:45:55,server_19,37.9
21:45:55,server_20,58.92
21:45:55,server_17,86.55
21:45:55,server_11,99.67
21:45:55,server_13,7.03
21:45:55,server_9,85.07
21:45:55,server_1,29.16
21:45:55,server_2,75.07
21:45:55,server_3,31.72
21:45:55,server_4,41.32
21:45:55,server_10,63.9
21:45:55,server_6,56.11
21:45:55,server_7,86.31
21:45:55,server_5,66.13
21:45:55,server_8,22.51
21:46:00,server_19,58.08
21:46:00,server_18,62.83
21:46:00,server_17,66.03
21:46:00,server_16,94.17
21:46:00,server_15,88.8
21:46:00,server_14,56.3
21:46:00,server_13,34.6
21:46:00,server_12,39.16
21:46:00,server_11,52.99
21:46:00,server_20,43.45
21:46:00,server_9,81.58
21:46:00,server_1,98.2
21:46:00,server_2,51.64
21:46:00,server_3,83.78
21:46:00,server_4,26.35
21:46:00,server_10,66.98
21:46:00,server_6,95.21
21:46:00,server_7,62.65
21:46:00,server_8,43.99
21:46:00,server_5,26.64
21:46:05,server_11,93.61
21:46:05,server_19,87.18
21:46:05,server_18,94.21
21:46:05,server_17,22.75
21:46:05,server_16,89.79
21:46:05,server_15,60.39
21:46:05,server_14,4.4
21:46:05,server_13,55.11
21:46:05,server_12,27.27
21:46:05,server_20,45.0
21:46:05,server_10,33.39
21:46:05,server_8,52.73
21:46:05,server_9,45.21
21:46:05,server_1,33.44
21:46:05,server_2,66.1
21:46:05,server_3,54.03
21:46:05,server_5,46.3
21:46:05,server_6,35.92
21:46:05,server_7,56.06
21:46:05,server_4,81.45
21:46:10,server_20,15.26
21:46:10,server_11,50.18
21:46:10,server_18,91.41
21:46:10,server_17,67.9
21:46:10,server_16,18.08
21:46:10,server_15,37.37
21:46:10,server_14,56.68
21:46:10,server_13,68.76
21:46:10,server_12,30.38
21:46:10,server_19,53.98
21:46:10,server_10,25.64
21:46:10,server_8,38.42
21:46:10,server_1,39.62
21:46:10,server_2,79.99
21:46:10,server_3,65.15
21:46:10,server_9,38.14
21:46:10,server_5,65.11
21:46:10,server_6,66.62
21:46:10,server_7,20.98
21:46:10,server_4,24.52
21:46:15,server_13,43.75
21:46:15,server_20,48.5
21:46:15,server_19,89.3
21:46:15,server_18,6.94
21:46:15,server_17,28.03
21:46:15,server_16,32.48
21:46:15,server_15,54.2
21:46:15,server_14,3.72
21:46:15,server_12,64.03
21:46:15,server_11,27.0
21:46:15,server_1,69.27
21:46:15,server_9,54.64
21:46:15,server_8,23.87
21:46:15,server_7,91.17
21:46:15,server_6,27.78
21:46:15,server_5,32.96
21:46:15,server_4,61.09
21:46:15,server_3,52.44
21:46:15,server_2,76.31
21:46:15,server_10,60.46
21:46:20,server_13,67.57
21:46:20,server_14,42.66
21:46:20,server_15,100.0
21:46:20,server_16,36.38
21:46:20,server_12,56.42
21:46:20,server_18,88.01
21:46:20,server_19,58.51
21:46:20,server_20,87.87
21:46:20,server_17,92.77
21:46:20,server_11,46.07
21:46:20,server_1,60.75
21:46:20,server_9,56.97
21:46:20,server_8,89.58
21:46:20,server_7,40.13
21:46:20,server_6,9.2
21:46:20,server_5,25.37
21:46:20,server_4,41.43
21:46:20,server_3,52.51
21:46:20,server_2,81.15
21:46:20,server_10,56.91
21:46:25,server_13,46.42
21:46:25,server_14,72.7
21:46:25,server_15,27.03
21:46:25,server_16,26.09
21:46:25,server_20,64.32
21:46:25,server_18,39.28
21:46:25,server_19,86.74
21:46:25,server_12,51.54
21:46:25,server_17,20.47
21:46:25,server_11,29.6
21:46:25,server_3,43.29
21:46:25,server_9,34.15
21:46:25,server_2,1.51
21:46:25,server_10,83.0
21:46:25,server_4,19.36
21:46:25,server_1,68.34
21:46:25,server_6,62.71
21:46:25,server_7,94.47
21:46:25,server_8,66.07
21:46:25,server_5,44.87
21:46:30,server_12,67.39
21:46:30,server_19,23.14
21:46:30,server_18,42.09
21:46:30,server_17,17.22
21:46:30,server_16,40.24
21:46:30,server_15,48.6
21:46:30,server_14,42.49
21:46:30,server_13,56.57
21:46:30,server_11,83.75
21:46:30,server_20,55.94
21:46:30,server_9,29.57
21:46:30,server_1,51.59
21:46:30,server_2,40.72
21:46:30,server_3,45.88
21:46:30,server_4,75.25
21:46:30,server_10,92.86
21:46:30,server_6,92.52
21:46:30,server_7,80.9
21:46:30,server_8,88.97
21:46:30,server_5,51.04
21:46:35,server_11,39.3
21:46:35,server_19,46.7
21:46:35,server_18,66.35
21:46:35,server_17,31.07
21:46:35,server_16,63.25
21:46:35,server_15,53.29
21:46:35,server_14,90.18
21:46:35,server_13,44.38
21:46:35,server_12,42.52
21:46:35,server_20,43.53
21:46:35,server_10,48.45
21:46:35,server_8,65.96
21:46:35,server_7,29.16
21:46:35,server_6,70.11
21:46:35,server_5,79.56
21:46:35,server_4,73.11
21:46:35,server_3,94.51
21:46:35,server_2,56.79
21:46:35,server_1,2.2
21:46:35,server_9,36.61
21:46:40,server_14,68.57
21:46:40,server_15,73.32
21:46:40,server_16,8.48
21:46:40,server_13,72.99
21:46:40,server_18,51.74
21:46:40,server_19,39.28
21:46:40,server_20,29.54
21:46:40,server_17,30.71
21:46:40,server_12,97.68
21:46:40,server_11,29.35
21:46:40,server_1,89.46
21:46:40,server_9,55.24
21:46:40,server_8,61.08
21:46:40,server_7,22.88
21:46:40,server_6,28.57
21:46:40,server_5,29.75
21:46:40,server_4,67.5
21:46:40,server_3,63.66
21:46:40,server_2,57.27
21:46:40,server_10,65.49
21:46:45,server_13,20.94
21:46:45,server_14,64.04
21:46:45,server_15,43.44
21:46:45,server_20,69.3
21:46:45,server_18,97.32
21:46:45,server_19,43.39
21:46:45,server_12,19.08
21:46:45,server_16,60.69
21:46:45,server_11,62.24
21:46:45,server_17,66.78
21:46:45,server_9,27.36
21:46:45,server_10,66.64
21:46:45,server_2,96.67
21:46:45,server_3,26.81
21:46:45,server_4,80.69
21:46:45,server_1,48.92
21:46:45,server_6,88.82
21:46:45,server_7,65.38
21:46:45,server_8,90.38
21:46:45,server_5,42.53
21:46:50,server_20,20.69
21:46:50,server_12,40.16
21:46:50,server_19,52.46
21:46:50,server_18,80.51
21:46:50,server_17,37.09
21:46:50,server_16,93.55
21:46:50,server_15,55.75
21:46:50,server_14,68.55
21:46:50,server_13,65.09
21:46:50,server_11,27.2
21:46:50,server_7,10.02
21:46:50,server_9,96.73
21:46:50,server_8,51.01
21:46:50,server_6,69.32
21:46:50,server_5,17.21
21:46:50,server_4,87.22
21:46:50,server_3,55.13
21:46:50,server_2,85.57
21:46:50,server_1,16.61
21:46:50,server_10,42.7
21:46:55,server_15,55.39
21:46:55,server_13,54.64
21:46:55,server_14,40.73
21:46:55,server_16,69.43
21:46:55,server_12,96.24
21:46:55,server_18,53.06
21:46:55,server_19,98.19
21:46:55,server_20,93.04
21:46:55,server_17,60.04
21:46:55,server_11,55.63
21:46:55,server_1,50.64
21:46:55,server_9,10.05
21:46:55,server_2,53.44
21:46:55,server_3,35.21
21:46:55,server_4,73.47
21:46:55,server_10,77.96
21:46:55,server_6,90.51
21:46:55,server_7,44.94
21:46:55,server_8,38.68
21:46:55,server_5,35.33
21:47:00,server_13,61.64
21:47:00,server_20,79.58
21:47:00,server_19,56.6
21:47:00,server_18,69.2
21:47:00,server_17,42.09
21:47:00,server_16,25.43
21:47:00,server_15,22.78
21:47:00,server_14,38.8
21:47:00,server_12,97.25
21:47:00,server_11,55.04
21:47:00,server_1,39.14
21:47:00,server_9,61.17
21:47:00,server_8,87.96
21:47:00,server_7,65.76
21:47:00,server_6,50.59
21:47:00,server_5,33.61
21:47:00,server_4,44.18
21:47:00,server_3,36.08
21:47:00,server_2,30.52
21:47:00,server_10,15.14
21:47:05,server_13,93.58
21:47:05,server_14,68.31
21:47:05,server_15,79.66
21:47:05,server_16,98.75
21:47:05,server_12,53.18
21:47:05,server_18,45.56
21:47:05,server_19,25.19
21:47:05,server_20,21.1
21:47:05,server_17,90.76
21:47:05,server_11,89.65
21:47:05,server_1,59.22
21:47:05,server_9,26.26
21:47:05,server_8,52.39
21:47:05,server_7,46.85
21:47:05,server_6,36.43
21:47:05,server_5,86.86
21:47:05,server_4,97.34
21:47:05,server_3,28.05
21:47:05,server_2,27.57
21:47:05,server_10,51.5
21:47:10,server_13,98.86
21:47:10,server_14,52.98
21:47:10,server_15,92.22
21:47:10,server_16,87.41
21:47:10,server_20,25.57
21:47:10,server_18,25.86
21:47:10,server_19,23.29
21:47:10,server_12,54.5
21:47:10,server_17,83.86
21:47:10,server_11,57.67
21:47:10,server_1,40.58
21:47:10,server_9,50.29
21:47:10,server_2,44.1
21:47:10,server_3,77.39
21:47:10,server_4,59.72
21:47:10,server_10,20.39
21:47:10,server_6,67.09
21:47:10,server_7,60.57
21:47:10,server_8,97.58
21:47:10,server_5,83.96
21:47:15,server_12,43.99
21:47:15,server_19,62.68
21:47:15,server_18,67.3
21:47:15,server_17,37.94
21:47:15,server_16,25.03
21:47:15,server_15,1.76
21:47:15,server_14,67.34
21:47:15,server_13,20.24
21:47:15,server_20,58.71
21:47:15,server_11,51.43
21:47:15,server_9,43.95
21:47:15,server_8,29.15
21:47:15,server_7,63.7
21:47:15,server_6,62.91
21:47:15,server_5,25.73
21:47:15,server_4,58.67
21:47:15,server_3,29.09
21:47:15,server_2,34.8
21:47:15,server_1,86.99
21:47:15,server_10,39.97
21:47:20,server_13,50.46
21:47:20,server_14,99.22
21:47:20,server_15,25.07
21:47:20,server_16,89.22
21:47:20,server_12,52.55
21:47:20,server_20,55.39
21:47:20,server_18,65.94
21:47:20,server_19,57.26
21:47:20,server_17,61.71
21:47:20,server_11,33.12
21:47:20,server_3,34.4
21:47:20,server_9,29.97
21:47:20,server_10,26.34
21:47:20,server_2,24.86
21:47:20,server_4,73.83
21:47:20,server_1,96.81
21:47:20,server_6,62.41
21:47:20,server_7,62.34
21:47:20,server_5,20.83
21:47:20,server_8,53.9
21:47:25,server_20,29.3
21:47:25,server_19,62.91
21:47:25,server_18,34.04
21:47:25,server_17,51.77
21:47:25,server_16,56.56
21:47:25,server_15,66.45
21:47:25,server_14,74.19
21:47:25,server_12,51.3
21:47:25,server_11,76.08
21:47:25,server_13,32.1
21:47:25,server_9,63.06
21:47:25,server_10,28.54
21:47:25,server_2,33.42
21:47:25,server_3,57.6
21:47:25,server_4,12.4
21:47:25,server_1,85.95
21:47:25,server_6,40.52
21:47:25,server_7,15.54
21:47:25,server_8,43.76
21:47:25,server_5,75.31
21:47:30,server_12,65.97
21:47:30,server_20,39.0
21:47:30,server_19,90.77
21:47:30,server_18,46.24
21:47:30,server_17,98.62
21:47:30,server_16,25.73
21:47:30,server_15,65.7
21:47:30,server_14,54.94
21:47:30,server_13,85.98
21:47:30,server_11,91.06
21:47:30,server_3,45.89
21:47:30,server_9,93.03
21:47:30,server_10,28.6
21:47:30,server_2,60.84
21:47:30,server_4,33.0
21:47:30,server_1,49.65
21:47:30,server_6,49.54
21:47:30,server_7,47.77
21:47:30,server_8,40.28
21:47:30,server_5,63.69
21:47:35,server_12,48.7
21:47:35,server_20,34.24
21:47:35,server_19,55.6
21:47:35,server_18,20.0
21:47:35,server_17,97.5
21:47:35,server_16,44.48
21:47:35,server_15,41.65
21:47:35,server_14,5.64
21:47:35,server_11,47.13
21:47:35,server_13,10.97
21:47:35,server_9,33.28
21:47:35,server_2,66.08
21:47:35,server_3,40.96
21:47:35,server_4,47.08
21:47:35,server_5,31.39
21:47:35,server_1,42.53
21:47:35,server_7,92.1
21:47:35,server_10,58.71
21:47:35,server_8,95.55
21:47:35,server_6,47.74
21:47:40,server_12,58.17
21:47:40,server_19,63.7
21:47:40,server_18,54.37
21:47:40,server_17,24.23
21:47:40,server_16,75.78
21:47:40,server_15,62.09
21:47:40,server_14,52.4
21:47:40,server_13,24.09
21:47:40,server_11,34.75
21:47:40,server_20,50.94
21:47:40,server_9,89.4
21:47:40,server_1,65.55
21:47:40,server_2,20.15
21:47:40,server_3,91.85
21:47:40,server_4,67.96
21:47:40,server_10,60.54
21:47:40,server_6,68.53
21:47:40,server_7,62.26
21:47:40,server_8,56.77
21:47:40,server_5,46.69
21:47:45,server_11,48.16
21:47:45,server_19,14.99
21:47:45,server_18,42.71
21:47:45,server_17,31.51
21:47:45,server_16,65.56
21:47:45,server_15,52.19
21:47:45,server_14,45.17
21:47:45,server_13,92.69
21:47:45,server_12,33.77
21:47:45,server_20,31.1
21:47:45,server_10,4.19
21:47:45,server_8,9.59
21:47:45,server_7,64.01
21:47:45,server_6,47.15
21:47:45,server_5,84.54
21:47:45,server_4,72.59
21:47:45,server_3,74.85
21:47:45,server_2,67.94
21:47:45,server_1,22.59
21:47:45,server_9,20.25
21:47:50,server_13,98.61
21:47:50,server_14,57.38
21:47:50,server_15,44.02
21:47:50,server_16,41.06
21:47:50,server_19,47.47
21:47:50,server_20,24.99
21:47:50,server_18,96.09
21:47:50,server_12,33.49
21:47:50,server_17,85.31
21:47:50,server_11,32.54
21:47:50,server_3,40.18
21:47:50,server_9,34.86
21:47:50,server_8,97.68
21:47:50,server_7,49.18
21:47:50,server_6,98.42
21:47:50,server_5,78.31
21:47:50,server_4,32.36
21:47:50,server_2,55.59
21:47:50,server_1,30.57
21:47:50,server_10,30.74
21:47:55,server_13,29.04
21:47:55,server_14,1.91
21:47:55,server_15,56.28
21:47:55,server_16,47.16
21:47:55,server_20,83.48
21:47:55,server_18,3.15
21:47:55,server_19,29.45
21:47:55,server_12,29.78
21:47:55,server_17,50.97
21:47:55,server_11,59.0
21:47:55,server_10,28.4
21:47:55,server_9,78.86
21:47:55,server_2,25.46
21:47:55,server_3,55.87
21:47:55,server_4,55.46
21:47:55,server_1,43.93
21:47:55,server_6,68.73
21:47:55,server_7,45.92
21:47:55,server_8,49.19
21:47:55,server_5,94.39
21:48:00,server_12,31.71
21:48:00,server_19,22.24
21:48:00,server_18,33.75
21:48:00,server_17,50.97
21:48:00,server_16,37.8
21:48:00,server_15,20.36
21:48:00,server_14,38.57
21:48:00,server_13,21.33
21:48:00,server_11,22.17
21:48:00,server_20,18.41
21:48:00,server_9,62.51
21:48:00,server_1,71.93
21:48:00,server_2,37.7
21:48:00,server_3,65.61
21:48:00,server_4,83.42
21:48:00,server_10,97.0
21:48:00,server_6,50.45
21:48:00,server_7,40.56
21:48:00,server_8,29.93
21:48:00,server_5,66.24
21:48:05,server_12,38.89
21:48:05,server_19,39.7
21:48:05,server_18,85.16
21:48:05,server_17,7.77
21:48:05,server_16,86.67
21:48:05,server_15,95.8
21:48:05,server_14,36.15
21:48:05,server_13,40.16
21:48:05,server_11,68.67
21:48:05,server_20,8.16
21:48:05,server_9,86.88
21:48:05,server_1,49.6
21:48:05,server_2,46.45
21:48:05,server_3,21.26
21:48:05,server_4,61.39
21:48:05,server_10,81.2
21:48:05,server_6,75.67
21:48:05,server_7,51.8
21:48:05,server_8,48.48
21:48:05,server_5,55.8
21:48:10,server_11,55.1
21:48:10,server_19,35.54
21:48:10,server_18,50.64
21:48:10,server_17,14.22
21:48:10,server_16,68.11
21:48:10,server_15,36.75
21:48:10,server_14,6.94
21:48:10,server_13,33.66
21:48:10,server_12,85.38
21:48:10,server_20,49.35
21:48:10,server_10,86.48
21:48:10,server_8,22.67
21:48:10,server_7,97.29
21:48:10,server_6,49.62
21:48:10,server_5,55.49
21:48:10,server_4,89.32
21:48:10,server_3,54.08
21:48:10,server_2,67.1
21:48:10,server_1,50.85
21:48:10,server_9,33.27
21:48:15,server_12,64.62
21:48:15,server_20,99.76
21:48:15,server_14,90.67
21:48:15,server_19,65.11
21:48:15,server_16,27.38
21:48:15,server_17,51.7
21:48:15,server_18,69.1
21:48:15,server_15,87.5
21:48:15,server_10,63.24
21:48:15,server_13,31.57
21:48:15,server_8,22.55
21:48:15,server_9,31.1
21:48:15,server_1,66.89
21:48:15,server_2,81.97
21:48:15,server_3,31.36
21:48:15,server_11,12.8
21:48:15,server_5,23.25
21:48:15,server_6,29.08
21:48:15,server_4,22.3
21:48:15,server_7,34.59
21:48:20,server_20,26.4
21:48:20,server_19,96.82
21:48:20,server_18,90.5
21:48:20,server_17,87.81
21:48:20,server_16,53.23
21:48:20,server_15,66.95
21:48:20,server_14,57.3
21:48:20,server_12,48.83
21:48:20,server_11,24.66
21:48:20,server_13,46.05
21:48:20,server_9,52.64
21:48:20,server_10,90.96
21:48:20,server_2,64.31
21:48:20,server_3,21.12
21:48:20,server_4,25.35
21:48:20,server_1,32.87
21:48:20,server_6,56.94
21:48:20,server_7,59.13
21:48:20,server_8,5.13
21:48:20,server_5,52.08
21:48:25,server_12,55.58
21:48:25,server_20,31.74
21:48:25,server_19,99.74
21:48:25,server_18,11.38
21:48:25,server_17,56.65
21:48:25,server_16,8.22
21:48:25,server_15,45.8
21:48:25,server_14,63.79
21:48:25,server_13,23.32
21:48:25,server_11,76.27
21:48:25,server_3,48.43
21:48:25,server_9,66.93
21:48:25,server_8,53.39
21:48:25,server_7,22.27
21:48:25,server_6,70.67
21:48:25,server_5,90.2
21:48:25,server_4,97.51
21:48:25,server_2,23.1
21:48:25,server_1,62.9
21:48:25,server_10,35.11
21:48:30,server_13,49.42
21:48:30,server_14,55.59
21:48:30,server_15,41.6
21:48:30,server_16,93.72
21:48:30,server_20,46.46
21:48:30,server_18,92.8
21:48:30,server_19,21.92
21:48:30,server_12,51.26
21:48:30,server_17,44.51
21:48:30,server_11,62.55
21:48:30,server_3,33.61
21:48:30,server_9,67.0
21:48:30,server_1,92.97
21:48:30,server_2,45.38
21:48:30,server_4,31.37
21:48:30,server_10,51.5
21:48:30,server_6,74.87
21:48:30,server_7,22.03
21:48:30,server_8,31.39
21:48:30,server_5,14.27
21:48:35,server_20,85.52
21:48:35,server_11,50.61
21:48:35,server_18,23.14
21:48:35,server_17,38.57
21:48:35,server_16,34.58
21:48:35,server_15,47.56
21:48:35,server_14,31.43
21:48:35,server_13,26.35
21:48:35,server_12,41.73
21:48:35,server_19,92.13
21:48:35,server_10,34.51
21:48:35,server_8,43.77
21:48:35,server_7,51.07
21:48:35,server_6,51.78
21:48:35,server_5,46.54
21:48:35,server_4,7.41
21:48:35,server_3,44.91
21:48:35,server_2,21.93
21:48:35,server_1,58.18
21:48:35,server_9,41.98
21:48:40,server_13,93.3
21:48:40,server_14,23.51
21:48:40,server_15,30.17
21:48:40,server_12,57.87
21:48:40,server_17,44.07
21:48:40,server_18,64.01
21:48:40,server_19,65.36
21:48:40,server_16,48.71
21:48:40,server_11,60.08
21:48:40,server_20,60.52
21:48:40,server_9,70.79
21:48:40,server_1,31.24
21:48:40,server_2,93.0
21:48:40,server_3,57.64
21:48:40,server_4,24.9
21:48:40,server_10,83.41
21:48:40,server_6,91.51
21:48:40,server_7,92.41
21:48:40,server_8,97.81
21:48:40,server_5,65.77
21:48:45,server_12,93.24
21:48:45,server_20,49.08
21:48:45,server_19,1.64
21:48:45,server_18,76.19
21:48:45,server_17,52.63
21:48:45,server_16,63.04
21:48:45,server_15,24.47
21:48:45,server_14,43.91
21:48:45,server_13,45.74
21:48:45,server_11,89.44
21:48:45,server_3,45.86
21:48:45,server_9,36.71
21:48:45,server_2,54.22
21:48:45,server_10,41.62
21:48:45,server_4,99.4
21:48:45,server_1,35.01
21:48:45,server_6,3.17
21:48:45,server_7,23.46
21:48:45,server_8,36.69
21:48:45,server_5,73.44
21:48:50,server_13,62.74
21:48:50,server_20,56.24
21:48:50,server_19,93.23
21:48:50,server_18,27.7
21:48:50,server_17,68.91
21:48:50,server_16,66.24
21:48:50,server_15,62.23
21:48:50,server_14,29.57
21:48:50,server_12,27.91
21:48:50,server_11,46.33
21:48:50,server_1,42.95
21:48:50,server_9,50.38
21:48:50,server_8,38.48
21:48:50,server_7,22.52
21:48:50,server_6,79.88
21:48:50,server_5,11.16
21:48:50,server_4,35.07
21:48:50,server_3,85.52
21:48:50,server_2,36.08
21:48:50,server_10,31.07
21:48:55,server_13,0.66
21:48:55,server_14,65.84
21:48:55,server_15,59.67
21:48:55,server_16,93.31
21:48:55,server_12,92.88
21:48:55,server_18,13.74
21:48:55,server_19,2.85
21:48:55,server_20,52.63
21:48:55,server_17,78.08
21:48:55,server_11,56.38
21:48:55,server_10,42.6
21:48:55,server_9,43.67
21:48:55,server_8,20.66
21:48:55,server_7,26.37
21:48:55,server_6,57.87
21:48:55,server_5,23.83
21:48:55,server_4,25.27
21:48:55,server_3,50.45
21:48:55,server_2,50.59
21:48:55,server_1,99.13
21:49:00,server_13,96.63
21:49:00,server_14,80.25
21:49:00,server_15,41.29
21:49:00,server_16,50.18
21:49:00,server_20,67.82
21:49:00,server_18,75.38
21:49:00,server_19,46.41
21:49:00,server_12,52.78
21:49:00,server_17,39.63
21:49:00,server_11,39.44
21:49:00,server_1,21.44
21:49:00,server_9,37.84
21:49:00,server_2,52.94
21:49:00,server_3,27.32
21:49:00,server_4,53.53
21:49:00,server_10,41.77
21:49:00,server_6,43.42
21:49:00,server_7,44.13
21:49:00,server_8,90.57
21:49:00,server_5,51.07
21:49:05,server_12,59.12
21:49:05,server_19,86.78
21:49:05,server_18,53.99
21:49:05,server_17,76.05
21:49:05,server_16,96.25
21:49:05,server_15,64.33
21:49:05,server_14,34.66
21:49:05,server_13,78.24
21:49:05,server_20,92.1
21:49:05,server_11,24.21
21:49:05,server_9,39.54
21:49:05,server_10,49.61
21:49:05,server_2,44.19
21:49:05,server_3,58.35
21:49:05,server_4,65.83
21:49:05,server_1,20.44
21:49:05,server_6,46.58
21:49:05,server_7,20.39
21:49:05,server_8,26.53
21:49:05,server_5,73.21
21:49:10,server_11,25.45
21:49:10,server_19,37.62
21:49:10,server_18,96.78
21:49:10,server_17,47.54
21:49:10,server_16,5.63
21:49:10,server_15,20.63
21:49:10,server_14,28.74
21:49:10,server_13,41.52
21:49:10,server_12,49.78
21:49:10,server_20,20.43
21:49:10,server_10,43.96
21:49:10,server_8,96.81
21:49:10,server_1,30.64
21:49:10,server_2,63.79
21:49:10,server_3,80.42
21:49:10,server_9,38.43
21:49:10,server_5,34.32
21:49:10,server_6,46.93
21:49:10,server_7,58.98
21:49:10,server_4,85.93
21:49:15,server_12,87.76
21:49:15,server_19,25.41
21:49:15,server_18,43.97
21:49:15,server_17,68.44
21:49:15,server_16,41.86
21:49:15,server_15,40.86
21:49:15,server_14,29.27
21:49:15,server_13,54.08
21:49:15,server_11,81.75
21:49:15,server_20,65.8
21:49:15,server_9,88.88
21:49:15,server_1,24.41
21:49:15,server_2,49.66
21:49:15,server_3,61.9
21:49:15,server_4,40.1
21:49:15,server_10,47.35
21:49:15,server_6,55.27
21:49:15,server_7,25.41
21:49:15,server_8,60.62
21:49:15,server_5,45.98
21:49:20,server_11,84.14
21:49:20,server_19,22.33
21:49:20,server_18,80.96
21:49:20,server_17,71.99
21:49:20,server_16,24.6
21:49:20,server_15,33.36
21:49:20,server_14,47.41
21:49:20,server_13,53.81
21:49:20,server_12,82.91
21:49:20,server_20,92.21
21:49:20,server_10,28.64
21:49:20,server_8,99.39
21:49:20,server_7,55.92
21:49:20,server_6,51.72
21:49:20,server_5,92.19
21:49:20,server_4,70.92
21:49:20,server_3,91.15
21:49:20,server_2,56.09
21:49:20,server_1,23.26
21:49:20,server_9,53.75
21:49:25,server_14,21.58
21:49:25,server_15,26.28
21:49:25,server_16,61.87
21:49:25,server_13,20.14
21:49:25,server_18,95.53
21:49:25,server_19,68.11
21:49:25,server_20,67.33
21:49:25,server_17,55.71
21:49:25,server_12,67.09
21:49:25,server_11,76.3
21:49:25,server_1,89.4
21:49:25,server_9,64.99
21:49:25,server_8,91.04
21:49:25,server_7,80.78
21:49:25,server_6,28.52
21:49:25,server_5,94.4
21:49:25,server_4,33.29
21:49:25,server_3,40.61
21:49:25,server_2,46.16
21:49:25,server_10,44.53
21:49:30,server_13,29.58
21:49:30,server_14,21.85
21:49:30,server_15,29.82
21:49:30,server_20,42.37
21:49:30,server_18,48.3
21:49:30,server_19,3.91
21:49:30,server_12,59.8
21:49:30,server_16,63.08
21:49:30,server_11,97.51
21:49:30,server_17,85.89
21:49:30,server_9,56.47
21:49:30,server_10,53.27
21:49:30,server_2,0.09
21:49:30,server_3,45.79
21:49:30,server_4,84.45
21:49:30,server_1,82.59
21:49:30,server_6,23.46
21:49:30,server_7,68.5
21:49:30,server_8,95.36
21:49:30,server_5,22.07
21:49:35,server_20,53.27
21:49:35,server_12,9.91
21:49:35,server_19,30.67
21:49:35,server_18,42.57
21:49:35,server_17,87.17
21:49:35,server_16,85.12
21:49:35,server_15,96.88
21:49:35,server_14,67.1
21:49:35,server_13,31.18
21:49:35,server_11,31.55
21:49:35,server_7,59.56
21:49:35,server_9,7.39
21:49:35,server_8,68.7
21:49:35,server_6,53.75
21:49:35,server_5,91.93
21:49:35,server_4,30.01
21:49:35,server_3,60.34
21:49:35,server_2,99.33
21:49:35,server_1,60.08
21:49:35,server_10,24.62
21:49:40,server_15,92.62
21:49:40,server_13,46.0
21:49:40,server_14,48.55
21:49:40,server_16,31.62
21:49:40,server_12,56.19
21:49:40,server_18,29.37
21:49:40,server_19,32.92
21:49:40,server_20,27.12
21:49:40,server_17,84.64
21:49:40,server_11,66.35
21:49:40,server_1,83.94
21:49:40,server_9,28.43
21:49:40,server_2,87.03
21:49:40,server_3,71.27
21:49:40,server_4,46.01
21:49:40,server_10,32.26
21:49:40,server_6,56.91
21:49:40,server_7,66.15
21:49:40,server_8,42.77
21:49:40,server_5,57.59
21:49:45,server_13,87.02
21:49:45,server_20,42.53
21:49:45,server_19,25.54
21:49:45,server_18,38.23
21:49:45,server_17,40.87
21:49:45,server_16,80.19
21:49:45,server_15,71.01
21:49:45,server_14,52.2
21:49:45,server_12,44.73
21:49:45,server_11,22.59
21:49:45,server_1,98.3
21:49:45,server_9,85.88
21:49:45,server_8,90.96
21:49:45,server_7,28.84
21:49:45,server_6,64.41
21:49:45,server_5,66.09
21:49:45,server_4,50.37
21:49:45,server_3,36.94
21:49:45,server_2,27.79
21:49:45,server_10,33.15
21:49:50,server_13,88.23
21:49:50,server_14,65.15
21:49:50,server_15,27.1
21:49:50,server_16,50.53
21:49:50,server_12,41.95
21:49:50,server_18,55.49
21:49:50,server_19,38.64
21:49:50,server_20,19.89
21:49:50,server_17,78.1
21:49:50,server_11,65.31
21:49:50,server_1,24.25
21:49:50,server_9,93.56
21:49:50,server_8,44.18
21:49:50,server_7,56.17
21:49:50,server_6,51.54
21:49:50,server_5,71.27
21:49:50,server_4,47.18
21:49:50,server_3,55.84
21:49:50,server_2,53.94
21:49:50,server_10,85.12
21:49:55,server_13,59.96
21:49:55,server_14,9.53
21:49:55,server_15,56.57
21:49:55,server_16,50.03
21:49:55,server_20,35.8
21:49:55,server_18,88.49
21:49:55,server_19,26.16
21:49:55,server_12,56.21
21:49:55,server_17,87.98
21:49:55,server_11,56.82
21:49:55,server_1,68.52
21:49:55,server_9,58.09
21:49:55,server_2,33.27
21:49:55,server_3,32.68
21:49:55,server_4,48.68
21:49:55,server_10,23.9
21:49:55,server_6,7.97
21:49:55,server_7,77.24
21:49:55,server_8,42.12
21:49:55,server_5,44.96
21:50:00,server_12,57.74
21:50:00,server_19,75.9
21:50:00,server_18,17.8
21:50:00,server_17,95.02
21:50:00,server_16,55.69
21:50:00,server_15,87.61
21:50:00,server_14,33.83
21:50:00,server_13,61.97
21:50:00,server_20,57.34
21:50:00,server_11,63.95
21:50:00,server_9,69.49
21:50:00,server_8,21.0
21:50:00,server_7,24.07
21:50:00,server_6,41.05
21:50:00,server_5,65.77
21:50:00,server_4,93.86
21:50:00,server_3,88.91
21:50:00,server_2,68.49
21:50:00,server_1,41.83
21:50:00,server_10,43.79
21:50:05,server_13,60.91
21:50:05,server_14,97.68
21:50:05,server_15,61.53
21:50:05,server_16,23.99
21:50:05,server_12,98.75
21:50:05,server_18,92.37
21:50:05,server_19,78.56
21:50:05,server_20,50.16
21:50:05,server_17,91.54
21:50:05,server_11,46.08
21:50:05,server_10,99.24
21:50:05,server_9,91.24
21:50:05,server_8,31.48
21:50:05,server_7,21.13
21:50:05,server_6,93.45
21:50:05,server_5,46.7
21:50:05,server_4,41.59
21:50:05,server_3,90.84
21:50:05,server_2,59.52
21:50:05,server_1,97.33
21:50:10,server_13,65.45
21:50:10,server_14,24.61
21:50:10,server_15,40.22
21:50:10,server_16,69.81
21:50:10,server_20,35.9
21:50:10,server_18,85.15
21:50:10,server_19,51.15
21:50:10,server_12,31.9
21:50:10,server_17,36.26
21:50:10,server_11,35.35
21:50:10,server_10,52.69
21:50:10,server_9,25.78
21:50:10,server_2,48.8
21:50:10,server_3,38.12
21:50:10,server_4,95.38
21:50:10,server_1,46.06
21:50:10,server_6,95.95
21:50:10,server_7,43.95
21:50:10,server_8,22.09
21:50:10,server_5,59.85
21:50:15,server_12,88.64
21:50:15,server_19,51.51
21:50:15,server_18,22.07
21:50:15,server_17,57.78
21:50:15,server_16,54.03
21:50:15,server_15,51.9
21:50:15,server_14,93.58
21:50:15,server_13,44.42
21:50:15,server_11,63.46
21:50:15,server_20,98.28
21:50:15,server_9,85.27
21:50:15,server_1,54.04
21:50:15,server_2,17.4
21:50:15,server_3,34.11
21:50:15,server_4,20.49
21:50:15,server_10,95.26
21:50:15,server_6,94.03
21:50:15,server_7,22.88
21:50:15,server_8,37.4
21:50:15,server_5,67.77
21:50:20,server_12,66.9
21:50:20,server_19,86.6
21:50:20,server_18,43.04
21:50:20,server_17,13.96
21:50:20,server_16,99.81
21:50:20,server_15,43.19
21:50:20,server_14,9.95
21:50:20,server_13,37.18
21:50:20,server_11,65.75
21:50:20,server_20,85.45
21:50:20,server_9,91.03
21:50:20,server_1,29.18
21:50:20,server_2,71.24
21:50:20,server_3,56.04
21:50:20,server_4,36.9
21:50:20,server_10,28.16
21:50:20,server_6,58.26
21:50:20,server_7,65.68
21:50:20,server_8,92.94
21:50:20,server_5,90.03
21:50:25,server_11,57.61
21:50:25,server_19,41.8
21:50:25,server_18,69.62
21:50:25,server_17,80.7
21:50:25,server_16,54.82
21:50:25,server_15,21.45
21:50:25,server_14,46.48
21:50:25,server_13,96.88
21:50:25,server_12,20.08
21:50:25,server_20,15.15
21:50:25,server_10,77.78
21:50:25,server_8,83.41
21:50:25,server_7,62.84
21:50:25,server_6,89.02
21:50:25,server_5,63.24
21:50:25,server_4,86.94
21:50:25,server_3,67.39
21:50:25,server_2,69.25
21:50:25,server_1,11.22
21:50:25,server_9,22.47
21:50:30,server_13,69.88
21:50:30,server_14,39.93
21:50:30,server_15,20.21
21:50:30,server_12,11.12
21:50:30,server_17,53.24
21:50:30,server_18,15.86
21:50:30,server_19,27.65
21:50:30,server_16,99.54
21:50:30,server_11,47.86
21:50:30,server_20,68.36
21:50:30,server_9,65.64
21:50:30,server_1,36.64
21:50:30,server_2,5.19
21:50:30,server_3,53.39
21:50:30,server_4,67.07
21:50:30,server_10,67.92
21:50:30,server_6,26.28
21:50:30,server_7,27.44
21:50:30,server_8,55.75
21:50:30,server_5,55.83
21:50:35,server_19,36.77
21:50:35,server_18,21.69
21:50:35,server_17,55.51
21:50:35,server_16,59.26
21:50:35,server_15,38.82
21:50:35,server_14,40.08
21:50:35,server_13,14.5
21:50:35,server_12,95.83
21:50:35,server_11,66.35
21:50:35,server_20,81.84
21:50:35,server_9,25.71
21:50:35,server_1,38.32
21:50:35,server_2,21.55
21:50:35,server_3,95.17
21:50:35,server_4,31.91
21:50:35,server_10,84.46
21:50:35,server_6,57.97
21:50:35,server_7,25.52
21:50:35,server_8,93.74
21:50:35,server_5,24.06
21:50:40,server_11,43.35
21:50:40,server_19,47.61
21:50:40,server_18,29.17
21:50:40,server_17,31.65
21:50:40,server_16,59.61
21:50:40,server_15,20.95
21:50:40,server_14,6.67
21:50:40,server_13,75.82
21:50:40,server_12,28.64
21:50:40,server_20,20.73
21:50:40,server_10,20.38
21:50:40,server_8,10.22
21:50:40,server_9,59.18
21:50:40,server_1,54.49
21:50:40,server_2,50.86
21:50:40,server_3,60.38
21:50:40,server_5,45.75
21:50:40,server_6,55.17
21:50:40,server_7,57.81
21:50:40,server_4,77.44
21:50:45,server_20,22.54
21:50:45,server_11,52.28
21:50:45,server_18,33.15
21:50:45,server_17,72.57
21:50:45,server_16,0.12
21:50:45,server_15,58.06
21:50:45,server_14,94.13
21:50:45,server_13,55.6
21:50:45,server_12,2.02
21:50:45,server_19,69.47
21:50:45,server_10,52.79
21:50:45,server_8,15.41
21:50:45,server_1,37.68
21:50:45,server_2,52.13
21:50:45,server_3,23.5
21:50:45,server_9,40.54
21:50:45,server_5,42.33
21:50:45,server_6,32.03
21:50:45,server_7,60.92
21:50:45,server_4,40.76
21:50:50,server_12,25.67
21:50:50,server_19,43.53
21:50:50,server_18,50.01
21:50:50,server_17,83.9
21:50:50,server_16,62.92
21:50:50,server_15,35.36
21:50:50,server_14,19.07
21:50:50,server_13,29.45
21:50:50,server_11,67.26
21:50:50,server_20,91.98
21:50:50,server_9,66.11
21:50:50,server_1,51.6
21:50:50,server_2,97.79
21:50:50,server_3,96.92
21:50:50,server_4,28.95
21:50:50,server_10,63.42
21:50:50,server_6,16.73
21:50:50,server_7,23.46
21:50:50,server_8,92.01
21:50:50,server_5,24.23
21:50:55,server_11,49.48
21:50:55,server_19,34.59
21:50:55,server_18,52.88
21:50:55,server_17,16.86
21:50:55,server_16,60.08
21:50:55,server_15,56.63
21:50:55,server_14,95.97
21:50:55,server_13,42.26
21:50:55,server_12,85.32
21:50:55,server_20,54.86
21:50:55,server_10,54.84
21:50:55,server_8,64.9
21:50:55,server_7,99.97
21:50:55,server_6,30.39
21:50:55,server_5,29.99
21:50:55,server_4,94.84
21:50:55,server_3,79.01
21:50:55,server_2,22.08
21:50:55,server_1,12.36
21:50:55,server_9,49.32
21:51:00,server_13,89.71
21:51:00,server_14,53.29
21:51:00,server_15,55.43
21:51:00,server_12,23.78
21:51:00,server_17,63.22
21:51:00,server_18,82.75
21:51:00,server_19,90.47
21:51:00,server_16,49.09
21:51:00,server_11,92.3
21:51:00,server_20,89.71
21:51:00,server_9,34.14
21:51:00,server_1,23.8
21:51:00,server_2,53.56
21:51:00,server_3,63.94
21:51:00,server_4,24.01
21:51:00,server_10,68.82
21:51:00,server_6,47.4
21:51:00,server_7,89.49
21:51:00,server_8,90.23
21:51:00,server_5,85.91
21:51:05,server_12,36.14
21:51:05,server_20,93.98
21:51:05,server_19,66.8
21:51:05,server_18,71.36
21:51:05,server_17,88.23
21:51:05,server_16,55.41
21:51:05,server_15,94.21
21:51:05,server_14,45.02
21:51:05,server_13,89.13
21:51:05,server_11,40.78
21:51:05,server_10,7.17
21:51:05,server_9,24.57
21:51:05,server_2,45.56
21:51:05,server_3,96.74
21:51:05,server_4,61.99
21:51:05,server_1,27.69
21:51:05,server_6,85.75
21:51:05,server_7,33.14
21:51:05,server_8,34.61
21:51:05,server_5,43.12
21:51:10,server_12,28.4
21:51:10,server_19,99.1
21:51:10,server_18,91.25
21:51:10,server_17,81.92
21:51:10,server_16,35.88
21:51:10,server_15,51.91
21:51:10,server_14,7.43
21:51:10,server_13,59.1
21:51:10,server_11,55.58
21:51:10,server_20,56.28
21:51:10,server_9,40.65
21:51:10,server_1,48.99
21:51:10,server_2,52.37
21:51:10,server_3,45.79
21:51:10,server_4,27.83
21:51:10,server_10,53.19
21:51:10,server_6,67.33
21:51:10,server_7,41.74
21:51:10,server_8,57.71
21:51:10,server_5,33.76
21:51:15,server_12,40.56
21:51:15,server_19,90.5
21:51:15,server_18,52.9
21:51:15,server_17,89.95
21:51:15,server_16,98.53
21:51:15,server_15,64.37
21:51:15,server_14,65.31
21:51:15,server_13,45.6
21:51:15,server_11,31.51
21:51:15,server_20,65.44
21:51:15,server_9,55.51
21:51:15,server_1,80.07
21:51:15,server_2,99.27
21:51:15,server_3,23.35
21:51:15,server_4,63.77
21:51:15,server_10,98.11
21:51:15,server_6,62.61
21:51:15,server_7,36.27
21:51:15,server_8,48.38
21:51:15,server_5,94.98
21:51:20,server_11,81.67
21:51:20,server_19,90.77
21:51:20,server_18,95.76
21:51:20,server_17,63.56
21:51:20,server_16,32.62
21:51:20,server_15,95.14
21:51:20,server_14,59.17
21:51:20,server_13,63.71
21:51:20,server_12,89.18
21:51:20,server_20,59.59
21:51:20,server_10,39.4
21:51:20,server_8,56.09
21:51:20,server_7,58.04
21:51:20,server_6,12.26
21:51:20,server_5,27.25
21:51:20,server_4,37.5
21:51:20,server_3,15.97
21:51:20,server_2,64.76
21:51:20,server_1,90.85
21:51:20,server_9,98.12
21:51:25,server_13,26.35
21:51:25,server_14,47.36
21:51:25,server_15,12.84
21:51:25,server_12,52.43
21:51:25,server_17,52.55
21:51:25,server_18,25.15
21:51:25,server_19,44.24
21:51:25,server_16,63.44
21:51:25,server_11,58.54
21:51:25,server_20,88.55
21:51:25,server_9,39.85
21:51:25,server_1,87.03
21:51:25,server_2,41.67
21:51:25,server_3,50.6
21:51:25,server_4,90.86
21:51:25,server_10,66.86
21:51:25,server_6,31.7
21:51:25,server_7,43.33
21:51:25,server_8,92.9
21:51:25,server_5,91.64
21:51:30,server_19,48.4
21:51:30,server_18,27.31
21:51:30,server_17,28.93
21:51:30,server_16,66.98
21:51:30,server_15,51.16
21:51:30,server_14,43.56
21:51:30,server_13,20.41
21:51:30,server_12,36.51
21:51:30,server_11,71.74
21:51:30,server_20,40.61
21:51:30,server_9,52.49
21:51:30,server_1,97.32
21:51:30,server_2,85.32
21:51:30,server_3,49.39
21:51:30,server_4,20.93
21:51:30,server_10,44.06
21:51:30,server_6,93.76
21:51:30,server_7,40.99
21:51:30,server_8,26.54
21:51:30,server_5,22.6
21:51:35,server_11,99.52
21:51:35,server_19,61.82
21:51:35,server_18,62.47
21:51:35,server_17,25.38
21:51:35,server_16,63.12
21:51:35,server_15,20.43
21:51:35,server_14,20.73
21:51:35,server_13,67.8
21:51:35,server_12,87.04
21:51:35,server_20,23.59
21:51:35,server_10,37.59
21:51:35,server_8,50.13
21:51:35,server_9,32.14
21:51:35,server_1,93.07
21:51:35,server_2,62.43
21:51:35,server_3,29.21
21:51:35,server_5,9.06
21:51:35,server_6,62.02
21:51:35,server_7,73.8
21:51:35,server_4,98.96
21:51:40,server_20,52.21
21:51:40,server_11,60.92
21:51:40,server_18,98.36
21:51:40,server_17,88.51
21:51:40,server_16,33.2
21:51:40,server_15,32.5
21:51:40,server_14,94.76
21:51:40,server_13,46.69
21:51:40,server_12,19.19
21:51:40,server_19,55.09
21:51:40,server_10,94.08
21:51:40,server_8,68.91
21:51:40,server_1,67.02
21:51:40,server_2,22.89
21:51:40,server_3,25.86
21:51:40,server_9,95.76
21:51:40,server_5,79.57
21:51:40,server_6,23.14
21:51:40,server_7,23.73
21:51:40,server_4,13.16
21:51:45,server_12,59.36
21:51:45,server_19,45.14
21:51:45,server_18,42.24
21:51:45,server_17,65.83
21:51:45,server_16,44.26
21:51:45,server_15,20.87
21:51:45,server_14,45.63
21:51:45,server_13,6.13
21:51:45,server_11,72.28
21:51:45,server_20,45.78
21:51:45,server_9,30.03
21:51:45,server_1,30.02
21:51:45,server_2,4.15
21:51:45,server_3,69.95
21:51:45,server_4,39.75
21:51:45,server_10,91.7
21:51:45,server_6,42.18
21:51:45,server_7,65.66
21:51:45,server_8,40.27
21:51:45,server_5,28.36
21:51:50,server_11,89.58
21:51:50,server_19,64.65
21:51:50,server_18,28.11
21:51:50,server_17,23.3
21:51:50,server_16,0.28
21:51:50,server_15,34.02
21:51:50,server_14,98.47
21:51:50,server_13,79.95
21:51:50,server_12,50.12
21:51:50,server_20,68.06
21:51:50,server_10,99.26
21:51:50,server_8,29.03
21:51:50,server_7,58.01
21:51:50,server_6,49.35
21:51:50,server_5,51.47
21:51:50,server_4,39.22
21:51:50,server_3,68.5
21:51:50,server_2,26.87
21:51:50,server_1,48.23
21:51:50,server_9,55.97
21:51:55,server_13,58.04
21:51:55,server_14,68.69
21:51:55,server_15,57.08
21:51:55,server_12,67.25
21:51:55,server_17,64.41
21:51:55,server_18,87.71
21:51:55,server_19,90.91
21:51:55,server_16,69.2
21:51:55,server_11,64.67
21:51:55,server_20,36.03
21:51:55,server_9,90.31
21:51:55,server_1,18.6
21:51:55,server_2,66.34
21:51:55,server_3,57.07
21:51:55,server_4,80.3
21:51:55,server_10,34.21
21:51:55,server_6,54.33
21:51:55,server_7,27.95
21:51:55,server_8,58.17
21:51:55,server_5,22.51
21:52:00,server_20,91.81
21:52:00,server_19,98.53
21:52:00,server_18,24.05
21:52:00,server_17,64.0
21:52:00,server_16,68.97
21:52:00,server_15,92.18
21:52:00,server_14,47.55
21:52:00,server_12,29.43
21:52:00,server_11,53.95
21:52:00,server_13,98.83
21:52:00,server_9,53.24
21:52:00,server_10,47.36
21:52:00,server_2,42.73
21:52:00,server_3,44.0
21:52:00,server_4,97.84
21:52:00,server_1,55.74
21:52:00,server_6,86.05
21:52:00,server_7,65.75
21:52:00,server_8,48.82
21:52:00,server_5,55.03
21:52:05,server_12,67.43
21:52:05,server_20,52.6
21:52:05,server_19,57.01
21:52:05,server_18,1.52
21:52:05,server_17,23.52
21:52:05,server_16,58.99
21:52:05,server_15,9.26
21:52:05,server_14,67.8
21:52:05,server_13,74.22
21:52:05,server_11,12.14
21:52:05,server_3,58.99
21:52:05,server_9,62.51
21:52:05,server_10,66.43
21:52:05,server_2,48.05
21:52:05,server_4,34.38
21:52:05,server_1,86.14
21:52:05,server_6,76.33
21:52:05,server_7,65.42
21:52:05,server_8,49.84
21:52:05,server_5,81.81
21:52:10,server_12,30.07
21:52:10,server_19,69.84
21:52:10,server_18,27.77
21:52:10,server_17,63.38
21:52:10,server_16,69.76
21:52:10,server_15,60.29
21:52:10,server_14,58.37
21:52:10,server_20,36.86
21:52:10,server_11,62.82
21:52:10,server_13,99.03
21:52:10,server_9,37.35
21:52:10,server_1,27.94
21:52:10,server_2,31.91
21:52:10,server_3,83.34
21:52:10,server_4,52.24
21:52:10,server_10,98.66
21:52:10,server_6,87.39
21:52:10,server_7,36.1
21:52:10,server_8,50.39
21:52:10,server_5,51.45
21:52:15,server_19,96.75
21:52:15,server_18,73.76
21:52:15,server_17,29.28
21:52:15,server_16,39.99
21:52:15,server_15,61.2
21:52:15,server_14,57.53
21:52:15,server_13,72.2
21:52:15,server_12,60.93
21:52:15,server_11,99.05
21:52:15,server_20,62.11
21:52:15,server_9,61.18
21:52:15,server_1,21.65
21:52:15,server_2,40.74
21:52:15,server_3,91.19
21:52:15,server_4,26.72
21:52:15,server_10,55.22
21:52:15,server_6,43.9
21:52:15,server_7,83.1
21:52:15,server_8,77.14
21:52:15,server_5,42.35
21:52:20,server_11,57.53
21:52:20,server_19,21.07
21:52:20,server_18,28.54
21:52:20,server_17,90.03
21:52:20,server_16,43.86
21:52:20,server_15,69.11
21:52:20,server_14,28.93
21:52:20,server_13,30.04
21:52:20,server_12,36.42
21:52:20,server_20,27.01
21:52:20,server_10,52.35
21:52:20,server_8,15.61
21:52:20,server_9,86.02
21:52:20,server_1,62.73
21:52:20,server_2,32.65
21:52:20,server_3,49.12
21:52:20,server_5,69.34
21:52:20,server_6,67.4
21:52:20,server_7,21.11
21:52:20,server_4,71.04
21:52:25,server_20,48.85
21:52:25,server_11,5.58
21:52:25,server_18,99.03
21:52:25,server_17,89.79
21:52:25,server_16,97.58
21:52:25,server_15,49.49
21:52:25,server_14,48.95
21:52:25,server_13,24.4
21:52:25,server_12,23.5
21:52:25,server_19,39.77
21:52:25,server_10,62.06
21:52:25,server_8,50.43
21:52:25,server_1,46.98
21:52:25,server_2,50.52
21:52:25,server_3,2.71
21:52:25,server_9,49.98
21:52:25,server_5,40.13
21:52:25,server_6,40.56
21:52:25,server_7,20.58
21:52:25,server_4,67.93
21:52:30,server_20,24.96
21:52:30,server_19,94.18
21:52:30,server_18,81.25
21:52:30,server_17,27.85
21:52:30,server_16,31.88
21:52:30,server_15,65.94
21:52:30,server_14,33.28
21:52:30,server_12,94.76
21:52:30,server_11,23.86
21:52:30,server_13,92.5
21:52:30,server_9,91.91
21:52:30,server_10,42.35
21:52:30,server_2,72.99
21:52:30,server_3,77.51
21:52:30,server_4,99.56
21:52:30,server_1,44.05
21:52:30,server_6,91.64
21:52:30,server_7,56.98
21:52:30,server_8,58.15
21:52:30,server_5,14.99
21:52:35,server_12,64.26
21:52:35,server_19,99.39
21:52:35,server_18,60.15
21:52:35,server_20,57.96
21:52:35,server_17,61.68
21:52:35,server_16,86.36
21:52:35,server_15,58.82
21:52:35,server_14,52.3
21:52:35,server_13,96.56
21:52:35,server_11,30.36
21:52:35,server_3,24.13
21:52:35,server_9,48.1
21:52:35,server_10,7.63
21:52:35,server_2,55.47
21:52:35,server_4,97.79
21:52:35,server_1,66.33
21:52:35,server_6,55.97
21:52:35,server_7,63.56
21:52:35,server_8,82.59
21:52:35,server_5,66.1
21:52:40,server_11,27.36
21:52:40,server_20,98.87
21:52:40,server_18,46.57
21:52:40,server_17,65.69
21:52:40,server_16,89.49
21:52:40,server_15,80.34
21:52:40,server_14,15.86
21:52:40,server_13,56.54
21:52:40,server_12,97.39
21:52:40,server_19,63.85
21:52:40,server_10,3.01
21:52:40,server_8,25.1
21:52:40,server_1,40.89
21:52:40,server_2,26.22
21:52:40,server_3,3.35
21:52:40,server_9,97.57
21:52:40,server_5,59.73
21:52:40,server_6,56.26
21:52:40,server_7,90.97
21:52:40,server_4,50.08
21:52:45,server_12,27.66
21:52:45,server_19,89.04
21:52:45,server_18,53.46
21:52:45,server_17,24.11
21:52:45,server_16,21.12
21:52:45,server_15,66.13
21:52:45,server_14,36.93
21:52:45,server_13,26.75
21:52:45,server_11,22.29
21:52:45,server_20,96.52
21:52:45,server_9,99.67
21:52:45,server_1,27.28
21:52:45,server_2,39.44
21:52:45,server_3,19.68
21:52:45,server_4,86.54
21:52:45,server_10,65.15
21:52:45,server_6,41.13
21:52:45,server_7,27.41
21:52:45,server_8,59.59
21:52:45,server_5,88.2
21:52:50,server_11,97.83
21:52:50,server_19,52.2
21:52:50,server_18,88.97
21:52:50,server_17,55.19
21:52:50,server_16,62.1
21:52:50,server_15,37.41
21:52:50,server_14,50.09
21:52:50,server_13,60.8
21:52:50,server_12,47.27
21:52:50,server_20,92.53
21:52:50,server_10,21.87
21:52:50,server_8,25.83
21:52:50,server_7,4.31
21:52:50,server_6,41.21
21:52:50,server_5,11.21
21:52:50,server_4,89.1
21:52:50,server_3,53.34
21:52:50,server_2,63.09
21:52:50,server_1,68.39
21:52:50,server_9,38.19
21:52:55,server_13,47.07
21:52:55,server_14,12.24
21:52:55,server_15,33.84
21:52:55,server_12,91.73
21:52:55,server_17,20.35
21:52:55,server_18,51.36
21:52:55,server_19,34.91
21:52:55,server_16,30.17
21:52:55,server_11,27.41
21:52:55,server_20,62.34
21:52:55,server_9,39.58
21:52:55,server_1,20.76
21:52:55,server_2,40.67
21:52:55,server_3,64.97
21:52:55,server_4,79.48
21:52:55,server_10,9.74
21:52:55,server_6,9.63
21:52:55,server_7,86.17
21:52:55,server_8,38.53
21:52:55,server_5,95.01
21:53:00,server_12,36.3
21:53:00,server_20,58.04
21:53:00,server_19,51.08
21:53:00,server_18,90.05
21:53:00,server_17,0.22
21:53:00,server_16,56.38
21:53:00,server_15,74.59
21:53:00,server_14,24.01
21:53:00,server_13,56.98
21:53:00,server_11,78.22
21:53:00,server_10,45.19
21:53:00,server_9,76.89
21:53:00,server_2,86.09
21:53:00,server_3,47.57
21:53:00,server_4,37.0
21:53:00,server_1,83.18
21:53:00,server_6,42.37
21:53:00,server_7,22.43
21:53:00,server_8,28.47
21:53:00,server_5,57.92
21:53:05,server_12,31.8
21:53:05,server_19,29.5
21:53:05,server_18,49.11
21:53:05,server_17,84.94
21:53:05,server_16,46.34
21:53:05,server_15,99.05
21:53:05,server_14,73.21
21:53:05,server_13,26.34
21:53:05,server_11,45.25
21:53:05,server_20,92.91
21:53:05,server_9,20.9
21:53:05,server_1,87.38
21:53:05,server_2,68.23
21:53:05,server_3,86.56
21:53:05,server_4,32.91
21:53:05,server_10,21.92
21:53:05,server_6,10.69
21:53:05,server_7,31.28
21:53:05,server_8,45.48
21:53:05,server_5,50.91
21:53:10,server_12,30.47
21:53:10,server_19,61.69
21:53:10,server_18,25.54
21:53:10,server_17,31.99
21:53:10,server_16,45.36
21:53:10,server_15,32.67
21:53:10,server_14,23.18
21:53:10,server_13,66.6
21:53:10,server_11,81.84
21:53:10,server_20,58.71
21:53:10,server_9,44.63
21:53:10,server_1,40.55
21:53:10,server_2,46.79
21:53:10,server_3,36.38
21:53:10,server_4,96.75
21:53:10,server_10,56.36
21:53:10,server_6,48.47
21:53:10,server_7,48.18
21:53:10,server_8,25.1
21:53:10,server_5,28.27
21:53:15,server_11,69.65
21:53:15,server_19,40.65
21:53:15,server_18,72.59
21:53:15,server_17,47.55
21:53:15,server_16,24.28
21:53:15,server_15,60.29
21:53:15,server_14,47.49
21:53:15,server_13,63.34
21:53:15,server_12,30.21
21:53:15,server_20,8.19
21:53:15,server_10,58.56
21:53:15,server_8,22.76
21:53:15,server_7,91.04
21:53:15,server_6,94.43
21:53:15,server_5,42.64
21:53:15,server_4,66.38
21:53:15,server_3,68.77
21:53:15,server_2,59.1
21:53:15,server_1,63.99
21:53:15,server_9,9.24
21:53:20,server_13,43.84
21:53:20,server_14,37.54
21:53:20,server_15,40.55
21:53:20,server_12,29.68
21:53:20,server_17,28.07
21:53:20,server_18,91.02
21:53:20,server_19,69.89
21:53:20,server_16,45.67
21:53:20,server_11,43.99
21:53:20,server_20,91.76
21:53:20,server_9,67.99
21:53:20,server_1,97.77
21:53:20,server_2,21.11
21:53:20,server_3,86.76
21:53:20,server_4,9.23
21:53:20,server_10,34.94
21:53:20,server_6,59.44
21:53:20,server_7,98.81
21:53:20,server_8,1.04
21:53:20,server_5,55.87
21:53:25,server_19,67.23
21:53:25,server_18,41.37
21:53:25,server_17,66.23
21:53:25,server_16,46.46
21:53:25,server_15,47.98
21:53:25,server_14,66.53
21:53:25,server_13,20.09
21:53:25,server_12,60.02
21:53:25,server_11,57.96
21:53:25,server_20,44.88
21:53:25,server_9,51.75
21:53:25,server_1,63.32
21:53:25,server_2,64.55
21:53:25,server_3,44.88
21:53:25,server_4,48.27
21:53:25,server_10,53.45
21:53:25,server_6,33.04
21:53:25,server_7,20.5
21:53:25,server_8,32.06
21:53:25,server_5,24.11
21:53:30,server_11,97.07
21:53:30,server_19,22.55
21:53:30,server_18,57.96
21:53:30,server_17,88.37
21:53:30,server_16,92.45
21:53:30,server_15,26.67
21:53:30,server_14,45.41
21:53:30,server_13,44.58
21:53:30,server_12,64.62
21:53:30,server_20,44.82
21:53:30,server_10,26.31
21:53:30,server_8,62.71
21:53:30,server_9,55.52
21:53:30,server_1,29.73
21:53:30,server_2,36.91
21:53:30,server_3,40.68
21:53:30,server_5,46.92
21:53:30,server_6,16.54
21:53:30,server_7,76.9
21:53:30,server_4,95.77
21:53:35,server_20,89.96
21:53:35,server_11,27.03
21:53:35,server_18,39.91
21:53:35,server_17,12.57
21:53:35,server_16,48.28
21:53:35,server_15,62.84
21:53:35,server_14,86.75
21:53:35,server_13,27.84
21:53:35,server_12,45.4
21:53:35,server_19,40.48
21:53:35,server_10,20.04
21:53:35,server_8,28.35
21:53:35,server_1,25.45
21:53:35,server_2,30.63
21:53:35,server_3,58.69
21:53:35,server_9,98.15
21:53:35,server_5,66.69
21:53:35,server_6,59.63
21:53:35,server_7,95.45
21:53:35,server_4,56.95
21:53:40,server_13,26.06
21:53:40,server_20,63.27
21:53:40,server_19,63.38
21:53:40,server_18,41.79
21:53:40,server_17,33.33
21:53:40,server_16,62.11
21:53:40,server_15,85.23
21:53:40,server_14,85.59
21:53:40,server_12,86.59
21:53:40,server_11,94.5
21:53:40,server_1,38.75
21:53:40,server_9,6.84
21:53:40,server_8,42.18
21:53:40,server_7,46.49
21:53:40,server_6,52.35
21:53:40,server_5,48.98
21:53:40,server_4,96.71
21:53:40,server_3,31.55
21:53:40,server_2,80.22
21:53:40,server_10,55.54
21:53:45,server_13,56.25
21:53:45,server_14,99.19
21:53:45,server_15,1.42
21:53:45,server_16,64.7
21:53:45,server_12,41.25
21:53:45,server_18,57.33
21:53:45,server_19,48.14
21:53:45,server_20,57.76
21:53:45,server_17,64.23
21:53:45,server_11,52.08
21:53:45,server_1,36.55
21:53:45,server_9,90.83
21:53:45,server_8,85.56
21:53:45,server_7,60.07
21:53:45,server_6,42.16
21:53:45,server_5,92.78
21:53:45,server_4,72.09
21:53:45,server_3,48.11
21:53:45,server_2,91.07
21:53:45,server_10,60.41
21:53:50,server_13,1.11
21:53:50,server_14,61.03
21:53:50,server_15,87.97
21:53:50,server_16,69.21
21:53:50,server_20,96.24
21:53:50,server_18,41.43
21:53:50,server_19,60.09
21:53:50,server_12,63.94
21:53:50,server_17,8.28
21:53:50,server_11,72.22
21:53:50,server_10,93.55
21:53:50,server_9,69.75
21:53:50,server_8,50.2
21:53:50,server_7,23.09
21:53:50,server_6,98.83
21:53:50,server_5,24.91
21:53:50,server_4,99.25
21:53:50,server_3,55.65
21:53:50,server_2,63.28
21:53:50,server_1,50.44
21:53:55,server_13,20.79
21:53:55,server_14,51.58
21:53:55,server_15,61.37
21:53:55,server_16,85.5
21:53:55,server_20,37.84
21:53:55,server_18,45.16
21:53:55,server_19,40.09
21:53:55,server_12,70.6
21:53:55,server_17,23.03
21:53:55,server_11,29.31
21:53:55,server_10,51.97
21:53:55,server_9,69.2
21:53:55,server_2,57.21
21:53:55,server_3,67.29
21:53:55,server_4,96.66
21:53:55,server_1,90.2
21:53:55,server_6,97.26
21:53:55,server_7,47.71
21:53:55,server_8,64.48
21:53:55,server_5,92.08
21:54:00,server_12,49.37
21:54:00,server_19,31.61
21:54:00,server_18,20.43
21:54:00,server_17,58.12
21:54:00,server_16,62.12
21:54:00,server_15,81.31
21:54:00,server_14,29.67
21:54:00,server_13,5.02
21:54:00,server_11,80.24
21:54:00,server_20,50.2
21:54:00,server_9,46.09
21:54:00,server_1,69.09
21:54:00,server_2,58.59
21:54:00,server_3,52.84
21:54:00,server_4,26.0
21:54:00,server_10,66.8
21:54:00,server_6,59.18
21:54:00,server_7,57.9
21:54:00,server_8,3.06
21:54:00,server_5,46.63
21:54:05,server_12,71.03
21:54:05,server_19,95.04
21:54:05,server_18,52.77
21:54:05,server_17,60.86
21:54:05,server_16,46.49
21:54:05,server_15,33.7
21:54:05,server_14,87.64
21:54:05,server_13,26.44
21:54:05,server_11,88.61
21:54:05,server_20,67.26
21:54:05,server_9,71.2
21:54:05,server_1,96.88
21:54:05,server_2,14.82
21:54:05,server_3,47.39
21:54:05,server_4,69.92
21:54:05,server_10,60.17
21:54:05,server_6,80.63
21:54:05,server_7,61.28
21:54:05,server_8,45.54
21:54:05,server_5,13.62
21:54:10,server_11,87.26
21:54:10,server_19,47.69
21:54:10,server_18,51.14
21:54:10,server_17,99.65
21:54:10,server_16,50.08
21:54:10,server_15,69.22
21:54:10,server_14,85.28
21:54:10,server_13,1.73
21:54:10,server_12,38.81
21:54:10,server_20,61.45
21:54:10,server_10,46.85
21:54:10,server_8,4.22
21:54:10,server_7,75.66
21:54:10,server_6,21.87
21:54:10,server_5,83.0
21:54:10,server_4,28.53
21:54:10,server_3,3.61
21:54:10,server_2,68.62
21:54:10,server_1,92.17
21:54:10,server_9,59.03
21:54:15,server_13,90.43
21:54:15,server_14,9.0
21:54:15,server_15,92.37
21:54:15,server_12,51.19
21:54:15,server_17,75.46
21:54:15,server_18,23.67
21:54:15,server_19,95.91
21:54:15,server_16,23.58
21:54:15,server_11,45.67
21:54:15,server_20,90.5
21:54:15,server_9,26.97
21:54:15,server_1,96.18
21:54:15,server_2,53.68
21:54:15,server_3,44.6
21:54:15,server_4,54.44
21:54:15,server_10,48.58
21:54:15,server_6,92.83
21:54:15,server_7,56.86
21:54:15,server_8,52.43
21:54:15,server_5,54.25
21:54:20,server_19,62.14
21:54:20,server_18,58.28
21:54:20,server_17,59.12
21:54:20,server_16,13.25
21:54:20,server_15,45.48
21:54:20,server_14,48.45
21:54:20,server_13,64.36
21:54:20,server_12,8.35
21:54:20,server_11,94.91
21:54:20,server_20,92.85
21:54:20,server_9,45.54
21:54:20,server_1,28.39
21:54:20,server_2,97.22
21:54:20,server_3,94.18
21:54:20,server_4,62.11
21:54:20,server_10,87.1
21:54:20,server_6,36.93
21:54:20,server_7,26.44
21:54:20,server_8,28.55
21:54:20,server_5,41.61
21:54:25,server_11,45.18
21:54:25,server_19,95.83
21:54:25,server_18,30.1
21:54:25,server_17,98.86
21:54:25,server_16,20.04
21:54:25,server_15,90.56
21:54:25,server_14,54.29
21:54:25,server_13,53.86
21:54:25,server_12,37.86
21:54:25,server_20,53.9
21:54:25,server_10,52.83
21:54:25,server_8,85.12
21:54:25,server_9,97.85
21:54:25,server_1,49.89
21:54:25,server_2,9.05
21:54:25,server_3,27.71
21:54:25,server_5,28.32
21:54:25,server_6,27.36
21:54:25,server_7,40.77
21:54:25,server_4,41.67
21:54:30,server_20,65.26
21:54:30,server_11,36.48
21:54:30,server_18,36.27
21:54:30,server_17,41.61
21:54:30,server_16,91.9
21:54:30,server_15,94.71
21:54:30,server_14,98.61
21:54:30,server_13,87.85
21:54:30,server_12,51.69
21:54:30,server_19,70.76
21:54:30,server_10,43.45
21:54:30,server_8,5.0
21:54:30,server_1,58.15
21:54:30,server_2,27.15
21:54:30,server_3,22.42
21:54:30,server_9,36.0
21:54:30,server_5,54.98
21:54:30,server_6,55.61
21:54:30,server_7,98.87
21:54:30,server_4,49.47
21:54:35,server_12,51.93
21:54:35,server_19,44.7
21:54:35,server_18,33.11
21:54:35,server_17,69.3
21:54:35,server_16,36.82
21:54:35,server_15,22.89
21:54:35,server_14,99.12
21:54:35,server_13,93.3
21:54:35,server_11,46.8
21:54:35,server_20,60.36
21:54:35,server_9,54.24
21:54:35,server_1,95.4
21:54:35,server_2,44.42
21:54:35,server_3,68.3
21:54:35,server_4,27.88
21:54:35,server_10,29.06
21:54:35,server_6,49.67
21:54:35,server_7,40.81
21:54:35,server_8,98.69
21:54:35,server_5,57.25
21:54:40,server_11,60.35
21:54:40,server_19,94.89
21:54:40,server_18,63.11
21:54:40,server_17,84.07
21:54:40,server_16,38.51
21:54:40,server_15,66.41
21:54:40,server_14,43.76
21:54:40,server_13,64.86
21:54:40,server_12,59.85
21:54:40,server_20,89.42
21:54:40,server_10,41.75
21:54:40,server_8,91.82
21:54:40,server_7,91.09
21:54:40,server_6,36.14
21:54:40,server_5,99.63
21:54:40,server_4,73.2
21:54:40,server_3,44.81
21:54:40,server_2,43.66
21:54:40,server_1,42.02
21:54:40,server_9,1.01
21:54:45,server_13,24.88
21:54:45,server_14,65.14
21:54:45,server_15,62.59
21:54:45,server_12,82.02
21:54:45,server_17,54.72
21:54:45,server_18,22.6
21:54:45,server_19,48.42
21:54:45,server_16,45.98
21:54:45,server_11,32.56
21:54:45,server_20,52.5
21:54:45,server_9,99.13
21:54:45,server_1,40.75
21:54:45,server_2,80.74
21:54:45,server_3,95.1
21:54:45,server_4,27.32
21:54:45,server_10,58.76
21:54:45,server_6,44.71
21:54:45,server_7,63.77
21:54:45,server_8,24.04
21:54:45,server_5,53.58
21:54:50,server_12,12.3
21:54:50,server_20,69.93
21:54:50,server_19,89.49
21:54:50,server_18,49.41
21:54:50,server_17,64.56
21:54:50,server_16,99.42
21:54:50,server_15,31.45
21:54:50,server_14,58.84
21:54:50,server_13,92.0
21:54:50,server_11,69.72
21:54:50,server_10,52.83
21:54:50,server_9,63.51
21:54:50,server_2,1.91
21:54:50,server_3,29.19
21:54:50,server_4,92.48
21:54:50,server_1,31.22
21:54:50,server_6,51.03
21:54:50,server_7,37.24
21:54:50,server_8,36.82
21:54:50,server_5,34.84
21:54:55,server_12,0.61
21:54:55,server_19,39.01
21:54:55,server_18,21.86
21:54:55,server_17,35.45
21:54:55,server_16,25.34
21:54:55,server_15,31.51
21:54:55,server_14,76.78
21:54:55,server_13,99.85
21:54:55,server_11,22.91
21:54:55,server_20,99.14
21:54:55,server_9,34.9
21:54:55,server_1,48.73
21:54:55,server_2,18.13
21:54:55,server_3,52.74
21:54:55,server_4,7.01
21:54:55,server_10,21.39
21:54:55,server_6,13.26
21:54:55,server_7,38.53
21:54:55,server_8,92.95
21:54:55,server_5,48.31
21:55:00,server_12,20.52
21:55:00,server_19,32.45
21:55:00,server_18,55.52
21:55:00,server_17,25.21
21:55:00,server_16,51.55
21:55:00,server_15,60.65
21:55:00,server_14,8.48
21:55:00,server_13,98.41
21:55:00,server_11,33.83
21:55:00,server_20,45.71
21:55:00,server_9,37.67
21:55:00,server_1,89.76
21:55:00,server_2,27.04
21:55:00,server_3,47.9
21:55:00,server_4,92.7
21:55:00,server_10,41.26
21:55:00,server_6,92.18
21:55:00,server_7,94.35
21:55:00,server_8,50.45
21:55:00,server_5,58.48
21:55:05,server_11,66.33
21:55:05,server_19,42.15
21:55:05,server_18,29.69
21:55:05,server_17,12.82
21:55:05,server_16,43.44
21:55:05,server_15,58.97
21:55:05,server_14,42.4
21:55:05,server_13,98.74
21:55:05,server_12,53.36
21:55:05,server_20,46.0
21:55:05,server_10,97.24
21:55:05,server_8,86.43
21:55:05,server_7,52.49
21:55:05,server_6,82.23
21:55:05,server_5,91.41
21:55:05,server_4,46.46
21:55:05,server_3,72.6
21:55:05,server_2,22.08
21:55:05,server_1,41.66
21:55:05,server_9,31.96
21:55:10,server_13,59.93
21:55:10,server_14,22.96
21:55:10,server_15,35.89
21:55:10,server_12,62.16
21:55:10,server_17,32.35
21:55:10,server_18,23.05
21:55:10,server_19,79.03
21:55:10,server_16,4.22
21:55:10,server_11,32.21
21:55:10,server_20,52.12
21:55:10,server_9,26.09
21:55:10,server_1,59.37
21:55:10,server_2,58.68
21:55:10,server_3,21.16
21:55:10,server_4,38.37
21:55:10,server_10,38.47
21:55:10,server_6,31.88
21:55:10,server_7,8.42
21:55:10,server_8,66.24
21:55:10,server_5,67.89
21:55:15,server_19,92.7
21:55:15,server_18,32.52
21:55:15,server_17,63.15
21:55:15,server_16,68.23
21:55:15,server_15,27.5
21:55:15,server_14,85.54
21:55:15,server_13,45.77
21:55:15,server_12,53.22
21:55:15,server_11,45.45
21:55:15,server_20,85.65
21:55:15,server_9,97.22
21:55:15,server_1,38.91
21:55:15,server_2,36.48
21:55:15,server_3,60.27
21:55:15,server_4,28.55
21:55:15,server_10,32.26
21:55:15,server_6,62.3
21:55:15,server_7,92.44
21:55:15,server_8,44.83
21:55:15,server_5,96.43
21:55:20,server_11,61.53
21:55:20,server_19,92.27
21:55:20,server_18,81.38
21:55:20,server_17,30.73
21:55:20,server_16,88.0
21:55:20,server_15,98.95
21:55:20,server_14,7.23
21:55:20,server_13,96.66
21:55:20,server_12,40.28
21:55:20,server_20,58.33
21:55:20,server_10,82.38
21:55:20,server_8,52.88
21:55:20,server_9,47.95
21:55:20,server_1,46.74
21:55:20,server_2,39.33
21:55:20,server_3,42.8
21:55:20,server_5,35.84
21:55:20,server_6,96.67
21:55:20,server_7,28.73
21:55:20,server_4,49.59
21:55:25,server_20,49.38
21:55:25,server_11,37.85
21:55:25,server_18,30.56
21:55:25,server_17,28.88
21:55:25,server_16,90.69
21:55:25,server_15,39.24
21:55:25,server_14,77.48
21:55:25,server_13,34.41
21:55:25,server_12,55.75
21:55:25,server_19,57.43
21:55:25,server_10,68.61
21:55:25,server_8,99.11
21:55:25,server_1,46.39
21:55:25,server_2,55.9
21:55:25,server_3,60.52
21:55:25,server_9,62.88
21:55:25,server_5,39.86
21:55:25,server_6,48.4
21:55:25,server_7,53.17
21:55:25,server_4,52.38
21:55:30,server_12,48.38
21:55:30,server_19,23.97
21:55:30,server_18,88.31
21:55:30,server_17,67.77
21:55:30,server_16,58.77
21:55:30,server_15,48.92
21:55:30,server_14,63.96
21:55:30,server_13,88.35
21:55:30,server_11,60.4
21:55:30,server_20,35.28
21:55:30,server_9,43.67
21:55:30,server_1,28.1
21:55:30,server_2,64.83
21:55:30,server_3,29.4
21:55:30,server_4,17.38
21:55:30,server_10,94.77
21:55:30,server_6,30.89
21:55:30,server_7,23.08
21:55:30,server_8,96.46
21:55:30,server_5,61.95
21:55:35,server_11,41.99
21:55:35,server_19,32.04
21:55:35,server_18,25.6
21:55:35,server_17,24.24
21:55:35,server_16,93.08
21:55:35,server_15,61.22
21:55:35,server_14,95.7
21:55:35,server_13,39.74
21:55:35,server_12,99.33
21:55:35,server_20,21.82
21:55:35,server_10,69.42
21:55:35,server_8,58.48
21:55:35,server_7,60.79
21:55:35,server_6,30.59
21:55:35,server_5,7.52
21:55:35,server_4,59.9
21:55:35,server_3,69.78
21:55:35,server_2,35.13
21:55:35,server_1,40.49
21:55:35,server_9,52.5
21:55:40,server_13,89.59
21:55:40,server_14,91.24
21:55:40,server_15,67.31
21:55:40,server_12,88.88
21:55:40,server_17,66.41
21:55:40,server_18,89.94
21:55:40,server_19,28.07
21:55:40,server_16,44.64
21:55:40,server_11,90.2
21:55:40,server_20,66.91
21:55:40,server_9,59.82
21:55:40,server_1,89.35
21:55:40,server_2,55.65
21:55:40,server_3,34.69
21:55:40,server_4,30.64
21:55:40,server_10,52.24
21:55:40,server_6,95.92
21:55:40,server_7,24.66
21:55:40,server_8,33.79
21:55:40,server_5,97.21
21:55:45,server_20,44.16
21:55:45,server_19,57.9
21:55:45,server_18,75.19
21:55:45,server_17,66.78
21:55:45,server_16,47.26
21:55:45,server_15,42.82
21:55:45,server_14,84.51
21:55:45,server_12,53.55
21:55:45,server_11,64.04
21:55:45,server_13,36.16
21:55:45,server_9,41.01
21:55:45,server_10,40.09
21:55:45,server_2,29.68
21:55:45,server_3,64.71
21:55:45,server_4,29.52
21:55:45,server_1,22.51
21:55:45,server_6,63.76
21:55:45,server_7,41.87
21:55:45,server_8,66.01
21:55:45,server_5,64.92
21:55:50,server_12,44.75
21:55:50,server_20,94.91
21:55:50,server_19,51.96
21:55:50,server_18,83.39
21:55:50,server_17,26.51
21:55:50,server_16,89.16
21:55:50,server_15,46.21
21:55:50,server_14,24.11
21:55:50,server_13,40.46
21:55:50,server_11,95.42
21:55:50,server_3,26.04
21:55:50,server_9,15.27
21:55:50,server_10,24.96
21:55:50,server_2,63.92
21:55:50,server_4,15.54
21:55:50,server_1,67.19
21:55:50,server_6,48.5
21:55:50,server_7,59.74
21:55:50,server_8,25.21
21:55:50,server_5,69.93
21:55:55,server_12,52.94
21:55:55,server_19,53.76
21:55:55,server_18,32.09
21:55:55,server_17,10.42
21:55:55,server_16,92.28
21:55:55,server_15,87.5
21:55:55,server_14,27.25
21:55:55,server_20,41.53
21:55:55,server_11,41.04
21:55:55,server_13,49.93
21:55:55,server_9,65.34
21:55:55,server_1,87.88
21:55:55,server_2,33.13
21:55:55,server_3,25.13
21:55:55,server_4,20.42
21:55:55,server_10,38.22
21:55:55,server_6,43.5
21:55:55,server_7,46.6
21:55:55,server_8,71.29
21:55:55,server_5,55.58
21:56:00,server_19,22.47
21:56:00,server_18,90.54
21:56:00,server_17,99.7
21:56:00,server_16,16.23
21:56:00,server_15,40.67
21:56:00,server_14,88.76
21:56:00,server_13,54.24
21:56:00,server_12,43.32
21:56:00,server_11,29.01
21:56:00,server_20,66.16
21:56:00,server_9,91.62
21:56:00,server_1,34.58
21:56:00,server_2,9.98
21:56:00,server_3,32.86
21:56:00,server_4,85.23
21:56:00,server_10,42.81
21:56:00,server_6,62.28
21:56:00,server_7,96.4
21:56:00,server_8,31.29
21:56:00,server_5,99.46
21:56:05,server_11,32.28
21:56:05,server_19,60.63
21:56:05,server_18,20.18
21:56:05,server_17,39.41
21:56:05,server_16,28.71
21:56:05,server_15,20.15
21:56:05,server_14,22.18
21:56:05,server_13,86.93
21:56:05,server_12,65.84
21:56:05,server_20,61.51
21:56:05,server_10,40.19
21:56:05,server_8,42.63
21:56:05,server_9,92.61
21:56:05,server_1,65.14
21:56:05,server_2,84.39
21:56:05,server_3,62.46
21:56:05,server_5,68.48
21:56:05,server_6,56.87
21:56:05,server_7,67.86
21:56:05,server_4,58.48
21:56:10,server_20,14.67
21:56:10,server_11,86.43
21:56:10,server_18,25.58
21:56:10,server_17,34.91
21:56:10,server_16,50.84
21:56:10,server_15,64.67
21:56:10,server_14,44.54
21:56:10,server_13,48.96
21:56:10,server_12,62.19
21:56:10,server_19,51.84
21:56:10,server_10,96.9
21:56:10,server_8,60.85
21:56:10,server_1,31.73
21:56:10,server_2,86.22
21:56:10,server_3,87.45
21:56:10,server_9,96.77
21:56:10,server_5,63.79
21:56:10,server_6,55.57
21:56:10,server_7,55.54
21:56:10,server_4,53.91
21:56:15,server_19,49.52
21:56:15,server_18,94.4
21:56:15,server_17,64.19
21:56:15,server_16,73.14
21:56:15,server_15,54.65
21:56:15,server_14,25.42
21:56:15,server_13,65.01
21:56:15,server_12,95.97
21:56:15,server_11,80.62
21:56:15,server_20,97.95
21:56:15,server_9,46.43
21:56:15,server_1,89.6
21:56:15,server_2,29.27
21:56:15,server_3,17.18
21:56:15,server_4,59.83
21:56:15,server_10,50.37
21:56:15,server_6,55.16
21:56:15,server_7,25.09
21:56:15,server_8,68.01
21:56:15,server_5,48.72
21:56:20,server_11,37.2
21:56:20,server_19,50.71
21:56:20,server_18,87.23
21:56:20,server_17,65.09
21:56:20,server_16,87.58
21:56:20,server_15,99.76
21:56:20,server_14,84.18
21:56:20,server_13,68.64
21:56:20,server_12,33.8
21:56:20,server_20,11.61
21:56:20,server_10,38.23
21:56:20,server_8,44.05
21:56:20,server_9,83.79
21:56:20,server_1,23.58
21:56:20,server_2,37.19
21:56:20,server_3,95.57
21:56:20,server_5,48.74
21:56:20,server_6,22.44
21:56:20,server_7,87.06
21:56:20,server_4,33.95
21:56:25,server_20,94.08
21:56:25,server_19,46.26
21:56:25,server_18,50.3
21:56:25,server_17,71.63
21:56:25,server_16,59.2
21:56:25,server_15,48.56
21:56:25,server_14,89.31
21:56:25,server_13,60.0
21:56:25,server_12,56.36
21:56:25,server_11,94.0
21:56:25,server_9,81.83
21:56:25,server_1,20.27
21:56:25,server_2,95.05
21:56:25,server_3,12.89
21:56:25,server_4,42.11
21:56:25,server_10,33.66
21:56:25,server_6,21.73
21:56:25,server_7,33.79
21:56:25,server_8,48.63
21:56:25,server_5,26.92
21:56:30,server_12,23.34
21:56:30,server_19,21.26
21:56:30,server_18,87.03
21:56:30,server_17,30.96
21:56:30,server_16,54.97
21:56:30,server_15,61.44
21:56:30,server_14,30.62
21:56:30,server_13,43.71
21:56:30,server_11,90.49
21:56:30,server_20,93.18
21:56:30,server_9,41.87
21:56:30,server_1,85.14
21:56:30,server_2,89.63
21:56:30,server_3,66.21
21:56:30,server_4,85.87
21:56:30,server_10,56.74
21:56:30,server_6,60.48
21:56:30,server_7,36.5
21:56:30,server_8,22.61
21:56:30,server_5,9.15
21:56:35,server_11,10.52
21:56:35,server_19,15.1
21:56:35,server_18,46.65
21:56:35,server_17,67.51
21:56:35,server_16,22.32
21:56:35,server_15,31.19
21:56:35,server_14,53.22
21:56:35,server_13,68.42
21:56:35,server_12,37.96
21:56:35,server_20,18.22
21:56:35,server_10,62.41
21:56:35,server_8,92.39
21:56:35,server_7,41.48
21:56:35,server_6,46.54
21:56:35,server_5,16.01
21:56:35,server_4,63.81
21:56:35,server_3,92.97
21:56:35,server_2,30.41
21:56:35,server_1,47.14
21:56:35,server_9,23.79
21:56:40,server_13,64.72
21:56:40,server_14,84.15
21:56:40,server_15,64.52
21:56:40,server_16,76.33
21:56:40,server_20,47.68
21:56:40,server_18,65.57
21:56:40,server_19,42.3
21:56:40,server_12,78.88
21:56:40,server_17,56.44
21:56:40,server_11,69.28
21:56:40,server_10,51.29
21:56:40,server_9,58.53
21:56:40,server_2,49.43
21:56:40,server_3,93.59
21:56:40,server_4,85.83
21:56:40,server_1,89.92
21:56:40,server_6,92.46
21:56:40,server_7,35.62
21:56:40,server_8,45.25
21:56:40,server_5,10.21
21:56:45,server_13,61.22
21:56:45,server_20,63.9
21:56:45,server_19,62.58
21:56:45,server_18,61.8
21:56:45,server_17,43.22
21:56:45,server_16,28.96
21:56:45,server_15,50.33
21:56:45,server_14,25.11
21:56:45,server_12,41.8
21:56:45,server_11,24.56
21:56:45,server_1,11.78
21:56:45,server_9,86.37
21:56:45,server_8,30.78
21:56:45,server_7,64.42
21:56:45,server_6,51.46
21:56:45,server_5,28.14
21:56:45,server_4,33.8
21:56:45,server_3,20.53
21:56:45,server_2,45.42
21:56:45,server_10,48.3
21:56:50,server_13,37.77
21:56:50,server_14,25.02
21:56:50,server_15,47.07
21:56:50,server_16,27.59
21:56:50,server_12,31.78
21:56:50,server_18,41.95
21:56:50,server_19,65.76
21:56:50,server_20,68.42
21:56:50,server_17,89.38
21:56:50,server_11,29.53
21:56:50,server_1,24.81
21:56:50,server_9,51.83
21:56:50,server_8,56.15
21:56:50,server_7,98.44
21:56:50,server_6,38.16
21:56:50,server_5,94.33
21:56:50,server_4,42.63
21:56:50,server_3,60.28
21:56:50,server_2,60.09
21:56:50,server_10,64.99
21:56:55,server_13,65.37
21:56:55,server_14,39.2
21:56:55,server_15,61.66
21:56:55,server_16,62.83
21:56:55,server_20,24.31
21:56:55,server_18,64.29
21:56:55,server_19,60.28
21:56:55,server_12,85.0
21:56:55,server_17,24.12
21:56:55,server_11,92.91
21:56:55,server_10,45.4
21:56:55,server_9,25.11
21:56:55,server_2,65.38
21:56:55,server_3,42.82
21:56:55,server_4,3.7
21:56:55,server_1,18.19
21:56:55,server_6,44.89
21:56:55,server_7,43.9
21:56:55,server_8,86.38
21:56:55,server_5,58.94
21:57:00,server_12,49.52
21:57:00,server_19,46.63
21:57:00,server_18,26.33
21:57:00,server_17,19.72
21:57:00,server_16,41.95
21:57:00,server_15,21.78
21:57:00,server_14,38.41
21:57:00,server_13,92.16
21:57:00,server_11,88.3
21:57:00,server_20,48.45
21:57:00,server_9,89.31
21:57:00,server_1,85.48
21:57:00,server_2,43.68
21:57:00,server_3,25.55
21:57:00,server_4,88.12
21:57:00,server_10,77.15
21:57:00,server_6,39.16
21:57:00,server_7,44.18
21:57:00,server_8,52.72
21:57:00,server_5,81.14
21:57:05,server_11,20.59
21:57:05,server_19,60.28
21:57:05,server_18,65.08
21:57:05,server_17,90.95
21:57:05,server_16,91.14
21:57:05,server_15,31.87
21:57:05,server_14,28.12
21:57:05,server_13,88.39
21:57:05,server_12,3.21
21:57:05,server_20,37.04
21:57:05,server_10,83.52
21:57:05,server_8,49.76
21:57:05,server_7,40.91
21:57:05,server_6,41.36
21:57:05,server_5,60.11
21:57:05,server_4,24.71
21:57:05,server_3,69.87
21:57:05,server_2,41.8
21:57:05,server_1,21.93
21:57:05,server_9,96.34
21:57:10,server_14,46.4
21:57:10,server_15,23.62
21:57:10,server_16,46.67
21:57:10,server_13,97.02
21:57:10,server_18,96.72
21:57:10,server_19,66.24
21:57:10,server_20,70.85
21:57:10,server_17,53.45
21:57:10,server_12,58.55
21:57:10,server_11,20.21
21:57:10,server_10,20.9
21:57:10,server_2,88.65
21:57:10,server_3,47.67
21:57:10,server_4,98.72
21:57:10,server_5,88.98
21:57:10,server_1,6.8
21:57:10,server_7,90.52
21:57:10,server_8,97.9
21:57:10,server_9,69.19
21:57:10,server_6,34.78
21:57:15,server_12,57.67
21:57:15,server_19,91.16
21:57:15,server_18,41.22
21:57:15,server_17,89.34
21:57:15,server_16,46.34
21:57:15,server_15,82.59
21:57:15,server_14,87.59
21:57:15,server_13,91.2
21:57:15,server_11,21.06
21:57:15,server_20,91.06
21:57:15,server_9,23.71
21:57:15,server_1,50.41
21:57:15,server_2,0.99
21:57:15,server_3,35.29
21:57:15,server_4,42.91
21:57:15,server_10,27.41
21:57:15,server_6,45.89
21:57:15,server_7,55.24
21:57:15,server_8,5.36
21:57:15,server_5,28.87
21:57:20,server_11,36.82
21:57:20,server_19,99.0
21:57:20,server_18,64.96
21:57:20,server_17,57.31
21:57:20,server_16,55.86
21:57:20,server_15,57.31
21:57:20,server_14,34.5
21:57:20,server_13,86.45
21:57:20,server_12,40.01
21:57:20,server_20,47.4
21:57:20,server_10,80.51
21:57:20,server_8,30.84
21:57:20,server_7,26.31
21:57:20,server_6,11.8
21:57:20,server_5,97.0
21:57:20,server_4,95.27
21:57:20,server_3,60.44
21:57:20,server_2,21.72
21:57:20,server_1,47.43
21:57:20,server_9,61.79
21:57:25,server_13,88.39
21:57:25,server_14,86.58
21:57:25,server_15,19.53
21:57:25,server_16,28.18
21:57:25,server_20,48.77
21:57:25,server_18,96.01
21:57:25,server_19,96.65
21:57:25,server_12,44.35
21:57:25,server_17,24.55
21:57:25,server_10,33.02
21:57:25,server_7,61.9
21:57:25,server_9,28.33
21:57:25,server_11,43.4
21:57:25,server_2,21.33
21:57:25,server_3,90.73
21:57:25,server_4,48.12
21:57:25,server_1,2.35
21:57:25,server_6,64.59
21:57:25,server_8,59.97
21:57:25,server_5,35.0
21:57:30,server_20,26.44
21:57:30,server_12,51.52
21:57:30,server_19,30.61
21:57:30,server_17,64.84
21:57:30,server_16,10.06
21:57:30,server_15,21.55
21:57:30,server_14,98.9
21:57:30,server_13,25.91
21:57:30,server_11,43.81
21:57:30,server_18,60.21
21:57:30,server_9,49.09
21:57:30,server_8,37.54
21:57:30,server_7,20.53
21:57:30,server_6,69.27
21:57:30,server_5,60.68
21:57:30,server_4,67.21
21:57:30,server_3,47.94
21:57:30,server_2,95.18
21:57:30,server_1,51.27
21:57:30,server_10,80.08
21:57:35,server_13,46.35
21:57:35,server_14,99.23
21:57:35,server_15,66.7
21:57:35,server_20,50.3
21:57:35,server_17,48.73
21:57:35,server_18,70.67
21:57:35,server_19,31.45
21:57:35,server_12,32.18
21:57:35,server_16,95.04
21:57:35,server_11,46.6
21:57:35,server_7,93.24
21:57:35,server_9,29.21
21:57:35,server_8,86.37
21:57:35,server_6,26.66
21:57:35,server_5,56.05
21:57:35,server_4,22.8
21:57:35,server_3,93.83
21:57:35,server_2,44.36
21:57:35,server_1,65.99
21:57:35,server_10,28.86
21:57:40,server_15,39.86
21:57:40,server_13,51.69
21:57:40,server_14,56.82
21:57:40,server_16,34.36
21:57:40,server_12,32.55
21:57:40,server_18,56.93
21:57:40,server_19,20.4
21:57:40,server_20,93.75
21:57:40,server_17,25.3
21:57:40,server_11,27.4
21:57:40,server_1,68.28
21:57:40,server_9,41.7
21:57:40,server_2,30.85
21:57:40,server_3,56.69
21:57:40,server_4,87.14
21:57:40,server_10,81.36
21:57:40,server_6,20.71
21:57:40,server_7,70.07
21:57:40,server_8,66.17
21:57:40,server_5,70.71
21:57:45,server_12,26.98
21:57:45,server_19,42.58
21:57:45,server_18,6.55
21:57:45,server_17,66.64
21:57:45,server_16,33.64
21:57:45,server_15,4.02
21:57:45,server_14,64.54
21:57:45,server_13,44.87
21:57:45,server_11,34.9
21:57:45,server_20,97.75
21:57:45,server_9,47.19
21:57:45,server_1,41.34
21:57:45,server_2,87.01
21:57:45,server_3,90.77
21:57:45,server_4,66.47
21:57:45,server_10,26.16
21:57:45,server_6,88.1
21:57:45,server_7,30.77
21:57:45,server_8,43.95
21:57:45,server_5,1.99
21:57:50,server_11,32.8
21:57:50,server_19,40.59
21:57:50,server_18,89.58
21:57:50,server_17,83.35
21:57:50,server_16,96.55
21:57:50,server_15,50.53
21:57:50,server_14,33.63
21:57:50,server_13,92.34
21:57:50,server_12,22.47
21:57:50,server_20,31.8
21:57:50,server_10,45.67
21:57:50,server_8,86.37
21:57:50,server_7,27.54
21:57:50,server_6,84.08
21:57:50,server_5,35.06
21:57:50,server_4,62.82
21:57:50,server_3,48.93
21:57:50,server_2,97.38
21:57:50,server_1,96.1
21:57:50,server_9,88.68
21:57:55,server_14,66.86
21:57:55,server_15,37.07
21:57:55,server_16,63.62
21:57:55,server_13,21.98
21:57:55,server_18,57.4
21:57:55,server_19,59.93
21:57:55,server_20,91.3
21:57:55,server_17,66.76
21:57:55,server_12,32.73
21:57:55,server_11,44.92
21:57:55,server_1,42.34
21:57:55,server_9,87.33
21:57:55,server_8,80.76
21:57:55,server_7,54.85
21:57:55,server_6,61.46
21:57:55,server_5,46.57
21:57:55,server_4,68.05
21:57:55,server_3,57.84
21:57:55,server_2,85.41
21:57:55,server_10,40.48
21:58:00,server_13,53.65
21:58:00,server_14,17.19
21:58:00,server_15,26.37
21:58:00,server_20,67.53
21:58:00,server_18,84.42
21:58:00,server_19,41.44
21:58:00,server_12,63.62
21:58:00,server_16,26.47
21:58:00,server_11,54.05
21:58:00,server_17,97.26
21:58:00,server_9,38.43
21:58:00,server_10,27.21
21:58:00,server_2,93.04
21:58:00,server_3,35.65
21:58:00,server_4,32.97
21:58:00,server_1,42.56
21:58:00,server_6,83.47
21:58:00,server_7,85.22
21:58:00,server_8,30.98
21:58:00,server_5,86.03
21:58:05,server_20,59.97
21:58:05,server_12,87.18
21:58:05,server_19,40.78
21:58:05,server_18,33.1
21:58:05,server_17,98.3
21:58:05,server_16,44.9
21:58:05,server_15,42.01
21:58:05,server_14,99.26
21:58:05,server_13,93.14
21:58:05,server_11,95.78
21:58:05,server_7,66.36
21:58:05,server_9,41.25
21:58:05,server_8,56.76
21:58:05,server_6,36.04
21:58:05,server_5,21.81
21:58:05,server_4,34.88
21:58:05,server_3,46.01
21:58:05,server_2,44.27
21:58:05,server_1,55.1
21:58:05,server_10,52.87
21:58:10,server_15,99.3
21:58:10,server_13,60.95
21:58:10,server_14,88.39
21:58:10,server_16,58.49
21:58:10,server_12,39.87
21:58:10,server_18,44.26
21:58:10,server_19,59.8
21:58:10,server_20,92.04
21:58:10,server_17,24.98
21:58:10,server_11,10.59
21:58:10,server_1,25.64
21:58:10,server_9,7.3
21:58:10,server_2,39.96
21:58:10,server_3,49.99
21:58:10,server_4,26.32
21:58:10,server_10,89.15
21:58:10,server_6,46.45
21:58:10,server_7,62.94
21:58:10,server_8,41.09
21:58:10,server_5,40.68
21:58:15,server_13,48.83
21:58:15,server_20,44.63
21:58:15,server_19,23.94
21:58:15,server_18,33.33
21:58:15,server_17,78.61
21:58:15,server_16,32.53
21:58:15,server_15,66.34
21:58:15,server_14,26.94
21:58:15,server_12,23.56
21:58:15,server_11,67.76
21:58:15,server_1,2.94
21:58:15,server_9,49.65
21:58:15,server_8,62.06
21:58:15,server_7,57.83
21:58:15,server_6,18.22
21:58:15,server_5,22.1
21:58:15,server_4,55.06
21:58:15,server_3,90.12
21:58:15,server_2,97.0
21:58:15,server_10,50.66
21:58:20,server_13,1.19
21:58:20,server_14,40.23
21:58:20,server_15,55.7
21:58:20,server_16,83.42
21:58:20,server_12,40.43
21:58:20,server_18,22.87
21:58:20,server_19,21.89
21:58:20,server_20,51.9
21:58:20,server_17,46.46
21:58:20,server_11,33.55
21:58:20,server_1,15.45
21:58:20,server_9,33.33
21:58:20,server_8,2.86
21:58:20,server_7,50.22
21:58:20,server_6,73.46
21:58:20,server_5,26.21
21:58:20,server_4,92.87
21:58:20,server_3,60.66
21:58:20,server_2,48.44
21:58:20,server_10,52.5
21:58:25,server_13,69.89
21:58:25,server_14,12.31
21:58:25,server_15,67.06
21:58:25,server_16,69.68
21:58:25,server_20,59.71
21:58:25,server_18,77.52
21:58:25,server_19,36.34
21:58:25,server_12,16.81
21:58:25,server_17,12.73
21:58:25,server_11,27.24
21:58:25,server_1,91.72
21:58:25,server_9,58.91
21:58:25,server_2,87.54
21:58:25,server_3,85.78
21:58:25,server_4,63.21
21:58:25,server_10,99.27
21:58:25,server_6,68.34
21:58:25,server_7,96.23
21:58:25,server_8,34.9
21:58:25,server_5,86.55
21:58:30,server_12,27.78
21:58:30,server_19,58.96
21:58:30,server_18,63.54
21:58:30,server_17,47.82
21:58:30,server_16,89.92
21:58:30,server_15,58.39
21:58:30,server_14,89.25
21:58:30,server_13,60.54
21:58:30,server_20,53.94
21:58:30,server_11,20.51
21:58:30,server_9,22.82
21:58:30,server_8,66.05
21:58:30,server_7,49.87
21:58:30,server_6,49.13
21:58:30,server_5,48.91
21:58:30,server_4,19.47
21:58:30,server_3,56.53
21:58:30,server_2,34.48
21:58:30,server_1,62.63
21:58:30,server_10,65.6
21:58:35,server_13,20.25
21:58:35,server_14,77.34
21:58:35,server_15,55.78
21:58:35,server_16,14.22
21:58:35,server_12,90.01
21:58:35,server_18,66.81
21:58:35,server_19,65.14
21:58:35,server_20,58.16
21:58:35,server_17,49.6
21:58:35,server_11,87.89
21:58:35,server_1,33.27
21:58:35,server_9,58.31
21:58:35,server_2,23.97
21:58:35,server_3,45.59
21:58:35,server_4,82.04
21:58:35,server_10,28.62
21:58:35,server_6,56.24
21:58:35,server_7,62.41
21:58:35,server_8,58.77
21:58:35,server_5,47.63
21:58:40,server_20,11.71
21:58:40,server_19,40.0
21:58:40,server_18,29.22
21:58:40,server_17,35.87
21:58:40,server_16,16.92
21:58:40,server_15,29.53
21:58:40,server_14,20.86
21:58:40,server_12,86.9
21:58:40,server_11,62.84
21:58:40,server_13,21.45
21:58:40,server_9,40.62
21:58:40,server_10,52.04
21:58:40,server_2,49.98
21:58:40,server_3,86.01
21:58:40,server_4,74.88
21:58:40,server_1,58.71
21:58:40,server_6,12.62
21:58:40,server_7,8.48
21:58:40,server_8,24.87
21:58:40,server_5,55.09
21:58:45,server_12,20.83
21:58:45,server_20,46.6
21:58:45,server_19,53.83
21:58:45,server_18,88.72
21:58:45,server_17,32.04
21:58:45,server_16,59.26
21:58:45,server_15,54.95
21:58:45,server_14,40.59
21:58:45,server_13,27.91
21:58:45,server_11,87.41
21:58:45,server_3,44.92
21:58:45,server_9,2.97
21:58:45,server_8,32.31
21:58:45,server_7,97.66
21:58:45,server_6,45.03
21:58:45,server_5,40.1
21:58:45,server_4,67.32
21:58:45,server_2,21.47
21:58:45,server_1,57.17
21:58:45,server_10,33.32
21:58:50,server_13,39.85
21:58:50,server_14,41.81
21:58:50,server_15,50.54
21:58:50,server_16,34.78
21:58:50,server_20,50.46
21:58:50,server_18,45.38
21:58:50,server_19,22.05
21:58:50,server_12,46.39
21:58:50,server_17,53.73
21:58:50,server_11,62.14
21:58:50,server_3,94.64
21:58:50,server_9,39.55
21:58:50,server_1,60.61
21:58:50,server_2,61.89
21:58:50,server_4,33.27
21:58:50,server_10,64.52
21:58:50,server_6,53.88
21:58:50,server_7,99.61
21:58:50,server_8,21.27
21:58:50,server_5,54.02
21:58:55,server_20,50.28
21:58:55,server_11,3.92
21:58:55,server_18,68.03
21:58:55,server_17,64.79
21:58:55,server_16,61.46
21:58:55,server_15,32.08
21:58:55,server_14,90.68
21:58:55,server_13,87.98
21:58:55,server_12,25.59
21:58:55,server_19,49.52
21:58:55,server_10,46.94
21:58:55,server_8,51.89
21:58:55,server_7,45.5
21:58:55,server_6,28.39
21:58:55,server_5,65.33
21:58:55,server_4,22.05
21:58:55,server_3,58.59
21:58:55,server_2,51.67
21:58:55,server_1,24.28
21:58:55,server_9,62.25
21:59:00,server_13,62.48
21:59:00,server_14,39.17
21:59:00,server_15,97.21
21:59:00,server_12,44.38
21:59:00,server_17,31.12
21:59:00,server_18,46.45
21:59:00,server_19,64.19
21:59:00,server_16,29.28
21:59:00,server_11,30.64
21:59:00,server_20,52.4
21:59:00,server_9,60.56
21:59:00,server_1,33.88
21:59:00,server_2,68.84
21:59:00,server_3,67.4
21:59:00,server_4,25.24
21:59:00,server_10,40.54
21:59:00,server_6,68.04
21:59:00,server_7,53.43
21:59:00,server_8,33.6
21:59:00,server_5,65.97
21:59:05,server_12,40.7
21:59:05,server_20,11.39
21:59:05,server_19,19.9
21:59:05,server_18,51.11
21:59:05,server_17,90.91
21:59:05,server_16,30.06
21:59:05,server_15,68.95
21:59:05,server_14,48.33
21:59:05,server_13,12.86
21:59:05,server_11,63.23
21:59:05,server_3,89.78
21:59:05,server_9,15.44
21:59:05,server_8,16.98
21:59:05,server_7,62.57
21:59:05,server_6,90.9
21:59:05,server_5,20.87
21:59:05,server_4,85.77
21:59:05,server_10,23.92
21:59:05,server_2,74.48
21:59:05,server_1,62.01
21:59:10,server_13,46.2
21:59:10,server_14,90.12
21:59:10,server_15,74.78
21:59:10,server_16,41.79
21:59:10,server_20,87.04
21:59:10,server_18,39.48
21:59:10,server_19,21.44
21:59:10,server_12,26.12
21:59:10,server_17,54.13
21:59:10,server_11,52.51
21:59:10,server_10,65.42
21:59:10,server_9,56.11
21:59:10,server_2,41.35
21:59:10,server_3,26.84
21:59:10,server_4,29.82
21:59:10,server_1,61.38
21:59:10,server_6,26.91
21:59:10,server_7,31.44
21:59:10,server_8,63.38
21:59:10,server_5,51.47
21:59:15,server_12,52.79
21:59:15,server_19,42.13
21:59:15,server_18,51.77
21:59:15,server_17,3.7
21:59:15,server_16,87.47
21:59:15,server_15,99.12
21:59:15,server_14,22.38
21:59:15,server_13,65.26
21:59:15,server_11,99.81
21:59:15,server_20,81.82
21:59:15,server_9,95.38
21:59:15,server_1,82.45
21:59:15,server_2,93.85
21:59:15,server_3,40.11
21:59:15,server_4,21.31
21:59:15,server_10,29.47
21:59:15,server_6,31.02
21:59:15,server_7,55.68
21:59:15,server_8,45.51
21:59:15,server_5,62.12
21:59:20,server_19,49.32
21:59:20,server_18,30.93
21:59:20,server_17,56.55
21:59:20,server_16,58.42
21:59:20,server_15,23.69
21:59:20,server_14,43.56
21:59:20,server_13,69.81
21:59:20,server_12,58.15
21:59:20,server_11,93.99
21:59:20,server_20,46.56
21:59:20,server_9,22.59
21:59:20,server_1,5.11
21:59:20,server_2,47.26
21:59:20,server_3,58.04
21:59:20,server_4,25.29
21:59:20,server_10,91.59
21:59:20,server_6,2.55
21:59:20,server_7,43.4
21:59:20,server_8,30.62
21:59:20,server_5,36.48
21:59:25,server_11,90.92
21:59:25,server_19,62.14
21:59:25,server_18,66.92
21:59:25,server_17,50.81
21:59:25,server_16,27.26
21:59:25,server_15,5.81
21:59:25,server_14,80.66
21:59:25,server_13,46.93
21:59:25,server_12,50.66
21:59:25,server_20,89.52
21:59:25,server_10,65.71
21:59:25,server_8,45.38
21:59:25,server_9,92.83
21:59:25,server_1,46.58
21:59:25,server_2,20.61
21:59:25,server_3,35.44
21:59:25,server_5,53.47
21:59:25,server_6,27.72
21:59:25,server_7,5.58
21:59:25,server_4,94.93
21:59:30,server_20,27.34
21:59:30,server_19,27.93
21:59:30,server_18,96.65
21:59:30,server_17,86.32
21:59:30,server_16,67.63
21:59:30,server_15,59.12
21:59:30,server_14,50.76
21:59:30,server_13,40.15
21:59:30,server_12,86.0
21:59:30,server_11,16.61
21:59:30,server_9,15.83
21:59:30,server_1,96.02
21:59:30,server_2,96.15
21:59:30,server_3,63.84
21:59:30,server_4,20.5
21:59:30,server_10,21.12
21:59:30,server_6,50.79
21:59:30,server_7,20.94
21:59:30,server_8,5.6
21:59:30,server_5,97.14
21:59:35,server_12,69.62
21:59:35,server_20,48.31
21:59:35,server_19,91.75
21:59:35,server_18,64.27
21:59:35,server_17,69.15
21:59:35,server_16,32.46
21:59:35,server_15,61.81
21:59:35,server_14,62.27
21:59:35,server_13,66.94
21:59:35,server_11,53.44
21:59:35,server_10,43.7
21:59:35,server_9,81.6
21:59:35,server_2,27.16
21:59:35,server_3,59.15
21:59:35,server_4,86.27
21:59:35,server_1,29.55
21:59:35,server_6,27.11
21:59:35,server_7,33.15
21:59:35,server_8,24.12
21:59:35,server_5,68.62
21:59:40,server_12,95.08
21:59:40,server_19,34.64
21:59:40,server_18,44.68
21:59:40,server_17,89.1
21:59:40,server_16,56.36
21:59:40,server_15,85.4
21:59:40,server_14,62.66
21:59:40,server_13,51.6
21:59:40,server_11,90.32
21:59:40,server_20,20.16
21:59:40,server_9,66.49
21:59:40,server_1,95.38
21:59:40,server_2,30.42
21:59:40,server_3,95.3
21:59:40,server_4,38.23
21:59:40,server_10,57.64
21:59:40,server_6,63.18
21:59:40,server_7,54.74
21:59:40,server_8,49.14
21:59:40,server_5,42.18
21:59:45,server_12,48.58
21:59:45,server_19,24.45
21:59:45,server_18,45.2
21:59:45,server_17,71.7
21:59:45,server_16,60.16
21:59:45,server_15,32.23
21:59:45,server_14,58.1
21:59:45,server_13,37.3
21:59:45,server_11,21.94
21:59:45,server_20,64.35
21:59:45,server_9,57.09
21:59:45,server_1,49.3
21:59:45,server_2,66.89
21:59:45,server_3,56.92
21:59:45,server_4,40.89
21:59:45,server_10,68.64
21:59:45,server_6,36.17
21:59:45,server_7,36.59
21:59:45,server_8,88.9
21:59:45,server_5,23.99
21:59:50,server_11,62.46
21:59:50,server_19,43.56
21:59:50,server_18,88.37
21:59:50,server_17,65.29
21:59:50,server_16,84.27
21:59:50,server_15,53.1
21:59:50,server_14,85.05
21:59:50,server_13,10.95
21:59:50,server_12,79.62
21:59:50,server_20,56.77
21:59:50,server_10,95.92
21:59:50,server_8,57.7
21:59:50,server_7,69.41
21:59:50,server_6,29.47
21:59:50,server_5,60.39
21:59:50,server_4,23.31
21:59:50,server_3,65.58
21:59:50,server_2,99.7
21:59:50,server_1,94.23
21:59:50,server_9,45.87
21:59:55,server_13,28.41
21:59:55,server_14,52.92
21:59:55,server_15,21.48
21:59:55,server_12,52.92
21:59:55,server_17,24.6
21:59:55,server_18,87.56
21:59:55,server_19,34.49
21:59:55,server_16,83.79
21:59:55,server_11,84.93
21:59:55,server_20,48.8
21:59:55,server_9,58.31
21:59:55,server_1,8.87
21:59:55,server_2,6.2
21:59:55,server_3,37.9
21:59:55,server_4,29.31
21:59:55,server_10,74.36
21:59:55,server_6,66.9
21:59:55,server_7,61.84
21:59:55,server_8,63.23
21:59:55,server_5,38.16
22:00:00,server_19,59.44
22:00:00,server_18,47.93
22:00:00,server_17,24.21
22:00:00,server_16,34.21
22:00:00,server_15,63.53
22:00:00,server_14,98.1
22:00:00,server_13,54.52
22:00:00,server_12,63.84
22:00:00,server_11,80.64
22:00:00,server_20,93.06
22:00:00,server_9,45.04
22:00:00,server_1,53.62
22:00:00,server_2,30.29
22:00:00,server_3,29.97
22:00:00,server_4,22.79
22:00:00,server_10,99.97
22:00:00,server_6,97.91
22:00:00,server_7,48.48
22:00:00,server_8,28.02
22:00:00,server_5,91.5
22:00:05,server_11,64.71
22:00:05,server_19,33.44
22:00:05,server_18,40.94
22:00:05,server_17,92.18
22:00:05,server_16,47.77
22:00:05,server_15,30.02
22:00:05,server_14,1.39
22:00:05,server_13,33.01
22:00:05,server_12,47.84
22:00:05,server_20,44.77
22:00:05,server_10,53.57
22:00:05,server_8,95.83
22:00:05,server_9,50.23
22:00:05,server_1,89.39
22:00:05,server_2,91.44
22:00:05,server_3,86.11
22:00:05,server_5,58.92
22:00:05,server_6,18.65
22:00:05,server_7,80.43
22:00:05,server_4,69.96
22:00:10,server_20,48.71
22:00:10,server_11,13.08
22:00:10,server_18,77.79
22:00:10,server_17,99.25
22:00:10,server_16,28.37
22:00:10,server_15,99.1
22:00:10,server_14,38.08
22:00:10,server_13,45.41
22:00:10,server_12,58.62
22:00:10,server_19,18.5
22:00:10,server_10,46.55
22:00:10,server_8,49.72
22:00:10,server_1,80.96
22:00:10,server_2,56.43
22:00:10,server_3,85.64
22:00:10,server_9,88.2
22:00:10,server_5,37.24
22:00:10,server_6,32.93
22:00:10,server_7,31.69
22:00:10,server_4,28.23
22:00:15,server_13,52.89
22:00:15,server_20,24.16
22:00:15,server_19,46.92
22:00:15,server_18,63.3
22:00:15,server_17,23.38
22:00:15,server_16,38.17
22:00:15,server_15,1.58
22:00:15,server_14,72.84
22:00:15,server_12,67.56
22:00:15,server_11,29.75
22:00:15,server_1,57.85
22:00:15,server_9,34.08
22:00:15,server_8,37.71
22:00:15,server_7,32.23
22:00:15,server_6,69.59
22:00:15,server_5,47.56
22:00:15,server_4,12.3
22:00:15,server_3,0.59
22:00:15,server_2,21.33
22:00:15,server_10,86.55
22:00:20,server_13,34.78
22:00:20,server_14,32.72
22:00:20,server_15,43.33
22:00:20,server_16,77.54
22:00:20,server_12,64.99
22:00:20,server_18,51.77
22:00:20,server_19,67.89
22:00:20,server_20,20.13
22:00:20,server_17,51.05
22:00:20,server_11,31.71
22:00:20,server_1,53.43
22:00:20,server_9,33.27
22:00:20,server_8,45.99
22:00:20,server_7,88.28
22:00:20,server_6,55.16
22:00:20,server_5,42.81
22:00:20,server_4,97.09
22:00:20,server_3,32.14
22:00:20,server_2,68.87
22:00:20,server_10,65.58
22:00:25,server_13,46.17
22:00:25,server_14,17.14
22:00:25,server_15,47.81
22:00:25,server_16,62.94
22:00:25,server_20,61.96
22:00:25,server_18,14.45
22:00:25,server_19,49.58
22:00:25,server_12,21.24
22:00:25,server_17,28.3
22:00:25,server_11,85.38
22:00:25,server_10,57.97
22:00:25,server_9,94.82
22:00:25,server_2,5.72
22:00:25,server_3,27.21
22:00:25,server_4,36.17
22:00:25,server_1,22.91
22:00:25,server_6,21.54
22:00:25,server_7,62.47
22:00:25,server_8,44.75
22:00:25,server_5,33.91
22:00:30,server_12,95.0
22:00:30,server_19,22.38
22:00:30,server_18,93.46
22:00:30,server_17,69.97
22:00:30,server_16,89.85
22:00:30,server_15,30.84
22:00:30,server_14,31.18
22:00:30,server_13,38.45
22:00:30,server_11,44.81
22:00:30,server_20,41.18
22:00:30,server_9,12.38
22:00:30,server_1,29.87
22:00:30,server_2,33.71
22:00:30,server_3,97.09
22:00:30,server_4,54.36
22:00:30,server_10,86.88
22:00:30,server_6,58.95
22:00:30,server_7,93.22
22:00:30,server_8,47.68
22:00:30,server_5,31.81
22:00:35,server_11,66.56
22:00:35,server_19,23.94
22:00:35,server_18,54.21
22:00:35,server_17,40.44
22:00:35,server_16,60.31
22:00:35,server_15,23.55
22:00:35,server_14,20.96
22:00:35,server_13,74.39
22:00:35,server_12,22.91
22:00:35,server_20,95.92
22:00:35,server_10,52.24
22:00:35,server_8,33.81
22:00:35,server_7,28.85
22:00:35,server_6,94.17
22:00:35,server_5,43.78
22:00:35,server_4,24.81
22:00:35,server_3,69.46
22:00:35,server_2,53.3
22:00:35,server_1,73.3
22:00:35,server_9,50.46
22:00:40,server_14,66.28
22:00:40,server_15,61.43
22:00:40,server_16,17.92
22:00:40,server_13,22.38
22:00:40,server_18,20.58
22:00:40,server_19,94.16
22:00:40,server_20,87.39
22:00:40,server_17,9.4
22:00:40,server_12,97.68
22:00:40,server_11,80.04
22:00:40,server_1,53.43
22:00:40,server_9,91.41
22:00:40,server_8,44.61
22:00:40,server_7,90.84
22:00:40,server_6,99.7
22:00:40,server_5,65.16
22:00:40,server_4,45.06
22:00:40,server_3,31.29
22:00:40,server_2,31.89
22:00:40,server_10,44.3
22:00:45,server_13,23.68
22:00:45,server_14,59.09
22:00:45,server_15,29.72
22:00:45,server_20,20.77
22:00:45,server_18,42.41
22:00:45,server_19,59.23
22:00:45,server_12,97.15
22:00:45,server_16,61.55
22:00:45,server_11,61.87
22:00:45,server_17,31.52
22:00:45,server_9,98.01
22:00:45,server_10,55.71
22:00:45,server_2,34.84
22:00:45,server_3,69.97
22:00:45,server_4,2.07
22:00:45,server_1,35.28
22:00:45,server_6,58.54
22:00:45,server_7,88.48
22:00:45,server_8,62.0
22:00:45,server_5,23.49
22:00:50,server_20,7.99
22:00:50,server_12,61.77
22:00:50,server_19,53.59
22:00:50,server_18,43.39
22:00:50,server_17,74.49
22:00:50,server_16,74.07
22:00:50,server_15,22.22
22:00:50,server_14,28.02
22:00:50,server_13,53.24
22:00:50,server_11,37.94
22:00:50,server_7,64.54
22:00:50,server_9,54.44
22:00:50,server_8,96.0
22:00:50,server_6,25.05
22:00:50,server_5,64.35
22:00:50,server_4,24.81
22:00:50,server_3,90.87
22:00:50,server_2,89.66
22:00:50,server_1,68.39
22:00:50,server_10,93.35
22:00:55,server_15,71.45
22:00:55,server_13,15.94
22:00:55,server_14,42.92
22:00:55,server_16,59.83
22:00:55,server_12,53.79
22:00:55,server_18,35.72
22:00:55,server_19,83.6
22:00:55,server_20,41.44
22:00:55,server_17,84.34
22:00:55,server_11,41.47
22:00:55,server_1,58.45
22:00:55,server_9,93.63
22:00:55,server_2,54.75
22:00:55,server_3,35.46
22:00:55,server_4,51.29
22:00:55,server_10,59.43
22:00:55,server_6,61.38
22:00:55,server_7,58.27
22:00:55,server_8,62.12
22:00:55,server_5,98.47
22:01:00,server_13,44.79
22:01:00,server_20,21.96
22:01:00,server_19,48.2
22:01:00,server_18,35.86
22:01:00,server_17,48.86
22:01:00,server_16,27.96
22:01:00,server_15,42.01
22:01:00,server_14,21.85
22:01:00,server_12,74.17
22:01:00,server_11,8.9
22:01:00,server_1,57.54
22:01:00,server_9,29.94
22:01:00,server_8,73.93
22:01:00,server_7,44.75
22:01:00,server_6,99.04
22:01:00,server_5,30.44
22:01:00,server_4,90.48
22:01:00,server_3,44.91
22:01:00,server_2,47.33
22:01:00,server_10,40.82
22:01:05,server_13,99.71
22:01:05,server_14,39.26
22:01:05,server_15,81.63
22:01:05,server_16,88.46
22:01:05,server_12,39.7
22:01:05,server_18,51.2
22:01:05,server_19,87.33
22:01:05,server_20,98.44
22:01:05,server_17,78.28
22:01:05,server_11,89.69
22:01:05,server_1,18.09
22:01:05,server_9,27.29
22:01:05,server_8,48.15
22:01:05,server_7,86.93
22:01:05,server_6,99.31
22:01:05,server_5,45.36
22:01:05,server_4,51.21
22:01:05,server_3,99.01
22:01:05,server_2,46.21
22:01:05,server_10,43.1
22:01:10,server_13,86.63
22:01:10,server_14,78.79
22:01:10,server_15,45.24
22:01:10,server_16,72.61
22:01:10,server_20,89.24
22:01:10,server_18,57.21
22:01:10,server_19,96.34
22:01:10,server_12,25.76
22:01:10,server_17,70.73
22:01:10,server_11,88.84
22:01:10,server_1,6.74
22:01:10,server_9,69.39
22:01:10,server_2,5.84
22:01:10,server_3,46.67
22:01:10,server_4,61.99
22:01:10,server_10,60.58
22:01:10,server_6,38.92
22:01:10,server_7,60.46
22:01:10,server_8,89.7
22:01:10,server_5,66.72
22:01:15,server_12,24.55
22:01:15,server_19,42.06
22:01:15,server_18,40.59
22:01:15,server_17,7.11
22:01:15,server_16,21.63
22:01:15,server_15,3.32
22:01:15,server_14,85.07
22:01:15,server_13,68.84
22:01:15,server_20,62.24
22:01:15,server_11,49.26
22:01:15,server_9,1.58
22:01:15,server_8,38.66
22:01:15,server_7,25.55
22:01:15,server_6,33.97
22:01:15,server_5,54.52
22:01:15,server_4,59.25
22:01:15,server_3,62.0
22:01:15,server_2,29.54
22:01:15,server_1,91.61
22:01:15,server_10,46.75
22:01:20,server_13,26.9
22:01:20,server_14,19.45
22:01:20,server_15,65.92
22:01:20,server_16,55.19
22:01:20,server_12,47.92
22:01:20,server_18,53.66
22:01:20,server_19,42.71
22:01:20,server_20,48.57
22:01:20,server_17,41.15
22:01:20,server_11,16.59
22:01:20,server_10,54.06
22:01:20,server_9,32.2
22:01:20,server_8,68.18
22:01:20,server_7,32.8
22:01:20,server_6,99.06
22:01:20,server_5,91.87
22:01:20,server_4,86.39
22:01:20,server_3,47.65
22:01:20,server_2,79.16
22:01:20,server_1,60.73
22:01:25,server_13,23.81
22:01:25,server_14,0.64
22:01:25,server_15,41.06
22:01:25,server_16,3.98
22:01:25,server_20,43.57
22:01:25,server_18,58.78
22:01:25,server_19,60.17
22:01:25,server_12,54.83
22:01:25,server_17,94.85
22:01:25,server_11,88.84
22:01:25,server_10,26.4
22:01:25,server_9,95.59
22:01:25,server_2,84.07
22:01:25,server_3,35.56
22:01:25,server_4,51.88
22:01:25,server_1,93.09
22:01:25,server_6,23.42
22:01:25,server_7,68.7
22:01:25,server_8,87.31
22:01:25,server_5,49.23
22:01:30,server_12,50.85
22:01:30,server_19,22.09
22:01:30,server_18,68.34
22:01:30,server_17,63.05
22:01:30,server_16,93.88
22:01:30,server_15,90.52
22:01:30,server_14,37.93
22:01:30,server_13,63.16
22:01:30,server_11,27.2
22:01:30,server_20,99.07
22:01:30,server_9,34.51
22:01:30,server_1,50.66
22:01:30,server_2,95.59
22:01:30,server_3,68.27
22:01:30,server_4,89.33
22:01:30,server_10,79.37
22:01:30,server_6,7.15
22:01:30,server_7,23.12
22:01:30,server_8,91.81
22:01:30,server_5,27.21
22:01:35,server_12,23.84
22:01:35,server_19,41.37
22:01:35,server_18,72.36
22:01:35,server_17,20.63
22:01:35,server_16,54.14
22:01:35,server_15,43.31
22:01:35,server_14,13.92
22:01:35,server_13,68.33
22:01:35,server_11,97.1
22:01:35,server_20,25.65
22:01:35,server_9,65.82
22:01:35,server_1,50.18
22:01:35,server_2,68.23
22:01:35,server_3,44.9
22:01:35,server_4,88.05
22:01:35,server_10,66.34
22:01:35,server_6,60.36
22:01:35,server_7,8.8
22:01:35,server_8,13.18
22:01:35,server_5,37.17
22:01:40,server_11,90.21
22:01:40,server_19,65.22
22:01:40,server_18,65.83
22:01:40,server_17,24.32
22:01:40,server_16,59.27
22:01:40,server_15,98.08
22:01:40,server_14,35.05
22:01:40,server_13,98.0
22:01:40,server_12,36.07
22:01:40,server_20,91.85
22:01:40,server_10,64.5
22:01:40,server_8,38.75
22:01:40,server_7,99.31
22:01:40,server_6,45.24
22:01:40,server_5,35.03
22:01:40,server_4,88.77
22:01:40,server_3,20.8
22:01:40,server_2,96.75
22:01:40,server_1,41.4
22:01:40,server_9,99.14
22:01:45,server_13,41.15
22:01:45,server_14,17.69
22:01:45,server_15,20.93
22:01:45,server_12,32.8
22:01:45,server_17,48.14
22:01:45,server_18,85.42
22:01:45,server_19,99.86
22:01:45,server_16,23.69
22:01:45,server_11,54.6
22:01:45,server_20,42.15
22:01:45,server_9,55.95
22:01:45,server_1,80.94
22:01:45,server_2,59.39
22:01:45,server_3,72.65
22:01:45,server_4,56.29
22:01:45,server_10,85.35
22:01:45,server_6,30.98
22:01:45,server_7,86.77
22:01:45,server_8,40.3
22:01:45,server_5,99.54
22:01:50,server_19,54.16
22:01:50,server_18,56.19
22:01:50,server_17,72.73
22:01:50,server_16,46.72
22:01:50,server_15,78.29
22:01:50,server_14,69.01
22:01:50,server_13,75.87
22:01:50,server_12,71.66
22:01:50,server_11,35.9
22:01:50,server_20,84.37
22:01:50,server_9,35.33
22:01:50,server_1,86.37
22:01:50,server_2,55.78
22:01:50,server_3,28.24
22:01:50,server_4,98.0
22:01:50,server_10,5.78
22:01:50,server_6,52.52
22:01:50,server_7,97.39
22:01:50,server_8,42.13
22:01:50,server_5,49.59
22:01:55,server_11,69.12
22:01:55,server_19,35.23
22:01:55,server_18,64.67
22:01:55,server_17,99.08
22:01:55,server_16,19.51
22:01:55,server_15,28.11
22:01:55,server_14,67.3
22:01:55,server_13,71.63
22:01:55,server_12,44.66
22:01:55,server_20,94.03
22:01:55,server_10,46.91
22:01:55,server_8,20.79
22:01:55,server_9,59.41
22:01:55,server_1,51.94
22:01:55,server_2,98.12
22:01:55,server_3,56.44
22:01:55,server_5,2.73
22:01:55,server_6,74.64
22:01:55,server_7,44.7
22:01:55,server_4,53.95
22:02:00,server_20,92.33
22:02:00,server_11,20.27
22:02:00,server_18,44.4
22:02:00,server_17,26.6
22:02:00,server_16,84.43
22:02:00,server_15,16.88
22:02:00,server_14,40.81
22:02:00,server_13,88.19
22:02:00,server_12,47.64
22:02:00,server_19,88.53
22:02:00,server_10,59.5
22:02:00,server_8,57.58
22:02:00,server_1,0.47
22:02:00,server_2,27.12
22:02:00,server_3,68.69
22:02:00,server_9,32.6
22:02:00,server_5,50.12
22:02:00,server_6,40.14
22:02:00,server_7,53.49
22:02:00,server_4,6.0
22:02:05,server_12,53.09
22:02:05,server_19,69.52
22:02:05,server_18,62.73
22:02:05,server_17,70.04
22:02:05,server_16,42.12
22:02:05,server_15,30.69
22:02:05,server_14,94.02
22:02:05,server_13,26.67
22:02:05,server_11,7.05
22:02:05,server_20,37.18
22:02:05,server_9,69.34
22:02:05,server_1,35.11
22:02:05,server_2,90.74
22:02:05,server_3,30.59
22:02:05,server_4,93.86
22:02:05,server_10,3.62
22:02:05,server_6,47.45
22:02:05,server_7,32.3
22:02:05,server_8,30.84
22:02:05,server_5,94.71
22:02:10,server_11,32.39
22:02:10,server_19,31.93
22:02:10,server_18,80.86
22:02:10,server_17,86.93
22:02:10,server_16,25.1
22:02:10,server_15,46.39
22:02:10,server_14,98.19
22:02:10,server_13,82.77
22:02:10,server_12,94.37
22:02:10,server_20,69.35
22:02:10,server_10,29.59
22:02:10,server_8,23.57
22:02:10,server_7,96.19
22:02:10,server_6,93.86
22:02:10,server_5,66.41
22:02:10,server_4,46.8
22:02:10,server_3,46.37
22:02:10,server_2,33.36
22:02:10,server_1,43.3
22:02:10,server_9,62.53
22:02:15,server_13,95.07
22:02:15,server_14,89.22
22:02:15,server_15,64.35
22:02:15,server_12,98.08
22:02:15,server_17,97.29
22:02:15,server_18,19.46
22:02:15,server_19,29.27
22:02:15,server_16,11.01
22:02:15,server_11,67.59
22:02:15,server_20,49.02
22:02:15,server_9,6.68
22:02:15,server_1,38.98
22:02:15,server_2,87.17
22:02:15,server_3,94.66
22:02:15,server_4,99.05
22:02:15,server_10,20.15
22:02:15,server_6,19.12
22:02:15,server_7,56.54
22:02:15,server_8,67.13
22:02:15,server_5,83.31
22:02:20,server_12,32.43
22:02:20,server_20,35.99
22:02:20,server_19,86.28
22:02:20,server_18,92.33
22:02:20,server_17,61.14
22:02:20,server_16,32.12
22:02:20,server_15,40.79
22:02:20,server_14,92.62
22:02:20,server_13,67.55
22:02:20,server_11,55.27
22:02:20,server_10,39.25
22:02:20,server_9,20.01
22:02:20,server_2,59.73
22:02:20,server_3,25.08
22:02:20,server_4,48.28
22:02:20,server_1,95.17
22:02:20,server_6,44.04
22:02:20,server_7,43.71
22:02:20,server_8,20.89
22:02:20,server_5,66.76
22:02:25,server_12,41.31
22:02:25,server_19,82.06
22:02:25,server_18,69.9
22:02:25,server_17,39.02
22:02:25,server_16,23.99
22:02:25,server_15,93.74
22:02:25,server_14,57.92
22:02:25,server_13,57.49
22:02:25,server_11,26.31
22:02:25,server_20,94.46
22:02:25,server_9,21.14
22:02:25,server_1,25.5
22:02:25,server_2,86.9
22:02:25,server_3,88.2
22:02:25,server_4,51.2
22:02:25,server_10,57.65
22:02:25,server_6,47.54
22:02:25,server_7,47.05
22:02:25,server_8,55.41
22:02:25,server_5,87.78
22:02:30,server_12,57.29
22:02:30,server_19,26.52
22:02:30,server_18,6.17
22:02:30,server_17,27.19
22:02:30,server_16,62.85
22:02:30,server_15,61.46
22:02:30,server_14,25.89
22:02:30,server_13,25.01
22:02:30,server_11,72.45
22:02:30,server_20,56.1
22:02:30,server_9,69.92
22:02:30,server_1,43.76
22:02:30,server_2,34.95
22:02:30,server_3,40.51
22:02:30,server_4,10.15
22:02:30,server_10,55.95
22:02:30,server_6,29.1
22:02:30,server_7,42.35
22:02:30,server_8,67.54
22:02:30,server_5,67.74
22:02:35,server_11,63.75
22:02:35,server_19,53.48
22:02:35,server_18,22.49
22:02:35,server_17,65.87
22:02:35,server_16,67.53
22:02:35,server_15,58.29
22:02:35,server_14,99.2
22:02:35,server_13,63.67
22:02:35,server_12,47.35
22:02:35,server_20,5.39
22:02:35,server_10,60.83
22:02:35,server_8,66.75
22:02:35,server_7,15.77
22:02:35,server_6,66.99
22:02:35,server_5,98.53
22:02:35,server_4,60.61
22:02:35,server_3,89.7
22:02:35,server_2,23.11
22:02:35,server_1,44.4
22:02:35,server_9,58.93
22:02:40,server_13,53.91
22:02:40,server_14,99.74
22:02:40,server_15,55.49
22:02:40,server_12,64.34
22:02:40,server_17,60.43
22:02:40,server_18,59.48
22:02:40,server_19,19.06
22:02:40,server_16,66.6
22:02:40,server_11,78.59
22:02:40,server_20,20.02
22:02:40,server_9,20.76
22:02:40,server_1,97.35
22:02:40,server_2,88.99
22:02:40,server_3,65.15
22:02:40,server_4,44.48
22:02:40,server_10,66.89
22:02:40,server_6,66.95
22:02:40,server_7,29.33
22:02:40,server_8,87.61
22:02:40,server_5,55.29
22:02:45,server_19,50.2
22:02:45,server_18,91.31
22:02:45,server_17,36.01
22:02:45,server_16,63.1
22:02:45,server_15,99.12
22:02:45,server_14,92.95
22:02:45,server_13,62.55
22:02:45,server_12,53.66
22:02:45,server_11,32.1
22:02:45,server_20,25.46
22:02:45,server_9,54.21
22:02:45,server_1,63.28
22:02:45,server_2,13.87
22:02:45,server_3,20.43
22:02:45,server_4,21.77
22:02:45,server_10,91.73
22:02:45,server_6,67.27
22:02:45,server_7,7.61
22:02:45,server_8,24.61
22:02:45,server_5,47.5
22:02:50,server_11,54.64
22:02:50,server_19,21.73
22:02:50,server_18,86.15
22:02:50,server_17,22.39
22:02:50,server_16,88.14
22:02:50,server_15,64.23
22:02:50,server_14,68.49
22:02:50,server_13,87.54
22:02:50,server_12,27.93
22:02:50,server_20,46.95
22:02:50,server_10,58.31
22:02:50,server_8,55.19
22:02:50,server_9,30.73
22:02:50,server_1,43.36
22:02:50,server_2,44.72
22:02:50,server_3,65.31
22:02:50,server_5,88.88
22:02:50,server_6,20.13
22:02:50,server_7,22.99
22:02:50,server_4,97.37
22:02:55,server_20,66.7
22:02:55,server_11,93.64
22:02:55,server_18,94.34
22:02:55,server_17,21.56
22:02:55,server_16,94.13
22:02:55,server_15,88.62
22:02:55,server_14,64.74
22:02:55,server_13,67.39
22:02:55,server_12,57.21
22:02:55,server_19,41.95
22:02:55,server_10,31.53
22:02:55,server_8,47.68
22:02:55,server_1,91.87
22:02:55,server_2,94.0
22:02:55,server_3,82.91
22:02:55,server_9,91.68
22:02:55,server_5,28.47
22:02:55,server_6,49.18
22:02:55,server_7,95.63
22:02:55,server_4,90.39
22:03:00,server_12,47.13
22:03:00,server_19,92.58
22:03:00,server_18,57.16
22:03:00,server_17,34.36
22:03:00,server_16,91.52
22:03:00,server_15,6.14
22:03:00,server_14,62.8
22:03:00,server_13,66.76
22:03:00,server_11,23.41
22:03:00,server_20,51.12
22:03:00,server_9,33.01
22:03:00,server_1,48.74
22:03:00,server_2,73.69
22:03:00,server_3,78.47
22:03:00,server_4,91.32
22:03:00,server_10,27.62
22:03:00,server_6,41.83
22:03:00,server_7,57.38
22:03:00,server_8,95.09
22:03:00,server_5,92.5
22:03:05,server_11,86.32
22:03:05,server_19,59.28
22:03:05,server_18,28.16
22:03:05,server_17,65.06
22:03:05,server_16,55.39
22:03:05,server_15,86.04
22:03:05,server_14,83.21
22:03:05,server_13,99.49
22:03:05,server_12,23.45
22:03:05,server_20,51.56
22:03:05,server_10,93.11
22:03:05,server_8,20.52
22:03:05,server_7,94.85
22:03:05,server_6,89.53
22:03:05,server_5,10.43
22:03:05,server_4,23.01
22:03:05,server_3,46.24
22:03:05,server_2,55.24
22:03:05,server_1,1.87
22:03:05,server_9,97.59
22:03:10,server_13,49.35
22:03:10,server_14,45.95
22:03:10,server_15,38.25
22:03:10,server_12,68.58
22:03:10,server_17,53.09
22:03:10,server_18,39.32
22:03:10,server_19,76.51
22:03:10,server_16,63.78
22:03:10,server_11,6.36
22:03:10,server_20,4.45
22:03:10,server_9,21.11
22:03:10,server_1,20.04
22:03:10,server_2,49.73
22:03:10,server_3,11.2
22:03:10,server_4,54.44
22:03:10,server_10,20.83
22:03:10,server_6,18.28
22:03:10,server_7,66.27
22:03:10,server_8,95.99
22:03:10,server_5,14.02
22:03:15,server_20,77.43
22:03:15,server_19,86.0
22:03:15,server_18,89.15
22:03:15,server_17,3.91
22:03:15,server_16,48.35
22:03:15,server_15,60.78
22:03:15,server_14,97.52
22:03:15,server_12,94.76
22:03:15,server_11,72.32
22:03:15,server_13,44.37
22:03:15,server_9,20.09
22:03:15,server_10,96.85
22:03:15,server_2,94.71
22:03:15,server_3,38.96
22:03:15,server_4,25.16
22:03:15,server_1,49.28
22:03:15,server_6,65.64
22:03:15,server_7,46.28
22:03:15,server_8,51.74
22:03:15,server_5,56.46
22:03:20,server_12,50.18
22:03:20,server_20,17.56
22:03:20,server_19,68.75
22:03:20,server_18,39.46
22:03:20,server_17,48.06
22:03:20,server_16,16.39
22:03:20,server_15,29.76
22:03:20,server_14,11.67
22:03:20,server_13,44.39
22:03:20,server_11,65.14
22:03:20,server_3,57.8
22:03:20,server_9,19.93
22:03:20,server_10,48.73
22:03:20,server_2,73.35
22:03:20,server_4,55.66
22:03:20,server_1,58.34
22:03:20,server_6,42.2
22:03:20,server_7,30.2
22:03:20,server_8,65.17
22:03:20,server_5,38.45
22:03:25,server_12,40.19
22:03:25,server_19,84.56
22:03:25,server_18,36.52
22:03:25,server_17,49.31
22:03:25,server_16,49.46
22:03:25,server_15,52.48
22:03:25,server_14,27.53
22:03:25,server_20,89.02
22:03:25,server_11,34.04
22:03:25,server_13,61.2
22:03:25,server_9,76.32
22:03:25,server_1,50.97
22:03:25,server_2,55.38
22:03:25,server_3,98.46
22:03:25,server_4,63.95
22:03:25,server_10,65.63
22:03:25,server_6,28.43
22:03:25,server_7,46.97
22:03:25,server_8,40.96
22:03:25,server_5,22.88
22:03:30,server_19,20.0
22:03:30,server_18,21.73
22:03:30,server_17,17.99
22:03:30,server_16,88.04
22:03:30,server_15,22.4
22:03:30,server_14,47.31
22:03:30,server_13,96.11
22:03:30,server_12,6.89
22:03:30,server_11,2.54
22:03:30,server_20,43.28
22:03:30,server_9,24.06
22:03:30,server_1,42.92
22:03:30,server_2,86.59
22:03:30,server_3,86.54
22:03:30,server_4,97.01
22:03:30,server_10,24.01
22:03:30,server_6,88.55
22:03:30,server_7,28.76
22:03:30,server_8,38.23
22:03:30,server_5,96.28
22:03:35,server_11,93.06
22:03:35,server_19,52.96
22:03:35,server_18,57.19
22:03:35,server_17,89.56
22:03:35,server_16,10.16
22:03:35,server_15,25.73
22:03:35,server_14,85.19
22:03:35,server_13,91.59
22:03:35,server_12,44.27
22:03:35,server_20,19.67
22:03:35,server_10,23.27
22:03:35,server_8,63.78
22:03:35,server_9,93.91
22:03:35,server_1,29.21
22:03:35,server_2,64.18
22:03:35,server_3,59.14
22:03:35,server_5,90.83
22:03:35,server_6,44.52
22:03:35,server_7,30.88
22:03:35,server_4,46.6
22:03:40,server_20,61.21
22:03:40,server_11,48.67
22:03:40,server_18,68.91
22:03:40,server_17,47.57
22:03:40,server_16,60.69
22:03:40,server_15,99.89
22:03:40,server_14,48.53
22:03:40,server_13,70.55
22:03:40,server_12,37.27
22:03:40,server_19,35.83
22:03:40,server_10,6.14
22:03:40,server_8,41.54
22:03:40,server_1,46.82
22:03:40,server_2,95.66
22:03:40,server_3,30.37
22:03:40,server_9,85.13
22:03:40,server_5,50.18
22:03:40,server_6,37.24
22:03:40,server_7,99.14
22:03:40,server_4,44.99
22:03:45,server_20,41.2
22:03:45,server_19,99.52
22:03:45,server_18,85.94
22:03:45,server_17,20.18
22:03:45,server_16,92.22
22:03:45,server_15,87.48
22:03:45,server_14,32.17
22:03:45,server_12,92.6
22:03:45,server_11,56.45
22:03:45,server_13,67.16
22:03:45,server_9,54.02
22:03:45,server_10,93.47
22:03:45,server_2,32.13
22:03:45,server_3,76.28
22:03:45,server_4,39.39
22:03:45,server_1,37.83
22:03:45,server_6,33.46
22:03:45,server_7,34.81
22:03:45,server_8,46.57
22:03:45,server_5,56.38
22:03:50,server_12,30.68
22:03:50,server_19,19.5
22:03:50,server_18,56.32
22:03:50,server_20,91.96
22:03:50,server_17,21.94
22:03:50,server_16,85.13
22:03:50,server_15,94.34
22:03:50,server_14,43.04
22:03:50,server_13,65.39
22:03:50,server_11,66.76
22:03:50,server_3,99.42
22:03:50,server_9,29.71
22:03:50,server_10,85.26
22:03:50,server_2,99.78
22:03:50,server_4,88.65
22:03:50,server_1,21.96
22:03:50,server_6,4.08
22:03:50,server_7,66.3
22:03:50,server_8,40.66
22:03:50,server_5,50.32
22:03:55,server_11,56.47
22:03:55,server_20,34.72
22:03:55,server_18,63.75
22:03:55,server_17,42.14
22:03:55,server_16,30.09
22:03:55,server_15,95.96
22:03:55,server_14,30.74
22:03:55,server_13,96.49
22:03:55,server_12,15.14
22:03:55,server_19,52.41
22:03:55,server_10,33.64
22:03:55,server_8,34.48
22:03:55,server_1,65.81
22:03:55,server_2,84.66
22:03:55,server_3,27.95
22:03:55,server_9,98.22
22:03:55,server_5,37.69
22:03:55,server_6,86.11
22:03:55,server_7,86.86
22:03:55,server_4,63.05
22:04:00,server_12,29.9
22:04:00,server_19,28.19
22:04:00,server_18,87.07
22:04:00,server_17,64.88
22:04:00,server_16,28.8
22:04:00,server_15,21.81
22:04:00,server_14,59.04
22:04:00,server_13,28.31
22:04:00,server_11,85.66
22:04:00,server_20,28.85
22:04:00,server_9,87.8
22:04:00,server_1,43.95
22:04:00,server_2,96.24
22:04:00,server_3,57.74
22:04:00,server_4,95.77
22:04:00,server_10,98.04
22:04:00,server_6,84.84
22:04:00,server_7,98.93
22:04:00,server_8,52.68
22:04:00,server_5,85.39
22:04:05,server_11,92.42
22:04:05,server_19,68.63
22:04:05,server_18,13.92
22:04:05,server_17,41.29
22:04:05,server_16,28.8
22:04:05,server_15,35.13
22:04:05,server_14,73.2
22:04:05,server_13,36.48
22:04:05,server_12,66.34
22:04:05,server_20,28.76
22:04:05,server_10,4.61
22:04:05,server_8,92.26
22:04:05,server_7,27.24
22:04:05,server_6,48.24
22:04:05,server_5,29.1
22:04:05,server_4,80.6
22:04:05,server_3,40.84
22:04:05,server_2,97.15
22:04:05,server_1,66.08
22:04:05,server_9,54.65
22:04:10,server_14,79.91
22:04:10,server_15,58.76
22:04:10,server_16,39.98
22:04:10,server_13,88.41
22:04:10,server_18,98.24
22:04:10,server_19,46.44
22:04:10,server_20,38.57
22:04:10,server_17,32.78
22:04:10,server_12,56.99
22:04:10,server_11,55.36
22:04:10,server_1,41.21
22:04:10,server_9,51.09
22:04:10,server_8,99.58
22:04:10,server_7,45.43
22:04:10,server_6,85.86
22:04:10,server_5,66.76
22:04:10,server_4,53.98
22:04:10,server_3,96.91
22:04:10,server_2,64.37
22:04:10,server_10,97.73
22:04:15,server_14,64.75
22:04:15,server_15,25.79
22:04:15,server_16,31.87
22:04:15,server_17,37.93
22:04:15,server_10,45.0
22:04:15,server_19,85.13
22:04:15,server_20,41.1
22:04:15,server_13,96.5
22:04:15,server_18,62.66
22:04:15,server_12,95.37
22:04:15,server_7,43.91
22:04:15,server_9,13.3
22:04:15,server_8,64.82
22:04:15,server_6,94.97
22:04:15,server_5,54.19
22:04:15,server_4,63.63
22:04:15,server_3,44.86
22:04:15,server_2,27.74
22:04:15,server_1,57.53
22:04:15,server_11,32.09
22:04:20,server_13,17.21
22:04:20,server_14,70.13
22:04:20,server_15,55.38
22:04:20,server_20,68.54
22:04:20,server_18,81.28
22:04:20,server_19,20.02
22:04:20,server_12,30.87
22:04:20,server_16,97.76
22:04:20,server_11,50.85
22:04:20,server_17,90.87
22:04:20,server_9,79.41
22:04:20,server_8,58.97
22:04:20,server_7,96.23
22:04:20,server_6,60.84
22:04:20,server_5,98.47
22:04:20,server_4,68.89
22:04:20,server_1,59.99
22:04:20,server_3,27.99
22:04:20,server_2,90.9
22:04:20,server_10,64.62
22:04:25,server_13,60.11
22:04:25,server_14,44.66
22:04:25,server_15,65.48
22:04:25,server_20,66.48
22:04:25,server_18,46.68
22:04:25,server_19,24.47
22:04:25,server_12,56.63
22:04:25,server_16,48.15
22:04:25,server_11,49.43
22:04:25,server_17,99.04
22:04:25,server_9,40.34
22:04:25,server_8,68.84
22:04:25,server_7,86.97
22:04:25,server_6,45.9
22:04:25,server_5,56.15
22:04:25,server_4,95.81
22:04:25,server_3,91.37
22:04:25,server_2,41.75
22:04:25,server_1,67.92
22:04:25,server_10,31.03
22:04:30,server_13,32.18
22:04:30,server_14,64.73
22:04:30,server_15,55.17
22:04:30,server_20,35.63
22:04:30,server_17,60.2
22:04:30,server_18,78.14
22:04:30,server_19,60.65
22:04:30,server_12,37.68
22:04:30,server_16,23.98
22:04:30,server_11,67.87
22:04:30,server_7,68.92
22:04:30,server_9,49.38
22:04:30,server_8,96.74
22:04:30,server_6,42.09
22:04:30,server_5,61.51
22:04:30,server_4,69.4
22:04:30,server_3,34.4
22:04:30,server_2,89.38
22:04:30,server_1,98.41
22:04:30,server_10,96.8
22:04:35,server_13,31.44
22:04:35,server_14,39.04
22:04:35,server_15,50.72
22:04:35,server_20,97.88
22:04:35,server_18,2.86
22:04:35,server_19,36.3
22:04:35,server_12,18.0
22:04:35,server_16,45.63
22:04:35,server_11,57.86
22:04:35,server_17,86.38
22:04:35,server_9,37.33
22:04:35,server_2,85.18
22:04:35,server_3,33.6
22:04:35,server_1,5.14
22:04:35,server_4,45.14
22:04:35,server_10,93.66
22:04:35,server_6,58.1
22:04:35,server_7,57.09
22:04:35,server_8,47.5
22:04:35,server_5,69.65
22:04:40,server_12,81.92
22:04:40,server_19,92.14
22:04:40,server_18,66.72
22:04:40,server_17,50.1
22:04:40,server_16,44.76
22:04:40,server_15,71.12
22:04:40,server_14,29.42
22:04:40,server_13,43.28
22:04:40,server_11,47.05
22:04:40,server_20,29.4
22:04:40,server_9,67.19
22:04:40,server_1,90.3
22:04:40,server_2,97.57
22:04:40,server_3,38.99
22:04:40,server_4,89.71
22:04:40,server_10,65.36
22:04:40,server_6,60.82
22:04:40,server_7,95.3
22:04:40,server_8,69.43
22:04:40,server_5,88.0
22:04:45,server_11,22.29
22:04:45,server_19,22.16
22:04:45,server_18,63.32
22:04:45,server_17,54.49
22:04:45,server_16,51.33
22:04:45,server_15,76.21
22:04:45,server_14,48.88
22:04:45,server_13,52.14
22:04:45,server_12,89.61
22:04:45,server_20,65.39
22:04:45,server_10,51.14
22:04:45,server_8,37.76
22:04:45,server_7,87.9
22:04:45,server_6,27.9
22:04:45,server_5,97.55
22:04:45,server_4,92.75
22:04:45,server_3,60.28
22:04:45,server_2,28.5
22:04:45,server_1,49.63
22:04:45,server_9,25.85
22:04:50,server_13,63.46
22:04:50,server_20,31.85
22:04:50,server_14,43.09
22:04:50,server_15,51.74
22:04:50,server_19,91.66
22:04:50,server_17,64.61
22:04:50,server_18,49.42
22:04:50,server_12,82.75
22:04:50,server_16,59.07
22:04:50,server_11,66.01
22:04:50,server_7,57.24
22:04:50,server_9,64.11
22:04:50,server_8,70.04
22:04:50,server_6,65.65
22:04:50,server_5,99.76
22:04:50,server_4,69.87
22:04:50,server_3,56.52
22:04:50,server_2,61.0
22:04:50,server_1,40.0
22:04:50,server_10,32.72
22:04:55,server_13,39.75
22:04:55,server_14,42.33
22:04:55,server_15,69.8
22:04:55,server_20,35.57
22:04:55,server_17,15.0
22:04:55,server_19,51.93
22:04:55,server_12,37.72
22:04:55,server_16,32.71
22:04:55,server_11,17.26
22:04:55,server_18,69.8
22:04:55,server_9,51.06
22:04:55,server_8,69.14
22:04:55,server_7,19.52
22:04:55,server_6,96.25
22:04:55,server_5,25.19
22:04:55,server_4,57.28
22:04:55,server_3,22.03
22:04:55,server_2,91.58
22:04:55,server_1,95.12
22:04:55,server_10,25.48
22:05:00,server_13,21.13
22:05:00,server_14,40.66
22:05:00,server_15,80.33
22:05:00,server_20,95.1
22:05:00,server_17,67.77
22:05:00,server_18,59.83
22:05:00,server_19,64.95
22:05:00,server_12,54.08
22:05:00,server_16,57.48
22:05:00,server_11,37.32
22:05:00,server_7,24.93
22:05:00,server_9,24.59
22:05:00,server_8,21.32
22:05:00,server_6,40.18
22:05:00,server_5,90.85
22:05:00,server_4,57.66
22:05:00,server_3,98.82
22:05:00,server_2,23.87
22:05:00,server_1,98.74
22:05:00,server_10,2.42
22:05:05,server_14,87.87
22:05:05,server_16,56.38
22:05:05,server_15,59.84
22:05:05,server_17,57.64
22:05:05,server_10,70.56
22:05:05,server_19,70.15
22:05:05,server_20,31.16
22:05:05,server_13,60.74
22:05:05,server_18,55.64
22:05:05,server_12,33.91
22:05:05,server_7,42.38
22:05:05,server_11,40.63
22:05:05,server_9,22.57
22:05:05,server_8,32.51
22:05:05,server_1,46.87
22:05:05,server_6,34.11
22:05:05,server_5,36.75
22:05:05,server_4,57.11
22:05:05,server_3,60.73
22:05:05,server_2,67.95
22:05:10,server_13,51.65
22:05:10,server_14,58.11
22:05:10,server_15,85.41
22:05:10,server_16,16.53
22:05:10,server_20,21.92
22:05:10,server_18,90.0
22:05:10,server_19,28.48
22:05:10,server_12,30.6
22:05:10,server_17,67.65
22:05:10,server_11,23.83
22:05:10,server_10,37.15
22:05:10,server_9,52.45
22:05:10,server_2,71.44
22:05:10,server_3,23.09
22:05:10,server_4,0.61
22:05:10,server_1,11.47
22:05:10,server_6,97.31
22:05:10,server_7,80.5
22:05:10,server_8,67.88
22:05:10,server_5,24.4
22:05:15,server_11,32.07
22:05:15,server_19,38.34
22:05:15,server_18,74.44
22:05:15,server_16,45.09
22:05:15,server_15,68.45
22:05:15,server_14,44.88
22:05:15,server_13,69.9
22:05:15,server_12,62.0
22:05:15,server_10,95.39
22:05:15,server_20,55.88
22:05:15,server_8,1.79
22:05:15,server_9,56.05
22:05:15,server_1,87.79
22:05:15,server_2,56.47
22:05:15,server_3,70.61
22:05:15,server_17,89.59
22:05:15,server_5,4.82
22:05:15,server_6,65.47
22:05:15,server_4,34.48
22:05:15,server_7,86.28
22:05:20,server_20,65.86
22:05:20,server_19,64.18
22:05:20,server_18,95.13
22:05:20,server_16,9.33
22:05:20,server_15,60.82
22:05:20,server_14,52.16
22:05:20,server_13,66.61
22:05:20,server_12,18.02
22:05:20,server_11,62.94
22:05:20,server_17,53.94
22:05:20,server_9,50.69
22:05:20,server_8,25.3
22:05:20,server_7,66.56
22:05:20,server_6,32.75
22:05:20,server_5,20.12
22:05:20,server_4,12.76
22:05:20,server_3,22.89
22:05:20,server_2,53.15
22:05:20,server_1,22.76
22:05:20,server_10,46.39
22:05:25,server_13,37.54
22:05:25,server_14,69.08
22:05:25,server_15,61.2
22:05:25,server_20,21.56
22:05:25,server_17,61.13
22:05:25,server_18,34.31
22:05:25,server_19,59.45
22:05:25,server_12,96.21
22:05:25,server_16,24.85
22:05:25,server_11,69.41
22:05:25,server_7,91.73
22:05:25,server_9,41.63
22:05:25,server_8,63.99
22:05:25,server_6,36.2
22:05:25,server_5,59.52
22:05:25,server_4,47.32
22:05:25,server_3,58.12
22:05:25,server_2,4.19
22:05:25,server_1,78.03
22:05:25,server_10,51.6
22:05:30,server_13,2.49
22:05:30,server_14,49.8
22:05:30,server_15,87.43
22:05:30,server_17,7.0
22:05:30,server_19,44.64
22:05:30,server_20,85.46
22:05:30,server_12,53.27
22:05:30,server_18,25.55
22:05:30,server_11,99.33
22:05:30,server_16,12.46
22:05:30,server_9,52.45
22:05:30,server_2,63.04
22:05:30,server_3,91.15
22:05:30,server_4,34.53
22:05:30,server_10,48.15
22:05:30,server_1,86.57
22:05:30,server_6,82.13
22:05:30,server_7,67.78
22:05:30,server_8,43.48
22:05:30,server_5,63.85
22:05:35,server_12,94.68
22:05:35,server_19,28.05
22:05:35,server_18,43.99
22:05:35,server_17,36.11
22:05:35,server_16,65.63
22:05:35,server_15,82.33
22:05:35,server_14,27.32
22:05:35,server_13,58.32
22:05:35,server_11,59.49
22:05:35,server_20,59.33
22:05:35,server_9,61.6
22:05:35,server_1,27.44
22:05:35,server_2,44.68
22:05:35,server_3,88.5
22:05:35,server_4,85.6
22:05:35,server_10,51.36
22:05:35,server_6,93.6
22:05:35,server_7,55.0
22:05:35,server_8,26.08
22:05:35,server_5,47.87
22:05:40,server_11,29.15
22:05:40,server_19,68.81
22:05:40,server_18,67.38
22:05:40,server_17,93.26
22:05:40,server_16,55.49
22:05:40,server_15,80.55
22:05:40,server_14,46.0
22:05:40,server_13,3.67
22:05:40,server_12,68.97
22:05:40,server_20,43.83
22:05:40,server_10,60.24
22:05:40,server_8,35.7
22:05:40,server_7,20.03
22:05:40,server_6,87.64
22:05:40,server_5,45.04
22:05:40,server_4,54.48
22:05:40,server_3,95.63
22:05:40,server_2,29.92
22:05:40,server_1,3.59
22:05:40,server_9,99.17
22:05:45,server_13,92.69
22:05:45,server_14,38.31
22:05:45,server_15,24.57
22:05:45,server_20,0.97
22:05:45,server_19,12.39
22:05:45,server_17,68.55
22:05:45,server_18,51.43
22:05:45,server_12,7.86
22:05:45,server_16,44.15
22:05:45,server_11,55.04
22:05:45,server_5,29.03
22:05:45,server_9,96.95
22:05:45,server_8,39.42
22:05:45,server_7,30.38
22:05:45,server_6,99.08
22:05:45,server_4,27.05
22:05:45,server_3,50.79
22:05:45,server_2,68.57
22:05:45,server_1,37.05
22:05:45,server_10,61.55
22:05:50,server_13,95.87
22:05:50,server_14,69.89
22:05:50,server_15,58.39
22:05:50,server_20,53.74
22:05:50,server_18,87.05
22:05:50,server_19,41.52
22:05:50,server_12,30.86
22:05:50,server_17,35.78
22:05:50,server_11,36.32
22:05:50,server_16,67.15
22:05:50,server_9,59.16
22:05:50,server_8,49.88
22:05:50,server_7,93.27
22:05:50,server_6,34.3
22:05:50,server_5,58.16
22:05:50,server_4,34.13
22:05:50,server_3,56.77
22:05:50,server_2,45.74
22:05:50,server_1,52.54
22:05:50,server_10,56.47
22:05:55,server_12,92.19
22:05:55,server_13,68.4
22:05:55,server_14,28.04
22:05:55,server_18,78.37
22:05:55,server_16,45.83
22:05:55,server_17,68.67
22:05:55,server_11,53.61
22:05:55,server_15,63.95
22:05:55,server_10,99.91
22:05:55,server_5,23.76
22:05:55,server_8,24.24
22:05:55,server_7,57.78
22:05:55,server_6,80.79
22:05:55,server_4,72.01
22:05:55,server_3,52.22
22:05:55,server_2,21.27
22:05:55,server_1,49.14
22:05:55,server_19,27.54
22:05:55,server_9,40.77
22:05:55,server_20,34.05
22:06:00,server_13,62.59
22:06:00,server_14,47.32
22:06:00,server_15,4.22
22:06:00,server_20,70.25
22:06:00,server_18,31.53
22:06:00,server_19,34.35
22:06:00,server_12,95.42
22:06:00,server_16,23.65
22:06:00,server_11,20.8
22:06:00,server_17,42.6
22:06:00,server_9,92.85
22:06:00,server_2,82.86
22:06:00,server_3,46.17
22:06:00,server_10,86.32
22:06:00,server_4,33.98
22:06:00,server_1,67.57
22:06:00,server_6,85.78
22:06:00,server_7,22.07
22:06:00,server_8,48.22
22:06:00,server_5,2.4
22:06:05,server_12,59.01
22:06:05,server_20,92.66
22:06:05,server_19,34.0
22:06:05,server_18,59.2
22:06:05,server_17,78.41
22:06:05,server_16,4.6
22:06:05,server_15,56.33
22:06:05,server_14,28.09
22:06:05,server_13,25.71
22:06:05,server_11,80.44
22:06:05,server_10,52.84
22:06:05,server_9,52.36
22:06:05,server_2,93.08
22:06:05,server_3,97.52
22:06:05,server_4,91.12
22:06:05,server_1,37.66
22:06:05,server_6,41.82
22:06:05,server_7,29.73
22:06:05,server_8,75.47
22:06:05,server_5,45.54
22:06:10,server_12,96.08
22:06:10,server_19,86.51
22:06:10,server_18,82.28
22:06:10,server_17,48.18
22:06:10,server_16,98.95
22:06:10,server_15,56.1
22:06:10,server_14,92.83
22:06:10,server_13,95.28
22:06:10,server_11,94.96
22:06:10,server_20,1.25
22:06:10,server_9,93.08
22:06:10,server_1,56.61
22:06:10,server_2,65.56
22:06:10,server_3,92.65
22:06:10,server_4,27.84
22:06:10,server_10,34.92
22:06:10,server_6,11.55
22:06:10,server_7,45.97
22:06:10,server_8,62.19
22:06:10,server_5,86.62
22:06:15,server_12,39.25
22:06:15,server_19,97.89
22:06:15,server_18,35.06
22:06:15,server_17,29.74
22:06:15,server_16,67.33
22:06:15,server_15,41.7
22:06:15,server_14,85.9
22:06:15,server_13,27.32
22:06:15,server_11,20.7
22:06:15,server_20,85.72
22:06:15,server_9,50.88
22:06:15,server_1,25.22
22:06:15,server_2,66.28
22:06:15,server_3,93.39
22:06:15,server_4,30.27
22:06:15,server_10,13.06
22:06:15,server_6,86.42
22:06:15,server_7,51.21
22:06:15,server_8,31.25
22:06:15,server_5,22.13
22:06:20,server_11,26.22
22:06:20,server_19,58.03
22:06:20,server_18,43.67
22:06:20,server_17,56.0
22:06:20,server_16,60.53
22:06:20,server_15,43.58
22:06:20,server_14,48.94
22:06:20,server_13,61.0
22:06:20,server_12,75.93
22:06:20,server_20,8.46
22:06:20,server_10,34.12
22:06:20,server_8,94.31
22:06:20,server_7,81.09
22:06:20,server_6,85.79
22:06:20,server_5,43.04
22:06:20,server_4,63.32
22:06:20,server_3,31.31
22:06:20,server_2,33.3
22:06:20,server_1,41.16
22:06:20,server_9,37.95
22:06:25,server_13,91.11
22:06:25,server_14,98.35
22:06:25,server_15,93.53
22:06:25,server_12,52.76
22:06:25,server_17,52.4
22:06:25,server_18,94.04
22:06:25,server_19,51.35
22:06:25,server_16,60.0
22:06:25,server_11,15.77
22:06:25,server_20,3.05
22:06:25,server_9,63.39
22:06:25,server_1,25.89
22:06:25,server_2,6.76
22:06:25,server_3,25.34
22:06:25,server_4,99.93
22:06:25,server_10,40.71
22:06:25,server_6,47.32
22:06:25,server_7,64.83
22:06:25,server_8,23.37
22:06:25,server_5,23.01
22:06:30,server_19,28.09
22:06:30,server_18,97.17
22:06:30,server_17,88.03
22:06:30,server_16,67.35
22:06:30,server_15,53.36
22:06:30,server_14,42.29
22:06:30,server_13,47.93
22:06:30,server_12,59.06
22:06:30,server_11,57.14
22:06:30,server_20,76.4
22:06:30,server_9,43.43
22:06:30,server_1,52.04
22:06:30,server_2,61.37
22:06:30,server_3,44.99
22:06:30,server_4,56.15
22:06:30,server_10,96.03
22:06:30,server_6,6.77
22:06:30,server_7,28.72
22:06:30,server_8,53.51
22:06:30,server_5,48.08
22:06:35,server_11,53.14
22:06:35,server_19,44.69
22:06:35,server_18,45.02
22:06:35,server_17,15.87
22:06:35,server_16,0.09
22:06:35,server_15,33.03
22:06:35,server_14,7.93
22:06:35,server_13,40.89
22:06:35,server_12,97.63
22:06:35,server_20,59.97
22:06:35,server_10,51.6
22:06:35,server_8,64.06
22:06:35,server_9,67.67
22:06:35,server_1,75.89
22:06:35,server_2,24.09
22:06:35,server_3,23.61
22:06:35,server_5,46.9
22:06:35,server_6,94.86
22:06:35,server_7,51.9
22:06:35,server_4,40.93
22:06:40,server_20,18.55
22:06:40,server_11,86.9
22:06:40,server_18,33.17
22:06:40,server_17,60.88
22:06:40,server_16,61.58
22:06:40,server_15,22.04
22:06:40,server_14,37.11
22:06:40,server_13,58.79
22:06:40,server_12,90.25
22:06:40,server_19,23.34
22:06:40,server_10,51.39
22:06:40,server_8,23.87
22:06:40,server_1,92.22
22:06:40,server_2,20.52
22:06:40,server_3,34.69
22:06:40,server_9,99.83
22:06:40,server_5,25.69
22:06:40,server_6,51.59
22:06:40,server_7,39.37
22:06:40,server_4,31.04
22:06:45,server_12,35.25
22:06:45,server_19,41.02
22:06:45,server_18,56.78
22:06:45,server_17,23.17
22:06:45,server_16,62.33
22:06:45,server_15,34.74
22:06:45,server_14,84.58
22:06:45,server_13,64.03
22:06:45,server_11,94.29
22:06:45,server_20,41.18
22:06:45,server_9,99.5
22:06:45,server_1,19.67
22:06:45,server_2,91.34
22:06:45,server_3,50.11
22:06:45,server_4,95.86
22:06:45,server_10,41.42
22:06:45,server_6,9.34
22:06:45,server_7,59.11
22:06:45,server_8,21.62
22:06:45,server_5,47.86
22:06:50,server_11,36.42
22:06:50,server_19,76.07
22:06:50,server_18,15.74
22:06:50,server_17,37.37
22:06:50,server_16,89.02
22:06:50,server_15,52.6
22:06:50,server_14,21.15
22:06:50,server_13,65.28
22:06:50,server_12,87.17
22:06:50,server_20,21.77
22:06:50,server_10,87.25
22:06:50,server_8,25.17
22:06:50,server_7,3.8
22:06:50,server_6,38.67
22:06:50,server_5,61.44
22:06:50,server_4,8.67
22:06:50,server_3,92.38
22:06:50,server_2,42.36
22:06:50,server_1,36.86
22:06:50,server_9,65.44
22:06:55,server_13,55.24
22:06:55,server_14,77.69
22:06:55,server_15,28.16
22:06:55,server_12,92.93
22:06:55,server_20,52.64
22:06:55,server_18,48.2
22:06:55,server_19,20.99
22:06:55,server_16,15.71
22:06:55,server_11,65.05
22:06:55,server_17,22.06
22:06:55,server_9,31.56
22:06:55,server_1,87.56
22:06:55,server_2,28.43
22:06:55,server_3,36.25
22:06:55,server_4,60.05
22:06:55,server_10,40.16
22:06:55,server_6,25.3
22:06:55,server_7,27.26
22:06:55,server_8,45.38
22:06:55,server_5,57.12
22:07:00,server_12,89.69
22:07:00,server_19,42.7
22:07:00,server_18,65.53
22:07:00,server_17,42.35
22:07:00,server_16,64.7
22:07:00,server_15,20.62
22:07:00,server_14,43.82
22:07:00,server_13,44.67
22:07:00,server_11,4.33
22:07:00,server_20,35.35
22:07:00,server_9,20.43
22:07:00,server_1,23.25
22:07:00,server_2,19.43
22:07:00,server_3,60.25
22:07:00,server_4,36.24
22:07:00,server_10,80.78
22:07:00,server_6,55.88
22:07:00,server_7,40.84
22:07:00,server_8,52.09
22:07:00,server_5,23.37
22:07:05,server_11,31.11
22:07:05,server_19,14.94
22:07:05,server_18,52.75
22:07:05,server_17,78.54
22:07:05,server_16,58.44
22:07:05,server_15,53.45
22:07:05,server_14,14.44
22:07:05,server_13,25.61
22:07:05,server_12,35.55
22:07:05,server_20,59.13
22:07:05,server_10,69.39
22:07:05,server_8,59.54
22:07:05,server_7,61.38
22:07:05,server_6,50.36
22:07:05,server_5,58.52
22:07:05,server_4,65.7
22:07:05,server_3,56.59
22:07:05,server_2,46.32
22:07:05,server_1,36.59
22:07:05,server_9,51.99
22:07:10,server_13,86.52
22:07:10,server_14,42.07
22:07:10,server_15,67.27
22:07:10,server_16,96.23
22:07:10,server_20,50.04
22:07:10,server_18,87.82
22:07:10,server_19,49.23
22:07:10,server_12,24.82
22:07:10,server_17,41.82
22:07:10,server_11,87.31
22:07:10,server_10,30.53
22:07:10,server_9,48.62
22:07:10,server_2,89.17
22:07:10,server_3,16.32
22:07:10,server_4,67.24
22:07:10,server_1,94.64
22:07:10,server_6,44.41
22:07:10,server_7,47.29
22:07:10,server_8,35.73
22:07:10,server_5,26.82
22:07:15,server_13,34.04
22:07:15,server_20,20.51
22:07:15,server_19,89.83
22:07:15,server_18,53.59
22:07:15,server_17,36.71
22:07:15,server_16,12.84
22:07:15,server_15,58.94
22:07:15,server_14,55.21
22:07:15,server_12,62.89
22:07:15,server_11,39.38
22:07:15,server_1,32.35
22:07:15,server_9,61.78
22:07:15,server_8,66.92
22:07:15,server_7,54.84
22:07:15,server_6,8.97
22:07:15,server_5,71.78
22:07:15,server_4,38.02
22:07:15,server_3,48.36
22:07:15,server_2,63.12
22:07:15,server_10,54.01
22:07:20,server_13,43.09
22:07:20,server_14,80.25
22:07:20,server_15,69.67
22:07:20,server_16,25.13
22:07:20,server_12,52.39
22:07:20,server_18,35.24
22:07:20,server_19,81.11
22:07:20,server_20,87.5
22:07:20,server_17,20.46
22:07:20,server_11,32.21
22:07:20,server_1,97.74
22:07:20,server_9,64.39
22:07:20,server_8,59.8
22:07:20,server_7,35.94
22:07:20,server_6,69.98
22:07:20,server_5,84.06
22:07:20,server_4,78.68
22:07:20,server_3,60.83
22:07:20,server_2,47.54
22:07:20,server_10,53.94
22:07:25,server_13,53.12
22:07:25,server_20,8.71
22:07:25,server_14,71.96
22:07:25,server_15,31.91
22:07:25,server_19,4.86
22:07:25,server_17,92.03
22:07:25,server_18,51.9
22:07:25,server_12,33.91
22:07:25,server_16,68.44
22:07:25,server_11,65.45
22:07:25,server_7,76.67
22:07:25,server_9,43.38
22:07:25,server_1,52.85
22:07:25,server_2,49.82
22:07:25,server_3,36.0
22:07:25,server_10,82.44
22:07:25,server_5,46.43
22:07:25,server_6,30.75
22:07:25,server_8,89.13
22:07:25,server_4,68.93
22:07:30,server_13,14.73
22:07:30,server_20,57.69
22:07:30,server_19,63.4
22:07:30,server_18,95.87
22:07:30,server_17,8.67
22:07:30,server_16,35.39
22:07:30,server_15,53.78
22:07:30,server_14,82.12
22:07:30,server_12,0.92
22:07:30,server_11,22.96
22:07:30,server_1,30.31
22:07:30,server_9,85.26
22:07:30,server_8,74.36
22:07:30,server_7,66.02
22:07:30,server_6,63.36
22:07:30,server_5,59.48
22:07:30,server_4,66.42
22:07:30,server_3,61.28
22:07:30,server_2,23.99
22:07:30,server_10,98.5
22:07:35,server_13,51.91
22:07:35,server_14,67.99
22:07:35,server_15,57.28
22:07:35,server_16,86.88
22:07:35,server_12,31.42
22:07:35,server_18,45.06
22:07:35,server_19,64.22
22:07:35,server_20,85.34
22:07:35,server_17,27.49
22:07:35,server_11,49.81
22:07:35,server_1,42.56
22:07:35,server_9,28.02
22:07:35,server_8,58.7
22:07:35,server_7,74.63
22:07:35,server_6,4.12
22:07:35,server_5,79.21
22:07:35,server_4,23.7
22:07:35,server_3,64.46
22:07:35,server_2,63.28
22:07:35,server_10,68.06
22:07:40,server_20,19.48
22:07:40,server_13,44.54
22:07:40,server_14,51.81
22:07:40,server_15,29.46
22:07:40,server_19,86.45
22:07:40,server_17,37.76
22:07:40,server_18,62.19
22:07:40,server_12,37.19
22:07:40,server_16,26.43
22:07:40,server_11,92.61
22:07:40,server_8,45.54
22:07:40,server_9,78.29
22:07:40,server_7,38.26
22:07:40,server_6,38.6
22:07:40,server_5,98.61
22:07:40,server_4,30.36
22:07:40,server_3,42.53
22:07:40,server_2,64.56
22:07:40,server_1,20.73
22:07:40,server_10,47.88
22:07:45,server_13,65.15
22:07:45,server_14,67.39
22:07:45,server_15,42.92
22:07:45,server_20,59.71
22:07:45,server_17,60.16
22:07:45,server_19,98.52
22:07:45,server_12,34.92
22:07:45,server_16,31.53
22:07:45,server_11,97.23
22:07:45,server_18,65.09
22:07:45,server_9,19.44
22:07:45,server_8,74.31
22:07:45,server_7,61.25
22:07:45,server_6,32.33
22:07:45,server_5,35.84
22:07:45,server_4,50.46
22:07:45,server_3,68.82
22:07:45,server_2,49.36
22:07:45,server_1,73.11
22:07:45,server_10,12.3
22:07:50,server_13,81.78
22:07:50,server_14,29.93
22:07:50,server_15,86.03
22:07:50,server_20,27.44
22:07:50,server_17,90.35
22:07:50,server_18,18.42
22:07:50,server_19,44.78
22:07:50,server_12,29.98
22:07:50,server_16,89.54
22:07:50,server_11,27.98
22:07:50,server_7,88.65
22:07:50,server_9,82.26
22:07:50,server_8,27.46
22:07:50,server_6,24.75
22:07:50,server_5,53.44
22:07:50,server_4,42.43
22:07:50,server_3,51.25
22:07:50,server_2,56.17
22:07:50,server_1,17.21
22:07:50,server_10,26.16
22:07:55,server_15,40.3
22:07:55,server_13,38.75
22:07:55,server_14,88.38
22:07:55,server_16,66.15
22:07:55,server_12,66.99
22:07:55,server_18,47.15
22:07:55,server_19,25.29
22:07:55,server_20,60.78
22:07:55,server_17,21.21
22:07:55,server_11,44.99
22:07:55,server_10,43.69
22:07:55,server_9,99.24
22:07:55,server_2,68.49
22:07:55,server_3,87.35
22:07:55,server_4,3.41
22:07:55,server_1,49.62
22:07:55,server_6,28.05
22:07:55,server_7,66.97
22:07:55,server_8,36.52
22:07:55,server_5,0.01
22:08:00,server_12,23.9
22:08:00,server_19,20.57
22:08:00,server_18,29.66
22:08:00,server_17,64.11
22:08:00,server_16,98.72
22:08:00,server_15,30.99
22:08:00,server_14,45.9
22:08:00,server_13,91.39
22:08:00,server_11,43.81
22:08:00,server_20,73.07
22:08:00,server_9,40.55
22:08:00,server_1,60.95
22:08:00,server_2,73.15
22:08:00,server_3,36.0
22:08:00,server_4,27.55
22:08:00,server_10,58.32
22:08:00,server_6,42.69
22:08:00,server_7,31.1
22:08:00,server_8,60.27
22:08:00,server_5,86.52
22:08:05,server_11,53.43
22:08:05,server_19,20.81
22:08:05,server_18,50.25
22:08:05,server_17,30.31
22:08:05,server_16,35.87
22:08:05,server_15,86.57
22:08:05,server_14,43.36
22:08:05,server_13,47.81
22:08:05,server_12,45.61
22:08:05,server_20,69.53
22:08:05,server_10,50.45
22:08:05,server_8,58.34
22:08:05,server_7,94.91
22:08:05,server_6,84.74
22:08:05,server_5,21.03
22:08:05,server_4,65.8
22:08:05,server_3,55.65
22:08:05,server_2,48.54
22:08:05,server_1,69.85
22:08:05,server_9,41.36
22:08:10,server_14,46.83
22:08:10,server_15,13.27
22:08:10,server_16,41.92
22:08:10,server_13,93.75
22:08:10,server_18,44.61
22:08:10,server_19,62.27
22:08:10,server_20,47.02
22:08:10,server_17,68.72
22:08:10,server_12,57.24
22:08:10,server_11,97.03
22:08:10,server_1,35.76
22:08:10,server_9,48.02
22:08:10,server_8,69.46
22:08:10,server_7,26.14
22:08:10,server_6,40.32
22:08:10,server_5,48.11
22:08:10,server_4,65.82
22:08:10,server_3,87.35
22:08:10,server_2,54.07
22:08:10,server_10,89.08
22:08:15,server_13,24.41
22:08:15,server_14,50.06
22:08:15,server_15,60.39
22:08:15,server_20,93.03
22:08:15,server_18,36.92
22:08:15,server_19,91.98
22:08:15,server_12,32.39
22:08:15,server_16,93.64
22:08:15,server_11,90.03
22:08:15,server_17,32.79
22:08:15,server_9,0.21
22:08:15,server_10,58.73
22:08:15,server_2,63.9
22:08:15,server_3,39.94
22:08:15,server_4,35.25
22:08:15,server_1,64.18
22:08:15,server_6,8.76
22:08:15,server_7,49.22
22:08:15,server_8,60.95
22:08:15,server_5,35.57
22:08:20,server_20,33.17
22:08:20,server_12,46.21
22:08:20,server_19,53.62
22:08:20,server_18,38.17
22:08:20,server_17,49.25
22:08:20,server_16,92.4
22:08:20,server_15,35.1
22:08:20,server_14,87.57
22:08:20,server_13,33.23
22:08:20,server_11,93.45
22:08:20,server_7,29.18
22:08:20,server_9,44.15
22:08:20,server_8,94.09
22:08:20,server_6,72.66
22:08:20,server_5,26.58
22:08:20,server_4,63.32
22:08:20,server_3,68.36
22:08:20,server_2,35.33
22:08:20,server_1,66.06
22:08:20,server_10,44.46
22:08:25,server_15,51.83
22:08:25,server_13,95.05
22:08:25,server_14,37.62
22:08:25,server_16,28.13
22:08:25,server_12,53.15
22:08:25,server_18,93.79
22:08:25,server_19,51.1
22:08:25,server_20,26.76
22:08:25,server_17,89.65
22:08:25,server_11,39.34
22:08:25,server_1,59.3
22:08:25,server_9,34.37
22:08:25,server_2,39.85
22:08:25,server_3,94.92
22:08:25,server_4,34.64
22:08:25,server_10,77.27
22:08:25,server_6,28.74
22:08:25,server_7,90.04
22:08:25,server_8,72.31
22:08:25,server_5,47.46
22:08:30,server_13,69.61
22:08:30,server_20,18.86
22:08:30,server_19,93.07
22:08:30,server_18,56.07
22:08:30,server_17,24.55
22:08:30,server_16,20.68
22:08:30,server_15,93.81
22:08:30,server_14,5.74
22:08:30,server_12,64.92
22:08:30,server_11,85.12
22:08:30,server_1,54.53
22:08:30,server_9,66.54
22:08:30,server_8,37.51
22:08:30,server_7,49.62
22:08:30,server_6,96.23
22:08:30,server_5,36.78
22:08:30,server_4,23.17
22:08:30,server_3,63.66
22:08:30,server_2,25.83
22:08:30,server_10,49.15
22:08:35,server_13,30.92
22:08:35,server_14,21.17
22:08:35,server_15,61.2
22:08:35,server_16,5.2
22:08:35,server_12,26.08
22:08:35,server_18,41.2
22:08:35,server_19,7.79
22:08:35,server_20,62.19
22:08:35,server_17,69.22
22:08:35,server_11,53.8
22:08:35,server_1,76.54
22:08:35,server_9,62.32
22:08:35,server_8,36.74
22:08:35,server_7,6.47
22:08:35,server_6,97.44
22:08:35,server_5,16.2
22:08:35,server_4,51.14
22:08:35,server_3,63.59
22:08:35,server_2,69.86
22:08:35,server_10,96.56
22:08:40,server_13,57.58
22:08:40,server_14,65.19
22:08:40,server_15,93.18
22:08:40,server_16,20.75
22:08:40,server_20,50.72
22:08:40,server_18,47.96
22:08:40,server_19,96.42
22:08:40,server_12,54.02
22:08:40,server_17,24.18
22:08:40,server_11,53.53
22:08:40,server_1,10.85
22:08:40,server_9,95.8
22:08:40,server_2,54.47
22:08:40,server_3,45.03
22:08:40,server_4,39.23
22:08:40,server_10,34.03
22:08:40,server_6,66.83
22:08:40,server_7,34.43
22:08:40,server_8,50.61
22:08:40,server_5,84.11
22:08:45,server_12,26.93
22:08:45,server_19,55.45
22:08:45,server_18,25.9
22:08:45,server_17,92.81
22:08:45,server_16,33.39
22:08:45,server_15,13.73
22:08:45,server_14,55.93
22:08:45,server_13,63.18
22:08:45,server_20,49.1
22:08:45,server_11,56.62
22:08:45,server_9,91.0
22:08:45,server_8,99.93
22:08:45,server_7,51.61
22:08:45,server_6,25.67
22:08:45,server_5,99.26
22:08:45,server_4,57.24
22:08:45,server_3,35.5
22:08:45,server_2,60.15
22:08:45,server_1,24.93
22:08:45,server_10,57.56
22:08:50,server_13,45.78
22:08:50,server_14,56.13
22:08:50,server_15,41.11
22:08:50,server_16,37.49
22:08:50,server_12,45.99
22:08:50,server_18,40.58
22:08:50,server_19,59.0
22:08:50,server_20,37.59
22:08:50,server_17,67.87
22:08:50,server_11,57.66
22:08:50,server_10,50.08
22:08:50,server_9,90.37
22:08:50,server_8,49.43
22:08:50,server_7,6.32
22:08:50,server_6,61.51
22:08:50,server_5,96.97
22:08:50,server_4,46.02
22:08:50,server_3,67.32
22:08:50,server_2,87.24
22:08:50,server_1,9.77
22:08:55,server_13,51.75
22:08:55,server_14,62.44
22:08:55,server_15,65.73
22:08:55,server_16,33.89
22:08:55,server_20,87.87
22:08:55,server_18,26.3
22:08:55,server_19,21.4
22:08:55,server_12,69.56
22:08:55,server_17,56.02
22:08:55,server_11,46.59
22:08:55,server_10,65.81
22:08:55,server_9,64.48
22:08:55,server_2,52.9
22:08:55,server_3,51.37
22:08:55,server_4,95.48
22:08:55,server_1,28.52
22:08:55,server_6,68.36
22:08:55,server_7,22.81
22:08:55,server_8,96.22
22:08:55,server_5,46.52
22:09:00,server_12,97.2
22:09:00,server_19,34.12
22:09:00,server_18,41.73
22:09:00,server_17,25.51
22:09:00,server_16,56.76
22:09:00,server_15,98.21
22:09:00,server_14,19.67
22:09:00,server_13,57.8
22:09:00,server_11,27.67
22:09:00,server_20,34.3
22:09:00,server_9,49.05
22:09:00,server_1,41.22
22:09:00,server_2,44.09
22:09:00,server_3,92.22
22:09:00,server_4,19.24
22:09:00,server_10,25.19
22:09:00,server_6,22.43
22:09:00,server_7,24.98
22:09:00,server_8,89.0
22:09:00,server_5,26.03
22:09:05,server_12,92.19
22:09:05,server_19,87.07
22:09:05,server_18,31.02
22:09:05,server_17,57.35
22:09:05,server_16,20.04
22:09:05,server_15,50.74
22:09:05,server_14,56.84
22:09:05,server_13,40.79
22:09:05,server_11,44.11
22:09:05,server_20,60.06
22:09:05,server_9,17.89
22:09:05,server_1,36.94
22:09:05,server_2,20.91
22:09:05,server_3,99.14
22:09:05,server_4,30.98
22:09:05,server_10,63.02
22:09:05,server_6,48.78
22:09:05,server_7,25.49
22:09:05,server_8,63.77
22:09:05,server_5,39.2
22:09:10,server_11,97.56
22:09:10,server_19,68.25
22:09:10,server_18,47.54
22:09:10,server_17,90.47
22:09:10,server_16,82.66
22:09:10,server_15,23.74
22:09:10,server_14,6.94
22:09:10,server_13,62.36
22:09:10,server_12,26.94
22:09:10,server_20,58.46
22:09:10,server_10,23.86
22:09:10,server_8,62.66
22:09:10,server_7,6.8
22:09:10,server_6,22.27
22:09:10,server_5,92.79
22:09:10,server_4,57.76
22:09:10,server_3,19.16
22:09:10,server_2,34.64
22:09:10,server_1,91.23
22:09:10,server_9,57.64
22:09:15,server_13,48.43
22:09:15,server_14,62.72
22:09:15,server_15,86.08
22:09:15,server_12,30.93
22:09:15,server_17,50.1
22:09:15,server_18,28.7
22:09:15,server_19,73.85
22:09:15,server_16,39.04
22:09:15,server_11,35.57
22:09:15,server_20,35.75
22:09:15,server_9,85.39
22:09:15,server_1,24.88
22:09:15,server_2,8.25
22:09:15,server_3,81.37
22:09:15,server_4,75.0
22:09:15,server_10,41.47
22:09:15,server_6,69.37
22:09:15,server_7,58.06
22:09:15,server_8,72.22
22:09:15,server_5,86.11
22:09:20,server_19,31.06
22:09:20,server_18,66.1
22:09:20,server_17,85.0
22:09:20,server_16,48.68
22:09:20,server_15,27.23
22:09:20,server_14,34.66
22:09:20,server_13,50.09
22:09:20,server_12,27.9
22:09:20,server_11,37.61
22:09:20,server_20,27.15
22:09:20,server_9,48.11
22:09:20,server_1,55.13
22:09:20,server_2,55.81
22:09:20,server_3,20.76
22:09:20,server_4,64.01
22:09:20,server_10,41.93
22:09:20,server_6,3.01
22:09:20,server_7,17.77
22:09:20,server_8,28.39
22:09:20,server_5,42.38
22:09:25,server_11,38.64
22:09:25,server_19,23.26
22:09:25,server_18,65.3
22:09:25,server_17,31.18
22:09:25,server_16,25.37
22:09:25,server_15,65.65
22:09:25,server_14,48.8
22:09:25,server_13,32.52
22:09:25,server_12,96.1
22:09:25,server_20,42.23
22:09:25,server_10,61.22
22:09:25,server_8,98.68
22:09:25,server_9,61.58
22:09:25,server_1,24.35
22:09:25,server_2,43.94
22:09:25,server_3,21.68
22:09:25,server_5,60.79
22:09:25,server_6,43.02
22:09:25,server_7,94.76
22:09:25,server_4,93.53
22:09:30,server_20,44.39
22:09:30,server_11,50.38
22:09:30,server_18,89.48
22:09:30,server_17,96.84
22:09:30,server_16,64.0
22:09:30,server_15,93.15
22:09:30,server_14,45.03
22:09:30,server_13,95.91
22:09:30,server_12,34.8
22:09:30,server_19,51.43
22:09:30,server_10,36.51
22:09:30,server_8,54.06
22:09:30,server_1,17.97
22:09:30,server_2,37.32
22:09:30,server_3,20.96
22:09:30,server_9,22.76
22:09:30,server_5,38.75
22:09:30,server_6,25.29
22:09:30,server_7,27.43
22:09:30,server_4,67.4
22:09:35,server_12,91.17
22:09:35,server_19,53.4
22:09:35,server_18,61.88
22:09:35,server_17,50.76
22:09:35,server_16,90.95
22:09:35,server_15,57.95
22:09:35,server_14,54.62
22:09:35,server_13,92.0
22:09:35,server_11,23.51
22:09:35,server_20,26.36
22:09:35,server_9,37.4
22:09:35,server_1,39.01
22:09:35,server_2,34.55
22:09:35,server_3,87.93
22:09:35,server_4,11.27
22:09:35,server_10,89.97
22:09:35,server_6,39.57
22:09:35,server_7,62.85
22:09:35,server_8,37.97
22:09:35,server_5,2.17
22:09:40,server_11,25.13
22:09:40,server_19,72.9
22:09:40,server_18,55.67
22:09:40,server_17,68.59
22:09:40,server_16,56.05
22:09:40,server_15,20.48
22:09:40,server_14,62.82
22:09:40,server_13,65.32
22:09:40,server_12,88.28
22:09:40,server_20,82.54
22:09:40,server_10,55.5
22:09:40,server_8,45.81
22:09:40,server_7,36.02
22:09:40,server_6,64.81
22:09:40,server_5,93.7
22:09:40,server_4,72.44
22:09:40,server_3,92.78
22:09:40,server_2,44.85
22:09:40,server_1,64.15
22:09:40,server_9,36.37
22:09:45,server_13,37.83
22:09:45,server_14,94.57
22:09:45,server_15,47.82
22:09:45,server_12,57.83
22:09:45,server_17,32.81
22:09:45,server_18,92.62
22:09:45,server_19,71.8
22:09:45,server_16,20.77
22:09:45,server_11,97.91
22:09:45,server_20,23.35
22:09:45,server_9,36.73
22:09:45,server_1,60.25
22:09:45,server_2,47.23
22:09:45,server_3,82.01
22:09:45,server_4,8.53
22:09:45,server_10,43.34
22:09:45,server_6,66.93
22:09:45,server_7,81.89
22:09:45,server_8,59.01
22:09:45,server_5,50.19
22:09:50,server_12,99.36
22:09:50,server_20,81.65
22:09:50,server_19,86.01
22:09:50,server_18,37.95
22:09:50,server_17,62.69
22:09:50,server_16,55.85
22:09:50,server_15,87.5
22:09:50,server_14,33.95
22:09:50,server_13,44.9
22:09:50,server_11,75.43
22:09:50,server_10,68.26
22:09:50,server_9,43.27
22:09:50,server_2,84.26
22:09:50,server_3,34.46
22:09:50,server_4,25.77
22:09:50,server_1,61.69
22:09:50,server_6,68.85
22:09:50,server_7,55.23
22:09:50,server_8,48.25
22:09:50,server_5,93.11
22:09:55,server_12,54.02
22:09:55,server_19,24.41
22:09:55,server_18,53.54
22:09:55,server_17,49.82
22:09:55,server_16,79.13
22:09:55,server_15,44.92
22:09:55,server_14,30.94
22:09:55,server_13,86.5
22:09:55,server_11,51.48
22:09:55,server_20,38.13
22:09:55,server_9,60.2
22:09:55,server_1,52.34
22:09:55,server_2,63.75
22:09:55,server_3,58.16
22:09:55,server_4,41.17
22:09:55,server_10,20.66
22:09:55,server_6,94.51
22:09:55,server_7,63.25
22:09:55,server_8,26.79
22:09:55,server_5,61.47
22:10:00,server_12,66.52
22:10:00,server_19,87.16
22:10:00,server_18,57.02
22:10:00,server_17,68.07
22:10:00,server_16,46.6
22:10:00,server_15,58.0
22:10:00,server_14,61.04
22:10:00,server_13,61.85
22:10:00,server_11,31.36
22:10:00,server_20,33.77
22:10:00,server_9,58.8
22:10:00,server_1,59.11
22:10:00,server_2,55.15
22:10:00,server_3,25.5
22:10:00,server_4,61.54
22:10:00,server_10,44.88
22:10:00,server_6,81.97
22:10:00,server_7,76.82
22:10:00,server_8,8.04
22:10:00,server_5,58.42
22:10:05,server_11,25.49
22:10:05,server_19,90.74
22:10:05,server_18,60.18
22:10:05,server_17,61.1
22:10:05,server_16,20.32
22:10:05,server_15,64.97
22:10:05,server_14,28.37
22:10:05,server_13,57.68
22:10:05,server_12,0.81
22:10:05,server_20,62.29
22:10:05,server_10,79.46
22:10:05,server_8,85.38
22:10:05,server_7,29.5
22:10:05,server_6,67.64
22:10:05,server_5,54.26
22:10:05,server_4,59.03
22:10:05,server_3,98.15
22:10:05,server_2,60.1
22:10:05,server_1,83.55
22:10:05,server_9,24.35
22:10:10,server_13,50.74
22:10:10,server_14,52.15
22:10:10,server_15,64.65
22:10:10,server_12,33.64
22:10:10,server_17,84.73
22:10:10,server_18,66.57
22:10:10,server_19,49.38
22:10:10,server_16,68.29
22:10:10,server_11,69.17
22:10:10,server_20,89.03
22:10:10,server_9,63.6
22:10:10,server_1,45.35
22:10:10,server_2,40.07
22:10:10,server_3,42.87
22:10:10,server_4,65.8
22:10:10,server_10,88.39
22:10:10,server_6,34.11
22:10:10,server_7,49.99
22:10:10,server_8,20.46
22:10:10,server_5,68.83
22:10:15,server_19,42.63
22:10:15,server_18,24.7
22:10:15,server_17,74.7
22:10:15,server_16,86.42
22:10:15,server_15,61.08
22:10:15,server_14,58.99
22:10:15,server_13,19.99
22:10:15,server_12,21.52
22:10:15,server_11,21.92
22:10:15,server_20,56.55
22:10:15,server_9,76.23
22:10:15,server_1,68.33
22:10:15,server_2,30.14
22:10:15,server_3,28.01
22:10:15,server_4,36.66
22:10:15,server_10,69.05
22:10:15,server_6,4.63
22:10:15,server_7,10.32
22:10:15,server_8,21.94
22:10:15,server_5,31.28
22:10:20,server_11,93.0
22:10:20,server_19,38.56
22:10:20,server_18,57.7
22:10:20,server_17,89.29
22:10:20,server_16,61.92
22:10:20,server_15,35.42
22:10:20,server_14,20.65
22:10:20,server_13,19.65
22:10:20,server_12,32.72
22:10:20,server_20,21.46
22:10:20,server_10,57.13
22:10:20,server_8,90.66
22:10:20,server_9,22.94
22:10:20,server_1,27.81
22:10:20,server_2,44.12
22:10:20,server_3,47.58
22:10:20,server_5,66.05
22:10:20,server_6,45.59
22:10:20,server_7,19.99
22:10:20,server_4,38.34
22:10:25,server_20,49.78
22:10:25,server_11,47.67
22:10:25,server_18,23.37
22:10:25,server_17,90.01
22:10:25,server_16,60.46
22:10:25,server_15,56.33
22:10:25,server_14,91.99
22:10:25,server_13,58.01
22:10:25,server_12,77.41
22:10:25,server_19,93.44
22:10:25,server_10,45.73
22:10:25,server_8,49.05
22:10:25,server_1,52.66
22:10:25,server_2,57.94
22:10:25,server_3,78.8
22:10:25,server_9,3.26
22:10:25,server_5,20.33
22:10:25,server_6,35.67
22:10:25,server_7,86.6
22:10:25,server_4,42.77
22:10:30,server_12,39.55
22:10:30,server_19,45.25
22:10:30,server_18,85.91
22:10:30,server_17,61.6
22:10:30,server_16,28.28
22:10:30,server_15,27.22
22:10:30,server_14,99.15
22:10:30,server_13,95.81
22:10:30,server_11,58.01
22:10:30,server_20,25.55
22:10:30,server_9,62.21
22:10:30,server_1,30.85
22:10:30,server_2,69.93
22:10:30,server_3,65.79
22:10:30,server_4,95.44
22:10:30,server_10,36.19
22:10:30,server_6,20.51
22:10:30,server_7,85.76
22:10:30,server_8,74.21
22:10:30,server_5,96.08
22:10:35,server_11,66.89
22:10:35,server_19,50.55
22:10:35,server_18,92.63
22:10:35,server_17,44.05
22:10:35,server_16,16.51
22:10:35,server_15,57.94
22:10:35,server_14,56.42
22:10:35,server_13,25.3
22:10:35,server_12,88.47
22:10:35,server_20,42.35
22:10:35,server_10,7.59
22:10:35,server_8,24.73
22:10:35,server_7,55.66
22:10:35,server_6,31.17
22:10:35,server_5,66.1
22:10:35,server_4,48.51
22:10:35,server_3,47.4
22:10:35,server_2,63.63
22:10:35,server_1,32.84
22:10:35,server_9,90.19
22:10:40,server_13,57.37
22:10:40,server_14,30.91
22:10:40,server_15,6.48
22:10:40,server_12,89.53
22:10:40,server_17,95.18
22:10:40,server_18,27.78
22:10:40,server_19,62.62
22:10:40,server_16,92.69
22:10:40,server_11,29.17
22:10:40,server_20,35.44
22:10:40,server_9,25.39
22:10:40,server_1,25.11
22:10:40,server_2,58.59
22:10:40,server_3,97.29
22:10:40,server_4,38.08
22:10:40,server_10,29.49
22:10:40,server_6,62.01
22:10:40,server_7,91.43
22:10:40,server_8,97.47
22:10:40,server_5,89.18
22:10:45,server_20,34.19
22:10:45,server_19,50.75
22:10:45,server_18,62.7
22:10:45,server_17,48.86
22:10:45,server_16,67.63
22:10:45,server_15,79.66
22:10:45,server_14,91.36
22:10:45,server_12,28.25
22:10:45,server_11,29.98
22:10:45,server_13,87.26
22:10:45,server_9,59.49
22:10:45,server_10,36.02
22:10:45,server_2,29.81
22:10:45,server_3,0.78
22:10:45,server_4,50.25
22:10:45,server_1,3.66
22:10:45,server_6,20.66
22:10:45,server_7,12.39
22:10:45,server_8,29.91
22:10:45,server_5,29.52
22:10:50,server_12,56.26
22:10:50,server_20,26.34
22:10:50,server_19,33.46
22:10:50,server_18,40.06
22:10:50,server_17,60.55
22:10:50,server_16,37.51
22:10:50,server_15,69.83
22:10:50,server_14,90.22
22:10:50,server_13,41.94
22:10:50,server_11,52.85
22:10:50,server_3,99.79
22:10:50,server_9,95.55
22:10:50,server_10,47.86
22:10:50,server_2,29.68
22:10:50,server_4,50.42
22:10:50,server_1,68.03
22:10:50,server_6,89.11
22:10:50,server_7,20.46
22:10:50,server_8,72.63
22:10:50,server_5,52.35
22:10:55,server_12,33.53
22:10:55,server_19,39.86
22:10:55,server_18,98.29
22:10:55,server_17,23.19
22:10:55,server_16,29.83
22:10:55,server_15,56.97
22:10:55,server_14,24.88
22:10:55,server_20,90.86
22:10:55,server_11,63.93
22:10:55,server_13,57.7
22:10:55,server_9,93.09
22:10:55,server_1,22.6
22:10:55,server_2,83.82
22:10:55,server_3,95.27
22:10:55,server_4,46.84
22:10:55,server_10,73.72
22:10:55,server_6,74.8
22:10:55,server_7,88.76
22:10:55,server_8,41.56
22:10:55,server_5,38.15
22:11:00,server_19,30.12
22:11:00,server_18,26.65
22:11:00,server_17,92.31
22:11:00,server_16,90.14
22:11:00,server_15,65.72
22:11:00,server_14,10.41
22:11:00,server_13,37.86
22:11:00,server_12,23.81
22:11:00,server_11,36.21
22:11:00,server_20,95.86
22:11:00,server_9,19.15
22:11:00,server_1,87.59
22:11:00,server_2,36.86
22:11:00,server_3,22.98
22:11:00,server_4,22.75
22:11:00,server_10,69.36
22:11:00,server_6,28.79
22:11:00,server_7,22.02
22:11:00,server_8,10.77
22:11:00,server_5,3.86
22:11:05,server_11,30.68
22:11:05,server_19,12.62
22:11:05,server_18,52.06
22:11:05,server_17,62.94
22:11:05,server_16,88.41
22:11:05,server_15,79.3
22:11:05,server_14,65.32
22:11:05,server_13,46.6
22:11:05,server_12,54.36
22:11:05,server_20,36.85
22:11:05,server_10,77.84
22:11:05,server_8,49.22
22:11:05,server_9,28.85
22:11:05,server_1,91.4
22:11:05,server_2,43.46
22:11:05,server_3,19.73
22:11:05,server_5,64.74
22:11:05,server_6,45.41
22:11:05,server_7,44.32
22:11:05,server_4,92.8
22:11:10,server_20,45.34
22:11:10,server_11,34.44
22:11:10,server_18,58.64
22:11:10,server_17,43.84
22:11:10,server_16,42.29
22:11:10,server_15,63.1
22:11:10,server_14,90.62
22:11:10,server_13,66.05
22:11:10,server_12,74.7
22:11:10,server_19,26.78
22:11:10,server_10,23.48
22:11:10,server_8,35.47
22:11:10,server_1,61.76
22:11:10,server_2,46.55
22:11:10,server_3,94.92
22:11:10,server_9,62.99
22:11:10,server_5,98.28
22:11:10,server_6,29.98
22:11:10,server_7,37.16
22:11:10,server_4,87.52
22:11:15,server_20,24.94
22:11:15,server_19,43.72
22:11:15,server_18,75.55
22:11:15,server_17,47.55
22:11:15,server_16,28.52
22:11:15,server_15,46.92
22:11:15,server_14,53.6
22:11:15,server_12,49.14
22:11:15,server_11,73.1
22:11:15,server_13,81.92
22:11:15,server_9,42.73
22:11:15,server_10,92.05
22:11:15,server_2,25.22
22:11:15,server_3,99.68
22:11:15,server_4,46.82
22:11:15,server_1,52.71
22:11:15,server_6,35.4
22:11:15,server_7,20.87
22:11:15,server_8,44.79
22:11:15,server_5,85.9
22:11:20,server_12,63.03
22:11:20,server_19,46.39
22:11:20,server_18,69.18
22:11:20,server_20,91.07
22:11:20,server_17,27.22
22:11:20,server_16,68.6
22:11:20,server_15,41.25
22:11:20,server_14,10.34
22:11:20,server_13,45.14
22:11:20,server_11,68.03
22:11:20,server_3,54.21
22:11:20,server_9,1.57
22:11:20,server_10,22.66
22:11:20,server_2,67.14
22:11:20,server_4,31.38
22:11:20,server_1,85.36
22:11:20,server_6,48.28
22:11:20,server_7,87.2
22:11:20,server_8,57.63
22:11:20,server_5,37.09
22:11:25,server_11,99.45
22:11:25,server_20,37.35
22:11:25,server_18,41.8
22:11:25,server_17,95.95
22:11:25,server_16,78.8
22:11:25,server_15,37.94
22:11:25,server_14,21.85
22:11:25,server_13,63.39
22:11:25,server_12,56.11
22:11:25,server_19,30.24
22:11:25,server_10,91.01
22:11:25,server_8,97.98
22:11:25,server_1,97.52
22:11:25,server_2,94.85
22:11:25,server_3,60.09
22:11:25,server_9,42.73
22:11:25,server_5,67.55
22:11:25,server_6,34.89
22:11:25,server_7,53.99
22:11:25,server_4,24.0
22:11:30,server_12,53.13
22:11:30,server_19,88.5
22:11:30,server_18,64.05
22:11:30,server_17,92.4
22:11:30,server_16,1.88
22:11:30,server_15,52.82
22:11:30,server_14,43.1
22:11:30,server_13,22.33
22:11:30,server_11,65.9
22:11:30,server_20,32.28
22:11:30,server_9,57.13
22:11:30,server_1,49.06
22:11:30,server_2,95.66
22:11:30,server_3,14.11
22:11:30,server_4,61.14
22:11:30,server_10,57.88
22:11:30,server_6,40.44
22:11:30,server_7,36.78
22:11:30,server_8,49.06
22:11:30,server_5,62.37
22:11:35,server_11,21.06
22:11:35,server_19,41.83
22:11:35,server_18,91.18
22:11:35,server_17,90.04
22:11:35,server_16,60.33
22:11:35,server_15,36.24
22:11:35,server_14,11.43
22:11:35,server_13,46.91
22:11:35,server_12,90.3
22:11:35,server_20,95.09
22:11:35,server_10,90.45
22:11:35,server_8,37.86
22:11:35,server_7,83.11
22:11:35,server_6,48.04
22:11:35,server_5,6.19
22:11:35,server_4,58.52
22:11:35,server_3,92.25
22:11:35,server_2,92.22
22:11:35,server_1,40.34
22:11:35,server_9,62.33
22:11:40,server_14,25.72
22:11:40,server_15,3.91
22:11:40,server_16,57.53
22:11:40,server_13,42.11
22:11:40,server_18,33.89
22:11:40,server_19,2.11
22:11:40,server_20,38.94
22:11:40,server_17,54.92
22:11:40,server_12,15.98
22:11:40,server_11,31.38
22:11:40,server_1,36.32
22:11:40,server_9,3.42
22:11:40,server_8,35.12
22:11:40,server_7,17.08
22:11:40,server_6,59.1
22:11:40,server_5,68.26
22:11:40,server_4,84.38
22:11:40,server_3,28.41
22:11:40,server_2,35.16
22:11:40,server_10,21.19
22:11:45,server_14,62.71
22:11:45,server_15,92.64
22:11:45,server_16,38.21
22:11:45,server_17,74.74
22:11:45,server_10,33.9
22:11:45,server_19,90.07
22:11:45,server_20,31.1
22:11:45,server_13,41.44
22:11:45,server_18,41.3
22:11:45,server_12,85.1
22:11:45,server_7,29.78
22:11:45,server_9,66.58
22:11:45,server_8,66.33
22:11:45,server_6,22.51
22:11:45,server_5,90.6
22:11:45,server_4,69.62
22:11:45,server_3,92.15
22:11:45,server_2,61.93
22:11:45,server_1,34.25
22:11:45,server_11,29.03
22:11:50,server_13,48.53
22:11:50,server_14,64.64
22:11:50,server_15,24.91
22:11:50,server_20,52.13
22:11:50,server_18,37.99
22:11:50,server_19,30.25
22:11:50,server_12,50.27
22:11:50,server_16,53.46
22:11:50,server_11,66.02
22:11:50,server_17,67.03
22:11:50,server_9,52.1
22:11:50,server_8,54.63
22:11:50,server_7,55.08
22:11:50,server_6,86.24
22:11:50,server_5,88.38
22:11:50,server_4,91.49
22:11:50,server_1,88.31
22:11:50,server_3,26.21
22:11:50,server_2,28.55
22:11:50,server_10,93.22
22:11:55,server_13,60.99
22:11:55,server_14,42.77
22:11:55,server_15,51.78
22:11:55,server_20,51.53
22:11:55,server_18,37.19
22:11:55,server_19,52.76
22:11:55,server_12,69.73
22:11:55,server_16,47.58
22:11:55,server_11,43.1
22:11:55,server_17,64.84
22:11:55,server_9,34.1
22:11:55,server_8,54.41
22:11:55,server_7,87.45
22:11:55,server_6,77.87
22:11:55,server_5,57.32
22:11:55,server_4,55.87
22:11:55,server_3,28.71
22:11:55,server_2,42.25
22:11:55,server_1,59.69
22:11:55,server_10,97.68
22:12:00,server_13,51.89
22:12:00,server_14,80.89
22:12:00,server_15,42.98
22:12:00,server_20,85.98
22:12:00,server_17,34.36
22:12:00,server_18,58.63
22:12:00,server_19,48.88
22:12:00,server_12,65.43
22:12:00,server_16,21.72
22:12:00,server_11,64.52
22:12:00,server_7,98.83
22:12:00,server_9,5.56
22:12:00,server_8,51.78
22:12:00,server_6,56.91
22:12:00,server_5,88.66
22:12:00,server_4,38.55
22:12:00,server_3,51.94
22:12:00,server_2,51.69
22:12:00,server_1,56.89
22:12:00,server_10,41.5
22:12:05,server_13,88.59
22:12:05,server_14,39.18
22:12:05,server_15,25.94
22:12:05,server_20,25.16
22:12:05,server_18,46.32
22:12:05,server_19,65.25
22:12:05,server_12,27.17
22:12:05,server_16,13.32
22:12:05,server_11,41.8
22:12:05,server_17,62.4
22:12:05,server_9,71.23
22:12:05,server_2,62.19
22:12:05,server_3,35.03
22:12:05,server_1,88.54
22:12:05,server_4,94.3
22:12:05,server_10,47.8
22:12:05,server_6,62.77
22:12:05,server_7,45.2
22:12:05,server_8,45.89
22:12:05,server_5,67.88
22:12:10,server_12,22.57
22:12:10,server_19,42.61
22:12:10,server_18,49.27
22:12:10,server_17,11.57
22:12:10,server_16,39.0
22:12:10,server_15,8.66
22:12:10,server_14,85.59
22:12:10,server_13,48.91
22:12:10,server_11,52.98
22:12:10,server_20,31.56
22:12:10,server_9,62.26
22:12:10,server_1,46.74
22:12:10,server_2,55.42
22:12:10,server_3,59.11
22:12:10,server_4,94.68
22:12:10,server_10,4.59
22:12:10,server_6,38.24
22:12:10,server_7,53.16
22:12:10,server_8,4.34
22:12:10,server_5,44.31
22:12:15,server_11,51.91
22:12:15,server_19,42.36
22:12:15,server_18,38.91
22:12:15,server_17,23.55
22:12:15,server_16,41.28
22:12:15,server_15,22.31
22:12:15,server_14,24.5
22:12:15,server_13,35.55
22:12:15,server_12,57.29
22:12:15,server_20,97.44
22:12:15,server_10,38.56
22:12:15,server_8,90.17
22:12:15,server_7,49.87
22:12:15,server_6,27.16
22:12:15,server_5,93.85
22:12:15,server_4,57.71
22:12:15,server_3,93.67
22:12:15,server_2,49.4
22:12:15,server_1,58.2
22:12:15,server_9,56.66
22:12:20,server_13,95.39
22:12:20,server_20,93.67
22:12:20,server_14,98.37
22:12:20,server_15,25.9
22:12:20,server_19,30.13
22:12:20,server_17,34.11
22:12:20,server_18,19.33
22:12:20,server_12,10.7
22:12:20,server_16,28.76
22:12:20,server_11,86.4
22:12:20,server_7,30.16
22:12:20,server_9,67.27
22:12:20,server_8,53.58
22:12:20,server_6,56.56
22:12:20,server_5,46.5
22:12:20,server_4,40.29
22:12:20,server_3,95.17
22:12:20,server_2,25.18
22:12:20,server_1,91.57
22:12:20,server_10,72.16
22:12:25,server_13,44.38
22:12:25,server_14,87.77
22:12:25,server_15,68.98
22:12:25,server_20,27.09
22:12:25,server_17,46.17
22:12:25,server_19,39.18
22:12:25,server_12,50.13
22:12:25,server_16,76.26
22:12:25,server_11,94.81
22:12:25,server_18,94.99
22:12:25,server_9,56.42
22:12:25,server_8,63.29
22:12:25,server_7,98.16
22:12:25,server_6,98.48
22:12:25,server_5,94.33
22:12:25,server_4,21.58
22:12:25,server_3,36.37
22:12:25,server_2,92.76
22:12:25,server_1,36.76
22:12:25,server_10,62.3
22:12:30,server_13,76.43
22:12:30,server_14,86.94
22:12:30,server_15,1.82
22:12:30,server_20,64.93
22:12:30,server_17,98.84
22:12:30,server_18,68.43
22:12:30,server_19,95.45
22:12:30,server_12,29.56
22:12:30,server_16,91.65
22:12:30,server_11,57.53
22:12:30,server_7,61.15
22:12:30,server_9,48.73
22:12:30,server_8,88.43
22:12:30,server_6,93.12
22:12:30,server_5,71.32
22:12:30,server_4,56.07
22:12:30,server_3,21.91
22:12:30,server_2,44.2
22:12:30,server_1,7.86
22:12:30,server_10,95.08
22:12:35,server_14,20.03
22:12:35,server_16,25.02
22:12:35,server_15,58.81
22:12:35,server_17,36.36
22:12:35,server_10,40.91
22:12:35,server_19,22.7
22:12:35,server_20,32.5
22:12:35,server_13,57.96
22:12:35,server_18,39.01
22:12:35,server_12,49.92
22:12:35,server_7,12.14
22:12:35,server_11,63.26
22:12:35,server_9,35.72
22:12:35,server_8,41.43
22:12:35,server_1,63.62
22:12:35,server_6,3.48
22:12:35,server_5,25.91
22:12:35,server_4,90.62
22:12:35,server_3,62.82
22:12:35,server_2,65.06
22:12:40,server_13,53.41
22:12:40,server_14,58.5
22:12:40,server_15,69.31
22:12:40,server_16,47.49
22:12:40,server_20,6.83
22:12:40,server_18,21.43
22:12:40,server_19,44.39
22:12:40,server_12,46.91
22:12:40,server_17,96.19
22:12:40,server_11,90.44
22:12:40,server_10,60.86
22:12:40,server_9,60.28
22:12:40,server_2,28.72
22:12:40,server_3,86.3
22:12:40,server_4,93.66
22:12:40,server_1,38.71
22:12:40,server_6,99.12
22:12:40,server_7,93.11
22:12:40,server_8,80.9
22:12:40,server_5,90.05
22:12:45,server_11,89.31
22:12:45,server_19,7.3
22:12:45,server_18,32.81
22:12:45,server_16,93.49
22:12:45,server_15,94.73
22:12:45,server_14,47.19
22:12:45,server_13,21.08
22:12:45,server_12,58.01
22:12:45,server_10,56.56
22:12:45,server_20,40.24
22:12:45,server_8,75.81
22:12:45,server_9,59.29
22:12:45,server_1,92.87
22:12:45,server_2,49.2
22:12:45,server_3,39.3
22:12:45,server_17,77.68
22:12:45,server_5,86.63
22:12:45,server_6,50.94
22:12:45,server_4,80.08
22:12:45,server_7,89.71
22:12:50,server_20,94.4
22:12:50,server_19,29.28
22:12:50,server_18,2.33
22:12:50,server_16,59.09
22:12:50,server_15,24.43
22:12:50,server_14,97.2
22:12:50,server_13,85.94
22:12:50,server_12,65.84
22:12:50,server_11,94.61
22:12:50,server_17,26.38
22:12:50,server_9,54.53
22:12:50,server_8,62.03
22:12:50,server_7,21.09
22:12:50,server_6,65.79
22:12:50,server_5,3.98
22:12:50,server_4,99.34
22:12:50,server_3,27.18
22:12:50,server_2,17.56
22:12:50,server_1,4.04
22:12:50,server_10,55.25
22:12:55,server_13,32.2
22:12:55,server_14,66.18
22:12:55,server_15,51.4
22:12:55,server_20,27.26
22:12:55,server_17,62.69
22:12:55,server_18,92.92
22:12:55,server_19,24.49
22:12:55,server_12,64.86
22:12:55,server_16,40.13
22:12:55,server_11,55.33
22:12:55,server_7,77.66
22:12:55,server_9,59.2
22:12:55,server_8,61.78
22:12:55,server_6,23.88
22:12:55,server_5,39.71
22:12:55,server_4,64.54
22:12:55,server_3,25.94
22:12:55,server_2,57.8
22:12:55,server_1,28.44
22:12:55,server_10,84.17
22:13:00,server_13,1.71
22:13:00,server_14,45.34
22:13:00,server_15,62.76
22:13:00,server_17,52.12
22:13:00,server_19,51.02
22:13:00,server_20,82.35
22:13:00,server_12,26.55
22:13:00,server_18,92.22
22:13:00,server_11,14.83
22:13:00,server_16,44.91
22:13:00,server_9,28.71
22:13:00,server_2,43.6
22:13:00,server_3,59.24
22:13:00,server_4,2.41
22:13:00,server_10,30.24
22:13:00,server_1,58.14
22:13:00,server_6,41.01
22:13:00,server_7,49.84
22:13:00,server_8,24.7
22:13:00,server_5,24.34
22:13:05,server_12,25.12
22:13:05,server_19,29.98
22:13:05,server_18,97.17
22:13:05,server_17,58.62
22:13:05,server_16,37.92
22:13:05,server_15,67.85
22:13:05,server_14,63.95
22:13:05,server_13,63.19
22:13:05,server_11,73.69
22:13:05,server_20,25.99
22:13:05,server_9,40.75
22:13:05,server_1,34.23
22:13:05,server_2,92.27
22:13:05,server_3,81.59
22:13:05,server_4,65.06
22:13:05,server_10,35.58
22:13:05,server_6,30.31
22:13:05,server_7,64.51
22:13:05,server_8,89.03
22:13:05,server_5,40.77
22:13:10,server_11,20.63
22:13:10,server_19,76.88
22:13:10,server_18,68.96
22:13:10,server_17,43.95
22:13:10,server_16,70.71
22:13:10,server_15,59.52
22:13:10,server_14,1.4
22:13:10,server_13,95.51
22:13:10,server_12,39.55
22:13:10,server_20,64.11
22:13:10,server_10,30.14
22:13:10,server_8,55.6
22:13:10,server_7,47.82
22:13:10,server_6,46.81
22:13:10,server_5,7.25
22:13:10,server_4,37.31
22:13:10,server_3,1.37
22:13:10,server_2,65.85
22:13:10,server_1,62.21
22:13:10,server_9,27.27
22:13:15,server_13,69.6
22:13:15,server_14,74.02
22:13:15,server_15,53.46
22:13:15,server_20,87.66
22:13:15,server_19,81.14
22:13:15,server_17,34.18
22:13:15,server_18,4.49
22:13:15,server_12,27.12
22:13:15,server_16,50.2
22:13:15,server_11,49.1
22:13:15,server_5,46.12
22:13:15,server_9,88.5
22:13:15,server_8,44.0
22:13:15,server_7,55.29
22:13:15,server_6,42.26
22:13:15,server_4,50.19
22:13:15,server_3,39.77
22:13:15,server_2,23.75
22:13:15,server_1,28.18
22:13:15,server_10,3.2
22:13:20,server_13,24.88
22:13:20,server_14,7.26
22:13:20,server_15,28.36
22:13:20,server_20,62.86
22:13:20,server_18,56.71
22:13:20,server_19,75.9
22:13:20,server_12,79.89
22:13:20,server_17,29.43
22:13:20,server_11,21.94
22:13:20,server_16,20.43
22:13:20,server_9,67.44
22:13:20,server_8,90.45
22:13:20,server_7,51.28
22:13:20,server_6,87.16
22:13:20,server_5,49.84
22:13:20,server_4,60.51
22:13:20,server_3,3.02
22:13:20,server_2,75.64
22:13:20,server_1,20.88
22:13:20,server_10,64.01
22:13:25,server_12,87.5
22:13:25,server_13,38.66
22:13:25,server_14,41.64
22:13:25,server_18,98.49
22:13:25,server_16,68.53
22:13:25,server_17,99.82
22:13:25,server_11,23.23
22:13:25,server_15,44.62
22:13:25,server_10,0.87
22:13:25,server_5,5.65
22:13:25,server_8,24.46
22:13:25,server_7,92.87
22:13:25,server_6,45.71
22:13:25,server_4,91.59
22:13:25,server_3,59.97
22:13:25,server_2,68.44
22:13:25,server_1,68.81
22:13:25,server_19,25.53
22:13:25,server_9,68.81
22:13:25,server_20,75.9
22:13:30,server_13,62.72
22:13:30,server_14,31.05
22:13:30,server_15,22.39
22:13:30,server_20,23.47
22:13:30,server_18,64.3
22:13:30,server_19,36.55
22:13:30,server_12,58.56
22:13:30,server_16,13.14
22:13:30,server_11,90.36
22:13:30,server_17,45.58
22:13:30,server_9,11.09
22:13:30,server_2,65.83
22:13:30,server_3,39.1
22:13:30,server_10,25.5
22:13:30,server_4,66.26
22:13:30,server_1,22.37
22:13:30,server_6,67.39
22:13:30,server_7,48.56
22:13:30,server_8,73.69
22:13:30,server_5,91.1
22:13:35,server_12,99.31
22:13:35,server_20,41.51
22:13:35,server_19,86.2
22:13:35,server_18,39.46
22:13:35,server_17,94.18
22:13:35,server_16,99.97
22:13:35,server_15,23.52
22:13:35,server_14,53.84
22:13:35,server_13,43.11
22:13:35,server_11,98.82
22:13:35,server_10,31.04
22:13:35,server_9,99.38
22:13:35,server_2,25.08
22:13:35,server_3,58.9
22:13:35,server_4,6.86
22:13:35,server_1,48.35
22:13:35,server_6,96.38
22:13:35,server_7,64.32
22:13:35,server_8,81.88
22:13:35,server_5,19.31
22:13:40,server_12,92.24
22:13:40,server_19,60.53
22:13:40,server_18,61.08
22:13:40,server_17,24.17
22:13:40,server_16,69.78
22:13:40,server_15,49.96
22:13:40,server_14,67.26
22:13:40,server_13,84.1
22:13:40,server_11,71.07
22:13:40,server_20,53.93
22:13:40,server_9,63.94
22:13:40,server_1,21.1
22:13:40,server_2,22.39
22:13:40,server_3,58.15
22:13:40,server_4,67.87
22:13:40,server_10,38.75
22:13:40,server_6,32.6
22:13:40,server_7,64.45
22:13:40,server_8,26.62
22:13:40,server_5,89.73
22:13:45,server_12,9.02
22:13:45,server_19,41.11
22:13:45,server_18,59.52
22:13:45,server_17,21.38
22:13:45,server_16,1.16
22:13:45,server_15,99.06
22:13:45,server_14,54.35
22:13:45,server_13,61.58
22:13:45,server_11,10.02
22:13:45,server_20,6.17
22:13:45,server_9,18.25
22:13:45,server_1,12.31
22:13:45,server_2,40.78
22:13:45,server_3,63.31
22:13:45,server_4,54.5
22:13:45,server_10,41.31
22:13:45,server_6,95.78
22:13:45,server_7,11.33
22:13:45,server_8,53.27
22:13:45,server_5,85.37
22:13:50,server_11,43.05
22:13:50,server_19,68.23
22:13:50,server_18,57.84
22:13:50,server_17,36.04
22:13:50,server_16,41.44
22:13:50,server_15,98.26
22:13:50,server_14,59.1
22:13:50,server_13,33.53
22:13:50,server_12,45.86
22:13:50,server_20,92.99
22:13:50,server_10,67.12
22:13:50,server_8,52.6
22:13:50,server_7,31.04
22:13:50,server_6,26.8
22:13:50,server_5,41.6
22:13:50,server_4,26.68
22:13:50,server_3,59.14
22:13:50,server_2,24.72
22:13:50,server_1,63.32
22:13:50,server_9,69.39
22:13:55,server_13,93.47
22:13:55,server_14,97.57
22:13:55,server_15,47.66
22:13:55,server_12,30.18
22:13:55,server_17,38.91
22:13:55,server_18,9.79
22:13:55,server_19,13.56
22:13:55,server_16,38.35
22:13:55,server_11,64.32
22:13:55,server_20,51.29
22:13:55,server_9,28.32
22:13:55,server_1,56.74
22:13:55,server_2,27.35
22:13:55,server_3,63.16
22:13:55,server_4,10.6
22:13:55,server_10,50.94
22:13:55,server_6,40.61
22:13:55,server_7,65.96
22:13:55,server_8,67.95
22:13:55,server_5,22.71
22:14:00,server_19,48.88
22:14:00,server_18,47.91
22:14:00,server_17,93.29
22:14:00,server_16,93.82
22:14:00,server_15,96.99
22:14:00,server_14,59.74
22:14:00,server_13,87.72
22:14:00,server_12,33.34
22:14:00,server_11,42.01
22:14:00,server_20,64.99
22:14:00,server_9,44.85
22:14:00,server_1,63.49
22:14:00,server_2,64.05
22:14:00,server_3,68.22
22:14:00,server_4,91.14
22:14:00,server_10,54.41
22:14:00,server_6,76.94
22:14:00,server_7,89.63
22:14:00,server_8,35.87
22:14:00,server_5,31.5
22:14:05,server_11,76.65
22:14:05,server_19,66.03
22:14:05,server_18,88.66
22:14:05,server_17,47.85
22:14:05,server_16,32.96
22:14:05,server_15,83.09
22:14:05,server_14,44.49
22:14:05,server_13,98.09
22:14:05,server_12,57.92
22:14:05,server_20,85.51
22:14:05,server_10,68.43
22:14:05,server_8,52.77
22:14:05,server_9,28.29
22:14:05,server_1,91.42
22:14:05,server_2,98.02
22:14:05,server_3,40.3
22:14:05,server_5,48.38
22:14:05,server_6,17.66
22:14:05,server_7,0.4
22:14:05,server_4,70.86
22:14:10,server_20,32.71
22:14:10,server_11,93.84
22:14:10,server_18,20.72
22:14:10,server_17,66.6
22:14:10,server_16,88.43
22:14:10,server_15,24.81
22:14:10,server_14,93.5
22:14:10,server_13,51.75
22:14:10,server_12,52.26
22:14:10,server_19,90.91
22:14:10,server_10,30.02
22:14:10,server_8,28.05
22:14:10,server_1,49.12
22:14:10,server_2,13.58
22:14:10,server_3,21.37
22:14:10,server_9,13.25
22:14:10,server_5,85.36
22:14:10,server_6,47.58
22:14:10,server_7,20.18
22:14:10,server_4,59.72
22:14:15,server_12,95.97
22:14:15,server_19,62.29
22:14:15,server_18,20.98
22:14:15,server_17,55.33
22:14:15,server_16,30.6
22:14:15,server_15,93.99
22:14:15,server_14,51.04
22:14:15,server_13,23.98
22:14:15,server_11,62.51
22:14:15,server_20,94.94
22:14:15,server_9,47.17
22:14:15,server_1,27.84
22:14:15,server_2,38.31
22:14:15,server_3,81.72
22:14:15,server_4,64.92
22:14:15,server_10,24.61
22:14:15,server_6,29.73
22:14:15,server_7,57.56
22:14:15,server_8,61.27
22:14:15,server_5,15.48
22:14:20,server_11,7.66
22:14:20,server_19,45.1
22:14:20,server_18,71.14
22:14:20,server_17,35.13
22:14:20,server_16,90.2
22:14:20,server_15,37.2
22:14:20,server_14,32.5
22:14:20,server_13,0.07
22:14:20,server_12,57.36
22:14:20,server_20,30.88
22:14:20,server_10,96.2
22:14:20,server_8,79.11
22:14:20,server_7,38.2
22:14:20,server_6,54.41
22:14:20,server_5,55.97
22:14:20,server_4,32.09
22:14:20,server_3,59.97
22:14:20,server_2,65.96
22:14:20,server_1,96.54
22:14:20,server_9,28.61
22:14:25,server_13,53.02
22:14:25,server_14,56.42
22:14:25,server_15,90.22
22:14:25,server_12,68.88
22:14:25,server_20,54.75
22:14:25,server_18,89.86
22:14:25,server_19,93.62
22:14:25,server_16,95.37
22:14:25,server_11,80.62
22:14:25,server_17,56.99
22:14:25,server_9,24.21
22:14:25,server_1,49.34
22:14:25,server_2,46.43
22:14:25,server_3,99.39
22:14:25,server_4,57.32
22:14:25,server_10,85.65
22:14:25,server_6,24.45
22:14:25,server_7,78.01
22:14:25,server_8,21.71
22:14:25,server_5,54.73
22:14:30,server_12,37.0
22:14:30,server_19,42.8
22:14:30,server_18,81.15
22:14:30,server_17,26.44
22:14:30,server_16,24.85
22:14:30,server_15,69.38
22:14:30,server_14,28.0
22:14:30,server_13,57.07
22:14:30,server_11,22.27
22:14:30,server_20,74.31
22:14:30,server_9,53.79
22:14:30,server_1,37.55
22:14:30,server_2,62.77
22:14:30,server_3,98.03
22:14:30,server_4,64.28
22:14:30,server_10,34.23
22:14:30,server_6,73.68
22:14:30,server_7,49.27
22:14:30,server_8,98.31
22:14:30,server_5,45.29
22:14:35,server_11,52.33
22:14:35,server_19,64.92
22:14:35,server_18,31.12
22:14:35,server_17,57.34
22:14:35,server_16,35.1
22:14:35,server_15,39.45
22:14:35,server_14,86.32
22:14:35,server_13,98.44
22:14:35,server_12,16.08
22:14:35,server_20,99.14
22:14:35,server_10,2.38
22:14:35,server_8,35.0
22:14:35,server_7,42.75
22:14:35,server_6,97.96
22:14:35,server_5,42.75
22:14:35,server_4,46.93
22:14:35,server_3,54.94
22:14:35,server_2,25.28
22:14:35,server_1,86.39
22:14:35,server_9,97.75
22:14:40,server_13,27.12
22:14:40,server_14,67.59
22:14:40,server_15,89.05
22:14:40,server_16,39.92
22:14:40,server_20,9.31
22:14:40,server_18,91.03
22:14:40,server_19,50.17
22:14:40,server_12,41.66
22:14:40,server_17,43.86
22:14:40,server_11,57.83
22:14:40,server_10,33.06
22:14:40,server_9,42.07
22:14:40,server_2,6.39
22:14:40,server_3,30.13
22:14:40,server_4,53.16
22:14:40,server_1,22.9
22:14:40,server_6,83.94
22:14:40,server_7,13.27
22:14:40,server_8,49.14
22:14:40,server_5,41.07
22:14:45,server_13,13.63
22:14:45,server_20,32.45
22:14:45,server_19,1.88
22:14:45,server_18,43.24
22:14:45,server_17,21.3
22:14:45,server_16,36.15
22:14:45,server_15,85.93
22:14:45,server_14,94.73
22:14:45,server_12,87.42
22:14:45,server_11,95.27
22:14:45,server_1,6.56
22:14:45,server_9,22.42
22:14:45,server_8,65.27
22:14:45,server_7,22.57
22:14:45,server_6,65.52
22:14:45,server_5,63.27
22:14:45,server_4,54.63
22:14:45,server_3,88.04
22:14:45,server_2,47.06
22:14:45,server_10,47.8
22:14:50,server_13,33.33
22:14:50,server_14,60.11
22:14:50,server_15,63.94
22:14:50,server_16,51.05
22:14:50,server_12,41.25
22:14:50,server_18,47.69
22:14:50,server_19,51.94
22:14:50,server_20,78.91
22:14:50,server_17,62.23
22:14:50,server_11,27.79
22:14:50,server_1,23.2
22:14:50,server_9,91.46
22:14:50,server_8,51.3
22:14:50,server_7,39.67
22:14:50,server_6,59.57
22:14:50,server_5,88.48
22:14:50,server_4,58.27
22:14:50,server_3,44.92
22:14:50,server_2,81.09
22:14:50,server_10,93.06
22:14:55,server_13,42.67
22:14:55,server_20,57.52
22:14:55,server_14,33.26
22:14:55,server_15,0.71
22:14:55,server_19,92.11
22:14:55,server_17,86.61
22:14:55,server_18,49.52
22:14:55,server_12,46.12
22:14:55,server_16,94.29
22:14:55,server_11,92.54
22:14:55,server_7,38.19
22:14:55,server_9,29.83
22:14:55,server_1,45.07
22:14:55,server_2,29.42
22:14:55,server_3,37.35
22:14:55,server_10,36.29
22:14:55,server_5,55.83
22:14:55,server_6,56.41
22:14:55,server_8,64.18
22:14:55,server_4,42.03
22:15:00,server_13,69.24
22:15:00,server_20,5.9
22:15:00,server_19,66.24
22:15:00,server_18,54.64
22:15:00,server_17,55.69
22:15:00,server_16,69.73
22:15:00,server_15,85.2
22:15:00,server_14,52.59
22:15:00,server_12,69.6
22:15:00,server_11,21.05
22:15:00,server_1,7.49
22:15:00,server_9,70.13
22:15:00,server_8,22.99
22:15:00,server_7,67.37
22:15:00,server_6,17.05
22:15:00,server_5,28.05
22:15:00,server_4,48.83
22:15:00,server_3,16.93
22:15:00,server_2,49.56
22:15:00,server_10,90.96
22:15:05,server_13,92.34
22:15:05,server_14,20.56
22:15:05,server_15,32.72
22:15:05,server_16,2.97
22:15:05,server_12,99.99
22:15:05,server_18,59.93
22:15:05,server_19,48.43
22:15:05,server_20,85.18
22:15:05,server_17,34.89
22:15:05,server_11,95.28
22:15:05,server_1,48.07
22:15:05,server_9,52.19
22:15:05,server_8,92.13
22:15:05,server_7,97.05
22:15:05,server_6,48.83
22:15:05,server_5,28.83
22:15:05,server_4,95.77
22:15:05,server_3,60.05
22:15:05,server_2,6.17
22:15:05,server_10,41.56
22:15:10,server_20,50.36
22:15:10,server_13,46.4
22:15:10,server_14,57.3
22:15:10,server_15,95.39
22:15:10,server_19,64.14
22:15:10,server_17,82.95
22:15:10,server_18,93.29
22:15:10,server_12,80.08
22:15:10,server_16,97.59
22:15:10,server_11,99.75
22:15:10,server_8,98.44
22:15:10,server_9,28.74
22:15:10,server_7,35.32
22:15:10,server_6,11.77
22:15:10,server_5,49.76
22:15:10,server_4,42.9
22:15:10,server_3,67.22
22:15:10,server_2,60.98
22:15:10,server_1,35.55
22:15:10,server_10,68.28
22:15:15,server_13,68.97
22:15:15,server_14,48.15
22:15:15,server_15,27.77
22:15:15,server_20,16.57
22:15:15,server_17,53.02
22:15:15,server_19,15.27
22:15:15,server_12,52.71
22:15:15,server_16,51.01
22:15:15,server_11,21.53
22:15:15,server_18,69.37
22:15:15,server_9,39.78
22:15:15,server_8,93.75
22:15:15,server_7,26.74
22:15:15,server_6,44.03
22:15:15,server_5,45.89
22:15:15,server_4,97.06
22:15:15,server_3,20.46
22:15:15,server_2,67.8
22:15:15,server_1,45.65
22:15:15,server_10,38.03
22:15:20,server_13,85.63
22:15:20,server_14,48.43
22:15:20,server_15,43.55
22:15:20,server_20,42.51
22:15:20,server_17,0.19
22:15:20,server_18,7.21
22:15:20,server_19,11.67
22:15:20,server_12,48.81
22:15:20,server_16,59.06
22:15:20,server_11,66.08
22:15:20,server_7,23.05
22:15:20,server_9,51.04
22:15:20,server_8,76.56
22:15:20,server_6,86.66
22:15:20,server_5,65.42
22:15:20,server_4,31.41
22:15:20,server_3,49.26
22:15:20,server_2,54.08
22:15:20,server_1,99.87
22:15:20,server_10,25.98
22:15:25,server_15,68.57
22:15:25,server_13,50.92
22:15:25,server_14,31.45
22:15:25,server_16,8.92
22:15:25,server_12,23.21
22:15:25,server_18,66.13
22:15:25,server_19,1.52
22:15:25,server_20,21.82
22:15:25,server_17,35.11
22:15:25,server_11,60.27
22:15:25,server_10,49.69
22:15:25,server_9,34.62
22:15:25,server_2,37.04
22:15:25,server_3,49.86
22:15:25,server_4,38.22
22:15:25,server_1,28.45
22:15:25,server_6,34.64
22:15:25,server_7,32.12
22:15:25,server_8,58.31
22:15:25,server_5,6.7
22:15:30,server_13,83.93
22:15:30,server_20,52.89
22:15:30,server_19,23.73
22:15:30,server_18,51.5
22:15:30,server_17,68.43
22:15:30,server_16,30.07
22:15:30,server_15,62.44
22:15:30,server_14,91.86
22:15:30,server_12,17.09
22:15:30,server_11,55.6
22:15:30,server_1,34.04
22:15:30,server_9,35.79
22:15:30,server_8,43.39
22:15:30,server_7,24.1
22:15:30,server_6,90.2
22:15:30,server_5,35.99
22:15:30,server_4,36.12
22:15:30,server_3,60.49
22:15:30,server_2,40.39
22:15:30,server_10,43.61
22:15:35,server_13,92.85
22:15:35,server_14,50.73
22:15:35,server_15,94.27
22:15:35,server_16,33.98
22:15:35,server_12,26.68
22:15:35,server_18,28.93
22:15:35,server_19,66.33
22:15:35,server_20,65.37
22:15:35,server_17,88.27
22:15:35,server_11,25.03
22:15:35,server_1,88.25
22:15:35,server_9,54.86
22:15:35,server_8,14.07
22:15:35,server_7,45.95
22:15:35,server_6,58.14
22:15:35,server_5,94.13
22:15:35,server_4,22.83
22:15:35,server_3,93.89
22:15:35,server_2,38.72
22:15:35,server_10,57.78
22:15:40,server_13,10.59
22:15:40,server_14,46.1
22:15:40,server_15,24.16
22:15:40,server_16,45.49
22:15:40,server_20,64.02
22:15:40,server_18,32.24
22:15:40,server_19,23.95
22:15:40,server_12,48.68
22:15:40,server_17,58.21
22:15:40,server_11,9.54
22:15:40,server_10,55.79
22:15:40,server_9,39.2
22:15:40,server_2,25.6
22:15:40,server_3,56.46
22:15:40,server_4,44.14
22:15:40,server_1,57.44
22:15:40,server_6,78.47
22:15:40,server_7,87.54
22:15:40,server_8,95.56
22:15:40,server_5,76.07
22:15:45,server_12,88.21
22:15:45,server_19,51.84
22:15:45,server_18,28.87
22:15:45,server_17,35.98
22:15:45,server_16,24.79
22:15:45,server_15,43.43
22:15:45,server_14,56.7
22:15:45,server_13,20.9
22:15:45,server_11,62.5
22:15:45,server_20,33.62
22:15:45,server_9,26.05
22:15:45,server_1,38.44
22:15:45,server_2,97.98
22:15:45,server_3,65.87
22:15:45,server_4,45.06
22:15:45,server_10,65.89
22:15:45,server_6,59.74
22:15:45,server_7,85.77
22:15:45,server_8,55.37
22:15:45,server_5,52.59
22:15:50,server_11,54.77
22:15:50,server_19,24.04
22:15:50,server_18,31.2
22:15:50,server_17,55.55
22:15:50,server_16,68.02
22:15:50,server_15,25.92
22:15:50,server_14,83.12
22:15:50,server_13,4.62
22:15:50,server_12,91.03
22:15:50,server_20,37.65
22:15:50,server_10,41.77
22:15:50,server_8,62.67
22:15:50,server_7,44.78
22:15:50,server_6,55.96
22:15:50,server_5,47.63
22:15:50,server_4,84.27
22:15:50,server_3,22.09
22:15:50,server_2,32.07
22:15:50,server_1,68.44
22:15:50,server_9,53.77
22:15:55,server_14,42.55
22:15:55,server_15,50.86
22:15:55,server_16,28.21
22:15:55,server_13,49.43
22:15:55,server_18,89.67
22:15:55,server_19,33.83
22:15:55,server_20,29.03
22:15:55,server_17,42.75
22:15:55,server_12,10.97
22:15:55,server_11,40.73
22:15:55,server_10,93.59
22:15:55,server_2,34.96
22:15:55,server_3,87.27
22:15:55,server_4,44.96
22:15:55,server_5,48.44
22:15:55,server_1,57.92
22:15:55,server_7,50.41
22:15:55,server_8,54.49
22:15:55,server_9,85.11
22:15:55,server_6,98.3
22:16:00,server_12,65.33
22:16:00,server_19,35.33
22:16:00,server_18,67.69
22:16:00,server_17,70.22
22:16:00,server_16,95.13
22:16:00,server_15,35.07
22:16:00,server_14,96.21
22:16:00,server_13,66.71
22:16:00,server_11,14.94
22:16:00,server_20,95.61
22:16:00,server_9,33.71
22:16:00,server_1,78.15
22:16:00,server_2,88.49
22:16:00,server_3,48.86
22:16:00,server_4,27.55
22:16:00,server_10,89.5
22:16:00,server_6,38.19
22:16:00,server_7,23.39
22:16:00,server_8,68.67
22:16:00,server_5,4.9
22:16:05,server_11,65.42
22:16:05,server_19,87.18
22:16:05,server_18,28.94
22:16:05,server_17,33.02
22:16:05,server_16,39.83
22:16:05,server_15,37.0
22:16:05,server_14,85.46
22:16:05,server_13,49.15
22:16:05,server_12,22.15
22:16:05,server_20,67.94
22:16:05,server_10,37.68
22:16:05,server_8,62.25
22:16:05,server_7,61.09
22:16:05,server_6,61.01
22:16:05,server_5,66.73
22:16:05,server_4,21.68
22:16:05,server_3,22.67
22:16:05,server_2,19.96
22:16:05,server_1,63.84
22:16:05,server_9,86.44
22:16:10,server_13,53.15
22:16:10,server_14,91.51
22:16:10,server_15,56.72
22:16:10,server_16,68.53
22:16:10,server_20,87.52
22:16:10,server_18,15.33
22:16:10,server_19,53.54
22:16:10,server_12,83.37
22:16:10,server_17,22.34
22:16:10,server_10,42.16
22:16:10,server_7,27.02
22:16:10,server_9,82.22
22:16:10,server_11,52.19
22:16:10,server_2,62.39
22:16:10,server_3,48.97
22:16:10,server_4,81.08
22:16:10,server_1,54.29
22:16:10,server_6,24.46
22:16:10,server_8,91.24
22:16:10,server_5,38.43
22:16:15,server_20,61.44
22:16:15,server_12,25.32
22:16:15,server_19,96.5
22:16:15,server_17,44.44
22:16:15,server_16,99.33
22:16:15,server_15,56.32
22:16:15,server_14,22.25
22:16:15,server_13,93.74
22:16:15,server_11,50.15
22:16:15,server_18,38.85
22:16:15,server_9,28.96
22:16:15,server_8,85.58
22:16:15,server_7,23.54
22:16:15,server_6,62.31
22:16:15,server_5,23.69
22:16:15,server_4,83.22
22:16:15,server_3,49.52
22:16:15,server_2,65.09
22:16:15,server_1,64.53
22:16:15,server_10,20.8
22:16:20,server_13,28.62
22:16:20,server_14,61.23
22:16:20,server_15,87.1
22:16:20,server_20,99.15
22:16:20,server_17,50.53
22:16:20,server_18,38.52
22:16:20,server_19,94.5
22:16:20,server_12,23.13
22:16:20,server_16,56.36
22:16:20,server_11,96.67
22:16:20,server_7,22.1
22:16:20,server_9,49.87
22:16:20,server_8,60.06
22:16:20,server_6,42.1
22:16:20,server_5,91.65
22:16:20,server_4,11.26
22:16:20,server_3,41.04
22:16:20,server_2,27.77
22:16:20,server_1,99.71
22:16:20,server_10,67.41
22:16:25,server_15,55.44
22:16:25,server_13,50.66
22:16:25,server_14,26.96
22:16:25,server_16,47.13
22:16:25,server_12,69.13
22:16:25,server_18,38.64
22:16:25,server_19,58.68
22:16:25,server_20,96.9
22:16:25,server_17,99.39
22:16:25,server_11,46.24
22:16:25,server_1,41.39
22:16:25,server_9,24.76
22:16:25,server_2,61.55
22:16:25,server_3,53.97
22:16:25,server_4,54.72
22:16:25,server_10,82.45
22:16:25,server_6,85.04
22:16:25,server_7,81.0
22:16:25,server_8,27.41
22:16:25,server_5,29.19
22:16:30,server_12,88.36
22:16:30,server_19,22.74
22:16:30,server_18,40.55
22:16:30,server_17,93.68
22:16:30,server_16,55.93
22:16:30,server_15,89.64
22:16:30,server_14,70.49
22:16:30,server_13,0.47
22:16:30,server_11,62.58
22:16:30,server_20,40.22
22:16:30,server_9,34.63
22:16:30,server_1,26.41
22:16:30,server_2,33.11
22:16:30,server_3,21.74
22:16:30,server_4,78.72
22:16:30,server_10,55.68
22:16:30,server_6,26.51
22:16:30,server_7,58.22
22:16:30,server_8,47.18
22:16:30,server_5,88.62
22:16:35,server_11,31.87
22:16:35,server_19,44.2
22:16:35,server_18,65.65
22:16:35,server_17,92.15
22:16:35,server_16,38.82
22:16:35,server_15,60.56
22:16:35,server_14,89.13
22:16:35,server_13,22.1
22:16:35,server_12,39.72
22:16:35,server_20,7.18
22:16:35,server_10,43.74
22:16:35,server_8,65.46
22:16:35,server_7,32.98
22:16:35,server_6,21.85
22:16:35,server_5,85.36
22:16:35,server_4,56.0
22:16:35,server_3,24.87
22:16:35,server_2,26.78
22:16:35,server_1,54.27
22:16:35,server_9,3.37
22:16:40,server_14,32.08
22:16:40,server_15,92.55
22:16:40,server_16,61.64
22:16:40,server_13,70.12
22:16:40,server_18,35.56
22:16:40,server_19,64.28
22:16:40,server_20,89.66
22:16:40,server_17,44.24
22:16:40,server_12,30.29
22:16:40,server_11,38.95
22:16:40,server_1,12.79
22:16:40,server_9,50.44
22:16:40,server_8,29.04
22:16:40,server_7,29.63
22:16:40,server_6,97.74
22:16:40,server_5,69.84
22:16:40,server_4,65.52
22:16:40,server_3,58.68
22:16:40,server_2,0.9
22:16:40,server_10,45.79
22:16:45,server_13,50.13
22:16:45,server_14,29.02
22:16:45,server_15,33.79
22:16:45,server_20,88.74
22:16:45,server_18,63.45
22:16:45,server_19,27.06
22:16:45,server_12,27.05
22:16:45,server_16,51.84
22:16:45,server_11,60.13
22:16:45,server_17,8.75
22:16:45,server_9,78.76
22:16:45,server_10,31.91
22:16:45,server_2,32.33
22:16:45,server_3,28.08
22:16:45,server_4,24.18
22:16:45,server_1,82.54
22:16:45,server_6,81.79
22:16:45,server_7,56.53
22:16:45,server_8,42.48
22:16:45,server_5,45.2
22:16:50,server_20,44.57
22:16:50,server_12,37.37
22:16:50,server_19,94.56
22:16:50,server_18,46.87
22:16:50,server_17,9.3
22:16:50,server_16,92.43
22:16:50,server_15,61.98
22:16:50,server_14,41.61
22:16:50,server_13,24.0
22:16:50,server_11,62.31
22:16:50,server_7,53.58
22:16:50,server_9,53.77
22:16:50,server_8,34.55
22:16:50,server_6,65.55
22:16:50,server_5,56.08
22:16:50,server_4,25.3
22:16:50,server_3,62.9
22:16:50,server_2,82.58
22:16:50,server_1,63.27
22:16:50,server_10,41.29
22:16:55,server_15,22.51
22:16:55,server_13,24.92
22:16:55,server_14,84.63
22:16:55,server_16,30.73
22:16:55,server_12,64.66
22:16:55,server_18,29.75
22:16:55,server_19,87.69
22:16:55,server_20,87.53
22:16:55,server_17,97.19
22:16:55,server_11,44.9
22:16:55,server_1,28.85
22:16:55,server_9,47.4
22:16:55,server_2,64.58
22:16:55,server_3,24.12
22:16:55,server_4,37.88
22:16:55,server_10,87.14
22:16:55,server_6,89.04
22:16:55,server_7,61.27
22:16:55,server_8,58.56
22:16:55,server_5,85.01
22:17:00,server_13,69.44
22:17:00,server_20,42.28
22:17:00,server_19,42.62
22:17:00,server_18,61.98
22:17:00,server_17,66.39
22:17:00,server_16,63.67
22:17:00,server_15,22.74
22:17:00,server_14,67.22
22:17:00,server_12,65.71
22:17:00,server_11,81.28
22:17:00,server_1,57.27
22:17:00,server_9,68.16
22:17:00,server_8,53.67
22:17:00,server_7,42.95
22:17:00,server_6,56.86
22:17:00,server_5,46.31
22:17:00,server_4,19.45
22:17:00,server_3,97.35
22:17:00,server_2,50.89
22:17:00,server_10,20.75
22:17:05,server_13,63.36
22:17:05,server_14,85.12
22:17:05,server_15,22.61
22:17:05,server_16,54.32
22:17:05,server_12,39.66
22:17:05,server_18,41.94
22:17:05,server_19,92.05
22:17:05,server_20,63.08
22:17:05,server_17,89.29
22:17:05,server_11,46.48
22:17:05,server_1,43.04
22:17:05,server_9,54.75
22:17:05,server_8,56.33
22:17:05,server_7,34.92
22:17:05,server_6,65.71
22:17:05,server_5,63.85
22:17:05,server_4,44.13
22:17:05,server_3,98.7
22:17:05,server_2,67.92
22:17:05,server_10,54.27
22:17:10,server_13,76.57
22:17:10,server_14,49.6
22:17:10,server_15,56.16
22:17:10,server_16,87.84
22:17:10,server_20,21.62
22:17:10,server_18,7.12
22:17:10,server_19,21.71
22:17:10,server_12,58.89
22:17:10,server_17,48.96
22:17:10,server_11,70.76
22:17:10,server_1,49.82
22:17:10,server_9,20.97
22:17:10,server_2,96.32
22:17:10,server_3,57.73
22:17:10,server_4,85.84
22:17:10,server_10,68.15
22:17:10,server_6,65.39
22:17:10,server_7,55.52
22:17:10,server_8,99.43
22:17:10,server_5,55.05
22:17:15,server_12,95.08
22:17:15,server_19,62.67
22:17:15,server_18,80.62
22:17:15,server_17,41.54
22:17:15,server_16,61.14
22:17:15,server_15,45.82
22:17:15,server_14,34.19
22:17:15,server_13,58.66
22:17:15,server_20,12.19
22:17:15,server_11,21.81
22:17:15,server_9,7.75
22:17:15,server_8,46.93
22:17:15,server_7,63.45
22:17:15,server_6,26.54
22:17:15,server_5,84.56
22:17:15,server_4,49.77
22:17:15,server_3,89.35
22:17:15,server_2,52.39
22:17:15,server_1,28.31
22:17:15,server_10,41.44
22:17:20,server_13,21.92
22:17:20,server_14,83.63
22:17:20,server_15,53.27
22:17:20,server_16,32.6
22:17:20,server_12,30.73
22:17:20,server_18,85.28
22:17:20,server_19,87.99
22:17:20,server_20,24.27
22:17:20,server_17,34.2
22:17:20,server_11,93.67
22:17:20,server_1,53.27
22:17:20,server_9,61.95
22:17:20,server_2,65.93
22:17:20,server_3,35.54
22:17:20,server_4,68.16
22:17:20,server_10,30.75
22:17:20,server_6,27.27
22:17:20,server_7,44.07
22:17:20,server_8,57.39
22:17:20,server_5,18.66
22:17:25,server_20,68.73
22:17:25,server_19,95.64
22:17:25,server_18,85.27
22:17:25,server_17,61.09
22:17:25,server_16,67.02
22:17:25,server_15,32.28
22:17:25,server_14,94.5
22:17:25,server_12,37.37
22:17:25,server_11,78.51
22:17:25,server_13,62.93
22:17:25,server_9,85.13
22:17:25,server_10,13.28
22:17:25,server_2,40.54
22:17:25,server_3,50.28
22:17:25,server_4,41.76
22:17:25,server_1,51.73
22:17:25,server_6,33.93
22:17:25,server_7,56.6
22:17:25,server_8,99.25
22:17:25,server_5,83.9
22:17:30,server_12,54.63
22:17:30,server_20,91.93
22:17:30,server_19,1.07
22:17:30,server_18,64.79
22:17:30,server_17,30.82
22:17:30,server_16,94.53
22:17:30,server_15,2.73
22:17:30,server_14,32.05
22:17:30,server_13,27.1
22:17:30,server_11,42.14
22:17:30,server_3,94.45
22:17:30,server_9,31.39
22:17:30,server_8,26.9
22:17:30,server_7,58.49
22:17:30,server_6,89.98
22:17:30,server_5,21.44
22:17:30,server_4,66.67
22:17:30,server_2,22.42
22:17:30,server_1,56.42
22:17:30,server_10,60.57
22:17:35,server_13,13.86
22:17:35,server_14,94.86
22:17:35,server_15,64.57
22:17:35,server_16,60.91
22:17:35,server_20,60.53
22:17:35,server_18,2.84
22:17:35,server_19,58.81
22:17:35,server_12,34.88
22:17:35,server_17,61.53
22:17:35,server_11,25.52
22:17:35,server_3,46.36
22:17:35,server_9,65.14
22:17:35,server_1,44.7
22:17:35,server_2,59.16
22:17:35,server_4,34.4
22:17:35,server_10,49.73
22:17:35,server_6,94.16
22:17:35,server_7,54.39
22:17:35,server_8,66.61
22:17:35,server_5,42.77
22:17:40,server_20,95.46
22:17:40,server_11,34.5
22:17:40,server_18,23.78
22:17:40,server_17,61.81
22:17:40,server_16,20.29
22:17:40,server_15,8.56
22:17:40,server_14,26.02
22:17:40,server_13,99.73
22:17:40,server_12,62.31
22:17:40,server_19,44.38
22:17:40,server_10,25.15
22:17:40,server_8,43.84
22:17:40,server_7,24.12
22:17:40,server_6,48.75
22:17:40,server_5,58.79
22:17:40,server_4,54.02
22:17:40,server_3,10.55
22:17:40,server_2,64.3
22:17:40,server_1,42.33
22:17:40,server_9,47.15
22:17:45,server_13,92.04
22:17:45,server_14,54.88
22:17:45,server_15,67.2
22:17:45,server_12,22.87
22:17:45,server_17,47.86
22:17:45,server_18,42.95
22:17:45,server_19,39.0
22:17:45,server_16,46.47
22:17:45,server_11,51.18
22:17:45,server_20,89.08
22:17:45,server_9,51.37
22:17:45,server_1,88.47
22:17:45,server_2,54.3
22:17:45,server_3,33.39
22:17:45,server_4,36.31
22:17:45,server_10,87.87
22:17:45,server_6,44.96
22:17:45,server_7,57.78
22:17:45,server_8,43.31
22:17:45,server_5,67.17
22:17:50,server_12,91.21
22:17:50,server_20,50.91
22:17:50,server_19,69.53
22:17:50,server_18,48.53
22:17:50,server_17,44.2
22:17:50,server_16,27.52
22:17:50,server_15,19.14
22:17:50,server_14,95.67
22:17:50,server_13,63.84
22:17:50,server_11,49.61
22:17:50,server_3,67.52
22:17:50,server_9,26.84
22:17:50,server_8,76.22
22:17:50,server_7,91.57
22:17:50,server_6,85.28
22:17:50,server_5,68.01
22:17:50,server_4,52.98
22:17:50,server_10,57.81
22:17:50,server_2,28.38
22:17:50,server_1,46.15
22:17:55,server_13,46.74
22:17:55,server_14,26.4
22:17:55,server_15,58.63
22:17:55,server_16,86.99
22:17:55,server_20,21.89
22:17:55,server_18,64.43
22:17:55,server_19,46.91
22:17:55,server_12,42.41
22:17:55,server_17,48.71
22:17:55,server_11,24.96
22:17:55,server_10,39.08
22:17:55,server_9,87.91
22:17:55,server_2,45.04
22:17:55,server_3,47.12
22:17:55,server_4,65.7
22:17:55,server_1,51.2
22:17:55,server_6,93.05
22:17:55,server_7,66.48
22:17:55,server_8,45.32
22:17:55,server_5,90.01
22:18:00,server_12,68.21
22:18:00,server_19,92.51
22:18:00,server_18,91.67
22:18:00,server_17,37.64
22:18:00,server_16,66.64
22:18:00,server_15,41.49
22:18:00,server_14,94.13
22:18:00,server_13,56.54
22:18:00,server_11,39.04
22:18:00,server_20,37.38
22:18:00,server_9,88.44
22:18:00,server_1,58.45
22:18:00,server_2,14.21
22:18:00,server_3,22.76
22:18:00,server_4,18.3
22:18:00,server_10,40.96
22:18:00,server_6,36.62
22:18:00,server_7,83.16
22:18:00,server_8,26.23
22:18:00,server_5,12.01
22:18:05,server_19,38.26
22:18:05,server_18,69.37
22:18:05,server_17,98.17
22:18:05,server_16,36.6
22:18:05,server_15,25.56
22:18:05,server_14,18.68
22:18:05,server_13,22.87
22:18:05,server_12,85.1
22:18:05,server_11,41.09
22:18:05,server_20,23.6
22:18:05,server_9,0.86
22:18:05,server_1,24.79
22:18:05,server_2,39.11
22:18:05,server_3,57.74
22:18:05,server_4,50.29
22:18:05,server_10,41.14
22:18:05,server_6,24.34
22:18:05,server_7,73.46
22:18:05,server_8,78.56
22:18:05,server_5,32.31
22:18:10,server_11,42.23
22:18:10,server_19,91.31
22:18:10,server_18,67.5
22:18:10,server_17,27.01
22:18:10,server_16,25.05
22:18:10,server_15,60.22
22:18:10,server_14,14.06
22:18:10,server_13,27.13
22:18:10,server_12,42.21
22:18:10,server_20,48.88
22:18:10,server_10,46.94
22:18:10,server_8,34.01
22:18:10,server_9,32.68
22:18:10,server_1,13.53
22:18:10,server_2,91.11
22:18:10,server_3,83.49
22:18:10,server_5,93.3
22:18:10,server_6,67.79
22:18:10,server_7,94.68
22:18:10,server_4,90.2
22:18:15,server_20,24.59
22:18:15,server_19,33.17
22:18:15,server_18,61.35
22:18:15,server_17,42.32
22:18:15,server_16,24.8
22:18:15,server_15,71.18
22:18:15,server_14,87.06
22:18:15,server_13,63.61
22:18:15,server_12,29.86
22:18:15,server_11,93.13
22:18:15,server_9,44.3
22:18:15,server_1,59.69
22:18:15,server_2,27.24
22:18:15,server_3,74.74
22:18:15,server_4,91.22
22:18:15,server_10,63.58
22:18:15,server_6,68.74
22:18:15,server_7,78.15
22:18:15,server_8,90.18
22:18:15,server_5,34.53
22:18:20,server_12,57.72
22:18:20,server_20,93.31
22:18:20,server_19,0.76
22:18:20,server_18,26.1
22:18:20,server_17,23.29
22:18:20,server_16,63.97
22:18:20,server_15,48.07
22:18:20,server_14,64.05
22:18:20,server_13,73.66
22:18:20,server_11,48.06
22:18:20,server_10,85.24
22:18:20,server_9,62.05
22:18:20,server_2,99.0
22:18:20,server_3,21.52
22:18:20,server_4,29.24
22:18:20,server_1,98.14
22:18:20,server_6,81.78
22:18:20,server_7,21.27
22:18:20,server_8,22.16
22:18:20,server_5,96.06
22:18:25,server_12,68.35
22:18:25,server_19,29.81
22:18:25,server_18,20.34
22:18:25,server_17,20.36
22:18:25,server_16,33.89
22:18:25,server_15,87.84
22:18:25,server_14,94.31
22:18:25,server_13,95.8
22:18:25,server_11,6.44
22:18:25,server_20,32.95
22:18:25,server_9,15.72
22:18:25,server_1,99.98
22:18:25,server_2,31.43
22:18:25,server_3,58.76
22:18:25,server_4,22.61
22:18:25,server_10,75.09
22:18:25,server_6,37.56
22:18:25,server_7,88.99
22:18:25,server_8,22.44
22:18:25,server_5,61.98
22:18:30,server_12,89.42
22:18:30,server_19,89.77
22:18:30,server_18,92.02
22:18:30,server_17,52.07
22:18:30,server_16,26.98
22:18:30,server_15,61.75
22:18:30,server_14,72.57
22:18:30,server_13,43.12
22:18:30,server_11,98.95
22:18:30,server_20,36.99
22:18:30,server_9,23.79
22:18:30,server_1,40.58
22:18:30,server_2,74.73
22:18:30,server_3,82.44
22:18:30,server_4,29.29
22:18:30,server_10,51.91
22:18:30,server_6,22.07
22:18:30,server_7,56.54
22:18:30,server_8,29.65
22:18:30,server_5,60.54
22:18:35,server_11,22.51
22:18:35,server_19,63.73
22:18:35,server_18,94.35
22:18:35,server_17,69.44
22:18:35,server_16,19.92
22:18:35,server_15,78.97
22:18:35,server_14,27.84
22:18:35,server_13,25.48
22:18:35,server_12,32.83
22:18:35,server_20,29.88
22:18:35,server_10,43.29
22:18:35,server_8,52.2
22:18:35,server_7,26.63
22:18:35,server_6,45.73
22:18:35,server_5,94.94
22:18:35,server_4,29.66
22:18:35,server_3,57.23
22:18:35,server_2,45.49
22:18:35,server_1,52.68
22:18:35,server_9,69.68
22:18:40,server_13,66.23
22:18:40,server_14,57.93
22:18:40,server_15,28.99
22:18:40,server_12,44.51
22:18:40,server_17,50.41
22:18:40,server_18,54.57
22:18:40,server_19,49.98
22:18:40,server_16,39.36
22:18:40,server_11,28.49
22:18:40,server_20,69.98
22:18:40,server_9,55.1
22:18:40,server_1,51.78
22:18:40,server_2,85.9
22:18:40,server_3,53.65
22:18:40,server_4,55.16
22:18:40,server_10,46.64
22:18:40,server_6,28.17
22:18:40,server_7,31.69
22:18:40,server_8,33.55
22:18:40,server_5,67.66
22:18:45,server_19,64.31
22:18:45,server_18,30.57
22:18:45,server_17,23.26
22:18:45,server_16,27.82
22:18:45,server_15,88.99
22:18:45,server_14,82.5
22:18:45,server_13,28.46
22:18:45,server_12,72.24
22:18:45,server_11,62.2
22:18:45,server_20,47.83
22:18:45,server_9,26.27
22:18:45,server_1,43.63
22:18:45,server_2,49.65
22:18:45,server_3,52.13
22:18:45,server_4,63.12
22:18:45,server_10,62.89
22:18:45,server_6,94.28
22:18:45,server_7,23.8
22:18:45,server_8,96.66
22:18:45,server_5,21.05
22:18:50,server_11,7.6
22:18:50,server_19,86.72
22:18:50,server_18,69.94
22:18:50,server_17,32.83
22:18:50,server_16,69.2
22:18:50,server_15,45.22
22:18:50,server_14,50.09
22:18:50,server_13,31.52
22:18:50,server_12,52.2
22:18:50,server_20,69.43
22:18:50,server_10,48.9
22:18:50,server_8,47.14
22:18:50,server_9,66.62
22:18:50,server_1,27.74
22:18:50,server_2,63.62
22:18:50,server_3,89.05
22:18:50,server_5,93.08
22:18:50,server_6,50.36
22:18:50,server_7,60.4
22:18:50,server_4,65.02
22:18:55,server_20,96.45
22:18:55,server_11,56.97
22:18:55,server_18,60.3
22:18:55,server_17,46.8
22:18:55,server_16,47.95
22:18:55,server_15,64.26
22:18:55,server_14,95.47
22:18:55,server_13,23.56
22:18:55,server_12,49.89
22:18:55,server_19,53.93
22:18:55,server_10,12.68
22:18:55,server_8,35.8
22:18:55,server_1,91.94
22:18:55,server_2,26.8
22:18:55,server_3,94.52
22:18:55,server_9,26.88
22:18:55,server_5,91.68
22:18:55,server_6,99.26
22:18:55,server_7,50.53
22:18:55,server_4,46.63
22:19:00,server_13,87.44
22:19:00,server_20,21.67
22:19:00,server_19,48.92
22:19:00,server_18,51.79
22:19:00,server_17,23.0
22:19:00,server_16,24.4
22:19:00,server_15,92.95
22:19:00,server_14,62.11
22:19:00,server_12,25.62
22:19:00,server_11,34.04
22:19:00,server_1,89.02
22:19:00,server_9,94.45
22:19:00,server_8,80.15
22:19:00,server_7,62.65
22:19:00,server_6,43.4
22:19:00,server_5,79.27
22:19:00,server_4,59.7
22:19:00,server_3,73.68
22:19:00,server_2,54.96
22:19:00,server_10,91.51
22:19:05,server_13,91.9
22:19:05,server_14,52.16
22:19:05,server_15,87.93
22:19:05,server_16,46.63
22:19:05,server_12,61.64
22:19:05,server_18,70.35
22:19:05,server_19,2.18
22:19:05,server_20,57.33
22:19:05,server_17,67.4
22:19:05,server_11,75.99
22:19:05,server_1,2.21
22:19:05,server_9,91.87
22:19:05,server_8,63.52
22:19:05,server_7,96.87
22:19:05,server_6,52.63
22:19:05,server_5,31.57
22:19:05,server_4,50.14
22:19:05,server_3,20.34
22:19:05,server_2,85.66
22:19:05,server_10,40.02
22:19:10,server_13,44.88
22:19:10,server_14,28.21
22:19:10,server_15,34.48
22:19:10,server_16,36.21
22:19:10,server_20,56.65
22:19:10,server_18,47.67
22:19:10,server_19,38.1
22:19:10,server_12,52.73
22:19:10,server_17,45.6
22:19:10,server_11,49.38
22:19:10,server_10,43.12
22:19:10,server_9,95.15
22:19:10,server_2,68.84
22:19:10,server_3,39.96
22:19:10,server_4,26.73
22:19:10,server_1,29.96
22:19:10,server_6,38.44
22:19:10,server_7,41.93
22:19:10,server_8,27.04
22:19:10,server_5,58.5
22:19:15,server_12,44.25
22:19:15,server_19,43.98
22:19:15,server_18,54.98
22:19:15,server_17,54.83
22:19:15,server_16,89.16
22:19:15,server_15,36.84
22:19:15,server_14,92.98
22:19:15,server_13,22.76
22:19:15,server_11,25.18
22:19:15,server_20,85.31
22:19:15,server_9,58.13
22:19:15,server_1,56.18
22:19:15,server_2,96.16
22:19:15,server_3,54.22
22:19:15,server_4,37.96
22:19:15,server_10,98.19
22:19:15,server_6,21.35
22:19:15,server_7,59.87
22:19:15,server_8,58.85
22:19:15,server_5,95.09
22:19:20,server_11,68.99
22:19:20,server_19,53.94
22:19:20,server_18,40.83
22:19:20,server_17,40.37
22:19:20,server_16,40.5
22:19:20,server_15,66.01
22:19:20,server_14,91.1
22:19:20,server_13,83.81
22:19:20,server_12,86.41
22:19:20,server_20,34.81
22:19:20,server_10,89.58
22:19:20,server_8,85.33
22:19:20,server_7,29.56
22:19:20,server_6,71.84
22:19:20,server_5,30.97
22:19:20,server_4,27.78
22:19:20,server_3,59.03
22:19:20,server_2,62.72
22:19:20,server_1,43.22
22:19:20,server_9,41.81
22:19:25,server_14,4.89
22:19:25,server_15,49.69
22:19:25,server_16,28.67
22:19:25,server_13,38.75
22:19:25,server_18,28.75
22:19:25,server_19,44.14
22:19:25,server_20,98.45
22:19:25,server_17,25.66
22:19:25,server_12,38.88
22:19:25,server_11,90.49
22:19:25,server_1,32.23
22:19:25,server_9,47.77
22:19:25,server_8,12.04
22:19:25,server_7,20.09
22:19:25,server_6,91.97
22:19:25,server_5,50.66
22:19:25,server_4,86.2
22:19:25,server_3,68.74
22:19:25,server_2,17.49
22:19:25,server_10,55.34
22:19:30,server_13,39.9
22:19:30,server_14,93.55
22:19:30,server_15,47.48
22:19:30,server_20,39.05
22:19:30,server_18,89.23
22:19:30,server_19,66.92
22:19:30,server_12,49.64
22:19:30,server_16,73.54
22:19:30,server_11,32.23
22:19:30,server_17,67.05
22:19:30,server_9,88.2
22:19:30,server_10,53.97
22:19:30,server_2,43.87
22:19:30,server_3,66.45
22:19:30,server_4,15.43
22:19:30,server_1,47.14
22:19:30,server_6,77.38
22:19:30,server_7,56.85
22:19:30,server_8,51.37
22:19:30,server_5,66.97
22:19:35,server_20,87.13
22:19:35,server_12,76.16
22:19:35,server_19,86.48
22:19:35,server_18,65.74
22:19:35,server_17,34.47
22:19:35,server_16,68.09
22:19:35,server_15,95.23
22:19:35,server_14,51.95
22:19:35,server_13,59.8
22:19:35,server_11,55.28
22:19:35,server_7,55.59
22:19:35,server_9,45.06
22:19:35,server_8,67.32
22:19:35,server_6,57.12
22:19:35,server_5,32.88
22:19:35,server_4,55.01
22:19:35,server_3,84.21
22:19:35,server_2,35.5
22:19:35,server_1,42.6
22:19:35,server_10,34.03
22:19:40,server_15,68.14
22:19:40,server_13,88.85
22:19:40,server_14,29.91
22:19:40,server_16,96.05
22:19:40,server_12,99.8
22:19:40,server_18,62.91
22:19:40,server_19,96.55
22:19:40,server_20,6.52
22:19:40,server_17,71.74
22:19:40,server_11,34.06
22:19:40,server_1,85.76
22:19:40,server_9,26.78
22:19:40,server_2,39.61
22:19:40,server_3,28.01
22:19:40,server_4,94.91
22:19:40,server_10,62.2
22:19:40,server_6,46.48
22:19:40,server_7,51.07
22:19:40,server_8,89.2
22:19:40,server_5,53.37
22:19:45,server_13,45.83
22:19:45,server_20,22.59
22:19:45,server_19,24.78
22:19:45,server_18,94.82
22:19:45,server_17,42.69
22:19:45,server_16,46.86
22:19:45,server_15,55.01
22:19:45,server_14,72.08
22:19:45,server_12,41.11
22:19:45,server_11,46.22
22:19:45,server_1,31.14
22:19:45,server_9,21.22
22:19:45,server_8,36.89
22:19:45,server_7,49.0
22:19:45,server_6,56.73
22:19:45,server_5,91.74
22:19:45,server_4,53.41
22:19:45,server_3,87.11
22:19:45,server_2,45.58
22:19:45,server_10,70.65
22:19:50,server_13,54.19
22:19:50,server_14,92.56
22:19:50,server_15,56.4
22:19:50,server_16,94.27
22:19:50,server_12,91.0
22:19:50,server_18,36.98
22:19:50,server_19,6.69
22:19:50,server_20,64.81
22:19:50,server_17,65.5
22:19:50,server_11,85.44
22:19:50,server_1,38.37
22:19:50,server_9,53.61
22:19:50,server_8,52.46
22:19:50,server_7,60.56
22:19:50,server_6,22.0
22:19:50,server_5,87.7
22:19:50,server_4,87.37
22:19:50,server_3,92.22
22:19:50,server_2,67.35
22:19:50,server_10,67.51
22:19:55,server_13,18.97
22:19:55,server_14,40.89
22:19:55,server_15,44.37
22:19:55,server_16,62.35
22:19:55,server_20,64.73
22:19:55,server_18,50.97
22:19:55,server_19,95.07
22:19:55,server_12,43.77
22:19:55,server_17,67.63
22:19:55,server_11,30.52
22:19:55,server_1,80.73
22:19:55,server_9,59.27
22:19:55,server_2,46.11
22:19:55,server_3,21.74
22:19:55,server_4,29.18
22:19:55,server_10,86.35
22:19:55,server_6,85.41
22:19:55,server_7,61.93
22:19:55,server_8,33.15
22:19:55,server_5,93.26
22:20:00,server_12,91.16
22:20:00,server_19,54.62
22:20:00,server_18,55.5
22:20:00,server_17,40.62
22:20:00,server_16,44.92
22:20:00,server_15,54.88
22:20:00,server_14,26.69
22:20:00,server_13,50.02
22:20:00,server_20,91.31
22:20:00,server_11,63.44
22:20:00,server_9,94.48
22:20:00,server_8,23.07
22:20:00,server_7,16.26
22:20:00,server_6,96.84
22:20:00,server_5,88.41
22:20:00,server_4,36.38
22:20:00,server_3,83.6
22:20:00,server_2,44.44
22:20:00,server_1,54.84
22:20:00,server_10,66.9
22:20:05,server_13,0.86
22:20:05,server_14,17.13
22:20:05,server_15,41.88
22:20:05,server_16,36.16
22:20:05,server_12,91.64
22:20:05,server_18,58.85
22:20:05,server_19,93.15
22:20:05,server_20,38.82
22:20:05,server_17,54.47
22:20:05,server_11,67.76
22:20:05,server_10,94.85
22:20:05,server_9,44.93
22:20:05,server_8,1.37
22:20:05,server_7,50.13
22:20:05,server_6,32.09
22:20:05,server_5,61.68
22:20:05,server_4,83.33
22:20:05,server_3,20.62
22:20:05,server_2,23.41
22:20:05,server_1,41.17
22:20:10,server_13,23.73
22:20:10,server_14,84.53
22:20:10,server_15,96.73
22:20:10,server_16,7.01
22:20:10,server_20,23.42
22:20:10,server_18,85.99
22:20:10,server_19,54.89
22:20:10,server_12,90.11
22:20:10,server_17,50.95
22:20:10,server_11,48.86
22:20:10,server_10,48.15
22:20:10,server_9,65.35
22:20:10,server_2,93.67
22:20:10,server_3,53.48
22:20:10,server_4,93.39
22:20:10,server_1,24.38
22:20:10,server_6,59.8
22:20:10,server_7,98.71
22:20:10,server_8,24.72
22:20:10,server_5,34.77
22:20:15,server_12,12.23
22:20:15,server_19,85.18
22:20:15,server_18,74.3
22:20:15,server_17,91.56
22:20:15,server_16,56.92
22:20:15,server_15,27.93
22:20:15,server_14,26.65
22:20:15,server_13,60.99
22:20:15,server_11,82.76
22:20:15,server_20,52.73
22:20:15,server_9,49.9
22:20:15,server_1,63.06
22:20:15,server_2,44.74
22:20:15,server_3,23.98
22:20:15,server_4,49.98
22:20:15,server_10,47.23
22:20:15,server_6,54.86
22:20:15,server_7,36.26
22:20:15,server_8,29.51
22:20:15,server_5,93.33
22:20:20,server_12,44.95
22:20:20,server_19,57.19
22:20:20,server_18,43.23
22:20:20,server_17,52.61
22:20:20,server_16,29.38
22:20:20,server_15,8.91
22:20:20,server_14,52.04
22:20:20,server_13,6.38
22:20:20,server_11,55.13
22:20:20,server_20,77.68
22:20:20,server_9,58.32
22:20:20,server_1,45.39
22:20:20,server_2,50.94
22:20:20,server_3,75.37
22:20:20,server_4,35.84
22:20:20,server_10,39.62
22:20:20,server_6,3.79
22:20:20,server_7,53.94
22:20:20,server_8,67.32
22:20:20,server_5,91.6
22:20:25,server_11,20.32
22:20:25,server_19,96.96
22:20:25,server_18,69.64
22:20:25,server_17,11.84
22:20:25,server_16,11.49
22:20:25,server_15,17.64
22:20:25,server_14,59.46
22:20:25,server_13,60.1
22:20:25,server_12,91.88
22:20:25,server_20,15.51
22:20:25,server_10,13.61
22:20:25,server_8,26.91
22:20:25,server_7,54.09
22:20:25,server_6,93.47
22:20:25,server_5,23.94
22:20:25,server_4,21.96
22:20:25,server_3,15.93
22:20:25,server_2,53.96
22:20:25,server_1,17.39
22:20:25,server_9,40.62
22:20:30,server_13,59.74
22:20:30,server_14,49.87
22:20:30,server_15,99.48
22:20:30,server_12,48.58
22:20:30,server_17,83.43
22:20:30,server_18,92.68
22:20:30,server_19,89.93
22:20:30,server_16,42.93
22:20:30,server_11,12.1
22:20:30,server_20,62.54
22:20:30,server_9,33.78
22:20:30,server_1,85.17
22:20:30,server_2,93.14
22:20:30,server_3,45.45
22:20:30,server_4,46.66
22:20:30,server_10,29.36
22:20:30,server_6,60.07
22:20:30,server_7,45.99
22:20:30,server_8,18.2
22:20:30,server_5,88.96
22:20:35,server_19,63.5
22:20:35,server_18,15.88
22:20:35,server_17,41.13
22:20:35,server_16,90.03
22:20:35,server_15,46.16
22:20:35,server_14,38.73
22:20:35,server_13,98.3
22:20:35,server_12,82.74
22:20:35,server_11,98.46
22:20:35,server_20,51.28
22:20:35,server_9,88.81
22:20:35,server_1,50.5
22:20:35,server_2,15.08
22:20:35,server_3,33.75
22:20:35,server_4,43.52
22:20:35,server_10,61.82
22:20:35,server_6,86.89
22:20:35,server_7,39.82
22:20:35,server_8,60.3
22:20:35,server_5,27.71
22:20:40,server_11,64.59
22:20:40,server_19,33.74
22:20:40,server_18,86.72
22:20:40,server_17,29.94
22:20:40,server_16,96.4
22:20:40,server_15,29.99
22:20:40,server_14,92.74
22:20:40,server_13,85.43
22:20:40,server_12,45.15
22:20:40,server_20,58.32
22:20:40,server_10,63.5
22:20:40,server_8,68.83
22:20:40,server_9,58.68
22:20:40,server_1,23.43
22:20:40,server_2,34.01
22:20:40,server_3,52.14
22:20:40,server_5,52.52
22:20:40,server_6,61.61
22:20:40,server_7,23.91
22:20:40,server_4,95.13
22:20:45,server_20,93.84
22:20:45,server_11,61.86
22:20:45,server_18,99.15
22:20:45,server_17,50.94
22:20:45,server_16,14.68
22:20:45,server_15,92.92
22:20:45,server_14,65.63
22:20:45,server_13,62.3
22:20:45,server_12,50.94
22:20:45,server_19,64.54
22:20:45,server_10,91.59
22:20:45,server_8,26.45
22:20:45,server_1,44.81
22:20:45,server_2,40.69
22:20:45,server_3,18.3
22:20:45,server_9,85.23
22:20:45,server_5,94.24
22:20:45,server_6,99.26
22:20:45,server_7,50.58
22:20:45,server_4,54.08
22:20:50,server_12,55.67
22:20:50,server_19,30.57
22:20:50,server_18,97.3
22:20:50,server_17,92.21
22:20:50,server_16,98.06
22:20:50,server_15,47.19
22:20:50,server_14,74.56
22:20:50,server_13,35.35
22:20:50,server_11,15.47
22:20:50,server_20,99.75
22:20:50,server_9,23.18
22:20:50,server_1,32.59
22:20:50,server_2,62.65
22:20:50,server_3,57.8
22:20:50,server_4,11.13
22:20:50,server_10,97.23
22:20:50,server_6,49.8
22:20:50,server_7,66.63
22:20:50,server_8,38.07
22:20:50,server_5,47.08
22:20:55,server_11,86.72
22:20:55,server_19,43.83
22:20:55,server_18,80.62
22:20:55,server_17,81.23
22:20:55,server_16,65.75
22:20:55,server_15,20.07
22:20:55,server_14,25.87
22:20:55,server_13,92.42
22:20:55,server_12,29.83
22:20:55,server_20,64.55
22:20:55,server_10,96.8
22:20:55,server_8,47.83
22:20:55,server_7,63.94
22:20:55,server_6,96.41
22:20:55,server_5,68.74
22:20:55,server_4,94.65
22:20:55,server_3,60.8
22:20:55,server_2,55.5
22:20:55,server_1,85.52
22:20:55,server_9,1.92
22:21:00,server_13,59.66
22:21:00,server_14,84.58
22:21:00,server_15,33.7
22:21:00,server_12,65.87
22:21:00,server_17,78.83
22:21:00,server_18,92.06
22:21:00,server_19,41.8
22:21:00,server_16,37.31
22:21:00,server_11,41.71
22:21:00,server_20,52.45
22:21:00,server_9,60.15
22:21:00,server_1,39.52
22:21:00,server_2,30.18
22:21:00,server_3,81.64
22:21:00,server_4,37.23
22:21:00,server_10,72.07
22:21:00,server_6,57.75
22:21:00,server_7,69.6
22:21:00,server_8,57.61
22:21:00,server_5,48.91
22:21:05,server_12,79.89
22:21:05,server_20,95.0
22:21:05,server_19,42.27
22:21:05,server_18,65.58
22:21:05,server_17,65.2
22:21:05,server_16,73.29
22:21:05,server_15,62.14
22:21:05,server_14,88.11
22:21:05,server_13,62.43
22:21:05,server_11,55.44
22:21:05,server_10,40.79
22:21:05,server_9,27.36
22:21:05,server_2,12.32
22:21:05,server_3,31.19
22:21:05,server_4,56.68
22:21:05,server_1,86.49
22:21:05,server_6,79.48
22:21:05,server_7,42.13
22:21:05,server_8,52.14
22:21:05,server_5,16.87
22:21:10,server_12,94.85
22:21:10,server_19,51.28
22:21:10,server_18,61.91
22:21:10,server_17,30.64
22:21:10,server_16,99.98
22:21:10,server_15,0.28
22:21:10,server_14,96.84
22:21:10,server_13,23.2
22:21:10,server_11,84.52
22:21:10,server_20,86.99
22:21:10,server_9,46.71
22:21:10,server_1,10.9
22:21:10,server_2,33.36
22:21:10,server_3,57.62
22:21:10,server_4,55.02
22:21:10,server_10,46.83
22:21:10,server_6,41.19
22:21:10,server_7,59.35
22:21:10,server_8,32.34
22:21:10,server_5,48.59
22:21:15,server_12,29.8
22:21:15,server_19,17.65
22:21:15,server_18,47.87
22:21:15,server_17,57.25
22:21:15,server_16,89.44
22:21:15,server_15,96.95
22:21:15,server_14,80.16
22:21:15,server_13,39.05
22:21:15,server_11,55.18
22:21:15,server_20,16.7
22:21:15,server_9,66.07
22:21:15,server_1,35.25
22:21:15,server_2,46.79
22:21:15,server_3,45.43
22:21:15,server_4,98.8
22:21:15,server_10,31.85
22:21:15,server_6,78.36
22:21:15,server_7,98.97
22:21:15,server_8,62.32
22:21:15,server_5,39.4
22:21:20,server_11,54.79
22:21:20,server_19,45.5
22:21:20,server_18,95.87
22:21:20,server_17,67.68
22:21:20,server_16,22.24
22:21:20,server_15,83.09
22:21:20,server_14,48.93
22:21:20,server_13,37.92
22:21:20,server_12,57.71
22:21:20,server_20,13.89
22:21:20,server_10,87.3
22:21:20,server_8,61.11
22:21:20,server_7,89.81
22:21:20,server_6,25.81
22:21:20,server_5,32.42
22:21:20,server_4,92.9
22:21:20,server_3,26.52
22:21:20,server_2,78.6
22:21:20,server_1,97.18
22:21:20,server_9,23.63
22:21:25,server_13,5.6
22:21:25,server_14,43.21
22:21:25,server_15,88.77
22:21:25,server_12,85.49
22:21:25,server_17,26.55
22:21:25,server_18,34.21
22:21:25,server_19,0.69
22:21:25,server_16,41.33
22:21:25,server_11,20.4
22:21:25,server_20,48.02
22:21:25,server_9,53.96
22:21:25,server_1,36.34
22:21:25,server_2,72.39
22:21:25,server_3,49.91
22:21:25,server_4,66.21
22:21:25,server_10,93.35
22:21:25,server_6,57.08
22:21:25,server_7,17.72
22:21:25,server_8,21.33
22:21:25,server_5,7.96
22:21:30,server_19,29.04
22:21:30,server_18,72.4
22:21:30,server_17,24.98
22:21:30,server_16,43.15
22:21:30,server_15,63.45
22:21:30,server_14,60.59
22:21:30,server_13,54.71
22:21:30,server_12,62.58
22:21:30,server_11,89.71
22:21:30,server_20,90.9
22:21:30,server_9,52.41
22:21:30,server_1,52.93
22:21:30,server_2,44.48
22:21:30,server_3,89.03
22:21:30,server_4,43.19
22:21:30,server_10,48.12
22:21:30,server_6,68.87
22:21:30,server_7,50.46
22:21:30,server_8,31.82
22:21:30,server_5,21.48
22:21:35,server_11,88.76
22:21:35,server_19,23.45
22:21:35,server_18,49.69
22:21:35,server_17,46.03
22:21:35,server_16,25.97
22:21:35,server_15,47.09
22:21:35,server_14,64.95
22:21:35,server_13,31.85
22:21:35,server_12,66.97
22:21:35,server_20,86.68
22:21:35,server_10,56.72
22:21:35,server_8,56.54
22:21:35,server_9,87.06
22:21:35,server_1,80.88
22:21:35,server_2,64.35
22:21:35,server_3,97.53
22:21:35,server_5,96.93
22:21:35,server_6,24.63
22:21:35,server_7,52.72
22:21:35,server_4,23.56
22:21:40,server_20,71.0
22:21:40,server_11,88.5
22:21:40,server_18,30.78
22:21:40,server_17,80.13
22:21:40,server_16,96.94
22:21:40,server_15,64.1
22:21:40,server_14,63.85
22:21:40,server_13,55.27
22:21:40,server_12,52.35
22:21:40,server_19,31.8
22:21:40,server_10,59.01
22:21:40,server_8,68.44
22:21:40,server_1,43.95
22:21:40,server_2,80.64
22:21:40,server_3,36.21
22:21:40,server_9,54.2
22:21:40,server_5,41.79
22:21:40,server_6,59.82
22:21:40,server_7,50.62
22:21:40,server_4,45.9
22:21:45,server_12,26.03
22:21:45,server_19,31.53
22:21:45,server_18,61.91
22:21:45,server_17,78.2
22:21:45,server_16,42.64
22:21:45,server_15,44.14
22:21:45,server_14,39.39
22:21:45,server_13,96.94
22:21:45,server_11,54.39
22:21:45,server_20,68.35
22:21:45,server_9,82.95
22:21:45,server_1,37.36
22:21:45,server_2,44.66
22:21:45,server_3,97.57
22:21:45,server_4,25.74
22:21:45,server_10,41.01
22:21:45,server_6,25.4
22:21:45,server_7,69.96
22:21:45,server_8,44.84
22:21:45,server_5,80.18
22:21:50,server_11,62.25
22:21:50,server_19,49.12
22:21:50,server_18,96.06
22:21:50,server_17,44.12
22:21:50,server_16,99.0
22:21:50,server_15,55.55
22:21:50,server_14,29.96
22:21:50,server_13,66.28
22:21:50,server_12,51.56
22:21:50,server_20,43.75
22:21:50,server_10,64.38
22:21:50,server_8,25.86
22:21:50,server_7,67.7
22:21:50,server_6,68.71
22:21:50,server_5,43.48
22:21:50,server_4,69.02
22:21:50,server_3,39.57
22:21:50,server_2,60.17
22:21:50,server_1,81.57
22:21:50,server_9,57.49
22:21:55,server_13,99.36
22:21:55,server_14,48.6
22:21:55,server_15,62.14
22:21:55,server_12,12.67
22:21:55,server_17,46.06
22:21:55,server_18,42.72
22:21:55,server_19,88.66
22:21:55,server_16,92.35
22:21:55,server_11,21.05
22:21:55,server_20,95.48
22:21:55,server_9,69.89
22:21:55,server_1,88.82
22:21:55,server_2,34.1
22:21:55,server_3,40.65
22:21:55,server_4,61.96
22:21:55,server_10,45.45
22:21:55,server_6,56.45
22:21:55,server_7,65.44
22:21:55,server_8,51.06
22:21:55,server_5,53.77
22:22:00,server_20,72.55
22:22:00,server_19,85.17
22:22:00,server_18,58.48
22:22:00,server_17,48.67
22:22:00,server_16,69.42
22:22:00,server_15,21.81
22:22:00,server_14,43.89
22:22:00,server_12,42.26
22:22:00,server_11,91.36
22:22:00,server_13,96.14
22:22:00,server_9,42.21
22:22:00,server_10,34.44
22:22:00,server_2,49.19
22:22:00,server_3,65.44
22:22:00,server_4,96.35
22:22:00,server_1,85.97
22:22:00,server_6,90.02
22:22:00,server_7,94.54
22:22:00,server_8,49.29
22:22:00,server_5,86.86
22:22:05,server_12,93.54
22:22:05,server_20,97.6
22:22:05,server_19,30.08
22:22:05,server_18,66.13
22:22:05,server_17,55.09
22:22:05,server_16,42.3
22:22:05,server_15,48.22
22:22:05,server_14,50.58
22:22:05,server_13,87.16
22:22:05,server_11,57.92
22:22:05,server_3,26.84
22:22:05,server_9,50.93
22:22:05,server_10,99.93
22:22:05,server_2,94.59
22:22:05,server_4,77.67
22:22:05,server_1,93.62
22:22:05,server_6,25.91
22:22:05,server_7,26.73
22:22:05,server_8,90.59
22:22:05,server_5,61.69
22:22:10,server_12,69.84
22:22:10,server_19,83.5
22:22:10,server_18,92.22
22:22:10,server_17,49.15
22:22:10,server_16,49.51
22:22:10,server_15,55.64
22:22:10,server_14,63.22
22:22:10,server_20,85.08
22:22:10,server_11,64.38
22:22:10,server_13,42.21
22:22:10,server_9,58.06
22:22:10,server_1,51.57
22:22:10,server_2,14.92
22:22:10,server_3,49.31
22:22:10,server_4,58.5
22:22:10,server_10,52.92
22:22:10,server_6,65.7
22:22:10,server_7,38.59
22:22:10,server_8,95.1
22:22:10,server_5,93.55
22:22:15,server_19,4.18
22:22:15,server_18,62.55
22:22:15,server_17,93.23
22:22:15,server_16,89.08
22:22:15,server_15,28.45
22:22:15,server_14,26.23
22:22:15,server_13,64.25
22:22:15,server_12,31.69
22:22:15,server_11,87.28
22:22:15,server_20,53.58
22:22:15,server_9,77.88
22:22:15,server_1,24.04
22:22:15,server_2,34.26
22:22:15,server_3,37.93
22:22:15,server_4,26.3
22:22:15,server_10,77.8
22:22:15,server_6,49.21
22:22:15,server_7,47.07
22:22:15,server_8,49.91
22:22:15,server_5,26.96
22:22:20,server_11,61.68
22:22:20,server_19,35.64
22:22:20,server_18,96.88
22:22:20,server_17,35.06
22:22:20,server_16,50.52
22:22:20,server_15,39.37
22:22:20,server_14,46.18
22:22:20,server_13,88.37
22:22:20,server_12,61.28
22:22:20,server_20,20.13
22:22:20,server_10,40.96
22:22:20,server_8,67.08
22:22:20,server_9,44.22
22:22:20,server_1,3.21
22:22:20,server_2,57.92
22:22:20,server_3,66.06
22:22:20,server_5,66.48
22:22:20,server_6,45.9
22:22:20,server_7,28.64
22:22:20,server_4,28.06
22:22:25,server_20,34.84
22:22:25,server_11,60.36
22:22:25,server_18,20.57
22:22:25,server_17,46.75
22:22:25,server_16,96.34
22:22:25,server_15,53.66
22:22:25,server_14,87.07
22:22:25,server_13,20.37
22:22:25,server_12,60.78
22:22:25,server_19,12.23
22:22:25,server_10,12.18
22:22:25,server_8,68.82
22:22:25,server_1,65.66
22:22:25,server_2,48.94
22:22:25,server_3,90.63
22:22:25,server_9,54.86
22:22:25,server_5,89.92
22:22:25,server_6,33.32
22:22:25,server_7,44.29
22:22:25,server_4,92.79
22:22:30,server_20,60.96
22:22:30,server_19,1.78
22:22:30,server_18,24.84
22:22:30,server_17,42.2
22:22:30,server_16,0.17
22:22:30,server_15,88.54
22:22:30,server_14,13.57
22:22:30,server_12,22.79
22:22:30,server_11,61.31
22:22:30,server_13,41.76
22:22:30,server_9,49.85
22:22:30,server_10,53.65
22:22:30,server_2,87.29
22:22:30,server_3,85.85
22:22:30,server_4,32.78
22:22:30,server_1,11.33
22:22:30,server_6,23.64
22:22:30,server_7,56.74
22:22:30,server_8,54.22
22:22:30,server_5,23.32
22:22:35,server_12,83.31
22:22:35,server_19,62.72
22:22:35,server_18,50.72
22:22:35,server_20,64.89
22:22:35,server_17,64.38
22:22:35,server_16,26.55
22:22:35,server_15,52.38
22:22:35,server_14,32.47
22:22:35,server_13,48.21
22:22:35,server_11,47.3
22:22:35,server_3,41.3
22:22:35,server_9,97.96
22:22:35,server_10,57.39
22:22:35,server_2,80.99
22:22:35,server_4,5.13
22:22:35,server_1,18.28
22:22:35,server_6,57.01
22:22:35,server_7,67.29
22:22:35,server_8,95.64
22:22:35,server_5,85.0
22:22:40,server_11,23.1
22:22:40,server_20,30.46
22:22:40,server_18,90.49
22:22:40,server_17,34.26
22:22:40,server_16,15.26
22:22:40,server_15,93.35
22:22:40,server_14,85.97
22:22:40,server_13,54.85
22:22:40,server_12,8.46
22:22:40,server_19,27.41
22:22:40,server_10,22.64
22:22:40,server_8,67.7
22:22:40,server_1,26.42
22:22:40,server_2,24.25
22:22:40,server_3,5.02
22:22:40,server_9,39.84
22:22:40,server_5,45.09
22:22:40,server_6,60.43
22:22:40,server_7,96.62
22:22:40,server_4,91.12
22:22:45,server_12,13.77
22:22:45,server_19,99.06
22:22:45,server_18,93.51
22:22:45,server_17,58.09
22:22:45,server_16,58.51
22:22:45,server_15,48.1
22:22:45,server_14,90.19
22:22:45,server_13,56.5
22:22:45,server_11,39.04
22:22:45,server_20,61.22
22:22:45,server_9,9.25
22:22:45,server_1,48.5
22:22:45,server_2,58.56
22:22:45,server_3,53.8
22:22:45,server_4,20.36
22:22:45,server_10,46.09
22:22:45,server_6,52.86
22:22:45,server_7,59.38
22:22:45,server_8,36.68
22:22:45,server_5,9.57
22:22:50,server_11,40.59
22:22:50,server_19,93.42
22:22:50,server_18,43.42
22:22:50,server_17,88.09
22:22:50,server_16,92.61
22:22:50,server_15,57.93
22:22:50,server_14,25.15
22:22:50,server_13,23.11
22:22:50,server_12,4.45
22:22:50,server_20,56.45
22:22:50,server_10,41.92
22:22:50,server_8,66.42
22:22:50,server_7,4.05
22:22:50,server_6,28.36
22:22:50,server_5,64.67
22:22:50,server_4,78.55
22:22:50,server_3,67.51
22:22:50,server_2,28.46
22:22:50,server_1,50.26
22:22:50,server_9,88.51
22:22:55,server_13,40.46
22:22:55,server_14,77.82
22:22:55,server_20,79.73
22:22:55,server_12,42.49
22:22:55,server_17,40.13
22:22:55,server_18,67.7
22:22:55,server_19,7.24
22:22:55,server_16,21.62
22:22:55,server_11,23.71
22:22:55,server_15,24.29
22:22:55,server_9,41.93
22:22:55,server_1,43.22
22:22:55,server_2,46.41
22:22:55,server_3,22.54
22:22:55,server_4,29.33
22:22:55,server_10,51.32
22:22:55,server_6,47.22
22:22:55,server_7,29.85
22:22:55,server_8,89.81
22:22:55,server_5,73.9
22:23:00,server_12,69.73
22:23:00,server_20,27.76
22:23:00,server_19,39.39
22:23:00,server_18,48.5
22:23:00,server_17,88.08
22:23:00,server_16,88.26
22:23:00,server_15,14.75
22:23:00,server_14,53.56
22:23:00,server_13,40.92
22:23:00,server_11,85.3
22:23:00,server_10,63.0
22:23:00,server_9,19.35
22:23:00,server_2,59.25
22:23:00,server_3,47.91
22:23:00,server_4,61.15
22:23:00,server_1,49.54
22:23:00,server_6,86.15
22:23:00,server_7,47.08
22:23:00,server_8,64.04
22:23:00,server_5,58.05
22:23:05,server_12,96.47
22:23:05,server_19,54.52
22:23:05,server_18,88.02
22:23:05,server_17,45.47
22:23:05,server_16,48.77
22:23:05,server_15,89.65
22:23:05,server_14,17.38
22:23:05,server_13,75.03
22:23:05,server_11,55.06
22:23:05,server_20,66.03
22:23:05,server_9,27.9
22:23:05,server_1,40.96
22:23:05,server_2,62.29
22:23:05,server_3,66.11
22:23:05,server_4,2.66
22:23:05,server_10,30.23
22:23:05,server_6,33.48
22:23:05,server_7,67.89
22:23:05,server_8,7.08
22:23:05,server_5,53.87
22:23:10,server_12,98.9
22:23:10,server_19,95.29
22:23:10,server_18,34.05
22:23:10,server_17,7.73
22:23:10,server_16,54.72
22:23:10,server_15,29.05
22:23:10,server_14,1.13
22:23:10,server_13,75.28
22:23:10,server_11,60.06
22:23:10,server_20,46.8
22:23:10,server_9,86.09
22:23:10,server_1,55.72
22:23:10,server_2,41.42
22:23:10,server_3,51.67
22:23:10,server_4,29.06
22:23:10,server_10,46.77
22:23:10,server_6,26.8
22:23:10,server_7,42.04
22:23:10,server_8,50.64
22:23:10,server_5,38.26
22:23:15,server_11,25.82
22:23:15,server_19,90.01
22:23:15,server_18,68.84
22:23:15,server_17,69.63
22:23:15,server_16,60.87
22:23:15,server_15,56.79
22:23:15,server_14,54.43
22:23:15,server_13,75.02
22:23:15,server_12,52.93
22:23:15,server_20,50.41
22:23:15,server_10,21.94
22:23:15,server_8,54.14
22:23:15,server_7,7.02
22:23:15,server_6,69.35
22:23:15,server_5,33.65
22:23:15,server_4,3.63
22:23:15,server_3,35.91
22:23:15,server_2,65.56
22:23:15,server_1,16.62
22:23:15,server_9,62.58
22:23:20,server_13,59.71
22:23:20,server_14,49.19
22:23:20,server_15,29.14
22:23:20,server_12,62.51
22:23:20,server_17,97.01
22:23:20,server_18,37.24
22:23:20,server_19,27.8
22:23:20,server_16,83.83
22:23:20,server_11,57.27
22:23:20,server_20,97.74
22:23:20,server_9,59.7
22:23:20,server_1,59.41
22:23:20,server_2,59.21
22:23:20,server_3,52.37
22:23:20,server_4,64.2
22:23:20,server_10,59.45
22:23:20,server_6,33.51
22:23:20,server_7,53.78
22:23:20,server_8,65.37
22:23:20,server_5,21.66
22:23:25,server_19,63.22
22:23:25,server_18,73.16
22:23:25,server_17,29.61
22:23:25,server_16,58.28
22:23:25,server_15,72.59
22:23:25,server_14,49.05
22:23:25,server_13,12.77
22:23:25,server_12,48.95
22:23:25,server_11,64.74
22:23:25,server_20,45.11
22:23:25,server_9,43.86
22:23:25,server_1,99.63
22:23:25,server_2,20.28
22:23:25,server_3,28.31
22:23:25,server_4,73.97
22:23:25,server_10,47.5
22:23:25,server_6,53.09
22:23:25,server_7,54.92
22:23:25,server_8,20.67
22:23:25,server_5,21.74
22:23:30,server_11,43.18
22:23:30,server_19,47.34
22:23:30,server_18,46.0
22:23:30,server_17,27.37
22:23:30,server_16,51.49
22:23:30,server_15,30.35
22:23:30,server_14,8.31
22:23:30,server_13,49.44
22:23:30,server_12,72.28
22:23:30,server_20,42.34
22:23:30,server_10,18.25
22:23:30,server_8,88.16
22:23:30,server_9,40.23
22:23:30,server_1,25.42
22:23:30,server_2,51.29
22:23:30,server_3,47.69
22:23:30,server_5,49.02
22:23:30,server_6,36.19
22:23:30,server_7,64.62
22:23:30,server_4,22.12
22:23:35,server_20,55.0
22:23:35,server_11,58.23
22:23:35,server_18,64.1
22:23:35,server_17,34.37
22:23:35,server_16,75.25
22:23:35,server_15,65.13
22:23:35,server_14,80.76
22:23:35,server_13,66.1
22:23:35,server_12,41.75
22:23:35,server_19,8.37
22:23:35,server_10,63.65
22:23:35,server_8,25.4
22:23:35,server_1,45.28
22:23:35,server_2,40.32
22:23:35,server_3,60.98
22:23:35,server_9,21.47
22:23:35,server_5,39.5
22:23:35,server_6,33.38
22:23:35,server_7,44.99
22:23:35,server_4,25.14
22:23:40,server_13,25.9
22:23:40,server_20,31.83
22:23:40,server_19,55.39
22:23:40,server_18,68.16
22:23:40,server_17,35.2
22:23:40,server_16,66.85
22:23:40,server_15,51.76
22:23:40,server_14,55.94
22:23:40,server_12,40.91
22:23:40,server_11,95.13
22:23:40,server_1,34.96
22:23:40,server_9,54.34
22:23:40,server_8,42.62
22:23:40,server_7,64.48
22:23:40,server_6,48.65
22:23:40,server_5,54.79
22:23:40,server_4,45.07
22:23:40,server_3,89.52
22:23:40,server_2,20.8
22:23:40,server_10,83.88
22:23:45,server_13,95.42
22:23:45,server_14,50.44
22:23:45,server_15,67.97
22:23:45,server_16,96.8
22:23:45,server_12,60.69
22:23:45,server_18,46.85
22:23:45,server_19,61.09
22:23:45,server_20,50.94
22:23:45,server_17,68.28
22:23:45,server_11,85.79
22:23:45,server_1,98.71
22:23:45,server_9,76.98
22:23:45,server_8,35.98
22:23:45,server_7,66.89
22:23:45,server_6,6.99
22:23:45,server_5,42.16
22:23:45,server_4,23.53
22:23:45,server_3,52.76
22:23:45,server_2,26.4
22:23:45,server_10,54.3
22:23:50,server_13,52.34
22:23:50,server_14,16.44
22:23:50,server_15,65.18
22:23:50,server_16,85.41
22:23:50,server_20,57.08
22:23:50,server_18,45.74
22:23:50,server_19,54.58
22:23:50,server_12,58.97
22:23:50,server_17,49.93
22:23:50,server_11,97.65
22:23:50,server_10,84.56
22:23:50,server_9,46.17
22:23:50,server_8,83.19
22:23:50,server_7,77.3
22:23:50,server_6,89.13
22:23:50,server_5,52.14
22:23:50,server_4,41.6
22:23:50,server_3,56.47
22:23:50,server_2,37.4
22:23:50,server_1,6.36
22:23:55,server_13,40.83
22:23:55,server_14,23.36
22:23:55,server_15,16.97
22:23:55,server_16,62.27
22:23:55,server_20,85.21
22:23:55,server_18,35.27
22:23:55,server_19,36.44
22:23:55,server_12,92.5
22:23:55,server_17,72.82
22:23:55,server_11,50.65
22:23:55,server_10,50.8
22:23:55,server_9,29.16
22:23:55,server_2,92.62
22:23:55,server_3,41.13
22:23:55,server_4,12.07
22:23:55,server_1,73.22
22:23:55,server_6,53.49
22:23:55,server_7,73.75
22:23:55,server_8,22.15
22:23:55,server_5,47.69
22:24:00,server_12,21.85
22:24:00,server_19,62.16
22:24:00,server_18,35.55
22:24:00,server_17,16.05
22:24:00,server_16,31.12
22:24:00,server_15,74.21
22:24:00,server_14,37.07
22:24:00,server_13,27.11
22:24:00,server_11,89.22
22:24:00,server_20,93.04
22:24:00,server_9,54.77
22:24:00,server_1,60.03
22:24:00,server_2,25.29
22:24:00,server_3,57.09
22:24:00,server_4,40.16
22:24:00,server_10,29.38
22:24:00,server_6,65.95
22:24:00,server_7,82.59
22:24:00,server_8,47.45
22:24:00,server_5,58.92
22:24:05,server_12,39.66
22:24:05,server_19,36.08
22:24:05,server_18,23.52
22:24:05,server_17,58.78
22:24:05,server_16,51.11
22:24:05,server_15,51.82
22:24:05,server_14,92.03
22:24:05,server_13,37.41
22:24:05,server_11,96.37
22:24:05,server_20,54.72
22:24:05,server_9,3.14
22:24:05,server_1,42.53
22:24:05,server_2,30.37
22:24:05,server_3,64.4
22:24:05,server_4,31.83
22:24:05,server_10,33.17
22:24:05,server_6,49.58
22:24:05,server_7,30.27
22:24:05,server_8,53.78
22:24:05,server_5,50.43
22:24:10,server_11,50.87
22:24:10,server_19,28.0
22:24:10,server_18,52.36
22:24:10,server_17,47.33
22:24:10,server_16,59.11
22:24:10,server_15,63.86
22:24:10,server_14,69.42
22:24:10,server_13,47.37
22:24:10,server_12,57.67
22:24:10,server_20,28.87
22:24:10,server_10,58.82
22:24:10,server_8,26.34
22:24:10,server_7,42.85
22:24:10,server_6,25.54
22:24:10,server_5,68.56
22:24:10,server_4,25.51
22:24:10,server_3,87.56
22:24:10,server_2,84.05
22:24:10,server_1,47.62
22:24:10,server_9,13.19
22:24:15,server_13,59.33
22:24:15,server_14,87.7
22:24:15,server_15,29.85
22:24:15,server_12,65.0
22:24:15,server_17,97.51
22:24:15,server_18,63.22
22:24:15,server_19,50.68
22:24:15,server_16,49.05
22:24:15,server_11,40.89
22:24:15,server_20,65.83
22:24:15,server_9,92.35
22:24:15,server_1,66.32
22:24:15,server_2,14.25
22:24:15,server_3,37.54
22:24:15,server_4,63.64
22:24:15,server_10,86.63
22:24:15,server_6,39.43
22:24:15,server_7,30.56
22:24:15,server_8,94.23
22:24:15,server_5,43.81
22:24:20,server_19,69.05
22:24:20,server_18,8.77
22:24:20,server_17,42.3
22:24:20,server_16,37.69
22:24:20,server_15,69.28
22:24:20,server_14,61.12
22:24:20,server_13,2.99
22:24:20,server_12,51.04
22:24:20,server_11,55.32
22:24:20,server_20,47.31
22:24:20,server_9,46.15
22:24:20,server_1,27.54
22:24:20,server_2,45.57
22:24:20,server_3,56.59
22:24:20,server_4,56.92
22:24:20,server_10,43.95
22:24:20,server_6,33.47
22:24:20,server_7,56.03
22:24:20,server_8,43.7
22:24:20,server_5,48.92
22:24:25,server_11,16.32
22:24:25,server_19,98.08
22:24:25,server_18,67.2
22:24:25,server_17,15.53
22:24:25,server_16,58.32
22:24:25,server_15,64.05
22:24:25,server_14,5.11
22:24:25,server_13,32.46
22:24:25,server_12,25.14
22:24:25,server_20,23.93
22:24:25,server_10,27.58
22:24:25,server_8,20.43
22:24:25,server_9,50.43
22:24:25,server_1,61.4
22:24:25,server_2,98.76
22:24:25,server_3,20.96
22:24:25,server_5,25.76
22:24:25,server_6,64.71
22:24:25,server_7,63.27
22:24:25,server_4,43.0
22:24:30,server_20,57.02
22:24:30,server_11,49.39
22:24:30,server_18,40.37
22:24:30,server_17,39.29
22:24:30,server_16,13.38
22:24:30,server_15,38.61
22:24:30,server_14,89.72
22:24:30,server_13,62.44
22:24:30,server_12,37.67
22:24:30,server_19,24.15
22:24:30,server_10,47.07
22:24:30,server_8,49.69
22:24:30,server_1,61.44
22:24:30,server_2,4.55
22:24:30,server_3,24.73
22:24:30,server_9,25.2
22:24:30,server_5,91.09
22:24:30,server_6,66.89
22:24:30,server_7,42.33
22:24:30,server_4,60.14
22:24:35,server_12,25.93
22:24:35,server_19,47.65
22:24:35,server_18,66.7
22:24:35,server_17,25.38
22:24:35,server_16,88.44
22:24:35,server_15,63.44
22:24:35,server_14,39.15
22:24:35,server_13,48.33
22:24:35,server_11,13.54
22:24:35,server_20,2.23
22:24:35,server_9,81.68
22:24:35,server_1,31.96
22:24:35,server_2,33.9
22:24:35,server_3,81.75
22:24:35,server_4,42.47
22:24:35,server_10,47.74
22:24:35,server_6,42.24
22:24:35,server_7,92.42
22:24:35,server_8,29.69
22:24:35,server_5,49.31
22:24:40,server_11,61.5
22:24:40,server_19,79.45
22:24:40,server_18,23.89
22:24:40,server_17,33.86
22:24:40,server_16,67.6
22:24:40,server_15,84.92
22:24:40,server_14,49.61
22:24:40,server_13,29.82
22:24:40,server_12,56.56
22:24:40,server_20,50.88
22:24:40,server_10,42.33
22:24:40,server_8,54.95
22:24:40,server_7,94.02
22:24:40,server_6,40.17
22:24:40,server_5,22.85
22:24:40,server_4,46.82
22:24:40,server_3,6.21
22:24:40,server_2,25.83
22:24:40,server_1,63.54
22:24:40,server_9,63.65
22:24:45,server_13,60.69
22:24:45,server_14,89.06
22:24:45,server_15,89.47
22:24:45,server_12,65.08
22:24:45,server_17,2.79
22:24:45,server_18,28.68
22:24:45,server_19,38.17
22:24:45,server_16,62.54
22:24:45,server_11,6.55
22:24:45,server_20,58.78
22:24:45,server_9,8.43
22:24:45,server_1,43.9
22:24:45,server_2,66.59
22:24:45,server_3,21.62
22:24:45,server_4,37.65
22:24:45,server_10,90.32
22:24:45,server_6,54.44
22:24:45,server_7,53.81
22:24:45,server_8,42.37
22:24:45,server_5,5.74
22:24:50,server_12,40.63
22:24:50,server_20,22.52
22:24:50,server_19,49.12
22:24:50,server_18,55.47
22:24:50,server_17,61.48
22:24:50,server_16,48.56
22:24:50,server_15,99.37
22:24:50,server_14,56.87
22:24:50,server_13,45.93
22:24:50,server_11,37.2
22:24:50,server_10,30.19
22:24:50,server_9,7.16
22:24:50,server_2,28.93
22:24:50,server_3,45.16
22:24:50,server_4,34.04
22:24:50,server_1,23.56
22:24:50,server_6,56.33
22:24:50,server_7,84.61
22:24:50,server_8,44.04
22:24:50,server_5,17.2
22:24:55,server_12,78.11
22:24:55,server_19,58.96
22:24:55,server_18,44.09
22:24:55,server_17,37.1
22:24:55,server_16,11.65
22:24:55,server_15,89.79
22:24:55,server_14,65.81
22:24:55,server_13,67.31
22:24:55,server_11,74.2
22:24:55,server_20,79.37
22:24:55,server_9,89.02
22:24:55,server_1,62.88
22:24:55,server_2,45.2
22:24:55,server_3,54.06
22:24:55,server_4,20.65
22:24:55,server_10,91.3
22:24:55,server_6,44.15
22:24:55,server_7,24.93
22:24:55,server_8,26.84
22:24:55,server_5,73.48
22:25:00,server_12,48.78
22:25:00,server_19,41.99
22:25:00,server_18,50.75
22:25:00,server_17,25.03
22:25:00,server_16,85.7
22:25:00,server_15,46.69
22:25:00,server_14,47.8
22:25:00,server_13,48.1
22:25:00,server_11,11.21
22:25:00,server_20,86.81
22:25:00,server_9,24.22
22:25:00,server_1,1.73
22:25:00,server_2,27.61
22:25:00,server_3,46.56
22:25:00,server_4,59.64
22:25:00,server_10,42.44
22:25:00,server_6,66.86
22:25:00,server_7,99.24
22:25:00,server_8,93.53
22:25:00,server_5,46.16
22:25:05,server_11,60.58
22:25:05,server_19,41.65
22:25:05,server_18,22.61
22:25:05,server_17,66.34
22:25:05,server_16,98.32
22:25:05,server_15,84.2
22:25:05,server_14,69.5
22:25:05,server_13,22.25
22:25:05,server_12,64.85
22:25:05,server_20,95.84
22:25:05,server_10,96.91
22:25:05,server_8,57.04
22:25:05,server_7,93.4
22:25:05,server_6,50.89
22:25:05,server_5,25.84
22:25:05,server_4,24.91
22:25:05,server_3,36.59
22:25:05,server_2,58.4
22:25:05,server_1,35.52
22:25:05,server_9,43.55
22:25:10,server_13,56.0
22:25:10,server_14,51.17
22:25:10,server_15,96.18
22:25:10,server_12,46.54
22:25:10,server_17,48.86
22:25:10,server_18,37.44
22:25:10,server_19,21.1
22:25:10,server_16,53.77
22:25:10,server_11,56.32
22:25:10,server_20,21.94
22:25:10,server_9,63.03
22:25:10,server_1,43.16
22:25:10,server_2,57.24
22:25:10,server_3,47.67
22:25:10,server_4,43.84
22:25:10,server_10,2.79
22:25:10,server_6,29.7
22:25:10,server_7,24.35
22:25:10,server_8,58.78
22:25:10,server_5,62.87
22:25:15,server_19,99.08
22:25:15,server_18,51.4
22:25:15,server_17,46.93
22:25:15,server_16,16.19
22:25:15,server_15,41.92
22:25:15,server_14,26.14
22:25:15,server_13,22.49
22:25:15,server_12,57.16
22:25:15,server_11,37.96
22:25:15,server_20,69.44
22:25:15,server_9,64.75
22:25:15,server_1,95.11
22:25:15,server_2,49.34
22:25:15,server_3,32.45
22:25:15,server_4,96.4
22:25:15,server_10,77.1
22:25:15,server_6,54.79
22:25:15,server_7,54.01
22:25:15,server_8,81.71
22:25:15,server_5,46.89
22:25:20,server_11,94.89
22:25:20,server_19,78.38
22:25:20,server_18,40.02
22:25:20,server_17,67.55
22:25:20,server_16,91.21
22:25:20,server_15,96.13
22:25:20,server_14,22.96
22:25:20,server_13,22.23
22:25:20,server_12,20.04
22:25:20,server_20,47.8
22:25:20,server_10,8.02
22:25:20,server_8,20.72
22:25:20,server_9,86.56
22:25:20,server_1,57.29
22:25:20,server_2,23.79
22:25:20,server_3,65.18
22:25:20,server_5,40.03
22:25:20,server_6,32.57
22:25:20,server_7,84.41
22:25:20,server_4,38.07
22:25:25,server_20,41.77
22:25:25,server_11,98.35
22:25:25,server_18,40.76
22:25:25,server_17,40.31
22:25:25,server_16,20.92
22:25:25,server_15,55.09
22:25:25,server_14,82.44
22:25:25,server_13,92.83
22:25:25,server_12,43.96
22:25:25,server_19,88.88
22:25:25,server_10,19.76
22:25:25,server_8,99.1
22:25:25,server_1,63.79
22:25:25,server_2,74.52
22:25:25,server_3,24.65
22:25:25,server_9,41.83
22:25:25,server_5,60.06
22:25:25,server_6,29.45
22:25:25,server_7,41.57
22:25:25,server_4,58.24
22:25:30,server_12,94.56
22:25:30,server_19,45.28
22:25:30,server_18,46.83
22:25:30,server_17,85.49
22:25:30,server_16,36.26
22:25:30,server_15,42.7
22:25:30,server_14,28.23
22:25:30,server_13,93.3
22:25:30,server_11,47.89
22:25:30,server_20,3.46
22:25:30,server_9,46.66
22:25:30,server_1,70.06
22:25:30,server_2,98.34
22:25:30,server_3,62.66
22:25:30,server_4,42.16
22:25:30,server_10,46.23
22:25:30,server_6,28.92
22:25:30,server_7,54.1
22:25:30,server_8,24.21
22:25:30,server_5,27.08
22:25:35,server_11,44.98
22:25:35,server_19,60.05
22:25:35,server_18,19.33
22:25:35,server_17,28.23
22:25:35,server_16,85.23
22:25:35,server_15,45.15
22:25:35,server_14,46.39
22:25:35,server_13,34.76
22:25:35,server_12,28.13
22:25:35,server_20,82.0
22:25:35,server_10,60.98
22:25:35,server_8,81.37
22:25:35,server_7,98.21
22:25:35,server_6,42.32
22:25:35,server_5,86.19
22:25:35,server_4,11.24
22:25:35,server_3,9.62
22:25:35,server_2,33.57
22:25:35,server_1,21.58
22:25:35,server_9,69.24
22:25:40,server_13,57.49
22:25:40,server_14,82.29
22:25:40,server_15,93.13
22:25:40,server_12,93.51
22:25:40,server_17,22.45
22:25:40,server_18,32.31
22:25:40,server_19,53.01
22:25:40,server_16,11.91
22:25:40,server_11,62.05
22:25:40,server_20,87.22
22:25:40,server_9,65.15
22:25:40,server_1,99.72
22:25:40,server_2,59.8
22:25:40,server_3,25.99
22:25:40,server_4,24.8
22:25:40,server_10,60.42
22:25:40,server_6,51.48
22:25:40,server_7,59.65
22:25:40,server_8,21.03
22:25:40,server_5,43.91
22:25:45,server_20,98.35
22:25:45,server_19,38.51
22:25:45,server_18,64.57
22:25:45,server_17,75.78
22:25:45,server_16,42.53
22:25:45,server_15,99.28
22:25:45,server_14,33.22
22:25:45,server_12,53.17
22:25:45,server_11,18.52
22:25:45,server_13,51.57
22:25:45,server_9,45.22
22:25:45,server_10,67.49
22:25:45,server_2,59.09
22:25:45,server_3,90.79
22:25:45,server_4,94.53
22:25:45,server_1,97.15
22:25:45,server_6,27.57
22:25:45,server_7,43.67
22:25:45,server_8,50.58
22:25:45,server_5,57.14
22:25:50,server_12,42.4
22:25:50,server_20,2.67
22:25:50,server_19,68.67
22:25:50,server_18,59.87
22:25:50,server_17,22.34
22:25:50,server_16,95.11
22:25:50,server_15,99.63
22:25:50,server_14,61.04
22:25:50,server_13,49.21
22:25:50,server_11,7.26
22:25:50,server_3,20.48
22:25:50,server_9,42.7
22:25:50,server_10,95.18
22:25:50,server_2,85.09
22:25:50,server_4,22.22
22:25:50,server_1,44.22
22:25:50,server_6,62.86
22:25:50,server_7,87.69
22:25:50,server_8,39.47
22:25:50,server_5,91.61
22:25:55,server_12,50.77
22:25:55,server_19,28.35
22:25:55,server_18,32.63
22:25:55,server_17,91.78
22:25:55,server_16,28.96
22:25:55,server_15,61.79
22:25:55,server_14,63.66
22:25:55,server_20,24.74
22:25:55,server_11,98.74
22:25:55,server_13,27.49
22:25:55,server_9,69.97
22:25:55,server_1,13.1
22:25:55,server_2,15.68
22:25:55,server_3,34.04
22:25:55,server_4,30.98
22:25:55,server_10,41.86
22:25:55,server_6,81.13
22:25:55,server_7,92.84
22:25:55,server_8,37.04
22:25:55,server_5,31.78
22:26:00,server_19,34.26
22:26:00,server_18,20.5
22:26:00,server_17,35.54
22:26:00,server_16,47.51
22:26:00,server_15,26.05
22:26:00,server_14,23.96
22:26:00,server_13,3.32
22:26:00,server_12,42.74
22:26:00,server_11,39.5
22:26:00,server_20,28.16
22:26:00,server_9,94.98
22:26:00,server_1,29.26
22:26:00,server_2,47.3
22:26:00,server_3,22.97
22:26:00,server_4,45.42
22:26:00,server_10,69.44
22:26:00,server_6,53.54
22:26:00,server_7,62.22
22:26:00,server_8,26.01
22:26:00,server_5,96.17
22:26:05,server_11,89.43
22:26:05,server_19,56.25
22:26:05,server_18,30.71
22:26:05,server_17,85.61
22:26:05,server_16,93.3
22:26:05,server_15,78.32
22:26:05,server_14,38.85
22:26:05,server_13,47.17
22:26:05,server_12,52.01
22:26:05,server_20,45.4
22:26:05,server_10,41.33
22:26:05,server_8,93.2
22:26:05,server_9,66.69
22:26:05,server_1,25.65
22:26:05,server_2,33.27
22:26:05,server_3,97.79
22:26:05,server_5,2.85
22:26:05,server_6,26.97
22:26:05,server_7,90.86
22:26:05,server_4,23.16
22:26:10,server_20,5.35
22:26:10,server_11,34.87
22:26:10,server_18,94.42
22:26:10,server_17,24.9
22:26:10,server_16,55.2
22:26:10,server_15,90.51
22:26:10,server_14,79.65
22:26:10,server_13,95.93
22:26:10,server_12,33.55
22:26:10,server_19,60.53
22:26:10,server_10,79.2
22:26:10,server_8,48.48
22:26:10,server_1,48.04
22:26:10,server_2,26.54
22:26:10,server_3,22.42
22:26:10,server_9,28.88
22:26:10,server_5,44.89
22:26:10,server_6,50.58
22:26:10,server_7,59.68
22:26:10,server_4,50.55
22:26:15,server_19,29.88
22:26:15,server_18,29.66
22:26:15,server_17,26.68
22:26:15,server_16,42.44
22:26:15,server_15,62.03
22:26:15,server_14,33.52
22:26:15,server_13,63.24
22:26:15,server_12,30.19
22:26:15,server_11,54.14
22:26:15,server_20,98.33
22:26:15,server_9,97.86
22:26:15,server_1,99.89
22:26:15,server_2,29.81
22:26:15,server_3,53.25
22:26:15,server_4,75.08
22:26:15,server_10,39.41
22:26:15,server_6,65.87
22:26:15,server_7,30.37
22:26:15,server_8,57.77
22:26:15,server_5,27.9
22:26:20,server_11,59.77
22:26:20,server_19,45.26
22:26:20,server_18,7.46
22:26:20,server_17,76.42
22:26:20,server_16,30.6
22:26:20,server_15,10.55
22:26:20,server_14,52.46
22:26:20,server_13,29.41
22:26:20,server_12,55.43
22:26:20,server_20,41.52
22:26:20,server_10,70.38
22:26:20,server_8,14.33
22:26:20,server_9,9.54
22:26:20,server_1,25.23
22:26:20,server_2,66.77
22:26:20,server_3,97.03
22:26:20,server_5,53.91
22:26:20,server_6,62.41
22:26:20,server_7,92.4
22:26:20,server_4,52.47
22:26:25,server_20,94.94
22:26:25,server_19,22.82
22:26:25,server_18,91.51
22:26:25,server_17,54.96
22:26:25,server_16,24.1
22:26:25,server_15,31.45
22:26:25,server_14,21.33
22:26:25,server_13,31.73
22:26:25,server_12,53.41
22:26:25,server_11,78.81
22:26:25,server_9,91.75
22:26:25,server_1,89.06
22:26:25,server_2,92.33
22:26:25,server_3,44.29
22:26:25,server_4,67.34
22:26:25,server_10,90.45
22:26:25,server_6,59.28
22:26:25,server_7,35.07
22:26:25,server_8,54.95
22:26:25,server_5,26.87
22:26:30,server_12,29.57
22:26:30,server_19,67.24
22:26:30,server_18,65.32
22:26:30,server_17,36.85
22:26:30,server_16,33.6
22:26:30,server_15,67.26
22:26:30,server_14,60.38
22:26:30,server_13,86.15
22:26:30,server_11,92.65
22:26:30,server_20,6.76
22:26:30,server_9,71.0
22:26:30,server_1,91.65
22:26:30,server_2,88.78
22:26:30,server_3,52.86
22:26:30,server_4,91.01
22:26:30,server_10,27.2
22:26:30,server_6,94.65
22:26:30,server_7,54.39
22:26:30,server_8,85.37
22:26:30,server_5,37.82
22:26:35,server_11,69.4
22:26:35,server_19,92.9
22:26:35,server_18,61.26
22:26:35,server_17,61.85
22:26:35,server_16,95.86
22:26:35,server_15,51.3
22:26:35,server_14,22.28
22:26:35,server_13,13.66
22:26:35,server_12,3.73
22:26:35,server_20,4.27
22:26:35,server_10,62.86
22:26:35,server_8,90.09
22:26:35,server_7,92.01
22:26:35,server_6,55.07
22:26:35,server_5,22.86
22:26:35,server_4,92.7
22:26:35,server_3,70.54
22:26:35,server_2,94.07
22:26:35,server_1,55.4
22:26:35,server_9,27.89
22:26:40,server_13,57.38
22:26:40,server_14,48.49
22:26:40,server_15,82.07
22:26:40,server_16,46.6
22:26:40,server_20,66.4
22:26:40,server_18,21.87
22:26:40,server_19,56.08
22:26:40,server_12,41.09
22:26:40,server_17,39.48
22:26:40,server_11,87.95
22:26:40,server_10,36.26
22:26:40,server_9,47.89
22:26:40,server_2,49.2
22:26:40,server_3,32.86
22:26:40,server_4,75.83
22:26:40,server_1,70.35
22:26:40,server_6,43.53
22:26:40,server_7,28.92
22:26:40,server_8,9.32
22:26:40,server_5,36.59
22:26:45,server_13,36.78
22:26:45,server_20,49.95
22:26:45,server_19,43.25
22:26:45,server_18,26.89
22:26:45,server_17,97.63
22:26:45,server_16,44.17
22:26:45,server_15,97.68
22:26:45,server_14,29.76
22:26:45,server_12,51.78
22:26:45,server_11,97.56
22:26:45,server_1,90.12
22:26:45,server_9,52.93
22:26:45,server_8,91.41
22:26:45,server_7,16.75
22:26:45,server_6,27.4
22:26:45,server_5,51.32
22:26:45,server_4,73.85
22:26:45,server_3,96.85
22:26:45,server_2,85.24
22:26:45,server_10,2.03
22:26:50,server_13,25.04
22:26:50,server_14,27.52
22:26:50,server_15,67.47
22:26:50,server_16,95.22
22:26:50,server_12,56.52
22:26:50,server_18,94.76
22:26:50,server_19,87.68
22:26:50,server_20,88.41
22:26:50,server_17,29.85
22:26:50,server_11,71.18
22:26:50,server_1,20.09
22:26:50,server_9,42.6
22:26:50,server_8,65.36
22:26:50,server_7,53.28
22:26:50,server_6,45.02
22:26:50,server_5,62.52
22:26:50,server_4,39.67
22:26:50,server_3,95.49
22:26:50,server_2,32.06
22:26:50,server_10,59.7
22:26:55,server_13,34.64
22:26:55,server_14,30.89
22:26:55,server_15,96.8
22:26:55,server_16,96.24
22:26:55,server_20,51.15
22:26:55,server_18,88.18
22:26:55,server_19,57.42
22:26:55,server_12,65.01
22:26:55,server_17,24.91
22:26:55,server_11,47.85
22:26:55,server_10,57.14
22:26:55,server_9,21.07
22:26:55,server_2,62.27
22:26:55,server_3,77.42
22:26:55,server_4,25.57
22:26:55,server_1,59.12
22:26:55,server_6,60.22
22:26:55,server_7,38.22
22:26:55,server_8,96.9
22:26:55,server_5,86.9
22:27:00,server_12,34.71
22:27:00,server_19,33.03
22:27:00,server_18,94.67
22:27:00,server_17,67.5
22:27:00,server_16,51.15
22:27:00,server_15,22.4
22:27:00,server_14,89.14
22:27:00,server_13,84.46
22:27:00,server_11,74.0
22:27:00,server_20,86.49
22:27:00,server_9,38.81
22:27:00,server_1,49.11
22:27:00,server_2,40.07
22:27:00,server_3,0.23
22:27:00,server_4,95.37
22:27:00,server_10,59.92
22:27:00,server_6,22.1
22:27:00,server_7,66.35
22:27:00,server_8,43.21
22:27:00,server_5,36.92
22:27:05,server_11,55.91
22:27:05,server_19,71.51
22:27:05,server_18,23.55
22:27:05,server_17,49.1
22:27:05,server_16,64.97
22:27:05,server_15,39.33
22:27:05,server_14,30.06
22:27:05,server_13,81.42
22:27:05,server_12,27.81
22:27:05,server_20,92.68
22:27:05,server_10,97.6
22:27:05,server_8,86.31
22:27:05,server_7,7.37
22:27:05,server_6,27.49
22:27:05,server_5,94.53
22:27:05,server_4,26.02
22:27:05,server_3,24.56
22:27:05,server_2,61.12
22:27:05,server_1,85.17
22:27:05,server_9,31.24
22:27:10,server_14,65.78
22:27:10,server_15,21.26
22:27:10,server_16,43.75
22:27:10,server_13,96.91
22:27:10,server_18,44.14
22:27:10,server_19,67.54
22:27:10,server_20,29.25
22:27:10,server_17,51.36
22:27:10,server_12,22.14
22:27:10,server_11,50.17
22:27:10,server_10,50.4
22:27:10,server_2,64.25
22:27:10,server_3,81.97
22:27:10,server_4,64.93
22:27:10,server_5,73.03
22:27:10,server_1,62.26
22:27:10,server_7,26.54
22:27:10,server_8,41.08
22:27:10,server_9,25.71
22:27:10,server_6,73.3
22:27:15,server_12,33.21
22:27:15,server_19,27.07
22:27:15,server_18,59.62
22:27:15,server_17,90.57
22:27:15,server_16,93.64
22:27:15,server_15,39.38
22:27:15,server_14,85.88
22:27:15,server_13,39.13
22:27:15,server_11,79.54
22:27:15,server_20,72.98
22:27:15,server_9,49.52
22:27:15,server_1,22.22
22:27:15,server_2,98.62
22:27:15,server_3,88.46
22:27:15,server_4,30.7
22:27:15,server_10,23.36
22:27:15,server_6,69.33
22:27:15,server_7,5.57
22:27:15,server_8,42.4
22:27:15,server_5,94.99
22:27:20,server_11,95.91
22:27:20,server_19,59.4
22:27:20,server_18,76.34
22:27:20,server_17,53.82
22:27:20,server_16,24.34
22:27:20,server_15,42.13
22:27:20,server_14,91.14
22:27:20,server_13,59.55
22:27:20,server_12,57.19
22:27:20,server_20,81.06
22:27:20,server_10,21.25
22:27:20,server_8,40.19
22:27:20,server_7,8.86
22:27:20,server_6,46.32
22:27:20,server_5,67.24
22:27:20,server_4,63.11
22:27:20,server_3,69.49
22:27:20,server_2,45.69
22:27:20,server_1,36.13
22:27:20,server_9,59.95
22:27:25,server_13,31.93
22:27:25,server_14,34.35
22:27:25,server_15,0.74
22:27:25,server_16,23.48
22:27:25,server_20,46.99
22:27:25,server_18,27.52
22:27:25,server_19,63.26
22:27:25,server_12,50.89
22:27:25,server_17,4.83
22:27:25,server_10,17.9
22:27:25,server_7,66.56
22:27:25,server_9,90.36
22:27:25,server_11,23.74
22:27:25,server_2,58.8
22:27:25,server_3,34.11
22:27:25,server_4,38.71
22:27:25,server_1,58.82
22:27:25,server_6,22.18
22:27:25,server_8,29.88
22:27:25,server_5,34.73
22:27:30,server_20,36.38
22:27:30,server_12,45.32
22:27:30,server_19,57.66
22:27:30,server_17,50.15
22:27:30,server_16,40.97
22:27:30,server_15,26.15
22:27:30,server_14,24.94
22:27:30,server_13,14.49
22:27:30,server_11,71.89
22:27:30,server_18,40.51
22:27:30,server_9,52.09
22:27:30,server_8,37.63
22:27:30,server_7,38.47
22:27:30,server_6,66.99
22:27:30,server_5,68.58
22:27:30,server_4,87.2
22:27:30,server_3,21.52
22:27:30,server_2,28.39
22:27:30,server_1,83.44
22:27:30,server_10,98.35
22:27:35,server_13,62.75
22:27:35,server_14,46.47
22:27:35,server_15,39.04
22:27:35,server_20,99.93
22:27:35,server_17,74.69
22:27:35,server_18,41.94
22:27:35,server_19,53.58
22:27:35,server_12,21.14
22:27:35,server_16,63.46
22:27:35,server_11,23.43
22:27:35,server_7,95.24
22:27:35,server_9,21.43
22:27:35,server_8,20.53
22:27:35,server_6,53.31
22:27:35,server_5,75.27
22:27:35,server_4,51.95
22:27:35,server_3,94.04
22:27:35,server_2,88.1
22:27:35,server_1,46.47
22:27:35,server_10,39.61
22:27:40,server_15,55.42
22:27:40,server_13,34.38
22:27:40,server_14,54.71
22:27:40,server_16,25.29
22:27:40,server_12,62.85
22:27:40,server_18,47.28
22:27:40,server_19,53.88
22:27:40,server_20,38.38
22:27:40,server_17,77.83
22:27:40,server_11,23.57
22:27:40,server_1,23.84
22:27:40,server_9,61.71
22:27:40,server_2,95.96
22:27:40,server_3,71.91
22:27:40,server_4,32.05
22:27:40,server_10,64.92
22:27:40,server_6,43.15
22:27:40,server_7,52.52
22:27:40,server_8,58.62
22:27:40,server_5,69.98
22:27:45,server_12,25.07
22:27:45,server_19,39.77
22:27:45,server_18,22.39
22:27:45,server_17,27.5
22:27:45,server_16,34.76
22:27:45,server_15,62.92
22:27:45,server_14,89.96
22:27:45,server_13,58.68
22:27:45,server_11,37.93
22:27:45,server_20,50.76
22:27:45,server_9,46.23
22:27:45,server_1,91.87
22:27:45,server_2,45.7
22:27:45,server_3,30.39
22:27:45,server_4,52.76
22:27:45,server_10,91.98
22:27:45,server_6,22.67
22:27:45,server_7,37.51
22:27:45,server_8,24.5
22:27:45,server_5,99.75
22:27:50,server_11,94.02
22:27:50,server_19,46.12
22:27:50,server_18,23.51
22:27:50,server_17,38.35
22:27:50,server_16,20.71
22:27:50,server_15,64.47
22:27:50,server_14,34.45
22:27:50,server_13,41.8
22:27:50,server_12,16.46
22:27:50,server_20,37.77
22:27:50,server_10,27.16
22:27:50,server_8,94.62
22:27:50,server_7,1.33
22:27:50,server_6,1.5
22:27:50,server_5,45.99
22:27:50,server_4,64.78
22:27:50,server_3,27.17
22:27:50,server_2,17.49
22:27:50,server_1,69.63
22:27:50,server_9,91.68
22:27:55,server_14,81.73
22:27:55,server_15,31.16
22:27:55,server_16,56.47
22:27:55,server_13,65.81
22:27:55,server_18,42.36
22:27:55,server_19,50.74
22:27:55,server_20,34.59
22:27:55,server_17,35.16
22:27:55,server_12,28.25
22:27:55,server_11,40.74
22:27:55,server_1,86.62
22:27:55,server_9,54.72
22:27:55,server_8,35.21
22:27:55,server_7,25.61
22:27:55,server_6,71.67
22:27:55,server_5,40.17
22:27:55,server_4,74.22
22:27:55,server_3,61.95
22:27:55,server_2,70.26
22:27:55,server_10,21.67
22:28:00,server_13,45.27
22:28:00,server_14,65.29
22:28:00,server_15,58.26
22:28:00,server_20,28.86
22:28:00,server_18,47.57
22:28:00,server_19,12.77
22:28:00,server_12,69.13
22:28:00,server_16,55.26
22:28:00,server_11,25.33
22:28:00,server_17,33.88
22:28:00,server_9,58.75
22:28:00,server_10,81.6
22:28:00,server_2,98.73
22:28:00,server_3,91.11
22:28:00,server_4,47.98
22:28:00,server_1,23.2
22:28:00,server_6,90.87
22:28:00,server_7,57.37
22:28:00,server_8,20.89
22:28:00,server_5,37.21
22:28:05,server_20,5.43
22:28:05,server_12,36.29
22:28:05,server_19,24.86
22:28:05,server_18,85.06
22:28:05,server_17,59.58
22:28:05,server_16,40.93
22:28:05,server_15,3.2
22:28:05,server_14,48.1
22:28:05,server_13,88.97
22:28:05,server_11,58.13
22:28:05,server_7,42.54
22:28:05,server_9,66.03
22:28:05,server_8,91.87
22:28:05,server_6,25.75
22:28:05,server_5,62.22
22:28:05,server_4,13.67
22:28:05,server_3,33.85
22:28:05,server_2,79.15
22:28:05,server_1,59.74
22:28:05,server_10,64.25
22:28:10,server_15,84.82
22:28:10,server_13,27.73
22:28:10,server_14,90.45
22:28:10,server_16,54.33
22:28:10,server_12,29.13
22:28:10,server_18,65.76
22:28:10,server_19,88.78
22:28:10,server_20,25.45
22:28:10,server_17,53.03
22:28:10,server_11,59.01
22:28:10,server_1,85.08
22:28:10,server_9,52.42
22:28:10,server_2,5.15
22:28:10,server_3,49.96
22:28:10,server_4,88.85
22:28:10,server_10,66.25
22:28:10,server_6,20.42
22:28:10,server_7,95.3
22:28:10,server_8,61.84
22:28:10,server_5,97.62
22:28:15,server_13,63.0
22:28:15,server_20,25.19
22:28:15,server_19,43.62
22:28:15,server_18,97.49
22:28:15,server_17,56.96
22:28:15,server_16,40.34
22:28:15,server_15,83.98
22:28:15,server_14,63.98
22:28:15,server_12,25.21
22:28:15,server_11,51.77
22:28:15,server_1,60.71
22:28:15,server_9,53.5
22:28:15,server_8,53.67
22:28:15,server_7,64.44
22:28:15,server_6,67.0
22:28:15,server_5,34.83
22:28:15,server_4,94.29
22:28:15,server_3,50.81
22:28:15,server_2,32.66
22:28:15,server_10,33.18
22:28:20,server_13,92.33
22:28:20,server_14,35.09
22:28:20,server_15,65.73
22:28:20,server_16,75.68
22:28:20,server_12,85.09
22:28:20,server_18,93.99
22:28:20,server_19,68.55
22:28:20,server_20,51.66
22:28:20,server_17,44.59
22:28:20,server_11,43.32
22:28:20,server_1,60.03
22:28:20,server_9,86.87
22:28:20,server_8,94.14
22:28:20,server_7,90.07
22:28:20,server_6,64.72
22:28:20,server_5,98.06
22:28:20,server_4,22.75
22:28:20,server_3,9.16
22:28:20,server_2,69.14
22:28:20,server_10,27.66
22:28:25,server_13,98.67
22:28:25,server_14,23.57
22:28:25,server_15,60.83
22:28:25,server_16,67.82
22:28:25,server_20,7.64
22:28:25,server_18,99.05
22:28:25,server_19,20.7
22:28:25,server_12,45.06
22:28:25,server_17,63.36
22:28:25,server_11,54.45
22:28:25,server_1,86.16
22:28:25,server_9,48.36
22:28:25,server_2,61.27
22:28:25,server_3,68.04
22:28:25,server_4,89.87
22:28:25,server_10,80.17
22:28:25,server_6,69.11
22:28:25,server_7,49.06
22:28:25,server_8,44.81
22:28:25,server_5,36.06
22:28:30,server_12,1.38
22:28:30,server_19,57.45
22:28:30,server_18,28.39
22:28:30,server_17,62.07
22:28:30,server_16,87.82
22:28:30,server_15,60.17
22:28:30,server_14,86.85
22:28:30,server_13,37.09
22:28:30,server_20,63.12
22:28:30,server_11,23.21
22:28:30,server_9,26.99
22:28:30,server_8,58.38
22:28:30,server_7,54.13
22:28:30,server_6,47.87
22:28:30,server_5,23.2
22:28:30,server_4,0.32
22:28:30,server_3,13.63
22:28:30,server_2,43.62
22:28:30,server_1,2.38
22:28:30,server_10,81.93
22:28:35,server_13,21.48
22:28:35,server_14,61.63
22:28:35,server_15,29.71
22:28:35,server_16,57.01
22:28:35,server_12,41.26
22:28:35,server_18,38.15
22:28:35,server_19,50.73
22:28:35,server_20,35.06
22:28:35,server_17,44.34
22:28:35,server_11,45.09
22:28:35,server_1,51.58
22:28:35,server_9,20.78
22:28:35,server_2,30.66
22:28:35,server_3,34.42
22:28:35,server_4,60.56
22:28:35,server_10,88.69
22:28:35,server_6,47.89
22:28:35,server_7,47.13
22:28:35,server_8,4.61
22:28:35,server_5,69.81
22:28:40,server_20,17.52
22:28:40,server_19,26.32
22:28:40,server_18,64.92
22:28:40,server_17,56.79
22:28:40,server_16,1.24
22:28:40,server_15,20.93
22:28:40,server_14,89.74
22:28:40,server_12,48.42
22:28:40,server_11,23.05
22:28:40,server_13,27.49
22:28:40,server_9,96.41
22:28:40,server_10,28.5
22:28:40,server_2,44.08
22:28:40,server_3,47.43
22:28:40,server_4,93.34
22:28:40,server_1,31.48
22:28:40,server_6,23.2
22:28:40,server_7,92.7
22:28:40,server_8,25.96
22:28:40,server_5,68.02
22:28:45,server_12,44.04
22:28:45,server_20,12.47
22:28:45,server_19,20.3
22:28:45,server_18,97.66
22:28:45,server_17,67.36
22:28:45,server_16,6.24
22:28:45,server_15,87.0
22:28:45,server_14,50.81
22:28:45,server_13,57.25
22:28:45,server_11,52.24
22:28:45,server_3,25.01
22:28:45,server_9,36.32
22:28:45,server_8,60.65
22:28:45,server_7,86.51
22:28:45,server_6,37.05
22:28:45,server_5,95.1
22:28:45,server_4,46.06
22:28:45,server_2,34.46
22:28:45,server_1,34.5
22:28:45,server_10,36.87
22:28:50,server_13,20.53
22:28:50,server_14,99.28
22:28:50,server_15,65.06
22:28:50,server_16,26.0
22:28:50,server_20,64.01
22:28:50,server_18,47.54
22:28:50,server_19,29.06
22:28:50,server_12,69.35
22:28:50,server_17,91.26
22:28:50,server_11,99.1
22:28:50,server_3,3.21
22:28:50,server_9,26.35
22:28:50,server_1,41.19
22:28:50,server_2,49.65
22:28:50,server_4,47.52
22:28:50,server_10,40.76
22:28:50,server_6,82.92
22:28:50,server_7,69.37
22:28:50,server_8,57.26
22:28:50,server_5,31.38
22:28:55,server_20,45.71
22:28:55,server_11,56.12
22:28:55,server_18,44.14
22:28:55,server_17,20.69
22:28:55,server_16,95.89
22:28:55,server_15,66.8
22:28:55,server_14,28.74
22:28:55,server_13,21.59
22:28:55,server_12,36.23
22:28:55,server_19,40.41
22:28:55,server_10,58.75
22:28:55,server_8,60.68
22:28:55,server_7,2.67
22:28:55,server_6,53.78
22:28:55,server_5,27.3
22:28:55,server_4,96.59
22:28:55,server_3,40.32
22:28:55,server_2,27.29
22:28:55,server_1,99.45
22:28:55,server_9,24.65
22:29:00,server_13,86.18
22:29:00,server_14,93.19
22:29:00,server_15,58.02
22:29:00,server_12,47.63
22:29:00,server_17,38.37
22:29:00,server_18,51.06
22:29:00,server_19,96.54
22:29:00,server_16,23.31
22:29:00,server_11,51.65
22:29:00,server_20,60.44
22:29:00,server_9,67.28
22:29:00,server_1,88.43
22:29:00,server_2,66.13
22:29:00,server_3,54.55
22:29:00,server_4,57.54
22:29:00,server_10,86.16
22:29:00,server_6,1.35
22:29:00,server_7,92.96
22:29:00,server_8,74.31
22:29:00,server_5,42.91
22:29:05,server_12,96.73
22:29:05,server_20,17.38
22:29:05,server_19,94.73
22:29:05,server_18,21.1
22:29:05,server_17,22.24
22:29:05,server_16,41.81
22:29:05,server_15,98.8
22:29:05,server_14,53.92
22:29:05,server_13,55.6
22:29:05,server_11,64.98
22:29:05,server_3,53.15
22:29:05,server_9,54.22
22:29:05,server_8,27.27
22:29:05,server_7,29.01
22:29:05,server_6,85.23
22:29:05,server_5,83.04
22:29:05,server_4,88.19
22:29:05,server_10,99.39
22:29:05,server_2,25.1
22:29:05,server_1,70.39
22:29:10,server_13,28.67
22:29:10,server_14,63.37
22:29:10,server_15,57.61
22:29:10,server_16,13.24
22:29:10,server_20,64.15
22:29:10,server_18,94.29
22:29:10,server_19,38.09
22:29:10,server_12,15.27
22:29:10,server_17,62.72
22:29:10,server_11,96.36
22:29:10,server_10,33.38
22:29:10,server_9,22.55
22:29:10,server_2,87.96
22:29:10,server_3,54.61
22:29:10,server_4,61.69
22:29:10,server_1,57.15
22:29:10,server_6,49.95
22:29:10,server_7,40.86
22:29:10,server_8,96.16
22:29:10,server_5,36.6
22:29:15,server_12,24.26
22:29:15,server_19,43.23
22:29:15,server_18,43.48
22:29:15,server_17,20.41
22:29:15,server_16,26.46
22:29:15,server_15,47.2
22:29:15,server_14,46.21
22:29:15,server_13,1.43
22:29:15,server_11,70.81
22:29:15,server_20,38.58
22:29:15,server_9,57.96
22:29:15,server_1,10.36
22:29:15,server_2,27.92
22:29:15,server_3,99.34
22:29:15,server_4,54.71
22:29:15,server_10,55.34
22:29:15,server_6,57.28
22:29:15,server_7,96.45
22:29:15,server_8,23.93
22:29:15,server_5,25.18
22:29:20,server_19,26.49
22:29:20,server_18,48.42
22:29:20,server_17,42.99
22:29:20,server_16,33.83
22:29:20,server_15,3.6
22:29:20,server_14,51.47
22:29:20,server_13,27.68
22:29:20,server_12,26.62
22:29:20,server_11,63.64
22:29:20,server_20,41.65
22:29:20,server_9,46.67
22:29:20,server_1,49.74
22:29:20,server_2,29.12
22:29:20,server_3,92.55
22:29:20,server_4,28.89
22:29:20,server_10,99.86
22:29:20,server_6,60.24
22:29:20,server_7,36.54
22:29:20,server_8,20.31
22:29:20,server_5,69.16
22:29:25,server_11,78.48
22:29:25,server_19,60.88
22:29:25,server_18,41.15
22:29:25,server_17,30.89
22:29:25,server_16,98.96
22:29:25,server_15,6.56
22:29:25,server_14,36.97
22:29:25,server_13,41.75
22:29:25,server_12,25.98
22:29:25,server_20,59.22
22:29:25,server_10,24.23
22:29:25,server_8,37.1
22:29:25,server_9,32.32
22:29:25,server_1,22.54
22:29:25,server_2,84.44
22:29:25,server_3,58.12
22:29:25,server_5,29.55
22:29:25,server_6,51.89
22:29:25,server_7,54.75
22:29:25,server_4,56.32
22:29:30,server_20,57.12
22:29:30,server_19,64.49
22:29:30,server_18,25.63
22:29:30,server_17,51.53
22:29:30,server_16,32.68
22:29:30,server_15,59.95
22:29:30,server_14,37.86
22:29:30,server_13,63.48
22:29:30,server_12,45.13
22:29:30,server_11,46.53
22:29:30,server_9,46.79
22:29:30,server_1,72.38
22:29:30,server_2,89.33
22:29:30,server_3,96.09
22:29:30,server_4,55.02
22:29:30,server_10,88.32
22:29:30,server_6,86.77
22:29:30,server_7,67.4
22:29:30,server_8,38.8
22:29:30,server_5,96.36
22:29:35,server_12,35.27
22:29:35,server_20,68.84
22:29:35,server_19,74.3
22:29:35,server_18,59.32
22:29:35,server_17,27.87
22:29:35,server_16,59.63
22:29:35,server_15,30.9
22:29:35,server_14,31.78
22:29:35,server_13,39.26
22:29:35,server_11,33.07
22:29:35,server_10,66.25
22:29:35,server_9,18.24
22:29:35,server_2,26.91
22:29:35,server_3,26.07
22:29:35,server_4,45.92
22:29:35,server_1,17.74
22:29:35,server_6,31.17
22:29:35,server_7,96.49
22:29:35,server_8,65.74
22:29:35,server_5,90.51
22:29:40,server_12,49.13
22:29:40,server_19,10.22
22:29:40,server_18,71.54
22:29:40,server_17,88.22
22:29:40,server_16,84.78
22:29:40,server_15,68.84
22:29:40,server_14,29.42
22:29:40,server_13,9.95
22:29:40,server_11,22.44
22:29:40,server_20,31.31
22:29:40,server_9,95.86
22:29:40,server_1,11.97
22:29:40,server_2,94.82
22:29:40,server_3,31.52
22:29:40,server_4,46.43
22:29:40,server_10,49.31
22:29:40,server_6,32.52
22:29:40,server_7,8.74
22:29:40,server_8,6.06
22:29:40,server_5,43.8
22:29:45,server_12,80.0
22:29:45,server_19,93.84
22:29:45,server_18,57.68
22:29:45,server_17,25.34
22:29:45,server_16,69.51
22:29:45,server_15,97.84
22:29:45,server_14,48.7
22:29:45,server_13,91.77
22:29:45,server_11,99.13
22:29:45,server_20,29.51
22:29:45,server_9,56.54
22:29:45,server_1,46.86
22:29:45,server_2,22.72
22:29:45,server_3,73.27
22:29:45,server_4,39.06
22:29:45,server_10,28.93
22:29:45,server_6,26.53
22:29:45,server_7,32.41
22:29:45,server_8,58.6
22:29:45,server_5,59.3
22:29:50,server_11,41.21
22:29:50,server_19,50.21
22:29:50,server_18,60.15
22:29:50,server_17,34.12
22:29:50,server_16,31.19
22:29:50,server_15,70.02
22:29:50,server_14,62.39
22:29:50,server_13,96.47
22:29:50,server_12,36.21
22:29:50,server_20,67.51
22:29:50,server_10,34.75
22:29:50,server_8,96.18
22:29:50,server_7,39.83
22:29:50,server_6,40.48
22:29:50,server_5,97.29
22:29:50,server_4,66.72
22:29:50,server_3,44.95
22:29:50,server_2,31.83
22:29:50,server_1,79.96
22:29:50,server_9,65.35
22:29:55,server_13,60.93
22:29:55,server_14,96.42
22:29:55,server_15,93.21
22:29:55,server_12,23.65
22:29:55,server_17,45.66
22:29:55,server_18,61.4
22:29:55,server_19,37.24
22:29:55,server_16,56.99
22:29:55,server_11,84.42
22:29:55,server_20,93.68
22:29:55,server_9,58.57
22:29:55,server_1,42.31
22:29:55,server_2,48.86
22:29:55,server_3,52.95
22:29:55,server_4,18.74
22:29:55,server_10,26.0
22:29:55,server_6,78.84
22:29:55,server_7,98.96
22:29:55,server_8,23.36
22:29:55,server_5,54.47
22:30:00,server_19,51.52
22:30:00,server_18,12.96
22:30:00,server_17,41.9
22:30:00,server_16,41.16
22:30:00,server_15,65.2
22:30:00,server_14,50.44
22:30:00,server_13,66.33
22:30:00,server_12,20.11
22:30:00,server_11,41.23
22:30:00,server_20,69.09
22:30:00,server_9,69.96
22:30:00,server_1,77.87
22:30:00,server_2,36.6
22:30:00,server_3,41.82
22:30:00,server_4,37.09
22:30:00,server_10,32.63
22:30:00,server_6,39.84
22:30:00,server_7,66.31
22:30:00,server_8,45.06
22:30:00,server_5,57.61
22:30:05,server_11,87.61
22:30:05,server_19,85.28
22:30:05,server_18,57.58
22:30:05,server_17,60.76
22:30:05,server_16,81.58
22:30:05,server_15,88.9
22:30:05,server_14,37.77
22:30:05,server_13,97.97
22:30:05,server_12,93.64
22:30:05,server_20,58.64
22:30:05,server_10,79.69
22:30:05,server_8,53.03
22:30:05,server_9,94.43
22:30:05,server_1,25.23
22:30:05,server_2,65.33
22:30:05,server_3,53.69
22:30:05,server_5,93.98
22:30:05,server_6,69.62
22:30:05,server_7,14.68
22:30:05,server_4,98.06
22:30:10,server_20,35.51
22:30:10,server_11,93.27
22:30:10,server_18,63.1
22:30:10,server_17,34.54
22:30:10,server_16,24.57
22:30:10,server_15,85.21
22:30:10,server_14,89.79
22:30:10,server_13,63.65
22:30:10,server_12,40.29
22:30:10,server_19,61.26
22:30:10,server_10,57.3
22:30:10,server_8,31.58
22:30:10,server_1,86.22
22:30:10,server_2,43.27
22:30:10,server_3,29.87
22:30:10,server_9,44.93
22:30:10,server_5,95.97
22:30:10,server_6,29.43
22:30:10,server_7,70.12
22:30:10,server_4,61.92
22:30:15,server_13,80.71
22:30:15,server_20,62.81
22:30:15,server_19,89.7
22:30:15,server_18,57.56
22:30:15,server_17,62.22
22:30:15,server_16,31.06
22:30:15,server_15,99.56
22:30:15,server_14,59.35
22:30:15,server_12,22.82
22:30:15,server_11,28.14
22:30:15,server_1,35.24
22:30:15,server_9,52.81
22:30:15,server_8,55.45
22:30:15,server_7,49.51
22:30:15,server_6,22.25
22:30:15,server_5,19.57
22:30:15,server_4,92.38
22:30:15,server_3,57.72
22:30:15,server_2,67.27
22:30:15,server_10,69.57
22:30:20,server_13,51.18
22:30:20,server_14,52.58
22:30:20,server_15,77.22
22:30:20,server_16,42.41
22:30:20,server_12,38.96
22:30:20,server_18,53.33
22:30:20,server_19,91.19
22:30:20,server_20,23.32
22:30:20,server_17,23.52
22:30:20,server_11,55.52
22:30:20,server_1,58.47
22:30:20,server_9,46.16
22:30:20,server_8,55.47
22:30:20,server_7,92.47
22:30:20,server_6,91.78
22:30:20,server_5,62.96
22:30:20,server_4,87.54
22:30:20,server_3,97.92
22:30:20,server_2,99.77
22:30:20,server_10,68.03
22:30:25,server_13,91.95
22:30:25,server_14,41.03
22:30:25,server_15,24.56
22:30:25,server_16,20.57
22:30:25,server_20,37.46
22:30:25,server_18,33.25
22:30:25,server_19,52.62
22:30:25,server_12,31.65
22:30:25,server_17,46.43
22:30:25,server_11,49.31
22:30:25,server_10,50.38
22:30:25,server_9,39.43
22:30:25,server_2,47.7
22:30:25,server_3,14.77
22:30:25,server_4,74.97
22:30:25,server_1,94.67
22:30:25,server_6,40.28
22:30:25,server_7,40.36
22:30:25,server_8,23.57
22:30:25,server_5,47.21
22:30:30,server_13,40.97
22:30:30,server_20,39.35
22:30:30,server_19,37.15
22:30:30,server_18,88.74
22:30:30,server_17,54.01
22:30:30,server_16,29.02
22:30:30,server_15,35.46
22:30:30,server_14,48.25
22:30:30,server_12,50.29
22:30:30,server_11,36.76
22:30:30,server_1,32.73
22:30:30,server_9,16.01
22:30:30,server_8,63.25
22:30:30,server_7,92.67
22:30:30,server_6,26.98
22:30:30,server_5,41.39
22:30:30,server_4,54.88
22:30:30,server_3,74.91
22:30:30,server_2,39.16
22:30:30,server_10,28.46
22:30:35,server_13,28.82
22:30:35,server_14,64.34
22:30:35,server_15,83.0
22:30:35,server_16,63.52
22:30:35,server_12,75.2
22:30:35,server_18,48.35
22:30:35,server_19,43.46
22:30:35,server_20,8.72
22:30:35,server_17,53.96
22:30:35,server_11,50.77
22:30:35,server_1,43.99
22:30:35,server_9,66.49
22:30:35,server_8,1.99
22:30:35,server_7,65.78
22:30:35,server_6,87.36
22:30:35,server_5,91.98
22:30:35,server_4,84.32
22:30:35,server_3,99.35
22:30:35,server_2,0.2
22:30:35,server_10,76.51
22:30:40,server_13,30.65
22:30:40,server_14,53.66
22:30:40,server_15,40.85
22:30:40,server_16,13.98
22:30:40,server_20,30.71
22:30:40,server_18,25.84
22:30:40,server_19,95.37
22:30:40,server_12,48.78
22:30:40,server_17,90.77
22:30:40,server_11,40.24
22:30:40,server_10,35.94
22:30:40,server_9,70.13
22:30:40,server_2,44.94
22:30:40,server_3,20.48
22:30:40,server_4,47.64
22:30:40,server_1,32.74
22:30:40,server_6,35.36
22:30:40,server_7,55.88
22:30:40,server_8,68.41
22:30:40,server_5,98.33
22:30:45,server_12,26.04
22:30:45,server_19,30.28
22:30:45,server_18,43.49
22:30:45,server_17,9.3
22:30:45,server_16,20.74
22:30:45,server_15,64.21
22:30:45,server_14,37.12
22:30:45,server_13,42.33
22:30:45,server_11,26.6
22:30:45,server_20,28.66
22:30:45,server_9,22.83
22:30:45,server_1,44.41
22:30:45,server_2,89.64
22:30:45,server_3,60.26
22:30:45,server_4,85.15
22:30:45,server_10,86.63
22:30:45,server_6,92.52
22:30:45,server_7,57.87
22:30:45,server_8,62.12
22:30:45,server_5,58.32
22:30:50,server_11,28.83
22:30:50,server_19,94.1
22:30:50,server_18,39.6
22:30:50,server_17,22.5
22:30:50,server_16,92.86
22:30:50,server_15,88.08
22:30:50,server_14,28.17
22:30:50,server_13,99.88
22:30:50,server_12,85.87
22:30:50,server_20,82.48
22:30:50,server_10,72.88
22:30:50,server_8,69.55
22:30:50,server_7,35.02
22:30:50,server_6,18.02
22:30:50,server_5,34.31
22:30:50,server_4,48.47
22:30:50,server_3,39.02
22:30:50,server_2,49.83
22:30:50,server_1,49.05
22:30:50,server_9,58.73
22:30:55,server_14,87.1
22:30:55,server_15,21.66
22:30:55,server_16,85.4
22:30:55,server_13,10.01
22:30:55,server_18,44.73
22:30:55,server_19,53.19
22:30:55,server_20,53.18
22:30:55,server_17,98.74
22:30:55,server_12,67.22
22:30:55,server_11,92.55
22:30:55,server_10,66.79
22:30:55,server_2,91.86
22:30:55,server_3,66.0
22:30:55,server_4,17.67
22:30:55,server_5,36.14
22:30:55,server_1,91.07
22:30:55,server_7,22.25
22:30:55,server_8,57.91
22:30:55,server_9,66.12
22:30:55,server_6,11.88
22:31:00,server_12,79.75
22:31:00,server_19,22.28
22:31:00,server_18,21.26
22:31:00,server_17,67.93
22:31:00,server_16,94.47
22:31:00,server_15,42.63
22:31:00,server_14,64.24
22:31:00,server_13,66.21
22:31:00,server_11,30.9
22:31:00,server_20,93.01
22:31:00,server_9,58.39
22:31:00,server_1,86.87
22:31:00,server_2,93.45
22:31:00,server_3,43.71
22:31:00,server_4,57.99
22:31:00,server_10,2.53
22:31:00,server_6,1.35
22:31:00,server_7,95.89
22:31:00,server_8,25.06
22:31:00,server_5,58.85
22:31:05,server_11,21.38
22:31:05,server_19,31.29
22:31:05,server_18,83.08
22:31:05,server_17,33.75
22:31:05,server_16,38.59
22:31:05,server_15,25.47
22:31:05,server_14,97.95
22:31:05,server_13,98.88
22:31:05,server_12,51.09
22:31:05,server_20,46.97
22:31:05,server_10,5.42
22:31:05,server_8,22.55
22:31:05,server_7,88.85
22:31:05,server_6,21.89
22:31:05,server_5,7.62
22:31:05,server_4,68.2
22:31:05,server_3,65.0
22:31:05,server_2,52.62
22:31:05,server_1,90.61
22:31:05,server_9,86.3
22:31:10,server_13,37.16
22:31:10,server_14,86.56
22:31:10,server_15,75.38
22:31:10,server_16,25.72
22:31:10,server_20,40.53
22:31:10,server_18,41.61
22:31:10,server_19,97.81
22:31:10,server_12,48.86
22:31:10,server_17,92.46
22:31:10,server_10,65.13
22:31:10,server_7,54.56
22:31:10,server_9,6.96
22:31:10,server_11,49.93
22:31:10,server_2,42.0
22:31:10,server_3,37.25
22:31:10,server_4,34.98
22:31:10,server_1,50.27
22:31:10,server_6,56.88
22:31:10,server_8,62.9
22:31:10,server_5,68.91
22:31:15,server_20,82.4
22:31:15,server_12,54.7
22:31:15,server_19,7.49
22:31:15,server_17,22.99
22:31:15,server_16,94.4
22:31:15,server_15,21.47
22:31:15,server_14,87.12
22:31:15,server_13,20.48
22:31:15,server_11,21.81
22:31:15,server_18,62.39
22:31:15,server_9,55.67
22:31:15,server_8,42.9
22:31:15,server_7,58.67
22:31:15,server_6,57.55
22:31:15,server_5,29.91
22:31:15,server_4,96.0
22:31:15,server_3,29.29
22:31:15,server_2,48.1
22:31:15,server_1,60.12
22:31:15,server_10,10.56
22:31:20,server_13,87.51
22:31:20,server_14,66.15
22:31:20,server_15,61.31
22:31:20,server_20,64.86
22:31:20,server_17,98.63
22:31:20,server_18,61.41
22:31:20,server_19,79.0
22:31:20,server_12,68.62
22:31:20,server_16,42.04
22:31:20,server_11,43.41
22:31:20,server_7,62.08
22:31:20,server_9,36.22
22:31:20,server_8,20.03
22:31:20,server_6,92.16
22:31:20,server_5,65.36
22:31:20,server_4,98.25
22:31:20,server_3,95.33
22:31:20,server_2,58.02
22:31:20,server_1,98.99
22:31:20,server_10,69.63
22:31:25,server_15,33.63
22:31:25,server_13,85.79
22:31:25,server_14,48.72
22:31:25,server_16,56.73
22:31:25,server_12,52.59
22:31:25,server_18,76.69
22:31:25,server_19,40.55
22:31:25,server_20,90.97
22:31:25,server_17,53.95
22:31:25,server_11,40.45
22:31:25,server_1,53.21
22:31:25,server_9,2.55
22:31:25,server_2,51.02
22:31:25,server_3,31.06
22:31:25,server_4,60.85
22:31:25,server_10,88.89
22:31:25,server_6,40.02
22:31:25,server_7,26.44
22:31:25,server_8,23.64
22:31:25,server_5,88.09
22:31:30,server_12,30.17
22:31:30,server_19,34.8
22:31:30,server_18,91.13
22:31:30,server_17,60.47
22:31:30,server_16,68.75
22:31:30,server_15,23.05
22:31:30,server_14,49.96
22:31:30,server_13,49.77
22:31:30,server_11,97.59
22:31:30,server_20,47.54
22:31:30,server_9,22.79
22:31:30,server_1,27.71
22:31:30,server_2,33.15
22:31:30,server_3,89.27
22:31:30,server_4,92.22
22:31:30,server_10,55.65
22:31:30,server_6,98.88
22:31:30,server_7,97.5
22:31:30,server_8,94.07
22:31:30,server_5,54.3
22:31:35,server_11,44.4
22:31:35,server_19,47.07
22:31:35,server_18,42.01
22:31:35,server_17,94.86
22:31:35,server_16,94.38
22:31:35,server_15,20.09
22:31:35,server_14,41.38
22:31:35,server_13,82.78
22:31:35,server_12,88.52
22:31:35,server_20,46.39
22:31:35,server_10,89.94
22:31:35,server_8,64.9
22:31:35,server_7,47.38
22:31:35,server_6,99.69
22:31:35,server_5,46.37
22:31:35,server_4,69.36
22:31:35,server_3,88.34
22:31:35,server_2,3.61
22:31:35,server_1,86.69
22:31:35,server_9,27.13
22:31:40,server_14,23.0
22:31:40,server_15,54.19
22:31:40,server_16,86.32
22:31:40,server_13,49.97
22:31:40,server_18,64.88
22:31:40,server_19,4.75
22:31:40,server_20,38.1
22:31:40,server_17,21.58
22:31:40,server_12,1.92
22:31:40,server_11,22.95
22:31:40,server_1,43.02
22:31:40,server_9,67.01
22:31:40,server_8,93.57
22:31:40,server_7,39.49
22:31:40,server_6,61.83
22:31:40,server_5,29.05
22:31:40,server_4,64.16
22:31:40,server_3,90.31
22:31:40,server_2,65.49
22:31:40,server_10,27.35
22:31:45,server_13,31.1
22:31:45,server_14,86.9
22:31:45,server_15,59.82
22:31:45,server_20,37.86
22:31:45,server_18,66.88
22:31:45,server_19,57.97
22:31:45,server_12,23.42
22:31:45,server_16,82.41
22:31:45,server_11,61.1
22:31:45,server_17,54.29
22:31:45,server_9,97.82
22:31:45,server_10,51.64
22:31:45,server_2,79.39
22:31:45,server_3,91.43
22:31:45,server_4,53.02
22:31:45,server_1,43.51
22:31:45,server_6,96.76
22:31:45,server_7,46.06
22:31:45,server_8,64.85
22:31:45,server_5,52.39
22:31:50,server_20,10.33
22:31:50,server_12,26.72
22:31:50,server_19,21.56
22:31:50,server_18,58.79
22:31:50,server_17,97.22
22:31:50,server_16,67.05
22:31:50,server_15,59.49
22:31:50,server_14,23.61
22:31:50,server_13,44.84
22:31:50,server_11,61.07
22:31:50,server_7,81.5
22:31:50,server_9,42.79
22:31:50,server_8,60.93
22:31:50,server_6,41.43
22:31:50,server_5,32.77
22:31:50,server_4,77.11
22:31:50,server_3,49.02
22:31:50,server_2,66.68
22:31:50,server_1,21.04
22:31:50,server_10,2.0
22:31:55,server_15,58.43
22:31:55,server_13,49.17
22:31:55,server_14,30.56
22:31:55,server_16,23.59
22:31:55,server_12,51.99
22:31:55,server_18,58.59
22:31:55,server_19,56.32
22:31:55,server_20,91.27
22:31:55,server_17,65.83
22:31:55,server_11,4.22
22:31:55,server_1,56.33
22:31:55,server_9,43.16
22:31:55,server_2,49.54
22:31:55,server_3,40.27
22:31:55,server_4,26.57
22:31:55,server_10,1.47
22:31:55,server_6,98.12
22:31:55,server_7,24.43
22:31:55,server_8,49.8
22:31:55,server_5,89.16
22:32:00,server_13,80.55
22:32:00,server_20,90.45
22:32:00,server_19,79.38
22:32:00,server_18,72.59
22:32:00,server_17,29.71
22:32:00,server_16,23.93
22:32:00,server_15,32.46
22:32:00,server_14,90.3
22:32:00,server_12,91.94
22:32:00,server_11,15.71
22:32:00,server_1,71.42
22:32:00,server_9,60.59
22:32:00,server_8,93.55
22:32:00,server_7,48.33
22:32:00,server_6,50.42
22:32:00,server_5,7.53
22:32:00,server_4,54.78
22:32:00,server_3,34.89
22:32:00,server_2,62.84
22:32:00,server_10,26.78
22:32:05,server_13,63.05
22:32:05,server_14,85.76
22:32:05,server_15,95.78
22:32:05,server_16,63.2
22:32:05,server_12,36.04
22:32:05,server_18,44.98
22:32:05,server_19,23.45
22:32:05,server_20,41.87
22:32:05,server_17,52.88
22:32:05,server_11,21.26
22:32:05,server_1,90.52
22:32:05,server_9,44.71
22:32:05,server_8,57.22
22:32:05,server_7,94.03
22:32:05,server_6,59.15
22:32:05,server_5,93.87
22:32:05,server_4,60.36
22:32:05,server_3,57.53
22:32:05,server_2,37.93
22:32:05,server_10,41.07
22:32:10,server_13,58.33
22:32:10,server_14,92.52
22:32:10,server_15,88.63
22:32:10,server_16,88.65
22:32:10,server_20,10.36
22:32:10,server_18,19.59
22:32:10,server_19,88.34
22:32:10,server_12,97.66
22:32:10,server_17,62.89
22:32:10,server_11,23.94
22:32:10,server_1,55.47
22:32:10,server_9,8.44
22:32:10,server_2,68.51
22:32:10,server_3,45.98
22:32:10,server_4,68.86
22:32:10,server_10,99.59
22:32:10,server_6,73.63
22:32:10,server_7,70.66
22:32:10,server_8,67.97
22:32:10,server_5,30.65
22:32:15,server_12,78.2
22:32:15,server_19,61.09
22:32:15,server_18,43.38
22:32:15,server_17,25.81
22:32:15,server_16,45.66
22:32:15,server_15,47.6
22:32:15,server_14,62.28
22:32:15,server_13,86.55
22:32:15,server_20,26.72
22:32:15,server_11,50.18
22:32:15,server_9,41.97
22:32:15,server_8,90.95
22:32:15,server_7,54.44
22:32:15,server_6,50.2
22:32:15,server_5,21.0
22:32:15,server_4,62.47
22:32:15,server_3,69.93
22:32:15,server_2,66.59
22:32:15,server_1,31.41
22:32:15,server_10,52.74
22:32:20,server_13,25.81
22:32:20,server_14,84.36
22:32:20,server_15,86.2
22:32:20,server_16,73.86
22:32:20,server_12,97.78
22:32:20,server_18,17.77
22:32:20,server_19,98.76
22:32:20,server_20,17.42
22:32:20,server_17,49.66
22:32:20,server_11,34.55
22:32:20,server_1,42.86
22:32:20,server_9,95.49
22:32:20,server_2,32.09
22:32:20,server_3,31.38
22:32:20,server_4,70.71
22:32:20,server_10,80.29
22:32:20,server_6,99.92
22:32:20,server_7,23.41
22:32:20,server_8,95.72
22:32:20,server_5,95.54
22:32:25,server_20,68.71
22:32:25,server_19,99.84
22:32:25,server_18,43.83
22:32:25,server_17,88.29
22:32:25,server_16,31.83
22:32:25,server_15,94.85
22:32:25,server_14,69.73
22:32:25,server_12,27.09
22:32:25,server_11,31.94
22:32:25,server_13,50.09
22:32:25,server_9,70.71
22:32:25,server_10,38.79
22:32:25,server_2,68.12
22:32:25,server_3,25.99
22:32:25,server_4,80.0
22:32:25,server_1,61.92
22:32:25,server_6,65.52
22:32:25,server_7,26.61
22:32:25,server_8,46.37
22:32:25,server_5,60.35
22:32:30,server_12,77.79
22:32:30,server_20,41.96
22:32:30,server_19,5.22
22:32:30,server_18,87.19
22:32:30,server_17,35.2
22:32:30,server_16,57.62
22:32:30,server_15,33.33
22:32:30,server_14,22.45
22:32:30,server_13,99.24
22:32:30,server_11,82.38
22:32:30,server_3,46.54
22:32:30,server_9,42.87
22:32:30,server_8,40.2
22:32:30,server_7,49.95
22:32:30,server_6,33.9
22:32:30,server_5,42.86
22:32:30,server_4,85.97
22:32:30,server_2,23.89
22:32:30,server_1,42.5
22:32:30,server_10,84.8
22:32:35,server_13,24.79
22:32:35,server_14,56.64
22:32:35,server_15,68.51
22:32:35,server_16,59.4
22:32:35,server_20,62.65
22:32:35,server_18,53.49
22:32:35,server_19,46.44
22:32:35,server_12,92.15
22:32:35,server_17,79.64
22:32:35,server_11,58.2
22:32:35,server_3,67.79
22:32:35,server_9,58.0
22:32:35,server_1,87.46
22:32:35,server_2,41.27
22:32:35,server_4,66.26
22:32:35,server_10,93.8
22:32:35,server_6,98.39
22:32:35,server_7,60.79
22:32:35,server_8,51.11
22:32:35,server_5,84.91
22:32:40,server_20,96.0
22:32:40,server_11,67.02
22:32:40,server_18,55.46
22:32:40,server_17,49.03
22:32:40,server_16,51.04
22:32:40,server_15,69.43
22:32:40,server_14,61.15
22:32:40,server_13,63.24
22:32:40,server_12,55.18
22:32:40,server_19,24.25
22:32:40,server_10,86.19
22:32:40,server_8,27.11
22:32:40,server_7,92.93
22:32:40,server_6,61.69
22:32:40,server_5,69.79
22:32:40,server_4,65.15
22:32:40,server_3,32.07
22:32:40,server_2,67.47
22:32:40,server_1,64.9
22:32:40,server_9,25.0
22:32:45,server_13,93.28
22:32:45,server_14,43.97
22:32:45,server_15,47.24
22:32:45,server_12,21.2
22:32:45,server_17,74.2
22:32:45,server_18,94.67
22:32:45,server_19,51.2
22:32:45,server_16,52.03
22:32:45,server_11,15.46
22:32:45,server_20,66.94
22:32:45,server_9,65.0
22:32:45,server_1,44.34
22:32:45,server_2,75.93
22:32:45,server_3,93.97
22:32:45,server_4,34.9
22:32:45,server_10,51.87
22:32:45,server_6,98.27
22:32:45,server_7,25.66
22:32:45,server_8,46.19
22:32:45,server_5,21.57
22:32:50,server_12,20.68
22:32:50,server_20,69.27
22:32:50,server_19,22.5
22:32:50,server_18,65.06
22:32:50,server_17,24.25
22:32:50,server_16,65.0
22:32:50,server_15,91.72
22:32:50,server_14,79.05
22:32:50,server_13,41.81
22:32:50,server_11,24.65
22:32:50,server_3,45.27
22:32:50,server_9,41.98
22:32:50,server_8,94.75
22:32:50,server_7,27.52
22:32:50,server_6,92.16
22:32:50,server_5,61.47
22:32:50,server_4,27.38
22:32:50,server_10,75.7
22:32:50,server_2,62.75
22:32:50,server_1,50.46
22:32:55,server_13,91.49
22:32:55,server_14,46.44
22:32:55,server_15,94.08
22:32:55,server_16,0.87
22:32:55,server_20,24.3
22:32:55,server_18,38.86
22:32:55,server_19,13.83
22:32:55,server_12,37.92
22:32:55,server_17,82.16
22:32:55,server_11,44.07
22:32:55,server_10,94.97
22:32:55,server_9,69.37
22:32:55,server_2,11.94
22:32:55,server_3,11.67
22:32:55,server_4,42.85
22:32:55,server_1,45.8
22:32:55,server_6,47.43
22:32:55,server_7,65.37
22:32:55,server_8,34.99
22:32:55,server_5,86.23
22:33:00,server_12,87.44
22:33:00,server_19,57.68
22:33:00,server_18,56.8
22:33:00,server_17,96.69
22:33:00,server_16,94.02
22:33:00,server_15,2.75
22:33:00,server_14,25.66
22:33:00,server_13,11.3
22:33:00,server_11,25.15
22:33:00,server_20,31.86
22:33:00,server_9,95.85
22:33:00,server_1,47.54
22:33:00,server_2,41.65
22:33:00,server_3,88.8
22:33:00,server_4,30.12
22:33:00,server_10,85.07
22:33:00,server_6,93.24
22:33:00,server_7,87.66
22:33:00,server_8,37.44
22:33:00,server_5,57.14
22:33:05,server_19,67.91
22:33:05,server_18,29.98
22:33:05,server_17,67.78
22:33:05,server_16,58.68
22:33:05,server_15,60.25
22:33:05,server_14,44.11
22:33:05,server_13,49.5
22:33:05,server_12,68.89
22:33:05,server_11,35.38
22:33:05,server_20,73.74
22:33:05,server_9,33.94
22:33:05,server_1,50.27
22:33:05,server_2,17.09
22:33:05,server_3,18.83
22:33:05,server_4,60.79
22:33:05,server_10,58.13
22:33:05,server_6,67.67
22:33:05,server_7,35.62
22:33:05,server_8,86.94
22:33:05,server_5,20.34
22:33:10,server_11,37.08
22:33:10,server_19,68.59
22:33:10,server_18,46.31
22:33:10,server_17,52.17
22:33:10,server_16,65.44
22:33:10,server_15,90.73
22:33:10,server_14,37.37
22:33:10,server_13,67.87
22:33:10,server_12,6.79
22:33:10,server_20,62.99
22:33:10,server_10,35.7
22:33:10,server_8,95.05
22:33:10,server_9,42.08
22:33:10,server_1,51.62
22:33:10,server_2,53.19
22:33:10,server_3,67.91
22:33:10,server_5,68.58
22:33:10,server_6,15.38
22:33:10,server_7,46.95
22:33:10,server_4,44.19
22:33:15,server_20,20.58
22:33:15,server_19,23.04
22:33:15,server_18,46.82
22:33:15,server_17,42.78
22:33:15,server_16,15.25
22:33:15,server_15,60.0
22:33:15,server_14,89.36
22:33:15,server_13,67.67
22:33:15,server_12,82.63
22:33:15,server_11,94.91
22:33:15,server_9,32.17
22:33:15,server_1,58.67
22:33:15,server_2,45.45
22:33:15,server_3,27.52
22:33:15,server_4,50.2
22:33:15,server_10,62.13
22:33:15,server_6,34.06
22:33:15,server_7,38.05
22:33:15,server_8,56.58
22:33:15,server_5,30.33
22:33:20,server_12,61.12
22:33:20,server_20,28.94
22:33:20,server_19,39.67
22:33:20,server_18,41.04
22:33:20,server_17,45.61
22:33:20,server_16,37.33
22:33:20,server_15,34.68
22:33:20,server_14,30.21
22:33:20,server_13,53.26
22:33:20,server_11,36.14
22:33:20,server_10,33.24
22:33:20,server_9,56.74
22:33:20,server_2,66.41
22:33:20,server_3,57.66
22:33:20,server_4,52.84
22:33:20,server_1,29.03
22:33:20,server_6,47.42
22:33:20,server_7,26.05
22:33:20,server_8,68.47
22:33:20,server_5,54.3
22:33:25,server_12,58.2
22:33:25,server_19,96.09
22:33:25,server_18,87.8
22:33:25,server_17,47.65
22:33:25,server_16,54.23
22:33:25,server_15,85.26
22:33:25,server_14,27.07
22:33:25,server_13,41.33
22:33:25,server_11,61.03
22:33:25,server_20,59.53
22:33:25,server_9,42.99
22:33:25,server_1,23.75
22:33:25,server_2,87.05
22:33:25,server_3,94.83
22:33:25,server_4,31.39
22:33:25,server_10,29.08
22:33:25,server_6,77.42
22:33:25,server_7,22.8
22:33:25,server_8,59.25
22:33:25,server_5,56.94
22:33:30,server_12,62.65
22:33:30,server_19,49.41
22:33:30,server_18,32.6
22:33:30,server_17,88.66
22:33:30,server_16,87.01
22:33:30,server_15,2.68
22:33:30,server_14,55.82
22:33:30,server_13,90.16
22:33:30,server_11,67.5
22:33:30,server_20,23.12
22:33:30,server_9,95.96
22:33:30,server_1,91.89
22:33:30,server_2,54.86
22:33:30,server_3,83.76
22:33:30,server_4,35.53
22:33:30,server_10,31.93
22:33:30,server_6,40.42
22:33:30,server_7,61.01
22:33:30,server_8,69.13
22:33:30,server_5,25.28
22:33:35,server_11,97.95
22:33:35,server_19,54.85
22:33:35,server_18,92.89
22:33:35,server_17,46.79
22:33:35,server_16,61.54
22:33:35,server_15,26.58
22:33:35,server_14,57.91
22:33:35,server_13,33.9
22:33:35,server_12,48.6
22:33:35,server_20,92.26
22:33:35,server_10,38.16
22:33:35,server_8,44.36
22:33:35,server_7,23.73
22:33:35,server_6,50.33
22:33:35,server_5,90.18
22:33:35,server_4,68.75
22:33:35,server_3,66.45
22:33:35,server_2,43.67
22:33:35,server_1,72.22
22:33:35,server_9,22.61
22:33:40,server_13,31.11
22:33:40,server_14,23.84
22:33:40,server_15,4.68
22:33:40,server_12,42.16
22:33:40,server_17,57.13
22:33:40,server_18,34.48
22:33:40,server_19,39.36
22:33:40,server_16,22.88
22:33:40,server_11,80.04
22:33:40,server_20,7.11
22:33:40,server_9,92.54
22:33:40,server_1,10.98
22:33:40,server_2,49.5
22:33:40,server_3,47.77
22:33:40,server_4,78.54
22:33:40,server_10,19.78
22:33:40,server_6,95.07
22:33:40,server_7,1.03
22:33:40,server_8,23.17
22:33:40,server_5,40.72
22:33:45,server_19,23.71
22:33:45,server_18,60.89
22:33:45,server_17,47.49
22:33:45,server_16,30.18
22:33:45,server_15,81.37
22:33:45,server_14,95.86
22:33:45,server_13,22.89
22:33:45,server_12,16.86
22:33:45,server_11,69.8
22:33:45,server_20,98.24
22:33:45,server_9,64.83
22:33:45,server_1,22.87
22:33:45,server_2,33.16
22:33:45,server_3,4.92
22:33:45,server_4,21.54
22:33:45,server_10,89.6
22:33:45,server_6,67.35
22:33:45,server_7,28.01
22:33:45,server_8,19.56
22:33:45,server_5,50.79
22:33:50,server_11,91.79
22:33:50,server_19,63.62
22:33:50,server_18,23.59
22:33:50,server_17,91.85
22:33:50,server_16,25.29
22:33:50,server_15,96.17
22:33:50,server_14,31.16
22:33:50,server_13,56.52
22:33:50,server_12,94.04
22:33:50,server_20,77.42
22:33:50,server_10,45.97
22:33:50,server_8,71.28
22:33:50,server_9,30.27
22:33:50,server_1,29.24
22:33:50,server_2,59.86
22:33:50,server_3,85.84
22:33:50,server_5,58.38
22:33:50,server_6,96.14
22:33:50,server_7,61.51
22:33:50,server_4,32.59
22:33:55,server_20,89.14
22:33:55,server_11,69.76
22:33:55,server_18,61.44
22:33:55,server_17,29.27
22:33:55,server_16,97.67
22:33:55,server_15,52.94
22:33:55,server_14,27.7
22:33:55,server_13,29.46
22:33:55,server_12,43.17
22:33:55,server_19,27.25
22:33:55,server_10,99.39
22:33:55,server_8,82.51
22:33:55,server_1,93.4
22:33:55,server_2,34.47
22:33:55,server_3,55.44
22:33:55,server_9,12.54
22:33:55,server_5,55.21
22:33:55,server_6,43.32
22:33:55,server_7,87.57
22:33:55,server_4,33.04
22:34:00,server_13,93.04
22:34:00,server_20,14.42
22:34:00,server_19,52.34
22:34:00,server_18,30.09
22:34:00,server_17,24.52
22:34:00,server_16,37.62
22:34:00,server_15,59.58
22:34:00,server_14,32.42
22:34:00,server_12,54.66
22:34:00,server_11,28.28
22:34:00,server_1,24.22
22:34:00,server_9,50.48
22:34:00,server_8,60.56
22:34:00,server_7,40.96
22:34:00,server_6,53.99
22:34:00,server_5,20.7
22:34:00,server_4,23.46
22:34:00,server_3,66.81
22:34:00,server_2,92.09
22:34:00,server_10,69.21
22:34:05,server_13,68.82
22:34:05,server_14,42.12
22:34:05,server_15,40.15
22:34:05,server_16,71.51
22:34:05,server_12,56.07
22:34:05,server_18,3.05
22:34:05,server_19,67.73
22:34:05,server_20,86.62
22:34:05,server_17,97.1
22:34:05,server_11,45.67
22:34:05,server_1,64.97
22:34:05,server_9,95.64
22:34:05,server_8,1.12
22:34:05,server_7,65.22
22:34:05,server_6,55.93
22:34:05,server_5,76.58
22:34:05,server_4,54.18
22:34:05,server_3,36.87
22:34:05,server_2,22.75
22:34:05,server_10,69.17
22:34:10,server_13,57.27
22:34:10,server_14,27.44
22:34:10,server_15,88.64
22:34:10,server_16,33.66
22:34:10,server_20,22.77
22:34:10,server_18,1.93
22:34:10,server_19,26.97
22:34:10,server_12,85.31
22:34:10,server_17,21.16
22:34:10,server_11,42.85
22:34:10,server_10,96.1
22:34:10,server_9,46.66
22:34:10,server_2,4.07
22:34:10,server_3,86.89
22:34:10,server_4,55.4
22:34:10,server_1,21.0
22:34:10,server_6,94.19
22:34:10,server_7,57.19
22:34:10,server_8,55.01
22:34:10,server_5,59.02
22:34:15,server_12,66.6
22:34:15,server_19,31.83
22:34:15,server_18,42.26
22:34:15,server_17,50.44
22:34:15,server_16,3.29
22:34:15,server_15,60.94
22:34:15,server_14,8.65
22:34:15,server_13,12.57
22:34:15,server_11,42.43
22:34:15,server_20,57.5
22:34:15,server_9,99.25
22:34:15,server_1,66.24
22:34:15,server_2,37.87
22:34:15,server_3,22.09
22:34:15,server_4,86.91
22:34:15,server_10,87.9
22:34:15,server_6,38.88
22:34:15,server_7,49.67
22:34:15,server_8,62.98
22:34:15,server_5,56.19
22:34:20,server_11,59.46
22:34:20,server_19,55.44
22:34:20,server_18,95.29
22:34:20,server_17,0.83
22:34:20,server_16,41.54
22:34:20,server_15,23.38
22:34:20,server_14,71.5
22:34:20,server_13,20.53
22:34:20,server_12,31.78
22:34:20,server_20,17.0
22:34:20,server_10,43.79
22:34:20,server_8,40.0
22:34:20,server_7,44.11
22:34:20,server_6,86.85
22:34:20,server_5,67.75
22:34:20,server_4,51.75
22:34:20,server_3,26.56
22:34:20,server_2,32.25
22:34:20,server_1,87.76
22:34:20,server_9,95.59
22:34:25,server_14,92.75
22:34:25,server_15,35.92
22:34:25,server_16,30.17
22:34:25,server_13,51.95
22:34:25,server_18,46.29
22:34:25,server_19,12.61
22:34:25,server_20,41.42
22:34:25,server_17,61.37
22:34:25,server_12,43.61
22:34:25,server_11,88.58
22:34:25,server_1,27.46
22:34:25,server_9,88.61
22:34:25,server_8,31.58
22:34:25,server_7,26.06
22:34:25,server_6,58.84
22:34:25,server_5,49.48
22:34:25,server_4,40.84
22:34:25,server_3,52.6
22:34:25,server_2,36.47
22:34:25,server_10,41.89
22:34:30,server_13,60.9
22:34:30,server_14,3.22
22:34:30,server_15,61.26
22:34:30,server_20,48.59
22:34:30,server_18,37.43
22:34:30,server_19,61.35
22:34:30,server_12,76.02
22:34:30,server_16,22.52
22:34:30,server_11,58.34
22:34:30,server_17,69.27
22:34:30,server_9,64.09
22:34:30,server_10,22.16
22:34:30,server_2,85.91
22:34:30,server_3,62.54
22:34:30,server_4,91.61
22:34:30,server_1,64.7
22:34:30,server_6,57.56
22:34:30,server_7,27.3
22:34:30,server_8,51.43
22:34:30,server_5,16.42
22:34:35,server_20,7.07
22:34:35,server_12,27.63
22:34:35,server_19,56.27
22:34:35,server_18,1.14
22:34:35,server_17,46.23
22:34:35,server_16,94.72
22:34:35,server_15,83.6
22:34:35,server_14,43.82
22:34:35,server_13,47.39
22:34:35,server_11,91.92
22:34:35,server_7,44.16
22:34:35,server_9,60.94
22:34:35,server_8,89.84
22:34:35,server_6,30.07
22:34:35,server_5,59.29
22:34:35,server_4,8.05
22:34:35,server_3,60.24
22:34:35,server_2,54.64
22:34:35,server_1,93.82
22:34:35,server_10,56.19
22:34:40,server_15,90.22
22:34:40,server_13,20.07
22:34:40,server_14,54.7
22:34:40,server_16,25.76
22:34:40,server_12,97.81
22:34:40,server_18,85.85
22:34:40,server_19,58.19
22:34:40,server_20,27.22
22:34:40,server_17,38.47
22:34:40,server_11,35.09
22:34:40,server_1,38.29
22:34:40,server_9,93.04
22:34:40,server_2,22.44
22:34:40,server_3,44.0
22:34:40,server_4,61.86
22:34:40,server_10,36.51
22:34:40,server_6,50.26
22:34:40,server_7,99.01
22:34:40,server_8,75.86
22:34:40,server_5,53.51
22:34:45,server_13,3.67
22:34:45,server_20,92.03
22:34:45,server_19,29.06
22:34:45,server_18,66.7
22:34:45,server_17,9.42
22:34:45,server_16,31.86
22:34:45,server_15,97.87
22:34:45,server_14,50.78
22:34:45,server_12,27.99
22:34:45,server_11,82.5
22:34:45,server_1,20.31
22:34:45,server_9,61.33
22:34:45,server_8,61.0
22:34:45,server_7,26.81
22:34:45,server_6,68.99
22:34:45,server_5,57.4
22:34:45,server_4,67.2
22:34:45,server_3,55.06
22:34:45,server_2,46.91
22:34:45,server_10,23.83
22:34:50,server_13,41.2
22:34:50,server_14,18.29
22:34:50,server_15,60.98
22:34:50,server_16,57.31
22:34:50,server_12,23.46
22:34:50,server_18,64.88
22:34:50,server_19,37.81
22:34:50,server_20,99.12
22:34:50,server_17,10.74
22:34:50,server_11,20.48
22:34:50,server_1,93.75
22:34:50,server_9,97.03
22:34:50,server_8,40.95
22:34:50,server_7,22.14
22:34:50,server_6,22.65
22:34:50,server_5,92.52
22:34:50,server_4,41.89
22:34:50,server_3,20.02
22:34:50,server_2,54.4
22:34:50,server_10,35.96
22:34:55,server_13,61.45
22:34:55,server_14,10.19
22:34:55,server_15,22.87
22:34:55,server_16,51.02
22:34:55,server_20,29.36
22:34:55,server_18,65.06
22:34:55,server_19,47.03
22:34:55,server_12,28.15
22:34:55,server_17,47.02
22:34:55,server_11,95.05
22:34:55,server_1,39.35
22:34:55,server_9,85.16
22:34:55,server_2,68.11
22:34:55,server_3,29.11
22:34:55,server_4,22.7
22:34:55,server_10,85.82
22:34:55,server_6,12.49
22:34:55,server_7,35.54
22:34:55,server_8,22.06
22:34:55,server_5,10.32
22:35:00,server_12,45.16
22:35:00,server_19,39.34
22:35:00,server_18,32.2
22:35:00,server_17,85.11
22:35:00,server_16,54.2
22:35:00,server_15,38.74
22:35:00,server_14,18.54
22:35:00,server_13,47.52
22:35:00,server_20,95.12
22:35:00,server_11,69.91
22:35:00,server_9,67.57
22:35:00,server_8,93.93
22:35:00,server_7,62.94
22:35:00,server_6,54.52
22:35:00,server_5,7.7
22:35:00,server_4,39.12
22:35:00,server_3,72.65
22:35:00,server_2,61.62
22:35:00,server_1,35.78
22:35:00,server_10,52.33
22:35:05,server_13,40.5
22:35:05,server_14,63.71
22:35:05,server_15,86.21
22:35:05,server_16,53.49
22:35:05,server_12,12.05
22:35:05,server_18,23.09
22:35:05,server_19,2.09
22:35:05,server_20,96.05
22:35:05,server_17,23.56
22:35:05,server_11,42.52
22:35:05,server_10,95.34
22:35:05,server_9,98.94
22:35:05,server_8,64.64
22:35:05,server_7,20.04
22:35:05,server_6,82.49
22:35:05,server_5,35.52
22:35:05,server_4,93.13
22:35:05,server_3,68.55
22:35:05,server_2,89.93
22:35:05,server_1,45.64
22:35:10,server_13,40.25
22:35:10,server_14,41.59
22:35:10,server_15,38.2
22:35:10,server_16,49.15
22:35:10,server_20,49.83
22:35:10,server_18,52.74
22:35:10,server_19,21.55
22:35:10,server_12,15.48
22:35:10,server_17,62.47
22:35:10,server_11,71.22
22:35:10,server_10,90.22
22:35:10,server_9,34.8
22:35:10,server_2,98.87
22:35:10,server_3,44.89
22:35:10,server_4,59.46
22:35:10,server_1,46.35
22:35:10,server_6,90.71
22:35:10,server_7,65.35
22:35:10,server_8,61.0
22:35:10,server_5,94.33
22:35:15,server_12,53.93
22:35:15,server_19,57.04
22:35:15,server_18,7.83
22:35:15,server_17,32.34
22:35:15,server_16,5.22
22:35:15,server_15,22.58
22:35:15,server_14,13.33
22:35:15,server_13,66.58
22:35:15,server_11,26.41
22:35:15,server_20,28.33
22:35:15,server_9,51.11
22:35:15,server_1,14.31
22:35:15,server_2,62.44
22:35:15,server_3,19.55
22:35:15,server_4,65.15
22:35:15,server_10,77.69
22:35:15,server_6,33.12
22:35:15,server_7,59.66
22:35:15,server_8,13.04
22:35:15,server_5,84.83
22:35:20,server_12,90.78
22:35:20,server_19,63.44
22:35:20,server_18,59.67
22:35:20,server_17,87.29
22:35:20,server_16,39.8
22:35:20,server_15,85.71
22:35:20,server_14,48.35
22:35:20,server_13,36.23
22:35:20,server_11,37.39
22:35:20,server_20,1.97
22:35:20,server_9,39.02
22:35:20,server_1,66.61
22:35:20,server_2,47.74
22:35:20,server_3,21.03
22:35:20,server_4,85.63
22:35:20,server_10,9.88
22:35:20,server_6,19.06
22:35:20,server_7,46.28
22:35:20,server_8,22.26
22:35:20,server_5,28.76
22:35:25,server_11,75.82
22:35:25,server_19,37.88
22:35:25,server_18,42.62
22:35:25,server_17,1.76
22:35:25,server_16,86.43
22:35:25,server_15,61.57
22:35:25,server_14,18.05
22:35:25,server_13,23.09
22:35:25,server_12,34.16
22:35:25,server_20,25.6
22:35:25,server_10,51.62
22:35:25,server_8,35.06
22:35:25,server_7,43.95
22:35:25,server_6,27.84
22:35:25,server_5,44.82
22:35:25,server_4,24.55
22:35:25,server_3,7.37
22:35:25,server_2,49.84
22:35:25,server_1,26.44
22:35:25,server_9,70.9
22:35:30,server_13,25.77
22:35:30,server_14,27.8
22:35:30,server_15,91.56
22:35:30,server_12,36.24
22:35:30,server_17,81.94
22:35:30,server_18,87.59
22:35:30,server_19,62.27
22:35:30,server_16,27.07
22:35:30,server_11,53.13
22:35:30,server_20,25.89
22:35:30,server_9,60.02
22:35:30,server_1,29.38
22:35:30,server_2,41.6
22:35:30,server_3,46.29
22:35:30,server_4,22.54
22:35:30,server_10,98.58
22:35:30,server_6,61.89
22:35:30,server_7,25.59
22:35:30,server_8,30.8
22:35:30,server_5,27.52
22:35:35,server_19,47.7
22:35:35,server_18,26.68
22:35:35,server_17,43.62
22:35:35,server_16,53.27
22:35:35,server_15,89.49
22:35:35,server_14,42.21
22:35:35,server_13,69.37
22:35:35,server_12,52.6
22:35:35,server_11,55.47
22:35:35,server_20,88.67
22:35:35,server_9,40.0
22:35:35,server_1,66.7
22:35:35,server_2,5.29
22:35:35,server_3,7.6
22:35:35,server_4,11.36
22:35:35,server_10,66.56
22:35:35,server_6,58.8
22:35:35,server_7,47.0
22:35:35,server_8,92.88
22:35:35,server_5,21.54
22:35:40,server_11,4.69
22:35:40,server_19,86.09
22:35:40,server_18,97.24
22:35:40,server_17,61.37
22:35:40,server_16,50.03
22:35:40,server_15,23.21
22:35:40,server_14,90.11
22:35:40,server_13,34.38
22:35:40,server_12,77.04
22:35:40,server_20,9.62
22:35:40,server_10,9.15
22:35:40,server_8,37.76
22:35:40,server_9,39.63
22:35:40,server_1,38.53
22:35:40,server_2,35.58
22:35:40,server_3,47.35
22:35:40,server_5,24.78
22:35:40,server_6,59.2
22:35:40,server_7,61.49
22:35:40,server_4,65.8
22:35:45,server_20,41.02
22:35:45,server_11,46.88
22:35:45,server_18,58.22
22:35:45,server_17,57.54
22:35:45,server_16,62.39
22:35:45,server_15,88.76
22:35:45,server_14,50.69
22:35:45,server_13,53.97
22:35:45,server_12,86.9
22:35:45,server_19,15.07
22:35:45,server_10,85.51
22:35:45,server_8,48.65
22:35:45,server_1,63.17
22:35:45,server_2,29.89
22:35:45,server_3,17.35
22:35:45,server_9,19.58
22:35:45,server_5,87.9
22:35:45,server_6,75.81
22:35:45,server_7,39.85
22:35:45,server_4,48.32
22:35:50,server_12,24.81
22:35:50,server_19,27.38
22:35:50,server_18,91.15
22:35:50,server_17,47.76
22:35:50,server_16,25.81
22:35:50,server_15,98.15
22:35:50,server_14,58.36
22:35:50,server_13,25.75
22:35:50,server_11,25.32
22:35:50,server_20,89.22
22:35:50,server_9,79.44
22:35:50,server_1,47.66
22:35:50,server_2,20.04
22:35:50,server_3,8.84
22:35:50,server_4,27.86
22:35:50,server_10,1.65
22:35:50,server_6,85.8
22:35:50,server_7,51.23
22:35:50,server_8,46.81
22:35:50,server_5,57.49
22:35:55,server_11,21.62
22:35:55,server_19,42.18
22:35:55,server_18,19.18
22:35:55,server_17,95.76
22:35:55,server_16,34.48
22:35:55,server_15,51.13
22:35:55,server_14,84.3
22:35:55,server_13,42.91
22:35:55,server_12,37.05
22:35:55,server_20,42.07
22:35:55,server_10,29.15
22:35:55,server_8,52.57
22:35:55,server_7,42.57
22:35:55,server_6,62.66
22:35:55,server_5,46.72
22:35:55,server_4,59.9
22:35:55,server_3,74.62
22:35:55,server_2,95.13
22:35:55,server_1,31.13
22:35:55,server_9,48.25
22:36:00,server_13,30.98
22:36:00,server_14,10.79
22:36:00,server_15,46.87
22:36:00,server_12,26.54
22:36:00,server_17,99.11
22:36:00,server_18,38.74
22:36:00,server_19,3.77
22:36:00,server_16,87.77
22:36:00,server_11,41.68
22:36:00,server_20,61.47
22:36:00,server_9,64.38
22:36:00,server_1,32.65
22:36:00,server_2,53.49
22:36:00,server_3,54.34
22:36:00,server_4,34.55
22:36:00,server_10,68.68
22:36:00,server_6,63.89
22:36:00,server_7,50.42
22:36:00,server_8,60.03
22:36:00,server_5,44.86
22:36:05,server_12,47.42
22:36:05,server_20,94.66
22:36:05,server_19,61.94
22:36:05,server_18,57.11
22:36:05,server_17,41.1
22:36:05,server_16,64.52
22:36:05,server_15,52.18
22:36:05,server_14,38.35
22:36:05,server_13,93.39
22:36:05,server_11,62.04
22:36:05,server_10,47.73
22:36:05,server_9,64.25
22:36:05,server_2,33.65
22:36:05,server_3,60.84
22:36:05,server_4,92.63
22:36:05,server_1,60.99
22:36:05,server_6,49.44
22:36:05,server_7,67.77
22:36:05,server_8,52.92
22:36:05,server_5,66.87
22:36:10,server_12,26.67
22:36:10,server_19,21.49
22:36:10,server_18,60.85
22:36:10,server_17,44.12
22:36:10,server_16,27.36
22:36:10,server_15,27.25
22:36:10,server_14,59.15
22:36:10,server_13,56.81
22:36:10,server_11,18.77
22:36:10,server_20,50.95
22:36:10,server_9,39.46
22:36:10,server_1,89.41
22:36:10,server_2,42.43
22:36:10,server_3,23.38
22:36:10,server_4,31.85
22:36:10,server_10,87.91
22:36:10,server_6,86.45
22:36:10,server_7,24.08
22:36:10,server_8,39.71
22:36:10,server_5,40.9
22:36:15,server_12,21.95
22:36:15,server_19,63.62
22:36:15,server_18,45.57
22:36:15,server_17,45.34
22:36:15,server_16,42.43
22:36:15,server_15,28.81
22:36:15,server_14,25.06
22:36:15,server_13,35.29
22:36:15,server_11,88.54
22:36:15,server_20,52.31
22:36:15,server_9,79.19
22:36:15,server_1,86.2
22:36:15,server_2,64.45
22:36:15,server_3,41.32
22:36:15,server_4,68.43
22:36:15,server_10,62.98
22:36:15,server_6,99.64
22:36:15,server_7,28.78
22:36:15,server_8,89.75
22:36:15,server_5,32.6
22:36:20,server_11,34.82
22:36:20,server_19,82.34
22:36:20,server_18,60.64
22:36:20,server_17,28.05
22:36:20,server_16,11.94
22:36:20,server_15,6.07
22:36:20,server_14,34.33
22:36:20,server_13,62.58
22:36:20,server_12,60.12
22:36:20,server_20,33.92
22:36:20,server_10,74.38
22:36:20,server_8,50.42
22:36:20,server_7,41.82
22:36:20,server_6,35.69
22:36:20,server_5,25.61
22:36:20,server_4,20.52
22:36:20,server_3,28.65
22:36:20,server_2,6.87
22:36:20,server_1,69.53
22:36:20,server_9,85.42
22:36:25,server_13,69.12
22:36:25,server_14,59.8
22:36:25,server_15,24.74
22:36:25,server_12,47.42
22:36:25,server_17,85.76
22:36:25,server_18,58.9
22:36:25,server_19,98.33
22:36:25,server_16,23.53
22:36:25,server_11,68.26
22:36:25,server_20,92.54
22:36:25,server_9,14.26
22:36:25,server_1,62.81
22:36:25,server_2,86.41
22:36:25,server_3,61.42
22:36:25,server_4,55.15
22:36:25,server_10,37.74
22:36:25,server_6,59.16
22:36:25,server_7,71.62
22:36:25,server_8,71.06
22:36:25,server_5,83.05
22:36:30,server_19,51.29
22:36:30,server_18,51.13
22:36:30,server_17,46.21
22:36:30,server_16,29.7
22:36:30,server_15,95.93
22:36:30,server_14,47.13
22:36:30,server_13,58.84
22:36:30,server_12,26.27
22:36:30,server_11,63.95
22:36:30,server_20,68.38
22:36:30,server_9,52.92
22:36:30,server_1,93.37
22:36:30,server_2,44.27
22:36:30,server_3,63.57
22:36:30,server_4,29.2
22:36:30,server_10,94.56
22:36:30,server_6,66.89
22:36:30,server_7,49.51
22:36:30,server_8,44.92
22:36:30,server_5,0.99
22:36:35,server_11,66.57
22:36:35,server_19,26.71
22:36:35,server_18,64.64
22:36:35,server_17,62.6
22:36:35,server_16,37.83
22:36:35,server_15,34.61
22:36:35,server_14,98.69
22:36:35,server_13,42.12
22:36:35,server_12,31.17
22:36:35,server_20,20.33
22:36:35,server_10,54.8
22:36:35,server_8,34.95
22:36:35,server_9,35.96
22:36:35,server_1,85.05
22:36:35,server_2,62.69
22:36:35,server_3,96.59
22:36:35,server_5,60.55
22:36:35,server_6,18.21
22:36:35,server_7,93.34
22:36:35,server_4,31.59
22:36:40,server_20,88.7
22:36:40,server_11,31.37
22:36:40,server_18,98.96
22:36:40,server_17,91.58
22:36:40,server_16,92.78
22:36:40,server_15,49.47
22:36:40,server_14,56.68
22:36:40,server_13,22.7
22:36:40,server_12,15.88
22:36:40,server_19,67.61
22:36:40,server_10,91.01
22:36:40,server_8,42.64
22:36:40,server_1,25.59
22:36:40,server_2,61.61
22:36:40,server_3,63.56
22:36:40,server_9,46.88
22:36:40,server_5,30.05
22:36:40,server_6,69.53
22:36:40,server_7,62.0
22:36:40,server_4,4.51
22:36:45,server_12,95.19
22:36:45,server_19,48.65
22:36:45,server_18,97.22
22:36:45,server_17,71.26
22:36:45,server_16,71.84
22:36:45,server_15,64.15
22:36:45,server_14,25.12
22:36:45,server_13,52.02
22:36:45,server_11,65.21
22:36:45,server_20,60.37
22:36:45,server_9,58.97
22:36:45,server_1,95.74
22:36:45,server_2,90.91
22:36:45,server_3,25.28
22:36:45,server_4,61.87
22:36:45,server_10,56.71
22:36:45,server_6,27.22
22:36:45,server_7,46.06
22:36:45,server_8,60.15
22:36:45,server_5,25.94
22:36:50,server_11,36.75
22:36:50,server_19,85.65
22:36:50,server_18,57.84
22:36:50,server_17,68.36
22:36:50,server_16,66.17
22:36:50,server_15,91.19
22:36:50,server_14,88.6
22:36:50,server_13,71.47
22:36:50,server_12,53.71
22:36:50,server_20,81.27
22:36:50,server_10,53.38
22:36:50,server_8,9.14
22:36:50,server_7,44.26
22:36:50,server_6,20.91
22:36:50,server_5,27.72
22:36:50,server_4,79.27
22:36:50,server_3,28.03
22:36:50,server_2,95.74
22:36:50,server_1,38.98
22:36:50,server_9,55.77
22:36:55,server_13,21.86
22:36:55,server_14,21.61
22:36:55,server_15,63.87
22:36:55,server_12,16.59
22:36:55,server_17,37.99
22:36:55,server_18,86.78
22:36:55,server_19,31.66
22:36:55,server_16,13.14
22:36:55,server_11,40.65
22:36:55,server_20,88.88
22:36:55,server_9,16.41
22:36:55,server_1,69.85
22:36:55,server_2,47.81
22:36:55,server_3,63.24
22:36:55,server_4,20.81
22:36:55,server_10,55.39
22:36:55,server_6,33.94
22:36:55,server_7,63.86
22:36:55,server_8,53.09
22:36:55,server_5,93.55
22:37:00,server_20,9.11
22:37:00,server_19,18.22
22:37:00,server_18,51.94
22:37:00,server_17,22.27
22:37:00,server_16,76.67
22:37:00,server_15,54.3
22:37:00,server_14,50.13
22:37:00,server_12,66.83
22:37:00,server_11,98.04
22:37:00,server_13,66.27
22:37:00,server_9,44.44
22:37:00,server_10,60.6
22:37:00,server_2,63.69
22:37:00,server_3,56.89
22:37:00,server_4,41.61
22:37:00,server_1,92.27
22:37:00,server_6,30.01
22:37:00,server_7,20.75
22:37:00,server_8,48.91
22:37:00,server_5,40.08
22:37:05,server_12,67.71
22:37:05,server_20,68.58
22:37:05,server_19,54.08
22:37:05,server_18,65.0
22:37:05,server_17,40.22
22:37:05,server_16,96.49
22:37:05,server_15,99.03
22:37:05,server_14,55.1
22:37:05,server_13,28.57
22:37:05,server_11,46.29
22:37:05,server_3,48.98
22:37:05,server_9,33.05
22:37:05,server_10,65.51
22:37:05,server_2,7.84
22:37:05,server_4,57.83
22:37:05,server_1,62.75
22:37:05,server_6,32.5
22:37:05,server_7,12.18
22:37:05,server_8,99.9
22:37:05,server_5,55.72
22:37:10,server_12,46.91
22:37:10,server_19,69.6
22:37:10,server_18,50.14
22:37:10,server_17,32.49
22:37:10,server_16,59.32
22:37:10,server_15,49.43
22:37:10,server_14,44.82
22:37:10,server_20,66.43
22:37:10,server_11,91.6
22:37:10,server_13,30.91
22:37:10,server_9,37.95
22:37:10,server_1,86.23
22:37:10,server_2,2.17
22:37:10,server_3,8.11
22:37:10,server_4,96.47
22:37:10,server_10,95.15
22:37:10,server_6,96.68
22:37:10,server_7,27.33
22:37:10,server_8,56.84
22:37:10,server_5,67.8
22:37:15,server_19,29.87
22:37:15,server_18,21.72
22:37:15,server_17,22.16
22:37:15,server_16,44.78
22:37:15,server_15,74.35
22:37:15,server_14,38.46
22:37:15,server_13,28.89
22:37:15,server_12,39.0
22:37:15,server_11,95.74
22:37:15,server_20,61.91
22:37:15,server_9,23.9
22:37:15,server_1,99.62
22:37:15,server_2,21.51
22:37:15,server_3,49.52
22:37:15,server_4,49.21
22:37:15,server_10,82.67
22:37:15,server_6,66.33
22:37:15,server_7,62.98
22:37:15,server_8,70.79
22:37:15,server_5,95.86
22:37:20,server_11,97.57
22:37:20,server_19,51.35
22:37:20,server_18,73.89
22:37:20,server_17,50.75
22:37:20,server_16,42.37
22:37:20,server_15,44.26
22:37:20,server_14,26.99
22:37:20,server_13,60.36
22:37:20,server_12,37.95
22:37:20,server_20,86.91
22:37:20,server_10,38.39
22:37:20,server_8,44.87
22:37:20,server_9,48.98
22:37:20,server_1,63.73
22:37:20,server_2,64.25
22:37:20,server_3,25.66
22:37:20,server_5,5.1
22:37:20,server_6,23.2
22:37:20,server_7,42.39
22:37:20,server_4,36.33
22:37:25,server_20,90.14
22:37:25,server_11,37.76
22:37:25,server_18,29.96
22:37:25,server_17,93.64
22:37:25,server_16,92.43
22:37:25,server_15,13.02
22:37:25,server_14,51.06
22:37:25,server_13,52.3
22:37:25,server_12,42.12
22:37:25,server_19,8.5
22:37:25,server_10,38.94
22:37:25,server_8,97.71
22:37:25,server_1,28.03
22:37:25,server_2,52.54
22:37:25,server_3,33.82
22:37:25,server_9,33.9
22:37:25,server_5,45.31
22:37:25,server_6,59.91
22:37:25,server_7,21.28
22:37:25,server_4,26.45
22:37:30,server_20,24.38
22:37:30,server_19,1.25
22:37:30,server_18,37.92
22:37:30,server_17,37.77
22:37:30,server_16,83.23
22:37:30,server_15,43.73
22:37:30,server_14,43.76
22:37:30,server_12,90.39
22:37:30,server_11,60.19
22:37:30,server_13,61.14
22:37:30,server_9,47.83
22:37:30,server_10,32.83
22:37:30,server_2,61.39
22:37:30,server_3,63.46
22:37:30,server_4,23.39
22:37:30,server_1,46.22
22:37:30,server_6,34.87
22:37:30,server_7,22.54
22:37:30,server_8,60.91
22:37:30,server_5,48.08
22:37:35,server_12,86.58
22:37:35,server_19,91.94
22:37:35,server_18,66.52
22:37:35,server_20,44.44
22:37:35,server_17,43.62
22:37:35,server_16,64.02
22:37:35,server_15,30.14
22:37:35,server_14,54.23
22:37:35,server_13,67.78
22:37:35,server_11,31.33
22:37:35,server_3,67.92
22:37:35,server_9,53.07
22:37:35,server_10,81.76
22:37:35,server_2,59.48
22:37:35,server_4,96.72
22:37:35,server_1,90.47
22:37:35,server_6,25.52
22:37:35,server_7,21.47
22:37:35,server_8,96.59
22:37:35,server_5,0.05
22:37:40,server_11,30.75
22:37:40,server_20,83.08
22:37:40,server_18,57.74
22:37:40,server_17,80.52
22:37:40,server_16,61.77
22:37:40,server_15,56.1
22:37:40,server_14,24.43
22:37:40,server_13,86.18
22:37:40,server_12,14.27
22:37:40,server_19,88.09
22:37:40,server_10,57.18
22:37:40,server_8,49.69
22:37:40,server_1,42.03
22:37:40,server_2,96.81
22:37:40,server_3,94.28
22:37:40,server_9,30.15
22:37:40,server_5,95.12
22:37:40,server_6,41.85
22:37:40,server_7,43.28
22:37:40,server_4,39.56
22:37:45,server_12,19.13
22:37:45,server_19,22.52
22:37:45,server_18,98.84
22:37:45,server_17,96.29
22:37:45,server_16,98.71
22:37:45,server_15,80.97
22:37:45,server_14,26.54
22:37:45,server_13,14.78
22:37:45,server_11,79.13
22:37:45,server_20,40.4
22:37:45,server_9,26.61
22:37:45,server_1,85.58
22:37:45,server_2,97.45
22:37:45,server_3,15.42
22:37:45,server_4,69.5
22:37:45,server_10,89.87
22:37:45,server_6,46.21
22:37:45,server_7,56.96
22:37:45,server_8,37.13
22:37:45,server_5,34.51
22:37:50,server_11,90.67
22:37:50,server_19,89.07
22:37:50,server_18,92.03
22:37:50,server_17,48.97
22:37:50,server_16,87.65
22:37:50,server_15,98.47
22:37:50,server_14,55.74
22:37:50,server_13,19.57
22:37:50,server_12,21.29
22:37:50,server_20,84.07
22:37:50,server_10,38.36
22:37:50,server_8,61.96
22:37:50,server_7,64.95
22:37:50,server_6,91.13
22:37:50,server_5,35.09
22:37:50,server_4,52.21
22:37:50,server_3,45.45
22:37:50,server_2,94.75
22:37:50,server_1,87.17
22:37:50,server_9,23.11
22:37:55,server_13,68.73
22:37:55,server_14,90.25
22:37:55,server_20,53.87
22:37:55,server_12,68.14
22:37:55,server_17,98.06
22:37:55,server_18,30.98
22:37:55,server_19,97.22
22:37:55,server_16,44.91
22:37:55,server_11,97.18
22:37:55,server_15,72.92
22:37:55,server_9,61.43
22:37:55,server_1,15.57
22:37:55,server_2,95.07
22:37:55,server_3,44.87
22:37:55,server_4,10.71
22:37:55,server_10,64.8
22:37:55,server_6,23.19
22:37:55,server_7,34.16
22:37:55,server_8,80.05
22:37:55,server_5,5.97
22:38:00,server_12,26.79
22:38:00,server_20,48.56
22:38:00,server_19,23.39
22:38:00,server_18,29.5
22:38:00,server_17,64.51
22:38:00,server_16,54.83
22:38:00,server_15,43.47
22:38:00,server_14,29.19
22:38:00,server_13,47.91
22:38:00,server_11,66.65
22:38:00,server_10,63.19
22:38:00,server_9,56.04
22:38:00,server_2,95.13
22:38:00,server_3,48.95
22:38:00,server_4,32.26
22:38:00,server_1,58.05
22:38:00,server_6,28.84
22:38:00,server_7,29.31
22:38:00,server_8,1.86
22:38:00,server_5,41.65
22:38:05,server_12,24.17
22:38:05,server_19,30.68
22:38:05,server_18,46.93
22:38:05,server_17,78.02
22:38:05,server_16,57.01
22:38:05,server_15,52.16
22:38:05,server_14,90.9
22:38:05,server_13,90.69
22:38:05,server_11,52.68
22:38:05,server_20,39.27
22:38:05,server_9,26.53
22:38:05,server_1,90.96
22:38:05,server_2,69.85
22:38:05,server_3,53.78
22:38:05,server_4,27.09
22:38:05,server_10,59.24
22:38:05,server_6,51.19
22:38:05,server_7,59.73
22:38:05,server_8,69.96
22:38:05,server_5,53.87
22:38:10,server_12,95.6
22:38:10,server_19,28.09
22:38:10,server_18,42.45
22:38:10,server_17,88.39
22:38:10,server_16,49.73
22:38:10,server_15,94.55
22:38:10,server_14,50.88
22:38:10,server_13,82.56
22:38:10,server_11,5.66
22:38:10,server_20,29.78
22:38:10,server_9,47.34
22:38:10,server_1,61.47
22:38:10,server_2,86.8
22:38:10,server_3,22.83
22:38:10,server_4,88.03
22:38:10,server_10,36.93
22:38:10,server_6,81.76
22:38:10,server_7,57.12
22:38:10,server_8,66.07
22:38:10,server_5,36.51
22:38:15,server_11,28.79
22:38:15,server_19,67.89
22:38:15,server_18,67.11
22:38:15,server_17,29.93
22:38:15,server_16,82.63
22:38:15,server_15,92.31
22:38:15,server_14,66.73
22:38:15,server_13,85.58
22:38:15,server_12,0.02
22:38:15,server_20,22.73
22:38:15,server_10,57.17
22:38:15,server_8,40.97
22:38:15,server_7,52.96
22:38:15,server_6,29.47
22:38:15,server_5,89.25
22:38:15,server_4,61.4
22:38:15,server_3,88.38
22:38:15,server_2,20.67
22:38:15,server_1,47.79
22:38:15,server_9,55.36
22:38:20,server_13,64.15
22:38:20,server_14,29.7
22:38:20,server_15,94.87
22:38:20,server_12,54.92
22:38:20,server_17,24.68
22:38:20,server_18,66.46
22:38:20,server_19,52.57
22:38:20,server_16,41.31
22:38:20,server_11,4.42
22:38:20,server_20,5.23
22:38:20,server_9,88.19
22:38:20,server_1,45.7
22:38:20,server_2,91.38
22:38:20,server_3,56.53
22:38:20,server_4,47.47
22:38:20,server_10,27.73
22:38:20,server_6,82.03
22:38:20,server_7,56.98
22:38:20,server_8,97.19
22:38:20,server_5,12.32
22:38:25,server_19,33.03
22:38:25,server_18,97.47
22:38:25,server_17,45.89
22:38:25,server_16,49.37
22:38:25,server_15,93.53
22:38:25,server_14,92.54
22:38:25,server_13,35.76
22:38:25,server_12,65.11
22:38:25,server_11,56.54
22:38:25,server_20,60.34
22:38:25,server_9,79.74
22:38:25,server_1,1.98
22:38:25,server_2,64.89
22:38:25,server_3,63.52
22:38:25,server_4,62.77
22:38:25,server_10,38.66
22:38:25,server_6,8.98
22:38:25,server_7,98.35
22:38:25,server_8,89.41
22:38:25,server_5,36.16
22:38:30,server_11,85.57
22:38:30,server_19,81.24
22:38:30,server_18,68.25
22:38:30,server_17,98.87
22:38:30,server_16,50.47
22:38:30,server_15,60.2
22:38:30,server_14,25.32
22:38:30,server_13,28.86
22:38:30,server_12,33.45
22:38:30,server_20,32.65
22:38:30,server_10,52.95
22:38:30,server_8,48.93
22:38:30,server_9,92.44
22:38:30,server_1,22.58
22:38:30,server_2,29.83
22:38:30,server_3,43.87
22:38:30,server_5,57.39
22:38:30,server_6,53.21
22:38:30,server_7,97.8
22:38:30,server_4,44.73
22:38:35,server_20,12.15
22:38:35,server_11,66.74
22:38:35,server_18,68.1
22:38:35,server_17,21.76
22:38:35,server_16,42.84
22:38:35,server_15,51.32
22:38:35,server_14,78.48
22:38:35,server_13,30.1
22:38:35,server_12,42.2
22:38:35,server_19,64.22
22:38:35,server_10,15.44
22:38:35,server_8,87.04
22:38:35,server_1,52.41
22:38:35,server_2,51.99
22:38:35,server_3,54.99
22:38:35,server_9,94.59
22:38:35,server_5,28.65
22:38:35,server_6,42.39
22:38:35,server_7,28.66
22:38:35,server_4,45.86
22:38:40,server_13,31.79
22:38:40,server_20,24.9
22:38:40,server_19,21.74
22:38:40,server_18,47.78
22:38:40,server_17,51.9
22:38:40,server_16,85.38
22:38:40,server_15,25.28
22:38:40,server_14,99.88
22:38:40,server_12,27.69
22:38:40,server_11,38.07
22:38:40,server_1,13.84
22:38:40,server_9,87.81
22:38:40,server_8,28.28
22:38:40,server_7,69.9
22:38:40,server_6,91.73
22:38:40,server_5,99.9
22:38:40,server_4,21.64
22:38:40,server_3,34.61
22:38:40,server_2,74.87
22:38:40,server_10,99.45
22:38:45,server_13,53.73
22:38:45,server_14,55.25
22:38:45,server_15,55.4
22:38:45,server_16,97.02
22:38:45,server_12,40.08
22:38:45,server_18,19.88
22:38:45,server_19,22.03
22:38:45,server_20,96.1
22:38:45,server_17,28.58
22:38:45,server_11,69.51
22:38:45,server_1,42.1
22:38:45,server_9,96.16
22:38:45,server_8,88.34
22:38:45,server_7,95.03
22:38:45,server_6,25.89
22:38:45,server_5,38.04
22:38:45,server_4,46.77
22:38:45,server_3,10.82
22:38:45,server_2,88.16
22:38:45,server_10,37.06
22:38:50,server_13,60.98
22:38:50,server_14,47.49
22:38:50,server_15,32.07
22:38:50,server_16,92.05
22:38:50,server_20,27.82
22:38:50,server_18,65.87
22:38:50,server_19,62.74
22:38:50,server_12,49.22
22:38:50,server_17,53.81
22:38:50,server_11,20.51
22:38:50,server_10,47.99
22:38:50,server_9,44.17
22:38:50,server_8,64.3
22:38:50,server_7,43.08
22:38:50,server_6,29.11
22:38:50,server_5,44.37
22:38:50,server_4,50.93
22:38:50,server_3,43.98
22:38:50,server_2,45.89
22:38:50,server_1,22.28
22:38:55,server_13,22.15
22:38:55,server_14,66.81
22:38:55,server_15,10.45
22:38:55,server_16,36.17
22:38:55,server_20,34.45
22:38:55,server_18,53.69
22:38:55,server_19,64.04
22:38:55,server_12,24.31
22:38:55,server_17,38.51
22:38:55,server_11,43.52
22:38:55,server_10,41.78
22:38:55,server_9,66.78
22:38:55,server_2,21.52
22:38:55,server_3,88.24
22:38:55,server_4,87.97
22:38:55,server_1,93.87
22:38:55,server_6,84.97
22:38:55,server_7,51.72
22:38:55,server_8,37.69
22:38:55,server_5,81.73
22:39:00,server_12,52.73
22:39:00,server_19,23.8
22:39:00,server_18,93.48
22:39:00,server_17,59.12
22:39:00,server_16,72.03
22:39:00,server_15,11.46
22:39:00,server_14,78.97
22:39:00,server_13,26.16
22:39:00,server_11,18.08
22:39:00,server_20,69.97
22:39:00,server_9,38.49
22:39:00,server_1,62.59
22:39:00,server_2,81.34
22:39:00,server_3,8.57
22:39:00,server_4,7.12
22:39:00,server_10,34.05
22:39:00,server_6,87.33
22:39:00,server_7,46.88
22:39:00,server_8,65.82
22:39:00,server_5,60.31
22:39:05,server_12,55.91
22:39:05,server_19,82.36
22:39:05,server_18,9.07
22:39:05,server_17,43.2
22:39:05,server_16,65.9
22:39:05,server_15,24.09
22:39:05,server_14,69.17
22:39:05,server_13,86.24
22:39:05,server_11,95.25
22:39:05,server_20,66.11
22:39:05,server_9,64.94
22:39:05,server_1,42.35
22:39:05,server_2,37.31
22:39:05,server_3,51.84
22:39:05,server_4,35.33
22:39:05,server_10,57.6
22:39:05,server_6,23.87
22:39:05,server_7,15.55
22:39:05,server_8,33.17
22:39:05,server_5,31.41
22:39:10,server_11,44.59
22:39:10,server_19,48.52
22:39:10,server_18,46.92
22:39:10,server_17,80.13
22:39:10,server_16,53.47
22:39:10,server_15,22.44
22:39:10,server_14,77.2
22:39:10,server_13,23.68
22:39:10,server_12,61.41
22:39:10,server_20,27.01
22:39:10,server_10,24.51
22:39:10,server_8,68.04
22:39:10,server_7,56.13
22:39:10,server_6,49.08
22:39:10,server_5,82.65
22:39:10,server_4,47.7
22:39:10,server_3,91.82
22:39:10,server_2,67.19
22:39:10,server_1,61.65
22:39:10,server_9,47.65
22:39:15,server_13,41.52
22:39:15,server_14,86.68
22:39:15,server_15,43.51
22:39:15,server_12,42.71
22:39:15,server_17,29.26
22:39:15,server_18,62.13
22:39:15,server_19,57.48
22:39:15,server_16,66.2
22:39:15,server_11,99.48
22:39:15,server_20,0.77
22:39:15,server_9,40.57
22:39:15,server_1,67.84
22:39:15,server_2,99.65
22:39:15,server_3,94.9
22:39:15,server_4,93.17
22:39:15,server_10,56.54
22:39:15,server_6,47.7
22:39:15,server_7,58.73
22:39:15,server_8,57.08
22:39:15,server_5,46.94
22:39:20,server_19,13.36
22:39:20,server_18,24.93
22:39:20,server_17,40.15
22:39:20,server_16,44.82
22:39:20,server_15,46.25
22:39:20,server_14,40.11
22:39:20,server_13,20.1
22:39:20,server_12,54.07
22:39:20,server_11,3.59
22:39:20,server_20,67.31
22:39:20,server_9,27.46
22:39:20,server_1,54.82
22:39:20,server_2,67.3
22:39:20,server_3,91.48
22:39:20,server_4,79.85
22:39:20,server_10,44.17
22:39:20,server_6,44.78
22:39:20,server_7,44.16
22:39:20,server_8,4.2
22:39:20,server_5,76.68
22:39:25,server_11,45.3
22:39:25,server_19,5.38
22:39:25,server_18,57.94
22:39:25,server_17,43.58
22:39:25,server_16,39.86
22:39:25,server_15,96.16
22:39:25,server_14,34.0
22:39:25,server_13,65.45
22:39:25,server_12,39.82
22:39:25,server_20,52.19
22:39:25,server_10,61.03
22:39:25,server_8,47.35
22:39:25,server_9,31.99
22:39:25,server_1,56.04
22:39:25,server_2,52.38
22:39:25,server_3,31.74
22:39:25,server_5,54.22
22:39:25,server_6,54.27
22:39:25,server_7,32.55
22:39:25,server_4,59.04
22:39:30,server_20,85.27
22:39:30,server_11,68.15
22:39:30,server_18,85.4
22:39:30,server_17,68.79
22:39:30,server_16,99.21
22:39:30,server_15,26.33
22:39:30,server_14,38.09
22:39:30,server_13,78.74
22:39:30,server_12,27.31
22:39:30,server_19,45.92
22:39:30,server_10,94.27
22:39:30,server_8,20.31
22:39:30,server_1,93.69
22:39:30,server_2,45.32
22:39:30,server_3,32.48
22:39:30,server_9,20.22
22:39:30,server_5,39.09
22:39:30,server_6,31.46
22:39:30,server_7,27.68
22:39:30,server_4,91.25
22:39:35,server_12,65.91
22:39:35,server_19,92.81
22:39:35,server_18,27.83
22:39:35,server_17,21.04
22:39:35,server_16,37.96
22:39:35,server_15,49.31
22:39:35,server_14,66.53
22:39:35,server_13,60.84
22:39:35,server_11,24.53
22:39:35,server_20,43.72
22:39:35,server_9,53.58
22:39:35,server_1,8.95
22:39:35,server_2,43.88
22:39:35,server_3,23.11
22:39:35,server_4,47.24
22:39:35,server_10,90.06
22:39:35,server_6,99.98
22:39:35,server_7,55.37
22:39:35,server_8,22.98
22:39:35,server_5,59.8
22:39:40,server_11,65.75
22:39:40,server_19,32.79
22:39:40,server_18,42.65
22:39:40,server_17,82.58
22:39:40,server_16,57.93
22:39:40,server_15,36.55
22:39:40,server_14,35.63
22:39:40,server_13,5.18
22:39:40,server_12,55.66
22:39:40,server_20,29.89
22:39:40,server_10,99.43
22:39:40,server_8,89.93
22:39:40,server_7,41.9
22:39:40,server_6,42.91
22:39:40,server_5,56.7
22:39:40,server_4,24.13
22:39:40,server_3,22.26
22:39:40,server_2,27.21
22:39:40,server_1,67.17
22:39:40,server_9,51.89
22:39:45,server_13,96.27
22:39:45,server_14,29.67
22:39:45,server_15,54.95
22:39:45,server_12,38.33
22:39:45,server_17,50.36
22:39:45,server_18,75.08
22:39:45,server_19,24.24
22:39:45,server_16,65.06
22:39:45,server_11,22.26
22:39:45,server_20,37.23
22:39:45,server_9,87.27
22:39:45,server_1,32.27
22:39:45,server_2,43.88
22:39:45,server_3,43.5
22:39:45,server_4,73.32
22:39:45,server_10,55.99
22:39:45,server_6,70.33
22:39:45,server_7,53.69
22:39:45,server_8,55.65
22:39:45,server_5,93.39
22:39:50,server_12,73.07
22:39:50,server_20,63.23
22:39:50,server_19,50.47
22:39:50,server_18,16.73
22:39:50,server_17,85.93
22:39:50,server_16,25.68
22:39:50,server_15,40.85
22:39:50,server_14,54.57
22:39:50,server_13,9.84
22:39:50,server_11,22.45
22:39:50,server_10,28.99
22:39:50,server_9,64.74
22:39:50,server_2,41.61
22:39:50,server_3,65.54
22:39:50,server_4,62.42
22:39:50,server_1,26.41
22:39:50,server_6,94.82
22:39:50,server_7,5.57
22:39:50,server_8,63.2
22:39:50,server_5,10.8
22:39:55,server_12,33.43
22:39:55,server_19,42.73
22:39:55,server_18,53.12
22:39:55,server_17,28.46
22:39:55,server_16,54.09
22:39:55,server_15,74.62
22:39:55,server_14,61.01
22:39:55,server_13,26.0
22:39:55,server_11,27.89
22:39:55,server_20,57.29
22:39:55,server_9,91.19
22:39:55,server_1,24.35
22:39:55,server_2,89.56
22:39:55,server_3,86.21
22:39:55,server_4,44.36
22:39:55,server_10,20.56
22:39:55,server_6,73.86
22:39:55,server_7,27.99
22:39:55,server_8,98.04
22:39:55,server_5,99.56
22:40:00,server_12,97.01
22:40:00,server_19,40.22
22:40:00,server_18,13.95
22:40:00,server_17,42.78
22:40:00,server_16,23.31
22:40:00,server_15,99.11
22:40:00,server_14,5.99
22:40:00,server_13,83.21
22:40:00,server_11,93.23
22:40:00,server_20,45.54
22:40:00,server_9,51.37
22:40:00,server_1,56.68
22:40:00,server_2,47.93
22:40:00,server_3,17.76
22:40:00,server_4,54.4
22:40:00,server_10,79.76
22:40:00,server_6,61.54
22:40:00,server_7,39.38
22:40:00,server_8,12.95
22:40:00,server_5,44.22
22:40:05,server_11,29.55
22:40:05,server_19,95.35
22:40:05,server_18,62.63
22:40:05,server_17,60.33
22:40:05,server_16,62.06
22:40:05,server_15,24.88
22:40:05,server_14,42.33
22:40:05,server_13,45.63
22:40:05,server_12,59.62
22:40:05,server_20,90.27
22:40:05,server_10,26.4
22:40:05,server_8,28.81
22:40:05,server_7,34.87
22:40:05,server_6,71.05
22:40:05,server_5,1.72
22:40:05,server_4,46.3
22:40:05,server_3,90.95
22:40:05,server_2,90.55
22:40:05,server_1,39.62
22:40:05,server_9,7.89
22:40:10,server_13,54.58
22:40:10,server_14,55.27
22:40:10,server_15,51.27
22:40:10,server_12,38.64
22:40:10,server_17,75.39
22:40:10,server_18,56.54
22:40:10,server_19,65.4
22:40:10,server_16,53.57
22:40:10,server_11,94.76
22:40:10,server_20,56.67
22:40:10,server_9,47.14
22:40:10,server_1,40.22
22:40:10,server_2,55.89
22:40:10,server_3,94.92
22:40:10,server_4,63.59
22:40:10,server_10,47.18
22:40:10,server_6,23.92
22:40:10,server_7,4.69
22:40:10,server_8,12.46
22:40:10,server_5,87.62
22:40:15,server_19,18.07
22:40:15,server_18,33.18
22:40:15,server_17,43.77
22:40:15,server_16,66.71
22:40:15,server_15,12.96
22:40:15,server_14,61.16
22:40:15,server_13,26.87
22:40:15,server_12,35.48
22:40:15,server_11,50.1
22:40:15,server_20,20.62
22:40:15,server_9,67.59
22:40:15,server_1,36.5
22:40:15,server_2,37.63
22:40:15,server_3,44.0
22:40:15,server_4,12.63
22:40:15,server_10,27.44
22:40:15,server_6,49.29
22:40:15,server_7,35.91
22:40:15,server_8,63.54
22:40:15,server_5,32.32
22:40:20,server_11,60.15
22:40:20,server_19,30.13
22:40:20,server_18,78.33
22:40:20,server_17,86.53
22:40:20,server_16,9.36
22:40:20,server_15,58.93
22:40:20,server_14,98.26
22:40:20,server_13,65.7
22:40:20,server_12,87.04
22:40:20,server_20,45.93
22:40:20,server_10,95.86
22:40:20,server_8,39.37
22:40:20,server_9,77.34
22:40:20,server_1,35.7
22:40:20,server_2,41.36
22:40:20,server_3,67.9
22:40:20,server_5,97.74
22:40:20,server_6,96.61
22:40:20,server_7,59.82
22:40:20,server_4,65.26
22:40:25,server_20,29.71
22:40:25,server_11,21.92
22:40:25,server_18,53.52
22:40:25,server_17,98.0
22:40:25,server_16,73.6
22:40:25,server_15,13.6
22:40:25,server_14,28.53
22:40:25,server_13,85.09
22:40:25,server_12,43.25
22:40:25,server_19,92.6
22:40:25,server_10,62.74
22:40:25,server_8,20.05
22:40:25,server_1,34.73
22:40:25,server_2,44.66
22:40:25,server_3,85.26
22:40:25,server_9,73.83
22:40:25,server_5,66.92
22:40:25,server_6,33.53
22:40:25,server_7,34.85
22:40:25,server_4,13.38
22:40:30,server_12,58.64
22:40:30,server_19,95.64
22:40:30,server_18,68.7
22:40:30,server_17,58.47
22:40:30,server_16,77.86
22:40:30,server_15,56.88
22:40:30,server_14,25.14
22:40:30,server_13,96.12
22:40:30,server_11,22.09
22:40:30,server_20,45.31
22:40:30,server_9,77.96
22:40:30,server_1,24.11
22:40:30,server_2,26.64
22:40:30,server_3,89.42
22:40:30,server_4,81.54
22:40:30,server_10,52.17
22:40:30,server_6,92.29
22:40:30,server_7,65.52
22:40:30,server_8,56.53
22:40:30,server_5,25.98
22:40:35,server_11,67.75
22:40:35,server_19,25.66
22:40:35,server_18,4.61
22:40:35,server_17,35.1
22:40:35,server_16,70.2
22:40:35,server_15,57.76
22:40:35,server_14,45.86
22:40:35,server_13,48.39
22:40:35,server_12,98.57
22:40:35,server_20,57.67
22:40:35,server_10,65.76
22:40:35,server_8,69.26
22:40:35,server_7,20.1
22:40:35,server_6,63.14
22:40:35,server_5,25.16
22:40:35,server_4,13.65
22:40:35,server_3,84.29
22:40:35,server_2,91.01
22:40:35,server_1,52.9
22:40:35,server_9,95.87
22:40:40,server_13,24.53
22:40:40,server_14,75.11
22:40:40,server_15,74.47
22:40:40,server_12,85.18
22:40:40,server_17,41.99
22:40:40,server_18,53.76
22:40:40,server_19,38.38
22:40:40,server_16,7.12
22:40:40,server_11,57.36
22:40:40,server_20,92.83
22:40:40,server_9,57.16
22:40:40,server_1,55.21
22:40:40,server_2,89.01
22:40:40,server_3,43.16
22:40:40,server_4,77.19
22:40:40,server_10,11.16
22:40:40,server_6,37.23
22:40:40,server_7,67.84
22:40:40,server_8,37.71
22:40:40,server_5,45.71
22:40:45,server_20,46.03
22:40:45,server_19,99.63
22:40:45,server_18,31.87
22:40:45,server_17,90.72
22:40:45,server_16,32.44
22:40:45,server_15,47.85
22:40:45,server_14,20.94
22:40:45,server_12,58.13
22:40:45,server_11,50.74
22:40:45,server_13,96.35
22:40:45,server_9,26.58
22:40:45,server_10,79.64
22:40:45,server_2,31.11
22:40:45,server_3,95.47
22:40:45,server_4,49.14
22:40:45,server_1,68.91
22:40:45,server_6,66.8
22:40:45,server_7,63.0
22:40:45,server_8,27.06
22:40:45,server_5,93.21
22:40:50,server_12,46.75
22:40:50,server_20,23.21
22:40:50,server_19,48.6
22:40:50,server_18,26.64
22:40:50,server_17,63.89
22:40:50,server_16,1.87
22:40:50,server_15,36.65
22:40:50,server_14,52.12
22:40:50,server_13,64.12
22:40:50,server_11,96.88
22:40:50,server_3,98.01
22:40:50,server_9,87.59
22:40:50,server_10,84.42
22:40:50,server_2,44.3
22:40:50,server_4,47.25
22:40:50,server_1,48.26
22:40:50,server_6,52.53
22:40:50,server_7,92.83
22:40:50,server_8,45.35
22:40:50,server_5,51.98
22:40:55,server_12,96.8
22:40:55,server_19,87.61
22:40:55,server_18,9.3
22:40:55,server_17,1.94
22:40:55,server_16,33.16
22:40:55,server_15,96.94
22:40:55,server_14,22.5
22:40:55,server_20,98.25
22:40:55,server_11,48.87
22:40:55,server_13,25.03
22:40:55,server_9,34.6
22:40:55,server_1,36.89
22:40:55,server_2,87.44
22:40:55,server_3,60.14
22:40:55,server_4,52.63
22:40:55,server_10,23.42
22:40:55,server_6,91.4
22:40:55,server_7,90.19
22:40:55,server_8,69.04
22:40:55,server_5,57.33
22:41:00,server_19,43.82
22:41:00,server_18,54.56
22:41:00,server_17,19.85
22:41:00,server_16,55.89
22:41:00,server_15,43.24
22:41:00,server_14,38.04
22:41:00,server_13,84.39
22:41:00,server_12,47.73
22:41:00,server_11,88.72
22:41:00,server_20,1.6
22:41:00,server_9,21.8
22:41:00,server_1,61.39
22:41:00,server_2,29.6
22:41:00,server_3,96.07
22:41:00,server_4,44.14
22:41:00,server_10,53.74
22:41:00,server_6,87.59
22:41:00,server_7,40.01
22:41:00,server_8,92.07
22:41:00,server_5,81.49
22:41:05,server_11,61.01
22:41:05,server_19,4.15
22:41:05,server_18,36.34
22:41:05,server_17,54.43
22:41:05,server_16,31.26
22:41:05,server_15,94.75
22:41:05,server_14,53.72
22:41:05,server_13,4.62
22:41:05,server_12,92.28
22:41:05,server_20,54.43
22:41:05,server_10,8.55
22:41:05,server_8,23.01
22:41:05,server_9,95.75
22:41:05,server_1,54.08
22:41:05,server_2,17.47
22:41:05,server_3,42.31
22:41:05,server_5,51.77
22:41:05,server_6,65.03
22:41:05,server_7,12.94
22:41:05,server_4,86.06
22:41:10,server_20,69.84
22:41:10,server_11,52.87
22:41:10,server_18,59.14
22:41:10,server_17,36.82
22:41:10,server_16,49.54
22:41:10,server_15,98.71
22:41:10,server_14,96.61
22:41:10,server_13,55.93
22:41:10,server_12,4.79
22:41:10,server_19,48.51
22:41:10,server_10,25.72
22:41:10,server_8,54.62
22:41:10,server_1,51.66
22:41:10,server_2,63.36
22:41:10,server_3,47.19
22:41:10,server_9,11.87
22:41:10,server_5,64.23
22:41:10,server_6,48.91
22:41:10,server_7,69.94
22:41:10,server_4,86.9
22:41:15,server_19,22.76
22:41:15,server_18,88.52
22:41:15,server_17,41.78
22:41:15,server_16,46.35
22:41:15,server_15,86.71
22:41:15,server_14,26.52
22:41:15,server_13,47.35
22:41:15,server_12,93.55
22:41:15,server_11,40.93
22:41:15,server_20,63.97
22:41:15,server_9,49.6
22:41:15,server_1,67.39
22:41:15,server_2,68.05
22:41:15,server_3,85.93
22:41:15,server_4,22.63
22:41:15,server_10,6.16
22:41:15,server_6,37.26
22:41:15,server_7,8.89
22:41:15,server_8,62.87
22:41:15,server_5,53.91
22:41:20,server_11,86.15
22:41:20,server_19,29.07
22:41:20,server_18,97.55
22:41:20,server_17,88.85
22:41:20,server_16,8.78
22:41:20,server_15,62.93
22:41:20,server_14,28.58
22:41:20,server_13,47.92
22:41:20,server_12,32.05
22:41:20,server_20,37.9
22:41:20,server_10,68.12
22:41:20,server_8,95.64
22:41:20,server_9,86.64
22:41:20,server_1,62.89
22:41:20,server_2,65.23
22:41:20,server_3,64.41
22:41:20,server_5,41.16
22:41:20,server_6,48.47
22:41:20,server_7,48.48
22:41:20,server_4,58.71
22:41:25,server_20,15.02
22:41:25,server_19,92.88
22:41:25,server_18,44.99
22:41:25,server_17,68.59
22:41:25,server_16,49.69
22:41:25,server_15,51.28
22:41:25,server_14,43.04
22:41:25,server_13,40.6
22:41:25,server_12,5.93
22:41:25,server_11,88.06
22:41:25,server_9,19.57
22:41:25,server_1,39.43
22:41:25,server_2,66.75
22:41:25,server_3,41.65
22:41:25,server_4,49.27
22:41:25,server_10,24.53
22:41:25,server_6,58.56
22:41:25,server_7,84.3
22:41:25,server_8,92.9
22:41:25,server_5,86.07
22:41:30,server_12,41.55
22:41:30,server_19,49.92
22:41:30,server_18,26.74
22:41:30,server_17,31.88
22:41:30,server_16,39.78
22:41:30,server_15,65.3
22:41:30,server_14,38.89
22:41:30,server_13,27.43
22:41:30,server_11,88.27
22:41:30,server_20,24.56
22:41:30,server_9,26.82
22:41:30,server_1,96.09
22:41:30,server_2,30.92
22:41:30,server_3,22.16
22:41:30,server_4,73.1
22:41:30,server_10,66.81
22:41:30,server_6,87.11
22:41:30,server_7,63.98
22:41:30,server_8,31.9
22:41:30,server_5,26.47
22:41:35,server_11,23.15
22:41:35,server_19,20.42
22:41:35,server_18,91.85
22:41:35,server_17,86.88
22:41:35,server_16,55.37
22:41:35,server_15,98.8
22:41:35,server_14,55.65
22:41:35,server_13,85.55
22:41:35,server_12,46.85
22:41:35,server_20,49.02
22:41:35,server_10,47.71
22:41:35,server_8,62.21
22:41:35,server_7,92.83
22:41:35,server_6,51.52
22:41:35,server_5,97.9
22:41:35,server_4,79.1
22:41:35,server_3,93.14
22:41:35,server_2,31.96
22:41:35,server_1,28.29
22:41:35,server_9,56.47
22:41:40,server_13,32.37
22:41:40,server_14,24.42
22:41:40,server_15,80.73
22:41:40,server_16,40.81
22:41:40,server_20,14.3
22:41:40,server_18,85.14
22:41:40,server_19,29.09
22:41:40,server_12,30.01
22:41:40,server_17,79.9
22:41:40,server_11,2.96
22:41:40,server_10,41.29
22:41:40,server_9,0.04
22:41:40,server_2,28.83
22:41:40,server_3,50.86
22:41:40,server_4,40.35
22:41:40,server_1,43.17
22:41:40,server_6,85.4
22:41:40,server_7,44.92
22:41:40,server_8,46.74
22:41:40,server_5,63.57
22:41:45,server_12,62.53
22:41:45,server_19,54.54
22:41:45,server_18,87.18
22:41:45,server_17,80.25
22:41:45,server_16,90.94
22:41:45,server_15,68.44
22:41:45,server_14,70.25
22:41:45,server_13,28.96
22:41:45,server_11,53.16
22:41:45,server_20,51.32
22:41:45,server_9,36.19
22:41:45,server_1,24.33
22:41:45,server_2,26.13
22:41:45,server_3,98.15
22:41:45,server_4,64.14
22:41:45,server_10,39.23
22:41:45,server_6,52.15
22:41:45,server_7,76.39
22:41:45,server_8,45.18
22:41:45,server_5,98.55
22:41:50,server_11,30.6
22:41:50,server_19,62.44
22:41:50,server_18,17.98
22:41:50,server_17,99.27
22:41:50,server_16,96.45
22:41:50,server_15,20.65
22:41:50,server_14,95.51
22:41:50,server_13,98.84
22:41:50,server_12,30.18
22:41:50,server_20,46.11
22:41:50,server_10,85.93
22:41:50,server_8,89.25
22:41:50,server_7,98.08
22:41:50,server_6,18.36
22:41:50,server_5,34.04
22:41:50,server_4,68.92
22:41:50,server_3,43.32
22:41:50,server_2,21.32
22:41:50,server_1,10.56
22:41:50,server_9,97.39
22:41:55,server_14,45.07
22:41:55,server_15,28.23
22:41:55,server_16,39.66
22:41:55,server_13,21.24
22:41:55,server_18,92.33
22:41:55,server_19,33.4
22:41:55,server_20,44.56
22:41:55,server_17,69.65
22:41:55,server_12,70.64
22:41:55,server_11,5.27
22:41:55,server_1,87.84
22:41:55,server_9,56.12
22:41:55,server_8,5.13
22:41:55,server_7,29.19
22:41:55,server_6,11.19
22:41:55,server_5,63.03
22:41:55,server_4,21.36
22:41:55,server_3,86.97
22:41:55,server_2,57.58
22:41:55,server_10,54.4
22:42:00,server_13,61.96
22:42:00,server_14,47.88
22:42:00,server_15,65.23
22:42:00,server_20,97.65
22:42:00,server_18,52.75
22:42:00,server_19,26.96
22:42:00,server_12,62.82
22:42:00,server_16,27.77
22:42:00,server_11,31.67
22:42:00,server_17,49.89
22:42:00,server_9,86.36
22:42:00,server_10,50.88
22:42:00,server_2,29.74
22:42:00,server_3,45.99
22:42:00,server_4,36.76
22:42:00,server_1,4.7
22:42:00,server_6,51.82
22:42:00,server_7,23.97
22:42:00,server_8,86.17
22:42:00,server_5,58.32
22:42:05,server_20,55.15
22:42:05,server_12,43.59
22:42:05,server_19,66.22
22:42:05,server_18,34.26
22:42:05,server_17,90.83
22:42:05,server_16,44.33
22:42:05,server_15,86.72
22:42:05,server_14,47.43
22:42:05,server_13,31.08
22:42:05,server_11,23.54
22:42:05,server_7,48.51
22:42:05,server_9,39.39
22:42:05,server_8,66.62
22:42:05,server_6,33.15
22:42:05,server_5,84.97
22:42:05,server_4,43.34
22:42:05,server_3,49.18
22:42:05,server_2,45.21
22:42:05,server_1,27.47
22:42:05,server_10,36.13
22:42:10,server_15,98.05
22:42:10,server_13,26.21
22:42:10,server_14,20.37
22:42:10,server_16,27.5
22:42:10,server_12,44.63
22:42:10,server_18,64.34
22:42:10,server_19,83.36
22:42:10,server_20,49.24
22:42:10,server_17,18.7
22:42:10,server_11,56.04
22:42:10,server_1,44.55
22:42:10,server_9,62.76
22:42:10,server_2,73.74
22:42:10,server_3,54.6
22:42:10,server_4,32.57
22:42:10,server_10,50.5
22:42:10,server_6,46.63
22:42:10,server_7,56.84
22:42:10,server_8,59.37
22:42:10,server_5,29.08
22:42:15,server_13,11.77
22:42:15,server_20,22.73
22:42:15,server_19,37.91
22:42:15,server_18,12.84
22:42:15,server_17,92.49
22:42:15,server_16,59.87
22:42:15,server_15,30.45
22:42:15,server_14,65.24
22:42:15,server_12,33.74
22:42:15,server_11,25.25
22:42:15,server_1,90.63
22:42:15,server_9,41.82
22:42:15,server_8,3.45
22:42:15,server_7,21.59
22:42:15,server_6,66.59
22:42:15,server_5,87.84
22:42:15,server_4,46.0
22:42:15,server_3,67.42
22:42:15,server_2,72.58
22:42:15,server_10,97.39
22:42:20,server_13,59.04
22:42:20,server_14,45.14
22:42:20,server_15,40.23
22:42:20,server_16,91.91
22:42:20,server_12,34.17
22:42:20,server_18,53.15
22:42:20,server_19,26.57
22:42:20,server_20,25.29
22:42:20,server_17,57.1
22:42:20,server_11,12.46
22:42:20,server_1,92.24
22:42:20,server_9,51.49
22:42:20,server_8,87.0
22:42:20,server_7,55.73
22:42:20,server_6,34.79
22:42:20,server_5,85.04
22:42:20,server_4,30.4
22:42:20,server_3,86.56
22:42:20,server_2,32.03
22:42:20,server_10,36.42
22:42:25,server_13,22.07
22:42:25,server_14,16.26
22:42:25,server_15,49.1
22:42:25,server_16,48.78
22:42:25,server_20,59.22
22:42:25,server_18,41.16
22:42:25,server_19,17.31
22:42:25,server_12,62.91
22:42:25,server_17,6.59
22:42:25,server_11,54.15
22:42:25,server_1,46.84
22:42:25,server_9,82.3
22:42:25,server_2,31.68
22:42:25,server_3,70.84
22:42:25,server_4,19.91
22:42:25,server_10,34.91
22:42:25,server_6,46.01
22:42:25,server_7,48.37
22:42:25,server_8,2.01
22:42:25,server_5,54.37
22:42:30,server_12,17.36
22:42:30,server_19,42.07
22:42:30,server_18,92.44
22:42:30,server_17,33.2
22:42:30,server_16,63.26
22:42:30,server_15,45.24
22:42:30,server_14,89.34
22:42:30,server_13,68.3
22:42:30,server_20,43.05
22:42:30,server_11,95.62
22:42:30,server_9,48.88
22:42:30,server_8,56.59
22:42:30,server_7,45.55
22:42:30,server_6,28.2
22:42:30,server_5,51.07
22:42:30,server_4,95.01
22:42:30,server_3,20.46
22:42:30,server_2,62.44
22:42:30,server_1,92.04
22:42:30,server_10,76.8
22:42:35,server_13,85.75
22:42:35,server_14,62.7
22:42:35,server_15,22.87
22:42:35,server_16,66.34
22:42:35,server_12,38.82
22:42:35,server_18,99.38
22:42:35,server_19,33.57
22:42:35,server_20,86.07
22:42:35,server_17,52.28
22:42:35,server_11,93.84
22:42:35,server_10,44.87
22:42:35,server_9,0.9
22:42:35,server_8,48.04
22:42:35,server_7,3.29
22:42:35,server_6,82.99
22:42:35,server_5,45.98
22:42:35,server_4,50.48
22:42:35,server_3,94.3
22:42:35,server_2,7.09
22:42:35,server_1,87.66
22:42:40,server_13,26.7
22:42:40,server_14,20.91
22:42:40,server_15,16.47
22:42:40,server_16,12.33
22:42:40,server_20,33.54
22:42:40,server_18,97.39
22:42:40,server_19,83.45
22:42:40,server_12,30.43
22:42:40,server_17,49.88
22:42:40,server_11,25.71
22:42:40,server_10,1.18
22:42:40,server_9,53.8
22:42:40,server_2,94.73
22:42:40,server_3,96.17
22:42:40,server_4,50.2
22:42:40,server_1,47.66
22:42:40,server_6,26.76
22:42:40,server_7,70.25
22:42:40,server_8,93.01
22:42:40,server_5,47.04
22:42:45,server_12,25.85
22:42:45,server_19,60.11
22:42:45,server_18,22.59
22:42:45,server_17,43.22
22:42:45,server_16,34.57
22:42:45,server_15,88.77
22:42:45,server_14,13.1
22:42:45,server_13,29.14
22:42:45,server_11,63.66
22:42:45,server_20,48.49
22:42:45,server_9,23.63
22:42:45,server_1,90.7
22:42:45,server_2,99.22
22:42:45,server_3,48.97
22:42:45,server_4,36.26
22:42:45,server_10,43.47
22:42:45,server_6,45.68
22:42:45,server_7,14.11
22:42:45,server_8,75.68
22:42:45,server_5,31.77
22:42:50,server_12,68.99
22:42:50,server_19,85.87
22:42:50,server_18,92.38
22:42:50,server_17,56.26
22:42:50,server_16,21.04
22:42:50,server_15,26.34
22:42:50,server_14,97.2
22:42:50,server_13,43.57
22:42:50,server_11,55.41
22:42:50,server_20,44.97
22:42:50,server_9,6.39
22:42:50,server_1,28.43
22:42:50,server_2,42.43
22:42:50,server_3,30.52
22:42:50,server_4,81.08
22:42:50,server_10,20.32
22:42:50,server_6,21.63
22:42:50,server_7,44.23
22:42:50,server_8,46.51
22:42:50,server_5,35.47
22:42:55,server_11,69.37
22:42:55,server_19,13.71
22:42:55,server_18,53.56
22:42:55,server_17,99.79
22:42:55,server_16,29.95
22:42:55,server_15,30.99
22:42:55,server_14,84.48
22:42:55,server_13,60.61
22:42:55,server_12,66.97
22:42:55,server_20,52.02
22:42:55,server_10,46.98
22:42:55,server_8,90.82
22:42:55,server_7,93.03
22:42:55,server_6,50.99
22:42:55,server_5,18.81
22:42:55,server_4,96.2
22:42:55,server_3,67.85
22:42:55,server_2,99.43
22:42:55,server_1,30.28
22:42:55,server_9,20.77
22:43:00,server_13,9.94
22:43:00,server_14,20.42
22:43:00,server_15,33.9
22:43:00,server_12,51.61
22:43:00,server_17,65.36
22:43:00,server_18,55.1
22:43:00,server_19,46.49
22:43:00,server_16,57.94
22:43:00,server_11,96.31
22:43:00,server_20,12.71
22:43:00,server_9,95.92
22:43:00,server_1,31.44
22:43:00,server_2,30.88
22:43:00,server_3,27.62
22:43:00,server_4,62.06
22:43:00,server_10,66.24
22:43:00,server_6,39.08
22:43:00,server_7,59.4
22:43:00,server_8,21.29
22:43:00,server_5,53.61
22:43:05,server_19,60.66
22:43:05,server_18,55.38
22:43:05,server_17,49.18
22:43:05,server_16,28.61
22:43:05,server_15,56.21
22:43:05,server_14,91.52
22:43:05,server_13,99.67
22:43:05,server_12,31.94
22:43:05,server_11,57.34
22:43:05,server_20,35.13
22:43:05,server_9,10.29
22:43:05,server_1,20.07
22:43:05,server_2,23.28
22:43:05,server_3,28.01
22:43:05,server_4,50.66
22:43:05,server_10,29.01
22:43:05,server_6,67.84
22:43:05,server_7,94.04
22:43:05,server_8,76.96
22:43:05,server_5,86.72
22:43:10,server_11,17.36
22:43:10,server_19,67.39
22:43:10,server_18,2.54
22:43:10,server_17,82.2
22:43:10,server_16,54.53
22:43:10,server_15,30.74
22:43:10,server_14,25.46
22:43:10,server_13,89.54
22:43:10,server_12,98.9
22:43:10,server_20,11.93
22:43:10,server_10,10.91
22:43:10,server_8,47.74
22:43:10,server_9,46.91
22:43:10,server_1,91.59
22:43:10,server_2,42.26
22:43:10,server_3,43.25
22:43:10,server_5,35.69
22:43:10,server_6,63.29
22:43:10,server_7,46.96
22:43:10,server_4,52.17
22:43:15,server_20,46.16
22:43:15,server_11,62.89
22:43:15,server_18,62.99
22:43:15,server_17,59.51
22:43:15,server_16,50.54
22:43:15,server_15,92.91
22:43:15,server_14,90.3
22:43:15,server_13,54.4
22:43:15,server_12,57.93
22:43:15,server_19,27.75
22:43:15,server_10,49.61
22:43:15,server_8,29.57
22:43:15,server_1,99.14
22:43:15,server_2,52.24
22:43:15,server_3,32.08
22:43:15,server_9,72.75
22:43:15,server_5,28.21
22:43:15,server_6,62.0
22:43:15,server_7,44.12
22:43:15,server_4,38.21
22:43:20,server_12,79.6
22:43:20,server_19,17.78
22:43:20,server_18,33.33
22:43:20,server_17,93.17
22:43:20,server_16,69.25
22:43:20,server_15,41.31
22:43:20,server_14,67.06
22:43:20,server_13,41.37
22:43:20,server_11,72.4
22:43:20,server_20,4.13
22:43:20,server_9,49.87
22:43:20,server_1,35.13
22:43:20,server_2,92.44
22:43:20,server_3,61.7
22:43:20,server_4,49.57
22:43:20,server_10,39.24
22:43:20,server_6,46.92
22:43:20,server_7,67.9
22:43:20,server_8,31.62
22:43:20,server_5,96.08
22:43:25,server_11,72.44
22:43:25,server_19,67.38
22:43:25,server_18,23.55
22:43:25,server_17,54.11
22:43:25,server_16,91.99
22:43:25,server_15,68.2
22:43:25,server_14,97.44
22:43:25,server_13,90.72
22:43:25,server_12,52.87
22:43:25,server_20,81.75
22:43:25,server_10,1.77
22:43:25,server_8,65.09
22:43:25,server_7,51.0
22:43:25,server_6,33.38
22:43:25,server_5,55.55
22:43:25,server_4,55.3
22:43:25,server_3,38.48
22:43:25,server_2,97.21
22:43:25,server_1,86.96
22:43:25,server_9,5.76
22:43:30,server_13,95.41
22:43:30,server_14,57.69
22:43:30,server_15,23.3
22:43:30,server_12,93.31
22:43:30,server_17,46.23
22:43:30,server_18,46.17
22:43:30,server_19,38.81
22:43:30,server_16,27.49
22:43:30,server_11,90.74
22:43:30,server_20,27.49
22:43:30,server_9,63.22
22:43:30,server_1,54.76
22:43:30,server_2,27.44
22:43:30,server_3,32.87
22:43:30,server_4,34.65
22:43:30,server_10,83.06
22:43:30,server_6,50.46
22:43:30,server_7,98.14
22:43:30,server_8,56.37
22:43:30,server_5,57.52
22:43:35,server_12,59.27
22:43:35,server_20,34.66
22:43:35,server_19,20.04
22:43:35,server_18,31.16
22:43:35,server_17,66.87
22:43:35,server_16,48.04
22:43:35,server_15,11.23
22:43:35,server_14,44.32
22:43:35,server_13,71.91
22:43:35,server_11,60.19
22:43:35,server_10,23.89
22:43:35,server_9,21.63
22:43:35,server_2,32.46
22:43:35,server_3,23.83
22:43:35,server_4,34.65
22:43:35,server_1,25.37
22:43:35,server_6,86.73
22:43:35,server_7,27.74
22:43:35,server_8,67.62
22:43:35,server_5,27.4
22:43:40,server_12,85.45
22:43:40,server_19,92.82
22:43:40,server_18,45.23
22:43:40,server_17,50.39
22:43:40,server_16,41.92
22:43:40,server_15,55.38
22:43:40,server_14,13.64
22:43:40,server_13,30.52
22:43:40,server_11,63.71
22:43:40,server_20,77.35
22:43:40,server_9,59.89
22:43:40,server_1,33.11
22:43:40,server_2,53.99
22:43:40,server_3,94.93
22:43:40,server_4,19.72
22:43:40,server_10,90.9
22:43:40,server_6,97.29
22:43:40,server_7,68.28
22:43:40,server_8,90.92
22:43:40,server_5,0.52
22:43:45,server_12,25.52
22:43:45,server_19,24.55
22:43:45,server_18,15.32
22:43:45,server_17,27.79
22:43:45,server_16,84.69
22:43:45,server_15,66.85
22:43:45,server_14,67.62
22:43:45,server_13,51.4
22:43:45,server_11,51.93
22:43:45,server_20,63.91
22:43:45,server_9,41.35
22:43:45,server_1,42.28
22:43:45,server_2,95.78
22:43:45,server_3,54.79
22:43:45,server_4,39.28
22:43:45,server_10,68.3
22:43:45,server_6,67.91
22:43:45,server_7,43.3
22:43:45,server_8,16.71
22:43:45,server_5,98.73
22:43:50,server_11,63.48
22:43:50,server_19,30.23
22:43:50,server_18,39.57
22:43:50,server_17,42.17
22:43:50,server_16,33.03
22:43:50,server_15,88.14
22:43:50,server_14,98.34
22:43:50,server_13,24.79
22:43:50,server_12,9.35
22:43:50,server_20,66.0
22:43:50,server_10,95.36
22:43:50,server_8,29.22
22:43:50,server_7,60.22
22:43:50,server_6,64.92
22:43:50,server_5,41.64
22:43:50,server_4,53.85
22:43:50,server_3,54.57
22:43:50,server_2,34.31
22:43:50,server_1,23.0
22:43:50,server_9,13.95
22:43:55,server_13,60.13
22:43:55,server_14,32.39
22:43:55,server_15,67.86
22:43:55,server_12,93.84
22:43:55,server_17,60.65
22:43:55,server_18,95.88
22:43:55,server_19,36.41
22:43:55,server_16,98.23
22:43:55,server_11,51.42
22:43:55,server_20,37.39
22:43:55,server_9,85.68
22:43:55,server_1,10.21
22:43:55,server_2,54.94
22:43:55,server_3,80.45
22:43:55,server_4,88.97
22:43:55,server_10,80.22
22:43:55,server_6,42.53
22:43:55,server_7,97.9
22:43:55,server_8,49.53
22:43:55,server_5,37.76
22:44:00,server_19,93.79
22:44:00,server_18,75.81
22:44:00,server_17,43.33
22:44:00,server_16,37.89
22:44:00,server_15,65.92
22:44:00,server_14,35.14
22:44:00,server_13,47.59
22:44:00,server_12,18.33
22:44:00,server_11,57.43
22:44:00,server_20,63.94
22:44:00,server_9,40.25
22:44:00,server_1,9.68
22:44:00,server_2,34.15
22:44:00,server_3,49.09
22:44:00,server_4,21.46
22:44:00,server_10,58.88
22:44:00,server_6,77.42
22:44:00,server_7,51.21
22:44:00,server_8,20.66
22:44:00,server_5,26.43
22:44:05,server_11,32.77
22:44:05,server_19,50.14
22:44:05,server_18,93.27
22:44:05,server_17,98.35
22:44:05,server_16,16.46
22:44:05,server_15,25.3
22:44:05,server_14,41.27
22:44:05,server_13,46.77
22:44:05,server_12,23.08
22:44:05,server_20,96.98
22:44:05,server_10,68.57
22:44:05,server_8,38.36
22:44:05,server_9,20.1
22:44:05,server_1,81.09
22:44:05,server_2,68.9
22:44:05,server_3,20.1
22:44:05,server_5,4.97
22:44:05,server_6,86.02
22:44:05,server_7,49.02
22:44:05,server_4,24.05
22:44:10,server_20,29.66
22:44:10,server_11,91.08
22:44:10,server_18,12.64
22:44:10,server_17,24.72
22:44:10,server_16,48.22
22:44:10,server_15,44.08
22:44:10,server_14,36.54
22:44:10,server_13,58.36
22:44:10,server_12,63.1
22:44:10,server_19,48.87
22:44:10,server_10,53.52
22:44:10,server_8,29.23
22:44:10,server_1,99.33
22:44:10,server_2,45.13
22:44:10,server_3,36.02
22:44:10,server_9,67.22
22:44:10,server_5,20.42
22:44:10,server_6,31.52
22:44:10,server_7,0.4
22:44:10,server_4,25.63
22:44:15,server_12,58.7
22:44:15,server_19,42.97
22:44:15,server_18,42.79
22:44:15,server_17,75.6
22:44:15,server_16,86.76
22:44:15,server_15,42.5
22:44:15,server_14,40.39
22:44:15,server_13,92.02
22:44:15,server_11,58.76
22:44:15,server_20,60.38
22:44:15,server_9,28.62
22:44:15,server_1,21.58
22:44:15,server_2,37.51
22:44:15,server_3,81.92
22:44:15,server_4,58.82
22:44:15,server_10,96.79
22:44:15,server_6,87.09
22:44:15,server_7,42.7
22:44:15,server_8,6.3
22:44:15,server_5,55.61
22:44:20,server_11,51.21
22:44:20,server_19,55.75
22:44:20,server_18,98.71
22:44:20,server_17,20.32
22:44:20,server_16,31.83
22:44:20,server_15,41.36
22:44:20,server_14,88.78
22:44:20,server_13,45.64
22:44:20,server_12,57.5
22:44:20,server_20,32.46
22:44:20,server_10,87.39
22:44:20,server_8,62.48
22:44:20,server_7,52.05
22:44:20,server_6,93.5
22:44:20,server_5,7.92
22:44:20,server_4,48.59
22:44:20,server_3,79.44
22:44:20,server_2,86.14
22:44:20,server_1,17.95
22:44:20,server_9,69.54
22:44:25,server_13,30.78
22:44:25,server_14,37.63
22:44:25,server_15,49.01
22:44:25,server_12,16.43
22:44:25,server_17,51.24
22:44:25,server_18,51.23
22:44:25,server_19,37.51
22:44:25,server_16,57.53
22:44:25,server_11,2.33
22:44:25,server_20,43.73
22:44:25,server_9,51.3
22:44:25,server_1,42.13
22:44:25,server_2,29.33
22:44:25,server_3,64.46
22:44:25,server_4,42.56
22:44:25,server_10,77.4
22:44:25,server_6,63.83
22:44:25,server_7,20.75
22:44:25,server_8,65.2
22:44:25,server_5,68.12
22:44:30,server_20,40.17
22:44:30,server_19,41.23
22:44:30,server_18,88.65
22:44:30,server_17,56.7
22:44:30,server_16,54.7
22:44:30,server_15,14.89
22:44:30,server_14,43.36
22:44:30,server_12,2.19
22:44:30,server_11,61.34
22:44:30,server_13,26.17
22:44:30,server_9,40.47
22:44:30,server_10,21.41
22:44:30,server_2,47.23
22:44:30,server_3,74.76
22:44:30,server_4,86.84
22:44:30,server_1,82.41
22:44:30,server_6,7.92
22:44:30,server_7,47.57
22:44:30,server_8,39.04
22:44:30,server_5,63.6
22:44:35,server_12,33.69
22:44:35,server_20,91.03
22:44:35,server_19,37.33
22:44:35,server_18,41.24
22:44:35,server_17,46.32
22:44:35,server_16,35.83
22:44:35,server_15,22.57
22:44:35,server_14,66.0
22:44:35,server_13,39.61
22:44:35,server_11,25.12
22:44:35,server_3,29.67
22:44:35,server_9,38.32
22:44:35,server_10,59.15
22:44:35,server_2,50.5
22:44:35,server_4,45.37
22:44:35,server_1,29.18
22:44:35,server_6,83.75
22:44:35,server_7,6.8
22:44:35,server_8,39.66
22:44:35,server_5,37.57
22:44:40,server_12,22.45
22:44:40,server_19,62.43
22:44:40,server_18,21.59
22:44:40,server_17,66.94
22:44:40,server_16,65.56
22:44:40,server_15,28.56
22:44:40,server_14,33.71
22:44:40,server_20,45.25
22:44:40,server_11,41.85
22:44:40,server_13,39.34
22:44:40,server_9,68.19
22:44:40,server_1,5.05
22:44:40,server_2,52.3
22:44:40,server_3,94.97
22:44:40,server_4,46.39
22:44:40,server_10,3.71
22:44:40,server_6,55.44
22:44:40,server_7,52.73
22:44:40,server_8,41.95
22:44:40,server_5,60.53
22:44:45,server_19,53.48
22:44:45,server_18,56.32
22:44:45,server_17,83.83
22:44:45,server_16,45.77
22:44:45,server_15,66.22
22:44:45,server_14,40.77
22:44:45,server_13,53.03
22:44:45,server_12,57.0
22:44:45,server_11,89.65
22:44:45,server_20,96.25
22:44:45,server_9,56.31
22:44:45,server_1,87.71
22:44:45,server_2,43.12
22:44:45,server_3,92.26
22:44:45,server_4,49.77
22:44:45,server_10,45.4
22:44:45,server_6,73.65
22:44:45,server_7,23.19
22:44:45,server_8,66.53
22:44:45,server_5,51.09
22:44:50,server_11,56.68
22:44:50,server_19,47.36
22:44:50,server_18,53.62
22:44:50,server_17,24.09
22:44:50,server_16,31.65
22:44:50,server_15,97.96
22:44:50,server_14,82.84
22:44:50,server_13,35.62
22:44:50,server_12,89.08
22:44:50,server_20,43.21
22:44:50,server_10,41.16
22:44:50,server_8,64.63
22:44:50,server_9,79.53
22:44:50,server_1,30.13
22:44:50,server_2,98.05
22:44:50,server_3,79.09
22:44:50,server_5,67.57
22:44:50,server_6,35.15
22:44:50,server_7,38.9
22:44:50,server_4,25.52
22:44:55,server_20,85.02
22:44:55,server_11,91.03
22:44:55,server_18,45.4
22:44:55,server_17,40.99
22:44:55,server_16,57.93
22:44:55,server_15,34.94
22:44:55,server_14,58.98
22:44:55,server_13,93.74
22:44:55,server_12,42.26
22:44:55,server_19,20.24
22:44:55,server_10,25.21
22:44:55,server_8,89.4
22:44:55,server_1,28.82
22:44:55,server_2,64.16
22:44:55,server_3,60.77
22:44:55,server_9,57.06
22:44:55,server_5,87.26
22:44:55,server_6,42.45
22:44:55,server_7,22.44
22:44:55,server_4,3.8
22:45:00,server_20,23.57
22:45:00,server_19,38.01
22:45:00,server_18,69.93
22:45:00,server_17,53.86
22:45:00,server_16,22.33
22:45:00,server_15,19.06
22:45:00,server_14,99.97
22:45:00,server_12,53.67
22:45:00,server_11,49.3
22:45:00,server_13,74.99
22:45:00,server_9,46.5
22:45:00,server_10,52.33
22:45:00,server_2,24.54
22:45:00,server_3,91.85
22:45:00,server_4,67.34
22:45:00,server_1,40.93
22:45:00,server_6,83.94
22:45:00,server_7,98.92
22:45:00,server_8,92.4
22:45:00,server_5,58.4
22:45:05,server_12,13.3
22:45:05,server_19,30.57
22:45:05,server_18,45.15
22:45:05,server_20,50.04
22:45:05,server_17,98.44
22:45:05,server_16,66.16
22:45:05,server_15,59.47
22:45:05,server_14,80.79
22:45:05,server_13,98.45
22:45:05,server_11,16.32
22:45:05,server_3,57.06
22:45:05,server_9,35.13
22:45:05,server_10,63.61
22:45:05,server_2,23.35
22:45:05,server_4,32.26
22:45:05,server_1,39.89
22:45:05,server_6,42.75
22:45:05,server_7,44.04
22:45:05,server_8,55.96
22:45:05,server_5,98.83
22:45:10,server_11,1.66
22:45:10,server_20,98.92
22:45:10,server_18,63.17
22:45:10,server_17,56.77
22:45:10,server_16,51.11
22:45:10,server_15,22.27
22:45:10,server_14,45.35
22:45:10,server_13,23.76
22:45:10,server_12,70.92
22:45:10,server_19,88.63
22:45:10,server_10,80.19
22:45:10,server_8,38.98
22:45:10,server_1,27.81
22:45:10,server_2,22.95
22:45:10,server_3,81.2
22:45:10,server_9,68.42
22:45:10,server_5,22.04
22:45:10,server_6,67.53
22:45:10,server_7,50.9
22:45:10,server_4,40.89
22:45:15,server_12,44.04
22:45:15,server_19,54.29
22:45:15,server_18,62.4
22:45:15,server_17,36.35
22:45:15,server_16,92.0
22:45:15,server_15,50.66
22:45:15,server_14,54.25
22:45:15,server_13,24.75
22:45:15,server_11,42.6
22:45:15,server_20,23.7
22:45:15,server_9,92.68
22:45:15,server_1,47.18
22:45:15,server_2,24.63
22:45:15,server_3,61.23
22:45:15,server_4,21.27
22:45:15,server_10,28.77
22:45:15,server_6,54.33
22:45:15,server_7,96.88
22:45:15,server_8,10.9
22:45:15,server_5,55.35
22:45:20,server_11,37.37
22:45:20,server_19,41.23
22:45:20,server_18,74.06
22:45:20,server_17,69.5
22:45:20,server_16,57.9
22:45:20,server_15,93.89
22:45:20,server_14,45.52
22:45:20,server_13,69.79
22:45:20,server_12,65.38
22:45:20,server_20,57.83
22:45:20,server_10,23.98
22:45:20,server_8,44.3
22:45:20,server_7,92.33
22:45:20,server_6,90.28
22:45:20,server_5,64.21
22:45:20,server_4,57.76
22:45:20,server_3,64.92
22:45:20,server_2,55.05
22:45:20,server_1,94.52
22:45:20,server_9,1.66
22:45:25,server_13,98.76
22:45:25,server_14,45.76
22:45:25,server_20,22.61
22:45:25,server_12,94.52
22:45:25,server_17,41.42
22:45:25,server_18,42.35
22:45:25,server_19,22.64
22:45:25,server_16,20.31
22:45:25,server_11,49.63
22:45:25,server_15,46.28
22:45:25,server_9,54.5
22:45:25,server_1,61.61
22:45:25,server_2,62.51
22:45:25,server_3,30.05
22:45:25,server_4,57.39
22:45:25,server_10,40.17
22:45:25,server_6,69.96
22:45:25,server_7,51.3
22:45:25,server_8,93.68
22:45:25,server_5,28.96
22:45:30,server_12,62.59
22:45:30,server_20,31.52
22:45:30,server_19,92.37
22:45:30,server_18,52.07
22:45:30,server_17,5.22
22:45:30,server_16,92.99
22:45:30,server_15,37.38
22:45:30,server_14,90.33
22:45:30,server_13,90.49
22:45:30,server_11,30.14
22:45:30,server_10,54.65
22:45:30,server_9,29.39
22:45:30,server_2,62.25
22:45:30,server_3,99.19
22:45:30,server_4,51.29
22:45:30,server_1,30.91
22:45:30,server_6,53.31
22:45:30,server_7,67.11
22:45:30,server_8,69.28
22:45:30,server_5,48.78
22:45:35,server_12,3.21
22:45:35,server_19,42.34
22:45:35,server_18,99.98
22:45:35,server_17,30.52
22:45:35,server_16,51.05
22:45:35,server_15,55.66
22:45:35,server_14,29.55
22:45:35,server_13,67.61
22:45:35,server_11,17.47
22:45:35,server_20,39.23
22:45:35,server_9,24.46
22:45:35,server_1,97.73
22:45:35,server_2,18.25
22:45:35,server_3,22.8
22:45:35,server_4,73.93
22:45:35,server_10,31.87
22:45:35,server_6,51.17
22:45:35,server_7,50.34
22:45:35,server_8,88.06
22:45:35,server_5,3.19
22:45:40,server_12,91.78
22:45:40,server_19,54.1
22:45:40,server_18,48.13
22:45:40,server_17,15.03
22:45:40,server_16,66.18
22:45:40,server_15,88.93
22:45:40,server_14,27.36
22:45:40,server_13,33.81
22:45:40,server_11,50.47
22:45:40,server_20,41.8
22:45:40,server_9,67.67
22:45:40,server_1,32.4
22:45:40,server_2,28.66
22:45:40,server_3,99.31
22:45:40,server_4,55.91
22:45:40,server_10,58.44
22:45:40,server_6,47.46
22:45:40,server_7,90.51
22:45:40,server_8,65.36
22:45:40,server_5,42.34
22:45:45,server_11,78.88
22:45:45,server_19,55.14
22:45:45,server_18,44.18
22:45:45,server_17,53.02
22:45:45,server_16,15.08
22:45:45,server_15,21.44
22:45:45,server_14,69.85
22:45:45,server_13,86.51
22:45:45,server_12,42.29
22:45:45,server_20,76.49
22:45:45,server_10,91.32
22:45:45,server_8,52.37
22:45:45,server_7,95.96
22:45:45,server_6,41.09
22:45:45,server_5,22.15
22:45:45,server_4,33.14
22:45:45,server_3,25.03
22:45:45,server_2,42.58
22:45:45,server_1,27.23
22:45:45,server_9,35.29
22:45:50,server_13,23.38
22:45:50,server_14,22.49
22:45:50,server_15,21.31
22:45:50,server_12,13.27
22:45:50,server_17,26.36
22:45:50,server_18,29.67
22:45:50,server_19,85.92
22:45:50,server_16,43.89
22:45:50,server_11,55.67
22:45:50,server_20,96.05
22:45:50,server_9,65.08
22:45:50,server_1,43.55
22:45:50,server_2,82.73
22:45:50,server_3,39.22
22:45:50,server_4,53.46
22:45:50,server_10,95.49
22:45:50,server_6,67.5
22:45:50,server_7,40.75
22:45:50,server_8,48.27
22:45:50,server_5,52.35
22:45:55,server_19,59.15
22:45:55,server_18,59.33
22:45:55,server_17,39.91
22:45:55,server_16,62.53
22:45:55,server_15,25.75
22:45:55,server_14,62.11
22:45:55,server_13,0.65
22:45:55,server_12,65.68
22:45:55,server_11,68.52
22:45:55,server_20,55.97
22:45:55,server_9,91.7
22:45:55,server_1,32.44
22:45:55,server_2,83.35
22:45:55,server_3,96.53
22:45:55,server_4,85.79
22:45:55,server_10,63.17
22:45:55,server_6,45.6
22:45:55,server_7,52.64
22:45:55,server_8,30.62
22:45:55,server_5,22.65
22:46:00,server_11,75.71
22:46:00,server_19,96.69
22:46:00,server_18,50.51
22:46:00,server_17,52.96
22:46:00,server_16,62.2
22:46:00,server_15,84.38
22:46:00,server_14,89.24
22:46:00,server_13,34.87
22:46:00,server_12,74.36
22:46:00,server_20,44.47
22:46:00,server_10,86.02
22:46:00,server_8,35.08
22:46:00,server_9,53.41
22:46:00,server_1,61.01
22:46:00,server_2,83.79
22:46:00,server_3,52.36
22:46:00,server_5,47.78
22:46:00,server_6,41.91
22:46:00,server_7,95.39
22:46:00,server_4,90.97
22:46:05,server_20,46.21
22:46:05,server_11,7.26
22:46:05,server_18,71.28
22:46:05,server_17,66.81
22:46:05,server_16,41.02
22:46:05,server_15,19.85
22:46:05,server_14,88.59
22:46:05,server_13,30.14
22:46:05,server_12,50.53
22:46:05,server_19,41.3
22:46:05,server_10,40.93
22:46:05,server_8,95.81
22:46:05,server_1,39.17
22:46:05,server_2,20.89
22:46:05,server_3,60.65
22:46:05,server_9,48.29
22:46:05,server_5,58.27
22:46:05,server_6,38.01
22:46:05,server_7,65.89
22:46:05,server_4,88.48
22:46:10,server_13,79.69
22:46:10,server_20,28.3
22:46:10,server_19,66.3
22:46:10,server_18,54.28
22:46:10,server_17,98.8
22:46:10,server_16,56.65
22:46:10,server_15,44.33
22:46:10,server_14,29.88
22:46:10,server_12,25.88
22:46:10,server_11,78.33
22:46:10,server_1,53.37
22:46:10,server_9,95.6
22:46:10,server_8,61.8
22:46:10,server_7,99.5
22:46:10,server_6,98.37
22:46:10,server_5,29.44
22:46:10,server_4,0.58
22:46:10,server_3,93.43
22:46:10,server_2,51.6
22:46:10,server_10,92.96
22:46:15,server_13,77.22
22:46:15,server_14,6.76
22:46:15,server_15,92.71
22:46:15,server_16,22.9
22:46:15,server_12,42.83
22:46:15,server_18,99.43
22:46:15,server_19,61.27
22:46:15,server_20,37.74
22:46:15,server_17,43.68
22:46:15,server_11,53.29
22:46:15,server_1,22.61
22:46:15,server_9,88.45
22:46:15,server_8,78.86
22:46:15,server_7,23.03
22:46:15,server_6,29.04
22:46:15,server_5,43.9
22:46:15,server_4,39.2
22:46:15,server_3,38.38
22:46:15,server_2,49.19
22:46:15,server_10,37.09
22:46:20,server_13,28.23
22:46:20,server_14,30.88
22:46:20,server_15,68.04
22:46:20,server_16,59.02
22:46:20,server_20,99.38
22:46:20,server_18,65.59
22:46:20,server_19,95.44
22:46:20,server_12,17.01
22:46:20,server_17,99.89
22:46:20,server_11,80.66
22:46:20,server_10,52.17
22:46:20,server_9,51.58
22:46:20,server_8,58.64
22:46:20,server_7,86.53
22:46:20,server_6,26.59
22:46:20,server_5,32.1
22:46:20,server_4,44.45
22:46:20,server_3,21.56
22:46:20,server_2,97.92
22:46:20,server_1,39.4
22:46:25,server_13,36.9
22:46:25,server_14,96.01
22:46:25,server_15,62.41
22:46:25,server_16,60.8
22:46:25,server_20,96.65
22:46:25,server_18,98.86
22:46:25,server_19,29.73
22:46:25,server_12,78.52
22:46:25,server_17,1.24
22:46:25,server_11,29.46
22:46:25,server_10,39.13
22:46:25,server_9,90.91
22:46:25,server_2,56.11
22:46:25,server_3,62.7
22:46:25,server_4,44.58
22:46:25,server_1,64.14
22:46:25,server_6,21.14
22:46:25,server_7,68.83
22:46:25,server_8,28.86
22:46:25,server_5,42.34
22:46:30,server_12,56.88
22:46:30,server_19,2.31
22:46:30,server_18,29.66
22:46:30,server_17,80.93
22:46:30,server_16,45.0
22:46:30,server_15,99.21
22:46:30,server_14,10.16
22:46:30,server_13,41.92
22:46:30,server_11,50.27
22:46:30,server_20,63.86
22:46:30,server_9,62.15
22:46:30,server_1,33.08
22:46:30,server_2,53.81
22:46:30,server_3,36.56
22:46:30,server_4,64.28
22:46:30,server_10,86.07
22:46:30,server_6,43.28
22:46:30,server_7,28.0
22:46:30,server_8,54.72
22:46:30,server_5,47.85
22:46:35,server_12,84.37
22:46:35,server_19,67.56
22:46:35,server_18,62.32
22:46:35,server_17,90.93
22:46:35,server_16,87.82
22:46:35,server_15,31.47
22:46:35,server_14,91.84
22:46:35,server_13,53.0
22:46:35,server_11,28.14
22:46:35,server_20,38.64
22:46:35,server_9,98.66
22:46:35,server_1,63.15
22:46:35,server_2,52.96
22:46:35,server_3,31.71
22:46:35,server_4,22.52
22:46:35,server_10,27.79
22:46:35,server_6,64.7
22:46:35,server_7,94.53
22:46:35,server_8,98.01
22:46:35,server_5,53.42
22:46:40,server_11,84.96
22:46:40,server_19,50.28
22:46:40,server_18,30.98
22:46:40,server_17,69.4
22:46:40,server_16,51.78
22:46:40,server_15,72.28
22:46:40,server_14,24.01
22:46:40,server_13,21.57
22:46:40,server_12,86.76
22:46:40,server_20,71.86
22:46:40,server_10,67.44
22:46:40,server_8,33.11
22:46:40,server_7,50.8
22:46:40,server_6,85.3
22:46:40,server_5,45.2
22:46:40,server_4,16.74
22:46:40,server_3,18.97
22:46:40,server_2,55.09
22:46:40,server_1,29.86
22:46:40,server_9,96.6
22:46:45,server_13,81.93
22:46:45,server_14,53.39
22:46:45,server_15,41.44
22:46:45,server_12,10.74
22:46:45,server_17,38.69
22:46:45,server_18,48.62
22:46:45,server_19,89.72
22:46:45,server_16,42.44
22:46:45,server_11,61.26
22:46:45,server_20,85.52
22:46:45,server_9,95.48
22:46:45,server_1,62.22
22:46:45,server_2,90.8
22:46:45,server_3,89.22
22:46:45,server_4,63.51
22:46:45,server_10,6.98
22:46:45,server_6,15.43
22:46:45,server_7,50.36
22:46:45,server_8,93.43
22:46:45,server_5,87.71
22:46:50,server_19,65.58
22:46:50,server_18,68.35
22:46:50,server_17,44.83
22:46:50,server_16,36.04
22:46:50,server_15,37.21
22:46:50,server_14,51.61
22:46:50,server_13,57.39
22:46:50,server_12,63.92
22:46:50,server_11,91.56
22:46:50,server_20,89.26
22:46:50,server_9,44.42
22:46:50,server_1,36.73
22:46:50,server_2,78.64
22:46:50,server_3,41.1
22:46:50,server_4,86.45
22:46:50,server_10,99.83
22:46:50,server_6,17.86
22:46:50,server_7,98.97
22:46:50,server_8,52.75
22:46:50,server_5,62.17
22:46:55,server_11,0.1
22:46:55,server_19,30.66
22:46:55,server_18,61.24
22:46:55,server_17,51.21
22:46:55,server_16,87.54
22:46:55,server_15,9.9
22:46:55,server_14,41.14
22:46:55,server_13,22.66
22:46:55,server_12,43.92
22:46:55,server_20,44.36
22:46:55,server_10,82.92
22:46:55,server_8,36.78
22:46:55,server_9,88.64
22:46:55,server_1,85.69
22:46:55,server_2,89.99
22:46:55,server_3,6.35
22:46:55,server_5,40.59
22:46:55,server_6,59.63
22:46:55,server_7,52.92
22:46:55,server_4,86.22
22:47:00,server_20,52.28
22:47:00,server_11,74.08
22:47:00,server_18,24.06
22:47:00,server_17,43.64
22:47:00,server_16,42.94
22:47:00,server_15,94.69
22:47:00,server_14,21.99
22:47:00,server_13,33.26
22:47:00,server_12,22.97
22:47:00,server_19,54.57
22:47:00,server_10,45.14
22:47:00,server_8,56.32
22:47:00,server_1,69.17
22:47:00,server_2,64.32
22:47:00,server_3,33.77
22:47:00,server_9,42.87
22:47:00,server_5,91.5
22:47:00,server_6,99.37
22:47:00,server_7,24.92
22:47:00,server_4,84.51
22:47:05,server_12,51.76
22:47:05,server_19,44.8
22:47:05,server_18,42.25
22:47:05,server_17,31.67
22:47:05,server_16,68.83
22:47:05,server_15,93.85
22:47:05,server_14,46.11
22:47:05,server_13,69.82
22:47:05,server_11,24.7
22:47:05,server_20,59.17
22:47:05,server_9,23.25
22:47:05,server_1,95.6
22:47:05,server_2,93.36
22:47:05,server_3,40.08
22:47:05,server_4,49.07
22:47:05,server_10,4.19
22:47:05,server_6,92.39
22:47:05,server_7,50.63
22:47:05,server_8,23.59
22:47:05,server_5,47.29
22:47:10,server_11,57.12
22:47:10,server_19,62.91
22:47:10,server_18,69.75
22:47:10,server_17,66.7
22:47:10,server_16,20.47
22:47:10,server_15,35.31
22:47:10,server_14,86.62
22:47:10,server_13,67.56
22:47:10,server_12,58.03
22:47:10,server_20,77.46
22:47:10,server_10,46.98
22:47:10,server_8,94.71
22:47:10,server_7,29.55
22:47:10,server_6,43.72
22:47:10,server_5,25.67
22:47:10,server_4,93.58
22:47:10,server_3,48.46
22:47:10,server_2,24.98
22:47:10,server_1,46.03
22:47:10,server_9,82.56
22:47:15,server_13,42.25
22:47:15,server_14,58.15
22:47:15,server_15,19.8
22:47:15,server_12,50.74
22:47:15,server_17,48.93
22:47:15,server_18,63.24
22:47:15,server_19,29.73
22:47:15,server_16,59.99
22:47:15,server_11,20.63
22:47:15,server_20,57.94
22:47:15,server_9,84.75
22:47:15,server_1,25.05
22:47:15,server_2,39.21
22:47:15,server_3,98.67
22:47:15,server_4,57.36
22:47:15,server_10,43.72
22:47:15,server_6,29.19
22:47:15,server_7,29.55
22:47:15,server_8,65.46
22:47:15,server_5,21.53
22:47:20,server_12,99.27
22:47:20,server_20,36.84
22:47:20,server_19,81.17
22:47:20,server_18,97.72
22:47:20,server_17,45.83
22:47:20,server_16,99.18
22:47:20,server_15,78.1
22:47:20,server_14,96.44
22:47:20,server_13,83.36
22:47:20,server_11,39.0
22:47:20,server_10,22.48
22:47:20,server_9,7.03
22:47:20,server_2,52.71
22:47:20,server_3,38.91
22:47:20,server_4,69.64
22:47:20,server_1,26.7
22:47:20,server_6,94.24
22:47:20,server_7,29.68
22:47:20,server_8,95.7
22:47:20,server_5,94.54
22:47:25,server_12,4.55
22:47:25,server_19,98.76
22:47:25,server_18,1.03
22:47:25,server_17,99.35
22:47:25,server_16,23.75
22:47:25,server_15,93.68
22:47:25,server_14,21.4
22:47:25,server_13,34.26
22:47:25,server_11,49.37
22:47:25,server_20,45.89
22:47:25,server_9,49.75
22:47:25,server_1,95.31
22:47:25,server_2,31.43
22:47:25,server_3,42.53
22:47:25,server_4,59.53
22:47:25,server_10,92.38
22:47:25,server_6,36.07
22:47:25,server_7,30.59
22:47:25,server_8,26.38
22:47:25,server_5,50.18
22:47:30,server_12,43.84
22:47:30,server_19,53.02
22:47:30,server_18,27.16
22:47:30,server_17,9.99
22:47:30,server_16,20.32
22:47:30,server_15,87.54
22:47:30,server_14,17.53
22:47:30,server_13,39.22
22:47:30,server_11,47.37
22:47:30,server_20,28.54
22:47:30,server_9,35.28
22:47:30,server_1,99.51
22:47:30,server_2,92.77
22:47:30,server_3,36.33
22:47:30,server_4,14.71
22:47:30,server_10,45.88
22:47:30,server_6,27.64
22:47:30,server_7,10.53
22:47:30,server_8,21.87
22:47:30,server_5,96.52
22:47:35,server_11,89.81
22:47:35,server_19,28.85
22:47:35,server_18,53.24
22:47:35,server_17,47.63
22:47:35,server_16,11.19
22:47:35,server_15,95.71
22:47:35,server_14,35.12
22:47:35,server_13,60.33
22:47:35,server_12,52.55
22:47:35,server_20,43.41
22:47:35,server_10,69.08
22:47:35,server_8,61.65
22:47:35,server_7,44.0
22:47:35,server_6,42.95
22:47:35,server_5,5.1
22:47:35,server_4,66.95
22:47:35,server_3,78.73
22:47:35,server_2,35.88
22:47:35,server_1,55.62
22:47:35,server_9,29.01
22:47:40,server_13,97.45
22:47:40,server_14,24.53
22:47:40,server_15,36.55
22:47:40,server_12,37.4
22:47:40,server_17,23.26
22:47:40,server_18,40.67
22:47:40,server_19,69.98
22:47:40,server_16,76.78
22:47:40,server_11,51.26
22:47:40,server_20,84.65
22:47:40,server_9,86.18
22:47:40,server_1,38.54
22:47:40,server_2,55.17
22:47:40,server_3,73.86
22:47:40,server_4,69.07
22:47:40,server_10,28.2
22:47:40,server_6,17.35
22:47:40,server_7,96.61
22:47:40,server_8,35.38
22:47:40,server_5,41.8
22:47:45,server_19,98.7
22:47:45,server_18,95.59
22:47:45,server_17,28.67
22:47:45,server_16,68.53
22:47:45,server_15,38.61
22:47:45,server_14,81.57
22:47:45,server_13,53.37
22:47:45,server_12,98.11
22:47:45,server_11,61.0
22:47:45,server_20,50.09
22:47:45,server_9,92.32
22:47:45,server_1,43.2
22:47:45,server_2,37.11
22:47:45,server_3,98.19
22:47:45,server_4,53.55
22:47:45,server_10,24.48
22:47:45,server_6,48.85
22:47:45,server_7,44.04
22:47:45,server_8,26.2
22:47:45,server_5,64.88
22:47:50,server_11,68.55
22:47:50,server_19,34.0
22:47:50,server_18,50.74
22:47:50,server_17,66.52
22:47:50,server_16,48.6
22:47:50,server_15,58.2
22:47:50,server_14,25.4
22:47:50,server_13,73.46
22:47:50,server_12,93.76
22:47:50,server_20,75.61
22:47:50,server_10,21.16
22:47:50,server_8,27.02
22:47:50,server_9,19.97
22:47:50,server_1,33.44
22:47:50,server_2,35.73
22:47:50,server_3,31.0
22:47:50,server_5,41.57
22:47:50,server_6,32.22
22:47:50,server_7,49.01
22:47:50,server_4,48.43
22:47:55,server_20,21.52
22:47:55,server_11,81.39
22:47:55,server_18,46.61
22:47:55,server_17,63.55
22:47:55,server_16,46.63
22:47:55,server_15,96.37
22:47:55,server_14,85.29
22:47:55,server_13,21.52
22:47:55,server_12,21.71
22:47:55,server_19,41.75
22:47:55,server_10,26.26
22:47:55,server_8,20.65
22:47:55,server_1,29.66
22:47:55,server_2,56.29
22:47:55,server_3,59.26
22:47:55,server_9,16.84
22:47:55,server_5,92.79
22:47:55,server_6,69.42
22:47:55,server_7,20.49
22:47:55,server_4,20.81
22:48:00,server_12,26.37
22:48:00,server_19,34.4
22:48:00,server_18,72.28
22:48:00,server_17,22.44
22:48:00,server_16,56.85
22:48:00,server_15,49.34
22:48:00,server_14,40.19
22:48:00,server_13,22.54
22:48:00,server_11,62.76
22:48:00,server_20,22.15
22:48:00,server_9,63.06
22:48:00,server_1,81.73
22:48:00,server_2,3.62
22:48:00,server_3,97.83
22:48:00,server_4,45.61
22:48:00,server_10,69.29
22:48:00,server_6,22.27
22:48:00,server_7,94.17
22:48:00,server_8,55.99
22:48:00,server_5,92.79
22:48:05,server_11,43.58
22:48:05,server_19,74.41
22:48:05,server_18,60.0
22:48:05,server_17,66.03
22:48:05,server_16,39.21
22:48:05,server_15,27.41
22:48:05,server_14,82.91
22:48:05,server_13,24.98
22:48:05,server_12,86.48
22:48:05,server_20,79.3
22:48:05,server_10,52.61
22:48:05,server_8,62.45
22:48:05,server_7,46.3
22:48:05,server_6,11.64
22:48:05,server_5,96.38
22:48:05,server_4,56.19
22:48:05,server_3,21.49
22:48:05,server_2,72.21
22:48:05,server_1,25.09
22:48:05,server_9,67.86
22:48:10,server_13,42.5
22:48:10,server_14,37.97
22:48:10,server_15,55.45
22:48:10,server_12,66.39
22:48:10,server_17,21.98
22:48:10,server_18,31.07
22:48:10,server_19,21.45
22:48:10,server_16,92.46
22:48:10,server_11,65.43
22:48:10,server_20,62.51
22:48:10,server_9,53.91
22:48:10,server_1,22.49
22:48:10,server_2,30.54
22:48:10,server_3,99.49
22:48:10,server_4,45.21
22:48:10,server_10,29.81
22:48:10,server_6,20.79
22:48:10,server_7,54.47
22:48:10,server_8,48.51
22:48:10,server_5,52.39
22:48:15,server_20,45.48
22:48:15,server_19,41.0
22:48:15,server_18,85.09
22:48:15,server_17,26.46
22:48:15,server_16,34.68
22:48:15,server_15,50.64
22:48:15,server_14,56.54
22:48:15,server_12,54.54
22:48:15,server_11,99.06
22:48:15,server_13,66.9
22:48:15,server_9,44.38
22:48:15,server_10,53.13
22:48:15,server_2,20.43
22:48:15,server_3,25.93
22:48:15,server_4,44.03
22:48:15,server_1,89.7
22:48:15,server_6,28.27
22:48:15,server_7,41.07
22:48:15,server_8,52.17
22:48:15,server_5,68.37
22:48:20,server_12,49.54
22:48:20,server_20,69.38
22:48:20,server_19,99.15
22:48:20,server_18,23.39
22:48:20,server_17,37.86
22:48:20,server_16,24.47
22:48:20,server_15,37.94
22:48:20,server_14,2.42
22:48:20,server_13,14.68
22:48:20,server_11,22.91
22:48:20,server_3,59.22
22:48:20,server_9,72.14
22:48:20,server_10,6.82
22:48:20,server_2,47.6
22:48:20,server_4,98.41
22:48:20,server_1,87.67
22:48:20,server_6,41.7
22:48:20,server_7,86.8
22:48:20,server_8,25.45
22:48:20,server_5,17.03
22:48:25,server_12,58.94
22:48:25,server_19,89.69
22:48:25,server_18,7.65
22:48:25,server_17,37.74
22:48:25,server_16,91.76
22:48:25,server_15,44.91
22:48:25,server_14,22.65
22:48:25,server_20,22.81
22:48:25,server_11,94.03
22:48:25,server_13,86.97
22:48:25,server_9,86.94
22:48:25,server_1,20.07
22:48:25,server_2,90.82
22:48:25,server_3,96.0
22:48:25,server_4,87.1
22:48:25,server_10,53.34
22:48:25,server_6,28.66
22:48:25,server_7,56.76
22:48:25,server_8,25.88
22:48:25,server_5,47.54
22:48:30,server_19,49.92
22:48:30,server_18,26.44
22:48:30,server_17,45.13
22:48:30,server_16,88.76
22:48:30,server_15,44.74
22:48:30,server_14,40.97
22:48:30,server_13,53.43
22:48:30,server_12,99.2
22:48:30,server_11,93.23
22:48:30,server_20,25.14
22:48:30,server_9,47.17
22:48:30,server_1,46.99
22:48:30,server_2,86.24
22:48:30,server_3,39.77
22:48:30,server_4,94.47
22:48:30,server_10,24.57
22:48:30,server_6,65.61
22:48:30,server_7,17.16
22:48:30,server_8,45.37
22:48:30,server_5,65.14
22:48:35,server_11,20.22
22:48:35,server_19,6.27
22:48:35,server_18,25.96
22:48:35,server_17,95.65
22:48:35,server_16,99.18
22:48:35,server_15,42.59
22:48:35,server_14,61.3
22:48:35,server_13,30.77
22:48:35,server_12,5.97
22:48:35,server_20,26.56
22:48:35,server_10,86.15
22:48:35,server_8,86.49
22:48:35,server_9,41.3
22:48:35,server_1,56.92
22:48:35,server_2,34.21
22:48:35,server_3,46.1
22:48:35,server_5,43.47
22:48:35,server_6,42.63
22:48:35,server_7,29.53
22:48:35,server_4,97.4
22:48:40,server_20,58.39
22:48:40,server_11,49.65
22:48:40,server_18,69.73
22:48:40,server_17,64.04
22:48:40,server_16,13.73
22:48:40,server_15,72.13
22:48:40,server_14,90.72
22:48:40,server_13,34.13
22:48:40,server_12,87.08
22:48:40,server_19,85.69
22:48:40,server_10,55.83
22:48:40,server_8,57.42
22:48:40,server_1,55.75
22:48:40,server_2,67.71
22:48:40,server_3,17.16
22:48:40,server_9,14.1
22:48:40,server_5,68.36
22:48:40,server_6,4.03
22:48:40,server_7,33.41
22:48:40,server_4,53.22
22:48:45,server_20,41.17
22:48:45,server_19,63.07
22:48:45,server_18,10.84
22:48:45,server_17,99.7
22:48:45,server_16,44.61
22:48:45,server_15,23.4
22:48:45,server_14,20.2
22:48:45,server_12,99.14
22:48:45,server_11,31.66
22:48:45,server_13,62.54
22:48:45,server_9,88.07
22:48:45,server_10,66.81
22:48:45,server_2,24.34
22:48:45,server_3,52.73
22:48:45,server_4,58.92
22:48:45,server_1,68.98
22:48:45,server_6,46.71
22:48:45,server_7,95.58
22:48:45,server_8,27.03
22:48:45,server_5,69.61
22:48:50,server_12,87.81
22:48:50,server_19,23.57
22:48:50,server_18,91.63
22:48:50,server_20,68.37
22:48:50,server_17,55.46
22:48:50,server_16,33.57
22:48:50,server_15,96.98
22:48:50,server_14,51.41
22:48:50,server_13,59.37
22:48:50,server_11,28.67
22:48:50,server_3,98.48
22:48:50,server_9,41.01
22:48:50,server_10,49.21
22:48:50,server_2,45.07
22:48:50,server_4,66.14
22:48:50,server_1,98.82
22:48:50,server_6,67.34
22:48:50,server_7,63.18
22:48:50,server_8,22.45
22:48:50,server_5,60.89
22:48:55,server_11,87.67
22:48:55,server_20,20.52
22:48:55,server_18,69.19
22:48:55,server_17,25.88
22:48:55,server_16,25.23
22:48:55,server_15,90.63
22:48:55,server_14,18.26
22:48:55,server_13,85.79
22:48:55,server_12,9.44
22:48:55,server_19,40.7
22:48:55,server_10,29.19
22:48:55,server_8,35.12
22:48:55,server_1,24.65
22:48:55,server_2,50.24
22:48:55,server_3,20.81
22:48:55,server_9,97.38
22:48:55,server_5,35.34
22:48:55,server_6,95.43
22:48:55,server_7,71.5
22:48:55,server_4,80.58
22:49:00,server_12,86.31
22:49:00,server_19,81.91
22:49:00,server_18,96.38
22:49:00,server_17,25.31
22:49:00,server_16,48.71
22:49:00,server_15,86.96
22:49:00,server_14,45.27
22:49:00,server_13,50.43
22:49:00,server_11,62.03
22:49:00,server_20,67.53
22:49:00,server_9,62.04
22:49:00,server_1,38.27
22:49:00,server_2,99.97
22:49:00,server_3,80.43
22:49:00,server_4,51.82
22:49:00,server_10,43.18
22:49:00,server_6,40.09
22:49:00,server_7,90.78
22:49:00,server_8,94.4
22:49:00,server_5,45.13
22:49:05,server_11,28.26
22:49:05,server_19,67.12
22:49:05,server_18,68.95
22:49:05,server_17,49.26
22:49:05,server_16,42.78
22:49:05,server_15,57.26
22:49:05,server_14,56.27
22:49:05,server_13,43.69
22:49:05,server_12,88.59
22:49:05,server_20,89.25
22:49:05,server_10,42.29
22:49:05,server_8,51.21
22:49:05,server_7,49.24
22:49:05,server_6,55.92
22:49:05,server_5,54.53
22:49:05,server_4,57.14
22:49:05,server_3,48.7
22:49:05,server_2,52.61
22:49:05,server_1,20.82
22:49:05,server_9,28.69
22:49:10,server_13,28.74
22:49:10,server_14,89.39
22:49:10,server_20,52.88
22:49:10,server_12,29.38
22:49:10,server_17,69.18
22:49:10,server_18,37.15
22:49:10,server_19,92.37
22:49:10,server_16,87.07
22:49:10,server_11,35.76
22:49:10,server_15,41.72
22:49:10,server_9,45.35
22:49:10,server_1,32.3
22:49:10,server_2,86.45
22:49:10,server_3,88.73
22:49:10,server_4,51.62
22:49:10,server_10,54.03
22:49:10,server_6,43.87
22:49:10,server_7,52.63
22:49:10,server_8,92.3
22:49:10,server_5,0.95
22:49:15,server_12,64.82
22:49:15,server_20,57.57
22:49:15,server_19,47.92
22:49:15,server_18,57.09
22:49:15,server_17,30.29
22:49:15,server_16,88.32
22:49:15,server_15,53.39
22:49:15,server_14,35.44
22:49:15,server_13,77.65
22:49:15,server_11,60.97
22:49:15,server_10,81.44
22:49:15,server_9,87.5
22:49:15,server_2,44.61
22:49:15,server_3,73.83
22:49:15,server_4,29.53
22:49:15,server_1,81.28
22:49:15,server_6,92.43
22:49:15,server_7,27.24
22:49:15,server_8,96.38
22:49:15,server_5,25.96
22:49:20,server_12,52.06
22:49:20,server_19,38.38
22:49:20,server_18,56.44
22:49:20,server_17,36.43
22:49:20,server_16,43.61
22:49:20,server_15,57.3
22:49:20,server_14,61.96
22:49:20,server_13,49.43
22:49:20,server_11,66.34
22:49:20,server_20,44.72
22:49:20,server_9,38.96
22:49:20,server_1,4.25
22:49:20,server_2,32.95
22:49:20,server_3,92.09
22:49:20,server_4,27.9
22:49:20,server_10,63.1
22:49:20,server_6,54.93
22:49:20,server_7,23.92
22:49:20,server_8,86.01
22:49:20,server_5,80.15
22:49:25,server_12,57.18
22:49:25,server_19,88.63
22:49:25,server_18,42.87
22:49:25,server_17,28.7
22:49:25,server_16,60.81
22:49:25,server_15,64.59
22:49:25,server_14,54.16
22:49:25,server_13,46.35
22:49:25,server_11,96.89
22:49:25,server_20,85.1
22:49:25,server_9,51.6
22:49:25,server_1,53.94
22:49:25,server_2,61.47
22:49:25,server_3,96.84
22:49:25,server_4,89.09
22:49:25,server_10,30.52
22:49:25,server_6,23.76
22:49:25,server_7,35.37
22:49:25,server_8,48.32
22:49:25,server_5,94.32
22:49:30,server_11,40.23
22:49:30,server_19,33.65
22:49:30,server_18,27.92
22:49:30,server_17,22.96
22:49:30,server_16,10.05
22:49:30,server_15,59.98
22:49:30,server_14,65.02
22:49:30,server_13,52.49
22:49:30,server_12,39.48
22:49:30,server_20,88.24
22:49:30,server_10,48.26
22:49:30,server_8,35.87
22:49:30,server_7,30.35
22:49:30,server_6,69.75
22:49:30,server_5,39.34
22:49:30,server_4,62.36
22:49:30,server_3,36.73
22:49:30,server_2,35.12
22:49:30,server_1,63.53
22:49:30,server_9,22.05
22:49:35,server_13,72.78
22:49:35,server_14,59.36
22:49:35,server_15,46.33
22:49:35,server_12,45.26
22:49:35,server_17,98.35
22:49:35,server_18,86.94
22:49:35,server_19,31.92
22:49:35,server_16,68.94
22:49:35,server_11,48.64
22:49:35,server_20,83.29
22:49:35,server_9,42.69
22:49:35,server_1,52.42
22:49:35,server_2,57.61
22:49:35,server_3,77.2
22:49:35,server_4,48.72
22:49:35,server_10,88.71
22:49:35,server_6,87.65
22:49:35,server_7,48.94
22:49:35,server_8,24.1
22:49:35,server_5,33.6
22:49:40,server_19,65.58
22:49:40,server_18,33.77
22:49:40,server_17,49.28
22:49:40,server_16,16.6
22:49:40,server_15,63.08
22:49:40,server_14,63.58
22:49:40,server_13,97.92
22:49:40,server_12,51.53
22:49:40,server_11,36.2
22:49:40,server_20,22.29
22:49:40,server_9,66.95
22:49:40,server_1,42.24
22:49:40,server_2,95.58
22:49:40,server_3,51.27
22:49:40,server_4,27.7
22:49:40,server_10,90.79
22:49:40,server_6,83.71
22:49:40,server_7,50.15
22:49:40,server_8,43.85
22:49:40,server_5,21.5
22:49:45,server_11,43.84
22:49:45,server_19,27.56
22:49:45,server_18,51.94
22:49:45,server_17,92.68
22:49:45,server_16,98.55
22:49:45,server_15,55.25
22:49:45,server_14,59.27
22:49:45,server_13,30.28
22:49:45,server_12,87.85
22:49:45,server_20,97.36
22:49:45,server_10,90.95
22:49:45,server_8,60.75
22:49:45,server_9,47.74
22:49:45,server_1,50.03
22:49:45,server_2,62.66
22:49:45,server_3,56.69
22:49:45,server_5,3.54
22:49:45,server_6,84.5
22:49:45,server_7,69.21
22:49:45,server_4,58.22
22:49:50,server_20,33.56
22:49:50,server_11,35.86
22:49:50,server_18,28.5
22:49:50,server_17,57.3
22:49:50,server_16,57.82
22:49:50,server_15,44.96
22:49:50,server_14,63.77
22:49:50,server_13,82.33
22:49:50,server_12,22.47
22:49:50,server_19,26.93
22:49:50,server_10,25.78
22:49:50,server_8,25.83
22:49:50,server_1,92.31
22:49:50,server_2,50.06
22:49:50,server_3,44.39
22:49:50,server_9,4.82
22:49:50,server_5,45.88
22:49:50,server_6,70.37
22:49:50,server_7,40.23
22:49:50,server_4,27.22
22:49:55,server_12,5.89
22:49:55,server_19,86.38
22:49:55,server_18,53.51
22:49:55,server_17,50.45
22:49:55,server_16,85.92
22:49:55,server_15,23.05
22:49:55,server_14,39.23
22:49:55,server_13,49.59
22:49:55,server_11,79.33
22:49:55,server_20,31.36
22:49:55,server_9,49.17
22:49:55,server_1,33.53
22:49:55,server_2,79.44
22:49:55,server_3,58.52
22:49:55,server_4,50.51
22:49:55,server_10,97.65
22:49:55,server_6,58.28
22:49:55,server_7,58.99
22:49:55,server_8,50.85
22:49:55,server_5,50.57
22:50:00,server_11,25.63
22:50:00,server_19,24.92
22:50:00,server_18,96.09
22:50:00,server_17,57.58
22:50:00,server_16,60.58
22:50:00,server_15,49.78
22:50:00,server_14,48.4
22:50:00,server_13,60.28
22:50:00,server_12,88.22
22:50:00,server_20,97.02
22:50:00,server_10,98.68
22:50:00,server_8,62.76
22:50:00,server_7,51.39
22:50:00,server_6,4.56
22:50:00,server_5,33.43
22:50:00,server_4,83.23
22:50:00,server_3,48.53
22:50:00,server_2,6.72
22:50:00,server_1,57.34
22:50:00,server_9,48.11
22:50:05,server_13,48.53
22:50:05,server_14,9.73
22:50:05,server_15,66.81
22:50:05,server_12,54.64
22:50:05,server_17,91.83
22:50:05,server_18,87.15
22:50:05,server_19,69.43
22:50:05,server_16,33.85
22:50:05,server_11,50.13
22:50:05,server_20,9.41
22:50:05,server_9,29.25
22:50:05,server_1,92.93
22:50:05,server_2,35.29
22:50:05,server_3,40.46
22:50:05,server_4,21.05
22:50:05,server_10,64.28
22:50:05,server_6,4.18
22:50:05,server_7,50.95
22:50:05,server_8,91.2
22:50:05,server_5,43.94
22:50:10,server_20,90.19
22:50:10,server_19,71.07
22:50:10,server_18,45.51
22:50:10,server_17,33.67
22:50:10,server_16,95.86
22:50:10,server_15,86.0
22:50:10,server_14,32.87
22:50:10,server_12,57.32
22:50:10,server_11,59.21
22:50:10,server_13,24.5
22:50:10,server_9,52.69
22:50:10,server_10,90.88
22:50:10,server_2,60.85
22:50:10,server_3,96.13
22:50:10,server_4,91.99
22:50:10,server_1,70.5
22:50:10,server_6,66.54
22:50:10,server_7,62.34
22:50:10,server_8,76.6
22:50:10,server_5,94.68
22:50:15,server_12,64.51
22:50:15,server_20,22.32
22:50:15,server_19,66.86
22:50:15,server_18,80.52
22:50:15,server_17,39.71
22:50:15,server_16,87.27
22:50:15,server_15,38.55
22:50:15,server_14,56.9
22:50:15,server_13,64.83
22:50:15,server_11,85.43
22:50:15,server_3,25.36
22:50:15,server_9,74.57
22:50:15,server_10,20.53
22:50:15,server_2,2.76
22:50:15,server_4,58.41
22:50:15,server_1,67.08
22:50:15,server_6,63.22
22:50:15,server_7,99.72
22:50:15,server_8,46.12
22:50:15,server_5,54.07
22:50:20,server_12,33.6
22:50:20,server_19,25.38
22:50:20,server_18,46.68
22:50:20,server_17,42.15
22:50:20,server_16,30.25
22:50:20,server_15,39.57
22:50:20,server_14,40.12
22:50:20,server_20,32.23
22:50:20,server_11,56.02
22:50:20,server_13,19.44
22:50:20,server_9,60.48
22:50:20,server_1,66.2
22:50:20,server_2,95.02
22:50:20,server_3,24.77
22:50:20,server_4,86.97
22:50:20,server_10,69.3
22:50:20,server_6,62.25
22:50:20,server_7,88.89
22:50:20,server_8,42.0
22:50:20,server_5,80.84
22:50:25,server_19,87.97
22:50:25,server_18,26.68
22:50:25,server_17,30.03
22:50:25,server_16,90.85
22:50:25,server_15,61.5
22:50:25,server_14,90.14
22:50:25,server_13,44.43
22:50:25,server_12,31.83
22:50:25,server_11,57.07
22:50:25,server_20,94.22
22:50:25,server_9,78.15
22:50:25,server_1,22.54
22:50:25,server_2,58.18
22:50:25,server_3,32.85
22:50:25,server_4,32.21
22:50:25,server_10,18.12
22:50:25,server_6,90.06
22:50:25,server_7,87.78
22:50:25,server_8,47.6
22:50:25,server_5,64.68
22:50:30,server_11,36.48
22:50:30,server_19,22.22
22:50:30,server_18,63.17
22:50:30,server_17,21.42
22:50:30,server_16,6.59
22:50:30,server_15,97.05
22:50:30,server_14,97.95
22:50:30,server_13,99.54
22:50:30,server_12,62.05
22:50:30,server_20,64.77
22:50:30,server_10,62.16
22:50:30,server_8,23.61
22:50:30,server_9,85.01
22:50:30,server_1,69.63
22:50:30,server_2,64.68
22:50:30,server_3,43.49
22:50:30,server_5,23.65
22:50:30,server_6,31.47
22:50:30,server_7,23.64
22:50:30,server_4,26.25
22:50:35,server_20,26.36
22:50:35,server_11,62.42
22:50:35,server_18,60.93
22:50:35,server_17,79.8
22:50:35,server_16,82.68
22:50:35,server_15,57.68
22:50:35,server_14,30.51
22:50:35,server_13,3.88
22:50:35,server_12,66.26
22:50:35,server_19,45.41
22:50:35,server_10,67.22
22:50:35,server_8,98.14
22:50:35,server_1,23.63
22:50:35,server_2,80.61
22:50:35,server_3,41.98
22:50:35,server_9,44.25
22:50:35,server_5,26.87
22:50:35,server_6,1.92
22:50:35,server_7,22.15
22:50:35,server_4,87.85
22:50:40,server_19,58.45
22:50:40,server_18,81.35
22:50:40,server_17,27.07
22:50:40,server_16,93.33
22:50:40,server_15,7.95
22:50:40,server_14,87.07
22:50:40,server_13,36.26
22:50:40,server_12,7.52
22:50:40,server_11,55.81
22:50:40,server_20,28.58
22:50:40,server_9,58.68
22:50:40,server_1,24.62
22:50:40,server_2,90.58
22:50:40,server_3,23.8
22:50:40,server_4,21.24
22:50:40,server_10,29.74
22:50:40,server_6,31.0
22:50:40,server_7,37.05
22:50:40,server_8,64.26
22:50:40,server_5,37.0
22:50:45,server_11,42.29
22:50:45,server_19,21.74
22:50:45,server_18,21.22
22:50:45,server_17,44.16
22:50:45,server_16,79.97
22:50:45,server_15,55.63
22:50:45,server_14,55.59
22:50:45,server_13,62.31
22:50:45,server_12,47.19
22:50:45,server_20,42.39
22:50:45,server_10,77.69
22:50:45,server_8,94.23
22:50:45,server_9,63.78
22:50:45,server_1,29.22
22:50:45,server_2,44.73
22:50:45,server_3,47.2
22:50:45,server_5,28.0
22:50:45,server_6,46.4
22:50:45,server_7,57.42
22:50:45,server_4,4.47
22:50:50,server_20,94.83
22:50:50,server_19,9.58
22:50:50,server_18,28.5
22:50:50,server_17,61.01
22:50:50,server_16,7.76
22:50:50,server_15,48.93
22:50:50,server_14,35.11
22:50:50,server_13,21.06
22:50:50,server_12,89.53
22:50:50,server_11,82.18
22:50:50,server_9,51.16
22:50:50,server_1,23.2
22:50:50,server_2,28.11
22:50:50,server_3,42.22
22:50:50,server_4,31.36
22:50:50,server_10,93.71
22:50:50,server_6,41.87
22:50:50,server_7,92.92
22:50:50,server_8,20.27
22:50:50,server_5,26.49
22:50:55,server_12,49.04
22:50:55,server_19,38.37
22:50:55,server_18,58.48
22:50:55,server_17,74.83
22:50:55,server_16,26.0
22:50:55,server_15,78.58
22:50:55,server_14,25.38
22:50:55,server_13,97.82
22:50:55,server_11,51.95
22:50:55,server_20,83.18
22:50:55,server_9,67.27
22:50:55,server_1,20.85
22:50:55,server_2,64.69
22:50:55,server_3,56.13
22:50:55,server_4,27.48
22:50:55,server_10,29.29
22:50:55,server_6,61.58
22:50:55,server_7,30.24
22:50:55,server_8,22.59
22:50:55,server_5,27.79
22:51:00,server_11,31.55
22:51:00,server_19,43.69
22:51:00,server_18,56.39
22:51:00,server_17,51.91
22:51:00,server_16,60.62
22:51:00,server_15,26.69
22:51:00,server_14,78.52
22:51:00,server_13,22.2
22:51:00,server_12,62.77
22:51:00,server_20,90.98
22:51:00,server_10,91.91
22:51:00,server_8,54.74
22:51:00,server_7,27.11
22:51:00,server_6,86.71
22:51:00,server_5,23.8
22:51:00,server_4,81.13
22:51:00,server_3,60.9
22:51:00,server_2,32.71
22:51:00,server_1,52.77
22:51:00,server_9,19.29
22:51:05,server_13,32.62
22:51:05,server_14,90.95
22:51:05,server_15,63.32
22:51:05,server_20,18.87
22:51:05,server_19,45.3
22:51:05,server_17,57.63
22:51:05,server_18,70.61
22:51:05,server_12,50.62
22:51:05,server_16,64.5
22:51:05,server_11,68.04
22:51:05,server_5,78.32
22:51:05,server_9,5.31
22:51:05,server_8,27.02
22:51:05,server_7,91.48
22:51:05,server_6,40.3
22:51:05,server_4,47.08
22:51:05,server_3,29.59
22:51:05,server_2,21.42
22:51:05,server_1,59.42
22:51:05,server_10,60.87
22:51:10,server_13,21.83
22:51:10,server_14,58.3
22:51:10,server_15,39.9
22:51:10,server_16,60.95
22:51:10,server_20,60.54
22:51:10,server_18,47.82
22:51:10,server_19,91.38
22:51:10,server_12,58.68
22:51:10,server_17,53.43
22:51:10,server_11,32.58
22:51:10,server_10,33.92
22:51:10,server_9,42.75
22:51:10,server_2,16.53
22:51:10,server_3,33.8
22:51:10,server_4,6.56
22:51:10,server_1,97.96
22:51:10,server_6,93.92
22:51:10,server_7,31.85
22:51:10,server_8,80.59
22:51:10,server_5,93.3
22:51:15,server_12,64.76
22:51:15,server_19,85.76
22:51:15,server_18,73.64
22:51:15,server_17,58.93
22:51:15,server_16,27.35
22:51:15,server_15,36.67
22:51:15,server_14,17.61
22:51:15,server_13,93.0
22:51:15,server_11,59.78
22:51:15,server_20,98.61
22:51:15,server_9,22.39
22:51:15,server_1,35.56
22:51:15,server_2,62.6
22:51:15,server_3,49.1
22:51:15,server_4,34.37
22:51:15,server_10,32.06
22:51:15,server_6,25.33
22:51:15,server_7,12.98
22:51:15,server_8,63.01
22:51:15,server_5,93.26
22:51:20,server_12,27.69
22:51:20,server_19,96.95
22:51:20,server_18,44.13
22:51:20,server_17,54.18
22:51:20,server_16,24.61
22:51:20,server_15,62.65
22:51:20,server_14,33.14
22:51:20,server_13,70.42
22:51:20,server_11,83.18
22:51:20,server_20,77.63
22:51:20,server_9,18.73
22:51:20,server_1,36.88
22:51:20,server_2,95.32
22:51:20,server_3,25.42
22:51:20,server_4,69.67
22:51:20,server_10,25.97
22:51:20,server_6,97.26
22:51:20,server_7,17.13
22:51:20,server_8,91.99
22:51:20,server_5,25.45
22:51:25,server_11,65.81
22:51:25,server_19,60.24
22:51:25,server_18,96.51
22:51:25,server_17,53.53
22:51:25,server_16,34.83
22:51:25,server_15,29.48
22:51:25,server_14,27.23
22:51:25,server_13,85.72
22:51:25,server_12,35.23
22:51:25,server_20,36.63
22:51:25,server_10,9.47
22:51:25,server_8,41.38
22:51:25,server_7,52.04
22:51:25,server_6,59.08
22:51:25,server_5,6.68
22:51:25,server_4,29.24
22:51:25,server_3,81.0
22:51:25,server_2,56.17
22:51:25,server_1,37.47
22:51:25,server_9,64.45
22:51:30,server_13,55.34
22:51:30,server_14,67.65
22:51:30,server_15,77.98
22:51:30,server_12,47.1
22:51:30,server_17,90.18
22:51:30,server_18,11.3
22:51:30,server_19,0.98
22:51:30,server_16,53.36
22:51:30,server_11,7.21
22:51:30,server_20,46.13
22:51:30,server_9,47.54
22:51:30,server_1,82.66
22:51:30,server_2,43.35
22:51:30,server_3,50.23
22:51:30,server_4,39.23
22:51:30,server_10,52.19
22:51:30,server_6,21.04
22:51:30,server_7,28.63
22:51:30,server_8,54.64
22:51:30,server_5,20.46
22:51:35,server_19,89.01
22:51:35,server_18,20.6
22:51:35,server_17,31.81
22:51:35,server_16,32.49
22:51:35,server_15,35.75
22:51:35,server_14,64.22
22:51:35,server_13,15.25
22:51:35,server_12,29.05
22:51:35,server_11,37.89
22:51:35,server_20,50.8
22:51:35,server_9,48.55
22:51:35,server_1,44.72
22:51:35,server_2,15.3
22:51:35,server_3,43.85
22:51:35,server_4,40.6
22:51:35,server_10,41.28
22:51:35,server_6,59.49
22:51:35,server_7,68.27
22:51:35,server_8,58.98
22:51:35,server_5,43.94
22:51:40,server_11,69.58
22:51:40,server_19,62.29
22:51:40,server_18,62.55
22:51:40,server_17,86.74
22:51:40,server_16,55.08
22:51:40,server_15,26.26
22:51:40,server_14,58.44
22:51:40,server_13,47.56
22:51:40,server_12,21.63
22:51:40,server_20,32.26
22:51:40,server_10,26.72
22:51:40,server_8,15.89
22:51:40,server_9,25.82
22:51:40,server_1,39.4
22:51:40,server_2,95.78
22:51:40,server_3,96.98
22:51:40,server_5,29.86
22:51:40,server_6,45.52
22:51:40,server_7,91.68
22:51:40,server_4,52.02
22:51:45,server_20,74.62
22:51:45,server_11,49.98
22:51:45,server_18,51.75
22:51:45,server_17,43.27
22:51:45,server_16,88.56
22:51:45,server_15,41.09
22:51:45,server_14,39.3
22:51:45,server_13,58.32
22:51:45,server_12,17.05
22:51:45,server_19,99.88
22:51:45,server_10,47.89
22:51:45,server_8,93.26
22:51:45,server_1,25.78
22:51:45,server_2,33.25
22:51:45,server_3,45.19
22:51:45,server_9,24.73
22:51:45,server_5,48.61
22:51:45,server_6,97.55
22:51:45,server_7,47.16
22:51:45,server_4,61.56
22:51:50,server_12,98.23
22:51:50,server_19,86.34
22:51:50,server_18,23.07
22:51:50,server_17,42.86
22:51:50,server_16,9.89
22:51:50,server_15,37.81
22:51:50,server_14,53.85
22:51:50,server_13,67.37
22:51:50,server_11,69.16
22:51:50,server_20,91.52
22:51:50,server_9,60.03
22:51:50,server_1,23.06
22:51:50,server_2,27.97
22:51:50,server_3,66.02
22:51:50,server_4,74.71
22:51:50,server_10,65.75
22:51:50,server_6,69.11
22:51:50,server_7,92.45
22:51:50,server_8,10.97
22:51:50,server_5,45.56
22:51:55,server_11,41.49
22:51:55,server_19,48.39
22:51:55,server_18,83.1
22:51:55,server_17,54.68
22:51:55,server_16,35.97
22:51:55,server_15,94.17
22:51:55,server_14,27.23
22:51:55,server_13,38.66
22:51:55,server_12,22.63
22:51:55,server_20,46.06
22:51:55,server_10,84.81
22:51:55,server_8,28.39
22:51:55,server_7,67.33
22:51:55,server_6,71.53
22:51:55,server_5,32.41
22:51:55,server_4,60.61
22:51:55,server_3,39.45
22:51:55,server_2,38.62
22:51:55,server_1,45.81
22:51:55,server_9,80.69
22:52:00,server_13,60.79
22:52:00,server_14,51.21
22:52:00,server_15,26.9
22:52:00,server_12,93.82
22:52:00,server_17,51.45
22:52:00,server_18,85.3
22:52:00,server_19,48.57
22:52:00,server_20,47.93
22:52:00,server_11,46.06
22:52:00,server_16,86.22
22:52:00,server_9,41.88
22:52:00,server_1,85.65
22:52:00,server_2,66.36
22:52:00,server_3,28.39
22:52:00,server_4,29.36
22:52:00,server_10,17.58
22:52:00,server_6,42.6
22:52:00,server_7,62.12
22:52:00,server_8,85.06
22:52:00,server_5,39.55
22:52:05,server_12,47.3
22:52:05,server_19,26.79
22:52:05,server_18,27.79
22:52:05,server_17,42.09
22:52:05,server_16,40.42
22:52:05,server_15,92.84
22:52:05,server_14,35.84
22:52:05,server_13,99.92
22:52:05,server_11,49.07
22:52:05,server_20,50.14
22:52:05,server_9,30.56
22:52:05,server_1,25.72
22:52:05,server_2,60.9
22:52:05,server_3,38.78
22:52:05,server_4,53.11
22:52:05,server_10,64.24
22:52:05,server_6,89.39
22:52:05,server_7,74.79
22:52:05,server_8,7.74
22:52:05,server_5,28.88
22:52:10,server_11,84.74
22:52:10,server_19,33.31
22:52:10,server_18,84.06
22:52:10,server_17,51.98
22:52:10,server_16,96.47
22:52:10,server_15,37.33
22:52:10,server_14,70.89
22:52:10,server_13,30.79
22:52:10,server_12,20.67
22:52:10,server_20,43.65
22:52:10,server_10,1.7
22:52:10,server_8,95.36
22:52:10,server_7,58.69
22:52:10,server_6,99.14
22:52:10,server_5,49.23
22:52:10,server_4,23.64
22:52:10,server_3,96.31
22:52:10,server_2,23.8
22:52:10,server_1,77.15
22:52:10,server_9,62.29
22:52:15,server_13,48.16
22:52:15,server_14,3.91
22:52:15,server_15,53.45
22:52:15,server_16,26.35
22:52:15,server_20,89.18
22:52:15,server_18,4.03
22:52:15,server_19,45.65
22:52:15,server_12,58.32
22:52:15,server_17,66.99
22:52:15,server_11,30.79
22:52:15,server_10,29.74
22:52:15,server_9,72.13
22:52:15,server_2,20.58
22:52:15,server_3,25.61
22:52:15,server_4,30.55
22:52:15,server_1,95.02
22:52:15,server_6,61.09
22:52:15,server_7,86.35
22:52:15,server_8,65.03
22:52:15,server_5,45.8
22:52:20,server_13,62.08
22:52:20,server_20,53.76
22:52:20,server_19,16.1
22:52:20,server_18,31.7
22:52:20,server_17,39.94
22:52:20,server_16,48.12
22:52:20,server_15,2.27
22:52:20,server_14,68.01
22:52:20,server_12,24.72
22:52:20,server_11,35.64
22:52:20,server_1,90.27
22:52:20,server_9,58.65
22:52:20,server_8,21.75
22:52:20,server_7,55.01
22:52:20,server_6,61.01
22:52:20,server_5,51.05
22:52:20,server_4,60.59
22:52:20,server_3,55.21
22:52:20,server_2,35.97
22:52:20,server_10,52.61
22:52:25,server_13,62.26
22:52:25,server_14,97.08
22:52:25,server_15,58.61
22:52:25,server_16,58.83
22:52:25,server_12,94.54
22:52:25,server_18,58.5
22:52:25,server_19,34.0
22:52:25,server_20,44.05
22:52:25,server_17,67.14
22:52:25,server_11,93.7
22:52:25,server_1,63.78
22:52:25,server_9,20.46
22:52:25,server_8,51.75
22:52:25,server_7,47.22
22:52:25,server_6,40.38
22:52:25,server_5,68.66
22:52:25,server_4,48.71
22:52:25,server_3,46.24
22:52:25,server_2,61.72
22:52:25,server_10,22.29
22:52:30,server_13,63.1
22:52:30,server_14,47.41
22:52:30,server_15,66.94
22:52:30,server_20,76.77
22:52:30,server_19,68.11
22:52:30,server_17,66.62
22:52:30,server_18,30.17
22:52:30,server_12,60.74
22:52:30,server_16,41.18
22:52:30,server_11,87.24
22:52:30,server_5,35.78
22:52:30,server_9,38.1
22:52:30,server_1,48.3
22:52:30,server_2,95.1
22:52:30,server_3,29.82
22:52:30,server_10,88.25
22:52:30,server_6,61.67
22:52:30,server_7,71.61
22:52:30,server_8,98.73
22:52:30,server_4,54.04
22:52:35,server_13,73.67
22:52:35,server_20,40.92
22:52:35,server_19,49.54
22:52:35,server_18,52.38
22:52:35,server_17,67.29
22:52:35,server_16,86.97
22:52:35,server_15,91.59
22:52:35,server_14,42.63
22:52:35,server_12,53.14
22:52:35,server_11,65.35
22:52:35,server_1,91.39
22:52:35,server_9,48.41
22:52:35,server_8,42.12
22:52:35,server_7,45.27
22:52:35,server_6,55.33
22:52:35,server_5,34.8
22:52:35,server_4,5.86
22:52:35,server_3,68.82
22:52:35,server_2,91.98
22:52:35,server_10,44.6
22:52:40,server_13,69.34
22:52:40,server_14,38.73
22:52:40,server_15,44.51
22:52:40,server_16,52.27
22:52:40,server_12,20.1
22:52:40,server_18,20.3
22:52:40,server_19,90.06
22:52:40,server_20,97.55
22:52:40,server_17,22.37
22:52:40,server_11,38.63
22:52:40,server_1,21.87
22:52:40,server_9,54.54
22:52:40,server_8,69.71
22:52:40,server_7,66.93
22:52:40,server_6,90.58
22:52:40,server_5,47.6
22:52:40,server_4,86.75
22:52:40,server_3,49.86
22:52:40,server_2,90.7
22:52:40,server_10,62.28
22:52:45,server_13,10.6
22:52:45,server_14,16.39
22:52:45,server_20,91.39
22:52:45,server_15,33.41
22:52:45,server_19,85.97
22:52:45,server_17,43.58
22:52:45,server_18,22.15
22:52:45,server_12,55.94
22:52:45,server_16,54.58
22:52:45,server_11,61.44
22:52:45,server_6,68.87
22:52:45,server_9,46.11
22:52:45,server_8,41.22
22:52:45,server_7,15.01
22:52:45,server_5,67.72
22:52:45,server_4,16.9
22:52:45,server_3,89.48
22:52:45,server_2,43.08
22:52:45,server_1,65.6
22:52:45,server_10,18.97
22:52:50,server_13,37.74
22:52:50,server_14,37.95
22:52:50,server_15,68.0
22:52:50,server_20,30.99
22:52:50,server_18,68.18
22:52:50,server_19,99.03
22:52:50,server_12,29.67
22:52:50,server_17,36.74
22:52:50,server_11,55.95
22:52:50,server_16,26.4
22:52:50,server_9,69.39
22:52:50,server_8,65.78
22:52:50,server_7,22.45
22:52:50,server_6,66.11
22:52:50,server_5,25.05
22:52:50,server_4,17.35
22:52:50,server_3,41.09
22:52:50,server_2,56.31
22:52:50,server_1,85.29
22:52:50,server_10,45.17
22:52:55,server_12,95.32
22:52:55,server_13,35.49
22:52:55,server_14,28.86
22:52:55,server_18,81.77
22:52:55,server_16,10.04
22:52:55,server_17,55.64
22:52:55,server_11,68.49
22:52:55,server_15,45.61
22:52:55,server_10,49.81
22:52:55,server_5,10.75
22:52:55,server_8,99.0
22:52:55,server_7,50.19
22:52:55,server_6,93.26
22:52:55,server_4,54.0
22:52:55,server_3,32.68
22:52:55,server_2,57.46
22:52:55,server_1,59.7
22:52:55,server_19,94.3
22:52:55,server_9,47.92
22:52:55,server_20,68.14
