ts,server_id,disk_io
20:53:00,server_1,27.34
20:53:00,server_20,46.75
20:53:00,server_19,93.71
20:53:00,server_18,24.71
20:53:00,server_17,5174.15
20:53:00,server_16,47.5
20:53:00,server_14,44.81
20:53:00,server_13,79.13
20:53:00,server_12,114.01
20:53:00,server_11,0.0
20:53:00,server_15,37.7
20:53:00,server_9,5007.58
20:53:00,server_8,54.27
20:53:00,server_7,5490.29
20:53:00,server_6,31.09
20:53:00,server_5,53.38
20:53:00,server_4,29.31
20:53:00,server_3,43.44
20:53:00,server_2,65.28
20:53:00,server_10,121.62
20:53:05,server_13,1677.53
20:53:05,server_14,59.14
20:53:05,server_15,26.95
20:53:05,server_16,1592.85
20:53:05,server_20,7054.87
20:53:05,server_18,25.2
20:53:05,server_19,0.0
20:53:05,server_12,569.57
20:53:05,server_17,1335.89
20:53:05,server_11,1528.29
20:53:05,server_5,12.8
20:53:05,server_9,0.0
20:53:05,server_10,154.25
20:53:05,server_2,48.23
20:53:05,server_3,0.0
20:53:05,server_4,24.58
20:53:05,server_1,114.74
20:53:05,server_6,76.78
20:53:05,server_7,93.85
20:53:05,server_8,5150.99
20:53:10,server_20,110.96
20:53:10,server_19,8739.67
20:53:10,server_18,74.31
20:53:10,server_17,64.1
20:53:10,server_16,73.89
20:53:10,server_14,40.82
20:53:10,server_13,82.08
20:53:10,server_12,1664.72
20:53:10,server_11,8642.56
20:53:10,server_15,3423.41
20:53:10,server_9,76.41
20:53:10,server_2,106.35
20:53:10,server_3,0.0
20:53:10,server_4,11.85
20:53:10,server_5,214.11
20:53:10,server_1,55.54
20:53:10,server_6,159.1
20:53:10,server_7,14.08
20:53:10,server_8,87.97
20:53:10,server_10,34.3
20:53:15,server_12,139.12
20:53:15,server_19,0.0
20:53:15,server_18,66.12
20:53:15,server_17,92.41
20:53:15,server_16,31.82
20:53:15,server_15,56.96
20:53:15,server_14,4218.5
20:53:15,server_13,9121.31
20:53:15,server_11,57.85
20:53:15,server_20,0.0
20:53:15,server_9,10.4
20:53:15,server_1,3476.91
20:53:15,server_2,673.93
20:53:15,server_3,152.56
20:53:15,server_4,41.69
20:53:15,server_10,59.68
20:53:15,server_6,193.28
20:53:15,server_7,22.32
20:53:15,server_8,55.15
20:53:15,server_5,81.83
20:53:20,server_11,54.02
20:53:20,server_19,7.75
20:53:20,server_18,25.95
20:53:20,server_17,1318.4
20:53:20,server_16,69.45
20:53:20,server_15,6872.65
20:53:20,server_14,29.22
20:53:20,server_13,1466.66
20:53:20,server_12,6.31
20:53:20,server_20,78.02
20:53:20,server_10,0.0
20:53:20,server_8,75.13
20:53:20,server_7,79.16
20:53:20,server_6,169.8
20:53:20,server_5,94.37
20:53:20,server_4,97.55
20:53:20,server_3,91.2
20:53:20,server_2,158.39
20:53:20,server_1,747.8
20:53:20,server_9,3626.92
20:53:25,server_13,53.33
20:53:25,server_14,6.64
20:53:25,server_16,6004.68
20:53:25,server_12,0.93
20:53:25,server_18,5012.67
20:53:25,server_19,0.0
20:53:25,server_20,1.43
20:53:25,server_17,63.29
20:53:25,server_11,7723.88
20:53:25,server_15,49.56
20:53:25,server_9,5898.82
20:53:25,server_1,88.99
20:53:25,server_2,58.92
20:53:25,server_3,29.53
20:53:25,server_4,52.91
20:53:25,server_10,688.44
20:53:25,server_6,7265.78
20:53:25,server_7,595.73
20:53:25,server_8,949.37
20:53:25,server_5,183.29
20:53:30,server_20,150.41
20:53:30,server_19,0.0
20:53:30,server_18,7364.69
20:53:30,server_17,161.35
20:53:30,server_16,28.69
20:53:30,server_15,162.97
20:53:30,server_14,0.0
20:53:30,server_12,81.23
20:53:30,server_11,62.36
20:53:30,server_13,0.0
20:53:30,server_9,0.0
20:53:30,server_8,77.11
20:53:30,server_7,109.14
20:53:30,server_6,17.38
20:53:30,server_5,74.18
20:53:30,server_4,89.91
20:53:30,server_3,100.15
20:53:30,server_2,161.31
20:53:30,server_10,129.86
20:53:30,server_1,56.49
20:53:35,server_13,47.97
20:53:35,server_14,1346.03
20:53:35,server_15,1753.95
20:53:35,server_16,63.81
20:53:35,server_20,966.61
20:53:35,server_18,91.87
20:53:35,server_19,113.98
20:53:35,server_12,1611.21
20:53:35,server_17,86.55
20:53:35,server_11,140.48
20:53:35,server_3,51.27
20:53:35,server_9,62.12
20:53:35,server_8,27.77
20:53:35,server_7,27.4
20:53:35,server_6,35.98
20:53:35,server_5,33.07
20:53:35,server_4,3592.47
20:53:35,server_2,7489.48
20:53:35,server_1,3761.91
20:53:35,server_10,997.9
20:53:40,server_12,78.28
20:53:40,server_13,139.21
20:53:40,server_14,1669.36
20:53:40,server_15,135.15
20:53:40,server_19,3453.8
20:53:40,server_17,24.46
20:53:40,server_18,83.48
20:53:40,server_11,0.0
20:53:40,server_16,105.3
20:53:40,server_20,127.29
20:53:40,server_10,61.09
20:53:40,server_8,80.37
20:53:40,server_1,58.81
20:53:40,server_2,0.0
20:53:40,server_3,23.4
20:53:40,server_9,0.0
20:53:40,server_5,159.67
20:53:40,server_6,44.39
20:53:40,server_7,16.32
20:53:40,server_4,19.2
20:53:45,server_13,4317.36
20:53:45,server_20,0.85
20:53:45,server_19,5257.33
20:53:45,server_18,50.9
20:53:45,server_17,82.66
20:53:45,server_16,15.69
20:53:45,server_15,7528.88
20:53:45,server_14,49.38
20:53:45,server_12,1833.12
20:53:45,server_11,36.65
20:53:45,server_1,159.42
20:53:45,server_9,617.89
20:53:45,server_8,59.4
20:53:45,server_7,1936.98
20:53:45,server_6,19.44
20:53:45,server_5,88.19
20:53:45,server_4,10.83
20:53:45,server_3,68.29
20:53:45,server_2,9.6
20:53:45,server_10,1124.03
20:53:50,server_13,1245.68
20:53:50,server_14,59.32
20:53:50,server_15,47.2
20:53:50,server_16,37.32
20:53:50,server_12,6270.69
20:53:50,server_18,130.26
20:53:50,server_19,71.69
20:53:50,server_20,116.55
20:53:50,server_17,30.86
20:53:50,server_11,79.03
20:53:50,server_1,38.09
20:53:50,server_9,95.25
20:53:50,server_8,35.55
20:53:50,server_7,79.5
20:53:50,server_6,3794.29
20:53:50,server_5,1.25
20:53:50,server_4,100.23
20:53:50,server_3,0.0
20:53:50,server_2,66.69
20:53:50,server_10,0.0
20:53:55,server_13,25.6
20:53:55,server_14,8969.38
20:53:55,server_15,55.07
20:53:55,server_16,8.36
20:53:55,server_20,80.11
20:53:55,server_18,79.46
20:53:55,server_19,7256.53
20:53:55,server_12,59.2
20:53:55,server_17,564.96
20:53:55,server_11,104.24
20:53:55,server_5,107.69
20:53:55,server_9,23.08
20:53:55,server_2,857.97
20:53:55,server_3,0.0
20:53:55,server_4,0.0
20:53:55,server_1,50.14
20:53:55,server_6,177.53
20:53:55,server_7,0.0
20:53:55,server_8,9109.41
20:53:55,server_10,47.1
20:54:00,server_12,61.59
20:54:00,server_19,8513.89
20:54:00,server_18,767.62
20:54:00,server_17,90.71
20:54:00,server_16,0.0
20:54:00,server_15,1601.35
20:54:00,server_14,4331.86
20:54:00,server_13,1063.25
20:54:00,server_11,44.77
20:54:00,server_20,93.18
20:54:00,server_9,27.14
20:54:00,server_1,100.83
20:54:00,server_2,66.99
20:54:00,server_3,148.47
20:54:00,server_4,4965.77
20:54:00,server_10,35.96
20:54:00,server_6,45.91
20:54:00,server_7,33.83
20:54:00,server_8,58.33
20:54:00,server_5,73.86
20:54:05,server_11,24.33
20:54:05,server_19,42.22
20:54:05,server_18,81.97
20:54:05,server_17,74.94
20:54:05,server_16,111.29
20:54:05,server_15,98.83
20:54:05,server_14,49.98
20:54:05,server_13,6.09
20:54:05,server_12,0.0
20:54:05,server_20,21.72
20:54:05,server_10,101.83
20:54:05,server_8,43.75
20:54:05,server_7,69.78
20:54:05,server_6,71.07
20:54:05,server_5,83.37
20:54:05,server_4,166.27
20:54:05,server_3,106.89
20:54:05,server_2,197.88
20:54:05,server_1,41.29
20:54:05,server_9,117.28
20:54:10,server_14,3.99
20:54:10,server_15,92.59
20:54:10,server_16,571.1
20:54:10,server_13,171.64
20:54:10,server_18,139.58
20:54:10,server_19,82.76
20:54:10,server_20,65.37
20:54:10,server_17,50.04
20:54:10,server_12,7268.99
20:54:10,server_11,7609.04
20:54:10,server_1,3.88
20:54:10,server_9,142.8
20:54:10,server_8,6242.41
20:54:10,server_7,4784.42
20:54:10,server_6,39.74
20:54:10,server_5,92.74
20:54:10,server_4,50.56
20:54:10,server_3,86.93
20:54:10,server_2,95.98
20:54:10,server_10,1317.11
20:54:15,server_13,7.61
20:54:15,server_14,7958.76
20:54:15,server_15,62.97
20:54:15,server_20,116.29
20:54:15,server_18,5789.43
20:54:15,server_19,187.43
20:54:15,server_12,1087.99
20:54:15,server_16,78.47
20:54:15,server_11,84.34
20:54:15,server_17,1636.13
20:54:15,server_9,1604.88
20:54:15,server_10,153.74
20:54:15,server_2,0.0
20:54:15,server_3,50.88
20:54:15,server_4,1.15
20:54:15,server_1,127.32
20:54:15,server_6,0.0
20:54:15,server_7,1738.76
20:54:15,server_8,1202.63
20:54:15,server_5,23.33
20:54:20,server_20,9.98
20:54:20,server_12,16.9
20:54:20,server_19,0.0
20:54:20,server_18,170.14
20:54:20,server_17,85.69
20:54:20,server_16,44.79
20:54:20,server_15,57.09
20:54:20,server_14,16.26
20:54:20,server_13,122.64
20:54:20,server_11,0.0
20:54:20,server_7,132.61
20:54:20,server_9,34.25
20:54:20,server_8,106.25
20:54:20,server_6,0.0
20:54:20,server_5,26.18
20:54:20,server_4,188.06
20:54:20,server_3,99.61
20:54:20,server_2,118.95
20:54:20,server_1,19.94
20:54:20,server_10,131.29
20:54:25,server_15,7.05
20:54:25,server_13,7841.43
20:54:25,server_14,30.84
20:54:25,server_16,33.05
20:54:25,server_12,6.95
20:54:25,server_18,48.05
20:54:25,server_19,164.48
20:54:25,server_20,38.23
20:54:25,server_17,0.0
20:54:25,server_11,60.73
20:54:25,server_1,140.69
20:54:25,server_9,69.21
20:54:25,server_2,0.0
20:54:25,server_3,10.78
20:54:25,server_4,1224.77
20:54:25,server_10,90.29
20:54:25,server_6,136.71
20:54:25,server_7,1386.76
20:54:25,server_8,49.12
20:54:25,server_5,59.7
20:54:30,server_13,124.96
20:54:30,server_20,5356.31
20:54:30,server_19,99.22
20:54:30,server_18,145.69
20:54:30,server_17,0.0
20:54:30,server_16,0.0
20:54:30,server_15,4296.32
20:54:30,server_14,38.08
20:54:30,server_12,0.0
20:54:30,server_11,5857.84
20:54:30,server_1,4198.33
20:54:30,server_9,0.0
20:54:30,server_8,121.49
20:54:30,server_7,36.12
20:54:30,server_6,138.9
20:54:30,server_5,103.44
20:54:30,server_4,145.94
20:54:30,server_3,0.37
20:54:30,server_2,60.92
20:54:30,server_10,61.19
20:54:35,server_13,100.79
20:54:35,server_14,0.69
20:54:35,server_15,0.0
20:54:35,server_16,0.0
20:54:35,server_12,839.61
20:54:35,server_18,46.46
20:54:35,server_19,25.6
20:54:35,server_20,76.28
20:54:35,server_17,1578.41
20:54:35,server_11,66.22
20:54:35,server_1,49.37
20:54:35,server_9,0.0
20:54:35,server_8,0.0
20:54:35,server_7,166.63
20:54:35,server_6,50.01
20:54:35,server_5,0.0
20:54:35,server_4,41.7
20:54:35,server_3,138.6
20:54:35,server_2,187.63
20:54:35,server_10,109.14
20:54:40,server_13,0.0
20:54:40,server_14,5035.1
20:54:40,server_15,36.23
20:54:40,server_16,46.5
20:54:40,server_20,115.17
20:54:40,server_18,99.46
20:54:40,server_19,63.94
20:54:40,server_12,3.1
20:54:40,server_17,70.01
20:54:40,server_11,1276.29
20:54:40,server_1,100.25
20:54:40,server_9,0.0
20:54:40,server_2,78.37
20:54:40,server_3,47.4
20:54:40,server_4,127.18
20:54:40,server_10,106.42
20:54:40,server_6,70.86
20:54:40,server_7,220.23
20:54:40,server_8,1283.31
20:54:40,server_5,149.8
20:54:45,server_12,9343.97
20:54:45,server_19,85.68
20:54:45,server_18,86.13
20:54:45,server_17,24.01
20:54:45,server_16,7199.97
20:54:45,server_15,120.88
20:54:45,server_14,127.58
20:54:45,server_13,59.35
20:54:45,server_20,93.56
20:54:45,server_11,49.49
20:54:45,server_9,45.8
20:54:45,server_8,28.58
20:54:45,server_7,0.0
20:54:45,server_6,62.57
20:54:45,server_5,25.76
20:54:45,server_4,20.42
20:54:45,server_3,72.8
20:54:45,server_2,6141.01
20:54:45,server_1,118.72
20:54:45,server_10,33.69
20:54:50,server_13,3405.28
20:54:50,server_14,100.52
20:54:50,server_15,999.8
20:54:50,server_16,1288.36
20:54:50,server_12,65.51
20:54:50,server_18,84.84
20:54:50,server_19,9397.7
20:54:50,server_20,189.46
20:54:50,server_17,110.55
20:54:50,server_11,62.13
20:54:50,server_5,55.5
20:54:50,server_9,29.81
20:54:50,server_1,102.29
20:54:50,server_2,2.48
20:54:50,server_3,0.0
20:54:50,server_4,48.6
20:54:50,server_10,1573.5
20:54:50,server_6,0.0
20:54:50,server_7,120.73
20:54:50,server_8,63.76
20:54:55,server_20,1878.39
20:54:55,server_19,3052.73
20:54:55,server_18,51.84
20:54:55,server_17,67.2
20:54:55,server_16,69.26
20:54:55,server_15,71.27
20:54:55,server_13,91.0
20:54:55,server_12,7944.06
20:54:55,server_11,54.54
20:54:55,server_14,0.0
20:54:55,server_9,46.52
20:54:55,server_10,1340.11
20:54:55,server_2,58.94
20:54:55,server_3,121.72
20:54:55,server_4,75.8
20:54:55,server_1,50.76
20:54:55,server_6,1772.63
20:54:55,server_7,71.21
20:54:55,server_8,0.0
20:54:55,server_5,34.77
20:55:00,server_12,7168.03
20:55:00,server_20,47.45
20:55:00,server_19,60.91
20:55:00,server_18,126.26
20:55:00,server_17,0.0
20:55:00,server_16,96.85
20:55:00,server_15,17.68
20:55:00,server_14,54.28
20:55:00,server_13,103.57
20:55:00,server_11,125.27
20:55:00,server_3,23.52
20:55:00,server_9,62.79
20:55:00,server_10,1416.42
20:55:00,server_2,8896.8
20:55:00,server_4,103.22
20:55:00,server_1,19.72
20:55:00,server_6,45.23
20:55:00,server_7,133.98
20:55:00,server_8,89.6
20:55:00,server_5,0.0
20:55:05,server_12,66.51
20:55:05,server_20,143.66
20:55:05,server_19,95.46
20:55:05,server_18,5809.2
20:55:05,server_17,22.54
20:55:05,server_16,34.82
20:55:05,server_15,112.96
20:55:05,server_13,7776.5
20:55:05,server_11,45.31
20:55:05,server_14,1061.98
20:55:05,server_9,117.55
20:55:05,server_2,50.0
20:55:05,server_3,17.11
20:55:05,server_4,0.0
20:55:05,server_5,118.52
20:55:05,server_1,74.22
20:55:05,server_10,18.64
20:55:05,server_7,20.22
20:55:05,server_8,1601.92
20:55:05,server_6,107.02
20:55:10,server_12,1752.97
20:55:10,server_19,37.04
20:55:10,server_18,82.16
20:55:10,server_17,126.54
20:55:10,server_16,109.21
20:55:10,server_15,111.96
20:55:10,server_14,7959.07
20:55:10,server_13,9821.26
20:55:10,server_11,104.52
20:55:10,server_20,730.12
20:55:10,server_9,0.0
20:55:10,server_1,51.92
20:55:10,server_2,1525.6
20:55:10,server_3,18.52
20:55:10,server_4,121.69
20:55:10,server_10,0.0
20:55:10,server_6,100.28
20:55:10,server_7,6358.82
20:55:10,server_8,148.22
20:55:10,server_5,4.32
20:55:15,server_11,0.0
20:55:15,server_19,81.65
20:55:15,server_18,6690.87
20:55:15,server_17,53.13
20:55:15,server_16,63.27
20:55:15,server_15,97.82
20:55:15,server_14,123.76
20:55:15,server_13,115.3
20:55:15,server_12,43.96
20:55:15,server_20,83.78
20:55:15,server_10,1224.62
20:55:15,server_8,15.96
20:55:15,server_7,38.36
20:55:15,server_6,101.07
20:55:15,server_5,1968.35
20:55:15,server_4,62.31
20:55:15,server_3,114.47
20:55:15,server_2,6499.57
20:55:15,server_1,0.0
20:55:15,server_9,60.29
20:55:20,server_13,92.23
20:55:20,server_14,69.53
20:55:20,server_15,46.93
20:55:20,server_16,78.67
20:55:20,server_20,32.38
20:55:20,server_18,16.62
20:55:20,server_19,41.45
20:55:20,server_12,4422.67
20:55:20,server_17,66.2
20:55:20,server_11,75.02
20:55:20,server_4,6.26
20:55:20,server_9,96.68
20:55:20,server_10,140.57
20:55:20,server_2,91.02
20:55:20,server_3,112.46
20:55:20,server_1,2.07
20:55:20,server_6,95.49
20:55:20,server_7,109.69
20:55:20,server_8,4177.16
20:55:20,server_5,78.83
20:55:25,server_20,34.57
20:55:25,server_19,4790.31
20:55:25,server_18,8388.98
20:55:25,server_17,26.94
20:55:25,server_16,51.12
20:55:25,server_15,30.73
20:55:25,server_14,167.51
20:55:25,server_12,153.42
20:55:25,server_11,104.35
20:55:25,server_13,48.84
20:55:25,server_9,63.12
20:55:25,server_10,58.5
20:55:25,server_2,92.11
20:55:25,server_3,88.92
20:55:25,server_4,86.21
20:55:25,server_1,68.33
20:55:25,server_6,913.31
20:55:25,server_7,34.38
20:55:25,server_8,8803.22
20:55:25,server_5,116.11
20:55:30,server_12,0.0
20:55:30,server_20,37.16
20:55:30,server_19,1028.51
20:55:30,server_18,71.02
20:55:30,server_17,42.11
20:55:30,server_16,0.0
20:55:30,server_15,38.05
20:55:30,server_14,33.87
20:55:30,server_13,16.19
20:55:30,server_11,30.81
20:55:30,server_3,63.81
20:55:30,server_9,75.85
20:55:30,server_8,81.39
20:55:30,server_7,107.4
20:55:30,server_6,10.46
20:55:30,server_5,85.25
20:55:30,server_4,5.68
20:55:30,server_2,150.72
20:55:30,server_1,145.41
20:55:30,server_10,138.73
20:55:35,server_15,29.36
20:55:35,server_14,63.57
20:55:35,server_16,80.72
20:55:35,server_17,51.68
20:55:35,server_3,68.68
20:55:35,server_19,71.79
20:55:35,server_13,0.0
20:55:35,server_20,1686.54
20:55:35,server_18,39.74
20:55:35,server_12,66.51
20:55:35,server_1,8.77
20:55:35,server_10,96.94
20:55:35,server_2,19.87
20:55:35,server_4,119.69
20:55:35,server_5,99.41
20:55:35,server_11,95.97
20:55:35,server_7,31.47
20:55:35,server_8,179.18
20:55:35,server_9,71.84
20:55:35,server_6,137.45
20:55:40,server_12,161.2
20:55:40,server_19,1248.76
20:55:40,server_18,59.24
20:55:40,server_17,978.41
20:55:40,server_16,5874.62
20:55:40,server_15,71.32
20:55:40,server_14,0.0
20:55:40,server_13,78.21
20:55:40,server_20,90.84
20:55:40,server_11,79.77
20:55:40,server_9,99.48
20:55:40,server_8,154.33
20:55:40,server_7,77.85
20:55:40,server_6,15.45
20:55:40,server_5,95.01
20:55:40,server_4,663.98
20:55:40,server_3,23.87
20:55:40,server_2,94.09
20:55:40,server_1,102.48
20:55:40,server_10,62.59
20:55:45,server_12,543.34
20:55:45,server_13,77.42
20:55:45,server_14,108.08
20:55:45,server_15,33.54
20:55:45,server_11,27.44
20:55:45,server_17,53.22
20:55:45,server_18,869.13
20:55:45,server_19,7188.33
20:55:45,server_16,130.41
20:55:45,server_20,189.13
20:55:45,server_10,148.88
20:55:45,server_8,7335.08
20:55:45,server_7,1693.31
20:55:45,server_6,64.78
20:55:45,server_5,78.6
20:55:45,server_4,6857.24
20:55:45,server_3,81.86
20:55:45,server_2,96.46
20:55:45,server_1,7312.67
20:55:45,server_9,46.36
20:55:50,server_13,69.51
20:55:50,server_14,25.9
20:55:50,server_15,1691.44
20:55:50,server_16,51.19
20:55:50,server_20,73.3
20:55:50,server_18,101.15
20:55:50,server_19,0.0
20:55:50,server_12,189.34
20:55:50,server_17,52.1
20:55:50,server_11,0.0
20:55:50,server_10,107.91
20:55:50,server_9,88.25
20:55:50,server_2,1812.85
20:55:50,server_3,0.82
20:55:50,server_4,1233.88
20:55:50,server_1,12.62
20:55:50,server_6,58.46
20:55:50,server_7,53.08
20:55:50,server_8,0.0
20:55:50,server_5,1778.74
20:55:55,server_12,106.38
20:55:55,server_19,6.02
20:55:55,server_18,52.87
20:55:55,server_17,47.68
20:55:55,server_16,0.0
20:55:55,server_15,43.02
20:55:55,server_14,109.8
20:55:55,server_13,0.63
20:55:55,server_11,67.57
20:55:55,server_20,1813.85
20:55:55,server_9,0.0
20:55:55,server_1,130.28
20:55:55,server_2,1179.05
20:55:55,server_3,170.74
20:55:55,server_4,1702.44
20:55:55,server_10,69.19
20:55:55,server_6,4633.15
20:55:55,server_7,124.44
20:55:55,server_8,0.0
20:55:55,server_5,1048.48
20:56:00,server_12,0.0
20:56:00,server_19,2.98
20:56:00,server_18,156.62
20:56:00,server_17,1938.18
20:56:00,server_16,0.0
20:56:00,server_15,0.0
20:56:00,server_14,51.06
20:56:00,server_13,53.91
20:56:00,server_11,96.45
20:56:00,server_20,910.79
20:56:00,server_9,48.86
20:56:00,server_1,9.42
20:56:00,server_2,1860.6
20:56:00,server_3,83.94
20:56:00,server_4,20.91
20:56:00,server_10,62.44
20:56:00,server_6,55.03
20:56:00,server_7,36.78
20:56:00,server_8,30.92
20:56:00,server_5,33.3
20:56:05,server_11,103.64
20:56:05,server_19,1778.04
20:56:05,server_18,0.0
20:56:05,server_17,0.0
20:56:05,server_16,1710.78
20:56:05,server_15,111.12
20:56:05,server_14,1324.59
20:56:05,server_13,3670.5
20:56:05,server_12,85.91
20:56:05,server_20,728.61
20:56:05,server_10,6430.7
20:56:05,server_8,0.0
20:56:05,server_7,0.0
20:56:05,server_6,66.88
20:56:05,server_5,11.52
20:56:05,server_4,49.72
20:56:05,server_3,8181.5
20:56:05,server_2,0.0
20:56:05,server_1,92.69
20:56:05,server_9,102.07
20:56:10,server_13,17.96
20:56:10,server_14,7253.49
20:56:10,server_15,139.76
20:56:10,server_12,5884.71
20:56:10,server_17,12.77
20:56:10,server_18,97.0
20:56:10,server_19,61.79
20:56:10,server_16,74.96
20:56:10,server_11,4712.92
20:56:10,server_20,1578.39
20:56:10,server_9,86.32
20:56:10,server_1,90.31
20:56:10,server_2,183.95
20:56:10,server_3,69.6
20:56:10,server_4,5.93
20:56:10,server_10,86.63
20:56:10,server_6,61.25
20:56:10,server_7,103.94
20:56:10,server_8,0.0
20:56:10,server_5,0.0
20:56:15,server_19,43.81
20:56:15,server_18,83.15
20:56:15,server_17,26.28
20:56:15,server_16,160.31
20:56:15,server_15,8427.37
20:56:15,server_14,98.44
20:56:15,server_13,0.0
20:56:15,server_12,0.0
20:56:15,server_11,63.32
20:56:15,server_20,144.94
20:56:15,server_9,41.57
20:56:15,server_1,117.17
20:56:15,server_2,108.03
20:56:15,server_3,29.91
20:56:15,server_4,1865.46
20:56:15,server_10,105.19
20:56:15,server_6,85.16
20:56:15,server_7,4423.3
20:56:15,server_8,111.34
20:56:15,server_5,77.88
20:56:20,server_11,84.11
20:56:20,server_19,54.15
20:56:20,server_18,62.83
20:56:20,server_17,109.86
20:56:20,server_16,51.92
20:56:20,server_15,5.51
20:56:20,server_14,67.4
20:56:20,server_13,60.54
20:56:20,server_12,26.01
20:56:20,server_20,73.43
20:56:20,server_10,6.87
20:56:20,server_8,113.62
20:56:20,server_9,102.91
20:56:20,server_1,1917.35
20:56:20,server_2,0.0
20:56:20,server_3,27.12
20:56:20,server_5,0.0
20:56:20,server_6,62.62
20:56:20,server_7,197.94
20:56:20,server_4,1.03
20:56:25,server_20,67.24
20:56:25,server_11,0.0
20:56:25,server_18,0.0
20:56:25,server_17,153.96
20:56:25,server_16,93.74
20:56:25,server_15,13.74
20:56:25,server_14,139.72
20:56:25,server_13,0.0
20:56:25,server_12,142.6
20:56:25,server_19,88.0
20:56:25,server_10,39.15
20:56:25,server_8,8344.57
20:56:25,server_1,37.29
20:56:25,server_2,65.94
20:56:25,server_3,64.14
20:56:25,server_9,115.08
20:56:25,server_5,109.49
20:56:25,server_6,1229.7
20:56:25,server_7,99.1
20:56:25,server_4,0.0
20:56:30,server_12,975.06
20:56:30,server_19,0.0
20:56:30,server_18,12.38
20:56:30,server_17,7.21
20:56:30,server_16,117.57
20:56:30,server_15,4172.31
20:56:30,server_14,24.39
20:56:30,server_13,176.14
20:56:30,server_11,156.58
20:56:30,server_20,92.38
20:56:30,server_9,0.0
20:56:30,server_1,49.7
20:56:30,server_2,19.28
20:56:30,server_3,109.93
20:56:30,server_4,5690.47
20:56:30,server_10,200.4
20:56:30,server_6,8.91
20:56:30,server_7,44.91
20:56:30,server_8,0.0
20:56:30,server_5,108.17
20:56:35,server_11,29.91
20:56:35,server_19,7.22
20:56:35,server_18,167.24
20:56:35,server_17,14.15
20:56:35,server_16,72.68
20:56:35,server_15,100.59
20:56:35,server_14,167.77
20:56:35,server_13,1268.66
20:56:35,server_12,864.5
20:56:35,server_20,7323.37
20:56:35,server_10,107.0
20:56:35,server_8,95.61
20:56:35,server_7,88.26
20:56:35,server_6,0.0
20:56:35,server_5,138.0
20:56:35,server_4,0.0
20:56:35,server_3,0.0
20:56:35,server_2,5261.73
20:56:35,server_1,88.89
20:56:35,server_9,34.37
20:56:40,server_13,8796.7
20:56:40,server_14,29.7
20:56:40,server_16,128.61
20:56:40,server_12,0.0
20:56:40,server_18,78.48
20:56:40,server_19,28.12
20:56:40,server_20,25.78
20:56:40,server_17,5274.18
20:56:40,server_11,1793.8
20:56:40,server_15,955.95
20:56:40,server_9,47.16
20:56:40,server_2,120.29
20:56:40,server_3,25.42
20:56:40,server_4,70.03
20:56:40,server_5,74.97
20:56:40,server_1,27.35
20:56:40,server_6,64.87
20:56:40,server_7,51.72
20:56:40,server_8,96.12
20:56:40,server_10,111.43
20:56:45,server_12,1740.91
20:56:45,server_20,123.33
20:56:45,server_19,86.17
20:56:45,server_18,79.89
20:56:45,server_17,85.45
20:56:45,server_16,71.23
20:56:45,server_15,0.0
20:56:45,server_14,142.79
20:56:45,server_13,66.89
20:56:45,server_11,5.9
20:56:45,server_10,106.89
20:56:45,server_9,44.02
20:56:45,server_2,22.47
20:56:45,server_3,1872.62
20:56:45,server_4,50.53
20:56:45,server_1,981.73
20:56:45,server_6,96.13
20:56:45,server_7,109.87
20:56:45,server_8,49.65
20:56:45,server_5,53.6
20:56:50,server_12,104.09
20:56:50,server_19,136.44
20:56:50,server_18,109.99
20:56:50,server_17,48.62
20:56:50,server_16,92.64
20:56:50,server_15,124.75
20:56:50,server_14,1623.28
20:56:50,server_13,5384.66
20:56:50,server_11,17.29
20:56:50,server_20,61.81
20:56:50,server_9,0.0
20:56:50,server_1,80.04
20:56:50,server_2,26.64
20:56:50,server_3,66.29
20:56:50,server_4,18.69
20:56:50,server_10,3.2
20:56:50,server_6,4086.17
20:56:50,server_7,97.67
20:56:50,server_8,52.84
20:56:50,server_5,0.0
20:56:55,server_12,107.89
20:56:55,server_19,69.01
20:56:55,server_18,89.21
20:56:55,server_17,0.0
20:56:55,server_16,38.33
20:56:55,server_15,183.59
20:56:55,server_14,6456.4
20:56:55,server_13,94.2
20:56:55,server_11,791.79
20:56:55,server_20,41.07
20:56:55,server_9,58.94
20:56:55,server_1,33.4
20:56:55,server_2,12.71
20:56:55,server_3,158.53
20:56:55,server_4,133.68
20:56:55,server_10,8975.57
20:56:55,server_6,70.76
20:56:55,server_7,101.48
20:56:55,server_8,100.38
20:56:55,server_5,87.08
20:57:00,server_11,107.7
20:57:00,server_19,44.81
20:57:00,server_18,950.51
20:57:00,server_17,10.04
20:57:00,server_16,98.46
20:57:00,server_15,54.7
20:57:00,server_14,4454.58
20:57:00,server_13,31.3
20:57:00,server_12,34.65
20:57:00,server_20,67.41
20:57:00,server_10,46.92
20:57:00,server_8,118.66
20:57:00,server_7,71.47
20:57:00,server_6,171.69
20:57:00,server_5,1043.8
20:57:00,server_4,161.0
20:57:00,server_3,111.54
20:57:00,server_2,14.35
20:57:00,server_1,9973.88
20:57:00,server_9,0.0
20:57:05,server_13,82.0
20:57:05,server_14,94.14
20:57:05,server_15,42.35
20:57:05,server_12,27.31
20:57:05,server_17,141.97
20:57:05,server_18,87.5
20:57:05,server_19,109.79
20:57:05,server_16,842.15
20:57:05,server_11,13.08
20:57:05,server_20,55.7
20:57:05,server_9,7041.44
20:57:05,server_1,111.98
20:57:05,server_2,53.78
20:57:05,server_3,86.31
20:57:05,server_4,60.22
20:57:05,server_10,100.01
20:57:05,server_6,6.46
20:57:05,server_7,9564.64
20:57:05,server_8,33.57
20:57:05,server_5,66.16
20:57:10,server_19,0.0
20:57:10,server_18,1156.57
20:57:10,server_17,0.0
20:57:10,server_16,73.02
20:57:10,server_15,110.61
20:57:10,server_14,0.0
20:57:10,server_13,53.81
20:57:10,server_12,581.05
20:57:10,server_11,54.41
20:57:10,server_20,121.27
20:57:10,server_9,111.77
20:57:10,server_1,0.0
20:57:10,server_2,100.34
20:57:10,server_3,1173.02
20:57:10,server_4,23.5
20:57:10,server_10,547.93
20:57:10,server_6,0.0
20:57:10,server_7,38.81
20:57:10,server_8,103.35
20:57:10,server_5,67.81
20:57:15,server_11,7600.86
20:57:15,server_19,0.0
20:57:15,server_18,32.42
20:57:15,server_17,27.28
20:57:15,server_16,93.45
20:57:15,server_15,38.77
20:57:15,server_14,152.98
20:57:15,server_13,5015.93
20:57:15,server_12,8645.84
20:57:15,server_20,0.0
20:57:15,server_10,8.79
20:57:15,server_8,125.02
20:57:15,server_9,6.43
20:57:15,server_1,87.62
20:57:15,server_2,77.23
20:57:15,server_3,140.29
20:57:15,server_5,0.0
20:57:15,server_6,889.79
20:57:15,server_7,0.0
20:57:15,server_4,1811.78
20:57:20,server_20,52.32
20:57:20,server_11,9606.74
20:57:20,server_18,59.02
20:57:20,server_17,0.0
20:57:20,server_16,120.6
20:57:20,server_15,90.41
20:57:20,server_14,64.22
20:57:20,server_13,76.38
20:57:20,server_12,72.39
20:57:20,server_19,46.16
20:57:20,server_10,84.7
20:57:20,server_8,52.44
20:57:20,server_1,1465.32
20:57:20,server_2,182.83
20:57:20,server_3,1230.18
20:57:20,server_9,88.49
20:57:20,server_5,108.86
20:57:20,server_6,120.93
20:57:20,server_7,1718.96
20:57:20,server_4,43.47
20:57:25,server_13,0.0
20:57:25,server_20,63.16
20:57:25,server_19,177.64
20:57:25,server_18,132.22
20:57:25,server_17,172.79
20:57:25,server_16,0.0
20:57:25,server_15,155.63
20:57:25,server_14,60.26
20:57:25,server_12,1880.83
20:57:25,server_11,197.65
20:57:25,server_1,123.06
20:57:25,server_9,4.85
20:57:25,server_8,0.6
20:57:25,server_7,595.69
20:57:25,server_6,1716.29
20:57:25,server_5,103.52
20:57:25,server_4,1600.55
20:57:25,server_3,87.28
20:57:25,server_2,22.52
20:57:25,server_10,54.33
20:57:30,server_13,114.18
20:57:30,server_14,46.75
20:57:30,server_15,75.26
20:57:30,server_16,0.0
20:57:30,server_12,0.0
20:57:30,server_18,49.55
20:57:30,server_19,66.42
20:57:30,server_20,3383.03
20:57:30,server_17,51.28
20:57:30,server_11,4950.6
20:57:30,server_1,97.16
20:57:30,server_9,1972.75
20:57:30,server_8,3773.01
20:57:30,server_7,6289.71
20:57:30,server_6,71.13
20:57:30,server_5,0.0
20:57:30,server_4,90.97
20:57:30,server_3,97.74
20:57:30,server_2,24.23
20:57:30,server_10,27.94
20:57:35,server_13,116.62
20:57:35,server_14,65.84
20:57:35,server_15,42.57
20:57:35,server_16,92.96
20:57:35,server_20,105.5
20:57:35,server_18,106.61
20:57:35,server_19,93.96
20:57:35,server_12,86.08
20:57:35,server_17,8954.98
20:57:35,server_11,572.1
20:57:35,server_10,33.59
20:57:35,server_9,40.1
20:57:35,server_8,164.1
20:57:35,server_7,722.89
20:57:35,server_6,110.5
20:57:35,server_5,154.33
20:57:35,server_4,77.52
20:57:35,server_3,49.7
20:57:35,server_2,7123.06
20:57:35,server_1,159.63
20:57:40,server_13,65.65
20:57:40,server_14,106.18
20:57:40,server_15,177.88
20:57:40,server_16,15.57
20:57:40,server_20,105.18
20:57:40,server_18,1478.87
20:57:40,server_19,0.0
20:57:40,server_12,84.72
20:57:40,server_17,142.02
20:57:40,server_11,60.09
20:57:40,server_10,6581.07
20:57:40,server_9,27.91
20:57:40,server_2,34.55
20:57:40,server_3,0.0
20:57:40,server_4,136.31
20:57:40,server_1,171.81
20:57:40,server_6,37.7
20:57:40,server_7,63.03
20:57:40,server_8,134.89
20:57:40,server_5,7088.95
20:57:45,server_12,0.17
20:57:45,server_19,6315.86
20:57:45,server_18,129.45
20:57:45,server_17,69.11
20:57:45,server_16,95.92
20:57:45,server_15,51.9
20:57:45,server_14,0.0
20:57:45,server_13,26.82
20:57:45,server_11,120.82
20:57:45,server_20,72.1
20:57:45,server_9,162.26
20:57:45,server_1,0.0
20:57:45,server_2,44.13
20:57:45,server_3,115.04
20:57:45,server_4,40.66
20:57:45,server_10,1146.23
20:57:45,server_6,59.95
20:57:45,server_7,14.15
20:57:45,server_8,18.45
20:57:45,server_5,914.65
20:57:50,server_12,979.25
20:57:50,server_19,49.6
20:57:50,server_18,5013.03
20:57:50,server_17,1878.63
20:57:50,server_16,3357.16
20:57:50,server_15,32.97
20:57:50,server_14,130.76
20:57:50,server_13,52.89
20:57:50,server_11,0.0
20:57:50,server_20,73.76
20:57:50,server_9,20.49
20:57:50,server_1,58.9
20:57:50,server_2,34.68
20:57:50,server_3,1983.33
20:57:50,server_4,78.57
20:57:50,server_10,39.63
20:57:50,server_6,50.9
20:57:50,server_7,30.18
20:57:50,server_8,37.31
20:57:50,server_5,134.53
20:57:55,server_11,34.34
20:57:55,server_19,151.99
20:57:55,server_18,99.64
20:57:55,server_17,121.61
20:57:55,server_16,0.0
20:57:55,server_15,52.59
20:57:55,server_14,1621.56
20:57:55,server_13,61.27
20:57:55,server_12,1600.24
20:57:55,server_20,40.86
20:57:55,server_10,1970.1
20:57:55,server_8,40.15
20:57:55,server_7,1812.09
20:57:55,server_6,0.0
20:57:55,server_5,42.27
20:57:55,server_4,1873.41
20:57:55,server_3,0.0
20:57:55,server_2,153.43
20:57:55,server_1,46.86
20:57:55,server_9,37.4
20:58:00,server_13,48.36
20:58:00,server_14,81.94
20:58:00,server_15,53.46
20:58:00,server_12,67.99
20:58:00,server_17,645.43
20:58:00,server_18,199.12
20:58:00,server_19,919.17
20:58:00,server_16,0.0
20:58:00,server_11,73.53
20:58:00,server_20,116.54
20:58:00,server_9,1549.14
20:58:00,server_1,28.53
20:58:00,server_2,20.62
20:58:00,server_3,2.65
20:58:00,server_4,49.84
20:58:00,server_10,8.94
20:58:00,server_6,38.98
20:58:00,server_7,161.81
20:58:00,server_8,1.07
20:58:00,server_5,53.1
20:58:05,server_19,0.0
20:58:05,server_18,64.57
20:58:05,server_17,52.34
20:58:05,server_16,0.0
20:58:05,server_15,72.53
20:58:05,server_14,131.38
20:58:05,server_13,121.87
20:58:05,server_12,6743.54
20:58:05,server_11,46.79
20:58:05,server_20,20.36
20:58:05,server_9,0.0
20:58:05,server_1,211.57
20:58:05,server_2,9500.38
20:58:05,server_3,73.19
20:58:05,server_4,91.09
20:58:05,server_10,4379.12
20:58:05,server_6,44.84
20:58:05,server_7,73.48
20:58:05,server_8,0.0
20:58:05,server_5,93.13
20:58:10,server_11,17.92
20:58:10,server_19,21.79
20:58:10,server_18,39.77
20:58:10,server_17,1287.05
20:58:10,server_16,105.87
20:58:10,server_15,95.64
20:58:10,server_14,11.22
20:58:10,server_13,1243.67
20:58:10,server_12,5.82
20:58:10,server_20,7370.25
20:58:10,server_10,104.21
20:58:10,server_8,37.28
20:58:10,server_9,115.45
20:58:10,server_1,1887.11
20:58:10,server_2,36.09
20:58:10,server_3,18.02
20:58:10,server_5,95.15
20:58:10,server_6,0.0
20:58:10,server_7,1288.67
20:58:10,server_4,50.05
20:58:15,server_20,72.9
20:58:15,server_11,153.57
20:58:15,server_18,36.71
20:58:15,server_17,63.64
20:58:15,server_16,37.63
20:58:15,server_15,671.54
20:58:15,server_14,117.93
20:58:15,server_13,107.96
20:58:15,server_12,520.71
20:58:15,server_19,27.29
20:58:15,server_10,22.53
20:58:15,server_8,1723.88
20:58:15,server_1,1320.73
20:58:15,server_2,50.72
20:58:15,server_3,42.83
20:58:15,server_9,14.91
20:58:15,server_5,59.66
20:58:15,server_6,55.98
20:58:15,server_7,65.34
20:58:15,server_4,0.0
20:58:20,server_12,129.01
20:58:20,server_19,1830.04
20:58:20,server_18,9.23
20:58:20,server_17,83.75
20:58:20,server_16,125.71
20:58:20,server_15,59.25
20:58:20,server_14,118.29
20:58:20,server_13,27.77
20:58:20,server_11,68.48
20:58:20,server_20,58.51
20:58:20,server_9,0.0
20:58:20,server_1,1385.58
20:58:20,server_2,22.3
20:58:20,server_3,5820.13
20:58:20,server_4,544.58
20:58:20,server_10,1423.52
20:58:20,server_6,0.0
20:58:20,server_7,54.86
20:58:20,server_8,0.0
20:58:20,server_5,36.55
20:58:25,server_11,0.0
20:58:25,server_19,6335.56
20:58:25,server_18,1.49
20:58:25,server_17,0.0
20:58:25,server_16,99.99
20:58:25,server_15,1954.24
20:58:25,server_14,85.76
20:58:25,server_13,66.02
20:58:25,server_12,154.8
20:58:25,server_20,0.0
20:58:25,server_10,6995.24
20:58:25,server_8,35.21
20:58:25,server_7,0.0
20:58:25,server_6,89.34
20:58:25,server_5,95.71
20:58:25,server_4,54.69
20:58:25,server_3,18.0
20:58:25,server_2,0.0
20:58:25,server_1,8.88
20:58:25,server_9,38.74
20:58:30,server_13,87.37
20:58:30,server_14,0.0
20:58:30,server_15,100.43
20:58:30,server_12,80.49
20:58:30,server_17,19.94
20:58:30,server_18,18.96
20:58:30,server_19,48.48
20:58:30,server_16,59.78
20:58:30,server_11,80.24
20:58:30,server_20,191.07
20:58:30,server_9,23.36
20:58:30,server_1,44.02
20:58:30,server_2,66.25
20:58:30,server_3,5.19
20:58:30,server_4,90.1
20:58:30,server_10,81.37
20:58:30,server_6,32.52
20:58:30,server_7,42.77
20:58:30,server_8,31.08
20:58:30,server_5,0.0
20:58:35,server_12,22.29
20:58:35,server_20,19.8
20:58:35,server_19,28.84
20:58:35,server_18,123.22
20:58:35,server_17,21.11
20:58:35,server_16,93.52
20:58:35,server_15,114.87
20:58:35,server_14,17.76
20:58:35,server_13,48.21
20:58:35,server_11,85.29
20:58:35,server_10,182.65
20:58:35,server_9,3057.22
20:58:35,server_2,113.89
20:58:35,server_3,16.08
20:58:35,server_4,33.96
20:58:35,server_1,79.92
20:58:35,server_6,35.63
20:58:35,server_7,56.17
20:58:35,server_8,1667.64
20:58:35,server_5,1904.49
20:58:40,server_12,6837.98
20:58:40,server_19,100.53
20:58:40,server_18,90.28
20:58:40,server_17,116.75
20:58:40,server_16,38.71
20:58:40,server_15,147.61
20:58:40,server_14,58.76
20:58:40,server_13,103.31
20:58:40,server_11,56.74
20:58:40,server_20,0.0
20:58:40,server_9,63.99
20:58:40,server_1,127.24
20:58:40,server_2,95.75
20:58:40,server_3,0.0
20:58:40,server_4,125.19
20:58:40,server_10,90.13
20:58:40,server_6,8.4
20:58:40,server_7,50.28
20:58:40,server_8,21.5
20:58:40,server_5,0.0
20:58:45,server_12,33.09
20:58:45,server_19,45.23
20:58:45,server_18,52.53
20:58:45,server_17,9825.14
20:58:45,server_16,83.48
20:58:45,server_15,21.37
20:58:45,server_14,27.39
20:58:45,server_13,96.55
20:58:45,server_11,54.91
20:58:45,server_20,50.98
20:58:45,server_9,46.78
20:58:45,server_1,3664.44
20:58:45,server_2,1248.95
20:58:45,server_3,71.27
20:58:45,server_4,32.84
20:58:45,server_10,63.36
20:58:45,server_6,0.0
20:58:45,server_7,52.07
20:58:45,server_8,21.12
20:58:45,server_5,5463.47
20:58:50,server_11,69.13
20:58:50,server_19,79.85
20:58:50,server_18,175.65
20:58:50,server_17,55.18
20:58:50,server_16,75.4
20:58:50,server_15,42.71
20:58:50,server_14,2.31
20:58:50,server_13,25.7
20:58:50,server_12,87.61
20:58:50,server_20,0.0
20:58:50,server_10,51.74
20:58:50,server_8,11.88
20:58:50,server_7,146.87
20:58:50,server_6,0.0
20:58:50,server_5,1782.36
20:58:50,server_4,60.82
20:58:50,server_3,6903.79
20:58:50,server_2,18.93
20:58:50,server_1,54.51
20:58:50,server_9,73.86
20:58:55,server_13,197.15
20:58:55,server_14,125.65
20:58:55,server_15,0.0
20:58:55,server_12,147.78
20:58:55,server_17,25.32
20:58:55,server_18,1980.03
20:58:55,server_19,165.53
20:58:55,server_16,110.17
20:58:55,server_11,92.17
20:58:55,server_20,46.16
20:58:55,server_9,23.66
20:58:55,server_1,87.83
20:58:55,server_2,21.46
20:58:55,server_3,60.98
20:58:55,server_4,0.0
20:58:55,server_10,169.15
20:58:55,server_6,4580.23
20:58:55,server_7,45.66
20:58:55,server_8,68.32
20:58:55,server_5,60.91
20:59:00,server_19,64.12
20:59:00,server_18,157.63
20:59:00,server_17,0.0
20:59:00,server_16,1798.32
20:59:00,server_15,121.12
20:59:00,server_14,69.3
20:59:00,server_13,0.0
20:59:00,server_12,83.68
20:59:00,server_11,5192.49
20:59:00,server_20,0.0
20:59:00,server_9,49.69
20:59:00,server_1,154.74
20:59:00,server_2,0.0
20:59:00,server_3,0.0
20:59:00,server_4,8323.6
20:59:00,server_10,64.1
20:59:00,server_6,87.13
20:59:00,server_7,1155.52
20:59:00,server_8,77.15
20:59:00,server_5,147.43
20:59:05,server_11,73.54
20:59:05,server_19,147.68
20:59:05,server_18,50.52
20:59:05,server_17,0.0
20:59:05,server_16,680.53
20:59:05,server_15,8050.13
20:59:05,server_14,81.57
20:59:05,server_13,0.0
20:59:05,server_12,38.95
20:59:05,server_20,16.19
20:59:05,server_10,14.76
20:59:05,server_8,0.0
20:59:05,server_9,40.06
20:59:05,server_1,74.54
20:59:05,server_2,59.98
20:59:05,server_3,80.29
20:59:05,server_5,141.45
20:59:05,server_6,61.78
20:59:05,server_7,32.27
20:59:05,server_4,70.83
20:59:10,server_20,24.89
20:59:10,server_11,158.62
20:59:10,server_18,77.44
20:59:10,server_17,155.95
20:59:10,server_16,119.57
20:59:10,server_15,60.65
20:59:10,server_14,76.8
20:59:10,server_13,104.74
20:59:10,server_12,111.38
20:59:10,server_19,17.09
20:59:10,server_10,0.0
20:59:10,server_8,28.67
20:59:10,server_1,7.04
20:59:10,server_2,2.53
20:59:10,server_3,28.95
20:59:10,server_9,7616.32
20:59:10,server_5,73.41
20:59:10,server_6,0.0
20:59:10,server_7,59.09
20:59:10,server_4,703.31
20:59:15,server_12,7.82
20:59:15,server_19,114.76
20:59:15,server_18,48.65
20:59:15,server_17,1501.02
20:59:15,server_16,5936.18
20:59:15,server_15,103.72
20:59:15,server_14,186.78
20:59:15,server_13,117.35
20:59:15,server_11,94.98
20:59:15,server_20,1.85
20:59:15,server_9,94.45
20:59:15,server_1,164.81
20:59:15,server_2,8775.9
20:59:15,server_3,989.35
20:59:15,server_4,49.47
20:59:15,server_10,24.7
20:59:15,server_6,116.79
20:59:15,server_7,43.35
20:59:15,server_8,14.76
20:59:15,server_5,62.79
20:59:20,server_11,33.29
20:59:20,server_19,65.94
20:59:20,server_18,9143.61
20:59:20,server_17,6240.01
20:59:20,server_16,50.85
20:59:20,server_15,3656.79
20:59:20,server_14,39.52
20:59:20,server_13,92.01
20:59:20,server_12,70.3
20:59:20,server_20,1000.25
20:59:20,server_10,8157.6
20:59:20,server_8,111.29
20:59:20,server_7,47.69
20:59:20,server_6,4102.37
20:59:20,server_5,0.0
20:59:20,server_4,0.0
20:59:20,server_3,54.17
20:59:20,server_2,69.13
20:59:20,server_1,6298.87
20:59:20,server_9,99.4
20:59:25,server_13,61.67
20:59:25,server_14,32.5
20:59:25,server_15,113.21
20:59:25,server_12,72.58
20:59:25,server_17,115.44
20:59:25,server_18,22.97
20:59:25,server_19,28.76
20:59:25,server_16,1467.86
20:59:25,server_11,1729.92
20:59:25,server_20,31.8
20:59:25,server_9,90.12
20:59:25,server_1,628.36
20:59:25,server_2,0.0
20:59:25,server_3,1838.34
20:59:25,server_4,244.87
20:59:25,server_10,0.0
20:59:25,server_6,73.58
20:59:25,server_7,123.67
20:59:25,server_8,0.0
20:59:25,server_5,7590.47
20:59:30,server_20,0.0
20:59:30,server_19,40.22
20:59:30,server_18,87.11
20:59:30,server_17,86.04
20:59:30,server_16,60.18
20:59:30,server_15,845.81
20:59:30,server_14,59.58
20:59:30,server_12,97.86
20:59:30,server_11,61.28
20:59:30,server_13,763.92
20:59:30,server_9,51.92
20:59:30,server_10,0.0
20:59:30,server_2,161.06
20:59:30,server_3,963.59
20:59:30,server_4,72.85
20:59:30,server_1,84.75
20:59:30,server_6,16.29
20:59:30,server_7,47.96
20:59:30,server_8,6438.33
20:59:30,server_5,70.6
20:59:35,server_12,0.0
20:59:35,server_20,52.6
20:59:35,server_19,72.26
20:59:35,server_18,32.34
20:59:35,server_17,1450.36
20:59:35,server_16,14.65
20:59:35,server_15,4.58
20:59:35,server_14,1192.07
20:59:35,server_13,39.28
20:59:35,server_11,0.0
20:59:35,server_3,89.45
20:59:35,server_9,184.08
20:59:35,server_10,5.81
20:59:35,server_2,190.39
20:59:35,server_4,70.73
20:59:35,server_1,0.0
20:59:35,server_6,0.0
20:59:35,server_7,1571.6
20:59:35,server_8,1638.24
20:59:35,server_5,81.82
20:59:40,server_12,43.73
20:59:40,server_19,0.0
20:59:40,server_18,83.78
20:59:40,server_17,140.13
20:59:40,server_16,107.03
20:59:40,server_15,9255.2
20:59:40,server_14,26.16
20:59:40,server_20,97.81
20:59:40,server_11,126.14
20:59:40,server_13,0.0
20:59:40,server_9,24.12
20:59:40,server_1,6.7
20:59:40,server_2,19.57
20:59:40,server_3,0.0
20:59:40,server_4,0.0
20:59:40,server_10,136.25
20:59:40,server_6,11.79
20:59:40,server_7,92.57
20:59:40,server_8,65.72
20:59:40,server_5,5801.53
20:59:45,server_19,128.36
20:59:45,server_18,156.97
20:59:45,server_17,1001.09
20:59:45,server_16,121.84
20:59:45,server_15,63.42
20:59:45,server_14,140.41
20:59:45,server_13,0.0
20:59:45,server_12,7961.34
20:59:45,server_11,5023.79
20:59:45,server_20,80.89
20:59:45,server_9,7.87
20:59:45,server_1,1334.81
20:59:45,server_2,30.92
20:59:45,server_3,92.46
20:59:45,server_4,34.72
20:59:45,server_10,0.0
20:59:45,server_6,11.6
20:59:45,server_7,44.99
20:59:45,server_8,0.0
20:59:45,server_5,69.95
20:59:50,server_11,40.96
20:59:50,server_19,64.78
20:59:50,server_18,0.0
20:59:50,server_17,3180.0
20:59:50,server_16,0.0
20:59:50,server_15,1686.8
20:59:50,server_14,54.48
20:59:50,server_13,46.0
20:59:50,server_12,159.73
20:59:50,server_20,9723.35
20:59:50,server_10,149.65
20:59:50,server_8,22.91
20:59:50,server_9,642.04
20:59:50,server_1,6.07
20:59:50,server_2,0.0
20:59:50,server_3,82.54
20:59:50,server_5,63.36
20:59:50,server_6,102.47
20:59:50,server_7,0.0
20:59:50,server_4,28.6
20:59:55,server_20,1893.9
20:59:55,server_11,36.42
20:59:55,server_18,6562.77
20:59:55,server_17,172.71
20:59:55,server_16,0.0
20:59:55,server_15,7205.11
20:59:55,server_14,16.91
20:59:55,server_13,29.19
20:59:55,server_12,0.0
20:59:55,server_19,0.0
20:59:55,server_10,87.31
20:59:55,server_8,582.64
20:59:55,server_1,52.81
20:59:55,server_2,0.0
20:59:55,server_3,0.0
20:59:55,server_9,71.15
20:59:55,server_5,6.27
20:59:55,server_6,62.84
20:59:55,server_7,6381.62
20:59:55,server_4,9055.45
21:00:00,server_20,89.07
21:00:00,server_19,1356.03
21:00:00,server_18,652.66
21:00:00,server_17,162.48
21:00:00,server_16,0.0
21:00:00,server_15,1893.85
21:00:00,server_14,5248.38
21:00:00,server_12,1674.56
21:00:00,server_11,112.9
21:00:00,server_13,6681.13
21:00:00,server_9,8.26
21:00:00,server_10,89.41
21:00:00,server_2,0.0
21:00:00,server_3,36.05
21:00:00,server_4,83.8
21:00:00,server_1,58.08
21:00:00,server_6,51.51
21:00:00,server_7,4.09
21:00:00,server_8,49.72
21:00:00,server_5,139.7
21:00:05,server_12,120.26
21:00:05,server_19,872.11
21:00:05,server_18,0.0
21:00:05,server_20,9.28
21:00:05,server_17,89.27
21:00:05,server_16,66.66
21:00:05,server_15,139.55
21:00:05,server_14,60.96
21:00:05,server_13,62.52
21:00:05,server_11,105.01
21:00:05,server_3,1074.11
21:00:05,server_9,169.39
21:00:05,server_10,0.0
21:00:05,server_2,74.87
21:00:05,server_4,75.98
21:00:05,server_1,0.0
21:00:05,server_6,100.81
21:00:05,server_7,117.1
21:00:05,server_8,129.69
21:00:05,server_5,123.66
21:00:10,server_11,99.0
21:00:10,server_20,77.86
21:00:10,server_18,109.4
21:00:10,server_17,135.09
21:00:10,server_16,1428.34
21:00:10,server_15,56.76
21:00:10,server_14,134.31
21:00:10,server_13,9295.29
21:00:10,server_12,129.32
21:00:10,server_19,114.88
21:00:10,server_10,152.97
21:00:10,server_8,105.73
21:00:10,server_1,78.6
21:00:10,server_2,0.0
21:00:10,server_3,0.0
21:00:10,server_9,8.21
21:00:10,server_5,118.56
21:00:10,server_6,109.09
21:00:10,server_7,9611.29
21:00:10,server_4,63.0
21:00:15,server_12,1248.87
21:00:15,server_19,1.42
21:00:15,server_18,58.44
21:00:15,server_17,47.23
21:00:15,server_16,1117.64
21:00:15,server_15,1989.83
21:00:15,server_14,83.48
21:00:15,server_13,19.48
21:00:15,server_11,48.04
21:00:15,server_20,1049.32
21:00:15,server_9,104.09
21:00:15,server_1,74.2
21:00:15,server_2,0.0
21:00:15,server_3,84.88
21:00:15,server_4,174.85
21:00:15,server_10,71.06
21:00:15,server_6,5271.35
21:00:15,server_7,125.18
21:00:15,server_8,5.0
21:00:15,server_5,6702.19
21:00:20,server_11,0.0
21:00:20,server_19,6797.89
21:00:20,server_18,57.8
21:00:20,server_17,65.26
21:00:20,server_16,32.36
21:00:20,server_15,143.59
21:00:20,server_14,42.73
21:00:20,server_13,0.0
21:00:20,server_12,68.7
21:00:20,server_20,155.09
21:00:20,server_10,1543.83
21:00:20,server_8,0.0
21:00:20,server_7,1624.47
21:00:20,server_6,192.05
21:00:20,server_5,46.25
21:00:20,server_4,61.93
21:00:20,server_3,26.96
21:00:20,server_2,0.0
21:00:20,server_1,87.8
21:00:20,server_9,79.96
21:00:25,server_13,0.0
21:00:25,server_14,6193.89
21:00:25,server_16,6406.48
21:00:25,server_12,109.05
21:00:25,server_18,171.22
21:00:25,server_19,53.17
21:00:25,server_20,167.57
21:00:25,server_17,1519.09
21:00:25,server_11,92.33
21:00:25,server_15,56.07
21:00:25,server_9,0.0
21:00:25,server_1,6935.35
21:00:25,server_2,0.0
21:00:25,server_3,39.12
21:00:25,server_4,129.54
21:00:25,server_10,72.15
21:00:25,server_6,89.92
21:00:25,server_7,4802.05
21:00:25,server_8,1082.15
21:00:25,server_5,41.89
21:00:30,server_20,116.75
21:00:30,server_19,76.41
21:00:30,server_18,34.33
21:00:30,server_17,3575.15
21:00:30,server_16,1313.47
21:00:30,server_15,7223.57
21:00:30,server_14,41.02
21:00:30,server_12,95.06
21:00:30,server_11,57.41
21:00:30,server_13,14.98
21:00:30,server_9,36.13
21:00:30,server_8,95.19
21:00:30,server_7,599.31
21:00:30,server_6,0.0
21:00:30,server_5,0.0
21:00:30,server_4,70.91
21:00:30,server_3,0.0
21:00:30,server_2,1990.74
21:00:30,server_10,54.92
21:00:30,server_1,13.48
21:00:35,server_13,159.89
21:00:35,server_14,45.66
21:00:35,server_15,7625.37
21:00:35,server_16,145.72
21:00:35,server_20,12.6
21:00:35,server_18,3229.96
21:00:35,server_19,1831.39
21:00:35,server_12,3599.32
21:00:35,server_17,6764.49
21:00:35,server_11,117.33
21:00:35,server_3,8894.67
21:00:35,server_9,61.39
21:00:35,server_8,91.76
21:00:35,server_7,0.0
21:00:35,server_6,1291.82
21:00:35,server_5,6944.52
21:00:35,server_4,3398.24
21:00:35,server_2,8740.09
21:00:35,server_1,6114.23
21:00:35,server_10,123.66
21:00:40,server_15,158.11
21:00:40,server_14,103.84
21:00:40,server_16,39.4
21:00:40,server_13,135.52
21:00:40,server_18,92.32
21:00:40,server_19,142.33
21:00:40,server_20,73.01
21:00:40,server_12,55.44
21:00:40,server_17,61.2
21:00:40,server_11,1931.51
21:00:40,server_10,0.0
21:00:40,server_9,138.44
21:00:40,server_2,76.53
21:00:40,server_3,10.52
21:00:40,server_4,21.41
21:00:40,server_1,0.0
21:00:40,server_6,118.73
21:00:40,server_7,35.54
21:00:40,server_8,65.79
21:00:40,server_5,93.82
21:00:45,server_12,0.0
21:00:45,server_20,71.32
21:00:45,server_19,49.17
21:00:45,server_18,42.72
21:00:45,server_16,63.67
21:00:45,server_15,0.0
21:00:45,server_14,75.05
21:00:45,server_13,192.78
21:00:45,server_11,0.0
21:00:45,server_17,55.61
21:00:45,server_9,62.54
21:00:45,server_10,0.0
21:00:45,server_2,121.54
21:00:45,server_3,65.36
21:00:45,server_4,169.59
21:00:45,server_1,0.0
21:00:45,server_6,85.47
21:00:45,server_7,905.68
21:00:45,server_8,33.56
21:00:45,server_5,22.96
21:00:50,server_20,41.56
21:00:50,server_12,5.51
21:00:50,server_19,23.44
21:00:50,server_18,93.17
21:00:50,server_17,1468.07
21:00:50,server_16,2.41
21:00:50,server_15,1.45
21:00:50,server_14,108.57
21:00:50,server_13,59.53
21:00:50,server_11,59.65
21:00:50,server_7,0.0
21:00:50,server_9,32.39
21:00:50,server_8,145.06
21:00:50,server_6,86.97
21:00:50,server_5,18.67
21:00:50,server_4,40.36
21:00:50,server_3,6288.18
21:00:50,server_2,96.54
21:00:50,server_1,0.0
21:00:50,server_10,859.77
21:00:55,server_15,57.85
21:00:55,server_14,116.28
21:00:55,server_16,1677.35
21:00:55,server_13,63.11
21:00:55,server_18,18.21
21:00:55,server_19,36.67
21:00:55,server_20,4.24
21:00:55,server_12,839.33
21:00:55,server_17,851.14
21:00:55,server_11,103.85
21:00:55,server_3,61.83
21:00:55,server_9,0.36
21:00:55,server_8,38.61
21:00:55,server_7,0.0
21:00:55,server_6,0.0
21:00:55,server_5,109.53
21:00:55,server_4,165.22
21:00:55,server_10,28.71
21:00:55,server_2,144.04
21:00:55,server_1,65.14
21:01:00,server_13,9203.78
21:01:00,server_14,40.78
21:01:00,server_15,141.43
21:01:00,server_16,0.0
21:01:00,server_20,122.58
21:01:00,server_18,67.05
21:01:00,server_19,79.55
21:01:00,server_12,4283.37
21:01:00,server_17,10.09
21:01:00,server_11,1137.22
21:01:00,server_10,4.41
21:01:00,server_9,196.75
21:01:00,server_2,49.64
21:01:00,server_3,54.06
21:01:00,server_4,59.98
21:01:00,server_1,6801.89
21:01:00,server_6,16.68
21:01:00,server_7,0.0
21:01:00,server_8,105.68
21:01:00,server_5,85.64
21:01:05,server_12,0.0
21:01:05,server_19,69.19
21:01:05,server_18,62.47
21:01:05,server_17,74.37
21:01:05,server_16,1964.14
21:01:05,server_15,8323.82
21:01:05,server_14,4420.42
21:01:05,server_13,38.29
21:01:05,server_11,142.05
21:01:05,server_20,108.04
21:01:05,server_9,88.5
21:01:05,server_1,637.64
21:01:05,server_2,76.63
21:01:05,server_3,0.0
21:01:05,server_4,150.46
21:01:05,server_10,59.34
21:01:05,server_6,29.56
21:01:05,server_7,22.82
21:01:05,server_8,8179.59
21:01:05,server_5,51.03
21:01:10,server_12,13.7
21:01:10,server_19,901.71
21:01:10,server_18,84.29
21:01:10,server_17,0.0
21:01:10,server_16,82.15
21:01:10,server_15,1050.11
21:01:10,server_14,126.67
21:01:10,server_13,0.0
21:01:10,server_11,13.84
21:01:10,server_20,34.7
21:01:10,server_9,44.18
21:01:10,server_1,79.59
21:01:10,server_2,0.0
21:01:10,server_3,67.27
21:01:10,server_4,160.23
21:01:10,server_10,0.0
21:01:10,server_6,114.23
21:01:10,server_7,49.95
21:01:10,server_8,154.14
21:01:10,server_5,0.0
21:01:15,server_11,193.84
21:01:15,server_19,1455.04
21:01:15,server_18,1304.36
21:01:15,server_17,94.54
21:01:15,server_16,574.77
21:01:15,server_15,12.28
21:01:15,server_14,26.35
21:01:15,server_13,118.27
21:01:15,server_12,62.99
21:01:15,server_20,28.26
21:01:15,server_10,124.27
21:01:15,server_8,0.0
21:01:15,server_7,117.22
21:01:15,server_6,0.0
21:01:15,server_5,138.05
21:01:15,server_4,77.75
21:01:15,server_3,50.43
21:01:15,server_2,77.18
21:01:15,server_1,70.99
21:01:15,server_9,172.89
21:01:20,server_14,0.0
21:01:20,server_15,0.0
21:01:20,server_16,41.42
21:01:20,server_12,106.54
21:01:20,server_18,9815.76
21:01:20,server_19,938.37
21:01:20,server_20,0.0
21:01:20,server_17,43.1
21:01:20,server_11,70.84
21:01:20,server_13,4185.63
21:01:20,server_9,102.9
21:01:20,server_10,76.34
21:01:20,server_2,11.3
21:01:20,server_3,53.53
21:01:20,server_4,96.8
21:01:20,server_1,6557.66
21:01:20,server_6,98.37
21:01:20,server_7,109.82
21:01:20,server_8,6.39
21:01:20,server_5,70.02
21:01:25,server_20,1156.48
21:01:25,server_19,5193.86
21:01:25,server_18,44.21
21:01:25,server_12,4.39
21:01:25,server_17,93.82
21:01:25,server_16,154.19
21:01:25,server_15,127.84
21:01:25,server_14,27.53
21:01:25,server_13,12.75
21:01:25,server_11,175.93
21:01:25,server_3,17.89
21:01:25,server_9,8410.97
21:01:25,server_1,87.07
21:01:25,server_2,0.0
21:01:25,server_4,66.01
21:01:25,server_10,90.59
21:01:25,server_6,56.7
21:01:25,server_7,39.67
21:01:25,server_8,1184.61
21:01:25,server_5,152.77
21:01:30,server_20,45.29
21:01:30,server_19,27.08
21:01:30,server_18,74.57
21:01:30,server_17,51.89
21:01:30,server_16,111.16
21:01:30,server_15,17.52
21:01:30,server_14,1.91
21:01:30,server_12,91.94
21:01:30,server_11,59.34
21:01:30,server_13,100.89
21:01:30,server_9,28.6
21:01:30,server_10,1.17
21:01:30,server_2,115.35
21:01:30,server_3,5874.16
21:01:30,server_4,211.08
21:01:30,server_1,60.89
21:01:30,server_6,81.08
21:01:30,server_7,155.77
21:01:30,server_8,96.84
21:01:30,server_5,86.47
21:01:35,server_12,9134.93
21:01:35,server_20,42.61
21:01:35,server_19,109.17
21:01:35,server_18,134.05
21:01:35,server_17,1.82
21:01:35,server_16,11.71
21:01:35,server_15,3875.43
21:01:35,server_14,78.69
21:01:35,server_13,9.64
21:01:35,server_11,1613.11
21:01:35,server_3,24.09
21:01:35,server_9,24.83
21:01:35,server_8,20.22
21:01:35,server_7,4654.19
21:01:35,server_6,7515.38
21:01:35,server_5,45.69
21:01:35,server_4,87.01
21:01:35,server_2,32.34
21:01:35,server_1,132.34
21:01:35,server_10,74.31
21:01:40,server_13,0.0
21:01:40,server_14,111.39
21:01:40,server_15,82.93
21:01:40,server_16,9073.88
21:01:40,server_19,1372.3
21:01:40,server_20,0.0
21:01:40,server_18,8.35
21:01:40,server_12,97.41
21:01:40,server_17,20.56
21:01:40,server_11,1195.56
21:01:40,server_3,9566.1
21:01:40,server_9,1492.99
21:01:40,server_10,18.11
21:01:40,server_2,59.5
21:01:40,server_4,0.0
21:01:40,server_1,0.0
21:01:40,server_6,148.21
21:01:40,server_7,121.95
21:01:40,server_5,8093.09
21:01:40,server_8,65.88
21:01:45,server_20,79.69
21:01:45,server_19,8147.65
21:01:45,server_18,94.06
21:01:45,server_17,0.0
21:01:45,server_16,84.44
21:01:45,server_15,3.12
21:01:45,server_14,2.43
21:01:45,server_12,52.64
21:01:45,server_10,881.58
21:01:45,server_13,7053.89
21:01:45,server_8,55.26
21:01:45,server_9,0.0
21:01:45,server_1,80.53
21:01:45,server_2,31.41
21:01:45,server_3,0.0
21:01:45,server_11,5712.54
21:01:45,server_5,18.16
21:01:45,server_6,159.03
21:01:45,server_7,16.6
21:01:45,server_4,97.48
21:01:50,server_20,95.93
21:01:50,server_19,95.09
21:01:50,server_18,100.55
21:01:50,server_17,141.61
21:01:50,server_16,34.22
21:01:50,server_15,110.4
21:01:50,server_14,0.0
21:01:50,server_13,136.93
21:01:50,server_12,9666.83
21:01:50,server_11,1073.83
21:01:50,server_10,5404.09
21:01:50,server_8,179.54
21:01:50,server_7,103.56
21:01:50,server_6,33.94
21:01:50,server_5,840.63
21:01:50,server_4,95.82
21:01:50,server_3,30.46
21:01:50,server_2,66.48
21:01:50,server_1,9.82
21:01:50,server_9,62.48
21:01:55,server_13,106.71
21:01:55,server_14,115.08
21:01:55,server_15,0.0
21:01:55,server_16,14.7
21:01:55,server_20,9402.02
21:01:55,server_18,72.16
21:01:55,server_19,123.5
21:01:55,server_12,903.53
21:01:55,server_17,90.61
21:01:55,server_11,0.0
21:01:55,server_10,26.85
21:01:55,server_9,26.09
21:01:55,server_2,32.14
21:01:55,server_3,94.73
21:01:55,server_4,149.45
21:01:55,server_1,82.9
21:01:55,server_6,0.27
21:01:55,server_7,0.0
21:01:55,server_8,157.59
21:01:55,server_5,88.66
21:02:00,server_12,16.03
21:02:00,server_19,9.13
21:02:00,server_18,129.05
21:02:00,server_17,62.61
21:02:00,server_16,131.48
21:02:00,server_15,0.0
21:02:00,server_14,7.2
21:02:00,server_13,93.2
21:02:00,server_11,93.2
21:02:00,server_20,140.69
21:02:00,server_9,35.22
21:02:00,server_1,0.0
21:02:00,server_2,0.0
21:02:00,server_3,120.49
21:02:00,server_4,37.57
21:02:00,server_10,24.19
21:02:00,server_6,77.18
21:02:00,server_7,18.81
21:02:00,server_8,26.22
21:02:00,server_5,130.91
21:02:05,server_12,13.0
21:02:05,server_19,1244.24
21:02:05,server_18,82.51
21:02:05,server_17,0.0
21:02:05,server_16,1067.72
21:02:05,server_15,7159.72
21:02:05,server_14,114.81
21:02:05,server_13,18.5
21:02:05,server_11,0.0
21:02:05,server_20,102.2
21:02:05,server_9,52.37
21:02:05,server_1,68.47
21:02:05,server_2,190.78
21:02:05,server_3,5793.59
21:02:05,server_4,143.93
21:02:05,server_10,63.3
21:02:05,server_6,122.03
21:02:05,server_7,78.3
21:02:05,server_8,110.8
21:02:05,server_5,7297.26
21:02:10,server_11,165.16
21:02:10,server_19,131.27
21:02:10,server_18,68.49
21:02:10,server_17,632.19
21:02:10,server_16,91.94
21:02:10,server_15,81.37
21:02:10,server_14,43.97
21:02:10,server_13,162.04
21:02:10,server_12,8033.46
21:02:10,server_20,88.04
21:02:10,server_10,39.86
21:02:10,server_8,125.06
21:02:10,server_7,49.15
21:02:10,server_6,65.94
21:02:10,server_5,55.24
21:02:10,server_4,49.05
21:02:10,server_3,98.77
21:02:10,server_2,0.0
21:02:10,server_1,0.0
21:02:10,server_9,154.62
21:02:15,server_13,7.95
21:02:15,server_14,46.87
21:02:15,server_15,37.14
21:02:15,server_12,106.67
21:02:15,server_17,3872.01
21:02:15,server_18,126.3
21:02:15,server_19,8733.79
21:02:15,server_16,53.71
21:02:15,server_11,0.0
21:02:15,server_20,48.86
21:02:15,server_9,84.95
21:02:15,server_8,112.82
21:02:15,server_7,85.95
21:02:15,server_6,1857.9
21:02:15,server_5,55.66
21:02:15,server_4,15.79
21:02:15,server_3,14.84
21:02:15,server_2,15.4
21:02:15,server_1,1333.73
21:02:15,server_10,62.98
21:02:20,server_13,1449.13
21:02:20,server_14,1211.37
21:02:20,server_15,53.82
21:02:20,server_16,35.53
21:02:20,server_20,123.43
21:02:20,server_12,30.37
21:02:20,server_18,146.51
21:02:20,server_19,3009.73
21:02:20,server_17,82.37
21:02:20,server_11,6838.81
21:02:20,server_3,1476.32
21:02:20,server_9,3.64
21:02:20,server_1,0.0
21:02:20,server_2,0.0
21:02:20,server_4,114.05
21:02:20,server_10,1666.53
21:02:20,server_6,92.28
21:02:20,server_7,75.58
21:02:20,server_8,955.56
21:02:20,server_5,6.25
21:02:25,server_20,70.98
21:02:25,server_19,1511.26
21:02:25,server_18,80.35
21:02:25,server_17,72.51
21:02:25,server_16,44.71
21:02:25,server_15,128.5
21:02:25,server_14,47.04
21:02:25,server_12,33.63
21:02:25,server_11,80.88
21:02:25,server_13,103.33
21:02:25,server_9,0.51
21:02:25,server_10,54.03
21:02:25,server_2,52.67
21:02:25,server_3,123.36
21:02:25,server_4,548.6
21:02:25,server_1,56.27
21:02:25,server_6,4460.67
21:02:25,server_7,66.89
21:02:25,server_8,7.17
21:02:25,server_5,37.91
21:02:30,server_12,91.89
21:02:30,server_20,119.39
21:02:30,server_19,63.81
21:02:30,server_18,0.0
21:02:30,server_17,81.88
21:02:30,server_16,77.27
21:02:30,server_15,41.65
21:02:30,server_14,841.34
21:02:30,server_13,42.75
21:02:30,server_11,98.5
21:02:30,server_3,4.74
21:02:30,server_9,215.8
21:02:30,server_8,149.37
21:02:30,server_7,44.36
21:02:30,server_6,120.18
21:02:30,server_5,146.9
21:02:30,server_4,61.06
21:02:30,server_2,9487.71
21:02:30,server_1,82.35
21:02:30,server_10,8205.1
21:02:35,server_13,9049.87
21:02:35,server_14,60.05
21:02:35,server_15,7501.55
21:02:35,server_16,0.0
21:02:35,server_20,0.0
21:02:35,server_18,48.98
21:02:35,server_19,1756.23
21:02:35,server_12,122.22
21:02:35,server_17,43.66
21:02:35,server_11,0.0
21:02:35,server_3,93.42
21:02:35,server_9,32.78
21:02:35,server_1,118.16
21:02:35,server_2,138.63
21:02:35,server_4,74.12
21:02:35,server_10,9.86
21:02:35,server_6,152.92
21:02:35,server_7,566.69
21:02:35,server_8,32.03
21:02:35,server_5,127.53
21:02:40,server_20,17.14
21:02:40,server_11,15.48
21:02:40,server_18,49.36
21:02:40,server_17,6593.06
21:02:40,server_16,97.96
21:02:40,server_15,157.56
21:02:40,server_14,0.0
21:02:40,server_13,29.0
21:02:40,server_12,128.39
21:02:40,server_19,47.88
21:02:40,server_10,1202.32
21:02:40,server_8,79.79
21:02:40,server_7,41.37
21:02:40,server_6,22.09
21:02:40,server_5,0.0
21:02:40,server_4,80.64
21:02:40,server_3,696.3
21:02:40,server_2,71.03
21:02:40,server_1,1001.37
21:02:40,server_9,1315.6
21:02:45,server_13,67.91
21:02:45,server_14,120.76
21:02:45,server_15,1918.14
21:02:45,server_12,591.79
21:02:45,server_17,0.0
21:02:45,server_18,70.31
21:02:45,server_19,42.92
21:02:45,server_16,8068.88
21:02:45,server_11,67.54
21:02:45,server_20,0.0
21:02:45,server_9,3.09
21:02:45,server_1,89.22
21:02:45,server_2,82.9
21:02:45,server_3,0.0
21:02:45,server_4,54.16
21:02:45,server_10,1504.4
21:02:45,server_6,0.0
21:02:45,server_7,119.69
21:02:45,server_8,64.46
21:02:45,server_5,1563.3
21:02:50,server_12,73.98
21:02:50,server_20,0.0
21:02:50,server_19,92.44
21:02:50,server_18,30.5
21:02:50,server_17,106.76
21:02:50,server_16,49.07
21:02:50,server_15,62.29
21:02:50,server_14,82.83
21:02:50,server_13,132.94
21:02:50,server_11,125.26
21:02:50,server_3,94.1
21:02:50,server_9,110.03
21:02:50,server_8,5313.13
21:02:50,server_7,0.0
21:02:50,server_6,1.6
21:02:50,server_5,105.71
21:02:50,server_4,84.33
21:02:50,server_10,131.22
21:02:50,server_2,8523.72
21:02:50,server_1,98.44
21:02:55,server_13,97.88
21:02:55,server_14,43.75
21:02:55,server_15,3419.57
21:02:55,server_16,17.82
21:02:55,server_20,42.67
21:02:55,server_18,11.08
21:02:55,server_19,857.63
21:02:55,server_12,0.0
21:02:55,server_17,0.0
21:02:55,server_11,29.38
21:02:55,server_10,1.16
21:02:55,server_9,102.75
21:02:55,server_2,73.15
21:02:55,server_3,4255.39
21:02:55,server_4,36.93
21:02:55,server_1,60.77
21:02:55,server_6,62.76
21:02:55,server_7,79.85
21:02:55,server_8,43.1
21:02:55,server_5,1953.32
21:03:00,server_12,0.0
21:03:00,server_19,99.35
21:03:00,server_18,0.0
21:03:00,server_17,68.36
21:03:00,server_16,45.3
21:03:00,server_15,9987.71
21:03:00,server_14,36.04
21:03:00,server_13,5870.27
21:03:00,server_11,77.97
21:03:00,server_20,9.05
21:03:00,server_9,107.47
21:03:00,server_1,154.82
21:03:00,server_2,53.08
21:03:00,server_3,4.47
21:03:00,server_4,17.01
21:03:00,server_10,76.74
21:03:00,server_6,935.01
21:03:00,server_7,93.57
21:03:00,server_8,151.77
21:03:00,server_5,129.93
21:03:05,server_19,137.62
21:03:05,server_18,60.56
21:03:05,server_17,809.88
21:03:05,server_16,130.5
21:03:05,server_15,60.1
21:03:05,server_14,22.08
21:03:05,server_13,6716.13
21:03:05,server_12,0.0
21:03:05,server_11,0.0
21:03:05,server_20,44.25
21:03:05,server_9,80.4
21:03:05,server_1,100.4
21:03:05,server_2,37.22
21:03:05,server_3,1247.05
21:03:05,server_4,36.75
21:03:05,server_10,4238.9
21:03:05,server_6,45.33
21:03:05,server_7,0.54
21:03:05,server_8,9553.99
21:03:05,server_5,53.17
21:03:10,server_11,46.41
21:03:10,server_19,123.6
21:03:10,server_18,50.35
21:03:10,server_17,0.0
21:03:10,server_16,91.93
21:03:10,server_15,74.2
21:03:10,server_14,5.36
21:03:10,server_13,121.85
21:03:10,server_12,12.68
21:03:10,server_20,9982.43
21:03:10,server_10,6982.27
21:03:10,server_8,774.87
21:03:10,server_9,102.19
21:03:10,server_1,23.08
21:03:10,server_2,40.89
21:03:10,server_3,85.25
21:03:10,server_5,27.97
21:03:10,server_6,203.47
21:03:10,server_7,58.67
21:03:10,server_4,43.07
21:03:15,server_20,51.43
21:03:15,server_19,125.33
21:03:15,server_18,48.88
21:03:15,server_17,86.18
21:03:15,server_16,149.0
21:03:15,server_15,35.06
21:03:15,server_14,24.69
21:03:15,server_13,84.49
21:03:15,server_12,15.97
21:03:15,server_11,38.53
21:03:15,server_9,93.94
21:03:15,server_1,1.63
21:03:15,server_2,852.05
21:03:15,server_3,8930.08
21:03:15,server_4,1066.64
21:03:15,server_10,8508.66
21:03:15,server_6,40.8
21:03:15,server_7,24.63
21:03:15,server_8,82.85
21:03:15,server_5,9096.61
21:03:20,server_12,24.5
21:03:20,server_20,45.26
21:03:20,server_19,10.23
21:03:20,server_18,128.63
21:03:20,server_17,72.44
21:03:20,server_16,1776.82
21:03:20,server_15,76.24
21:03:20,server_14,9061.84
21:03:20,server_13,19.9
21:03:20,server_11,4600.62
21:03:20,server_10,92.97
21:03:20,server_9,39.3
21:03:20,server_2,29.41
21:03:20,server_3,75.24
21:03:20,server_4,3327.97
21:03:20,server_1,122.03
21:03:20,server_6,102.18
21:03:20,server_7,30.88
21:03:20,server_8,14.57
21:03:20,server_5,150.58
21:03:25,server_12,12.74
21:03:25,server_19,4223.64
21:03:25,server_18,79.4
21:03:25,server_17,67.6
21:03:25,server_16,60.69
21:03:25,server_15,105.3
21:03:25,server_14,69.27
21:03:25,server_13,8115.33
21:03:25,server_11,96.39
21:03:25,server_20,4.27
21:03:25,server_9,43.3
21:03:25,server_1,954.25
21:03:25,server_2,38.2
21:03:25,server_3,0.0
21:03:25,server_4,99.12
21:03:25,server_10,1068.14
21:03:25,server_6,131.56
21:03:25,server_7,59.34
21:03:25,server_8,159.33
21:03:25,server_5,90.04
21:03:30,server_12,1090.12
21:03:30,server_19,99.87
21:03:30,server_18,49.99
21:03:30,server_17,66.19
21:03:30,server_16,0.0
21:03:30,server_15,93.2
21:03:30,server_14,22.5
21:03:30,server_13,4948.12
21:03:30,server_11,66.41
21:03:30,server_20,121.3
21:03:30,server_9,44.61
21:03:30,server_1,66.52
21:03:30,server_2,127.16
21:03:30,server_3,95.01
21:03:30,server_4,88.1
21:03:30,server_10,1457.07
21:03:30,server_6,0.0
21:03:30,server_7,0.0
21:03:30,server_8,89.1
21:03:30,server_5,78.21
21:03:35,server_11,38.87
21:03:35,server_19,75.26
21:03:35,server_18,22.06
21:03:35,server_17,90.7
21:03:35,server_16,192.77
21:03:35,server_15,118.42
21:03:35,server_14,75.01
21:03:35,server_13,1770.67
21:03:35,server_12,33.26
21:03:35,server_20,4930.09
21:03:35,server_10,62.38
21:03:35,server_8,66.11
21:03:35,server_7,0.0
21:03:35,server_6,71.51
21:03:35,server_5,0.0
21:03:35,server_4,9516.12
21:03:35,server_3,0.0
21:03:35,server_2,8037.53
21:03:35,server_1,48.73
21:03:35,server_9,0.0
21:03:40,server_13,99.13
21:03:40,server_14,1423.38
21:03:40,server_15,4411.7
21:03:40,server_12,19.46
21:03:40,server_17,12.27
21:03:40,server_18,58.98
21:03:40,server_19,80.54
21:03:40,server_16,166.81
21:03:40,server_11,0.0
21:03:40,server_20,0.0
21:03:40,server_9,183.86
21:03:40,server_1,64.28
21:03:40,server_2,0.0
21:03:40,server_3,0.0
21:03:40,server_4,7674.65
21:03:40,server_10,38.68
21:03:40,server_6,77.56
21:03:40,server_7,41.04
21:03:40,server_8,79.59
21:03:40,server_5,115.22
21:03:45,server_19,71.84
21:03:45,server_18,126.13
21:03:45,server_17,56.77
21:03:45,server_16,110.12
21:03:45,server_15,0.0
21:03:45,server_14,4265.82
21:03:45,server_13,50.18
21:03:45,server_12,879.18
21:03:45,server_11,26.14
21:03:45,server_20,0.0
21:03:45,server_9,147.27
21:03:45,server_1,73.86
21:03:45,server_2,150.34
21:03:45,server_3,8.19
21:03:45,server_4,0.0
21:03:45,server_10,125.69
21:03:45,server_6,13.03
21:03:45,server_7,5.4
21:03:45,server_8,15.58
21:03:45,server_5,20.79
21:03:50,server_11,0.0
21:03:50,server_19,1745.92
21:03:50,server_18,99.01
21:03:50,server_17,49.87
21:03:50,server_16,1785.69
21:03:50,server_15,44.26
21:03:50,server_14,7081.58
21:03:50,server_13,87.13
21:03:50,server_12,7441.51
21:03:50,server_20,1012.94
21:03:50,server_10,60.38
21:03:50,server_8,98.37
21:03:50,server_9,131.38
21:03:50,server_1,154.17
21:03:50,server_2,126.8
21:03:50,server_3,97.51
21:03:50,server_5,56.54
21:03:50,server_6,102.68
21:03:50,server_7,22.78
21:03:50,server_4,37.29
21:03:55,server_20,154.61
21:03:55,server_11,1789.42
21:03:55,server_18,112.53
21:03:55,server_17,7790.11
21:03:55,server_16,0.0
21:03:55,server_15,35.72
21:03:55,server_14,0.0
21:03:55,server_13,23.16
21:03:55,server_12,1992.09
21:03:55,server_19,13.57
21:03:55,server_10,67.27
21:03:55,server_8,1223.8
21:03:55,server_1,22.26
21:03:55,server_2,4500.33
21:03:55,server_3,48.63
21:03:55,server_9,91.15
21:03:55,server_5,35.97
21:03:55,server_6,138.4
21:03:55,server_7,0.0
21:03:55,server_4,0.0
21:04:00,server_13,50.67
21:04:00,server_20,128.64
21:04:00,server_19,121.03
21:04:00,server_18,16.94
21:04:00,server_17,0.0
21:04:00,server_16,7562.97
21:04:00,server_15,51.06
21:04:00,server_14,0.0
21:04:00,server_12,131.26
21:04:00,server_11,46.77
21:04:00,server_1,18.95
21:04:00,server_9,117.15
21:04:00,server_8,82.22
21:04:00,server_7,55.95
21:04:00,server_6,0.0
21:04:00,server_5,87.83
21:04:00,server_4,91.5
21:04:00,server_3,0.0
21:04:00,server_2,106.07
21:04:00,server_10,78.99
21:04:05,server_13,50.86
21:04:05,server_14,83.08
21:04:05,server_15,0.0
21:04:05,server_16,0.0
21:04:05,server_12,133.06
21:04:05,server_18,109.0
21:04:05,server_19,31.67
21:04:05,server_20,52.01
21:04:05,server_17,112.91
21:04:05,server_11,0.0
21:04:05,server_1,65.79
21:04:05,server_9,56.46
21:04:05,server_8,75.48
21:04:05,server_7,162.84
21:04:05,server_6,545.39
21:04:05,server_5,1205.07
21:04:05,server_4,29.85
21:04:05,server_3,7165.18
21:04:05,server_2,1150.29
21:04:05,server_10,187.88
21:04:10,server_12,23.67
21:04:10,server_13,28.77
21:04:10,server_14,2.9
21:04:10,server_15,83.57
21:04:10,server_19,76.99
21:04:10,server_17,110.06
21:04:10,server_18,13.42
21:04:10,server_11,0.0
21:04:10,server_16,0.0
21:04:10,server_20,85.96
21:04:10,server_10,27.09
21:04:10,server_8,88.07
21:04:10,server_1,91.93
21:04:10,server_2,8116.3
21:04:10,server_3,0.0
21:04:10,server_9,122.19
21:04:10,server_5,513.85
21:04:10,server_6,62.57
21:04:10,server_7,75.48
21:04:10,server_4,1063.58
21:04:15,server_12,155.13
21:04:15,server_19,8006.46
21:04:15,server_18,108.62
21:04:15,server_17,58.88
21:04:15,server_16,24.79
21:04:15,server_15,79.27
21:04:15,server_14,122.47
21:04:15,server_13,0.0
21:04:15,server_11,87.08
21:04:15,server_20,544.96
21:04:15,server_9,73.66
21:04:15,server_1,0.0
21:04:15,server_2,135.75
21:04:15,server_3,1.67
21:04:15,server_4,85.78
21:04:15,server_10,98.03
21:04:15,server_6,88.16
21:04:15,server_7,27.73
21:04:15,server_8,119.7
21:04:15,server_5,0.0
21:04:20,server_11,105.98
21:04:20,server_19,56.41
21:04:20,server_18,141.22
21:04:20,server_17,109.93
21:04:20,server_16,0.0
21:04:20,server_15,64.03
21:04:20,server_14,130.27
21:04:20,server_13,190.23
21:04:20,server_12,0.0
21:04:20,server_20,0.0
21:04:20,server_10,1020.45
21:04:20,server_8,42.23
21:04:20,server_7,167.54
21:04:20,server_6,6093.42
21:04:20,server_5,51.5
21:04:20,server_4,8.27
21:04:20,server_3,5656.64
21:04:20,server_2,22.28
21:04:20,server_1,148.73
21:04:20,server_9,18.05
21:04:25,server_14,44.85
21:04:25,server_15,87.25
21:04:25,server_16,1264.75
21:04:25,server_13,159.69
21:04:25,server_18,63.98
21:04:25,server_19,3240.57
21:04:25,server_20,5461.97
21:04:25,server_17,0.0
21:04:25,server_12,0.0
21:04:25,server_11,177.96
21:04:25,server_1,124.54
21:04:25,server_9,10.98
21:04:25,server_8,3.88
21:04:25,server_7,196.99
21:04:25,server_6,21.78
21:04:25,server_5,1127.98
21:04:25,server_4,158.92
21:04:25,server_3,56.02
21:04:25,server_2,26.37
21:04:25,server_10,149.35
21:04:30,server_13,33.31
21:04:30,server_14,61.14
21:04:30,server_15,20.99
21:04:30,server_20,125.22
21:04:30,server_18,134.83
21:04:30,server_19,70.65
21:04:30,server_12,83.16
21:04:30,server_16,2.17
21:04:30,server_11,50.4
21:04:30,server_17,0.0
21:04:30,server_9,0.0
21:04:30,server_10,56.45
21:04:30,server_2,9754.7
21:04:30,server_3,8616.41
21:04:30,server_4,1964.46
21:04:30,server_1,90.66
21:04:30,server_6,0.0
21:04:30,server_7,53.29
21:04:30,server_8,27.24
21:04:30,server_5,82.92
21:04:35,server_20,189.35
21:04:35,server_12,185.71
21:04:35,server_19,1127.73
21:04:35,server_18,0.0
21:04:35,server_17,1176.25
21:04:35,server_16,2.17
21:04:35,server_15,0.0
21:04:35,server_14,0.0
21:04:35,server_13,6666.92
21:04:35,server_11,0.94
21:04:35,server_7,1244.55
21:04:35,server_9,66.19
21:04:35,server_8,1823.35
21:04:35,server_6,7302.66
21:04:35,server_5,106.21
21:04:35,server_4,168.73
21:04:35,server_3,929.05
21:04:35,server_2,42.43
21:04:35,server_1,144.01
21:04:35,server_10,80.16
21:04:40,server_15,5.56
21:04:40,server_13,591.19
21:04:40,server_14,19.67
21:04:40,server_16,17.05
21:04:40,server_12,4786.04
21:04:40,server_18,61.18
21:04:40,server_19,0.0
21:04:40,server_20,0.0
21:04:40,server_17,101.4
21:04:40,server_11,18.23
21:04:40,server_1,8825.58
21:04:40,server_9,88.18
21:04:40,server_2,53.57
21:04:40,server_3,29.27
21:04:40,server_4,35.54
21:04:40,server_10,20.54
21:04:40,server_6,63.58
21:04:40,server_7,536.15
21:04:40,server_8,11.7
21:04:40,server_5,38.01
21:04:45,server_13,60.27
21:04:45,server_20,4431.05
21:04:45,server_19,10.97
21:04:45,server_18,3541.47
21:04:45,server_17,143.49
21:04:45,server_16,78.86
21:04:45,server_15,80.37
21:04:45,server_14,0.0
21:04:45,server_12,0.0
21:04:45,server_11,133.18
21:04:45,server_1,73.68
21:04:45,server_9,41.9
21:04:45,server_8,0.0
21:04:45,server_7,0.0
21:04:45,server_6,56.77
21:04:45,server_5,47.28
21:04:45,server_4,37.71
21:04:45,server_3,61.46
21:04:45,server_2,103.5
21:04:45,server_10,24.85
21:04:50,server_13,68.71
21:04:50,server_14,51.4
21:04:50,server_15,4778.16
21:04:50,server_16,106.58
21:04:50,server_12,22.53
21:04:50,server_18,20.15
21:04:50,server_19,1591.92
21:04:50,server_20,880.63
21:04:50,server_17,62.42
21:04:50,server_11,1145.3
21:04:50,server_1,0.0
21:04:50,server_9,139.87
21:04:50,server_8,43.16
21:04:50,server_7,108.1
21:04:50,server_6,134.32
21:04:50,server_5,147.77
21:04:50,server_4,72.86
21:04:50,server_3,1212.95
21:04:50,server_2,89.11
21:04:50,server_10,31.16
21:04:55,server_13,80.21
21:04:55,server_14,59.7
21:04:55,server_15,62.72
21:04:55,server_16,149.08
21:04:55,server_20,52.89
21:04:55,server_18,50.23
21:04:55,server_19,79.0
21:04:55,server_12,194.13
21:04:55,server_17,51.45
21:04:55,server_11,62.37
21:04:55,server_1,10.7
21:04:55,server_9,5978.16
21:04:55,server_2,73.36
21:04:55,server_3,56.77
21:04:55,server_4,84.41
21:04:55,server_10,79.81
21:04:55,server_6,137.08
21:04:55,server_7,71.29
21:04:55,server_8,88.09
21:04:55,server_5,134.56
21:05:00,server_12,61.09
21:05:00,server_19,41.16
21:05:00,server_18,73.06
21:05:00,server_17,5.15
21:05:00,server_16,41.77
21:05:00,server_15,45.0
21:05:00,server_14,15.18
21:05:00,server_13,84.73
21:05:00,server_20,49.59
21:05:00,server_11,12.41
21:05:00,server_9,154.36
21:05:00,server_8,31.57
21:05:00,server_7,630.69
21:05:00,server_6,41.86
21:05:00,server_5,0.0
21:05:00,server_4,105.52
21:05:00,server_3,18.37
21:05:00,server_2,0.0
21:05:00,server_1,116.44
21:05:00,server_10,76.85
21:05:05,server_13,166.09
21:05:05,server_14,123.97
21:05:05,server_15,45.67
21:05:05,server_16,0.0
21:05:05,server_12,10.25
21:05:05,server_18,1457.85
21:05:05,server_19,5568.08
21:05:05,server_20,0.0
21:05:05,server_17,1774.15
21:05:05,server_11,20.51
21:05:05,server_10,48.9
21:05:05,server_9,0.0
21:05:05,server_8,77.29
21:05:05,server_7,27.32
21:05:05,server_6,3.14
21:05:05,server_5,0.0
21:05:05,server_4,4711.68
21:05:05,server_3,152.67
21:05:05,server_2,132.01
21:05:05,server_1,4261.87
21:05:10,server_13,38.07
21:05:10,server_14,37.28
21:05:10,server_15,9024.57
21:05:10,server_16,56.59
21:05:10,server_20,38.38
21:05:10,server_18,16.39
21:05:10,server_19,0.0
21:05:10,server_12,994.79
21:05:10,server_17,68.05
21:05:10,server_11,180.76
21:05:10,server_10,0.0
21:05:10,server_9,7657.75
21:05:10,server_2,173.01
21:05:10,server_3,27.02
21:05:10,server_4,62.34
21:05:10,server_1,175.43
21:05:10,server_6,136.63
21:05:10,server_7,96.89
21:05:10,server_8,42.93
21:05:10,server_5,100.53
21:05:15,server_12,172.64
21:05:15,server_19,4062.79
21:05:15,server_18,8971.88
21:05:15,server_17,0.0
21:05:15,server_16,73.2
21:05:15,server_15,6382.64
21:05:15,server_14,176.52
21:05:15,server_13,18.08
21:05:15,server_11,1802.32
21:05:15,server_20,62.12
21:05:15,server_9,187.33
21:05:15,server_1,40.39
21:05:15,server_2,747.6
21:05:15,server_3,0.0
21:05:15,server_4,88.98
21:05:15,server_10,37.6
21:05:15,server_6,0.0
21:05:15,server_7,111.68
21:05:15,server_8,121.21
21:05:15,server_5,6939.15
21:05:20,server_12,68.54
21:05:20,server_19,82.51
21:05:20,server_18,6986.61
21:05:20,server_17,1.32
21:05:20,server_16,44.81
21:05:20,server_15,39.53
21:05:20,server_14,69.07
21:05:20,server_13,1562.45
21:05:20,server_11,0.52
21:05:20,server_20,24.82
21:05:20,server_9,15.8
21:05:20,server_1,102.86
21:05:20,server_2,1591.49
21:05:20,server_3,5554.47
21:05:20,server_4,66.17
21:05:20,server_10,0.0
21:05:20,server_6,54.36
21:05:20,server_7,46.5
21:05:20,server_8,12.36
21:05:20,server_5,189.85
21:05:25,server_11,46.1
21:05:25,server_19,95.14
21:05:25,server_18,33.11
21:05:25,server_17,0.0
21:05:25,server_16,8971.74
21:05:25,server_15,33.16
21:05:25,server_14,166.96
21:05:25,server_13,6180.8
21:05:25,server_12,0.0
21:05:25,server_20,32.6
21:05:25,server_10,75.57
21:05:25,server_8,114.51
21:05:25,server_7,176.18
21:05:25,server_6,73.54
21:05:25,server_5,21.68
21:05:25,server_4,0.0
21:05:25,server_3,15.62
21:05:25,server_2,1051.74
21:05:25,server_1,29.08
21:05:25,server_9,65.4
21:05:30,server_13,134.18
21:05:30,server_14,0.0
21:05:30,server_15,7676.8
21:05:30,server_12,0.0
21:05:30,server_17,117.46
21:05:30,server_18,0.0
21:05:30,server_19,33.54
21:05:30,server_16,107.38
21:05:30,server_11,121.79
21:05:30,server_20,52.77
21:05:30,server_9,1060.64
21:05:30,server_1,51.35
21:05:30,server_2,40.22
21:05:30,server_3,4053.89
21:05:30,server_4,0.0
21:05:30,server_10,17.09
21:05:30,server_6,15.23
21:05:30,server_7,3773.45
21:05:30,server_8,14.8
21:05:30,server_5,54.48
21:05:35,server_19,152.58
21:05:35,server_18,9.62
21:05:35,server_17,86.34
21:05:35,server_16,131.97
21:05:35,server_15,168.67
21:05:35,server_14,65.93
21:05:35,server_13,702.8
21:05:35,server_12,570.41
21:05:35,server_11,4793.99
21:05:35,server_20,86.79
21:05:35,server_9,21.27
21:05:35,server_1,55.96
21:05:35,server_2,0.0
21:05:35,server_3,19.61
21:05:35,server_4,71.43
21:05:35,server_10,908.63
21:05:35,server_6,0.0
21:05:35,server_7,111.75
21:05:35,server_8,32.22
21:05:35,server_5,991.69
21:05:40,server_11,144.97
21:05:40,server_19,0.0
21:05:40,server_18,83.29
21:05:40,server_17,142.56
21:05:40,server_16,81.83
21:05:40,server_15,3295.69
21:05:40,server_14,106.62
21:05:40,server_13,1531.6
21:05:40,server_12,69.19
21:05:40,server_20,158.49
21:05:40,server_10,56.58
21:05:40,server_8,57.36
21:05:40,server_9,119.58
21:05:40,server_1,61.32
21:05:40,server_2,0.0
21:05:40,server_3,1283.07
21:05:40,server_5,95.75
21:05:40,server_6,78.75
21:05:40,server_7,168.05
21:05:40,server_4,133.52
21:05:45,server_20,6414.85
21:05:45,server_11,102.96
21:05:45,server_18,4.73
21:05:45,server_17,61.26
21:05:45,server_16,48.67
21:05:45,server_15,8.25
21:05:45,server_14,15.68
21:05:45,server_13,111.4
21:05:45,server_12,36.38
21:05:45,server_19,8752.09
21:05:45,server_10,97.98
21:05:45,server_8,6697.26
21:05:45,server_1,30.91
21:05:45,server_2,5798.98
21:05:45,server_3,7622.42
21:05:45,server_9,32.59
21:05:45,server_5,47.68
21:05:45,server_6,0.0
21:05:45,server_7,5224.78
21:05:45,server_4,65.1
21:05:50,server_12,2.34
21:05:50,server_19,73.62
21:05:50,server_18,56.51
21:05:50,server_17,25.1
21:05:50,server_16,91.26
21:05:50,server_15,79.97
21:05:50,server_14,67.14
21:05:50,server_13,23.92
21:05:50,server_11,6525.4
21:05:50,server_20,42.45
21:05:50,server_9,49.91
21:05:50,server_1,55.04
21:05:50,server_2,9347.57
21:05:50,server_3,65.55
21:05:50,server_4,59.76
21:05:50,server_10,1693.39
21:05:50,server_6,89.95
21:05:50,server_7,5480.86
21:05:50,server_8,16.86
21:05:50,server_5,7407.16
21:05:55,server_11,85.79
21:05:55,server_19,121.88
21:05:55,server_18,184.15
21:05:55,server_17,515.63
21:05:55,server_16,101.4
21:05:55,server_15,17.21
21:05:55,server_14,3.88
21:05:55,server_13,109.64
21:05:55,server_12,7291.88
21:05:55,server_20,0.0
21:05:55,server_10,82.55
21:05:55,server_8,3498.1
21:05:55,server_7,65.16
21:05:55,server_6,65.52
21:05:55,server_5,21.84
21:05:55,server_4,59.14
21:05:55,server_3,56.25
21:05:55,server_2,78.33
21:05:55,server_1,82.25
21:05:55,server_9,151.37
21:06:00,server_13,107.93
21:06:00,server_14,9535.08
21:06:00,server_15,75.12
21:06:00,server_12,21.87
21:06:00,server_17,112.14
21:06:00,server_18,43.73
21:06:00,server_19,4061.95
21:06:00,server_16,15.81
21:06:00,server_11,71.2
21:06:00,server_20,53.73
21:06:00,server_9,142.67
21:06:00,server_1,26.21
21:06:00,server_2,35.65
21:06:00,server_3,63.83
21:06:00,server_4,61.92
21:06:00,server_10,60.26
21:06:00,server_6,104.67
21:06:00,server_7,8225.72
21:06:00,server_8,122.37
21:06:00,server_5,7919.18
21:06:05,server_12,67.69
21:06:05,server_20,0.0
21:06:05,server_19,669.3
21:06:05,server_18,45.45
21:06:05,server_17,45.28
21:06:05,server_16,135.46
21:06:05,server_15,820.63
21:06:05,server_14,130.07
21:06:05,server_13,17.16
21:06:05,server_11,114.7
21:06:05,server_10,6865.84
21:06:05,server_9,5567.94
21:06:05,server_2,1325.04
21:06:05,server_3,101.72
21:06:05,server_4,7810.01
21:06:05,server_1,101.11
21:06:05,server_6,7.99
21:06:05,server_7,93.35
21:06:05,server_8,103.12
21:06:05,server_5,79.49
21:06:10,server_12,1054.38
21:06:10,server_19,119.61
21:06:10,server_18,53.02
21:06:10,server_17,24.03
21:06:10,server_16,96.28
21:06:10,server_15,143.77
21:06:10,server_14,1003.94
21:06:10,server_13,1439.49
21:06:10,server_11,75.97
21:06:10,server_20,133.31
21:06:10,server_9,806.7
21:06:10,server_1,24.67
21:06:10,server_2,4386.33
21:06:10,server_3,118.6
21:06:10,server_4,0.0
21:06:10,server_10,86.5
21:06:10,server_6,95.57
21:06:10,server_7,7.54
21:06:10,server_8,119.99
21:06:10,server_5,96.7
21:06:15,server_12,0.0
21:06:15,server_19,0.0
21:06:15,server_18,95.24
21:06:15,server_17,138.23
21:06:15,server_16,0.0
21:06:15,server_15,50.29
21:06:15,server_14,25.08
21:06:15,server_13,655.39
21:06:15,server_11,7501.61
21:06:15,server_20,125.53
21:06:15,server_9,74.78
21:06:15,server_1,3621.55
21:06:15,server_2,118.19
21:06:15,server_3,5336.56
21:06:15,server_4,130.7
21:06:15,server_10,110.13
21:06:15,server_6,8991.88
21:06:15,server_7,48.91
21:06:15,server_8,8418.07
21:06:15,server_5,59.4
21:06:20,server_11,47.76
21:06:20,server_19,131.81
21:06:20,server_18,0.0
21:06:20,server_17,107.11
21:06:20,server_16,23.39
21:06:20,server_15,148.31
21:06:20,server_14,90.41
21:06:20,server_13,0.0
21:06:20,server_12,0.0
21:06:20,server_20,64.6
21:06:20,server_10,178.07
21:06:20,server_8,68.81
21:06:20,server_7,152.17
21:06:20,server_6,31.01
21:06:20,server_5,56.18
21:06:20,server_4,1083.86
21:06:20,server_3,5.66
21:06:20,server_2,0.0
21:06:20,server_1,36.67
21:06:20,server_9,96.16
21:06:25,server_13,11.65
21:06:25,server_14,76.86
21:06:25,server_15,0.0
21:06:25,server_12,58.14
21:06:25,server_17,0.0
21:06:25,server_18,9784.4
21:06:25,server_19,185.64
21:06:25,server_16,170.63
21:06:25,server_11,0.0
21:06:25,server_20,92.04
21:06:25,server_9,5.24
21:06:25,server_1,28.94
21:06:25,server_2,51.55
21:06:25,server_3,52.28
21:06:25,server_4,0.0
21:06:25,server_10,72.79
21:06:25,server_6,3753.3
21:06:25,server_7,73.15
21:06:25,server_8,89.09
21:06:25,server_5,189.04
21:06:30,server_19,137.16
21:06:30,server_18,178.28
21:06:30,server_17,31.0
21:06:30,server_16,55.72
21:06:30,server_15,1426.69
21:06:30,server_14,72.8
21:06:30,server_13,58.14
21:06:30,server_12,65.02
21:06:30,server_11,44.92
21:06:30,server_20,39.77
21:06:30,server_9,195.76
21:06:30,server_1,42.75
21:06:30,server_2,15.22
21:06:30,server_3,92.53
21:06:30,server_4,118.22
21:06:30,server_10,0.0
21:06:30,server_6,8724.82
21:06:30,server_7,27.23
21:06:30,server_8,1978.75
21:06:30,server_5,524.14
21:06:35,server_11,8120.36
21:06:35,server_19,0.0
21:06:35,server_18,111.0
21:06:35,server_17,9.69
21:06:35,server_16,53.64
21:06:35,server_15,72.37
21:06:35,server_14,60.68
21:06:35,server_13,0.0
21:06:35,server_12,0.0
21:06:35,server_20,182.64
21:06:35,server_10,5741.54
21:06:35,server_8,138.56
21:06:35,server_9,0.0
21:06:35,server_1,50.46
21:06:35,server_2,44.5
21:06:35,server_3,61.99
21:06:35,server_5,0.0
21:06:35,server_6,1046.56
21:06:35,server_7,0.0
21:06:35,server_4,51.46
21:06:40,server_20,0.0
21:06:40,server_11,6952.97
21:06:40,server_18,52.15
21:06:40,server_17,179.09
21:06:40,server_16,51.77
21:06:40,server_15,36.19
21:06:40,server_14,12.91
21:06:40,server_13,36.87
21:06:40,server_12,176.92
21:06:40,server_19,29.01
21:06:40,server_10,51.85
21:06:40,server_8,26.22
21:06:40,server_1,0.0
21:06:40,server_2,151.36
21:06:40,server_3,120.17
21:06:40,server_9,102.89
21:06:40,server_5,53.86
21:06:40,server_6,108.22
21:06:40,server_7,65.49
21:06:40,server_4,1101.27
21:06:45,server_12,48.34
21:06:45,server_19,123.39
21:06:45,server_18,0.83
21:06:45,server_17,4.07
21:06:45,server_16,1560.64
21:06:45,server_15,127.95
21:06:45,server_14,100.73
21:06:45,server_13,123.18
21:06:45,server_11,111.13
21:06:45,server_20,39.69
21:06:45,server_9,11.49
21:06:45,server_1,0.0
21:06:45,server_2,0.0
21:06:45,server_3,91.48
21:06:45,server_4,0.0
21:06:45,server_10,3687.67
21:06:45,server_6,82.83
21:06:45,server_7,18.6
21:06:45,server_8,28.51
21:06:45,server_5,1.83
21:06:50,server_11,53.03
21:06:50,server_19,39.97
21:06:50,server_18,753.17
21:06:50,server_17,59.92
21:06:50,server_16,116.95
21:06:50,server_15,0.0
21:06:50,server_14,61.36
21:06:50,server_13,63.8
21:06:50,server_12,0.0
21:06:50,server_20,20.54
21:06:50,server_10,98.56
21:06:50,server_8,0.0
21:06:50,server_7,46.12
21:06:50,server_6,67.88
21:06:50,server_5,117.65
21:06:50,server_4,0.0
21:06:50,server_3,6.75
21:06:50,server_2,116.51
21:06:50,server_1,82.94
21:06:50,server_9,121.89
21:06:55,server_13,0.0
21:06:55,server_14,76.88
21:06:55,server_15,1816.76
21:06:55,server_12,73.61
21:06:55,server_17,605.02
21:06:55,server_18,131.38
21:06:55,server_19,0.0
21:06:55,server_16,0.0
21:06:55,server_11,53.78
21:06:55,server_20,55.27
21:06:55,server_9,0.0
21:06:55,server_1,115.24
21:06:55,server_2,1550.42
21:06:55,server_3,82.03
21:06:55,server_4,0.0
21:06:55,server_10,15.85
21:06:55,server_6,73.46
21:06:55,server_7,122.61
21:06:55,server_8,64.29
21:06:55,server_5,1759.44
21:07:00,server_20,15.43
21:07:00,server_19,0.0
21:07:00,server_18,12.31
21:07:00,server_17,86.6
21:07:00,server_16,41.55
21:07:00,server_15,952.21
21:07:00,server_14,60.35
21:07:00,server_12,41.33
21:07:00,server_11,143.15
21:07:00,server_13,3644.65
21:07:00,server_9,38.57
21:07:00,server_10,71.23
21:07:00,server_2,12.96
21:07:00,server_3,6.37
21:07:00,server_4,101.51
21:07:00,server_1,16.26
21:07:00,server_6,95.99
21:07:00,server_7,191.17
21:07:00,server_8,8541.15
21:07:00,server_5,71.87
21:07:05,server_12,8000.2
21:07:05,server_20,44.51
21:07:05,server_19,101.21
21:07:05,server_18,0.0
21:07:05,server_17,108.89
21:07:05,server_16,69.9
21:07:05,server_15,77.05
21:07:05,server_14,61.29
21:07:05,server_13,65.56
21:07:05,server_11,104.34
21:07:05,server_3,92.5
21:07:05,server_9,59.53
21:07:05,server_10,72.43
21:07:05,server_2,918.96
21:07:05,server_4,0.0
21:07:05,server_1,13.48
21:07:05,server_6,95.55
21:07:05,server_7,46.51
21:07:05,server_8,176.71
21:07:05,server_5,14.16
21:07:10,server_12,11.52
21:07:10,server_19,52.22
21:07:10,server_18,5211.87
21:07:10,server_17,59.57
21:07:10,server_16,95.54
21:07:10,server_15,8206.29
21:07:10,server_14,10.49
21:07:10,server_20,88.12
21:07:10,server_11,141.11
21:07:10,server_13,92.33
21:07:10,server_9,49.96
21:07:10,server_1,23.8
21:07:10,server_2,18.71
21:07:10,server_3,0.0
21:07:10,server_4,53.92
21:07:10,server_10,24.94
21:07:10,server_6,7571.01
21:07:10,server_7,74.89
21:07:10,server_8,116.33
21:07:10,server_5,93.08
21:07:15,server_19,106.03
21:07:15,server_18,84.97
21:07:15,server_17,19.14
21:07:15,server_16,877.81
21:07:15,server_15,5747.74
21:07:15,server_14,74.17
21:07:15,server_13,5.86
21:07:15,server_12,7626.45
21:07:15,server_11,67.15
21:07:15,server_20,101.35
21:07:15,server_9,0.0
21:07:15,server_1,105.69
21:07:15,server_2,81.68
21:07:15,server_3,97.54
21:07:15,server_4,130.06
21:07:15,server_10,6.95
21:07:15,server_6,45.57
21:07:15,server_7,48.03
21:07:15,server_8,56.02
21:07:15,server_5,7092.99
21:07:20,server_11,117.72
21:07:20,server_19,26.59
21:07:20,server_18,7092.69
21:07:20,server_17,32.05
21:07:20,server_16,48.49
21:07:20,server_15,24.35
21:07:20,server_14,181.86
21:07:20,server_13,5.04
21:07:20,server_12,127.88
21:07:20,server_20,266.59
21:07:20,server_10,8454.78
21:07:20,server_8,19.97
21:07:20,server_9,8547.37
21:07:20,server_1,51.79
21:07:20,server_2,1953.0
21:07:20,server_3,101.84
21:07:20,server_5,114.87
21:07:20,server_6,6523.62
21:07:20,server_7,26.5
21:07:20,server_4,33.5
21:07:25,server_20,44.05
21:07:25,server_11,42.73
21:07:25,server_18,160.61
21:07:25,server_17,23.36
21:07:25,server_16,5250.71
21:07:25,server_15,4234.23
21:07:25,server_14,55.61
21:07:25,server_13,157.88
21:07:25,server_12,45.51
21:07:25,server_19,5987.45
21:07:25,server_10,0.0
21:07:25,server_8,41.5
21:07:25,server_1,84.0
21:07:25,server_2,126.84
21:07:25,server_3,41.1
21:07:25,server_9,117.32
21:07:25,server_5,750.15
21:07:25,server_6,1384.09
21:07:25,server_7,8991.45
21:07:25,server_4,889.19
21:07:30,server_20,0.0
21:07:30,server_19,209.09
21:07:30,server_18,5735.58
21:07:30,server_17,6647.61
21:07:30,server_16,51.43
21:07:30,server_15,0.0
21:07:30,server_14,18.59
21:07:30,server_12,136.9
21:07:30,server_11,1570.25
21:07:30,server_13,110.74
21:07:30,server_9,11.31
21:07:30,server_10,24.32
21:07:30,server_2,23.9
21:07:30,server_3,76.9
21:07:30,server_4,51.97
21:07:30,server_1,1122.85
21:07:30,server_6,139.87
21:07:30,server_7,1381.72
21:07:30,server_8,34.59
21:07:30,server_5,48.5
21:07:35,server_12,36.48
21:07:35,server_19,7932.0
21:07:35,server_18,0.0
21:07:35,server_20,70.39
21:07:35,server_17,139.22
21:07:35,server_16,161.61
21:07:35,server_15,66.64
21:07:35,server_14,0.0
21:07:35,server_13,101.35
21:07:35,server_11,0.88
21:07:35,server_3,6023.23
21:07:35,server_9,154.04
21:07:35,server_10,0.0
21:07:35,server_2,1079.76
21:07:35,server_4,49.78
21:07:35,server_1,88.28
21:07:35,server_6,53.86
21:07:35,server_7,75.66
21:07:35,server_8,61.56
21:07:35,server_5,0.0
21:07:40,server_11,30.03
21:07:40,server_20,26.74
21:07:40,server_18,0.0
21:07:40,server_17,124.85
21:07:40,server_16,0.0
21:07:40,server_15,0.0
21:07:40,server_14,1647.68
21:07:40,server_13,1968.64
21:07:40,server_12,39.5
21:07:40,server_19,58.43
21:07:40,server_10,7633.17
21:07:40,server_8,71.62
21:07:40,server_1,59.5
21:07:40,server_2,71.4
21:07:40,server_3,9.05
21:07:40,server_9,105.51
21:07:40,server_5,62.36
21:07:40,server_6,7576.91
21:07:40,server_7,146.94
21:07:40,server_4,98.96
21:07:45,server_12,7.8
21:07:45,server_19,1282.91
21:07:45,server_18,24.53
21:07:45,server_17,62.98
21:07:45,server_16,9864.28
21:07:45,server_15,5541.35
21:07:45,server_14,1170.21
21:07:45,server_13,1146.65
21:07:45,server_11,63.72
21:07:45,server_20,3741.38
21:07:45,server_9,65.12
21:07:45,server_1,55.0
21:07:45,server_2,36.61
21:07:45,server_3,18.41
21:07:45,server_4,145.11
21:07:45,server_10,0.0
21:07:45,server_6,0.0
21:07:45,server_7,41.62
21:07:45,server_8,10.15
21:07:45,server_5,90.76
21:07:50,server_11,92.16
21:07:50,server_19,0.0
21:07:50,server_18,161.98
21:07:50,server_17,74.77
21:07:50,server_16,9222.73
21:07:50,server_15,16.29
21:07:50,server_14,85.36
21:07:50,server_13,3814.53
21:07:50,server_12,0.0
21:07:50,server_20,31.87
21:07:50,server_10,97.96
21:07:50,server_8,0.0
21:07:50,server_7,0.0
21:07:50,server_6,109.99
21:07:50,server_5,83.85
21:07:50,server_4,59.39
21:07:50,server_3,106.95
21:07:50,server_2,25.66
21:07:50,server_1,0.0
21:07:50,server_9,28.26
21:07:55,server_13,130.88
21:07:55,server_14,60.99
21:07:55,server_16,28.12
21:07:55,server_12,63.32
21:07:55,server_18,139.24
21:07:55,server_19,101.43
21:07:55,server_20,53.23
21:07:55,server_17,89.68
21:07:55,server_11,11.93
21:07:55,server_15,894.94
21:07:55,server_9,0.0
21:07:55,server_1,32.15
21:07:55,server_2,880.3
21:07:55,server_3,82.53
21:07:55,server_4,73.88
21:07:55,server_10,36.1
21:07:55,server_6,29.78
21:07:55,server_7,67.12
21:07:55,server_8,1867.58
21:07:55,server_5,102.35
21:08:00,server_20,873.55
21:08:00,server_19,15.2
21:08:00,server_18,8644.98
21:08:00,server_17,728.77
21:08:00,server_16,42.14
21:08:00,server_15,127.42
21:08:00,server_14,7894.76
21:08:00,server_12,29.22
21:08:00,server_11,35.84
21:08:00,server_13,79.84
21:08:00,server_9,55.11
21:08:00,server_8,4470.67
21:08:00,server_7,6826.1
21:08:00,server_6,42.61
21:08:00,server_5,132.62
21:08:00,server_4,56.25
21:08:00,server_3,9623.25
21:08:00,server_2,71.14
21:08:00,server_10,3196.14
21:08:00,server_1,0.0
21:08:05,server_13,3.97
21:08:05,server_14,56.92
21:08:05,server_15,60.67
21:08:05,server_16,37.63
21:08:05,server_20,1901.23
21:08:05,server_18,154.17
21:08:05,server_19,34.69
21:08:05,server_12,25.62
21:08:05,server_17,102.19
21:08:05,server_11,62.39
21:08:05,server_3,974.98
21:08:05,server_9,112.01
21:08:05,server_8,1350.78
21:08:05,server_7,1511.71
21:08:05,server_6,8629.92
21:08:05,server_5,1895.44
21:08:05,server_4,0.0
21:08:05,server_2,84.25
21:08:05,server_1,0.0
21:08:05,server_10,1509.18
21:08:10,server_15,0.0
21:08:10,server_14,35.34
21:08:10,server_16,79.59
21:08:10,server_13,77.95
21:08:10,server_18,5806.81
21:08:10,server_19,6705.68
21:08:10,server_20,89.17
21:08:10,server_12,109.71
21:08:10,server_17,1.23
21:08:10,server_11,87.3
21:08:10,server_10,7626.78
21:08:10,server_9,108.87
21:08:10,server_2,654.63
21:08:10,server_3,7300.44
21:08:10,server_4,77.87
21:08:10,server_1,0.0
21:08:10,server_6,9774.04
21:08:10,server_7,0.0
21:08:10,server_8,70.31
21:08:10,server_5,5798.69
21:08:15,server_12,45.72
21:08:15,server_20,58.67
21:08:15,server_19,101.76
21:08:15,server_18,187.7
21:08:15,server_16,143.71
21:08:15,server_15,50.52
21:08:15,server_14,0.0
21:08:15,server_13,37.67
21:08:15,server_11,10.15
21:08:15,server_17,1206.03
21:08:15,server_9,0.0
21:08:15,server_10,28.09
21:08:15,server_2,110.65
21:08:15,server_3,101.89
21:08:15,server_4,90.53
21:08:15,server_1,626.27
21:08:15,server_6,0.0
21:08:15,server_7,63.48
21:08:15,server_8,9798.28
21:08:15,server_5,68.44
21:08:20,server_20,56.97
21:08:20,server_12,165.02
21:08:20,server_19,164.2
21:08:20,server_18,48.53
21:08:20,server_17,67.17
21:08:20,server_16,87.24
21:08:20,server_15,57.8
21:08:20,server_14,9508.38
21:08:20,server_13,86.89
21:08:20,server_11,1520.51
21:08:20,server_7,26.69
21:08:20,server_9,56.18
21:08:20,server_8,42.04
21:08:20,server_6,8407.3
21:08:20,server_5,27.36
21:08:20,server_4,41.6
21:08:20,server_3,125.9
21:08:20,server_2,1694.6
21:08:20,server_1,15.09
21:08:20,server_10,24.09
21:08:25,server_15,101.93
21:08:25,server_14,0.0
21:08:25,server_16,9875.94
21:08:25,server_13,3585.35
21:08:25,server_18,699.28
21:08:25,server_19,80.67
21:08:25,server_20,905.74
21:08:25,server_12,4578.29
21:08:25,server_17,84.15
21:08:25,server_11,6967.61
21:08:25,server_3,26.49
21:08:25,server_9,70.76
21:08:25,server_8,52.44
21:08:25,server_7,49.77
21:08:25,server_6,0.0
21:08:25,server_5,6217.43
21:08:25,server_4,0.0
21:08:25,server_10,1513.87
21:08:25,server_2,75.56
21:08:25,server_1,3.68
21:08:30,server_13,7296.85
21:08:30,server_14,58.97
21:08:30,server_15,0.0
21:08:30,server_16,1222.09
21:08:30,server_20,1159.47
21:08:30,server_18,913.38
21:08:30,server_19,0.0
21:08:30,server_12,86.3
21:08:30,server_17,8210.32
21:08:30,server_11,4650.25
21:08:30,server_10,0.0
21:08:30,server_9,0.0
21:08:30,server_2,7.41
21:08:30,server_3,18.86
21:08:30,server_4,1943.41
21:08:30,server_1,7127.68
21:08:30,server_6,17.96
21:08:30,server_7,44.0
21:08:30,server_8,94.94
21:08:30,server_5,1983.35
21:08:35,server_12,101.69
21:08:35,server_19,112.84
21:08:35,server_18,9790.72
21:08:35,server_17,29.01
21:08:35,server_16,78.27
21:08:35,server_15,128.08
21:08:35,server_14,75.59
21:08:35,server_13,80.91
21:08:35,server_11,1570.49
21:08:35,server_20,0.0
21:08:35,server_9,119.1
21:08:35,server_1,112.78
21:08:35,server_2,83.74
21:08:35,server_3,58.57
21:08:35,server_4,4979.93
21:08:35,server_10,132.25
21:08:35,server_6,193.41
21:08:35,server_7,21.42
21:08:35,server_8,33.58
21:08:35,server_5,71.62
21:08:40,server_12,80.84
21:08:40,server_19,7.76
21:08:40,server_18,758.12
21:08:40,server_17,4401.41
21:08:40,server_16,0.0
21:08:40,server_15,4.1
21:08:40,server_14,29.01
21:08:40,server_13,125.36
21:08:40,server_11,97.85
21:08:40,server_20,68.54
21:08:40,server_9,1312.23
21:08:40,server_1,3.38
21:08:40,server_2,15.31
21:08:40,server_3,67.27
21:08:40,server_4,5.22
21:08:40,server_10,15.44
21:08:40,server_6,4141.36
21:08:40,server_7,17.23
21:08:40,server_8,39.6
21:08:40,server_5,65.25
21:08:45,server_11,22.66
21:08:45,server_19,57.21
21:08:45,server_18,111.72
21:08:45,server_17,173.72
21:08:45,server_16,0.0
21:08:45,server_15,61.43
21:08:45,server_14,72.01
21:08:45,server_13,93.72
21:08:45,server_12,47.54
21:08:45,server_20,178.59
21:08:45,server_10,1600.19
21:08:45,server_8,63.55
21:08:45,server_7,21.58
21:08:45,server_6,35.66
21:08:45,server_5,1375.67
21:08:45,server_4,92.42
21:08:45,server_3,119.83
21:08:45,server_2,14.72
21:08:45,server_1,152.0
21:08:45,server_9,23.09
21:08:50,server_14,107.43
21:08:50,server_15,71.18
21:08:50,server_16,9370.91
21:08:50,server_12,102.64
21:08:50,server_18,115.88
21:08:50,server_19,6.31
21:08:50,server_20,94.71
21:08:50,server_17,88.6
21:08:50,server_11,87.42
21:08:50,server_13,745.59
21:08:50,server_9,784.42
21:08:50,server_10,0.0
21:08:50,server_2,36.29
21:08:50,server_3,68.73
21:08:50,server_4,11.26
21:08:50,server_1,133.97
21:08:50,server_6,30.56
21:08:50,server_7,39.44
21:08:50,server_8,0.0
21:08:50,server_5,78.28
21:08:55,server_20,64.61
21:08:55,server_19,57.58
21:08:55,server_18,119.92
21:08:55,server_12,4517.77
21:08:55,server_17,52.11
21:08:55,server_16,6772.23
21:08:55,server_15,0.0
21:08:55,server_14,79.45
21:08:55,server_13,4.7
21:08:55,server_11,49.48
21:08:55,server_3,68.33
21:08:55,server_9,129.6
21:08:55,server_1,70.38
21:08:55,server_2,29.85
21:08:55,server_4,7.51
21:08:55,server_10,59.7
21:08:55,server_6,3.99
21:08:55,server_7,0.0
21:08:55,server_8,4764.27
21:08:55,server_5,56.77
21:09:00,server_20,164.28
21:09:00,server_19,78.85
21:09:00,server_18,37.78
21:09:00,server_17,172.87
21:09:00,server_16,7.89
21:09:00,server_15,11.66
21:09:00,server_14,119.54
21:09:00,server_12,137.31
21:09:00,server_11,5025.36
21:09:00,server_13,20.84
21:09:00,server_9,709.96
21:09:00,server_10,101.94
21:09:00,server_2,91.07
21:09:00,server_3,95.91
21:09:00,server_4,0.0
21:09:00,server_1,9705.54
21:09:00,server_6,43.77
21:09:00,server_7,128.64
21:09:00,server_8,36.41
21:09:00,server_5,81.9
21:09:05,server_12,83.13
21:09:05,server_20,44.67
21:09:05,server_19,4535.77
21:09:05,server_18,1199.66
21:09:05,server_17,139.26
21:09:05,server_16,102.89
21:09:05,server_15,44.88
21:09:05,server_14,105.03
21:09:05,server_13,0.0
21:09:05,server_11,0.66
21:09:05,server_3,68.59
21:09:05,server_9,12.47
21:09:05,server_8,81.37
21:09:05,server_7,1256.82
21:09:05,server_6,38.73
21:09:05,server_5,90.71
21:09:05,server_4,156.51
21:09:05,server_2,111.73
21:09:05,server_1,883.56
21:09:05,server_10,1548.48
21:09:10,server_13,2.45
21:09:10,server_14,1052.78
21:09:10,server_15,3561.46
21:09:10,server_16,0.0
21:09:10,server_19,66.43
21:09:10,server_20,60.15
21:09:10,server_18,84.72
21:09:10,server_12,857.3
21:09:10,server_17,18.14
21:09:10,server_11,73.32
21:09:10,server_3,68.72
21:09:10,server_9,55.43
21:09:10,server_10,57.76
21:09:10,server_2,29.46
21:09:10,server_4,86.44
21:09:10,server_1,1.47
21:09:10,server_6,190.05
21:09:10,server_7,107.43
21:09:10,server_5,0.0
21:09:10,server_8,71.63
21:09:15,server_20,90.36
21:09:15,server_19,95.43
21:09:15,server_18,0.0
21:09:15,server_17,74.79
21:09:15,server_16,5153.59
21:09:15,server_15,51.92
21:09:15,server_14,71.57
21:09:15,server_12,12.49
21:09:15,server_10,171.7
21:09:15,server_13,152.83
21:09:15,server_8,0.0
21:09:15,server_9,142.77
21:09:15,server_1,4.53
21:09:15,server_2,60.75
21:09:15,server_3,23.67
21:09:15,server_11,99.54
21:09:15,server_5,62.94
21:09:15,server_6,83.88
21:09:15,server_7,1866.08
21:09:15,server_4,75.09
21:09:20,server_20,14.71
21:09:20,server_19,588.31
21:09:20,server_18,9520.13
21:09:20,server_17,7.97
21:09:20,server_16,63.15
21:09:20,server_15,25.4
21:09:20,server_14,2.37
21:09:20,server_13,1801.7
21:09:20,server_12,61.95
21:09:20,server_11,97.95
21:09:20,server_10,6452.24
21:09:20,server_8,1773.36
21:09:20,server_7,195.45
21:09:20,server_6,0.0
21:09:20,server_5,181.9
21:09:20,server_4,8928.75
21:09:20,server_3,1690.05
21:09:20,server_2,182.44
21:09:20,server_1,130.68
21:09:20,server_9,64.9
21:09:25,server_13,1048.04
21:09:25,server_14,7937.98
21:09:25,server_15,26.83
21:09:25,server_16,1566.99
21:09:25,server_20,25.15
21:09:25,server_18,97.7
21:09:25,server_19,1054.15
21:09:25,server_12,774.11
21:09:25,server_17,91.36
21:09:25,server_11,51.35
21:09:25,server_10,28.17
21:09:25,server_9,43.93
21:09:25,server_2,5.6
21:09:25,server_3,98.91
21:09:25,server_4,0.0
21:09:25,server_1,47.28
21:09:25,server_6,109.36
21:09:25,server_7,0.0
21:09:25,server_8,32.66
21:09:25,server_5,0.0
21:09:30,server_12,32.42
21:09:30,server_19,129.75
21:09:30,server_18,23.69
21:09:30,server_17,9121.68
21:09:30,server_16,92.38
21:09:30,server_15,23.63
21:09:30,server_14,121.68
21:09:30,server_13,68.26
21:09:30,server_11,147.33
21:09:30,server_20,29.18
21:09:30,server_9,80.44
21:09:30,server_1,139.24
21:09:30,server_2,95.48
21:09:30,server_3,130.39
21:09:30,server_4,0.0
21:09:30,server_10,9.7
21:09:30,server_6,74.42
21:09:30,server_7,82.09
21:09:30,server_8,24.63
21:09:30,server_5,134.23
21:09:35,server_12,0.0
21:09:35,server_19,157.2
21:09:35,server_18,6.61
21:09:35,server_17,4.48
21:09:35,server_16,0.0
21:09:35,server_15,1108.31
21:09:35,server_14,9905.08
21:09:35,server_13,820.26
21:09:35,server_11,88.08
21:09:35,server_20,1119.77
21:09:35,server_9,94.13
21:09:35,server_1,0.0
21:09:35,server_2,17.44
21:09:35,server_3,9937.29
21:09:35,server_4,9599.57
21:09:35,server_10,20.63
21:09:35,server_6,76.78
21:09:35,server_7,128.68
21:09:35,server_8,12.93
21:09:35,server_5,64.42
21:09:40,server_11,147.19
21:09:40,server_19,116.08
21:09:40,server_18,54.18
21:09:40,server_17,109.28
21:09:40,server_16,78.16
21:09:40,server_15,131.44
21:09:40,server_14,26.49
21:09:40,server_13,31.22
21:09:40,server_12,75.6
21:09:40,server_20,4084.37
21:09:40,server_10,65.89
21:09:40,server_8,9911.3
21:09:40,server_7,133.89
21:09:40,server_6,28.62
21:09:40,server_5,44.03
21:09:40,server_4,47.38
21:09:40,server_3,749.82
21:09:40,server_2,143.88
21:09:40,server_1,132.54
21:09:40,server_9,0.0
21:09:45,server_13,181.63
21:09:45,server_14,50.7
21:09:45,server_15,53.03
21:09:45,server_12,7.13
21:09:45,server_17,142.85
21:09:45,server_18,901.69
21:09:45,server_19,0.0
21:09:45,server_16,42.27
21:09:45,server_11,127.54
21:09:45,server_20,0.0
21:09:45,server_9,48.53
21:09:45,server_8,165.76
21:09:45,server_7,124.44
21:09:45,server_6,120.27
21:09:45,server_5,788.55
21:09:45,server_4,49.83
21:09:45,server_3,65.31
21:09:45,server_2,4119.57
21:09:45,server_1,60.77
21:09:45,server_10,70.47
21:09:50,server_13,9867.91
21:09:50,server_14,44.86
21:09:50,server_15,21.53
21:09:50,server_16,0.0
21:09:50,server_20,508.58
21:09:50,server_12,22.98
21:09:50,server_18,0.0
21:09:50,server_19,0.0
21:09:50,server_17,0.0
21:09:50,server_11,7.84
21:09:50,server_3,9867.19
21:09:50,server_9,98.79
21:09:50,server_1,93.88
21:09:50,server_2,111.4
21:09:50,server_4,5298.15
21:09:50,server_10,73.16
21:09:50,server_6,63.9
21:09:50,server_7,22.2
21:09:50,server_8,29.17
21:09:50,server_5,9593.98
21:09:55,server_12,3839.39
21:09:55,server_19,0.0
21:09:55,server_18,30.65
21:09:55,server_17,527.82
21:09:55,server_16,121.56
21:09:55,server_15,0.0
21:09:55,server_14,102.57
21:09:55,server_13,1275.94
21:09:55,server_11,5677.4
21:09:55,server_20,155.2
21:09:55,server_9,35.55
21:09:55,server_1,1851.48
21:09:55,server_2,57.5
21:09:55,server_3,7366.49
21:09:55,server_4,109.87
21:09:55,server_10,35.33
21:09:55,server_6,113.03
21:09:55,server_7,5664.94
21:09:55,server_8,27.48
21:09:55,server_5,26.45
21:10:00,server_11,135.46
21:10:00,server_19,20.9
21:10:00,server_18,111.02
21:10:00,server_17,0.0
21:10:00,server_16,83.16
21:10:00,server_15,94.92
21:10:00,server_14,83.56
21:10:00,server_13,777.72
21:10:00,server_12,55.76
21:10:00,server_20,1516.69
21:10:00,server_10,38.93
21:10:00,server_8,65.01
21:10:00,server_7,122.25
21:10:00,server_6,81.38
21:10:00,server_5,108.75
21:10:00,server_4,1082.47
21:10:00,server_3,103.87
21:10:00,server_2,128.32
21:10:00,server_1,172.42
21:10:00,server_9,1623.46
21:10:05,server_14,23.3
21:10:05,server_15,7137.32
21:10:05,server_16,4790.63
21:10:05,server_13,103.16
21:10:05,server_18,92.81
21:10:05,server_19,1318.96
21:10:05,server_20,27.87
21:10:05,server_17,0.0
21:10:05,server_12,44.75
21:10:05,server_11,8599.76
21:10:05,server_1,52.22
21:10:05,server_9,85.68
21:10:05,server_8,79.46
21:10:05,server_7,60.21
21:10:05,server_6,196.6
21:10:05,server_5,17.84
21:10:05,server_4,0.0
21:10:05,server_3,3530.95
21:10:05,server_2,106.11
21:10:05,server_10,87.11
21:10:10,server_13,65.23
21:10:10,server_14,56.68
21:10:10,server_15,109.02
21:10:10,server_20,188.99
21:10:10,server_18,0.0
21:10:10,server_19,109.55
21:10:10,server_12,128.59
21:10:10,server_16,67.31
21:10:10,server_11,52.71
21:10:10,server_17,25.0
21:10:10,server_9,94.12
21:10:10,server_10,34.83
21:10:10,server_2,107.57
21:10:10,server_3,7910.49
21:10:10,server_4,96.37
21:10:10,server_1,1365.85
21:10:10,server_6,0.0
21:10:10,server_7,107.44
21:10:10,server_8,34.92
21:10:10,server_5,0.0
21:10:15,server_20,0.0
21:10:15,server_12,79.27
21:10:15,server_19,60.57
21:10:15,server_18,24.58
21:10:15,server_17,20.39
21:10:15,server_16,55.81
21:10:15,server_15,859.87
21:10:15,server_14,103.43
21:10:15,server_13,83.17
21:10:15,server_11,51.75
21:10:15,server_7,3057.89
21:10:15,server_9,140.94
21:10:15,server_8,122.3
21:10:15,server_6,48.16
21:10:15,server_5,0.0
21:10:15,server_4,7852.86
21:10:15,server_3,124.06
21:10:15,server_2,1568.56
21:10:15,server_1,119.78
21:10:15,server_10,0.0
21:10:20,server_15,32.15
21:10:20,server_13,56.91
21:10:20,server_14,85.17
21:10:20,server_16,1048.69
21:10:20,server_12,32.42
21:10:20,server_18,121.88
21:10:20,server_19,19.64
21:10:20,server_20,25.89
21:10:20,server_17,5868.4
21:10:20,server_11,11.72
21:10:20,server_1,93.81
21:10:20,server_9,67.19
21:10:20,server_2,84.5
21:10:20,server_3,46.06
21:10:20,server_4,0.0
21:10:20,server_10,150.42
21:10:20,server_6,29.77
21:10:20,server_7,86.77
21:10:20,server_8,163.4
21:10:20,server_5,32.28
21:10:25,server_13,29.67
21:10:25,server_20,533.97
21:10:25,server_19,602.62
21:10:25,server_18,0.0
21:10:25,server_17,27.44
21:10:25,server_16,8506.44
21:10:25,server_15,0.0
21:10:25,server_14,9.49
21:10:25,server_12,1075.47
21:10:25,server_11,0.0
21:10:25,server_1,0.0
21:10:25,server_9,1772.41
21:10:25,server_8,945.13
21:10:25,server_7,0.0
21:10:25,server_6,66.45
21:10:25,server_5,0.0
21:10:25,server_4,52.61
21:10:25,server_3,88.42
21:10:25,server_2,106.23
21:10:25,server_10,48.86
21:10:30,server_13,39.61
21:10:30,server_14,35.31
21:10:30,server_15,30.51
21:10:30,server_16,4375.31
21:10:30,server_12,61.41
21:10:30,server_18,3643.53
21:10:30,server_19,17.78
21:10:30,server_20,0.0
21:10:30,server_17,71.5
21:10:30,server_11,112.94
21:10:30,server_1,0.0
21:10:30,server_9,163.0
21:10:30,server_8,136.11
21:10:30,server_7,78.48
21:10:30,server_6,562.7
21:10:30,server_5,106.01
21:10:30,server_4,159.59
21:10:30,server_3,143.73
21:10:30,server_2,74.52
21:10:30,server_10,74.62
21:10:35,server_13,22.37
21:10:35,server_14,89.22
21:10:35,server_15,21.35
21:10:35,server_16,1934.97
21:10:35,server_20,100.33
21:10:35,server_18,113.05
21:10:35,server_19,7480.68
21:10:35,server_12,32.03
21:10:35,server_17,136.99
21:10:35,server_11,16.99
21:10:35,server_1,6723.13
21:10:35,server_9,55.77
21:10:35,server_2,0.0
21:10:35,server_3,45.44
21:10:35,server_4,0.0
21:10:35,server_10,40.13
21:10:35,server_6,1999.04
21:10:35,server_7,105.27
21:10:35,server_8,765.06
21:10:35,server_5,78.51
21:10:40,server_12,34.95
21:10:40,server_19,38.29
21:10:40,server_18,5682.17
21:10:40,server_17,0.0
21:10:40,server_16,73.62
21:10:40,server_15,85.41
21:10:40,server_14,6.59
21:10:40,server_13,0.0
21:10:40,server_20,65.58
21:10:40,server_11,0.0
21:10:40,server_9,182.14
21:10:40,server_8,77.04
21:10:40,server_7,31.76
21:10:40,server_6,99.79
21:10:40,server_5,1475.02
21:10:40,server_4,17.36
21:10:40,server_3,62.24
21:10:40,server_2,85.11
21:10:40,server_1,5240.82
21:10:40,server_10,114.1
21:10:45,server_13,680.57
21:10:45,server_20,51.3
21:10:45,server_14,164.56
21:10:45,server_15,111.06
21:10:45,server_12,63.21
21:10:45,server_17,126.78
21:10:45,server_18,117.79
21:10:45,server_19,1830.34
21:10:45,server_16,81.4
21:10:45,server_11,111.08
21:10:45,server_7,190.05
21:10:45,server_9,2.67
21:10:45,server_8,5555.96
21:10:45,server_6,80.14
21:10:45,server_5,0.0
21:10:45,server_4,7.44
21:10:45,server_3,0.0
21:10:45,server_2,81.06
21:10:45,server_1,0.0
21:10:45,server_10,80.36
21:10:50,server_13,1824.1
21:10:50,server_14,120.64
21:10:50,server_15,75.01
21:10:50,server_16,103.89
21:10:50,server_20,91.77
21:10:50,server_18,54.05
21:10:50,server_19,112.45
21:10:50,server_12,1318.72
21:10:50,server_17,46.82
21:10:50,server_11,71.24
21:10:50,server_10,3735.93
21:10:50,server_9,108.34
21:10:50,server_2,16.56
21:10:50,server_3,32.0
21:10:50,server_4,8.48
21:10:50,server_1,0.0
21:10:50,server_6,85.57
21:10:50,server_7,34.14
21:10:50,server_8,70.21
21:10:50,server_5,870.92
21:10:55,server_12,52.62
21:10:55,server_19,83.07
21:10:55,server_18,64.31
21:10:55,server_17,48.76
21:10:55,server_16,36.87
21:10:55,server_15,1294.96
21:10:55,server_14,134.74
21:10:55,server_13,21.84
21:10:55,server_11,5965.82
21:10:55,server_20,0.0
21:10:55,server_9,672.41
21:10:55,server_1,82.63
21:10:55,server_2,775.05
21:10:55,server_3,86.31
21:10:55,server_4,86.34
21:10:55,server_10,8.88
21:10:55,server_6,168.76
21:10:55,server_7,11.82
21:10:55,server_8,45.55
21:10:55,server_5,101.76
21:11:00,server_12,1357.47
21:11:00,server_19,24.53
21:11:00,server_18,53.94
21:11:00,server_17,55.4
21:11:00,server_16,20.61
21:11:00,server_15,76.39
21:11:00,server_14,15.25
21:11:00,server_13,4974.51
21:11:00,server_11,8.12
21:11:00,server_20,123.7
21:11:00,server_9,93.02
21:11:00,server_1,836.27
21:11:00,server_2,1.89
21:11:00,server_3,0.0
21:11:00,server_4,126.34
21:11:00,server_10,78.39
21:11:00,server_6,0.0
21:11:00,server_7,155.14
21:11:00,server_8,6273.25
21:11:00,server_5,3616.87
21:11:05,server_11,0.0
21:11:05,server_19,0.0
21:11:05,server_18,3748.82
21:11:05,server_17,67.87
21:11:05,server_16,18.78
21:11:05,server_15,73.97
21:11:05,server_14,1511.82
21:11:05,server_13,93.04
21:11:05,server_12,18.54
21:11:05,server_20,90.01
21:11:05,server_10,147.02
21:11:05,server_8,9.82
21:11:05,server_7,4130.71
21:11:05,server_6,759.59
21:11:05,server_5,0.0
21:11:05,server_4,7.8
21:11:05,server_3,158.0
21:11:05,server_2,0.0
21:11:05,server_1,74.17
21:11:05,server_9,0.0
21:11:10,server_13,0.0
21:11:10,server_14,9290.72
21:11:10,server_15,65.13
21:11:10,server_12,68.92
21:11:10,server_20,4235.96
21:11:10,server_18,0.0
21:11:10,server_19,49.57
21:11:10,server_16,77.85
21:11:10,server_11,48.03
21:11:10,server_17,69.87
21:11:10,server_9,29.92
21:11:10,server_1,16.28
21:11:10,server_2,1673.62
21:11:10,server_3,42.42
21:11:10,server_4,104.66
21:11:10,server_10,62.84
21:11:10,server_6,21.98
21:11:10,server_7,60.34
21:11:10,server_8,31.27
21:11:10,server_5,48.41
21:11:15,server_12,129.25
21:11:15,server_19,8242.03
21:11:15,server_18,154.75
21:11:15,server_17,89.92
21:11:15,server_16,52.22
21:11:15,server_15,18.45
21:11:15,server_14,29.31
21:11:15,server_13,117.88
21:11:15,server_11,789.05
21:11:15,server_20,104.37
21:11:15,server_9,125.48
21:11:15,server_1,82.58
21:11:15,server_2,47.01
21:11:15,server_3,136.72
21:11:15,server_4,117.3
21:11:15,server_10,48.56
21:11:15,server_6,22.94
21:11:15,server_7,38.86
21:11:15,server_8,112.02
21:11:15,server_5,174.79
21:11:20,server_11,1.02
21:11:20,server_19,3012.86
21:11:20,server_18,69.75
21:11:20,server_17,3804.75
21:11:20,server_16,0.0
21:11:20,server_15,81.7
21:11:20,server_14,51.77
21:11:20,server_13,132.11
21:11:20,server_12,110.03
21:11:20,server_20,17.81
21:11:20,server_10,45.69
21:11:20,server_8,123.65
21:11:20,server_7,151.3
21:11:20,server_6,726.15
21:11:20,server_5,4098.64
21:11:20,server_4,181.61
21:11:20,server_3,1665.74
21:11:20,server_2,120.84
21:11:20,server_1,15.96
21:11:20,server_9,112.4
21:11:25,server_13,53.63
21:11:25,server_20,61.57
21:11:25,server_14,79.91
21:11:25,server_15,0.0
21:11:25,server_19,98.19
21:11:25,server_17,1561.09
21:11:25,server_18,118.39
21:11:25,server_12,101.74
21:11:25,server_16,37.48
21:11:25,server_11,0.0
21:11:25,server_7,18.1
21:11:25,server_9,5911.89
21:11:25,server_8,1648.74
21:11:25,server_6,64.9
21:11:25,server_5,19.55
21:11:25,server_4,62.15
21:11:25,server_3,99.94
21:11:25,server_2,0.0
21:11:25,server_1,67.36
21:11:25,server_10,70.26
21:11:30,server_13,64.55
21:11:30,server_14,1191.88
21:11:30,server_15,1182.06
21:11:30,server_20,110.01
21:11:30,server_18,7.74
21:11:30,server_19,98.92
21:11:30,server_12,21.61
21:11:30,server_16,738.76
21:11:30,server_11,56.23
21:11:30,server_17,1216.08
21:11:30,server_9,5932.26
21:11:30,server_8,4920.86
21:11:30,server_7,42.48
21:11:30,server_6,58.83
21:11:30,server_5,94.19
21:11:30,server_4,21.23
21:11:30,server_3,6347.07
21:11:30,server_2,57.12
21:11:30,server_1,1725.64
21:11:30,server_10,898.19
21:11:35,server_13,188.52
21:11:35,server_14,82.61
21:11:35,server_15,589.86
21:11:35,server_20,81.99
21:11:35,server_17,12.48
21:11:35,server_18,60.53
21:11:35,server_19,41.11
21:11:35,server_12,21.21
21:11:35,server_16,1755.44
21:11:35,server_11,1351.24
21:11:35,server_7,13.94
21:11:35,server_9,185.41
21:11:35,server_8,105.22
21:11:35,server_6,105.75
21:11:35,server_5,49.89
21:11:35,server_4,96.63
21:11:35,server_3,162.0
21:11:35,server_2,59.18
21:11:35,server_1,62.18
21:11:35,server_10,0.0
21:11:40,server_15,92.72
21:11:40,server_14,0.0
21:11:40,server_16,3.58
21:11:40,server_13,1065.13
21:11:40,server_18,840.63
21:11:40,server_19,124.43
21:11:40,server_20,177.11
21:11:40,server_12,16.82
21:11:40,server_17,53.36
21:11:40,server_11,616.89
21:11:40,server_10,59.98
21:11:40,server_9,1540.29
21:11:40,server_2,230.97
21:11:40,server_3,0.0
21:11:40,server_4,77.34
21:11:40,server_1,23.09
21:11:40,server_6,76.98
21:11:40,server_7,5636.65
21:11:40,server_8,1838.32
21:11:40,server_5,68.26
21:11:45,server_13,958.74
21:11:45,server_20,29.0
21:11:45,server_19,0.0
21:11:45,server_18,58.06
21:11:45,server_17,170.36
21:11:45,server_16,111.44
21:11:45,server_15,44.57
21:11:45,server_14,0.0
21:11:45,server_12,153.11
21:11:45,server_11,74.7
21:11:45,server_1,76.44
21:11:45,server_9,46.64
21:11:45,server_8,56.94
21:11:45,server_7,118.52
21:11:45,server_6,103.95
21:11:45,server_5,103.01
21:11:45,server_4,0.0
21:11:45,server_3,0.0
21:11:45,server_2,98.05
21:11:45,server_10,99.27
21:11:50,server_13,1666.98
21:11:50,server_14,1902.64
21:11:50,server_15,136.88
21:11:50,server_16,9528.3
21:11:50,server_12,28.25
21:11:50,server_18,0.0
21:11:50,server_19,707.96
21:11:50,server_20,78.75
21:11:50,server_17,0.0
21:11:50,server_11,1469.11
21:11:50,server_1,113.01
21:11:50,server_9,51.63
21:11:50,server_8,65.89
21:11:50,server_7,54.28
21:11:50,server_6,94.88
21:11:50,server_5,3233.75
21:11:50,server_4,79.95
21:11:50,server_3,1716.41
21:11:50,server_2,1461.99
21:11:50,server_10,0.0
21:11:55,server_13,0.0
21:11:55,server_14,99.74
21:11:55,server_15,44.64
21:11:55,server_16,1.92
21:11:55,server_20,66.32
21:11:55,server_18,128.76
21:11:55,server_19,6991.77
21:11:55,server_12,7972.74
21:11:55,server_17,7851.09
21:11:55,server_11,24.33
21:11:55,server_10,43.06
21:11:55,server_9,3448.91
21:11:55,server_2,149.62
21:11:55,server_3,46.12
21:11:55,server_4,189.61
21:11:55,server_1,17.16
21:11:55,server_6,0.0
21:11:55,server_7,113.89
21:11:55,server_8,7837.3
21:11:55,server_5,86.0
21:12:00,server_12,121.07
21:12:00,server_19,186.5
21:12:00,server_18,94.12
21:12:00,server_17,11.18
21:12:00,server_16,62.33
21:12:00,server_15,61.93
21:12:00,server_14,51.93
21:12:00,server_13,8564.54
21:12:00,server_11,29.25
21:12:00,server_20,62.74
21:12:00,server_9,1290.47
21:12:00,server_1,0.0
21:12:00,server_2,1994.28
21:12:00,server_3,158.3
21:12:00,server_4,113.92
21:12:00,server_10,0.0
21:12:00,server_6,104.14
21:12:00,server_7,48.9
21:12:00,server_8,45.64
21:12:00,server_5,128.07
21:12:05,server_11,64.32
21:12:05,server_19,12.13
21:12:05,server_18,0.0
21:12:05,server_17,93.1
21:12:05,server_16,80.17
21:12:05,server_15,1467.22
21:12:05,server_14,43.67
21:12:05,server_13,59.44
21:12:05,server_12,149.5
21:12:05,server_20,771.53
21:12:05,server_10,66.95
21:12:05,server_8,112.47
21:12:05,server_7,91.9
21:12:05,server_6,125.36
21:12:05,server_5,1515.28
21:12:05,server_4,47.29
21:12:05,server_3,44.45
21:12:05,server_2,81.39
21:12:05,server_1,0.0
21:12:05,server_9,129.75
21:12:10,server_14,6.9
21:12:10,server_15,55.9
21:12:10,server_16,127.38
21:12:10,server_13,7710.46
21:12:10,server_18,4486.05
21:12:10,server_19,67.83
21:12:10,server_20,90.09
21:12:10,server_17,176.67
21:12:10,server_12,108.01
21:12:10,server_11,11.39
21:12:10,server_10,0.0
21:12:10,server_2,110.44
21:12:10,server_3,67.12
21:12:10,server_4,63.82
21:12:10,server_5,86.74
21:12:10,server_1,83.0
21:12:10,server_7,60.26
21:12:10,server_8,5095.12
21:12:10,server_9,8.31
21:12:10,server_6,132.94
21:12:15,server_12,1629.15
21:12:15,server_19,0.0
21:12:15,server_18,58.85
21:12:15,server_17,58.6
21:12:15,server_16,162.84
21:12:15,server_15,153.16
21:12:15,server_14,76.37
21:12:15,server_13,64.75
21:12:15,server_11,0.0
21:12:15,server_20,101.18
21:12:15,server_9,51.04
21:12:15,server_1,781.58
21:12:15,server_2,69.62
21:12:15,server_3,7.73
21:12:15,server_4,124.34
21:12:15,server_10,146.78
21:12:15,server_6,0.0
21:12:15,server_7,0.0
21:12:15,server_8,169.85
21:12:15,server_5,28.52
21:12:20,server_11,91.73
21:12:20,server_19,139.0
21:12:20,server_18,88.85
21:12:20,server_17,80.41
21:12:20,server_16,147.78
21:12:20,server_15,58.99
21:12:20,server_14,1079.59
21:12:20,server_13,141.91
21:12:20,server_12,54.45
21:12:20,server_20,126.52
21:12:20,server_10,109.4
21:12:20,server_8,63.91
21:12:20,server_7,62.76
21:12:20,server_6,87.13
21:12:20,server_5,177.37
21:12:20,server_4,177.05
21:12:20,server_3,1049.81
21:12:20,server_2,66.59
21:12:20,server_1,0.0
21:12:20,server_9,156.19
21:12:25,server_13,111.84
21:12:25,server_14,67.62
21:12:25,server_15,179.23
21:12:25,server_16,160.59
21:12:25,server_20,101.1
21:12:25,server_18,0.0
21:12:25,server_19,5322.99
21:12:25,server_12,124.25
21:12:25,server_17,19.62
21:12:25,server_10,1.4
21:12:25,server_7,184.89
21:12:25,server_9,52.76
21:12:25,server_11,115.77
21:12:25,server_2,53.76
21:12:25,server_3,130.96
21:12:25,server_4,925.13
21:12:25,server_1,74.45
21:12:25,server_6,69.94
21:12:25,server_8,86.43
21:12:25,server_5,15.68
21:12:30,server_20,68.71
21:12:30,server_12,13.47
21:12:30,server_19,24.74
21:12:30,server_17,52.25
21:12:30,server_16,8898.21
21:12:30,server_15,0.0
21:12:30,server_14,101.47
21:12:30,server_13,53.42
21:12:30,server_11,13.63
21:12:30,server_18,16.48
21:12:30,server_9,72.39
21:12:30,server_8,16.84
21:12:30,server_7,23.95
21:12:30,server_6,7518.2
21:12:30,server_5,52.15
21:12:30,server_4,0.0
21:12:30,server_3,152.41
21:12:30,server_2,102.87
21:12:30,server_1,0.0
21:12:30,server_10,126.8
21:12:35,server_13,27.59
21:12:35,server_14,93.05
21:12:35,server_15,9223.58
21:12:35,server_20,0.0
21:12:35,server_17,3097.03
21:12:35,server_18,1250.26
21:12:35,server_19,178.1
21:12:35,server_12,892.3
21:12:35,server_16,104.81
21:12:35,server_11,57.47
21:12:35,server_7,5607.65
21:12:35,server_9,523.35
21:12:35,server_8,71.95
21:12:35,server_6,45.75
21:12:35,server_5,16.2
21:12:35,server_4,26.09
21:12:35,server_3,44.06
21:12:35,server_2,5.49
21:12:35,server_1,2.61
21:12:35,server_10,115.5
21:12:40,server_15,92.49
21:12:40,server_13,19.0
21:12:40,server_14,110.59
21:12:40,server_16,72.35
21:12:40,server_12,119.37
21:12:40,server_18,158.83
21:12:40,server_19,121.38
21:12:40,server_20,1016.77
21:12:40,server_17,0.0
21:12:40,server_11,3892.58
21:12:40,server_1,0.0
21:12:40,server_9,47.4
21:12:40,server_2,71.74
21:12:40,server_3,116.96
21:12:40,server_4,151.23
21:12:40,server_10,50.12
21:12:40,server_6,67.53
21:12:40,server_7,35.52
21:12:40,server_8,71.51
21:12:40,server_5,73.48
21:12:45,server_12,40.61
21:12:45,server_19,32.19
21:12:45,server_18,151.29
21:12:45,server_17,0.0
21:12:45,server_16,1914.26
21:12:45,server_15,0.21
21:12:45,server_14,152.03
21:12:45,server_13,27.66
21:12:45,server_11,83.27
21:12:45,server_20,9.54
21:12:45,server_9,65.64
21:12:45,server_1,1787.37
21:12:45,server_2,109.91
21:12:45,server_3,33.96
21:12:45,server_4,0.0
21:12:45,server_10,0.0
21:12:45,server_6,73.89
21:12:45,server_7,147.45
21:12:45,server_8,1167.41
21:12:45,server_5,188.22
21:12:50,server_11,0.0
21:12:50,server_19,181.2
21:12:50,server_18,116.31
21:12:50,server_17,93.06
21:12:50,server_16,14.12
21:12:50,server_15,55.38
21:12:50,server_14,92.28
21:12:50,server_13,1760.83
21:12:50,server_12,107.67
21:12:50,server_20,1.86
21:12:50,server_10,1868.53
21:12:50,server_8,612.86
21:12:50,server_7,108.32
21:12:50,server_6,89.94
21:12:50,server_5,62.25
21:12:50,server_4,8.36
21:12:50,server_3,67.12
21:12:50,server_2,37.91
21:12:50,server_1,1799.22
21:12:50,server_9,60.02
21:12:55,server_14,0.0
21:12:55,server_15,6360.35
21:12:55,server_16,87.25
21:12:55,server_13,92.95
21:12:55,server_18,44.47
21:12:55,server_19,6.39
21:12:55,server_20,197.96
21:12:55,server_17,14.32
21:12:55,server_12,0.0
21:12:55,server_11,1406.01
21:12:55,server_1,124.21
21:12:55,server_9,7356.56
21:12:55,server_8,0.0
21:12:55,server_7,3956.96
21:12:55,server_6,113.99
21:12:55,server_5,73.18
21:12:55,server_4,119.33
21:12:55,server_3,0.0
21:12:55,server_2,58.21
21:12:55,server_10,24.57
21:13:00,server_13,95.21
21:13:00,server_14,7478.85
21:13:00,server_15,3361.51
21:13:00,server_20,113.9
21:13:00,server_18,27.56
21:13:00,server_19,81.68
21:13:00,server_12,91.13
21:13:00,server_16,199.5
21:13:00,server_11,1105.39
21:13:00,server_17,71.48
21:13:00,server_9,136.04
21:13:00,server_10,1005.23
21:13:00,server_2,69.71
21:13:00,server_3,12.13
21:13:00,server_4,95.26
21:13:00,server_1,34.67
21:13:00,server_6,114.08
21:13:00,server_7,129.06
21:13:00,server_8,0.0
21:13:00,server_5,60.23
21:13:05,server_20,102.86
21:13:05,server_12,4885.89
21:13:05,server_19,98.04
21:13:05,server_18,25.62
21:13:05,server_17,171.45
21:13:05,server_16,7802.09
21:13:05,server_15,1052.19
21:13:05,server_14,41.96
21:13:05,server_13,1747.09
21:13:05,server_11,86.24
21:13:05,server_7,1580.62
21:13:05,server_9,17.16
21:13:05,server_8,99.01
21:13:05,server_6,70.62
21:13:05,server_5,128.7
21:13:05,server_4,35.1
21:13:05,server_3,133.87
21:13:05,server_2,37.15
21:13:05,server_1,51.91
21:13:05,server_10,35.67
21:13:10,server_15,2.26
21:13:10,server_13,64.76
21:13:10,server_14,117.33
21:13:10,server_16,42.37
21:13:10,server_12,1461.67
21:13:10,server_18,9829.08
21:13:10,server_19,0.0
21:13:10,server_20,0.0
21:13:10,server_17,66.4
21:13:10,server_11,26.86
21:13:10,server_1,4799.8
21:13:10,server_9,1252.67
21:13:10,server_2,120.02
21:13:10,server_3,65.06
21:13:10,server_4,87.86
21:13:10,server_10,44.3
21:13:10,server_6,28.31
21:13:10,server_7,184.36
21:13:10,server_8,72.69
21:13:10,server_5,64.06
21:13:15,server_13,42.53
21:13:15,server_20,60.56
21:13:15,server_19,1414.19
21:13:15,server_18,1007.79
21:13:15,server_17,86.9
21:13:15,server_16,104.99
21:13:15,server_15,55.84
21:13:15,server_14,90.54
21:13:15,server_12,146.19
21:13:15,server_11,106.94
21:13:15,server_1,3652.0
21:13:15,server_9,86.8
21:13:15,server_8,48.46
21:13:15,server_7,0.0
21:13:15,server_6,0.0
21:13:15,server_5,0.0
21:13:15,server_4,50.05
21:13:15,server_3,1383.89
21:13:15,server_2,7440.52
21:13:15,server_10,50.75
21:13:20,server_13,131.53
21:13:20,server_14,8.8
21:13:20,server_15,82.74
21:13:20,server_16,59.75
21:13:20,server_12,96.42
21:13:20,server_18,1959.32
21:13:20,server_19,88.98
21:13:20,server_20,63.7
21:13:20,server_17,26.67
21:13:20,server_11,45.19
21:13:20,server_1,161.54
21:13:20,server_9,5797.66
21:13:20,server_8,67.69
21:13:20,server_7,82.49
21:13:20,server_6,5737.33
21:13:20,server_5,4.03
21:13:20,server_4,68.21
21:13:20,server_3,0.0
21:13:20,server_2,63.78
21:13:20,server_10,112.91
21:13:25,server_13,4302.95
21:13:25,server_14,114.3
21:13:25,server_15,83.46
21:13:25,server_16,0.0
21:13:25,server_20,121.38
21:13:25,server_18,19.08
21:13:25,server_19,121.85
21:13:25,server_12,4635.49
21:13:25,server_17,5673.75
21:13:25,server_11,5478.86
21:13:25,server_1,75.11
21:13:25,server_9,92.08
21:13:25,server_2,9755.21
21:13:25,server_3,136.94
21:13:25,server_4,30.68
21:13:25,server_10,73.06
21:13:25,server_6,24.35
21:13:25,server_7,90.28
21:13:25,server_8,84.98
21:13:25,server_5,73.62
21:13:30,server_12,134.28
21:13:30,server_19,142.36
21:13:30,server_18,34.88
21:13:30,server_17,97.27
21:13:30,server_16,51.3
21:13:30,server_15,0.0
21:13:30,server_14,157.38
21:13:30,server_13,47.13
21:13:30,server_20,164.46
21:13:30,server_11,53.78
21:13:30,server_9,0.0
21:13:30,server_8,74.89
21:13:30,server_7,117.92
21:13:30,server_6,0.0
21:13:30,server_5,68.26
21:13:30,server_4,3913.64
21:13:30,server_3,130.67
21:13:30,server_2,11.85
21:13:30,server_1,1018.69
21:13:30,server_10,108.73
21:13:35,server_13,11.25
21:13:35,server_14,127.45
21:13:35,server_15,23.16
21:13:35,server_16,7166.67
21:13:35,server_12,0.0
21:13:35,server_18,0.0
21:13:35,server_19,62.18
21:13:35,server_20,12.75
21:13:35,server_17,123.98
21:13:35,server_11,1722.77
21:13:35,server_1,69.01
21:13:35,server_9,165.21
21:13:35,server_2,0.0
21:13:35,server_3,109.77
21:13:35,server_4,22.44
21:13:35,server_10,0.0
21:13:35,server_6,69.5
21:13:35,server_7,47.9
21:13:35,server_8,0.0
21:13:35,server_5,117.98
21:13:40,server_20,102.01
21:13:40,server_19,44.33
21:13:40,server_18,1796.9
21:13:40,server_17,102.02
21:13:40,server_16,50.08
21:13:40,server_15,40.73
21:13:40,server_14,8.76
21:13:40,server_12,140.46
21:13:40,server_11,129.24
21:13:40,server_13,32.73
21:13:40,server_9,63.7
21:13:40,server_10,8558.53
21:13:40,server_2,112.43
21:13:40,server_3,86.7
21:13:40,server_4,9691.11
21:13:40,server_1,8.22
21:13:40,server_6,0.0
21:13:40,server_7,30.65
21:13:40,server_8,0.0
21:13:40,server_5,62.32
21:13:45,server_12,1.21
21:13:45,server_20,31.85
21:13:45,server_19,18.18
21:13:45,server_18,0.0
21:13:45,server_17,111.28
21:13:45,server_16,70.05
21:13:45,server_15,195.36
21:13:45,server_14,16.08
21:13:45,server_13,19.47
21:13:45,server_11,159.34
21:13:45,server_3,4.18
21:13:45,server_9,4386.16
21:13:45,server_8,19.29
21:13:45,server_7,53.11
21:13:45,server_6,54.85
21:13:45,server_5,4117.12
21:13:45,server_4,1136.44
21:13:45,server_2,1377.62
21:13:45,server_1,1028.84
21:13:45,server_10,15.08
21:13:50,server_13,103.34
21:13:50,server_14,86.79
21:13:50,server_15,0.0
21:13:50,server_16,37.5
21:13:50,server_20,137.0
21:13:50,server_18,0.0
21:13:50,server_19,51.81
21:13:50,server_12,6207.21
21:13:50,server_17,21.61
21:13:50,server_11,22.35
21:13:50,server_3,93.85
21:13:50,server_9,9356.35
21:13:50,server_1,1335.7
21:13:50,server_2,0.43
21:13:50,server_4,83.05
21:13:50,server_10,126.59
21:13:50,server_6,74.13
21:13:50,server_7,187.44
21:13:50,server_8,35.14
21:13:50,server_5,1391.56
21:13:55,server_20,5524.27
21:13:55,server_11,175.18
21:13:55,server_18,28.7
21:13:55,server_17,4.09
21:13:55,server_16,985.29
21:13:55,server_15,0.63
21:13:55,server_14,174.71
21:13:55,server_13,8156.37
21:13:55,server_12,109.63
21:13:55,server_19,73.86
21:13:55,server_10,59.81
21:13:55,server_8,6589.86
21:13:55,server_7,168.7
21:13:55,server_6,1.98
21:13:55,server_5,66.29
21:13:55,server_4,94.27
21:13:55,server_3,1.11
21:13:55,server_2,66.55
21:13:55,server_1,46.07
21:13:55,server_9,108.72
21:14:00,server_13,34.14
21:14:00,server_14,65.41
21:14:00,server_15,88.07
21:14:00,server_12,138.85
21:14:00,server_17,0.0
21:14:00,server_18,172.78
21:14:00,server_19,5425.83
21:14:00,server_16,90.91
21:14:00,server_11,0.0
21:14:00,server_20,941.66
21:14:00,server_9,134.74
21:14:00,server_1,32.82
21:14:00,server_2,8.05
21:14:00,server_3,973.17
21:14:00,server_4,124.48
21:14:00,server_10,90.05
21:14:00,server_6,93.87
21:14:00,server_7,110.32
21:14:00,server_8,170.3
21:14:00,server_5,792.33
21:14:05,server_12,134.84
21:14:05,server_20,104.02
21:14:05,server_19,1646.52
21:14:05,server_18,93.86
21:14:05,server_17,8248.35
21:14:05,server_16,87.31
21:14:05,server_15,59.22
21:14:05,server_14,150.17
21:14:05,server_13,0.0
21:14:05,server_11,2.35
21:14:05,server_3,155.43
21:14:05,server_9,4766.01
21:14:05,server_8,0.0
21:14:05,server_7,72.68
21:14:05,server_6,40.08
21:14:05,server_5,78.26
21:14:05,server_4,3395.87
21:14:05,server_10,9090.12
21:14:05,server_2,133.5
21:14:05,server_1,94.55
21:14:10,server_13,206.6
21:14:10,server_14,8.59
21:14:10,server_15,3680.16
21:14:10,server_16,20.73
21:14:10,server_20,114.0
21:14:10,server_18,59.27
21:14:10,server_19,38.76
21:14:10,server_12,43.68
21:14:10,server_17,0.0
21:14:10,server_11,173.79
21:14:10,server_10,1716.54
21:14:10,server_9,141.43
21:14:10,server_2,112.98
21:14:10,server_3,38.53
21:14:10,server_4,142.92
21:14:10,server_1,0.0
21:14:10,server_6,110.77
21:14:10,server_7,92.67
21:14:10,server_8,1126.08
21:14:10,server_5,4164.76
21:14:15,server_12,4229.0
21:14:15,server_19,0.0
21:14:15,server_18,7.36
21:14:15,server_17,108.02
21:14:15,server_16,17.53
21:14:15,server_15,87.9
21:14:15,server_14,189.86
21:14:15,server_13,25.38
21:14:15,server_11,29.67
21:14:15,server_20,7.21
21:14:15,server_9,77.72
21:14:15,server_1,164.17
21:14:15,server_2,6122.33
21:14:15,server_3,63.96
21:14:15,server_4,18.32
21:14:15,server_10,102.55
21:14:15,server_6,60.74
21:14:15,server_7,995.59
21:14:15,server_8,28.81
21:14:15,server_5,45.04
21:14:20,server_19,25.56
21:14:20,server_18,77.89
21:14:20,server_17,5525.37
21:14:20,server_16,109.54
21:14:20,server_15,61.17
21:14:20,server_14,68.51
21:14:20,server_13,0.0
21:14:20,server_12,77.03
21:14:20,server_11,113.06
21:14:20,server_20,24.09
21:14:20,server_9,7.1
21:14:20,server_1,84.64
21:14:20,server_2,4591.66
21:14:20,server_3,23.15
21:14:20,server_4,86.52
21:14:20,server_10,0.0
21:14:20,server_6,0.0
21:14:20,server_7,17.38
21:14:20,server_8,52.45
21:14:20,server_5,17.64
21:14:25,server_11,137.73
21:14:25,server_19,46.07
21:14:25,server_18,117.4
21:14:25,server_17,51.29
21:14:25,server_16,0.0
21:14:25,server_15,138.57
21:14:25,server_14,5308.48
21:14:25,server_13,51.94
21:14:25,server_12,43.02
21:14:25,server_20,34.84
21:14:25,server_10,773.21
21:14:25,server_8,3024.35
21:14:25,server_9,4721.18
21:14:25,server_1,8339.38
21:14:25,server_2,144.17
21:14:25,server_3,5388.39
21:14:25,server_5,28.73
21:14:25,server_6,1779.79
21:14:25,server_7,7723.02
21:14:25,server_4,137.11
21:14:30,server_20,16.67
21:14:30,server_19,75.11
21:14:30,server_18,73.35
21:14:30,server_17,4156.01
21:14:30,server_16,119.41
21:14:30,server_15,105.85
21:14:30,server_14,25.19
21:14:30,server_13,32.82
21:14:30,server_12,137.66
21:14:30,server_11,0.0
21:14:30,server_9,0.0
21:14:30,server_1,26.35
21:14:30,server_2,66.28
21:14:30,server_3,51.68
21:14:30,server_4,99.14
21:14:30,server_10,971.17
21:14:30,server_6,514.72
21:14:30,server_7,97.61
21:14:30,server_8,48.05
21:14:30,server_5,3964.09
21:14:35,server_12,85.26
21:14:35,server_20,91.16
21:14:35,server_19,58.73
21:14:35,server_18,65.6
21:14:35,server_17,173.86
21:14:35,server_16,69.68
21:14:35,server_15,64.35
21:14:35,server_14,63.05
21:14:35,server_13,19.17
21:14:35,server_11,60.11
21:14:35,server_10,0.0
21:14:35,server_9,0.0
21:14:35,server_2,68.45
21:14:35,server_3,97.01
21:14:35,server_4,68.48
21:14:35,server_1,67.9
21:14:35,server_6,66.99
21:14:35,server_7,0.0
21:14:35,server_8,48.2
21:14:35,server_5,49.17
21:14:40,server_12,9.66
21:14:40,server_19,4302.33
21:14:40,server_18,0.0
21:14:40,server_17,87.06
21:14:40,server_16,29.52
21:14:40,server_15,45.75
21:14:40,server_14,0.0
21:14:40,server_13,58.1
21:14:40,server_11,16.57
21:14:40,server_20,140.08
21:14:40,server_9,127.07
21:14:40,server_1,853.38
21:14:40,server_2,4706.82
21:14:40,server_3,0.0
21:14:40,server_4,55.68
21:14:40,server_10,40.83
21:14:40,server_6,9.48
21:14:40,server_7,0.0
21:14:40,server_8,91.46
21:14:40,server_5,8752.4
21:14:45,server_12,48.75
21:14:45,server_19,0.0
21:14:45,server_18,80.3
21:14:45,server_17,44.08
21:14:45,server_16,89.65
21:14:45,server_15,128.7
21:14:45,server_14,56.5
21:14:45,server_13,1398.81
21:14:45,server_11,147.94
21:14:45,server_20,103.08
21:14:45,server_9,66.7
21:14:45,server_1,8534.19
21:14:45,server_2,95.6
21:14:45,server_3,111.81
21:14:45,server_4,140.98
21:14:45,server_10,114.4
21:14:45,server_6,46.49
21:14:45,server_7,16.84
21:14:45,server_8,11.41
21:14:45,server_5,1937.08
21:14:50,server_11,633.38
21:14:50,server_19,29.44
21:14:50,server_18,19.55
21:14:50,server_17,214.51
21:14:50,server_16,56.24
21:14:50,server_15,1091.01
21:14:50,server_14,112.95
21:14:50,server_13,127.64
21:14:50,server_12,1527.79
21:14:50,server_20,19.33
21:14:50,server_10,56.62
21:14:50,server_8,570.6
21:14:50,server_7,893.66
21:14:50,server_6,132.15
21:14:50,server_5,23.59
21:14:50,server_4,80.56
21:14:50,server_3,570.99
21:14:50,server_2,87.54
21:14:50,server_1,154.56
21:14:50,server_9,14.09
21:14:55,server_13,63.69
21:14:55,server_14,64.01
21:14:55,server_15,56.19
21:14:55,server_12,96.42
21:14:55,server_17,55.78
21:14:55,server_18,3149.46
21:14:55,server_19,21.35
21:14:55,server_16,31.62
21:14:55,server_11,697.07
21:14:55,server_20,71.0
21:14:55,server_9,138.62
21:14:55,server_1,54.47
21:14:55,server_2,54.33
21:14:55,server_3,15.63
21:14:55,server_4,35.94
21:14:55,server_10,4.44
21:14:55,server_6,23.67
21:14:55,server_7,909.71
21:14:55,server_8,103.87
21:14:55,server_5,59.05
21:15:00,server_19,1248.85
21:15:00,server_18,101.22
21:15:00,server_17,118.96
21:15:00,server_16,5762.76
21:15:00,server_15,1982.3
21:15:00,server_14,37.03
21:15:00,server_13,3775.34
21:15:00,server_12,54.47
21:15:00,server_11,9904.67
21:15:00,server_20,0.0
21:15:00,server_9,61.73
21:15:00,server_1,18.16
21:15:00,server_2,0.0
21:15:00,server_3,114.69
21:15:00,server_4,98.93
21:15:00,server_10,198.64
21:15:00,server_6,25.31
21:15:00,server_7,111.21
21:15:00,server_8,56.15
21:15:00,server_5,1785.37
21:15:05,server_11,9791.17
21:15:05,server_19,135.46
21:15:05,server_18,102.32
21:15:05,server_17,83.02
21:15:05,server_16,42.4
21:15:05,server_15,83.62
21:15:05,server_14,120.14
21:15:05,server_13,189.08
21:15:05,server_12,1565.6
21:15:05,server_20,0.0
21:15:05,server_10,94.93
21:15:05,server_8,120.66
21:15:05,server_9,4507.78
21:15:05,server_1,53.8
21:15:05,server_2,0.0
21:15:05,server_3,22.3
21:15:05,server_5,31.27
21:15:05,server_6,0.0
21:15:05,server_7,73.81
21:15:05,server_4,79.04
21:15:10,server_20,85.88
21:15:10,server_11,39.28
21:15:10,server_18,0.0
21:15:10,server_17,7097.17
21:15:10,server_16,912.88
21:15:10,server_15,67.02
21:15:10,server_14,30.35
21:15:10,server_13,84.38
21:15:10,server_12,169.51
21:15:10,server_19,131.71
21:15:10,server_10,34.22
21:15:10,server_8,0.0
21:15:10,server_1,49.05
21:15:10,server_2,47.76
21:15:10,server_3,102.31
21:15:10,server_9,117.29
21:15:10,server_5,61.63
21:15:10,server_6,17.76
21:15:10,server_7,45.14
21:15:10,server_4,11.0
21:15:15,server_13,64.38
21:15:15,server_20,0.0
21:15:15,server_19,10.92
21:15:15,server_18,5724.59
21:15:15,server_17,39.87
21:15:15,server_16,0.0
21:15:15,server_15,65.05
21:15:15,server_14,2.95
21:15:15,server_12,36.18
21:15:15,server_11,78.9
21:15:15,server_1,29.15
21:15:15,server_9,69.27
21:15:15,server_8,101.13
21:15:15,server_7,1661.25
21:15:15,server_6,1063.43
21:15:15,server_5,173.64
21:15:15,server_4,31.07
21:15:15,server_3,18.21
21:15:15,server_2,45.29
21:15:15,server_10,64.76
21:15:20,server_13,0.0
21:15:20,server_14,112.32
21:15:20,server_15,54.68
21:15:20,server_16,767.61
21:15:20,server_12,93.31
21:15:20,server_18,0.0
21:15:20,server_19,29.43
21:15:20,server_20,103.0
21:15:20,server_17,1993.51
21:15:20,server_11,123.35
21:15:20,server_1,8931.51
21:15:20,server_9,1791.14
21:15:20,server_8,6177.73
21:15:20,server_7,63.81
21:15:20,server_6,45.1
21:15:20,server_5,59.42
21:15:20,server_4,107.68
21:15:20,server_3,5980.09
21:15:20,server_2,0.0
21:15:20,server_10,0.0
21:15:25,server_12,51.95
21:15:25,server_13,49.8
21:15:25,server_14,54.27
21:15:25,server_15,1850.07
21:15:25,server_19,1515.03
21:15:25,server_17,64.45
21:15:25,server_18,0.0
21:15:25,server_11,18.42
21:15:25,server_16,58.7
21:15:25,server_20,6343.52
21:15:25,server_10,106.24
21:15:25,server_8,8546.44
21:15:25,server_1,58.24
21:15:25,server_2,62.72
21:15:25,server_3,172.61
21:15:25,server_9,3.02
21:15:25,server_5,0.0
21:15:25,server_6,1358.32
21:15:25,server_7,1462.29
21:15:25,server_4,1830.61
21:15:30,server_20,8.09
21:15:30,server_19,99.2
21:15:30,server_18,0.0
21:15:30,server_17,107.91
21:15:30,server_16,124.87
21:15:30,server_15,31.36
21:15:30,server_14,139.52
21:15:30,server_12,130.9
21:15:30,server_11,84.57
21:15:30,server_13,0.0
21:15:30,server_9,55.1
21:15:30,server_10,4.22
21:15:30,server_2,0.0
21:15:30,server_3,80.03
21:15:30,server_4,9279.02
21:15:30,server_1,91.12
21:15:30,server_6,29.43
21:15:30,server_7,1799.76
21:15:30,server_8,0.0
21:15:30,server_5,16.61
21:15:35,server_12,51.8
21:15:35,server_20,9662.55
21:15:35,server_19,61.36
21:15:35,server_18,61.08
21:15:35,server_17,14.22
21:15:35,server_16,3435.28
21:15:35,server_15,48.44
21:15:35,server_14,160.48
21:15:35,server_13,24.2
21:15:35,server_11,146.05
21:15:35,server_3,21.07
21:15:35,server_9,57.73
21:15:35,server_10,165.83
21:15:35,server_2,139.33
21:15:35,server_4,0.0
21:15:35,server_1,0.0
21:15:35,server_6,52.45
21:15:35,server_7,48.34
21:15:35,server_8,4090.6
21:15:35,server_5,18.67
21:15:40,server_12,100.5
21:15:40,server_20,101.2
21:15:40,server_19,0.57
21:15:40,server_18,2.78
21:15:40,server_17,113.71
21:15:40,server_16,3972.73
21:15:40,server_15,72.44
21:15:40,server_14,77.57
21:15:40,server_11,92.82
21:15:40,server_13,90.06
21:15:40,server_9,6411.62
21:15:40,server_2,32.77
21:15:40,server_3,147.29
21:15:40,server_4,29.24
21:15:40,server_5,792.5
21:15:40,server_1,67.22
21:15:40,server_7,5.76
21:15:40,server_10,5153.14
21:15:40,server_8,0.0
21:15:40,server_6,4948.1
21:15:45,server_12,12.96
21:15:45,server_19,52.39
21:15:45,server_18,146.58
21:15:45,server_17,2.51
21:15:45,server_16,0.0
21:15:45,server_15,20.25
21:15:45,server_14,85.46
21:15:45,server_13,1776.66
21:15:45,server_11,27.06
21:15:45,server_20,1371.46
21:15:45,server_9,70.16
21:15:45,server_1,62.34
21:15:45,server_2,11.85
21:15:45,server_3,101.3
21:15:45,server_4,0.0
21:15:45,server_10,60.39
21:15:45,server_6,69.32
21:15:45,server_7,115.68
21:15:45,server_8,72.65
21:15:45,server_5,133.98
21:15:50,server_11,54.3
21:15:50,server_19,7475.74
21:15:50,server_18,113.14
21:15:50,server_17,1775.92
21:15:50,server_16,70.64
21:15:50,server_15,16.27
21:15:50,server_14,32.55
21:15:50,server_13,72.73
21:15:50,server_12,96.01
21:15:50,server_20,70.35
21:15:50,server_10,3853.19
21:15:50,server_8,60.27
21:15:50,server_7,147.13
21:15:50,server_6,930.3
21:15:50,server_5,64.96
21:15:50,server_4,101.62
21:15:50,server_3,123.83
21:15:50,server_2,9144.6
21:15:50,server_1,105.82
21:15:50,server_9,19.61
21:15:55,server_14,159.74
21:15:55,server_15,0.0
21:15:55,server_16,114.23
21:15:55,server_12,858.21
21:15:55,server_18,81.5
21:15:55,server_19,6.24
21:15:55,server_20,91.61
21:15:55,server_17,184.79
21:15:55,server_11,746.26
21:15:55,server_13,103.03
21:15:55,server_9,0.0
21:15:55,server_1,5608.13
21:15:55,server_2,68.03
21:15:55,server_3,66.45
21:15:55,server_4,4479.2
21:15:55,server_10,49.48
21:15:55,server_6,0.0
21:15:55,server_7,110.38
21:15:55,server_5,3.48
21:15:55,server_8,28.76
21:16:00,server_19,7138.87
21:16:00,server_18,72.21
21:16:00,server_17,0.0
21:16:00,server_16,57.98
21:16:00,server_15,146.97
21:16:00,server_14,1918.74
21:16:00,server_13,96.37
21:16:00,server_12,0.0
21:16:00,server_11,120.57
21:16:00,server_20,4397.64
21:16:00,server_9,92.77
21:16:00,server_1,98.35
21:16:00,server_2,95.25
21:16:00,server_3,1450.41
21:16:00,server_4,42.54
21:16:00,server_10,103.37
21:16:00,server_6,54.48
21:16:00,server_7,962.74
21:16:00,server_8,1925.32
21:16:00,server_5,81.62
21:16:05,server_11,42.53
21:16:05,server_19,146.51
21:16:05,server_18,30.72
21:16:05,server_17,111.56
21:16:05,server_16,0.0
21:16:05,server_15,8384.49
21:16:05,server_14,67.14
21:16:05,server_13,70.82
21:16:05,server_12,6778.86
21:16:05,server_20,32.07
21:16:05,server_10,136.88
21:16:05,server_8,1198.1
21:16:05,server_9,84.4
21:16:05,server_1,42.21
21:16:05,server_2,81.69
21:16:05,server_3,132.2
21:16:05,server_5,65.48
21:16:05,server_6,55.63
21:16:05,server_7,0.0
21:16:05,server_4,100.83
21:16:10,server_20,13.41
21:16:10,server_11,29.48
21:16:10,server_18,64.63
21:16:10,server_17,166.04
21:16:10,server_16,7669.01
21:16:10,server_15,9516.53
21:16:10,server_14,34.18
21:16:10,server_13,54.77
21:16:10,server_12,64.07
21:16:10,server_19,0.0
21:16:10,server_10,81.39
21:16:10,server_8,67.56
21:16:10,server_1,87.48
21:16:10,server_2,680.49
21:16:10,server_3,5579.92
21:16:10,server_9,0.0
21:16:10,server_5,0.0
21:16:10,server_6,15.92
21:16:10,server_7,15.93
21:16:10,server_4,3352.64
21:16:15,server_13,0.28
21:16:15,server_20,630.92
21:16:15,server_19,38.88
21:16:15,server_18,4936.0
21:16:15,server_17,3814.93
21:16:15,server_16,48.36
21:16:15,server_15,120.96
21:16:15,server_14,0.0
21:16:15,server_12,903.4
21:16:15,server_11,5.45
21:16:15,server_1,8306.91
21:16:15,server_9,152.7
21:16:15,server_8,112.6
21:16:15,server_7,33.82
21:16:15,server_6,127.53
21:16:15,server_5,44.8
21:16:15,server_4,92.78
21:16:15,server_3,25.05
21:16:15,server_2,0.0
21:16:15,server_10,157.28
21:16:20,server_13,64.99
21:16:20,server_14,150.68
21:16:20,server_15,58.46
21:16:20,server_16,68.97
21:16:20,server_12,129.02
21:16:20,server_18,1957.62
21:16:20,server_19,82.26
21:16:20,server_20,0.0
21:16:20,server_17,64.99
21:16:20,server_11,136.09
21:16:20,server_1,61.33
21:16:20,server_9,100.33
21:16:20,server_8,5779.86
21:16:20,server_7,16.83
21:16:20,server_6,173.75
21:16:20,server_5,4256.85
21:16:20,server_4,3.17
21:16:20,server_3,106.03
21:16:20,server_2,53.37
21:16:20,server_10,72.17
21:16:25,server_13,0.0
21:16:25,server_14,27.77
21:16:25,server_15,8194.45
21:16:25,server_16,123.87
21:16:25,server_20,123.91
21:16:25,server_18,6954.33
21:16:25,server_19,18.15
21:16:25,server_12,14.68
21:16:25,server_17,0.0
21:16:25,server_11,144.99
21:16:25,server_3,174.73
21:16:25,server_9,73.41
21:16:25,server_2,37.45
21:16:25,server_10,68.52
21:16:25,server_4,151.3
21:16:25,server_1,87.07
21:16:25,server_6,0.0
21:16:25,server_7,48.43
21:16:25,server_8,19.64
21:16:25,server_5,51.9
21:16:30,server_12,135.33
21:16:30,server_19,42.92
21:16:30,server_18,98.07
21:16:30,server_17,67.6
21:16:30,server_16,28.85
21:16:30,server_15,84.32
21:16:30,server_14,10.68
21:16:30,server_13,55.43
21:16:30,server_11,5789.06
21:16:30,server_20,0.0
21:16:30,server_9,1533.59
21:16:30,server_1,7347.39
21:16:30,server_2,6750.36
21:16:30,server_3,44.67
21:16:30,server_4,1731.27
21:16:30,server_10,23.91
21:16:30,server_6,0.0
21:16:30,server_7,124.6
21:16:30,server_8,74.33
21:16:30,server_5,78.02
21:16:35,server_11,1583.24
21:16:35,server_19,12.15
21:16:35,server_18,3295.09
21:16:35,server_17,70.73
21:16:35,server_16,52.75
21:16:35,server_15,748.66
21:16:35,server_14,21.55
21:16:35,server_13,19.27
21:16:35,server_12,177.67
21:16:35,server_20,98.95
21:16:35,server_10,133.17
21:16:35,server_8,57.34
21:16:35,server_7,0.0
21:16:35,server_6,46.16
21:16:35,server_5,117.91
21:16:35,server_4,20.16
21:16:35,server_3,107.5
21:16:35,server_2,22.68
21:16:35,server_1,97.62
21:16:35,server_9,113.8
21:16:40,server_14,3262.28
21:16:40,server_15,75.94
21:16:40,server_16,0.0
21:16:40,server_13,39.04
21:16:40,server_18,128.35
21:16:40,server_19,70.56
21:16:40,server_20,11.48
21:16:40,server_17,67.8
21:16:40,server_12,98.39
21:16:40,server_11,6278.21
21:16:40,server_1,97.69
21:16:40,server_9,59.83
21:16:40,server_8,0.0
21:16:40,server_7,48.03
21:16:40,server_6,79.26
21:16:40,server_5,79.28
21:16:40,server_4,72.61
21:16:40,server_3,95.95
21:16:40,server_2,62.69
21:16:40,server_10,68.82
21:16:45,server_13,185.31
21:16:45,server_14,970.15
21:16:45,server_15,3505.04
21:16:45,server_20,90.61
21:16:45,server_18,0.0
21:16:45,server_19,1026.42
21:16:45,server_12,92.08
21:16:45,server_16,197.28
21:16:45,server_11,46.13
21:16:45,server_17,9954.97
21:16:45,server_9,28.25
21:16:45,server_10,160.67
21:16:45,server_2,51.27
21:16:45,server_3,4577.96
21:16:45,server_4,39.62
21:16:45,server_1,93.89
21:16:45,server_6,26.75
21:16:45,server_7,10.69
21:16:45,server_8,79.75
21:16:45,server_5,110.01
21:16:50,server_20,64.48
21:16:50,server_12,25.01
21:16:50,server_19,9798.56
21:16:50,server_18,0.0
21:16:50,server_17,29.14
21:16:50,server_16,12.3
21:16:50,server_15,77.45
21:16:50,server_14,3535.32
21:16:50,server_13,62.29
21:16:50,server_11,116.21
21:16:50,server_7,6394.53
21:16:50,server_9,108.22
21:16:50,server_8,49.71
21:16:50,server_6,68.58
21:16:50,server_5,68.41
21:16:50,server_4,29.42
21:16:50,server_3,125.58
21:16:50,server_2,1154.87
21:16:50,server_1,42.61
21:16:50,server_10,110.27
21:16:55,server_15,112.49
21:16:55,server_13,21.82
21:16:55,server_14,53.67
21:16:55,server_16,21.97
21:16:55,server_12,55.16
21:16:55,server_18,68.28
21:16:55,server_19,141.2
21:16:55,server_20,81.1
21:16:55,server_17,109.6
21:16:55,server_11,63.71
21:16:55,server_1,88.43
21:16:55,server_9,69.06
21:16:55,server_2,123.57
21:16:55,server_3,0.0
21:16:55,server_4,43.24
21:16:55,server_10,77.75
21:16:55,server_6,55.14
21:16:55,server_7,60.81
21:16:55,server_8,47.97
21:16:55,server_5,0.0
21:17:00,server_13,128.45
21:17:00,server_20,76.95
21:17:00,server_19,3982.15
21:17:00,server_18,2.7
21:17:00,server_17,97.32
21:17:00,server_16,1582.7
21:17:00,server_15,33.85
21:17:00,server_14,4711.55
21:17:00,server_12,12.91
21:17:00,server_11,114.54
21:17:00,server_1,4.01
21:17:00,server_9,0.0
21:17:00,server_8,726.09
21:17:00,server_7,141.18
21:17:00,server_6,1092.73
21:17:00,server_5,23.81
21:17:00,server_4,27.77
21:17:00,server_3,117.09
21:17:00,server_2,1292.38
21:17:00,server_10,132.38
21:17:05,server_13,45.49
21:17:05,server_14,0.0
21:17:05,server_15,45.45
21:17:05,server_16,18.27
21:17:05,server_12,0.0
21:17:05,server_18,101.6
21:17:05,server_19,60.35
21:17:05,server_20,63.87
21:17:05,server_17,0.0
21:17:05,server_11,91.33
21:17:05,server_1,4086.15
21:17:05,server_9,43.52
21:17:05,server_8,128.58
21:17:05,server_7,129.76
21:17:05,server_6,19.81
21:17:05,server_5,74.22
21:17:05,server_4,67.89
21:17:05,server_3,22.6
21:17:05,server_2,36.55
21:17:05,server_10,106.65
21:17:10,server_13,1066.77
21:17:10,server_14,0.0
21:17:10,server_15,30.84
21:17:10,server_16,18.91
21:17:10,server_20,6691.02
21:17:10,server_18,1314.6
21:17:10,server_19,65.91
21:17:10,server_12,70.53
21:17:10,server_17,14.37
21:17:10,server_11,84.89
21:17:10,server_1,0.0
21:17:10,server_9,68.03
21:17:10,server_2,57.51
21:17:10,server_3,21.21
21:17:10,server_4,12.31
21:17:10,server_10,8.6
21:17:10,server_6,82.67
21:17:10,server_7,1068.01
21:17:10,server_8,42.96
21:17:10,server_5,24.14
21:17:15,server_12,46.53
21:17:15,server_19,23.43
21:17:15,server_18,112.25
21:17:15,server_17,13.96
21:17:15,server_16,24.8
21:17:15,server_15,44.91
21:17:15,server_14,4743.57
21:17:15,server_13,547.8
21:17:15,server_20,116.11
21:17:15,server_11,75.92
21:17:15,server_9,14.88
21:17:15,server_8,45.28
21:17:15,server_7,29.2
21:17:15,server_6,77.56
21:17:15,server_5,3393.19
21:17:15,server_4,131.93
21:17:15,server_3,42.77
21:17:15,server_2,97.1
21:17:15,server_1,31.78
21:17:15,server_10,10.37
21:17:20,server_13,40.64
21:17:20,server_14,0.0
21:17:20,server_15,68.3
21:17:20,server_16,78.26
21:17:20,server_12,0.0
21:17:20,server_20,0.0
21:17:20,server_18,6162.13
21:17:20,server_19,53.68
21:17:20,server_17,23.08
21:17:20,server_11,87.16
21:17:20,server_3,19.76
21:17:20,server_9,0.0
21:17:20,server_10,132.86
21:17:20,server_2,79.92
21:17:20,server_4,118.33
21:17:20,server_1,131.61
21:17:20,server_6,96.18
21:17:20,server_7,32.6
21:17:20,server_5,70.96
21:17:20,server_8,5900.97
21:17:25,server_20,77.85
21:17:25,server_19,89.51
21:17:25,server_18,8766.95
21:17:25,server_17,95.96
21:17:25,server_16,112.09
21:17:25,server_15,4771.65
21:17:25,server_14,71.49
21:17:25,server_12,8610.13
21:17:25,server_11,125.43
21:17:25,server_13,88.96
21:17:25,server_9,0.0
21:17:25,server_10,0.0
21:17:25,server_2,104.27
21:17:25,server_3,42.62
21:17:25,server_4,700.38
21:17:25,server_1,86.32
21:17:25,server_6,50.04
21:17:25,server_7,27.77
21:17:25,server_8,1592.38
21:17:25,server_5,133.25
21:17:30,server_12,81.37
21:17:30,server_20,9366.03
21:17:30,server_19,61.23
21:17:30,server_18,5221.24
21:17:30,server_17,9282.82
21:17:30,server_16,84.71
21:17:30,server_15,50.12
21:17:30,server_14,6366.48
21:17:30,server_13,160.94
21:17:30,server_11,30.2
21:17:30,server_3,39.89
21:17:30,server_9,130.94
21:17:30,server_10,107.36
21:17:30,server_2,96.23
21:17:30,server_4,193.17
21:17:30,server_1,125.8
21:17:30,server_6,118.79
21:17:30,server_7,1744.03
21:17:30,server_8,768.19
21:17:30,server_5,198.29
21:17:35,server_12,48.69
21:17:35,server_20,0.0
21:17:35,server_19,81.75
21:17:35,server_18,0.0
21:17:35,server_17,101.77
21:17:35,server_16,50.49
21:17:35,server_15,7691.9
21:17:35,server_14,0.0
21:17:35,server_11,33.03
21:17:35,server_13,22.8
21:17:35,server_9,19.01
21:17:35,server_2,99.98
21:17:35,server_3,19.77
21:17:35,server_4,79.87
21:17:35,server_5,6965.43
21:17:35,server_1,176.96
21:17:35,server_7,6951.96
21:17:35,server_10,1272.32
21:17:35,server_8,102.65
21:17:35,server_6,98.22
21:17:40,server_12,144.64
21:17:40,server_19,100.78
21:17:40,server_18,9737.63
21:17:40,server_17,51.61
21:17:40,server_16,49.11
21:17:40,server_15,0.0
21:17:40,server_14,9583.45
21:17:40,server_13,152.19
21:17:40,server_11,83.75
21:17:40,server_20,76.73
21:17:40,server_9,74.76
21:17:40,server_1,14.69
21:17:40,server_2,7747.16
21:17:40,server_3,113.02
21:17:40,server_4,170.59
21:17:40,server_10,112.62
21:17:40,server_6,111.86
21:17:40,server_7,147.23
21:17:40,server_8,5891.74
21:17:40,server_5,530.16
21:17:45,server_11,579.84
21:17:45,server_19,3347.47
21:17:45,server_18,0.0
21:17:45,server_17,96.31
21:17:45,server_16,13.7
21:17:45,server_15,4327.07
21:17:45,server_14,217.82
21:17:45,server_13,88.07
21:17:45,server_12,0.0
21:17:45,server_20,192.87
21:17:45,server_10,2.94
21:17:45,server_8,64.47
21:17:45,server_7,52.82
21:17:45,server_6,61.7
21:17:45,server_5,628.93
21:17:45,server_4,69.64
21:17:45,server_3,69.55
21:17:45,server_2,12.5
21:17:45,server_1,75.85
21:17:45,server_9,1548.73
21:17:50,server_13,28.33
21:17:50,server_14,73.22
21:17:50,server_15,0.0
21:17:50,server_16,36.18
21:17:50,server_19,77.87
21:17:50,server_20,936.68
21:17:50,server_18,102.17
21:17:50,server_12,75.53
21:17:50,server_17,143.48
21:17:50,server_11,0.0
21:17:50,server_3,53.11
21:17:50,server_9,21.54
21:17:50,server_8,111.69
21:17:50,server_7,88.99
21:17:50,server_6,104.71
21:17:50,server_5,146.32
21:17:50,server_4,109.39
21:17:50,server_2,6002.25
21:17:50,server_1,24.62
21:17:50,server_10,186.78
21:17:55,server_13,88.18
21:17:55,server_14,57.97
21:17:55,server_15,8.06
21:17:55,server_16,9981.62
21:17:55,server_20,26.16
21:17:55,server_18,89.13
21:17:55,server_19,0.0
21:17:55,server_12,1444.88
21:17:55,server_17,117.63
21:17:55,server_11,0.0
21:17:55,server_10,43.87
21:17:55,server_9,74.79
21:17:55,server_2,24.88
21:17:55,server_3,98.47
21:17:55,server_4,68.76
21:17:55,server_1,89.13
21:17:55,server_6,46.2
21:17:55,server_7,149.61
21:17:55,server_8,166.36
21:17:55,server_5,32.17
21:18:00,server_12,0.0
21:18:00,server_19,74.33
21:18:00,server_18,5693.99
21:18:00,server_17,0.0
21:18:00,server_16,0.0
21:18:00,server_15,108.13
21:18:00,server_14,114.98
21:18:00,server_13,6884.67
21:18:00,server_11,1312.21
21:18:00,server_20,6111.77
21:18:00,server_9,22.97
21:18:00,server_1,7550.59
21:18:00,server_2,103.63
21:18:00,server_3,143.07
21:18:00,server_4,85.72
21:18:00,server_10,112.15
21:18:00,server_6,47.85
21:18:00,server_7,5119.06
21:18:00,server_8,0.0
21:18:00,server_5,122.96
21:18:05,server_12,53.7
21:18:05,server_19,80.53
21:18:05,server_18,83.8
21:18:05,server_17,32.85
21:18:05,server_16,3.72
21:18:05,server_15,4332.52
21:18:05,server_14,126.33
21:18:05,server_13,105.67
21:18:05,server_11,124.04
21:18:05,server_20,57.17
21:18:05,server_9,80.63
21:18:05,server_1,84.71
21:18:05,server_2,42.02
21:18:05,server_3,147.71
21:18:05,server_4,65.43
21:18:05,server_10,46.19
21:18:05,server_6,130.85
21:18:05,server_7,81.24
21:18:05,server_8,4535.34
21:18:05,server_5,0.0
21:18:10,server_11,53.53
21:18:10,server_19,92.47
21:18:10,server_18,13.38
21:18:10,server_17,0.0
21:18:10,server_16,84.31
21:18:10,server_15,127.63
21:18:10,server_14,1550.43
21:18:10,server_13,9.55
21:18:10,server_12,48.39
21:18:10,server_20,68.51
21:18:10,server_10,1397.27
21:18:10,server_8,56.77
21:18:10,server_7,0.0
21:18:10,server_6,45.07
21:18:10,server_5,1725.36
21:18:10,server_4,88.62
21:18:10,server_3,0.0
21:18:10,server_2,0.0
21:18:10,server_1,41.84
21:18:10,server_9,143.85
21:18:15,server_12,39.55
21:18:15,server_20,47.04
21:18:15,server_14,81.95
21:18:15,server_19,4841.37
21:18:15,server_16,21.52
21:18:15,server_17,38.57
21:18:15,server_18,45.21
21:18:15,server_15,6528.99
21:18:15,server_10,101.1
21:18:15,server_13,5914.84
21:18:15,server_8,122.3
21:18:15,server_9,86.2
21:18:15,server_1,12.83
21:18:15,server_2,14.53
21:18:15,server_3,50.14
21:18:15,server_11,34.94
21:18:15,server_5,0.0
21:18:15,server_6,85.9
21:18:15,server_4,1.09
21:18:15,server_7,18.54
21:18:20,server_20,107.28
21:18:20,server_19,1693.61
21:18:20,server_18,124.71
21:18:20,server_17,51.23
21:18:20,server_16,7581.0
21:18:20,server_15,123.56
21:18:20,server_14,1.25
21:18:20,server_12,0.0
21:18:20,server_11,61.75
21:18:20,server_13,74.16
21:18:20,server_9,168.76
21:18:20,server_10,87.32
21:18:20,server_2,132.05
21:18:20,server_3,0.0
21:18:20,server_4,21.69
21:18:20,server_1,0.0
21:18:20,server_6,122.08
21:18:20,server_7,3979.6
21:18:20,server_8,1616.44
21:18:20,server_5,58.76
21:18:25,server_12,0.0
21:18:25,server_20,1667.56
21:18:25,server_19,1519.56
21:18:25,server_18,102.55
21:18:25,server_17,12.95
21:18:25,server_16,61.72
21:18:25,server_15,92.2
21:18:25,server_14,92.82
21:18:25,server_13,3474.22
21:18:25,server_11,32.4
21:18:25,server_3,110.08
21:18:25,server_9,14.07
21:18:25,server_8,59.71
21:18:25,server_7,42.07
21:18:25,server_6,81.16
21:18:25,server_5,0.0
21:18:25,server_4,116.03
21:18:25,server_2,100.46
21:18:25,server_1,78.18
21:18:25,server_10,84.11
21:18:30,server_13,0.0
21:18:30,server_14,8.43
21:18:30,server_15,126.2
21:18:30,server_16,26.84
21:18:30,server_20,85.34
21:18:30,server_18,0.0
21:18:30,server_19,63.32
21:18:30,server_12,0.0
21:18:30,server_17,94.75
21:18:30,server_11,70.28
21:18:30,server_3,8098.41
21:18:30,server_9,7427.27
21:18:30,server_1,16.82
21:18:30,server_2,0.0
21:18:30,server_4,90.86
21:18:30,server_10,8799.68
21:18:30,server_6,46.72
21:18:30,server_7,60.21
21:18:30,server_8,72.0
21:18:30,server_5,129.97
21:18:35,server_20,0.0
21:18:35,server_11,0.0
21:18:35,server_18,148.83
21:18:35,server_17,56.89
21:18:35,server_16,6234.53
21:18:35,server_15,4233.82
21:18:35,server_14,0.0
21:18:35,server_13,127.1
21:18:35,server_12,1.06
21:18:35,server_19,65.64
21:18:35,server_10,59.0
21:18:35,server_8,5056.32
21:18:35,server_7,5030.8
21:18:35,server_6,115.32
21:18:35,server_5,23.25
21:18:35,server_4,134.8
21:18:35,server_3,139.91
21:18:35,server_2,86.65
21:18:35,server_1,605.46
21:18:35,server_9,121.09
21:18:40,server_13,5050.65
21:18:40,server_14,208.07
21:18:40,server_15,26.8
21:18:40,server_12,91.21
21:18:40,server_17,20.44
21:18:40,server_18,51.37
21:18:40,server_19,1004.33
21:18:40,server_16,0.0
21:18:40,server_11,0.0
21:18:40,server_20,9555.82
21:18:40,server_9,45.35
21:18:40,server_1,80.12
21:18:40,server_2,103.91
21:18:40,server_3,1370.94
21:18:40,server_4,0.0
21:18:40,server_10,0.0
21:18:40,server_6,1891.57
21:18:40,server_7,1333.51
21:18:40,server_8,73.81
21:18:40,server_5,63.85
21:18:45,server_12,194.65
21:18:45,server_20,9969.66
21:18:45,server_19,6496.62
21:18:45,server_18,12.87
21:18:45,server_17,72.25
21:18:45,server_16,37.87
21:18:45,server_15,1683.35
21:18:45,server_14,46.72
21:18:45,server_13,20.41
21:18:45,server_11,148.86
21:18:45,server_3,6687.99
21:18:45,server_9,1083.62
21:18:45,server_2,0.0
21:18:45,server_10,30.01
21:18:45,server_4,137.78
21:18:45,server_1,23.64
21:18:45,server_6,74.82
21:18:45,server_7,90.48
21:18:45,server_8,39.7
21:18:45,server_5,17.27
21:18:50,server_13,38.28
21:18:50,server_20,111.33
21:18:50,server_19,0.0
21:18:50,server_18,1665.03
21:18:50,server_17,0.0
21:18:50,server_16,152.34
21:18:50,server_15,83.39
21:18:50,server_14,127.09
21:18:50,server_12,0.0
21:18:50,server_11,41.81
21:18:50,server_1,126.82
21:18:50,server_9,45.35
21:18:50,server_8,0.0
21:18:50,server_7,1592.5
21:18:50,server_6,0.44
21:18:50,server_5,1611.48
21:18:50,server_4,102.74
21:18:50,server_3,57.57
21:18:50,server_2,24.4
21:18:50,server_10,185.35
21:18:55,server_13,0.0
21:18:55,server_14,17.42
21:18:55,server_15,119.44
21:18:55,server_16,1188.05
21:18:55,server_12,121.32
21:18:55,server_18,66.1
21:18:55,server_19,3437.7
21:18:55,server_20,70.28
21:18:55,server_17,65.93
21:18:55,server_11,120.57
21:18:55,server_10,89.06
21:18:55,server_9,138.41
21:18:55,server_8,29.9
21:18:55,server_7,16.05
21:18:55,server_6,3199.71
21:18:55,server_5,32.61
21:18:55,server_4,0.0
21:18:55,server_3,102.79
21:18:55,server_2,31.2
21:18:55,server_1,0.0
21:19:00,server_13,8324.62
21:19:00,server_14,1406.28
21:19:00,server_15,86.62
21:19:00,server_16,70.6
21:19:00,server_20,21.75
21:19:00,server_18,42.36
21:19:00,server_19,3726.37
21:19:00,server_12,0.0
21:19:00,server_17,7935.27
21:19:00,server_11,142.48
21:19:00,server_1,39.39
21:19:00,server_9,50.94
21:19:00,server_2,4290.25
21:19:00,server_3,5.44
21:19:00,server_4,32.41
21:19:00,server_10,69.01
21:19:00,server_6,0.0
21:19:00,server_7,595.85
21:19:00,server_8,23.22
21:19:00,server_5,55.07
21:19:05,server_12,6947.55
21:19:05,server_19,30.75
21:19:05,server_18,3.77
21:19:05,server_17,136.31
21:19:05,server_16,56.76
21:19:05,server_15,0.0
21:19:05,server_14,0.0
21:19:05,server_13,62.85
21:19:05,server_20,86.9
21:19:05,server_11,78.3
21:19:05,server_9,0.0
21:19:05,server_10,151.1
21:19:05,server_2,135.23
21:19:05,server_3,9421.65
21:19:05,server_4,11.5
21:19:05,server_1,1378.52
21:19:05,server_6,1689.27
21:19:05,server_7,1436.58
21:19:05,server_8,82.79
21:19:05,server_5,40.91
21:19:10,server_11,0.0
21:19:10,server_19,19.98
21:19:10,server_18,1180.21
21:19:10,server_17,23.69
21:19:10,server_16,96.18
21:19:10,server_15,14.17
21:19:10,server_14,35.94
21:19:10,server_13,49.71
21:19:10,server_12,88.53
21:19:10,server_20,53.38
21:19:10,server_10,67.65
21:19:10,server_8,45.33
21:19:10,server_1,0.0
21:19:10,server_2,33.26
21:19:10,server_3,81.4
21:19:10,server_9,47.6
21:19:10,server_5,0.0
21:19:10,server_6,21.71
21:19:10,server_7,80.66
21:19:10,server_4,0.0
21:19:15,server_12,64.76
21:19:15,server_19,78.67
21:19:15,server_18,115.62
21:19:15,server_17,82.05
21:19:15,server_16,17.95
21:19:15,server_15,68.3
21:19:15,server_14,116.21
21:19:15,server_13,9251.75
21:19:15,server_11,199.12
21:19:15,server_20,68.62
21:19:15,server_9,6401.55
21:19:15,server_1,17.57
21:19:15,server_2,137.43
21:19:15,server_3,48.11
21:19:15,server_4,54.45
21:19:15,server_10,1338.24
21:19:15,server_6,36.53
21:19:15,server_7,59.67
21:19:15,server_8,3717.13
21:19:15,server_5,35.45
21:19:20,server_11,60.25
21:19:20,server_19,9205.38
21:19:20,server_18,26.11
21:19:20,server_17,707.24
21:19:20,server_16,68.23
21:19:20,server_15,1127.89
21:19:20,server_14,27.09
21:19:20,server_13,68.49
21:19:20,server_12,3244.6
21:19:20,server_20,42.53
21:19:20,server_10,58.64
21:19:20,server_8,82.18
21:19:20,server_7,8309.24
21:19:20,server_6,28.09
21:19:20,server_5,59.11
21:19:20,server_4,17.51
21:19:20,server_3,100.84
21:19:20,server_2,0.0
21:19:20,server_1,20.74
21:19:20,server_9,0.0
21:19:25,server_14,73.79
21:19:25,server_15,54.44
21:19:25,server_16,5.26
21:19:25,server_13,0.0
21:19:25,server_18,121.4
21:19:25,server_19,1784.74
21:19:25,server_20,35.11
21:19:25,server_17,1086.39
21:19:25,server_12,63.98
21:19:25,server_11,120.87
21:19:25,server_1,159.15
21:19:25,server_9,8322.49
21:19:25,server_8,862.8
21:19:25,server_7,126.31
21:19:25,server_6,38.89
21:19:25,server_5,46.29
21:19:25,server_4,978.66
21:19:25,server_3,1772.87
21:19:25,server_2,91.63
21:19:25,server_10,167.36
21:19:30,server_13,33.81
21:19:30,server_14,3405.7
21:19:30,server_15,37.95
21:19:30,server_20,0.0
21:19:30,server_18,52.11
21:19:30,server_19,93.68
21:19:30,server_12,51.73
21:19:30,server_16,5403.87
21:19:30,server_11,85.51
21:19:30,server_17,92.54
21:19:30,server_9,67.8
21:19:30,server_10,105.8
21:19:30,server_2,99.35
21:19:30,server_3,52.21
21:19:30,server_4,6776.51
21:19:30,server_1,1191.61
21:19:30,server_6,90.82
21:19:30,server_7,165.15
21:19:30,server_8,88.54
21:19:30,server_5,192.37
21:19:35,server_20,135.73
21:19:35,server_12,42.97
21:19:35,server_19,0.0
21:19:35,server_18,137.22
21:19:35,server_17,0.0
21:19:35,server_16,62.64
21:19:35,server_15,87.25
21:19:35,server_14,19.48
21:19:35,server_13,1178.84
21:19:35,server_11,36.59
21:19:35,server_7,128.63
21:19:35,server_9,34.72
21:19:35,server_8,107.9
21:19:35,server_6,43.96
21:19:35,server_5,40.89
21:19:35,server_4,49.32
21:19:35,server_3,7.13
21:19:35,server_2,132.39
21:19:35,server_1,0.0
21:19:35,server_10,97.77
21:19:40,server_15,122.75
21:19:40,server_13,83.77
21:19:40,server_14,112.43
21:19:40,server_16,33.21
21:19:40,server_12,1561.03
21:19:40,server_18,0.0
21:19:40,server_19,52.93
21:19:40,server_20,0.0
21:19:40,server_17,36.49
21:19:40,server_11,21.55
21:19:40,server_1,182.39
21:19:40,server_9,29.65
21:19:40,server_2,0.0
21:19:40,server_3,13.92
21:19:40,server_4,780.01
21:19:40,server_10,120.13
21:19:40,server_6,8331.52
21:19:40,server_7,24.34
21:19:40,server_8,8419.37
21:19:40,server_5,78.64
21:19:45,server_13,195.68
21:19:45,server_20,7639.19
21:19:45,server_19,100.08
21:19:45,server_18,101.81
21:19:45,server_17,102.67
21:19:45,server_16,7374.8
21:19:45,server_15,0.0
21:19:45,server_14,0.0
21:19:45,server_12,88.62
21:19:45,server_11,0.0
21:19:45,server_1,29.71
21:19:45,server_9,90.68
21:19:45,server_8,33.51
21:19:45,server_7,4961.81
21:19:45,server_6,13.35
21:19:45,server_5,31.21
21:19:45,server_4,100.57
21:19:45,server_3,7252.3
21:19:45,server_2,127.18
21:19:45,server_10,6830.05
21:19:50,server_13,1005.95
21:19:50,server_14,108.76
21:19:50,server_15,138.03
21:19:50,server_16,67.14
21:19:50,server_12,24.17
21:19:50,server_18,94.3
21:19:50,server_19,94.53
21:19:50,server_20,66.93
21:19:50,server_17,34.15
21:19:50,server_11,15.77
21:19:50,server_1,4384.19
21:19:50,server_9,1860.26
21:19:50,server_8,1496.5
21:19:50,server_7,129.26
21:19:50,server_6,102.59
21:19:50,server_5,76.69
21:19:50,server_4,88.72
21:19:50,server_3,8559.8
21:19:50,server_2,119.23
21:19:50,server_10,0.0
21:19:55,server_13,22.45
21:19:55,server_14,36.4
21:19:55,server_15,0.74
21:19:55,server_16,69.9
21:19:55,server_20,7728.53
21:19:55,server_18,6890.44
21:19:55,server_19,6352.42
21:19:55,server_12,62.01
21:19:55,server_17,988.06
21:19:55,server_11,47.34
21:19:55,server_1,151.08
21:19:55,server_9,0.6
21:19:55,server_2,132.92
21:19:55,server_3,24.45
21:19:55,server_4,203.14
21:19:55,server_10,14.12
21:19:55,server_6,0.0
21:19:55,server_7,5747.02
21:19:55,server_8,2.46
21:19:55,server_5,580.07
21:20:00,server_12,143.74
21:20:00,server_19,121.71
21:20:00,server_18,87.53
21:20:00,server_17,64.89
21:20:00,server_16,44.29
21:20:00,server_15,97.65
21:20:00,server_14,83.53
21:20:00,server_13,0.0
21:20:00,server_20,168.03
21:20:00,server_11,6000.43
21:20:00,server_9,120.67
21:20:00,server_8,110.86
21:20:00,server_7,29.31
21:20:00,server_6,48.3
21:20:00,server_5,32.15
21:20:00,server_4,209.4
21:20:00,server_3,2.22
21:20:00,server_2,56.32
21:20:00,server_1,49.07
21:20:00,server_10,98.99
21:20:05,server_13,90.35
21:20:05,server_14,154.57
21:20:05,server_15,0.0
21:20:05,server_16,48.23
21:20:05,server_12,51.68
21:20:05,server_18,143.37
21:20:05,server_19,44.08
21:20:05,server_20,0.0
21:20:05,server_17,148.74
21:20:05,server_11,97.61
21:20:05,server_10,55.03
21:20:05,server_9,1417.43
21:20:05,server_8,109.72
21:20:05,server_7,0.0
21:20:05,server_6,9837.4
21:20:05,server_5,105.29
21:20:05,server_4,0.0
21:20:05,server_3,6770.3
21:20:05,server_2,1060.43
21:20:05,server_1,54.46
21:20:10,server_13,36.98
21:20:10,server_14,121.15
21:20:10,server_15,184.32
21:20:10,server_16,127.39
21:20:10,server_20,43.88
21:20:10,server_18,180.47
21:20:10,server_19,84.65
21:20:10,server_12,5960.13
21:20:10,server_17,183.14
21:20:10,server_11,77.93
21:20:10,server_10,149.13
21:20:10,server_9,82.62
21:20:10,server_2,136.13
21:20:10,server_3,789.14
21:20:10,server_4,75.4
21:20:10,server_1,6388.03
21:20:10,server_6,45.79
21:20:10,server_7,1643.71
21:20:10,server_8,19.34
21:20:10,server_5,0.0
21:20:15,server_12,8161.08
21:20:15,server_19,112.09
21:20:15,server_18,63.76
21:20:15,server_17,935.52
21:20:15,server_16,0.0
21:20:15,server_15,27.91
21:20:15,server_14,55.61
21:20:15,server_13,4941.58
21:20:15,server_11,179.85
21:20:15,server_20,87.31
21:20:15,server_9,140.64
21:20:15,server_1,96.87
21:20:15,server_2,30.45
21:20:15,server_3,32.14
21:20:15,server_4,113.52
21:20:15,server_10,6120.48
21:20:15,server_6,85.36
21:20:15,server_7,38.27
21:20:15,server_8,1767.96
21:20:15,server_5,52.1
21:20:20,server_12,0.0
21:20:20,server_19,127.71
21:20:20,server_18,0.0
21:20:20,server_17,17.96
21:20:20,server_16,63.5
21:20:20,server_15,58.34
21:20:20,server_14,74.9
21:20:20,server_13,46.99
21:20:20,server_11,13.73
21:20:20,server_20,0.0
21:20:20,server_9,0.0
21:20:20,server_1,28.44
21:20:20,server_2,0.0
21:20:20,server_3,1582.41
21:20:20,server_4,1769.06
21:20:20,server_10,16.38
21:20:20,server_6,60.08
21:20:20,server_7,100.89
21:20:20,server_8,1811.34
21:20:20,server_5,5506.14
21:20:25,server_11,0.0
21:20:25,server_19,0.0
21:20:25,server_18,68.79
21:20:25,server_17,49.88
21:20:25,server_16,172.33
21:20:25,server_15,7056.54
21:20:25,server_14,65.26
21:20:25,server_13,1126.64
21:20:25,server_12,0.0
21:20:25,server_20,1680.5
21:20:25,server_10,5459.91
21:20:25,server_8,9.0
21:20:25,server_7,67.67
21:20:25,server_6,883.07
21:20:25,server_5,191.48
21:20:25,server_4,1912.66
21:20:25,server_3,57.41
21:20:25,server_2,74.96
21:20:25,server_1,53.38
21:20:25,server_9,73.29
21:20:30,server_13,43.2
21:20:30,server_14,121.03
21:20:30,server_15,35.61
21:20:30,server_12,40.26
21:20:30,server_17,127.39
21:20:30,server_18,41.04
21:20:30,server_19,1342.8
21:20:30,server_16,72.65
21:20:30,server_11,76.4
21:20:30,server_20,59.62
21:20:30,server_9,36.11
21:20:30,server_1,60.33
21:20:30,server_2,72.64
21:20:30,server_3,0.0
21:20:30,server_4,772.66
21:20:30,server_10,0.0
21:20:30,server_6,125.0
21:20:30,server_7,910.46
21:20:30,server_8,123.06
21:20:30,server_5,84.84
21:20:35,server_19,68.79
21:20:35,server_18,48.55
21:20:35,server_17,26.72
21:20:35,server_16,107.23
21:20:35,server_15,111.97
21:20:35,server_14,0.0
21:20:35,server_13,37.51
21:20:35,server_12,129.84
21:20:35,server_11,0.0
21:20:35,server_20,94.93
21:20:35,server_9,0.0
21:20:35,server_1,49.52
21:20:35,server_2,113.25
21:20:35,server_3,25.31
21:20:35,server_4,16.89
21:20:35,server_10,48.24
21:20:35,server_6,60.27
21:20:35,server_7,77.73
21:20:35,server_8,18.32
21:20:35,server_5,33.63
21:20:40,server_11,53.22
21:20:40,server_19,0.0
21:20:40,server_18,114.44
21:20:40,server_17,110.88
21:20:40,server_16,26.47
21:20:40,server_15,7.11
21:20:40,server_14,0.0
21:20:40,server_13,111.78
21:20:40,server_12,164.94
21:20:40,server_20,8827.75
21:20:40,server_10,4.74
21:20:40,server_8,0.0
21:20:40,server_9,9.78
21:20:40,server_1,110.54
21:20:40,server_2,33.53
21:20:40,server_3,86.07
21:20:40,server_5,31.43
21:20:40,server_6,120.86
21:20:40,server_7,100.37
21:20:40,server_4,149.57
21:20:45,server_20,82.32
21:20:45,server_11,875.27
21:20:45,server_18,48.23
21:20:45,server_17,123.77
21:20:45,server_16,4412.29
21:20:45,server_15,125.67
21:20:45,server_14,0.0
21:20:45,server_13,109.29
21:20:45,server_12,90.67
21:20:45,server_19,74.21
21:20:45,server_10,74.72
21:20:45,server_8,5707.1
21:20:45,server_1,64.82
21:20:45,server_2,38.13
21:20:45,server_3,118.26
21:20:45,server_9,104.25
21:20:45,server_5,111.06
21:20:45,server_6,91.28
21:20:45,server_7,87.3
21:20:45,server_4,136.45
21:20:50,server_12,88.29
21:20:50,server_19,73.31
21:20:50,server_18,1326.54
21:20:50,server_17,1698.17
21:20:50,server_16,0.0
21:20:50,server_15,101.36
21:20:50,server_14,84.65
21:20:50,server_13,57.7
21:20:50,server_11,1500.38
21:20:50,server_20,65.05
21:20:50,server_9,134.11
21:20:50,server_1,0.0
21:20:50,server_2,31.47
21:20:50,server_3,155.11
21:20:50,server_4,1826.6
21:20:50,server_10,89.99
21:20:50,server_6,127.41
21:20:50,server_7,43.67
21:20:50,server_8,67.72
21:20:50,server_5,70.05
21:20:55,server_11,113.29
21:20:55,server_19,135.97
21:20:55,server_18,0.0
21:20:55,server_17,36.78
21:20:55,server_16,43.27
21:20:55,server_15,50.86
21:20:55,server_14,129.68
21:20:55,server_13,13.59
21:20:55,server_12,122.01
21:20:55,server_20,61.12
21:20:55,server_10,50.83
21:20:55,server_8,171.56
21:20:55,server_7,132.52
21:20:55,server_6,61.87
21:20:55,server_5,36.43
21:20:55,server_4,8307.83
21:20:55,server_3,0.0
21:20:55,server_2,5149.41
21:20:55,server_1,8.1
21:20:55,server_9,133.43
21:21:00,server_13,36.91
21:21:00,server_14,38.72
21:21:00,server_15,173.33
21:21:00,server_12,29.7
21:21:00,server_17,97.37
21:21:00,server_18,152.32
21:21:00,server_19,88.98
21:21:00,server_16,138.61
21:21:00,server_11,1222.42
21:21:00,server_20,24.95
21:21:00,server_9,8884.93
21:21:00,server_1,174.35
21:21:00,server_2,48.87
21:21:00,server_3,70.81
21:21:00,server_4,0.0
21:21:00,server_10,1407.01
21:21:00,server_6,91.54
21:21:00,server_7,6.66
21:21:00,server_8,1548.02
21:21:00,server_5,35.55
21:21:05,server_12,45.37
21:21:05,server_20,1189.81
21:21:05,server_19,1512.39
21:21:05,server_18,37.04
21:21:05,server_17,15.44
21:21:05,server_16,52.55
21:21:05,server_15,14.3
21:21:05,server_14,105.53
21:21:05,server_13,29.92
21:21:05,server_11,73.25
21:21:05,server_10,3814.85
21:21:05,server_9,4.22
21:21:05,server_2,0.0
21:21:05,server_3,164.13
21:21:05,server_4,46.47
21:21:05,server_1,59.26
21:21:05,server_6,144.95
21:21:05,server_7,85.27
21:21:05,server_8,82.46
21:21:05,server_5,105.77
21:21:10,server_12,0.0
21:21:10,server_19,61.81
21:21:10,server_18,24.51
21:21:10,server_17,81.05
21:21:10,server_16,38.96
21:21:10,server_15,120.38
21:21:10,server_14,72.79
21:21:10,server_13,62.87
21:21:10,server_11,31.38
21:21:10,server_20,63.09
21:21:10,server_9,73.15
21:21:10,server_1,42.04
21:21:10,server_2,177.69
21:21:10,server_3,164.83
21:21:10,server_4,659.8
21:21:10,server_10,129.2
21:21:10,server_6,928.82
21:21:10,server_7,29.46
21:21:10,server_8,27.19
21:21:10,server_5,26.96
21:21:15,server_12,85.72
21:21:15,server_19,107.56
21:21:15,server_18,6653.06
21:21:15,server_17,4741.17
21:21:15,server_16,110.21
21:21:15,server_15,20.03
21:21:15,server_14,90.89
21:21:15,server_13,115.42
21:21:15,server_11,160.26
21:21:15,server_20,97.14
21:21:15,server_9,82.57
21:21:15,server_1,163.75
21:21:15,server_2,32.77
21:21:15,server_3,150.76
21:21:15,server_4,10.06
21:21:15,server_10,27.93
21:21:15,server_6,80.98
21:21:15,server_7,151.32
21:21:15,server_8,0.0
21:21:15,server_5,100.22
21:21:20,server_11,17.14
21:21:20,server_19,84.76
21:21:20,server_18,94.64
21:21:20,server_17,80.21
21:21:20,server_16,52.23
21:21:20,server_15,149.85
21:21:20,server_14,156.02
21:21:20,server_13,71.41
21:21:20,server_12,619.6
21:21:20,server_20,5.15
21:21:20,server_10,102.66
21:21:20,server_8,75.59
21:21:20,server_7,0.0
21:21:20,server_6,0.0
21:21:20,server_5,70.07
21:21:20,server_4,5996.62
21:21:20,server_3,1480.21
21:21:20,server_2,6.46
21:21:20,server_1,84.67
21:21:20,server_9,94.29
21:21:25,server_13,75.33
21:21:25,server_14,34.22
21:21:25,server_15,88.71
21:21:25,server_12,61.95
21:21:25,server_17,6038.21
21:21:25,server_18,107.92
21:21:25,server_19,67.8
21:21:25,server_16,89.53
21:21:25,server_11,53.05
21:21:25,server_20,113.76
21:21:25,server_9,1004.52
21:21:25,server_1,85.03
21:21:25,server_2,139.53
21:21:25,server_3,154.36
21:21:25,server_4,154.33
21:21:25,server_10,118.14
21:21:25,server_6,82.22
21:21:25,server_7,15.27
21:21:25,server_8,594.39
21:21:25,server_5,49.76
21:21:30,server_19,0.0
21:21:30,server_18,0.0
21:21:30,server_17,147.78
21:21:30,server_16,42.18
21:21:30,server_15,107.89
21:21:30,server_14,7376.34
21:21:30,server_13,2.43
21:21:30,server_12,8244.01
21:21:30,server_11,0.0
21:21:30,server_20,4977.29
21:21:30,server_9,40.59
21:21:30,server_1,37.6
21:21:30,server_2,35.8
21:21:30,server_3,166.26
21:21:30,server_4,122.86
21:21:30,server_10,147.61
21:21:30,server_6,61.32
21:21:30,server_7,1.22
21:21:30,server_8,1977.39
21:21:30,server_5,1904.16
21:21:35,server_11,129.52
21:21:35,server_19,98.47
21:21:35,server_18,0.0
21:21:35,server_17,113.61
21:21:35,server_16,65.19
21:21:35,server_15,9295.87
21:21:35,server_14,139.53
21:21:35,server_13,41.44
21:21:35,server_12,92.3
21:21:35,server_20,69.48
21:21:35,server_10,6507.8
21:21:35,server_8,119.74
21:21:35,server_9,23.6
21:21:35,server_1,1994.19
21:21:35,server_2,0.0
21:21:35,server_3,6146.49
21:21:35,server_5,0.0
21:21:35,server_6,1942.13
21:21:35,server_7,167.08
21:21:35,server_4,1908.08
21:21:40,server_20,114.22
21:21:40,server_11,48.01
21:21:40,server_18,106.09
21:21:40,server_17,0.0
21:21:40,server_16,7768.87
21:21:40,server_15,0.0
21:21:40,server_14,39.63
21:21:40,server_13,41.38
21:21:40,server_12,121.44
21:21:40,server_19,91.52
21:21:40,server_10,37.29
21:21:40,server_8,0.0
21:21:40,server_1,148.75
21:21:40,server_2,24.35
21:21:40,server_3,5529.69
21:21:40,server_9,218.21
21:21:40,server_5,31.67
21:21:40,server_6,145.43
21:21:40,server_7,0.0
21:21:40,server_4,82.42
21:21:45,server_12,6359.17
21:21:45,server_19,44.66
21:21:45,server_18,589.41
21:21:45,server_17,0.0
21:21:45,server_16,910.82
21:21:45,server_15,73.2
21:21:45,server_14,4.32
21:21:45,server_13,55.12
21:21:45,server_11,76.89
21:21:45,server_20,114.56
21:21:45,server_9,1336.93
21:21:45,server_1,5555.02
21:21:45,server_2,54.84
21:21:45,server_3,1433.1
21:21:45,server_4,36.7
21:21:45,server_10,61.23
21:21:45,server_6,1925.85
21:21:45,server_7,77.61
21:21:45,server_8,135.3
21:21:45,server_5,48.02
21:21:50,server_11,152.71
21:21:50,server_19,33.76
21:21:50,server_18,4589.33
21:21:50,server_17,40.55
21:21:50,server_16,99.63
21:21:50,server_15,1951.9
21:21:50,server_14,0.0
21:21:50,server_13,54.34
21:21:50,server_12,68.86
21:21:50,server_20,11.76
21:21:50,server_10,49.7
21:21:50,server_8,1321.98
21:21:50,server_7,135.34
21:21:50,server_6,52.31
21:21:50,server_5,104.69
21:21:50,server_4,6709.29
21:21:50,server_3,6742.45
21:21:50,server_2,102.73
21:21:50,server_1,27.32
21:21:50,server_9,16.99
21:21:55,server_13,93.39
21:21:55,server_14,0.0
21:21:55,server_15,124.48
21:21:55,server_12,158.99
21:21:55,server_17,0.0
21:21:55,server_18,0.0
21:21:55,server_19,44.91
21:21:55,server_16,98.27
21:21:55,server_11,111.89
21:21:55,server_20,197.83
21:21:55,server_9,29.6
21:21:55,server_1,9284.88
21:21:55,server_2,1424.75
21:21:55,server_3,151.18
21:21:55,server_4,53.65
21:21:55,server_10,52.36
21:21:55,server_6,5014.09
21:21:55,server_7,31.55
21:21:55,server_8,15.03
21:21:55,server_5,34.22
21:22:00,server_20,73.51
21:22:00,server_19,108.79
21:22:00,server_18,17.01
21:22:00,server_17,37.52
21:22:00,server_16,99.19
21:22:00,server_15,60.48
21:22:00,server_14,194.62
21:22:00,server_12,10.86
21:22:00,server_11,54.91
21:22:00,server_13,1078.77
21:22:00,server_9,0.0
21:22:00,server_10,1451.45
21:22:00,server_2,145.99
21:22:00,server_3,0.0
21:22:00,server_4,48.28
21:22:00,server_1,86.43
21:22:00,server_6,0.0
21:22:00,server_7,56.12
21:22:00,server_8,11.96
21:22:00,server_5,0.0
21:22:05,server_12,828.5
21:22:05,server_20,14.17
21:22:05,server_19,14.01
21:22:05,server_18,20.32
21:22:05,server_17,0.0
21:22:05,server_16,191.15
21:22:05,server_15,110.75
21:22:05,server_14,59.67
21:22:05,server_13,142.93
21:22:05,server_11,95.68
21:22:05,server_3,705.95
21:22:05,server_9,4853.49
21:22:05,server_10,177.4
21:22:05,server_2,78.76
21:22:05,server_4,4725.19
21:22:05,server_1,189.05
21:22:05,server_6,68.62
21:22:05,server_7,1797.53
21:22:05,server_8,57.92
21:22:05,server_5,28.77
21:22:10,server_12,1351.92
21:22:10,server_19,61.5
21:22:10,server_18,67.04
21:22:10,server_17,150.56
21:22:10,server_16,143.6
21:22:10,server_15,0.54
21:22:10,server_14,0.0
21:22:10,server_20,0.0
21:22:10,server_11,1049.82
21:22:10,server_13,29.66
21:22:10,server_9,47.65
21:22:10,server_1,41.45
21:22:10,server_2,162.85
21:22:10,server_3,0.0
21:22:10,server_4,4.71
21:22:10,server_10,72.28
21:22:10,server_6,53.03
21:22:10,server_7,6751.71
21:22:10,server_8,3457.07
21:22:10,server_5,0.76
21:22:15,server_19,140.71
21:22:15,server_18,96.5
21:22:15,server_17,79.55
21:22:15,server_16,40.87
21:22:15,server_15,0.0
21:22:15,server_14,1893.23
21:22:15,server_13,1496.74
21:22:15,server_12,46.43
21:22:15,server_11,1190.63
21:22:15,server_20,4898.22
21:22:15,server_9,0.0
21:22:15,server_1,51.58
21:22:15,server_2,55.57
21:22:15,server_3,7483.88
21:22:15,server_4,25.03
21:22:15,server_10,41.76
21:22:15,server_6,76.62
21:22:15,server_7,191.61
21:22:15,server_8,39.84
21:22:15,server_5,1590.6
21:22:20,server_11,99.07
21:22:20,server_19,53.12
21:22:20,server_18,0.0
21:22:20,server_17,44.0
21:22:20,server_16,101.15
21:22:20,server_15,0.0
21:22:20,server_14,12.81
21:22:20,server_13,85.2
21:22:20,server_12,62.41
21:22:20,server_20,96.15
21:22:20,server_10,0.0
21:22:20,server_8,116.21
21:22:20,server_9,6637.02
21:22:20,server_1,38.89
21:22:20,server_2,144.06
21:22:20,server_3,39.11
21:22:20,server_5,35.41
21:22:20,server_6,170.54
21:22:20,server_7,74.87
21:22:20,server_4,1460.87
21:22:25,server_20,13.58
21:22:25,server_11,168.26
21:22:25,server_18,0.0
21:22:25,server_17,0.0
21:22:25,server_16,0.0
21:22:25,server_15,3940.69
21:22:25,server_14,78.6
21:22:25,server_13,94.23
21:22:25,server_12,24.66
21:22:25,server_19,75.72
21:22:25,server_10,1884.84
21:22:25,server_8,0.0
21:22:25,server_1,102.21
21:22:25,server_2,108.22
21:22:25,server_3,952.36
21:22:25,server_9,101.26
21:22:25,server_5,1958.99
21:22:25,server_6,5606.45
21:22:25,server_7,5929.89
21:22:25,server_4,61.36
21:22:30,server_20,7646.52
21:22:30,server_19,123.34
21:22:30,server_18,0.0
21:22:30,server_17,64.83
21:22:30,server_16,28.53
21:22:30,server_15,1214.02
21:22:30,server_14,98.28
21:22:30,server_12,0.0
21:22:30,server_11,0.0
21:22:30,server_13,9593.17
21:22:30,server_9,119.74
21:22:30,server_10,29.76
21:22:30,server_2,119.46
21:22:30,server_3,0.44
21:22:30,server_4,6482.04
21:22:30,server_1,37.53
21:22:30,server_6,11.51
21:22:30,server_7,96.85
21:22:30,server_8,66.01
21:22:30,server_5,35.53
21:22:35,server_12,0.0
21:22:35,server_19,65.07
21:22:35,server_18,35.56
21:22:35,server_20,61.17
21:22:35,server_17,78.41
21:22:35,server_16,9562.41
21:22:35,server_15,830.93
21:22:35,server_14,0.0
21:22:35,server_13,0.0
21:22:35,server_11,709.83
21:22:35,server_3,0.0
21:22:35,server_9,0.0
21:22:35,server_10,20.2
21:22:35,server_2,557.64
21:22:35,server_4,120.29
21:22:35,server_1,7610.41
21:22:35,server_6,54.04
21:22:35,server_7,117.12
21:22:35,server_8,137.71
21:22:35,server_5,91.4
21:22:40,server_11,16.19
21:22:40,server_20,0.0
21:22:40,server_18,879.45
21:22:40,server_17,25.96
21:22:40,server_16,124.27
21:22:40,server_15,0.0
21:22:40,server_14,58.8
21:22:40,server_13,0.0
21:22:40,server_12,9.02
21:22:40,server_19,101.8
21:22:40,server_10,30.46
21:22:40,server_8,90.11
21:22:40,server_1,36.41
21:22:40,server_2,127.48
21:22:40,server_3,133.88
21:22:40,server_9,71.54
21:22:40,server_5,109.7
21:22:40,server_6,20.05
21:22:40,server_7,75.84
21:22:40,server_4,79.5
21:22:45,server_12,95.2
21:22:45,server_19,81.38
21:22:45,server_18,34.8
21:22:45,server_17,157.46
21:22:45,server_16,21.6
21:22:45,server_15,63.72
21:22:45,server_14,109.08
21:22:45,server_13,94.17
21:22:45,server_11,11.73
21:22:45,server_20,3450.55
21:22:45,server_9,0.0
21:22:45,server_1,1190.03
21:22:45,server_2,10.5
21:22:45,server_3,100.67
21:22:45,server_4,64.85
21:22:45,server_10,68.87
21:22:45,server_6,0.0
21:22:45,server_7,5.5
21:22:45,server_8,187.44
21:22:45,server_5,140.22
21:22:50,server_11,569.22
21:22:50,server_19,127.59
21:22:50,server_18,106.38
21:22:50,server_17,79.49
21:22:50,server_16,43.11
21:22:50,server_15,149.18
21:22:50,server_14,54.3
21:22:50,server_13,1101.17
21:22:50,server_12,0.25
21:22:50,server_20,235.38
21:22:50,server_10,67.15
21:22:50,server_8,89.09
21:22:50,server_7,52.48
21:22:50,server_6,0.0
21:22:50,server_5,1770.79
21:22:50,server_4,0.0
21:22:50,server_3,88.5
21:22:50,server_2,0.0
21:22:50,server_1,10.27
21:22:50,server_9,51.29
21:22:55,server_13,0.0
21:22:55,server_14,169.02
21:22:55,server_16,40.97
21:22:55,server_12,93.86
21:22:55,server_18,46.5
21:22:55,server_19,59.67
21:22:55,server_20,9.87
21:22:55,server_17,93.65
21:22:55,server_11,73.58
21:22:55,server_15,110.65
21:22:55,server_9,0.0
21:22:55,server_1,46.21
21:22:55,server_2,0.0
21:22:55,server_3,838.31
21:22:55,server_4,5368.41
21:22:55,server_10,8041.03
21:22:55,server_6,8036.95
21:22:55,server_7,7.45
21:22:55,server_8,139.35
21:22:55,server_5,36.42
21:23:00,server_20,0.0
21:23:00,server_19,17.33
21:23:00,server_18,151.54
21:23:00,server_17,0.0
21:23:00,server_16,7015.26
21:23:00,server_15,123.37
21:23:00,server_14,127.18
21:23:00,server_12,32.37
21:23:00,server_11,84.99
21:23:00,server_13,1105.06
21:23:00,server_9,4870.08
21:23:00,server_8,19.19
21:23:00,server_7,59.03
21:23:00,server_6,95.78
21:23:00,server_5,7406.36
21:23:00,server_4,4.24
21:23:00,server_3,5817.01
21:23:00,server_2,116.66
21:23:00,server_10,89.05
21:23:00,server_1,1241.14
21:23:05,server_13,16.23
21:23:05,server_14,72.32
21:23:05,server_15,88.06
21:23:05,server_16,65.29
21:23:05,server_20,199.75
21:23:05,server_18,110.62
21:23:05,server_19,144.49
21:23:05,server_12,39.64
21:23:05,server_17,4438.12
21:23:05,server_11,11.11
21:23:05,server_3,169.88
21:23:05,server_9,34.37
21:23:05,server_8,127.49
21:23:05,server_7,150.66
21:23:05,server_6,140.71
21:23:05,server_5,34.31
21:23:05,server_4,758.03
21:23:05,server_2,2.64
21:23:05,server_1,67.17
21:23:05,server_10,70.88
21:23:10,server_15,0.0
21:23:10,server_14,707.44
21:23:10,server_16,34.23
21:23:10,server_13,93.21
21:23:10,server_18,186.84
21:23:10,server_19,85.85
21:23:10,server_20,0.0
21:23:10,server_12,137.39
21:23:10,server_17,0.0
21:23:10,server_11,52.21
21:23:10,server_10,196.94
21:23:10,server_9,112.66
21:23:10,server_2,69.37
21:23:10,server_3,32.13
21:23:10,server_4,37.35
21:23:10,server_1,1377.84
21:23:10,server_6,44.11
21:23:10,server_7,166.96
21:23:10,server_8,1201.81
21:23:10,server_5,4319.95
21:23:15,server_12,99.92
21:23:15,server_20,74.99
21:23:15,server_19,3259.29
21:23:15,server_18,0.0
21:23:15,server_16,1510.35
21:23:15,server_15,179.54
21:23:15,server_14,89.86
21:23:15,server_13,1912.96
21:23:15,server_11,153.31
21:23:15,server_17,0.0
21:23:15,server_9,9.16
21:23:15,server_10,3.82
21:23:15,server_2,68.78
21:23:15,server_3,39.2
21:23:15,server_4,143.97
21:23:15,server_1,3.13
21:23:15,server_6,4636.66
21:23:15,server_7,9809.02
21:23:15,server_8,76.86
21:23:15,server_5,168.17
21:23:20,server_20,39.88
21:23:20,server_12,32.28
21:23:20,server_19,0.0
21:23:20,server_18,0.0
21:23:20,server_17,29.65
21:23:20,server_16,20.32
21:23:20,server_15,67.25
21:23:20,server_14,63.82
21:23:20,server_13,3206.36
21:23:20,server_11,83.97
21:23:20,server_7,138.67
21:23:20,server_9,1774.78
21:23:20,server_8,152.32
21:23:20,server_6,78.29
21:23:20,server_5,23.45
21:23:20,server_4,4137.21
21:23:20,server_3,104.34
21:23:20,server_2,20.36
21:23:20,server_1,45.45
21:23:20,server_10,41.58
21:23:25,server_15,1145.4
21:23:25,server_14,3.53
21:23:25,server_16,108.76
21:23:25,server_13,135.68
21:23:25,server_18,225.37
21:23:25,server_19,79.95
21:23:25,server_20,140.11
21:23:25,server_12,119.8
21:23:25,server_17,66.14
21:23:25,server_11,1378.62
21:23:25,server_3,57.85
21:23:25,server_9,2.47
21:23:25,server_8,145.61
21:23:25,server_7,1768.81
21:23:25,server_6,16.61
21:23:25,server_5,127.89
21:23:25,server_4,68.79
21:23:25,server_10,8026.52
21:23:25,server_2,39.38
21:23:25,server_1,8982.04
21:23:30,server_13,82.93
21:23:30,server_14,187.26
21:23:30,server_15,158.4
21:23:30,server_16,660.2
21:23:30,server_20,99.24
21:23:30,server_18,117.96
21:23:30,server_19,75.23
21:23:30,server_12,95.72
21:23:30,server_17,106.7
21:23:30,server_11,72.23
21:23:30,server_10,83.7
21:23:30,server_9,41.1
21:23:30,server_2,1512.43
21:23:30,server_3,1152.68
21:23:30,server_4,1699.1
21:23:30,server_1,85.3
21:23:30,server_6,167.48
21:23:30,server_7,0.0
21:23:30,server_8,71.13
21:23:30,server_5,1093.48
21:23:35,server_12,55.64
21:23:35,server_19,5570.11
21:23:35,server_18,685.06
21:23:35,server_17,1858.3
21:23:35,server_16,152.58
21:23:35,server_15,3151.61
21:23:35,server_14,76.0
21:23:35,server_13,0.0
21:23:35,server_11,35.5
21:23:35,server_20,0.0
21:23:35,server_9,13.39
21:23:35,server_1,134.1
21:23:35,server_2,47.03
21:23:35,server_3,0.0
21:23:35,server_4,51.73
21:23:35,server_10,56.27
21:23:35,server_6,0.0
21:23:35,server_7,57.57
21:23:35,server_8,15.88
21:23:35,server_5,0.0
21:23:40,server_12,1510.96
21:23:40,server_19,17.85
21:23:40,server_18,0.0
21:23:40,server_17,23.94
21:23:40,server_16,99.58
21:23:40,server_15,115.23
21:23:40,server_14,53.07
21:23:40,server_13,50.41
21:23:40,server_11,105.19
21:23:40,server_20,127.68
21:23:40,server_9,5.58
21:23:40,server_1,7594.75
21:23:40,server_2,64.86
21:23:40,server_3,93.55
21:23:40,server_4,0.0
21:23:40,server_10,46.02
21:23:40,server_6,29.41
21:23:40,server_7,166.0
21:23:40,server_8,0.0
21:23:40,server_5,55.59
21:23:45,server_11,16.78
21:23:45,server_19,97.83
21:23:45,server_18,141.4
21:23:45,server_17,153.9
21:23:45,server_16,146.91
21:23:45,server_15,0.0
21:23:45,server_14,148.92
21:23:45,server_13,80.82
21:23:45,server_12,43.36
21:23:45,server_20,8381.34
21:23:45,server_10,65.85
21:23:45,server_8,72.45
21:23:45,server_7,152.99
21:23:45,server_6,70.64
21:23:45,server_5,40.74
21:23:45,server_4,0.0
21:23:45,server_3,78.7
21:23:45,server_2,114.58
21:23:45,server_1,0.0
21:23:45,server_9,141.51
21:23:50,server_14,1656.05
21:23:50,server_15,52.06
21:23:50,server_16,124.04
21:23:50,server_12,4883.55
21:23:50,server_18,70.08
21:23:50,server_19,73.52
21:23:50,server_20,614.56
21:23:50,server_17,67.68
21:23:50,server_11,121.39
21:23:50,server_13,1411.44
21:23:50,server_9,162.57
21:23:50,server_10,26.26
21:23:50,server_2,26.91
21:23:50,server_3,0.0
21:23:50,server_4,40.31
21:23:50,server_1,0.0
21:23:50,server_6,69.14
21:23:50,server_7,1541.55
21:23:50,server_8,6070.36
21:23:50,server_5,0.0
21:23:55,server_20,940.17
21:23:55,server_19,6354.12
21:23:55,server_18,91.35
21:23:55,server_12,94.27
21:23:55,server_17,42.61
21:23:55,server_16,12.93
21:23:55,server_15,1869.47
21:23:55,server_14,9.82
21:23:55,server_13,34.13
21:23:55,server_11,44.32
21:23:55,server_3,49.38
21:23:55,server_9,0.0
21:23:55,server_1,162.45
21:23:55,server_2,191.22
21:23:55,server_4,73.61
21:23:55,server_10,105.1
21:23:55,server_6,103.9
21:23:55,server_7,81.99
21:23:55,server_8,44.37
21:23:55,server_5,34.59
21:24:00,server_20,1062.19
21:24:00,server_19,1543.81
21:24:00,server_18,121.25
21:24:00,server_17,111.19
21:24:00,server_16,157.99
21:24:00,server_15,0.0
21:24:00,server_14,129.38
21:24:00,server_12,118.02
21:24:00,server_11,31.1
21:24:00,server_13,4.42
21:24:00,server_9,106.89
21:24:00,server_10,120.56
21:24:00,server_2,48.65
21:24:00,server_3,0.0
21:24:00,server_4,0.0
21:24:00,server_1,87.53
21:24:00,server_6,40.46
21:24:00,server_7,0.0
21:24:00,server_8,57.88
21:24:00,server_5,8261.02
21:24:05,server_12,181.1
21:24:05,server_20,85.12
21:24:05,server_19,94.83
21:24:05,server_18,62.75
21:24:05,server_17,30.71
21:24:05,server_16,131.29
21:24:05,server_15,0.0
21:24:05,server_14,85.35
21:24:05,server_13,116.59
21:24:05,server_11,0.0
21:24:05,server_3,1318.77
21:24:05,server_9,62.3
21:24:05,server_8,55.46
21:24:05,server_7,11.03
21:24:05,server_6,89.03
21:24:05,server_5,0.0
21:24:05,server_4,7498.99
21:24:05,server_2,837.95
21:24:05,server_1,0.0
21:24:05,server_10,0.0
21:24:10,server_13,45.69
21:24:10,server_14,6401.98
21:24:10,server_15,5.25
21:24:10,server_16,123.17
21:24:10,server_19,113.66
21:24:10,server_20,35.3
21:24:10,server_18,73.07
21:24:10,server_12,30.42
21:24:10,server_17,9.8
21:24:10,server_11,70.99
21:24:10,server_3,15.64
21:24:10,server_9,132.1
21:24:10,server_10,1940.08
21:24:10,server_2,94.93
21:24:10,server_4,1520.47
21:24:10,server_1,13.11
21:24:10,server_6,15.54
21:24:10,server_7,877.7
21:24:10,server_5,8279.8
21:24:10,server_8,72.93
21:24:15,server_20,87.28
21:24:15,server_19,0.0
21:24:15,server_18,152.49
21:24:15,server_17,181.02
21:24:15,server_16,52.38
21:24:15,server_15,5662.08
21:24:15,server_14,39.5
21:24:15,server_12,40.45
21:24:15,server_10,117.28
21:24:15,server_13,121.65
21:24:15,server_8,1216.4
21:24:15,server_9,42.21
21:24:15,server_1,655.26
21:24:15,server_2,0.0
21:24:15,server_3,0.0
21:24:15,server_11,187.08
21:24:15,server_5,55.93
21:24:15,server_6,44.57
21:24:15,server_7,1681.24
21:24:15,server_4,121.95
21:24:20,server_20,118.67
21:24:20,server_19,43.94
21:24:20,server_18,91.42
21:24:20,server_17,33.55
21:24:20,server_16,111.92
21:24:20,server_15,58.84
21:24:20,server_14,71.46
21:24:20,server_13,46.35
21:24:20,server_12,44.93
21:24:20,server_11,916.23
21:24:20,server_10,0.0
21:24:20,server_8,1489.95
21:24:20,server_7,17.99
21:24:20,server_6,1142.21
21:24:20,server_5,114.96
21:24:20,server_4,1115.73
21:24:20,server_3,0.0
21:24:20,server_2,54.06
21:24:20,server_1,79.62
21:24:20,server_9,118.91
21:24:25,server_13,52.67
21:24:25,server_14,61.43
21:24:25,server_15,75.62
21:24:25,server_16,43.79
21:24:25,server_20,9901.95
21:24:25,server_18,0.0
21:24:25,server_19,37.28
21:24:25,server_12,34.88
21:24:25,server_17,89.4
21:24:25,server_11,9.22
21:24:25,server_10,15.56
21:24:25,server_9,123.16
21:24:25,server_2,38.58
21:24:25,server_3,67.49
21:24:25,server_4,130.42
21:24:25,server_1,0.0
21:24:25,server_6,26.08
21:24:25,server_7,125.48
21:24:25,server_8,20.92
21:24:25,server_5,9.4
21:24:30,server_12,0.0
21:24:30,server_19,168.87
21:24:30,server_18,40.04
21:24:30,server_17,44.39
21:24:30,server_16,139.49
21:24:30,server_15,4810.08
21:24:30,server_14,1464.63
21:24:30,server_13,1801.71
21:24:30,server_11,89.24
21:24:30,server_20,4318.26
21:24:30,server_9,61.13
21:24:30,server_1,0.0
21:24:30,server_2,45.41
21:24:30,server_3,71.26
21:24:30,server_4,0.0
21:24:30,server_10,0.0
21:24:30,server_6,37.82
21:24:30,server_7,197.19
21:24:30,server_8,0.0
21:24:30,server_5,9067.46
21:24:35,server_12,0.0
21:24:35,server_19,40.01
21:24:35,server_18,3.15
21:24:35,server_17,27.5
21:24:35,server_16,0.0
21:24:35,server_15,7168.45
21:24:35,server_14,4.03
21:24:35,server_13,120.87
21:24:35,server_11,40.12
21:24:35,server_20,843.07
21:24:35,server_9,1060.72
21:24:35,server_1,7856.92
21:24:35,server_2,1528.11
21:24:35,server_3,31.08
21:24:35,server_4,64.89
21:24:35,server_10,42.94
21:24:35,server_6,0.0
21:24:35,server_7,653.36
21:24:35,server_8,45.74
21:24:35,server_5,1753.41
21:24:40,server_11,102.01
21:24:40,server_19,6057.06
21:24:40,server_18,60.41
21:24:40,server_17,150.8
21:24:40,server_16,97.82
21:24:40,server_15,40.84
21:24:40,server_14,92.16
21:24:40,server_13,64.56
21:24:40,server_12,134.14
21:24:40,server_20,70.54
21:24:40,server_10,141.85
21:24:40,server_8,20.16
21:24:40,server_7,33.48
21:24:40,server_6,8778.88
21:24:40,server_5,123.61
21:24:40,server_4,103.06
21:24:40,server_3,81.6
21:24:40,server_2,9624.54
21:24:40,server_1,163.12
21:24:40,server_9,174.68
21:24:45,server_13,18.45
21:24:45,server_14,55.89
21:24:45,server_15,3475.8
21:24:45,server_12,65.56
21:24:45,server_17,88.58
21:24:45,server_18,8235.55
21:24:45,server_19,97.37
21:24:45,server_16,5148.44
21:24:45,server_11,89.35
21:24:45,server_20,0.0
21:24:45,server_9,9201.07
21:24:45,server_8,35.83
21:24:45,server_7,143.91
21:24:45,server_6,102.94
21:24:45,server_5,109.37
21:24:45,server_4,163.43
21:24:45,server_3,0.0
21:24:45,server_2,4081.11
21:24:45,server_1,34.21
21:24:45,server_10,99.21
21:24:50,server_13,103.91
21:24:50,server_14,8252.0
21:24:50,server_15,1283.99
21:24:50,server_16,97.11
21:24:50,server_20,10.0
21:24:50,server_12,164.29
21:24:50,server_18,195.87
21:24:50,server_19,9.7
21:24:50,server_17,5427.01
21:24:50,server_11,1856.15
21:24:50,server_3,0.0
21:24:50,server_9,1592.64
21:24:50,server_1,1938.52
21:24:50,server_2,153.16
21:24:50,server_4,41.97
21:24:50,server_10,0.0
21:24:50,server_6,121.73
21:24:50,server_7,1081.92
21:24:50,server_8,0.0
21:24:50,server_5,6637.4
21:24:55,server_12,9404.44
21:24:55,server_19,39.64
21:24:55,server_18,0.0
21:24:55,server_17,98.9
21:24:55,server_16,65.98
21:24:55,server_15,8.1
21:24:55,server_14,72.32
21:24:55,server_13,1634.03
21:24:55,server_11,13.46
21:24:55,server_20,6410.78
21:24:55,server_9,102.54
21:24:55,server_1,51.01
21:24:55,server_2,0.0
21:24:55,server_3,84.96
21:24:55,server_4,126.27
21:24:55,server_10,55.24
21:24:55,server_6,137.57
21:24:55,server_7,61.84
21:24:55,server_8,135.85
21:24:55,server_5,96.09
21:25:00,server_11,22.57
21:25:00,server_19,56.94
21:25:00,server_18,168.83
21:25:00,server_17,0.0
21:25:00,server_16,207.59
21:25:00,server_15,179.08
21:25:00,server_14,35.04
21:25:00,server_13,58.7
21:25:00,server_12,103.25
21:25:00,server_20,61.43
21:25:00,server_10,133.86
21:25:00,server_8,104.38
21:25:00,server_7,1126.02
21:25:00,server_6,0.0
21:25:00,server_5,131.87
21:25:00,server_4,27.15
21:25:00,server_3,118.17
21:25:00,server_2,0.0
21:25:00,server_1,117.49
21:25:00,server_9,52.48
21:25:05,server_14,0.0
21:25:05,server_15,0.0
21:25:05,server_16,0.0
21:25:05,server_13,1549.99
21:25:05,server_18,646.99
21:25:05,server_19,75.59
21:25:05,server_20,69.63
21:25:05,server_17,97.58
21:25:05,server_12,95.73
21:25:05,server_11,7608.45
21:25:05,server_1,103.23
21:25:05,server_9,23.02
21:25:05,server_8,101.76
21:25:05,server_7,119.38
21:25:05,server_6,0.0
21:25:05,server_5,0.0
21:25:05,server_4,20.57
21:25:05,server_3,87.74
21:25:05,server_2,9019.39
21:25:05,server_10,0.0
21:25:10,server_13,98.93
21:25:10,server_14,93.91
21:25:10,server_15,84.27
21:25:10,server_20,2.16
21:25:10,server_18,2.75
21:25:10,server_19,29.82
21:25:10,server_12,6168.18
21:25:10,server_16,21.74
21:25:10,server_11,49.74
21:25:10,server_17,68.58
21:25:10,server_9,8456.55
21:25:10,server_10,42.52
21:25:10,server_2,64.23
21:25:10,server_3,93.88
21:25:10,server_4,16.77
21:25:10,server_1,9730.4
21:25:10,server_6,16.87
21:25:10,server_7,31.31
21:25:10,server_8,110.72
21:25:10,server_5,167.17
21:25:15,server_20,0.0
21:25:15,server_12,97.74
21:25:15,server_19,157.22
21:25:15,server_18,2.05
21:25:15,server_17,4.32
21:25:15,server_16,0.0
21:25:15,server_15,4710.34
21:25:15,server_14,76.42
21:25:15,server_13,181.43
21:25:15,server_11,117.33
21:25:15,server_7,92.56
21:25:15,server_9,46.91
21:25:15,server_8,108.33
21:25:15,server_6,8.92
21:25:15,server_5,23.84
21:25:15,server_4,6116.13
21:25:15,server_3,33.1
21:25:15,server_2,1398.76
21:25:15,server_1,1897.48
21:25:15,server_10,64.19
21:25:20,server_15,132.91
21:25:20,server_13,1494.28
21:25:20,server_14,87.2
21:25:20,server_16,1794.27
21:25:20,server_12,14.2
21:25:20,server_18,80.4
21:25:20,server_19,105.67
21:25:20,server_20,171.84
21:25:20,server_17,129.6
21:25:20,server_11,4508.78
21:25:20,server_1,20.26
21:25:20,server_9,19.3
21:25:20,server_2,25.7
21:25:20,server_3,64.03
21:25:20,server_4,1156.05
21:25:20,server_10,114.2
21:25:20,server_6,21.76
21:25:20,server_7,5086.66
21:25:20,server_8,146.45
21:25:20,server_5,0.0
21:25:25,server_13,6353.05
21:25:25,server_20,1943.78
21:25:25,server_19,47.26
21:25:25,server_18,38.34
21:25:25,server_17,10.65
21:25:25,server_16,140.97
21:25:25,server_15,104.45
21:25:25,server_14,41.92
21:25:25,server_12,105.11
21:25:25,server_11,27.03
21:25:25,server_1,1070.09
21:25:25,server_9,77.74
21:25:25,server_8,48.09
21:25:25,server_7,3517.92
21:25:25,server_6,136.09
21:25:25,server_5,87.71
21:25:25,server_4,3405.13
21:25:25,server_3,140.81
21:25:25,server_2,138.6
21:25:25,server_10,63.32
21:25:30,server_13,0.0
21:25:30,server_14,3550.04
21:25:30,server_15,0.0
21:25:30,server_16,23.37
21:25:30,server_12,1049.74
21:25:30,server_18,143.52
21:25:30,server_19,71.35
21:25:30,server_20,5992.87
21:25:30,server_17,53.78
21:25:30,server_11,0.0
21:25:30,server_1,48.14
21:25:30,server_9,3.02
21:25:30,server_8,20.57
21:25:30,server_7,128.25
21:25:30,server_6,0.0
21:25:30,server_5,4560.7
21:25:30,server_4,88.72
21:25:30,server_3,46.6
21:25:30,server_2,14.93
21:25:30,server_10,193.24
21:25:35,server_13,687.1
21:25:35,server_14,46.78
21:25:35,server_15,61.53
21:25:35,server_16,111.84
21:25:35,server_20,0.0
21:25:35,server_18,87.1
21:25:35,server_19,4394.4
21:25:35,server_12,90.19
21:25:35,server_17,91.52
21:25:35,server_11,124.57
21:25:35,server_1,62.79
21:25:35,server_9,5566.91
21:25:35,server_2,88.22
21:25:35,server_3,6949.94
21:25:35,server_4,0.0
21:25:35,server_10,3788.78
21:25:35,server_6,68.19
21:25:35,server_7,3455.57
21:25:35,server_8,6301.66
21:25:35,server_5,799.01
21:25:40,server_12,1489.58
21:25:40,server_19,6472.36
21:25:40,server_18,72.78
21:25:40,server_17,133.29
21:25:40,server_16,1548.58
21:25:40,server_15,1956.73
21:25:40,server_14,45.87
21:25:40,server_13,0.0
21:25:40,server_20,3123.25
21:25:40,server_11,53.12
21:25:40,server_9,3631.12
21:25:40,server_8,103.31
21:25:40,server_7,8121.75
21:25:40,server_6,22.17
21:25:40,server_5,523.19
21:25:40,server_4,126.21
21:25:40,server_3,73.43
21:25:40,server_2,45.44
21:25:40,server_1,99.27
21:25:40,server_10,66.33
21:25:45,server_13,78.28
21:25:45,server_20,51.86
21:25:45,server_14,118.88
21:25:45,server_15,68.4
21:25:45,server_12,122.61
21:25:45,server_17,1587.85
21:25:45,server_18,0.0
21:25:45,server_19,7572.25
21:25:45,server_16,111.15
21:25:45,server_11,0.0
21:25:45,server_7,7963.81
21:25:45,server_9,51.59
21:25:45,server_8,57.06
21:25:45,server_6,4854.95
21:25:45,server_5,15.56
21:25:45,server_4,154.15
21:25:45,server_3,63.74
21:25:45,server_2,1248.1
21:25:45,server_1,1606.84
21:25:45,server_10,8235.06
21:25:50,server_13,5256.2
21:25:50,server_14,88.43
21:25:50,server_15,0.0
21:25:50,server_16,99.88
21:25:50,server_20,1.02
21:25:50,server_18,8205.06
21:25:50,server_19,3805.05
21:25:50,server_12,140.81
21:25:50,server_17,12.62
21:25:50,server_11,4138.34
21:25:50,server_10,5997.59
21:25:50,server_9,27.84
21:25:50,server_2,1034.12
21:25:50,server_3,83.56
21:25:50,server_4,3806.55
21:25:50,server_1,92.81
21:25:50,server_6,100.39
21:25:50,server_7,107.29
21:25:50,server_8,1239.88
21:25:50,server_5,120.54
21:25:55,server_12,1824.0
21:25:55,server_19,51.58
21:25:55,server_18,129.14
21:25:55,server_17,147.55
21:25:55,server_16,73.5
21:25:55,server_15,120.17
21:25:55,server_14,1287.52
21:25:55,server_13,7.36
21:25:55,server_11,1314.18
21:25:55,server_20,59.14
21:25:55,server_9,91.8
21:25:55,server_1,35.56
21:25:55,server_2,41.86
21:25:55,server_3,47.32
21:25:55,server_4,47.01
21:25:55,server_10,37.77
21:25:55,server_6,132.55
21:25:55,server_7,85.12
21:25:55,server_8,22.03
21:25:55,server_5,0.0
21:26:00,server_12,0.0
21:26:00,server_19,1759.82
21:26:00,server_18,76.9
21:26:00,server_17,67.04
21:26:00,server_16,9.71
21:26:00,server_15,0.0
21:26:00,server_14,30.24
21:26:00,server_13,0.0
21:26:00,server_11,164.56
21:26:00,server_20,14.21
21:26:00,server_9,89.74
21:26:00,server_1,127.74
21:26:00,server_2,169.98
21:26:00,server_3,0.0
21:26:00,server_4,70.03
21:26:00,server_10,100.89
21:26:00,server_6,144.28
21:26:00,server_7,66.54
21:26:00,server_8,165.8
21:26:00,server_5,95.2
21:26:05,server_11,107.33
21:26:05,server_19,115.59
21:26:05,server_18,3256.43
21:26:05,server_17,3011.14
21:26:05,server_16,4.18
21:26:05,server_15,38.58
21:26:05,server_14,112.57
21:26:05,server_13,56.94
21:26:05,server_12,87.86
21:26:05,server_20,3539.51
21:26:05,server_10,114.01
21:26:05,server_8,0.0
21:26:05,server_7,30.47
21:26:05,server_6,27.15
21:26:05,server_5,56.86
21:26:05,server_4,35.12
21:26:05,server_3,63.34
21:26:05,server_2,47.7
21:26:05,server_1,87.71
21:26:05,server_9,60.54
21:26:10,server_13,847.82
21:26:10,server_14,33.16
21:26:10,server_15,0.0
21:26:10,server_12,59.88
21:26:10,server_20,45.78
21:26:10,server_18,12.88
21:26:10,server_19,6334.67
21:26:10,server_16,61.96
21:26:10,server_11,180.82
21:26:10,server_17,21.17
21:26:10,server_9,41.06
21:26:10,server_1,35.71
21:26:10,server_2,5874.93
21:26:10,server_3,100.47
21:26:10,server_4,53.88
21:26:10,server_10,33.0
21:26:10,server_6,91.83
21:26:10,server_7,0.0
21:26:10,server_8,108.02
21:26:10,server_5,24.91
21:26:15,server_12,92.3
21:26:15,server_19,185.98
21:26:15,server_18,57.48
21:26:15,server_17,76.05
21:26:15,server_16,101.64
21:26:15,server_15,1985.71
21:26:15,server_14,645.57
21:26:15,server_13,0.0
21:26:15,server_11,1071.21
21:26:15,server_20,24.42
21:26:15,server_9,40.78
21:26:15,server_1,61.4
21:26:15,server_2,0.0
21:26:15,server_3,0.0
21:26:15,server_4,16.37
21:26:15,server_10,57.46
21:26:15,server_6,90.96
21:26:15,server_7,55.3
21:26:15,server_8,0.0
21:26:15,server_5,107.3
21:26:20,server_11,191.98
21:26:20,server_19,1405.72
21:26:20,server_18,48.1
21:26:20,server_17,56.46
21:26:20,server_16,62.21
21:26:20,server_15,36.39
21:26:20,server_14,19.78
21:26:20,server_13,0.0
21:26:20,server_12,1219.24
21:26:20,server_20,8977.21
21:26:20,server_10,20.79
21:26:20,server_8,165.56
21:26:20,server_7,53.19
21:26:20,server_6,105.65
21:26:20,server_5,58.03
21:26:20,server_4,12.89
21:26:20,server_3,0.0
21:26:20,server_2,1421.62
21:26:20,server_1,4144.61
21:26:20,server_9,162.53
21:26:25,server_13,0.0
21:26:25,server_20,4699.41
21:26:25,server_14,22.69
21:26:25,server_15,24.87
21:26:25,server_19,826.24
21:26:25,server_17,0.0
21:26:25,server_18,41.21
21:26:25,server_12,1219.64
21:26:25,server_16,107.57
21:26:25,server_11,1389.05
21:26:25,server_7,101.84
21:26:25,server_9,160.97
21:26:25,server_8,68.47
21:26:25,server_6,9059.07
21:26:25,server_5,85.92
21:26:25,server_4,999.03
21:26:25,server_3,129.92
21:26:25,server_2,10.74
21:26:25,server_1,160.57
21:26:25,server_10,1237.57
21:26:30,server_13,41.79
21:26:30,server_14,150.06
21:26:30,server_15,54.37
21:26:30,server_20,47.9
21:26:30,server_18,7455.77
21:26:30,server_19,94.62
21:26:30,server_12,31.29
21:26:30,server_16,74.11
21:26:30,server_11,15.12
21:26:30,server_17,0.82
21:26:30,server_9,513.92
21:26:30,server_8,84.16
21:26:30,server_7,511.21
21:26:30,server_6,41.68
21:26:30,server_5,104.58
21:26:30,server_4,30.82
21:26:30,server_3,89.2
21:26:30,server_2,0.0
21:26:30,server_1,85.34
21:26:30,server_10,31.87
21:26:35,server_13,101.13
21:26:35,server_14,0.0
21:26:35,server_15,96.76
21:26:35,server_20,52.29
21:26:35,server_17,38.27
21:26:35,server_18,31.05
21:26:35,server_19,141.84
21:26:35,server_12,0.0
21:26:35,server_16,133.76
21:26:35,server_11,81.96
21:26:35,server_7,77.61
21:26:35,server_9,108.88
21:26:35,server_8,7362.19
21:26:35,server_6,89.6
21:26:35,server_5,0.0
21:26:35,server_4,3.34
21:26:35,server_3,0.0
21:26:35,server_2,52.36
21:26:35,server_1,36.93
21:26:35,server_10,102.73
21:26:40,server_15,146.3
21:26:40,server_14,84.02
21:26:40,server_16,45.04
21:26:40,server_13,0.0
21:26:40,server_18,47.03
21:26:40,server_19,58.49
21:26:40,server_20,68.87
21:26:40,server_12,59.0
21:26:40,server_17,4.25
21:26:40,server_11,73.55
21:26:40,server_10,161.59
21:26:40,server_9,117.27
21:26:40,server_2,37.49
21:26:40,server_3,28.79
21:26:40,server_4,45.22
21:26:40,server_1,43.74
21:26:40,server_6,56.28
21:26:40,server_7,151.63
21:26:40,server_8,62.37
21:26:40,server_5,89.51
21:26:45,server_12,54.99
21:26:45,server_19,1142.28
21:26:45,server_18,3566.19
21:26:45,server_17,877.57
21:26:45,server_16,37.03
21:26:45,server_15,756.16
21:26:45,server_14,7217.79
21:26:45,server_13,155.53
21:26:45,server_11,13.88
21:26:45,server_20,26.85
21:26:45,server_9,41.16
21:26:45,server_1,153.82
21:26:45,server_2,0.0
21:26:45,server_3,8698.52
21:26:45,server_4,97.12
21:26:45,server_10,72.2
21:26:45,server_6,867.69
21:26:45,server_7,29.51
21:26:45,server_8,62.47
21:26:45,server_5,42.96
21:26:50,server_11,41.77
21:26:50,server_19,124.26
21:26:50,server_18,88.59
21:26:50,server_17,4.08
21:26:50,server_16,237.97
21:26:50,server_15,19.22
21:26:50,server_14,6613.58
21:26:50,server_13,15.49
21:26:50,server_12,5390.56
21:26:50,server_20,55.14
21:26:50,server_10,28.67
21:26:50,server_8,111.26
21:26:50,server_7,8435.23
21:26:50,server_6,1413.81
21:26:50,server_5,42.29
21:26:50,server_4,20.65
21:26:50,server_3,1421.56
21:26:50,server_2,38.63
21:26:50,server_1,10.25
21:26:50,server_9,108.5
21:26:55,server_14,76.81
21:26:55,server_15,68.19
21:26:55,server_16,39.86
21:26:55,server_13,112.07
21:26:55,server_18,43.5
21:26:55,server_19,144.87
21:26:55,server_20,22.26
21:26:55,server_17,0.0
21:26:55,server_12,67.25
21:26:55,server_11,7413.56
21:26:55,server_1,893.18
21:26:55,server_9,89.19
21:26:55,server_8,9707.18
21:26:55,server_7,9378.59
21:26:55,server_6,1501.94
21:26:55,server_5,8698.31
21:26:55,server_4,0.0
21:26:55,server_3,58.59
21:26:55,server_2,10.98
21:26:55,server_10,0.0
21:27:00,server_13,0.0
21:27:00,server_14,64.08
21:27:00,server_15,1252.97
21:27:00,server_20,981.43
21:27:00,server_18,21.88
21:27:00,server_19,3.89
21:27:00,server_12,35.65
21:27:00,server_16,16.65
21:27:00,server_11,89.22
21:27:00,server_17,72.79
21:27:00,server_9,7.09
21:27:00,server_10,86.95
21:27:00,server_2,1814.2
21:27:00,server_3,125.61
21:27:00,server_4,138.96
21:27:00,server_1,92.4
21:27:00,server_6,5557.8
21:27:00,server_7,12.06
21:27:00,server_8,79.72
21:27:00,server_5,0.0
21:27:05,server_20,30.54
21:27:05,server_12,73.74
21:27:05,server_19,20.42
21:27:05,server_18,93.8
21:27:05,server_17,96.26
21:27:05,server_16,32.98
21:27:05,server_15,1199.3
21:27:05,server_14,0.0
21:27:05,server_13,0.0
21:27:05,server_11,4131.22
21:27:05,server_7,8.32
21:27:05,server_9,91.84
21:27:05,server_8,54.39
21:27:05,server_6,1486.15
21:27:05,server_5,92.67
21:27:05,server_4,110.93
21:27:05,server_3,29.42
21:27:05,server_2,0.0
21:27:05,server_1,61.87
21:27:05,server_10,34.65
21:27:10,server_15,90.97
21:27:10,server_13,0.0
21:27:10,server_14,110.71
21:27:10,server_16,1537.58
21:27:10,server_12,0.16
21:27:10,server_18,105.18
21:27:10,server_19,0.0
21:27:10,server_20,0.0
21:27:10,server_17,113.22
21:27:10,server_11,0.0
21:27:10,server_1,72.42
21:27:10,server_9,133.5
21:27:10,server_2,0.0
21:27:10,server_3,5673.0
21:27:10,server_4,69.31
21:27:10,server_10,7701.76
21:27:10,server_6,1504.85
21:27:10,server_7,26.44
21:27:10,server_8,0.0
21:27:10,server_5,63.83
21:27:15,server_13,116.56
21:27:15,server_20,8993.84
21:27:15,server_19,63.77
21:27:15,server_18,21.27
21:27:15,server_17,99.22
21:27:15,server_16,5.3
21:27:15,server_15,98.6
21:27:15,server_14,20.0
21:27:15,server_12,83.21
21:27:15,server_11,104.15
21:27:15,server_1,9732.77
21:27:15,server_9,32.52
21:27:15,server_8,1500.56
21:27:15,server_7,1662.94
21:27:15,server_6,29.36
21:27:15,server_5,49.75
21:27:15,server_4,965.44
21:27:15,server_3,23.14
21:27:15,server_2,87.5
21:27:15,server_10,8194.74
21:27:20,server_13,64.86
21:27:20,server_14,61.2
21:27:20,server_15,5724.7
21:27:20,server_16,20.6
21:27:20,server_12,4795.23
21:27:20,server_18,78.21
21:27:20,server_19,0.0
21:27:20,server_20,6514.09
21:27:20,server_17,29.48
21:27:20,server_11,0.0
21:27:20,server_1,15.38
21:27:20,server_9,56.05
21:27:20,server_8,4871.56
21:27:20,server_7,6062.29
21:27:20,server_6,64.6
21:27:20,server_5,5890.88
21:27:20,server_4,48.39
21:27:20,server_3,59.82
21:27:20,server_2,679.63
21:27:20,server_10,8861.58
21:27:25,server_13,8266.09
21:27:25,server_14,1853.23
21:27:25,server_15,112.23
21:27:25,server_16,24.9
21:27:25,server_20,142.66
21:27:25,server_18,102.39
21:27:25,server_19,77.12
21:27:25,server_12,190.23
21:27:25,server_17,1390.9
21:27:25,server_11,128.03
21:27:25,server_1,188.68
21:27:25,server_9,79.3
21:27:25,server_2,50.52
21:27:25,server_3,0.0
21:27:25,server_4,60.83
21:27:25,server_10,178.06
21:27:25,server_6,0.0
21:27:25,server_7,1659.78
21:27:25,server_8,76.79
21:27:25,server_5,100.23
21:27:30,server_12,114.94
21:27:30,server_19,6680.63
21:27:30,server_18,149.51
21:27:30,server_17,100.08
21:27:30,server_16,7225.61
21:27:30,server_15,14.88
21:27:30,server_14,61.6
21:27:30,server_13,0.0
21:27:30,server_20,75.56
21:27:30,server_11,27.05
21:27:30,server_9,94.9
21:27:30,server_8,68.06
21:27:30,server_7,73.8
21:27:30,server_6,48.76
21:27:30,server_5,1813.21
21:27:30,server_4,64.5
21:27:30,server_3,84.47
21:27:30,server_2,74.15
21:27:30,server_1,143.34
21:27:30,server_10,1677.78
21:27:35,server_13,30.33
21:27:35,server_14,62.85
21:27:35,server_15,53.35
21:27:35,server_16,60.6
21:27:35,server_12,2.73
21:27:35,server_18,54.22
21:27:35,server_19,66.44
21:27:35,server_20,23.95
21:27:35,server_17,62.33
21:27:35,server_11,4600.72
21:27:35,server_10,56.51
21:27:35,server_9,73.98
21:27:35,server_8,44.27
21:27:35,server_7,0.71
21:27:35,server_6,16.85
21:27:35,server_5,32.75
21:27:35,server_4,0.0
21:27:35,server_3,5313.19
21:27:35,server_2,155.45
21:27:35,server_1,0.0
21:27:40,server_13,27.79
21:27:40,server_14,48.64
21:27:40,server_15,46.87
21:27:40,server_16,0.0
21:27:40,server_20,90.21
21:27:40,server_18,1229.47
21:27:40,server_19,0.0
21:27:40,server_12,0.0
21:27:40,server_17,1150.82
21:27:40,server_11,6721.63
21:27:40,server_10,32.23
21:27:40,server_9,154.66
21:27:40,server_2,26.32
21:27:40,server_3,1335.85
21:27:40,server_4,6880.74
21:27:40,server_1,161.27
21:27:40,server_6,92.42
21:27:40,server_7,159.99
21:27:40,server_8,1388.93
21:27:40,server_5,124.81
21:27:45,server_12,61.9
21:27:45,server_19,120.44
21:27:45,server_18,0.0
21:27:45,server_17,23.2
21:27:45,server_16,19.18
21:27:45,server_15,130.43
21:27:45,server_14,16.23
21:27:45,server_13,86.75
21:27:45,server_11,32.79
21:27:45,server_20,165.03
21:27:45,server_9,15.36
21:27:45,server_1,80.28
21:27:45,server_2,51.72
21:27:45,server_3,14.98
21:27:45,server_4,0.0
21:27:45,server_10,1004.28
21:27:45,server_6,107.01
21:27:45,server_7,96.52
21:27:45,server_8,0.0
21:27:45,server_5,35.7
21:27:50,server_12,114.78
21:27:50,server_19,4293.31
21:27:50,server_18,50.1
21:27:50,server_17,114.81
21:27:50,server_16,68.24
21:27:50,server_15,96.89
21:27:50,server_14,61.8
21:27:50,server_13,0.0
21:27:50,server_11,82.19
21:27:50,server_20,130.36
21:27:50,server_9,30.24
21:27:50,server_1,105.9
21:27:50,server_2,1573.5
21:27:50,server_3,1.28
21:27:50,server_4,1.4
21:27:50,server_10,52.07
21:27:50,server_6,0.0
21:27:50,server_7,20.28
21:27:50,server_8,0.0
21:27:50,server_5,813.45
21:27:55,server_11,15.73
21:27:55,server_19,12.65
21:27:55,server_18,621.04
21:27:55,server_17,5032.02
21:27:55,server_16,76.08
21:27:55,server_15,0.0
21:27:55,server_14,0.0
21:27:55,server_13,6012.04
21:27:55,server_12,6.36
21:27:55,server_20,1511.91
21:27:55,server_10,58.52
21:27:55,server_8,1852.65
21:27:55,server_7,0.0
21:27:55,server_6,977.12
21:27:55,server_5,0.0
21:27:55,server_4,36.63
21:27:55,server_3,65.01
21:27:55,server_2,87.86
21:27:55,server_1,22.23
21:27:55,server_9,44.08
21:28:00,server_13,0.0
21:28:00,server_14,96.15
21:28:00,server_15,0.04
21:28:00,server_12,92.55
21:28:00,server_17,77.49
21:28:00,server_18,153.1
21:28:00,server_19,68.85
21:28:00,server_16,101.8
21:28:00,server_11,93.89
21:28:00,server_20,1741.9
21:28:00,server_9,114.02
21:28:00,server_1,18.49
21:28:00,server_2,16.42
21:28:00,server_3,188.63
21:28:00,server_4,78.06
21:28:00,server_10,62.11
21:28:00,server_6,109.65
21:28:00,server_7,184.59
21:28:00,server_8,3339.13
21:28:00,server_5,30.46
21:28:05,server_19,1388.68
21:28:05,server_18,7283.05
21:28:05,server_17,0.0
21:28:05,server_16,737.32
21:28:05,server_15,1743.89
21:28:05,server_14,1860.2
21:28:05,server_13,0.2
21:28:05,server_12,44.35
21:28:05,server_11,0.0
21:28:05,server_20,82.03
21:28:05,server_9,27.55
21:28:05,server_1,84.41
21:28:05,server_2,77.7
21:28:05,server_3,38.82
21:28:05,server_4,712.26
21:28:05,server_10,81.82
21:28:05,server_6,1273.72
21:28:05,server_7,0.0
21:28:05,server_8,132.87
21:28:05,server_5,41.33
21:28:10,server_11,0.0
21:28:10,server_19,1014.34
21:28:10,server_18,41.11
21:28:10,server_17,657.6
21:28:10,server_16,8717.14
21:28:10,server_15,47.03
21:28:10,server_14,93.69
21:28:10,server_13,34.92
21:28:10,server_12,0.0
21:28:10,server_20,111.88
21:28:10,server_10,122.82
21:28:10,server_8,59.2
21:28:10,server_9,75.71
21:28:10,server_1,22.37
21:28:10,server_2,4690.36
21:28:10,server_3,8712.92
21:28:10,server_5,97.23
21:28:10,server_6,7.29
21:28:10,server_7,15.98
21:28:10,server_4,6341.78
21:28:15,server_20,120.04
21:28:15,server_11,111.83
21:28:15,server_18,3198.1
21:28:15,server_17,8671.56
21:28:15,server_16,9041.49
21:28:15,server_15,0.0
21:28:15,server_14,28.17
21:28:15,server_13,143.07
21:28:15,server_12,7887.3
21:28:15,server_19,25.52
21:28:15,server_10,79.87
21:28:15,server_8,69.52
21:28:15,server_1,48.75
21:28:15,server_2,176.39
21:28:15,server_3,107.8
21:28:15,server_9,173.07
21:28:15,server_5,62.57
21:28:15,server_6,48.34
21:28:15,server_7,8899.65
21:28:15,server_4,1933.49
21:28:20,server_12,16.77
21:28:20,server_19,153.27
21:28:20,server_18,158.7
21:28:20,server_17,5131.75
21:28:20,server_16,9.16
21:28:20,server_15,9.44
21:28:20,server_14,125.07
21:28:20,server_13,91.04
21:28:20,server_11,66.77
21:28:20,server_20,34.07
21:28:20,server_9,24.91
21:28:20,server_1,42.91
21:28:20,server_2,11.41
21:28:20,server_3,1083.81
21:28:20,server_4,3336.75
21:28:20,server_10,0.0
21:28:20,server_6,8621.1
21:28:20,server_7,92.05
21:28:20,server_8,0.0
21:28:20,server_5,136.98
21:28:25,server_11,9.01
21:28:25,server_19,970.07
21:28:25,server_18,124.59
21:28:25,server_17,137.21
21:28:25,server_16,16.12
21:28:25,server_15,68.03
21:28:25,server_14,59.24
21:28:25,server_13,1838.41
21:28:25,server_12,22.79
21:28:25,server_20,1580.87
21:28:25,server_10,30.46
21:28:25,server_8,156.59
21:28:25,server_7,7289.88
21:28:25,server_6,6663.21
21:28:25,server_5,0.0
21:28:25,server_4,0.0
21:28:25,server_3,94.79
21:28:25,server_2,133.15
21:28:25,server_1,1107.01
21:28:25,server_9,46.66
21:28:30,server_13,33.56
21:28:30,server_14,113.84
21:28:30,server_15,132.65
21:28:30,server_12,18.99
21:28:30,server_18,145.75
21:28:30,server_19,129.69
21:28:30,server_20,1335.68
21:28:30,server_16,90.46
21:28:30,server_11,30.82
21:28:30,server_17,40.46
21:28:30,server_9,0.0
21:28:30,server_2,6022.4
21:28:30,server_3,52.26
21:28:30,server_10,0.0
21:28:30,server_4,958.98
21:28:30,server_1,42.65
21:28:30,server_6,0.0
21:28:30,server_7,22.79
21:28:30,server_8,6966.8
21:28:30,server_5,149.65
21:28:35,server_12,94.98
21:28:35,server_20,4852.37
21:28:35,server_19,23.84
21:28:35,server_18,1104.87
21:28:35,server_17,80.62
21:28:35,server_16,8256.57
21:28:35,server_15,67.61
21:28:35,server_14,43.46
21:28:35,server_13,8783.78
21:28:35,server_11,139.56
21:28:35,server_10,106.73
21:28:35,server_9,38.93
21:28:35,server_2,124.55
21:28:35,server_3,26.61
21:28:35,server_4,6203.62
21:28:35,server_1,67.24
21:28:35,server_6,56.57
21:28:35,server_7,59.34
21:28:35,server_8,165.65
21:28:35,server_5,0.0
21:28:40,server_12,0.0
21:28:40,server_19,109.59
21:28:40,server_18,33.08
21:28:40,server_17,7097.27
21:28:40,server_16,0.25
21:28:40,server_15,21.99
21:28:40,server_14,143.53
21:28:40,server_13,678.66
21:28:40,server_11,89.65
21:28:40,server_20,16.18
21:28:40,server_9,97.37
21:28:40,server_1,0.0
21:28:40,server_2,71.26
21:28:40,server_3,122.6
21:28:40,server_4,165.16
21:28:40,server_10,66.13
21:28:40,server_6,82.99
21:28:40,server_7,49.35
21:28:40,server_8,38.66
21:28:40,server_5,931.39
21:28:45,server_12,58.44
21:28:45,server_19,135.91
21:28:45,server_18,33.88
21:28:45,server_17,111.77
21:28:45,server_16,0.0
21:28:45,server_15,159.2
21:28:45,server_14,1.04
21:28:45,server_13,118.72
21:28:45,server_11,129.23
21:28:45,server_20,1.41
21:28:45,server_9,3613.51
21:28:45,server_1,93.74
21:28:45,server_2,0.0
21:28:45,server_3,43.07
21:28:45,server_4,65.48
21:28:45,server_10,49.56
21:28:45,server_6,147.71
21:28:45,server_7,87.55
21:28:45,server_8,0.0
21:28:45,server_5,1935.74
21:28:50,server_11,1367.37
21:28:50,server_19,135.82
21:28:50,server_18,51.39
21:28:50,server_17,64.57
21:28:50,server_16,134.61
21:28:50,server_15,95.87
21:28:50,server_14,43.7
21:28:50,server_13,33.34
21:28:50,server_12,4035.33
21:28:50,server_20,192.58
21:28:50,server_10,1256.38
21:28:50,server_8,72.87
21:28:50,server_7,76.31
21:28:50,server_6,150.1
21:28:50,server_5,1988.57
21:28:50,server_4,9133.08
21:28:50,server_3,1929.43
21:28:50,server_2,4108.15
21:28:50,server_1,42.12
21:28:50,server_9,29.93
21:28:55,server_13,10.23
21:28:55,server_14,0.0
21:28:55,server_15,85.11
21:28:55,server_12,4.1
21:28:55,server_17,24.04
21:28:55,server_18,139.16
21:28:55,server_19,28.83
21:28:55,server_16,15.07
21:28:55,server_11,0.0
21:28:55,server_20,154.58
21:28:55,server_9,13.54
21:28:55,server_1,105.18
21:28:55,server_2,6521.86
21:28:55,server_3,82.53
21:28:55,server_4,124.3
21:28:55,server_10,93.58
21:28:55,server_6,49.71
21:28:55,server_7,5.63
21:28:55,server_8,61.1
21:28:55,server_5,571.27
21:29:00,server_19,524.14
21:29:00,server_18,81.46
21:29:00,server_17,1428.79
21:29:00,server_16,1370.33
21:29:00,server_15,88.26
21:29:00,server_14,72.81
21:29:00,server_13,1026.91
21:29:00,server_12,0.0
21:29:00,server_11,188.47
21:29:00,server_20,9415.95
21:29:00,server_9,5727.23
21:29:00,server_1,59.67
21:29:00,server_2,89.82
21:29:00,server_3,13.79
21:29:00,server_4,719.29
21:29:00,server_10,42.35
21:29:00,server_6,21.41
21:29:00,server_7,86.0
21:29:00,server_8,11.92
21:29:00,server_5,1002.03
21:29:05,server_11,51.23
21:29:05,server_19,6467.85
21:29:05,server_18,8290.13
21:29:05,server_17,80.82
21:29:05,server_16,3.59
21:29:05,server_15,0.0
21:29:05,server_14,0.0
21:29:05,server_13,63.65
21:29:05,server_12,164.03
21:29:05,server_20,40.26
21:29:05,server_10,71.34
21:29:05,server_8,23.57
21:29:05,server_9,35.75
21:29:05,server_1,0.0
21:29:05,server_2,0.0
21:29:05,server_3,55.8
21:29:05,server_5,46.53
21:29:05,server_6,98.74
21:29:05,server_7,87.14
21:29:05,server_4,69.07
21:29:10,server_20,1854.42
21:29:10,server_11,77.77
21:29:10,server_18,39.99
21:29:10,server_17,0.02
21:29:10,server_16,0.0
21:29:10,server_15,1897.63
21:29:10,server_14,0.0
21:29:10,server_13,74.11
21:29:10,server_12,38.65
21:29:10,server_19,0.0
21:29:10,server_10,50.18
21:29:10,server_8,93.49
21:29:10,server_1,0.0
21:29:10,server_2,30.25
21:29:10,server_3,77.85
21:29:10,server_9,18.76
21:29:10,server_5,8964.7
21:29:10,server_6,88.56
21:29:10,server_7,66.84
21:29:10,server_4,69.67
21:29:15,server_12,20.5
21:29:15,server_19,86.92
21:29:15,server_18,76.07
21:29:15,server_17,48.86
21:29:15,server_16,13.74
21:29:15,server_15,5082.14
21:29:15,server_14,40.31
21:29:15,server_13,10.59
21:29:15,server_11,880.66
21:29:15,server_20,97.59
21:29:15,server_9,89.83
21:29:15,server_1,7176.04
21:29:15,server_2,0.0
21:29:15,server_3,132.32
21:29:15,server_4,0.0
21:29:15,server_10,1746.55
21:29:15,server_6,7907.42
21:29:15,server_7,64.91
21:29:15,server_8,0.0
21:29:15,server_5,97.07
21:29:20,server_11,5155.22
21:29:20,server_19,0.0
21:29:20,server_18,128.41
21:29:20,server_17,70.89
21:29:20,server_16,41.64
21:29:20,server_15,64.82
21:29:20,server_14,179.87
21:29:20,server_13,0.0
21:29:20,server_12,0.0
21:29:20,server_20,0.0
21:29:20,server_10,90.83
21:29:20,server_8,79.95
21:29:20,server_7,184.55
21:29:20,server_6,118.45
21:29:20,server_5,106.19
21:29:20,server_4,1576.47
21:29:20,server_3,1876.39
21:29:20,server_2,989.53
21:29:20,server_1,3.6
21:29:20,server_9,78.34
21:29:25,server_13,90.12
21:29:25,server_14,27.98
21:29:25,server_15,9432.83
21:29:25,server_12,21.06
21:29:25,server_20,101.84
21:29:25,server_18,73.13
21:29:25,server_19,0.0
21:29:25,server_16,5.46
21:29:25,server_11,71.93
21:29:25,server_17,160.28
21:29:25,server_9,67.94
21:29:25,server_1,76.96
21:29:25,server_2,39.38
21:29:25,server_3,0.0
21:29:25,server_4,1359.04
21:29:25,server_10,37.03
21:29:25,server_6,65.66
21:29:25,server_7,70.46
21:29:25,server_8,76.47
21:29:25,server_5,4.66
21:29:30,server_12,61.07
21:29:30,server_19,0.0
21:29:30,server_18,4665.79
21:29:30,server_17,182.86
21:29:30,server_16,128.94
21:29:30,server_15,29.59
21:29:30,server_14,81.45
21:29:30,server_13,6551.29
21:29:30,server_11,83.92
21:29:30,server_20,35.3
21:29:30,server_9,148.77
21:29:30,server_1,59.22
21:29:30,server_2,62.41
21:29:30,server_3,30.67
21:29:30,server_4,55.6
21:29:30,server_10,193.02
21:29:30,server_6,0.0
21:29:30,server_7,13.72
21:29:30,server_8,19.0
21:29:30,server_5,129.24
21:29:35,server_11,92.04
21:29:35,server_19,0.0
21:29:35,server_18,1830.3
21:29:35,server_17,149.72
21:29:35,server_16,43.19
21:29:35,server_15,4738.68
21:29:35,server_14,160.4
21:29:35,server_13,66.19
21:29:35,server_12,43.68
21:29:35,server_20,143.84
21:29:35,server_10,107.88
21:29:35,server_8,47.78
21:29:35,server_7,2.93
21:29:35,server_6,90.6
21:29:35,server_5,71.26
21:29:35,server_4,0.0
21:29:35,server_3,109.48
21:29:35,server_2,104.44
21:29:35,server_1,152.39
21:29:35,server_9,7249.31
21:29:40,server_13,100.45
21:29:40,server_14,18.59
21:29:40,server_15,0.0
21:29:40,server_16,36.66
21:29:40,server_20,111.54
21:29:40,server_18,55.02
21:29:40,server_19,3.11
21:29:40,server_12,72.83
21:29:40,server_17,61.14
21:29:40,server_11,0.0
21:29:40,server_10,115.99
21:29:40,server_9,106.6
21:29:40,server_2,38.12
21:29:40,server_3,1987.51
21:29:40,server_4,24.11
21:29:40,server_1,113.78
21:29:40,server_6,0.0
21:29:40,server_7,100.48
21:29:40,server_8,24.53
21:29:40,server_5,6.13
21:29:45,server_13,8275.23
21:29:45,server_20,129.42
21:29:45,server_19,21.28
21:29:45,server_18,0.0
21:29:45,server_17,110.43
21:29:45,server_16,50.33
21:29:45,server_15,1441.76
21:29:45,server_14,5958.45
21:29:45,server_12,71.7
21:29:45,server_11,74.37
21:29:45,server_1,19.33
21:29:45,server_9,87.49
21:29:45,server_8,87.19
21:29:45,server_7,24.46
21:29:45,server_6,9437.3
21:29:45,server_5,3567.69
21:29:45,server_4,88.41
21:29:45,server_3,0.0
21:29:45,server_2,44.48
21:29:45,server_10,27.77
21:29:50,server_13,69.81
21:29:50,server_14,6342.9
21:29:50,server_15,115.73
21:29:50,server_16,175.09
21:29:50,server_12,139.96
21:29:50,server_18,46.56
21:29:50,server_19,98.39
21:29:50,server_20,159.32
21:29:50,server_17,51.23
21:29:50,server_11,33.52
21:29:50,server_1,125.61
21:29:50,server_9,81.66
21:29:50,server_8,45.47
21:29:50,server_7,90.64
21:29:50,server_6,59.2
21:29:50,server_5,60.3
21:29:50,server_4,26.26
21:29:50,server_3,1800.54
21:29:50,server_2,81.93
21:29:50,server_10,1645.7
21:29:55,server_13,80.45
21:29:55,server_20,716.29
21:29:55,server_14,177.49
21:29:55,server_15,51.44
21:29:55,server_19,155.05
21:29:55,server_17,119.18
21:29:55,server_18,44.57
21:29:55,server_12,1551.44
21:29:55,server_16,70.15
21:29:55,server_11,193.73
21:29:55,server_7,85.69
21:29:55,server_9,87.83
21:29:55,server_1,1276.06
21:29:55,server_2,1760.93
21:29:55,server_3,103.96
21:29:55,server_10,144.18
21:29:55,server_5,4488.09
21:29:55,server_6,143.96
21:29:55,server_8,1966.72
21:29:55,server_4,45.84
21:30:00,server_13,0.0
21:30:00,server_20,31.75
21:30:00,server_19,1211.78
21:30:00,server_18,99.72
21:30:00,server_17,134.27
21:30:00,server_16,94.35
21:30:00,server_15,1084.31
21:30:00,server_14,1715.54
21:30:00,server_12,0.0
21:30:00,server_11,829.27
21:30:00,server_1,66.33
21:30:00,server_9,77.43
21:30:00,server_8,31.59
21:30:00,server_7,555.44
21:30:00,server_6,97.61
21:30:00,server_5,71.15
21:30:00,server_4,16.33
21:30:00,server_3,127.45
21:30:00,server_2,10.03
21:30:00,server_10,107.97
21:30:05,server_13,90.02
21:30:05,server_14,1140.55
21:30:05,server_15,61.33
21:30:05,server_16,45.97
21:30:05,server_12,56.02
21:30:05,server_18,22.61
21:30:05,server_19,61.42
21:30:05,server_20,3.74
21:30:05,server_17,0.0
21:30:05,server_11,35.59
21:30:05,server_1,8145.96
21:30:05,server_9,1191.48
21:30:05,server_8,1717.24
21:30:05,server_7,2.32
21:30:05,server_6,65.99
21:30:05,server_5,99.96
21:30:05,server_4,23.79
21:30:05,server_3,70.72
21:30:05,server_2,1083.71
21:30:05,server_10,6652.23
21:30:10,server_13,0.0
21:30:10,server_20,53.98
21:30:10,server_14,77.99
21:30:10,server_15,33.95
21:30:10,server_19,13.24
21:30:10,server_17,0.0
21:30:10,server_18,151.86
21:30:10,server_12,0.0
21:30:10,server_16,125.33
21:30:10,server_11,24.47
21:30:10,server_7,34.62
21:30:10,server_9,87.09
21:30:10,server_8,156.41
21:30:10,server_6,0.0
21:30:10,server_5,1193.17
21:30:10,server_4,134.93
21:30:10,server_3,40.61
21:30:10,server_2,161.45
21:30:10,server_1,140.76
21:30:10,server_10,180.18
21:30:15,server_13,0.0
21:30:15,server_14,93.4
21:30:15,server_15,6200.79
21:30:15,server_20,791.9
21:30:15,server_18,1848.23
21:30:15,server_19,8771.35
21:30:15,server_12,46.77
21:30:15,server_16,79.18
21:30:15,server_11,30.76
21:30:15,server_17,23.66
21:30:15,server_9,115.45
21:30:15,server_8,137.87
21:30:15,server_7,94.51
21:30:15,server_6,3089.6
21:30:15,server_5,5948.54
21:30:15,server_4,103.11
21:30:15,server_3,1572.59
21:30:15,server_2,57.72
21:30:15,server_1,51.71
21:30:15,server_10,73.54
21:30:20,server_13,55.77
21:30:20,server_14,123.1
21:30:20,server_15,3.59
21:30:20,server_20,1373.83
21:30:20,server_17,584.66
21:30:20,server_18,0.0
21:30:20,server_19,869.46
21:30:20,server_12,21.41
21:30:20,server_16,0.0
21:30:20,server_11,105.81
21:30:20,server_7,7622.97
21:30:20,server_9,159.43
21:30:20,server_8,40.46
21:30:20,server_6,114.64
21:30:20,server_5,990.55
21:30:20,server_4,0.0
21:30:20,server_3,109.22
21:30:20,server_2,0.0
21:30:20,server_1,16.97
21:30:20,server_10,54.19
21:30:25,server_15,105.33
21:30:25,server_14,114.72
21:30:25,server_16,94.89
21:30:25,server_13,146.71
21:30:25,server_18,97.81
21:30:25,server_19,0.21
21:30:25,server_20,14.76
21:30:25,server_12,29.62
21:30:25,server_17,102.07
21:30:25,server_11,69.42
21:30:25,server_10,49.16
21:30:25,server_9,1542.66
21:30:25,server_2,73.73
21:30:25,server_3,19.38
21:30:25,server_4,75.36
21:30:25,server_1,30.13
21:30:25,server_6,117.51
21:30:25,server_7,0.0
21:30:25,server_8,21.15
21:30:25,server_5,67.6
21:30:30,server_12,4258.98
21:30:30,server_19,68.2
21:30:30,server_18,28.92
21:30:30,server_17,0.0
21:30:30,server_16,21.48
21:30:30,server_15,6455.74
21:30:30,server_14,64.3
21:30:30,server_13,50.99
21:30:30,server_11,794.06
21:30:30,server_20,0.0
21:30:30,server_9,66.13
21:30:30,server_1,85.93
21:30:30,server_2,0.0
21:30:30,server_3,0.0
21:30:30,server_4,661.01
21:30:30,server_10,48.17
21:30:30,server_6,35.96
21:30:30,server_7,70.77
21:30:30,server_8,83.25
21:30:30,server_5,0.0
21:30:35,server_11,80.6
21:30:35,server_19,157.33
21:30:35,server_18,56.9
21:30:35,server_17,534.62
21:30:35,server_16,1017.93
21:30:35,server_15,45.46
21:30:35,server_14,0.0
21:30:35,server_13,40.93
21:30:35,server_12,118.32
21:30:35,server_20,160.63
21:30:35,server_10,7193.92
21:30:35,server_8,0.0
21:30:35,server_7,59.45
21:30:35,server_6,8329.2
21:30:35,server_5,106.32
21:30:35,server_4,0.0
21:30:35,server_3,95.67
21:30:35,server_2,73.54
21:30:35,server_1,71.8
21:30:35,server_9,16.74
21:30:40,server_14,65.93
21:30:40,server_15,552.25
21:30:40,server_16,61.15
21:30:40,server_13,126.11
21:30:40,server_18,172.7
21:30:40,server_19,99.87
21:30:40,server_20,54.27
21:30:40,server_17,0.0
21:30:40,server_12,10.08
21:30:40,server_11,0.0
21:30:40,server_1,0.0
21:30:40,server_9,0.0
21:30:40,server_8,199.94
21:30:40,server_7,83.16
21:30:40,server_6,114.12
21:30:40,server_5,1874.08
21:30:40,server_4,41.47
21:30:40,server_3,160.99
21:30:40,server_2,8.24
21:30:40,server_10,87.41
21:30:45,server_13,5996.34
21:30:45,server_14,118.75
21:30:45,server_15,0.0
21:30:45,server_20,147.72
21:30:45,server_18,0.0
21:30:45,server_19,32.18
21:30:45,server_12,9271.23
21:30:45,server_16,119.93
21:30:45,server_11,125.27
21:30:45,server_17,81.75
21:30:45,server_9,125.65
21:30:45,server_10,63.99
21:30:45,server_2,1118.56
21:30:45,server_3,0.0
21:30:45,server_4,114.99
21:30:45,server_1,54.01
21:30:45,server_6,34.71
21:30:45,server_7,106.77
21:30:45,server_8,186.38
21:30:45,server_5,0.0
21:30:50,server_20,112.93
21:30:50,server_12,0.0
21:30:50,server_19,8958.49
21:30:50,server_18,9870.14
21:30:50,server_17,110.38
21:30:50,server_16,159.99
21:30:50,server_15,1100.4
21:30:50,server_14,85.44
21:30:50,server_13,28.57
21:30:50,server_11,113.9
21:30:50,server_7,0.0
21:30:50,server_9,91.94
21:30:50,server_8,0.0
21:30:50,server_6,0.0
21:30:50,server_5,0.0
21:30:50,server_4,3364.34
21:30:50,server_3,139.62
21:30:50,server_2,58.36
21:30:50,server_1,118.16
21:30:50,server_10,56.45
21:30:55,server_15,4.29
21:30:55,server_13,85.78
21:30:55,server_14,3973.73
21:30:55,server_16,136.28
21:30:55,server_12,100.11
21:30:55,server_18,79.84
21:30:55,server_19,16.69
21:30:55,server_20,0.0
21:30:55,server_17,98.99
21:30:55,server_11,150.2
21:30:55,server_1,41.75
21:30:55,server_9,67.5
21:30:55,server_2,40.25
21:30:55,server_3,132.02
21:30:55,server_4,869.18
21:30:55,server_10,15.36
21:30:55,server_6,147.28
21:30:55,server_7,53.06
21:30:55,server_8,150.79
21:30:55,server_5,860.51
21:31:00,server_13,180.15
21:31:00,server_20,21.19
21:31:00,server_19,1980.4
21:31:00,server_18,66.97
21:31:00,server_17,735.27
21:31:00,server_16,31.29
21:31:00,server_15,5.79
21:31:00,server_14,1872.86
21:31:00,server_12,136.0
21:31:00,server_11,80.02
21:31:00,server_1,149.81
21:31:00,server_9,66.86
21:31:00,server_8,85.14
21:31:00,server_7,111.96
21:31:00,server_6,0.0
21:31:00,server_5,19.35
21:31:00,server_4,93.23
21:31:00,server_3,1460.15
21:31:00,server_2,104.21
21:31:00,server_10,133.99
21:31:05,server_13,10.39
21:31:05,server_14,54.7
21:31:05,server_15,23.97
21:31:05,server_16,63.29
21:31:05,server_12,92.63
21:31:05,server_18,1188.44
21:31:05,server_19,4107.2
21:31:05,server_20,60.71
21:31:05,server_17,143.73
21:31:05,server_11,72.93
21:31:05,server_1,6957.69
21:31:05,server_9,0.0
21:31:05,server_8,152.53
21:31:05,server_7,9.41
21:31:05,server_6,133.41
21:31:05,server_5,4.03
21:31:05,server_4,25.41
21:31:05,server_3,104.54
21:31:05,server_2,55.65
21:31:05,server_10,154.98
21:31:10,server_13,108.16
21:31:10,server_14,82.13
21:31:10,server_15,127.64
21:31:10,server_16,152.13
21:31:10,server_20,128.96
21:31:10,server_18,7839.46
21:31:10,server_19,50.76
21:31:10,server_12,30.95
21:31:10,server_17,35.86
21:31:10,server_11,143.12
21:31:10,server_1,9218.77
21:31:10,server_9,52.66
21:31:10,server_2,44.77
21:31:10,server_3,715.27
21:31:10,server_4,0.0
21:31:10,server_10,6.21
21:31:10,server_6,852.94
21:31:10,server_7,101.44
21:31:10,server_8,1270.37
21:31:10,server_5,47.59
21:31:15,server_12,66.16
21:31:15,server_19,102.91
21:31:15,server_18,100.64
21:31:15,server_17,88.37
21:31:15,server_16,87.43
21:31:15,server_15,8889.49
21:31:15,server_14,94.0
21:31:15,server_13,124.36
21:31:15,server_20,40.01
21:31:15,server_11,48.58
21:31:15,server_9,142.76
21:31:15,server_8,97.95
21:31:15,server_7,41.23
21:31:15,server_6,24.3
21:31:15,server_5,631.75
21:31:15,server_4,65.96
21:31:15,server_3,52.75
21:31:15,server_2,65.35
21:31:15,server_1,8.45
21:31:15,server_10,36.21
21:31:20,server_13,63.67
21:31:20,server_14,1011.62
21:31:20,server_15,15.86
21:31:20,server_16,115.78
21:31:20,server_12,63.32
21:31:20,server_18,50.69
21:31:20,server_19,21.53
21:31:20,server_20,41.42
21:31:20,server_17,0.0
21:31:20,server_11,124.99
21:31:20,server_10,65.19
21:31:20,server_9,0.0
21:31:20,server_8,0.0
21:31:20,server_7,10.47
21:31:20,server_6,6180.06
21:31:20,server_5,660.15
21:31:20,server_4,1597.58
21:31:20,server_3,2.89
21:31:20,server_2,8053.28
21:31:20,server_1,94.12
21:31:25,server_13,189.63
21:31:25,server_14,42.91
21:31:25,server_15,120.82
21:31:25,server_16,3150.17
21:31:25,server_20,6607.89
21:31:25,server_18,23.88
21:31:25,server_19,164.28
21:31:25,server_12,3013.28
21:31:25,server_17,41.66
21:31:25,server_11,31.76
21:31:25,server_10,36.54
21:31:25,server_9,95.0
21:31:25,server_2,25.72
21:31:25,server_3,113.65
21:31:25,server_4,63.66
21:31:25,server_1,73.34
21:31:25,server_6,723.9
21:31:25,server_7,0.0
21:31:25,server_8,48.4
21:31:25,server_5,6197.22
21:31:30,server_12,830.62
21:31:30,server_19,5452.82
21:31:30,server_18,29.6
21:31:30,server_17,64.46
21:31:30,server_16,73.33
21:31:30,server_15,836.86
21:31:30,server_14,0.0
21:31:30,server_13,4288.35
21:31:30,server_11,30.03
21:31:30,server_20,95.95
21:31:30,server_9,62.51
21:31:30,server_1,0.0
21:31:30,server_2,0.0
21:31:30,server_3,767.54
21:31:30,server_4,83.59
21:31:30,server_10,115.79
21:31:30,server_6,82.28
21:31:30,server_7,44.21
21:31:30,server_8,56.01
21:31:30,server_5,0.0
21:31:35,server_12,93.6
21:31:35,server_19,17.26
21:31:35,server_18,175.21
21:31:35,server_17,99.17
21:31:35,server_16,58.94
21:31:35,server_15,100.8
21:31:35,server_14,0.0
21:31:35,server_13,150.9
21:31:35,server_11,5306.92
21:31:35,server_20,16.86
21:31:35,server_9,103.01
21:31:35,server_1,151.27
21:31:35,server_2,0.0
21:31:35,server_3,66.67
21:31:35,server_4,0.0
21:31:35,server_10,0.0
21:31:35,server_6,76.45
21:31:35,server_7,1707.11
21:31:35,server_8,45.12
21:31:35,server_5,34.25
21:31:40,server_11,170.38
21:31:40,server_19,66.9
21:31:40,server_18,49.84
21:31:40,server_17,50.89
21:31:40,server_16,48.38
21:31:40,server_15,1971.76
21:31:40,server_14,43.33
21:31:40,server_13,1179.09
21:31:40,server_12,55.06
21:31:40,server_20,32.64
21:31:40,server_10,146.05
21:31:40,server_8,0.0
21:31:40,server_7,52.35
21:31:40,server_6,184.38
21:31:40,server_5,30.24
21:31:40,server_4,0.0
21:31:40,server_3,17.7
21:31:40,server_2,5602.11
21:31:40,server_1,50.67
21:31:40,server_9,24.91
21:31:45,server_13,1732.88
21:31:45,server_14,102.32
21:31:45,server_15,116.96
21:31:45,server_12,55.82
21:31:45,server_17,29.4
21:31:45,server_18,1023.83
21:31:45,server_19,0.0
21:31:45,server_16,86.5
21:31:45,server_11,89.84
21:31:45,server_20,7679.85
21:31:45,server_9,40.17
21:31:45,server_1,39.06
21:31:45,server_2,116.45
21:31:45,server_3,4.86
21:31:45,server_4,35.54
21:31:45,server_10,0.0
21:31:45,server_6,0.0
21:31:45,server_7,90.76
21:31:45,server_8,0.0
21:31:45,server_5,50.17
21:31:50,server_19,39.95
21:31:50,server_18,4476.68
21:31:50,server_17,80.66
21:31:50,server_16,74.1
21:31:50,server_15,107.01
21:31:50,server_14,24.02
21:31:50,server_13,131.39
21:31:50,server_12,71.34
21:31:50,server_11,26.05
21:31:50,server_20,0.0
21:31:50,server_9,0.0
21:31:50,server_1,0.0
21:31:50,server_2,1606.15
21:31:50,server_3,0.0
21:31:50,server_4,95.31
21:31:50,server_10,4734.56
21:31:50,server_6,40.6
21:31:50,server_7,5563.54
21:31:50,server_8,5855.37
21:31:50,server_5,11.53
21:31:55,server_11,43.32
21:31:55,server_19,0.0
21:31:55,server_18,194.49
21:31:55,server_17,99.88
21:31:55,server_16,79.26
21:31:55,server_15,9.75
21:31:55,server_14,55.36
21:31:55,server_13,138.74
21:31:55,server_12,170.3
21:31:55,server_20,2.44
21:31:55,server_10,62.41
21:31:55,server_8,6908.51
21:31:55,server_9,1653.2
21:31:55,server_1,89.57
21:31:55,server_2,1394.54
21:31:55,server_3,0.0
21:31:55,server_5,7.52
21:31:55,server_6,74.14
21:31:55,server_7,128.36
21:31:55,server_4,173.26
21:32:00,server_20,41.46
21:32:00,server_11,0.0
21:32:00,server_18,3985.27
21:32:00,server_17,1995.56
21:32:00,server_16,66.03
21:32:00,server_15,104.0
21:32:00,server_14,0.0
21:32:00,server_13,0.0
21:32:00,server_12,42.73
21:32:00,server_19,128.44
21:32:00,server_10,17.74
21:32:00,server_8,65.99
21:32:00,server_1,70.06
21:32:00,server_2,1324.56
21:32:00,server_3,4739.63
21:32:00,server_9,133.09
21:32:00,server_5,53.65
21:32:00,server_6,89.75
21:32:00,server_7,1744.41
21:32:00,server_4,67.41
21:32:05,server_12,0.0
21:32:05,server_19,0.0
21:32:05,server_18,39.79
21:32:05,server_17,9.9
21:32:05,server_16,5077.21
21:32:05,server_15,0.0
21:32:05,server_14,103.76
21:32:05,server_13,73.01
21:32:05,server_11,67.45
21:32:05,server_20,1121.12
21:32:05,server_9,113.44
21:32:05,server_1,872.38
21:32:05,server_2,7070.57
21:32:05,server_3,0.0
21:32:05,server_4,31.66
21:32:05,server_10,83.31
21:32:05,server_6,999.96
21:32:05,server_7,26.43
21:32:05,server_8,150.49
21:32:05,server_5,950.25
21:32:10,server_11,6893.17
21:32:10,server_19,30.8
21:32:10,server_18,0.36
21:32:10,server_17,0.0
21:32:10,server_16,95.79
21:32:10,server_15,70.39
21:32:10,server_14,129.52
21:32:10,server_13,87.79
21:32:10,server_12,116.61
21:32:10,server_20,180.16
21:32:10,server_10,192.64
21:32:10,server_8,17.34
21:32:10,server_7,0.0
21:32:10,server_6,0.0
21:32:10,server_5,170.72
21:32:10,server_4,1704.27
21:32:10,server_3,102.41
21:32:10,server_2,26.49
21:32:10,server_1,6053.45
21:32:10,server_9,1.49
21:32:15,server_13,1587.8
21:32:15,server_14,55.38
21:32:15,server_15,38.93
21:32:15,server_12,6222.28
21:32:15,server_17,0.0
21:32:15,server_18,21.64
21:32:15,server_19,108.19
21:32:15,server_16,31.96
21:32:15,server_11,50.79
21:32:15,server_20,5.13
21:32:15,server_9,1471.5
21:32:15,server_1,131.52
21:32:15,server_2,79.23
21:32:15,server_3,90.87
21:32:15,server_4,122.49
21:32:15,server_10,0.0
21:32:15,server_6,0.0
21:32:15,server_7,27.83
21:32:15,server_8,7256.54
21:32:15,server_5,87.01
21:32:20,server_12,75.39
21:32:20,server_20,156.17
21:32:20,server_19,78.36
21:32:20,server_18,16.18
21:32:20,server_17,67.98
21:32:20,server_16,60.96
21:32:20,server_15,3727.11
21:32:20,server_14,1063.06
21:32:20,server_13,124.38
21:32:20,server_11,97.9
21:32:20,server_10,66.74
21:32:20,server_9,57.93
21:32:20,server_2,182.04
21:32:20,server_3,1383.77
21:32:20,server_4,0.0
21:32:20,server_1,133.78
21:32:20,server_6,8.45
21:32:20,server_7,150.73
21:32:20,server_8,0.0
21:32:20,server_5,71.14
21:32:25,server_12,7076.12
21:32:25,server_19,68.0
21:32:25,server_18,5090.64
21:32:25,server_17,24.65
21:32:25,server_16,1026.91
21:32:25,server_15,31.34
21:32:25,server_14,0.0
21:32:25,server_13,91.13
21:32:25,server_11,5.02
21:32:25,server_20,8744.34
21:32:25,server_9,159.09
21:32:25,server_1,138.84
21:32:25,server_2,43.57
21:32:25,server_3,66.56
21:32:25,server_4,80.6
21:32:25,server_10,9.22
21:32:25,server_6,121.33
21:32:25,server_7,185.72
21:32:25,server_8,0.0
21:32:25,server_5,0.0
21:32:30,server_12,71.44
21:32:30,server_19,58.41
21:32:30,server_18,14.3
21:32:30,server_17,16.01
21:32:30,server_16,94.95
21:32:30,server_15,1129.5
21:32:30,server_14,48.37
21:32:30,server_13,53.34
21:32:30,server_11,0.0
21:32:30,server_20,109.56
21:32:30,server_9,92.17
21:32:30,server_1,99.84
21:32:30,server_2,0.0
21:32:30,server_3,0.0
21:32:30,server_4,1452.51
21:32:30,server_10,0.1
21:32:30,server_6,0.0
21:32:30,server_7,44.7
21:32:30,server_8,161.78
21:32:30,server_5,150.22
21:32:35,server_11,68.0
21:32:35,server_19,44.23
21:32:35,server_18,82.52
21:32:35,server_17,60.4
21:32:35,server_16,16.54
21:32:35,server_15,257.18
21:32:35,server_14,63.39
21:32:35,server_13,168.35
21:32:35,server_12,38.05
21:32:35,server_20,3967.01
21:32:35,server_10,45.3
21:32:35,server_8,520.31
21:32:35,server_7,81.23
21:32:35,server_6,42.52
21:32:35,server_5,142.72
21:32:35,server_4,5711.62
21:32:35,server_3,1330.35
21:32:35,server_2,186.98
21:32:35,server_1,103.84
21:32:35,server_9,130.25
21:32:40,server_13,108.02
21:32:40,server_14,75.22
21:32:40,server_15,161.63
21:32:40,server_12,103.74
21:32:40,server_17,64.11
21:32:40,server_18,94.72
21:32:40,server_19,38.95
21:32:40,server_16,8688.52
21:32:40,server_11,0.0
21:32:40,server_20,1985.49
21:32:40,server_9,28.28
21:32:40,server_1,37.94
21:32:40,server_2,81.41
21:32:40,server_3,76.03
21:32:40,server_4,3731.39
21:32:40,server_10,1656.02
21:32:40,server_6,79.56
21:32:40,server_7,30.8
21:32:40,server_8,52.25
21:32:40,server_5,1911.27
21:32:45,server_19,65.08
21:32:45,server_18,13.93
21:32:45,server_17,119.53
21:32:45,server_16,135.58
21:32:45,server_15,1035.15
21:32:45,server_14,1.52
21:32:45,server_13,98.53
21:32:45,server_12,23.0
21:32:45,server_11,42.88
21:32:45,server_20,141.72
21:32:45,server_9,831.63
21:32:45,server_1,18.49
21:32:45,server_2,111.22
21:32:45,server_3,1393.81
21:32:45,server_4,0.0
21:32:45,server_10,64.55
21:32:45,server_6,3420.0
21:32:45,server_7,82.84
21:32:45,server_8,0.0
21:32:45,server_5,22.7
21:32:50,server_11,53.07
21:32:50,server_19,0.0
21:32:50,server_18,119.8
21:32:50,server_17,120.44
21:32:50,server_16,84.43
21:32:50,server_15,100.11
21:32:50,server_14,126.19
21:32:50,server_13,24.82
21:32:50,server_12,117.12
21:32:50,server_20,127.73
21:32:50,server_10,150.7
21:32:50,server_8,78.66
21:32:50,server_9,112.92
21:32:50,server_1,22.83
21:32:50,server_2,18.13
21:32:50,server_3,0.0
21:32:50,server_5,68.34
21:32:50,server_6,50.99
21:32:50,server_7,33.56
21:32:50,server_4,118.78
21:32:55,server_20,124.99
21:32:55,server_11,86.17
21:32:55,server_18,40.7
21:32:55,server_17,11.92
21:32:55,server_16,27.89
21:32:55,server_15,40.13
21:32:55,server_14,6625.09
21:32:55,server_13,165.57
21:32:55,server_12,187.17
21:32:55,server_19,4854.12
21:32:55,server_10,57.29
21:32:55,server_8,5004.0
21:32:55,server_1,33.61
21:32:55,server_2,11.85
21:32:55,server_3,1581.98
21:32:55,server_9,48.42
21:32:55,server_5,8840.38
21:32:55,server_6,120.6
21:32:55,server_7,106.95
21:32:55,server_4,775.62
21:33:00,server_12,57.65
21:33:00,server_19,0.0
21:33:00,server_18,0.0
21:33:00,server_17,18.02
21:33:00,server_16,63.11
21:33:00,server_15,4536.35
21:33:00,server_14,170.07
21:33:00,server_13,129.37
21:33:00,server_11,12.98
21:33:00,server_20,77.44
21:33:00,server_9,63.03
21:33:00,server_1,35.34
21:33:00,server_2,36.91
21:33:00,server_3,1870.02
21:33:00,server_4,74.33
21:33:00,server_10,827.5
21:33:00,server_6,62.39
21:33:00,server_7,105.31
21:33:00,server_8,137.79
21:33:00,server_5,6349.42
21:33:05,server_11,7445.97
21:33:05,server_19,40.85
21:33:05,server_18,41.11
21:33:05,server_17,6352.24
21:33:05,server_16,90.55
21:33:05,server_15,66.99
21:33:05,server_14,1620.54
21:33:05,server_13,56.58
21:33:05,server_12,176.16
21:33:05,server_20,139.48
21:33:05,server_10,41.27
21:33:05,server_8,7699.92
21:33:05,server_7,60.11
21:33:05,server_6,4993.82
21:33:05,server_5,124.31
21:33:05,server_4,46.96
21:33:05,server_3,151.89
21:33:05,server_2,100.02
21:33:05,server_1,59.52
21:33:05,server_9,6759.31
21:33:10,server_13,40.18
21:33:10,server_14,47.35
21:33:10,server_15,81.07
21:33:10,server_12,49.55
21:33:10,server_17,69.84
21:33:10,server_18,0.0
21:33:10,server_19,855.39
21:33:10,server_16,0.0
21:33:10,server_11,78.14
21:33:10,server_20,20.92
21:33:10,server_9,155.76
21:33:10,server_1,40.81
21:33:10,server_2,163.84
21:33:10,server_3,35.89
21:33:10,server_4,3.26
21:33:10,server_10,7020.36
21:33:10,server_6,146.06
21:33:10,server_7,850.92
21:33:10,server_8,80.83
21:33:10,server_5,110.5
21:33:15,server_20,132.09
21:33:15,server_19,53.4
21:33:15,server_18,25.06
21:33:15,server_17,1842.46
21:33:15,server_16,7468.62
21:33:15,server_15,9990.24
21:33:15,server_14,92.57
21:33:15,server_12,31.35
21:33:15,server_11,126.27
21:33:15,server_13,1152.75
21:33:15,server_9,50.35
21:33:15,server_10,61.76
21:33:15,server_2,52.0
21:33:15,server_3,18.24
21:33:15,server_4,0.0
21:33:15,server_1,101.93
21:33:15,server_6,44.99
21:33:15,server_7,18.34
21:33:15,server_8,37.93
21:33:15,server_5,4.04
21:33:20,server_12,100.31
21:33:20,server_20,62.24
21:33:20,server_19,99.9
21:33:20,server_18,5400.03
21:33:20,server_17,102.46
21:33:20,server_16,8595.77
21:33:20,server_15,74.59
21:33:20,server_14,3314.25
21:33:20,server_13,19.27
21:33:20,server_11,3638.47
21:33:20,server_3,1170.71
21:33:20,server_9,62.3
21:33:20,server_10,173.91
21:33:20,server_2,3687.83
21:33:20,server_4,0.0
21:33:20,server_1,70.04
21:33:20,server_6,37.8
21:33:20,server_7,7804.38
21:33:20,server_8,40.04
21:33:20,server_5,0.0
21:33:25,server_12,1.57
21:33:25,server_19,87.8
21:33:25,server_18,0.0
21:33:25,server_17,45.71
21:33:25,server_16,25.92
21:33:25,server_15,37.31
21:33:25,server_14,52.93
21:33:25,server_20,118.92
21:33:25,server_11,1743.17
21:33:25,server_13,38.47
21:33:25,server_9,1926.19
21:33:25,server_1,53.33
21:33:25,server_2,32.64
21:33:25,server_3,5364.51
21:33:25,server_4,71.55
21:33:25,server_10,9602.42
21:33:25,server_6,189.06
21:33:25,server_7,5265.2
21:33:25,server_8,2.56
21:33:25,server_5,90.82
21:33:30,server_19,2.14
21:33:30,server_18,1507.64
21:33:30,server_17,0.0
21:33:30,server_16,0.0
21:33:30,server_15,19.54
21:33:30,server_14,104.56
21:33:30,server_13,0.0
21:33:30,server_12,110.62
21:33:30,server_11,109.93
21:33:30,server_20,162.13
21:33:30,server_9,918.38
21:33:30,server_1,111.12
21:33:30,server_2,4683.91
21:33:30,server_3,1139.18
21:33:30,server_4,132.33
21:33:30,server_10,26.73
21:33:30,server_6,3899.83
21:33:30,server_7,19.74
21:33:30,server_8,7781.01
21:33:30,server_5,0.0
21:33:35,server_11,45.16
21:33:35,server_19,16.21
21:33:35,server_18,63.81
21:33:35,server_17,38.32
21:33:35,server_16,41.46
21:33:35,server_15,0.0
21:33:35,server_14,81.04
21:33:35,server_13,9181.43
21:33:35,server_12,118.25
21:33:35,server_20,38.48
21:33:35,server_10,1288.68
21:33:35,server_8,5368.52
21:33:35,server_9,77.98
21:33:35,server_1,22.63
21:33:35,server_2,5921.97
21:33:35,server_3,143.14
21:33:35,server_5,1052.24
21:33:35,server_6,53.32
21:33:35,server_7,78.64
21:33:35,server_4,0.0
21:33:40,server_20,0.0
21:33:40,server_11,8950.63
21:33:40,server_18,37.08
21:33:40,server_17,38.99
21:33:40,server_16,1717.23
21:33:40,server_15,17.29
21:33:40,server_14,836.1
21:33:40,server_13,55.67
21:33:40,server_12,77.29
21:33:40,server_19,26.0
21:33:40,server_10,24.62
21:33:40,server_8,4248.3
21:33:40,server_1,6057.74
21:33:40,server_2,0.0
21:33:40,server_3,158.71
21:33:40,server_9,66.52
21:33:40,server_5,0.0
21:33:40,server_6,37.08
21:33:40,server_7,32.61
21:33:40,server_4,0.0
21:33:45,server_20,177.5
21:33:45,server_19,19.99
21:33:45,server_18,0.0
21:33:45,server_17,22.33
21:33:45,server_16,99.91
21:33:45,server_15,117.58
21:33:45,server_14,9685.17
21:33:45,server_12,549.15
21:33:45,server_11,38.41
21:33:45,server_13,9.46
21:33:45,server_9,7872.24
21:33:45,server_10,0.0
21:33:45,server_2,19.8
21:33:45,server_3,97.22
21:33:45,server_4,0.0
21:33:45,server_1,140.88
21:33:45,server_6,0.0
21:33:45,server_7,82.47
21:33:45,server_8,152.99
21:33:45,server_5,19.73
21:33:50,server_12,43.23
21:33:50,server_19,125.19
21:33:50,server_18,112.4
21:33:50,server_20,58.33
21:33:50,server_17,84.35
21:33:50,server_16,14.21
21:33:50,server_15,102.37
21:33:50,server_14,129.64
21:33:50,server_13,51.08
21:33:50,server_11,120.06
21:33:50,server_3,51.06
21:33:50,server_9,77.96
21:33:50,server_10,134.08
21:33:50,server_2,60.74
21:33:50,server_4,1818.49
21:33:50,server_1,117.55
21:33:50,server_6,45.44
21:33:50,server_7,193.92
21:33:50,server_8,2.05
21:33:50,server_5,0.0
21:33:55,server_11,101.99
21:33:55,server_20,4.88
21:33:55,server_18,62.9
21:33:55,server_17,68.94
21:33:55,server_16,103.83
21:33:55,server_15,7866.78
21:33:55,server_14,104.01
21:33:55,server_13,56.58
21:33:55,server_12,51.93
21:33:55,server_19,8582.33
21:33:55,server_10,194.32
21:33:55,server_8,0.0
21:33:55,server_1,0.0
21:33:55,server_2,161.95
21:33:55,server_3,8584.13
21:33:55,server_9,7.32
21:33:55,server_5,54.57
21:33:55,server_6,192.23
21:33:55,server_7,1566.13
21:33:55,server_4,2.63
21:34:00,server_12,131.54
21:34:00,server_19,0.37
21:34:00,server_18,14.37
21:34:00,server_17,0.83
21:34:00,server_16,21.35
21:34:00,server_15,90.01
21:34:00,server_14,104.28
21:34:00,server_13,1763.16
21:34:00,server_11,113.0
21:34:00,server_20,0.0
21:34:00,server_9,35.39
21:34:00,server_1,0.0
21:34:00,server_2,48.12
21:34:00,server_3,8.85
21:34:00,server_4,73.51
21:34:00,server_10,32.12
21:34:00,server_6,980.52
21:34:00,server_7,47.54
21:34:00,server_8,0.0
21:34:00,server_5,12.88
21:34:05,server_11,15.12
21:34:05,server_19,176.59
21:34:05,server_18,1187.65
21:34:05,server_17,84.26
21:34:05,server_16,63.4
21:34:05,server_15,86.87
21:34:05,server_14,60.31
21:34:05,server_13,113.32
21:34:05,server_12,183.92
21:34:05,server_20,8.09
21:34:05,server_10,0.0
21:34:05,server_8,107.96
21:34:05,server_7,158.18
21:34:05,server_6,0.0
21:34:05,server_5,0.0
21:34:05,server_4,0.0
21:34:05,server_3,147.25
21:34:05,server_2,43.01
21:34:05,server_1,6056.58
21:34:05,server_9,93.17
21:34:10,server_14,34.15
21:34:10,server_15,78.77
21:34:10,server_16,46.86
21:34:10,server_13,9517.56
21:34:10,server_18,51.0
21:34:10,server_19,37.94
21:34:10,server_20,42.35
21:34:10,server_17,87.91
21:34:10,server_12,36.86
21:34:10,server_11,132.5
21:34:10,server_1,0.0
21:34:10,server_9,124.17
21:34:10,server_8,138.28
21:34:10,server_7,37.0
21:34:10,server_6,67.02
21:34:10,server_5,1551.02
21:34:10,server_4,0.0
21:34:10,server_3,104.96
21:34:10,server_2,9933.61
21:34:10,server_10,7370.49
21:34:15,server_14,40.58
21:34:15,server_15,3170.71
21:34:15,server_16,14.1
21:34:15,server_17,7848.66
21:34:15,server_10,4116.98
21:34:15,server_19,652.13
21:34:15,server_20,1176.56
21:34:15,server_13,78.68
21:34:15,server_18,6885.24
21:34:15,server_12,138.95
21:34:15,server_7,68.7
21:34:15,server_9,199.05
21:34:15,server_8,84.93
21:34:15,server_6,1679.12
21:34:15,server_5,73.82
21:34:15,server_4,93.37
21:34:15,server_3,70.08
21:34:15,server_2,100.63
21:34:15,server_1,141.05
21:34:15,server_11,19.97
21:34:20,server_13,0.0
21:34:20,server_14,3.87
21:34:20,server_15,78.56
21:34:20,server_20,11.69
21:34:20,server_18,6158.45
21:34:20,server_19,70.61
21:34:20,server_12,5139.38
21:34:20,server_16,45.23
21:34:20,server_11,161.53
21:34:20,server_17,8.7
21:34:20,server_9,0.0
21:34:20,server_8,70.62
21:34:20,server_7,82.08
21:34:20,server_6,3793.7
21:34:20,server_5,137.43
21:34:20,server_4,77.03
21:34:20,server_1,40.27
21:34:20,server_3,98.44
21:34:20,server_2,133.09
21:34:20,server_10,61.74
21:34:25,server_13,3.19
21:34:25,server_14,56.64
21:34:25,server_15,62.1
21:34:25,server_20,18.38
21:34:25,server_18,122.59
21:34:25,server_19,164.81
21:34:25,server_12,111.64
21:34:25,server_16,104.52
21:34:25,server_11,0.0
21:34:25,server_17,47.93
21:34:25,server_9,47.77
21:34:25,server_8,90.43
21:34:25,server_7,815.48
21:34:25,server_6,3353.15
21:34:25,server_5,76.02
21:34:25,server_4,75.11
21:34:25,server_3,106.96
21:34:25,server_2,2.4
21:34:25,server_1,185.08
21:34:25,server_10,168.69
21:34:30,server_13,87.44
21:34:30,server_14,20.87
21:34:30,server_15,1734.81
21:34:30,server_20,26.85
21:34:30,server_17,109.5
21:34:30,server_18,19.73
21:34:30,server_19,85.91
21:34:30,server_12,110.21
21:34:30,server_16,41.44
21:34:30,server_11,50.05
21:34:30,server_7,60.96
21:34:30,server_9,14.26
21:34:30,server_8,16.47
21:34:30,server_6,1443.16
21:34:30,server_5,25.07
21:34:30,server_4,35.32
21:34:30,server_3,187.54
21:34:30,server_2,5451.85
21:34:30,server_1,80.83
21:34:30,server_10,29.39
21:34:35,server_13,27.82
21:34:35,server_14,12.14
21:34:35,server_15,49.73
21:34:35,server_20,70.58
21:34:35,server_18,0.0
21:34:35,server_19,849.4
21:34:35,server_12,52.6
21:34:35,server_16,56.56
21:34:35,server_11,125.47
21:34:35,server_17,0.0
21:34:35,server_9,122.57
21:34:35,server_2,136.9
21:34:35,server_3,5692.32
21:34:35,server_1,9776.39
21:34:35,server_4,24.65
21:34:35,server_10,111.02
21:34:35,server_6,63.78
21:34:35,server_7,1780.17
21:34:35,server_8,54.76
21:34:35,server_5,88.37
21:34:40,server_12,0.0
21:34:40,server_19,78.56
21:34:40,server_18,43.05
21:34:40,server_17,0.0
21:34:40,server_16,0.0
21:34:40,server_15,1415.83
21:34:40,server_14,33.92
21:34:40,server_13,6.1
21:34:40,server_11,0.0
21:34:40,server_20,63.3
21:34:40,server_9,12.23
21:34:40,server_1,24.13
21:34:40,server_2,4180.16
21:34:40,server_3,37.04
21:34:40,server_4,88.61
21:34:40,server_10,1978.12
21:34:40,server_6,103.79
21:34:40,server_7,131.03
21:34:40,server_8,13.99
21:34:40,server_5,18.74
21:34:45,server_11,8598.81
21:34:45,server_19,46.54
21:34:45,server_18,159.79
21:34:45,server_17,64.05
21:34:45,server_16,54.41
21:34:45,server_15,0.0
21:34:45,server_14,26.9
21:34:45,server_13,3241.73
21:34:45,server_12,0.0
21:34:45,server_20,50.29
21:34:45,server_10,78.88
21:34:45,server_8,55.99
21:34:45,server_7,852.44
21:34:45,server_6,72.5
21:34:45,server_5,33.5
21:34:45,server_4,40.45
21:34:45,server_3,915.25
21:34:45,server_2,110.06
21:34:45,server_1,75.41
21:34:45,server_9,77.62
21:34:50,server_13,118.98
21:34:50,server_20,38.34
21:34:50,server_14,523.91
21:34:50,server_15,505.71
21:34:50,server_19,43.13
21:34:50,server_17,5522.73
21:34:50,server_18,138.33
21:34:50,server_12,5037.98
21:34:50,server_16,63.55
21:34:50,server_11,89.62
21:34:50,server_7,0.0
21:34:50,server_9,698.88
21:34:50,server_8,12.16
21:34:50,server_6,140.66
21:34:50,server_5,79.54
21:34:50,server_4,87.94
21:34:50,server_3,0.0
21:34:50,server_2,984.14
21:34:50,server_1,1799.91
21:34:50,server_10,90.81
21:34:55,server_13,146.92
21:34:55,server_14,10.84
21:34:55,server_15,101.74
21:34:55,server_20,162.87
21:34:55,server_17,38.13
21:34:55,server_19,8.93
21:34:55,server_12,64.64
21:34:55,server_16,130.71
21:34:55,server_11,0.0
21:34:55,server_18,42.25
21:34:55,server_9,52.78
21:34:55,server_8,74.88
21:34:55,server_7,32.39
21:34:55,server_6,7707.72
21:34:55,server_5,0.0
21:34:55,server_4,29.85
21:34:55,server_3,56.72
21:34:55,server_2,73.71
21:34:55,server_1,1401.71
21:34:55,server_10,3571.89
21:35:00,server_13,5154.41
21:35:00,server_14,18.8
21:35:00,server_15,9.6
21:35:00,server_20,96.64
21:35:00,server_17,22.96
21:35:00,server_18,78.47
21:35:00,server_19,62.01
21:35:00,server_12,1060.74
21:35:00,server_16,1013.4
21:35:00,server_11,65.73
21:35:00,server_7,8627.5
21:35:00,server_9,89.9
21:35:00,server_8,73.27
21:35:00,server_6,621.75
21:35:00,server_5,6163.93
21:35:00,server_4,49.65
21:35:00,server_3,49.12
21:35:00,server_2,15.84
21:35:00,server_1,16.87
21:35:00,server_10,41.19
21:35:05,server_14,1112.01
21:35:05,server_16,18.22
21:35:05,server_15,0.0
21:35:05,server_17,81.05
21:35:05,server_10,74.96
21:35:05,server_19,95.7
21:35:05,server_20,6608.18
21:35:05,server_13,0.0
21:35:05,server_18,1511.28
21:35:05,server_12,129.0
21:35:05,server_7,0.0
21:35:05,server_11,76.37
21:35:05,server_9,91.79
21:35:05,server_8,126.86
21:35:05,server_1,85.33
21:35:05,server_6,14.13
21:35:05,server_5,95.11
21:35:05,server_4,1435.2
21:35:05,server_3,1651.94
21:35:05,server_2,57.37
21:35:10,server_13,140.89
21:35:10,server_14,73.92
21:35:10,server_15,42.59
21:35:10,server_16,100.48
21:35:10,server_20,0.0
21:35:10,server_18,26.63
21:35:10,server_19,29.66
21:35:10,server_12,6878.6
21:35:10,server_17,43.31
21:35:10,server_11,104.96
21:35:10,server_10,107.25
21:35:10,server_9,77.32
21:35:10,server_2,4.28
21:35:10,server_3,7431.48
21:35:10,server_4,73.77
21:35:10,server_1,44.93
21:35:10,server_6,1909.34
21:35:10,server_7,33.79
21:35:10,server_8,30.49
21:35:10,server_5,35.74
21:35:15,server_11,17.13
21:35:15,server_19,4101.99
21:35:15,server_18,36.77
21:35:15,server_16,11.25
21:35:15,server_15,49.96
21:35:15,server_14,17.18
21:35:15,server_13,109.64
21:35:15,server_12,46.42
21:35:15,server_10,70.16
21:35:15,server_20,70.88
21:35:15,server_8,28.33
21:35:15,server_9,20.25
21:35:15,server_1,0.0
21:35:15,server_2,78.15
21:35:15,server_3,29.06
21:35:15,server_17,1017.01
21:35:15,server_5,72.1
21:35:15,server_6,110.31
21:35:15,server_4,0.0
21:35:15,server_7,169.0
21:35:20,server_20,88.68
21:35:20,server_19,1694.63
21:35:20,server_18,7208.45
21:35:20,server_16,86.05
21:35:20,server_15,158.22
21:35:20,server_14,23.91
21:35:20,server_13,0.0
21:35:20,server_12,9204.51
21:35:20,server_11,98.02
21:35:20,server_17,48.83
21:35:20,server_9,0.0
21:35:20,server_8,12.33
21:35:20,server_7,64.23
21:35:20,server_6,0.0
21:35:20,server_5,20.54
21:35:20,server_4,68.46
21:35:20,server_3,96.75
21:35:20,server_2,116.97
21:35:20,server_1,28.81
21:35:20,server_10,85.84
21:35:25,server_13,1075.41
21:35:25,server_14,43.77
21:35:25,server_15,47.85
21:35:25,server_20,838.59
21:35:25,server_17,30.1
21:35:25,server_18,44.48
21:35:25,server_19,1097.62
21:35:25,server_12,40.64
21:35:25,server_16,5.5
21:35:25,server_11,37.23
21:35:25,server_7,1500.79
21:35:25,server_9,51.97
21:35:25,server_8,0.0
21:35:25,server_6,166.9
21:35:25,server_5,4790.52
21:35:25,server_4,51.46
21:35:25,server_3,148.16
21:35:25,server_2,954.35
21:35:25,server_1,72.61
21:35:25,server_10,96.04
21:35:30,server_13,1798.07
21:35:30,server_14,53.74
21:35:30,server_15,1333.51
21:35:30,server_17,41.56
21:35:30,server_19,25.99
21:35:30,server_20,73.85
21:35:30,server_12,1470.49
21:35:30,server_18,31.61
21:35:30,server_11,50.07
21:35:30,server_16,0.0
21:35:30,server_9,175.56
21:35:30,server_2,40.98
21:35:30,server_3,5239.12
21:35:30,server_4,118.09
21:35:30,server_10,6664.21
21:35:30,server_1,99.81
21:35:30,server_6,95.18
21:35:30,server_7,199.36
21:35:30,server_8,112.41
21:35:30,server_5,58.0
21:35:35,server_12,82.04
21:35:35,server_19,111.84
21:35:35,server_18,56.71
21:35:35,server_17,0.0
21:35:35,server_16,0.0
21:35:35,server_15,86.75
21:35:35,server_14,60.37
21:35:35,server_13,14.01
21:35:35,server_11,601.09
21:35:35,server_20,87.78
21:35:35,server_9,111.43
21:35:35,server_1,838.31
21:35:35,server_2,8226.75
21:35:35,server_3,1013.08
21:35:35,server_4,25.44
21:35:35,server_10,101.82
21:35:35,server_6,120.9
21:35:35,server_7,113.72
21:35:35,server_8,5846.74
21:35:35,server_5,68.56
21:35:40,server_11,103.63
21:35:40,server_19,106.91
21:35:40,server_18,0.0
21:35:40,server_17,0.0
21:35:40,server_16,577.65
21:35:40,server_15,50.31
21:35:40,server_14,0.0
21:35:40,server_13,66.44
21:35:40,server_12,75.16
21:35:40,server_20,0.0
21:35:40,server_10,14.51
21:35:40,server_8,73.2
21:35:40,server_7,88.2
21:35:40,server_6,91.2
21:35:40,server_5,33.0
21:35:40,server_4,54.58
21:35:40,server_3,16.3
21:35:40,server_2,106.13
21:35:40,server_1,0.0
21:35:40,server_9,0.0
21:35:45,server_13,134.94
21:35:45,server_14,3564.0
21:35:45,server_15,87.58
21:35:45,server_20,0.84
21:35:45,server_19,0.0
21:35:45,server_17,0.0
21:35:45,server_18,72.64
21:35:45,server_12,59.47
21:35:45,server_16,115.38
21:35:45,server_11,632.09
21:35:45,server_5,0.0
21:35:45,server_9,6386.36
21:35:45,server_8,14.6
21:35:45,server_7,0.0
21:35:45,server_6,71.46
21:35:45,server_4,5082.88
21:35:45,server_3,46.69
21:35:45,server_2,100.07
21:35:45,server_1,136.56
21:35:45,server_10,105.2
21:35:50,server_13,0.0
21:35:50,server_14,94.75
21:35:50,server_15,38.05
21:35:50,server_20,132.13
21:35:50,server_18,1277.27
21:35:50,server_19,54.2
21:35:50,server_12,712.64
21:35:50,server_17,85.82
21:35:50,server_11,0.0
21:35:50,server_16,25.15
21:35:50,server_9,12.7
21:35:50,server_8,30.14
21:35:50,server_7,84.91
21:35:50,server_6,82.83
21:35:50,server_5,92.38
21:35:50,server_4,18.28
21:35:50,server_3,10.79
21:35:50,server_2,0.0
21:35:50,server_1,101.69
21:35:50,server_10,76.15
21:35:55,server_12,6429.36
21:35:55,server_13,24.46
21:35:55,server_14,54.04
21:35:55,server_18,126.88
21:35:55,server_16,2.67
21:35:55,server_17,12.64
21:35:55,server_11,1013.29
21:35:55,server_15,122.95
21:35:55,server_10,122.97
21:35:55,server_5,1769.01
21:35:55,server_8,3.62
21:35:55,server_7,95.74
21:35:55,server_6,1748.64
21:35:55,server_4,75.83
21:35:55,server_3,61.68
21:35:55,server_2,64.89
21:35:55,server_1,878.93
21:35:55,server_19,49.34
21:35:55,server_9,4953.76
21:35:55,server_20,7729.15
21:36:00,server_13,50.3
21:36:00,server_14,95.37
21:36:00,server_15,32.59
21:36:00,server_20,143.35
21:36:00,server_18,2.16
21:36:00,server_19,1390.02
21:36:00,server_12,821.48
21:36:00,server_16,189.28
21:36:00,server_11,29.54
21:36:00,server_17,48.39
21:36:00,server_9,34.22
21:36:00,server_2,7.65
21:36:00,server_3,5520.64
21:36:00,server_10,0.0
21:36:00,server_4,7392.02
21:36:00,server_1,89.21
21:36:00,server_6,135.57
21:36:00,server_7,112.7
21:36:00,server_8,161.1
21:36:00,server_5,13.86
21:36:05,server_12,28.93
21:36:05,server_20,108.92
21:36:05,server_19,45.84
21:36:05,server_18,31.14
21:36:05,server_17,36.2
21:36:05,server_16,6816.32
21:36:05,server_15,22.76
21:36:05,server_14,69.48
21:36:05,server_13,0.0
21:36:05,server_11,64.54
21:36:05,server_10,4833.5
21:36:05,server_9,0.0
21:36:05,server_2,67.62
21:36:05,server_3,85.04
21:36:05,server_4,545.59
21:36:05,server_1,1.37
21:36:05,server_6,43.62
21:36:05,server_7,74.61
21:36:05,server_8,68.77
21:36:05,server_5,0.0
21:36:10,server_12,38.26
21:36:10,server_19,45.73
21:36:10,server_18,118.56
21:36:10,server_17,9119.56
21:36:10,server_16,127.35
21:36:10,server_15,57.29
21:36:10,server_14,61.8
21:36:10,server_13,14.52
21:36:10,server_11,49.96
21:36:10,server_20,1968.33
21:36:10,server_9,4929.66
21:36:10,server_1,54.73
21:36:10,server_2,0.0
21:36:10,server_3,1803.38
21:36:10,server_4,125.17
21:36:10,server_10,104.05
21:36:10,server_6,1896.68
21:36:10,server_7,70.94
21:36:10,server_8,29.08
21:36:10,server_5,125.4
21:36:15,server_12,86.13
21:36:15,server_19,0.0
21:36:15,server_18,119.27
21:36:15,server_17,1059.14
21:36:15,server_16,113.24
21:36:15,server_15,215.82
21:36:15,server_14,80.72
21:36:15,server_13,0.0
21:36:15,server_11,0.0
21:36:15,server_20,84.71
21:36:15,server_9,88.96
21:36:15,server_1,0.0
21:36:15,server_2,0.0
21:36:15,server_3,29.1
21:36:15,server_4,47.8
21:36:15,server_10,101.35
21:36:15,server_6,40.33
21:36:15,server_7,146.19
21:36:15,server_8,168.36
21:36:15,server_5,45.37
21:36:20,server_11,48.07
21:36:20,server_19,1578.09
21:36:20,server_18,28.29
21:36:20,server_17,72.73
21:36:20,server_16,98.26
21:36:20,server_15,87.57
21:36:20,server_14,14.63
21:36:20,server_13,16.38
21:36:20,server_12,110.6
21:36:20,server_20,79.35
21:36:20,server_10,0.0
21:36:20,server_8,21.81
21:36:20,server_7,0.0
21:36:20,server_6,146.02
21:36:20,server_5,0.0
21:36:20,server_4,57.34
21:36:20,server_3,0.0
21:36:20,server_2,0.0
21:36:20,server_1,68.59
21:36:20,server_9,67.31
21:36:25,server_13,120.78
21:36:25,server_14,5925.76
21:36:25,server_15,82.24
21:36:25,server_12,188.58
21:36:25,server_17,211.95
21:36:25,server_18,56.79
21:36:25,server_19,122.46
21:36:25,server_16,9444.58
21:36:25,server_11,53.79
21:36:25,server_20,1580.84
21:36:25,server_9,48.21
21:36:25,server_1,0.0
21:36:25,server_2,979.83
21:36:25,server_3,3.64
21:36:25,server_4,40.06
21:36:25,server_10,61.76
21:36:25,server_6,0.0
21:36:25,server_7,1251.52
21:36:25,server_8,0.0
21:36:25,server_5,1192.88
21:36:30,server_19,910.02
21:36:30,server_18,72.13
21:36:30,server_17,639.64
21:36:30,server_16,84.78
21:36:30,server_15,4511.86
21:36:30,server_14,156.71
21:36:30,server_13,97.21
21:36:30,server_12,0.0
21:36:30,server_11,1118.14
21:36:30,server_20,106.76
21:36:30,server_9,44.2
21:36:30,server_1,2.34
21:36:30,server_2,87.95
21:36:30,server_3,52.32
21:36:30,server_4,179.52
21:36:30,server_10,5.79
21:36:30,server_6,138.69
21:36:30,server_7,1841.25
21:36:30,server_8,0.0
21:36:30,server_5,0.0
21:36:35,server_11,4153.6
21:36:35,server_19,71.21
21:36:35,server_18,36.02
21:36:35,server_17,0.0
21:36:35,server_16,94.85
21:36:35,server_15,0.0
21:36:35,server_14,35.42
21:36:35,server_13,0.0
21:36:35,server_12,47.86
21:36:35,server_20,28.89
21:36:35,server_10,91.08
21:36:35,server_8,63.04
21:36:35,server_9,101.62
21:36:35,server_1,44.66
21:36:35,server_2,81.18
21:36:35,server_3,72.45
21:36:35,server_5,101.61
21:36:35,server_6,50.75
21:36:35,server_7,37.84
21:36:35,server_4,32.06
21:36:40,server_20,98.78
21:36:40,server_11,0.0
21:36:40,server_18,5070.39
21:36:40,server_17,0.0
21:36:40,server_16,8980.5
21:36:40,server_15,0.0
21:36:40,server_14,104.85
21:36:40,server_13,100.38
21:36:40,server_12,26.77
21:36:40,server_19,73.95
21:36:40,server_10,55.38
21:36:40,server_8,1169.9
21:36:40,server_1,100.58
21:36:40,server_2,87.45
21:36:40,server_3,39.66
21:36:40,server_9,45.26
21:36:40,server_5,1927.46
21:36:40,server_6,96.32
21:36:40,server_7,7900.44
21:36:40,server_4,31.92
21:36:45,server_12,156.57
21:36:45,server_19,8743.75
21:36:45,server_18,138.73
21:36:45,server_17,20.48
21:36:45,server_16,54.9
21:36:45,server_15,57.55
21:36:45,server_14,5.74
21:36:45,server_13,843.11
21:36:45,server_11,76.6
21:36:45,server_20,120.6
21:36:45,server_9,98.49
21:36:45,server_1,89.58
21:36:45,server_2,23.28
21:36:45,server_3,143.22
21:36:45,server_4,66.23
21:36:45,server_10,114.48
21:36:45,server_6,93.52
21:36:45,server_7,6280.82
21:36:45,server_8,4622.81
21:36:45,server_5,122.61
21:36:50,server_11,167.53
21:36:50,server_19,982.2
21:36:50,server_18,6296.58
21:36:50,server_17,97.67
21:36:50,server_16,4839.09
21:36:50,server_15,1671.27
21:36:50,server_14,1817.93
21:36:50,server_13,18.53
21:36:50,server_12,0.0
21:36:50,server_20,117.93
21:36:50,server_10,24.26
21:36:50,server_8,74.14
21:36:50,server_7,0.0
21:36:50,server_6,788.09
21:36:50,server_5,0.0
21:36:50,server_4,38.06
21:36:50,server_3,5.95
21:36:50,server_2,99.78
21:36:50,server_1,9.2
21:36:50,server_9,11.06
21:36:55,server_13,38.0
21:36:55,server_14,94.34
21:36:55,server_15,1.8
21:36:55,server_12,0.0
21:36:55,server_20,173.57
21:36:55,server_18,0.0
21:36:55,server_19,93.63
21:36:55,server_16,44.9
21:36:55,server_11,166.17
21:36:55,server_17,133.67
21:36:55,server_9,1691.72
21:36:55,server_1,0.0
21:36:55,server_2,6588.07
21:36:55,server_3,112.05
21:36:55,server_4,99.77
21:36:55,server_10,987.47
21:36:55,server_6,22.78
21:36:55,server_7,22.5
21:36:55,server_8,0.0
21:36:55,server_5,82.84
21:37:00,server_12,0.0
21:37:00,server_19,61.04
21:37:00,server_18,4177.31
21:37:00,server_17,8372.95
21:37:00,server_16,61.76
21:37:00,server_15,9319.5
21:37:00,server_14,68.24
21:37:00,server_13,0.0
21:37:00,server_11,41.59
21:37:00,server_20,78.71
21:37:00,server_9,0.0
21:37:00,server_1,28.9
21:37:00,server_2,51.89
21:37:00,server_3,62.47
21:37:00,server_4,136.98
21:37:00,server_10,78.08
21:37:00,server_6,0.0
21:37:00,server_7,9291.81
21:37:00,server_8,20.86
21:37:00,server_5,83.33
21:37:05,server_11,33.49
21:37:05,server_19,0.0
21:37:05,server_18,34.42
21:37:05,server_17,91.66
21:37:05,server_16,15.26
21:37:05,server_15,23.39
21:37:05,server_14,133.52
21:37:05,server_13,6186.51
21:37:05,server_12,0.0
21:37:05,server_20,100.28
21:37:05,server_10,168.42
21:37:05,server_8,100.52
21:37:05,server_7,145.04
21:37:05,server_6,6059.95
21:37:05,server_5,44.9
21:37:05,server_4,34.57
21:37:05,server_3,76.94
21:37:05,server_2,187.02
21:37:05,server_1,73.25
21:37:05,server_9,89.67
21:37:10,server_13,5775.72
21:37:10,server_14,0.87
21:37:10,server_15,5806.77
21:37:10,server_16,98.47
21:37:10,server_20,634.35
21:37:10,server_18,131.42
21:37:10,server_19,95.97
21:37:10,server_12,96.78
21:37:10,server_17,74.37
21:37:10,server_11,25.98
21:37:10,server_10,76.59
21:37:10,server_9,0.0
21:37:10,server_2,58.36
21:37:10,server_3,0.0
21:37:10,server_4,91.58
21:37:10,server_1,5.76
21:37:10,server_6,44.68
21:37:10,server_7,45.14
21:37:10,server_8,0.0
21:37:10,server_5,1618.13
21:37:15,server_13,0.0
21:37:15,server_20,104.42
21:37:15,server_19,1.56
21:37:15,server_18,1731.64
21:37:15,server_17,84.22
21:37:15,server_16,605.5
21:37:15,server_15,42.96
21:37:15,server_14,114.32
21:37:15,server_12,165.66
21:37:15,server_11,0.0
21:37:15,server_1,30.73
21:37:15,server_9,157.27
21:37:15,server_8,63.16
21:37:15,server_7,0.0
21:37:15,server_6,44.8
21:37:15,server_5,66.24
21:37:15,server_4,64.51
21:37:15,server_3,37.84
21:37:15,server_2,6957.98
21:37:15,server_10,57.64
21:37:20,server_13,109.1
21:37:20,server_14,143.52
21:37:20,server_15,531.21
21:37:20,server_16,88.97
21:37:20,server_12,27.47
21:37:20,server_18,45.95
21:37:20,server_19,0.0
21:37:20,server_20,79.77
21:37:20,server_17,80.14
21:37:20,server_11,1707.35
21:37:20,server_1,0.0
21:37:20,server_9,53.18
21:37:20,server_8,62.73
21:37:20,server_7,12.83
21:37:20,server_6,95.67
21:37:20,server_5,109.25
21:37:20,server_4,5195.07
21:37:20,server_3,154.03
21:37:20,server_2,3926.92
21:37:20,server_10,72.3
21:37:25,server_13,3658.99
21:37:25,server_20,39.14
21:37:25,server_14,0.0
21:37:25,server_15,16.86
21:37:25,server_19,23.37
21:37:25,server_17,22.22
21:37:25,server_18,36.05
21:37:25,server_12,36.4
21:37:25,server_16,71.16
21:37:25,server_11,0.0
21:37:25,server_7,42.19
21:37:25,server_9,111.34
21:37:25,server_1,2.04
21:37:25,server_2,165.45
21:37:25,server_3,124.13
21:37:25,server_10,139.33
21:37:25,server_5,60.5
21:37:25,server_6,147.75
21:37:25,server_8,1108.94
21:37:25,server_4,9.53
21:37:30,server_13,3336.61
21:37:30,server_20,5294.13
21:37:30,server_19,68.34
21:37:30,server_18,8595.36
21:37:30,server_17,0.0
21:37:30,server_16,1557.96
21:37:30,server_15,123.83
21:37:30,server_14,0.0
21:37:30,server_12,1970.4
21:37:30,server_11,0.0
21:37:30,server_1,61.19
21:37:30,server_9,14.26
21:37:30,server_8,39.61
21:37:30,server_7,71.86
21:37:30,server_6,146.77
21:37:30,server_5,107.47
21:37:30,server_4,58.28
21:37:30,server_3,1788.24
21:37:30,server_2,3319.6
21:37:30,server_10,145.48
21:37:35,server_13,112.83
21:37:35,server_14,3215.78
21:37:35,server_15,13.77
21:37:35,server_16,8242.54
21:37:35,server_12,22.46
21:37:35,server_18,36.85
21:37:35,server_19,1812.37
21:37:35,server_20,125.98
21:37:35,server_17,36.06
21:37:35,server_11,112.3
21:37:35,server_1,0.0
21:37:35,server_9,98.31
21:37:35,server_8,1070.58
21:37:35,server_7,0.0
21:37:35,server_6,111.1
21:37:35,server_5,26.41
21:37:35,server_4,31.34
21:37:35,server_3,15.97
21:37:35,server_2,806.44
21:37:35,server_10,109.57
21:37:40,server_20,77.69
21:37:40,server_13,1927.7
21:37:40,server_14,49.75
21:37:40,server_15,0.0
21:37:40,server_19,116.33
21:37:40,server_17,135.09
21:37:40,server_18,153.46
21:37:40,server_12,6188.63
21:37:40,server_16,1546.81
21:37:40,server_11,60.11
21:37:40,server_8,1058.11
21:37:40,server_9,38.16
21:37:40,server_7,189.07
21:37:40,server_6,45.92
21:37:40,server_5,75.06
21:37:40,server_4,198.89
21:37:40,server_3,111.94
21:37:40,server_2,121.86
21:37:40,server_1,86.81
21:37:40,server_10,0.0
21:37:45,server_13,97.65
21:37:45,server_14,32.96
21:37:45,server_15,0.0
21:37:45,server_20,5.92
21:37:45,server_17,29.58
21:37:45,server_19,114.03
21:37:45,server_12,8890.94
21:37:45,server_16,44.2
21:37:45,server_11,4437.71
21:37:45,server_18,101.5
21:37:45,server_9,81.65
21:37:45,server_8,0.0
21:37:45,server_7,7.73
21:37:45,server_6,1554.86
21:37:45,server_5,43.98
21:37:45,server_4,66.86
21:37:45,server_3,47.3
21:37:45,server_2,61.3
21:37:45,server_1,0.0
21:37:45,server_10,30.94
21:37:50,server_13,26.34
21:37:50,server_14,150.7
21:37:50,server_15,7911.59
21:37:50,server_20,41.08
21:37:50,server_17,4.92
21:37:50,server_18,82.45
21:37:50,server_19,0.32
21:37:50,server_12,25.13
21:37:50,server_16,90.05
21:37:50,server_11,0.0
21:37:50,server_7,117.31
21:37:50,server_9,1104.99
21:37:50,server_8,32.68
21:37:50,server_6,112.03
21:37:50,server_5,60.36
21:37:50,server_4,89.76
21:37:50,server_3,1632.32
21:37:50,server_2,1527.55
21:37:50,server_1,25.55
21:37:50,server_10,53.19
21:37:55,server_14,1910.82
21:37:55,server_12,70.47
21:37:55,server_13,72.62
21:37:55,server_15,0.0
21:37:55,server_11,156.99
21:37:55,server_17,5243.8
21:37:55,server_18,37.43
21:37:55,server_19,530.2
21:37:55,server_16,41.23
21:37:55,server_20,112.74
21:37:55,server_10,66.63
21:37:55,server_8,0.0
21:37:55,server_1,14.76
21:37:55,server_2,40.33
21:37:55,server_3,58.97
21:37:55,server_9,0.0
21:37:55,server_5,0.0
21:37:55,server_6,97.06
21:37:55,server_7,25.67
21:37:55,server_4,0.0
21:38:00,server_20,61.94
21:38:00,server_19,93.89
21:38:00,server_18,3926.88
21:38:00,server_17,48.89
21:38:00,server_16,7673.22
21:38:00,server_15,8.81
21:38:00,server_14,0.0
21:38:00,server_12,0.0
21:38:00,server_11,64.18
21:38:00,server_13,162.64
21:38:00,server_9,25.58
21:38:00,server_10,106.15
21:38:00,server_2,159.05
21:38:00,server_3,0.0
21:38:00,server_4,17.45
21:38:00,server_1,991.91
21:38:00,server_6,91.42
21:38:00,server_7,58.47
21:38:00,server_8,1.78
21:38:00,server_5,0.0
21:38:05,server_12,114.12
21:38:05,server_20,115.08
21:38:05,server_19,76.28
21:38:05,server_18,959.52
21:38:05,server_17,1989.45
21:38:05,server_16,114.14
21:38:05,server_15,0.0
21:38:05,server_14,49.13
21:38:05,server_13,42.28
21:38:05,server_11,1023.48
21:38:05,server_3,22.66
21:38:05,server_9,9.42
21:38:05,server_10,1485.95
21:38:05,server_2,15.12
21:38:05,server_4,82.85
21:38:05,server_1,0.0
21:38:05,server_6,9954.27
21:38:05,server_7,7673.49
21:38:05,server_8,3821.16
21:38:05,server_5,0.0
21:38:10,server_12,76.91
21:38:10,server_20,8.13
21:38:10,server_19,95.43
21:38:10,server_18,167.3
21:38:10,server_17,127.54
21:38:10,server_16,1547.99
21:38:10,server_15,0.0
21:38:10,server_14,66.21
21:38:10,server_11,159.32
21:38:10,server_13,134.9
21:38:10,server_9,11.05
21:38:10,server_2,120.85
21:38:10,server_3,124.32
21:38:10,server_4,0.0
21:38:10,server_5,7249.83
21:38:10,server_1,24.08
21:38:10,server_7,152.11
21:38:10,server_10,90.76
21:38:10,server_8,0.0
21:38:10,server_6,198.4
21:38:15,server_12,746.78
21:38:15,server_19,71.57
21:38:15,server_18,43.44
21:38:15,server_17,29.88
21:38:15,server_16,18.23
21:38:15,server_15,73.86
21:38:15,server_14,33.94
21:38:15,server_13,100.84
21:38:15,server_11,4064.76
21:38:15,server_20,9711.44
21:38:15,server_9,0.0
21:38:15,server_1,1830.27
21:38:15,server_2,34.58
21:38:15,server_3,38.67
21:38:15,server_4,19.04
21:38:15,server_10,6.49
21:38:15,server_6,83.47
21:38:15,server_7,57.57
21:38:15,server_8,0.0
21:38:15,server_5,107.11
21:38:20,server_11,0.0
21:38:20,server_19,96.38
21:38:20,server_18,23.06
21:38:20,server_17,0.0
21:38:20,server_16,865.34
21:38:20,server_15,81.59
21:38:20,server_14,64.56
21:38:20,server_13,0.0
21:38:20,server_12,42.69
21:38:20,server_20,92.97
21:38:20,server_10,690.23
21:38:20,server_8,123.57
21:38:20,server_7,32.16
21:38:20,server_6,0.0
21:38:20,server_5,96.9
21:38:20,server_4,117.23
21:38:20,server_3,89.01
21:38:20,server_2,42.45
21:38:20,server_1,7.53
21:38:20,server_9,82.61
21:38:25,server_14,608.5
21:38:25,server_15,117.65
21:38:25,server_16,0.0
21:38:25,server_12,40.28
21:38:25,server_18,1260.16
21:38:25,server_19,1564.36
21:38:25,server_20,73.76
21:38:25,server_17,106.41
21:38:25,server_11,38.97
21:38:25,server_13,84.15
21:38:25,server_9,49.37
21:38:25,server_1,66.93
21:38:25,server_2,112.87
21:38:25,server_3,198.18
21:38:25,server_4,71.52
21:38:25,server_10,38.93
21:38:25,server_6,72.74
21:38:25,server_7,155.76
21:38:25,server_5,138.51
21:38:25,server_8,0.0
21:38:30,server_19,18.65
21:38:30,server_18,22.51
21:38:30,server_17,143.15
21:38:30,server_16,686.58
21:38:30,server_15,0.0
21:38:30,server_14,0.0
21:38:30,server_13,29.5
21:38:30,server_12,96.02
21:38:30,server_11,1556.99
21:38:30,server_20,124.75
21:38:30,server_9,9.98
21:38:30,server_1,33.34
21:38:30,server_2,137.98
21:38:30,server_3,0.0
21:38:30,server_4,90.46
21:38:30,server_10,89.91
21:38:30,server_6,1141.7
21:38:30,server_7,101.32
21:38:30,server_8,31.84
21:38:30,server_5,88.83
21:38:35,server_11,91.29
21:38:35,server_19,5361.03
21:38:35,server_18,9655.08
21:38:35,server_17,109.02
21:38:35,server_16,622.98
21:38:35,server_15,28.11
21:38:35,server_14,116.71
21:38:35,server_13,101.96
21:38:35,server_12,74.03
21:38:35,server_20,59.28
21:38:35,server_10,41.27
21:38:35,server_8,133.58
21:38:35,server_9,29.29
21:38:35,server_1,1133.37
21:38:35,server_2,70.24
21:38:35,server_3,0.0
21:38:35,server_5,17.11
21:38:35,server_6,30.43
21:38:35,server_7,61.19
21:38:35,server_4,146.18
21:38:40,server_20,9555.27
21:38:40,server_11,6981.63
21:38:40,server_18,81.48
21:38:40,server_17,1301.05
21:38:40,server_16,99.88
21:38:40,server_15,5.94
21:38:40,server_14,511.98
21:38:40,server_13,8.12
21:38:40,server_12,0.0
21:38:40,server_19,73.65
21:38:40,server_10,102.41
21:38:40,server_8,29.48
21:38:40,server_1,66.59
21:38:40,server_2,59.69
21:38:40,server_3,91.12
21:38:40,server_9,0.0
21:38:40,server_5,0.0
21:38:40,server_6,42.04
21:38:40,server_7,112.15
21:38:40,server_4,33.94
21:38:45,server_13,125.65
21:38:45,server_20,53.06
21:38:45,server_19,131.28
21:38:45,server_18,1911.78
21:38:45,server_17,7453.5
21:38:45,server_16,23.37
21:38:45,server_15,84.05
21:38:45,server_14,93.92
21:38:45,server_12,28.89
21:38:45,server_11,66.92
21:38:45,server_1,107.27
21:38:45,server_9,53.83
21:38:45,server_8,72.16
21:38:45,server_7,83.58
21:38:45,server_6,531.76
21:38:45,server_5,46.64
21:38:45,server_4,7155.93
21:38:45,server_3,6334.55
21:38:45,server_2,7891.84
21:38:45,server_10,7995.13
21:38:50,server_13,24.98
21:38:50,server_14,104.37
21:38:50,server_15,55.74
21:38:50,server_16,96.73
21:38:50,server_12,16.29
21:38:50,server_18,53.6
21:38:50,server_19,56.01
21:38:50,server_20,0.0
21:38:50,server_17,102.22
21:38:50,server_11,0.0
21:38:50,server_1,0.0
21:38:50,server_9,31.32
21:38:50,server_8,0.0
21:38:50,server_7,57.8
21:38:50,server_6,32.26
21:38:50,server_5,65.75
21:38:50,server_4,105.86
21:38:50,server_3,85.46
21:38:50,server_2,0.0
21:38:50,server_10,166.04
21:38:55,server_13,104.28
21:38:55,server_14,87.69
21:38:55,server_15,165.06
21:38:55,server_16,0.0
21:38:55,server_20,83.71
21:38:55,server_18,148.76
21:38:55,server_19,110.1
21:38:55,server_12,0.0
21:38:55,server_17,17.3
21:38:55,server_11,17.44
21:38:55,server_3,595.19
21:38:55,server_9,42.64
21:38:55,server_2,40.95
21:38:55,server_10,5.96
21:38:55,server_4,16.53
21:38:55,server_1,83.33
21:38:55,server_6,96.77
21:38:55,server_7,9727.57
21:38:55,server_8,149.89
21:38:55,server_5,11.83
21:39:00,server_12,96.28
21:39:00,server_19,1128.92
21:39:00,server_18,6653.52
21:39:00,server_17,779.43
21:39:00,server_16,67.35
21:39:00,server_15,48.58
21:39:00,server_14,11.06
21:39:00,server_13,170.31
21:39:00,server_11,51.96
21:39:00,server_20,7406.56
21:39:00,server_9,10.64
21:39:00,server_1,0.0
21:39:00,server_2,34.64
21:39:00,server_3,5483.69
21:39:00,server_4,52.98
21:39:00,server_10,139.4
21:39:00,server_6,1436.89
21:39:00,server_7,94.68
21:39:00,server_8,90.66
21:39:00,server_5,120.77
21:39:05,server_11,98.03
21:39:05,server_19,67.14
21:39:05,server_18,4.84
21:39:05,server_17,0.0
21:39:05,server_16,84.15
21:39:05,server_15,1157.68
21:39:05,server_14,2.04
21:39:05,server_13,59.03
21:39:05,server_12,36.74
21:39:05,server_20,131.79
21:39:05,server_10,59.19
21:39:05,server_8,12.11
21:39:05,server_7,10.21
21:39:05,server_6,120.52
21:39:05,server_5,125.52
21:39:05,server_4,3.38
21:39:05,server_3,30.05
21:39:05,server_2,111.16
21:39:05,server_1,95.92
21:39:05,server_9,79.96
21:39:10,server_14,34.06
21:39:10,server_15,4617.42
21:39:10,server_16,103.31
21:39:10,server_13,50.52
21:39:10,server_18,4492.43
21:39:10,server_19,93.88
21:39:10,server_20,0.0
21:39:10,server_17,64.46
21:39:10,server_12,92.51
21:39:10,server_11,77.14
21:39:10,server_1,0.0
21:39:10,server_9,131.8
21:39:10,server_8,120.19
21:39:10,server_7,54.99
21:39:10,server_6,20.89
21:39:10,server_5,94.47
21:39:10,server_4,21.29
21:39:10,server_3,125.45
21:39:10,server_2,0.0
21:39:10,server_10,169.58
21:39:15,server_13,50.72
21:39:15,server_14,68.56
21:39:15,server_15,142.86
21:39:15,server_20,4.53
21:39:15,server_18,29.01
21:39:15,server_19,187.5
21:39:15,server_12,9949.77
21:39:15,server_16,13.03
21:39:15,server_11,12.9
21:39:15,server_17,5.21
21:39:15,server_9,100.9
21:39:15,server_10,0.0
21:39:15,server_2,32.89
21:39:15,server_3,50.65
21:39:15,server_4,18.91
21:39:15,server_1,128.11
21:39:15,server_6,132.74
21:39:15,server_7,0.0
21:39:15,server_8,152.44
21:39:15,server_5,68.85
21:39:20,server_20,1755.41
21:39:20,server_12,54.3
21:39:20,server_19,87.07
21:39:20,server_18,34.04
21:39:20,server_17,67.5
21:39:20,server_16,37.25
21:39:20,server_15,0.0
21:39:20,server_14,67.94
21:39:20,server_13,5821.57
21:39:20,server_11,12.03
21:39:20,server_7,92.49
21:39:20,server_9,86.09
21:39:20,server_8,37.22
21:39:20,server_6,7551.21
21:39:20,server_5,7772.71
21:39:20,server_4,63.98
21:39:20,server_3,137.94
21:39:20,server_2,195.92
21:39:20,server_1,1740.87
21:39:20,server_10,9173.22
21:39:25,server_15,15.57
21:39:25,server_13,4401.53
21:39:25,server_14,121.11
21:39:25,server_16,3309.32
21:39:25,server_12,0.0
21:39:25,server_18,0.0
21:39:25,server_19,2.89
21:39:25,server_20,64.82
21:39:25,server_17,38.72
21:39:25,server_11,91.47
21:39:25,server_1,7914.09
21:39:25,server_9,0.0
21:39:25,server_2,141.64
21:39:25,server_3,88.69
21:39:25,server_4,7959.48
21:39:25,server_10,75.18
21:39:25,server_6,0.0
21:39:25,server_7,102.1
21:39:25,server_8,79.69
21:39:25,server_5,120.63
21:39:30,server_13,27.65
21:39:30,server_20,65.68
21:39:30,server_19,36.29
21:39:30,server_18,61.42
21:39:30,server_17,57.63
21:39:30,server_16,66.29
21:39:30,server_15,9937.61
21:39:30,server_14,55.67
21:39:30,server_12,93.52
21:39:30,server_11,34.38
21:39:30,server_1,55.65
21:39:30,server_9,3422.08
21:39:30,server_8,99.79
21:39:30,server_7,92.75
21:39:30,server_6,0.0
21:39:30,server_5,92.18
21:39:30,server_4,566.57
21:39:30,server_3,1188.88
21:39:30,server_2,74.0
21:39:30,server_10,3.53
21:39:35,server_13,28.34
21:39:35,server_14,59.9
21:39:35,server_15,118.52
21:39:35,server_16,142.72
21:39:35,server_12,0.0
21:39:35,server_18,80.82
21:39:35,server_19,0.0
21:39:35,server_20,14.09
21:39:35,server_17,93.64
21:39:35,server_11,28.16
21:39:35,server_1,112.13
21:39:35,server_9,0.0
21:39:35,server_8,0.0
21:39:35,server_7,85.21
21:39:35,server_6,1179.27
21:39:35,server_5,48.16
21:39:35,server_4,111.4
21:39:35,server_3,45.3
21:39:35,server_2,101.57
21:39:35,server_10,57.59
21:39:40,server_13,145.86
21:39:40,server_14,56.97
21:39:40,server_15,53.29
21:39:40,server_16,84.4
21:39:40,server_20,26.88
21:39:40,server_18,93.73
21:39:40,server_19,42.5
21:39:40,server_12,1213.53
21:39:40,server_17,80.37
21:39:40,server_11,59.73
21:39:40,server_1,64.91
21:39:40,server_9,0.0
21:39:40,server_2,172.97
21:39:40,server_3,83.08
21:39:40,server_4,19.12
21:39:40,server_10,8.91
21:39:40,server_6,7051.27
21:39:40,server_7,0.0
21:39:40,server_8,66.02
21:39:40,server_5,59.24
21:39:45,server_12,88.11
21:39:45,server_19,231.39
21:39:45,server_18,9599.28
21:39:45,server_17,58.97
21:39:45,server_16,68.01
21:39:45,server_15,13.69
21:39:45,server_14,120.35
21:39:45,server_13,50.93
21:39:45,server_20,1610.53
21:39:45,server_11,0.0
21:39:45,server_9,0.0
21:39:45,server_8,82.73
21:39:45,server_7,5451.01
21:39:45,server_6,78.8
21:39:45,server_5,737.79
21:39:45,server_4,190.91
21:39:45,server_3,53.68
21:39:45,server_2,0.0
21:39:45,server_1,526.26
21:39:45,server_10,101.13
21:39:50,server_13,149.69
21:39:50,server_14,107.38
21:39:50,server_15,0.0
21:39:50,server_16,0.0
21:39:50,server_12,32.44
21:39:50,server_18,31.23
21:39:50,server_19,80.56
21:39:50,server_20,17.68
21:39:50,server_17,52.46
21:39:50,server_11,0.0
21:39:50,server_3,81.25
21:39:50,server_9,37.17
21:39:50,server_1,780.82
21:39:50,server_2,43.76
21:39:50,server_4,180.8
21:39:50,server_10,91.52
21:39:50,server_6,26.87
21:39:50,server_5,78.47
21:39:50,server_7,71.12
21:39:50,server_8,173.9
21:39:55,server_20,41.01
21:39:55,server_19,7935.29
21:39:55,server_18,110.91
21:39:55,server_17,113.26
21:39:55,server_16,40.46
21:39:55,server_15,1862.6
21:39:55,server_14,0.0
21:39:55,server_12,0.0
21:39:55,server_11,2.86
21:39:55,server_13,77.22
21:39:55,server_9,55.66
21:39:55,server_10,140.81
21:39:55,server_2,6826.22
21:39:55,server_3,4479.28
21:39:55,server_4,4216.37
21:39:55,server_1,111.74
21:39:55,server_6,113.14
21:39:55,server_7,7.19
21:39:55,server_8,94.33
21:39:55,server_5,89.32
21:40:00,server_12,0.0
21:40:00,server_20,130.06
21:40:00,server_19,4881.7
21:40:00,server_18,151.04
21:40:00,server_17,0.0
21:40:00,server_16,9529.21
21:40:00,server_15,26.68
21:40:00,server_14,1664.41
21:40:00,server_13,79.25
21:40:00,server_11,34.75
21:40:00,server_3,9.02
21:40:00,server_9,59.52
21:40:00,server_10,3355.3
21:40:00,server_2,1030.7
21:40:00,server_4,110.79
21:40:00,server_1,136.67
21:40:00,server_6,66.61
21:40:00,server_7,123.61
21:40:00,server_8,117.58
21:40:00,server_5,69.17
21:40:05,server_12,113.52
21:40:05,server_20,6685.52
21:40:05,server_19,143.23
21:40:05,server_18,97.74
21:40:05,server_17,8314.56
21:40:05,server_16,8581.39
21:40:05,server_15,62.16
21:40:05,server_14,670.14
21:40:05,server_11,5830.89
21:40:05,server_13,4759.86
21:40:05,server_9,29.7
21:40:05,server_2,112.18
21:40:05,server_3,34.64
21:40:05,server_4,63.02
21:40:05,server_5,9.06
21:40:05,server_1,100.71
21:40:05,server_7,755.62
21:40:05,server_10,84.42
21:40:05,server_8,68.31
21:40:05,server_6,90.0
21:40:10,server_12,50.97
21:40:10,server_19,187.4
21:40:10,server_18,9.24
21:40:10,server_17,63.07
21:40:10,server_16,0.0
21:40:10,server_15,53.34
21:40:10,server_14,6.18
21:40:10,server_13,193.89
21:40:10,server_11,74.78
21:40:10,server_20,1146.17
21:40:10,server_9,7130.22
21:40:10,server_1,4596.26
21:40:10,server_2,87.74
21:40:10,server_3,28.51
21:40:10,server_4,31.63
21:40:10,server_10,35.22
21:40:10,server_6,87.42
21:40:10,server_7,83.75
21:40:10,server_8,1676.99
21:40:10,server_5,71.16
21:40:15,server_11,0.0
21:40:15,server_19,105.57
21:40:15,server_18,773.03
21:40:15,server_17,141.28
21:40:15,server_16,85.95
21:40:15,server_15,3.78
21:40:15,server_14,65.57
21:40:15,server_13,176.84
21:40:15,server_12,57.03
21:40:15,server_20,9279.31
21:40:15,server_10,5719.33
21:40:15,server_8,91.69
21:40:15,server_7,12.62
21:40:15,server_6,0.0
21:40:15,server_5,0.0
21:40:15,server_4,0.0
21:40:15,server_3,113.66
21:40:15,server_2,73.74
21:40:15,server_1,74.96
21:40:15,server_9,525.42
21:40:20,server_13,136.64
21:40:20,server_14,0.0
21:40:20,server_15,7.25
21:40:20,server_16,0.0
21:40:20,server_19,132.52
21:40:20,server_20,136.79
21:40:20,server_18,32.97
21:40:20,server_12,103.03
21:40:20,server_17,65.27
21:40:20,server_11,89.77
21:40:20,server_3,0.0
21:40:20,server_9,111.5
21:40:20,server_10,172.67
21:40:20,server_2,66.04
21:40:20,server_4,539.46
21:40:20,server_1,39.73
21:40:20,server_6,125.14
21:40:20,server_7,167.66
21:40:20,server_5,44.27
21:40:20,server_8,11.84
21:40:25,server_20,27.24
21:40:25,server_19,72.01
21:40:25,server_18,0.0
21:40:25,server_17,1310.39
21:40:25,server_16,157.23
21:40:25,server_15,1925.28
21:40:25,server_14,7313.52
21:40:25,server_12,108.42
21:40:25,server_11,0.0
21:40:25,server_13,638.78
21:40:25,server_9,167.81
21:40:25,server_10,16.47
21:40:25,server_2,60.68
21:40:25,server_3,123.37
21:40:25,server_4,103.71
21:40:25,server_1,148.65
21:40:25,server_6,5847.36
21:40:25,server_7,0.0
21:40:25,server_8,76.29
21:40:25,server_5,35.66
21:40:30,server_12,192.1
21:40:30,server_20,144.39
21:40:30,server_19,82.76
21:40:30,server_18,197.4
21:40:30,server_17,45.3
21:40:30,server_16,41.12
21:40:30,server_15,1055.8
21:40:30,server_14,6985.49
21:40:30,server_13,61.11
21:40:30,server_11,37.71
21:40:30,server_3,13.48
21:40:30,server_9,50.27
21:40:30,server_8,6433.92
21:40:30,server_7,99.04
21:40:30,server_6,104.94
21:40:30,server_5,100.38
21:40:30,server_4,146.84
21:40:30,server_2,87.81
21:40:30,server_1,3964.0
21:40:30,server_10,1253.84
21:40:35,server_13,114.51
21:40:35,server_14,1377.41
21:40:35,server_15,16.58
21:40:35,server_16,9336.95
21:40:35,server_19,9.83
21:40:35,server_20,4230.22
21:40:35,server_18,1235.29
21:40:35,server_12,23.18
21:40:35,server_17,0.0
21:40:35,server_11,101.76
21:40:35,server_3,40.19
21:40:35,server_9,124.61
21:40:35,server_10,48.38
21:40:35,server_2,65.92
21:40:35,server_4,1668.59
21:40:35,server_1,130.67
21:40:35,server_6,50.37
21:40:35,server_7,90.92
21:40:35,server_5,34.87
21:40:35,server_8,59.92
21:40:40,server_20,50.07
21:40:40,server_19,186.06
21:40:40,server_18,52.35
21:40:40,server_17,40.33
21:40:40,server_16,9481.39
21:40:40,server_15,3353.64
21:40:40,server_14,688.37
21:40:40,server_12,160.91
21:40:40,server_10,122.3
21:40:40,server_13,109.53
21:40:40,server_8,46.07
21:40:40,server_9,5589.13
21:40:40,server_1,0.0
21:40:40,server_2,31.17
21:40:40,server_3,151.28
21:40:40,server_11,120.01
21:40:40,server_5,6832.03
21:40:40,server_6,91.98
21:40:40,server_7,9871.07
21:40:40,server_4,1615.57
21:40:45,server_11,9779.86
21:40:45,server_19,3023.4
21:40:45,server_18,1277.27
21:40:45,server_17,1383.02
21:40:45,server_16,107.45
21:40:45,server_15,110.21
21:40:45,server_14,5385.74
21:40:45,server_13,84.64
21:40:45,server_12,34.69
21:40:45,server_20,132.98
21:40:45,server_10,111.37
21:40:45,server_8,58.67
21:40:45,server_7,24.44
21:40:45,server_6,36.31
21:40:45,server_5,107.26
21:40:45,server_4,148.18
21:40:45,server_3,46.13
21:40:45,server_2,979.49
21:40:45,server_1,0.0
21:40:45,server_9,77.34
21:40:50,server_13,0.0
21:40:50,server_14,0.0
21:40:50,server_15,4967.95
21:40:50,server_16,91.01
21:40:50,server_20,94.82
21:40:50,server_18,33.75
21:40:50,server_19,39.62
21:40:50,server_12,67.01
21:40:50,server_17,174.91
21:40:50,server_11,8024.73
21:40:50,server_10,8482.05
21:40:50,server_9,171.92
21:40:50,server_2,56.95
21:40:50,server_3,128.29
21:40:50,server_4,1311.9
21:40:50,server_1,5.78
21:40:50,server_6,60.2
21:40:50,server_7,813.85
21:40:50,server_8,119.5
21:40:50,server_5,83.05
21:40:55,server_12,57.25
21:40:55,server_19,1106.2
21:40:55,server_18,52.96
21:40:55,server_17,13.68
21:40:55,server_16,9816.36
21:40:55,server_15,81.83
21:40:55,server_14,48.87
21:40:55,server_13,116.01
21:40:55,server_11,56.08
21:40:55,server_20,101.19
21:40:55,server_9,68.91
21:40:55,server_1,92.14
21:40:55,server_2,3313.48
21:40:55,server_3,7142.53
21:40:55,server_4,623.91
21:40:55,server_10,10.56
21:40:55,server_6,4.65
21:40:55,server_7,29.55
21:40:55,server_8,24.71
21:40:55,server_5,49.96
21:41:00,server_12,67.68
21:41:00,server_19,0.0
21:41:00,server_18,797.34
21:41:00,server_17,63.83
21:41:00,server_16,178.24
21:41:00,server_15,33.94
21:41:00,server_14,58.22
21:41:00,server_13,0.0
21:41:00,server_11,156.58
21:41:00,server_20,145.26
21:41:00,server_9,24.99
21:41:00,server_1,57.41
21:41:00,server_2,92.43
21:41:00,server_3,80.23
21:41:00,server_4,3015.29
21:41:00,server_10,6448.19
21:41:00,server_6,42.77
21:41:00,server_7,1670.92
21:41:00,server_8,32.43
21:41:00,server_5,54.39
21:41:05,server_11,149.99
21:41:05,server_19,118.97
21:41:05,server_18,9246.74
21:41:05,server_17,85.9
21:41:05,server_16,84.62
21:41:05,server_15,1523.93
21:41:05,server_14,104.9
21:41:05,server_13,91.38
21:41:05,server_12,532.47
21:41:05,server_20,1918.25
21:41:05,server_10,59.64
21:41:05,server_8,24.58
21:41:05,server_7,0.0
21:41:05,server_6,5966.4
21:41:05,server_5,0.0
21:41:05,server_4,60.43
21:41:05,server_3,517.83
21:41:05,server_2,111.63
21:41:05,server_1,3.41
21:41:05,server_9,12.8
21:41:10,server_13,7259.63
21:41:10,server_14,0.0
21:41:10,server_15,85.99
21:41:10,server_12,79.01
21:41:10,server_17,92.61
21:41:10,server_18,0.0
21:41:10,server_19,0.0
21:41:10,server_16,7166.17
21:41:10,server_11,48.62
21:41:10,server_20,0.0
21:41:10,server_9,0.0
21:41:10,server_1,27.24
21:41:10,server_2,5405.74
21:41:10,server_3,67.77
21:41:10,server_4,49.5
21:41:10,server_10,26.59
21:41:10,server_6,0.0
21:41:10,server_7,4158.64
21:41:10,server_8,0.0
21:41:10,server_5,17.58
21:41:15,server_19,45.09
21:41:15,server_18,115.15
21:41:15,server_17,130.55
21:41:15,server_16,153.67
21:41:15,server_15,1077.32
21:41:15,server_14,65.48
21:41:15,server_13,37.8
21:41:15,server_12,73.36
21:41:15,server_11,0.0
21:41:15,server_20,38.96
21:41:15,server_9,7497.98
21:41:15,server_1,21.23
21:41:15,server_2,70.99
21:41:15,server_3,94.36
21:41:15,server_4,104.58
21:41:15,server_10,100.3
21:41:15,server_6,127.84
21:41:15,server_7,2.04
21:41:15,server_8,0.0
21:41:15,server_5,720.99
21:41:20,server_11,123.83
21:41:20,server_19,8.28
21:41:20,server_18,106.41
21:41:20,server_17,21.24
21:41:20,server_16,103.31
21:41:20,server_15,706.37
21:41:20,server_14,137.28
21:41:20,server_13,121.33
21:41:20,server_12,91.43
21:41:20,server_20,3960.12
21:41:20,server_10,141.07
21:41:20,server_8,92.82
21:41:20,server_9,79.95
21:41:20,server_1,22.51
21:41:20,server_2,36.86
21:41:20,server_3,51.75
21:41:20,server_5,4487.57
21:41:20,server_6,702.75
21:41:20,server_7,10.33
21:41:20,server_4,109.13
21:41:25,server_20,33.0
21:41:25,server_11,28.96
21:41:25,server_18,0.0
21:41:25,server_17,3367.87
21:41:25,server_16,167.97
21:41:25,server_15,31.69
21:41:25,server_14,51.7
21:41:25,server_13,5992.79
21:41:25,server_12,105.42
21:41:25,server_19,84.29
21:41:25,server_10,5710.39
21:41:25,server_8,123.56
21:41:25,server_1,154.79
21:41:25,server_2,79.75
21:41:25,server_3,149.19
21:41:25,server_9,29.53
21:41:25,server_5,119.63
21:41:25,server_6,91.31
21:41:25,server_7,62.14
21:41:25,server_4,98.1
21:41:30,server_12,153.21
21:41:30,server_19,78.43
21:41:30,server_18,7246.85
21:41:30,server_17,571.07
21:41:30,server_16,134.39
21:41:30,server_15,79.57
21:41:30,server_14,0.0
21:41:30,server_13,18.92
21:41:30,server_11,4415.16
21:41:30,server_20,58.89
21:41:30,server_9,49.71
21:41:30,server_1,6158.59
21:41:30,server_2,1.62
21:41:30,server_3,43.07
21:41:30,server_4,63.8
21:41:30,server_10,24.49
21:41:30,server_6,30.79
21:41:30,server_7,30.13
21:41:30,server_8,127.02
21:41:30,server_5,120.02
21:41:35,server_11,708.75
21:41:35,server_19,94.09
21:41:35,server_18,1077.34
21:41:35,server_17,166.38
21:41:35,server_16,4605.81
21:41:35,server_15,60.12
21:41:35,server_14,1468.06
21:41:35,server_13,165.25
21:41:35,server_12,63.7
21:41:35,server_20,9902.85
21:41:35,server_10,199.37
21:41:35,server_8,62.3
21:41:35,server_7,9440.35
21:41:35,server_6,142.14
21:41:35,server_5,111.71
21:41:35,server_4,3411.85
21:41:35,server_3,10.01
21:41:35,server_2,70.19
21:41:35,server_1,7046.31
21:41:35,server_9,4570.51
21:41:40,server_20,62.33
21:41:40,server_14,84.58
21:41:40,server_15,0.0
21:41:40,server_12,16.69
21:41:40,server_17,161.45
21:41:40,server_18,72.17
21:41:40,server_19,60.07
21:41:40,server_16,188.9
21:41:40,server_10,33.29
21:41:40,server_13,9.22
21:41:40,server_11,175.42
21:41:40,server_1,57.18
21:41:40,server_2,182.44
21:41:40,server_3,58.5
21:41:40,server_4,61.4
21:41:40,server_9,56.88
21:41:40,server_6,9254.4
21:41:40,server_7,94.14
21:41:40,server_8,94.34
21:41:40,server_5,96.85
21:41:45,server_12,53.78
21:41:45,server_20,20.71
21:41:45,server_19,28.36
21:41:45,server_18,9644.66
21:41:45,server_17,958.06
21:41:45,server_16,7585.94
21:41:45,server_15,83.72
21:41:45,server_14,9.53
21:41:45,server_13,0.0
21:41:45,server_11,109.99
21:41:45,server_10,42.84
21:41:45,server_9,30.16
21:41:45,server_2,72.48
21:41:45,server_3,7810.75
21:41:45,server_4,1626.32
21:41:45,server_1,0.0
21:41:45,server_6,0.0
21:41:45,server_7,130.07
21:41:45,server_8,107.06
21:41:45,server_5,20.94
21:41:50,server_12,42.99
21:41:50,server_19,114.08
21:41:50,server_18,32.52
21:41:50,server_17,0.0
21:41:50,server_16,53.34
21:41:50,server_15,93.62
21:41:50,server_14,658.14
21:41:50,server_13,1751.71
21:41:50,server_11,851.96
21:41:50,server_20,0.0
21:41:50,server_9,0.0
21:41:50,server_1,46.79
21:41:50,server_2,56.84
21:41:50,server_3,9789.49
21:41:50,server_4,4620.71
21:41:50,server_10,35.86
21:41:50,server_6,3.35
21:41:50,server_7,71.26
21:41:50,server_8,0.0
21:41:50,server_5,57.15
21:41:55,server_12,13.94
21:41:55,server_19,0.0
21:41:55,server_18,80.28
21:41:55,server_17,9.87
21:41:55,server_16,1134.99
21:41:55,server_15,0.0
21:41:55,server_14,107.74
21:41:55,server_13,85.63
21:41:55,server_11,41.28
21:41:55,server_20,67.35
21:41:55,server_9,0.0
21:41:55,server_1,526.29
21:41:55,server_2,52.76
21:41:55,server_3,7784.6
21:41:55,server_4,53.48
21:41:55,server_10,43.59
21:41:55,server_6,1868.07
21:41:55,server_7,61.08
21:41:55,server_8,138.51
21:41:55,server_5,1833.9
21:42:00,server_11,34.06
21:42:00,server_19,103.15
21:42:00,server_18,30.2
21:42:00,server_17,8278.79
21:42:00,server_16,103.73
21:42:00,server_15,1356.71
21:42:00,server_14,99.23
21:42:00,server_13,66.17
21:42:00,server_12,15.95
21:42:00,server_20,981.94
21:42:00,server_10,62.23
21:42:00,server_8,1656.6
21:42:00,server_7,110.94
21:42:00,server_6,1660.57
21:42:00,server_5,44.09
21:42:00,server_4,108.16
21:42:00,server_3,121.0
21:42:00,server_2,56.27
21:42:00,server_1,83.01
21:42:00,server_9,28.33
21:42:05,server_13,49.12
21:42:05,server_14,7864.99
21:42:05,server_15,0.0
21:42:05,server_12,48.22
21:42:05,server_17,24.9
21:42:05,server_18,79.82
21:42:05,server_19,840.28
21:42:05,server_16,1162.48
21:42:05,server_11,61.33
21:42:05,server_20,145.26
21:42:05,server_9,45.45
21:42:05,server_1,1880.27
21:42:05,server_2,49.13
21:42:05,server_3,13.94
21:42:05,server_4,77.46
21:42:05,server_10,99.54
21:42:05,server_6,64.38
21:42:05,server_7,51.24
21:42:05,server_8,0.0
21:42:05,server_5,93.04
21:42:10,server_19,67.05
21:42:10,server_18,0.0
21:42:10,server_17,90.39
21:42:10,server_16,34.23
21:42:10,server_15,45.36
21:42:10,server_14,4.09
21:42:10,server_13,594.85
21:42:10,server_12,146.89
21:42:10,server_11,0.0
21:42:10,server_20,71.04
21:42:10,server_9,11.94
21:42:10,server_1,103.84
21:42:10,server_2,65.63
21:42:10,server_3,638.83
21:42:10,server_4,36.24
21:42:10,server_10,66.15
21:42:10,server_6,166.2
21:42:10,server_7,33.27
21:42:10,server_8,1595.13
21:42:10,server_5,0.0
21:42:15,server_11,578.05
21:42:15,server_19,26.21
21:42:15,server_18,141.84
21:42:15,server_17,47.56
21:42:15,server_16,6822.59
21:42:15,server_15,6.52
21:42:15,server_14,671.66
21:42:15,server_13,0.0
21:42:15,server_12,1361.52
21:42:15,server_20,8.08
21:42:15,server_10,0.0
21:42:15,server_8,11.66
21:42:15,server_9,0.0
21:42:15,server_1,0.0
21:42:15,server_2,719.5
21:42:15,server_3,81.92
21:42:15,server_5,137.26
21:42:15,server_6,104.41
21:42:15,server_7,69.96
21:42:15,server_4,32.4
21:42:20,server_20,80.26
21:42:20,server_11,85.13
21:42:20,server_18,42.18
21:42:20,server_17,81.28
21:42:20,server_16,6714.67
21:42:20,server_15,5374.48
21:42:20,server_14,1577.77
21:42:20,server_13,88.5
21:42:20,server_12,92.38
21:42:20,server_19,1317.68
21:42:20,server_10,59.22
21:42:20,server_8,0.0
21:42:20,server_1,1275.81
21:42:20,server_2,22.57
21:42:20,server_3,22.04
21:42:20,server_9,54.17
21:42:20,server_5,43.31
21:42:20,server_6,0.0
21:42:20,server_7,76.17
21:42:20,server_4,3926.19
21:42:25,server_13,58.81
21:42:25,server_20,74.32
21:42:25,server_19,26.76
21:42:25,server_18,121.87
21:42:25,server_17,3460.86
21:42:25,server_16,1889.46
21:42:25,server_15,42.94
21:42:25,server_14,145.04
21:42:25,server_12,592.4
21:42:25,server_11,32.76
21:42:25,server_1,707.93
21:42:25,server_9,39.61
21:42:25,server_8,935.86
21:42:25,server_7,82.81
21:42:25,server_6,16.0
21:42:25,server_5,67.27
21:42:25,server_4,35.09
21:42:25,server_3,53.09
21:42:25,server_2,187.55
21:42:25,server_10,119.01
21:42:30,server_13,177.33
21:42:30,server_14,41.69
21:42:30,server_15,61.02
21:42:30,server_16,4888.23
21:42:30,server_12,139.44
21:42:30,server_18,0.0
21:42:30,server_19,128.2
21:42:30,server_20,63.94
21:42:30,server_17,70.22
21:42:30,server_11,39.54
21:42:30,server_1,24.33
21:42:30,server_9,0.0
21:42:30,server_8,63.33
21:42:30,server_7,0.0
21:42:30,server_6,685.31
21:42:30,server_5,51.88
21:42:30,server_4,75.31
21:42:30,server_3,105.07
21:42:30,server_2,92.72
21:42:30,server_10,28.0
21:42:35,server_13,1344.98
21:42:35,server_14,0.0
21:42:35,server_15,117.86
21:42:35,server_16,19.21
21:42:35,server_20,45.57
21:42:35,server_18,42.55
21:42:35,server_19,186.87
21:42:35,server_12,9452.18
21:42:35,server_17,102.99
21:42:35,server_11,88.38
21:42:35,server_10,56.36
21:42:35,server_9,62.79
21:42:35,server_8,1878.68
21:42:35,server_7,81.21
21:42:35,server_6,20.77
21:42:35,server_5,126.77
21:42:35,server_4,51.62
21:42:35,server_3,0.0
21:42:35,server_2,18.85
21:42:35,server_1,83.95
21:42:40,server_13,6926.13
21:42:40,server_14,28.37
21:42:40,server_15,0.0
21:42:40,server_16,0.0
21:42:40,server_20,57.51
21:42:40,server_18,63.28
21:42:40,server_19,0.0
21:42:40,server_12,122.9
21:42:40,server_17,8058.83
21:42:40,server_11,131.5
21:42:40,server_10,0.0
21:42:40,server_9,36.94
21:42:40,server_2,3717.84
21:42:40,server_3,51.38
21:42:40,server_4,0.0
21:42:40,server_1,35.29
21:42:40,server_6,745.83
21:42:40,server_7,1797.42
21:42:40,server_8,106.38
21:42:40,server_5,54.84
21:42:45,server_12,97.8
21:42:45,server_19,0.0
21:42:45,server_18,52.76
21:42:45,server_17,71.0
21:42:45,server_16,118.4
21:42:45,server_15,0.0
21:42:45,server_14,153.25
21:42:45,server_13,0.28
21:42:45,server_11,11.67
21:42:45,server_20,176.47
21:42:45,server_9,3937.43
21:42:45,server_1,3992.81
21:42:45,server_2,54.76
21:42:45,server_3,111.55
21:42:45,server_4,1763.1
21:42:45,server_10,66.39
21:42:45,server_6,48.27
21:42:45,server_7,73.05
21:42:45,server_8,0.0
21:42:45,server_5,26.53
21:42:50,server_12,162.15
21:42:50,server_19,113.23
21:42:50,server_18,119.6
21:42:50,server_17,138.71
21:42:50,server_16,8.38
21:42:50,server_15,100.58
21:42:50,server_14,5945.86
21:42:50,server_13,926.25
21:42:50,server_11,109.25
21:42:50,server_20,45.94
21:42:50,server_9,53.3
21:42:50,server_1,52.45
21:42:50,server_2,53.47
21:42:50,server_3,0.0
21:42:50,server_4,166.02
21:42:50,server_10,76.44
21:42:50,server_6,34.48
21:42:50,server_7,64.49
21:42:50,server_8,48.24
21:42:50,server_5,3992.38
21:42:55,server_11,23.2
21:42:55,server_19,61.45
21:42:55,server_18,139.51
21:42:55,server_17,0.0
21:42:55,server_16,94.62
21:42:55,server_15,0.0
21:42:55,server_14,842.53
21:42:55,server_13,55.91
21:42:55,server_12,77.7
21:42:55,server_20,91.44
21:42:55,server_10,102.03
21:42:55,server_8,45.52
21:42:55,server_7,112.27
21:42:55,server_6,56.54
21:42:55,server_5,156.77
21:42:55,server_4,0.0
21:42:55,server_3,113.75
21:42:55,server_2,1476.41
21:42:55,server_1,58.16
21:42:55,server_9,80.34
21:43:00,server_13,56.89
21:43:00,server_14,51.77
21:43:00,server_15,199.26
21:43:00,server_12,1640.78
21:43:00,server_17,61.28
21:43:00,server_18,9088.93
21:43:00,server_19,73.21
21:43:00,server_16,23.09
21:43:00,server_11,4171.42
21:43:00,server_20,0.0
21:43:00,server_9,92.79
21:43:00,server_1,48.68
21:43:00,server_2,120.22
21:43:00,server_3,80.1
21:43:00,server_4,122.42
21:43:00,server_10,84.37
21:43:00,server_6,97.92
21:43:00,server_7,0.0
21:43:00,server_8,28.48
21:43:00,server_5,887.79
21:43:05,server_19,0.0
21:43:05,server_18,1729.31
21:43:05,server_17,1904.36
21:43:05,server_16,87.25
21:43:05,server_15,5939.77
21:43:05,server_14,29.56
21:43:05,server_13,110.99
21:43:05,server_12,54.58
21:43:05,server_11,61.09
21:43:05,server_20,4.96
21:43:05,server_9,115.18
21:43:05,server_1,82.16
21:43:05,server_2,181.88
21:43:05,server_3,0.0
21:43:05,server_4,8481.7
21:43:05,server_10,125.07
21:43:05,server_6,144.05
21:43:05,server_7,0.0
21:43:05,server_8,1011.99
21:43:05,server_5,151.78
21:43:10,server_11,6169.98
21:43:10,server_19,0.0
21:43:10,server_18,77.1
21:43:10,server_17,98.27
21:43:10,server_16,117.95
21:43:10,server_15,33.49
21:43:10,server_14,88.18
21:43:10,server_13,112.22
21:43:10,server_12,51.24
21:43:10,server_20,0.0
21:43:10,server_10,0.0
21:43:10,server_8,74.67
21:43:10,server_9,7.63
21:43:10,server_1,39.84
21:43:10,server_2,3260.57
21:43:10,server_3,158.48
21:43:10,server_5,16.65
21:43:10,server_6,1844.63
21:43:10,server_7,6176.79
21:43:10,server_4,0.0
21:43:15,server_20,934.1
21:43:15,server_11,55.81
21:43:15,server_18,251.0
21:43:15,server_17,4882.9
21:43:15,server_16,65.88
21:43:15,server_15,0.0
21:43:15,server_14,52.99
21:43:15,server_13,138.27
21:43:15,server_12,1969.88
21:43:15,server_19,125.59
21:43:15,server_10,56.14
21:43:15,server_8,12.17
21:43:15,server_1,93.63
21:43:15,server_2,653.16
21:43:15,server_3,52.91
21:43:15,server_9,54.24
21:43:15,server_5,78.31
21:43:15,server_6,16.68
21:43:15,server_7,0.0
21:43:15,server_4,113.15
21:43:20,server_12,5.42
21:43:20,server_19,98.73
21:43:20,server_18,130.36
21:43:20,server_17,30.48
21:43:20,server_16,130.82
21:43:20,server_15,53.12
21:43:20,server_14,1153.98
21:43:20,server_13,59.1
21:43:20,server_11,1410.83
21:43:20,server_20,40.07
21:43:20,server_9,3600.97
21:43:20,server_1,66.98
21:43:20,server_2,33.23
21:43:20,server_3,163.04
21:43:20,server_4,24.99
21:43:20,server_10,6726.77
21:43:20,server_6,101.89
21:43:20,server_7,178.42
21:43:20,server_8,61.53
21:43:20,server_5,14.01
21:43:25,server_11,40.55
21:43:25,server_19,1244.42
21:43:25,server_18,71.85
21:43:25,server_17,98.1
21:43:25,server_16,59.65
21:43:25,server_15,55.73
21:43:25,server_14,33.01
21:43:25,server_13,55.8
21:43:25,server_12,0.0
21:43:25,server_20,88.08
21:43:25,server_10,7843.39
21:43:25,server_8,57.73
21:43:25,server_7,69.67
21:43:25,server_6,828.51
21:43:25,server_5,901.07
21:43:25,server_4,86.87
21:43:25,server_3,93.96
21:43:25,server_2,100.41
21:43:25,server_1,92.17
21:43:25,server_9,59.42
21:43:30,server_13,112.73
21:43:30,server_14,10.97
21:43:30,server_15,117.6
21:43:30,server_12,45.56
21:43:30,server_17,6069.29
21:43:30,server_18,24.42
21:43:30,server_19,27.7
21:43:30,server_16,113.09
21:43:30,server_11,6225.54
21:43:30,server_20,29.02
21:43:30,server_9,1696.85
21:43:30,server_1,104.87
21:43:30,server_2,124.2
21:43:30,server_3,61.82
21:43:30,server_4,167.62
21:43:30,server_10,9868.86
21:43:30,server_6,19.95
21:43:30,server_7,69.72
21:43:30,server_8,0.0
21:43:30,server_5,87.46
21:43:35,server_12,10.94
21:43:35,server_20,3544.07
21:43:35,server_19,64.37
21:43:35,server_18,34.66
21:43:35,server_17,0.0
21:43:35,server_16,11.21
21:43:35,server_15,0.0
21:43:35,server_14,63.87
21:43:35,server_13,0.0
21:43:35,server_11,166.98
21:43:35,server_10,47.95
21:43:35,server_9,121.53
21:43:35,server_2,80.13
21:43:35,server_3,0.0
21:43:35,server_4,1135.14
21:43:35,server_1,9659.44
21:43:35,server_6,122.1
21:43:35,server_7,5212.78
21:43:35,server_8,54.65
21:43:35,server_5,17.46
21:43:40,server_12,132.92
21:43:40,server_19,0.0
21:43:40,server_18,0.0
21:43:40,server_17,6804.83
21:43:40,server_16,1030.36
21:43:40,server_15,0.0
21:43:40,server_14,0.0
21:43:40,server_13,181.66
21:43:40,server_11,31.56
21:43:40,server_20,64.82
21:43:40,server_9,52.48
21:43:40,server_1,0.0
21:43:40,server_2,33.31
21:43:40,server_3,72.26
21:43:40,server_4,47.31
21:43:40,server_10,0.0
21:43:40,server_6,17.73
21:43:40,server_7,6395.98
21:43:40,server_8,109.39
21:43:40,server_5,79.1
21:43:45,server_12,0.0
21:43:45,server_19,24.27
21:43:45,server_18,116.3
21:43:45,server_17,104.88
21:43:45,server_16,41.77
21:43:45,server_15,16.52
21:43:45,server_14,104.14
21:43:45,server_13,998.18
21:43:45,server_11,86.22
21:43:45,server_20,89.65
21:43:45,server_9,35.43
21:43:45,server_1,0.0
21:43:45,server_2,114.5
21:43:45,server_3,62.87
21:43:45,server_4,47.97
21:43:45,server_10,8701.22
21:43:45,server_6,9204.32
21:43:45,server_7,608.89
21:43:45,server_8,70.89
21:43:45,server_5,188.89
21:43:50,server_11,0.0
21:43:50,server_19,0.0
21:43:50,server_18,0.84
21:43:50,server_17,88.1
21:43:50,server_16,64.64
21:43:50,server_15,117.57
21:43:50,server_14,10.04
21:43:50,server_13,118.57
21:43:50,server_12,50.91
21:43:50,server_20,125.99
21:43:50,server_10,924.53
21:43:50,server_8,8.52
21:43:50,server_7,89.9
21:43:50,server_6,18.3
21:43:50,server_5,1148.52
21:43:50,server_4,35.34
21:43:50,server_3,20.83
21:43:50,server_2,129.32
21:43:50,server_1,33.84
21:43:50,server_9,160.15
21:43:55,server_13,109.76
21:43:55,server_14,0.0
21:43:55,server_15,50.62
21:43:55,server_12,138.88
21:43:55,server_17,109.36
21:43:55,server_18,39.86
21:43:55,server_19,60.91
21:43:55,server_16,3772.56
21:43:55,server_11,68.22
21:43:55,server_20,28.39
21:43:55,server_9,34.03
21:43:55,server_1,67.06
21:43:55,server_2,19.58
21:43:55,server_3,41.69
21:43:55,server_4,852.2
21:43:55,server_10,100.01
21:43:55,server_6,22.98
21:43:55,server_7,4507.85
21:43:55,server_8,1424.31
21:43:55,server_5,68.85
21:44:00,server_19,9.48
21:44:00,server_18,129.2
21:44:00,server_17,101.3
21:44:00,server_16,51.45
21:44:00,server_15,65.95
21:44:00,server_14,30.65
21:44:00,server_13,4450.33
21:44:00,server_12,61.25
21:44:00,server_11,65.32
21:44:00,server_20,809.75
21:44:00,server_9,88.08
21:44:00,server_1,10.75
21:44:00,server_2,62.68
21:44:00,server_3,131.66
21:44:00,server_4,111.4
21:44:00,server_10,105.23
21:44:00,server_6,96.32
21:44:00,server_7,11.88
21:44:00,server_8,19.8
21:44:00,server_5,0.0
21:44:05,server_11,86.0
21:44:05,server_19,5011.15
21:44:05,server_18,52.85
21:44:05,server_17,8943.37
21:44:05,server_16,148.35
21:44:05,server_15,122.73
21:44:05,server_14,7916.5
21:44:05,server_13,156.66
21:44:05,server_12,123.9
21:44:05,server_20,5696.39
21:44:05,server_10,0.0
21:44:05,server_8,34.73
21:44:05,server_9,135.83
21:44:05,server_1,10.64
21:44:05,server_2,66.23
21:44:05,server_3,1725.96
21:44:05,server_5,144.45
21:44:05,server_6,84.67
21:44:05,server_7,10.19
21:44:05,server_4,21.48
21:44:10,server_20,62.7
21:44:10,server_11,49.11
21:44:10,server_18,1498.84
21:44:10,server_17,71.16
21:44:10,server_16,45.78
21:44:10,server_15,20.99
21:44:10,server_14,40.7
21:44:10,server_13,142.15
21:44:10,server_12,63.54
21:44:10,server_19,118.28
21:44:10,server_10,4056.03
21:44:10,server_8,91.79
21:44:10,server_1,11.56
21:44:10,server_2,0.0
21:44:10,server_3,63.52
21:44:10,server_9,65.61
21:44:10,server_5,63.79
21:44:10,server_6,4218.2
21:44:10,server_7,541.71
21:44:10,server_4,17.27
21:44:15,server_12,103.85
21:44:15,server_19,99.22
21:44:15,server_18,10.74
21:44:15,server_17,106.96
21:44:15,server_16,0.0
21:44:15,server_15,6192.65
21:44:15,server_14,22.29
21:44:15,server_13,4924.72
21:44:15,server_11,41.67
21:44:15,server_20,27.84
21:44:15,server_9,9133.67
21:44:15,server_1,0.0
21:44:15,server_2,62.14
21:44:15,server_3,5508.95
21:44:15,server_4,30.73
21:44:15,server_10,188.15
21:44:15,server_6,78.17
21:44:15,server_7,6779.6
21:44:15,server_8,9407.96
21:44:15,server_5,34.42
21:44:20,server_11,8869.14
21:44:20,server_19,70.19
21:44:20,server_18,38.41
21:44:20,server_17,173.65
21:44:20,server_16,49.73
21:44:20,server_15,38.52
21:44:20,server_14,7833.67
21:44:20,server_13,52.1
21:44:20,server_12,138.27
21:44:20,server_20,32.66
21:44:20,server_10,40.99
21:44:20,server_8,99.4
21:44:20,server_7,124.59
21:44:20,server_6,85.53
21:44:20,server_5,1543.36
21:44:20,server_4,72.62
21:44:20,server_3,74.38
21:44:20,server_2,109.8
21:44:20,server_1,20.08
21:44:20,server_9,31.25
21:44:25,server_13,27.82
21:44:25,server_14,8655.15
21:44:25,server_15,1429.5
21:44:25,server_12,0.0
21:44:25,server_17,5131.02
21:44:25,server_18,4101.66
21:44:25,server_19,83.03
21:44:25,server_16,38.84
21:44:25,server_11,13.45
21:44:25,server_20,35.29
21:44:25,server_9,46.44
21:44:25,server_1,89.3
21:44:25,server_2,1084.28
21:44:25,server_3,0.0
21:44:25,server_4,146.29
21:44:25,server_10,80.22
21:44:25,server_6,57.05
21:44:25,server_7,80.23
21:44:25,server_8,136.35
21:44:25,server_5,9094.62
21:44:30,server_20,17.25
21:44:30,server_19,33.04
21:44:30,server_18,88.53
21:44:30,server_17,93.15
21:44:30,server_16,1929.92
21:44:30,server_15,58.78
21:44:30,server_14,1609.68
21:44:30,server_12,103.89
21:44:30,server_11,82.56
21:44:30,server_13,25.75
21:44:30,server_9,0.0
21:44:30,server_10,15.63
21:44:30,server_2,103.59
21:44:30,server_3,50.8
21:44:30,server_4,1.11
21:44:30,server_1,1886.74
21:44:30,server_6,22.14
21:44:30,server_7,97.33
21:44:30,server_8,41.9
21:44:30,server_5,1410.37
21:44:35,server_12,88.34
21:44:35,server_20,4673.77
21:44:35,server_19,194.84
21:44:35,server_18,95.05
21:44:35,server_17,39.42
21:44:35,server_16,27.04
21:44:35,server_15,20.54
21:44:35,server_14,68.32
21:44:35,server_13,109.05
21:44:35,server_11,105.34
21:44:35,server_3,135.65
21:44:35,server_9,69.95
21:44:35,server_10,1423.65
21:44:35,server_2,136.81
21:44:35,server_4,69.02
21:44:35,server_1,40.88
21:44:35,server_6,91.38
21:44:35,server_7,124.97
21:44:35,server_8,178.86
21:44:35,server_5,0.0
21:44:40,server_12,103.17
21:44:40,server_19,135.7
21:44:40,server_18,56.16
21:44:40,server_17,142.32
21:44:40,server_16,121.42
21:44:40,server_15,29.09
21:44:40,server_14,35.53
21:44:40,server_20,128.43
21:44:40,server_11,627.76
21:44:40,server_13,0.0
21:44:40,server_9,7389.79
21:44:40,server_1,1908.42
21:44:40,server_2,106.98
21:44:40,server_3,159.46
21:44:40,server_4,165.44
21:44:40,server_10,0.0
21:44:40,server_6,41.76
21:44:40,server_7,11.83
21:44:40,server_8,79.15
21:44:40,server_5,71.3
21:44:45,server_19,60.63
21:44:45,server_18,122.28
21:44:45,server_17,89.24
21:44:45,server_16,74.78
21:44:45,server_15,1961.8
21:44:45,server_14,85.76
21:44:45,server_13,0.0
21:44:45,server_12,0.0
21:44:45,server_11,28.49
21:44:45,server_20,96.47
21:44:45,server_9,6065.72
21:44:45,server_1,58.09
21:44:45,server_2,74.05
21:44:45,server_3,167.46
21:44:45,server_4,0.0
21:44:45,server_10,105.7
21:44:45,server_6,0.0
21:44:45,server_7,3987.73
21:44:45,server_8,113.75
21:44:45,server_5,55.72
21:44:50,server_11,68.58
21:44:50,server_19,1886.98
21:44:50,server_18,0.0
21:44:50,server_17,76.32
21:44:50,server_16,125.04
21:44:50,server_15,35.17
21:44:50,server_14,1149.48
21:44:50,server_13,148.41
21:44:50,server_12,9838.06
21:44:50,server_20,8.29
21:44:50,server_10,35.69
21:44:50,server_8,0.0
21:44:50,server_9,79.47
21:44:50,server_1,22.07
21:44:50,server_2,12.58
21:44:50,server_3,24.9
21:44:50,server_5,0.0
21:44:50,server_6,37.97
21:44:50,server_7,14.75
21:44:50,server_4,1877.39
21:44:55,server_20,637.47
21:44:55,server_11,1104.78
21:44:55,server_18,70.56
21:44:55,server_17,21.34
21:44:55,server_16,195.34
21:44:55,server_15,32.47
21:44:55,server_14,6.08
21:44:55,server_13,86.68
21:44:55,server_12,1563.12
21:44:55,server_19,0.0
21:44:55,server_10,152.43
21:44:55,server_8,55.95
21:44:55,server_1,755.71
21:44:55,server_2,559.58
21:44:55,server_3,61.85
21:44:55,server_9,162.34
21:44:55,server_5,565.88
21:44:55,server_6,161.48
21:44:55,server_7,8.78
21:44:55,server_4,14.17
21:45:00,server_19,74.55
21:45:00,server_18,0.0
21:45:00,server_17,104.31
21:45:00,server_16,59.83
21:45:00,server_15,32.84
21:45:00,server_14,9946.31
21:45:00,server_13,36.27
21:45:00,server_12,62.3
21:45:00,server_11,112.79
21:45:00,server_20,14.54
21:45:00,server_9,30.47
21:45:00,server_1,1723.18
21:45:00,server_2,134.72
21:45:00,server_3,113.37
21:45:00,server_4,0.0
21:45:00,server_10,0.0
21:45:00,server_6,69.8
21:45:00,server_7,44.68
21:45:00,server_8,134.76
21:45:00,server_5,4251.14
21:45:05,server_11,0.0
21:45:05,server_19,100.24
21:45:05,server_18,158.42
21:45:05,server_17,10.18
21:45:05,server_16,101.02
21:45:05,server_15,41.21
21:45:05,server_14,54.78
21:45:05,server_13,0.0
21:45:05,server_12,74.94
21:45:05,server_20,61.84
21:45:05,server_10,115.38
21:45:05,server_8,72.63
21:45:05,server_9,33.82
21:45:05,server_1,78.78
21:45:05,server_2,95.0
21:45:05,server_3,41.65
21:45:05,server_5,1794.52
21:45:05,server_6,45.5
21:45:05,server_7,154.26
21:45:05,server_4,92.17
21:45:10,server_20,5340.95
21:45:10,server_19,65.66
21:45:10,server_18,77.51
21:45:10,server_17,94.28
21:45:10,server_16,196.7
21:45:10,server_15,70.18
21:45:10,server_14,102.79
21:45:10,server_13,1597.13
21:45:10,server_12,117.76
21:45:10,server_11,35.7
21:45:10,server_9,20.98
21:45:10,server_1,856.03
21:45:10,server_2,9294.08
21:45:10,server_3,24.31
21:45:10,server_4,0.0
21:45:10,server_10,69.28
21:45:10,server_6,0.0
21:45:10,server_7,579.9
21:45:10,server_8,66.57
21:45:10,server_5,24.63
21:45:15,server_12,40.65
21:45:15,server_19,0.0
21:45:15,server_18,57.49
21:45:15,server_17,12.05
21:45:15,server_16,45.39
21:45:15,server_15,40.07
21:45:15,server_14,91.39
21:45:15,server_13,1639.49
21:45:15,server_11,45.56
21:45:15,server_20,73.11
21:45:15,server_9,7.47
21:45:15,server_1,1384.0
21:45:15,server_2,129.01
21:45:15,server_3,14.31
21:45:15,server_4,1727.15
21:45:15,server_10,109.83
21:45:15,server_6,13.98
21:45:15,server_7,72.57
21:45:15,server_8,61.46
21:45:15,server_5,0.0
21:45:20,server_11,80.25
21:45:20,server_19,32.99
21:45:20,server_18,59.83
21:45:20,server_17,40.65
21:45:20,server_16,74.34
21:45:20,server_15,70.87
21:45:20,server_14,3.87
21:45:20,server_13,116.5
21:45:20,server_12,128.73
21:45:20,server_20,75.64
21:45:20,server_10,9655.79
21:45:20,server_8,1328.1
21:45:20,server_7,49.83
21:45:20,server_6,81.79
21:45:20,server_5,9651.13
21:45:20,server_4,35.24
21:45:20,server_3,31.72
21:45:20,server_2,69.63
21:45:20,server_1,1714.69
21:45:20,server_9,64.05
21:45:25,server_12,4457.66
21:45:25,server_13,0.0
21:45:25,server_14,1233.58
21:45:25,server_15,1730.75
21:45:25,server_19,76.52
21:45:25,server_17,105.4
21:45:25,server_18,45.39
21:45:25,server_20,0.0
21:45:25,server_16,6309.07
21:45:25,server_11,34.72
21:45:25,server_10,125.54
21:45:25,server_8,1406.39
21:45:25,server_1,11.71
21:45:25,server_2,58.27
21:45:25,server_3,0.86
21:45:25,server_9,0.0
21:45:25,server_5,156.5
21:45:25,server_6,1974.44
21:45:25,server_7,99.41
21:45:25,server_4,132.79
21:45:30,server_20,25.87
21:45:30,server_19,1914.08
21:45:30,server_18,44.8
21:45:30,server_17,50.58
21:45:30,server_16,52.95
21:45:30,server_15,134.5
21:45:30,server_14,64.22
21:45:30,server_12,0.0
21:45:30,server_11,115.2
21:45:30,server_13,51.96
21:45:30,server_9,19.44
21:45:30,server_10,0.0
21:45:30,server_2,7717.89
21:45:30,server_3,8525.09
21:45:30,server_4,104.16
21:45:30,server_1,1438.91
21:45:30,server_6,0.0
21:45:30,server_7,10.99
21:45:30,server_8,66.47
21:45:30,server_5,34.64
21:45:35,server_12,98.2
21:45:35,server_20,0.99
21:45:35,server_19,65.99
21:45:35,server_18,11.67
21:45:35,server_17,48.46
21:45:35,server_16,80.27
21:45:35,server_15,1729.55
21:45:35,server_14,4270.64
21:45:35,server_13,0.0
21:45:35,server_11,97.02
21:45:35,server_3,101.23
21:45:35,server_9,113.45
21:45:35,server_10,45.28
21:45:35,server_2,81.44
21:45:35,server_4,0.02
21:45:35,server_1,46.57
21:45:35,server_6,22.35
21:45:35,server_7,63.49
21:45:35,server_8,768.02
21:45:35,server_5,37.38
21:45:40,server_12,106.47
21:45:40,server_20,3057.93
21:45:40,server_19,93.44
21:45:40,server_18,40.16
21:45:40,server_17,0.0
21:45:40,server_16,69.15
21:45:40,server_15,0.0
21:45:40,server_14,1305.12
21:45:40,server_11,161.53
21:45:40,server_13,46.67
21:45:40,server_9,1571.69
21:45:40,server_2,0.0
21:45:40,server_3,99.07
21:45:40,server_4,90.69
21:45:40,server_5,661.31
21:45:40,server_1,7710.6
21:45:40,server_7,0.0
21:45:40,server_10,146.05
21:45:40,server_8,829.94
21:45:40,server_6,25.46
21:45:45,server_12,4180.93
21:45:45,server_19,17.28
21:45:45,server_18,68.15
21:45:45,server_17,10.5
21:45:45,server_16,90.66
21:45:45,server_15,21.38
21:45:45,server_14,86.41
21:45:45,server_13,119.95
21:45:45,server_11,94.14
21:45:45,server_20,32.92
21:45:45,server_9,600.61
21:45:45,server_1,1227.98
21:45:45,server_2,8640.1
21:45:45,server_3,53.84
21:45:45,server_4,1490.58
21:45:45,server_10,134.25
21:45:45,server_6,50.12
21:45:45,server_7,0.0
21:45:45,server_8,160.62
21:45:45,server_5,113.52
21:45:50,server_11,8906.15
21:45:50,server_19,1379.82
21:45:50,server_18,18.27
21:45:50,server_17,68.29
21:45:50,server_16,589.16
21:45:50,server_15,177.66
21:45:50,server_14,14.48
21:45:50,server_13,146.26
21:45:50,server_12,67.12
21:45:50,server_20,43.89
21:45:50,server_10,46.99
21:45:50,server_8,117.84
21:45:50,server_7,1.25
21:45:50,server_6,94.75
21:45:50,server_5,49.6
21:45:50,server_4,36.36
21:45:50,server_3,19.76
21:45:50,server_2,34.15
21:45:50,server_1,15.67
21:45:50,server_9,5870.88
21:45:55,server_14,26.08
21:45:55,server_15,39.37
21:45:55,server_16,148.21
21:45:55,server_12,61.83
21:45:55,server_18,0.0
21:45:55,server_19,6598.95
21:45:55,server_20,145.52
21:45:55,server_17,173.56
21:45:55,server_11,46.01
21:45:55,server_13,107.15
21:45:55,server_9,133.11
21:45:55,server_1,64.87
21:45:55,server_2,45.11
21:45:55,server_3,120.94
21:45:55,server_4,972.17
21:45:55,server_10,17.42
21:45:55,server_6,0.0
21:45:55,server_7,109.81
21:45:55,server_5,78.68
21:45:55,server_8,146.54
21:46:00,server_19,645.34
21:46:00,server_18,111.16
21:46:00,server_17,113.28
21:46:00,server_16,57.42
21:46:00,server_15,20.84
21:46:00,server_14,12.25
21:46:00,server_13,83.18
21:46:00,server_12,21.35
21:46:00,server_11,54.25
21:46:00,server_20,95.02
21:46:00,server_9,63.8
21:46:00,server_1,169.04
21:46:00,server_2,78.44
21:46:00,server_3,41.76
21:46:00,server_4,43.43
21:46:00,server_10,59.7
21:46:00,server_6,38.44
21:46:00,server_7,1745.6
21:46:00,server_8,584.51
21:46:00,server_5,35.56
21:46:05,server_11,0.0
21:46:05,server_19,39.62
21:46:05,server_18,13.61
21:46:05,server_17,17.8
21:46:05,server_16,32.04
21:46:05,server_15,0.0
21:46:05,server_14,53.87
21:46:05,server_13,1590.21
21:46:05,server_12,0.99
21:46:05,server_20,25.28
21:46:05,server_10,5442.85
21:46:05,server_8,126.46
21:46:05,server_9,8887.04
21:46:05,server_1,3617.97
21:46:05,server_2,501.21
21:46:05,server_3,83.52
21:46:05,server_5,992.66
21:46:05,server_6,53.41
21:46:05,server_7,1722.66
21:46:05,server_4,90.35
21:46:10,server_20,26.21
21:46:10,server_11,3.15
21:46:10,server_18,15.8
21:46:10,server_17,0.0
21:46:10,server_16,70.86
21:46:10,server_15,0.0
21:46:10,server_14,86.29
21:46:10,server_13,68.15
21:46:10,server_12,108.12
21:46:10,server_19,1229.19
21:46:10,server_10,8299.24
21:46:10,server_8,66.23
21:46:10,server_1,8221.91
21:46:10,server_2,186.44
21:46:10,server_3,83.45
21:46:10,server_9,115.85
21:46:10,server_5,0.0
21:46:10,server_6,1352.75
21:46:10,server_7,63.13
21:46:10,server_4,94.65
21:46:15,server_13,0.0
21:46:15,server_20,0.0
21:46:15,server_19,38.11
21:46:15,server_18,84.85
21:46:15,server_17,106.41
21:46:15,server_16,3026.78
21:46:15,server_15,168.3
21:46:15,server_14,20.12
21:46:15,server_12,921.17
21:46:15,server_11,0.0
21:46:15,server_1,182.35
21:46:15,server_9,0.0
21:46:15,server_8,8943.6
21:46:15,server_7,80.04
21:46:15,server_6,0.0
21:46:15,server_5,0.0
21:46:15,server_4,772.17
21:46:15,server_3,578.61
21:46:15,server_2,178.3
21:46:15,server_10,913.89
21:46:20,server_13,86.46
21:46:20,server_14,0.0
21:46:20,server_15,109.73
21:46:20,server_16,77.72
21:46:20,server_12,144.82
21:46:20,server_18,84.62
21:46:20,server_19,11.88
21:46:20,server_20,160.63
21:46:20,server_17,67.99
21:46:20,server_11,0.0
21:46:20,server_1,50.41
21:46:20,server_9,1930.38
21:46:20,server_8,101.3
21:46:20,server_7,27.63
21:46:20,server_6,114.85
21:46:20,server_5,5557.1
21:46:20,server_4,59.37
21:46:20,server_3,100.69
21:46:20,server_2,37.88
21:46:20,server_10,111.9
21:46:25,server_13,4408.06
21:46:25,server_14,6.57
21:46:25,server_15,66.58
21:46:25,server_16,15.14
21:46:25,server_20,197.46
21:46:25,server_18,109.18
21:46:25,server_19,90.91
21:46:25,server_12,198.13
21:46:25,server_17,143.13
21:46:25,server_11,115.23
21:46:25,server_3,0.0
21:46:25,server_9,160.95
21:46:25,server_2,34.28
21:46:25,server_10,9.0
21:46:25,server_4,139.44
21:46:25,server_1,70.91
21:46:25,server_6,22.92
21:46:25,server_7,87.68
21:46:25,server_8,81.28
21:46:25,server_5,18.16
21:46:30,server_12,69.93
21:46:30,server_19,44.57
21:46:30,server_18,0.0
21:46:30,server_17,80.09
21:46:30,server_16,72.09
21:46:30,server_15,56.38
21:46:30,server_14,43.71
21:46:30,server_13,34.48
21:46:30,server_11,159.0
21:46:30,server_20,107.19
21:46:30,server_9,66.49
21:46:30,server_1,45.42
21:46:30,server_2,4039.8
21:46:30,server_3,0.0
21:46:30,server_4,107.12
21:46:30,server_10,67.86
21:46:30,server_6,89.31
21:46:30,server_7,0.0
21:46:30,server_8,0.0
21:46:30,server_5,74.69
21:46:35,server_11,7278.14
21:46:35,server_19,7429.89
21:46:35,server_18,118.87
21:46:35,server_17,0.0
21:46:35,server_16,0.0
21:46:35,server_15,9.46
21:46:35,server_14,79.1
21:46:35,server_13,1308.8
21:46:35,server_12,0.0
21:46:35,server_20,54.97
21:46:35,server_10,918.19
21:46:35,server_8,0.0
21:46:35,server_7,9570.42
21:46:35,server_6,182.08
21:46:35,server_5,153.21
21:46:35,server_4,182.34
21:46:35,server_3,54.97
21:46:35,server_2,179.46
21:46:35,server_1,88.24
21:46:35,server_9,108.78
21:46:40,server_14,7.23
21:46:40,server_15,158.07
21:46:40,server_16,62.58
21:46:40,server_13,172.11
21:46:40,server_18,42.67
21:46:40,server_19,3846.4
21:46:40,server_20,35.75
21:46:40,server_17,11.32
21:46:40,server_12,100.37
21:46:40,server_11,66.56
21:46:40,server_1,133.47
21:46:40,server_9,1163.68
21:46:40,server_8,45.35
21:46:40,server_7,64.17
21:46:40,server_6,5073.68
21:46:40,server_5,3806.18
21:46:40,server_4,38.32
21:46:40,server_3,142.87
21:46:40,server_2,51.14
21:46:40,server_10,13.16
21:46:45,server_13,32.75
21:46:45,server_14,179.27
21:46:45,server_15,8599.51
21:46:45,server_20,166.28
21:46:45,server_18,0.0
21:46:45,server_19,57.58
21:46:45,server_12,10.89
21:46:45,server_16,23.71
21:46:45,server_11,12.86
21:46:45,server_17,42.93
21:46:45,server_9,49.71
21:46:45,server_10,136.56
21:46:45,server_2,9.22
21:46:45,server_3,0.0
21:46:45,server_4,2.7
21:46:45,server_1,801.38
21:46:45,server_6,33.94
21:46:45,server_7,62.53
21:46:45,server_8,112.19
21:46:45,server_5,3.96
21:46:50,server_20,3902.71
21:46:50,server_12,36.34
21:46:50,server_19,88.06
21:46:50,server_18,64.28
21:46:50,server_17,127.0
21:46:50,server_16,0.0
21:46:50,server_15,1097.13
21:46:50,server_14,105.73
21:46:50,server_13,1262.98
21:46:50,server_11,39.82
21:46:50,server_7,175.65
21:46:50,server_9,150.1
21:46:50,server_8,0.62
21:46:50,server_6,1564.13
21:46:50,server_5,142.26
21:46:50,server_4,54.75
21:46:50,server_3,150.83
21:46:50,server_2,110.67
21:46:50,server_1,33.0
21:46:50,server_10,936.71
21:46:55,server_15,10.04
21:46:55,server_13,1136.71
21:46:55,server_14,1615.12
21:46:55,server_16,31.24
21:46:55,server_12,111.72
21:46:55,server_18,1019.61
21:46:55,server_19,94.83
21:46:55,server_20,187.68
21:46:55,server_17,628.72
21:46:55,server_11,899.82
21:46:55,server_1,53.64
21:46:55,server_9,0.0
21:46:55,server_2,1112.35
21:46:55,server_3,0.0
21:46:55,server_4,60.28
21:46:55,server_10,98.6
21:46:55,server_6,72.56
21:46:55,server_7,873.11
21:46:55,server_8,35.84
21:46:55,server_5,17.89
21:47:00,server_13,102.62
21:47:00,server_20,177.14
21:47:00,server_19,30.26
21:47:00,server_18,88.2
21:47:00,server_17,33.47
21:47:00,server_16,86.73
21:47:00,server_15,147.18
21:47:00,server_14,0.0
21:47:00,server_12,109.1
21:47:00,server_11,57.17
21:47:00,server_1,8146.06
21:47:00,server_9,1585.41
21:47:00,server_8,52.13
21:47:00,server_7,1360.7
21:47:00,server_6,56.32
21:47:00,server_5,9925.81
21:47:00,server_4,0.0
21:47:00,server_3,0.0
21:47:00,server_2,0.0
21:47:00,server_10,107.4
21:47:05,server_13,61.81
21:47:05,server_14,8.39
21:47:05,server_15,132.99
21:47:05,server_16,82.23
21:47:05,server_12,165.59
21:47:05,server_18,47.86
21:47:05,server_19,6246.63
21:47:05,server_20,110.86
21:47:05,server_17,58.61
21:47:05,server_11,94.58
21:47:05,server_1,123.23
21:47:05,server_9,3179.35
21:47:05,server_8,72.05
21:47:05,server_7,4168.94
21:47:05,server_6,6061.32
21:47:05,server_5,37.18
21:47:05,server_4,163.0
21:47:05,server_3,3341.44
21:47:05,server_2,5609.54
21:47:05,server_10,49.55
21:47:10,server_13,26.59
21:47:10,server_14,0.0
21:47:10,server_15,51.26
21:47:10,server_16,75.81
21:47:10,server_20,5937.34
21:47:10,server_18,0.0
21:47:10,server_19,3341.75
21:47:10,server_12,40.34
21:47:10,server_17,56.27
21:47:10,server_11,45.49
21:47:10,server_1,129.57
21:47:10,server_9,127.93
21:47:10,server_2,58.62
21:47:10,server_3,28.23
21:47:10,server_4,16.51
21:47:10,server_10,5365.89
21:47:10,server_6,67.95
21:47:10,server_7,37.68
21:47:10,server_8,32.75
21:47:10,server_5,134.4
21:47:15,server_12,93.75
21:47:15,server_19,1121.38
21:47:15,server_18,39.72
21:47:15,server_17,6717.03
21:47:15,server_16,0.0
21:47:15,server_15,25.28
21:47:15,server_14,193.84
21:47:15,server_13,0.0
21:47:15,server_20,53.96
21:47:15,server_11,37.99
21:47:15,server_9,15.32
21:47:15,server_8,25.67
21:47:15,server_7,1380.68
21:47:15,server_6,1957.23
21:47:15,server_5,97.04
21:47:15,server_4,4.58
21:47:15,server_3,9396.23
21:47:15,server_2,90.17
21:47:15,server_1,78.23
21:47:15,server_10,48.4
21:47:20,server_13,87.19
21:47:20,server_14,62.94
21:47:20,server_15,61.6
21:47:20,server_16,103.63
21:47:20,server_12,74.53
21:47:20,server_20,33.09
21:47:20,server_18,108.17
21:47:20,server_19,197.09
21:47:20,server_17,85.49
21:47:20,server_11,50.54
21:47:20,server_3,0.0
21:47:20,server_9,4965.68
21:47:20,server_10,8614.85
21:47:20,server_2,7.45
21:47:20,server_4,96.79
21:47:20,server_1,196.05
21:47:20,server_6,1431.33
21:47:20,server_7,66.78
21:47:20,server_5,8215.31
21:47:20,server_8,0.0
21:47:25,server_20,83.07
21:47:25,server_19,38.11
21:47:25,server_18,5601.11
21:47:25,server_17,0.0
21:47:25,server_16,0.0
21:47:25,server_15,173.82
21:47:25,server_14,95.55
21:47:25,server_12,171.26
21:47:25,server_11,54.19
21:47:25,server_13,6.17
21:47:25,server_9,82.88
21:47:25,server_10,109.91
21:47:25,server_2,0.0
21:47:25,server_3,89.7
21:47:25,server_4,12.22
21:47:25,server_1,34.6
21:47:25,server_6,0.0
21:47:25,server_7,0.0
21:47:25,server_8,1778.32
21:47:25,server_5,114.6
21:47:30,server_12,115.86
21:47:30,server_20,6003.92
21:47:30,server_19,0.0
21:47:30,server_18,5587.56
21:47:30,server_17,15.55
21:47:30,server_16,123.99
21:47:30,server_15,126.34
21:47:30,server_14,89.32
21:47:30,server_13,47.96
21:47:30,server_11,93.14
21:47:30,server_3,118.37
21:47:30,server_9,49.7
21:47:30,server_10,0.0
21:47:30,server_2,177.77
21:47:30,server_4,85.11
21:47:30,server_1,1831.84
21:47:30,server_6,609.61
21:47:30,server_7,3.69
21:47:30,server_8,104.59
21:47:30,server_5,135.58
21:47:35,server_12,4786.54
21:47:35,server_20,9279.49
21:47:35,server_19,1284.04
21:47:35,server_18,3758.2
21:47:35,server_17,90.68
21:47:35,server_16,4819.67
21:47:35,server_15,29.48
21:47:35,server_14,116.27
21:47:35,server_11,57.62
21:47:35,server_13,89.99
21:47:35,server_9,96.04
21:47:35,server_2,1570.16
21:47:35,server_3,4829.42
21:47:35,server_4,0.0
21:47:35,server_5,61.78
21:47:35,server_1,83.16
21:47:35,server_7,94.22
21:47:35,server_10,69.06
21:47:35,server_8,26.3
21:47:35,server_6,57.82
21:47:40,server_12,43.6
21:47:40,server_19,90.07
21:47:40,server_18,20.17
21:47:40,server_17,0.0
21:47:40,server_16,55.2
21:47:40,server_15,87.02
21:47:40,server_14,197.63
21:47:40,server_13,7223.25
21:47:40,server_11,75.71
21:47:40,server_20,12.54
21:47:40,server_9,78.59
21:47:40,server_1,0.0
21:47:40,server_2,0.0
21:47:40,server_3,36.31
21:47:40,server_4,952.43
21:47:40,server_10,1102.63
21:47:40,server_6,1602.59
21:47:40,server_7,50.99
21:47:40,server_8,44.91
21:47:40,server_5,0.0
21:47:45,server_11,84.79
21:47:45,server_19,9.1
21:47:45,server_18,178.35
21:47:45,server_17,0.0
21:47:45,server_16,101.37
21:47:45,server_15,149.73
21:47:45,server_14,38.0
21:47:45,server_13,62.78
21:47:45,server_12,0.0
21:47:45,server_20,5798.27
21:47:45,server_10,22.79
21:47:45,server_8,97.29
21:47:45,server_7,111.23
21:47:45,server_6,43.27
21:47:45,server_5,15.85
21:47:45,server_4,73.92
21:47:45,server_3,40.3
21:47:45,server_2,139.18
21:47:45,server_1,46.23
21:47:45,server_9,6279.57
21:47:50,server_13,102.41
21:47:50,server_14,0.0
21:47:50,server_15,116.43
21:47:50,server_16,4424.21
21:47:50,server_19,42.27
21:47:50,server_20,6457.6
21:47:50,server_18,0.0
21:47:50,server_12,0.0
21:47:50,server_17,72.62
21:47:50,server_11,5361.72
21:47:50,server_3,53.78
21:47:50,server_9,3202.89
21:47:50,server_8,145.04
21:47:50,server_7,1931.48
21:47:50,server_6,57.9
21:47:50,server_5,145.96
21:47:50,server_4,132.79
21:47:50,server_2,953.8
21:47:50,server_1,0.0
21:47:50,server_10,21.84
21:47:55,server_13,4357.47
21:47:55,server_14,34.51
21:47:55,server_15,190.02
21:47:55,server_16,838.0
21:47:55,server_20,0.0
21:47:55,server_18,0.0
21:47:55,server_19,63.8
21:47:55,server_12,17.88
21:47:55,server_17,947.13
21:47:55,server_11,70.76
21:47:55,server_10,88.23
21:47:55,server_9,168.14
21:47:55,server_2,67.42
21:47:55,server_3,54.79
21:47:55,server_4,3.2
21:47:55,server_1,1949.05
21:47:55,server_6,6.22
21:47:55,server_7,8.71
21:47:55,server_8,8423.32
21:47:55,server_5,128.48
21:48:00,server_12,8314.1
21:48:00,server_19,34.33
21:48:00,server_18,8415.77
21:48:00,server_17,102.0
21:48:00,server_16,5477.01
21:48:00,server_15,3160.75
21:48:00,server_14,70.0
21:48:00,server_13,7885.41
21:48:00,server_11,89.86
21:48:00,server_20,0.0
21:48:00,server_9,32.31
21:48:00,server_1,45.98
21:48:00,server_2,119.03
21:48:00,server_3,75.43
21:48:00,server_4,55.88
21:48:00,server_10,61.06
21:48:00,server_6,134.38
21:48:00,server_7,914.91
21:48:00,server_8,7306.91
21:48:00,server_5,964.75
21:48:05,server_12,0.0
21:48:05,server_19,15.76
21:48:05,server_18,91.36
21:48:05,server_17,143.86
21:48:05,server_16,0.0
21:48:05,server_15,107.34
21:48:05,server_14,5910.57
21:48:05,server_13,6665.82
21:48:05,server_11,98.55
21:48:05,server_20,100.0
21:48:05,server_9,0.0
21:48:05,server_1,157.76
21:48:05,server_2,1400.81
21:48:05,server_3,37.97
21:48:05,server_4,34.64
21:48:05,server_10,0.0
21:48:05,server_6,78.54
21:48:05,server_7,30.76
21:48:05,server_8,141.92
21:48:05,server_5,37.12
21:48:10,server_11,56.1
21:48:10,server_19,5233.48
21:48:10,server_18,100.54
21:48:10,server_17,72.28
21:48:10,server_16,78.43
21:48:10,server_15,44.45
21:48:10,server_14,23.58
21:48:10,server_13,0.0
21:48:10,server_12,47.41
21:48:10,server_20,54.97
21:48:10,server_10,155.32
21:48:10,server_8,43.96
21:48:10,server_7,57.3
21:48:10,server_6,1134.67
21:48:10,server_5,633.31
21:48:10,server_4,25.02
21:48:10,server_3,93.69
21:48:10,server_2,89.65
21:48:10,server_1,0.0
21:48:10,server_9,79.46
21:48:15,server_12,111.25
21:48:15,server_20,170.99
21:48:15,server_14,0.0
21:48:15,server_19,51.26
21:48:15,server_16,0.0
21:48:15,server_17,1811.34
21:48:15,server_18,61.29
21:48:15,server_15,29.32
21:48:15,server_10,26.34
21:48:15,server_13,0.0
21:48:15,server_8,0.0
21:48:15,server_9,7871.36
21:48:15,server_1,24.79
21:48:15,server_2,74.86
21:48:15,server_3,24.75
21:48:15,server_11,94.06
21:48:15,server_5,0.0
21:48:15,server_6,32.55
21:48:15,server_4,7850.28
21:48:15,server_7,30.28
21:48:20,server_20,0.0
21:48:20,server_19,124.65
21:48:20,server_18,42.57
21:48:20,server_17,34.68
21:48:20,server_16,135.22
21:48:20,server_15,8.68
21:48:20,server_14,177.62
21:48:20,server_12,1400.94
21:48:20,server_11,37.5
21:48:20,server_13,67.28
21:48:20,server_9,109.97
21:48:20,server_10,55.54
21:48:20,server_2,177.98
21:48:20,server_3,7281.5
21:48:20,server_4,115.08
21:48:20,server_1,0.0
21:48:20,server_6,22.67
21:48:20,server_7,636.95
21:48:20,server_8,16.21
21:48:20,server_5,3.15
21:48:25,server_12,104.29
21:48:25,server_20,59.45
21:48:25,server_19,94.94
21:48:25,server_18,50.84
21:48:25,server_17,63.24
21:48:25,server_16,0.0
21:48:25,server_15,5664.41
21:48:25,server_14,0.0
21:48:25,server_13,70.73
21:48:25,server_11,31.15
21:48:25,server_3,99.12
21:48:25,server_9,38.95
21:48:25,server_8,94.01
21:48:25,server_7,3194.07
21:48:25,server_6,104.36
21:48:25,server_5,46.33
21:48:25,server_4,89.75
21:48:25,server_2,10.31
21:48:25,server_1,1178.74
21:48:25,server_10,0.0
21:48:30,server_13,8086.97
21:48:30,server_14,59.81
21:48:30,server_15,8054.07
21:48:30,server_16,90.63
21:48:30,server_20,5774.58
21:48:30,server_18,79.55
21:48:30,server_19,22.65
21:48:30,server_12,96.14
21:48:30,server_17,653.93
21:48:30,server_11,121.91
21:48:30,server_3,100.05
21:48:30,server_9,26.56
21:48:30,server_1,43.67
21:48:30,server_2,6.23
21:48:30,server_4,3428.53
21:48:30,server_10,32.08
21:48:30,server_6,105.36
21:48:30,server_7,0.0
21:48:30,server_8,6535.94
21:48:30,server_5,61.23
21:48:35,server_20,82.58
21:48:35,server_11,70.85
21:48:35,server_18,33.89
21:48:35,server_17,5113.29
21:48:35,server_16,77.22
21:48:35,server_15,4549.75
21:48:35,server_14,0.0
21:48:35,server_13,33.66
21:48:35,server_12,58.63
21:48:35,server_19,35.37
21:48:35,server_10,0.0
21:48:35,server_8,5902.96
21:48:35,server_7,11.59
21:48:35,server_6,810.92
21:48:35,server_5,71.53
21:48:35,server_4,27.64
21:48:35,server_3,0.0
21:48:35,server_2,0.0
21:48:35,server_1,1794.04
21:48:35,server_9,9792.1
21:48:40,server_13,64.11
21:48:40,server_14,6099.69
21:48:40,server_15,68.56
21:48:40,server_12,1723.23
21:48:40,server_17,78.0
21:48:40,server_18,1047.3
21:48:40,server_19,131.86
21:48:40,server_16,767.32
21:48:40,server_11,32.04
21:48:40,server_20,0.0
21:48:40,server_9,72.35
21:48:40,server_1,0.0
21:48:40,server_2,140.82
21:48:40,server_3,54.88
21:48:40,server_4,117.1
21:48:40,server_10,55.93
21:48:40,server_6,129.67
21:48:40,server_7,46.78
21:48:40,server_8,144.78
21:48:40,server_5,52.47
21:48:45,server_12,140.06
21:48:45,server_20,538.55
21:48:45,server_19,0.0
21:48:45,server_18,186.67
21:48:45,server_17,181.93
21:48:45,server_16,39.55
21:48:45,server_15,3904.99
21:48:45,server_14,89.62
21:48:45,server_13,851.59
21:48:45,server_11,81.44
21:48:45,server_3,9652.5
21:48:45,server_9,108.89
21:48:45,server_2,1752.18
21:48:45,server_10,7.74
21:48:45,server_4,61.7
21:48:45,server_1,27.59
21:48:45,server_6,159.41
21:48:45,server_7,46.56
21:48:45,server_8,52.68
21:48:45,server_5,96.96
21:48:50,server_13,1160.41
21:48:50,server_20,187.01
21:48:50,server_19,88.46
21:48:50,server_18,54.8
21:48:50,server_17,40.76
21:48:50,server_16,1615.77
21:48:50,server_15,1750.79
21:48:50,server_14,39.9
21:48:50,server_12,103.66
21:48:50,server_11,6537.21
21:48:50,server_1,42.41
21:48:50,server_9,592.18
21:48:50,server_8,79.24
21:48:50,server_7,0.0
21:48:50,server_6,70.77
21:48:50,server_5,89.92
21:48:50,server_4,0.0
21:48:50,server_3,87.64
21:48:50,server_2,6.5
21:48:50,server_10,7885.35
21:48:55,server_13,91.89
21:48:55,server_14,57.17
21:48:55,server_15,66.4
21:48:55,server_16,22.25
21:48:55,server_12,6.1
21:48:55,server_18,73.91
21:48:55,server_19,39.0
21:48:55,server_20,47.74
21:48:55,server_17,135.05
21:48:55,server_11,0.0
21:48:55,server_10,97.02
21:48:55,server_9,0.0
21:48:55,server_8,5.58
21:48:55,server_7,95.67
21:48:55,server_6,78.17
21:48:55,server_5,57.76
21:48:55,server_4,7.07
21:48:55,server_3,94.28
21:48:55,server_2,30.82
21:48:55,server_1,12.7
21:49:00,server_13,87.8
21:49:00,server_14,57.31
21:49:00,server_15,1130.82
21:49:00,server_16,155.67
21:49:00,server_20,1348.3
21:49:00,server_18,9.86
21:49:00,server_19,4844.46
21:49:00,server_12,120.3
21:49:00,server_17,8981.61
21:49:00,server_11,120.35
21:49:00,server_1,0.0
21:49:00,server_9,66.48
21:49:00,server_2,1484.32
21:49:00,server_3,4.73
21:49:00,server_4,1115.35
21:49:00,server_10,7854.97
21:49:00,server_6,37.99
21:49:00,server_7,0.0
21:49:00,server_8,141.82
21:49:00,server_5,54.34
21:49:05,server_12,0.0
21:49:05,server_19,29.81
21:49:05,server_18,60.91
21:49:05,server_17,159.99
21:49:05,server_16,9.73
21:49:05,server_15,519.89
21:49:05,server_14,101.45
21:49:05,server_13,63.95
21:49:05,server_20,134.34
21:49:05,server_11,0.0
21:49:05,server_9,9811.79
21:49:05,server_10,710.04
21:49:05,server_2,105.09
21:49:05,server_3,42.55
21:49:05,server_4,24.68
21:49:05,server_1,96.34
21:49:05,server_6,0.0
21:49:05,server_7,36.05
21:49:05,server_8,4673.88
21:49:05,server_5,16.02
21:49:10,server_11,49.64
21:49:10,server_19,121.79
21:49:10,server_18,125.6
21:49:10,server_17,1141.22
21:49:10,server_16,0.0
21:49:10,server_15,49.61
21:49:10,server_14,8993.99
21:49:10,server_13,1384.84
21:49:10,server_12,3445.44
21:49:10,server_20,4304.33
21:49:10,server_10,60.62
21:49:10,server_8,159.0
21:49:10,server_1,83.67
21:49:10,server_2,191.96
21:49:10,server_3,255.08
21:49:10,server_9,35.05
21:49:10,server_5,102.17
21:49:10,server_6,1333.34
21:49:10,server_7,54.76
21:49:10,server_4,134.41
21:49:15,server_12,73.19
21:49:15,server_19,0.0
21:49:15,server_18,15.94
21:49:15,server_17,547.56
21:49:15,server_16,39.41
21:49:15,server_15,4733.18
21:49:15,server_14,3653.86
21:49:15,server_13,87.18
21:49:15,server_11,116.71
21:49:15,server_20,1162.67
21:49:15,server_9,132.75
21:49:15,server_1,16.59
21:49:15,server_2,50.54
21:49:15,server_3,14.94
21:49:15,server_4,3187.29
21:49:15,server_10,103.02
21:49:15,server_6,64.98
21:49:15,server_7,76.52
21:49:15,server_8,69.67
21:49:15,server_5,1099.15
21:49:20,server_11,103.06
21:49:20,server_19,19.97
21:49:20,server_18,62.77
21:49:20,server_17,136.06
21:49:20,server_16,0.54
21:49:20,server_15,26.35
21:49:20,server_14,16.46
21:49:20,server_13,1115.96
21:49:20,server_12,76.63
21:49:20,server_20,0.0
21:49:20,server_10,6859.38
21:49:20,server_8,0.0
21:49:20,server_7,1419.88
21:49:20,server_6,30.85
21:49:20,server_5,126.22
21:49:20,server_4,142.61
21:49:20,server_3,43.03
21:49:20,server_2,191.21
21:49:20,server_1,4339.77
21:49:20,server_9,197.33
21:49:25,server_14,32.96
21:49:25,server_15,32.59
21:49:25,server_16,48.03
21:49:25,server_13,102.37
21:49:25,server_18,46.5
21:49:25,server_19,1004.0
21:49:25,server_20,27.58
21:49:25,server_17,807.36
21:49:25,server_12,70.24
21:49:25,server_11,88.81
21:49:25,server_1,0.0
21:49:25,server_9,0.0
21:49:25,server_8,32.35
21:49:25,server_7,0.0
21:49:25,server_6,33.86
21:49:25,server_5,46.52
21:49:25,server_4,9872.7
21:49:25,server_3,0.0
21:49:25,server_2,3784.61
21:49:25,server_10,1793.0
21:49:30,server_13,7330.49
21:49:30,server_14,9219.61
21:49:30,server_15,61.43
21:49:30,server_20,18.35
21:49:30,server_18,45.93
21:49:30,server_19,44.83
21:49:30,server_12,1385.7
21:49:30,server_16,54.32
21:49:30,server_11,81.02
21:49:30,server_17,61.0
21:49:30,server_9,76.33
21:49:30,server_10,1122.73
21:49:30,server_2,167.56
21:49:30,server_3,0.0
21:49:30,server_4,22.96
21:49:30,server_1,0.0
21:49:30,server_6,33.86
21:49:30,server_7,1262.83
21:49:30,server_8,18.78
21:49:30,server_5,81.62
21:49:35,server_20,60.65
21:49:35,server_12,107.41
21:49:35,server_19,50.3
21:49:35,server_18,83.52
21:49:35,server_17,64.33
21:49:35,server_16,69.31
21:49:35,server_15,138.29
21:49:35,server_14,1990.82
21:49:35,server_13,3653.39
21:49:35,server_11,9212.68
21:49:35,server_7,66.63
21:49:35,server_9,19.85
21:49:35,server_8,99.94
21:49:35,server_6,93.67
21:49:35,server_5,125.47
21:49:35,server_4,4957.05
21:49:35,server_3,147.14
21:49:35,server_2,124.02
21:49:35,server_1,164.74
21:49:35,server_10,81.72
21:49:40,server_15,145.86
21:49:40,server_13,713.43
21:49:40,server_14,1401.15
21:49:40,server_16,0.0
21:49:40,server_12,1455.72
21:49:40,server_18,33.03
21:49:40,server_19,0.0
21:49:40,server_20,7137.99
21:49:40,server_17,25.2
21:49:40,server_11,22.0
21:49:40,server_1,44.7
21:49:40,server_9,104.48
21:49:40,server_2,99.45
21:49:40,server_3,8.44
21:49:40,server_4,7625.4
21:49:40,server_10,30.98
21:49:40,server_6,57.13
21:49:40,server_7,142.69
21:49:40,server_8,7285.5
21:49:40,server_5,177.02
21:49:45,server_13,77.47
21:49:45,server_20,70.66
21:49:45,server_19,0.0
21:49:45,server_18,31.33
21:49:45,server_17,45.75
21:49:45,server_16,133.85
21:49:45,server_15,93.44
21:49:45,server_14,72.78
21:49:45,server_12,0.0
21:49:45,server_11,47.02
21:49:45,server_1,175.57
21:49:45,server_9,139.74
21:49:45,server_8,0.0
21:49:45,server_7,5202.6
21:49:45,server_6,125.05
21:49:45,server_5,115.39
21:49:45,server_4,79.92
21:49:45,server_3,29.96
21:49:45,server_2,82.4
21:49:45,server_10,4646.53
21:49:50,server_13,54.77
21:49:50,server_14,34.05
21:49:50,server_15,7915.82
21:49:50,server_16,91.49
21:49:50,server_12,120.2
21:49:50,server_18,1065.7
21:49:50,server_19,9301.41
21:49:50,server_20,54.14
21:49:50,server_17,182.77
21:49:50,server_11,60.27
21:49:50,server_1,0.0
21:49:50,server_9,30.6
21:49:50,server_8,91.58
21:49:50,server_7,994.06
21:49:50,server_6,55.2
21:49:50,server_5,36.96
21:49:50,server_4,34.87
21:49:50,server_3,91.21
21:49:50,server_2,38.38
21:49:50,server_10,152.09
21:49:55,server_13,136.13
21:49:55,server_14,48.31
21:49:55,server_15,57.35
21:49:55,server_16,43.1
21:49:55,server_20,33.62
21:49:55,server_18,48.5
21:49:55,server_19,68.53
21:49:55,server_12,22.84
21:49:55,server_17,156.78
21:49:55,server_11,0.0
21:49:55,server_1,23.44
21:49:55,server_9,87.31
21:49:55,server_2,0.0
21:49:55,server_3,36.77
21:49:55,server_4,77.36
21:49:55,server_10,44.78
21:49:55,server_6,70.69
21:49:55,server_7,133.46
21:49:55,server_8,0.0
21:49:55,server_5,8409.66
21:50:00,server_12,53.63
21:50:00,server_19,161.39
21:50:00,server_18,14.3
21:50:00,server_17,47.48
21:50:00,server_16,1780.86
21:50:00,server_15,83.81
21:50:00,server_14,0.0
21:50:00,server_13,87.68
21:50:00,server_20,637.21
21:50:00,server_11,1521.11
21:50:00,server_9,0.0
21:50:00,server_8,31.0
21:50:00,server_7,0.0
21:50:00,server_6,9833.23
21:50:00,server_5,42.19
21:50:00,server_4,143.85
21:50:00,server_3,0.0
21:50:00,server_2,6.86
21:50:00,server_1,8617.88
21:50:00,server_10,1253.06
21:50:05,server_13,800.81
21:50:05,server_14,144.94
21:50:05,server_15,92.31
21:50:05,server_16,0.0
21:50:05,server_12,60.42
21:50:05,server_18,114.68
21:50:05,server_19,146.63
21:50:05,server_20,85.08
21:50:05,server_17,42.85
21:50:05,server_11,524.89
21:50:05,server_10,31.66
21:50:05,server_9,35.48
21:50:05,server_8,8220.29
21:50:05,server_7,0.0
21:50:05,server_6,52.02
21:50:05,server_5,1588.3
21:50:05,server_4,29.68
21:50:05,server_3,44.25
21:50:05,server_2,3.5
21:50:05,server_1,81.73
21:50:10,server_13,39.73
21:50:10,server_14,76.25
21:50:10,server_15,1386.8
21:50:10,server_16,146.77
21:50:10,server_20,5679.8
21:50:10,server_18,13.85
21:50:10,server_19,1521.32
21:50:10,server_12,139.66
21:50:10,server_17,8017.54
21:50:10,server_11,9834.31
21:50:10,server_10,1290.57
21:50:10,server_9,0.0
21:50:10,server_2,4.21
21:50:10,server_3,91.16
21:50:10,server_4,66.02
21:50:10,server_1,673.52
21:50:10,server_6,40.33
21:50:10,server_7,29.64
21:50:10,server_8,0.0
21:50:10,server_5,10.99
21:50:15,server_12,136.88
21:50:15,server_19,106.14
21:50:15,server_18,4.6
21:50:15,server_17,740.07
21:50:15,server_16,10.34
21:50:15,server_15,113.26
21:50:15,server_14,80.89
21:50:15,server_13,173.7
21:50:15,server_11,862.69
21:50:15,server_20,159.65
21:50:15,server_9,31.19
21:50:15,server_1,100.93
21:50:15,server_2,28.38
21:50:15,server_3,6646.64
21:50:15,server_4,5553.21
21:50:15,server_10,8.7
21:50:15,server_6,87.17
21:50:15,server_7,1.3
21:50:15,server_8,2.85
21:50:15,server_5,98.73
21:50:20,server_12,61.42
21:50:20,server_19,102.39
21:50:20,server_18,6674.17
21:50:20,server_17,73.35
21:50:20,server_16,62.68
21:50:20,server_15,0.0
21:50:20,server_14,5.51
21:50:20,server_13,55.42
21:50:20,server_11,8.4
21:50:20,server_20,72.76
21:50:20,server_9,98.7
21:50:20,server_1,0.0
21:50:20,server_2,81.44
21:50:20,server_3,82.68
21:50:20,server_4,92.7
21:50:20,server_10,48.39
21:50:20,server_6,0.0
21:50:20,server_7,29.63
21:50:20,server_8,170.67
21:50:20,server_5,154.31
21:50:25,server_11,8.73
21:50:25,server_19,51.17
21:50:25,server_18,100.62
21:50:25,server_17,148.98
21:50:25,server_16,53.85
21:50:25,server_15,4123.54
21:50:25,server_14,0.0
21:50:25,server_13,130.48
21:50:25,server_12,90.75
21:50:25,server_20,10.84
21:50:25,server_10,182.17
21:50:25,server_8,0.0
21:50:25,server_7,191.01
21:50:25,server_6,4.92
21:50:25,server_5,937.19
21:50:25,server_4,52.97
21:50:25,server_3,30.85
21:50:25,server_2,101.84
21:50:25,server_1,173.95
21:50:25,server_9,0.0
21:50:30,server_13,193.14
21:50:30,server_14,7848.62
21:50:30,server_15,0.0
21:50:30,server_12,47.2
21:50:30,server_17,56.89
21:50:30,server_18,164.9
21:50:30,server_19,9422.49
21:50:30,server_16,10.01
21:50:30,server_11,67.72
21:50:30,server_20,153.63
21:50:30,server_9,35.5
21:50:30,server_1,8085.89
21:50:30,server_2,66.32
21:50:30,server_3,114.78
21:50:30,server_4,13.6
21:50:30,server_10,1851.42
21:50:30,server_6,53.79
21:50:30,server_7,28.75
21:50:30,server_8,1.7
21:50:30,server_5,127.73
21:50:35,server_19,5858.94
21:50:35,server_18,38.09
21:50:35,server_17,0.0
21:50:35,server_16,39.44
21:50:35,server_15,8273.68
21:50:35,server_14,58.04
21:50:35,server_13,0.0
21:50:35,server_12,173.37
21:50:35,server_11,94.84
21:50:35,server_20,91.54
21:50:35,server_9,40.31
21:50:35,server_1,0.25
21:50:35,server_2,41.38
21:50:35,server_3,91.13
21:50:35,server_4,30.38
21:50:35,server_10,57.94
21:50:35,server_6,20.04
21:50:35,server_7,7013.83
21:50:35,server_8,145.95
21:50:35,server_5,6046.25
21:50:40,server_11,3803.14
21:50:40,server_19,80.74
21:50:40,server_18,7413.89
21:50:40,server_17,0.0
21:50:40,server_16,0.0
21:50:40,server_15,6759.65
21:50:40,server_14,0.0
21:50:40,server_13,43.64
21:50:40,server_12,41.41
21:50:40,server_20,115.26
21:50:40,server_10,60.84
21:50:40,server_8,0.0
21:50:40,server_9,1463.99
21:50:40,server_1,100.14
21:50:40,server_2,1207.34
21:50:40,server_3,1737.66
21:50:40,server_5,41.02
21:50:40,server_6,56.19
21:50:40,server_7,75.2
21:50:40,server_4,29.13
21:50:45,server_20,5230.6
21:50:45,server_11,0.0
21:50:45,server_18,71.31
21:50:45,server_17,197.73
21:50:45,server_16,82.84
21:50:45,server_15,102.13
21:50:45,server_14,11.75
21:50:45,server_13,65.91
21:50:45,server_12,64.92
21:50:45,server_19,1414.65
21:50:45,server_10,71.1
21:50:45,server_8,180.86
21:50:45,server_1,5037.78
21:50:45,server_2,1249.89
21:50:45,server_3,103.52
21:50:45,server_9,9777.48
21:50:45,server_5,9150.38
21:50:45,server_6,3454.86
21:50:45,server_7,188.77
21:50:45,server_4,9848.6
21:50:50,server_12,89.49
21:50:50,server_19,38.9
21:50:50,server_18,0.0
21:50:50,server_17,54.38
21:50:50,server_16,14.41
21:50:50,server_15,13.15
21:50:50,server_14,100.69
21:50:50,server_13,29.88
21:50:50,server_11,157.39
21:50:50,server_20,27.71
21:50:50,server_9,851.23
21:50:50,server_1,89.14
21:50:50,server_2,82.85
21:50:50,server_3,71.03
21:50:50,server_4,31.22
21:50:50,server_10,0.0
21:50:50,server_6,56.69
21:50:50,server_7,9348.44
21:50:50,server_8,0.0
21:50:50,server_5,7211.54
21:50:55,server_11,1093.83
21:50:55,server_19,87.28
21:50:55,server_18,1721.98
21:50:55,server_17,80.65
21:50:55,server_16,70.69
21:50:55,server_15,1801.36
21:50:55,server_14,121.17
21:50:55,server_13,0.0
21:50:55,server_12,4.63
21:50:55,server_20,1220.33
21:50:55,server_10,47.61
21:50:55,server_8,707.59
21:50:55,server_7,0.0
21:50:55,server_6,71.83
21:50:55,server_5,5.31
21:50:55,server_4,44.87
21:50:55,server_3,50.49
21:50:55,server_2,0.0
21:50:55,server_1,77.44
21:50:55,server_9,704.94
21:51:00,server_13,0.99
21:51:00,server_14,58.8
21:51:00,server_15,191.89
21:51:00,server_12,31.88
21:51:00,server_17,50.72
21:51:00,server_18,25.47
21:51:00,server_19,91.15
21:51:00,server_16,73.57
21:51:00,server_11,99.28
21:51:00,server_20,83.02
21:51:00,server_9,79.6
21:51:00,server_1,6551.85
21:51:00,server_2,1703.63
21:51:00,server_3,1661.47
21:51:00,server_4,102.13
21:51:00,server_10,101.35
21:51:00,server_6,4018.38
21:51:00,server_7,88.03
21:51:00,server_8,33.79
21:51:00,server_5,192.56
21:51:05,server_12,9846.61
21:51:05,server_20,135.93
21:51:05,server_19,113.33
21:51:05,server_18,50.57
21:51:05,server_17,11.77
21:51:05,server_16,0.0
21:51:05,server_15,49.23
21:51:05,server_14,5477.85
21:51:05,server_13,84.27
21:51:05,server_11,1339.04
21:51:05,server_10,90.1
21:51:05,server_9,5861.45
21:51:05,server_2,833.85
21:51:05,server_3,45.07
21:51:05,server_4,167.07
21:51:05,server_1,0.0
21:51:05,server_6,145.68
21:51:05,server_7,0.0
21:51:05,server_8,93.94
21:51:05,server_5,5846.24
21:51:10,server_12,90.79
21:51:10,server_19,186.98
21:51:10,server_18,150.43
21:51:10,server_17,0.0
21:51:10,server_16,0.0
21:51:10,server_15,24.86
21:51:10,server_14,31.76
21:51:10,server_13,119.34
21:51:10,server_11,69.4
21:51:10,server_20,158.11
21:51:10,server_9,40.31
21:51:10,server_1,5266.73
21:51:10,server_2,156.28
21:51:10,server_3,37.26
21:51:10,server_4,0.0
21:51:10,server_10,1755.26
21:51:10,server_6,8.66
21:51:10,server_7,4432.53
21:51:10,server_8,81.75
21:51:10,server_5,2.88
21:51:15,server_12,44.57
21:51:15,server_19,36.64
21:51:15,server_18,102.7
21:51:15,server_17,157.2
21:51:15,server_16,123.02
21:51:15,server_15,0.0
21:51:15,server_14,60.87
21:51:15,server_13,0.0
21:51:15,server_11,3407.32
21:51:15,server_20,2.18
21:51:15,server_9,87.94
21:51:15,server_1,91.82
21:51:15,server_2,84.22
21:51:15,server_3,37.11
21:51:15,server_4,80.3
21:51:15,server_10,61.5
21:51:15,server_6,104.51
21:51:15,server_7,0.0
21:51:15,server_8,521.73
21:51:15,server_5,134.61
21:51:20,server_11,11.55
21:51:20,server_19,117.75
21:51:20,server_18,72.34
21:51:20,server_17,82.52
21:51:20,server_16,3820.59
21:51:20,server_15,88.22
21:51:20,server_14,140.62
21:51:20,server_13,100.97
21:51:20,server_12,116.49
21:51:20,server_20,1248.74
21:51:20,server_10,87.23
21:51:20,server_8,1526.17
21:51:20,server_7,42.9
21:51:20,server_6,70.12
21:51:20,server_5,14.33
21:51:20,server_4,0.0
21:51:20,server_3,82.58
21:51:20,server_2,48.2
21:51:20,server_1,122.51
21:51:20,server_9,85.48
21:51:25,server_13,65.73
21:51:25,server_14,8081.6
21:51:25,server_15,21.07
21:51:25,server_12,1169.51
21:51:25,server_17,578.84
21:51:25,server_18,80.2
21:51:25,server_19,9972.2
21:51:25,server_16,1881.14
21:51:25,server_11,76.81
21:51:25,server_20,20.91
21:51:25,server_9,0.0
21:51:25,server_1,63.81
21:51:25,server_2,8786.19
21:51:25,server_3,0.0
21:51:25,server_4,0.0
21:51:25,server_10,90.07
21:51:25,server_6,17.58
21:51:25,server_7,8689.17
21:51:25,server_8,0.0
21:51:25,server_5,97.49
21:51:30,server_19,13.45
21:51:30,server_18,110.89
21:51:30,server_17,18.02
21:51:30,server_16,53.27
21:51:30,server_15,23.61
21:51:30,server_14,55.98
21:51:30,server_13,104.71
21:51:30,server_12,5492.57
21:51:30,server_11,60.13
21:51:30,server_20,0.0
21:51:30,server_9,6.36
21:51:30,server_1,18.13
21:51:30,server_2,178.25
21:51:30,server_3,117.57
21:51:30,server_4,73.44
21:51:30,server_10,1089.02
21:51:30,server_6,111.47
21:51:30,server_7,9977.09
21:51:30,server_8,7100.06
21:51:30,server_5,130.99
21:51:35,server_11,102.07
21:51:35,server_19,683.66
21:51:35,server_18,71.19
21:51:35,server_17,0.0
21:51:35,server_16,16.78
21:51:35,server_15,0.0
21:51:35,server_14,33.63
21:51:35,server_13,642.35
21:51:35,server_12,91.22
21:51:35,server_20,9186.08
21:51:35,server_10,55.25
21:51:35,server_8,1.88
21:51:35,server_9,5832.18
21:51:35,server_1,155.86
21:51:35,server_2,132.29
21:51:35,server_3,142.17
21:51:35,server_5,49.61
21:51:35,server_6,0.0
21:51:35,server_7,68.52
21:51:35,server_4,67.66
21:51:40,server_20,21.31
21:51:40,server_11,30.04
21:51:40,server_18,96.24
21:51:40,server_17,72.77
21:51:40,server_16,45.88
21:51:40,server_15,75.26
21:51:40,server_14,73.05
21:51:40,server_13,1546.22
21:51:40,server_12,4.39
21:51:40,server_19,168.16
21:51:40,server_10,88.83
21:51:40,server_8,0.87
21:51:40,server_1,83.78
21:51:40,server_2,48.6
21:51:40,server_3,9213.96
21:51:40,server_9,55.82
21:51:40,server_5,176.93
21:51:40,server_6,62.98
21:51:40,server_7,52.0
21:51:40,server_4,113.51
21:51:45,server_12,40.26
21:51:45,server_19,75.31
21:51:45,server_18,5396.37
21:51:45,server_17,2.9
21:51:45,server_16,43.86
21:51:45,server_15,39.72
21:51:45,server_14,34.66
21:51:45,server_13,11.94
21:51:45,server_11,36.16
21:51:45,server_20,9094.87
21:51:45,server_9,7077.38
21:51:45,server_1,26.02
21:51:45,server_2,49.73
21:51:45,server_3,20.56
21:51:45,server_4,7111.77
21:51:45,server_10,128.09
21:51:45,server_6,7970.24
21:51:45,server_7,45.67
21:51:45,server_8,0.0
21:51:45,server_5,0.03
21:51:50,server_11,0.63
21:51:50,server_19,97.5
21:51:50,server_18,8298.61
21:51:50,server_17,0.0
21:51:50,server_16,31.04
21:51:50,server_15,0.0
21:51:50,server_14,55.73
21:51:50,server_13,45.57
21:51:50,server_12,35.89
21:51:50,server_20,42.24
21:51:50,server_10,53.62
21:51:50,server_8,0.0
21:51:50,server_7,92.47
21:51:50,server_6,1538.78
21:51:50,server_5,136.87
21:51:50,server_4,8558.93
21:51:50,server_3,94.54
21:51:50,server_2,0.0
21:51:50,server_1,0.0
21:51:50,server_9,1595.58
21:51:55,server_13,4.31
21:51:55,server_14,4.94
21:51:55,server_15,91.45
21:51:55,server_12,87.48
21:51:55,server_17,182.66
21:51:55,server_18,93.23
21:51:55,server_19,110.01
21:51:55,server_16,1087.68
21:51:55,server_11,1169.74
21:51:55,server_20,96.41
21:51:55,server_9,62.91
21:51:55,server_1,135.44
21:51:55,server_2,935.51
21:51:55,server_3,1991.1
21:51:55,server_4,0.0
21:51:55,server_10,45.81
21:51:55,server_6,561.23
21:51:55,server_7,38.99
21:51:55,server_8,42.13
21:51:55,server_5,183.12
21:52:00,server_20,55.33
21:52:00,server_19,64.69
21:52:00,server_18,0.0
21:52:00,server_17,23.2
21:52:00,server_16,53.77
21:52:00,server_15,81.79
21:52:00,server_14,0.0
21:52:00,server_12,0.0
21:52:00,server_11,995.11
21:52:00,server_13,104.39
21:52:00,server_9,193.3
21:52:00,server_10,8303.37
21:52:00,server_2,899.04
21:52:00,server_3,0.0
21:52:00,server_4,0.0
21:52:00,server_1,1468.9
21:52:00,server_6,58.09
21:52:00,server_7,143.83
21:52:00,server_8,6.72
21:52:00,server_5,71.22
21:52:05,server_12,140.44
21:52:05,server_20,192.86
21:52:05,server_19,56.08
21:52:05,server_18,46.25
21:52:05,server_17,77.62
21:52:05,server_16,1086.11
21:52:05,server_15,64.83
21:52:05,server_14,510.17
21:52:05,server_13,149.1
21:52:05,server_11,8.68
21:52:05,server_3,98.87
21:52:05,server_9,79.99
21:52:05,server_10,109.96
21:52:05,server_2,18.64
21:52:05,server_4,25.99
21:52:05,server_1,147.61
21:52:05,server_6,58.39
21:52:05,server_7,18.46
21:52:05,server_8,128.68
21:52:05,server_5,44.25
21:52:10,server_12,77.11
21:52:10,server_19,199.88
21:52:10,server_18,4215.05
21:52:10,server_17,0.0
21:52:10,server_16,114.14
21:52:10,server_15,121.57
21:52:10,server_14,1848.21
21:52:10,server_20,0.0
21:52:10,server_11,1091.48
21:52:10,server_13,17.87
21:52:10,server_9,97.06
21:52:10,server_1,1.46
21:52:10,server_2,0.0
21:52:10,server_3,99.51
21:52:10,server_4,1937.78
21:52:10,server_10,75.33
21:52:10,server_6,11.35
21:52:10,server_7,3679.53
21:52:10,server_8,187.07
21:52:10,server_5,197.71
21:52:15,server_19,129.37
21:52:15,server_18,79.89
21:52:15,server_17,2.64
21:52:15,server_16,3455.81
21:52:15,server_15,0.0
21:52:15,server_14,0.0
21:52:15,server_13,71.6
21:52:15,server_12,172.87
21:52:15,server_11,145.24
21:52:15,server_20,159.9
21:52:15,server_9,31.7
21:52:15,server_1,0.0
21:52:15,server_2,6627.26
21:52:15,server_3,176.02
21:52:15,server_4,70.43
21:52:15,server_10,26.2
21:52:15,server_6,96.06
21:52:15,server_7,0.0
21:52:15,server_8,172.15
21:52:15,server_5,782.64
21:52:20,server_11,122.12
21:52:20,server_19,64.07
21:52:20,server_18,5075.35
21:52:20,server_17,105.25
21:52:20,server_16,112.5
21:52:20,server_15,0.0
21:52:20,server_14,8.29
21:52:20,server_13,3472.4
21:52:20,server_12,6531.41
21:52:20,server_20,6274.4
21:52:20,server_10,87.99
21:52:20,server_8,169.2
21:52:20,server_9,93.38
21:52:20,server_1,31.92
21:52:20,server_2,87.23
21:52:20,server_3,1604.6
21:52:20,server_5,1646.37
21:52:20,server_6,0.0
21:52:20,server_7,86.02
21:52:20,server_4,51.84
21:52:25,server_20,4238.83
21:52:25,server_11,42.47
21:52:25,server_18,127.41
21:52:25,server_17,115.43
21:52:25,server_16,25.96
21:52:25,server_15,1251.57
21:52:25,server_14,1402.72
21:52:25,server_13,63.01
21:52:25,server_12,0.0
21:52:25,server_19,5310.05
21:52:25,server_10,17.22
21:52:25,server_8,66.73
21:52:25,server_1,10.23
21:52:25,server_2,1.17
21:52:25,server_3,40.36
21:52:25,server_9,4981.86
21:52:25,server_5,783.49
21:52:25,server_6,1116.55
21:52:25,server_7,0.29
21:52:25,server_4,1658.36
21:52:30,server_20,163.48
21:52:30,server_19,45.39
21:52:30,server_18,0.0
21:52:30,server_17,4.22
21:52:30,server_16,80.2
21:52:30,server_15,185.52
21:52:30,server_14,39.75
21:52:30,server_12,128.91
21:52:30,server_11,75.67
21:52:30,server_13,56.73
21:52:30,server_9,0.0
21:52:30,server_10,505.16
21:52:30,server_2,99.7
21:52:30,server_3,75.09
21:52:30,server_4,48.69
21:52:30,server_1,92.94
21:52:30,server_6,37.53
21:52:30,server_7,53.65
21:52:30,server_8,180.34
21:52:30,server_5,25.98
21:52:35,server_12,82.59
21:52:35,server_19,59.49
21:52:35,server_18,89.09
21:52:35,server_20,54.91
21:52:35,server_17,190.71
21:52:35,server_16,91.41
21:52:35,server_15,12.53
21:52:35,server_14,37.22
21:52:35,server_13,118.23
21:52:35,server_11,64.41
21:52:35,server_3,0.0
21:52:35,server_9,5224.87
21:52:35,server_10,27.3
21:52:35,server_2,123.7
21:52:35,server_4,83.19
21:52:35,server_1,16.03
21:52:35,server_6,1654.4
21:52:35,server_7,81.05
21:52:35,server_8,67.39
21:52:35,server_5,81.3
21:52:40,server_11,4.41
21:52:40,server_20,66.62
21:52:40,server_18,24.74
21:52:40,server_17,32.13
21:52:40,server_16,26.1
21:52:40,server_15,82.92
21:52:40,server_14,51.68
21:52:40,server_13,48.97
21:52:40,server_12,56.82
21:52:40,server_19,154.43
21:52:40,server_10,22.11
21:52:40,server_8,81.36
21:52:40,server_1,26.38
21:52:40,server_2,161.97
21:52:40,server_3,12.92
21:52:40,server_9,77.17
21:52:40,server_5,177.24
21:52:40,server_6,63.91
21:52:40,server_7,33.82
21:52:40,server_4,54.92
21:52:45,server_12,85.99
21:52:45,server_19,24.78
21:52:45,server_18,101.05
21:52:45,server_17,28.64
21:52:45,server_16,0.0
21:52:45,server_15,83.97
21:52:45,server_14,0.0
21:52:45,server_13,0.0
21:52:45,server_11,47.02
21:52:45,server_20,36.6
21:52:45,server_9,172.18
21:52:45,server_1,159.06
21:52:45,server_2,95.0
21:52:45,server_3,78.82
21:52:45,server_4,112.14
21:52:45,server_10,97.94
21:52:45,server_6,65.86
21:52:45,server_7,6458.93
21:52:45,server_8,124.48
21:52:45,server_5,92.77
21:52:50,server_11,48.48
21:52:50,server_19,185.55
21:52:50,server_18,15.96
21:52:50,server_17,1306.21
21:52:50,server_16,70.72
21:52:50,server_15,6.42
21:52:50,server_14,186.48
21:52:50,server_13,1434.21
21:52:50,server_12,35.84
21:52:50,server_20,166.96
21:52:50,server_10,67.09
21:52:50,server_8,5172.96
21:52:50,server_7,0.0
21:52:50,server_6,0.0
21:52:50,server_5,44.88
21:52:50,server_4,22.28
21:52:50,server_3,59.64
21:52:50,server_2,43.63
21:52:50,server_1,1800.12
21:52:50,server_9,126.21
21:52:55,server_13,143.64
21:52:55,server_14,89.12
21:52:55,server_15,8440.6
21:52:55,server_12,170.05
21:52:55,server_17,97.23
21:52:55,server_18,1582.48
21:52:55,server_19,53.06
21:52:55,server_16,127.11
21:52:55,server_11,15.73
21:52:55,server_20,825.97
21:52:55,server_9,0.0
21:52:55,server_1,146.75
21:52:55,server_2,3310.99
21:52:55,server_3,107.79
21:52:55,server_4,26.3
21:52:55,server_10,13.96
21:52:55,server_6,68.35
21:52:55,server_7,107.51
21:52:55,server_8,0.0
21:52:55,server_5,164.04
21:53:00,server_12,23.49
21:53:00,server_20,1829.78
21:53:00,server_19,48.29
21:53:00,server_18,45.86
21:53:00,server_17,53.22
21:53:00,server_16,56.93
21:53:00,server_15,86.38
21:53:00,server_14,49.29
21:53:00,server_13,104.67
21:53:00,server_11,102.68
21:53:00,server_10,86.56
21:53:00,server_9,136.7
21:53:00,server_2,100.56
21:53:00,server_3,0.0
21:53:00,server_4,9105.22
21:53:00,server_1,108.81
21:53:00,server_6,0.0
21:53:00,server_7,62.67
21:53:00,server_8,80.6
21:53:00,server_5,0.0
21:53:05,server_12,110.72
21:53:05,server_19,5138.15
21:53:05,server_18,1080.58
21:53:05,server_17,110.37
21:53:05,server_16,141.53
21:53:05,server_15,9.34
21:53:05,server_14,83.41
21:53:05,server_13,6887.52
21:53:05,server_11,163.3
21:53:05,server_20,68.2
21:53:05,server_9,0.0
21:53:05,server_1,41.37
21:53:05,server_2,49.41
21:53:05,server_3,85.45
21:53:05,server_4,63.63
21:53:05,server_10,7539.18
21:53:05,server_6,0.0
21:53:05,server_7,83.63
21:53:05,server_8,1415.62
21:53:05,server_5,33.6
21:53:10,server_12,52.93
21:53:10,server_19,149.95
21:53:10,server_18,0.0
21:53:10,server_17,5214.14
21:53:10,server_16,3886.58
21:53:10,server_15,29.37
21:53:10,server_14,3877.48
21:53:10,server_13,99.36
21:53:10,server_11,111.79
21:53:10,server_20,17.36
21:53:10,server_9,1828.07
21:53:10,server_1,68.56
21:53:10,server_2,153.45
21:53:10,server_3,1.39
21:53:10,server_4,8.8
21:53:10,server_10,23.24
21:53:10,server_6,1399.57
21:53:10,server_7,7093.45
21:53:10,server_8,77.22
21:53:10,server_5,7179.45
21:53:15,server_11,29.69
21:53:15,server_19,110.26
21:53:15,server_18,113.03
21:53:15,server_17,39.04
21:53:15,server_16,102.62
21:53:15,server_15,1913.67
21:53:15,server_14,49.65
21:53:15,server_13,1189.28
21:53:15,server_12,0.0
21:53:15,server_20,5.2
21:53:15,server_10,114.4
21:53:15,server_8,0.0
21:53:15,server_7,44.12
21:53:15,server_6,0.0
21:53:15,server_5,75.4
21:53:15,server_4,1503.46
21:53:15,server_3,1983.41
21:53:15,server_2,45.56
21:53:15,server_1,62.0
21:53:15,server_9,61.21
21:53:20,server_13,9405.92
21:53:20,server_14,32.13
21:53:20,server_15,115.1
21:53:20,server_12,0.0
21:53:20,server_17,5699.2
21:53:20,server_18,101.49
21:53:20,server_19,129.24
21:53:20,server_16,50.89
21:53:20,server_11,1634.46
21:53:20,server_20,16.9
21:53:20,server_9,67.16
21:53:20,server_1,68.39
21:53:20,server_2,78.73
21:53:20,server_3,104.07
21:53:20,server_4,62.96
21:53:20,server_10,119.5
21:53:20,server_6,1146.6
21:53:20,server_7,119.7
21:53:20,server_8,45.51
21:53:20,server_5,25.41
21:53:25,server_19,68.56
21:53:25,server_18,0.0
21:53:25,server_17,97.05
21:53:25,server_16,103.68
21:53:25,server_15,22.85
21:53:25,server_14,69.99
21:53:25,server_13,53.52
21:53:25,server_12,40.86
21:53:25,server_11,41.99
21:53:25,server_20,37.17
21:53:25,server_9,132.97
21:53:25,server_1,121.58
21:53:25,server_2,22.77
21:53:25,server_3,1927.6
21:53:25,server_4,0.0
21:53:25,server_10,118.77
21:53:25,server_6,9312.75
21:53:25,server_7,0.0
21:53:25,server_8,0.0
21:53:25,server_5,61.62
21:53:30,server_11,46.95
21:53:30,server_19,3551.57
21:53:30,server_18,1439.16
21:53:30,server_17,74.01
21:53:30,server_16,71.58
21:53:30,server_15,91.12
21:53:30,server_14,1685.79
21:53:30,server_13,75.84
21:53:30,server_12,1476.41
21:53:30,server_20,56.47
21:53:30,server_10,69.27
21:53:30,server_8,1942.94
21:53:30,server_9,98.18
21:53:30,server_1,110.22
21:53:30,server_2,3304.66
21:53:30,server_3,8631.64
21:53:30,server_5,9071.04
21:53:30,server_6,5.77
21:53:30,server_7,91.37
21:53:30,server_4,92.33
21:53:35,server_20,79.43
21:53:35,server_11,5505.35
21:53:35,server_18,29.89
21:53:35,server_17,39.82
21:53:35,server_16,15.39
21:53:35,server_15,117.08
21:53:35,server_14,114.89
21:53:35,server_13,9171.16
21:53:35,server_12,88.48
21:53:35,server_19,0.0
21:53:35,server_10,0.0
21:53:35,server_8,0.0
21:53:35,server_1,106.62
21:53:35,server_2,0.0
21:53:35,server_3,55.13
21:53:35,server_9,0.0
21:53:35,server_5,65.26
21:53:35,server_6,34.23
21:53:35,server_7,82.97
21:53:35,server_4,157.13
21:53:40,server_13,56.48
21:53:40,server_20,77.58
21:53:40,server_19,81.98
21:53:40,server_18,58.96
21:53:40,server_17,0.0
21:53:40,server_16,104.79
21:53:40,server_15,39.99
21:53:40,server_14,86.02
21:53:40,server_12,150.4
21:53:40,server_11,52.8
21:53:40,server_1,68.16
21:53:40,server_9,0.0
21:53:40,server_8,87.97
21:53:40,server_7,0.0
21:53:40,server_6,67.56
21:53:40,server_5,9703.56
21:53:40,server_4,0.0
21:53:40,server_3,61.55
21:53:40,server_2,70.31
21:53:40,server_10,148.63
21:53:45,server_13,1976.59
21:53:45,server_14,105.29
21:53:45,server_15,78.23
21:53:45,server_16,78.97
21:53:45,server_12,138.22
21:53:45,server_18,127.07
21:53:45,server_19,6164.0
21:53:45,server_20,725.07
21:53:45,server_17,141.36
21:53:45,server_11,5.72
21:53:45,server_1,52.88
21:53:45,server_9,100.96
21:53:45,server_8,75.51
21:53:45,server_7,45.5
21:53:45,server_6,83.33
21:53:45,server_5,96.35
21:53:45,server_4,121.53
21:53:45,server_3,1402.12
21:53:45,server_2,152.27
21:53:45,server_10,49.31
21:53:50,server_13,0.0
21:53:50,server_14,112.84
21:53:50,server_15,150.23
21:53:50,server_16,582.36
21:53:50,server_20,67.56
21:53:50,server_18,34.1
21:53:50,server_19,1400.49
21:53:50,server_12,70.53
21:53:50,server_17,66.5
21:53:50,server_11,183.04
21:53:50,server_10,0.0
21:53:50,server_9,71.11
21:53:50,server_8,150.6
21:53:50,server_7,80.54
21:53:50,server_6,149.71
21:53:50,server_5,158.01
21:53:50,server_4,114.01
21:53:50,server_3,1682.66
21:53:50,server_2,1789.98
21:53:50,server_1,90.11
21:53:55,server_13,1.49
21:53:55,server_14,1971.25
21:53:55,server_15,99.24
21:53:55,server_16,42.44
21:53:55,server_20,4159.34
21:53:55,server_18,1723.98
21:53:55,server_19,80.48
21:53:55,server_12,164.33
21:53:55,server_17,6954.38
21:53:55,server_11,0.0
21:53:55,server_10,77.95
21:53:55,server_9,742.08
21:53:55,server_2,174.06
21:53:55,server_3,168.98
21:53:55,server_4,45.33
21:53:55,server_1,120.21
21:53:55,server_6,74.56
21:53:55,server_7,0.0
21:53:55,server_8,0.45
21:53:55,server_5,107.3
21:54:00,server_12,3042.86
21:54:00,server_19,4655.57
21:54:00,server_18,0.0
21:54:00,server_17,59.47
21:54:00,server_16,1837.1
21:54:00,server_15,96.42
21:54:00,server_14,8.69
21:54:00,server_13,44.36
21:54:00,server_11,0.0
21:54:00,server_20,140.39
21:54:00,server_9,37.69
21:54:00,server_1,138.36
21:54:00,server_2,1401.69
21:54:00,server_3,1760.81
21:54:00,server_4,7.08
21:54:00,server_10,72.98
21:54:00,server_6,63.44
21:54:00,server_7,69.32
21:54:00,server_8,108.49
21:54:00,server_5,7926.23
21:54:05,server_12,170.85
21:54:05,server_19,127.06
21:54:05,server_18,126.35
21:54:05,server_17,21.83
21:54:05,server_16,9910.91
21:54:05,server_15,3.52
21:54:05,server_14,92.79
21:54:05,server_13,63.77
21:54:05,server_11,99.34
21:54:05,server_20,185.08
21:54:05,server_9,49.91
21:54:05,server_1,51.03
21:54:05,server_2,121.38
21:54:05,server_3,0.0
21:54:05,server_4,657.22
21:54:05,server_10,68.0
21:54:05,server_6,105.27
21:54:05,server_7,67.91
21:54:05,server_8,1.54
21:54:05,server_5,93.81
21:54:10,server_11,35.03
21:54:10,server_19,813.32
21:54:10,server_18,12.65
21:54:10,server_17,75.97
21:54:10,server_16,140.79
21:54:10,server_15,80.88
21:54:10,server_14,25.68
21:54:10,server_13,22.33
21:54:10,server_12,87.76
21:54:10,server_20,1.67
21:54:10,server_10,1914.8
21:54:10,server_8,62.32
21:54:10,server_7,151.57
21:54:10,server_6,94.9
21:54:10,server_5,87.28
21:54:10,server_4,17.36
21:54:10,server_3,17.23
21:54:10,server_2,1922.98
21:54:10,server_1,95.7
21:54:10,server_9,22.91
21:54:15,server_13,10.64
21:54:15,server_14,21.77
21:54:15,server_15,6.65
21:54:15,server_12,95.2
21:54:15,server_17,96.15
21:54:15,server_18,71.34
21:54:15,server_19,61.61
21:54:15,server_16,0.0
21:54:15,server_11,103.23
21:54:15,server_20,55.72
21:54:15,server_9,71.74
21:54:15,server_1,65.48
21:54:15,server_2,14.61
21:54:15,server_3,6585.34
21:54:15,server_4,143.48
21:54:15,server_10,975.5
21:54:15,server_6,0.0
21:54:15,server_7,107.67
21:54:15,server_8,175.01
21:54:15,server_5,31.56
21:54:20,server_19,14.2
21:54:20,server_18,209.49
21:54:20,server_17,18.97
21:54:20,server_16,84.09
21:54:20,server_15,9410.7
21:54:20,server_14,12.31
21:54:20,server_13,1549.17
21:54:20,server_12,41.69
21:54:20,server_11,66.77
21:54:20,server_20,105.78
21:54:20,server_9,5232.84
21:54:20,server_1,32.3
21:54:20,server_2,76.72
21:54:20,server_3,83.54
21:54:20,server_4,27.07
21:54:20,server_10,127.08
21:54:20,server_6,4530.72
21:54:20,server_7,128.56
21:54:20,server_8,4836.97
21:54:20,server_5,27.34
21:54:25,server_11,73.2
21:54:25,server_19,60.91
21:54:25,server_18,21.49
21:54:25,server_17,31.86
21:54:25,server_16,70.95
21:54:25,server_15,99.27
21:54:25,server_14,88.63
21:54:25,server_13,126.33
21:54:25,server_12,4549.32
21:54:25,server_20,22.65
21:54:25,server_10,50.8
21:54:25,server_8,74.24
21:54:25,server_9,76.94
21:54:25,server_1,88.23
21:54:25,server_2,13.51
21:54:25,server_3,0.0
21:54:25,server_5,86.98
21:54:25,server_6,0.0
21:54:25,server_7,56.18
21:54:25,server_4,1355.78
21:54:30,server_20,77.72
21:54:30,server_11,40.02
21:54:30,server_18,67.27
21:54:30,server_17,8.88
21:54:30,server_16,52.32
21:54:30,server_15,118.16
21:54:30,server_14,59.54
21:54:30,server_13,135.59
21:54:30,server_12,28.97
21:54:30,server_19,88.5
21:54:30,server_10,1291.42
21:54:30,server_8,116.06
21:54:30,server_1,1008.11
21:54:30,server_2,17.43
21:54:30,server_3,59.17
21:54:30,server_9,9515.02
21:54:30,server_5,681.69
21:54:30,server_6,66.3
21:54:30,server_7,116.11
21:54:30,server_4,72.7
21:54:35,server_12,105.59
21:54:35,server_19,3457.95
21:54:35,server_18,22.18
21:54:35,server_17,113.39
21:54:35,server_16,50.58
21:54:35,server_15,0.0
21:54:35,server_14,0.0
21:54:35,server_13,158.09
21:54:35,server_11,8894.43
21:54:35,server_20,0.0
21:54:35,server_9,15.69
21:54:35,server_1,88.33
21:54:35,server_2,104.08
21:54:35,server_3,127.98
21:54:35,server_4,0.0
21:54:35,server_10,58.67
21:54:35,server_6,0.0
21:54:35,server_7,8720.03
21:54:35,server_8,199.96
21:54:35,server_5,102.1
21:54:40,server_11,62.53
21:54:40,server_19,18.35
21:54:40,server_18,118.43
21:54:40,server_17,0.0
21:54:40,server_16,9255.16
21:54:40,server_15,148.04
21:54:40,server_14,530.77
21:54:40,server_13,1581.55
21:54:40,server_12,24.68
21:54:40,server_20,110.63
21:54:40,server_10,9702.93
21:54:40,server_8,55.57
21:54:40,server_7,196.73
21:54:40,server_6,52.82
21:54:40,server_5,69.99
21:54:40,server_4,50.17
21:54:40,server_3,51.46
21:54:40,server_2,0.0
21:54:40,server_1,1641.75
21:54:40,server_9,5.07
21:54:45,server_13,0.0
21:54:45,server_14,0.0
21:54:45,server_15,32.12
21:54:45,server_12,98.04
21:54:45,server_17,31.01
21:54:45,server_18,6153.15
21:54:45,server_19,796.09
21:54:45,server_16,32.53
21:54:45,server_11,72.89
21:54:45,server_20,148.61
21:54:45,server_9,20.25
21:54:45,server_1,1124.29
21:54:45,server_2,1.55
21:54:45,server_3,123.65
21:54:45,server_4,43.86
21:54:45,server_10,75.35
21:54:45,server_6,56.62
21:54:45,server_7,63.29
21:54:45,server_8,3340.16
21:54:45,server_5,93.91
21:54:50,server_12,69.8
21:54:50,server_20,69.56
21:54:50,server_19,0.0
21:54:50,server_18,24.58
21:54:50,server_17,1340.28
21:54:50,server_16,186.25
21:54:50,server_15,22.87
21:54:50,server_14,34.36
21:54:50,server_13,65.92
21:54:50,server_11,13.25
21:54:50,server_10,512.94
21:54:50,server_9,1921.76
21:54:50,server_2,18.09
21:54:50,server_3,0.0
21:54:50,server_4,133.76
21:54:50,server_1,8419.02
21:54:50,server_6,658.81
21:54:50,server_7,106.54
21:54:50,server_8,0.0
21:54:50,server_5,6545.15
21:54:55,server_12,66.21
21:54:55,server_19,55.62
21:54:55,server_18,79.57
21:54:55,server_17,74.3
21:54:55,server_16,54.55
21:54:55,server_15,37.65
21:54:55,server_14,132.18
21:54:55,server_13,34.51
21:54:55,server_11,74.25
21:54:55,server_20,41.82
21:54:55,server_9,79.97
21:54:55,server_1,842.64
21:54:55,server_2,135.99
21:54:55,server_3,42.06
21:54:55,server_4,108.11
21:54:55,server_10,0.0
21:54:55,server_6,25.86
21:54:55,server_7,68.8
21:54:55,server_8,0.0
21:54:55,server_5,3990.61
21:55:00,server_12,12.7
21:55:00,server_19,37.83
21:55:00,server_18,1722.24
21:55:00,server_17,3224.52
21:55:00,server_16,88.29
21:55:00,server_15,189.6
21:55:00,server_14,52.97
21:55:00,server_13,55.41
21:55:00,server_11,0.0
21:55:00,server_20,93.41
21:55:00,server_9,7727.96
21:55:00,server_1,87.93
21:55:00,server_2,105.64
21:55:00,server_3,2.51
21:55:00,server_4,101.91
21:55:00,server_10,1800.67
21:55:00,server_6,118.91
21:55:00,server_7,127.47
21:55:00,server_8,71.22
21:55:00,server_5,73.58
21:55:05,server_11,4.75
21:55:05,server_19,75.89
21:55:05,server_18,44.49
21:55:05,server_17,0.0
21:55:05,server_16,3261.94
21:55:05,server_15,135.32
21:55:05,server_14,105.42
21:55:05,server_13,30.39
21:55:05,server_12,34.63
21:55:05,server_20,12.48
21:55:05,server_10,0.0
21:55:05,server_8,63.94
21:55:05,server_7,146.07
21:55:05,server_6,61.24
21:55:05,server_5,87.32
21:55:05,server_4,104.3
21:55:05,server_3,179.31
21:55:05,server_2,29.92
21:55:05,server_1,32.37
21:55:05,server_9,4894.5
21:55:10,server_13,0.0
21:55:10,server_14,168.56
21:55:10,server_15,8987.05
21:55:10,server_12,109.3
21:55:10,server_17,63.97
21:55:10,server_18,43.25
21:55:10,server_19,133.52
21:55:10,server_16,56.29
21:55:10,server_11,9004.8
21:55:10,server_20,108.93
21:55:10,server_9,37.98
21:55:10,server_1,1182.59
21:55:10,server_2,11.66
21:55:10,server_3,25.41
21:55:10,server_4,50.04
21:55:10,server_10,3485.12
21:55:10,server_6,9481.59
21:55:10,server_7,0.0
21:55:10,server_8,986.97
21:55:10,server_5,59.02
21:55:15,server_19,42.39
21:55:15,server_18,195.95
21:55:15,server_17,170.85
21:55:15,server_16,127.03
21:55:15,server_15,100.43
21:55:15,server_14,2.23
21:55:15,server_13,1922.67
21:55:15,server_12,77.3
21:55:15,server_11,129.86
21:55:15,server_20,85.75
21:55:15,server_9,60.07
21:55:15,server_1,35.35
21:55:15,server_2,77.01
21:55:15,server_3,29.0
21:55:15,server_4,10.29
21:55:15,server_10,6119.08
21:55:15,server_6,1303.03
21:55:15,server_7,41.63
21:55:15,server_8,9412.23
21:55:15,server_5,89.21
21:55:20,server_11,0.0
21:55:20,server_19,63.49
21:55:20,server_18,17.57
21:55:20,server_17,68.37
21:55:20,server_16,211.92
21:55:20,server_15,103.71
21:55:20,server_14,73.05
21:55:20,server_13,143.43
21:55:20,server_12,1249.22
21:55:20,server_20,0.0
21:55:20,server_10,0.0
21:55:20,server_8,169.64
21:55:20,server_9,61.56
21:55:20,server_1,849.54
21:55:20,server_2,3907.41
21:55:20,server_3,4106.43
21:55:20,server_5,57.41
21:55:20,server_6,92.06
21:55:20,server_7,59.04
21:55:20,server_4,86.7
21:55:25,server_20,1321.75
21:55:25,server_11,8713.63
21:55:25,server_18,4077.69
21:55:25,server_17,125.69
21:55:25,server_16,216.88
21:55:25,server_15,33.93
21:55:25,server_14,71.88
21:55:25,server_13,6952.57
21:55:25,server_12,96.91
21:55:25,server_19,39.62
21:55:25,server_10,161.35
21:55:25,server_8,79.5
21:55:25,server_1,0.0
21:55:25,server_2,1991.77
21:55:25,server_3,1857.05
21:55:25,server_9,78.35
21:55:25,server_5,9185.61
21:55:25,server_6,732.03
21:55:25,server_7,1288.37
21:55:25,server_4,50.71
21:55:30,server_12,4164.16
21:55:30,server_19,6802.22
21:55:30,server_18,35.51
21:55:30,server_17,85.59
21:55:30,server_16,144.02
21:55:30,server_15,34.45
21:55:30,server_14,109.29
21:55:30,server_13,71.12
21:55:30,server_11,82.04
21:55:30,server_20,6845.27
21:55:30,server_9,7.33
21:55:30,server_1,5.73
21:55:30,server_2,10.68
21:55:30,server_3,8977.6
21:55:30,server_4,0.0
21:55:30,server_10,120.26
21:55:30,server_6,9473.2
21:55:30,server_7,110.65
21:55:30,server_8,120.72
21:55:30,server_5,66.98
21:55:35,server_11,80.59
21:55:35,server_19,7252.91
21:55:35,server_18,8477.32
21:55:35,server_17,0.0
21:55:35,server_16,59.74
21:55:35,server_15,155.95
21:55:35,server_14,92.33
21:55:35,server_13,8664.19
21:55:35,server_12,145.24
21:55:35,server_20,95.14
21:55:35,server_10,28.98
21:55:35,server_8,1337.45
21:55:35,server_7,998.91
21:55:35,server_6,6979.46
21:55:35,server_5,60.29
21:55:35,server_4,104.24
21:55:35,server_3,69.15
21:55:35,server_2,120.19
21:55:35,server_1,76.22
21:55:35,server_9,144.07
21:55:40,server_13,64.88
21:55:40,server_14,138.4
21:55:40,server_15,72.69
21:55:40,server_12,113.14
21:55:40,server_17,972.21
21:55:40,server_18,46.28
21:55:40,server_19,0.0
21:55:40,server_16,28.64
21:55:40,server_11,107.9
21:55:40,server_20,47.25
21:55:40,server_9,112.51
21:55:40,server_1,36.75
21:55:40,server_2,11.27
21:55:40,server_3,26.45
21:55:40,server_4,130.69
21:55:40,server_10,1759.02
21:55:40,server_6,37.89
21:55:40,server_7,8450.88
21:55:40,server_8,126.75
21:55:40,server_5,122.12
21:55:45,server_20,0.0
21:55:45,server_19,106.96
21:55:45,server_18,24.16
21:55:45,server_17,102.05
21:55:45,server_16,1430.11
21:55:45,server_15,1313.61
21:55:45,server_14,70.19
21:55:45,server_12,46.51
21:55:45,server_11,52.4
21:55:45,server_13,4669.01
21:55:45,server_9,41.47
21:55:45,server_10,876.13
21:55:45,server_2,97.94
21:55:45,server_3,64.78
21:55:45,server_4,0.0
21:55:45,server_1,29.59
21:55:45,server_6,130.05
21:55:45,server_7,5.52
21:55:45,server_8,58.43
21:55:45,server_5,24.84
21:55:50,server_12,83.89
21:55:50,server_20,128.17
21:55:50,server_19,173.33
21:55:50,server_18,183.16
21:55:50,server_17,134.46
21:55:50,server_16,17.87
21:55:50,server_15,1109.73
21:55:50,server_14,3864.34
21:55:50,server_13,1986.31
21:55:50,server_11,79.7
21:55:50,server_3,73.93
21:55:50,server_9,42.52
21:55:50,server_10,6.32
21:55:50,server_2,13.21
21:55:50,server_4,11.67
21:55:50,server_1,0.0
21:55:50,server_6,79.04
21:55:50,server_7,188.3
21:55:50,server_8,70.55
21:55:50,server_5,80.97
21:55:55,server_12,72.52
21:55:55,server_19,1040.79
21:55:55,server_18,0.0
21:55:55,server_17,82.71
21:55:55,server_16,108.41
21:55:55,server_15,79.6
21:55:55,server_14,4.77
21:55:55,server_20,1182.55
21:55:55,server_11,0.0
21:55:55,server_13,57.11
21:55:55,server_9,0.0
21:55:55,server_1,66.69
21:55:55,server_2,5948.9
21:55:55,server_3,30.63
21:55:55,server_4,9711.21
21:55:55,server_10,0.0
21:55:55,server_6,71.63
21:55:55,server_7,8892.15
21:55:55,server_8,123.24
21:55:55,server_5,150.52
21:56:00,server_19,43.27
21:56:00,server_18,129.59
21:56:00,server_17,166.92
21:56:00,server_16,65.39
21:56:00,server_15,816.73
21:56:00,server_14,214.51
21:56:00,server_13,111.05
21:56:00,server_12,3448.68
21:56:00,server_11,34.17
21:56:00,server_20,0.0
21:56:00,server_9,137.91
21:56:00,server_1,142.24
21:56:00,server_2,29.05
21:56:00,server_3,8200.72
21:56:00,server_4,1.84
21:56:00,server_10,64.47
21:56:00,server_6,985.26
21:56:00,server_7,153.16
21:56:00,server_8,72.06
21:56:00,server_5,75.28
21:56:05,server_11,97.55
21:56:05,server_19,96.17
21:56:05,server_18,32.88
21:56:05,server_17,80.22
21:56:05,server_16,23.56
21:56:05,server_15,3378.05
21:56:05,server_14,87.1
21:56:05,server_13,12.66
21:56:05,server_12,63.34
21:56:05,server_20,1097.09
21:56:05,server_10,1051.91
21:56:05,server_8,0.0
21:56:05,server_9,3.65
21:56:05,server_1,8.12
21:56:05,server_2,57.76
21:56:05,server_3,130.65
21:56:05,server_5,1769.21
21:56:05,server_6,102.12
21:56:05,server_7,84.91
21:56:05,server_4,12.65
21:56:10,server_20,0.0
21:56:10,server_11,109.79
21:56:10,server_18,54.31
21:56:10,server_17,70.15
21:56:10,server_16,65.35
21:56:10,server_15,124.41
21:56:10,server_14,39.72
21:56:10,server_13,70.59
21:56:10,server_12,549.11
21:56:10,server_19,60.41
21:56:10,server_10,102.75
21:56:10,server_8,72.3
21:56:10,server_1,0.0
21:56:10,server_2,79.29
21:56:10,server_3,117.63
21:56:10,server_9,141.67
21:56:10,server_5,47.84
21:56:10,server_6,1979.18
21:56:10,server_7,11.9
21:56:10,server_4,155.59
21:56:15,server_19,0.22
21:56:15,server_18,105.32
21:56:15,server_17,80.72
21:56:15,server_16,20.98
21:56:15,server_15,850.09
21:56:15,server_14,9042.14
21:56:15,server_13,1497.17
21:56:15,server_12,21.58
21:56:15,server_11,13.97
21:56:15,server_20,70.75
21:56:15,server_9,5085.1
21:56:15,server_1,7.02
21:56:15,server_2,1.65
21:56:15,server_3,59.27
21:56:15,server_4,47.48
21:56:15,server_10,146.91
21:56:15,server_6,1943.94
21:56:15,server_7,91.99
21:56:15,server_8,33.72
21:56:15,server_5,1050.03
21:56:20,server_11,0.0
21:56:20,server_19,141.35
21:56:20,server_18,49.49
21:56:20,server_17,29.09
21:56:20,server_16,12.1
21:56:20,server_15,89.46
21:56:20,server_14,104.5
21:56:20,server_13,145.63
21:56:20,server_12,128.22
21:56:20,server_20,83.65
21:56:20,server_10,25.5
21:56:20,server_8,583.07
21:56:20,server_9,10.02
21:56:20,server_1,38.67
21:56:20,server_2,51.62
21:56:20,server_3,135.07
21:56:20,server_5,672.0
21:56:20,server_6,3412.55
21:56:20,server_7,116.01
21:56:20,server_4,48.57
21:56:25,server_20,84.76
21:56:25,server_19,84.53
21:56:25,server_18,737.81
21:56:25,server_17,172.19
21:56:25,server_16,57.26
21:56:25,server_15,76.77
21:56:25,server_14,49.74
21:56:25,server_13,1970.3
21:56:25,server_12,35.74
21:56:25,server_11,89.51
21:56:25,server_9,2.48
21:56:25,server_1,90.99
21:56:25,server_2,87.49
21:56:25,server_3,34.32
21:56:25,server_4,1490.67
21:56:25,server_10,6785.86
21:56:25,server_6,28.13
21:56:25,server_7,103.23
21:56:25,server_8,4534.43
21:56:25,server_5,32.35
21:56:30,server_12,63.5
21:56:30,server_19,4828.88
21:56:30,server_18,150.91
21:56:30,server_17,3029.18
21:56:30,server_16,0.0
21:56:30,server_15,73.5
21:56:30,server_14,6007.93
21:56:30,server_13,7473.73
21:56:30,server_11,126.78
21:56:30,server_20,200.82
21:56:30,server_9,7922.43
21:56:30,server_1,117.56
21:56:30,server_2,159.02
21:56:30,server_3,131.79
21:56:30,server_4,0.0
21:56:30,server_10,141.52
21:56:30,server_6,38.72
21:56:30,server_7,0.0
21:56:30,server_8,78.37
21:56:30,server_5,36.13
21:56:35,server_11,75.34
21:56:35,server_19,32.49
21:56:35,server_18,1040.36
21:56:35,server_17,107.57
21:56:35,server_16,6252.42
21:56:35,server_15,6330.13
21:56:35,server_14,0.0
21:56:35,server_13,105.26
21:56:35,server_12,3.18
21:56:35,server_20,38.75
21:56:35,server_10,54.05
21:56:35,server_8,121.62
21:56:35,server_7,4734.48
21:56:35,server_6,3753.55
21:56:35,server_5,0.0
21:56:35,server_4,86.71
21:56:35,server_3,56.44
21:56:35,server_2,175.33
21:56:35,server_1,1308.82
21:56:35,server_9,26.16
21:56:40,server_13,140.5
21:56:40,server_14,100.6
21:56:40,server_15,146.17
21:56:40,server_16,117.84
21:56:40,server_20,5711.08
21:56:40,server_18,5.2
21:56:40,server_19,1338.34
21:56:40,server_12,90.18
21:56:40,server_17,1013.73
21:56:40,server_11,27.14
21:56:40,server_10,42.95
21:56:40,server_9,58.3
21:56:40,server_2,4653.55
21:56:40,server_3,158.21
21:56:40,server_4,65.47
21:56:40,server_1,134.73
21:56:40,server_6,61.39
21:56:40,server_7,101.59
21:56:40,server_8,48.26
21:56:40,server_5,0.0
21:56:45,server_13,0.0
21:56:45,server_20,125.46
21:56:45,server_19,972.54
21:56:45,server_18,0.93
21:56:45,server_17,3.38
21:56:45,server_16,28.79
21:56:45,server_15,1216.32
21:56:45,server_14,0.0
21:56:45,server_12,4.98
21:56:45,server_11,23.83
21:56:45,server_1,77.66
21:56:45,server_9,74.97
21:56:45,server_8,4500.38
21:56:45,server_7,88.94
21:56:45,server_6,68.77
21:56:45,server_5,7877.13
21:56:45,server_4,0.0
21:56:45,server_3,5712.96
21:56:45,server_2,1425.74
21:56:45,server_10,34.61
21:56:50,server_13,59.26
21:56:50,server_14,3432.49
21:56:50,server_15,8216.14
21:56:50,server_16,111.16
21:56:50,server_12,7984.56
21:56:50,server_18,13.72
21:56:50,server_19,156.51
21:56:50,server_20,136.75
21:56:50,server_17,91.11
21:56:50,server_11,36.71
21:56:50,server_1,129.3
21:56:50,server_9,75.36
21:56:50,server_8,0.0
21:56:50,server_7,152.43
21:56:50,server_6,9743.0
21:56:50,server_5,39.88
21:56:50,server_4,1006.53
21:56:50,server_3,76.67
21:56:50,server_2,67.54
21:56:50,server_10,0.0
21:56:55,server_13,502.72
21:56:55,server_14,83.0
21:56:55,server_15,16.33
21:56:55,server_16,40.12
21:56:55,server_20,9222.47
21:56:55,server_18,102.93
21:56:55,server_19,43.15
21:56:55,server_12,88.23
21:56:55,server_17,37.75
21:56:55,server_11,20.82
21:56:55,server_10,29.54
21:56:55,server_9,0.0
21:56:55,server_2,57.85
21:56:55,server_3,27.43
21:56:55,server_4,106.33
21:56:55,server_1,127.3
21:56:55,server_6,73.09
21:56:55,server_7,82.5
21:56:55,server_8,51.29
21:56:55,server_5,1036.02
21:57:00,server_12,5020.84
21:57:00,server_19,121.89
21:57:00,server_18,4502.41
21:57:00,server_17,54.4
21:57:00,server_16,0.0
21:57:00,server_15,63.42
21:57:00,server_14,50.32
21:57:00,server_13,138.27
21:57:00,server_11,28.42
21:57:00,server_20,65.83
21:57:00,server_9,65.08
21:57:00,server_1,36.81
21:57:00,server_2,999.3
21:57:00,server_3,93.99
21:57:00,server_4,53.02
21:57:00,server_10,150.57
21:57:00,server_6,7932.23
21:57:00,server_7,3333.67
21:57:00,server_8,1818.47
21:57:00,server_5,44.79
21:57:05,server_11,0.0
21:57:05,server_19,1656.89
21:57:05,server_18,3.0
21:57:05,server_17,95.87
21:57:05,server_16,183.57
21:57:05,server_15,70.93
21:57:05,server_14,76.12
21:57:05,server_13,158.37
21:57:05,server_12,83.83
21:57:05,server_20,4259.92
21:57:05,server_10,89.75
21:57:05,server_8,8118.21
21:57:05,server_7,1154.47
21:57:05,server_6,59.31
21:57:05,server_5,77.59
21:57:05,server_4,21.41
21:57:05,server_3,8.77
21:57:05,server_2,0.0
21:57:05,server_1,33.94
21:57:05,server_9,65.75
21:57:10,server_14,1540.23
21:57:10,server_15,64.62
21:57:10,server_16,31.42
21:57:10,server_13,2.2
21:57:10,server_18,112.28
21:57:10,server_19,57.54
21:57:10,server_20,124.02
21:57:10,server_17,536.71
21:57:10,server_12,94.5
21:57:10,server_11,0.0
21:57:10,server_10,28.16
21:57:10,server_2,100.47
21:57:10,server_3,885.73
21:57:10,server_4,53.51
21:57:10,server_5,93.61
21:57:10,server_1,38.05
21:57:10,server_7,1.65
21:57:10,server_8,28.34
21:57:10,server_9,35.33
21:57:10,server_6,101.18
21:57:15,server_12,140.17
21:57:15,server_19,12.66
21:57:15,server_18,19.52
21:57:15,server_17,0.0
21:57:15,server_16,15.24
21:57:15,server_15,118.75
21:57:15,server_14,203.74
21:57:15,server_13,8.96
21:57:15,server_11,4123.82
21:57:15,server_20,88.68
21:57:15,server_9,56.35
21:57:15,server_1,953.79
21:57:15,server_2,32.95
21:57:15,server_3,77.27
21:57:15,server_4,1734.95
21:57:15,server_10,25.07
21:57:15,server_6,24.32
21:57:15,server_7,58.68
21:57:15,server_8,0.0
21:57:15,server_5,45.9
21:57:20,server_11,28.65
21:57:20,server_19,87.89
21:57:20,server_18,670.65
21:57:20,server_17,32.66
21:57:20,server_16,74.39
21:57:20,server_15,1109.12
21:57:20,server_14,38.05
21:57:20,server_13,132.41
21:57:20,server_12,18.73
21:57:20,server_20,762.9
21:57:20,server_10,133.06
21:57:20,server_8,47.08
21:57:20,server_7,9.42
21:57:20,server_6,47.24
21:57:20,server_5,60.07
21:57:20,server_4,121.34
21:57:20,server_3,1730.51
21:57:20,server_2,50.51
21:57:20,server_1,0.0
21:57:20,server_9,144.96
21:57:25,server_13,21.84
21:57:25,server_14,77.57
21:57:25,server_15,50.67
21:57:25,server_16,31.89
21:57:25,server_20,1797.27
21:57:25,server_18,49.72
21:57:25,server_19,56.76
21:57:25,server_12,3817.38
21:57:25,server_17,0.0
21:57:25,server_10,8524.62
21:57:25,server_7,875.85
21:57:25,server_9,68.83
21:57:25,server_11,127.45
21:57:25,server_2,0.0
21:57:25,server_3,38.17
21:57:25,server_4,0.0
21:57:25,server_1,152.58
21:57:25,server_6,1703.68
21:57:25,server_8,67.68
21:57:25,server_5,7.21
21:57:30,server_20,26.34
21:57:30,server_12,644.25
21:57:30,server_19,0.0
21:57:30,server_17,1284.64
21:57:30,server_16,79.73
21:57:30,server_15,109.32
21:57:30,server_14,133.84
21:57:30,server_13,96.73
21:57:30,server_11,0.0
21:57:30,server_18,57.88
21:57:30,server_9,1323.7
21:57:30,server_8,26.92
21:57:30,server_7,0.0
21:57:30,server_6,1816.27
21:57:30,server_5,24.81
21:57:30,server_4,39.29
21:57:30,server_3,48.2
21:57:30,server_2,0.0
21:57:30,server_1,0.0
21:57:30,server_10,32.4
21:57:35,server_13,24.21
21:57:35,server_14,29.55
21:57:35,server_15,1809.5
21:57:35,server_20,76.15
21:57:35,server_17,838.93
21:57:35,server_18,31.95
21:57:35,server_19,6261.59
21:57:35,server_12,6031.27
21:57:35,server_16,31.8
21:57:35,server_11,56.12
21:57:35,server_7,91.93
21:57:35,server_9,5.25
21:57:35,server_8,35.99
21:57:35,server_6,43.24
21:57:35,server_5,141.38
21:57:35,server_4,88.78
21:57:35,server_3,147.26
21:57:35,server_2,7227.26
21:57:35,server_1,70.7
21:57:35,server_10,0.0
21:57:40,server_15,9462.06
21:57:40,server_13,75.93
21:57:40,server_14,130.78
21:57:40,server_16,0.0
21:57:40,server_12,3899.53
21:57:40,server_18,22.27
21:57:40,server_19,107.3
21:57:40,server_20,115.41
21:57:40,server_17,67.12
21:57:40,server_11,61.71
21:57:40,server_1,137.72
21:57:40,server_9,90.65
21:57:40,server_2,0.89
21:57:40,server_3,83.81
21:57:40,server_4,0.0
21:57:40,server_10,42.59
21:57:40,server_6,0.0
21:57:40,server_7,177.48
21:57:40,server_8,56.49
21:57:40,server_5,110.02
21:57:45,server_12,38.82
21:57:45,server_19,47.5
21:57:45,server_18,0.0
21:57:45,server_17,89.71
21:57:45,server_16,0.0
21:57:45,server_15,78.95
21:57:45,server_14,98.42
21:57:45,server_13,1199.48
21:57:45,server_11,0.0
21:57:45,server_20,0.0
21:57:45,server_9,60.0
21:57:45,server_1,159.12
21:57:45,server_2,117.73
21:57:45,server_3,74.11
21:57:45,server_4,186.35
21:57:45,server_10,0.0
21:57:45,server_6,65.41
21:57:45,server_7,4922.95
21:57:45,server_8,1669.48
21:57:45,server_5,40.29
21:57:50,server_11,0.0
21:57:50,server_19,83.56
21:57:50,server_18,49.46
21:57:50,server_17,16.09
21:57:50,server_16,101.16
21:57:50,server_15,65.53
21:57:50,server_14,6003.58
21:57:50,server_13,129.48
21:57:50,server_12,7363.83
21:57:50,server_20,61.89
21:57:50,server_10,64.85
21:57:50,server_8,59.55
21:57:50,server_7,11.52
21:57:50,server_6,18.28
21:57:50,server_5,122.16
21:57:50,server_4,645.67
21:57:50,server_3,2.54
21:57:50,server_2,0.0
21:57:50,server_1,69.83
21:57:50,server_9,94.77
21:57:55,server_14,914.98
21:57:55,server_15,122.6
21:57:55,server_16,161.63
21:57:55,server_13,20.32
21:57:55,server_18,23.4
21:57:55,server_19,97.47
21:57:55,server_20,30.01
21:57:55,server_17,62.1
21:57:55,server_12,104.1
21:57:55,server_11,812.88
21:57:55,server_1,1914.81
21:57:55,server_9,23.63
21:57:55,server_8,35.95
21:57:55,server_7,513.09
21:57:55,server_6,56.6
21:57:55,server_5,1763.63
21:57:55,server_4,69.04
21:57:55,server_3,623.77
21:57:55,server_2,0.0
21:57:55,server_10,0.0
21:58:00,server_13,876.77
21:58:00,server_14,51.62
21:58:00,server_15,8340.03
21:58:00,server_20,110.87
21:58:00,server_18,125.72
21:58:00,server_19,44.92
21:58:00,server_12,75.79
21:58:00,server_16,5270.22
21:58:00,server_11,162.25
21:58:00,server_17,120.59
21:58:00,server_9,5733.68
21:58:00,server_10,0.0
21:58:00,server_2,94.06
21:58:00,server_3,72.05
21:58:00,server_4,6380.25
21:58:00,server_1,1244.68
21:58:00,server_6,151.4
21:58:00,server_7,65.01
21:58:00,server_8,124.46
21:58:00,server_5,102.09
21:58:05,server_20,119.7
21:58:05,server_12,0.0
21:58:05,server_19,9676.58
21:58:05,server_18,8542.74
21:58:05,server_17,78.66
21:58:05,server_16,5031.89
21:58:05,server_15,4493.38
21:58:05,server_14,27.18
21:58:05,server_13,131.64
21:58:05,server_11,46.78
21:58:05,server_7,918.32
21:58:05,server_9,27.0
21:58:05,server_8,91.29
21:58:05,server_6,5081.43
21:58:05,server_5,0.0
21:58:05,server_4,6.76
21:58:05,server_3,9283.15
21:58:05,server_2,96.97
21:58:05,server_1,96.68
21:58:05,server_10,11.8
21:58:10,server_15,71.42
21:58:10,server_13,1513.25
21:58:10,server_14,85.58
21:58:10,server_16,105.35
21:58:10,server_12,3364.8
21:58:10,server_18,0.0
21:58:10,server_19,61.48
21:58:10,server_20,118.96
21:58:10,server_17,47.41
21:58:10,server_11,65.46
21:58:10,server_1,23.73
21:58:10,server_9,17.97
21:58:10,server_2,7411.3
21:58:10,server_3,140.66
21:58:10,server_4,52.76
21:58:10,server_10,0.0
21:58:10,server_6,33.42
21:58:10,server_7,23.87
21:58:10,server_8,49.11
21:58:10,server_5,8918.05
21:58:15,server_13,89.98
21:58:15,server_20,27.6
21:58:15,server_19,12.64
21:58:15,server_18,9855.65
21:58:15,server_17,143.69
21:58:15,server_16,48.99
21:58:15,server_15,736.92
21:58:15,server_14,57.5
21:58:15,server_12,5850.76
21:58:15,server_11,108.0
21:58:15,server_1,40.55
21:58:15,server_9,13.55
21:58:15,server_8,80.49
21:58:15,server_7,51.95
21:58:15,server_6,63.63
21:58:15,server_5,58.14
21:58:15,server_4,56.41
21:58:15,server_3,62.41
21:58:15,server_2,61.46
21:58:15,server_10,29.36
21:58:20,server_13,160.34
21:58:20,server_14,22.52
21:58:20,server_15,69.11
21:58:20,server_16,84.54
21:58:20,server_12,67.41
21:58:20,server_18,77.96
21:58:20,server_19,3726.14
21:58:20,server_20,76.93
21:58:20,server_17,104.38
21:58:20,server_11,6.44
21:58:20,server_1,108.8
21:58:20,server_9,6380.32
21:58:20,server_8,148.33
21:58:20,server_7,37.4
21:58:20,server_6,0.46
21:58:20,server_5,57.82
21:58:20,server_4,0.0
21:58:20,server_3,179.12
21:58:20,server_2,5856.27
21:58:20,server_10,1840.35
21:58:25,server_13,78.24
21:58:25,server_14,89.73
21:58:25,server_15,100.54
21:58:25,server_16,71.83
21:58:25,server_20,98.74
21:58:25,server_18,27.61
21:58:25,server_19,88.63
21:58:25,server_12,0.0
21:58:25,server_17,93.93
21:58:25,server_11,8645.89
21:58:25,server_1,41.75
21:58:25,server_9,1258.01
21:58:25,server_2,118.31
21:58:25,server_3,79.34
21:58:25,server_4,41.88
21:58:25,server_10,117.56
21:58:25,server_6,116.41
21:58:25,server_7,0.0
21:58:25,server_8,52.75
21:58:25,server_5,77.33
21:58:30,server_12,9461.66
21:58:30,server_19,91.3
21:58:30,server_18,944.2
21:58:30,server_17,23.49
21:58:30,server_16,77.14
21:58:30,server_15,185.74
21:58:30,server_14,126.03
21:58:30,server_13,149.85
21:58:30,server_20,39.46
21:58:30,server_11,73.74
21:58:30,server_9,0.0
21:58:30,server_8,1908.17
21:58:30,server_7,131.8
21:58:30,server_6,42.28
21:58:30,server_5,114.62
21:58:30,server_4,16.6
21:58:30,server_3,170.17
21:58:30,server_2,0.29
21:58:30,server_1,64.39
21:58:30,server_10,64.51
21:58:35,server_13,6162.36
21:58:35,server_14,199.13
21:58:35,server_15,1521.11
21:58:35,server_16,90.82
21:58:35,server_12,65.41
21:58:35,server_18,724.87
21:58:35,server_19,142.46
21:58:35,server_20,196.83
21:58:35,server_17,93.22
21:58:35,server_11,97.67
21:58:35,server_1,90.32
21:58:35,server_9,175.22
21:58:35,server_2,67.44
21:58:35,server_3,70.39
21:58:35,server_4,0.0
21:58:35,server_10,49.67
21:58:35,server_6,0.0
21:58:35,server_7,85.05
21:58:35,server_8,3.71
21:58:35,server_5,108.61
21:58:40,server_20,0.0
21:58:40,server_19,0.0
21:58:40,server_18,44.73
21:58:40,server_17,8658.3
21:58:40,server_16,47.55
21:58:40,server_15,9871.98
21:58:40,server_14,8928.01
21:58:40,server_12,174.47
21:58:40,server_11,1832.83
21:58:40,server_13,0.0
21:58:40,server_9,117.19
21:58:40,server_10,99.94
21:58:40,server_2,1600.26
21:58:40,server_3,58.63
21:58:40,server_4,77.56
21:58:40,server_1,72.24
21:58:40,server_6,0.0
21:58:40,server_7,142.44
21:58:40,server_8,75.37
21:58:40,server_5,52.91
21:58:45,server_12,4273.23
21:58:45,server_20,7614.66
21:58:45,server_19,108.19
21:58:45,server_18,81.33
21:58:45,server_17,176.21
21:58:45,server_16,80.41
21:58:45,server_15,177.17
21:58:45,server_14,70.4
21:58:45,server_13,9769.55
21:58:45,server_11,124.46
21:58:45,server_3,37.54
21:58:45,server_9,41.72
21:58:45,server_8,88.71
21:58:45,server_7,35.29
21:58:45,server_6,1761.23
21:58:45,server_5,7154.51
21:58:45,server_4,50.46
21:58:45,server_2,0.0
21:58:45,server_1,1476.08
21:58:45,server_10,0.0
21:58:50,server_13,6535.47
21:58:50,server_14,4235.52
21:58:50,server_15,91.48
21:58:50,server_16,98.33
21:58:50,server_20,649.84
21:58:50,server_18,2.76
21:58:50,server_19,87.02
21:58:50,server_12,3821.94
21:58:50,server_17,188.36
21:58:50,server_11,192.51
21:58:50,server_3,3.51
21:58:50,server_9,0.0
21:58:50,server_1,871.24
21:58:50,server_2,43.98
21:58:50,server_4,0.0
21:58:50,server_10,52.47
21:58:50,server_6,58.17
21:58:50,server_7,60.43
21:58:50,server_8,7554.03
21:58:50,server_5,51.66
21:58:55,server_20,17.25
21:58:55,server_11,57.77
21:58:55,server_18,85.23
21:58:55,server_17,76.93
21:58:55,server_16,1336.2
21:58:55,server_15,59.99
21:58:55,server_14,62.15
21:58:55,server_13,173.02
21:58:55,server_12,24.51
21:58:55,server_19,102.59
21:58:55,server_10,1492.54
21:58:55,server_8,59.23
21:58:55,server_7,6.1
21:58:55,server_6,3861.58
21:58:55,server_5,116.41
21:58:55,server_4,8829.52
21:58:55,server_3,135.85
21:58:55,server_2,118.45
21:58:55,server_1,0.0
21:58:55,server_9,62.36
21:59:00,server_13,824.16
21:59:00,server_14,0.0
21:59:00,server_15,47.39
21:59:00,server_12,4407.31
21:59:00,server_17,0.0
21:59:00,server_18,126.85
21:59:00,server_19,97.31
21:59:00,server_16,0.89
21:59:00,server_11,5205.24
21:59:00,server_20,1562.51
21:59:00,server_9,1923.31
21:59:00,server_1,14.31
21:59:00,server_2,20.4
21:59:00,server_3,120.24
21:59:00,server_4,5894.72
21:59:00,server_10,4203.13
21:59:00,server_6,95.15
21:59:00,server_7,192.63
21:59:00,server_8,83.34
21:59:00,server_5,46.97
21:59:05,server_12,72.38
21:59:05,server_20,102.02
21:59:05,server_19,0.0
21:59:05,server_18,1437.5
21:59:05,server_17,0.0
21:59:05,server_16,82.69
21:59:05,server_15,117.24
21:59:05,server_14,46.47
21:59:05,server_13,0.0
21:59:05,server_11,1684.03
21:59:05,server_3,0.0
21:59:05,server_9,57.68
21:59:05,server_8,36.45
21:59:05,server_7,117.34
21:59:05,server_6,24.32
21:59:05,server_5,127.7
21:59:05,server_4,8.28
21:59:05,server_10,0.0
21:59:05,server_2,38.73
21:59:05,server_1,0.0
21:59:10,server_13,1073.66
21:59:10,server_14,48.98
21:59:10,server_15,193.09
21:59:10,server_16,1079.92
21:59:10,server_20,0.0
21:59:10,server_18,70.28
21:59:10,server_19,7176.11
21:59:10,server_12,72.37
21:59:10,server_17,56.84
21:59:10,server_11,130.31
21:59:10,server_10,1885.77
21:59:10,server_9,98.38
21:59:10,server_2,550.72
21:59:10,server_3,49.97
21:59:10,server_4,0.0
21:59:10,server_1,42.75
21:59:10,server_6,3429.98
21:59:10,server_7,33.69
21:59:10,server_8,540.47
21:59:10,server_5,626.27
21:59:15,server_12,638.84
21:59:15,server_19,108.56
21:59:15,server_18,0.0
21:59:15,server_17,67.53
21:59:15,server_16,84.98
21:59:15,server_15,57.89
21:59:15,server_14,44.42
21:59:15,server_13,74.89
21:59:15,server_11,59.09
21:59:15,server_20,66.71
21:59:15,server_9,88.41
21:59:15,server_1,1.5
21:59:15,server_2,52.13
21:59:15,server_3,0.0
21:59:15,server_4,3397.98
21:59:15,server_10,130.94
21:59:15,server_6,0.0
21:59:15,server_7,10.58
21:59:15,server_8,10.73
21:59:15,server_5,0.0
21:59:20,server_19,12.94
21:59:20,server_18,92.33
21:59:20,server_17,135.97
21:59:20,server_16,122.93
21:59:20,server_15,18.02
21:59:20,server_14,104.55
21:59:20,server_13,22.99
21:59:20,server_12,87.46
21:59:20,server_11,54.49
21:59:20,server_20,9754.61
21:59:20,server_9,8961.46
21:59:20,server_1,16.99
21:59:20,server_2,1383.42
21:59:20,server_3,580.88
21:59:20,server_4,0.0
21:59:20,server_10,143.49
21:59:20,server_6,96.99
21:59:20,server_7,1809.38
21:59:20,server_8,0.0
21:59:20,server_5,99.53
21:59:25,server_11,70.51
21:59:25,server_19,1307.25
21:59:25,server_18,1568.17
21:59:25,server_17,0.0
21:59:25,server_16,48.57
21:59:25,server_15,21.24
21:59:25,server_14,74.27
21:59:25,server_13,92.0
21:59:25,server_12,0.0
21:59:25,server_20,0.0
21:59:25,server_10,155.17
21:59:25,server_8,61.04
21:59:25,server_9,60.56
21:59:25,server_1,1342.28
21:59:25,server_2,46.53
21:59:25,server_3,4306.83
21:59:25,server_5,1.72
21:59:25,server_6,36.34
21:59:25,server_7,105.23
21:59:25,server_4,100.46
21:59:30,server_20,101.68
21:59:30,server_19,122.59
21:59:30,server_18,33.09
21:59:30,server_17,105.21
21:59:30,server_16,112.8
21:59:30,server_15,962.21
21:59:30,server_14,65.05
21:59:30,server_13,86.93
21:59:30,server_12,0.0
21:59:30,server_11,54.3
21:59:30,server_9,53.47
21:59:30,server_1,153.96
21:59:30,server_2,116.85
21:59:30,server_3,187.98
21:59:30,server_4,0.0
21:59:30,server_10,73.3
21:59:30,server_6,1011.85
21:59:30,server_7,0.0
21:59:30,server_8,68.36
21:59:30,server_5,184.9
21:59:35,server_12,134.91
21:59:35,server_20,0.0
21:59:35,server_19,87.14
21:59:35,server_18,94.37
21:59:35,server_17,147.37
21:59:35,server_16,3070.6
21:59:35,server_15,93.79
21:59:35,server_14,5.13
21:59:35,server_13,60.84
21:59:35,server_11,64.72
21:59:35,server_10,70.32
21:59:35,server_9,31.71
21:59:35,server_2,0.0
21:59:35,server_3,812.1
21:59:35,server_4,58.54
21:59:35,server_1,3595.92
21:59:35,server_6,19.82
21:59:35,server_7,0.0
21:59:35,server_8,90.54
21:59:35,server_5,100.37
21:59:40,server_12,110.15
21:59:40,server_19,6968.16
21:59:40,server_18,137.52
21:59:40,server_17,77.32
21:59:40,server_16,33.49
21:59:40,server_15,123.64
21:59:40,server_14,112.91
21:59:40,server_13,87.23
21:59:40,server_11,79.34
21:59:40,server_20,6010.59
21:59:40,server_9,1871.02
21:59:40,server_1,34.79
21:59:40,server_2,40.85
21:59:40,server_3,0.0
21:59:40,server_4,0.0
21:59:40,server_10,75.63
21:59:40,server_6,68.64
21:59:40,server_7,599.11
21:59:40,server_8,7596.56
21:59:40,server_5,4515.69
21:59:45,server_12,107.84
21:59:45,server_19,0.0
21:59:45,server_18,8133.22
21:59:45,server_17,146.57
21:59:45,server_16,122.02
21:59:45,server_15,8591.35
21:59:45,server_14,66.79
21:59:45,server_13,78.89
21:59:45,server_11,26.47
21:59:45,server_20,105.26
21:59:45,server_9,27.45
21:59:45,server_1,5825.55
21:59:45,server_2,30.99
21:59:45,server_3,71.91
21:59:45,server_4,9347.88
21:59:45,server_10,573.14
21:59:45,server_6,6828.31
21:59:45,server_7,0.0
21:59:45,server_8,116.98
21:59:45,server_5,39.91
21:59:50,server_11,104.79
21:59:50,server_19,26.2
21:59:50,server_18,6.81
21:59:50,server_17,1055.16
21:59:50,server_16,72.79
21:59:50,server_15,540.77
21:59:50,server_14,13.22
21:59:50,server_13,2.32
21:59:50,server_12,189.44
21:59:50,server_20,110.66
21:59:50,server_10,21.31
21:59:50,server_8,187.08
21:59:50,server_7,1446.39
21:59:50,server_6,134.48
21:59:50,server_5,123.4
21:59:50,server_4,6378.04
21:59:50,server_3,61.76
21:59:50,server_2,90.12
21:59:50,server_1,75.93
21:59:50,server_9,1206.63
21:59:55,server_13,0.0
21:59:55,server_14,52.57
21:59:55,server_15,0.0
21:59:55,server_12,86.15
21:59:55,server_17,30.64
21:59:55,server_18,78.2
21:59:55,server_19,82.72
21:59:55,server_16,36.97
21:59:55,server_11,99.07
21:59:55,server_20,1688.97
21:59:55,server_9,104.37
21:59:55,server_1,0.0
21:59:55,server_2,91.01
21:59:55,server_3,0.0
21:59:55,server_4,8321.85
21:59:55,server_10,36.66
21:59:55,server_6,184.22
21:59:55,server_7,70.64
21:59:55,server_8,93.22
21:59:55,server_5,0.0
22:00:00,server_19,0.0
22:00:00,server_18,5153.93
22:00:00,server_17,5131.33
22:00:00,server_16,4760.06
22:00:00,server_15,1545.97
22:00:00,server_14,61.36
22:00:00,server_13,511.1
22:00:00,server_12,42.41
22:00:00,server_11,53.98
22:00:00,server_20,181.57
22:00:00,server_9,890.07
22:00:00,server_1,1252.06
22:00:00,server_2,0.0
22:00:00,server_3,41.45
22:00:00,server_4,3194.53
22:00:00,server_10,46.75
22:00:00,server_6,69.53
22:00:00,server_7,33.37
22:00:00,server_8,0.0
22:00:00,server_5,9.11
22:00:05,server_11,19.3
22:00:05,server_19,27.53
22:00:05,server_18,9053.96
22:00:05,server_17,45.72
22:00:05,server_16,7685.8
22:00:05,server_15,0.0
22:00:05,server_14,84.57
22:00:05,server_13,3415.19
22:00:05,server_12,96.5
22:00:05,server_20,1395.69
22:00:05,server_10,75.75
22:00:05,server_8,0.0
22:00:05,server_9,39.1
22:00:05,server_1,111.75
22:00:05,server_2,135.33
22:00:05,server_3,111.17
22:00:05,server_5,68.39
22:00:05,server_6,0.0
22:00:05,server_7,10.81
22:00:05,server_4,76.92
22:00:10,server_20,5648.32
22:00:10,server_11,52.71
22:00:10,server_18,169.95
22:00:10,server_17,35.67
22:00:10,server_16,25.77
22:00:10,server_15,161.92
22:00:10,server_14,9146.46
22:00:10,server_13,9337.74
22:00:10,server_12,86.69
22:00:10,server_19,45.51
22:00:10,server_10,4055.22
22:00:10,server_8,108.39
22:00:10,server_1,0.0
22:00:10,server_2,906.67
22:00:10,server_3,35.78
22:00:10,server_9,11.69
22:00:10,server_5,8497.74
22:00:10,server_6,28.55
22:00:10,server_7,9884.18
22:00:10,server_4,97.17
22:00:15,server_13,80.68
22:00:15,server_20,55.73
22:00:15,server_19,0.0
22:00:15,server_18,34.71
22:00:15,server_17,4109.32
22:00:15,server_16,26.13
22:00:15,server_15,68.03
22:00:15,server_14,166.31
22:00:15,server_12,1153.06
22:00:15,server_11,55.17
22:00:15,server_1,92.17
22:00:15,server_9,4.08
22:00:15,server_8,0.0
22:00:15,server_7,9598.23
22:00:15,server_6,49.84
22:00:15,server_5,665.91
22:00:15,server_4,44.51
22:00:15,server_3,47.09
22:00:15,server_2,91.89
22:00:15,server_10,121.26
22:00:20,server_13,118.74
22:00:20,server_14,0.0
22:00:20,server_15,3344.69
22:00:20,server_16,108.36
22:00:20,server_12,72.86
22:00:20,server_18,96.11
22:00:20,server_19,27.43
22:00:20,server_20,0.0
22:00:20,server_17,1341.97
22:00:20,server_11,25.09
22:00:20,server_1,116.23
22:00:20,server_9,0.0
22:00:20,server_8,0.0
22:00:20,server_7,45.84
22:00:20,server_6,28.06
22:00:20,server_5,593.46
22:00:20,server_4,115.22
22:00:20,server_3,24.89
22:00:20,server_2,73.74
22:00:20,server_10,11.61
22:00:25,server_13,104.39
22:00:25,server_14,49.65
22:00:25,server_15,1782.66
22:00:25,server_16,1150.62
22:00:25,server_20,33.24
22:00:25,server_18,55.41
22:00:25,server_19,3347.67
22:00:25,server_12,5855.07
22:00:25,server_17,0.0
22:00:25,server_11,170.63
22:00:25,server_10,1955.62
22:00:25,server_9,0.0
22:00:25,server_2,25.38
22:00:25,server_3,54.57
22:00:25,server_4,8.43
22:00:25,server_1,54.72
22:00:25,server_6,22.45
22:00:25,server_7,77.0
22:00:25,server_8,9372.5
22:00:25,server_5,9398.29
22:00:30,server_12,166.04
22:00:30,server_19,100.34
22:00:30,server_18,123.33
22:00:30,server_17,62.54
22:00:30,server_16,85.56
22:00:30,server_15,39.42
22:00:30,server_14,113.93
22:00:30,server_13,61.38
22:00:30,server_11,4826.23
22:00:30,server_20,1611.22
22:00:30,server_9,56.5
22:00:30,server_1,6183.57
22:00:30,server_2,9824.74
22:00:30,server_3,0.0
22:00:30,server_4,79.6
22:00:30,server_10,68.4
22:00:30,server_6,54.81
22:00:30,server_7,128.31
22:00:30,server_8,4.51
22:00:30,server_5,143.12
22:00:35,server_11,29.68
22:00:35,server_19,163.77
22:00:35,server_18,18.59
22:00:35,server_17,84.84
22:00:35,server_16,0.0
22:00:35,server_15,105.03
22:00:35,server_14,0.0
22:00:35,server_13,50.98
22:00:35,server_12,0.0
22:00:35,server_20,73.31
22:00:35,server_10,133.1
22:00:35,server_8,7220.24
22:00:35,server_7,0.0
22:00:35,server_6,60.73
22:00:35,server_5,0.0
22:00:35,server_4,30.1
22:00:35,server_3,79.07
22:00:35,server_2,50.81
22:00:35,server_1,156.98
22:00:35,server_9,182.13
22:00:40,server_14,62.64
22:00:40,server_15,1772.1
22:00:40,server_16,25.87
22:00:40,server_13,85.41
22:00:40,server_18,7701.82
22:00:40,server_19,131.23
22:00:40,server_20,166.72
22:00:40,server_17,0.57
22:00:40,server_12,101.02
22:00:40,server_11,60.26
22:00:40,server_1,506.68
22:00:40,server_9,64.98
22:00:40,server_8,24.93
22:00:40,server_7,13.42
22:00:40,server_6,52.88
22:00:40,server_5,74.38
22:00:40,server_4,797.03
22:00:40,server_3,6191.85
22:00:40,server_2,9436.87
22:00:40,server_10,7552.83
22:00:45,server_13,0.0
22:00:45,server_14,1993.43
22:00:45,server_15,0.0
22:00:45,server_20,6708.36
22:00:45,server_18,1949.23
22:00:45,server_19,79.57
22:00:45,server_12,65.33
22:00:45,server_16,82.38
22:00:45,server_11,736.6
22:00:45,server_17,147.47
22:00:45,server_9,122.18
22:00:45,server_10,0.0
22:00:45,server_2,61.86
22:00:45,server_3,153.8
22:00:45,server_4,81.17
22:00:45,server_1,0.0
22:00:45,server_6,31.88
22:00:45,server_7,64.14
22:00:45,server_8,99.14
22:00:45,server_5,44.29
22:00:50,server_20,39.62
22:00:50,server_12,188.22
22:00:50,server_19,47.98
22:00:50,server_18,13.42
22:00:50,server_17,194.08
22:00:50,server_16,59.25
22:00:50,server_15,0.0
22:00:50,server_14,120.41
22:00:50,server_13,33.25
22:00:50,server_11,0.0
22:00:50,server_7,88.53
22:00:50,server_9,183.01
22:00:50,server_8,65.03
22:00:50,server_6,63.96
22:00:50,server_5,82.43
22:00:50,server_4,0.0
22:00:50,server_3,136.35
22:00:50,server_2,46.96
22:00:50,server_1,32.88
22:00:50,server_10,98.09
22:00:55,server_15,94.0
22:00:55,server_13,58.64
22:00:55,server_14,9049.15
22:00:55,server_16,46.85
22:00:55,server_12,0.0
22:00:55,server_18,17.78
22:00:55,server_19,0.0
22:00:55,server_20,122.65
22:00:55,server_17,8.33
22:00:55,server_11,3260.36
22:00:55,server_1,16.31
22:00:55,server_9,100.71
22:00:55,server_2,86.66
22:00:55,server_3,0.0
22:00:55,server_4,979.95
22:00:55,server_10,563.21
22:00:55,server_6,1.47
22:00:55,server_7,0.0
22:00:55,server_8,85.45
22:00:55,server_5,64.87
22:01:00,server_13,47.22
22:01:00,server_20,6693.85
22:01:00,server_19,116.35
22:01:00,server_18,47.18
22:01:00,server_17,80.83
22:01:00,server_16,4848.45
22:01:00,server_15,7336.11
22:01:00,server_14,29.66
22:01:00,server_12,96.51
22:01:00,server_11,78.99
22:01:00,server_1,73.25
22:01:00,server_9,3826.14
22:01:00,server_8,107.52
22:01:00,server_7,4983.48
22:01:00,server_6,183.57
22:01:00,server_5,58.9
22:01:00,server_4,47.92
22:01:00,server_3,1708.43
22:01:00,server_2,69.96
22:01:00,server_10,33.98
22:01:05,server_13,67.65
22:01:05,server_14,15.14
22:01:05,server_15,0.0
22:01:05,server_16,132.07
22:01:05,server_12,103.05
22:01:05,server_18,71.98
22:01:05,server_19,87.63
22:01:05,server_20,7.29
22:01:05,server_17,48.25
22:01:05,server_11,55.37
22:01:05,server_1,11.98
22:01:05,server_9,37.1
22:01:05,server_8,39.03
22:01:05,server_7,22.99
22:01:05,server_6,190.18
22:01:05,server_5,570.5
22:01:05,server_4,172.18
22:01:05,server_3,202.14
22:01:05,server_2,27.73
22:01:05,server_10,11.96
22:01:10,server_13,118.02
22:01:10,server_14,180.12
22:01:10,server_15,8055.01
22:01:10,server_16,167.92
22:01:10,server_20,95.12
22:01:10,server_18,68.69
22:01:10,server_19,38.63
22:01:10,server_12,50.52
22:01:10,server_17,80.23
22:01:10,server_11,38.22
22:01:10,server_1,0.0
22:01:10,server_9,67.83
22:01:10,server_2,10.02
22:01:10,server_3,48.91
22:01:10,server_4,1904.02
22:01:10,server_10,102.23
22:01:10,server_6,4802.68
22:01:10,server_7,705.84
22:01:10,server_8,52.19
22:01:10,server_5,111.67
22:01:15,server_12,8671.8
22:01:15,server_19,85.56
22:01:15,server_18,99.94
22:01:15,server_17,42.18
22:01:15,server_16,0.0
22:01:15,server_15,58.09
22:01:15,server_14,112.18
22:01:15,server_13,10.99
22:01:15,server_20,777.03
22:01:15,server_11,28.92
22:01:15,server_9,0.0
22:01:15,server_8,11.73
22:01:15,server_7,18.7
22:01:15,server_6,38.88
22:01:15,server_5,1684.39
22:01:15,server_4,1361.45
22:01:15,server_3,1693.24
22:01:15,server_2,6.87
22:01:15,server_1,179.94
22:01:15,server_10,3417.98
22:01:20,server_13,5966.05
22:01:20,server_14,0.0
22:01:20,server_15,119.65
22:01:20,server_16,62.06
22:01:20,server_12,47.68
22:01:20,server_18,0.0
22:01:20,server_19,5175.52
22:01:20,server_20,141.87
22:01:20,server_17,0.93
22:01:20,server_11,9.14
22:01:20,server_10,0.0
22:01:20,server_9,0.0
22:01:20,server_8,110.15
22:01:20,server_7,0.0
22:01:20,server_6,73.07
22:01:20,server_5,16.99
22:01:20,server_4,88.7
22:01:20,server_3,73.39
22:01:20,server_2,28.86
22:01:20,server_1,63.62
22:01:25,server_13,35.33
22:01:25,server_14,57.55
22:01:25,server_15,7719.85
22:01:25,server_16,132.86
22:01:25,server_20,0.0
22:01:25,server_18,62.43
22:01:25,server_19,36.02
22:01:25,server_12,15.48
22:01:25,server_17,62.02
22:01:25,server_11,141.48
22:01:25,server_10,24.14
22:01:25,server_9,122.44
22:01:25,server_2,0.0
22:01:25,server_3,15.72
22:01:25,server_4,885.47
22:01:25,server_1,49.43
22:01:25,server_6,17.87
22:01:25,server_7,1119.49
22:01:25,server_8,39.91
22:01:25,server_5,1961.01
22:01:30,server_12,0.0
22:01:30,server_19,30.97
22:01:30,server_18,8.75
22:01:30,server_17,159.85
22:01:30,server_16,0.0
22:01:30,server_15,143.56
22:01:30,server_14,96.58
22:01:30,server_13,0.0
22:01:30,server_11,85.34
22:01:30,server_20,100.47
22:01:30,server_9,90.71
22:01:30,server_1,1574.06
22:01:30,server_2,28.61
22:01:30,server_3,1.0
22:01:30,server_4,18.6
22:01:30,server_10,153.05
22:01:30,server_6,0.0
22:01:30,server_7,4590.37
22:01:30,server_8,82.07
22:01:30,server_5,23.39
22:01:35,server_12,8786.21
22:01:35,server_19,40.91
22:01:35,server_18,75.12
22:01:35,server_17,25.07
22:01:35,server_16,37.55
22:01:35,server_15,1325.82
22:01:35,server_14,24.54
22:01:35,server_13,0.0
22:01:35,server_11,103.6
22:01:35,server_20,92.07
22:01:35,server_9,58.95
22:01:35,server_1,59.47
22:01:35,server_2,104.82
22:01:35,server_3,0.0
22:01:35,server_4,98.82
22:01:35,server_10,587.72
22:01:35,server_6,823.99
22:01:35,server_7,77.53
22:01:35,server_8,0.0
22:01:35,server_5,8808.32
22:01:40,server_11,101.25
22:01:40,server_19,53.86
22:01:40,server_18,61.06
22:01:40,server_17,43.68
22:01:40,server_16,1681.22
22:01:40,server_15,92.27
22:01:40,server_14,36.79
22:01:40,server_13,145.5
22:01:40,server_12,5.89
22:01:40,server_20,85.21
22:01:40,server_10,63.15
22:01:40,server_8,92.75
22:01:40,server_7,113.5
22:01:40,server_6,59.23
22:01:40,server_5,56.71
22:01:40,server_4,33.56
22:01:40,server_3,0.0
22:01:40,server_2,9.41
22:01:40,server_1,71.33
22:01:40,server_9,77.57
22:01:45,server_13,97.9
22:01:45,server_14,72.73
22:01:45,server_15,103.09
22:01:45,server_12,1.14
22:01:45,server_17,742.21
22:01:45,server_18,125.15
22:01:45,server_19,83.32
22:01:45,server_16,0.0
22:01:45,server_11,17.92
22:01:45,server_20,52.59
22:01:45,server_9,1661.94
22:01:45,server_1,49.4
22:01:45,server_2,23.79
22:01:45,server_3,53.39
22:01:45,server_4,105.85
22:01:45,server_10,74.06
22:01:45,server_6,51.72
22:01:45,server_7,0.0
22:01:45,server_8,0.0
22:01:45,server_5,61.58
22:01:50,server_19,1115.81
22:01:50,server_18,190.56
22:01:50,server_17,26.54
22:01:50,server_16,6262.75
22:01:50,server_15,82.37
22:01:50,server_14,116.73
22:01:50,server_13,91.42
22:01:50,server_12,119.67
22:01:50,server_11,4707.92
22:01:50,server_20,96.18
22:01:50,server_9,6775.98
22:01:50,server_1,86.44
22:01:50,server_2,143.38
22:01:50,server_3,0.0
22:01:50,server_4,41.63
22:01:50,server_10,33.01
22:01:50,server_6,44.47
22:01:50,server_7,99.74
22:01:50,server_8,137.34
22:01:50,server_5,1189.95
22:01:55,server_11,76.19
22:01:55,server_19,89.14
22:01:55,server_18,95.6
22:01:55,server_17,51.28
22:01:55,server_16,0.0
22:01:55,server_15,26.74
22:01:55,server_14,50.97
22:01:55,server_13,59.33
22:01:55,server_12,1995.39
22:01:55,server_20,0.0
22:01:55,server_10,53.12
22:01:55,server_8,0.0
22:01:55,server_9,0.0
22:01:55,server_1,81.9
22:01:55,server_2,40.49
22:01:55,server_3,56.96
22:01:55,server_5,121.7
22:01:55,server_6,10.89
22:01:55,server_7,687.73
22:01:55,server_4,1552.18
22:02:00,server_20,12.95
22:02:00,server_11,27.53
22:02:00,server_18,115.34
22:02:00,server_17,3719.96
22:02:00,server_16,66.88
22:02:00,server_15,108.23
22:02:00,server_14,3.39
22:02:00,server_13,37.28
22:02:00,server_12,106.47
22:02:00,server_19,77.86
22:02:00,server_10,77.62
22:02:00,server_8,84.34
22:02:00,server_1,7.53
22:02:00,server_2,50.78
22:02:00,server_3,88.07
22:02:00,server_9,9404.29
22:02:00,server_5,16.14
22:02:00,server_6,0.0
22:02:00,server_7,80.2
22:02:00,server_4,9.23
22:02:05,server_12,35.96
22:02:05,server_19,1956.05
22:02:05,server_18,204.91
22:02:05,server_17,110.67
22:02:05,server_16,7145.97
22:02:05,server_15,120.38
22:02:05,server_14,71.1
22:02:05,server_13,44.83
22:02:05,server_11,91.26
22:02:05,server_20,26.22
22:02:05,server_9,6.03
22:02:05,server_1,0.0
22:02:05,server_2,137.44
22:02:05,server_3,52.85
22:02:05,server_4,15.14
22:02:05,server_10,34.63
22:02:05,server_6,111.4
22:02:05,server_7,15.23
22:02:05,server_8,0.0
22:02:05,server_5,122.04
22:02:10,server_11,0.0
22:02:10,server_19,9694.96
22:02:10,server_18,148.53
22:02:10,server_17,67.38
22:02:10,server_16,56.93
22:02:10,server_15,94.66
22:02:10,server_14,82.43
22:02:10,server_13,5.07
22:02:10,server_12,93.38
22:02:10,server_20,551.26
22:02:10,server_10,70.06
22:02:10,server_8,15.83
22:02:10,server_7,27.29
22:02:10,server_6,118.79
22:02:10,server_5,97.02
22:02:10,server_4,15.28
22:02:10,server_3,5146.18
22:02:10,server_2,94.68
22:02:10,server_1,1491.34
22:02:10,server_9,89.98
22:02:15,server_13,56.35
22:02:15,server_14,123.54
22:02:15,server_15,107.98
22:02:15,server_12,11.22
22:02:15,server_17,32.71
22:02:15,server_18,65.81
22:02:15,server_19,81.45
22:02:15,server_16,65.8
22:02:15,server_11,149.31
22:02:15,server_20,71.32
22:02:15,server_9,58.42
22:02:15,server_1,0.0
22:02:15,server_2,68.18
22:02:15,server_3,0.0
22:02:15,server_4,88.98
22:02:15,server_10,109.86
22:02:15,server_6,33.47
22:02:15,server_7,1924.56
22:02:15,server_8,1781.06
22:02:15,server_5,0.0
22:02:20,server_12,0.0
22:02:20,server_20,59.3
22:02:20,server_19,82.12
22:02:20,server_18,103.35
22:02:20,server_17,37.23
22:02:20,server_16,28.84
22:02:20,server_15,0.0
22:02:20,server_14,0.0
22:02:20,server_13,839.9
22:02:20,server_11,111.52
22:02:20,server_10,6735.24
22:02:20,server_9,9105.4
22:02:20,server_2,1490.28
22:02:20,server_3,50.45
22:02:20,server_4,61.47
22:02:20,server_1,157.0
22:02:20,server_6,4778.14
22:02:20,server_7,21.68
22:02:20,server_8,4.38
22:02:20,server_5,100.84
22:02:25,server_12,66.06
22:02:25,server_19,43.08
22:02:25,server_18,100.11
22:02:25,server_17,134.78
22:02:25,server_16,19.34
22:02:25,server_15,109.48
22:02:25,server_14,36.23
22:02:25,server_13,1997.65
22:02:25,server_11,124.49
22:02:25,server_20,48.49
22:02:25,server_9,3334.19
22:02:25,server_1,6703.39
22:02:25,server_2,34.76
22:02:25,server_3,32.04
22:02:25,server_4,89.56
22:02:25,server_10,56.32
22:02:25,server_6,0.0
22:02:25,server_7,22.24
22:02:25,server_8,67.05
22:02:25,server_5,81.88
22:02:30,server_12,115.54
22:02:30,server_19,15.22
22:02:30,server_18,7.9
22:02:30,server_17,0.0
22:02:30,server_16,1957.22
22:02:30,server_15,1592.88
22:02:30,server_14,51.78
22:02:30,server_13,9239.95
22:02:30,server_11,130.04
22:02:30,server_20,138.42
22:02:30,server_9,48.97
22:02:30,server_1,103.27
22:02:30,server_2,26.68
22:02:30,server_3,1882.98
22:02:30,server_4,0.0
22:02:30,server_10,89.96
22:02:30,server_6,5393.25
22:02:30,server_7,6011.05
22:02:30,server_8,0.0
22:02:30,server_5,629.9
22:02:35,server_11,48.71
22:02:35,server_19,0.0
22:02:35,server_18,105.8
22:02:35,server_17,90.41
22:02:35,server_16,115.44
22:02:35,server_15,180.58
22:02:35,server_14,87.0
22:02:35,server_13,150.98
22:02:35,server_12,9883.03
22:02:35,server_20,42.02
22:02:35,server_10,92.27
22:02:35,server_8,2.26
22:02:35,server_7,98.61
22:02:35,server_6,122.91
22:02:35,server_5,123.89
22:02:35,server_4,87.94
22:02:35,server_3,72.09
22:02:35,server_2,114.84
22:02:35,server_1,3649.45
22:02:35,server_9,1364.49
22:02:40,server_13,33.75
22:02:40,server_14,73.46
22:02:40,server_15,101.99
22:02:40,server_12,92.91
22:02:40,server_17,1517.54
22:02:40,server_18,1441.9
22:02:40,server_19,29.39
22:02:40,server_16,75.87
22:02:40,server_11,102.98
22:02:40,server_20,47.78
22:02:40,server_9,4411.31
22:02:40,server_1,33.13
22:02:40,server_2,71.99
22:02:40,server_3,1786.12
22:02:40,server_4,1490.15
22:02:40,server_10,0.0
22:02:40,server_6,0.0
22:02:40,server_7,8181.21
22:02:40,server_8,34.67
22:02:40,server_5,68.01
22:02:45,server_19,912.95
22:02:45,server_18,51.76
22:02:45,server_17,4205.18
22:02:45,server_16,1334.99
22:02:45,server_15,82.05
22:02:45,server_14,121.06
22:02:45,server_13,85.29
22:02:45,server_12,1412.41
22:02:45,server_11,0.0
22:02:45,server_20,52.82
22:02:45,server_9,193.74
22:02:45,server_1,1440.39
22:02:45,server_2,50.32
22:02:45,server_3,58.36
22:02:45,server_4,0.84
22:02:45,server_10,14.38
22:02:45,server_6,91.06
22:02:45,server_7,88.45
22:02:45,server_8,4215.13
22:02:45,server_5,27.82
22:02:50,server_11,1222.09
22:02:50,server_19,64.9
22:02:50,server_18,68.49
22:02:50,server_17,53.06
22:02:50,server_16,133.7
22:02:50,server_15,6.46
22:02:50,server_14,30.56
22:02:50,server_13,7.07
22:02:50,server_12,65.26
22:02:50,server_20,32.12
22:02:50,server_10,34.94
22:02:50,server_8,97.9
22:02:50,server_9,10.22
22:02:50,server_1,7297.14
22:02:50,server_2,3006.24
22:02:50,server_3,40.67
22:02:50,server_5,88.68
22:02:50,server_6,8706.47
22:02:50,server_7,9128.68
22:02:50,server_4,106.75
22:02:55,server_20,136.16
22:02:55,server_11,68.32
22:02:55,server_18,57.66
22:02:55,server_17,76.55
22:02:55,server_16,68.57
22:02:55,server_15,0.0
22:02:55,server_14,50.9
22:02:55,server_13,146.82
22:02:55,server_12,72.96
22:02:55,server_19,866.78
22:02:55,server_10,117.55
22:02:55,server_8,1607.17
22:02:55,server_1,11.2
22:02:55,server_2,75.81
22:02:55,server_3,37.16
22:02:55,server_9,116.9
22:02:55,server_5,5383.38
22:02:55,server_6,1994.04
22:02:55,server_7,82.79
22:02:55,server_4,26.78
22:03:00,server_12,34.9
22:03:00,server_19,114.19
22:03:00,server_18,896.13
22:03:00,server_17,94.87
22:03:00,server_16,139.68
22:03:00,server_15,32.35
22:03:00,server_14,78.93
22:03:00,server_13,17.97
22:03:00,server_11,0.0
22:03:00,server_20,558.95
22:03:00,server_9,0.52
22:03:00,server_1,4266.3
22:03:00,server_2,0.85
22:03:00,server_3,47.06
22:03:00,server_4,118.98
22:03:00,server_10,0.0
22:03:00,server_6,6228.2
22:03:00,server_7,1895.22
22:03:00,server_8,63.7
22:03:00,server_5,35.74
22:03:05,server_11,176.74
22:03:05,server_19,182.82
22:03:05,server_18,0.0
22:03:05,server_17,0.0
22:03:05,server_16,99.71
22:03:05,server_15,23.65
22:03:05,server_14,53.49
22:03:05,server_13,73.13
22:03:05,server_12,34.81
22:03:05,server_20,102.95
22:03:05,server_10,0.0
22:03:05,server_8,89.73
22:03:05,server_7,22.06
22:03:05,server_6,92.86
22:03:05,server_5,12.72
22:03:05,server_4,114.76
22:03:05,server_3,1456.92
22:03:05,server_2,23.82
22:03:05,server_1,66.39
22:03:05,server_9,154.63
22:03:10,server_13,74.55
22:03:10,server_14,23.87
22:03:10,server_15,26.7
22:03:10,server_12,120.9
22:03:10,server_17,0.0
22:03:10,server_18,7543.34
22:03:10,server_19,149.16
22:03:10,server_16,54.43
22:03:10,server_11,60.12
22:03:10,server_20,7.13
22:03:10,server_9,0.0
22:03:10,server_1,38.19
22:03:10,server_2,0.0
22:03:10,server_3,79.12
22:03:10,server_4,92.52
22:03:10,server_10,44.16
22:03:10,server_6,61.91
22:03:10,server_7,913.19
22:03:10,server_8,128.5
22:03:10,server_5,12.08
22:03:15,server_20,171.94
22:03:15,server_19,111.77
22:03:15,server_18,100.04
22:03:15,server_17,0.0
22:03:15,server_16,0.0
22:03:15,server_15,48.05
22:03:15,server_14,0.0
22:03:15,server_12,56.09
22:03:15,server_11,153.74
22:03:15,server_13,3235.39
22:03:15,server_9,0.0
22:03:15,server_10,147.6
22:03:15,server_2,97.6
22:03:15,server_3,53.49
22:03:15,server_4,0.0
22:03:15,server_1,66.79
22:03:15,server_6,89.55
22:03:15,server_7,5568.13
22:03:15,server_8,88.33
22:03:15,server_5,154.86
22:03:20,server_12,116.62
22:03:20,server_20,11.91
22:03:20,server_19,79.49
22:03:20,server_18,7061.03
22:03:20,server_17,8637.5
22:03:20,server_16,34.01
22:03:20,server_15,4109.91
22:03:20,server_14,46.31
22:03:20,server_13,132.98
22:03:20,server_11,107.0
22:03:20,server_3,168.85
22:03:20,server_9,84.72
22:03:20,server_10,1.03
22:03:20,server_2,148.36
22:03:20,server_4,50.54
22:03:20,server_1,68.17
22:03:20,server_6,64.58
22:03:20,server_7,44.06
22:03:20,server_8,60.33
22:03:20,server_5,10.6
22:03:25,server_12,1429.87
22:03:25,server_19,28.54
22:03:25,server_18,3273.13
22:03:25,server_17,7604.71
22:03:25,server_16,1949.79
22:03:25,server_15,29.23
22:03:25,server_14,134.04
22:03:25,server_20,121.98
22:03:25,server_11,0.0
22:03:25,server_13,44.81
22:03:25,server_9,140.54
22:03:25,server_1,104.03
22:03:25,server_2,94.38
22:03:25,server_3,75.4
22:03:25,server_4,16.09
22:03:25,server_10,951.62
22:03:25,server_6,78.32
22:03:25,server_7,8342.76
22:03:25,server_8,961.52
22:03:25,server_5,68.06
22:03:30,server_19,8552.07
22:03:30,server_18,61.04
22:03:30,server_17,44.88
22:03:30,server_16,89.09
22:03:30,server_15,6300.93
22:03:30,server_14,5156.49
22:03:30,server_13,14.63
22:03:30,server_12,0.0
22:03:30,server_11,35.97
22:03:30,server_20,32.85
22:03:30,server_9,21.45
22:03:30,server_1,661.84
22:03:30,server_2,128.87
22:03:30,server_3,152.98
22:03:30,server_4,46.45
22:03:30,server_10,8338.08
22:03:30,server_6,40.1
22:03:30,server_7,71.28
22:03:30,server_8,4.29
22:03:30,server_5,66.05
22:03:35,server_11,0.0
22:03:35,server_19,45.2
22:03:35,server_18,103.45
22:03:35,server_17,58.57
22:03:35,server_16,96.58
22:03:35,server_15,15.07
22:03:35,server_14,51.39
22:03:35,server_13,130.76
22:03:35,server_12,105.2
22:03:35,server_20,124.37
22:03:35,server_10,38.03
22:03:35,server_8,69.92
22:03:35,server_9,0.0
22:03:35,server_1,4970.49
22:03:35,server_2,60.59
22:03:35,server_3,12.35
22:03:35,server_5,84.91
22:03:35,server_6,0.0
22:03:35,server_7,6369.63
22:03:35,server_4,694.51
22:03:40,server_20,84.75
22:03:40,server_11,869.11
22:03:40,server_18,61.23
22:03:40,server_17,605.2
22:03:40,server_16,36.92
22:03:40,server_15,28.23
22:03:40,server_14,36.19
22:03:40,server_13,128.71
22:03:40,server_12,9922.62
22:03:40,server_19,123.93
22:03:40,server_10,50.1
22:03:40,server_8,651.38
22:03:40,server_1,7437.64
22:03:40,server_2,109.16
22:03:40,server_3,4096.74
22:03:40,server_9,143.96
22:03:40,server_5,100.6
22:03:40,server_6,91.49
22:03:40,server_7,82.31
22:03:40,server_4,49.13
22:03:45,server_20,58.96
22:03:45,server_19,183.95
22:03:45,server_18,81.93
22:03:45,server_17,60.52
22:03:45,server_16,49.17
22:03:45,server_15,56.39
22:03:45,server_14,0.0
22:03:45,server_12,14.06
22:03:45,server_11,54.11
22:03:45,server_13,80.17
22:03:45,server_9,74.28
22:03:45,server_10,21.11
22:03:45,server_2,132.88
22:03:45,server_3,67.8
22:03:45,server_4,98.14
22:03:45,server_1,7718.95
22:03:45,server_6,4712.8
22:03:45,server_7,8.26
22:03:45,server_8,0.0
22:03:45,server_5,53.67
22:03:50,server_12,0.0
22:03:50,server_19,0.0
22:03:50,server_18,130.37
22:03:50,server_20,81.39
22:03:50,server_17,6501.79
22:03:50,server_16,25.64
22:03:50,server_15,60.75
22:03:50,server_14,81.86
22:03:50,server_13,60.1
22:03:50,server_11,25.39
22:03:50,server_3,77.54
22:03:50,server_9,36.91
22:03:50,server_10,60.89
22:03:50,server_2,126.84
22:03:50,server_4,23.19
22:03:50,server_1,3.24
22:03:50,server_6,0.0
22:03:50,server_7,724.9
22:03:50,server_8,83.31
22:03:50,server_5,57.31
22:03:55,server_11,0.0
22:03:55,server_20,22.11
22:03:55,server_18,132.7
22:03:55,server_17,1588.07
22:03:55,server_16,4552.53
22:03:55,server_15,93.65
22:03:55,server_14,111.81
22:03:55,server_13,15.49
22:03:55,server_12,0.0
22:03:55,server_19,0.0
22:03:55,server_10,8350.99
22:03:55,server_8,104.8
22:03:55,server_1,64.49
22:03:55,server_2,95.53
22:03:55,server_3,87.96
22:03:55,server_9,0.0
22:03:55,server_5,117.76
22:03:55,server_6,99.8
22:03:55,server_7,79.32
22:03:55,server_4,102.38
22:04:00,server_12,0.0
22:04:00,server_19,0.0
22:04:00,server_18,59.15
22:04:00,server_17,18.83
22:04:00,server_16,75.2
22:04:00,server_15,8844.23
22:04:00,server_14,36.73
22:04:00,server_13,125.79
22:04:00,server_11,61.67
22:04:00,server_20,113.93
22:04:00,server_9,131.23
22:04:00,server_1,4165.83
22:04:00,server_2,96.67
22:04:00,server_3,177.98
22:04:00,server_4,0.0
22:04:00,server_10,80.43
22:04:00,server_6,48.41
22:04:00,server_7,139.43
22:04:00,server_8,684.77
22:04:00,server_5,18.72
22:04:05,server_11,105.61
22:04:05,server_19,64.13
22:04:05,server_18,70.38
22:04:05,server_17,4.49
22:04:05,server_16,4186.54
22:04:05,server_15,93.28
22:04:05,server_14,11.57
22:04:05,server_13,42.96
22:04:05,server_12,621.97
22:04:05,server_20,0.0
22:04:05,server_10,110.13
22:04:05,server_8,90.02
22:04:05,server_7,8649.87
22:04:05,server_6,1882.68
22:04:05,server_5,104.7
22:04:05,server_4,116.53
22:04:05,server_3,39.78
22:04:05,server_2,108.06
22:04:05,server_1,86.55
22:04:05,server_9,928.96
22:04:10,server_14,92.25
22:04:10,server_15,85.12
22:04:10,server_16,79.18
22:04:10,server_13,101.08
22:04:10,server_18,104.84
22:04:10,server_19,76.37
22:04:10,server_20,0.0
22:04:10,server_17,7493.37
22:04:10,server_12,169.61
22:04:10,server_11,743.9
22:04:10,server_1,0.0
22:04:10,server_9,81.71
22:04:10,server_8,176.57
22:04:10,server_7,1249.29
22:04:10,server_6,118.61
22:04:10,server_5,713.77
22:04:10,server_4,1653.21
22:04:10,server_3,85.82
22:04:10,server_2,122.19
22:04:10,server_10,47.02
22:04:15,server_14,1966.75
22:04:15,server_15,16.55
22:04:15,server_16,6375.95
22:04:15,server_17,0.0
22:04:15,server_10,37.12
22:04:15,server_19,106.47
22:04:15,server_20,18.09
22:04:15,server_13,99.68
22:04:15,server_18,100.82
22:04:15,server_12,59.3
22:04:15,server_7,7540.96
22:04:15,server_9,198.03
22:04:15,server_8,32.26
22:04:15,server_6,158.98
22:04:15,server_5,60.35
22:04:15,server_4,1114.1
22:04:15,server_3,1420.15
22:04:15,server_2,12.97
22:04:15,server_1,37.94
22:04:15,server_11,88.03
22:04:20,server_13,81.08
22:04:20,server_14,197.09
22:04:20,server_15,731.45
22:04:20,server_20,73.05
22:04:20,server_18,51.21
22:04:20,server_19,0.0
22:04:20,server_12,3760.43
22:04:20,server_16,119.07
22:04:20,server_11,1228.71
22:04:20,server_17,0.0
22:04:20,server_9,62.24
22:04:20,server_8,66.6
22:04:20,server_7,2.29
22:04:20,server_6,19.12
22:04:20,server_5,103.29
22:04:20,server_4,166.35
22:04:20,server_1,39.19
22:04:20,server_3,84.76
22:04:20,server_2,93.23
22:04:20,server_10,47.54
22:04:25,server_13,71.49
22:04:25,server_14,7214.95
22:04:25,server_15,48.0
22:04:25,server_20,84.85
22:04:25,server_18,101.71
22:04:25,server_19,34.06
22:04:25,server_12,148.41
22:04:25,server_16,810.63
22:04:25,server_11,48.41
22:04:25,server_17,28.11
22:04:25,server_9,98.15
22:04:25,server_8,111.93
22:04:25,server_7,54.28
22:04:25,server_6,9304.55
22:04:25,server_5,119.71
22:04:25,server_4,101.73
22:04:25,server_3,95.66
22:04:25,server_2,1555.35
22:04:25,server_1,45.57
22:04:25,server_10,0.0
22:04:30,server_13,57.91
22:04:30,server_14,1312.69
22:04:30,server_15,178.91
22:04:30,server_20,83.85
22:04:30,server_17,86.92
22:04:30,server_18,34.54
22:04:30,server_19,18.25
22:04:30,server_12,3929.55
22:04:30,server_16,90.99
22:04:30,server_11,679.68
22:04:30,server_7,7.95
22:04:30,server_9,3230.87
22:04:30,server_8,0.0
22:04:30,server_6,38.48
22:04:30,server_5,1783.83
22:04:30,server_4,45.65
22:04:30,server_3,60.86
22:04:30,server_2,48.94
22:04:30,server_1,71.52
22:04:30,server_10,49.03
22:04:35,server_13,70.59
22:04:35,server_14,0.0
22:04:35,server_15,141.33
22:04:35,server_20,59.68
22:04:35,server_18,115.61
22:04:35,server_19,8878.44
22:04:35,server_12,53.09
22:04:35,server_16,6896.19
22:04:35,server_11,0.85
22:04:35,server_17,137.84
22:04:35,server_9,60.39
22:04:35,server_2,5.32
22:04:35,server_3,105.73
22:04:35,server_1,85.21
22:04:35,server_4,1605.87
22:04:35,server_10,33.34
22:04:35,server_6,30.27
22:04:35,server_7,1531.2
22:04:35,server_8,159.65
22:04:35,server_5,158.14
22:04:40,server_12,106.71
22:04:40,server_19,0.0
22:04:40,server_18,80.18
22:04:40,server_17,103.33
22:04:40,server_16,29.09
22:04:40,server_15,189.9
22:04:40,server_14,122.46
22:04:40,server_13,39.36
22:04:40,server_11,7725.36
22:04:40,server_20,22.95
22:04:40,server_9,84.7
22:04:40,server_1,68.24
22:04:40,server_2,98.03
22:04:40,server_3,22.83
22:04:40,server_4,24.52
22:04:40,server_10,24.43
22:04:40,server_6,150.17
22:04:40,server_7,42.62
22:04:40,server_8,92.34
22:04:40,server_5,90.62
22:04:45,server_11,30.93
22:04:45,server_19,0.0
22:04:45,server_18,157.37
22:04:45,server_17,134.51
22:04:45,server_16,0.0
22:04:45,server_15,153.95
22:04:45,server_14,1520.89
22:04:45,server_13,194.23
22:04:45,server_12,34.01
22:04:45,server_20,66.57
22:04:45,server_10,99.77
22:04:45,server_8,2.98
22:04:45,server_7,89.93
22:04:45,server_6,4648.57
22:04:45,server_5,40.82
22:04:45,server_4,163.18
22:04:45,server_3,1425.3
22:04:45,server_2,29.46
22:04:45,server_1,103.63
22:04:45,server_9,89.81
22:04:50,server_13,47.53
22:04:50,server_20,0.0
22:04:50,server_14,869.77
22:04:50,server_15,133.61
22:04:50,server_19,164.95
22:04:50,server_17,0.0
22:04:50,server_18,810.61
22:04:50,server_12,25.15
22:04:50,server_16,181.13
22:04:50,server_11,77.09
22:04:50,server_7,154.3
22:04:50,server_9,69.41
22:04:50,server_8,54.3
22:04:50,server_6,124.17
22:04:50,server_5,44.74
22:04:50,server_4,93.26
22:04:50,server_3,64.07
22:04:50,server_2,43.83
22:04:50,server_1,0.0
22:04:50,server_10,54.33
22:04:55,server_13,4487.78
22:04:55,server_14,1376.18
22:04:55,server_15,132.35
22:04:55,server_20,25.89
22:04:55,server_17,0.0
22:04:55,server_19,38.08
22:04:55,server_12,9972.9
22:04:55,server_16,0.0
22:04:55,server_11,56.57
22:04:55,server_18,1299.89
22:04:55,server_9,38.05
22:04:55,server_8,1000.49
22:04:55,server_7,10.23
22:04:55,server_6,161.8
22:04:55,server_5,110.56
22:04:55,server_4,561.73
22:04:55,server_3,0.0
22:04:55,server_2,81.56
22:04:55,server_1,12.31
22:04:55,server_10,41.87
22:05:00,server_13,83.87
22:05:00,server_14,3902.83
22:05:00,server_15,0.26
22:05:00,server_20,84.88
22:05:00,server_17,129.91
22:05:00,server_18,22.04
22:05:00,server_19,137.15
22:05:00,server_12,122.31
22:05:00,server_16,1315.2
22:05:00,server_11,68.65
22:05:00,server_7,26.4
22:05:00,server_9,57.21
22:05:00,server_8,35.56
22:05:00,server_6,4414.39
22:05:00,server_5,96.17
22:05:00,server_4,98.27
22:05:00,server_3,64.81
22:05:00,server_2,4558.6
22:05:00,server_1,81.33
22:05:00,server_10,0.0
22:05:05,server_14,0.0
22:05:05,server_16,52.79
22:05:05,server_15,96.74
22:05:05,server_17,135.45
22:05:05,server_10,82.89
22:05:05,server_19,119.77
22:05:05,server_20,122.15
22:05:05,server_13,944.71
22:05:05,server_18,197.25
22:05:05,server_12,46.5
22:05:05,server_7,67.73
22:05:05,server_11,68.21
22:05:05,server_9,6336.18
22:05:05,server_8,72.52
22:05:05,server_1,80.4
22:05:05,server_6,7808.97
22:05:05,server_5,6783.94
22:05:05,server_4,1155.98
22:05:05,server_3,179.09
22:05:05,server_2,100.69
22:05:10,server_13,41.83
22:05:10,server_14,23.72
22:05:10,server_15,0.0
22:05:10,server_16,63.93
22:05:10,server_20,0.0
22:05:10,server_18,119.77
22:05:10,server_19,4349.44
22:05:10,server_12,0.0
22:05:10,server_17,58.78
22:05:10,server_11,3150.64
22:05:10,server_10,76.62
22:05:10,server_9,124.6
22:05:10,server_2,66.77
22:05:10,server_3,35.44
22:05:10,server_4,0.0
22:05:10,server_1,99.44
22:05:10,server_6,70.62
22:05:10,server_7,84.81
22:05:10,server_8,151.63
22:05:10,server_5,88.03
22:05:15,server_11,39.09
22:05:15,server_19,4192.96
22:05:15,server_18,93.29
22:05:15,server_16,98.24
22:05:15,server_15,24.25
22:05:15,server_14,71.75
22:05:15,server_13,98.19
22:05:15,server_12,190.94
22:05:15,server_10,131.49
22:05:15,server_20,1536.72
22:05:15,server_8,85.22
22:05:15,server_9,108.52
22:05:15,server_1,196.69
22:05:15,server_2,42.62
22:05:15,server_3,85.48
22:05:15,server_17,35.71
22:05:15,server_5,84.53
22:05:15,server_6,106.37
22:05:15,server_4,210.23
22:05:15,server_7,77.86
22:05:20,server_20,99.87
22:05:20,server_19,64.12
22:05:20,server_18,51.07
22:05:20,server_16,93.18
22:05:20,server_15,56.17
22:05:20,server_14,1122.94
22:05:20,server_13,108.91
22:05:20,server_12,0.0
22:05:20,server_11,641.98
22:05:20,server_17,968.7
22:05:20,server_9,107.47
22:05:20,server_8,104.39
22:05:20,server_7,581.56
22:05:20,server_6,13.66
22:05:20,server_5,0.0
22:05:20,server_4,34.99
22:05:20,server_3,0.0
22:05:20,server_2,111.36
22:05:20,server_1,8239.62
22:05:20,server_10,834.01
22:05:25,server_13,8767.38
22:05:25,server_14,141.01
22:05:25,server_15,139.22
22:05:25,server_20,59.83
22:05:25,server_17,72.78
22:05:25,server_18,78.83
22:05:25,server_19,723.66
22:05:25,server_12,25.32
22:05:25,server_16,14.59
22:05:25,server_11,7.68
22:05:25,server_7,3.42
22:05:25,server_9,10.6
22:05:25,server_8,79.93
22:05:25,server_6,0.0
22:05:25,server_5,194.05
22:05:25,server_4,0.0
22:05:25,server_3,20.14
22:05:25,server_2,62.48
22:05:25,server_1,63.95
22:05:25,server_10,115.59
22:05:30,server_13,80.89
22:05:30,server_14,129.8
22:05:30,server_15,57.1
22:05:30,server_17,47.2
22:05:30,server_19,70.36
22:05:30,server_20,45.96
22:05:30,server_12,62.85
22:05:30,server_18,0.0
22:05:30,server_11,137.89
22:05:30,server_16,58.26
22:05:30,server_9,97.99
22:05:30,server_2,124.85
22:05:30,server_3,18.25
22:05:30,server_4,9168.67
22:05:30,server_10,39.69
22:05:30,server_1,77.07
22:05:30,server_6,65.37
22:05:30,server_7,99.68
22:05:30,server_8,69.19
22:05:30,server_5,0.0
22:05:35,server_12,114.05
22:05:35,server_19,9292.61
22:05:35,server_18,6676.94
22:05:35,server_17,11.03
22:05:35,server_16,99.22
22:05:35,server_15,7.32
22:05:35,server_14,72.07
22:05:35,server_13,6.84
22:05:35,server_11,34.2
22:05:35,server_20,0.0
22:05:35,server_9,71.85
22:05:35,server_1,0.88
22:05:35,server_2,44.94
22:05:35,server_3,120.13
22:05:35,server_4,0.0
22:05:35,server_10,73.28
22:05:35,server_6,96.74
22:05:35,server_7,1265.75
22:05:35,server_8,8851.92
22:05:35,server_5,28.47
22:05:40,server_11,66.64
22:05:40,server_19,112.27
22:05:40,server_18,66.0
22:05:40,server_17,55.57
22:05:40,server_16,0.0
22:05:40,server_15,59.87
22:05:40,server_14,690.87
22:05:40,server_13,42.01
22:05:40,server_12,27.59
22:05:40,server_20,1309.89
22:05:40,server_10,69.19
22:05:40,server_8,9984.06
22:05:40,server_7,54.73
22:05:40,server_6,54.97
22:05:40,server_5,999.34
22:05:40,server_4,94.69
22:05:40,server_3,96.18
22:05:40,server_2,75.63
22:05:40,server_1,41.0
22:05:40,server_9,93.68
22:05:45,server_13,92.45
22:05:45,server_14,87.43
22:05:45,server_15,26.52
22:05:45,server_20,44.47
22:05:45,server_19,130.73
22:05:45,server_17,129.58
22:05:45,server_18,124.17
22:05:45,server_12,87.35
22:05:45,server_16,0.0
22:05:45,server_11,30.3
22:05:45,server_5,5763.39
22:05:45,server_9,101.0
22:05:45,server_8,3646.15
22:05:45,server_7,7208.2
22:05:45,server_6,145.75
22:05:45,server_4,25.89
22:05:45,server_3,0.0
22:05:45,server_2,59.94
22:05:45,server_1,0.0
22:05:45,server_10,32.82
22:05:50,server_13,72.76
22:05:50,server_14,935.97
22:05:50,server_15,0.0
22:05:50,server_20,57.32
22:05:50,server_18,90.77
22:05:50,server_19,9403.6
22:05:50,server_12,7251.56
22:05:50,server_17,6916.33
22:05:50,server_11,78.85
22:05:50,server_16,14.53
22:05:50,server_9,96.15
22:05:50,server_8,59.12
22:05:50,server_7,31.84
22:05:50,server_6,8923.73
22:05:50,server_5,64.96
22:05:50,server_4,0.0
22:05:50,server_3,46.18
22:05:50,server_2,7159.17
22:05:50,server_1,102.61
22:05:50,server_10,58.53
22:05:55,server_12,145.17
22:05:55,server_13,74.0
22:05:55,server_14,0.0
22:05:55,server_18,184.36
22:05:55,server_16,1258.36
22:05:55,server_17,0.0
22:05:55,server_11,155.55
22:05:55,server_15,1047.08
22:05:55,server_10,96.25
22:05:55,server_5,5378.76
22:05:55,server_8,12.24
22:05:55,server_7,0.0
22:05:55,server_6,76.85
22:05:55,server_4,133.48
22:05:55,server_3,152.55
22:05:55,server_2,0.0
22:05:55,server_1,1084.91
22:05:55,server_19,93.24
22:05:55,server_9,929.95
22:05:55,server_20,0.0
22:06:00,server_13,153.73
22:06:00,server_14,0.0
22:06:00,server_15,58.5
22:06:00,server_20,126.88
22:06:00,server_18,68.47
22:06:00,server_19,0.0
22:06:00,server_12,53.49
22:06:00,server_16,31.38
22:06:00,server_11,7980.59
22:06:00,server_17,70.03
22:06:00,server_9,9.97
22:06:00,server_2,33.13
22:06:00,server_3,114.54
22:06:00,server_10,84.43
22:06:00,server_4,97.61
22:06:00,server_1,917.38
22:06:00,server_6,27.29
22:06:00,server_7,190.0
22:06:00,server_8,1132.24
22:06:00,server_5,0.0
22:06:05,server_12,56.44
22:06:05,server_20,101.06
22:06:05,server_19,56.4
22:06:05,server_18,1542.24
22:06:05,server_17,199.74
22:06:05,server_16,15.94
22:06:05,server_15,89.98
22:06:05,server_14,23.95
22:06:05,server_13,9815.46
22:06:05,server_11,107.26
22:06:05,server_10,22.03
22:06:05,server_9,821.36
22:06:05,server_2,81.3
22:06:05,server_3,147.8
22:06:05,server_4,34.77
22:06:05,server_1,9114.97
22:06:05,server_6,61.23
22:06:05,server_7,60.45
22:06:05,server_8,45.44
22:06:05,server_5,8536.3
22:06:10,server_12,45.08
22:06:10,server_19,79.96
22:06:10,server_18,0.0
22:06:10,server_17,1015.44
22:06:10,server_16,189.71
22:06:10,server_15,0.0
22:06:10,server_14,82.14
22:06:10,server_13,157.02
22:06:10,server_11,75.44
22:06:10,server_20,0.0
22:06:10,server_9,39.1
22:06:10,server_1,20.66
22:06:10,server_2,4.93
22:06:10,server_3,98.41
22:06:10,server_4,5218.73
22:06:10,server_10,3795.68
22:06:10,server_6,21.67
22:06:10,server_7,63.44
22:06:10,server_8,733.51
22:06:10,server_5,25.5
22:06:15,server_12,3.49
22:06:15,server_19,43.81
22:06:15,server_18,8712.27
22:06:15,server_17,25.64
22:06:15,server_16,187.15
22:06:15,server_15,48.28
22:06:15,server_14,77.66
22:06:15,server_13,91.02
22:06:15,server_11,0.0
22:06:15,server_20,121.36
22:06:15,server_9,19.27
22:06:15,server_1,12.96
22:06:15,server_2,51.74
22:06:15,server_3,45.0
22:06:15,server_4,19.84
22:06:15,server_10,21.43
22:06:15,server_6,117.06
22:06:15,server_7,640.72
22:06:15,server_8,53.5
22:06:15,server_5,57.78
22:06:20,server_11,0.0
22:06:20,server_19,29.33
22:06:20,server_18,137.92
22:06:20,server_17,1675.31
22:06:20,server_16,609.6
22:06:20,server_15,8654.16
22:06:20,server_14,1875.45
22:06:20,server_13,54.31
22:06:20,server_12,85.91
22:06:20,server_20,39.96
22:06:20,server_10,65.7
22:06:20,server_8,120.88
22:06:20,server_7,137.51
22:06:20,server_6,160.67
22:06:20,server_5,100.74
22:06:20,server_4,62.07
22:06:20,server_3,54.74
22:06:20,server_2,33.23
22:06:20,server_1,0.0
22:06:20,server_9,0.0
22:06:25,server_13,13.34
22:06:25,server_14,117.74
22:06:25,server_15,0.0
22:06:25,server_12,3.51
22:06:25,server_17,149.55
22:06:25,server_18,73.77
22:06:25,server_19,875.04
22:06:25,server_16,44.05
22:06:25,server_11,52.13
22:06:25,server_20,73.6
22:06:25,server_9,53.31
22:06:25,server_1,13.04
22:06:25,server_2,44.91
22:06:25,server_3,0.0
22:06:25,server_4,148.89
22:06:25,server_10,28.99
22:06:25,server_6,1537.97
22:06:25,server_7,0.0
22:06:25,server_8,3479.27
22:06:25,server_5,5.56
22:06:30,server_19,60.02
22:06:30,server_18,96.17
22:06:30,server_17,53.54
22:06:30,server_16,704.66
22:06:30,server_15,63.7
22:06:30,server_14,520.68
22:06:30,server_13,58.86
22:06:30,server_12,101.8
22:06:30,server_11,37.18
22:06:30,server_20,151.75
22:06:30,server_9,1840.17
22:06:30,server_1,32.03
22:06:30,server_2,155.14
22:06:30,server_3,1416.12
22:06:30,server_4,144.18
22:06:30,server_10,150.49
22:06:30,server_6,32.59
22:06:30,server_7,0.0
22:06:30,server_8,94.84
22:06:30,server_5,7416.66
22:06:35,server_11,95.44
22:06:35,server_19,95.56
22:06:35,server_18,71.54
22:06:35,server_17,58.21
22:06:35,server_16,0.0
22:06:35,server_15,26.55
22:06:35,server_14,55.32
22:06:35,server_13,0.0
22:06:35,server_12,0.0
22:06:35,server_20,17.73
22:06:35,server_10,889.56
22:06:35,server_8,1733.84
22:06:35,server_9,190.19
22:06:35,server_1,174.19
22:06:35,server_2,37.26
22:06:35,server_3,5442.86
22:06:35,server_5,0.0
22:06:35,server_6,65.5
22:06:35,server_7,26.52
22:06:35,server_4,9076.98
22:06:40,server_20,16.97
22:06:40,server_11,92.41
22:06:40,server_18,6122.93
22:06:40,server_17,104.55
22:06:40,server_16,63.61
22:06:40,server_15,0.0
22:06:40,server_14,0.0
22:06:40,server_13,135.58
22:06:40,server_12,133.05
22:06:40,server_19,92.43
22:06:40,server_10,30.64
22:06:40,server_8,9.98
22:06:40,server_1,61.59
22:06:40,server_2,4771.14
22:06:40,server_3,9714.9
22:06:40,server_9,50.12
22:06:40,server_5,31.81
22:06:40,server_6,65.97
22:06:40,server_7,9536.7
22:06:40,server_4,62.23
22:06:45,server_12,88.08
22:06:45,server_19,868.57
22:06:45,server_18,140.33
22:06:45,server_17,7327.98
22:06:45,server_16,1490.66
22:06:45,server_15,0.0
22:06:45,server_14,64.9
22:06:45,server_13,53.71
22:06:45,server_11,79.18
22:06:45,server_20,12.27
22:06:45,server_9,67.8
22:06:45,server_1,50.13
22:06:45,server_2,67.92
22:06:45,server_3,862.38
22:06:45,server_4,60.74
22:06:45,server_10,0.0
22:06:45,server_6,166.35
22:06:45,server_7,66.78
22:06:45,server_8,124.35
22:06:45,server_5,989.44
22:06:50,server_11,6369.8
22:06:50,server_19,0.76
22:06:50,server_18,96.03
22:06:50,server_17,65.7
22:06:50,server_16,49.63
22:06:50,server_15,19.38
22:06:50,server_14,61.8
22:06:50,server_13,1416.33
22:06:50,server_12,17.96
22:06:50,server_20,24.21
22:06:50,server_10,104.92
22:06:50,server_8,102.69
22:06:50,server_7,109.46
22:06:50,server_6,18.06
22:06:50,server_5,1430.23
22:06:50,server_4,12.06
22:06:50,server_3,121.64
22:06:50,server_2,97.92
22:06:50,server_1,51.61
22:06:50,server_9,24.87
22:06:55,server_13,1157.43
22:06:55,server_14,79.02
22:06:55,server_15,62.41
22:06:55,server_12,103.9
22:06:55,server_20,1300.46
22:06:55,server_18,4696.51
22:06:55,server_19,9917.6
22:06:55,server_16,58.09
22:06:55,server_11,1210.4
22:06:55,server_17,70.65
22:06:55,server_9,118.79
22:06:55,server_1,27.29
22:06:55,server_2,107.19
22:06:55,server_3,72.47
22:06:55,server_4,697.07
22:06:55,server_10,3335.32
22:06:55,server_6,94.16
22:06:55,server_7,64.33
22:06:55,server_8,4593.35
22:06:55,server_5,1168.18
22:07:00,server_12,69.36
22:07:00,server_19,131.2
22:07:00,server_18,136.48
22:07:00,server_17,83.23
22:07:00,server_16,160.91
22:07:00,server_15,0.0
22:07:00,server_14,4.95
22:07:00,server_13,74.61
22:07:00,server_11,0.0
22:07:00,server_20,14.69
22:07:00,server_9,51.48
22:07:00,server_1,61.62
22:07:00,server_2,0.0
22:07:00,server_3,149.2
22:07:00,server_4,118.74
22:07:00,server_10,44.45
22:07:00,server_6,55.99
22:07:00,server_7,0.0
22:07:00,server_8,35.92
22:07:00,server_5,4461.5
22:07:05,server_11,15.26
22:07:05,server_19,96.53
22:07:05,server_18,58.93
22:07:05,server_17,97.74
22:07:05,server_16,69.2
22:07:05,server_15,60.94
22:07:05,server_14,44.18
22:07:05,server_13,56.56
22:07:05,server_12,81.05
22:07:05,server_20,993.26
22:07:05,server_10,132.41
22:07:05,server_8,0.0
22:07:05,server_7,1206.34
22:07:05,server_6,140.02
22:07:05,server_5,110.63
22:07:05,server_4,29.42
22:07:05,server_3,0.1
22:07:05,server_2,94.99
22:07:05,server_1,94.82
22:07:05,server_9,51.01
22:07:10,server_13,104.57
22:07:10,server_14,94.03
22:07:10,server_15,35.78
22:07:10,server_16,184.24
22:07:10,server_20,62.56
22:07:10,server_18,131.21
22:07:10,server_19,111.88
22:07:10,server_12,4005.29
22:07:10,server_17,28.13
22:07:10,server_11,159.65
22:07:10,server_10,0.0
22:07:10,server_9,121.07
22:07:10,server_2,72.11
22:07:10,server_3,54.65
22:07:10,server_4,1351.46
22:07:10,server_1,99.05
22:07:10,server_6,5689.92
22:07:10,server_7,2.57
22:07:10,server_8,0.0
22:07:10,server_5,0.0
22:07:15,server_13,26.52
22:07:15,server_20,78.71
22:07:15,server_19,32.13
22:07:15,server_18,70.71
22:07:15,server_17,81.39
22:07:15,server_16,103.63
22:07:15,server_15,102.73
22:07:15,server_14,184.57
22:07:15,server_12,83.41
22:07:15,server_11,5002.0
22:07:15,server_1,116.09
22:07:15,server_9,190.53
22:07:15,server_8,60.74
22:07:15,server_7,85.81
22:07:15,server_6,65.81
22:07:15,server_5,139.17
22:07:15,server_4,118.35
22:07:15,server_3,6925.03
22:07:15,server_2,179.84
22:07:15,server_10,53.56
22:07:20,server_13,7625.49
22:07:20,server_14,0.0
22:07:20,server_15,27.31
22:07:20,server_16,5373.25
22:07:20,server_12,1226.76
22:07:20,server_18,3269.17
22:07:20,server_19,16.58
22:07:20,server_20,48.67
22:07:20,server_17,53.09
22:07:20,server_11,0.0
22:07:20,server_1,57.71
22:07:20,server_9,196.02
22:07:20,server_8,48.12
22:07:20,server_7,108.43
22:07:20,server_6,71.61
22:07:20,server_5,0.0
22:07:20,server_4,32.55
22:07:20,server_3,1422.51
22:07:20,server_2,7951.91
22:07:20,server_10,79.32
22:07:25,server_13,1663.01
22:07:25,server_20,38.0
22:07:25,server_14,33.68
22:07:25,server_15,140.87
22:07:25,server_19,162.07
22:07:25,server_17,107.06
22:07:25,server_18,26.54
22:07:25,server_12,8871.55
22:07:25,server_16,76.83
22:07:25,server_11,4.41
22:07:25,server_7,154.42
22:07:25,server_9,1783.52
22:07:25,server_1,81.12
22:07:25,server_2,116.98
22:07:25,server_3,124.49
22:07:25,server_10,121.91
22:07:25,server_5,123.9
22:07:25,server_6,4019.02
22:07:25,server_8,88.75
22:07:25,server_4,0.0
22:07:30,server_13,64.99
22:07:30,server_20,1429.54
22:07:30,server_19,132.55
22:07:30,server_18,49.04
22:07:30,server_17,1.05
22:07:30,server_16,76.07
22:07:30,server_15,164.41
22:07:30,server_14,0.0
22:07:30,server_12,0.0
22:07:30,server_11,4985.14
22:07:30,server_1,117.73
22:07:30,server_9,104.6
22:07:30,server_8,176.82
22:07:30,server_7,1577.06
22:07:30,server_6,39.77
22:07:30,server_5,711.6
22:07:30,server_4,1023.74
22:07:30,server_3,879.71
22:07:30,server_2,57.19
22:07:30,server_10,43.86
22:07:35,server_13,54.47
22:07:35,server_14,183.36
22:07:35,server_15,136.59
22:07:35,server_16,61.9
22:07:35,server_12,2.59
22:07:35,server_18,794.07
22:07:35,server_19,66.4
22:07:35,server_20,43.18
22:07:35,server_17,51.83
22:07:35,server_11,8433.51
22:07:35,server_1,33.08
22:07:35,server_9,11.75
22:07:35,server_8,44.81
22:07:35,server_7,87.4
22:07:35,server_6,40.81
22:07:35,server_5,135.4
22:07:35,server_4,73.06
22:07:35,server_3,651.94
22:07:35,server_2,53.83
22:07:35,server_10,532.68
22:07:40,server_20,0.0
22:07:40,server_13,8675.79
22:07:40,server_14,22.25
22:07:40,server_15,44.49
22:07:40,server_19,135.74
22:07:40,server_17,0.0
22:07:40,server_18,4.24
22:07:40,server_12,51.68
22:07:40,server_16,23.94
22:07:40,server_11,0.0
22:07:40,server_8,8841.75
22:07:40,server_9,89.27
22:07:40,server_7,114.99
22:07:40,server_6,39.27
22:07:40,server_5,29.23
22:07:40,server_4,5480.02
22:07:40,server_3,0.0
22:07:40,server_2,90.09
22:07:40,server_1,79.26
22:07:40,server_10,5722.01
22:07:45,server_13,93.39
22:07:45,server_14,109.13
22:07:45,server_15,7956.08
22:07:45,server_20,190.47
22:07:45,server_17,1391.48
22:07:45,server_19,8.75
22:07:45,server_12,6685.6
22:07:45,server_16,38.18
22:07:45,server_11,64.82
22:07:45,server_18,19.43
22:07:45,server_9,96.29
22:07:45,server_8,41.3
22:07:45,server_7,162.09
22:07:45,server_6,150.93
22:07:45,server_5,14.05
22:07:45,server_4,11.82
22:07:45,server_3,556.12
22:07:45,server_2,1702.82
22:07:45,server_1,77.87
22:07:45,server_10,1.58
22:07:50,server_13,114.41
22:07:50,server_14,0.0
22:07:50,server_15,79.24
22:07:50,server_20,4840.37
22:07:50,server_17,75.15
22:07:50,server_18,149.15
22:07:50,server_19,9120.53
22:07:50,server_12,132.4
22:07:50,server_16,93.68
22:07:50,server_11,65.01
22:07:50,server_7,79.21
22:07:50,server_9,74.02
22:07:50,server_8,51.61
22:07:50,server_6,70.45
22:07:50,server_5,45.35
22:07:50,server_4,96.93
22:07:50,server_3,69.59
22:07:50,server_2,152.99
22:07:50,server_1,0.0
22:07:50,server_10,0.0
22:07:55,server_15,985.47
22:07:55,server_13,7826.39
22:07:55,server_14,50.13
22:07:55,server_16,28.66
22:07:55,server_12,150.94
22:07:55,server_18,80.8
22:07:55,server_19,14.25
22:07:55,server_20,48.4
22:07:55,server_17,4399.25
22:07:55,server_11,0.0
22:07:55,server_10,96.54
22:07:55,server_9,96.01
22:07:55,server_2,76.45
22:07:55,server_3,33.22
22:07:55,server_4,38.77
22:07:55,server_1,0.0
22:07:55,server_6,8486.09
22:07:55,server_7,15.57
22:07:55,server_8,6771.05
22:07:55,server_5,71.6
22:08:00,server_12,74.28
22:08:00,server_19,6473.58
22:08:00,server_18,40.85
22:08:00,server_17,63.91
22:08:00,server_16,84.65
22:08:00,server_15,7202.0
22:08:00,server_14,54.87
22:08:00,server_13,22.11
22:08:00,server_11,70.29
22:08:00,server_20,88.16
22:08:00,server_9,8821.2
22:08:00,server_1,32.57
22:08:00,server_2,16.34
22:08:00,server_3,4147.66
22:08:00,server_4,0.0
22:08:00,server_10,151.85
22:08:00,server_6,0.0
22:08:00,server_7,6143.36
22:08:00,server_8,732.37
22:08:00,server_5,64.61
22:08:05,server_11,2.16
22:08:05,server_19,8.72
22:08:05,server_18,1838.36
22:08:05,server_17,7477.84
22:08:05,server_16,0.0
22:08:05,server_15,161.06
22:08:05,server_14,26.11
22:08:05,server_13,8181.74
22:08:05,server_12,27.24
22:08:05,server_20,27.08
22:08:05,server_10,1195.65
22:08:05,server_8,39.66
22:08:05,server_7,63.28
22:08:05,server_6,126.08
22:08:05,server_5,63.87
22:08:05,server_4,148.58
22:08:05,server_3,665.96
22:08:05,server_2,955.58
22:08:05,server_1,103.61
22:08:05,server_9,45.25
22:08:10,server_14,3877.62
22:08:10,server_15,112.26
22:08:10,server_16,1036.15
22:08:10,server_13,72.97
22:08:10,server_18,1478.45
22:08:10,server_19,0.0
22:08:10,server_20,1135.52
22:08:10,server_17,32.08
22:08:10,server_12,91.37
22:08:10,server_11,136.19
22:08:10,server_1,5.04
22:08:10,server_9,87.01
22:08:10,server_8,1975.5
22:08:10,server_7,150.34
22:08:10,server_6,60.4
22:08:10,server_5,70.1
22:08:10,server_4,75.09
22:08:10,server_3,73.7
22:08:10,server_2,1437.44
22:08:10,server_10,81.87
22:08:15,server_13,31.37
22:08:15,server_14,669.5
22:08:15,server_15,130.16
22:08:15,server_20,135.55
22:08:15,server_18,78.03
22:08:15,server_19,152.13
22:08:15,server_12,3230.99
22:08:15,server_16,140.6
22:08:15,server_11,93.48
22:08:15,server_17,12.5
22:08:15,server_9,14.76
22:08:15,server_10,132.97
22:08:15,server_2,51.75
22:08:15,server_3,8880.3
22:08:15,server_4,4094.46
22:08:15,server_1,1504.46
22:08:15,server_6,161.7
22:08:15,server_7,1359.43
22:08:15,server_8,0.0
22:08:15,server_5,17.32
22:08:20,server_20,125.03
22:08:20,server_12,1972.76
22:08:20,server_19,1358.7
22:08:20,server_18,71.13
22:08:20,server_17,3220.18
22:08:20,server_16,6.81
22:08:20,server_15,18.8
22:08:20,server_14,39.22
22:08:20,server_13,8557.86
22:08:20,server_11,27.43
22:08:20,server_7,52.45
22:08:20,server_9,4749.21
22:08:20,server_8,0.0
22:08:20,server_6,192.31
22:08:20,server_5,32.96
22:08:20,server_4,65.6
22:08:20,server_3,1241.85
22:08:20,server_2,7500.67
22:08:20,server_1,21.69
22:08:20,server_10,1013.13
22:08:25,server_15,71.5
22:08:25,server_13,125.4
22:08:25,server_14,0.0
22:08:25,server_16,0.0
22:08:25,server_12,40.85
22:08:25,server_18,134.87
22:08:25,server_19,0.0
22:08:25,server_20,68.91
22:08:25,server_17,65.78
22:08:25,server_11,88.64
22:08:25,server_1,33.04
22:08:25,server_9,9052.46
22:08:25,server_2,7322.8
22:08:25,server_3,116.44
22:08:25,server_4,12.28
22:08:25,server_10,142.45
22:08:25,server_6,5767.97
22:08:25,server_7,12.81
22:08:25,server_8,33.76
22:08:25,server_5,11.52
22:08:30,server_13,82.98
22:08:30,server_20,53.04
22:08:30,server_19,136.42
22:08:30,server_18,60.58
22:08:30,server_17,104.06
22:08:30,server_16,171.46
22:08:30,server_15,20.96
22:08:30,server_14,36.07
22:08:30,server_12,138.69
22:08:30,server_11,107.32
22:08:30,server_1,38.78
22:08:30,server_9,154.91
22:08:30,server_8,30.55
22:08:30,server_7,16.57
22:08:30,server_6,89.75
22:08:30,server_5,7292.68
22:08:30,server_4,7165.43
22:08:30,server_3,198.16
22:08:30,server_2,5488.34
22:08:30,server_10,138.7
22:08:35,server_13,4.44
22:08:35,server_14,44.55
22:08:35,server_15,0.0
22:08:35,server_16,0.0
22:08:35,server_12,3288.21
22:08:35,server_18,27.15
22:08:35,server_19,113.94
22:08:35,server_20,838.66
22:08:35,server_17,103.29
22:08:35,server_11,525.71
22:08:35,server_1,69.58
22:08:35,server_9,144.61
22:08:35,server_8,13.93
22:08:35,server_7,69.87
22:08:35,server_6,71.46
22:08:35,server_5,23.33
22:08:35,server_4,71.39
22:08:35,server_3,1.77
22:08:35,server_2,74.66
22:08:35,server_10,113.68
22:08:40,server_13,7.0
22:08:40,server_14,0.0
22:08:40,server_15,57.18
22:08:40,server_16,62.07
22:08:40,server_20,72.75
22:08:40,server_18,531.04
22:08:40,server_19,94.56
22:08:40,server_12,85.01
22:08:40,server_17,97.1
22:08:40,server_11,104.18
22:08:40,server_1,6.49
22:08:40,server_9,28.57
22:08:40,server_2,116.28
22:08:40,server_3,58.37
22:08:40,server_4,86.85
22:08:40,server_10,6125.93
22:08:40,server_6,96.48
22:08:40,server_7,3807.34
22:08:40,server_8,1130.91
22:08:40,server_5,0.0
22:08:45,server_12,57.58
22:08:45,server_19,1987.54
22:08:45,server_18,80.8
22:08:45,server_17,106.87
22:08:45,server_16,112.39
22:08:45,server_15,49.55
22:08:45,server_14,106.39
22:08:45,server_13,55.08
22:08:45,server_20,3293.67
22:08:45,server_11,76.51
22:08:45,server_9,0.0
22:08:45,server_8,97.29
22:08:45,server_7,0.0
22:08:45,server_6,14.36
22:08:45,server_5,59.6
22:08:45,server_4,25.54
22:08:45,server_3,0.0
22:08:45,server_2,103.36
22:08:45,server_1,120.74
22:08:45,server_10,111.44
22:08:50,server_13,3.55
22:08:50,server_14,65.49
22:08:50,server_15,112.31
22:08:50,server_16,29.78
22:08:50,server_12,1951.56
22:08:50,server_18,9041.72
22:08:50,server_19,79.02
22:08:50,server_20,56.66
22:08:50,server_17,1516.55
22:08:50,server_11,126.79
22:08:50,server_10,127.67
22:08:50,server_9,76.98
22:08:50,server_8,73.28
22:08:50,server_7,0.0
22:08:50,server_6,129.97
22:08:50,server_5,47.4
22:08:50,server_4,7430.02
22:08:50,server_3,80.51
22:08:50,server_2,63.92
22:08:50,server_1,99.56
22:08:55,server_13,1713.33
22:08:55,server_14,66.16
22:08:55,server_15,90.0
22:08:55,server_16,36.06
22:08:55,server_20,56.75
22:08:55,server_18,30.7
22:08:55,server_19,56.68
22:08:55,server_12,81.75
22:08:55,server_17,9.25
22:08:55,server_11,9238.42
22:08:55,server_10,20.04
22:08:55,server_9,1398.27
22:08:55,server_2,918.53
22:08:55,server_3,74.27
22:08:55,server_4,109.11
22:08:55,server_1,8448.42
22:08:55,server_6,57.6
22:08:55,server_7,3257.73
22:08:55,server_8,55.61
22:08:55,server_5,1816.73
22:09:00,server_12,32.94
22:09:00,server_19,8.85
22:09:00,server_18,0.0
22:09:00,server_17,91.82
22:09:00,server_16,67.34
22:09:00,server_15,35.13
22:09:00,server_14,64.55
22:09:00,server_13,76.5
22:09:00,server_11,9550.5
22:09:00,server_20,112.13
22:09:00,server_9,9671.72
22:09:00,server_1,715.56
22:09:00,server_2,91.51
22:09:00,server_3,128.69
22:09:00,server_4,116.42
22:09:00,server_10,19.49
22:09:00,server_6,0.0
22:09:00,server_7,29.07
22:09:00,server_8,70.64
22:09:00,server_5,52.66
22:09:05,server_12,159.3
22:09:05,server_19,80.92
22:09:05,server_18,7035.06
22:09:05,server_17,89.12
22:09:05,server_16,71.25
22:09:05,server_15,872.41
22:09:05,server_14,88.69
22:09:05,server_13,1773.97
22:09:05,server_11,9426.21
22:09:05,server_20,0.0
22:09:05,server_9,67.12
22:09:05,server_1,76.48
22:09:05,server_2,0.0
22:09:05,server_3,109.83
22:09:05,server_4,41.89
22:09:05,server_10,76.35
22:09:05,server_6,33.6
22:09:05,server_7,39.71
22:09:05,server_8,63.04
22:09:05,server_5,107.26
22:09:10,server_11,92.57
22:09:10,server_19,126.13
22:09:10,server_18,5.54
22:09:10,server_17,73.86
22:09:10,server_16,206.82
22:09:10,server_15,0.0
22:09:10,server_14,12.4
22:09:10,server_13,18.24
22:09:10,server_12,50.62
22:09:10,server_20,1978.99
22:09:10,server_10,7473.81
22:09:10,server_8,27.17
22:09:10,server_7,21.76
22:09:10,server_6,5099.96
22:09:10,server_5,40.68
22:09:10,server_4,43.31
22:09:10,server_3,0.0
22:09:10,server_2,14.49
22:09:10,server_1,101.17
22:09:10,server_9,184.0
22:09:15,server_13,1953.48
22:09:15,server_14,16.07
22:09:15,server_15,92.45
22:09:15,server_12,3341.84
22:09:15,server_17,85.28
22:09:15,server_18,0.0
22:09:15,server_19,58.32
22:09:15,server_16,33.74
22:09:15,server_11,60.76
22:09:15,server_20,40.0
22:09:15,server_9,89.91
22:09:15,server_1,0.0
22:09:15,server_2,6.48
22:09:15,server_3,1.76
22:09:15,server_4,98.81
22:09:15,server_10,615.51
22:09:15,server_6,54.33
22:09:15,server_7,75.5
22:09:15,server_8,69.96
22:09:15,server_5,115.09
22:09:20,server_19,0.0
22:09:20,server_18,59.49
22:09:20,server_17,84.44
22:09:20,server_16,9020.06
22:09:20,server_15,0.0
22:09:20,server_14,65.38
22:09:20,server_13,500.82
22:09:20,server_12,54.36
22:09:20,server_11,52.27
22:09:20,server_20,58.9
22:09:20,server_9,9022.4
22:09:20,server_1,62.03
22:09:20,server_2,0.0
22:09:20,server_3,8032.29
22:09:20,server_4,83.52
22:09:20,server_10,90.63
22:09:20,server_6,0.0
22:09:20,server_7,85.95
22:09:20,server_8,80.97
22:09:20,server_5,124.58
22:09:25,server_11,54.43
22:09:25,server_19,26.63
22:09:25,server_18,142.89
22:09:25,server_17,6446.42
22:09:25,server_16,61.75
22:09:25,server_15,100.92
22:09:25,server_14,3289.41
22:09:25,server_13,21.81
22:09:25,server_12,88.93
22:09:25,server_20,1540.93
22:09:25,server_10,1795.75
22:09:25,server_8,86.97
22:09:25,server_9,56.76
22:09:25,server_1,3.31
22:09:25,server_2,7882.88
22:09:25,server_3,43.8
22:09:25,server_5,69.31
22:09:25,server_6,28.03
22:09:25,server_7,32.72
22:09:25,server_4,15.33
22:09:30,server_20,7.24
22:09:30,server_11,35.42
22:09:30,server_18,27.7
22:09:30,server_17,37.21
22:09:30,server_16,553.98
22:09:30,server_15,13.43
22:09:30,server_14,0.0
22:09:30,server_13,5.6
22:09:30,server_12,9769.57
22:09:30,server_19,131.28
22:09:30,server_10,55.87
22:09:30,server_8,1076.27
22:09:30,server_1,18.22
22:09:30,server_2,85.0
22:09:30,server_3,93.51
22:09:30,server_9,34.59
22:09:30,server_5,8042.27
22:09:30,server_6,3258.91
22:09:30,server_7,0.0
22:09:30,server_4,42.3
22:09:35,server_12,38.32
22:09:35,server_19,0.0
22:09:35,server_18,37.23
22:09:35,server_17,10.99
22:09:35,server_16,0.0
22:09:35,server_15,115.98
22:09:35,server_14,96.72
22:09:35,server_13,26.63
22:09:35,server_11,67.96
22:09:35,server_20,97.67
22:09:35,server_9,4562.48
22:09:35,server_1,55.21
22:09:35,server_2,41.61
22:09:35,server_3,37.45
22:09:35,server_4,55.88
22:09:35,server_10,39.5
22:09:35,server_6,29.87
22:09:35,server_7,75.45
22:09:35,server_8,60.55
22:09:35,server_5,26.4
22:09:40,server_11,81.59
22:09:40,server_19,170.46
22:09:40,server_18,6.23
22:09:40,server_17,687.92
22:09:40,server_16,0.0
22:09:40,server_15,8226.49
22:09:40,server_14,107.74
22:09:40,server_13,26.4
22:09:40,server_12,34.96
22:09:40,server_20,132.61
22:09:40,server_10,49.63
22:09:40,server_8,0.0
22:09:40,server_7,8540.19
22:09:40,server_6,1410.56
22:09:40,server_5,16.0
22:09:40,server_4,63.8
22:09:40,server_3,56.61
22:09:40,server_2,0.0
22:09:40,server_1,1788.43
22:09:40,server_9,30.31
22:09:45,server_13,46.21
22:09:45,server_14,112.14
22:09:45,server_15,1210.72
22:09:45,server_12,109.04
22:09:45,server_17,0.0
22:09:45,server_18,119.48
22:09:45,server_19,149.4
22:09:45,server_16,8773.98
22:09:45,server_11,219.62
22:09:45,server_20,5229.27
22:09:45,server_9,9279.29
22:09:45,server_1,20.15
22:09:45,server_2,732.04
22:09:45,server_3,75.77
22:09:45,server_4,33.99
22:09:45,server_10,16.38
22:09:45,server_6,81.57
22:09:45,server_7,17.2
22:09:45,server_8,162.45
22:09:45,server_5,0.0
22:09:50,server_12,108.57
22:09:50,server_20,68.69
22:09:50,server_19,44.58
22:09:50,server_18,30.11
22:09:50,server_17,778.46
22:09:50,server_16,1446.62
22:09:50,server_15,82.67
22:09:50,server_14,9.44
22:09:50,server_13,910.8
22:09:50,server_11,17.79
22:09:50,server_10,55.44
22:09:50,server_9,9891.77
22:09:50,server_2,39.71
22:09:50,server_3,78.96
22:09:50,server_4,0.0
22:09:50,server_1,136.32
22:09:50,server_6,112.16
22:09:50,server_7,143.74
22:09:50,server_8,68.38
22:09:50,server_5,152.76
22:09:55,server_12,18.1
22:09:55,server_19,34.48
22:09:55,server_18,138.71
22:09:55,server_17,31.93
22:09:55,server_16,51.62
22:09:55,server_15,1117.15
22:09:55,server_14,57.52
22:09:55,server_13,66.4
22:09:55,server_11,74.81
22:09:55,server_20,161.61
22:09:55,server_9,40.24
22:09:55,server_1,0.0
22:09:55,server_2,15.11
22:09:55,server_3,168.99
22:09:55,server_4,4898.24
22:09:55,server_10,0.0
22:09:55,server_6,134.32
22:09:55,server_7,43.47
22:09:55,server_8,109.19
22:09:55,server_5,150.1
22:10:00,server_12,117.66
22:10:00,server_19,120.72
22:10:00,server_18,149.45
22:10:00,server_17,1047.18
22:10:00,server_16,6811.13
22:10:00,server_15,134.7
22:10:00,server_14,99.55
22:10:00,server_13,67.16
22:10:00,server_11,0.0
22:10:00,server_20,107.74
22:10:00,server_9,1335.24
22:10:00,server_1,40.07
22:10:00,server_2,131.87
22:10:00,server_3,9266.86
22:10:00,server_4,0.0
22:10:00,server_10,9141.5
22:10:00,server_6,16.87
22:10:00,server_7,66.59
22:10:00,server_8,32.78
22:10:00,server_5,1008.44
22:10:05,server_11,4023.93
22:10:05,server_19,57.72
22:10:05,server_18,1432.63
22:10:05,server_17,1987.27
22:10:05,server_16,0.0
22:10:05,server_15,123.06
22:10:05,server_14,0.0
22:10:05,server_13,1.47
22:10:05,server_12,21.02
22:10:05,server_20,53.15
22:10:05,server_10,192.74
22:10:05,server_8,49.07
22:10:05,server_7,9043.29
22:10:05,server_6,7.25
22:10:05,server_5,669.49
22:10:05,server_4,26.9
22:10:05,server_3,73.83
22:10:05,server_2,72.85
22:10:05,server_1,37.59
22:10:05,server_9,95.58
22:10:10,server_13,1108.18
22:10:10,server_14,0.0
22:10:10,server_15,195.23
22:10:10,server_12,61.53
22:10:10,server_17,45.86
22:10:10,server_18,48.06
22:10:10,server_19,8.63
22:10:10,server_16,155.4
22:10:10,server_11,0.0
22:10:10,server_20,99.96
22:10:10,server_9,6.45
22:10:10,server_1,8341.25
22:10:10,server_2,5906.98
22:10:10,server_3,0.0
22:10:10,server_4,898.76
22:10:10,server_10,150.17
22:10:10,server_6,17.59
22:10:10,server_7,7.88
22:10:10,server_8,14.23
22:10:10,server_5,43.18
22:10:15,server_19,138.32
22:10:15,server_18,43.89
22:10:15,server_17,189.07
22:10:15,server_16,102.67
22:10:15,server_15,98.71
22:10:15,server_14,163.63
22:10:15,server_13,33.25
22:10:15,server_12,9703.32
22:10:15,server_11,58.97
22:10:15,server_20,138.35
22:10:15,server_9,144.64
22:10:15,server_1,0.0
22:10:15,server_2,19.81
22:10:15,server_3,96.82
22:10:15,server_4,4113.52
22:10:15,server_10,56.74
22:10:15,server_6,0.0
22:10:15,server_7,94.06
22:10:15,server_8,9577.05
22:10:15,server_5,4882.84
22:10:20,server_11,143.87
22:10:20,server_19,58.88
22:10:20,server_18,91.01
22:10:20,server_17,30.55
22:10:20,server_16,1117.29
22:10:20,server_15,9881.33
22:10:20,server_14,27.24
22:10:20,server_13,51.95
22:10:20,server_12,44.19
22:10:20,server_20,4376.14
22:10:20,server_10,62.26
22:10:20,server_8,167.2
22:10:20,server_9,13.78
22:10:20,server_1,59.17
22:10:20,server_2,23.26
22:10:20,server_3,45.18
22:10:20,server_5,141.94
22:10:20,server_6,41.44
22:10:20,server_7,59.23
22:10:20,server_4,58.67
22:10:25,server_20,66.17
22:10:25,server_11,7162.42
22:10:25,server_18,68.23
22:10:25,server_17,122.82
22:10:25,server_16,54.05
22:10:25,server_15,127.31
22:10:25,server_14,40.24
22:10:25,server_13,192.4
22:10:25,server_12,97.09
22:10:25,server_19,90.78
22:10:25,server_10,32.88
22:10:25,server_8,92.9
22:10:25,server_1,88.0
22:10:25,server_2,190.74
22:10:25,server_3,168.14
22:10:25,server_9,27.14
22:10:25,server_5,126.11
22:10:25,server_6,7845.98
22:10:25,server_7,95.81
22:10:25,server_4,38.51
22:10:30,server_12,117.68
22:10:30,server_19,86.67
22:10:30,server_18,98.36
22:10:30,server_17,115.96
22:10:30,server_16,3268.13
22:10:30,server_15,43.1
22:10:30,server_14,96.05
22:10:30,server_13,81.21
22:10:30,server_11,111.17
22:10:30,server_20,3599.74
22:10:30,server_9,83.28
22:10:30,server_1,23.98
22:10:30,server_2,158.9
22:10:30,server_3,32.51
22:10:30,server_4,120.47
22:10:30,server_10,4535.53
22:10:30,server_6,90.03
22:10:30,server_7,85.96
22:10:30,server_8,129.48
22:10:30,server_5,8.64
22:10:35,server_11,53.93
22:10:35,server_19,7.51
22:10:35,server_18,39.77
22:10:35,server_17,52.49
22:10:35,server_16,72.42
22:10:35,server_15,107.1
22:10:35,server_14,35.05
22:10:35,server_13,87.14
22:10:35,server_12,80.48
22:10:35,server_20,1645.62
22:10:35,server_10,82.73
22:10:35,server_8,4736.46
22:10:35,server_7,911.91
22:10:35,server_6,0.0
22:10:35,server_5,65.3
22:10:35,server_4,3309.8
22:10:35,server_3,56.26
22:10:35,server_2,37.93
22:10:35,server_1,99.85
22:10:35,server_9,37.74
22:10:40,server_13,60.5
22:10:40,server_14,51.55
22:10:40,server_15,25.75
22:10:40,server_12,23.97
22:10:40,server_17,78.31
22:10:40,server_18,158.79
22:10:40,server_19,100.3
22:10:40,server_16,123.95
22:10:40,server_11,0.0
22:10:40,server_20,11.67
22:10:40,server_9,3929.01
22:10:40,server_1,128.76
22:10:40,server_2,24.98
22:10:40,server_3,1.75
22:10:40,server_4,8925.21
22:10:40,server_10,0.0
22:10:40,server_6,0.0
22:10:40,server_7,0.0
22:10:40,server_8,0.0
22:10:40,server_5,100.0
22:10:45,server_20,3123.37
22:10:45,server_19,87.62
22:10:45,server_18,107.61
22:10:45,server_17,0.12
22:10:45,server_16,91.44
22:10:45,server_15,143.1
22:10:45,server_14,45.29
22:10:45,server_12,42.44
22:10:45,server_11,89.82
22:10:45,server_13,0.0
22:10:45,server_9,47.09
22:10:45,server_10,154.68
22:10:45,server_2,84.33
22:10:45,server_3,47.86
22:10:45,server_4,22.5
22:10:45,server_1,4.35
22:10:45,server_6,8659.65
22:10:45,server_7,44.4
22:10:45,server_8,49.3
22:10:45,server_5,5654.99
22:10:50,server_12,53.61
22:10:50,server_20,74.96
22:10:50,server_19,62.29
22:10:50,server_18,86.22
22:10:50,server_17,128.53
22:10:50,server_16,108.36
22:10:50,server_15,36.08
22:10:50,server_14,105.72
22:10:50,server_13,56.32
22:10:50,server_11,149.01
22:10:50,server_3,71.57
22:10:50,server_9,136.72
22:10:50,server_10,112.63
22:10:50,server_2,119.86
22:10:50,server_4,0.0
22:10:50,server_1,1238.8
22:10:50,server_6,0.0
22:10:50,server_7,0.0
22:10:50,server_8,120.21
22:10:50,server_5,959.37
22:10:55,server_12,56.55
22:10:55,server_19,55.6
22:10:55,server_18,25.56
22:10:55,server_17,157.4
22:10:55,server_16,3548.91
22:10:55,server_15,57.96
22:10:55,server_14,6848.49
22:10:55,server_20,116.65
22:10:55,server_11,68.74
22:10:55,server_13,73.05
22:10:55,server_9,36.39
22:10:55,server_1,102.79
22:10:55,server_2,105.76
22:10:55,server_3,123.11
22:10:55,server_4,81.56
22:10:55,server_10,2.4
22:10:55,server_6,174.61
22:10:55,server_7,87.74
22:10:55,server_8,870.24
22:10:55,server_5,85.06
22:11:00,server_19,0.29
22:11:00,server_18,0.0
22:11:00,server_17,109.95
22:11:00,server_16,59.96
22:11:00,server_15,1795.07
22:11:00,server_14,20.07
22:11:00,server_13,23.43
22:11:00,server_12,8482.2
22:11:00,server_11,0.0
22:11:00,server_20,39.36
22:11:00,server_9,22.28
22:11:00,server_1,103.97
22:11:00,server_2,41.76
22:11:00,server_3,0.0
22:11:00,server_4,6655.98
22:11:00,server_10,56.77
22:11:00,server_6,89.33
22:11:00,server_7,5538.88
22:11:00,server_8,70.27
22:11:00,server_5,40.15
22:11:05,server_11,58.47
22:11:05,server_19,113.59
22:11:05,server_18,70.36
22:11:05,server_17,26.84
22:11:05,server_16,28.53
22:11:05,server_15,86.98
22:11:05,server_14,49.42
22:11:05,server_13,41.56
22:11:05,server_12,14.3
22:11:05,server_20,40.22
22:11:05,server_10,99.62
22:11:05,server_8,0.0
22:11:05,server_9,7040.07
22:11:05,server_1,40.3
22:11:05,server_2,125.03
22:11:05,server_3,11.33
22:11:05,server_5,1951.05
22:11:05,server_6,7891.48
22:11:05,server_7,90.69
22:11:05,server_4,40.81
22:11:10,server_20,1339.64
22:11:10,server_11,27.84
22:11:10,server_18,100.75
22:11:10,server_17,102.62
22:11:10,server_16,4937.82
22:11:10,server_15,93.36
22:11:10,server_14,95.61
22:11:10,server_13,76.29
22:11:10,server_12,54.35
22:11:10,server_19,7877.61
22:11:10,server_10,6749.12
22:11:10,server_8,9.64
22:11:10,server_1,179.31
22:11:10,server_2,1902.68
22:11:10,server_3,0.0
22:11:10,server_9,0.0
22:11:10,server_5,162.92
22:11:10,server_6,92.63
22:11:10,server_7,44.36
22:11:10,server_4,67.11
22:11:15,server_20,6316.31
22:11:15,server_19,114.1
22:11:15,server_18,24.15
22:11:15,server_17,1147.74
22:11:15,server_16,0.0
22:11:15,server_15,1801.41
22:11:15,server_14,0.0
22:11:15,server_12,5874.61
22:11:15,server_11,89.77
22:11:15,server_13,96.73
22:11:15,server_9,118.46
22:11:15,server_10,102.81
22:11:15,server_2,13.16
22:11:15,server_3,99.85
22:11:15,server_4,78.43
22:11:15,server_1,121.49
22:11:15,server_6,8727.64
22:11:15,server_7,141.47
22:11:15,server_8,7938.94
22:11:15,server_5,58.52
22:11:20,server_12,0.0
22:11:20,server_19,6113.05
22:11:20,server_18,1068.37
22:11:20,server_20,122.01
22:11:20,server_17,0.0
22:11:20,server_16,56.13
22:11:20,server_15,0.0
22:11:20,server_14,0.0
22:11:20,server_13,62.31
22:11:20,server_11,105.12
22:11:20,server_3,73.18
22:11:20,server_9,44.04
22:11:20,server_10,0.0
22:11:20,server_2,40.25
22:11:20,server_4,104.86
22:11:20,server_1,4.29
22:11:20,server_6,31.39
22:11:20,server_7,78.63
22:11:20,server_8,158.51
22:11:20,server_5,4988.58
22:11:25,server_11,95.66
22:11:25,server_20,4302.75
22:11:25,server_18,870.73
22:11:25,server_17,78.32
22:11:25,server_16,165.71
22:11:25,server_15,55.2
22:11:25,server_14,90.53
22:11:25,server_13,550.67
22:11:25,server_12,44.24
22:11:25,server_19,7887.84
22:11:25,server_10,115.79
22:11:25,server_8,35.68
22:11:25,server_1,0.0
22:11:25,server_2,73.34
22:11:25,server_3,1.84
22:11:25,server_9,5382.97
22:11:25,server_5,1250.41
22:11:25,server_6,4250.07
22:11:25,server_7,114.73
22:11:25,server_4,151.74
22:11:30,server_12,88.88
22:11:30,server_19,179.7
22:11:30,server_18,1693.51
22:11:30,server_17,128.39
22:11:30,server_16,95.52
22:11:30,server_15,799.91
22:11:30,server_14,50.61
22:11:30,server_13,70.75
22:11:30,server_11,643.3
22:11:30,server_20,124.7
22:11:30,server_9,1485.84
22:11:30,server_1,137.39
22:11:30,server_2,203.26
22:11:30,server_3,6.24
22:11:30,server_4,60.16
22:11:30,server_10,84.75
22:11:30,server_6,8943.46
22:11:30,server_7,15.69
22:11:30,server_8,35.5
22:11:30,server_5,1720.31
22:11:35,server_11,4914.68
22:11:35,server_19,96.36
22:11:35,server_18,166.18
22:11:35,server_17,90.29
22:11:35,server_16,1169.11
22:11:35,server_15,3422.3
22:11:35,server_14,90.39
22:11:35,server_13,7551.91
22:11:35,server_12,174.99
22:11:35,server_20,77.95
22:11:35,server_10,64.88
22:11:35,server_8,50.17
22:11:35,server_7,28.89
22:11:35,server_6,90.6
22:11:35,server_5,71.3
22:11:35,server_4,35.73
22:11:35,server_3,68.03
22:11:35,server_2,172.4
22:11:35,server_1,107.81
22:11:35,server_9,75.8
22:11:40,server_14,125.54
22:11:40,server_15,40.03
22:11:40,server_16,49.11
22:11:40,server_13,28.95
22:11:40,server_18,16.9
22:11:40,server_19,0.0
22:11:40,server_20,79.38
22:11:40,server_17,0.0
22:11:40,server_12,56.3
22:11:40,server_11,3911.15
22:11:40,server_1,32.83
22:11:40,server_9,12.0
22:11:40,server_8,82.07
22:11:40,server_7,52.69
22:11:40,server_6,1715.35
22:11:40,server_5,139.63
22:11:40,server_4,24.2
22:11:40,server_3,140.89
22:11:40,server_2,30.67
22:11:40,server_10,73.05
22:11:45,server_14,159.86
22:11:45,server_15,21.94
22:11:45,server_16,30.3
22:11:45,server_17,191.22
22:11:45,server_10,60.49
22:11:45,server_19,110.48
22:11:45,server_20,3593.02
22:11:45,server_13,78.13
22:11:45,server_18,1675.03
22:11:45,server_12,112.51
22:11:45,server_7,77.33
22:11:45,server_9,845.53
22:11:45,server_8,14.2
22:11:45,server_6,35.97
22:11:45,server_5,93.32
22:11:45,server_4,36.7
22:11:45,server_3,90.92
22:11:45,server_2,599.58
22:11:45,server_1,46.08
22:11:45,server_11,29.34
22:11:50,server_13,1711.09
22:11:50,server_14,33.47
22:11:50,server_15,36.6
22:11:50,server_20,23.89
22:11:50,server_18,0.0
22:11:50,server_19,118.21
22:11:50,server_12,20.25
22:11:50,server_16,0.95
22:11:50,server_11,56.3
22:11:50,server_17,1340.29
22:11:50,server_9,110.1
22:11:50,server_8,35.86
22:11:50,server_7,0.0
22:11:50,server_6,104.99
22:11:50,server_5,103.9
22:11:50,server_4,41.6
22:11:50,server_1,57.06
22:11:50,server_3,46.85
22:11:50,server_2,39.76
22:11:50,server_10,118.4
22:11:55,server_13,75.32
22:11:55,server_14,8926.07
22:11:55,server_15,34.34
22:11:55,server_20,1469.89
22:11:55,server_18,100.73
22:11:55,server_19,155.04
22:11:55,server_12,129.15
22:11:55,server_16,0.49
22:11:55,server_11,8961.12
22:11:55,server_17,19.83
22:11:55,server_9,109.75
22:11:55,server_8,0.0
22:11:55,server_7,112.55
22:11:55,server_6,43.03
22:11:55,server_5,83.46
22:11:55,server_4,715.93
22:11:55,server_3,49.5
22:11:55,server_2,7236.1
22:11:55,server_1,111.85
22:11:55,server_10,2.97
22:12:00,server_13,8.88
22:12:00,server_14,158.28
22:12:00,server_15,44.84
22:12:00,server_20,107.01
22:12:00,server_17,7358.68
22:12:00,server_18,130.79
22:12:00,server_19,145.51
22:12:00,server_12,79.45
22:12:00,server_16,45.85
22:12:00,server_11,184.16
22:12:00,server_7,39.8
22:12:00,server_9,175.42
22:12:00,server_8,84.42
22:12:00,server_6,130.39
22:12:00,server_5,63.81
22:12:00,server_4,77.62
22:12:00,server_3,0.0
22:12:00,server_2,1113.87
22:12:00,server_1,144.1
22:12:00,server_10,133.51
22:12:05,server_13,133.6
22:12:05,server_14,13.11
22:12:05,server_15,51.32
22:12:05,server_20,64.15
22:12:05,server_18,9506.05
22:12:05,server_19,85.14
22:12:05,server_12,0.0
22:12:05,server_16,137.01
22:12:05,server_11,0.0
22:12:05,server_17,690.92
22:12:05,server_9,21.5
22:12:05,server_2,1102.01
22:12:05,server_3,19.68
22:12:05,server_1,203.67
22:12:05,server_4,34.36
22:12:05,server_10,22.46
22:12:05,server_6,83.71
22:12:05,server_7,61.06
22:12:05,server_8,863.34
22:12:05,server_5,109.23
22:12:10,server_12,42.63
22:12:10,server_19,3850.75
22:12:10,server_18,1655.87
22:12:10,server_17,6.92
22:12:10,server_16,22.47
22:12:10,server_15,0.0
22:12:10,server_14,94.7
22:12:10,server_13,4148.6
22:12:10,server_11,65.66
22:12:10,server_20,0.0
22:12:10,server_9,130.83
22:12:10,server_1,77.65
22:12:10,server_2,75.33
22:12:10,server_3,515.16
22:12:10,server_4,151.73
22:12:10,server_10,100.02
22:12:10,server_6,0.0
22:12:10,server_7,68.86
22:12:10,server_8,0.0
22:12:10,server_5,1514.64
22:12:15,server_11,162.76
22:12:15,server_19,4774.29
22:12:15,server_18,3.24
22:12:15,server_17,71.24
22:12:15,server_16,147.07
22:12:15,server_15,144.57
22:12:15,server_14,0.0
22:12:15,server_13,0.0
22:12:15,server_12,39.97
22:12:15,server_20,129.12
22:12:15,server_10,4282.8
22:12:15,server_8,102.05
22:12:15,server_7,51.36
22:12:15,server_6,49.64
22:12:15,server_5,128.7
22:12:15,server_4,11.12
22:12:15,server_3,107.49
22:12:15,server_2,1771.06
22:12:15,server_1,33.48
22:12:15,server_9,67.97
22:12:20,server_13,61.64
22:12:20,server_20,110.77
22:12:20,server_14,166.59
22:12:20,server_15,30.86
22:12:20,server_19,0.0
22:12:20,server_17,56.85
22:12:20,server_18,139.4
22:12:20,server_12,153.81
22:12:20,server_16,134.83
22:12:20,server_11,18.5
22:12:20,server_7,9561.58
22:12:20,server_9,195.6
22:12:20,server_8,68.58
22:12:20,server_6,81.64
22:12:20,server_5,97.53
22:12:20,server_4,70.3
22:12:20,server_3,104.89
22:12:20,server_2,48.51
22:12:20,server_1,107.65
22:12:20,server_10,96.66
22:12:25,server_13,15.25
22:12:25,server_14,52.12
22:12:25,server_15,89.98
22:12:25,server_20,0.0
22:12:25,server_17,1764.93
22:12:25,server_19,56.43
22:12:25,server_12,28.53
22:12:25,server_16,118.44
22:12:25,server_11,44.97
22:12:25,server_18,60.08
22:12:25,server_9,54.83
22:12:25,server_8,0.0
22:12:25,server_7,0.0
22:12:25,server_6,48.84
22:12:25,server_5,154.5
22:12:25,server_4,69.43
22:12:25,server_3,7.54
22:12:25,server_2,81.24
22:12:25,server_1,0.0
22:12:25,server_10,85.14
22:12:30,server_13,145.66
22:12:30,server_14,30.74
22:12:30,server_15,31.5
22:12:30,server_20,166.2
22:12:30,server_17,96.2
22:12:30,server_18,104.55
22:12:30,server_19,66.53
22:12:30,server_12,13.88
22:12:30,server_16,138.21
22:12:30,server_11,70.86
22:12:30,server_7,617.01
22:12:30,server_9,42.82
22:12:30,server_8,28.62
22:12:30,server_6,91.59
22:12:30,server_5,167.51
22:12:30,server_4,0.0
22:12:30,server_3,39.27
22:12:30,server_2,64.31
22:12:30,server_1,11.16
22:12:30,server_10,97.92
22:12:35,server_14,0.0
22:12:35,server_16,8793.41
22:12:35,server_15,88.49
22:12:35,server_17,0.0
22:12:35,server_10,0.0
22:12:35,server_19,5432.16
22:12:35,server_20,106.1
22:12:35,server_13,1.7
22:12:35,server_18,9050.83
22:12:35,server_12,0.0
22:12:35,server_7,0.0
22:12:35,server_11,1867.72
22:12:35,server_9,3604.61
22:12:35,server_8,4185.9
22:12:35,server_1,1812.94
22:12:35,server_6,48.75
22:12:35,server_5,9659.28
22:12:35,server_4,97.89
22:12:35,server_3,68.39
22:12:35,server_2,57.87
22:12:40,server_13,43.36
22:12:40,server_14,0.0
22:12:40,server_15,77.16
22:12:40,server_16,20.29
22:12:40,server_20,88.24
22:12:40,server_18,0.0
22:12:40,server_19,70.71
22:12:40,server_12,5032.87
22:12:40,server_17,65.78
22:12:40,server_11,63.66
22:12:40,server_10,145.35
22:12:40,server_9,1257.54
22:12:40,server_2,6.79
22:12:40,server_3,175.76
22:12:40,server_4,34.17
22:12:40,server_1,7731.87
22:12:40,server_6,51.48
22:12:40,server_7,91.17
22:12:40,server_8,0.0
22:12:40,server_5,159.42
22:12:45,server_11,0.0
22:12:45,server_19,53.9
22:12:45,server_18,5543.58
22:12:45,server_16,68.35
22:12:45,server_15,73.32
22:12:45,server_14,1958.98
22:12:45,server_13,120.94
22:12:45,server_12,48.65
22:12:45,server_10,62.41
22:12:45,server_20,1328.63
22:12:45,server_8,148.11
22:12:45,server_9,40.01
22:12:45,server_1,87.23
22:12:45,server_2,7185.57
22:12:45,server_3,89.13
22:12:45,server_17,165.11
22:12:45,server_5,72.49
22:12:45,server_6,38.19
22:12:45,server_4,19.05
22:12:45,server_7,98.38
22:12:50,server_20,0.0
22:12:50,server_19,4.75
22:12:50,server_18,0.0
22:12:50,server_16,25.11
22:12:50,server_15,50.97
22:12:50,server_14,70.13
22:12:50,server_13,0.0
22:12:50,server_12,1134.27
22:12:50,server_11,0.0
22:12:50,server_17,95.96
22:12:50,server_9,0.0
22:12:50,server_8,62.99
22:12:50,server_7,3043.83
22:12:50,server_6,62.71
22:12:50,server_5,3.78
22:12:50,server_4,53.19
22:12:50,server_3,11.32
22:12:50,server_2,0.0
22:12:50,server_1,73.52
22:12:50,server_10,96.85
22:12:55,server_13,4069.24
22:12:55,server_14,741.58
22:12:55,server_15,120.49
22:12:55,server_20,9899.64
22:12:55,server_17,45.39
22:12:55,server_18,107.78
22:12:55,server_19,159.68
22:12:55,server_12,51.65
22:12:55,server_16,4362.76
22:12:55,server_11,91.45
22:12:55,server_7,114.78
22:12:55,server_9,172.92
22:12:55,server_8,168.29
22:12:55,server_6,3165.74
22:12:55,server_5,4916.59
22:12:55,server_4,137.13
22:12:55,server_3,9370.48
22:12:55,server_2,66.65
22:12:55,server_1,37.99
22:12:55,server_10,69.54
22:13:00,server_13,28.79
22:13:00,server_14,5999.06
22:13:00,server_15,109.49
22:13:00,server_17,29.62
22:13:00,server_19,1658.91
22:13:00,server_20,61.58
22:13:00,server_12,4557.57
22:13:00,server_18,159.68
22:13:00,server_11,78.32
22:13:00,server_16,87.93
22:13:00,server_9,9640.23
22:13:00,server_2,3976.06
22:13:00,server_3,1011.27
22:13:00,server_4,110.01
22:13:00,server_10,5339.08
22:13:00,server_1,53.63
22:13:00,server_6,0.0
22:13:00,server_7,75.05
22:13:00,server_8,44.36
22:13:00,server_5,111.92
22:13:05,server_12,3303.55
22:13:05,server_19,5533.83
22:13:05,server_18,166.89
22:13:05,server_17,62.87
22:13:05,server_16,97.4
22:13:05,server_15,105.65
22:13:05,server_14,120.43
22:13:05,server_13,81.57
22:13:05,server_11,75.09
22:13:05,server_20,5120.18
22:13:05,server_9,60.95
22:13:05,server_1,89.03
22:13:05,server_2,132.48
22:13:05,server_3,49.34
22:13:05,server_4,795.92
22:13:05,server_10,13.44
22:13:05,server_6,0.0
22:13:05,server_7,102.29
22:13:05,server_8,73.9
22:13:05,server_5,97.03
22:13:10,server_11,0.0
22:13:10,server_19,10.38
22:13:10,server_18,1785.13
22:13:10,server_17,69.82
22:13:10,server_16,67.65
22:13:10,server_15,120.33
22:13:10,server_14,8.9
22:13:10,server_13,48.74
22:13:10,server_12,9478.86
22:13:10,server_20,43.63
22:13:10,server_10,90.58
22:13:10,server_8,1700.12
22:13:10,server_7,3485.09
22:13:10,server_6,0.0
22:13:10,server_5,39.0
22:13:10,server_4,23.77
22:13:10,server_3,41.75
22:13:10,server_2,1896.51
22:13:10,server_1,36.88
22:13:10,server_9,40.13
22:13:15,server_13,101.8
22:13:15,server_14,84.31
22:13:15,server_15,1486.99
22:13:15,server_20,60.05
22:13:15,server_19,96.05
22:13:15,server_17,62.83
22:13:15,server_18,104.5
22:13:15,server_12,0.0
22:13:15,server_16,40.3
22:13:15,server_11,3994.19
22:13:15,server_5,29.18
22:13:15,server_9,125.97
22:13:15,server_8,75.06
22:13:15,server_7,171.17
22:13:15,server_6,0.0
22:13:15,server_4,622.16
22:13:15,server_3,165.38
22:13:15,server_2,8690.59
22:13:15,server_1,0.0
22:13:15,server_10,11.33
22:13:20,server_13,6529.49
22:13:20,server_14,186.02
22:13:20,server_15,0.0
22:13:20,server_20,38.02
22:13:20,server_18,2.26
22:13:20,server_19,26.6
22:13:20,server_12,92.75
22:13:20,server_17,27.79
22:13:20,server_11,30.99
22:13:20,server_16,5859.16
22:13:20,server_9,65.11
22:13:20,server_8,45.25
22:13:20,server_7,114.75
22:13:20,server_6,41.64
22:13:20,server_5,15.35
22:13:20,server_4,142.9
22:13:20,server_3,0.0
22:13:20,server_2,190.59
22:13:20,server_1,4005.4
22:13:20,server_10,31.96
22:13:25,server_12,104.39
22:13:25,server_13,45.35
22:13:25,server_14,968.73
22:13:25,server_18,70.27
22:13:25,server_16,88.88
22:13:25,server_17,19.06
22:13:25,server_11,117.93
22:13:25,server_15,0.0
22:13:25,server_10,31.57
22:13:25,server_5,70.32
22:13:25,server_8,164.79
22:13:25,server_7,78.85
22:13:25,server_6,9.35
22:13:25,server_4,88.37
22:13:25,server_3,152.98
22:13:25,server_2,136.8
22:13:25,server_1,101.8
22:13:25,server_19,99.59
22:13:25,server_9,1212.0
22:13:25,server_20,196.82
22:13:30,server_13,70.87
22:13:30,server_14,46.48
22:13:30,server_15,7553.29
22:13:30,server_20,0.0
22:13:30,server_18,75.66
22:13:30,server_19,54.36
22:13:30,server_12,0.0
22:13:30,server_16,28.39
22:13:30,server_11,26.74
22:13:30,server_17,159.52
22:13:30,server_9,64.6
22:13:30,server_2,69.27
22:13:30,server_3,75.55
22:13:30,server_10,2.49
22:13:30,server_4,118.16
22:13:30,server_1,32.07
22:13:30,server_6,33.82
22:13:30,server_7,3455.25
22:13:30,server_8,153.18
22:13:30,server_5,41.48
22:13:35,server_12,80.64
22:13:35,server_20,9640.96
22:13:35,server_19,112.58
22:13:35,server_18,4401.31
22:13:35,server_17,0.0
22:13:35,server_16,142.39
22:13:35,server_15,4122.75
22:13:35,server_14,34.84
22:13:35,server_13,0.0
22:13:35,server_11,142.11
22:13:35,server_10,6989.1
22:13:35,server_9,147.31
22:13:35,server_2,18.0
22:13:35,server_3,22.55
22:13:35,server_4,92.82
22:13:35,server_1,31.24
22:13:35,server_6,191.31
22:13:35,server_7,143.89
22:13:35,server_8,45.96
22:13:35,server_5,79.43
22:13:40,server_12,83.8
22:13:40,server_19,102.97
22:13:40,server_18,74.4
22:13:40,server_17,5997.23
22:13:40,server_16,95.02
22:13:40,server_15,1955.82
22:13:40,server_14,1129.57
22:13:40,server_13,48.75
22:13:40,server_11,87.79
22:13:40,server_20,78.46
22:13:40,server_9,0.0
22:13:40,server_1,4.04
22:13:40,server_2,0.0
22:13:40,server_3,1867.4
22:13:40,server_4,68.2
22:13:40,server_10,0.0
22:13:40,server_6,116.75
22:13:40,server_7,88.76
22:13:40,server_8,52.99
22:13:40,server_5,3.93
22:13:45,server_12,0.0
22:13:45,server_19,23.41
22:13:45,server_18,105.79
22:13:45,server_17,12.99
22:13:45,server_16,37.79
22:13:45,server_15,106.42
22:13:45,server_14,0.0
22:13:45,server_13,1383.61
22:13:45,server_11,7.64
22:13:45,server_20,41.16
22:13:45,server_9,79.09
22:13:45,server_1,52.8
22:13:45,server_2,714.84
22:13:45,server_3,139.98
22:13:45,server_4,932.07
22:13:45,server_10,5122.76
22:13:45,server_6,107.42
22:13:45,server_7,118.12
22:13:45,server_8,92.86
22:13:45,server_5,84.28
22:13:50,server_11,8382.19
22:13:50,server_19,170.38
22:13:50,server_18,14.05
22:13:50,server_17,178.93
22:13:50,server_16,7273.41
22:13:50,server_15,37.34
22:13:50,server_14,1770.37
22:13:50,server_13,47.95
22:13:50,server_12,7619.64
22:13:50,server_20,79.42
22:13:50,server_10,46.37
22:13:50,server_8,787.15
22:13:50,server_7,119.75
22:13:50,server_6,0.0
22:13:50,server_5,66.78
22:13:50,server_4,52.7
22:13:50,server_3,158.09
22:13:50,server_2,73.35
22:13:50,server_1,109.34
22:13:50,server_9,12.81
22:13:55,server_13,79.53
22:13:55,server_14,77.36
22:13:55,server_15,0.0
22:13:55,server_12,156.71
22:13:55,server_17,0.0
22:13:55,server_18,30.92
22:13:55,server_19,124.32
22:13:55,server_16,7150.98
22:13:55,server_11,32.79
22:13:55,server_20,603.65
22:13:55,server_9,56.55
22:13:55,server_1,120.23
22:13:55,server_2,25.05
22:13:55,server_3,1809.78
22:13:55,server_4,55.95
22:13:55,server_10,96.29
22:13:55,server_6,8176.16
22:13:55,server_7,155.15
22:13:55,server_8,124.94
22:13:55,server_5,13.97
22:14:00,server_19,75.59
22:14:00,server_18,132.11
22:14:00,server_17,33.87
22:14:00,server_16,55.19
22:14:00,server_15,98.18
22:14:00,server_14,91.23
22:14:00,server_13,80.42
22:14:00,server_12,15.4
22:14:00,server_11,9406.71
22:14:00,server_20,14.55
22:14:00,server_9,27.7
22:14:00,server_1,88.29
22:14:00,server_2,6.34
22:14:00,server_3,65.33
22:14:00,server_4,12.76
22:14:00,server_10,58.49
22:14:00,server_6,64.11
22:14:00,server_7,61.32
22:14:00,server_8,109.64
22:14:00,server_5,27.76
22:14:05,server_11,64.23
22:14:05,server_19,70.89
22:14:05,server_18,43.5
22:14:05,server_17,9441.66
22:14:05,server_16,5663.02
22:14:05,server_15,22.05
22:14:05,server_14,44.3
22:14:05,server_13,0.0
22:14:05,server_12,133.43
22:14:05,server_20,80.42
22:14:05,server_10,118.83
22:14:05,server_8,0.0
22:14:05,server_9,15.27
22:14:05,server_1,34.74
22:14:05,server_2,37.91
22:14:05,server_3,783.41
22:14:05,server_5,0.0
22:14:05,server_6,21.56
22:14:05,server_7,19.2
22:14:05,server_4,60.55
22:14:10,server_20,5062.52
22:14:10,server_11,104.4
22:14:10,server_18,8.82
22:14:10,server_17,38.85
22:14:10,server_16,78.86
22:14:10,server_15,9339.61
22:14:10,server_14,136.19
22:14:10,server_13,85.28
22:14:10,server_12,161.38
22:14:10,server_19,89.53
22:14:10,server_10,9353.9
22:14:10,server_8,7571.77
22:14:10,server_1,6084.37
22:14:10,server_2,13.76
22:14:10,server_3,151.09
22:14:10,server_9,13.6
22:14:10,server_5,82.4
22:14:10,server_6,109.09
22:14:10,server_7,0.0
22:14:10,server_4,78.65
22:14:15,server_12,60.0
22:14:15,server_19,761.86
22:14:15,server_18,7659.97
22:14:15,server_17,0.0
22:14:15,server_16,5103.16
22:14:15,server_15,116.45
22:14:15,server_14,0.0
22:14:15,server_13,42.42
22:14:15,server_11,198.22
22:14:15,server_20,124.39
22:14:15,server_9,0.0
22:14:15,server_1,8186.95
22:14:15,server_2,7.21
22:14:15,server_3,4.4
22:14:15,server_4,192.62
22:14:15,server_10,8368.19
22:14:15,server_6,0.0
22:14:15,server_7,0.0
22:14:15,server_8,178.11
22:14:15,server_5,115.04
22:14:20,server_11,75.96
22:14:20,server_19,1449.68
22:14:20,server_18,15.04
22:14:20,server_17,44.27
22:14:20,server_16,80.87
22:14:20,server_15,70.1
22:14:20,server_14,35.74
22:14:20,server_13,103.24
22:14:20,server_12,640.21
22:14:20,server_20,22.9
22:14:20,server_10,162.21
22:14:20,server_8,124.87
22:14:20,server_7,127.45
22:14:20,server_6,58.58
22:14:20,server_5,125.01
22:14:20,server_4,72.44
22:14:20,server_3,0.0
22:14:20,server_2,0.0
22:14:20,server_1,115.87
22:14:20,server_9,58.51
22:14:25,server_13,64.23
22:14:25,server_14,42.64
22:14:25,server_15,58.68
22:14:25,server_12,0.44
22:14:25,server_20,44.08
22:14:25,server_18,0.0
22:14:25,server_19,17.13
22:14:25,server_16,108.45
22:14:25,server_11,103.38
22:14:25,server_17,99.45
22:14:25,server_9,33.6
22:14:25,server_1,0.0
22:14:25,server_2,52.16
22:14:25,server_3,0.0
22:14:25,server_4,116.44
22:14:25,server_10,90.04
22:14:25,server_6,3.49
22:14:25,server_7,0.71
22:14:25,server_8,0.0
22:14:25,server_5,1961.45
22:14:30,server_12,89.87
22:14:30,server_19,0.0
22:14:30,server_18,17.47
22:14:30,server_17,37.54
22:14:30,server_16,11.61
22:14:30,server_15,155.61
22:14:30,server_14,9582.34
22:14:30,server_13,11.71
22:14:30,server_11,5573.33
22:14:30,server_20,169.23
22:14:30,server_9,54.57
22:14:30,server_1,7417.65
22:14:30,server_2,16.84
22:14:30,server_3,152.04
22:14:30,server_4,102.92
22:14:30,server_10,0.0
22:14:30,server_6,114.21
22:14:30,server_7,109.79
22:14:30,server_8,106.47
22:14:30,server_5,1562.43
22:14:35,server_11,106.58
22:14:35,server_19,574.47
22:14:35,server_18,66.02
22:14:35,server_17,20.93
22:14:35,server_16,0.0
22:14:35,server_15,83.17
22:14:35,server_14,20.98
22:14:35,server_13,68.08
22:14:35,server_12,91.11
22:14:35,server_20,101.68
22:14:35,server_10,65.59
22:14:35,server_8,3305.79
22:14:35,server_7,47.12
22:14:35,server_6,3.7
22:14:35,server_5,35.86
22:14:35,server_4,0.0
22:14:35,server_3,69.58
22:14:35,server_2,9644.21
22:14:35,server_1,89.13
22:14:35,server_9,70.37
22:14:40,server_13,41.11
22:14:40,server_14,88.54
22:14:40,server_15,0.0
22:14:40,server_16,4964.53
22:14:40,server_20,97.46
22:14:40,server_18,122.26
22:14:40,server_19,947.35
22:14:40,server_12,3206.72
22:14:40,server_17,8858.96
22:14:40,server_11,101.65
22:14:40,server_10,34.71
22:14:40,server_9,7060.18
22:14:40,server_2,49.89
22:14:40,server_3,0.75
22:14:40,server_4,126.67
22:14:40,server_1,35.0
22:14:40,server_6,4.87
22:14:40,server_7,107.23
22:14:40,server_8,3633.2
22:14:40,server_5,5828.52
22:14:45,server_13,0.0
22:14:45,server_20,0.0
22:14:45,server_19,92.04
22:14:45,server_18,24.23
22:14:45,server_17,112.79
22:14:45,server_16,109.59
22:14:45,server_15,122.72
22:14:45,server_14,80.53
22:14:45,server_12,65.99
22:14:45,server_11,55.74
22:14:45,server_1,40.98
22:14:45,server_9,6696.38
22:14:45,server_8,112.86
22:14:45,server_7,42.22
22:14:45,server_6,25.01
22:14:45,server_5,46.2
22:14:45,server_4,98.56
22:14:45,server_3,0.0
22:14:45,server_2,9651.01
22:14:45,server_10,511.91
22:14:50,server_13,0.0
22:14:50,server_14,181.69
22:14:50,server_15,55.8
22:14:50,server_16,720.72
22:14:50,server_12,115.83
22:14:50,server_18,5473.98
22:14:50,server_19,23.69
22:14:50,server_20,54.27
22:14:50,server_17,188.84
22:14:50,server_11,19.14
22:14:50,server_1,65.97
22:14:50,server_9,43.37
22:14:50,server_8,154.38
22:14:50,server_7,60.98
22:14:50,server_6,1612.36
22:14:50,server_5,59.95
22:14:50,server_4,0.0
22:14:50,server_3,83.1
22:14:50,server_2,44.92
22:14:50,server_10,51.64
22:14:55,server_13,9100.27
22:14:55,server_20,158.65
22:14:55,server_14,48.56
22:14:55,server_15,177.9
22:14:55,server_19,133.37
22:14:55,server_17,37.03
22:14:55,server_18,98.74
22:14:55,server_12,97.79
22:14:55,server_16,113.81
22:14:55,server_11,0.0
22:14:55,server_7,1.96
22:14:55,server_9,4675.86
22:14:55,server_1,866.15
22:14:55,server_2,54.4
22:14:55,server_3,37.74
22:14:55,server_10,89.81
22:14:55,server_5,51.82
22:14:55,server_6,63.27
22:14:55,server_8,18.31
22:14:55,server_4,3882.71
22:15:00,server_13,131.5
22:15:00,server_20,9.34
22:15:00,server_19,145.65
22:15:00,server_18,70.83
22:15:00,server_17,73.88
22:15:00,server_16,76.15
22:15:00,server_15,51.79
22:15:00,server_14,1435.03
22:15:00,server_12,1772.69
22:15:00,server_11,69.44
22:15:00,server_1,111.29
22:15:00,server_9,140.29
22:15:00,server_8,26.62
22:15:00,server_7,14.37
22:15:00,server_6,46.88
22:15:00,server_5,18.82
22:15:00,server_4,108.07
22:15:00,server_3,110.75
22:15:00,server_2,1333.08
22:15:00,server_10,148.11
22:15:05,server_13,52.56
22:15:05,server_14,61.31
22:15:05,server_15,71.1
22:15:05,server_16,33.54
22:15:05,server_12,116.51
22:15:05,server_18,51.34
22:15:05,server_19,806.05
22:15:05,server_20,107.9
22:15:05,server_17,4.82
22:15:05,server_11,83.15
22:15:05,server_1,3159.52
22:15:05,server_9,940.52
22:15:05,server_8,71.02
22:15:05,server_7,181.4
22:15:05,server_6,72.91
22:15:05,server_5,80.94
22:15:05,server_4,122.19
22:15:05,server_3,122.36
22:15:05,server_2,14.6
22:15:05,server_10,49.69
22:15:10,server_20,9.9
22:15:10,server_13,7008.99
22:15:10,server_14,31.72
22:15:10,server_15,29.93
22:15:10,server_19,55.37
22:15:10,server_17,35.95
22:15:10,server_18,117.97
22:15:10,server_12,4.64
22:15:10,server_16,117.88
22:15:10,server_11,134.71
22:15:10,server_8,144.95
22:15:10,server_9,153.33
22:15:10,server_7,0.0
22:15:10,server_6,124.2
22:15:10,server_5,4201.65
22:15:10,server_4,164.24
22:15:10,server_3,0.0
22:15:10,server_2,164.79
22:15:10,server_1,9.31
22:15:10,server_10,537.84
22:15:15,server_13,141.58
22:15:15,server_14,76.35
22:15:15,server_15,3536.38
22:15:15,server_20,48.29
22:15:15,server_17,141.45
22:15:15,server_19,97.7
22:15:15,server_12,94.28
22:15:15,server_16,36.46
22:15:15,server_11,6037.14
22:15:15,server_18,994.81
22:15:15,server_9,69.4
22:15:15,server_8,56.8
22:15:15,server_7,5536.43
22:15:15,server_6,0.0
22:15:15,server_5,1443.14
22:15:15,server_4,133.87
22:15:15,server_3,33.84
22:15:15,server_2,1828.28
22:15:15,server_1,1166.61
22:15:15,server_10,0.0
22:15:20,server_13,163.06
22:15:20,server_14,82.88
22:15:20,server_15,23.03
22:15:20,server_20,6826.33
22:15:20,server_17,112.79
22:15:20,server_18,0.0
22:15:20,server_19,69.01
22:15:20,server_12,1.02
22:15:20,server_16,69.32
22:15:20,server_11,57.9
22:15:20,server_7,123.6
22:15:20,server_9,48.1
22:15:20,server_8,178.52
22:15:20,server_6,102.0
22:15:20,server_5,10.28
22:15:20,server_4,68.17
22:15:20,server_3,91.07
22:15:20,server_2,0.0
22:15:20,server_1,77.2
22:15:20,server_10,7664.78
22:15:25,server_15,37.62
22:15:25,server_13,1344.58
22:15:25,server_14,97.31
22:15:25,server_16,58.66
22:15:25,server_12,52.97
22:15:25,server_18,194.88
22:15:25,server_19,0.0
22:15:25,server_20,0.0
22:15:25,server_17,3168.7
22:15:25,server_11,64.8
22:15:25,server_10,164.43
22:15:25,server_9,20.85
22:15:25,server_2,9149.09
22:15:25,server_3,102.49
22:15:25,server_4,5526.64
22:15:25,server_1,136.57
22:15:25,server_6,59.7
22:15:25,server_7,5081.82
22:15:25,server_8,49.98
22:15:25,server_5,69.03
22:15:30,server_13,31.24
22:15:30,server_20,26.19
22:15:30,server_19,0.0
22:15:30,server_18,61.88
22:15:30,server_17,22.96
22:15:30,server_16,49.6
22:15:30,server_15,88.47
22:15:30,server_14,0.0
22:15:30,server_12,53.36
22:15:30,server_11,0.0
22:15:30,server_1,74.93
22:15:30,server_9,1.94
22:15:30,server_8,979.93
22:15:30,server_7,8756.34
22:15:30,server_6,0.0
22:15:30,server_5,9102.25
22:15:30,server_4,28.54
22:15:30,server_3,59.42
22:15:30,server_2,95.54
22:15:30,server_10,43.29
22:15:35,server_13,93.03
22:15:35,server_14,118.79
22:15:35,server_15,55.07
22:15:35,server_16,0.0
22:15:35,server_12,32.51
22:15:35,server_18,9810.45
22:15:35,server_19,97.22
22:15:35,server_20,30.19
22:15:35,server_17,0.0
22:15:35,server_11,107.14
22:15:35,server_1,24.33
22:15:35,server_9,13.67
22:15:35,server_8,91.07
22:15:35,server_7,74.1
22:15:35,server_6,51.53
22:15:35,server_5,123.48
22:15:35,server_4,6393.46
22:15:35,server_3,6.26
22:15:35,server_2,66.79
22:15:35,server_10,942.67
22:15:40,server_13,0.0
22:15:40,server_14,77.27
22:15:40,server_15,4756.63
22:15:40,server_16,0.0
22:15:40,server_20,25.91
22:15:40,server_18,83.46
22:15:40,server_19,100.65
22:15:40,server_12,88.66
22:15:40,server_17,95.28
22:15:40,server_11,76.62
22:15:40,server_10,796.52
22:15:40,server_9,15.57
22:15:40,server_2,18.45
22:15:40,server_3,44.01
22:15:40,server_4,4232.98
22:15:40,server_1,10.15
22:15:40,server_6,179.16
22:15:40,server_7,113.13
22:15:40,server_8,61.04
22:15:40,server_5,162.83
22:15:45,server_12,59.3
22:15:45,server_19,192.58
22:15:45,server_18,95.68
22:15:45,server_17,8914.41
22:15:45,server_16,6.39
22:15:45,server_15,1442.34
22:15:45,server_14,32.76
22:15:45,server_13,30.42
22:15:45,server_11,177.12
22:15:45,server_20,19.68
22:15:45,server_9,4.85
22:15:45,server_1,49.78
22:15:45,server_2,29.62
22:15:45,server_3,121.17
22:15:45,server_4,44.28
22:15:45,server_10,630.76
22:15:45,server_6,1655.22
22:15:45,server_7,94.65
22:15:45,server_8,143.48
22:15:45,server_5,1614.48
22:15:50,server_11,29.07
22:15:50,server_19,32.46
22:15:50,server_18,128.57
22:15:50,server_17,836.5
22:15:50,server_16,115.18
22:15:50,server_15,0.0
22:15:50,server_14,106.02
22:15:50,server_13,5.76
22:15:50,server_12,60.89
22:15:50,server_20,2.08
22:15:50,server_10,6608.48
22:15:50,server_8,11.59
22:15:50,server_7,51.06
22:15:50,server_6,568.12
22:15:50,server_5,30.31
22:15:50,server_4,79.16
22:15:50,server_3,0.0
22:15:50,server_2,0.0
22:15:50,server_1,125.5
22:15:50,server_9,0.0
22:15:55,server_14,0.0
22:15:55,server_15,17.44
22:15:55,server_16,31.29
22:15:55,server_13,13.3
22:15:55,server_18,104.25
22:15:55,server_19,0.0
22:15:55,server_20,85.46
22:15:55,server_17,8493.77
22:15:55,server_12,107.12
22:15:55,server_11,3591.21
22:15:55,server_10,0.0
22:15:55,server_2,66.86
22:15:55,server_3,13.25
22:15:55,server_4,2.92
22:15:55,server_5,96.45
22:15:55,server_1,0.0
22:15:55,server_7,58.06
22:15:55,server_8,106.0
22:15:55,server_9,71.56
22:15:55,server_6,0.0
22:16:00,server_12,21.68
22:16:00,server_19,20.06
22:16:00,server_18,64.96
22:16:00,server_17,131.16
22:16:00,server_16,0.0
22:16:00,server_15,56.75
22:16:00,server_14,35.62
22:16:00,server_13,8.17
22:16:00,server_11,0.0
22:16:00,server_20,71.71
22:16:00,server_9,140.3
22:16:00,server_1,90.4
22:16:00,server_2,23.39
22:16:00,server_3,1122.76
22:16:00,server_4,9569.9
22:16:00,server_10,63.66
22:16:00,server_6,19.35
22:16:00,server_7,106.35
22:16:00,server_8,726.96
22:16:00,server_5,58.2
22:16:05,server_11,61.37
22:16:05,server_19,33.2
22:16:05,server_18,0.0
22:16:05,server_17,0.0
22:16:05,server_16,9309.59
22:16:05,server_15,29.06
22:16:05,server_14,23.66
22:16:05,server_13,43.29
22:16:05,server_12,1.71
22:16:05,server_20,50.15
22:16:05,server_10,0.0
22:16:05,server_8,0.0
22:16:05,server_7,36.65
22:16:05,server_6,1230.12
22:16:05,server_5,68.56
22:16:05,server_4,36.82
22:16:05,server_3,69.01
22:16:05,server_2,76.56
22:16:05,server_1,88.0
22:16:05,server_9,60.28
22:16:10,server_13,126.84
22:16:10,server_14,118.33
22:16:10,server_15,111.79
22:16:10,server_16,75.88
22:16:10,server_20,86.26
22:16:10,server_18,0.0
22:16:10,server_19,58.66
22:16:10,server_12,7.1
22:16:10,server_17,0.0
22:16:10,server_10,0.0
22:16:10,server_7,30.74
22:16:10,server_9,0.0
22:16:10,server_11,41.02
22:16:10,server_2,74.46
22:16:10,server_3,7.06
22:16:10,server_4,74.22
22:16:10,server_1,106.26
22:16:10,server_6,9122.12
22:16:10,server_8,0.0
22:16:10,server_5,8773.12
22:16:15,server_20,161.36
22:16:15,server_12,93.36
22:16:15,server_19,62.15
22:16:15,server_17,6882.99
22:16:15,server_16,87.04
22:16:15,server_15,1872.13
22:16:15,server_14,42.29
22:16:15,server_13,70.62
22:16:15,server_11,19.55
22:16:15,server_18,0.0
22:16:15,server_9,7530.36
22:16:15,server_8,67.08
22:16:15,server_7,32.8
22:16:15,server_6,0.0
22:16:15,server_5,5493.63
22:16:15,server_4,43.99
22:16:15,server_3,55.44
22:16:15,server_2,107.73
22:16:15,server_1,126.47
22:16:15,server_10,35.4
22:16:20,server_13,22.19
22:16:20,server_14,1595.0
22:16:20,server_15,73.24
22:16:20,server_20,47.68
22:16:20,server_17,1148.1
22:16:20,server_18,8203.37
22:16:20,server_19,109.78
22:16:20,server_12,57.98
22:16:20,server_16,186.36
22:16:20,server_11,21.37
22:16:20,server_7,30.94
22:16:20,server_9,38.52
22:16:20,server_8,93.28
22:16:20,server_6,42.2
22:16:20,server_5,19.08
22:16:20,server_4,82.72
22:16:20,server_3,3.09
22:16:20,server_2,0.0
22:16:20,server_1,66.41
22:16:20,server_10,38.6
22:16:25,server_15,1799.46
22:16:25,server_13,61.55
22:16:25,server_14,40.09
22:16:25,server_16,10.35
22:16:25,server_12,37.26
22:16:25,server_18,50.47
22:16:25,server_19,68.67
22:16:25,server_20,84.07
22:16:25,server_17,56.68
22:16:25,server_11,50.07
22:16:25,server_1,0.0
22:16:25,server_9,7958.93
22:16:25,server_2,77.98
22:16:25,server_3,0.0
22:16:25,server_4,149.4
22:16:25,server_10,81.11
22:16:25,server_6,48.4
22:16:25,server_7,20.89
22:16:25,server_8,0.0
22:16:25,server_5,91.89
22:16:30,server_12,163.68
22:16:30,server_19,8590.91
22:16:30,server_18,902.27
22:16:30,server_17,21.79
22:16:30,server_16,211.13
22:16:30,server_15,49.64
22:16:30,server_14,109.42
22:16:30,server_13,54.47
22:16:30,server_11,970.04
22:16:30,server_20,141.74
22:16:30,server_9,4661.92
22:16:30,server_1,29.42
22:16:30,server_2,8124.99
22:16:30,server_3,21.48
22:16:30,server_4,41.3
22:16:30,server_10,1421.21
22:16:30,server_6,6019.63
22:16:30,server_7,152.33
22:16:30,server_8,1054.09
22:16:30,server_5,81.61
22:16:35,server_11,133.44
22:16:35,server_19,88.22
22:16:35,server_18,962.7
22:16:35,server_17,0.0
22:16:35,server_16,0.0
22:16:35,server_15,1256.97
22:16:35,server_14,95.71
22:16:35,server_13,34.63
22:16:35,server_12,3292.35
22:16:35,server_20,81.66
22:16:35,server_10,85.23
22:16:35,server_8,35.74
22:16:35,server_7,7.28
22:16:35,server_6,18.14
22:16:35,server_5,10.2
22:16:35,server_4,124.84
22:16:35,server_3,0.0
22:16:35,server_2,80.06
22:16:35,server_1,0.0
22:16:35,server_9,48.16
22:16:40,server_14,113.26
22:16:40,server_15,31.01
22:16:40,server_16,707.51
22:16:40,server_13,5.25
22:16:40,server_18,0.0
22:16:40,server_19,876.09
22:16:40,server_20,102.64
22:16:40,server_17,6685.26
22:16:40,server_12,0.0
22:16:40,server_11,22.98
22:16:40,server_1,42.86
22:16:40,server_9,184.36
22:16:40,server_8,15.41
22:16:40,server_7,9194.95
22:16:40,server_6,19.78
22:16:40,server_5,160.62
22:16:40,server_4,22.03
22:16:40,server_3,147.05
22:16:40,server_2,108.26
22:16:40,server_10,44.52
22:16:45,server_13,127.12
22:16:45,server_14,67.4
22:16:45,server_15,2.64
22:16:45,server_20,0.0
22:16:45,server_18,115.02
22:16:45,server_19,42.58
22:16:45,server_12,72.78
22:16:45,server_16,59.03
22:16:45,server_11,164.01
22:16:45,server_17,36.42
22:16:45,server_9,24.46
22:16:45,server_10,52.97
22:16:45,server_2,5.67
22:16:45,server_3,3721.59
22:16:45,server_4,84.69
22:16:45,server_1,0.0
22:16:45,server_6,14.77
22:16:45,server_7,156.57
22:16:45,server_8,7223.34
22:16:45,server_5,9629.39
22:16:50,server_20,8176.75
22:16:50,server_12,39.24
22:16:50,server_19,104.63
22:16:50,server_18,9388.56
22:16:50,server_17,25.94
22:16:50,server_16,112.98
22:16:50,server_15,62.76
22:16:50,server_14,9.79
22:16:50,server_13,0.0
22:16:50,server_11,144.82
22:16:50,server_7,1705.56
22:16:50,server_9,1990.76
22:16:50,server_8,89.24
22:16:50,server_6,161.58
22:16:50,server_5,62.92
22:16:50,server_4,35.87
22:16:50,server_3,136.88
22:16:50,server_2,9.83
22:16:50,server_1,12.65
22:16:50,server_10,29.14
22:16:55,server_15,71.38
22:16:55,server_13,51.53
22:16:55,server_14,0.0
22:16:55,server_16,9847.38
22:16:55,server_12,109.67
22:16:55,server_18,30.27
22:16:55,server_19,58.5
22:16:55,server_20,48.87
22:16:55,server_17,68.01
22:16:55,server_11,1000.67
22:16:55,server_1,35.5
22:16:55,server_9,56.07
22:16:55,server_2,28.05
22:16:55,server_3,38.9
22:16:55,server_4,6728.38
22:16:55,server_10,77.99
22:16:55,server_6,76.89
22:16:55,server_7,50.03
22:16:55,server_8,1194.18
22:16:55,server_5,93.28
22:17:00,server_13,510.08
22:17:00,server_20,34.24
22:17:00,server_19,1820.33
22:17:00,server_18,68.44
22:17:00,server_17,1463.21
22:17:00,server_16,66.78
22:17:00,server_15,6998.69
22:17:00,server_14,0.0
22:17:00,server_12,99.38
22:17:00,server_11,34.94
22:17:00,server_1,49.92
22:17:00,server_9,93.36
22:17:00,server_8,78.03
22:17:00,server_7,1523.13
22:17:00,server_6,20.16
22:17:00,server_5,8853.58
22:17:00,server_4,102.11
22:17:00,server_3,93.08
22:17:00,server_2,152.11
22:17:00,server_10,8290.73
22:17:05,server_13,34.17
22:17:05,server_14,133.93
22:17:05,server_15,0.0
22:17:05,server_16,9.23
22:17:05,server_12,33.98
22:17:05,server_18,27.85
22:17:05,server_19,73.14
22:17:05,server_20,1330.09
22:17:05,server_17,235.19
22:17:05,server_11,1336.95
22:17:05,server_1,42.16
22:17:05,server_9,87.81
22:17:05,server_8,13.76
22:17:05,server_7,56.22
22:17:05,server_6,1069.72
22:17:05,server_5,41.21
22:17:05,server_4,93.46
22:17:05,server_3,63.66
22:17:05,server_2,1610.34
22:17:05,server_10,57.82
22:17:10,server_13,190.94
22:17:10,server_14,1641.97
22:17:10,server_15,12.15
22:17:10,server_16,35.22
22:17:10,server_20,0.0
22:17:10,server_18,31.64
22:17:10,server_19,51.16
22:17:10,server_12,112.39
22:17:10,server_17,104.86
22:17:10,server_11,6.3
22:17:10,server_1,117.39
22:17:10,server_9,66.03
22:17:10,server_2,105.26
22:17:10,server_3,53.72
22:17:10,server_4,53.59
22:17:10,server_10,143.25
22:17:10,server_6,64.08
22:17:10,server_7,49.78
22:17:10,server_8,81.18
22:17:10,server_5,85.92
22:17:15,server_12,192.45
22:17:15,server_19,127.67
22:17:15,server_18,155.51
22:17:15,server_17,6580.5
22:17:15,server_16,92.41
22:17:15,server_15,107.7
22:17:15,server_14,13.15
22:17:15,server_13,0.17
22:17:15,server_20,36.05
22:17:15,server_11,0.0
22:17:15,server_9,0.0
22:17:15,server_8,1240.04
22:17:15,server_7,1567.5
22:17:15,server_6,9391.34
22:17:15,server_5,70.78
22:17:15,server_4,43.0
22:17:15,server_3,25.78
22:17:15,server_2,0.0
22:17:15,server_1,93.6
22:17:15,server_10,81.95
22:17:20,server_13,22.47
22:17:20,server_14,39.0
22:17:20,server_15,112.96
22:17:20,server_16,3447.21
22:17:20,server_12,87.88
22:17:20,server_18,49.45
22:17:20,server_19,0.0
22:17:20,server_20,4225.28
22:17:20,server_17,0.0
22:17:20,server_11,133.55
22:17:20,server_1,89.58
22:17:20,server_9,21.75
22:17:20,server_2,189.45
22:17:20,server_3,44.54
22:17:20,server_4,141.58
22:17:20,server_10,4197.72
22:17:20,server_6,0.0
22:17:20,server_7,4032.22
22:17:20,server_8,73.48
22:17:20,server_5,23.32
22:17:25,server_20,20.46
22:17:25,server_19,144.26
22:17:25,server_18,59.38
22:17:25,server_17,1887.01
22:17:25,server_16,64.4
22:17:25,server_15,0.0
22:17:25,server_14,31.0
22:17:25,server_12,26.46
22:17:25,server_11,23.92
22:17:25,server_13,73.45
22:17:25,server_9,35.42
22:17:25,server_10,109.68
22:17:25,server_2,76.81
22:17:25,server_3,27.15
22:17:25,server_4,1697.21
22:17:25,server_1,50.57
22:17:25,server_6,34.47
22:17:25,server_7,64.74
22:17:25,server_8,91.35
22:17:25,server_5,54.9
22:17:30,server_12,95.33
22:17:30,server_20,28.17
22:17:30,server_19,13.79
22:17:30,server_18,53.84
22:17:30,server_17,16.7
22:17:30,server_16,46.05
22:17:30,server_15,0.0
22:17:30,server_14,0.0
22:17:30,server_13,0.64
22:17:30,server_11,815.63
22:17:30,server_3,61.74
22:17:30,server_9,0.0
22:17:30,server_8,0.0
22:17:30,server_7,843.76
22:17:30,server_6,65.18
22:17:30,server_5,8100.65
22:17:30,server_4,16.79
22:17:30,server_2,3868.59
22:17:30,server_1,1366.53
22:17:30,server_10,530.49
22:17:35,server_13,102.8
22:17:35,server_14,45.48
22:17:35,server_15,123.64
22:17:35,server_16,62.87
22:17:35,server_20,14.85
22:17:35,server_18,22.1
22:17:35,server_19,1.13
22:17:35,server_12,9887.02
22:17:35,server_17,549.46
22:17:35,server_11,51.12
22:17:35,server_3,570.19
22:17:35,server_9,41.93
22:17:35,server_1,649.69
22:17:35,server_2,629.32
22:17:35,server_4,29.49
22:17:35,server_10,41.41
22:17:35,server_6,127.07
22:17:35,server_7,1074.0
22:17:35,server_8,1970.47
22:17:35,server_5,4431.54
22:17:40,server_20,110.56
22:17:40,server_11,28.18
22:17:40,server_18,81.05
22:17:40,server_17,518.39
22:17:40,server_16,13.37
22:17:40,server_15,103.62
22:17:40,server_14,9652.22
22:17:40,server_13,123.48
22:17:40,server_12,83.69
22:17:40,server_19,48.14
22:17:40,server_10,77.5
22:17:40,server_8,87.55
22:17:40,server_7,0.0
22:17:40,server_6,0.0
22:17:40,server_5,103.21
22:17:40,server_4,151.19
22:17:40,server_3,67.88
22:17:40,server_2,3.78
22:17:40,server_1,0.0
22:17:40,server_9,89.52
22:17:45,server_13,0.0
22:17:45,server_14,68.46
22:17:45,server_15,694.1
22:17:45,server_12,2.83
22:17:45,server_17,5484.68
22:17:45,server_18,58.03
22:17:45,server_19,55.02
22:17:45,server_16,4894.91
22:17:45,server_11,82.5
22:17:45,server_20,106.81
22:17:45,server_9,829.26
22:17:45,server_1,58.97
22:17:45,server_2,113.01
22:17:45,server_3,5930.7
22:17:45,server_4,22.34
22:17:45,server_10,90.84
22:17:45,server_6,1408.93
22:17:45,server_7,83.2
22:17:45,server_8,6078.86
22:17:45,server_5,120.19
22:17:50,server_12,103.5
22:17:50,server_20,99.12
22:17:50,server_19,1702.46
22:17:50,server_18,23.76
22:17:50,server_17,21.07
22:17:50,server_16,3210.05
22:17:50,server_15,52.45
22:17:50,server_14,46.26
22:17:50,server_13,91.85
22:17:50,server_11,0.0
22:17:50,server_3,1108.6
22:17:50,server_9,29.82
22:17:50,server_8,147.54
22:17:50,server_7,113.02
22:17:50,server_6,44.57
22:17:50,server_5,169.01
22:17:50,server_4,7.71
22:17:50,server_10,36.38
22:17:50,server_2,25.08
22:17:50,server_1,6087.22
22:17:55,server_13,1205.15
22:17:55,server_14,13.47
22:17:55,server_15,4.76
22:17:55,server_16,56.91
22:17:55,server_20,8346.2
22:17:55,server_18,163.48
22:17:55,server_19,1446.07
22:17:55,server_12,0.0
22:17:55,server_17,96.09
22:17:55,server_11,111.93
22:17:55,server_10,7103.32
22:17:55,server_9,168.55
22:17:55,server_2,1823.51
22:17:55,server_3,73.2
22:17:55,server_4,55.91
22:17:55,server_1,30.56
22:17:55,server_6,39.6
22:17:55,server_7,86.72
22:17:55,server_8,15.09
22:17:55,server_5,50.92
22:18:00,server_12,50.16
22:18:00,server_19,108.94
22:18:00,server_18,92.5
22:18:00,server_17,6088.18
22:18:00,server_16,1709.49
22:18:00,server_15,7.85
22:18:00,server_14,94.16
22:18:00,server_13,43.14
22:18:00,server_11,6882.92
22:18:00,server_20,88.41
22:18:00,server_9,42.19
22:18:00,server_1,533.9
22:18:00,server_2,47.6
22:18:00,server_3,73.03
22:18:00,server_4,120.7
22:18:00,server_10,980.34
22:18:00,server_6,5271.43
22:18:00,server_7,0.0
22:18:00,server_8,8889.05
22:18:00,server_5,72.91
22:18:05,server_19,64.78
22:18:05,server_18,0.0
22:18:05,server_17,102.37
22:18:05,server_16,8958.28
22:18:05,server_15,9984.68
22:18:05,server_14,29.26
22:18:05,server_13,93.22
22:18:05,server_12,209.99
22:18:05,server_11,36.76
22:18:05,server_20,0.0
22:18:05,server_9,29.34
22:18:05,server_1,69.97
22:18:05,server_2,5882.28
22:18:05,server_3,815.13
22:18:05,server_4,37.31
22:18:05,server_10,36.76
22:18:05,server_6,8460.26
22:18:05,server_7,18.22
22:18:05,server_8,161.08
22:18:05,server_5,0.0
22:18:10,server_11,1792.81
22:18:10,server_19,0.0
22:18:10,server_18,128.46
22:18:10,server_17,0.0
22:18:10,server_16,83.36
22:18:10,server_15,137.19
22:18:10,server_14,0.0
22:18:10,server_13,60.84
22:18:10,server_12,93.01
22:18:10,server_20,124.9
22:18:10,server_10,9.35
22:18:10,server_8,61.96
22:18:10,server_9,17.08
22:18:10,server_1,78.13
22:18:10,server_2,99.47
22:18:10,server_3,0.0
22:18:10,server_5,31.67
22:18:10,server_6,66.14
22:18:10,server_7,0.0
22:18:10,server_4,70.67
22:18:15,server_20,8504.2
22:18:15,server_19,4343.11
22:18:15,server_18,18.35
22:18:15,server_17,48.74
22:18:15,server_16,71.67
22:18:15,server_15,110.16
22:18:15,server_14,0.0
22:18:15,server_13,18.2
22:18:15,server_12,63.73
22:18:15,server_11,126.94
22:18:15,server_9,5.9
22:18:15,server_1,102.13
22:18:15,server_2,51.65
22:18:15,server_3,40.83
22:18:15,server_4,146.87
22:18:15,server_10,0.0
22:18:15,server_6,49.97
22:18:15,server_7,174.96
22:18:15,server_8,64.86
22:18:15,server_5,6394.11
22:18:20,server_12,27.41
22:18:20,server_20,134.41
22:18:20,server_19,40.97
22:18:20,server_18,27.77
22:18:20,server_17,0.0
22:18:20,server_16,78.05
22:18:20,server_15,7837.3
22:18:20,server_14,562.33
22:18:20,server_13,113.81
22:18:20,server_11,9503.25
22:18:20,server_10,0.0
22:18:20,server_9,66.09
22:18:20,server_2,95.36
22:18:20,server_3,38.44
22:18:20,server_4,59.6
22:18:20,server_1,75.75
22:18:20,server_6,106.34
22:18:20,server_7,47.1
22:18:20,server_8,80.28
22:18:20,server_5,58.84
22:18:25,server_12,10.51
22:18:25,server_19,0.0
22:18:25,server_18,9562.24
22:18:25,server_17,0.0
22:18:25,server_16,128.75
22:18:25,server_15,0.0
22:18:25,server_14,70.69
22:18:25,server_13,22.48
22:18:25,server_11,0.0
22:18:25,server_20,4236.26
22:18:25,server_9,0.0
22:18:25,server_1,0.0
22:18:25,server_2,36.9
22:18:25,server_3,199.74
22:18:25,server_4,89.98
22:18:25,server_10,106.66
22:18:25,server_6,5335.48
22:18:25,server_7,87.31
22:18:25,server_8,11.04
22:18:25,server_5,195.13
22:18:30,server_12,47.18
22:18:30,server_19,50.46
22:18:30,server_18,78.29
22:18:30,server_17,20.49
22:18:30,server_16,73.56
22:18:30,server_15,75.91
22:18:30,server_14,117.74
22:18:30,server_13,1575.42
22:18:30,server_11,20.81
22:18:30,server_20,54.58
22:18:30,server_9,0.0
22:18:30,server_1,0.0
22:18:30,server_2,167.57
22:18:30,server_3,121.08
22:18:30,server_4,9865.96
22:18:30,server_10,11.52
22:18:30,server_6,110.16
22:18:30,server_7,0.0
22:18:30,server_8,54.85
22:18:30,server_5,64.63
22:18:35,server_11,5614.1
22:18:35,server_19,62.21
22:18:35,server_18,93.58
22:18:35,server_17,1463.7
22:18:35,server_16,45.15
22:18:35,server_15,145.17
22:18:35,server_14,26.34
22:18:35,server_13,8787.71
22:18:35,server_12,6876.38
22:18:35,server_20,5798.63
22:18:35,server_10,724.32
22:18:35,server_8,1263.88
22:18:35,server_7,53.6
22:18:35,server_6,1463.63
22:18:35,server_5,98.46
22:18:35,server_4,69.03
22:18:35,server_3,77.92
22:18:35,server_2,34.85
22:18:35,server_1,119.28
22:18:35,server_9,49.39
22:18:40,server_13,49.44
22:18:40,server_14,111.48
22:18:40,server_15,7705.33
22:18:40,server_12,33.34
22:18:40,server_17,19.26
22:18:40,server_18,77.35
22:18:40,server_19,50.6
22:18:40,server_16,6292.45
22:18:40,server_11,8697.56
22:18:40,server_20,106.76
22:18:40,server_9,1948.84
22:18:40,server_1,60.97
22:18:40,server_2,66.0
22:18:40,server_3,9.39
22:18:40,server_4,76.52
22:18:40,server_10,0.0
22:18:40,server_6,3.68
22:18:40,server_7,39.44
22:18:40,server_8,90.92
22:18:40,server_5,40.42
22:18:45,server_19,71.89
22:18:45,server_18,8209.77
22:18:45,server_17,5600.1
22:18:45,server_16,28.04
22:18:45,server_15,0.0
22:18:45,server_14,96.1
22:18:45,server_13,51.63
22:18:45,server_12,186.19
22:18:45,server_11,76.23
22:18:45,server_20,1310.38
22:18:45,server_9,6067.43
22:18:45,server_1,58.93
22:18:45,server_2,585.4
22:18:45,server_3,51.76
22:18:45,server_4,192.42
22:18:45,server_10,123.0
22:18:45,server_6,55.54
22:18:45,server_7,3663.69
22:18:45,server_8,97.47
22:18:45,server_5,68.38
22:18:50,server_11,42.6
22:18:50,server_19,44.35
22:18:50,server_18,33.35
22:18:50,server_17,34.87
22:18:50,server_16,35.94
22:18:50,server_15,44.94
22:18:50,server_14,84.05
22:18:50,server_13,3797.81
22:18:50,server_12,42.71
22:18:50,server_20,1093.75
22:18:50,server_10,51.52
22:18:50,server_8,0.0
22:18:50,server_9,51.39
22:18:50,server_1,5119.47
22:18:50,server_2,140.4
22:18:50,server_3,30.2
22:18:50,server_5,92.43
22:18:50,server_6,90.22
22:18:50,server_7,67.46
22:18:50,server_4,0.0
22:18:55,server_20,24.35
22:18:55,server_11,1777.3
22:18:55,server_18,97.77
22:18:55,server_17,8325.16
22:18:55,server_16,49.39
22:18:55,server_15,928.13
22:18:55,server_14,63.6
22:18:55,server_13,0.0
22:18:55,server_12,5851.24
22:18:55,server_19,141.92
22:18:55,server_10,82.61
22:18:55,server_8,49.1
22:18:55,server_1,7.74
22:18:55,server_2,69.64
22:18:55,server_3,145.56
22:18:55,server_9,0.0
22:18:55,server_5,0.0
22:18:55,server_6,66.24
22:18:55,server_7,82.85
22:18:55,server_4,1416.6
22:19:00,server_13,0.0
22:19:00,server_20,7013.37
22:19:00,server_19,45.42
22:19:00,server_18,1486.57
22:19:00,server_17,158.17
22:19:00,server_16,63.26
22:19:00,server_15,71.29
22:19:00,server_14,1513.19
22:19:00,server_12,7533.57
22:19:00,server_11,37.14
22:19:00,server_1,53.51
22:19:00,server_9,37.61
22:19:00,server_8,23.53
22:19:00,server_7,96.44
22:19:00,server_6,38.59
22:19:00,server_5,98.94
22:19:00,server_4,972.42
22:19:00,server_3,14.98
22:19:00,server_2,87.6
22:19:00,server_10,181.7
22:19:05,server_13,90.78
22:19:05,server_14,97.16
22:19:05,server_15,29.71
22:19:05,server_16,36.05
22:19:05,server_12,31.6
22:19:05,server_18,105.52
22:19:05,server_19,70.77
22:19:05,server_20,107.14
22:19:05,server_17,1890.48
22:19:05,server_11,147.63
22:19:05,server_1,72.81
22:19:05,server_9,170.02
22:19:05,server_8,170.33
22:19:05,server_7,68.77
22:19:05,server_6,145.22
22:19:05,server_5,24.28
22:19:05,server_4,11.62
22:19:05,server_3,9055.5
22:19:05,server_2,20.56
22:19:05,server_10,48.35
22:19:10,server_13,1237.2
22:19:10,server_14,61.29
22:19:10,server_15,27.96
22:19:10,server_16,5066.13
22:19:10,server_20,125.16
22:19:10,server_18,653.04
22:19:10,server_19,48.07
22:19:10,server_12,1443.28
22:19:10,server_17,50.01
22:19:10,server_11,848.49
22:19:10,server_10,6992.72
22:19:10,server_9,32.53
22:19:10,server_2,42.15
22:19:10,server_3,23.32
22:19:10,server_4,8812.61
22:19:10,server_1,3387.9
22:19:10,server_6,25.14
22:19:10,server_7,1487.82
22:19:10,server_8,7346.62
22:19:10,server_5,25.47
22:19:15,server_12,9.58
22:19:15,server_19,1079.14
22:19:15,server_18,127.53
22:19:15,server_17,30.07
22:19:15,server_16,107.23
22:19:15,server_15,5339.71
22:19:15,server_14,82.63
22:19:15,server_13,0.0
22:19:15,server_11,3586.23
22:19:15,server_20,62.46
22:19:15,server_9,55.42
22:19:15,server_1,13.41
22:19:15,server_2,16.85
22:19:15,server_3,76.16
22:19:15,server_4,0.0
22:19:15,server_10,55.13
22:19:15,server_6,118.88
22:19:15,server_7,63.87
22:19:15,server_8,0.0
22:19:15,server_5,194.31
22:19:20,server_11,74.05
22:19:20,server_19,1802.47
22:19:20,server_18,9553.76
22:19:20,server_17,0.0
22:19:20,server_16,55.52
22:19:20,server_15,60.17
22:19:20,server_14,65.42
22:19:20,server_13,90.07
22:19:20,server_12,37.99
22:19:20,server_20,37.61
22:19:20,server_10,58.15
22:19:20,server_8,109.32
22:19:20,server_7,49.56
22:19:20,server_6,69.41
22:19:20,server_5,28.49
22:19:20,server_4,0.0
22:19:20,server_3,167.71
22:19:20,server_2,3.08
22:19:20,server_1,69.57
22:19:20,server_9,3.63
22:19:25,server_14,33.62
22:19:25,server_15,51.81
22:19:25,server_16,5631.79
22:19:25,server_13,115.31
22:19:25,server_18,53.53
22:19:25,server_19,8.68
22:19:25,server_20,88.51
22:19:25,server_17,113.36
22:19:25,server_12,36.04
22:19:25,server_11,0.0
22:19:25,server_1,72.03
22:19:25,server_9,29.59
22:19:25,server_8,16.3
22:19:25,server_7,48.01
22:19:25,server_6,118.84
22:19:25,server_5,89.84
22:19:25,server_4,32.29
22:19:25,server_3,1851.29
22:19:25,server_2,21.44
22:19:25,server_10,633.4
22:19:30,server_13,5061.05
22:19:30,server_14,121.49
22:19:30,server_15,20.04
22:19:30,server_20,0.08
22:19:30,server_18,66.64
22:19:30,server_19,43.43
22:19:30,server_12,180.43
22:19:30,server_16,94.32
22:19:30,server_11,78.64
22:19:30,server_17,176.01
22:19:30,server_9,178.72
22:19:30,server_10,60.41
22:19:30,server_2,1624.41
22:19:30,server_3,1134.44
22:19:30,server_4,79.21
22:19:30,server_1,28.16
22:19:30,server_6,171.36
22:19:30,server_7,118.11
22:19:30,server_8,1550.44
22:19:30,server_5,90.04
22:19:35,server_20,103.01
22:19:35,server_12,35.59
22:19:35,server_19,105.39
22:19:35,server_18,0.0
22:19:35,server_17,5.15
22:19:35,server_16,31.18
22:19:35,server_15,118.5
22:19:35,server_14,132.19
22:19:35,server_13,76.48
22:19:35,server_11,131.28
22:19:35,server_7,1418.66
22:19:35,server_9,958.84
22:19:35,server_8,77.32
22:19:35,server_6,96.8
22:19:35,server_5,0.0
22:19:35,server_4,1256.67
22:19:35,server_3,1.81
22:19:35,server_2,8184.96
22:19:35,server_1,0.0
22:19:35,server_10,0.0
22:19:40,server_15,24.01
22:19:40,server_13,101.29
22:19:40,server_14,0.0
22:19:40,server_16,11.1
22:19:40,server_12,24.26
22:19:40,server_18,1115.97
22:19:40,server_19,122.58
22:19:40,server_20,0.0
22:19:40,server_17,195.37
22:19:40,server_11,9.17
22:19:40,server_1,42.63
22:19:40,server_9,1.34
22:19:40,server_2,37.9
22:19:40,server_3,5156.69
22:19:40,server_4,49.8
22:19:40,server_10,0.14
22:19:40,server_6,60.86
22:19:40,server_7,132.86
22:19:40,server_8,54.13
22:19:40,server_5,145.08
22:19:45,server_13,1665.29
22:19:45,server_20,0.0
22:19:45,server_19,31.17
22:19:45,server_18,29.1
22:19:45,server_17,23.64
22:19:45,server_16,70.04
22:19:45,server_15,1691.86
22:19:45,server_14,36.02
22:19:45,server_12,6279.42
22:19:45,server_11,39.77
22:19:45,server_1,4777.17
22:19:45,server_9,65.24
22:19:45,server_8,67.99
22:19:45,server_7,45.41
22:19:45,server_6,19.11
22:19:45,server_5,0.0
22:19:45,server_4,182.64
22:19:45,server_3,99.67
22:19:45,server_2,4437.45
22:19:45,server_10,170.92
22:19:50,server_13,124.42
22:19:50,server_14,151.79
22:19:50,server_15,58.06
22:19:50,server_16,49.86
22:19:50,server_12,106.72
22:19:50,server_18,122.26
22:19:50,server_19,23.44
22:19:50,server_20,64.11
22:19:50,server_17,1775.27
22:19:50,server_11,0.0
22:19:50,server_1,99.75
22:19:50,server_9,0.0
22:19:50,server_8,63.26
22:19:50,server_7,1130.05
22:19:50,server_6,4009.64
22:19:50,server_5,73.92
22:19:50,server_4,0.0
22:19:50,server_3,34.95
22:19:50,server_2,219.13
22:19:50,server_10,78.18
22:19:55,server_13,179.64
22:19:55,server_14,1885.37
22:19:55,server_15,57.78
22:19:55,server_16,58.39
22:19:55,server_20,1483.77
22:19:55,server_18,110.13
22:19:55,server_19,75.73
22:19:55,server_12,1516.27
22:19:55,server_17,66.54
22:19:55,server_11,71.93
22:19:55,server_1,0.0
22:19:55,server_9,154.17
22:19:55,server_2,73.14
22:19:55,server_3,112.06
22:19:55,server_4,7341.03
22:19:55,server_10,41.73
22:19:55,server_6,29.93
22:19:55,server_7,669.59
22:19:55,server_8,0.0
22:19:55,server_5,110.66
22:20:00,server_12,21.53
22:20:00,server_19,44.67
22:20:00,server_18,47.35
22:20:00,server_17,33.98
22:20:00,server_16,68.84
22:20:00,server_15,122.1
22:20:00,server_14,77.63
22:20:00,server_13,135.56
22:20:00,server_20,98.57
22:20:00,server_11,62.01
22:20:00,server_9,132.97
22:20:00,server_8,80.92
22:20:00,server_7,27.35
22:20:00,server_6,25.69
22:20:00,server_5,0.0
22:20:00,server_4,92.98
22:20:00,server_3,77.21
22:20:00,server_2,0.0
22:20:00,server_1,0.0
22:20:00,server_10,58.58
22:20:05,server_13,135.61
22:20:05,server_14,91.95
22:20:05,server_15,42.27
22:20:05,server_16,94.93
22:20:05,server_12,83.06
22:20:05,server_18,34.3
22:20:05,server_19,81.75
22:20:05,server_20,7261.29
22:20:05,server_17,509.43
22:20:05,server_11,106.44
22:20:05,server_10,82.39
22:20:05,server_9,78.45
22:20:05,server_8,71.81
22:20:05,server_7,610.28
22:20:05,server_6,8352.48
22:20:05,server_5,1933.47
22:20:05,server_4,0.0
22:20:05,server_3,71.38
22:20:05,server_2,133.61
22:20:05,server_1,28.88
22:20:10,server_13,82.83
22:20:10,server_14,159.23
22:20:10,server_15,25.67
22:20:10,server_16,96.41
22:20:10,server_20,55.13
22:20:10,server_18,80.19
22:20:10,server_19,71.0
22:20:10,server_12,10.76
22:20:10,server_17,899.82
22:20:10,server_11,940.4
22:20:10,server_10,0.0
22:20:10,server_9,87.21
22:20:10,server_2,119.7
22:20:10,server_3,145.89
22:20:10,server_4,101.91
22:20:10,server_1,0.0
22:20:10,server_6,161.21
22:20:10,server_7,126.96
22:20:10,server_8,68.34
22:20:10,server_5,0.0
22:20:15,server_12,84.02
22:20:15,server_19,72.89
22:20:15,server_18,43.73
22:20:15,server_17,34.04
22:20:15,server_16,33.84
22:20:15,server_15,0.9
22:20:15,server_14,0.0
22:20:15,server_13,74.35
22:20:15,server_11,63.74
22:20:15,server_20,150.04
22:20:15,server_9,1460.67
22:20:15,server_1,915.98
22:20:15,server_2,85.63
22:20:15,server_3,82.43
22:20:15,server_4,195.97
22:20:15,server_10,101.37
22:20:15,server_6,74.71
22:20:15,server_7,9254.78
22:20:15,server_8,69.52
22:20:15,server_5,112.18
22:20:20,server_12,614.25
22:20:20,server_19,1605.19
22:20:20,server_18,55.58
22:20:20,server_17,124.81
22:20:20,server_16,0.0
22:20:20,server_15,0.0
22:20:20,server_14,110.92
22:20:20,server_13,0.0
22:20:20,server_11,154.23
22:20:20,server_20,107.51
22:20:20,server_9,1827.09
22:20:20,server_1,7030.78
22:20:20,server_2,632.45
22:20:20,server_3,60.86
22:20:20,server_4,8645.59
22:20:20,server_10,0.0
22:20:20,server_6,96.4
22:20:20,server_7,807.13
22:20:20,server_8,51.08
22:20:20,server_5,25.71
22:20:25,server_11,0.0
22:20:25,server_19,129.85
22:20:25,server_18,82.01
22:20:25,server_17,0.0
22:20:25,server_16,26.93
22:20:25,server_15,16.52
22:20:25,server_14,141.5
22:20:25,server_13,151.13
22:20:25,server_12,0.0
22:20:25,server_20,66.78
22:20:25,server_10,30.84
22:20:25,server_8,8231.48
22:20:25,server_7,132.12
22:20:25,server_6,83.26
22:20:25,server_5,0.0
22:20:25,server_4,26.79
22:20:25,server_3,39.31
22:20:25,server_2,114.77
22:20:25,server_1,51.05
22:20:25,server_9,9963.19
22:20:30,server_13,23.86
22:20:30,server_14,5993.81
22:20:30,server_15,153.69
22:20:30,server_12,67.21
22:20:30,server_17,46.11
22:20:30,server_18,63.12
22:20:30,server_19,115.05
22:20:30,server_16,30.95
22:20:30,server_11,79.48
22:20:30,server_20,45.86
22:20:30,server_9,9088.16
22:20:30,server_1,50.6
22:20:30,server_2,31.24
22:20:30,server_3,75.35
22:20:30,server_4,1658.29
22:20:30,server_10,35.34
22:20:30,server_6,175.48
22:20:30,server_7,7477.01
22:20:30,server_8,153.01
22:20:30,server_5,95.79
22:20:35,server_19,60.03
22:20:35,server_18,105.06
22:20:35,server_17,3190.29
22:20:35,server_16,122.29
22:20:35,server_15,1036.44
22:20:35,server_14,64.15
22:20:35,server_13,161.6
22:20:35,server_12,0.0
22:20:35,server_11,97.13
22:20:35,server_20,30.01
22:20:35,server_9,0.0
22:20:35,server_1,573.64
22:20:35,server_2,19.04
22:20:35,server_3,132.92
22:20:35,server_4,0.0
22:20:35,server_10,0.0
22:20:35,server_6,76.88
22:20:35,server_7,73.75
22:20:35,server_8,23.75
22:20:35,server_5,0.0
22:20:40,server_11,685.19
22:20:40,server_19,0.0
22:20:40,server_18,44.17
22:20:40,server_17,4033.29
22:20:40,server_16,167.12
22:20:40,server_15,1.0
22:20:40,server_14,58.44
22:20:40,server_13,77.62
22:20:40,server_12,159.11
22:20:40,server_20,1869.71
22:20:40,server_10,86.22
22:20:40,server_8,144.79
22:20:40,server_9,45.23
22:20:40,server_1,0.0
22:20:40,server_2,0.0
22:20:40,server_3,102.17
22:20:40,server_5,7.88
22:20:40,server_6,28.6
22:20:40,server_7,110.67
22:20:40,server_4,0.0
22:20:45,server_20,81.87
22:20:45,server_11,4.73
22:20:45,server_18,111.96
22:20:45,server_17,14.57
22:20:45,server_16,55.78
22:20:45,server_15,21.28
22:20:45,server_14,66.42
22:20:45,server_13,75.79
22:20:45,server_12,6.16
22:20:45,server_19,9.79
22:20:45,server_10,143.03
22:20:45,server_8,0.0
22:20:45,server_1,4247.1
22:20:45,server_2,9013.8
22:20:45,server_3,0.0
22:20:45,server_9,0.0
22:20:45,server_5,126.12
22:20:45,server_6,29.17
22:20:45,server_7,146.65
22:20:45,server_4,1931.59
22:20:50,server_12,40.55
22:20:50,server_19,6161.69
22:20:50,server_18,104.42
22:20:50,server_17,9.12
22:20:50,server_16,39.87
22:20:50,server_15,49.39
22:20:50,server_14,114.42
22:20:50,server_13,0.0
22:20:50,server_11,107.98
22:20:50,server_20,0.0
22:20:50,server_9,38.5
22:20:50,server_1,6831.68
22:20:50,server_2,34.87
22:20:50,server_3,50.08
22:20:50,server_4,74.93
22:20:50,server_10,27.13
22:20:50,server_6,88.59
22:20:50,server_7,88.22
22:20:50,server_8,9346.76
22:20:50,server_5,5106.79
22:20:55,server_11,88.05
22:20:55,server_19,1455.99
22:20:55,server_18,75.57
22:20:55,server_17,0.0
22:20:55,server_16,13.39
22:20:55,server_15,60.7
22:20:55,server_14,17.47
22:20:55,server_13,139.68
22:20:55,server_12,76.83
22:20:55,server_20,31.83
22:20:55,server_10,9.48
22:20:55,server_8,8781.3
22:20:55,server_7,1383.3
22:20:55,server_6,63.5
22:20:55,server_5,12.52
22:20:55,server_4,73.53
22:20:55,server_3,9.02
22:20:55,server_2,1034.56
22:20:55,server_1,47.65
22:20:55,server_9,99.7
22:21:00,server_13,140.84
22:21:00,server_14,79.75
22:21:00,server_15,3501.09
22:21:00,server_12,129.43
22:21:00,server_17,89.36
22:21:00,server_18,119.86
22:21:00,server_19,0.0
22:21:00,server_16,120.21
22:21:00,server_11,82.53
22:21:00,server_20,42.14
22:21:00,server_9,143.18
22:21:00,server_1,174.39
22:21:00,server_2,7246.17
22:21:00,server_3,25.31
22:21:00,server_4,73.12
22:21:00,server_10,149.74
22:21:00,server_6,186.74
22:21:00,server_7,587.95
22:21:00,server_8,77.82
22:21:00,server_5,97.98
22:21:05,server_12,21.29
22:21:05,server_20,71.54
22:21:05,server_19,9409.05
22:21:05,server_18,61.98
22:21:05,server_17,59.21
22:21:05,server_16,192.75
22:21:05,server_15,44.02
22:21:05,server_14,23.23
22:21:05,server_13,178.43
22:21:05,server_11,0.0
22:21:05,server_10,3476.93
22:21:05,server_9,30.45
22:21:05,server_2,0.0
22:21:05,server_3,136.36
22:21:05,server_4,96.39
22:21:05,server_1,97.99
22:21:05,server_6,69.97
22:21:05,server_7,96.54
22:21:05,server_8,15.1
22:21:05,server_5,0.49
22:21:10,server_12,46.17
22:21:10,server_19,52.59
22:21:10,server_18,0.0
22:21:10,server_17,21.26
22:21:10,server_16,62.67
22:21:10,server_15,19.69
22:21:10,server_14,112.29
22:21:10,server_13,51.07
22:21:10,server_11,50.35
22:21:10,server_20,0.0
22:21:10,server_9,100.12
22:21:10,server_1,63.22
22:21:10,server_2,3.7
22:21:10,server_3,144.43
22:21:10,server_4,176.94
22:21:10,server_10,9095.59
22:21:10,server_6,61.76
22:21:10,server_7,1388.27
22:21:10,server_8,0.0
22:21:10,server_5,0.0
22:21:15,server_12,40.27
22:21:15,server_19,32.79
22:21:15,server_18,53.09
22:21:15,server_17,36.38
22:21:15,server_16,42.21
22:21:15,server_15,88.49
22:21:15,server_14,126.83
22:21:15,server_13,48.29
22:21:15,server_11,59.93
22:21:15,server_20,58.2
22:21:15,server_9,14.9
22:21:15,server_1,64.12
22:21:15,server_2,1776.28
22:21:15,server_3,4300.48
22:21:15,server_4,58.57
22:21:15,server_10,5934.37
22:21:15,server_6,99.3
22:21:15,server_7,38.92
22:21:15,server_8,56.33
22:21:15,server_5,105.11
22:21:20,server_11,119.64
22:21:20,server_19,51.71
22:21:20,server_18,152.6
22:21:20,server_17,671.99
22:21:20,server_16,12.67
22:21:20,server_15,99.26
22:21:20,server_14,1137.23
22:21:20,server_13,1.29
22:21:20,server_12,71.84
22:21:20,server_20,83.49
22:21:20,server_10,100.62
22:21:20,server_8,127.59
22:21:20,server_7,32.46
22:21:20,server_6,10.23
22:21:20,server_5,3113.31
22:21:20,server_4,118.84
22:21:20,server_3,4192.12
22:21:20,server_2,133.9
22:21:20,server_1,15.57
22:21:20,server_9,40.6
22:21:25,server_13,81.37
22:21:25,server_14,1997.19
22:21:25,server_15,121.39
22:21:25,server_12,27.99
22:21:25,server_17,26.39
22:21:25,server_18,51.63
22:21:25,server_19,0.0
22:21:25,server_16,1492.51
22:21:25,server_11,70.19
22:21:25,server_20,6969.02
22:21:25,server_9,108.63
22:21:25,server_1,0.0
22:21:25,server_2,80.29
22:21:25,server_3,14.9
22:21:25,server_4,197.05
22:21:25,server_10,35.41
22:21:25,server_6,45.49
22:21:25,server_7,0.0
22:21:25,server_8,47.95
22:21:25,server_5,77.63
22:21:30,server_19,121.17
22:21:30,server_18,153.56
22:21:30,server_17,99.18
22:21:30,server_16,0.0
22:21:30,server_15,7.73
22:21:30,server_14,17.16
22:21:30,server_13,93.35
22:21:30,server_12,12.39
22:21:30,server_11,91.03
22:21:30,server_20,43.66
22:21:30,server_9,161.35
22:21:30,server_1,35.7
22:21:30,server_2,69.81
22:21:30,server_3,67.23
22:21:30,server_4,0.0
22:21:30,server_10,9721.7
22:21:30,server_6,128.91
22:21:30,server_7,17.32
22:21:30,server_8,62.13
22:21:30,server_5,0.0
22:21:35,server_11,144.8
22:21:35,server_19,34.14
22:21:35,server_18,1073.24
22:21:35,server_17,1223.98
22:21:35,server_16,0.0
22:21:35,server_15,52.62
22:21:35,server_14,33.54
22:21:35,server_13,43.59
22:21:35,server_12,0.0
22:21:35,server_20,22.9
22:21:35,server_10,107.84
22:21:35,server_8,0.0
22:21:35,server_9,65.07
22:21:35,server_1,76.47
22:21:35,server_2,4.65
22:21:35,server_3,34.66
22:21:35,server_5,99.05
22:21:35,server_6,57.39
22:21:35,server_7,184.59
22:21:35,server_4,30.76
22:21:40,server_20,164.77
22:21:40,server_11,40.31
22:21:40,server_18,6658.71
22:21:40,server_17,32.58
22:21:40,server_16,10.9
22:21:40,server_15,1916.91
22:21:40,server_14,128.99
22:21:40,server_13,1596.13
22:21:40,server_12,154.5
22:21:40,server_19,37.64
22:21:40,server_10,87.91
22:21:40,server_8,80.92
22:21:40,server_1,63.09
22:21:40,server_2,0.0
22:21:40,server_3,26.86
22:21:40,server_9,42.66
22:21:40,server_5,1522.72
22:21:40,server_6,0.0
22:21:40,server_7,838.81
22:21:40,server_4,1878.19
22:21:45,server_12,16.37
22:21:45,server_19,9401.3
22:21:45,server_18,110.2
22:21:45,server_17,177.57
22:21:45,server_16,1021.39
22:21:45,server_15,6081.79
22:21:45,server_14,9.1
22:21:45,server_13,99.8
22:21:45,server_11,100.14
22:21:45,server_20,0.0
22:21:45,server_9,81.36
22:21:45,server_1,4650.74
22:21:45,server_2,90.21
22:21:45,server_3,117.95
22:21:45,server_4,0.0
22:21:45,server_10,585.38
22:21:45,server_6,0.0
22:21:45,server_7,0.0
22:21:45,server_8,756.49
22:21:45,server_5,57.69
22:21:50,server_11,1490.05
22:21:50,server_19,67.29
22:21:50,server_18,142.43
22:21:50,server_17,71.76
22:21:50,server_16,132.28
22:21:50,server_15,125.43
22:21:50,server_14,0.0
22:21:50,server_13,1540.38
22:21:50,server_12,843.65
22:21:50,server_20,49.61
22:21:50,server_10,123.81
22:21:50,server_8,65.2
22:21:50,server_7,162.68
22:21:50,server_6,100.9
22:21:50,server_5,5270.7
22:21:50,server_4,1552.45
22:21:50,server_3,4109.67
22:21:50,server_2,1110.09
22:21:50,server_1,72.76
22:21:50,server_9,1908.31
22:21:55,server_13,104.54
22:21:55,server_14,44.66
22:21:55,server_15,900.3
22:21:55,server_12,51.56
22:21:55,server_17,9241.07
22:21:55,server_18,8884.74
22:21:55,server_19,57.38
22:21:55,server_16,46.9
22:21:55,server_11,0.0
22:21:55,server_20,75.45
22:21:55,server_9,73.72
22:21:55,server_1,133.77
22:21:55,server_2,59.85
22:21:55,server_3,37.92
22:21:55,server_4,40.62
22:21:55,server_10,818.58
22:21:55,server_6,40.5
22:21:55,server_7,46.41
22:21:55,server_8,1335.25
22:21:55,server_5,807.2
22:22:00,server_20,114.55
22:22:00,server_19,110.35
22:22:00,server_18,180.49
22:22:00,server_17,1919.75
22:22:00,server_16,0.0
22:22:00,server_15,24.62
22:22:00,server_14,65.02
22:22:00,server_12,733.96
22:22:00,server_11,80.08
22:22:00,server_13,49.13
22:22:00,server_9,24.55
22:22:00,server_10,120.78
22:22:00,server_2,110.64
22:22:00,server_3,114.74
22:22:00,server_4,149.45
22:22:00,server_1,33.96
22:22:00,server_6,128.78
22:22:00,server_7,99.85
22:22:00,server_8,114.93
22:22:00,server_5,70.39
22:22:05,server_12,105.53
22:22:05,server_20,90.56
22:22:05,server_19,8539.67
22:22:05,server_18,103.09
22:22:05,server_17,1419.34
22:22:05,server_16,22.27
22:22:05,server_15,1111.62
22:22:05,server_14,157.2
22:22:05,server_13,51.71
22:22:05,server_11,90.02
22:22:05,server_3,5484.19
22:22:05,server_9,149.65
22:22:05,server_10,30.61
22:22:05,server_2,90.51
22:22:05,server_4,170.45
22:22:05,server_1,52.14
22:22:05,server_6,6061.01
22:22:05,server_7,44.95
22:22:05,server_8,64.7
22:22:05,server_5,70.6
22:22:10,server_12,147.84
22:22:10,server_19,188.34
22:22:10,server_18,95.36
22:22:10,server_17,16.98
22:22:10,server_16,1229.73
22:22:10,server_15,31.25
22:22:10,server_14,104.11
22:22:10,server_20,86.83
22:22:10,server_11,1412.24
22:22:10,server_13,100.56
22:22:10,server_9,119.72
22:22:10,server_1,584.91
22:22:10,server_2,53.15
22:22:10,server_3,3121.81
22:22:10,server_4,758.74
22:22:10,server_10,81.19
22:22:10,server_6,136.68
22:22:10,server_7,73.9
22:22:10,server_8,2.43
22:22:10,server_5,130.11
22:22:15,server_19,114.84
22:22:15,server_18,42.63
22:22:15,server_17,109.52
22:22:15,server_16,34.73
22:22:15,server_15,39.6
22:22:15,server_14,4937.61
22:22:15,server_13,528.83
22:22:15,server_12,6389.77
22:22:15,server_11,50.73
22:22:15,server_20,93.74
22:22:15,server_9,26.81
22:22:15,server_1,9349.83
22:22:15,server_2,60.05
22:22:15,server_3,8462.19
22:22:15,server_4,45.41
22:22:15,server_10,160.55
22:22:15,server_6,968.5
22:22:15,server_7,17.87
22:22:15,server_8,86.23
22:22:15,server_5,8103.05
22:22:20,server_11,703.54
22:22:20,server_19,17.54
22:22:20,server_18,100.65
22:22:20,server_17,9768.04
22:22:20,server_16,0.0
22:22:20,server_15,6.97
22:22:20,server_14,1722.24
22:22:20,server_13,54.13
22:22:20,server_12,33.76
22:22:20,server_20,7145.53
22:22:20,server_10,1913.89
22:22:20,server_8,125.0
22:22:20,server_9,794.91
22:22:20,server_1,0.0
22:22:20,server_2,1745.4
22:22:20,server_3,196.78
22:22:20,server_5,58.88
22:22:20,server_6,5848.53
22:22:20,server_7,43.96
22:22:20,server_4,27.54
22:22:25,server_20,47.71
22:22:25,server_11,48.65
22:22:25,server_18,65.8
22:22:25,server_17,69.67
22:22:25,server_16,145.67
22:22:25,server_15,0.0
22:22:25,server_14,118.29
22:22:25,server_13,67.46
22:22:25,server_12,178.4
22:22:25,server_19,53.99
22:22:25,server_10,41.1
22:22:25,server_8,1093.64
22:22:25,server_1,65.03
22:22:25,server_2,1320.38
22:22:25,server_3,143.66
22:22:25,server_9,0.0
22:22:25,server_5,185.01
22:22:25,server_6,4634.2
22:22:25,server_7,55.5
22:22:25,server_4,128.7
22:22:30,server_20,7.54
22:22:30,server_19,65.53
22:22:30,server_18,4601.07
22:22:30,server_17,0.0
22:22:30,server_16,38.57
22:22:30,server_15,56.04
22:22:30,server_14,43.16
22:22:30,server_12,81.97
22:22:30,server_11,55.69
22:22:30,server_13,14.26
22:22:30,server_9,1091.3
22:22:30,server_10,125.11
22:22:30,server_2,153.55
22:22:30,server_3,19.56
22:22:30,server_4,9090.98
22:22:30,server_1,0.0
22:22:30,server_6,60.52
22:22:30,server_7,86.58
22:22:30,server_8,714.41
22:22:30,server_5,61.09
22:22:35,server_12,0.0
22:22:35,server_19,39.69
22:22:35,server_18,1636.7
22:22:35,server_20,73.35
22:22:35,server_17,522.69
22:22:35,server_16,7.19
22:22:35,server_15,198.78
22:22:35,server_14,113.14
22:22:35,server_13,20.13
22:22:35,server_11,0.0
22:22:35,server_3,6925.26
22:22:35,server_9,171.97
22:22:35,server_10,9.78
22:22:35,server_2,0.0
22:22:35,server_4,39.56
22:22:35,server_1,63.7
22:22:35,server_6,48.27
22:22:35,server_7,0.0
22:22:35,server_8,140.71
22:22:35,server_5,11.15
22:22:40,server_11,0.0
22:22:40,server_20,0.0
22:22:40,server_18,82.59
22:22:40,server_17,8602.92
22:22:40,server_16,20.45
22:22:40,server_15,106.73
22:22:40,server_14,0.0
22:22:40,server_13,199.87
22:22:40,server_12,103.59
22:22:40,server_19,56.13
22:22:40,server_10,65.79
22:22:40,server_8,20.92
22:22:40,server_1,84.69
22:22:40,server_2,3105.98
22:22:40,server_3,70.08
22:22:40,server_9,20.0
22:22:40,server_5,1950.16
22:22:40,server_6,107.31
22:22:40,server_7,141.92
22:22:40,server_4,177.85
22:22:45,server_12,9.94
22:22:45,server_19,95.62
22:22:45,server_18,87.81
22:22:45,server_17,26.19
22:22:45,server_16,116.49
22:22:45,server_15,1022.53
22:22:45,server_14,56.34
22:22:45,server_13,73.85
22:22:45,server_11,7675.58
22:22:45,server_20,187.55
22:22:45,server_9,49.73
22:22:45,server_1,86.1
22:22:45,server_2,1226.42
22:22:45,server_3,20.72
22:22:45,server_4,69.43
22:22:45,server_10,655.58
22:22:45,server_6,19.51
22:22:45,server_7,72.69
22:22:45,server_8,65.16
22:22:45,server_5,0.0
22:22:50,server_11,37.2
22:22:50,server_19,72.58
22:22:50,server_18,1986.06
22:22:50,server_17,0.0
22:22:50,server_16,41.76
22:22:50,server_15,79.8
22:22:50,server_14,92.23
22:22:50,server_13,0.0
22:22:50,server_12,62.54
22:22:50,server_20,777.8
22:22:50,server_10,0.0
22:22:50,server_8,24.07
22:22:50,server_7,67.54
22:22:50,server_6,6116.6
22:22:50,server_5,8.59
22:22:50,server_4,185.42
22:22:50,server_3,598.3
22:22:50,server_2,10.15
22:22:50,server_1,0.0
22:22:50,server_9,171.86
22:22:55,server_13,24.07
22:22:55,server_14,5.69
22:22:55,server_20,62.55
22:22:55,server_12,1607.13
22:22:55,server_17,47.84
22:22:55,server_18,3.32
22:22:55,server_19,78.97
22:22:55,server_16,73.51
22:22:55,server_11,16.14
22:22:55,server_15,3.54
22:22:55,server_9,3059.35
22:22:55,server_1,0.0
22:22:55,server_2,16.66
22:22:55,server_3,137.14
22:22:55,server_4,23.03
22:22:55,server_10,1331.03
22:22:55,server_6,1653.47
22:22:55,server_7,5830.69
22:22:55,server_8,127.9
22:22:55,server_5,23.54
22:23:00,server_12,58.48
22:23:00,server_20,13.53
22:23:00,server_19,13.71
22:23:00,server_18,0.0
22:23:00,server_17,92.51
22:23:00,server_16,124.11
22:23:00,server_15,52.23
22:23:00,server_14,81.88
22:23:00,server_13,4120.68
22:23:00,server_11,0.0
22:23:00,server_10,82.88
22:23:00,server_9,107.67
22:23:00,server_2,0.0
22:23:00,server_3,0.0
22:23:00,server_4,123.28
22:23:00,server_1,0.0
22:23:00,server_6,98.4
22:23:00,server_7,17.68
22:23:00,server_8,144.28
22:23:00,server_5,94.12
22:23:05,server_12,175.34
22:23:05,server_19,44.9
22:23:05,server_18,99.79
22:23:05,server_17,82.99
22:23:05,server_16,0.0
22:23:05,server_15,147.9
22:23:05,server_14,0.0
22:23:05,server_13,82.36
22:23:05,server_11,82.28
22:23:05,server_20,45.1
22:23:05,server_9,23.32
22:23:05,server_1,9115.54
22:23:05,server_2,24.57
22:23:05,server_3,821.47
22:23:05,server_4,93.51
22:23:05,server_10,107.97
22:23:05,server_6,3384.55
22:23:05,server_7,0.0
22:23:05,server_8,0.0
22:23:05,server_5,68.16
22:23:10,server_12,45.87
22:23:10,server_19,78.67
22:23:10,server_18,8449.53
22:23:10,server_17,31.31
22:23:10,server_16,108.56
22:23:10,server_15,10.66
22:23:10,server_14,13.69
22:23:10,server_13,93.73
22:23:10,server_11,17.23
22:23:10,server_20,52.24
22:23:10,server_9,0.0
22:23:10,server_1,89.33
22:23:10,server_2,1309.75
22:23:10,server_3,0.0
22:23:10,server_4,137.67
22:23:10,server_10,4102.86
22:23:10,server_6,119.84
22:23:10,server_7,1537.42
22:23:10,server_8,55.23
22:23:10,server_5,47.59
22:23:15,server_11,0.0
22:23:15,server_19,41.98
22:23:15,server_18,80.91
22:23:15,server_17,7.61
22:23:15,server_16,80.19
22:23:15,server_15,96.6
22:23:15,server_14,174.28
22:23:15,server_13,93.76
22:23:15,server_12,81.35
22:23:15,server_20,38.2
22:23:15,server_10,39.54
22:23:15,server_8,134.64
22:23:15,server_7,87.88
22:23:15,server_6,1387.24
22:23:15,server_5,4661.23
22:23:15,server_4,51.22
22:23:15,server_3,54.64
22:23:15,server_2,24.32
22:23:15,server_1,116.87
22:23:15,server_9,0.0
22:23:20,server_13,0.0
22:23:20,server_14,3618.72
22:23:20,server_15,4428.86
22:23:20,server_12,1296.79
22:23:20,server_17,95.08
22:23:20,server_18,6582.7
22:23:20,server_19,53.03
22:23:20,server_16,83.26
22:23:20,server_11,48.85
22:23:20,server_20,118.64
22:23:20,server_9,44.86
22:23:20,server_1,3.8
22:23:20,server_2,503.08
22:23:20,server_3,67.19
22:23:20,server_4,44.23
22:23:20,server_10,47.15
22:23:20,server_6,7115.96
22:23:20,server_7,120.62
22:23:20,server_8,790.42
22:23:20,server_5,77.63
22:23:25,server_19,0.0
22:23:25,server_18,50.85
22:23:25,server_17,28.16
22:23:25,server_16,41.17
22:23:25,server_15,78.04
22:23:25,server_14,1388.0
22:23:25,server_13,75.59
22:23:25,server_12,1276.85
22:23:25,server_11,42.92
22:23:25,server_20,5614.2
22:23:25,server_9,31.33
22:23:25,server_1,25.57
22:23:25,server_2,104.21
22:23:25,server_3,0.0
22:23:25,server_4,144.58
22:23:25,server_10,7859.49
22:23:25,server_6,69.12
22:23:25,server_7,23.83
22:23:25,server_8,0.0
22:23:25,server_5,108.86
22:23:30,server_11,98.75
22:23:30,server_19,1125.49
22:23:30,server_18,879.2
22:23:30,server_17,8295.51
22:23:30,server_16,696.23
22:23:30,server_15,8096.38
22:23:30,server_14,76.03
22:23:30,server_13,88.64
22:23:30,server_12,163.12
22:23:30,server_20,1693.72
22:23:30,server_10,99.44
22:23:30,server_8,16.83
22:23:30,server_9,41.98
22:23:30,server_1,57.33
22:23:30,server_2,108.29
22:23:30,server_3,0.0
22:23:30,server_5,69.99
22:23:30,server_6,4143.65
22:23:30,server_7,99.78
22:23:30,server_4,48.27
22:23:35,server_20,145.57
22:23:35,server_11,51.84
22:23:35,server_18,1034.59
22:23:35,server_17,8564.2
22:23:35,server_16,93.61
22:23:35,server_15,1675.7
22:23:35,server_14,18.85
22:23:35,server_13,1997.54
22:23:35,server_12,990.84
22:23:35,server_19,38.72
22:23:35,server_10,75.27
22:23:35,server_8,149.35
22:23:35,server_1,8633.76
22:23:35,server_2,31.96
22:23:35,server_3,746.17
22:23:35,server_9,40.03
22:23:35,server_5,3786.79
22:23:35,server_6,3015.45
22:23:35,server_7,1295.7
22:23:35,server_4,58.58
22:23:40,server_13,4.13
22:23:40,server_20,0.0
22:23:40,server_19,57.33
22:23:40,server_18,66.71
22:23:40,server_17,114.13
22:23:40,server_16,97.5
22:23:40,server_15,1991.03
22:23:40,server_14,134.98
22:23:40,server_12,60.11
22:23:40,server_11,31.62
22:23:40,server_1,0.0
22:23:40,server_9,128.64
22:23:40,server_8,101.88
22:23:40,server_7,24.6
22:23:40,server_6,0.0
22:23:40,server_5,148.78
22:23:40,server_4,96.04
22:23:40,server_3,0.0
22:23:40,server_2,9.78
22:23:40,server_10,0.0
22:23:45,server_13,138.57
22:23:45,server_14,38.53
22:23:45,server_15,81.63
22:23:45,server_16,115.24
22:23:45,server_12,155.59
22:23:45,server_18,6429.62
22:23:45,server_19,86.42
22:23:45,server_20,1207.89
22:23:45,server_17,75.63
22:23:45,server_11,87.74
22:23:45,server_1,54.42
22:23:45,server_9,177.5
22:23:45,server_8,4.23
22:23:45,server_7,1104.06
22:23:45,server_6,131.14
22:23:45,server_5,0.0
22:23:45,server_4,0.0
22:23:45,server_3,32.69
22:23:45,server_2,63.54
22:23:45,server_10,1947.01
22:23:50,server_13,75.2
22:23:50,server_14,160.35
22:23:50,server_15,59.0
22:23:50,server_16,202.13
22:23:50,server_20,46.52
22:23:50,server_18,6402.99
22:23:50,server_19,139.45
22:23:50,server_12,195.85
22:23:50,server_17,1583.29
22:23:50,server_11,4.79
22:23:50,server_10,45.7
22:23:50,server_9,52.22
22:23:50,server_8,22.49
22:23:50,server_7,156.93
22:23:50,server_6,99.6
22:23:50,server_5,173.4
22:23:50,server_4,9126.05
22:23:50,server_3,117.04
22:23:50,server_2,22.88
22:23:50,server_1,14.85
22:23:55,server_13,0.0
22:23:55,server_14,7.0
22:23:55,server_15,113.92
22:23:55,server_16,120.06
22:23:55,server_20,0.0
22:23:55,server_18,53.31
22:23:55,server_19,7534.02
22:23:55,server_12,124.03
22:23:55,server_17,134.89
22:23:55,server_11,2.81
22:23:55,server_10,0.0
22:23:55,server_9,3769.1
22:23:55,server_2,180.44
22:23:55,server_3,4.5
22:23:55,server_4,87.69
22:23:55,server_1,127.83
22:23:55,server_6,127.27
22:23:55,server_7,80.89
22:23:55,server_8,63.15
22:23:55,server_5,24.79
22:24:00,server_12,5305.86
22:24:00,server_19,60.29
22:24:00,server_18,46.57
22:24:00,server_17,125.93
22:24:00,server_16,110.61
22:24:00,server_15,21.42
22:24:00,server_14,128.36
22:24:00,server_13,6306.49
22:24:00,server_11,30.95
22:24:00,server_20,173.04
22:24:00,server_9,84.17
22:24:00,server_1,114.73
22:24:00,server_2,0.0
22:24:00,server_3,50.75
22:24:00,server_4,1918.11
22:24:00,server_10,128.74
22:24:00,server_6,0.0
22:24:00,server_7,4.0
22:24:00,server_8,1719.04
22:24:00,server_5,60.22
22:24:05,server_12,56.17
22:24:05,server_19,47.72
22:24:05,server_18,24.66
22:24:05,server_17,31.86
22:24:05,server_16,84.3
22:24:05,server_15,18.64
22:24:05,server_14,54.81
22:24:05,server_13,0.0
22:24:05,server_11,154.11
22:24:05,server_20,71.83
22:24:05,server_9,94.01
22:24:05,server_1,15.65
22:24:05,server_2,0.0
22:24:05,server_3,27.43
22:24:05,server_4,0.0
22:24:05,server_10,25.45
22:24:05,server_6,1906.51
22:24:05,server_7,0.0
22:24:05,server_8,186.39
22:24:05,server_5,0.24
22:24:10,server_11,53.12
22:24:10,server_19,0.0
22:24:10,server_18,907.89
22:24:10,server_17,8.63
22:24:10,server_16,24.04
22:24:10,server_15,13.34
22:24:10,server_14,108.25
22:24:10,server_13,16.22
22:24:10,server_12,27.88
22:24:10,server_20,47.27
22:24:10,server_10,76.31
22:24:10,server_8,0.0
22:24:10,server_7,5492.53
22:24:10,server_6,0.0
22:24:10,server_5,752.35
22:24:10,server_4,8276.62
22:24:10,server_3,180.65
22:24:10,server_2,0.0
22:24:10,server_1,1775.14
22:24:10,server_9,0.0
22:24:15,server_13,89.57
22:24:15,server_14,80.35
22:24:15,server_15,42.13
22:24:15,server_12,96.36
22:24:15,server_17,0.0
22:24:15,server_18,8.46
22:24:15,server_19,68.75
22:24:15,server_16,0.0
22:24:15,server_11,1637.56
22:24:15,server_20,0.0
22:24:15,server_9,266.12
22:24:15,server_1,184.5
22:24:15,server_2,35.17
22:24:15,server_3,3004.04
22:24:15,server_4,108.38
22:24:15,server_10,0.0
22:24:15,server_6,3989.33
22:24:15,server_7,26.37
22:24:15,server_8,143.41
22:24:15,server_5,501.54
22:24:20,server_19,1606.15
22:24:20,server_18,62.72
22:24:20,server_17,4835.06
22:24:20,server_16,34.11
22:24:20,server_15,31.38
22:24:20,server_14,667.39
22:24:20,server_13,20.85
22:24:20,server_12,0.0
22:24:20,server_11,692.58
22:24:20,server_20,3974.24
22:24:20,server_9,0.0
22:24:20,server_1,80.39
22:24:20,server_2,7435.5
22:24:20,server_3,150.22
22:24:20,server_4,75.94
22:24:20,server_10,56.4
22:24:20,server_6,8728.44
22:24:20,server_7,25.83
22:24:20,server_8,1462.83
22:24:20,server_5,48.97
22:24:25,server_11,0.0
22:24:25,server_19,0.0
22:24:25,server_18,166.8
22:24:25,server_17,157.37
22:24:25,server_16,66.46
22:24:25,server_15,1890.67
22:24:25,server_14,75.88
22:24:25,server_13,4519.28
22:24:25,server_12,6993.5
22:24:25,server_20,21.07
22:24:25,server_10,0.0
22:24:25,server_8,0.0
22:24:25,server_9,60.08
22:24:25,server_1,1627.71
22:24:25,server_2,103.99
22:24:25,server_3,51.75
22:24:25,server_5,8.46
22:24:25,server_6,109.47
22:24:25,server_7,83.78
22:24:25,server_4,9.27
22:24:30,server_20,67.77
22:24:30,server_11,8800.53
22:24:30,server_18,8205.26
22:24:30,server_17,21.6
22:24:30,server_16,9.96
22:24:30,server_15,8921.96
22:24:30,server_14,116.04
22:24:30,server_13,44.01
22:24:30,server_12,117.61
22:24:30,server_19,75.5
22:24:30,server_10,0.0
22:24:30,server_8,8210.92
22:24:30,server_1,150.57
22:24:30,server_2,0.0
22:24:30,server_3,0.0
22:24:30,server_9,42.26
22:24:30,server_5,0.0
22:24:30,server_6,63.85
22:24:30,server_7,33.97
22:24:30,server_4,745.97
22:24:35,server_12,57.29
22:24:35,server_19,25.48
22:24:35,server_18,24.88
22:24:35,server_17,6425.76
22:24:35,server_16,62.55
22:24:35,server_15,37.9
22:24:35,server_14,62.68
22:24:35,server_13,1579.46
22:24:35,server_11,101.89
22:24:35,server_20,104.38
22:24:35,server_9,24.46
22:24:35,server_1,92.69
22:24:35,server_2,57.24
22:24:35,server_3,0.0
22:24:35,server_4,61.4
22:24:35,server_10,768.96
22:24:35,server_6,72.66
22:24:35,server_7,34.73
22:24:35,server_8,3496.78
22:24:35,server_5,965.3
22:24:40,server_11,780.82
22:24:40,server_19,40.69
22:24:40,server_18,87.02
22:24:40,server_17,8206.82
22:24:40,server_16,136.41
22:24:40,server_15,32.45
22:24:40,server_14,0.0
22:24:40,server_13,93.55
22:24:40,server_12,504.99
22:24:40,server_20,124.22
22:24:40,server_10,12.19
22:24:40,server_8,48.72
22:24:40,server_7,50.34
22:24:40,server_6,7.15
22:24:40,server_5,5006.03
22:24:40,server_4,67.53
22:24:40,server_3,5.94
22:24:40,server_2,67.64
22:24:40,server_1,107.76
22:24:40,server_9,1746.85
22:24:45,server_13,12.42
22:24:45,server_14,42.15
22:24:45,server_15,15.96
22:24:45,server_12,1524.57
22:24:45,server_17,25.64
22:24:45,server_18,4021.61
22:24:45,server_19,0.0
22:24:45,server_16,16.7
22:24:45,server_11,96.23
22:24:45,server_20,0.0
22:24:45,server_9,0.0
22:24:45,server_1,4291.39
22:24:45,server_2,12.66
22:24:45,server_3,43.27
22:24:45,server_4,140.41
22:24:45,server_10,56.13
22:24:45,server_6,37.88
22:24:45,server_7,62.17
22:24:45,server_8,10.49
22:24:45,server_5,118.23
22:24:50,server_12,17.59
22:24:50,server_20,6812.84
22:24:50,server_19,19.72
22:24:50,server_18,1879.8
22:24:50,server_17,99.9
22:24:50,server_16,7669.32
22:24:50,server_15,107.96
22:24:50,server_14,25.22
22:24:50,server_13,6.17
22:24:50,server_11,43.7
22:24:50,server_10,34.43
22:24:50,server_9,93.68
22:24:50,server_2,22.39
22:24:50,server_3,138.47
22:24:50,server_4,101.37
22:24:50,server_1,12.36
22:24:50,server_6,51.83
22:24:50,server_7,119.66
22:24:50,server_8,860.1
22:24:50,server_5,95.74
22:24:55,server_12,179.65
22:24:55,server_19,1355.58
22:24:55,server_18,75.1
22:24:55,server_17,48.16
22:24:55,server_16,24.63
22:24:55,server_15,54.55
22:24:55,server_14,155.51
22:24:55,server_13,1848.6
22:24:55,server_11,102.11
22:24:55,server_20,154.17
22:24:55,server_9,0.0
22:24:55,server_1,904.89
22:24:55,server_2,88.75
22:24:55,server_3,0.75
22:24:55,server_4,121.15
22:24:55,server_10,60.64
22:24:55,server_6,32.13
22:24:55,server_7,89.98
22:24:55,server_8,53.43
22:24:55,server_5,135.74
22:25:00,server_12,3005.29
22:25:00,server_19,63.69
22:25:00,server_18,45.67
22:25:00,server_17,119.48
22:25:00,server_16,22.89
22:25:00,server_15,5252.97
22:25:00,server_14,817.49
22:25:00,server_13,80.46
22:25:00,server_11,0.0
22:25:00,server_20,62.62
22:25:00,server_9,0.0
22:25:00,server_1,45.72
22:25:00,server_2,0.0
22:25:00,server_3,3509.51
22:25:00,server_4,1103.26
22:25:00,server_10,1037.21
22:25:00,server_6,98.62
22:25:00,server_7,157.77
22:25:00,server_8,118.33
22:25:00,server_5,822.81
22:25:05,server_11,0.0
22:25:05,server_19,0.0
22:25:05,server_18,124.09
22:25:05,server_17,62.71
22:25:05,server_16,0.0
22:25:05,server_15,29.07
22:25:05,server_14,154.66
22:25:05,server_13,0.0
22:25:05,server_12,164.47
22:25:05,server_20,63.44
22:25:05,server_10,33.48
22:25:05,server_8,0.0
22:25:05,server_7,169.88
22:25:05,server_6,0.0
22:25:05,server_5,94.08
22:25:05,server_4,14.7
22:25:05,server_3,29.44
22:25:05,server_2,46.8
22:25:05,server_1,62.22
22:25:05,server_9,27.6
22:25:10,server_13,71.45
22:25:10,server_14,568.64
22:25:10,server_15,189.96
22:25:10,server_12,889.65
22:25:10,server_17,51.31
22:25:10,server_18,7529.32
22:25:10,server_19,32.86
22:25:10,server_16,1463.71
22:25:10,server_11,1511.79
22:25:10,server_20,0.0
22:25:10,server_9,62.75
22:25:10,server_1,35.01
22:25:10,server_2,118.21
22:25:10,server_3,1135.06
22:25:10,server_4,5291.61
22:25:10,server_10,72.81
22:25:10,server_6,72.26
22:25:10,server_7,5.35
22:25:10,server_8,71.32
22:25:10,server_5,179.29
22:25:15,server_19,74.25
22:25:15,server_18,0.0
22:25:15,server_17,80.16
22:25:15,server_16,47.88
22:25:15,server_15,1012.27
22:25:15,server_14,39.63
22:25:15,server_13,32.44
22:25:15,server_12,807.25
22:25:15,server_11,17.08
22:25:15,server_20,78.09
22:25:15,server_9,1637.56
22:25:15,server_1,146.76
22:25:15,server_2,7.93
22:25:15,server_3,119.16
22:25:15,server_4,26.93
22:25:15,server_10,191.07
22:25:15,server_6,95.11
22:25:15,server_7,130.0
22:25:15,server_8,75.48
22:25:15,server_5,3438.0
22:25:20,server_11,116.63
22:25:20,server_19,37.85
22:25:20,server_18,4410.55
22:25:20,server_17,67.09
22:25:20,server_16,0.0
22:25:20,server_15,38.84
22:25:20,server_14,54.16
22:25:20,server_13,16.41
22:25:20,server_12,93.1
22:25:20,server_20,5106.18
22:25:20,server_10,82.77
22:25:20,server_8,5175.01
22:25:20,server_9,101.42
22:25:20,server_1,47.63
22:25:20,server_2,139.05
22:25:20,server_3,44.95
22:25:20,server_5,104.48
22:25:20,server_6,40.02
22:25:20,server_7,5.27
22:25:20,server_4,0.0
22:25:25,server_20,52.27
22:25:25,server_11,24.88
22:25:25,server_18,19.97
22:25:25,server_17,4918.72
22:25:25,server_16,0.0
22:25:25,server_15,67.54
22:25:25,server_14,108.34
22:25:25,server_13,103.36
22:25:25,server_12,1429.11
22:25:25,server_19,54.07
22:25:25,server_10,61.74
22:25:25,server_8,180.35
22:25:25,server_1,75.02
22:25:25,server_2,155.9
22:25:25,server_3,44.39
22:25:25,server_9,6.3
22:25:25,server_5,30.11
22:25:25,server_6,60.0
22:25:25,server_7,0.12
22:25:25,server_4,796.97
22:25:30,server_12,61.13
22:25:30,server_19,18.53
22:25:30,server_18,86.24
22:25:30,server_17,81.95
22:25:30,server_16,0.0
22:25:30,server_15,0.0
22:25:30,server_14,7301.14
22:25:30,server_13,74.02
22:25:30,server_11,679.58
22:25:30,server_20,0.0
22:25:30,server_9,5582.22
22:25:30,server_1,147.64
22:25:30,server_2,98.87
22:25:30,server_3,190.49
22:25:30,server_4,1750.13
22:25:30,server_10,42.33
22:25:30,server_6,110.91
22:25:30,server_7,1083.27
22:25:30,server_8,113.0
22:25:30,server_5,5498.44
22:25:35,server_11,3871.01
22:25:35,server_19,97.86
22:25:35,server_18,88.07
22:25:35,server_17,4832.71
22:25:35,server_16,176.76
22:25:35,server_15,72.57
22:25:35,server_14,1166.92
22:25:35,server_13,29.55
22:25:35,server_12,0.0
22:25:35,server_20,55.59
22:25:35,server_10,19.47
22:25:35,server_8,86.63
22:25:35,server_7,162.96
22:25:35,server_6,5663.33
22:25:35,server_5,52.17
22:25:35,server_4,121.24
22:25:35,server_3,112.97
22:25:35,server_2,0.0
22:25:35,server_1,5127.15
22:25:35,server_9,74.53
22:25:40,server_13,0.0
22:25:40,server_14,10.87
22:25:40,server_15,154.44
22:25:40,server_12,55.12
22:25:40,server_17,9549.7
22:25:40,server_18,0.0
22:25:40,server_19,1740.89
22:25:40,server_16,34.57
22:25:40,server_11,162.83
22:25:40,server_20,17.8
22:25:40,server_9,141.24
22:25:40,server_1,138.49
22:25:40,server_2,49.29
22:25:40,server_3,4761.67
22:25:40,server_4,45.21
22:25:40,server_10,44.07
22:25:40,server_6,0.0
22:25:40,server_7,10.87
22:25:40,server_8,8522.83
22:25:40,server_5,16.69
22:25:45,server_20,0.0
22:25:45,server_19,3925.36
22:25:45,server_18,65.91
22:25:45,server_17,113.58
22:25:45,server_16,0.0
22:25:45,server_15,0.0
22:25:45,server_14,0.0
22:25:45,server_12,93.11
22:25:45,server_11,35.6
22:25:45,server_13,0.0
22:25:45,server_9,7164.86
22:25:45,server_10,1707.22
22:25:45,server_2,1244.38
22:25:45,server_3,34.03
22:25:45,server_4,28.05
22:25:45,server_1,181.58
22:25:45,server_6,80.56
22:25:45,server_7,55.21
22:25:45,server_8,1842.78
22:25:45,server_5,81.79
22:25:50,server_12,102.0
22:25:50,server_20,0.0
22:25:50,server_19,74.12
22:25:50,server_18,152.93
22:25:50,server_17,0.0
22:25:50,server_16,54.73
22:25:50,server_15,11.31
22:25:50,server_14,74.96
22:25:50,server_13,925.68
22:25:50,server_11,69.65
22:25:50,server_3,58.98
22:25:50,server_9,773.72
22:25:50,server_10,85.1
22:25:50,server_2,19.29
22:25:50,server_4,14.62
22:25:50,server_1,1229.74
22:25:50,server_6,76.5
22:25:50,server_7,25.38
22:25:50,server_8,87.36
22:25:50,server_5,0.0
22:25:55,server_12,18.12
22:25:55,server_19,3777.71
22:25:55,server_18,72.58
22:25:55,server_17,3.72
22:25:55,server_16,6907.68
22:25:55,server_15,93.92
22:25:55,server_14,171.41
22:25:55,server_20,98.64
22:25:55,server_11,141.56
22:25:55,server_13,89.1
22:25:55,server_9,111.6
22:25:55,server_1,60.86
22:25:55,server_2,83.46
22:25:55,server_3,28.98
22:25:55,server_4,9493.51
22:25:55,server_10,7943.56
22:25:55,server_6,98.55
22:25:55,server_7,0.0
22:25:55,server_8,101.89
22:25:55,server_5,127.65
22:26:00,server_19,86.9
22:26:00,server_18,0.0
22:26:00,server_17,0.0
22:26:00,server_16,78.75
22:26:00,server_15,94.25
22:26:00,server_14,10.13
22:26:00,server_13,93.19
22:26:00,server_12,0.0
22:26:00,server_11,4917.72
22:26:00,server_20,8397.58
22:26:00,server_9,92.27
22:26:00,server_1,69.18
22:26:00,server_2,125.95
22:26:00,server_3,5871.16
22:26:00,server_4,8862.09
22:26:00,server_10,3.53
22:26:00,server_6,1328.02
22:26:00,server_7,44.05
22:26:00,server_8,85.88
22:26:00,server_5,38.03
22:26:05,server_11,4.33
22:26:05,server_19,1245.96
22:26:05,server_18,122.0
22:26:05,server_17,48.94
22:26:05,server_16,18.97
22:26:05,server_15,154.03
22:26:05,server_14,0.0
22:26:05,server_13,567.81
22:26:05,server_12,167.51
22:26:05,server_20,842.22
22:26:05,server_10,52.03
22:26:05,server_8,51.77
22:26:05,server_9,53.44
22:26:05,server_1,53.73
22:26:05,server_2,105.97
22:26:05,server_3,111.24
22:26:05,server_5,0.0
22:26:05,server_6,73.94
22:26:05,server_7,19.92
22:26:05,server_4,34.26
22:26:10,server_20,37.69
22:26:10,server_11,0.0
22:26:10,server_18,134.5
22:26:10,server_17,6187.05
22:26:10,server_16,6.86
22:26:10,server_15,132.05
22:26:10,server_14,11.81
22:26:10,server_13,119.94
22:26:10,server_12,7120.28
22:26:10,server_19,744.88
22:26:10,server_10,173.25
22:26:10,server_8,1834.93
22:26:10,server_1,73.29
22:26:10,server_2,0.0
22:26:10,server_3,122.49
22:26:10,server_9,108.12
22:26:10,server_5,125.93
22:26:10,server_6,85.92
22:26:10,server_7,89.05
22:26:10,server_4,100.38
22:26:15,server_19,0.0
22:26:15,server_18,6423.27
22:26:15,server_17,64.64
22:26:15,server_16,55.28
22:26:15,server_15,0.57
22:26:15,server_14,90.4
22:26:15,server_13,69.66
22:26:15,server_12,1.1
22:26:15,server_11,1006.86
22:26:15,server_20,86.36
22:26:15,server_9,86.3
22:26:15,server_1,155.69
22:26:15,server_2,116.04
22:26:15,server_3,1351.38
22:26:15,server_4,139.96
22:26:15,server_10,43.13
22:26:15,server_6,50.03
22:26:15,server_7,72.47
22:26:15,server_8,45.44
22:26:15,server_5,55.51
22:26:20,server_11,53.25
22:26:20,server_19,18.56
22:26:20,server_18,0.0
22:26:20,server_17,30.72
22:26:20,server_16,5474.56
22:26:20,server_15,8.68
22:26:20,server_14,114.95
22:26:20,server_13,0.0
22:26:20,server_12,66.93
22:26:20,server_20,4815.92
22:26:20,server_10,168.79
22:26:20,server_8,74.19
22:26:20,server_9,64.44
22:26:20,server_1,9645.82
22:26:20,server_2,62.01
22:26:20,server_3,121.31
22:26:20,server_5,94.02
22:26:20,server_6,93.13
22:26:20,server_7,56.78
22:26:20,server_4,149.47
22:26:25,server_20,115.08
22:26:25,server_19,0.0
22:26:25,server_18,139.04
22:26:25,server_17,97.27
22:26:25,server_16,0.0
22:26:25,server_15,86.93
22:26:25,server_14,13.51
22:26:25,server_13,48.48
22:26:25,server_12,46.13
22:26:25,server_11,116.74
22:26:25,server_9,101.04
22:26:25,server_1,98.27
22:26:25,server_2,137.61
22:26:25,server_3,1160.08
22:26:25,server_4,92.7
22:26:25,server_10,61.17
22:26:25,server_6,77.89
22:26:25,server_7,6163.6
22:26:25,server_8,1951.03
22:26:25,server_5,131.41
22:26:30,server_12,11.97
22:26:30,server_19,39.52
22:26:30,server_18,51.38
22:26:30,server_17,7278.81
22:26:30,server_16,10.87
22:26:30,server_15,844.29
22:26:30,server_14,71.9
22:26:30,server_13,0.0
22:26:30,server_11,175.31
22:26:30,server_20,59.32
22:26:30,server_9,173.36
22:26:30,server_1,158.33
22:26:30,server_2,59.93
22:26:30,server_3,660.26
22:26:30,server_4,154.38
22:26:30,server_10,0.0
22:26:30,server_6,148.33
22:26:30,server_7,125.88
22:26:30,server_8,22.28
22:26:30,server_5,44.47
22:26:35,server_11,912.09
22:26:35,server_19,130.33
22:26:35,server_18,607.66
22:26:35,server_17,63.58
22:26:35,server_16,171.36
22:26:35,server_15,124.94
22:26:35,server_14,3557.13
22:26:35,server_13,0.26
22:26:35,server_12,85.05
22:26:35,server_20,44.59
22:26:35,server_10,19.5
22:26:35,server_8,65.19
22:26:35,server_7,0.0
22:26:35,server_6,139.64
22:26:35,server_5,93.43
22:26:35,server_4,25.5
22:26:35,server_3,151.44
22:26:35,server_2,146.63
22:26:35,server_1,1333.89
22:26:35,server_9,102.2
22:26:40,server_13,82.59
22:26:40,server_14,93.06
22:26:40,server_15,137.82
22:26:40,server_16,20.05
22:26:40,server_20,1758.46
22:26:40,server_18,46.32
22:26:40,server_19,76.34
22:26:40,server_12,1618.51
22:26:40,server_17,9610.21
22:26:40,server_11,156.35
22:26:40,server_10,62.21
22:26:40,server_9,108.61
22:26:40,server_2,3.86
22:26:40,server_3,58.0
22:26:40,server_4,176.5
22:26:40,server_1,6.8
22:26:40,server_6,1047.22
22:26:40,server_7,99.95
22:26:40,server_8,94.74
22:26:40,server_5,8863.02
22:26:45,server_13,32.69
22:26:45,server_20,4219.18
22:26:45,server_19,1315.43
22:26:45,server_18,115.84
22:26:45,server_17,51.34
22:26:45,server_16,1351.75
22:26:45,server_15,0.0
22:26:45,server_14,7208.65
22:26:45,server_12,0.0
22:26:45,server_11,70.95
22:26:45,server_1,55.75
22:26:45,server_9,144.75
22:26:45,server_8,125.48
22:26:45,server_7,26.36
22:26:45,server_6,22.98
22:26:45,server_5,55.89
22:26:45,server_4,96.56
22:26:45,server_3,87.82
22:26:45,server_2,33.16
22:26:45,server_10,56.88
22:26:50,server_13,133.82
22:26:50,server_14,108.33
22:26:50,server_15,35.72
22:26:50,server_16,0.0
22:26:50,server_12,64.72
22:26:50,server_18,65.37
22:26:50,server_19,153.74
22:26:50,server_20,27.42
22:26:50,server_17,11.65
22:26:50,server_11,45.64
22:26:50,server_1,5772.9
22:26:50,server_9,908.77
22:26:50,server_8,129.82
22:26:50,server_7,1361.78
22:26:50,server_6,1837.25
22:26:50,server_5,44.01
22:26:50,server_4,33.9
22:26:50,server_3,32.64
22:26:50,server_2,4899.61
22:26:50,server_10,102.63
22:26:55,server_13,7477.23
22:26:55,server_14,0.0
22:26:55,server_15,73.23
22:26:55,server_16,0.0
22:26:55,server_20,39.65
22:26:55,server_18,29.75
22:26:55,server_19,928.12
22:26:55,server_12,1577.95
22:26:55,server_17,91.31
22:26:55,server_11,107.8
22:26:55,server_10,39.47
22:26:55,server_9,13.43
22:26:55,server_2,115.92
22:26:55,server_3,35.74
22:26:55,server_4,20.49
22:26:55,server_1,4.59
22:26:55,server_6,1862.01
22:26:55,server_7,65.91
22:26:55,server_8,80.06
22:26:55,server_5,68.95
22:27:00,server_12,5545.04
22:27:00,server_19,7540.12
22:27:00,server_18,106.58
22:27:00,server_17,91.5
22:27:00,server_16,844.96
22:27:00,server_15,16.32
22:27:00,server_14,46.36
22:27:00,server_13,27.1
22:27:00,server_11,171.96
22:27:00,server_20,133.94
22:27:00,server_9,5722.49
22:27:00,server_1,58.42
22:27:00,server_2,1002.16
22:27:00,server_3,64.77
22:27:00,server_4,19.42
22:27:00,server_10,77.62
22:27:00,server_6,75.55
22:27:00,server_7,43.66
22:27:00,server_8,26.0
22:27:00,server_5,5835.54
22:27:05,server_11,96.64
22:27:05,server_19,151.82
22:27:05,server_18,9935.9
22:27:05,server_17,58.84
22:27:05,server_16,43.94
22:27:05,server_15,50.24
22:27:05,server_14,0.0
22:27:05,server_13,51.7
22:27:05,server_12,63.55
22:27:05,server_20,57.71
22:27:05,server_10,67.8
22:27:05,server_8,133.88
22:27:05,server_7,0.0
22:27:05,server_6,0.0
22:27:05,server_5,0.0
22:27:05,server_4,9365.39
22:27:05,server_3,3238.87
22:27:05,server_2,156.78
22:27:05,server_1,98.26
22:27:05,server_9,40.73
22:27:10,server_14,1400.17
22:27:10,server_15,80.21
22:27:10,server_16,3044.82
22:27:10,server_13,79.96
22:27:10,server_18,1298.73
22:27:10,server_19,119.45
22:27:10,server_20,4.5
22:27:10,server_17,512.64
22:27:10,server_12,8135.94
22:27:10,server_11,89.04
22:27:10,server_10,8.4
22:27:10,server_2,54.49
22:27:10,server_3,43.29
22:27:10,server_4,55.96
22:27:10,server_5,93.68
22:27:10,server_1,129.31
22:27:10,server_7,7668.41
22:27:10,server_8,1375.35
22:27:10,server_9,36.58
22:27:10,server_6,60.93
22:27:15,server_12,137.14
22:27:15,server_19,197.08
22:27:15,server_18,90.61
22:27:15,server_17,113.79
22:27:15,server_16,42.87
22:27:15,server_15,8897.37
22:27:15,server_14,87.74
22:27:15,server_13,0.0
22:27:15,server_11,176.32
22:27:15,server_20,137.71
22:27:15,server_9,7836.57
22:27:15,server_1,4100.69
22:27:15,server_2,136.52
22:27:15,server_3,38.47
22:27:15,server_4,80.37
22:27:15,server_10,4304.78
22:27:15,server_6,1279.06
22:27:15,server_7,0.0
22:27:15,server_8,0.0
22:27:15,server_5,45.5
22:27:20,server_11,0.0
22:27:20,server_19,1336.39
22:27:20,server_18,143.52
22:27:20,server_17,4.67
22:27:20,server_16,82.34
22:27:20,server_15,88.53
22:27:20,server_14,1.27
22:27:20,server_13,7.23
22:27:20,server_12,1365.23
22:27:20,server_20,0.0
22:27:20,server_10,1.84
22:27:20,server_8,9223.4
22:27:20,server_7,0.0
22:27:20,server_6,0.0
22:27:20,server_5,1677.6
22:27:20,server_4,1263.34
22:27:20,server_3,655.62
22:27:20,server_2,0.0
22:27:20,server_1,0.0
22:27:20,server_9,64.19
22:27:25,server_13,69.09
22:27:25,server_14,38.4
22:27:25,server_15,18.52
22:27:25,server_16,9351.22
22:27:25,server_20,95.32
22:27:25,server_18,60.66
22:27:25,server_19,1372.29
22:27:25,server_12,0.0
22:27:25,server_17,94.68
22:27:25,server_10,69.78
22:27:25,server_7,184.44
22:27:25,server_9,103.41
22:27:25,server_11,5841.69
22:27:25,server_2,67.78
22:27:25,server_3,83.29
22:27:25,server_4,55.86
22:27:25,server_1,88.73
22:27:25,server_6,40.23
22:27:25,server_8,0.0
22:27:25,server_5,0.0
22:27:30,server_20,4103.8
22:27:30,server_12,53.79
22:27:30,server_19,84.96
22:27:30,server_17,648.78
22:27:30,server_16,23.95
22:27:30,server_15,0.0
22:27:30,server_14,50.38
22:27:30,server_13,114.41
22:27:30,server_11,196.54
22:27:30,server_18,7703.09
22:27:30,server_9,1203.22
22:27:30,server_8,99.15
22:27:30,server_7,0.0
22:27:30,server_6,47.44
22:27:30,server_5,1650.44
22:27:30,server_4,66.48
22:27:30,server_3,6529.69
22:27:30,server_2,87.21
22:27:30,server_1,12.02
22:27:30,server_10,126.2
22:27:35,server_13,1524.59
22:27:35,server_14,44.44
22:27:35,server_15,9067.97
22:27:35,server_20,9.12
22:27:35,server_17,48.56
22:27:35,server_18,66.57
22:27:35,server_19,8.61
22:27:35,server_12,62.0
22:27:35,server_16,920.24
22:27:35,server_11,0.0
22:27:35,server_7,138.6
22:27:35,server_9,0.0
22:27:35,server_8,53.06
22:27:35,server_6,61.95
22:27:35,server_5,117.53
22:27:35,server_4,75.76
22:27:35,server_3,122.67
22:27:35,server_2,182.08
22:27:35,server_1,90.5
22:27:35,server_10,8522.67
22:27:40,server_15,1884.82
22:27:40,server_13,9178.93
22:27:40,server_14,5.83
22:27:40,server_16,6418.6
22:27:40,server_12,99.21
22:27:40,server_18,17.94
22:27:40,server_19,113.47
22:27:40,server_20,3526.38
22:27:40,server_17,17.04
22:27:40,server_11,40.98
22:27:40,server_1,4223.41
22:27:40,server_9,104.66
22:27:40,server_2,9.56
22:27:40,server_3,88.23
22:27:40,server_4,8933.29
22:27:40,server_10,49.82
22:27:40,server_6,0.0
22:27:40,server_7,1371.44
22:27:40,server_8,156.98
22:27:40,server_5,46.45
22:27:45,server_12,19.51
22:27:45,server_19,89.75
22:27:45,server_18,111.02
22:27:45,server_17,31.16
22:27:45,server_16,12.29
22:27:45,server_15,0.0
22:27:45,server_14,120.88
22:27:45,server_13,61.75
22:27:45,server_11,0.0
22:27:45,server_20,9.36
22:27:45,server_9,921.54
22:27:45,server_1,82.68
22:27:45,server_2,36.7
22:27:45,server_3,6927.1
22:27:45,server_4,37.89
22:27:45,server_10,14.21
22:27:45,server_6,84.33
22:27:45,server_7,58.22
22:27:45,server_8,50.04
22:27:45,server_5,23.67
22:27:50,server_11,16.76
22:27:50,server_19,75.81
22:27:50,server_18,59.34
22:27:50,server_17,0.0
22:27:50,server_16,127.44
22:27:50,server_15,188.9
22:27:50,server_14,4.66
22:27:50,server_13,1607.08
22:27:50,server_12,110.36
22:27:50,server_20,28.49
22:27:50,server_10,45.81
22:27:50,server_8,134.73
22:27:50,server_7,3.99
22:27:50,server_6,21.18
22:27:50,server_5,9899.63
22:27:50,server_4,55.03
22:27:50,server_3,3535.58
22:27:50,server_2,7.46
22:27:50,server_1,159.92
22:27:50,server_9,102.32
22:27:55,server_14,98.43
22:27:55,server_15,0.0
22:27:55,server_16,1537.12
22:27:55,server_13,167.02
22:27:55,server_18,15.04
22:27:55,server_19,163.84
22:27:55,server_20,105.85
22:27:55,server_17,24.38
22:27:55,server_12,115.97
22:27:55,server_11,5507.73
22:27:55,server_1,114.44
22:27:55,server_9,0.0
22:27:55,server_8,0.0
22:27:55,server_7,4873.27
22:27:55,server_6,28.91
22:27:55,server_5,108.04
22:27:55,server_4,1.38
22:27:55,server_3,58.4
22:27:55,server_2,97.34
22:27:55,server_10,7830.95
22:28:00,server_13,106.92
22:28:00,server_14,1131.12
22:28:00,server_15,48.35
22:28:00,server_20,35.14
22:28:00,server_18,901.91
22:28:00,server_19,98.79
22:28:00,server_12,146.71
22:28:00,server_16,161.84
22:28:00,server_11,111.42
22:28:00,server_17,34.72
22:28:00,server_9,186.11
22:28:00,server_10,28.88
22:28:00,server_2,124.2
22:28:00,server_3,30.68
22:28:00,server_4,74.4
22:28:00,server_1,5699.12
22:28:00,server_6,48.87
22:28:00,server_7,541.98
22:28:00,server_8,9911.81
22:28:00,server_5,0.0
22:28:05,server_20,108.57
22:28:05,server_12,9226.15
22:28:05,server_19,40.95
22:28:05,server_18,10.26
22:28:05,server_17,1720.75
22:28:05,server_16,61.53
22:28:05,server_15,65.8
22:28:05,server_14,6781.0
22:28:05,server_13,101.69
22:28:05,server_11,9.41
22:28:05,server_7,3865.44
22:28:05,server_9,60.83
22:28:05,server_8,35.41
22:28:05,server_6,9836.8
22:28:05,server_5,29.87
22:28:05,server_4,79.31
22:28:05,server_3,7761.96
22:28:05,server_2,153.35
22:28:05,server_1,38.84
22:28:05,server_10,1705.51
22:28:10,server_15,50.93
22:28:10,server_13,58.94
22:28:10,server_14,154.19
22:28:10,server_16,53.35
22:28:10,server_12,36.03
22:28:10,server_18,167.86
22:28:10,server_19,135.88
22:28:10,server_20,0.0
22:28:10,server_17,78.13
22:28:10,server_11,0.0
22:28:10,server_1,0.0
22:28:10,server_9,133.95
22:28:10,server_2,83.53
22:28:10,server_3,1565.52
22:28:10,server_4,8.7
22:28:10,server_10,0.0
22:28:10,server_6,72.24
22:28:10,server_7,101.28
22:28:10,server_8,1847.75
22:28:10,server_5,142.84
22:28:15,server_13,0.0
22:28:15,server_20,6719.52
22:28:15,server_19,0.0
22:28:15,server_18,33.19
22:28:15,server_17,190.01
22:28:15,server_16,59.39
22:28:15,server_15,73.07
22:28:15,server_14,43.52
22:28:15,server_12,6013.31
22:28:15,server_11,96.81
22:28:15,server_1,54.92
22:28:15,server_9,0.0
22:28:15,server_8,883.22
22:28:15,server_7,68.96
22:28:15,server_6,54.58
22:28:15,server_5,7754.71
22:28:15,server_4,53.16
22:28:15,server_3,1239.29
22:28:15,server_2,17.71
22:28:15,server_10,8837.3
22:28:20,server_13,153.68
22:28:20,server_14,69.15
22:28:20,server_15,149.47
22:28:20,server_16,161.28
22:28:20,server_12,49.26
22:28:20,server_18,83.68
22:28:20,server_19,124.99
22:28:20,server_20,1376.26
22:28:20,server_17,1115.65
22:28:20,server_11,875.58
22:28:20,server_1,1709.82
22:28:20,server_9,27.47
22:28:20,server_8,68.66
22:28:20,server_7,74.79
22:28:20,server_6,43.16
22:28:20,server_5,98.75
22:28:20,server_4,9931.29
22:28:20,server_3,0.0
22:28:20,server_2,44.71
22:28:20,server_10,76.96
22:28:25,server_13,96.39
22:28:25,server_14,47.86
22:28:25,server_15,5.61
22:28:25,server_16,180.41
22:28:25,server_20,71.83
22:28:25,server_18,39.16
22:28:25,server_19,30.25
22:28:25,server_12,30.72
22:28:25,server_17,0.0
22:28:25,server_11,1093.39
22:28:25,server_1,22.34
22:28:25,server_9,14.23
22:28:25,server_2,99.73
22:28:25,server_3,90.73
22:28:25,server_4,84.64
22:28:25,server_10,2.32
22:28:25,server_6,145.02
22:28:25,server_7,1918.61
22:28:25,server_8,66.56
22:28:25,server_5,32.79
22:28:30,server_12,0.0
22:28:30,server_19,122.68
22:28:30,server_18,118.57
22:28:30,server_17,1581.21
22:28:30,server_16,123.07
22:28:30,server_15,0.0
22:28:30,server_14,136.22
22:28:30,server_13,66.7
22:28:30,server_20,15.1
22:28:30,server_11,6197.27
22:28:30,server_9,44.31
22:28:30,server_8,118.17
22:28:30,server_7,1706.45
22:28:30,server_6,40.28
22:28:30,server_5,29.67
22:28:30,server_4,31.04
22:28:30,server_3,107.54
22:28:30,server_2,1241.74
22:28:30,server_1,69.54
22:28:30,server_10,32.34
22:28:35,server_13,0.0
22:28:35,server_14,146.33
22:28:35,server_15,0.0
22:28:35,server_16,41.26
22:28:35,server_12,34.31
22:28:35,server_18,1.16
22:28:35,server_19,162.88
22:28:35,server_20,116.62
22:28:35,server_17,7860.17
22:28:35,server_11,1984.08
22:28:35,server_1,0.0
22:28:35,server_9,6.53
22:28:35,server_2,6884.17
22:28:35,server_3,24.56
22:28:35,server_4,81.32
22:28:35,server_10,78.71
22:28:35,server_6,0.0
22:28:35,server_7,0.0
22:28:35,server_8,178.12
22:28:35,server_5,1577.83
22:28:40,server_20,110.52
22:28:40,server_19,79.25
22:28:40,server_18,1429.74
22:28:40,server_17,0.0
22:28:40,server_16,135.27
22:28:40,server_15,78.92
22:28:40,server_14,144.03
22:28:40,server_12,1629.14
22:28:40,server_11,128.29
22:28:40,server_13,4500.29
22:28:40,server_9,0.0
22:28:40,server_10,7284.57
22:28:40,server_2,804.19
22:28:40,server_3,59.74
22:28:40,server_4,58.55
22:28:40,server_1,5069.89
22:28:40,server_6,96.55
22:28:40,server_7,0.0
22:28:40,server_8,8756.14
22:28:40,server_5,1227.29
22:28:45,server_12,9226.32
22:28:45,server_20,77.52
22:28:45,server_19,6437.41
22:28:45,server_18,63.02
22:28:45,server_17,32.96
22:28:45,server_16,100.85
22:28:45,server_15,0.0
22:28:45,server_14,41.38
22:28:45,server_13,83.8
22:28:45,server_11,1677.24
22:28:45,server_3,46.12
22:28:45,server_9,65.32
22:28:45,server_8,56.07
22:28:45,server_7,67.51
22:28:45,server_6,37.19
22:28:45,server_5,64.89
22:28:45,server_4,55.17
22:28:45,server_2,124.54
22:28:45,server_1,75.74
22:28:45,server_10,7839.06
22:28:50,server_13,44.92
22:28:50,server_14,19.41
22:28:50,server_15,125.98
22:28:50,server_16,51.81
22:28:50,server_20,89.71
22:28:50,server_18,92.13
22:28:50,server_19,0.0
22:28:50,server_12,31.63
22:28:50,server_17,15.85
22:28:50,server_11,58.73
22:28:50,server_3,117.56
22:28:50,server_9,0.0
22:28:50,server_1,3429.74
22:28:50,server_2,4202.2
22:28:50,server_4,0.0
22:28:50,server_10,17.72
22:28:50,server_6,139.72
22:28:50,server_7,100.43
22:28:50,server_8,825.06
22:28:50,server_5,9887.99
22:28:55,server_20,81.73
22:28:55,server_11,10.07
22:28:55,server_18,22.3
22:28:55,server_17,46.12
22:28:55,server_16,98.12
22:28:55,server_15,79.49
22:28:55,server_14,26.03
22:28:55,server_13,68.25
22:28:55,server_12,81.61
22:28:55,server_19,67.12
22:28:55,server_10,94.54
22:28:55,server_8,85.33
22:28:55,server_7,129.74
22:28:55,server_6,0.0
22:28:55,server_5,9966.69
22:28:55,server_4,147.03
22:28:55,server_3,3917.18
22:28:55,server_2,25.0
22:28:55,server_1,100.03
22:28:55,server_9,7.85
22:29:00,server_13,138.3
22:29:00,server_14,154.71
22:29:00,server_15,1966.86
22:29:00,server_12,1321.73
22:29:00,server_17,62.93
22:29:00,server_18,1736.73
22:29:00,server_19,26.53
22:29:00,server_16,3009.5
22:29:00,server_11,105.18
22:29:00,server_20,593.64
22:29:00,server_9,803.19
22:29:00,server_1,111.37
22:29:00,server_2,190.12
22:29:00,server_3,40.84
22:29:00,server_4,36.94
22:29:00,server_10,0.0
22:29:00,server_6,55.1
22:29:00,server_7,125.58
22:29:00,server_8,59.99
22:29:00,server_5,34.49
22:29:05,server_12,168.63
22:29:05,server_20,61.23
22:29:05,server_19,184.2
22:29:05,server_18,0.0
22:29:05,server_17,65.44
22:29:05,server_16,43.31
22:29:05,server_15,25.98
22:29:05,server_14,0.0
22:29:05,server_13,36.48
22:29:05,server_11,934.23
22:29:05,server_3,1571.45
22:29:05,server_9,1166.95
22:29:05,server_8,63.0
22:29:05,server_7,50.97
22:29:05,server_6,0.0
22:29:05,server_5,169.58
22:29:05,server_4,70.63
22:29:05,server_10,82.75
22:29:05,server_2,68.6
22:29:05,server_1,19.97
22:29:10,server_13,131.82
22:29:10,server_14,106.52
22:29:10,server_15,97.74
22:29:10,server_16,57.89
22:29:10,server_20,104.61
22:29:10,server_18,167.03
22:29:10,server_19,15.37
22:29:10,server_12,90.86
22:29:10,server_17,130.68
22:29:10,server_11,36.06
22:29:10,server_10,26.93
22:29:10,server_9,0.0
22:29:10,server_2,0.0
22:29:10,server_3,25.89
22:29:10,server_4,1097.14
22:29:10,server_1,40.3
22:29:10,server_6,9934.97
22:29:10,server_7,21.48
22:29:10,server_8,48.81
22:29:10,server_5,20.99
22:29:15,server_12,25.44
22:29:15,server_19,9818.65
22:29:15,server_18,0.0
22:29:15,server_17,46.19
22:29:15,server_16,30.82
22:29:15,server_15,0.0
22:29:15,server_14,36.36
22:29:15,server_13,83.85
22:29:15,server_11,88.03
22:29:15,server_20,8258.28
22:29:15,server_9,153.18
22:29:15,server_1,74.2
22:29:15,server_2,5110.15
22:29:15,server_3,10.43
22:29:15,server_4,25.45
22:29:15,server_10,146.63
22:29:15,server_6,54.61
22:29:15,server_7,71.34
22:29:15,server_8,0.0
22:29:15,server_5,0.0
22:29:20,server_19,107.98
22:29:20,server_18,5544.27
22:29:20,server_17,44.08
22:29:20,server_16,8159.01
22:29:20,server_15,17.35
22:29:20,server_14,1612.2
22:29:20,server_13,0.0
22:29:20,server_12,0.0
22:29:20,server_11,78.65
22:29:20,server_20,1624.43
22:29:20,server_9,96.67
22:29:20,server_1,723.31
22:29:20,server_2,4014.85
22:29:20,server_3,135.09
22:29:20,server_4,7637.68
22:29:20,server_10,84.41
22:29:20,server_6,97.17
22:29:20,server_7,110.26
22:29:20,server_8,49.77
22:29:20,server_5,0.0
22:29:25,server_11,191.03
22:29:25,server_19,0.83
22:29:25,server_18,712.06
22:29:25,server_17,93.02
22:29:25,server_16,147.02
22:29:25,server_15,7.24
22:29:25,server_14,0.0
22:29:25,server_13,62.11
22:29:25,server_12,0.0
22:29:25,server_20,32.73
22:29:25,server_10,50.35
22:29:25,server_8,64.63
22:29:25,server_9,86.08
22:29:25,server_1,0.0
22:29:25,server_2,13.77
22:29:25,server_3,101.88
22:29:25,server_5,85.07
22:29:25,server_6,96.64
22:29:25,server_7,134.16
22:29:25,server_4,35.17
22:29:30,server_20,61.73
22:29:30,server_19,117.9
22:29:30,server_18,29.0
22:29:30,server_17,1284.33
22:29:30,server_16,0.0
22:29:30,server_15,82.01
22:29:30,server_14,65.73
22:29:30,server_13,106.6
22:29:30,server_12,1907.69
22:29:30,server_11,103.27
22:29:30,server_9,6711.08
22:29:30,server_1,8.12
22:29:30,server_2,19.12
22:29:30,server_3,113.69
22:29:30,server_4,151.93
22:29:30,server_10,0.0
22:29:30,server_6,129.44
22:29:30,server_7,112.35
22:29:30,server_8,27.11
22:29:30,server_5,88.24
22:29:35,server_12,7540.05
22:29:35,server_20,143.32
22:29:35,server_19,105.78
22:29:35,server_18,49.05
22:29:35,server_17,61.94
22:29:35,server_16,1395.9
22:29:35,server_15,7225.32
22:29:35,server_14,4533.56
22:29:35,server_13,0.0
22:29:35,server_11,27.69
22:29:35,server_10,0.0
22:29:35,server_9,153.89
22:29:35,server_2,119.15
22:29:35,server_3,98.99
22:29:35,server_4,0.0
22:29:35,server_1,47.32
22:29:35,server_6,96.46
22:29:35,server_7,53.68
22:29:35,server_8,77.92
22:29:35,server_5,119.41
22:29:40,server_12,47.06
22:29:40,server_19,120.12
22:29:40,server_18,180.49
22:29:40,server_17,73.2
22:29:40,server_16,118.03
22:29:40,server_15,49.91
22:29:40,server_14,37.01
22:29:40,server_13,90.65
22:29:40,server_11,14.18
22:29:40,server_20,72.04
22:29:40,server_9,145.59
22:29:40,server_1,26.91
22:29:40,server_2,118.06
22:29:40,server_3,34.14
22:29:40,server_4,47.13
22:29:40,server_10,1210.26
22:29:40,server_6,82.6
22:29:40,server_7,41.89
22:29:40,server_8,96.41
22:29:40,server_5,36.92
22:29:45,server_12,19.47
22:29:45,server_19,137.82
22:29:45,server_18,796.4
22:29:45,server_17,0.0
22:29:45,server_16,92.26
22:29:45,server_15,147.12
22:29:45,server_14,22.22
22:29:45,server_13,51.43
22:29:45,server_11,0.0
22:29:45,server_20,60.26
22:29:45,server_9,880.35
22:29:45,server_1,110.21
22:29:45,server_2,7.86
22:29:45,server_3,155.97
22:29:45,server_4,33.01
22:29:45,server_10,3691.77
22:29:45,server_6,0.0
22:29:45,server_7,13.86
22:29:45,server_8,1656.41
22:29:45,server_5,0.29
22:29:50,server_11,1894.97
22:29:50,server_19,1114.44
22:29:50,server_18,0.0
22:29:50,server_17,0.0
22:29:50,server_16,75.21
22:29:50,server_15,66.65
22:29:50,server_14,87.52
22:29:50,server_13,112.44
22:29:50,server_12,19.18
22:29:50,server_20,90.22
22:29:50,server_10,48.31
22:29:50,server_8,112.01
22:29:50,server_7,4637.78
22:29:50,server_6,115.52
22:29:50,server_5,47.36
22:29:50,server_4,72.99
22:29:50,server_3,3.7
22:29:50,server_2,0.0
22:29:50,server_1,180.45
22:29:50,server_9,124.93
22:29:55,server_13,46.92
22:29:55,server_14,23.42
22:29:55,server_15,83.71
22:29:55,server_12,85.62
22:29:55,server_17,99.92
22:29:55,server_18,67.85
22:29:55,server_19,61.52
22:29:55,server_16,115.71
22:29:55,server_11,42.82
22:29:55,server_20,29.86
22:29:55,server_9,26.37
22:29:55,server_1,8496.37
22:29:55,server_2,8.49
22:29:55,server_3,4.27
22:29:55,server_4,16.01
22:29:55,server_10,5047.72
22:29:55,server_6,197.93
22:29:55,server_7,86.34
22:29:55,server_8,41.46
22:29:55,server_5,70.09
22:30:00,server_19,167.94
22:30:00,server_18,122.64
22:30:00,server_17,5771.08
22:30:00,server_16,1581.76
22:30:00,server_15,901.51
22:30:00,server_14,97.89
22:30:00,server_13,27.42
22:30:00,server_12,84.05
22:30:00,server_11,1834.65
22:30:00,server_20,123.52
22:30:00,server_9,56.85
22:30:00,server_1,131.68
22:30:00,server_2,4582.96
22:30:00,server_3,1285.97
22:30:00,server_4,126.35
22:30:00,server_10,113.87
22:30:00,server_6,3300.03
22:30:00,server_7,111.16
22:30:00,server_8,127.46
22:30:00,server_5,56.06
22:30:05,server_11,54.4
22:30:05,server_19,118.0
22:30:05,server_18,0.0
22:30:05,server_17,27.51
22:30:05,server_16,23.47
22:30:05,server_15,112.08
22:30:05,server_14,114.39
22:30:05,server_13,64.95
22:30:05,server_12,119.93
22:30:05,server_20,63.54
22:30:05,server_10,51.94
22:30:05,server_8,605.46
22:30:05,server_9,43.2
22:30:05,server_1,88.82
22:30:05,server_2,66.79
22:30:05,server_3,0.0
22:30:05,server_5,70.25
22:30:05,server_6,1696.9
22:30:05,server_7,97.36
22:30:05,server_4,141.44
22:30:10,server_20,60.17
22:30:10,server_11,110.1
22:30:10,server_18,30.48
22:30:10,server_17,91.91
22:30:10,server_16,40.22
22:30:10,server_15,86.97
22:30:10,server_14,117.97
22:30:10,server_13,134.48
22:30:10,server_12,848.24
22:30:10,server_19,63.67
22:30:10,server_10,32.36
22:30:10,server_8,79.85
22:30:10,server_1,162.97
22:30:10,server_2,0.0
22:30:10,server_3,53.33
22:30:10,server_9,1451.35
22:30:10,server_5,163.65
22:30:10,server_6,58.81
22:30:10,server_7,135.16
22:30:10,server_4,87.05
22:30:15,server_13,126.66
22:30:15,server_20,974.91
22:30:15,server_19,73.49
22:30:15,server_18,153.51
22:30:15,server_17,118.44
22:30:15,server_16,6.37
22:30:15,server_15,60.74
22:30:15,server_14,82.16
22:30:15,server_12,26.82
22:30:15,server_11,7878.04
22:30:15,server_1,41.05
22:30:15,server_9,879.97
22:30:15,server_8,890.27
22:30:15,server_7,6004.79
22:30:15,server_6,103.77
22:30:15,server_5,73.97
22:30:15,server_4,100.29
22:30:15,server_3,81.06
22:30:15,server_2,59.75
22:30:15,server_10,95.83
22:30:20,server_13,25.55
22:30:20,server_14,1030.1
22:30:20,server_15,155.4
22:30:20,server_16,84.03
22:30:20,server_12,3714.33
22:30:20,server_18,28.9
22:30:20,server_19,45.48
22:30:20,server_20,56.84
22:30:20,server_17,19.42
22:30:20,server_11,1992.2
22:30:20,server_1,40.88
22:30:20,server_9,1372.62
22:30:20,server_8,192.72
22:30:20,server_7,42.35
22:30:20,server_6,160.96
22:30:20,server_5,112.39
22:30:20,server_4,63.54
22:30:20,server_3,75.89
22:30:20,server_2,130.04
22:30:20,server_10,518.97
22:30:25,server_13,27.01
22:30:25,server_14,848.77
22:30:25,server_15,0.0
22:30:25,server_16,4405.11
22:30:25,server_20,9795.66
22:30:25,server_18,51.23
22:30:25,server_19,132.79
22:30:25,server_12,8056.87
22:30:25,server_17,71.74
22:30:25,server_11,4529.84
22:30:25,server_10,0.0
22:30:25,server_9,92.1
22:30:25,server_2,78.78
22:30:25,server_3,0.0
22:30:25,server_4,134.65
22:30:25,server_1,0.0
22:30:25,server_6,18.22
22:30:25,server_7,1725.19
22:30:25,server_8,138.16
22:30:25,server_5,90.85
22:30:30,server_13,524.75
22:30:30,server_20,8396.19
22:30:30,server_19,0.0
22:30:30,server_18,146.24
22:30:30,server_17,1414.9
22:30:30,server_16,86.11
22:30:30,server_15,7845.24
22:30:30,server_14,83.29
22:30:30,server_12,119.82
22:30:30,server_11,5383.52
22:30:30,server_1,21.14
22:30:30,server_9,60.06
22:30:30,server_8,70.2
22:30:30,server_7,65.48
22:30:30,server_6,47.06
22:30:30,server_5,5235.94
22:30:30,server_4,72.42
22:30:30,server_3,88.42
22:30:30,server_2,95.68
22:30:30,server_10,85.2
22:30:35,server_13,50.42
22:30:35,server_14,1419.76
22:30:35,server_15,89.46
22:30:35,server_16,58.06
22:30:35,server_12,83.29
22:30:35,server_18,1372.08
22:30:35,server_19,14.53
22:30:35,server_20,56.54
22:30:35,server_17,95.77
22:30:35,server_11,1307.55
22:30:35,server_1,812.68
22:30:35,server_9,1512.74
22:30:35,server_8,76.31
22:30:35,server_7,14.11
22:30:35,server_6,0.0
22:30:35,server_5,67.18
22:30:35,server_4,0.0
22:30:35,server_3,88.44
22:30:35,server_2,10.45
22:30:35,server_10,175.28
22:30:40,server_13,68.11
22:30:40,server_14,35.82
22:30:40,server_15,52.4
22:30:40,server_16,74.19
22:30:40,server_20,14.1
22:30:40,server_18,3.99
22:30:40,server_19,101.5
22:30:40,server_12,0.0
22:30:40,server_17,23.29
22:30:40,server_11,0.0
22:30:40,server_10,41.73
22:30:40,server_9,177.63
22:30:40,server_2,3929.55
22:30:40,server_3,0.0
22:30:40,server_4,7.25
22:30:40,server_1,0.0
22:30:40,server_6,17.39
22:30:40,server_7,53.38
22:30:40,server_8,152.71
22:30:40,server_5,25.81
22:30:45,server_12,10.73
22:30:45,server_19,8426.62
22:30:45,server_18,91.87
22:30:45,server_17,47.82
22:30:45,server_16,56.41
22:30:45,server_15,38.02
22:30:45,server_14,3599.08
22:30:45,server_13,8194.49
22:30:45,server_11,6100.89
22:30:45,server_20,61.0
22:30:45,server_9,0.0
22:30:45,server_1,4360.58
22:30:45,server_2,66.05
22:30:45,server_3,24.53
22:30:45,server_4,157.6
22:30:45,server_10,116.93
22:30:45,server_6,120.25
22:30:45,server_7,63.33
22:30:45,server_8,141.1
22:30:45,server_5,91.16
22:30:50,server_11,6397.01
22:30:50,server_19,118.94
22:30:50,server_18,0.0
22:30:50,server_17,44.29
22:30:50,server_16,153.38
22:30:50,server_15,144.47
22:30:50,server_14,46.16
22:30:50,server_13,0.0
22:30:50,server_12,108.81
22:30:50,server_20,35.34
22:30:50,server_10,172.62
22:30:50,server_8,779.0
22:30:50,server_7,11.32
22:30:50,server_6,10.95
22:30:50,server_5,0.0
22:30:50,server_4,126.52
22:30:50,server_3,82.1
22:30:50,server_2,758.18
22:30:50,server_1,0.0
22:30:50,server_9,30.0
22:30:55,server_14,58.37
22:30:55,server_15,6119.66
22:30:55,server_16,112.28
22:30:55,server_13,73.09
22:30:55,server_18,6318.66
22:30:55,server_19,36.87
22:30:55,server_20,810.17
22:30:55,server_17,15.48
22:30:55,server_12,23.4
22:30:55,server_11,0.0
22:30:55,server_10,36.13
22:30:55,server_2,36.82
22:30:55,server_3,71.5
22:30:55,server_4,55.56
22:30:55,server_5,3906.7
22:30:55,server_1,29.46
22:30:55,server_7,3721.64
22:30:55,server_8,1142.66
22:30:55,server_9,145.88
22:30:55,server_6,60.83
22:31:00,server_12,156.24
22:31:00,server_19,0.0
22:31:00,server_18,91.15
22:31:00,server_17,67.44
22:31:00,server_16,130.61
22:31:00,server_15,5528.38
22:31:00,server_14,136.08
22:31:00,server_13,587.8
22:31:00,server_11,14.9
22:31:00,server_20,29.15
22:31:00,server_9,196.72
22:31:00,server_1,56.47
22:31:00,server_2,154.51
22:31:00,server_3,7106.16
22:31:00,server_4,0.0
22:31:00,server_10,38.21
22:31:00,server_6,42.67
22:31:00,server_7,67.16
22:31:00,server_8,43.26
22:31:00,server_5,1199.29
22:31:05,server_11,36.85
22:31:05,server_19,6629.02
22:31:05,server_18,61.88
22:31:05,server_17,3.68
22:31:05,server_16,68.9
22:31:05,server_15,77.86
22:31:05,server_14,76.56
22:31:05,server_13,188.68
22:31:05,server_12,91.05
22:31:05,server_20,102.38
22:31:05,server_10,81.15
22:31:05,server_8,44.51
22:31:05,server_7,31.61
22:31:05,server_6,7073.16
22:31:05,server_5,16.57
22:31:05,server_4,1570.0
22:31:05,server_3,76.75
22:31:05,server_2,45.27
22:31:05,server_1,0.97
22:31:05,server_9,80.54
22:31:10,server_13,53.55
22:31:10,server_14,5.17
22:31:10,server_15,21.01
22:31:10,server_16,5.3
22:31:10,server_20,3299.12
22:31:10,server_18,1876.92
22:31:10,server_19,90.1
22:31:10,server_12,105.34
22:31:10,server_17,0.0
22:31:10,server_10,24.11
22:31:10,server_7,723.46
22:31:10,server_9,35.41
22:31:10,server_11,32.17
22:31:10,server_2,577.5
22:31:10,server_3,97.41
22:31:10,server_4,0.0
22:31:10,server_1,74.76
22:31:10,server_6,3.45
22:31:10,server_8,163.9
22:31:10,server_5,657.03
22:31:15,server_20,32.17
22:31:15,server_12,138.14
22:31:15,server_19,63.93
22:31:15,server_17,0.0
22:31:15,server_16,78.73
22:31:15,server_15,88.51
22:31:15,server_14,58.6
22:31:15,server_13,0.0
22:31:15,server_11,5361.76
22:31:15,server_18,156.2
22:31:15,server_9,44.07
22:31:15,server_8,0.0
22:31:15,server_7,62.62
22:31:15,server_6,1975.23
22:31:15,server_5,84.15
22:31:15,server_4,21.71
22:31:15,server_3,26.91
22:31:15,server_2,677.4
22:31:15,server_1,978.85
22:31:15,server_10,140.2
22:31:20,server_13,91.86
22:31:20,server_14,60.56
22:31:20,server_15,1449.88
22:31:20,server_20,139.9
22:31:20,server_17,50.12
22:31:20,server_18,98.2
22:31:20,server_19,4.7
22:31:20,server_12,11.06
22:31:20,server_16,4972.41
22:31:20,server_11,9247.82
22:31:20,server_7,110.56
22:31:20,server_9,29.67
22:31:20,server_8,92.23
22:31:20,server_6,53.49
22:31:20,server_5,66.4
22:31:20,server_4,16.28
22:31:20,server_3,57.04
22:31:20,server_2,33.12
22:31:20,server_1,42.49
22:31:20,server_10,105.98
22:31:25,server_15,49.54
22:31:25,server_13,100.39
22:31:25,server_14,169.82
22:31:25,server_16,7.37
22:31:25,server_12,0.0
22:31:25,server_18,186.89
22:31:25,server_19,658.86
22:31:25,server_20,176.69
22:31:25,server_17,983.95
22:31:25,server_11,5794.96
22:31:25,server_1,196.5
22:31:25,server_9,51.38
22:31:25,server_2,70.19
22:31:25,server_3,59.04
22:31:25,server_4,55.61
22:31:25,server_10,130.39
22:31:25,server_6,9295.85
22:31:25,server_7,42.22
22:31:25,server_8,7306.85
22:31:25,server_5,109.47
22:31:30,server_12,41.92
22:31:30,server_19,122.1
22:31:30,server_18,57.71
22:31:30,server_17,17.69
22:31:30,server_16,1766.59
22:31:30,server_15,19.67
22:31:30,server_14,670.85
22:31:30,server_13,100.04
22:31:30,server_11,92.73
22:31:30,server_20,59.74
22:31:30,server_9,128.23
22:31:30,server_1,52.6
22:31:30,server_2,7461.52
22:31:30,server_3,17.48
22:31:30,server_4,104.88
22:31:30,server_10,61.61
22:31:30,server_6,48.62
22:31:30,server_7,60.44
22:31:30,server_8,152.12
22:31:30,server_5,566.08
22:31:35,server_11,55.07
22:31:35,server_19,511.83
22:31:35,server_18,15.34
22:31:35,server_17,5.78
22:31:35,server_16,143.28
22:31:35,server_15,3976.96
22:31:35,server_14,1404.14
22:31:35,server_13,69.89
22:31:35,server_12,69.91
22:31:35,server_20,1356.57
22:31:35,server_10,91.14
22:31:35,server_8,1946.72
22:31:35,server_7,70.05
22:31:35,server_6,133.23
22:31:35,server_5,101.9
22:31:35,server_4,1626.29
22:31:35,server_3,61.92
22:31:35,server_2,13.79
22:31:35,server_1,2.19
22:31:35,server_9,39.23
22:31:40,server_14,67.44
22:31:40,server_15,50.0
22:31:40,server_16,93.5
22:31:40,server_13,28.46
22:31:40,server_18,50.1
22:31:40,server_19,64.64
22:31:40,server_20,9832.06
22:31:40,server_17,116.62
22:31:40,server_12,73.2
22:31:40,server_11,52.05
22:31:40,server_1,982.94
22:31:40,server_9,1724.09
22:31:40,server_8,94.63
22:31:40,server_7,69.69
22:31:40,server_6,109.76
22:31:40,server_5,8.22
22:31:40,server_4,97.14
22:31:40,server_3,11.48
22:31:40,server_2,534.56
22:31:40,server_10,32.83
22:31:45,server_13,71.89
22:31:45,server_14,0.0
22:31:45,server_15,1373.58
22:31:45,server_20,39.33
22:31:45,server_18,958.6
22:31:45,server_19,0.0
22:31:45,server_12,7.47
22:31:45,server_16,36.39
22:31:45,server_11,102.37
22:31:45,server_17,71.28
22:31:45,server_9,117.65
22:31:45,server_10,1282.5
22:31:45,server_2,45.44
22:31:45,server_3,52.12
22:31:45,server_4,12.14
22:31:45,server_1,9482.24
22:31:45,server_6,111.57
22:31:45,server_7,3655.71
22:31:45,server_8,1164.02
22:31:45,server_5,1129.17
22:31:50,server_20,40.7
22:31:50,server_12,0.0
22:31:50,server_19,50.84
22:31:50,server_18,1476.85
22:31:50,server_17,91.34
22:31:50,server_16,1098.11
22:31:50,server_15,38.57
22:31:50,server_14,0.51
22:31:50,server_13,52.32
22:31:50,server_11,0.0
22:31:50,server_7,15.06
22:31:50,server_9,14.51
22:31:50,server_8,1772.77
22:31:50,server_6,538.59
22:31:50,server_5,160.44
22:31:50,server_4,3.5
22:31:50,server_3,19.01
22:31:50,server_2,62.39
22:31:50,server_1,83.62
22:31:50,server_10,88.51
22:31:55,server_15,1010.82
22:31:55,server_13,0.0
22:31:55,server_14,0.0
22:31:55,server_16,4905.22
22:31:55,server_12,0.0
22:31:55,server_18,48.04
22:31:55,server_19,35.26
22:31:55,server_20,28.85
22:31:55,server_17,615.12
22:31:55,server_11,83.12
22:31:55,server_1,1155.7
22:31:55,server_9,4863.79
22:31:55,server_2,1883.33
22:31:55,server_3,6.57
22:31:55,server_4,17.07
22:31:55,server_10,57.18
22:31:55,server_6,147.99
22:31:55,server_7,9209.08
22:31:55,server_8,3615.59
22:31:55,server_5,42.37
22:32:00,server_13,6.79
22:32:00,server_20,165.46
22:32:00,server_19,173.63
22:32:00,server_18,28.09
22:32:00,server_17,62.35
22:32:00,server_16,60.9
22:32:00,server_15,0.0
22:32:00,server_14,92.09
22:32:00,server_12,0.0
22:32:00,server_11,36.15
22:32:00,server_1,143.19
22:32:00,server_9,69.52
22:32:00,server_8,116.89
22:32:00,server_7,33.15
22:32:00,server_6,66.42
22:32:00,server_5,39.74
22:32:00,server_4,70.27
22:32:00,server_3,128.22
22:32:00,server_2,1286.27
22:32:00,server_10,4574.29
22:32:05,server_13,34.21
22:32:05,server_14,0.0
22:32:05,server_15,72.44
22:32:05,server_16,128.69
22:32:05,server_12,94.25
22:32:05,server_18,3.49
22:32:05,server_19,5734.96
22:32:05,server_20,1777.29
22:32:05,server_17,77.51
22:32:05,server_11,0.0
22:32:05,server_1,16.39
22:32:05,server_9,66.28
22:32:05,server_8,6.38
22:32:05,server_7,73.37
22:32:05,server_6,15.34
22:32:05,server_5,95.88
22:32:05,server_4,59.5
22:32:05,server_3,1404.06
22:32:05,server_2,0.0
22:32:05,server_10,4731.43
22:32:10,server_13,59.79
22:32:10,server_14,81.84
22:32:10,server_15,129.14
22:32:10,server_16,40.08
22:32:10,server_20,56.49
22:32:10,server_18,0.0
22:32:10,server_19,42.32
22:32:10,server_12,0.53
22:32:10,server_17,85.45
22:32:10,server_11,12.97
22:32:10,server_1,75.65
22:32:10,server_9,55.6
22:32:10,server_2,1431.61
22:32:10,server_3,124.64
22:32:10,server_4,86.31
22:32:10,server_10,152.44
22:32:10,server_6,165.5
22:32:10,server_7,146.15
22:32:10,server_8,150.61
22:32:10,server_5,84.34
22:32:15,server_12,51.08
22:32:15,server_19,121.49
22:32:15,server_18,635.64
22:32:15,server_17,95.6
22:32:15,server_16,9.33
22:32:15,server_15,3377.04
22:32:15,server_14,56.81
22:32:15,server_13,53.52
22:32:15,server_20,28.43
22:32:15,server_11,127.47
22:32:15,server_9,7.81
22:32:15,server_8,110.36
22:32:15,server_7,51.4
22:32:15,server_6,5.85
22:32:15,server_5,76.37
22:32:15,server_4,91.51
22:32:15,server_3,99.06
22:32:15,server_2,636.54
22:32:15,server_1,65.94
22:32:15,server_10,125.0
22:32:20,server_13,0.0
22:32:20,server_14,43.22
22:32:20,server_15,98.55
22:32:20,server_16,133.26
22:32:20,server_12,0.0
22:32:20,server_18,99.13
22:32:20,server_19,75.54
22:32:20,server_20,127.66
22:32:20,server_17,1446.41
22:32:20,server_11,82.09
22:32:20,server_1,75.64
22:32:20,server_9,15.73
22:32:20,server_2,46.71
22:32:20,server_3,7.18
22:32:20,server_4,151.19
22:32:20,server_10,46.35
22:32:20,server_6,33.1
22:32:20,server_7,117.56
22:32:20,server_8,146.45
22:32:20,server_5,48.99
22:32:25,server_20,210.97
22:32:25,server_19,0.0
22:32:25,server_18,89.59
22:32:25,server_17,46.63
22:32:25,server_16,6020.64
22:32:25,server_15,0.39
22:32:25,server_14,1440.87
22:32:25,server_12,20.0
22:32:25,server_11,64.88
22:32:25,server_13,133.16
22:32:25,server_9,115.54
22:32:25,server_10,7929.82
22:32:25,server_2,160.3
22:32:25,server_3,52.11
22:32:25,server_4,0.0
22:32:25,server_1,55.31
22:32:25,server_6,1270.23
22:32:25,server_7,79.2
22:32:25,server_8,10.86
22:32:25,server_5,160.19
22:32:30,server_12,47.62
22:32:30,server_20,1277.88
22:32:30,server_19,14.34
22:32:30,server_18,115.98
22:32:30,server_17,23.53
22:32:30,server_16,70.98
22:32:30,server_15,51.77
22:32:30,server_14,94.3
22:32:30,server_13,115.24
22:32:30,server_11,0.0
22:32:30,server_3,40.3
22:32:30,server_9,0.94
22:32:30,server_8,7998.69
22:32:30,server_7,21.03
22:32:30,server_6,80.45
22:32:30,server_5,1220.93
22:32:30,server_4,47.0
22:32:30,server_2,70.06
22:32:30,server_1,7711.87
22:32:30,server_10,0.24
22:32:35,server_13,79.4
22:32:35,server_14,189.2
22:32:35,server_15,30.41
22:32:35,server_16,63.03
22:32:35,server_20,9.18
22:32:35,server_18,83.47
22:32:35,server_19,930.28
22:32:35,server_12,33.13
22:32:35,server_17,10.37
22:32:35,server_11,52.33
22:32:35,server_3,114.45
22:32:35,server_9,1611.59
22:32:35,server_1,93.85
22:32:35,server_2,79.58
22:32:35,server_4,179.61
22:32:35,server_10,64.37
22:32:35,server_6,20.72
22:32:35,server_7,19.32
22:32:35,server_8,69.29
22:32:35,server_5,7.0
22:32:40,server_20,0.42
22:32:40,server_11,50.41
22:32:40,server_18,1564.57
22:32:40,server_17,42.51
22:32:40,server_16,27.72
22:32:40,server_15,90.32
22:32:40,server_14,195.51
22:32:40,server_13,121.47
22:32:40,server_12,182.07
22:32:40,server_19,6199.56
22:32:40,server_10,78.41
22:32:40,server_8,7795.81
22:32:40,server_7,123.63
22:32:40,server_6,1896.36
22:32:40,server_5,30.53
22:32:40,server_4,129.07
22:32:40,server_3,7834.55
22:32:40,server_2,879.65
22:32:40,server_1,53.47
22:32:40,server_9,12.42
22:32:45,server_13,110.35
22:32:45,server_14,71.58
22:32:45,server_15,3882.53
22:32:45,server_12,33.78
22:32:45,server_17,17.02
22:32:45,server_18,119.53
22:32:45,server_19,35.06
22:32:45,server_16,0.0
22:32:45,server_11,10.61
22:32:45,server_20,1011.07
22:32:45,server_9,65.98
22:32:45,server_1,3052.97
22:32:45,server_2,96.57
22:32:45,server_3,0.0
22:32:45,server_4,39.09
22:32:45,server_10,80.07
22:32:45,server_6,43.38
22:32:45,server_7,17.92
22:32:45,server_8,1489.52
22:32:45,server_5,84.69
22:32:50,server_12,60.84
22:32:50,server_20,974.74
22:32:50,server_19,0.0
22:32:50,server_18,1204.07
22:32:50,server_17,127.54
22:32:50,server_16,83.27
22:32:50,server_15,107.4
22:32:50,server_14,121.71
22:32:50,server_13,7599.97
22:32:50,server_11,0.0
22:32:50,server_3,0.0
22:32:50,server_9,1681.77
22:32:50,server_8,79.87
22:32:50,server_7,61.69
22:32:50,server_6,78.72
22:32:50,server_5,806.45
22:32:50,server_4,6041.52
22:32:50,server_10,128.0
22:32:50,server_2,106.05
22:32:50,server_1,0.0
22:32:55,server_13,0.0
22:32:55,server_14,9083.15
22:32:55,server_15,147.72
22:32:55,server_16,76.38
22:32:55,server_20,0.0
22:32:55,server_18,0.0
22:32:55,server_19,140.42
22:32:55,server_12,0.0
22:32:55,server_17,32.97
22:32:55,server_11,9504.08
22:32:55,server_10,41.46
22:32:55,server_9,172.19
22:32:55,server_2,0.0
22:32:55,server_3,89.69
22:32:55,server_4,9900.52
22:32:55,server_1,7069.19
22:32:55,server_6,7159.99
22:32:55,server_7,71.88
22:32:55,server_8,8962.58
22:32:55,server_5,0.0
22:33:00,server_12,80.93
22:33:00,server_19,22.3
22:33:00,server_18,35.88
22:33:00,server_17,39.16
22:33:00,server_16,41.03
22:33:00,server_15,111.63
22:33:00,server_14,33.77
22:33:00,server_13,125.25
22:33:00,server_11,6751.81
22:33:00,server_20,7.96
22:33:00,server_9,132.22
22:33:00,server_1,17.04
22:33:00,server_2,53.62
22:33:00,server_3,45.46
22:33:00,server_4,74.54
22:33:00,server_10,0.0
22:33:00,server_6,36.83
22:33:00,server_7,0.0
22:33:00,server_8,0.0
22:33:00,server_5,77.42
22:33:05,server_19,1561.8
22:33:05,server_18,84.33
22:33:05,server_17,92.77
22:33:05,server_16,177.15
22:33:05,server_15,40.16
22:33:05,server_14,46.06
22:33:05,server_13,0.0
22:33:05,server_12,108.04
22:33:05,server_11,0.0
22:33:05,server_20,170.81
22:33:05,server_9,26.29
22:33:05,server_1,1710.56
22:33:05,server_2,12.34
22:33:05,server_3,84.72
22:33:05,server_4,114.41
22:33:05,server_10,50.95
22:33:05,server_6,113.62
22:33:05,server_7,5833.52
22:33:05,server_8,61.81
22:33:05,server_5,0.0
22:33:10,server_11,0.0
22:33:10,server_19,732.55
22:33:10,server_18,1447.22
22:33:10,server_17,77.72
22:33:10,server_16,169.79
22:33:10,server_15,0.0
22:33:10,server_14,131.19
22:33:10,server_13,642.94
22:33:10,server_12,0.03
22:33:10,server_20,53.38
22:33:10,server_10,34.17
22:33:10,server_8,40.63
22:33:10,server_9,23.25
22:33:10,server_1,98.5
22:33:10,server_2,89.76
22:33:10,server_3,738.08
22:33:10,server_5,116.08
22:33:10,server_6,144.96
22:33:10,server_7,4341.98
22:33:10,server_4,0.0
22:33:15,server_20,0.0
22:33:15,server_19,4345.65
22:33:15,server_18,56.72
22:33:15,server_17,1641.0
22:33:15,server_16,31.83
22:33:15,server_15,44.65
22:33:15,server_14,155.23
22:33:15,server_13,70.31
22:33:15,server_12,124.72
22:33:15,server_11,51.28
22:33:15,server_9,70.17
22:33:15,server_1,1070.73
22:33:15,server_2,2.12
22:33:15,server_3,0.0
22:33:15,server_4,47.74
22:33:15,server_10,682.62
22:33:15,server_6,9772.53
22:33:15,server_7,0.0
22:33:15,server_8,939.5
22:33:15,server_5,8648.91
22:33:20,server_12,27.57
22:33:20,server_20,50.59
22:33:20,server_19,4615.57
22:33:20,server_18,4354.52
22:33:20,server_17,5250.66
22:33:20,server_16,142.34
22:33:20,server_15,6.9
22:33:20,server_14,29.56
22:33:20,server_13,1816.89
22:33:20,server_11,137.89
22:33:20,server_10,6979.2
22:33:20,server_9,1239.66
22:33:20,server_2,71.02
22:33:20,server_3,74.05
22:33:20,server_4,66.9
22:33:20,server_1,39.29
22:33:20,server_6,0.0
22:33:20,server_7,23.75
22:33:20,server_8,168.78
22:33:20,server_5,80.11
22:33:25,server_12,852.14
22:33:25,server_19,18.74
22:33:25,server_18,87.87
22:33:25,server_17,0.0
22:33:25,server_16,95.52
22:33:25,server_15,183.82
22:33:25,server_14,161.37
22:33:25,server_13,3103.87
22:33:25,server_11,0.0
22:33:25,server_20,7.17
22:33:25,server_9,18.1
22:33:25,server_1,10.83
22:33:25,server_2,157.81
22:33:25,server_3,76.09
22:33:25,server_4,21.78
22:33:25,server_10,9.77
22:33:25,server_6,188.41
22:33:25,server_7,123.42
22:33:25,server_8,174.94
22:33:25,server_5,123.73
22:33:30,server_12,27.5
22:33:30,server_19,8079.01
22:33:30,server_18,85.29
22:33:30,server_17,145.34
22:33:30,server_16,98.25
22:33:30,server_15,89.91
22:33:30,server_14,86.4
22:33:30,server_13,41.74
22:33:30,server_11,27.05
22:33:30,server_20,0.0
22:33:30,server_9,126.89
22:33:30,server_1,31.87
22:33:30,server_2,1310.03
22:33:30,server_3,33.0
22:33:30,server_4,36.01
22:33:30,server_10,48.06
22:33:30,server_6,70.6
22:33:30,server_7,512.51
22:33:30,server_8,1153.3
22:33:30,server_5,85.01
22:33:35,server_11,88.24
22:33:35,server_19,57.89
22:33:35,server_18,125.32
22:33:35,server_17,18.73
22:33:35,server_16,0.0
22:33:35,server_15,7732.95
22:33:35,server_14,1372.9
22:33:35,server_13,3836.56
22:33:35,server_12,8136.09
22:33:35,server_20,109.81
22:33:35,server_10,9120.6
22:33:35,server_8,9751.63
22:33:35,server_7,9223.95
22:33:35,server_6,27.51
22:33:35,server_5,80.0
22:33:35,server_4,188.88
22:33:35,server_3,28.52
22:33:35,server_2,0.0
22:33:35,server_1,19.37
22:33:35,server_9,0.0
22:33:40,server_13,0.0
22:33:40,server_14,0.0
22:33:40,server_15,19.71
22:33:40,server_12,0.0
22:33:40,server_17,1759.79
22:33:40,server_18,47.9
22:33:40,server_19,9743.26
22:33:40,server_16,62.84
22:33:40,server_11,137.32
22:33:40,server_20,49.67
22:33:40,server_9,8.65
22:33:40,server_1,93.29
22:33:40,server_2,74.49
22:33:40,server_3,850.36
22:33:40,server_4,81.56
22:33:40,server_10,0.0
22:33:40,server_6,15.26
22:33:40,server_7,29.21
22:33:40,server_8,3335.92
22:33:40,server_5,84.03
22:33:45,server_19,0.0
22:33:45,server_18,152.35
22:33:45,server_17,101.27
22:33:45,server_16,5991.62
22:33:45,server_15,165.45
22:33:45,server_14,119.67
22:33:45,server_13,48.79
22:33:45,server_12,68.56
22:33:45,server_11,621.54
22:33:45,server_20,43.63
22:33:45,server_9,1319.39
22:33:45,server_1,73.22
22:33:45,server_2,6.17
22:33:45,server_3,5.8
22:33:45,server_4,8506.78
22:33:45,server_10,149.77
22:33:45,server_6,1473.26
22:33:45,server_7,112.13
22:33:45,server_8,0.0
22:33:45,server_5,115.91
22:33:50,server_11,72.87
22:33:50,server_19,98.94
22:33:50,server_18,0.0
22:33:50,server_17,129.14
22:33:50,server_16,20.72
22:33:50,server_15,160.93
22:33:50,server_14,0.0
22:33:50,server_13,54.63
22:33:50,server_12,56.88
22:33:50,server_20,108.19
22:33:50,server_10,930.13
22:33:50,server_8,114.25
22:33:50,server_9,0.0
22:33:50,server_1,72.49
22:33:50,server_2,150.55
22:33:50,server_3,86.81
22:33:50,server_5,121.93
22:33:50,server_6,31.82
22:33:50,server_7,0.0
22:33:50,server_4,75.59
22:33:55,server_20,24.61
22:33:55,server_11,1218.15
22:33:55,server_18,13.05
22:33:55,server_17,71.77
22:33:55,server_16,76.31
22:33:55,server_15,1698.69
22:33:55,server_14,0.0
22:33:55,server_13,0.0
22:33:55,server_12,104.42
22:33:55,server_19,73.93
22:33:55,server_10,21.14
22:33:55,server_8,64.65
22:33:55,server_1,61.24
22:33:55,server_2,88.26
22:33:55,server_3,95.12
22:33:55,server_9,82.01
22:33:55,server_5,27.17
22:33:55,server_6,4152.56
22:33:55,server_7,35.18
22:33:55,server_4,27.93
22:34:00,server_13,107.16
22:34:00,server_20,39.25
22:34:00,server_19,0.0
22:34:00,server_18,181.13
22:34:00,server_17,46.55
22:34:00,server_16,43.77
22:34:00,server_15,132.09
22:34:00,server_14,3984.81
22:34:00,server_12,193.13
22:34:00,server_11,77.88
22:34:00,server_1,117.22
22:34:00,server_9,927.09
22:34:00,server_8,133.44
22:34:00,server_7,126.74
22:34:00,server_6,57.99
22:34:00,server_5,9027.63
22:34:00,server_4,68.49
22:34:00,server_3,74.57
22:34:00,server_2,46.05
22:34:00,server_10,130.79
22:34:05,server_13,10.48
22:34:05,server_14,1050.18
22:34:05,server_15,6203.53
22:34:05,server_16,149.82
22:34:05,server_12,126.58
22:34:05,server_18,0.0
22:34:05,server_19,85.19
22:34:05,server_20,116.05
22:34:05,server_17,74.48
22:34:05,server_11,564.6
22:34:05,server_1,1901.85
22:34:05,server_9,73.12
22:34:05,server_8,105.62
22:34:05,server_7,73.92
22:34:05,server_6,110.65
22:34:05,server_5,126.69
22:34:05,server_4,9.45
22:34:05,server_3,7202.02
22:34:05,server_2,0.0
22:34:05,server_10,28.51
22:34:10,server_13,785.46
22:34:10,server_14,23.27
22:34:10,server_15,0.0
22:34:10,server_16,29.55
22:34:10,server_20,78.36
22:34:10,server_18,4.83
22:34:10,server_19,12.51
22:34:10,server_12,122.86
22:34:10,server_17,10.52
22:34:10,server_11,5032.12
22:34:10,server_10,63.58
22:34:10,server_9,52.19
22:34:10,server_2,0.0
22:34:10,server_3,86.76
22:34:10,server_4,192.49
22:34:10,server_1,65.3
22:34:10,server_6,122.24
22:34:10,server_7,51.46
22:34:10,server_8,179.01
22:34:10,server_5,25.68
22:34:15,server_12,75.07
22:34:15,server_19,30.12
22:34:15,server_18,76.81
22:34:15,server_17,91.16
22:34:15,server_16,46.17
22:34:15,server_15,4.43
22:34:15,server_14,12.72
22:34:15,server_13,34.08
22:34:15,server_11,1151.64
22:34:15,server_20,96.14
22:34:15,server_9,126.19
22:34:15,server_1,102.89
22:34:15,server_2,4887.73
22:34:15,server_3,13.27
22:34:15,server_4,110.73
22:34:15,server_10,96.67
22:34:15,server_6,89.6
22:34:15,server_7,47.01
22:34:15,server_8,1356.2
22:34:15,server_5,111.74
22:34:20,server_11,1565.06
22:34:20,server_19,1494.59
22:34:20,server_18,70.28
22:34:20,server_17,78.91
22:34:20,server_16,49.78
22:34:20,server_15,0.0
22:34:20,server_14,183.8
22:34:20,server_13,80.03
22:34:20,server_12,13.97
22:34:20,server_20,64.12
22:34:20,server_10,1267.62
22:34:20,server_8,3733.23
22:34:20,server_7,9324.32
22:34:20,server_6,12.25
22:34:20,server_5,98.33
22:34:20,server_4,47.89
22:34:20,server_3,31.52
22:34:20,server_2,45.41
22:34:20,server_1,75.77
22:34:20,server_9,70.07
22:34:25,server_14,96.17
22:34:25,server_15,3490.85
22:34:25,server_16,3325.56
22:34:25,server_13,82.82
22:34:25,server_18,6012.17
22:34:25,server_19,57.45
22:34:25,server_20,9720.21
22:34:25,server_17,0.0
22:34:25,server_12,29.62
22:34:25,server_11,0.0
22:34:25,server_1,43.72
22:34:25,server_9,188.63
22:34:25,server_8,9444.96
22:34:25,server_7,122.4
22:34:25,server_6,153.5
22:34:25,server_5,35.54
22:34:25,server_4,995.07
22:34:25,server_3,23.99
22:34:25,server_2,5455.83
22:34:25,server_10,42.04
22:34:30,server_13,110.98
22:34:30,server_14,120.32
22:34:30,server_15,780.56
22:34:30,server_20,701.49
22:34:30,server_18,15.3
22:34:30,server_19,195.51
22:34:30,server_12,60.06
22:34:30,server_16,0.0
22:34:30,server_11,93.46
22:34:30,server_17,65.14
22:34:30,server_9,43.83
22:34:30,server_10,5858.27
22:34:30,server_2,68.46
22:34:30,server_3,25.88
22:34:30,server_4,85.61
22:34:30,server_1,63.93
22:34:30,server_6,0.0
22:34:30,server_7,82.49
22:34:30,server_8,129.2
22:34:30,server_5,106.61
22:34:35,server_20,76.89
22:34:35,server_12,0.0
22:34:35,server_19,127.89
22:34:35,server_18,77.57
22:34:35,server_17,53.59
22:34:35,server_16,0.0
22:34:35,server_15,147.84
22:34:35,server_14,1335.72
22:34:35,server_13,1613.56
22:34:35,server_11,81.76
22:34:35,server_7,76.17
22:34:35,server_9,169.29
22:34:35,server_8,17.67
22:34:35,server_6,99.96
22:34:35,server_5,86.15
22:34:35,server_4,0.0
22:34:35,server_3,78.86
22:34:35,server_2,92.98
22:34:35,server_1,56.36
22:34:35,server_10,1215.49
22:34:40,server_15,52.52
22:34:40,server_13,0.0
22:34:40,server_14,91.04
22:34:40,server_16,88.74
22:34:40,server_12,60.48
22:34:40,server_18,111.63
22:34:40,server_19,196.44
22:34:40,server_20,56.14
22:34:40,server_17,36.6
22:34:40,server_11,68.69
22:34:40,server_1,7147.97
22:34:40,server_9,97.99
22:34:40,server_2,0.0
22:34:40,server_3,0.0
22:34:40,server_4,164.37
22:34:40,server_10,0.0
22:34:40,server_6,1275.8
22:34:40,server_7,59.11
22:34:40,server_8,199.94
22:34:40,server_5,1800.35
22:34:45,server_13,6.47
22:34:45,server_20,27.31
22:34:45,server_19,19.64
22:34:45,server_18,18.97
22:34:45,server_17,55.15
22:34:45,server_16,107.86
22:34:45,server_15,74.08
22:34:45,server_14,1711.38
22:34:45,server_12,7615.02
22:34:45,server_11,125.84
22:34:45,server_1,3626.79
22:34:45,server_9,58.09
22:34:45,server_8,1219.8
22:34:45,server_7,17.64
22:34:45,server_6,177.79
22:34:45,server_5,1561.12
22:34:45,server_4,79.98
22:34:45,server_3,25.99
22:34:45,server_2,0.0
22:34:45,server_10,0.0
22:34:50,server_13,1979.57
22:34:50,server_14,148.15
22:34:50,server_15,8.94
22:34:50,server_16,0.0
22:34:50,server_12,6706.66
22:34:50,server_18,1738.53
22:34:50,server_19,75.42
22:34:50,server_20,46.3
22:34:50,server_17,43.07
22:34:50,server_11,3020.79
22:34:50,server_1,64.7
22:34:50,server_9,112.86
22:34:50,server_8,1295.16
22:34:50,server_7,11.52
22:34:50,server_6,35.14
22:34:50,server_5,67.98
22:34:50,server_4,99.04
22:34:50,server_3,29.56
22:34:50,server_2,1768.98
22:34:50,server_10,64.5
22:34:55,server_13,86.24
22:34:55,server_14,0.0
22:34:55,server_15,0.0
22:34:55,server_16,90.77
22:34:55,server_20,126.6
22:34:55,server_18,142.38
22:34:55,server_19,1812.48
22:34:55,server_12,0.0
22:34:55,server_17,35.03
22:34:55,server_11,155.29
22:34:55,server_1,10.43
22:34:55,server_9,42.14
22:34:55,server_2,33.86
22:34:55,server_3,3295.32
22:34:55,server_4,45.37
22:34:55,server_10,63.3
22:34:55,server_6,69.71
22:34:55,server_7,109.99
22:34:55,server_8,6.37
22:34:55,server_5,47.65
22:35:00,server_12,41.39
22:35:00,server_19,9757.07
22:35:00,server_18,8522.47
22:35:00,server_17,49.74
22:35:00,server_16,884.0
22:35:00,server_15,62.67
22:35:00,server_14,112.31
22:35:00,server_13,40.72
22:35:00,server_20,82.03
22:35:00,server_11,42.72
22:35:00,server_9,56.48
22:35:00,server_8,0.0
22:35:00,server_7,76.39
22:35:00,server_6,0.0
22:35:00,server_5,50.32
22:35:00,server_4,97.89
22:35:00,server_3,23.57
22:35:00,server_2,1481.28
22:35:00,server_1,11.7
22:35:00,server_10,1518.79
22:35:05,server_13,107.42
22:35:05,server_14,124.92
22:35:05,server_15,0.0
22:35:05,server_16,109.51
22:35:05,server_12,125.02
22:35:05,server_18,106.83
22:35:05,server_19,64.63
22:35:05,server_20,51.05
22:35:05,server_17,0.0
22:35:05,server_11,3486.28
22:35:05,server_10,0.0
22:35:05,server_9,89.83
22:35:05,server_8,96.87
22:35:05,server_7,4342.6
22:35:05,server_6,104.76
22:35:05,server_5,5029.94
22:35:05,server_4,81.01
22:35:05,server_3,640.89
22:35:05,server_2,0.0
22:35:05,server_1,0.0
22:35:10,server_13,1703.09
22:35:10,server_14,39.25
22:35:10,server_15,76.34
22:35:10,server_16,74.07
22:35:10,server_20,2.63
22:35:10,server_18,127.02
22:35:10,server_19,109.79
22:35:10,server_12,0.0
22:35:10,server_17,23.2
22:35:10,server_11,56.84
22:35:10,server_10,87.0
22:35:10,server_9,0.0
22:35:10,server_2,148.28
22:35:10,server_3,125.02
22:35:10,server_4,11.01
22:35:10,server_1,975.72
22:35:10,server_6,145.48
22:35:10,server_7,94.05
22:35:10,server_8,106.55
22:35:10,server_5,0.0
22:35:15,server_12,60.31
22:35:15,server_19,153.11
22:35:15,server_18,2.68
22:35:15,server_17,8619.76
22:35:15,server_16,27.16
22:35:15,server_15,92.95
22:35:15,server_14,38.92
22:35:15,server_13,1258.13
22:35:15,server_11,0.0
22:35:15,server_20,4925.32
22:35:15,server_9,56.66
22:35:15,server_1,121.04
22:35:15,server_2,46.53
22:35:15,server_3,52.05
22:35:15,server_4,9.72
22:35:15,server_10,87.08
22:35:15,server_6,9988.66
22:35:15,server_7,1.25
22:35:15,server_8,0.0
22:35:15,server_5,36.61
22:35:20,server_12,162.07
22:35:20,server_19,60.63
22:35:20,server_18,129.01
22:35:20,server_17,0.0
22:35:20,server_16,11.25
22:35:20,server_15,37.53
22:35:20,server_14,21.13
22:35:20,server_13,20.75
22:35:20,server_11,65.51
22:35:20,server_20,62.41
22:35:20,server_9,0.0
22:35:20,server_1,23.41
22:35:20,server_2,43.12
22:35:20,server_3,28.72
22:35:20,server_4,106.41
22:35:20,server_10,64.6
22:35:20,server_6,0.0
22:35:20,server_7,936.52
22:35:20,server_8,6308.01
22:35:20,server_5,71.25
22:35:25,server_11,183.52
22:35:25,server_19,16.54
22:35:25,server_18,5271.55
22:35:25,server_17,24.12
22:35:25,server_16,115.74
22:35:25,server_15,1057.56
22:35:25,server_14,41.84
22:35:25,server_13,0.0
22:35:25,server_12,42.93
22:35:25,server_20,7459.68
22:35:25,server_10,88.07
22:35:25,server_8,69.19
22:35:25,server_7,0.0
22:35:25,server_6,98.6
22:35:25,server_5,0.0
22:35:25,server_4,0.0
22:35:25,server_3,0.0
22:35:25,server_2,2.86
22:35:25,server_1,3853.53
22:35:25,server_9,166.07
22:35:30,server_13,70.22
22:35:30,server_14,0.0
22:35:30,server_15,49.62
22:35:30,server_12,152.11
22:35:30,server_17,48.91
22:35:30,server_18,102.6
22:35:30,server_19,1600.09
22:35:30,server_16,62.71
22:35:30,server_11,70.92
22:35:30,server_20,0.0
22:35:30,server_9,640.9
22:35:30,server_1,6376.34
22:35:30,server_2,3736.74
22:35:30,server_3,41.7
22:35:30,server_4,0.0
22:35:30,server_10,153.71
22:35:30,server_6,1463.51
22:35:30,server_7,5325.49
22:35:30,server_8,8294.32
22:35:30,server_5,47.91
22:35:35,server_19,7484.19
22:35:35,server_18,0.79
22:35:35,server_17,8529.78
22:35:35,server_16,51.35
22:35:35,server_15,74.71
22:35:35,server_14,74.53
22:35:35,server_13,140.28
22:35:35,server_12,70.25
22:35:35,server_11,73.23
22:35:35,server_20,151.55
22:35:35,server_9,105.73
22:35:35,server_1,33.11
22:35:35,server_2,33.69
22:35:35,server_3,53.25
22:35:35,server_4,138.85
22:35:35,server_10,29.58
22:35:35,server_6,24.75
22:35:35,server_7,3224.96
22:35:35,server_8,62.7
22:35:35,server_5,115.69
22:35:40,server_11,35.54
22:35:40,server_19,140.5
22:35:40,server_18,50.51
22:35:40,server_17,102.62
22:35:40,server_16,0.0
22:35:40,server_15,51.63
22:35:40,server_14,68.73
22:35:40,server_13,3534.77
22:35:40,server_12,163.59
22:35:40,server_20,60.19
22:35:40,server_10,63.47
22:35:40,server_8,0.0
22:35:40,server_9,0.0
22:35:40,server_1,16.7
22:35:40,server_2,92.32
22:35:40,server_3,1244.09
22:35:40,server_5,26.1
22:35:40,server_6,120.21
22:35:40,server_7,184.17
22:35:40,server_4,38.54
22:35:45,server_20,1783.13
22:35:45,server_11,4566.86
22:35:45,server_18,59.59
22:35:45,server_17,107.03
22:35:45,server_16,86.72
22:35:45,server_15,45.31
22:35:45,server_14,84.73
22:35:45,server_13,180.25
22:35:45,server_12,52.53
22:35:45,server_19,44.81
22:35:45,server_10,96.74
22:35:45,server_8,88.16
22:35:45,server_1,24.65
22:35:45,server_2,74.47
22:35:45,server_3,35.81
22:35:45,server_9,52.98
22:35:45,server_5,126.95
22:35:45,server_6,190.27
22:35:45,server_7,81.97
22:35:45,server_4,3730.41
22:35:50,server_12,3344.35
22:35:50,server_19,38.93
22:35:50,server_18,88.49
22:35:50,server_17,763.82
22:35:50,server_16,0.0
22:35:50,server_15,55.27
22:35:50,server_14,1832.22
22:35:50,server_13,9426.7
22:35:50,server_11,0.0
22:35:50,server_20,110.12
22:35:50,server_9,40.48
22:35:50,server_1,58.43
22:35:50,server_2,4.39
22:35:50,server_3,152.42
22:35:50,server_4,8.36
22:35:50,server_10,45.35
22:35:50,server_6,39.96
22:35:50,server_7,62.06
22:35:50,server_8,5325.18
22:35:50,server_5,1415.4
22:35:55,server_11,13.52
22:35:55,server_19,6678.24
22:35:55,server_18,24.97
22:35:55,server_17,139.6
22:35:55,server_16,3241.14
22:35:55,server_15,3.99
22:35:55,server_14,46.99
22:35:55,server_13,1152.0
22:35:55,server_12,0.0
22:35:55,server_20,1527.4
22:35:55,server_10,5955.52
22:35:55,server_8,0.0
22:35:55,server_7,72.87
22:35:55,server_6,953.27
22:35:55,server_5,0.0
22:35:55,server_4,48.31
22:35:55,server_3,154.35
22:35:55,server_2,110.75
22:35:55,server_1,7.79
22:35:55,server_9,4862.73
22:36:00,server_13,4007.46
22:36:00,server_14,61.69
22:36:00,server_15,6661.65
22:36:00,server_12,3034.65
22:36:00,server_17,77.47
22:36:00,server_18,90.93
22:36:00,server_19,0.0
22:36:00,server_16,167.45
22:36:00,server_11,1074.95
22:36:00,server_20,28.24
22:36:00,server_9,16.36
22:36:00,server_1,9542.4
22:36:00,server_2,540.7
22:36:00,server_3,28.15
22:36:00,server_4,0.0
22:36:00,server_10,124.3
22:36:00,server_6,606.09
22:36:00,server_7,68.38
22:36:00,server_8,148.54
22:36:00,server_5,5742.96
22:36:05,server_12,36.57
22:36:05,server_20,67.09
22:36:05,server_19,129.63
22:36:05,server_18,135.82
22:36:05,server_17,29.66
22:36:05,server_16,89.92
22:36:05,server_15,123.28
22:36:05,server_14,33.47
22:36:05,server_13,80.25
22:36:05,server_11,51.37
22:36:05,server_10,97.86
22:36:05,server_9,1940.37
22:36:05,server_2,1.01
22:36:05,server_3,80.84
22:36:05,server_4,68.8
22:36:05,server_1,151.2
22:36:05,server_6,1462.84
22:36:05,server_7,99.8
22:36:05,server_8,15.12
22:36:05,server_5,741.89
22:36:10,server_12,0.0
22:36:10,server_19,16.7
22:36:10,server_18,794.49
22:36:10,server_17,1108.83
22:36:10,server_16,33.63
22:36:10,server_15,6684.61
22:36:10,server_14,150.66
22:36:10,server_13,0.0
22:36:10,server_11,8.21
22:36:10,server_20,39.87
22:36:10,server_9,105.57
22:36:10,server_1,95.38
22:36:10,server_2,883.19
22:36:10,server_3,8001.75
22:36:10,server_4,9461.63
22:36:10,server_10,167.92
22:36:10,server_6,65.44
22:36:10,server_7,8010.22
22:36:10,server_8,0.0
22:36:10,server_5,7402.12
22:36:15,server_12,23.46
22:36:15,server_19,109.85
22:36:15,server_18,563.15
22:36:15,server_17,23.11
22:36:15,server_16,7708.92
22:36:15,server_15,24.72
22:36:15,server_14,30.15
22:36:15,server_13,29.19
22:36:15,server_11,12.72
22:36:15,server_20,34.87
22:36:15,server_9,95.0
22:36:15,server_1,218.89
22:36:15,server_2,20.28
22:36:15,server_3,1532.61
22:36:15,server_4,140.35
22:36:15,server_10,90.77
22:36:15,server_6,109.36
22:36:15,server_7,3595.39
22:36:15,server_8,63.91
22:36:15,server_5,3156.16
22:36:20,server_11,30.8
22:36:20,server_19,24.51
22:36:20,server_18,27.47
22:36:20,server_17,21.38
22:36:20,server_16,89.38
22:36:20,server_15,105.15
22:36:20,server_14,146.82
22:36:20,server_13,828.47
22:36:20,server_12,78.68
22:36:20,server_20,0.0
22:36:20,server_10,57.8
22:36:20,server_8,106.34
22:36:20,server_7,4560.71
22:36:20,server_6,82.33
22:36:20,server_5,155.72
22:36:20,server_4,7615.26
22:36:20,server_3,35.52
22:36:20,server_2,87.43
22:36:20,server_1,88.5
22:36:20,server_9,50.39
22:36:25,server_13,100.76
22:36:25,server_14,29.16
22:36:25,server_15,124.08
22:36:25,server_12,0.0
22:36:25,server_17,44.07
22:36:25,server_18,100.87
22:36:25,server_19,85.95
22:36:25,server_16,49.56
22:36:25,server_11,812.14
22:36:25,server_20,82.08
22:36:25,server_9,12.89
22:36:25,server_1,25.17
22:36:25,server_2,45.88
22:36:25,server_3,6.04
22:36:25,server_4,73.77
22:36:25,server_10,5816.33
22:36:25,server_6,130.6
22:36:25,server_7,20.98
22:36:25,server_8,86.72
22:36:25,server_5,0.0
22:36:30,server_19,58.28
22:36:30,server_18,117.26
22:36:30,server_17,0.0
22:36:30,server_16,23.62
22:36:30,server_15,41.05
22:36:30,server_14,13.95
22:36:30,server_13,168.37
22:36:30,server_12,7801.81
22:36:30,server_11,174.37
22:36:30,server_20,0.0
22:36:30,server_9,120.31
22:36:30,server_1,19.13
22:36:30,server_2,1420.67
22:36:30,server_3,25.91
22:36:30,server_4,88.38
22:36:30,server_10,25.56
22:36:30,server_6,1043.94
22:36:30,server_7,1051.63
22:36:30,server_8,1015.88
22:36:30,server_5,0.0
22:36:35,server_11,1562.41
22:36:35,server_19,4225.68
22:36:35,server_18,546.74
22:36:35,server_17,98.99
22:36:35,server_16,7516.81
22:36:35,server_15,18.92
22:36:35,server_14,60.52
22:36:35,server_13,3800.29
22:36:35,server_12,43.82
22:36:35,server_20,17.06
22:36:35,server_10,101.36
22:36:35,server_8,91.26
22:36:35,server_9,70.1
22:36:35,server_1,101.83
22:36:35,server_2,0.0
22:36:35,server_3,43.37
22:36:35,server_5,1265.03
22:36:35,server_6,95.94
22:36:35,server_7,108.5
22:36:35,server_4,0.0
22:36:40,server_20,97.62
22:36:40,server_11,0.0
22:36:40,server_18,64.54
22:36:40,server_17,66.27
22:36:40,server_16,75.02
22:36:40,server_15,0.0
22:36:40,server_14,85.53
22:36:40,server_13,8178.52
22:36:40,server_12,86.75
22:36:40,server_19,40.44
22:36:40,server_10,155.56
22:36:40,server_8,4478.57
22:36:40,server_1,6833.31
22:36:40,server_2,164.18
22:36:40,server_3,99.18
22:36:40,server_9,8171.91
22:36:40,server_5,22.54
22:36:40,server_6,161.14
22:36:40,server_7,67.4
22:36:40,server_4,30.09
22:36:45,server_12,47.55
22:36:45,server_19,127.48
22:36:45,server_18,101.98
22:36:45,server_17,71.35
22:36:45,server_16,97.65
22:36:45,server_15,26.36
22:36:45,server_14,137.08
22:36:45,server_13,188.03
22:36:45,server_11,0.0
22:36:45,server_20,45.0
22:36:45,server_9,50.37
22:36:45,server_1,137.96
22:36:45,server_2,0.0
22:36:45,server_3,5965.67
22:36:45,server_4,0.0
22:36:45,server_10,1636.09
22:36:45,server_6,4125.29
22:36:45,server_7,16.25
22:36:45,server_8,118.25
22:36:45,server_5,14.29
22:36:50,server_11,67.45
22:36:50,server_19,33.56
22:36:50,server_18,49.93
22:36:50,server_17,1365.63
22:36:50,server_16,65.42
22:36:50,server_15,30.72
22:36:50,server_14,155.16
22:36:50,server_13,145.13
22:36:50,server_12,1298.19
22:36:50,server_20,75.12
22:36:50,server_10,120.56
22:36:50,server_8,10.84
22:36:50,server_7,22.6
22:36:50,server_6,24.61
22:36:50,server_5,9.35
22:36:50,server_4,28.25
22:36:50,server_3,0.0
22:36:50,server_2,134.37
22:36:50,server_1,0.0
22:36:50,server_9,1294.02
22:36:55,server_13,86.36
22:36:55,server_14,0.0
22:36:55,server_15,66.6
22:36:55,server_12,26.87
22:36:55,server_17,31.92
22:36:55,server_18,42.22
22:36:55,server_19,8476.92
22:36:55,server_16,91.46
22:36:55,server_11,37.12
22:36:55,server_20,55.43
22:36:55,server_9,91.21
22:36:55,server_1,99.68
22:36:55,server_2,4700.33
22:36:55,server_3,32.25
22:36:55,server_4,64.23
22:36:55,server_10,48.0
22:36:55,server_6,9.58
22:36:55,server_7,1699.53
22:36:55,server_8,1307.84
22:36:55,server_5,213.03
22:37:00,server_20,51.93
22:37:00,server_19,87.29
22:37:00,server_18,95.04
22:37:00,server_17,69.63
22:37:00,server_16,166.86
22:37:00,server_15,997.49
22:37:00,server_14,108.61
22:37:00,server_12,1809.8
22:37:00,server_11,26.93
22:37:00,server_13,785.62
22:37:00,server_9,109.23
22:37:00,server_10,1005.29
22:37:00,server_2,50.31
22:37:00,server_3,1644.32
22:37:00,server_4,139.39
22:37:00,server_1,48.56
22:37:00,server_6,10.81
22:37:00,server_7,17.8
22:37:00,server_8,45.67
22:37:00,server_5,7120.11
22:37:05,server_12,160.47
22:37:05,server_20,64.73
22:37:05,server_19,100.01
22:37:05,server_18,549.47
22:37:05,server_17,0.0
22:37:05,server_16,67.63
22:37:05,server_15,163.14
22:37:05,server_14,1134.07
22:37:05,server_13,8224.87
22:37:05,server_11,124.41
22:37:05,server_3,3732.69
22:37:05,server_9,1.25
22:37:05,server_10,54.39
22:37:05,server_2,18.18
22:37:05,server_4,25.76
22:37:05,server_1,33.63
22:37:05,server_6,3814.15
22:37:05,server_7,40.01
22:37:05,server_8,130.84
22:37:05,server_5,139.54
22:37:10,server_12,502.02
22:37:10,server_19,100.4
22:37:10,server_18,0.0
22:37:10,server_17,6542.58
22:37:10,server_16,14.5
22:37:10,server_15,69.96
22:37:10,server_14,998.33
22:37:10,server_20,53.33
22:37:10,server_11,51.45
22:37:10,server_13,64.91
22:37:10,server_9,0.0
22:37:10,server_1,0.0
22:37:10,server_2,43.54
22:37:10,server_3,64.33
22:37:10,server_4,0.0
22:37:10,server_10,0.0
22:37:10,server_6,0.0
22:37:10,server_7,27.91
22:37:10,server_8,31.77
22:37:10,server_5,135.58
22:37:15,server_19,8304.53
22:37:15,server_18,0.0
22:37:15,server_17,116.09
22:37:15,server_16,1056.68
22:37:15,server_15,65.35
22:37:15,server_14,63.82
22:37:15,server_13,73.18
22:37:15,server_12,0.0
22:37:15,server_11,96.27
22:37:15,server_20,1827.69
22:37:15,server_9,63.49
22:37:15,server_1,78.68
22:37:15,server_2,0.0
22:37:15,server_3,503.85
22:37:15,server_4,9757.87
22:37:15,server_10,43.86
22:37:15,server_6,101.9
22:37:15,server_7,49.72
22:37:15,server_8,118.97
22:37:15,server_5,103.48
22:37:20,server_11,83.48
22:37:20,server_19,189.47
22:37:20,server_18,129.47
22:37:20,server_17,1373.37
22:37:20,server_16,27.93
22:37:20,server_15,61.4
22:37:20,server_14,0.0
22:37:20,server_13,15.35
22:37:20,server_12,9426.37
22:37:20,server_20,27.38
22:37:20,server_10,0.0
22:37:20,server_8,21.28
22:37:20,server_9,0.0
22:37:20,server_1,89.9
22:37:20,server_2,596.43
22:37:20,server_3,27.85
22:37:20,server_5,22.19
22:37:20,server_6,117.16
22:37:20,server_7,69.07
22:37:20,server_4,0.0
22:37:25,server_20,131.8
22:37:25,server_11,9458.49
22:37:25,server_18,34.58
22:37:25,server_17,153.43
22:37:25,server_16,97.91
22:37:25,server_15,0.0
22:37:25,server_14,1356.71
22:37:25,server_13,21.37
22:37:25,server_12,6444.81
22:37:25,server_19,86.52
22:37:25,server_10,17.34
22:37:25,server_8,110.32
22:37:25,server_1,93.61
22:37:25,server_2,131.1
22:37:25,server_3,62.79
22:37:25,server_9,13.76
22:37:25,server_5,0.0
22:37:25,server_6,155.96
22:37:25,server_7,0.0
22:37:25,server_4,43.26
22:37:30,server_20,55.4
22:37:30,server_19,14.92
22:37:30,server_18,5660.13
22:37:30,server_17,8689.09
22:37:30,server_16,106.94
22:37:30,server_15,37.29
22:37:30,server_14,1347.87
22:37:30,server_12,30.45
22:37:30,server_11,63.87
22:37:30,server_13,66.03
22:37:30,server_9,0.0
22:37:30,server_10,0.0
22:37:30,server_2,161.4
22:37:30,server_3,111.04
22:37:30,server_4,78.51
22:37:30,server_1,6629.48
22:37:30,server_6,89.84
22:37:30,server_7,7997.3
22:37:30,server_8,94.82
22:37:30,server_5,57.99
22:37:35,server_12,50.45
22:37:35,server_19,68.39
22:37:35,server_18,1000.31
22:37:35,server_20,1828.48
22:37:35,server_17,3579.98
22:37:35,server_16,25.83
22:37:35,server_15,9.35
22:37:35,server_14,55.76
22:37:35,server_13,1058.57
22:37:35,server_11,79.94
22:37:35,server_3,1720.99
22:37:35,server_9,96.12
22:37:35,server_10,79.15
22:37:35,server_2,82.99
22:37:35,server_4,158.09
22:37:35,server_1,21.08
22:37:35,server_6,7.37
22:37:35,server_7,18.54
22:37:35,server_8,122.61
22:37:35,server_5,0.0
22:37:40,server_11,117.32
22:37:40,server_20,21.89
22:37:40,server_18,28.7
22:37:40,server_17,14.23
22:37:40,server_16,102.02
22:37:40,server_15,1002.09
22:37:40,server_14,0.0
22:37:40,server_13,79.8
22:37:40,server_12,66.21
22:37:40,server_19,135.28
22:37:40,server_10,47.88
22:37:40,server_8,3369.04
22:37:40,server_1,8759.2
22:37:40,server_2,110.11
22:37:40,server_3,0.0
22:37:40,server_9,0.0
22:37:40,server_5,91.06
22:37:40,server_6,6765.26
22:37:40,server_7,0.0
22:37:40,server_4,78.12
22:37:45,server_12,69.9
22:37:45,server_19,67.39
22:37:45,server_18,73.35
22:37:45,server_17,61.09
22:37:45,server_16,72.71
22:37:45,server_15,0.0
22:37:45,server_14,0.0
22:37:45,server_13,33.03
22:37:45,server_11,57.83
22:37:45,server_20,59.14
22:37:45,server_9,6824.85
22:37:45,server_1,142.69
22:37:45,server_2,193.39
22:37:45,server_3,41.52
22:37:45,server_4,76.98
22:37:45,server_10,90.34
22:37:45,server_6,6747.47
22:37:45,server_7,148.39
22:37:45,server_8,5247.56
22:37:45,server_5,45.6
22:37:50,server_11,104.28
22:37:50,server_19,7.95
22:37:50,server_18,62.25
22:37:50,server_17,1360.48
22:37:50,server_16,19.93
22:37:50,server_15,89.9
22:37:50,server_14,39.54
22:37:50,server_13,0.0
22:37:50,server_12,115.38
22:37:50,server_20,100.6
22:37:50,server_10,0.0
22:37:50,server_8,127.9
22:37:50,server_7,181.47
22:37:50,server_6,146.45
22:37:50,server_5,3630.14
22:37:50,server_4,0.28
22:37:50,server_3,0.0
22:37:50,server_2,80.6
22:37:50,server_1,0.0
22:37:50,server_9,30.64
22:37:55,server_13,979.11
22:37:55,server_14,23.98
22:37:55,server_20,1948.32
22:37:55,server_12,0.0
22:37:55,server_17,150.52
22:37:55,server_18,3377.58
22:37:55,server_19,6.64
22:37:55,server_16,64.92
22:37:55,server_11,62.65
22:37:55,server_15,143.1
22:37:55,server_9,45.38
22:37:55,server_1,66.99
22:37:55,server_2,47.96
22:37:55,server_3,1843.23
22:37:55,server_4,87.12
22:37:55,server_10,52.25
22:37:55,server_6,5957.86
22:37:55,server_7,6540.86
22:37:55,server_8,0.0
22:37:55,server_5,48.16
22:38:00,server_12,136.77
22:38:00,server_20,71.41
22:38:00,server_19,18.46
22:38:00,server_18,61.38
22:38:00,server_17,864.48
22:38:00,server_16,17.1
22:38:00,server_15,0.0
22:38:00,server_14,121.69
22:38:00,server_13,17.29
22:38:00,server_11,83.19
22:38:00,server_10,1102.18
22:38:00,server_9,64.5
22:38:00,server_2,24.28
22:38:00,server_3,825.33
22:38:00,server_4,23.24
22:38:00,server_1,170.39
22:38:00,server_6,67.51
22:38:00,server_7,5.52
22:38:00,server_8,0.0
22:38:00,server_5,1629.32
22:38:05,server_12,1.28
22:38:05,server_19,77.74
22:38:05,server_18,88.51
22:38:05,server_17,14.42
22:38:05,server_16,1542.45
22:38:05,server_15,50.11
22:38:05,server_14,45.14
22:38:05,server_13,43.92
22:38:05,server_11,539.02
22:38:05,server_20,7851.44
22:38:05,server_9,71.04
22:38:05,server_1,128.6
22:38:05,server_2,1052.12
22:38:05,server_3,219.5
22:38:05,server_4,79.43
22:38:05,server_10,106.88
22:38:05,server_6,166.34
22:38:05,server_7,78.48
22:38:05,server_8,50.95
22:38:05,server_5,34.04
22:38:10,server_12,139.73
22:38:10,server_19,89.2
22:38:10,server_18,3698.38
22:38:10,server_17,98.74
22:38:10,server_16,988.47
22:38:10,server_15,77.18
22:38:10,server_14,0.0
22:38:10,server_13,0.0
22:38:10,server_11,0.0
22:38:10,server_20,7830.67
22:38:10,server_9,3296.05
22:38:10,server_1,1952.72
22:38:10,server_2,70.12
22:38:10,server_3,61.6
22:38:10,server_4,0.0
22:38:10,server_10,31.29
22:38:10,server_6,41.41
22:38:10,server_7,983.3
22:38:10,server_8,61.2
22:38:10,server_5,36.41
22:38:15,server_11,39.23
22:38:15,server_19,76.67
22:38:15,server_18,90.57
22:38:15,server_17,5.4
22:38:15,server_16,20.46
22:38:15,server_15,72.1
22:38:15,server_14,146.66
22:38:15,server_13,184.88
22:38:15,server_12,72.87
22:38:15,server_20,9943.98
22:38:15,server_10,1547.41
22:38:15,server_8,36.89
22:38:15,server_7,4.66
22:38:15,server_6,3.84
22:38:15,server_5,102.16
22:38:15,server_4,170.71
22:38:15,server_3,15.43
22:38:15,server_2,38.42
22:38:15,server_1,121.52
22:38:15,server_9,1608.06
22:38:20,server_13,864.82
22:38:20,server_14,0.0
22:38:20,server_15,110.62
22:38:20,server_12,105.07
22:38:20,server_17,108.39
22:38:20,server_18,52.51
22:38:20,server_19,152.63
22:38:20,server_16,3945.34
22:38:20,server_11,97.42
22:38:20,server_20,112.83
22:38:20,server_9,21.95
22:38:20,server_1,62.92
22:38:20,server_2,39.41
22:38:20,server_3,166.79
22:38:20,server_4,5486.83
22:38:20,server_10,128.28
22:38:20,server_6,62.87
22:38:20,server_7,4.35
22:38:20,server_8,60.31
22:38:20,server_5,125.88
22:38:25,server_19,44.79
22:38:25,server_18,89.37
22:38:25,server_17,5835.27
22:38:25,server_16,0.0
22:38:25,server_15,55.58
22:38:25,server_14,197.11
22:38:25,server_13,44.74
22:38:25,server_12,37.29
22:38:25,server_11,103.67
22:38:25,server_20,29.98
22:38:25,server_9,28.69
22:38:25,server_1,44.66
22:38:25,server_2,134.67
22:38:25,server_3,96.71
22:38:25,server_4,29.42
22:38:25,server_10,3122.27
22:38:25,server_6,75.49
22:38:25,server_7,11.14
22:38:25,server_8,40.02
22:38:25,server_5,129.16
22:38:30,server_11,17.22
22:38:30,server_19,79.19
22:38:30,server_18,52.34
22:38:30,server_17,107.34
22:38:30,server_16,0.0
22:38:30,server_15,96.06
22:38:30,server_14,0.0
22:38:30,server_13,141.93
22:38:30,server_12,92.13
22:38:30,server_20,0.0
22:38:30,server_10,52.44
22:38:30,server_8,630.33
22:38:30,server_9,74.3
22:38:30,server_1,6582.68
22:38:30,server_2,5455.62
22:38:30,server_3,3604.25
22:38:30,server_5,124.45
22:38:30,server_6,0.0
22:38:30,server_7,84.77
22:38:30,server_4,0.0
22:38:35,server_20,0.0
22:38:35,server_11,0.0
22:38:35,server_18,139.21
22:38:35,server_17,31.06
22:38:35,server_16,1501.25
22:38:35,server_15,98.0
22:38:35,server_14,192.56
22:38:35,server_13,0.0
22:38:35,server_12,833.77
22:38:35,server_19,1747.65
22:38:35,server_10,45.02
22:38:35,server_8,33.37
22:38:35,server_1,2.61
22:38:35,server_2,68.52
22:38:35,server_3,29.19
22:38:35,server_9,169.18
22:38:35,server_5,64.28
22:38:35,server_6,35.35
22:38:35,server_7,0.0
22:38:35,server_4,3761.45
22:38:40,server_13,70.51
22:38:40,server_20,7651.39
22:38:40,server_19,7559.84
22:38:40,server_18,542.25
22:38:40,server_17,23.79
22:38:40,server_16,10.62
22:38:40,server_15,0.0
22:38:40,server_14,81.81
22:38:40,server_12,38.02
22:38:40,server_11,84.8
22:38:40,server_1,7.54
22:38:40,server_9,92.36
22:38:40,server_8,7702.39
22:38:40,server_7,1000.34
22:38:40,server_6,73.76
22:38:40,server_5,3.84
22:38:40,server_4,73.38
22:38:40,server_3,4907.67
22:38:40,server_2,87.89
22:38:40,server_10,69.06
22:38:45,server_13,0.0
22:38:45,server_14,72.45
22:38:45,server_15,790.58
22:38:45,server_16,31.76
22:38:45,server_12,24.42
22:38:45,server_18,46.88
22:38:45,server_19,23.78
22:38:45,server_20,112.71
22:38:45,server_17,22.34
22:38:45,server_11,71.33
22:38:45,server_1,3.41
22:38:45,server_9,0.0
22:38:45,server_8,9.51
22:38:45,server_7,36.2
22:38:45,server_6,8039.64
22:38:45,server_5,3759.35
22:38:45,server_4,8368.52
22:38:45,server_3,70.55
22:38:45,server_2,26.64
22:38:45,server_10,60.28
22:38:50,server_13,46.5
22:38:50,server_14,91.92
22:38:50,server_15,97.15
22:38:50,server_16,14.03
22:38:50,server_20,74.99
22:38:50,server_18,125.93
22:38:50,server_19,25.65
22:38:50,server_12,75.01
22:38:50,server_17,28.05
22:38:50,server_11,9933.04
22:38:50,server_10,42.06
22:38:50,server_9,60.83
22:38:50,server_8,32.54
22:38:50,server_7,82.76
22:38:50,server_6,7995.83
22:38:50,server_5,29.85
22:38:50,server_4,157.72
22:38:50,server_3,31.38
22:38:50,server_2,1783.76
22:38:50,server_1,43.48
22:38:55,server_13,0.0
22:38:55,server_14,97.0
22:38:55,server_15,0.0
22:38:55,server_16,40.78
22:38:55,server_20,83.4
22:38:55,server_18,111.77
22:38:55,server_19,61.18
22:38:55,server_12,0.0
22:38:55,server_17,9614.81
22:38:55,server_11,103.11
22:38:55,server_10,0.12
22:38:55,server_9,79.47
22:38:55,server_2,0.0
22:38:55,server_3,83.6
22:38:55,server_4,221.79
22:38:55,server_1,67.03
22:38:55,server_6,46.25
22:38:55,server_7,87.8
22:38:55,server_8,47.95
22:38:55,server_5,106.26
22:39:00,server_12,146.98
22:39:00,server_19,0.0
22:39:00,server_18,94.9
22:39:00,server_17,165.69
22:39:00,server_16,171.58
22:39:00,server_15,0.0
22:39:00,server_14,82.85
22:39:00,server_13,9134.59
22:39:00,server_11,26.64
22:39:00,server_20,22.86
22:39:00,server_9,3724.65
22:39:00,server_1,117.23
22:39:00,server_2,20.96
22:39:00,server_3,75.65
22:39:00,server_4,0.0
22:39:00,server_10,6055.63
22:39:00,server_6,141.5
22:39:00,server_7,665.83
22:39:00,server_8,1216.47
22:39:00,server_5,0.0
22:39:05,server_12,1035.7
22:39:05,server_19,113.13
22:39:05,server_18,87.19
22:39:05,server_17,0.0
22:39:05,server_16,21.79
22:39:05,server_15,6549.93
22:39:05,server_14,66.69
22:39:05,server_13,0.0
22:39:05,server_11,53.22
22:39:05,server_20,1308.77
22:39:05,server_9,61.34
22:39:05,server_1,599.34
22:39:05,server_2,8067.44
22:39:05,server_3,56.71
22:39:05,server_4,37.48
22:39:05,server_10,841.13
22:39:05,server_6,0.0
22:39:05,server_7,73.59
22:39:05,server_8,9.47
22:39:05,server_5,9792.12
22:39:10,server_11,0.0
22:39:10,server_19,0.0
22:39:10,server_18,92.47
22:39:10,server_17,150.16
22:39:10,server_16,113.83
22:39:10,server_15,59.25
22:39:10,server_14,148.9
22:39:10,server_13,76.3
22:39:10,server_12,26.76
22:39:10,server_20,23.94
22:39:10,server_10,104.39
22:39:10,server_8,521.64
22:39:10,server_7,1813.19
22:39:10,server_6,76.57
22:39:10,server_5,200.17
22:39:10,server_4,1376.49
22:39:10,server_3,112.21
22:39:10,server_2,74.23
22:39:10,server_1,177.27
22:39:10,server_9,1708.96
22:39:15,server_13,6041.04
22:39:15,server_14,142.48
22:39:15,server_15,70.55
22:39:15,server_12,37.62
22:39:15,server_17,7803.33
22:39:15,server_18,1968.39
22:39:15,server_19,1854.06
22:39:15,server_16,1351.46
22:39:15,server_11,54.99
22:39:15,server_20,101.94
22:39:15,server_9,15.37
22:39:15,server_1,128.38
22:39:15,server_2,81.2
22:39:15,server_3,48.88
22:39:15,server_4,88.01
22:39:15,server_10,1562.1
22:39:15,server_6,23.01
22:39:15,server_7,89.07
22:39:15,server_8,43.37
22:39:15,server_5,563.92
22:39:20,server_19,6.84
22:39:20,server_18,40.57
22:39:20,server_17,43.68
22:39:20,server_16,71.89
22:39:20,server_15,5985.26
22:39:20,server_14,3651.21
22:39:20,server_13,14.99
22:39:20,server_12,4.96
22:39:20,server_11,24.98
22:39:20,server_20,72.23
22:39:20,server_9,3221.52
22:39:20,server_1,7.79
22:39:20,server_2,75.78
22:39:20,server_3,35.42
22:39:20,server_4,95.11
22:39:20,server_10,34.34
22:39:20,server_6,62.94
22:39:20,server_7,4548.8
22:39:20,server_8,0.0
22:39:20,server_5,7.69
22:39:25,server_11,1278.54
22:39:25,server_19,0.0
22:39:25,server_18,65.79
22:39:25,server_17,117.48
22:39:25,server_16,46.58
22:39:25,server_15,24.03
22:39:25,server_14,6258.39
22:39:25,server_13,1843.83
22:39:25,server_12,7337.67
22:39:25,server_20,60.24
22:39:25,server_10,607.49
22:39:25,server_8,1012.55
22:39:25,server_9,11.54
22:39:25,server_1,108.0
22:39:25,server_2,70.1
22:39:25,server_3,5043.92
22:39:25,server_5,57.09
22:39:25,server_6,31.47
22:39:25,server_7,44.12
22:39:25,server_4,88.51
22:39:30,server_20,2.32
22:39:30,server_11,52.9
22:39:30,server_18,79.73
22:39:30,server_17,0.0
22:39:30,server_16,151.4
22:39:30,server_15,0.0
22:39:30,server_14,5937.92
22:39:30,server_13,194.41
22:39:30,server_12,0.0
22:39:30,server_19,155.17
22:39:30,server_10,99.16
22:39:30,server_8,22.58
22:39:30,server_1,10.4
22:39:30,server_2,53.78
22:39:30,server_3,17.28
22:39:30,server_9,76.39
22:39:30,server_5,23.74
22:39:30,server_6,29.38
22:39:30,server_7,8102.13
22:39:30,server_4,0.0
22:39:35,server_12,121.9
22:39:35,server_19,68.42
22:39:35,server_18,7577.02
22:39:35,server_17,0.0
22:39:35,server_16,8171.32
22:39:35,server_15,143.89
22:39:35,server_14,1917.05
22:39:35,server_13,94.9
22:39:35,server_11,77.49
22:39:35,server_20,89.48
22:39:35,server_9,57.62
22:39:35,server_1,37.74
22:39:35,server_2,9590.92
22:39:35,server_3,92.02
22:39:35,server_4,945.37
22:39:35,server_10,25.08
22:39:35,server_6,42.98
22:39:35,server_7,93.64
22:39:35,server_8,34.29
22:39:35,server_5,96.68
22:39:40,server_11,935.82
22:39:40,server_19,3386.02
22:39:40,server_18,125.1
22:39:40,server_17,73.18
22:39:40,server_16,119.19
22:39:40,server_15,0.0
22:39:40,server_14,5.54
22:39:40,server_13,0.0
22:39:40,server_12,183.27
22:39:40,server_20,41.97
22:39:40,server_10,158.11
22:39:40,server_8,28.3
22:39:40,server_7,605.36
22:39:40,server_6,0.0
22:39:40,server_5,168.26
22:39:40,server_4,9667.68
22:39:40,server_3,46.06
22:39:40,server_2,0.0
22:39:40,server_1,160.74
22:39:40,server_9,42.39
22:39:45,server_13,54.52
22:39:45,server_14,3286.41
22:39:45,server_15,71.47
22:39:45,server_12,82.53
22:39:45,server_17,138.49
22:39:45,server_18,134.84
22:39:45,server_19,101.58
22:39:45,server_16,118.52
22:39:45,server_11,125.75
22:39:45,server_20,30.18
22:39:45,server_9,56.05
22:39:45,server_1,4.8
22:39:45,server_2,1818.06
22:39:45,server_3,1138.13
22:39:45,server_4,108.34
22:39:45,server_10,132.39
22:39:45,server_6,19.25
22:39:45,server_7,118.49
22:39:45,server_8,123.48
22:39:45,server_5,0.0
22:39:50,server_12,198.52
22:39:50,server_20,0.0
22:39:50,server_19,1377.23
22:39:50,server_18,0.0
22:39:50,server_17,147.53
22:39:50,server_16,11.83
22:39:50,server_15,675.52
22:39:50,server_14,89.73
22:39:50,server_13,65.81
22:39:50,server_11,83.93
22:39:50,server_10,28.22
22:39:50,server_9,0.0
22:39:50,server_2,93.25
22:39:50,server_3,36.3
22:39:50,server_4,1777.08
22:39:50,server_1,17.15
22:39:50,server_6,94.14
22:39:50,server_7,17.08
22:39:50,server_8,160.13
22:39:50,server_5,127.8
22:39:55,server_12,0.0
22:39:55,server_19,9617.73
22:39:55,server_18,70.36
22:39:55,server_17,6.66
22:39:55,server_16,51.86
22:39:55,server_15,35.7
22:39:55,server_14,172.87
22:39:55,server_13,17.85
22:39:55,server_11,54.63
22:39:55,server_20,12.02
22:39:55,server_9,96.46
22:39:55,server_1,121.7
22:39:55,server_2,73.09
22:39:55,server_3,163.97
22:39:55,server_4,0.0
22:39:55,server_10,0.0
22:39:55,server_6,60.08
22:39:55,server_7,46.16
22:39:55,server_8,147.94
22:39:55,server_5,48.99
22:40:00,server_12,29.97
22:40:00,server_19,5411.21
22:40:00,server_18,102.49
22:40:00,server_17,1306.29
22:40:00,server_16,110.03
22:40:00,server_15,126.34
22:40:00,server_14,0.0
22:40:00,server_13,65.93
22:40:00,server_11,75.72
22:40:00,server_20,1355.38
22:40:00,server_9,42.47
22:40:00,server_1,94.2
22:40:00,server_2,83.64
22:40:00,server_3,115.46
22:40:00,server_4,78.45
22:40:00,server_10,106.54
22:40:00,server_6,99.51
22:40:00,server_7,0.38
22:40:00,server_8,15.95
22:40:00,server_5,41.2
22:40:05,server_11,16.68
22:40:05,server_19,14.1
22:40:05,server_18,160.12
22:40:05,server_17,0.98
22:40:05,server_16,32.51
22:40:05,server_15,4161.71
22:40:05,server_14,9634.08
22:40:05,server_13,4599.53
22:40:05,server_12,174.66
22:40:05,server_20,11.16
22:40:05,server_10,5.08
22:40:05,server_8,112.52
22:40:05,server_7,18.83
22:40:05,server_6,0.44
22:40:05,server_5,35.03
22:40:05,server_4,832.98
22:40:05,server_3,89.74
22:40:05,server_2,62.02
22:40:05,server_1,11.88
22:40:05,server_9,69.12
22:40:10,server_13,1917.86
22:40:10,server_14,70.52
22:40:10,server_15,752.3
22:40:10,server_12,61.95
22:40:10,server_17,5.22
22:40:10,server_18,73.88
22:40:10,server_19,89.91
22:40:10,server_16,748.38
22:40:10,server_11,123.19
22:40:10,server_20,48.43
22:40:10,server_9,63.09
22:40:10,server_1,956.86
22:40:10,server_2,183.51
22:40:10,server_3,0.0
22:40:10,server_4,11.12
22:40:10,server_10,0.0
22:40:10,server_6,116.36
22:40:10,server_7,17.39
22:40:10,server_8,0.0
22:40:10,server_5,58.92
22:40:15,server_19,46.6
22:40:15,server_18,5114.48
22:40:15,server_17,78.97
22:40:15,server_16,9.39
22:40:15,server_15,68.11
22:40:15,server_14,127.94
22:40:15,server_13,0.0
22:40:15,server_12,55.4
22:40:15,server_11,840.45
22:40:15,server_20,23.48
22:40:15,server_9,63.09
22:40:15,server_1,6561.8
22:40:15,server_2,22.35
22:40:15,server_3,68.45
22:40:15,server_4,0.0
22:40:15,server_10,28.66
22:40:15,server_6,5318.42
22:40:15,server_7,0.0
22:40:15,server_8,113.76
22:40:15,server_5,6.43
22:40:20,server_11,114.95
22:40:20,server_19,6089.75
22:40:20,server_18,118.92
22:40:20,server_17,166.01
22:40:20,server_16,66.03
22:40:20,server_15,39.48
22:40:20,server_14,36.52
22:40:20,server_13,38.11
22:40:20,server_12,50.17
22:40:20,server_20,863.26
22:40:20,server_10,86.53
22:40:20,server_8,89.01
22:40:20,server_9,117.38
22:40:20,server_1,19.61
22:40:20,server_2,5407.18
22:40:20,server_3,14.85
22:40:20,server_5,104.56
22:40:20,server_6,0.0
22:40:20,server_7,36.04
22:40:20,server_4,57.1
22:40:25,server_20,9500.92
22:40:25,server_11,37.48
22:40:25,server_18,148.19
22:40:25,server_17,29.69
22:40:25,server_16,16.57
22:40:25,server_15,2.61
22:40:25,server_14,81.57
22:40:25,server_13,121.5
22:40:25,server_12,9451.65
22:40:25,server_19,114.39
22:40:25,server_10,111.57
22:40:25,server_8,3331.17
22:40:25,server_1,9623.07
22:40:25,server_2,0.0
22:40:25,server_3,88.45
22:40:25,server_9,107.06
22:40:25,server_5,46.34
22:40:25,server_6,168.16
22:40:25,server_7,0.0
22:40:25,server_4,63.91
22:40:30,server_12,42.74
22:40:30,server_19,57.78
22:40:30,server_18,33.95
22:40:30,server_17,198.2
22:40:30,server_16,98.44
22:40:30,server_15,0.0
22:40:30,server_14,159.75
22:40:30,server_13,88.96
22:40:30,server_11,93.43
22:40:30,server_20,83.81
22:40:30,server_9,168.85
22:40:30,server_1,19.07
22:40:30,server_2,7.11
22:40:30,server_3,156.47
22:40:30,server_4,0.0
22:40:30,server_10,13.19
22:40:30,server_6,164.63
22:40:30,server_7,1788.83
22:40:30,server_8,95.57
22:40:30,server_5,57.46
22:40:35,server_11,109.15
22:40:35,server_19,0.0
22:40:35,server_18,69.27
22:40:35,server_17,117.03
22:40:35,server_16,70.28
22:40:35,server_15,86.16
22:40:35,server_14,0.0
22:40:35,server_13,1575.6
22:40:35,server_12,107.54
22:40:35,server_20,54.12
22:40:35,server_10,162.71
22:40:35,server_8,29.79
22:40:35,server_7,26.66
22:40:35,server_6,46.22
22:40:35,server_5,85.29
22:40:35,server_4,43.98
22:40:35,server_3,0.0
22:40:35,server_2,110.9
22:40:35,server_1,1335.65
22:40:35,server_9,152.07
22:40:40,server_13,122.46
22:40:40,server_14,23.5
22:40:40,server_15,166.15
22:40:40,server_12,0.0
22:40:40,server_17,26.38
22:40:40,server_18,174.64
22:40:40,server_19,0.0
22:40:40,server_16,2.81
22:40:40,server_11,108.95
22:40:40,server_20,39.36
22:40:40,server_9,1654.88
22:40:40,server_1,66.61
22:40:40,server_2,35.91
22:40:40,server_3,81.01
22:40:40,server_4,135.04
22:40:40,server_10,23.82
22:40:40,server_6,56.41
22:40:40,server_7,0.0
22:40:40,server_8,221.12
22:40:40,server_5,9406.71
22:40:45,server_20,87.62
22:40:45,server_19,69.22
22:40:45,server_18,82.7
22:40:45,server_17,99.24
22:40:45,server_16,72.93
22:40:45,server_15,8658.01
22:40:45,server_14,80.05
22:40:45,server_12,60.45
22:40:45,server_11,18.85
22:40:45,server_13,10.87
22:40:45,server_9,38.35
22:40:45,server_10,23.02
22:40:45,server_2,0.0
22:40:45,server_3,27.09
22:40:45,server_4,66.84
22:40:45,server_1,3.85
22:40:45,server_6,134.72
22:40:45,server_7,76.23
22:40:45,server_8,0.0
22:40:45,server_5,42.1
22:40:50,server_12,1720.47
22:40:50,server_20,0.0
22:40:50,server_19,64.06
22:40:50,server_18,263.74
22:40:50,server_17,107.87
22:40:50,server_16,109.75
22:40:50,server_15,108.21
22:40:50,server_14,46.64
22:40:50,server_13,118.62
22:40:50,server_11,12.01
22:40:50,server_3,22.88
22:40:50,server_9,33.03
22:40:50,server_10,7.28
22:40:50,server_2,22.53
22:40:50,server_4,0.0
22:40:50,server_1,131.57
22:40:50,server_6,138.24
22:40:50,server_7,39.39
22:40:50,server_8,1388.01
22:40:50,server_5,178.02
22:40:55,server_12,62.45
22:40:55,server_19,9.61
22:40:55,server_18,36.74
22:40:55,server_17,40.87
22:40:55,server_16,23.64
22:40:55,server_15,68.6
22:40:55,server_14,3592.18
22:40:55,server_20,50.07
22:40:55,server_11,14.99
22:40:55,server_13,0.0
22:40:55,server_9,3379.73
22:40:55,server_1,5.92
22:40:55,server_2,129.7
22:40:55,server_3,182.23
22:40:55,server_4,0.0
22:40:55,server_10,0.0
22:40:55,server_6,57.15
22:40:55,server_7,52.1
22:40:55,server_8,1747.29
22:40:55,server_5,95.7
22:41:00,server_19,45.46
22:41:00,server_18,150.33
22:41:00,server_17,115.77
22:41:00,server_16,128.52
22:41:00,server_15,103.7
22:41:00,server_14,0.0
22:41:00,server_13,21.03
22:41:00,server_12,9348.05
22:41:00,server_11,183.76
22:41:00,server_20,61.04
22:41:00,server_9,9948.59
22:41:00,server_1,102.08
22:41:00,server_2,50.6
22:41:00,server_3,0.0
22:41:00,server_4,1658.24
22:41:00,server_10,941.67
22:41:00,server_6,132.7
22:41:00,server_7,4038.52
22:41:00,server_8,115.04
22:41:00,server_5,30.95
22:41:05,server_11,80.42
22:41:05,server_19,51.66
22:41:05,server_18,0.0
22:41:05,server_17,171.45
22:41:05,server_16,0.0
22:41:05,server_15,49.05
22:41:05,server_14,198.01
22:41:05,server_13,52.9
22:41:05,server_12,106.63
22:41:05,server_20,172.99
22:41:05,server_10,22.96
22:41:05,server_8,28.89
22:41:05,server_9,150.17
22:41:05,server_1,1461.83
22:41:05,server_2,112.47
22:41:05,server_3,62.01
22:41:05,server_5,130.65
22:41:05,server_6,92.24
22:41:05,server_7,12.0
22:41:05,server_4,19.46
22:41:10,server_20,87.65
22:41:10,server_11,0.0
22:41:10,server_18,143.57
22:41:10,server_17,63.63
22:41:10,server_16,853.39
22:41:10,server_15,99.58
22:41:10,server_14,54.98
22:41:10,server_13,1065.03
22:41:10,server_12,78.35
22:41:10,server_19,1048.81
22:41:10,server_10,32.18
22:41:10,server_8,1743.37
22:41:10,server_1,8.75
22:41:10,server_2,35.47
22:41:10,server_3,68.89
22:41:10,server_9,122.71
22:41:10,server_5,117.13
22:41:10,server_6,9458.74
22:41:10,server_7,18.12
22:41:10,server_4,105.28
22:41:15,server_19,5885.86
22:41:15,server_18,0.0
22:41:15,server_17,127.59
22:41:15,server_16,9.26
22:41:15,server_15,68.89
22:41:15,server_14,4.81
22:41:15,server_13,51.45
22:41:15,server_12,21.19
22:41:15,server_11,965.13
22:41:15,server_20,190.91
22:41:15,server_9,6639.53
22:41:15,server_1,1608.81
22:41:15,server_2,139.18
22:41:15,server_3,158.34
22:41:15,server_4,0.0
22:41:15,server_10,0.0
22:41:15,server_6,0.0
22:41:15,server_7,59.7
22:41:15,server_8,0.0
22:41:15,server_5,1699.24
22:41:20,server_11,154.91
22:41:20,server_19,33.62
22:41:20,server_18,114.41
22:41:20,server_17,9.08
22:41:20,server_16,81.17
22:41:20,server_15,192.49
22:41:20,server_14,67.14
22:41:20,server_13,1495.67
22:41:20,server_12,50.34
22:41:20,server_20,41.94
22:41:20,server_10,145.36
22:41:20,server_8,27.07
22:41:20,server_9,95.77
22:41:20,server_1,56.3
22:41:20,server_2,117.58
22:41:20,server_3,67.82
22:41:20,server_5,1926.88
22:41:20,server_6,77.16
22:41:20,server_7,1518.41
22:41:20,server_4,64.11
22:41:25,server_20,89.91
22:41:25,server_19,113.72
22:41:25,server_18,11.27
22:41:25,server_17,38.91
22:41:25,server_16,21.09
22:41:25,server_15,172.67
22:41:25,server_14,51.31
22:41:25,server_13,22.6
22:41:25,server_12,0.0
22:41:25,server_11,80.05
22:41:25,server_9,36.95
22:41:25,server_1,29.83
22:41:25,server_2,129.02
22:41:25,server_3,779.43
22:41:25,server_4,6229.37
22:41:25,server_10,8736.44
22:41:25,server_6,72.34
22:41:25,server_7,25.83
22:41:25,server_8,164.91
22:41:25,server_5,0.0
22:41:30,server_12,9188.21
22:41:30,server_19,3636.86
22:41:30,server_18,68.91
22:41:30,server_17,3520.02
22:41:30,server_16,17.91
22:41:30,server_15,1283.41
22:41:30,server_14,32.94
22:41:30,server_13,145.81
22:41:30,server_11,141.39
22:41:30,server_20,0.0
22:41:30,server_9,146.72
22:41:30,server_1,32.11
22:41:30,server_2,14.78
22:41:30,server_3,124.94
22:41:30,server_4,31.34
22:41:30,server_10,1531.76
22:41:30,server_6,171.45
22:41:30,server_7,133.14
22:41:30,server_8,0.0
22:41:30,server_5,0.0
22:41:35,server_11,0.0
22:41:35,server_19,47.33
22:41:35,server_18,129.0
22:41:35,server_17,173.36
22:41:35,server_16,102.7
22:41:35,server_15,68.78
22:41:35,server_14,1881.15
22:41:35,server_13,79.34
22:41:35,server_12,1176.72
22:41:35,server_20,4203.53
22:41:35,server_10,8278.6
22:41:35,server_8,75.04
22:41:35,server_7,84.1
22:41:35,server_6,52.59
22:41:35,server_5,85.12
22:41:35,server_4,77.51
22:41:35,server_3,0.88
22:41:35,server_2,73.06
22:41:35,server_1,16.51
22:41:35,server_9,57.45
22:41:40,server_13,118.14
22:41:40,server_14,97.96
22:41:40,server_15,35.16
22:41:40,server_16,9745.14
22:41:40,server_20,83.73
22:41:40,server_18,99.94
22:41:40,server_19,4298.59
22:41:40,server_12,95.26
22:41:40,server_17,178.34
22:41:40,server_11,34.69
22:41:40,server_10,695.58
22:41:40,server_9,83.1
22:41:40,server_2,0.55
22:41:40,server_3,64.76
22:41:40,server_4,0.0
22:41:40,server_1,89.47
22:41:40,server_6,86.85
22:41:40,server_7,765.94
22:41:40,server_8,0.0
22:41:40,server_5,32.9
22:41:45,server_12,155.44
22:41:45,server_19,105.99
22:41:45,server_18,106.35
22:41:45,server_17,28.61
22:41:45,server_16,0.0
22:41:45,server_15,75.16
22:41:45,server_14,155.09
22:41:45,server_13,0.0
22:41:45,server_11,7.44
22:41:45,server_20,46.85
22:41:45,server_9,0.0
22:41:45,server_1,4794.48
22:41:45,server_2,0.0
22:41:45,server_3,31.65
22:41:45,server_4,18.13
22:41:45,server_10,52.8
22:41:45,server_6,30.04
22:41:45,server_7,24.9
22:41:45,server_8,7841.74
22:41:45,server_5,45.28
22:41:50,server_11,4082.18
22:41:50,server_19,35.15
22:41:50,server_18,81.93
22:41:50,server_17,101.53
22:41:50,server_16,63.57
22:41:50,server_15,130.95
22:41:50,server_14,47.12
22:41:50,server_13,132.98
22:41:50,server_12,0.0
22:41:50,server_20,0.0
22:41:50,server_10,0.0
22:41:50,server_8,126.24
22:41:50,server_7,89.63
22:41:50,server_6,66.99
22:41:50,server_5,5162.67
22:41:50,server_4,160.98
22:41:50,server_3,8495.18
22:41:50,server_2,23.28
22:41:50,server_1,91.92
22:41:50,server_9,118.71
22:41:55,server_14,0.0
22:41:55,server_15,67.67
22:41:55,server_16,56.82
22:41:55,server_13,7826.99
22:41:55,server_18,69.07
22:41:55,server_19,117.93
22:41:55,server_20,26.74
22:41:55,server_17,48.78
22:41:55,server_12,135.07
22:41:55,server_11,0.0
22:41:55,server_1,136.62
22:41:55,server_9,100.16
22:41:55,server_8,4.22
22:41:55,server_7,138.68
22:41:55,server_6,0.0
22:41:55,server_5,91.89
22:41:55,server_4,4771.48
22:41:55,server_3,110.63
22:41:55,server_2,152.33
22:41:55,server_10,0.0
22:42:00,server_13,179.43
22:42:00,server_14,57.15
22:42:00,server_15,111.27
22:42:00,server_20,126.24
22:42:00,server_18,90.68
22:42:00,server_19,28.98
22:42:00,server_12,540.49
22:42:00,server_16,33.72
22:42:00,server_11,3721.75
22:42:00,server_17,97.72
22:42:00,server_9,83.75
22:42:00,server_10,1069.76
22:42:00,server_2,28.27
22:42:00,server_3,8671.5
22:42:00,server_4,9869.69
22:42:00,server_1,61.06
22:42:00,server_6,65.25
22:42:00,server_7,115.58
22:42:00,server_8,0.0
22:42:00,server_5,842.18
22:42:05,server_20,113.03
22:42:05,server_12,31.06
22:42:05,server_19,69.22
22:42:05,server_18,71.43
22:42:05,server_17,37.97
22:42:05,server_16,0.0
22:42:05,server_15,0.0
22:42:05,server_14,1436.13
22:42:05,server_13,97.67
22:42:05,server_11,5378.29
22:42:05,server_7,6585.13
22:42:05,server_9,73.71
22:42:05,server_8,24.85
22:42:05,server_6,43.44
22:42:05,server_5,0.0
22:42:05,server_4,9824.08
22:42:05,server_3,3745.33
22:42:05,server_2,4679.03
22:42:05,server_1,4.03
22:42:05,server_10,104.13
22:42:10,server_15,83.6
22:42:10,server_13,0.0
22:42:10,server_14,4506.58
22:42:10,server_16,29.68
22:42:10,server_12,982.92
22:42:10,server_18,1555.31
22:42:10,server_19,74.68
22:42:10,server_20,1034.25
22:42:10,server_17,56.91
22:42:10,server_11,49.24
22:42:10,server_1,50.19
22:42:10,server_9,1620.03
22:42:10,server_2,53.92
22:42:10,server_3,92.23
22:42:10,server_4,118.86
22:42:10,server_10,1865.25
22:42:10,server_6,1304.97
22:42:10,server_7,846.06
22:42:10,server_8,1002.5
22:42:10,server_5,89.41
22:42:15,server_13,127.83
22:42:15,server_20,9862.69
22:42:15,server_19,14.18
22:42:15,server_18,64.63
22:42:15,server_17,109.41
22:42:15,server_16,121.48
22:42:15,server_15,32.12
22:42:15,server_14,63.33
22:42:15,server_12,4579.63
22:42:15,server_11,0.0
22:42:15,server_1,13.59
22:42:15,server_9,9426.11
22:42:15,server_8,61.18
22:42:15,server_7,4195.9
22:42:15,server_6,0.0
22:42:15,server_5,40.8
22:42:15,server_4,34.82
22:42:15,server_3,147.51
22:42:15,server_2,38.9
22:42:15,server_10,148.45
22:42:20,server_13,43.16
22:42:20,server_14,3892.36
22:42:20,server_15,0.0
22:42:20,server_16,57.71
22:42:20,server_12,9424.73
22:42:20,server_18,68.52
22:42:20,server_19,101.92
22:42:20,server_20,104.72
22:42:20,server_17,24.21
22:42:20,server_11,46.11
22:42:20,server_1,48.22
22:42:20,server_9,111.21
22:42:20,server_8,82.18
22:42:20,server_7,744.28
22:42:20,server_6,0.0
22:42:20,server_5,145.45
22:42:20,server_4,168.68
22:42:20,server_3,126.46
22:42:20,server_2,9053.56
22:42:20,server_10,5585.63
22:42:25,server_13,13.45
22:42:25,server_14,77.27
22:42:25,server_15,14.2
22:42:25,server_16,3.47
22:42:25,server_20,132.26
22:42:25,server_18,0.0
22:42:25,server_19,95.01
22:42:25,server_12,163.61
22:42:25,server_17,130.3
22:42:25,server_11,105.49
22:42:25,server_1,1217.97
22:42:25,server_9,42.31
22:42:25,server_2,6647.91
22:42:25,server_3,164.68
22:42:25,server_4,20.38
22:42:25,server_10,0.0
22:42:25,server_6,87.01
22:42:25,server_7,64.57
22:42:25,server_8,55.4
22:42:25,server_5,8.48
22:42:30,server_12,27.07
22:42:30,server_19,75.74
22:42:30,server_18,56.52
22:42:30,server_17,0.0
22:42:30,server_16,75.36
22:42:30,server_15,1593.35
22:42:30,server_14,17.63
22:42:30,server_13,80.31
22:42:30,server_20,0.0
22:42:30,server_11,70.74
22:42:30,server_9,29.12
22:42:30,server_8,88.15
22:42:30,server_7,85.65
22:42:30,server_6,0.0
22:42:30,server_5,0.0
22:42:30,server_4,130.26
22:42:30,server_3,3915.5
22:42:30,server_2,91.78
22:42:30,server_1,96.38
22:42:30,server_10,139.71
22:42:35,server_13,61.67
22:42:35,server_14,1226.85
22:42:35,server_15,9458.85
22:42:35,server_16,805.52
22:42:35,server_12,8443.19
22:42:35,server_18,59.4
22:42:35,server_19,5248.65
22:42:35,server_20,70.34
22:42:35,server_17,44.97
22:42:35,server_11,111.38
22:42:35,server_10,0.0
22:42:35,server_9,32.38
22:42:35,server_8,75.3
22:42:35,server_7,109.42
22:42:35,server_6,9.11
22:42:35,server_5,835.28
22:42:35,server_4,1385.01
22:42:35,server_3,75.18
22:42:35,server_2,85.68
22:42:35,server_1,91.88
22:42:40,server_13,97.36
22:42:40,server_14,44.53
22:42:40,server_15,0.0
22:42:40,server_16,45.7
22:42:40,server_20,5962.69
22:42:40,server_18,98.75
22:42:40,server_19,0.5
22:42:40,server_12,92.51
22:42:40,server_17,28.98
22:42:40,server_11,3.26
22:42:40,server_10,36.53
22:42:40,server_9,49.38
22:42:40,server_2,188.37
22:42:40,server_3,136.14
22:42:40,server_4,133.64
22:42:40,server_1,1515.96
22:42:40,server_6,33.08
22:42:40,server_7,64.49
22:42:40,server_8,169.26
22:42:40,server_5,1968.57
22:42:45,server_12,0.0
22:42:45,server_19,57.43
22:42:45,server_18,42.87
22:42:45,server_17,1818.71
22:42:45,server_16,7816.78
22:42:45,server_15,52.22
22:42:45,server_14,0.0
22:42:45,server_13,7621.92
22:42:45,server_11,738.36
22:42:45,server_20,43.41
22:42:45,server_9,94.15
22:42:45,server_1,107.37
22:42:45,server_2,105.54
22:42:45,server_3,0.0
22:42:45,server_4,6700.11
22:42:45,server_10,52.46
22:42:45,server_6,6896.61
22:42:45,server_7,76.45
22:42:45,server_8,52.1
22:42:45,server_5,145.55
22:42:50,server_12,198.92
22:42:50,server_19,27.61
22:42:50,server_18,206.25
22:42:50,server_17,0.0
22:42:50,server_16,22.94
22:42:50,server_15,0.0
22:42:50,server_14,85.89
22:42:50,server_13,18.89
22:42:50,server_11,151.26
22:42:50,server_20,5357.61
22:42:50,server_9,53.05
22:42:50,server_1,23.82
22:42:50,server_2,9530.2
22:42:50,server_3,4128.36
22:42:50,server_4,13.69
22:42:50,server_10,0.0
22:42:50,server_6,0.0
22:42:50,server_7,28.51
22:42:50,server_8,3245.59
22:42:50,server_5,8833.53
22:42:55,server_11,95.58
22:42:55,server_19,26.03
22:42:55,server_18,93.83
22:42:55,server_17,165.43
22:42:55,server_16,7870.67
22:42:55,server_15,103.4
22:42:55,server_14,99.62
22:42:55,server_13,66.0
22:42:55,server_12,78.37
22:42:55,server_20,48.17
22:42:55,server_10,26.56
22:42:55,server_8,1.91
22:42:55,server_7,18.52
22:42:55,server_6,74.22
22:42:55,server_5,5.54
22:42:55,server_4,0.0
22:42:55,server_3,59.44
22:42:55,server_2,163.01
22:42:55,server_1,7986.83
22:42:55,server_9,18.85
22:43:00,server_13,65.55
22:43:00,server_14,3028.99
22:43:00,server_15,0.0
22:43:00,server_12,16.96
22:43:00,server_17,61.13
22:43:00,server_18,92.67
22:43:00,server_19,0.0
22:43:00,server_16,144.52
22:43:00,server_11,172.49
22:43:00,server_20,96.4
22:43:00,server_9,25.9
22:43:00,server_1,65.56
22:43:00,server_2,96.62
22:43:00,server_3,9330.4
22:43:00,server_4,66.86
22:43:00,server_10,1360.1
22:43:00,server_6,0.0
22:43:00,server_7,91.33
22:43:00,server_8,5531.0
22:43:00,server_5,45.63
22:43:05,server_19,99.2
22:43:05,server_18,514.15
22:43:05,server_17,99.46
22:43:05,server_16,0.0
22:43:05,server_15,47.84
22:43:05,server_14,64.48
22:43:05,server_13,32.64
22:43:05,server_12,9807.36
22:43:05,server_11,997.07
22:43:05,server_20,20.77
22:43:05,server_9,43.64
22:43:05,server_1,62.48
22:43:05,server_2,6163.16
22:43:05,server_3,115.74
22:43:05,server_4,1367.53
22:43:05,server_10,69.38
22:43:05,server_6,155.24
22:43:05,server_7,110.23
22:43:05,server_8,47.1
22:43:05,server_5,27.35
22:43:10,server_11,85.85
22:43:10,server_19,14.74
22:43:10,server_18,131.74
22:43:10,server_17,25.2
22:43:10,server_16,23.13
22:43:10,server_15,0.0
22:43:10,server_14,0.0
22:43:10,server_13,0.0
22:43:10,server_12,96.74
22:43:10,server_20,103.36
22:43:10,server_10,20.5
22:43:10,server_8,75.9
22:43:10,server_9,3662.0
22:43:10,server_1,42.13
22:43:10,server_2,1485.87
22:43:10,server_3,868.42
22:43:10,server_5,76.0
22:43:10,server_6,1328.56
22:43:10,server_7,35.71
22:43:10,server_4,570.22
22:43:15,server_20,3246.53
22:43:15,server_11,1769.33
22:43:15,server_18,23.28
22:43:15,server_17,31.72
22:43:15,server_16,941.55
22:43:15,server_15,53.89
22:43:15,server_14,69.11
22:43:15,server_13,96.98
22:43:15,server_12,40.97
22:43:15,server_19,79.13
22:43:15,server_10,37.78
22:43:15,server_8,67.37
22:43:15,server_1,52.12
22:43:15,server_2,184.3
22:43:15,server_3,36.86
22:43:15,server_9,127.24
22:43:15,server_5,80.3
22:43:15,server_6,3.79
22:43:15,server_7,0.0
22:43:15,server_4,7755.15
22:43:20,server_12,36.72
22:43:20,server_19,19.24
22:43:20,server_18,5263.32
22:43:20,server_17,166.06
22:43:20,server_16,1695.4
22:43:20,server_15,24.56
22:43:20,server_14,39.88
22:43:20,server_13,0.0
22:43:20,server_11,49.17
22:43:20,server_20,42.36
22:43:20,server_9,81.45
22:43:20,server_1,15.68
22:43:20,server_2,109.47
22:43:20,server_3,14.85
22:43:20,server_4,5190.42
22:43:20,server_10,132.72
22:43:20,server_6,52.27
22:43:20,server_7,23.75
22:43:20,server_8,68.51
22:43:20,server_5,61.95
22:43:25,server_11,11.36
22:43:25,server_19,68.12
22:43:25,server_18,28.57
22:43:25,server_17,57.16
22:43:25,server_16,0.0
22:43:25,server_15,81.37
22:43:25,server_14,28.76
22:43:25,server_13,84.54
22:43:25,server_12,76.35
22:43:25,server_20,50.1
22:43:25,server_10,34.56
22:43:25,server_8,27.69
22:43:25,server_7,171.25
22:43:25,server_6,132.53
22:43:25,server_5,108.93
22:43:25,server_4,23.17
22:43:25,server_3,0.0
22:43:25,server_2,23.6
22:43:25,server_1,117.74
22:43:25,server_9,72.77
22:43:30,server_13,28.65
22:43:30,server_14,57.34
22:43:30,server_15,0.0
22:43:30,server_12,49.86
22:43:30,server_17,1289.59
22:43:30,server_18,0.0
22:43:30,server_19,7.26
22:43:30,server_16,139.8
22:43:30,server_11,0.0
22:43:30,server_20,86.13
22:43:30,server_9,570.76
22:43:30,server_1,169.72
22:43:30,server_2,56.21
22:43:30,server_3,9920.73
22:43:30,server_4,84.69
22:43:30,server_10,19.68
22:43:30,server_6,72.96
22:43:30,server_7,7.83
22:43:30,server_8,1.94
22:43:30,server_5,70.6
22:43:35,server_12,31.92
22:43:35,server_20,9868.77
22:43:35,server_19,0.0
22:43:35,server_18,29.15
22:43:35,server_17,826.67
22:43:35,server_16,1422.12
22:43:35,server_15,39.49
22:43:35,server_14,6788.23
22:43:35,server_13,137.06
22:43:35,server_11,182.93
22:43:35,server_10,22.72
22:43:35,server_9,9429.55
22:43:35,server_2,19.89
22:43:35,server_3,0.0
22:43:35,server_4,40.66
22:43:35,server_1,115.15
22:43:35,server_6,61.44
22:43:35,server_7,14.08
22:43:35,server_8,129.29
22:43:35,server_5,8469.61
22:43:40,server_12,93.68
22:43:40,server_19,90.72
22:43:40,server_18,8343.26
22:43:40,server_17,80.49
22:43:40,server_16,1273.21
22:43:40,server_15,135.8
22:43:40,server_14,74.15
22:43:40,server_13,0.0
22:43:40,server_11,585.69
22:43:40,server_20,193.12
22:43:40,server_9,1840.36
22:43:40,server_1,17.02
22:43:40,server_2,58.54
22:43:40,server_3,98.89
22:43:40,server_4,80.52
22:43:40,server_10,95.5
22:43:40,server_6,102.88
22:43:40,server_7,0.0
22:43:40,server_8,161.32
22:43:40,server_5,57.53
22:43:45,server_12,28.44
22:43:45,server_19,73.75
22:43:45,server_18,0.0
22:43:45,server_17,0.0
22:43:45,server_16,38.8
22:43:45,server_15,70.56
22:43:45,server_14,144.69
22:43:45,server_13,81.19
22:43:45,server_11,110.47
22:43:45,server_20,1947.4
22:43:45,server_9,114.64
22:43:45,server_1,9613.86
22:43:45,server_2,36.34
22:43:45,server_3,77.87
22:43:45,server_4,112.72
22:43:45,server_10,70.79
22:43:45,server_6,1515.1
22:43:45,server_7,5336.88
22:43:45,server_8,49.38
22:43:45,server_5,55.1
22:43:50,server_11,26.65
22:43:50,server_19,9536.34
22:43:50,server_18,5.96
22:43:50,server_17,9.65
22:43:50,server_16,0.0
22:43:50,server_15,96.19
22:43:50,server_14,70.57
22:43:50,server_13,13.7
22:43:50,server_12,0.0
22:43:50,server_20,165.94
22:43:50,server_10,102.88
22:43:50,server_8,51.14
22:43:50,server_7,42.91
22:43:50,server_6,106.08
22:43:50,server_5,109.35
22:43:50,server_4,195.59
22:43:50,server_3,17.09
22:43:50,server_2,143.57
22:43:50,server_1,0.0
22:43:50,server_9,118.06
22:43:55,server_13,18.14
22:43:55,server_14,6698.92
22:43:55,server_15,106.97
22:43:55,server_12,127.34
22:43:55,server_17,31.3
22:43:55,server_18,75.13
22:43:55,server_19,8969.92
22:43:55,server_16,96.93
22:43:55,server_11,57.08
22:43:55,server_20,65.55
22:43:55,server_9,103.37
22:43:55,server_1,28.82
22:43:55,server_2,163.66
22:43:55,server_3,41.85
22:43:55,server_4,104.87
22:43:55,server_10,115.43
22:43:55,server_6,177.92
22:43:55,server_7,0.0
22:43:55,server_8,1826.09
22:43:55,server_5,6615.39
22:44:00,server_19,118.75
22:44:00,server_18,82.09
22:44:00,server_17,73.48
22:44:00,server_16,113.07
22:44:00,server_15,65.05
22:44:00,server_14,0.0
22:44:00,server_13,7832.64
22:44:00,server_12,37.69
22:44:00,server_11,20.38
22:44:00,server_20,0.0
22:44:00,server_9,33.67
22:44:00,server_1,0.0
22:44:00,server_2,9.53
22:44:00,server_3,0.0
22:44:00,server_4,0.0
22:44:00,server_10,186.51
22:44:00,server_6,156.78
22:44:00,server_7,11.97
22:44:00,server_8,7645.09
22:44:00,server_5,26.8
22:44:05,server_11,42.04
22:44:05,server_19,129.01
22:44:05,server_18,53.06
22:44:05,server_17,9.18
22:44:05,server_16,108.98
22:44:05,server_15,55.18
22:44:05,server_14,69.12
22:44:05,server_13,66.08
22:44:05,server_12,6036.19
22:44:05,server_20,30.79
22:44:05,server_10,11.74
22:44:05,server_8,0.0
22:44:05,server_9,127.29
22:44:05,server_1,36.93
22:44:05,server_2,155.78
22:44:05,server_3,0.0
22:44:05,server_5,54.26
22:44:05,server_6,78.1
22:44:05,server_7,2.98
22:44:05,server_4,87.71
22:44:10,server_20,28.15
22:44:10,server_11,57.46
22:44:10,server_18,65.15
22:44:10,server_17,0.0
22:44:10,server_16,9224.08
22:44:10,server_15,857.77
22:44:10,server_14,32.37
22:44:10,server_13,1612.27
22:44:10,server_12,1309.87
22:44:10,server_19,9.45
22:44:10,server_10,165.06
22:44:10,server_8,81.06
22:44:10,server_1,78.91
22:44:10,server_2,4185.91
22:44:10,server_3,84.99
22:44:10,server_9,94.19
22:44:10,server_5,7791.3
22:44:10,server_6,0.0
22:44:10,server_7,70.73
22:44:10,server_4,0.0
22:44:15,server_12,64.87
22:44:15,server_19,65.04
22:44:15,server_18,1414.71
22:44:15,server_17,9.59
22:44:15,server_16,40.93
22:44:15,server_15,73.1
22:44:15,server_14,98.57
22:44:15,server_13,125.53
22:44:15,server_11,1058.71
22:44:15,server_20,72.0
22:44:15,server_9,9692.71
22:44:15,server_1,66.56
22:44:15,server_2,3064.77
22:44:15,server_3,0.0
22:44:15,server_4,1483.38
22:44:15,server_10,53.49
22:44:15,server_6,136.85
22:44:15,server_7,55.48
22:44:15,server_8,42.84
22:44:15,server_5,951.89
22:44:20,server_11,130.85
22:44:20,server_19,30.04
22:44:20,server_18,45.4
22:44:20,server_17,75.85
22:44:20,server_16,9490.99
22:44:20,server_15,0.0
22:44:20,server_14,140.97
22:44:20,server_13,29.6
22:44:20,server_12,99.1
22:44:20,server_20,9944.39
22:44:20,server_10,63.04
22:44:20,server_8,151.54
22:44:20,server_7,1404.17
22:44:20,server_6,70.58
22:44:20,server_5,0.0
22:44:20,server_4,1664.55
22:44:20,server_3,72.45
22:44:20,server_2,0.0
22:44:20,server_1,144.02
22:44:20,server_9,1502.97
22:44:25,server_13,28.43
22:44:25,server_14,0.0
22:44:25,server_15,32.86
22:44:25,server_12,124.74
22:44:25,server_17,25.29
22:44:25,server_18,726.22
22:44:25,server_19,33.86
22:44:25,server_16,50.88
22:44:25,server_11,71.31
22:44:25,server_20,3166.38
22:44:25,server_9,99.76
22:44:25,server_1,39.82
22:44:25,server_2,0.0
22:44:25,server_3,1557.15
22:44:25,server_4,51.66
22:44:25,server_10,122.38
22:44:25,server_6,20.49
22:44:25,server_7,60.71
22:44:25,server_8,0.0
22:44:25,server_5,45.43
22:44:30,server_20,1035.89
22:44:30,server_19,94.21
22:44:30,server_18,96.11
22:44:30,server_17,58.65
22:44:30,server_16,0.0
22:44:30,server_15,88.33
22:44:30,server_14,72.75
22:44:30,server_12,55.82
22:44:30,server_11,58.3
22:44:30,server_13,32.62
22:44:30,server_9,1400.63
22:44:30,server_10,32.6
22:44:30,server_2,64.15
22:44:30,server_3,115.77
22:44:30,server_4,46.91
22:44:30,server_1,109.09
22:44:30,server_6,101.54
22:44:30,server_7,5756.56
22:44:30,server_8,0.0
22:44:30,server_5,54.87
22:44:35,server_12,4374.1
22:44:35,server_20,139.71
22:44:35,server_19,0.0
22:44:35,server_18,1984.48
22:44:35,server_17,36.04
22:44:35,server_16,4594.06
22:44:35,server_15,0.0
22:44:35,server_14,198.93
22:44:35,server_13,0.0
22:44:35,server_11,0.0
22:44:35,server_3,7886.99
22:44:35,server_9,97.71
22:44:35,server_10,61.93
22:44:35,server_2,138.47
22:44:35,server_4,1253.16
22:44:35,server_1,0.0
22:44:35,server_6,93.9
22:44:35,server_7,112.83
22:44:35,server_8,12.43
22:44:35,server_5,0.0
22:44:40,server_12,0.0
22:44:40,server_19,72.3
22:44:40,server_18,38.55
22:44:40,server_17,11.22
22:44:40,server_16,2.4
22:44:40,server_15,0.0
22:44:40,server_14,39.05
22:44:40,server_20,106.61
22:44:40,server_11,44.09
22:44:40,server_13,6921.14
22:44:40,server_9,699.3
22:44:40,server_1,114.19
22:44:40,server_2,93.42
22:44:40,server_3,80.78
22:44:40,server_4,36.4
22:44:40,server_10,0.0
22:44:40,server_6,57.18
22:44:40,server_7,80.37
22:44:40,server_8,50.85
22:44:40,server_5,1998.21
22:44:45,server_19,143.35
22:44:45,server_18,43.11
22:44:45,server_17,42.86
22:44:45,server_16,682.99
22:44:45,server_15,21.41
22:44:45,server_14,37.49
22:44:45,server_13,166.81
22:44:45,server_12,910.41
22:44:45,server_11,59.52
22:44:45,server_20,0.0
22:44:45,server_9,1980.46
22:44:45,server_1,108.21
22:44:45,server_2,5134.06
22:44:45,server_3,122.1
22:44:45,server_4,1753.92
22:44:45,server_10,4847.89
22:44:45,server_6,193.02
22:44:45,server_7,12.24
22:44:45,server_8,1755.74
22:44:45,server_5,157.08
22:44:50,server_11,0.0
22:44:50,server_19,16.65
22:44:50,server_18,55.05
22:44:50,server_17,0.0
22:44:50,server_16,0.0
22:44:50,server_15,118.36
22:44:50,server_14,18.13
22:44:50,server_13,4072.95
22:44:50,server_12,124.87
22:44:50,server_20,4.96
22:44:50,server_10,64.84
22:44:50,server_8,71.83
22:44:50,server_9,63.75
22:44:50,server_1,0.0
22:44:50,server_2,110.27
22:44:50,server_3,30.4
22:44:50,server_5,26.89
22:44:50,server_6,118.24
22:44:50,server_7,0.0
22:44:50,server_4,7.07
22:44:55,server_20,86.86
22:44:55,server_11,102.69
22:44:55,server_18,15.85
22:44:55,server_17,926.33
22:44:55,server_16,1728.11
22:44:55,server_15,5397.46
22:44:55,server_14,1097.35
22:44:55,server_13,72.15
22:44:55,server_12,3233.63
22:44:55,server_19,83.47
22:44:55,server_10,45.51
22:44:55,server_8,132.05
22:44:55,server_1,0.0
22:44:55,server_2,130.5
22:44:55,server_3,113.17
22:44:55,server_9,67.25
22:44:55,server_5,36.67
22:44:55,server_6,1090.11
22:44:55,server_7,0.0
22:44:55,server_4,0.0
22:45:00,server_20,72.44
22:45:00,server_19,32.79
22:45:00,server_18,0.0
22:45:00,server_17,1614.45
22:45:00,server_16,81.05
22:45:00,server_15,118.45
22:45:00,server_14,159.74
22:45:00,server_12,1579.17
22:45:00,server_11,984.39
22:45:00,server_13,90.21
22:45:00,server_9,22.37
22:45:00,server_10,0.0
22:45:00,server_2,69.1
22:45:00,server_3,71.74
22:45:00,server_4,1308.09
22:45:00,server_1,85.44
22:45:00,server_6,0.0
22:45:00,server_7,73.8
22:45:00,server_8,83.49
22:45:00,server_5,198.7
22:45:05,server_12,101.75
22:45:05,server_19,0.0
22:45:05,server_18,87.08
22:45:05,server_20,1825.22
22:45:05,server_17,100.65
22:45:05,server_16,24.18
22:45:05,server_15,28.02
22:45:05,server_14,0.0
22:45:05,server_13,0.0
22:45:05,server_11,121.32
22:45:05,server_3,594.68
22:45:05,server_9,3883.91
22:45:05,server_10,152.13
22:45:05,server_2,0.0
22:45:05,server_4,17.01
22:45:05,server_1,8720.9
22:45:05,server_6,998.07
22:45:05,server_7,9598.01
22:45:05,server_8,140.55
22:45:05,server_5,44.57
22:45:10,server_11,0.0
22:45:10,server_20,0.0
22:45:10,server_18,142.19
22:45:10,server_17,819.92
22:45:10,server_16,1937.84
22:45:10,server_15,112.9
22:45:10,server_14,1107.51
22:45:10,server_13,101.94
22:45:10,server_12,165.96
22:45:10,server_19,33.13
22:45:10,server_10,31.0
22:45:10,server_8,9781.35
22:45:10,server_1,6575.21
22:45:10,server_2,96.37
22:45:10,server_3,0.0
22:45:10,server_9,1948.19
22:45:10,server_5,0.0
22:45:10,server_6,41.95
22:45:10,server_7,0.0
22:45:10,server_4,8894.86
22:45:15,server_12,127.19
22:45:15,server_19,1313.58
22:45:15,server_18,1413.37
22:45:15,server_17,3318.66
22:45:15,server_16,75.01
22:45:15,server_15,1698.1
22:45:15,server_14,62.67
22:45:15,server_13,6818.14
22:45:15,server_11,32.61
22:45:15,server_20,0.55
22:45:15,server_9,0.0
22:45:15,server_1,6237.83
22:45:15,server_2,0.0
22:45:15,server_3,177.71
22:45:15,server_4,4998.2
22:45:15,server_10,26.46
22:45:15,server_6,63.34
22:45:15,server_7,64.93
22:45:15,server_8,23.69
22:45:15,server_5,93.16
22:45:20,server_11,8169.9
22:45:20,server_19,5117.49
22:45:20,server_18,155.25
22:45:20,server_17,168.71
22:45:20,server_16,100.88
22:45:20,server_15,98.77
22:45:20,server_14,15.48
22:45:20,server_13,1341.35
22:45:20,server_12,170.02
22:45:20,server_20,1643.98
22:45:20,server_10,5136.36
22:45:20,server_8,110.11
22:45:20,server_7,74.85
22:45:20,server_6,85.03
22:45:20,server_5,123.5
22:45:20,server_4,23.13
22:45:20,server_3,54.86
22:45:20,server_2,88.08
22:45:20,server_1,59.78
22:45:20,server_9,59.32
22:45:25,server_13,0.0
22:45:25,server_14,6924.41
22:45:25,server_20,67.37
22:45:25,server_12,62.43
22:45:25,server_17,21.12
22:45:25,server_18,66.06
22:45:25,server_19,3.86
22:45:25,server_16,77.07
22:45:25,server_11,21.87
22:45:25,server_15,59.98
22:45:25,server_9,12.31
22:45:25,server_1,114.73
22:45:25,server_2,609.88
22:45:25,server_3,0.0
22:45:25,server_4,112.15
22:45:25,server_10,3771.22
22:45:25,server_6,108.13
22:45:25,server_7,95.62
22:45:25,server_8,97.84
22:45:25,server_5,55.93
22:45:30,server_12,1024.49
22:45:30,server_20,122.53
22:45:30,server_19,111.53
22:45:30,server_18,66.46
22:45:30,server_17,81.52
22:45:30,server_16,19.57
22:45:30,server_15,21.65
22:45:30,server_14,0.0
22:45:30,server_13,95.55
22:45:30,server_11,4947.78
22:45:30,server_10,188.39
22:45:30,server_9,29.19
22:45:30,server_2,1075.09
22:45:30,server_3,56.52
22:45:30,server_4,65.85
22:45:30,server_1,6197.41
22:45:30,server_6,1167.27
22:45:30,server_7,64.79
22:45:30,server_8,27.65
22:45:30,server_5,1092.63
22:45:35,server_12,0.0
22:45:35,server_19,55.06
22:45:35,server_18,0.0
22:45:35,server_17,23.09
22:45:35,server_16,64.11
22:45:35,server_15,177.38
22:45:35,server_14,0.0
22:45:35,server_13,27.03
22:45:35,server_11,57.58
22:45:35,server_20,8242.5
22:45:35,server_9,22.47
22:45:35,server_1,20.86
22:45:35,server_2,7.04
22:45:35,server_3,0.0
22:45:35,server_4,11.53
22:45:35,server_10,18.91
22:45:35,server_6,1205.38
22:45:35,server_7,85.69
22:45:35,server_8,91.38
22:45:35,server_5,8.98
22:45:40,server_12,96.14
22:45:40,server_19,78.72
22:45:40,server_18,87.42
22:45:40,server_17,83.92
22:45:40,server_16,12.34
22:45:40,server_15,39.74
22:45:40,server_14,18.25
22:45:40,server_13,8077.1
22:45:40,server_11,5.11
22:45:40,server_20,931.46
22:45:40,server_9,81.79
22:45:40,server_1,24.09
22:45:40,server_2,5076.4
22:45:40,server_3,139.3
22:45:40,server_4,143.64
22:45:40,server_10,1085.36
22:45:40,server_6,0.0
22:45:40,server_7,102.7
22:45:40,server_8,878.87
22:45:40,server_5,3315.68
22:45:45,server_11,192.46
22:45:45,server_19,1645.82
22:45:45,server_18,28.33
22:45:45,server_17,0.0
22:45:45,server_16,96.21
22:45:45,server_15,0.0
22:45:45,server_14,85.69
22:45:45,server_13,0.0
22:45:45,server_12,0.0
22:45:45,server_20,104.45
22:45:45,server_10,62.29
22:45:45,server_8,82.85
22:45:45,server_7,134.38
22:45:45,server_6,4191.51
22:45:45,server_5,64.94
22:45:45,server_4,8347.34
22:45:45,server_3,6813.92
22:45:45,server_2,4878.65
22:45:45,server_1,0.0
22:45:45,server_9,69.17
22:45:50,server_13,69.15
22:45:50,server_14,3826.66
22:45:50,server_15,11.61
22:45:50,server_12,18.14
22:45:50,server_17,0.0
22:45:50,server_18,0.0
22:45:50,server_19,15.37
22:45:50,server_16,9341.17
22:45:50,server_11,176.85
22:45:50,server_20,131.37
22:45:50,server_9,98.3
22:45:50,server_1,0.0
22:45:50,server_2,0.0
22:45:50,server_3,0.0
22:45:50,server_4,3.44
22:45:50,server_10,229.49
22:45:50,server_6,7.49
22:45:50,server_7,42.75
22:45:50,server_8,1416.63
22:45:50,server_5,73.27
22:45:55,server_19,87.55
22:45:55,server_18,107.99
22:45:55,server_17,7118.14
22:45:55,server_16,98.36
22:45:55,server_15,43.07
22:45:55,server_14,68.35
22:45:55,server_13,0.0
22:45:55,server_12,0.0
22:45:55,server_11,71.3
22:45:55,server_20,129.5
22:45:55,server_9,77.98
22:45:55,server_1,0.0
22:45:55,server_2,49.0
22:45:55,server_3,130.39
22:45:55,server_4,136.14
22:45:55,server_10,116.67
22:45:55,server_6,1951.29
22:45:55,server_7,98.25
22:45:55,server_8,5246.0
22:45:55,server_5,4072.86
22:46:00,server_11,52.3
22:46:00,server_19,99.28
22:46:00,server_18,51.12
22:46:00,server_17,1205.87
22:46:00,server_16,0.0
22:46:00,server_15,33.82
22:46:00,server_14,69.95
22:46:00,server_13,72.54
22:46:00,server_12,137.69
22:46:00,server_20,698.2
22:46:00,server_10,50.21
22:46:00,server_8,7786.31
22:46:00,server_9,135.61
22:46:00,server_1,1571.5
22:46:00,server_2,93.63
22:46:00,server_3,97.98
22:46:00,server_5,43.2
22:46:00,server_6,37.02
22:46:00,server_7,0.0
22:46:00,server_4,0.0
22:46:05,server_20,533.32
22:46:05,server_11,0.0
22:46:05,server_18,51.71
22:46:05,server_17,75.4
22:46:05,server_16,0.0
22:46:05,server_15,52.23
22:46:05,server_14,39.2
22:46:05,server_13,0.0
22:46:05,server_12,67.34
22:46:05,server_19,1535.76
22:46:05,server_10,0.0
22:46:05,server_8,59.84
22:46:05,server_1,6.5
22:46:05,server_2,8534.9
22:46:05,server_3,72.94
22:46:05,server_9,7708.45
22:46:05,server_5,39.97
22:46:05,server_6,4703.06
22:46:05,server_7,129.11
22:46:05,server_4,18.35
22:46:10,server_13,69.73
22:46:10,server_20,7355.38
22:46:10,server_19,503.38
22:46:10,server_18,145.25
22:46:10,server_17,186.91
22:46:10,server_16,1328.38
22:46:10,server_15,10.34
22:46:10,server_14,33.7
22:46:10,server_12,5704.84
22:46:10,server_11,7.6
22:46:10,server_1,54.42
22:46:10,server_9,44.32
22:46:10,server_8,4.41
22:46:10,server_7,39.77
22:46:10,server_6,78.92
22:46:10,server_5,15.93
22:46:10,server_4,0.0
22:46:10,server_3,137.62
22:46:10,server_2,47.05
22:46:10,server_10,141.6
22:46:15,server_13,99.64
22:46:15,server_14,43.35
22:46:15,server_15,126.34
22:46:15,server_16,40.96
22:46:15,server_12,9369.2
22:46:15,server_18,155.59
22:46:15,server_19,8.99
22:46:15,server_20,42.82
22:46:15,server_17,9429.53
22:46:15,server_11,716.57
22:46:15,server_1,95.1
22:46:15,server_9,92.28
22:46:15,server_8,104.03
22:46:15,server_7,59.72
22:46:15,server_6,8246.92
22:46:15,server_5,0.0
22:46:15,server_4,8313.25
22:46:15,server_3,2.87
22:46:15,server_2,80.56
22:46:15,server_10,26.9
22:46:20,server_13,8818.42
22:46:20,server_14,4548.45
22:46:20,server_15,805.02
22:46:20,server_16,64.27
22:46:20,server_20,104.75
22:46:20,server_18,70.98
22:46:20,server_19,0.0
22:46:20,server_12,9.98
22:46:20,server_17,74.37
22:46:20,server_11,0.0
22:46:20,server_10,112.49
22:46:20,server_9,179.85
22:46:20,server_8,73.47
22:46:20,server_7,168.51
22:46:20,server_6,0.0
22:46:20,server_5,42.49
22:46:20,server_4,1951.45
22:46:20,server_3,7441.3
22:46:20,server_2,139.26
22:46:20,server_1,8842.72
22:46:25,server_13,0.0
22:46:25,server_14,113.13
22:46:25,server_15,35.52
22:46:25,server_16,30.03
22:46:25,server_20,0.0
22:46:25,server_18,6.39
22:46:25,server_19,7772.45
22:46:25,server_12,140.45
22:46:25,server_17,15.67
22:46:25,server_11,133.34
22:46:25,server_10,3.02
22:46:25,server_9,15.8
22:46:25,server_2,0.0
22:46:25,server_3,44.87
22:46:25,server_4,1625.61
22:46:25,server_1,115.33
22:46:25,server_6,0.0
22:46:25,server_7,1340.05
22:46:25,server_8,7.0
22:46:25,server_5,51.56
22:46:30,server_12,0.0
22:46:30,server_19,6.92
22:46:30,server_18,0.0
22:46:30,server_17,125.74
22:46:30,server_16,4151.89
22:46:30,server_15,71.99
22:46:30,server_14,72.95
22:46:30,server_13,898.15
22:46:30,server_11,114.51
22:46:30,server_20,51.57
22:46:30,server_9,70.35
22:46:30,server_1,49.38
22:46:30,server_2,7.61
22:46:30,server_3,63.82
22:46:30,server_4,11.21
22:46:30,server_10,76.62
22:46:30,server_6,1942.37
22:46:30,server_7,43.36
22:46:30,server_8,88.63
22:46:30,server_5,901.25
22:46:35,server_12,91.68
22:46:35,server_19,0.0
22:46:35,server_18,60.98
22:46:35,server_17,171.24
22:46:35,server_16,0.0
22:46:35,server_15,3881.42
22:46:35,server_14,86.55
22:46:35,server_13,17.43
22:46:35,server_11,0.0
22:46:35,server_20,87.47
22:46:35,server_9,103.61
22:46:35,server_1,64.08
22:46:35,server_2,59.13
22:46:35,server_3,0.0
22:46:35,server_4,17.61
22:46:35,server_10,4894.3
22:46:35,server_6,125.03
22:46:35,server_7,38.23
22:46:35,server_8,103.96
22:46:35,server_5,64.65
22:46:40,server_11,7.5
22:46:40,server_19,35.34
22:46:40,server_18,35.53
22:46:40,server_17,141.69
22:46:40,server_16,1119.44
22:46:40,server_15,38.31
22:46:40,server_14,6112.92
22:46:40,server_13,1.57
22:46:40,server_12,0.0
22:46:40,server_20,190.69
22:46:40,server_10,95.47
22:46:40,server_8,0.0
22:46:40,server_7,0.76
22:46:40,server_6,89.19
22:46:40,server_5,88.62
22:46:40,server_4,85.46
22:46:40,server_3,109.58
22:46:40,server_2,90.44
22:46:40,server_1,99.29
22:46:40,server_9,109.79
22:46:45,server_13,80.34
22:46:45,server_14,42.45
22:46:45,server_15,24.09
22:46:45,server_12,37.25
22:46:45,server_17,45.77
22:46:45,server_18,1922.82
22:46:45,server_19,56.1
22:46:45,server_16,798.45
22:46:45,server_11,1065.5
22:46:45,server_20,163.75
22:46:45,server_9,21.65
22:46:45,server_1,772.87
22:46:45,server_2,100.1
22:46:45,server_3,142.05
22:46:45,server_4,35.04
22:46:45,server_10,96.52
22:46:45,server_6,94.31
22:46:45,server_7,35.25
22:46:45,server_8,83.53
22:46:45,server_5,48.44
22:46:50,server_19,1628.56
22:46:50,server_18,18.47
22:46:50,server_17,41.43
22:46:50,server_16,39.74
22:46:50,server_15,21.06
22:46:50,server_14,19.81
22:46:50,server_13,148.63
22:46:50,server_12,38.48
22:46:50,server_11,25.16
22:46:50,server_20,112.8
22:46:50,server_9,7.46
22:46:50,server_1,35.96
22:46:50,server_2,136.23
22:46:50,server_3,3090.18
22:46:50,server_4,53.0
22:46:50,server_10,152.44
22:46:50,server_6,0.0
22:46:50,server_7,88.05
22:46:50,server_8,81.54
22:46:50,server_5,0.0
22:46:55,server_11,65.04
22:46:55,server_19,0.0
22:46:55,server_18,0.0
22:46:55,server_17,1569.58
22:46:55,server_16,138.58
22:46:55,server_15,79.01
22:46:55,server_14,13.64
22:46:55,server_13,3613.76
22:46:55,server_12,1912.3
22:46:55,server_20,0.0
22:46:55,server_10,14.88
22:46:55,server_8,4.55
22:46:55,server_9,133.6
22:46:55,server_1,30.57
22:46:55,server_2,60.92
22:46:55,server_3,42.42
22:46:55,server_5,107.79
22:46:55,server_6,161.34
22:46:55,server_7,25.81
22:46:55,server_4,65.28
22:47:00,server_20,30.92
22:47:00,server_11,80.36
22:47:00,server_18,3446.58
22:47:00,server_17,1121.26
22:47:00,server_16,1046.39
22:47:00,server_15,169.99
22:47:00,server_14,9975.17
22:47:00,server_13,8780.88
22:47:00,server_12,27.77
22:47:00,server_19,13.97
22:47:00,server_10,6941.15
22:47:00,server_8,18.51
22:47:00,server_1,1686.5
22:47:00,server_2,160.39
22:47:00,server_3,4208.1
22:47:00,server_9,3907.32
22:47:00,server_5,0.0
22:47:00,server_6,101.94
22:47:00,server_7,9079.43
22:47:00,server_4,40.75
22:47:05,server_12,0.0
22:47:05,server_19,6.46
22:47:05,server_18,10.24
22:47:05,server_17,14.67
22:47:05,server_16,0.0
22:47:05,server_15,154.52
22:47:05,server_14,556.48
22:47:05,server_13,66.14
22:47:05,server_11,3983.97
22:47:05,server_20,131.08
22:47:05,server_9,0.0
22:47:05,server_1,45.76
22:47:05,server_2,40.41
22:47:05,server_3,0.0
22:47:05,server_4,0.0
22:47:05,server_10,51.1
22:47:05,server_6,137.09
22:47:05,server_7,1127.22
22:47:05,server_8,4113.93
22:47:05,server_5,86.86
22:47:10,server_11,30.58
22:47:10,server_19,153.15
22:47:10,server_18,81.64
22:47:10,server_17,59.96
22:47:10,server_16,6898.35
22:47:10,server_15,8761.41
22:47:10,server_14,67.61
22:47:10,server_13,864.79
22:47:10,server_12,12.34
22:47:10,server_20,147.68
22:47:10,server_10,8707.1
22:47:10,server_8,45.08
22:47:10,server_7,0.0
22:47:10,server_6,7618.1
22:47:10,server_5,0.0
22:47:10,server_4,49.4
22:47:10,server_3,30.72
22:47:10,server_2,31.01
22:47:10,server_1,40.59
22:47:10,server_9,0.0
22:47:15,server_13,952.62
22:47:15,server_14,0.0
22:47:15,server_15,48.47
22:47:15,server_12,14.85
22:47:15,server_17,3432.17
22:47:15,server_18,728.37
22:47:15,server_19,55.08
22:47:15,server_16,17.74
22:47:15,server_11,67.78
22:47:15,server_20,56.78
22:47:15,server_9,117.21
22:47:15,server_1,38.9
22:47:15,server_2,4883.4
22:47:15,server_3,103.07
22:47:15,server_4,132.77
22:47:15,server_10,125.87
22:47:15,server_6,67.24
22:47:15,server_7,29.57
22:47:15,server_8,132.87
22:47:15,server_5,3617.38
22:47:20,server_12,116.32
22:47:20,server_20,18.8
22:47:20,server_19,56.51
22:47:20,server_18,146.45
22:47:20,server_17,163.26
22:47:20,server_16,122.51
22:47:20,server_15,130.17
22:47:20,server_14,167.93
22:47:20,server_13,222.84
22:47:20,server_11,9029.44
22:47:20,server_10,4187.71
22:47:20,server_9,18.05
22:47:20,server_2,92.67
22:47:20,server_3,115.62
22:47:20,server_4,1940.39
22:47:20,server_1,18.75
22:47:20,server_6,150.03
22:47:20,server_7,8576.55
22:47:20,server_8,64.4
22:47:20,server_5,205.04
22:47:25,server_12,53.52
22:47:25,server_19,103.72
22:47:25,server_18,35.33
22:47:25,server_17,61.63
22:47:25,server_16,13.06
22:47:25,server_15,159.19
22:47:25,server_14,0.0
22:47:25,server_13,76.23
22:47:25,server_11,7053.73
22:47:25,server_20,45.64
22:47:25,server_9,6077.83
22:47:25,server_1,0.0
22:47:25,server_2,5250.44
22:47:25,server_3,0.0
22:47:25,server_4,133.03
22:47:25,server_10,0.0
22:47:25,server_6,9245.43
22:47:25,server_7,19.2
22:47:25,server_8,6152.2
22:47:25,server_5,42.9
22:47:30,server_12,64.03
22:47:30,server_19,29.08
22:47:30,server_18,78.26
22:47:30,server_17,0.0
22:47:30,server_16,69.0
22:47:30,server_15,65.97
22:47:30,server_14,43.79
22:47:30,server_13,22.1
22:47:30,server_11,923.28
22:47:30,server_20,47.67
22:47:30,server_9,52.91
22:47:30,server_1,68.06
22:47:30,server_2,162.38
22:47:30,server_3,15.48
22:47:30,server_4,138.92
22:47:30,server_10,9421.6
22:47:30,server_6,7471.55
22:47:30,server_7,50.58
22:47:30,server_8,27.21
22:47:30,server_5,167.83
22:47:35,server_11,10.84
22:47:35,server_19,4928.58
22:47:35,server_18,158.36
22:47:35,server_17,4294.91
22:47:35,server_16,164.32
22:47:35,server_15,35.03
22:47:35,server_14,0.0
22:47:35,server_13,0.0
22:47:35,server_12,12.61
22:47:35,server_20,9126.4
22:47:35,server_10,34.47
22:47:35,server_8,51.96
22:47:35,server_7,0.0
22:47:35,server_6,65.32
22:47:35,server_5,0.0
22:47:35,server_4,93.86
22:47:35,server_3,113.24
22:47:35,server_2,7355.01
22:47:35,server_1,1472.72
22:47:35,server_9,5467.95
22:47:40,server_13,100.11
22:47:40,server_14,29.94
22:47:40,server_15,65.57
22:47:40,server_12,3.44
22:47:40,server_17,10.35
22:47:40,server_18,26.66
22:47:40,server_19,84.51
22:47:40,server_16,70.99
22:47:40,server_11,46.17
22:47:40,server_20,7.58
22:47:40,server_9,24.99
22:47:40,server_1,60.55
22:47:40,server_2,127.02
22:47:40,server_3,159.96
22:47:40,server_4,79.09
22:47:40,server_10,30.46
22:47:40,server_6,0.0
22:47:40,server_7,16.33
22:47:40,server_8,0.0
22:47:40,server_5,1261.98
22:47:45,server_19,16.12
22:47:45,server_18,3.41
22:47:45,server_17,38.97
22:47:45,server_16,58.8
22:47:45,server_15,48.04
22:47:45,server_14,68.74
22:47:45,server_13,21.14
22:47:45,server_12,122.0
22:47:45,server_11,194.84
22:47:45,server_20,1625.52
22:47:45,server_9,8.44
22:47:45,server_1,52.95
22:47:45,server_2,8345.84
22:47:45,server_3,4.2
22:47:45,server_4,5.81
22:47:45,server_10,23.15
22:47:45,server_6,705.61
22:47:45,server_7,60.2
22:47:45,server_8,0.0
22:47:45,server_5,68.9
22:47:50,server_11,57.49
22:47:50,server_19,61.31
22:47:50,server_18,521.87
22:47:50,server_17,6.18
22:47:50,server_16,62.02
22:47:50,server_15,4.56
22:47:50,server_14,7.27
22:47:50,server_13,93.11
22:47:50,server_12,106.75
22:47:50,server_20,84.22
22:47:50,server_10,0.0
22:47:50,server_8,5183.31
22:47:50,server_9,37.37
22:47:50,server_1,1.23
22:47:50,server_2,0.0
22:47:50,server_3,53.76
22:47:50,server_5,36.17
22:47:50,server_6,82.69
22:47:50,server_7,6115.7
22:47:50,server_4,0.0
22:47:55,server_20,6.14
22:47:55,server_11,3.1
22:47:55,server_18,64.55
22:47:55,server_17,62.16
22:47:55,server_16,47.94
22:47:55,server_15,90.08
22:47:55,server_14,6.83
22:47:55,server_13,19.57
22:47:55,server_12,3361.43
22:47:55,server_19,37.63
22:47:55,server_10,5205.97
22:47:55,server_8,6.87
22:47:55,server_1,30.86
22:47:55,server_2,132.95
22:47:55,server_3,61.59
22:47:55,server_9,6.05
22:47:55,server_5,98.56
22:47:55,server_6,1947.62
22:47:55,server_7,47.25
22:47:55,server_4,0.51
22:48:00,server_12,37.1
22:48:00,server_19,4.41
22:48:00,server_18,187.14
22:48:00,server_17,0.0
22:48:00,server_16,1843.02
22:48:00,server_15,75.78
22:48:00,server_14,644.61
22:48:00,server_13,120.01
22:48:00,server_11,15.86
22:48:00,server_20,27.74
22:48:00,server_9,32.5
22:48:00,server_1,83.94
22:48:00,server_2,9.7
22:48:00,server_3,107.15
22:48:00,server_4,3284.02
22:48:00,server_10,72.23
22:48:00,server_6,0.0
22:48:00,server_7,36.55
22:48:00,server_8,134.62
22:48:00,server_5,0.0
22:48:05,server_11,1250.4
22:48:05,server_19,17.03
22:48:05,server_18,144.67
22:48:05,server_17,5.86
22:48:05,server_16,3.38
22:48:05,server_15,121.8
22:48:05,server_14,69.44
22:48:05,server_13,8582.08
22:48:05,server_12,78.62
22:48:05,server_20,8.61
22:48:05,server_10,36.11
22:48:05,server_8,1117.24
22:48:05,server_7,224.01
22:48:05,server_6,103.0
22:48:05,server_5,122.95
22:48:05,server_4,37.61
22:48:05,server_3,8.62
22:48:05,server_2,47.38
22:48:05,server_1,17.82
22:48:05,server_9,1226.62
22:48:10,server_13,984.41
22:48:10,server_14,61.47
22:48:10,server_15,710.47
22:48:10,server_12,57.1
22:48:10,server_17,0.0
22:48:10,server_18,8073.81
22:48:10,server_19,196.42
22:48:10,server_16,113.19
22:48:10,server_11,122.03
22:48:10,server_20,107.21
22:48:10,server_9,127.02
22:48:10,server_1,6.34
22:48:10,server_2,28.5
22:48:10,server_3,60.48
22:48:10,server_4,7380.87
22:48:10,server_10,0.0
22:48:10,server_6,0.0
22:48:10,server_7,20.27
22:48:10,server_8,40.35
22:48:10,server_5,127.27
22:48:15,server_20,1228.34
22:48:15,server_19,1116.44
22:48:15,server_18,83.51
22:48:15,server_17,80.38
22:48:15,server_16,123.25
22:48:15,server_15,0.0
22:48:15,server_14,0.0
22:48:15,server_12,68.87
22:48:15,server_11,75.88
22:48:15,server_13,120.04
22:48:15,server_9,39.46
22:48:15,server_10,35.62
22:48:15,server_2,8140.92
22:48:15,server_3,28.7
22:48:15,server_4,1950.52
22:48:15,server_1,8.7
22:48:15,server_6,76.68
22:48:15,server_7,8002.07
22:48:15,server_8,51.46
22:48:15,server_5,106.46
22:48:20,server_12,0.0
22:48:20,server_20,62.4
22:48:20,server_19,75.06
22:48:20,server_18,15.38
22:48:20,server_17,74.99
22:48:20,server_16,5147.36
22:48:20,server_15,70.82
22:48:20,server_14,0.0
22:48:20,server_13,61.01
22:48:20,server_11,7.14
22:48:20,server_3,60.33
22:48:20,server_9,63.59
22:48:20,server_10,11.65
22:48:20,server_2,9263.52
22:48:20,server_4,58.87
22:48:20,server_1,36.51
22:48:20,server_6,0.0
22:48:20,server_7,162.25
22:48:20,server_8,4680.38
22:48:20,server_5,116.24
22:48:25,server_12,118.45
22:48:25,server_19,0.0
22:48:25,server_18,83.8
22:48:25,server_17,3658.41
22:48:25,server_16,119.04
22:48:25,server_15,32.93
22:48:25,server_14,131.47
22:48:25,server_20,0.0
22:48:25,server_11,61.23
22:48:25,server_13,117.39
22:48:25,server_9,0.0
22:48:25,server_1,2.4
22:48:25,server_2,84.92
22:48:25,server_3,35.56
22:48:25,server_4,2.82
22:48:25,server_10,77.78
22:48:25,server_6,22.94
22:48:25,server_7,22.43
22:48:25,server_8,0.0
22:48:25,server_5,91.81
22:48:30,server_19,5615.84
22:48:30,server_18,107.28
22:48:30,server_17,116.96
22:48:30,server_16,16.07
22:48:30,server_15,9947.06
22:48:30,server_14,34.62
22:48:30,server_13,520.12
22:48:30,server_12,151.19
22:48:30,server_11,85.03
22:48:30,server_20,44.2
22:48:30,server_9,9971.0
22:48:30,server_1,0.0
22:48:30,server_2,80.85
22:48:30,server_3,5920.35
22:48:30,server_4,117.83
22:48:30,server_10,50.31
22:48:30,server_6,67.03
22:48:30,server_7,15.65
22:48:30,server_8,7.55
22:48:30,server_5,78.2
22:48:35,server_11,40.92
22:48:35,server_19,26.37
22:48:35,server_18,8180.05
22:48:35,server_17,51.94
22:48:35,server_16,0.0
22:48:35,server_15,120.52
22:48:35,server_14,62.88
22:48:35,server_13,71.69
22:48:35,server_12,0.0
22:48:35,server_20,6048.09
22:48:35,server_10,10.51
22:48:35,server_8,94.93
22:48:35,server_9,4465.35
22:48:35,server_1,0.0
22:48:35,server_2,117.68
22:48:35,server_3,61.93
22:48:35,server_5,6476.27
22:48:35,server_6,1098.7
22:48:35,server_7,9893.54
22:48:35,server_4,36.68
22:48:40,server_20,33.08
22:48:40,server_11,8.23
22:48:40,server_18,45.29
22:48:40,server_17,60.81
22:48:40,server_16,56.54
22:48:40,server_15,194.64
22:48:40,server_14,97.92
22:48:40,server_13,73.56
22:48:40,server_12,138.66
22:48:40,server_19,98.39
22:48:40,server_10,6.36
22:48:40,server_8,194.99
22:48:40,server_1,1929.25
22:48:40,server_2,186.32
22:48:40,server_3,0.0
22:48:40,server_9,65.34
22:48:40,server_5,60.09
22:48:40,server_6,86.71
22:48:40,server_7,97.26
22:48:40,server_4,153.66
22:48:45,server_20,46.06
22:48:45,server_19,26.89
22:48:45,server_18,64.26
22:48:45,server_17,186.21
22:48:45,server_16,155.22
22:48:45,server_15,93.42
22:48:45,server_14,25.76
22:48:45,server_12,153.23
22:48:45,server_11,23.34
22:48:45,server_13,39.21
22:48:45,server_9,33.7
22:48:45,server_10,74.59
22:48:45,server_2,125.14
22:48:45,server_3,70.2
22:48:45,server_4,171.03
22:48:45,server_1,191.3
22:48:45,server_6,66.83
22:48:45,server_7,0.0
22:48:45,server_8,6541.64
22:48:45,server_5,114.46
22:48:50,server_12,0.0
22:48:50,server_19,19.11
22:48:50,server_18,0.0
22:48:50,server_20,24.15
22:48:50,server_17,63.82
22:48:50,server_16,5.43
22:48:50,server_15,99.93
22:48:50,server_14,82.88
22:48:50,server_13,18.41
22:48:50,server_11,135.33
22:48:50,server_3,163.16
22:48:50,server_9,96.37
22:48:50,server_10,152.36
22:48:50,server_2,105.83
22:48:50,server_4,99.33
22:48:50,server_1,0.0
22:48:50,server_6,734.83
22:48:50,server_7,29.01
22:48:50,server_8,80.91
22:48:50,server_5,91.59
22:48:55,server_11,25.55
22:48:55,server_20,22.29
22:48:55,server_18,7.01
22:48:55,server_17,8.97
22:48:55,server_16,39.06
22:48:55,server_15,0.0
22:48:55,server_14,215.24
22:48:55,server_13,98.1
22:48:55,server_12,44.96
22:48:55,server_19,93.29
22:48:55,server_10,41.67
22:48:55,server_8,48.58
22:48:55,server_1,56.71
22:48:55,server_2,734.45
22:48:55,server_3,22.55
22:48:55,server_9,149.72
22:48:55,server_5,4020.28
22:48:55,server_6,0.0
22:48:55,server_7,17.26
22:48:55,server_4,68.06
22:49:00,server_12,144.88
22:49:00,server_19,91.93
22:49:00,server_18,69.5
22:49:00,server_17,48.5
22:49:00,server_16,111.62
22:49:00,server_15,0.0
22:49:00,server_14,74.42
22:49:00,server_13,836.64
22:49:00,server_11,90.06
22:49:00,server_20,1892.22
22:49:00,server_9,9.26
22:49:00,server_1,0.0
22:49:00,server_2,67.5
22:49:00,server_3,28.99
22:49:00,server_4,8.98
22:49:00,server_10,70.33
22:49:00,server_6,23.63
22:49:00,server_7,3.3
22:49:00,server_8,144.81
22:49:00,server_5,66.9
22:49:05,server_11,13.57
22:49:05,server_19,100.41
22:49:05,server_18,103.88
22:49:05,server_17,127.63
22:49:05,server_16,91.1
22:49:05,server_15,21.24
22:49:05,server_14,51.54
22:49:05,server_13,8804.61
22:49:05,server_12,143.01
22:49:05,server_20,0.0
22:49:05,server_10,0.0
22:49:05,server_8,0.0
22:49:05,server_7,3052.09
22:49:05,server_6,598.27
22:49:05,server_5,1283.35
22:49:05,server_4,164.56
22:49:05,server_3,8675.34
22:49:05,server_2,81.57
22:49:05,server_1,9493.41
22:49:05,server_9,0.0
22:49:10,server_13,35.78
22:49:10,server_14,154.36
22:49:10,server_20,85.1
22:49:10,server_12,0.0
22:49:10,server_17,49.1
22:49:10,server_18,0.0
22:49:10,server_19,134.08
22:49:10,server_16,0.0
22:49:10,server_11,0.0
22:49:10,server_15,48.98
22:49:10,server_9,62.48
22:49:10,server_1,22.07
22:49:10,server_2,201.16
22:49:10,server_3,72.14
22:49:10,server_4,71.43
22:49:10,server_10,138.03
22:49:10,server_6,1731.69
22:49:10,server_7,120.15
22:49:10,server_8,146.45
22:49:10,server_5,34.25
22:49:15,server_12,130.95
22:49:15,server_20,50.39
22:49:15,server_19,9308.35
22:49:15,server_18,131.01
22:49:15,server_17,39.27
22:49:15,server_16,75.1
22:49:15,server_15,0.0
22:49:15,server_14,93.65
22:49:15,server_13,114.68
22:49:15,server_11,20.15
22:49:15,server_10,49.67
22:49:15,server_9,136.28
22:49:15,server_2,0.0
22:49:15,server_3,71.01
22:49:15,server_4,4133.4
22:49:15,server_1,111.09
22:49:15,server_6,88.69
22:49:15,server_7,0.0
22:49:15,server_8,70.3
22:49:15,server_5,33.14
22:49:20,server_12,91.45
22:49:20,server_19,6662.3
22:49:20,server_18,86.28
22:49:20,server_17,7174.56
22:49:20,server_16,4308.66
22:49:20,server_15,87.51
22:49:20,server_14,160.31
22:49:20,server_13,175.38
22:49:20,server_11,1677.15
22:49:20,server_20,4174.59
22:49:20,server_9,144.68
22:49:20,server_1,0.0
22:49:20,server_2,107.23
22:49:20,server_3,129.58
22:49:20,server_4,4341.77
22:49:20,server_10,38.6
22:49:20,server_6,963.79
22:49:20,server_7,96.08
22:49:20,server_8,188.75
22:49:20,server_5,84.63
22:49:25,server_12,89.48
22:49:25,server_19,29.65
22:49:25,server_18,1612.38
22:49:25,server_17,5040.58
22:49:25,server_16,29.85
22:49:25,server_15,118.69
22:49:25,server_14,94.34
22:49:25,server_13,1032.66
22:49:25,server_11,105.5
22:49:25,server_20,54.02
22:49:25,server_9,113.53
22:49:25,server_1,93.53
22:49:25,server_2,1444.06
22:49:25,server_3,76.63
22:49:25,server_4,80.58
22:49:25,server_10,7703.8
22:49:25,server_6,44.25
22:49:25,server_7,10.17
22:49:25,server_8,103.71
22:49:25,server_5,120.82
22:49:30,server_11,1685.49
22:49:30,server_19,18.89
22:49:30,server_18,0.0
22:49:30,server_17,0.0
22:49:30,server_16,0.0
22:49:30,server_15,1753.55
22:49:30,server_14,11.16
22:49:30,server_13,0.65
22:49:30,server_12,18.82
22:49:30,server_20,64.78
22:49:30,server_10,1333.72
22:49:30,server_8,5360.43
22:49:30,server_7,108.2
22:49:30,server_6,1447.29
22:49:30,server_5,69.31
22:49:30,server_4,96.43
22:49:30,server_3,4467.61
22:49:30,server_2,113.27
22:49:30,server_1,1535.26
22:49:30,server_9,34.57
22:49:35,server_13,191.04
22:49:35,server_14,104.91
22:49:35,server_15,104.53
22:49:35,server_12,5.22
22:49:35,server_17,0.0
22:49:35,server_18,179.0
22:49:35,server_19,21.55
22:49:35,server_16,49.43
22:49:35,server_11,5799.09
22:49:35,server_20,114.5
22:49:35,server_9,1667.91
22:49:35,server_1,63.42
22:49:35,server_2,158.96
22:49:35,server_3,73.03
22:49:35,server_4,7880.9
22:49:35,server_10,56.67
22:49:35,server_6,51.05
22:49:35,server_7,9865.74
22:49:35,server_8,18.41
22:49:35,server_5,0.0
22:49:40,server_19,1446.75
22:49:40,server_18,64.34
22:49:40,server_17,12.33
22:49:40,server_16,29.94
22:49:40,server_15,163.67
22:49:40,server_14,50.78
22:49:40,server_13,0.0
22:49:40,server_12,36.5
22:49:40,server_11,39.01
22:49:40,server_20,4425.3
22:49:40,server_9,75.77
22:49:40,server_1,1145.45
22:49:40,server_2,75.74
22:49:40,server_3,100.54
22:49:40,server_4,60.92
22:49:40,server_10,65.33
22:49:40,server_6,2.57
22:49:40,server_7,99.2
22:49:40,server_8,1.4
22:49:40,server_5,15.34
22:49:45,server_11,1770.42
22:49:45,server_19,38.14
22:49:45,server_18,89.18
22:49:45,server_17,135.63
22:49:45,server_16,18.05
22:49:45,server_15,828.72
22:49:45,server_14,1095.84
22:49:45,server_13,8.41
22:49:45,server_12,46.73
22:49:45,server_20,112.71
22:49:45,server_10,72.75
22:49:45,server_8,30.23
22:49:45,server_9,9356.58
22:49:45,server_1,840.66
22:49:45,server_2,953.65
22:49:45,server_3,0.0
22:49:45,server_5,85.27
22:49:45,server_6,70.05
22:49:45,server_7,119.84
22:49:45,server_4,0.0
22:49:50,server_20,9.35
22:49:50,server_11,4137.4
22:49:50,server_18,64.56
22:49:50,server_17,66.81
22:49:50,server_16,123.7
22:49:50,server_15,16.59
22:49:50,server_14,73.55
22:49:50,server_13,27.56
22:49:50,server_12,3585.9
22:49:50,server_19,86.39
22:49:50,server_10,0.0
22:49:50,server_8,73.31
22:49:50,server_1,2.83
22:49:50,server_2,72.76
22:49:50,server_3,1433.12
22:49:50,server_9,95.25
22:49:50,server_5,30.69
22:49:50,server_6,106.28
22:49:50,server_7,33.69
22:49:50,server_4,0.0
22:49:55,server_12,104.99
22:49:55,server_19,129.88
22:49:55,server_18,60.81
22:49:55,server_17,120.96
22:49:55,server_16,70.78
22:49:55,server_15,56.58
22:49:55,server_14,28.91
22:49:55,server_13,27.1
22:49:55,server_11,111.27
22:49:55,server_20,0.0
22:49:55,server_9,153.57
22:49:55,server_1,5392.35
22:49:55,server_2,158.81
22:49:55,server_3,0.0
22:49:55,server_4,45.62
22:49:55,server_10,155.27
22:49:55,server_6,35.62
22:49:55,server_7,61.75
22:49:55,server_8,89.19
22:49:55,server_5,49.23
22:50:00,server_11,45.65
22:50:00,server_19,105.36
22:50:00,server_18,82.02
22:50:00,server_17,1133.46
22:50:00,server_16,56.01
22:50:00,server_15,7154.24
22:50:00,server_14,172.2
22:50:00,server_13,64.31
22:50:00,server_12,167.85
22:50:00,server_20,144.84
22:50:00,server_10,19.69
22:50:00,server_8,21.1
22:50:00,server_7,48.38
22:50:00,server_6,0.0
22:50:00,server_5,0.0
22:50:00,server_4,39.9
22:50:00,server_3,9014.52
22:50:00,server_2,74.67
22:50:00,server_1,70.84
22:50:00,server_9,844.69
22:50:05,server_13,175.11
22:50:05,server_14,6.44
22:50:05,server_15,77.3
22:50:05,server_12,67.97
22:50:05,server_17,130.24
22:50:05,server_18,47.96
22:50:05,server_19,99.73
22:50:05,server_16,51.8
22:50:05,server_11,77.97
22:50:05,server_20,98.03
22:50:05,server_9,79.93
22:50:05,server_1,61.05
22:50:05,server_2,0.0
22:50:05,server_3,86.12
22:50:05,server_4,23.91
22:50:05,server_10,158.39
22:50:05,server_6,20.28
22:50:05,server_7,54.08
22:50:05,server_8,86.7
22:50:05,server_5,4749.55
22:50:10,server_20,27.97
22:50:10,server_19,98.82
22:50:10,server_18,71.9
22:50:10,server_17,9361.65
22:50:10,server_16,45.0
22:50:10,server_15,66.61
22:50:10,server_14,81.01
22:50:10,server_12,99.02
22:50:10,server_11,56.24
22:50:10,server_13,57.5
22:50:10,server_9,0.0
22:50:10,server_10,0.0
22:50:10,server_2,1143.0
22:50:10,server_3,8.34
22:50:10,server_4,165.55
22:50:10,server_1,166.06
22:50:10,server_6,129.27
22:50:10,server_7,62.31
22:50:10,server_8,44.84
22:50:10,server_5,115.91
22:50:15,server_12,136.8
22:50:15,server_20,42.75
22:50:15,server_19,87.36
22:50:15,server_18,12.96
22:50:15,server_17,36.12
22:50:15,server_16,44.08
22:50:15,server_15,91.25
22:50:15,server_14,1569.65
22:50:15,server_13,1435.65
22:50:15,server_11,105.78
22:50:15,server_3,44.1
22:50:15,server_9,161.01
22:50:15,server_10,8671.92
22:50:15,server_2,0.0
22:50:15,server_4,1315.73
22:50:15,server_1,127.76
22:50:15,server_6,72.36
22:50:15,server_7,0.0
22:50:15,server_8,8842.72
22:50:15,server_5,15.46
22:50:20,server_12,111.16
22:50:20,server_19,25.26
22:50:20,server_18,50.51
22:50:20,server_17,1150.9
22:50:20,server_16,5581.31
22:50:20,server_15,5813.86
22:50:20,server_14,89.94
22:50:20,server_20,17.69
22:50:20,server_11,77.34
22:50:20,server_13,12.47
22:50:20,server_9,118.37
22:50:20,server_1,664.51
22:50:20,server_2,28.61
22:50:20,server_3,95.05
22:50:20,server_4,181.75
22:50:20,server_10,111.58
22:50:20,server_6,166.86
22:50:20,server_7,38.42
22:50:20,server_8,1641.55
22:50:20,server_5,23.59
22:50:25,server_19,62.54
22:50:25,server_18,65.55
22:50:25,server_17,6777.62
22:50:25,server_16,127.09
22:50:25,server_15,0.0
22:50:25,server_14,102.22
22:50:25,server_13,120.98
22:50:25,server_12,4090.57
22:50:25,server_11,79.69
22:50:25,server_20,0.0
22:50:25,server_9,113.32
22:50:25,server_1,0.0
22:50:25,server_2,1398.94
22:50:25,server_3,47.75
22:50:25,server_4,5669.75
22:50:25,server_10,45.23
22:50:25,server_6,0.0
22:50:25,server_7,3.72
22:50:25,server_8,5806.04
22:50:25,server_5,189.58
22:50:30,server_11,102.66
22:50:30,server_19,65.95
22:50:30,server_18,129.15
22:50:30,server_17,70.21
22:50:30,server_16,91.67
22:50:30,server_15,21.21
22:50:30,server_14,54.41
22:50:30,server_13,75.63
22:50:30,server_12,1890.56
22:50:30,server_20,65.86
22:50:30,server_10,181.66
22:50:30,server_8,45.1
22:50:30,server_9,117.91
22:50:30,server_1,59.43
22:50:30,server_2,41.05
22:50:30,server_3,0.0
22:50:30,server_5,76.88
22:50:30,server_6,4669.38
22:50:30,server_7,27.5
22:50:30,server_4,4312.61
22:50:35,server_20,59.31
22:50:35,server_11,114.11
22:50:35,server_18,0.0
22:50:35,server_17,89.05
22:50:35,server_16,6.83
22:50:35,server_15,90.12
22:50:35,server_14,90.28
22:50:35,server_13,38.98
22:50:35,server_12,0.0
22:50:35,server_19,1891.55
22:50:35,server_10,72.35
22:50:35,server_8,52.54
22:50:35,server_1,35.29
22:50:35,server_2,0.0
22:50:35,server_3,40.98
22:50:35,server_9,5027.89
22:50:35,server_5,87.25
22:50:35,server_6,59.54
22:50:35,server_7,87.21
22:50:35,server_4,190.87
22:50:40,server_19,72.21
22:50:40,server_18,140.38
22:50:40,server_17,43.23
22:50:40,server_16,59.34
22:50:40,server_15,115.41
22:50:40,server_14,113.87
22:50:40,server_13,22.44
22:50:40,server_12,0.0
22:50:40,server_11,157.35
22:50:40,server_20,55.65
22:50:40,server_9,101.75
22:50:40,server_1,2.61
22:50:40,server_2,43.81
22:50:40,server_3,4.83
22:50:40,server_4,2.78
22:50:40,server_10,6376.97
22:50:40,server_6,0.0
22:50:40,server_7,0.0
22:50:40,server_8,59.8
22:50:40,server_5,50.61
22:50:45,server_11,35.51
22:50:45,server_19,58.57
22:50:45,server_18,9021.91
22:50:45,server_17,0.0
22:50:45,server_16,127.71
22:50:45,server_15,108.84
22:50:45,server_14,45.54
22:50:45,server_13,66.39
22:50:45,server_12,87.72
22:50:45,server_20,0.0
22:50:45,server_10,114.94
22:50:45,server_8,124.45
22:50:45,server_9,32.05
22:50:45,server_1,60.08
22:50:45,server_2,72.41
22:50:45,server_3,5899.62
22:50:45,server_5,8.31
22:50:45,server_6,80.58
22:50:45,server_7,51.01
22:50:45,server_4,98.15
22:50:50,server_20,107.52
22:50:50,server_19,12.99
22:50:50,server_18,3765.12
22:50:50,server_17,62.61
22:50:50,server_16,78.13
22:50:50,server_15,0.0
22:50:50,server_14,7141.93
22:50:50,server_13,5520.33
22:50:50,server_12,88.43
22:50:50,server_11,107.91
22:50:50,server_9,18.24
22:50:50,server_1,62.78
22:50:50,server_2,100.79
22:50:50,server_3,1388.05
22:50:50,server_4,13.81
22:50:50,server_10,92.01
22:50:50,server_6,51.81
22:50:50,server_7,19.97
22:50:50,server_8,9403.29
22:50:50,server_5,60.0
22:50:55,server_12,8138.34
22:50:55,server_19,7735.76
22:50:55,server_18,77.14
22:50:55,server_17,60.7
22:50:55,server_16,173.93
22:50:55,server_15,100.08
22:50:55,server_14,11.46
22:50:55,server_13,8.69
22:50:55,server_11,91.24
22:50:55,server_20,42.51
22:50:55,server_9,1935.27
22:50:55,server_1,0.0
22:50:55,server_2,0.0
22:50:55,server_3,844.97
22:50:55,server_4,48.59
22:50:55,server_10,6057.65
22:50:55,server_6,28.94
22:50:55,server_7,5388.88
22:50:55,server_8,8146.16
22:50:55,server_5,9008.9
22:51:00,server_11,3344.53
22:51:00,server_19,4904.47
22:51:00,server_18,1837.67
22:51:00,server_17,99.79
22:51:00,server_16,0.0
22:51:00,server_15,57.13
22:51:00,server_14,152.73
22:51:00,server_13,0.22
22:51:00,server_12,146.66
22:51:00,server_20,94.01
22:51:00,server_10,66.69
22:51:00,server_8,0.26
22:51:00,server_7,6677.77
22:51:00,server_6,95.59
22:51:00,server_5,0.0
22:51:00,server_4,30.96
22:51:00,server_3,110.62
22:51:00,server_2,6381.55
22:51:00,server_1,29.18
22:51:00,server_9,0.0
22:51:05,server_13,33.37
22:51:05,server_14,40.3
22:51:05,server_15,77.42
22:51:05,server_20,33.86
22:51:05,server_19,7436.34
22:51:05,server_17,60.93
22:51:05,server_18,160.11
22:51:05,server_12,209.53
22:51:05,server_16,59.0
22:51:05,server_11,939.71
22:51:05,server_5,57.27
22:51:05,server_9,114.36
22:51:05,server_8,58.85
22:51:05,server_7,137.86
22:51:05,server_6,1407.17
22:51:05,server_4,3144.52
22:51:05,server_3,25.99
22:51:05,server_2,49.87
22:51:05,server_1,45.99
22:51:05,server_10,141.63
22:51:10,server_13,14.92
22:51:10,server_14,204.8
22:51:10,server_15,4417.36
22:51:10,server_16,173.9
22:51:10,server_20,4.08
22:51:10,server_18,3986.43
22:51:10,server_19,99.73
22:51:10,server_12,63.41
22:51:10,server_17,47.7
22:51:10,server_11,55.71
22:51:10,server_10,3830.22
22:51:10,server_9,9786.24
22:51:10,server_2,99.65
22:51:10,server_3,25.68
22:51:10,server_4,66.53
22:51:10,server_1,3.12
22:51:10,server_6,194.39
22:51:10,server_7,9422.31
22:51:10,server_8,0.0
22:51:10,server_5,141.39
22:51:15,server_12,927.31
22:51:15,server_19,109.57
22:51:15,server_18,48.37
22:51:15,server_17,81.55
22:51:15,server_16,3200.79
22:51:15,server_15,36.97
22:51:15,server_14,0.0
22:51:15,server_13,0.0
22:51:15,server_11,0.18
22:51:15,server_20,57.34
22:51:15,server_9,6.98
22:51:15,server_1,38.89
22:51:15,server_2,110.93
22:51:15,server_3,64.83
22:51:15,server_4,4708.65
22:51:15,server_10,19.02
22:51:15,server_6,0.0
22:51:15,server_7,0.0
22:51:15,server_8,69.66
22:51:15,server_5,85.12
22:51:20,server_12,4302.37
22:51:20,server_19,35.42
22:51:20,server_18,5976.83
22:51:20,server_17,86.36
22:51:20,server_16,53.36
22:51:20,server_15,168.72
22:51:20,server_14,112.53
22:51:20,server_13,23.86
22:51:20,server_11,56.36
22:51:20,server_20,155.07
22:51:20,server_9,12.41
22:51:20,server_1,5557.55
22:51:20,server_2,172.82
22:51:20,server_3,69.15
22:51:20,server_4,32.35
22:51:20,server_10,10.54
22:51:20,server_6,104.85
22:51:20,server_7,20.88
22:51:20,server_8,50.8
22:51:20,server_5,23.35
22:51:25,server_11,1027.36
22:51:25,server_19,37.29
22:51:25,server_18,36.42
22:51:25,server_17,83.1
22:51:25,server_16,5871.97
22:51:25,server_15,0.0
22:51:25,server_14,0.0
22:51:25,server_13,77.31
22:51:25,server_12,8.65
22:51:25,server_20,41.56
22:51:25,server_10,0.0
22:51:25,server_8,132.09
22:51:25,server_7,89.75
22:51:25,server_6,64.73
22:51:25,server_5,98.8
22:51:25,server_4,136.73
22:51:25,server_3,70.54
22:51:25,server_2,88.25
22:51:25,server_1,87.3
22:51:25,server_9,129.93
22:51:30,server_13,70.34
22:51:30,server_14,30.2
22:51:30,server_15,151.11
22:51:30,server_12,4.44
22:51:30,server_17,52.17
22:51:30,server_18,107.06
22:51:30,server_19,0.0
22:51:30,server_16,48.5
22:51:30,server_11,2.92
22:51:30,server_20,43.88
22:51:30,server_9,3851.88
22:51:30,server_1,0.0
22:51:30,server_2,13.15
22:51:30,server_3,65.35
22:51:30,server_4,4213.42
22:51:30,server_10,42.92
22:51:30,server_6,8765.8
22:51:30,server_7,7429.93
22:51:30,server_8,918.32
22:51:30,server_5,40.7
22:51:35,server_19,139.09
22:51:35,server_18,8372.92
22:51:35,server_17,8491.97
22:51:35,server_16,78.66
22:51:35,server_15,28.65
22:51:35,server_14,82.5
22:51:35,server_13,45.56
22:51:35,server_12,20.2
22:51:35,server_11,35.13
22:51:35,server_20,180.79
22:51:35,server_9,1287.14
22:51:35,server_1,105.94
22:51:35,server_2,46.05
22:51:35,server_3,78.26
22:51:35,server_4,8865.4
22:51:35,server_10,0.0
22:51:35,server_6,57.61
22:51:35,server_7,198.92
22:51:35,server_8,147.83
22:51:35,server_5,677.31
22:51:40,server_11,1256.43
22:51:40,server_19,26.62
22:51:40,server_18,0.0
22:51:40,server_17,80.59
22:51:40,server_16,24.48
22:51:40,server_15,89.89
22:51:40,server_14,183.05
22:51:40,server_13,6995.26
22:51:40,server_12,6268.95
22:51:40,server_20,20.29
22:51:40,server_10,5441.53
22:51:40,server_8,13.87
22:51:40,server_9,30.59
22:51:40,server_1,106.74
22:51:40,server_2,18.43
22:51:40,server_3,112.48
22:51:40,server_5,59.38
22:51:40,server_6,53.8
22:51:40,server_7,94.47
22:51:40,server_4,61.12
22:51:45,server_20,166.58
22:51:45,server_11,181.14
22:51:45,server_18,1051.64
22:51:45,server_17,530.63
22:51:45,server_16,56.87
22:51:45,server_15,5789.11
22:51:45,server_14,0.0
22:51:45,server_13,1698.15
22:51:45,server_12,32.81
22:51:45,server_19,1.7
22:51:45,server_10,60.56
22:51:45,server_8,20.7
22:51:45,server_1,42.74
22:51:45,server_2,46.36
22:51:45,server_3,55.77
22:51:45,server_9,48.88
22:51:45,server_5,31.95
22:51:45,server_6,72.26
22:51:45,server_7,80.57
22:51:45,server_4,30.92
22:51:50,server_12,173.97
22:51:50,server_19,17.23
22:51:50,server_18,22.62
22:51:50,server_17,8223.97
22:51:50,server_16,137.44
22:51:50,server_15,69.27
22:51:50,server_14,104.3
22:51:50,server_13,6.05
22:51:50,server_11,43.08
22:51:50,server_20,85.38
22:51:50,server_9,133.83
22:51:50,server_1,7582.38
22:51:50,server_2,8429.17
22:51:50,server_3,180.23
22:51:50,server_4,65.79
22:51:50,server_10,145.49
22:51:50,server_6,74.14
22:51:50,server_7,74.63
22:51:50,server_8,22.87
22:51:50,server_5,53.99
22:51:55,server_11,103.26
22:51:55,server_19,0.0
22:51:55,server_18,22.88
22:51:55,server_17,169.56
22:51:55,server_16,118.86
22:51:55,server_15,91.19
22:51:55,server_14,30.11
22:51:55,server_13,3290.46
22:51:55,server_12,44.86
22:51:55,server_20,30.66
22:51:55,server_10,72.55
22:51:55,server_8,91.79
22:51:55,server_7,1891.77
22:51:55,server_6,184.37
22:51:55,server_5,43.52
22:51:55,server_4,21.89
22:51:55,server_3,108.88
22:51:55,server_2,11.57
22:51:55,server_1,5486.76
22:51:55,server_9,7.21
22:52:00,server_13,1271.7
22:52:00,server_14,92.22
22:52:00,server_15,50.21
22:52:00,server_12,25.01
22:52:00,server_17,137.23
22:52:00,server_18,146.23
22:52:00,server_19,0.0
22:52:00,server_20,779.44
22:52:00,server_11,44.08
22:52:00,server_16,73.68
22:52:00,server_9,1232.0
22:52:00,server_1,0.0
22:52:00,server_2,82.95
22:52:00,server_3,111.26
22:52:00,server_4,7.97
22:52:00,server_10,0.0
22:52:00,server_6,49.28
22:52:00,server_7,884.06
22:52:00,server_8,55.79
22:52:00,server_5,80.96
22:52:05,server_12,1823.02
22:52:05,server_19,0.0
22:52:05,server_18,88.52
22:52:05,server_17,9260.18
22:52:05,server_16,7368.59
22:52:05,server_15,64.84
22:52:05,server_14,6811.96
22:52:05,server_13,90.81
22:52:05,server_11,62.0
22:52:05,server_20,111.38
22:52:05,server_9,0.69
22:52:05,server_1,4447.16
22:52:05,server_2,1959.13
22:52:05,server_3,130.05
22:52:05,server_4,71.59
22:52:05,server_10,122.59
22:52:05,server_6,77.25
22:52:05,server_7,188.0
22:52:05,server_8,0.0
22:52:05,server_5,92.25
22:52:10,server_11,100.93
22:52:10,server_19,0.0
22:52:10,server_18,148.58
22:52:10,server_17,42.54
22:52:10,server_16,124.62
22:52:10,server_15,9965.28
22:52:10,server_14,149.83
22:52:10,server_13,0.0
22:52:10,server_12,0.0
22:52:10,server_20,41.84
22:52:10,server_10,107.52
22:52:10,server_8,91.89
22:52:10,server_7,139.21
22:52:10,server_6,97.82
22:52:10,server_5,6084.85
22:52:10,server_4,0.24
22:52:10,server_3,167.2
22:52:10,server_2,4157.82
22:52:10,server_1,172.04
22:52:10,server_9,52.77
22:52:15,server_13,0.0
22:52:15,server_14,78.71
22:52:15,server_15,146.04
22:52:15,server_16,0.0
22:52:15,server_20,128.63
22:52:15,server_18,0.0
22:52:15,server_19,8401.74
22:52:15,server_12,1143.36
22:52:15,server_17,1324.63
22:52:15,server_11,147.65
22:52:15,server_10,29.9
22:52:15,server_9,78.52
22:52:15,server_2,0.0
22:52:15,server_3,66.61
22:52:15,server_4,0.0
22:52:15,server_1,80.66
22:52:15,server_6,1770.2
22:52:15,server_7,95.14
22:52:15,server_8,722.18
22:52:15,server_5,5123.86
22:52:20,server_13,1692.93
22:52:20,server_20,55.12
22:52:20,server_19,82.29
22:52:20,server_18,4592.82
22:52:20,server_17,8834.1
22:52:20,server_16,111.39
22:52:20,server_15,104.28
22:52:20,server_14,70.24
22:52:20,server_12,4047.1
22:52:20,server_11,17.05
22:52:20,server_1,46.22
22:52:20,server_9,58.53
22:52:20,server_8,0.0
22:52:20,server_7,73.66
22:52:20,server_6,0.0
22:52:20,server_5,872.73
22:52:20,server_4,1898.5
22:52:20,server_3,83.68
22:52:20,server_2,78.39
22:52:20,server_10,4.93
22:52:25,server_13,0.0
22:52:25,server_14,84.61
22:52:25,server_15,827.37
22:52:25,server_16,105.41
22:52:25,server_12,0.0
22:52:25,server_18,24.22
22:52:25,server_19,31.16
22:52:25,server_20,0.0
22:52:25,server_17,500.38
22:52:25,server_11,178.26
22:52:25,server_1,48.13
22:52:25,server_9,3089.93
22:52:25,server_8,24.56
22:52:25,server_7,94.5
22:52:25,server_6,1364.8
22:52:25,server_5,45.95
22:52:25,server_4,0.0
22:52:25,server_3,8451.4
22:52:25,server_2,1014.5
22:52:25,server_10,0.0
22:52:30,server_13,55.46
22:52:30,server_14,1403.88
22:52:30,server_15,155.8
22:52:30,server_20,45.03
22:52:30,server_19,86.79
22:52:30,server_17,0.0
22:52:30,server_18,50.98
22:52:30,server_12,94.34
22:52:30,server_16,1259.71
22:52:30,server_11,111.31
22:52:30,server_5,8976.74
22:52:30,server_9,7940.79
22:52:30,server_1,4701.56
22:52:30,server_2,156.15
22:52:30,server_3,27.79
22:52:30,server_10,64.21
22:52:30,server_6,60.92
22:52:30,server_7,125.24
22:52:30,server_8,74.97
22:52:30,server_4,187.16
22:52:35,server_13,122.21
22:52:35,server_20,719.59
22:52:35,server_19,81.96
22:52:35,server_18,39.24
22:52:35,server_17,156.35
22:52:35,server_16,64.55
22:52:35,server_15,93.58
22:52:35,server_14,1647.32
22:52:35,server_12,112.87
22:52:35,server_11,15.37
22:52:35,server_1,156.77
22:52:35,server_9,109.9
22:52:35,server_8,1811.91
22:52:35,server_7,32.79
22:52:35,server_6,38.73
22:52:35,server_5,69.95
22:52:35,server_4,58.98
22:52:35,server_3,187.06
22:52:35,server_2,97.97
22:52:35,server_10,1244.19
22:52:40,server_13,188.09
22:52:40,server_14,6105.25
22:52:40,server_15,1735.3
22:52:40,server_16,54.13
22:52:40,server_12,0.0
22:52:40,server_18,3871.6
22:52:40,server_19,34.48
22:52:40,server_20,0.0
22:52:40,server_17,4548.18
22:52:40,server_11,96.23
22:52:40,server_1,72.35
22:52:40,server_9,89.06
22:52:40,server_8,161.65
22:52:40,server_7,1684.9
22:52:40,server_6,8.39
22:52:40,server_5,71.3
22:52:40,server_4,57.42
22:52:40,server_3,73.66
22:52:40,server_2,129.42
22:52:40,server_10,829.26
22:52:45,server_13,54.62
22:52:45,server_14,43.88
22:52:45,server_20,83.74
22:52:45,server_15,81.9
22:52:45,server_19,26.96
22:52:45,server_17,0.0
22:52:45,server_18,0.0
22:52:45,server_12,72.78
22:52:45,server_16,1479.93
22:52:45,server_11,5.01
22:52:45,server_6,181.67
22:52:45,server_9,0.0
22:52:45,server_8,1481.61
22:52:45,server_7,66.58
22:52:45,server_5,89.98
22:52:45,server_4,78.71
22:52:45,server_3,103.58
22:52:45,server_2,0.0
22:52:45,server_1,92.59
22:52:45,server_10,62.24
22:52:50,server_13,134.92
22:52:50,server_14,18.07
22:52:50,server_15,130.71
22:52:50,server_20,3849.4
22:52:50,server_18,198.04
22:52:50,server_19,67.94
22:52:50,server_12,50.93
22:52:50,server_17,162.98
22:52:50,server_11,77.44
22:52:50,server_16,11.23
22:52:50,server_9,148.36
22:52:50,server_8,60.02
22:52:50,server_7,63.83
22:52:50,server_6,160.19
22:52:50,server_5,137.96
22:52:50,server_4,130.58
22:52:50,server_3,15.05
22:52:50,server_2,46.16
22:52:50,server_1,110.73
22:52:50,server_10,0.0
22:52:55,server_12,22.22
22:52:55,server_13,105.01
22:52:55,server_14,0.0
22:52:55,server_18,62.13
22:52:55,server_16,58.06
22:52:55,server_17,164.85
22:52:55,server_11,1192.59
22:52:55,server_15,130.51
22:52:55,server_10,5411.12
22:52:55,server_5,32.96
22:52:55,server_8,82.12
22:52:55,server_7,24.21
22:52:55,server_6,103.13
22:52:55,server_4,82.6
22:52:55,server_3,91.44
22:52:55,server_2,39.77
22:52:55,server_1,6.77
22:52:55,server_19,70.75
22:52:55,server_9,54.73
22:52:55,server_20,58.86
