ts,server_id,net_in,net_out
20:53:00,server_1,907.31,1353.17
20:53:00,server_20,889.84,962.84
20:53:00,server_19,138.84,173.53
20:53:00,server_18,18641.9,17737.92
20:53:00,server_17,72.14,50.27
20:53:00,server_16,460.21,669.57
20:53:00,server_14,299.03,294.17
20:53:00,server_13,1089.0,1593.14
20:53:00,server_12,442.85,230.61
20:53:00,server_11,407.73,461.39
20:53:00,server_15,189.54,172.69
20:53:00,server_9,18.35,11.07
20:53:00,server_8,993.25,877.33
20:53:00,server_7,140.66,179.03
20:53:00,server_6,247.07,220.36
20:53:00,server_5,324.16,378.26
20:53:00,server_4,906.44,1343.14
20:53:00,server_3,560.22,354.82
20:53:00,server_2,226.49,335.94
20:53:00,server_10,701.64,636.1
20:53:05,server_13,1559.45,1372.89
20:53:05,server_14,182.25,105.5
20:53:05,server_15,8422.3,7286.5
20:53:05,server_16,3186.66,3216.51
20:53:05,server_20,109.07,141.55
20:53:05,server_18,9840.93,9306.81
20:53:05,server_19,511.76,526.36
20:53:05,server_12,2883.3,2346.62
20:53:05,server_17,4434.2,4347.55
20:53:05,server_11,4738.5,3855.08
20:53:05,server_5,616.02,832.86
20:53:05,server_9,644.02,444.37
20:53:05,server_10,7051.4,7549.4
20:53:05,server_2,319.95,295.05
20:53:05,server_3,324.95,422.74
20:53:05,server_4,215.95,268.43
20:53:05,server_1,941.82,480.14
20:53:05,server_6,188.63,191.33
20:53:05,server_7,15791.68,18660.91
20:53:05,server_8,77.88,114.15
20:53:10,server_20,338.5,442.62
20:53:10,server_19,105.92,68.21
20:53:10,server_18,206.74,176.19
20:53:10,server_17,647.43,902.32
20:53:10,server_16,652.15,659.72
20:53:10,server_14,370.9,206.91
20:53:10,server_13,828.49,1176.55
20:53:10,server_12,1275.16,1459.13
20:53:10,server_11,105.45,134.37
20:53:10,server_15,123.2,143.98
20:53:10,server_9,1044.09,1336.24
20:53:10,server_2,900.74,1306.52
20:53:10,server_3,95.6,67.84
20:53:10,server_4,8033.2,7126.97
20:53:10,server_5,872.53,1222.68
20:53:10,server_1,467.79,503.68
20:53:10,server_6,14409.77,16045.18
20:53:10,server_7,834.31,453.91
20:53:10,server_8,205.19,276.62
20:53:10,server_10,905.44,1103.0
20:53:15,server_12,19325.19,15536.69
20:53:15,server_19,859.0,563.96
20:53:15,server_18,337.86,491.0
20:53:15,server_17,211.12,248.98
20:53:15,server_16,877.05,1290.27
20:53:15,server_15,374.45,365.18
20:53:15,server_14,165.89,240.11
20:53:15,server_13,68.75,49.76
20:53:15,server_11,78.27,43.11
20:53:15,server_20,343.05,257.53
20:53:15,server_9,410.58,226.59
20:53:15,server_1,126.99,158.84
20:53:15,server_2,3286.21,3710.12
20:53:15,server_3,958.87,1305.13
20:53:15,server_4,844.07,722.42
20:53:15,server_10,647.89,931.7
20:53:15,server_6,1018.58,858.91
20:53:15,server_7,922.45,763.71
20:53:15,server_8,653.35,643.78
20:53:15,server_5,989.4,568.68
20:53:20,server_11,885.47,1176.86
20:53:20,server_19,966.9,930.67
20:53:20,server_18,337.65,254.49
20:53:20,server_17,3771.12,3412.34
20:53:20,server_16,905.24,1001.21
20:53:20,server_15,134.49,136.63
20:53:20,server_14,6796.18,5551.91
20:53:20,server_13,4269.75,4273.1
20:53:20,server_12,651.0,771.22
20:53:20,server_20,78.63,55.52
20:53:20,server_10,91.31,57.08
20:53:20,server_8,217.07,117.47
20:53:20,server_7,603.33,503.24
20:53:20,server_6,163.11,235.22
20:53:20,server_5,869.24,1211.45
20:53:20,server_4,797.09,497.11
20:53:20,server_3,482.12,494.6
20:53:20,server_2,15785.33,14343.49
20:53:20,server_1,1969.65,1653.45
20:53:20,server_9,158.79,144.54
20:53:25,server_13,11409.96,12116.91
20:53:25,server_14,191.81,278.04
20:53:25,server_16,109.05,131.19
20:53:25,server_12,8485.99,7720.41
20:53:25,server_18,98.25,76.66
20:53:25,server_19,303.16,151.93
20:53:25,server_20,245.04,240.39
20:53:25,server_17,498.24,662.71
20:53:25,server_11,131.38,98.9
20:53:25,server_15,589.87,861.78
20:53:25,server_9,35.0,42.9
20:53:25,server_1,7526.98,8913.06
20:53:25,server_2,499.49,713.9
20:53:25,server_3,215.8,154.51
20:53:25,server_4,282.38,404.26
20:53:25,server_10,3188.28,3671.15
20:53:25,server_6,45.28,46.83
20:53:25,server_7,2248.45,2233.23
20:53:25,server_8,4211.73,4130.5
20:53:25,server_5,902.61,598.97
20:53:30,server_20,14198.87,13053.26
20:53:30,server_19,469.73,622.53
20:53:30,server_18,90.32,127.18
20:53:30,server_17,682.49,619.5
20:53:30,server_16,339.21,423.97
20:53:30,server_15,563.32,363.73
20:53:30,server_14,1019.71,558.44
20:53:30,server_12,560.09,651.62
20:53:30,server_11,314.58,183.08
20:53:30,server_13,592.9,755.16
20:53:30,server_9,322.96,444.09
20:53:30,server_8,642.71,912.19
20:53:30,server_7,1017.72,712.52
20:53:30,server_6,423.72,243.26
20:53:30,server_5,253.94,341.02
20:53:30,server_4,911.47,566.83
20:53:30,server_3,822.0,923.17
20:53:30,server_2,918.39,1259.61
20:53:30,server_10,417.76,583.5
20:53:30,server_1,222.53,233.86
20:53:35,server_13,334.06,241.84
20:53:35,server_14,3680.12,4384.91
20:53:35,server_15,3853.11,4605.28
20:53:35,server_16,492.47,435.48
20:53:35,server_20,1379.2,1106.13
20:53:35,server_18,300.84,226.26
20:53:35,server_19,400.21,421.29
20:53:35,server_12,1197.24,1003.93
20:53:35,server_17,897.04,1082.34
20:53:35,server_11,977.58,845.94
20:53:35,server_3,410.14,274.1
20:53:35,server_9,637.81,519.47
20:53:35,server_8,7287.52,7344.13
20:53:35,server_7,244.69,364.59
20:53:35,server_6,882.47,569.29
20:53:35,server_5,327.98,274.58
20:53:35,server_4,161.67,227.1
20:53:35,server_2,182.82,238.61
20:53:35,server_1,32.15,33.4
20:53:35,server_10,3116.27,2523.14
20:53:40,server_12,876.9,790.46
20:53:40,server_13,904.5,527.59
20:53:40,server_14,2902.73,3445.57
20:53:40,server_15,591.87,353.15
20:53:40,server_19,95.76,136.72
20:53:40,server_17,726.65,934.77
20:53:40,server_18,169.45,124.51
20:53:40,server_11,171.78,111.57
20:53:40,server_16,451.88,355.68
20:53:40,server_20,13441.59,13175.79
20:53:40,server_10,15362.87,16698.6
20:53:40,server_8,683.72,603.5
20:53:40,server_1,934.06,1283.45
20:53:40,server_2,305.24,211.16
20:53:40,server_3,399.87,552.81
20:53:40,server_9,572.84,741.03
20:53:40,server_5,13715.01,13297.79
20:53:40,server_6,988.38,1121.7
20:53:40,server_7,302.31,295.61
20:53:40,server_4,942.34,675.17
20:53:45,server_13,10.94,9.2
20:53:45,server_20,341.98,224.64
20:53:45,server_19,145.16,110.11
20:53:45,server_18,955.0,814.56
20:53:45,server_17,904.49,1225.13
20:53:45,server_16,993.32,1029.98
20:53:45,server_15,108.34,71.13
20:53:45,server_14,734.06,873.59
20:53:45,server_12,1996.22,1691.39
20:53:45,server_11,10236.11,10289.94
20:53:45,server_1,18678.53,18549.03
20:53:45,server_9,1345.1,1532.1
20:53:45,server_8,858.71,675.63
20:53:45,server_7,1038.74,902.55
20:53:45,server_6,602.86,781.25
20:53:45,server_5,993.33,885.07
20:53:45,server_4,300.38,258.96
20:53:45,server_3,983.48,888.27
20:53:45,server_2,929.57,540.27
20:53:45,server_10,4615.99,4427.67
20:53:50,server_13,1561.63,1445.77
20:53:50,server_14,943.62,1250.11
20:53:50,server_15,341.07,402.93
20:53:50,server_16,344.77,324.26
20:53:50,server_12,30.61,19.29
20:53:50,server_18,6255.3,6174.22
20:53:50,server_19,167.0,89.49
20:53:50,server_20,427.83,361.04
20:53:50,server_17,323.14,311.21
20:53:50,server_11,969.73,1403.27
20:53:50,server_1,841.29,593.73
20:53:50,server_9,343.21,319.82
20:53:50,server_8,325.85,350.21
20:53:50,server_7,290.23,287.18
20:53:50,server_6,76.48,71.41
20:53:50,server_5,864.13,616.13
20:53:50,server_4,640.63,659.1
20:53:50,server_3,521.66,508.04
20:53:50,server_2,920.53,690.45
20:53:50,server_10,197.86,246.86
20:53:55,server_13,685.96,386.27
20:53:55,server_14,55.23,39.02
20:53:55,server_15,285.68,310.25
20:53:55,server_16,358.97,249.95
20:53:55,server_20,853.87,1255.81
20:53:55,server_18,975.07,980.19
20:53:55,server_19,139.74,70.71
20:53:55,server_12,363.12,417.26
20:53:55,server_17,1417.74,1366.35
20:53:55,server_11,866.85,587.59
20:53:55,server_5,975.55,608.46
20:53:55,server_9,434.88,484.22
20:53:55,server_2,4338.51,4765.65
20:53:55,server_3,218.63,195.95
20:53:55,server_4,362.55,207.84
20:53:55,server_1,766.91,1105.16
20:53:55,server_6,15026.99,14436.48
20:53:55,server_7,883.36,818.98
20:53:55,server_8,130.54,187.66
20:53:55,server_10,404.23,512.76
20:54:00,server_12,354.73,414.35
20:54:00,server_19,112.95,71.08
20:54:00,server_18,4432.04,3737.62
20:54:00,server_17,5631.32,5860.36
20:54:00,server_16,267.99,316.62
20:54:00,server_15,4647.83,5271.42
20:54:00,server_14,146.37,165.79
20:54:00,server_13,4062.41,3280.88
20:54:00,server_11,56.31,71.64
20:54:00,server_20,406.66,561.18
20:54:00,server_9,393.53,515.57
20:54:00,server_1,320.64,216.9
20:54:00,server_2,935.99,1217.54
20:54:00,server_3,744.54,723.44
20:54:00,server_4,182.98,271.79
20:54:00,server_10,757.7,507.82
20:54:00,server_6,819.0,607.02
20:54:00,server_7,196.79,285.9
20:54:00,server_8,140.37,111.44
20:54:00,server_5,642.28,368.58
20:54:05,server_11,198.24,263.8
20:54:05,server_19,135.87,144.8
20:54:05,server_18,416.5,491.1
20:54:05,server_17,15498.03,14977.99
20:54:05,server_16,601.4,695.78
20:54:05,server_15,967.31,638.57
20:54:05,server_14,225.38,113.64
20:54:05,server_13,336.81,205.66
20:54:05,server_12,158.86,165.93
20:54:05,server_20,451.36,317.15
20:54:05,server_10,624.75,864.45
20:54:05,server_8,357.07,208.79
20:54:05,server_7,879.52,1264.15
20:54:05,server_6,562.16,547.2
20:54:05,server_5,644.05,412.66
20:54:05,server_4,19901.28,19331.62
20:54:05,server_3,912.02,601.0
20:54:05,server_2,9335.06,9803.79
20:54:05,server_1,857.8,818.18
20:54:05,server_9,407.01,418.55
20:54:10,server_14,662.02,970.57
20:54:10,server_15,743.14,548.27
20:54:10,server_16,1692.28,1672.06
20:54:10,server_13,19998.49,18378.21
20:54:10,server_18,858.8,1107.84
20:54:10,server_19,604.26,752.57
20:54:10,server_20,604.0,543.9
20:54:10,server_17,652.53,694.89
20:54:10,server_12,138.6,73.7
20:54:10,server_11,190.45,236.17
20:54:10,server_1,891.36,1261.4
20:54:10,server_9,936.49,637.17
20:54:10,server_8,71.34,60.84
20:54:10,server_7,42.38,38.31
20:54:10,server_6,9454.06,10198.05
20:54:10,server_5,518.93,354.87
20:54:10,server_4,373.73,291.88
20:54:10,server_3,877.63,1310.76
20:54:10,server_2,883.1,1159.98
20:54:10,server_10,1529.14,1348.44
20:54:15,server_13,313.88,231.91
20:54:15,server_14,87.16,56.06
20:54:15,server_15,268.71,139.05
20:54:15,server_20,276.11,165.58
20:54:15,server_18,183.09,137.41
20:54:15,server_19,7335.38,8557.98
20:54:15,server_12,2015.72,1940.77
20:54:15,server_16,416.23,366.33
20:54:15,server_11,278.91,386.32
20:54:15,server_17,2588.79,2989.33
20:54:15,server_9,2776.58,3087.94
20:54:15,server_10,679.44,447.69
20:54:15,server_2,229.2,341.62
20:54:15,server_3,366.42,440.04
20:54:15,server_4,382.12,420.28
20:54:15,server_1,650.03,568.81
20:54:15,server_6,167.37,248.26
20:54:15,server_7,4902.8,4547.22
20:54:15,server_8,2088.83,2160.04
20:54:15,server_5,195.43,245.78
20:54:20,server_20,355.72,262.25
20:54:20,server_12,883.98,451.28
20:54:20,server_19,849.65,860.36
20:54:20,server_18,649.98,647.6
20:54:20,server_17,616.97,881.13
20:54:20,server_16,486.35,633.13
20:54:20,server_15,6142.28,6798.15
20:54:20,server_14,935.25,1053.01
20:54:20,server_13,796.06,961.92
20:54:20,server_11,448.71,464.38
20:54:20,server_7,12550.79,12462.98
20:54:20,server_9,607.61,468.38
20:54:20,server_8,913.48,1354.9
20:54:20,server_6,180.29,137.15
20:54:20,server_5,12289.44,11922.15
20:54:20,server_4,664.28,932.15
20:54:20,server_3,872.43,1139.1
20:54:20,server_2,964.0,1024.82
20:54:20,server_1,497.13,481.17
20:54:20,server_10,808.29,869.61
20:54:25,server_15,275.77,259.08
20:54:25,server_13,149.7,122.12
20:54:25,server_14,861.21,1225.11
20:54:25,server_16,383.99,540.68
20:54:25,server_12,214.64,217.65
20:54:25,server_18,150.74,213.61
20:54:25,server_19,518.94,282.36
20:54:25,server_20,29.04,32.8
20:54:25,server_17,178.64,253.07
20:54:25,server_11,72.0,99.67
20:54:25,server_1,923.76,876.54
20:54:25,server_9,825.95,932.31
20:54:25,server_2,297.71,167.93
20:54:25,server_3,972.83,1096.89
20:54:25,server_4,4879.98,4476.1
20:54:25,server_10,201.41,105.8
20:54:25,server_6,11855.73,11249.55
20:54:25,server_7,2056.14,2269.24
20:54:25,server_8,824.58,1103.32
20:54:25,server_5,527.32,459.06
20:54:30,server_13,896.29,641.21
20:54:30,server_20,86.15,66.46
20:54:30,server_19,916.38,857.32
20:54:30,server_18,8665.45,8951.37
20:54:30,server_17,0.0,0.0
20:54:30,server_16,319.11,476.39
20:54:30,server_15,46.2,61.43
20:54:30,server_14,389.45,304.23
20:54:30,server_12,969.89,651.55
20:54:30,server_11,85.31,92.29
20:54:30,server_1,62.25,90.47
20:54:30,server_9,459.35,681.89
20:54:30,server_8,5912.4,6834.36
20:54:30,server_7,650.22,443.35
20:54:30,server_6,636.03,826.15
20:54:30,server_5,1024.38,576.13
20:54:30,server_4,182.75,158.59
20:54:30,server_3,13864.46,15791.03
20:54:30,server_2,232.53,230.26
20:54:30,server_10,926.73,1042.65
20:54:35,server_13,1116.09,888.83
20:54:35,server_14,20.88,18.88
20:54:35,server_15,216.35,169.19
20:54:35,server_16,509.34,458.95
20:54:35,server_12,2781.83,2291.09
20:54:35,server_18,671.89,908.23
20:54:35,server_19,989.4,713.4
20:54:35,server_20,708.07,832.9
20:54:35,server_17,1314.6,1453.56
20:54:35,server_11,353.82,432.28
20:54:35,server_1,365.14,344.63
20:54:35,server_9,398.07,245.6
20:54:35,server_8,319.82,216.94
20:54:35,server_7,561.47,672.67
20:54:35,server_6,80.17,55.23
20:54:35,server_5,421.26,625.53
20:54:35,server_4,599.65,888.5
20:54:35,server_3,881.32,1013.18
20:54:35,server_2,372.39,484.03
20:54:35,server_10,647.63,598.74
20:54:40,server_13,442.17,438.74
20:54:40,server_14,95.0,102.42
20:54:40,server_15,119.52,91.09
20:54:40,server_16,664.76,630.27
20:54:40,server_20,679.64,408.06
20:54:40,server_18,639.61,586.4
20:54:40,server_19,666.16,372.62
20:54:40,server_12,845.24,1168.9
20:54:40,server_17,833.62,487.26
20:54:40,server_11,3186.62,3593.18
20:54:40,server_1,544.02,461.02
20:54:40,server_9,665.65,371.48
20:54:40,server_2,197.76,256.98
20:54:40,server_3,262.83,221.41
20:54:40,server_4,974.3,1402.52
20:54:40,server_10,12714.69,13979.4
20:54:40,server_6,522.22,762.27
20:54:40,server_7,533.7,454.59
20:54:40,server_8,4170.0,3595.49
20:54:40,server_5,339.96,345.83
20:54:45,server_12,127.38,79.72
20:54:45,server_19,9837.74,8695.35
20:54:45,server_18,515.48,651.34
20:54:45,server_17,1066.38,948.86
20:54:45,server_16,65.12,85.58
20:54:45,server_15,493.55,721.64
20:54:45,server_14,758.08,784.5
20:54:45,server_13,206.12,307.09
20:54:45,server_20,447.23,407.66
20:54:45,server_11,452.48,437.48
20:54:45,server_9,976.76,1414.96
20:54:45,server_8,951.13,1293.65
20:54:45,server_7,242.19,133.36
20:54:45,server_6,481.07,326.61
20:54:45,server_5,108.95,83.47
20:54:45,server_4,535.29,524.99
20:54:45,server_3,839.84,870.62
20:54:45,server_2,59.69,64.57
20:54:45,server_1,13902.98,14877.11
20:54:45,server_10,298.13,322.95
20:54:50,server_13,185.7,257.84
20:54:50,server_14,306.35,384.57
20:54:50,server_15,4635.86,5402.86
20:54:50,server_16,3236.47,3712.07
20:54:50,server_12,93.71,115.07
20:54:50,server_18,318.02,260.81
20:54:50,server_19,32.09,18.2
20:54:50,server_20,848.79,613.56
20:54:50,server_17,934.72,761.47
20:54:50,server_11,338.93,264.05
20:54:50,server_5,608.82,848.47
20:54:50,server_9,1029.22,1062.69
20:54:50,server_1,286.8,174.46
20:54:50,server_2,979.75,1068.37
20:54:50,server_3,529.03,277.08
20:54:50,server_4,6174.64,5773.24
20:54:50,server_10,1821.51,1785.91
20:54:50,server_6,401.33,215.3
20:54:50,server_7,19356.38,18849.56
20:54:50,server_8,941.33,668.97
20:54:55,server_20,3125.83,2586.58
20:54:55,server_19,67.77,54.4
20:54:55,server_18,963.07,1162.6
20:54:55,server_17,284.78,166.63
20:54:55,server_16,488.96,402.67
20:54:55,server_15,12800.21,13298.52
20:54:55,server_13,221.34,135.09
20:54:55,server_12,0.53,0.46
20:54:55,server_11,509.3,471.83
20:54:55,server_14,203.4,120.31
20:54:55,server_9,797.49,879.95
20:54:55,server_10,4221.75,4520.1
20:54:55,server_2,16648.09,14160.52
20:54:55,server_3,933.55,1327.13
20:54:55,server_4,909.68,904.38
20:54:55,server_1,310.76,156.67
20:54:55,server_6,1176.76,1062.31
20:54:55,server_7,914.01,1284.46
20:54:55,server_8,359.93,412.27
20:54:55,server_5,308.09,207.69
20:55:00,server_12,81.56,99.85
20:55:00,server_20,15.12,19.2
20:55:00,server_19,292.26,188.6
20:55:00,server_18,986.43,986.99
20:55:00,server_17,347.56,266.31
20:55:00,server_16,252.9,291.78
20:55:00,server_15,480.19,550.09
20:55:00,server_14,13935.0,12334.68
20:55:00,server_13,840.67,1117.92
20:55:00,server_11,470.92,487.65
20:55:00,server_3,372.99,383.53
20:55:00,server_9,398.5,237.81
20:55:00,server_10,2941.63,2409.76
20:55:00,server_2,179.39,123.29
20:55:00,server_4,528.93,344.18
20:55:00,server_1,335.69,270.94
20:55:00,server_6,202.68,156.08
20:55:00,server_7,566.65,618.22
20:55:00,server_8,535.24,643.14
20:55:00,server_5,370.27,484.83
20:55:05,server_12,6109.99,5241.3
20:55:05,server_20,9402.27,10365.5
20:55:05,server_19,214.29,142.54
20:55:05,server_18,174.33,131.23
20:55:05,server_17,683.87,790.78
20:55:05,server_16,681.82,925.99
20:55:05,server_15,371.54,196.07
20:55:05,server_13,68.79,63.14
20:55:05,server_11,836.96,572.71
20:55:05,server_14,1621.66,1350.97
20:55:05,server_9,13966.99,13482.62
20:55:05,server_2,328.78,468.44
20:55:05,server_3,463.19,349.14
20:55:05,server_4,142.53,97.02
20:55:05,server_5,17300.16,18018.33
20:55:05,server_1,298.01,376.43
20:55:05,server_10,935.19,833.29
20:55:05,server_7,850.13,747.22
20:55:05,server_8,1474.5,1553.9
20:55:05,server_6,220.46,278.44
20:55:10,server_12,3537.51,4168.87
20:55:10,server_19,912.82,742.69
20:55:10,server_18,707.88,411.7
20:55:10,server_17,6311.27,7171.34
20:55:10,server_16,19618.98,22473.96
20:55:10,server_15,628.98,942.66
20:55:10,server_14,141.04,202.38
20:55:10,server_13,153.03,172.94
20:55:10,server_11,369.2,278.49
20:55:10,server_20,2252.57,2379.89
20:55:10,server_9,216.54,293.95
20:55:10,server_1,156.06,144.11
20:55:10,server_2,1947.11,2322.27
20:55:10,server_3,6896.33,5894.65
20:55:10,server_4,655.25,653.52
20:55:10,server_10,497.75,376.53
20:55:10,server_6,376.65,354.85
20:55:10,server_7,157.92,227.66
20:55:10,server_8,902.96,937.16
20:55:10,server_5,0.0,0.0
20:55:15,server_11,404.28,279.91
20:55:15,server_19,830.1,654.73
20:55:15,server_18,158.19,216.36
20:55:15,server_17,441.41,414.83
20:55:15,server_16,111.89,163.78
20:55:15,server_15,859.99,965.27
20:55:15,server_14,19782.77,23640.67
20:55:15,server_13,1033.11,1423.03
20:55:15,server_12,642.33,601.74
20:55:15,server_20,97.99,68.66
20:55:15,server_10,4646.57,5243.56
20:55:15,server_8,959.33,1286.03
20:55:15,server_7,1089.98,1143.0
20:55:15,server_6,958.13,1387.58
20:55:15,server_5,3161.09,3327.56
20:55:15,server_4,450.05,385.01
20:55:15,server_3,130.32,120.03
20:55:15,server_2,143.6,82.41
20:55:15,server_1,385.56,200.93
20:55:15,server_9,436.41,328.71
20:55:20,server_13,989.66,1329.13
20:55:20,server_14,206.19,112.05
20:55:20,server_15,866.4,616.24
20:55:20,server_16,683.4,606.19
20:55:20,server_20,332.15,431.87
20:55:20,server_18,926.09,597.63
20:55:20,server_19,546.82,490.66
20:55:20,server_12,179.34,268.98
20:55:20,server_17,533.89,619.58
20:55:20,server_11,17144.05,17577.04
20:55:20,server_4,571.55,593.7
20:55:20,server_9,569.14,766.18
20:55:20,server_10,645.07,801.96
20:55:20,server_2,1000.79,1464.45
20:55:20,server_3,389.29,202.31
20:55:20,server_1,928.67,650.89
20:55:20,server_6,442.2,445.01
20:55:20,server_7,6270.23,5080.24
20:55:20,server_8,182.97,250.07
20:55:20,server_5,19845.25,19463.48
20:55:25,server_20,262.64,289.54
20:55:25,server_19,33.0,40.22
20:55:25,server_18,52.97,51.16
20:55:25,server_17,292.97,253.44
20:55:25,server_16,830.35,494.2
20:55:25,server_15,15162.49,14519.26
20:55:25,server_14,184.42,113.54
20:55:25,server_12,10282.82,11614.46
20:55:25,server_11,597.79,768.67
20:55:25,server_13,0.0,0.0
20:55:25,server_9,12661.43,10551.23
20:55:25,server_10,232.48,333.32
20:55:25,server_2,430.04,567.05
20:55:25,server_3,616.83,714.41
20:55:25,server_4,975.17,879.87
20:55:25,server_1,544.27,433.8
20:55:25,server_6,4093.72,3904.47
20:55:25,server_7,15386.57,15761.42
20:55:25,server_8,34.3,36.39
20:55:25,server_5,487.3,354.49
20:55:30,server_12,783.53,444.67
20:55:30,server_20,446.01,631.94
20:55:30,server_19,4015.19,4012.48
20:55:30,server_18,651.24,442.68
20:55:30,server_17,124.7,77.17
20:55:30,server_16,299.03,195.83
20:55:30,server_15,792.61,629.9
20:55:30,server_14,925.71,1157.22
20:55:30,server_13,834.56,1037.12
20:55:30,server_11,270.38,309.69
20:55:30,server_3,991.76,1195.23
20:55:30,server_9,352.44,252.52
20:55:30,server_8,942.68,981.6
20:55:30,server_7,578.64,548.83
20:55:30,server_6,204.47,207.27
20:55:30,server_5,546.14,373.08
20:55:30,server_4,452.68,456.24
20:55:30,server_2,86.99,81.36
20:55:30,server_1,16095.05,14092.81
20:55:30,server_10,18980.35,22557.51
20:55:35,server_15,551.84,295.55
20:55:35,server_14,929.3,599.48
20:55:35,server_16,308.16,295.96
20:55:35,server_17,339.72,476.25
20:55:35,server_3,565.7,363.72
20:55:35,server_19,946.88,883.1
20:55:35,server_13,200.29,296.15
20:55:35,server_20,2873.95,2361.25
20:55:35,server_18,656.63,515.79
20:55:35,server_12,188.25,227.87
20:55:35,server_1,917.22,1304.14
20:55:35,server_10,542.16,301.42
20:55:35,server_2,494.14,540.0
20:55:35,server_4,265.29,350.69
20:55:35,server_5,1009.7,1259.34
20:55:35,server_11,182.97,240.4
20:55:35,server_7,7166.58,5898.49
20:55:35,server_8,14902.13,13622.52
20:55:35,server_9,261.61,174.6
20:55:35,server_6,14512.64,11630.16
20:55:40,server_12,955.8,1366.21
20:55:40,server_19,1640.45,1880.88
20:55:40,server_18,577.41,440.44
20:55:40,server_17,4934.2,4274.59
20:55:40,server_16,188.18,254.72
20:55:40,server_15,962.39,1017.86
20:55:40,server_14,993.87,622.05
20:55:40,server_13,361.18,240.01
20:55:40,server_20,865.83,701.36
20:55:40,server_11,17736.64,15936.63
20:55:40,server_9,654.44,375.63
20:55:40,server_8,899.52,1143.54
20:55:40,server_7,366.56,374.45
20:55:40,server_6,11833.6,11283.4
20:55:40,server_5,393.53,216.11
20:55:40,server_4,2773.0,2417.43
20:55:40,server_3,195.84,160.06
20:55:40,server_2,125.44,123.71
20:55:40,server_1,170.9,214.56
20:55:40,server_10,18081.73,15439.15
20:55:45,server_12,2052.43,1769.62
20:55:45,server_13,673.63,339.46
20:55:45,server_14,727.08,604.63
20:55:45,server_15,843.05,894.23
20:55:45,server_11,580.99,860.51
20:55:45,server_17,561.76,779.89
20:55:45,server_18,4238.84,3780.71
20:55:45,server_19,179.1,107.81
20:55:45,server_16,338.06,352.59
20:55:45,server_20,14997.14,14427.09
20:55:45,server_10,903.33,535.17
20:55:45,server_8,36.34,48.82
20:55:45,server_7,1002.6,895.02
20:55:45,server_6,305.9,421.68
20:55:45,server_5,997.15,771.92
20:55:45,server_4,156.18,206.89
20:55:45,server_3,592.53,849.81
20:55:45,server_2,172.36,166.67
20:55:45,server_1,76.44,60.4
20:55:45,server_9,256.0,358.07
20:55:50,server_13,632.18,423.8
20:55:50,server_14,905.28,921.75
20:55:50,server_15,3744.98,3715.53
20:55:50,server_16,956.93,735.31
20:55:50,server_20,434.58,638.72
20:55:50,server_18,892.96,1154.92
20:55:50,server_19,372.33,447.69
20:55:50,server_12,14364.46,12146.35
20:55:50,server_17,516.79,730.02
20:55:50,server_11,585.56,581.16
20:55:50,server_10,1002.98,1140.83
20:55:50,server_9,413.9,439.85
20:55:50,server_2,3465.4,3759.13
20:55:50,server_3,187.02,276.89
20:55:50,server_4,2839.72,3013.1
20:55:50,server_1,2.24,2.62
20:55:50,server_6,601.53,640.63
20:55:50,server_7,12.52,17.41
20:55:50,server_8,276.96,376.81
20:55:50,server_5,3694.68,3197.05
20:55:55,server_12,5340.67,5222.72
20:55:55,server_19,831.24,756.31
20:55:55,server_18,111.46,144.92
20:55:55,server_17,465.38,514.15
20:55:55,server_16,271.82,211.17
20:55:55,server_15,429.85,595.67
20:55:55,server_14,599.81,495.84
20:55:55,server_13,731.91,877.54
20:55:55,server_11,961.39,750.92
20:55:55,server_20,4744.72,4368.78
20:55:55,server_9,211.02,279.35
20:55:55,server_1,973.42,1300.25
20:55:55,server_2,3808.37,4037.95
20:55:55,server_3,568.09,324.54
20:55:55,server_4,4349.28,5187.26
20:55:55,server_10,197.69,180.48
20:55:55,server_6,2.86,2.68
20:55:55,server_7,594.27,408.72
20:55:55,server_8,227.27,199.35
20:55:55,server_5,4349.42,3521.27
20:56:00,server_12,212.0,116.18
20:56:00,server_19,16.98,8.71
20:56:00,server_18,7698.36,9164.86
20:56:00,server_17,3242.27,3886.04
20:56:00,server_16,941.4,1283.51
20:56:00,server_15,832.21,462.51
20:56:00,server_14,280.77,384.33
20:56:00,server_13,179.89,253.38
20:56:00,server_11,192.27,275.14
20:56:00,server_20,3595.5,3078.04
20:56:00,server_9,630.86,933.17
20:56:00,server_1,9740.9,11358.5
20:56:00,server_2,1595.12,1744.52
20:56:00,server_3,513.04,477.95
20:56:00,server_4,407.2,488.53
20:56:00,server_10,308.45,460.61
20:56:00,server_6,755.01,809.27
20:56:00,server_7,825.98,841.99
20:56:00,server_8,946.78,633.62
20:56:00,server_5,651.3,463.5
20:56:05,server_11,869.14,1102.98
20:56:05,server_19,1798.83,1834.7
20:56:05,server_18,41.7,31.32
20:56:05,server_17,597.56,876.37
20:56:05,server_16,3261.83,3052.36
20:56:05,server_15,533.0,381.68
20:56:05,server_14,3128.17,3033.33
20:56:05,server_13,108.92,82.18
20:56:05,server_12,9293.66,8590.8
20:56:05,server_20,3575.28,3982.18
20:56:05,server_10,128.55,118.73
20:56:05,server_8,232.05,148.14
20:56:05,server_7,592.7,653.8
20:56:05,server_6,916.12,1212.68
20:56:05,server_5,0.49,0.52
20:56:05,server_4,570.68,532.17
20:56:05,server_3,11.64,11.64
20:56:05,server_2,595.67,319.53
20:56:05,server_1,793.12,1171.25
20:56:05,server_9,833.35,529.96
20:56:10,server_13,89.61,49.8
20:56:10,server_14,171.28,205.86
20:56:10,server_15,271.96,380.67
20:56:10,server_12,184.48,95.21
20:56:10,server_17,354.33,417.98
20:56:10,server_18,475.74,313.25
20:56:10,server_19,7189.28,6562.3
20:56:10,server_16,466.83,420.57
20:56:10,server_11,49.52,67.48
20:56:10,server_20,3186.81,3383.36
20:56:10,server_9,712.15,720.27
20:56:10,server_1,282.7,240.13
20:56:10,server_2,7901.46,9090.92
20:56:10,server_3,346.93,241.05
20:56:10,server_4,523.57,329.84
20:56:10,server_10,409.82,366.04
20:56:10,server_6,508.37,472.83
20:56:10,server_7,643.64,764.55
20:56:10,server_8,333.25,459.84
20:56:10,server_5,935.25,1041.31
20:56:15,server_19,503.53,590.34
20:56:15,server_18,951.35,623.13
20:56:15,server_17,526.51,588.62
20:56:15,server_16,218.17,130.03
20:56:15,server_15,182.72,270.0
20:56:15,server_14,813.79,726.26
20:56:15,server_13,487.62,725.8
20:56:15,server_12,274.4,325.11
20:56:15,server_11,33.6,26.76
20:56:15,server_20,13255.78,13477.5
20:56:15,server_9,301.55,171.11
20:56:15,server_1,906.58,1333.77
20:56:15,server_2,992.78,552.95
20:56:15,server_3,501.58,573.53
20:56:15,server_4,2870.14,3304.66
20:56:15,server_10,718.65,512.38
20:56:15,server_6,895.52,663.58
20:56:15,server_7,145.58,202.63
20:56:15,server_8,724.98,433.84
20:56:15,server_5,410.2,328.85
20:56:20,server_11,879.9,924.33
20:56:20,server_19,525.22,340.41
20:56:20,server_18,18310.37,16244.71
20:56:20,server_17,845.81,563.46
20:56:20,server_16,334.26,380.73
20:56:20,server_15,14595.35,15320.48
20:56:20,server_14,378.14,425.84
20:56:20,server_13,45.02,60.4
20:56:20,server_12,497.51,489.84
20:56:20,server_20,915.43,679.2
20:56:20,server_10,455.71,617.5
20:56:20,server_8,620.56,620.02
20:56:20,server_9,499.07,387.2
20:56:20,server_1,2007.81,2311.37
20:56:20,server_2,625.7,695.03
20:56:20,server_3,18729.71,16384.88
20:56:20,server_5,400.75,396.46
20:56:20,server_6,798.03,701.9
20:56:20,server_7,14290.76,12992.79
20:56:20,server_4,860.78,478.69
20:56:25,server_20,450.54,491.65
20:56:25,server_11,273.48,231.87
20:56:25,server_18,899.57,1035.5
20:56:25,server_17,18221.39,15207.82
20:56:25,server_16,606.72,792.1
20:56:25,server_15,391.9,526.28
20:56:25,server_14,321.0,221.38
20:56:25,server_13,444.8,572.27
20:56:25,server_12,19878.66,21050.42
20:56:25,server_19,903.65,498.64
20:56:25,server_10,489.72,356.07
20:56:25,server_8,182.94,97.19
20:56:25,server_1,567.21,375.18
20:56:25,server_2,640.58,602.34
20:56:25,server_3,746.38,667.03
20:56:25,server_9,519.59,270.75
20:56:25,server_5,583.47,836.5
20:56:25,server_6,2048.55,1707.32
20:56:25,server_7,15529.23,17461.49
20:56:25,server_4,392.81,363.31
20:56:30,server_12,2562.81,2929.64
20:56:30,server_19,348.71,346.96
20:56:30,server_18,210.52,146.73
20:56:30,server_17,782.9,622.68
20:56:30,server_16,19.91,14.43
20:56:30,server_15,65.12,92.93
20:56:30,server_14,916.49,962.49
20:56:30,server_13,14448.97,13598.55
20:56:30,server_11,240.81,233.2
20:56:30,server_20,979.9,1004.88
20:56:30,server_9,390.62,459.8
20:56:30,server_1,145.8,197.28
20:56:30,server_2,12242.7,11093.93
20:56:30,server_3,199.98,150.71
20:56:30,server_4,54.38,29.78
20:56:30,server_10,882.25,945.25
20:56:30,server_6,607.54,722.61
20:56:30,server_7,246.66,167.36
20:56:30,server_8,226.79,182.36
20:56:30,server_5,439.94,372.26
20:56:35,server_11,549.5,561.37
20:56:35,server_19,858.92,1261.33
20:56:35,server_18,483.12,303.29
20:56:35,server_17,318.05,333.76
20:56:35,server_16,515.47,731.11
20:56:35,server_15,227.5,289.57
20:56:35,server_14,661.24,781.29
20:56:35,server_13,4105.02,3912.8
20:56:35,server_12,4365.94,4404.15
20:56:35,server_20,96.17,97.16
20:56:35,server_10,387.84,207.92
20:56:35,server_8,245.02,238.17
20:56:35,server_7,264.55,196.48
20:56:35,server_6,656.74,709.56
20:56:35,server_5,15640.76,13887.04
20:56:35,server_4,315.35,339.43
20:56:35,server_3,533.66,771.45
20:56:35,server_2,142.57,103.67
20:56:35,server_1,816.28,932.12
20:56:35,server_9,623.71,350.49
20:56:40,server_13,48.06,55.7
20:56:40,server_14,14202.44,12203.83
20:56:40,server_16,567.1,733.94
20:56:40,server_12,508.79,632.56
20:56:40,server_18,119.59,174.4
20:56:40,server_19,541.5,673.94
20:56:40,server_20,573.79,324.27
20:56:40,server_17,126.1,80.16
20:56:40,server_11,4465.79,4058.69
20:56:40,server_15,1566.92,1430.94
20:56:40,server_9,631.82,749.5
20:56:40,server_2,855.63,585.62
20:56:40,server_3,324.48,179.91
20:56:40,server_4,313.88,276.49
20:56:40,server_5,7780.62,9086.1
20:56:40,server_1,388.1,297.57
20:56:40,server_6,1057.99,1406.45
20:56:40,server_7,292.83,312.4
20:56:40,server_8,7846.98,8733.67
20:56:40,server_10,896.81,547.9
20:56:45,server_12,4789.82,4644.06
20:56:45,server_20,9960.67,9517.24
20:56:45,server_19,643.28,829.99
20:56:45,server_18,211.83,185.14
20:56:45,server_17,104.22,131.13
20:56:45,server_16,367.09,487.68
20:56:45,server_15,260.2,215.6
20:56:45,server_14,788.54,1027.89
20:56:45,server_13,883.31,699.29
20:56:45,server_11,358.59,531.25
20:56:45,server_10,9925.83,9519.36
20:56:45,server_9,584.85,511.05
20:56:45,server_2,967.34,802.92
20:56:45,server_3,3645.53,3368.67
20:56:45,server_4,259.88,301.79
20:56:45,server_1,4284.76,5000.25
20:56:45,server_6,894.8,484.89
20:56:45,server_7,225.37,249.74
20:56:45,server_8,17600.45,15219.84
20:56:45,server_5,565.38,808.84
20:56:50,server_12,411.49,286.37
20:56:50,server_19,13479.79,13911.95
20:56:50,server_18,320.18,393.06
20:56:50,server_17,8705.99,9207.61
20:56:50,server_16,565.63,375.69
20:56:50,server_15,716.24,586.26
20:56:50,server_14,4239.33,4073.54
20:56:50,server_13,116.86,96.82
20:56:50,server_11,377.3,291.23
20:56:50,server_20,1025.01,1001.55
20:56:50,server_9,318.61,254.05
20:56:50,server_1,65.48,62.2
20:56:50,server_2,839.54,715.8
20:56:50,server_3,18713.01,17320.28
20:56:50,server_4,80.89,96.01
20:56:50,server_10,606.81,325.17
20:56:50,server_6,159.89,148.16
20:56:50,server_7,162.32,216.08
20:56:50,server_8,279.9,196.57
20:56:50,server_5,800.25,1171.28
20:56:55,server_12,514.59,606.21
20:56:55,server_19,541.12,708.79
20:56:55,server_18,375.87,510.67
20:56:55,server_17,811.66,1128.15
20:56:55,server_16,869.36,1025.61
20:56:55,server_15,14254.6,13629.12
20:56:55,server_14,83.13,118.03
20:56:55,server_13,683.46,777.43
20:56:55,server_11,2383.78,2370.04
20:56:55,server_20,554.66,327.25
20:56:55,server_9,528.6,333.89
20:56:55,server_1,537.0,614.92
20:56:55,server_2,370.65,196.11
20:56:55,server_3,19002.09,21741.69
20:56:55,server_4,5605.15,5439.56
20:56:55,server_10,70.0,57.5
20:56:55,server_6,287.36,405.51
20:56:55,server_7,600.26,537.7
20:56:55,server_8,986.6,1057.33
20:56:55,server_5,276.21,348.7
20:57:00,server_11,644.69,503.11
20:57:00,server_19,698.88,497.95
20:57:00,server_18,1005.74,842.86
20:57:00,server_17,321.94,442.59
20:57:00,server_16,634.96,943.35
20:57:00,server_15,120.72,171.66
20:57:00,server_14,57.05,76.46
20:57:00,server_13,300.1,293.08
20:57:00,server_12,548.22,352.24
20:57:00,server_20,268.49,284.31
20:57:00,server_10,398.73,361.97
20:57:00,server_8,944.27,1034.15
20:57:00,server_7,625.39,880.02
20:57:00,server_6,19523.05,18361.04
20:57:00,server_5,1935.86,2290.5
20:57:00,server_4,640.7,742.27
20:57:00,server_3,455.21,664.8
20:57:00,server_2,6982.22,7019.0
20:57:00,server_1,75.27,48.11
20:57:00,server_9,501.15,747.13
20:57:05,server_13,393.85,315.46
20:57:05,server_14,15088.9,12166.55
20:57:05,server_15,292.95,350.02
20:57:05,server_12,963.02,1000.47
20:57:05,server_17,888.08,595.55
20:57:05,server_18,330.71,184.37
20:57:05,server_19,943.88,509.1
20:57:05,server_16,3974.53,3693.1
20:57:05,server_11,363.43,449.05
20:57:05,server_20,551.84,644.56
20:57:05,server_9,21.89,30.65
20:57:05,server_1,17.36,24.28
20:57:05,server_2,254.67,324.7
20:57:05,server_3,384.81,236.86
20:57:05,server_4,557.13,545.99
20:57:05,server_10,346.15,177.42
20:57:05,server_6,174.62,128.34
20:57:05,server_7,14.92,18.19
20:57:05,server_8,706.53,881.03
20:57:05,server_5,422.16,613.05
20:57:10,server_19,303.11,302.43
20:57:10,server_18,4593.08,4037.99
20:57:10,server_17,283.82,363.32
20:57:10,server_16,461.88,560.42
20:57:10,server_15,843.9,1024.5
20:57:10,server_14,669.61,597.91
20:57:10,server_13,345.92,232.04
20:57:10,server_12,1399.17,1395.2
20:57:10,server_11,174.32,122.49
20:57:10,server_20,988.24,718.04
20:57:10,server_9,930.01,1292.9
20:57:10,server_1,276.67,316.3
20:57:10,server_2,595.78,298.03
20:57:10,server_3,1545.36,1479.75
20:57:10,server_4,320.47,233.95
20:57:10,server_10,2321.15,2493.46
20:57:10,server_6,458.48,461.24
20:57:10,server_7,17260.95,19644.86
20:57:10,server_8,654.37,734.54
20:57:10,server_5,371.01,491.18
20:57:15,server_11,162.54,96.71
20:57:15,server_19,130.38,184.88
20:57:15,server_18,1021.34,951.01
20:57:15,server_17,861.85,1258.71
20:57:15,server_16,13.44,20.04
20:57:15,server_15,959.27,1356.73
20:57:15,server_14,11049.52,9577.06
20:57:15,server_13,140.13,107.05
20:57:15,server_12,145.0,186.94
20:57:15,server_20,190.55,212.82
20:57:15,server_10,333.02,206.01
20:57:15,server_8,529.61,305.55
20:57:15,server_9,221.76,226.84
20:57:15,server_1,396.85,461.66
20:57:15,server_2,18371.81,16986.35
20:57:15,server_3,303.11,192.08
20:57:15,server_5,958.84,591.11
20:57:15,server_6,4746.52,4378.68
20:57:15,server_7,397.78,254.07
20:57:15,server_4,1585.36,1741.14
20:57:20,server_20,227.42,216.4
20:57:20,server_11,187.46,180.46
20:57:20,server_18,220.61,294.49
20:57:20,server_17,213.85,153.05
20:57:20,server_16,506.35,460.41
20:57:20,server_15,7645.88,6640.66
20:57:20,server_14,330.32,404.49
20:57:20,server_13,314.16,402.92
20:57:20,server_12,343.45,468.41
20:57:20,server_19,288.59,270.44
20:57:20,server_10,385.05,332.6
20:57:20,server_8,944.14,1247.61
20:57:20,server_1,2246.98,2572.93
20:57:20,server_2,9251.02,10583.12
20:57:20,server_3,4374.38,3714.28
20:57:20,server_9,965.03,763.25
20:57:20,server_5,225.36,187.18
20:57:20,server_6,834.67,622.18
20:57:20,server_7,1288.24,1223.92
20:57:20,server_4,966.06,592.12
20:57:25,server_13,288.59,240.9
20:57:25,server_20,329.94,189.55
20:57:25,server_19,7424.75,8237.32
20:57:25,server_18,93.93,109.96
20:57:25,server_17,7633.04,7088.78
20:57:25,server_16,407.1,486.85
20:57:25,server_15,959.63,562.03
20:57:25,server_14,0.0,0.0
20:57:25,server_12,1376.32,1354.11
20:57:25,server_11,9914.31,8879.63
20:57:25,server_1,938.44,996.88
20:57:25,server_9,770.57,1001.67
20:57:25,server_8,320.05,303.21
20:57:25,server_7,3058.07,2976.41
20:57:25,server_6,2257.65,2683.36
20:57:25,server_5,894.33,936.03
20:57:25,server_4,1014.83,815.77
20:57:25,server_3,811.98,746.24
20:57:25,server_2,639.27,524.86
20:57:25,server_10,126.72,125.01
20:57:30,server_13,667.1,439.2
20:57:30,server_14,1038.36,1516.36
20:57:30,server_15,17.86,13.94
20:57:30,server_16,383.23,377.64
20:57:30,server_12,473.35,650.58
20:57:30,server_18,132.0,150.93
20:57:30,server_19,734.05,806.01
20:57:30,server_20,32.09,17.27
20:57:30,server_17,625.96,927.09
20:57:30,server_11,179.06,262.3
20:57:30,server_1,244.44,236.12
20:57:30,server_9,4449.68,4555.79
20:57:30,server_8,30.06,36.05
20:57:30,server_7,148.89,175.38
20:57:30,server_6,903.56,1298.08
20:57:30,server_5,295.82,319.91
20:57:30,server_4,332.41,305.18
20:57:30,server_3,579.07,625.04
20:57:30,server_2,361.52,460.52
20:57:30,server_10,1029.73,1242.32
20:57:35,server_13,894.37,821.06
20:57:35,server_14,242.03,143.85
20:57:35,server_15,464.86,531.62
20:57:35,server_16,251.92,214.09
20:57:35,server_20,8125.45,8026.36
20:57:35,server_18,7905.53,7574.07
20:57:35,server_19,215.34,243.83
20:57:35,server_12,307.92,411.6
20:57:35,server_17,170.93,109.12
20:57:35,server_11,1718.76,1586.27
20:57:35,server_10,604.24,595.89
20:57:35,server_9,464.51,660.99
20:57:35,server_8,13355.3,14654.21
20:57:35,server_7,2600.46,2487.66
20:57:35,server_6,78.17,103.54
20:57:35,server_5,74.26,40.45
20:57:35,server_4,354.14,365.94
20:57:35,server_3,527.31,672.34
20:57:35,server_2,87.9,113.36
20:57:35,server_1,965.22,564.69
20:57:40,server_13,819.67,611.22
20:57:40,server_14,873.04,1021.78
20:57:40,server_15,703.26,738.38
20:57:40,server_16,934.06,1134.43
20:57:40,server_20,662.18,622.4
20:57:40,server_18,2210.93,2167.48
20:57:40,server_19,132.71,102.2
20:57:40,server_12,993.62,1326.02
20:57:40,server_17,9095.28,9247.22
20:57:40,server_11,466.12,540.25
20:57:40,server_10,11.99,10.37
20:57:40,server_9,945.92,905.41
20:57:40,server_2,55.0,30.48
20:57:40,server_3,584.26,861.22
20:57:40,server_4,829.4,624.96
20:57:40,server_1,14150.21,15880.99
20:57:40,server_6,472.58,683.98
20:57:40,server_7,490.23,430.61
20:57:40,server_8,461.4,438.02
20:57:40,server_5,131.62,124.3
20:57:45,server_12,695.11,970.93
20:57:45,server_19,79.03,109.43
20:57:45,server_18,231.27,223.59
20:57:45,server_17,77.91,86.7
20:57:45,server_16,582.27,626.52
20:57:45,server_15,278.65,183.15
20:57:45,server_14,452.72,308.19
20:57:45,server_13,568.58,379.26
20:57:45,server_11,12558.41,10452.96
20:57:45,server_20,502.73,735.2
20:57:45,server_9,7515.95,7856.53
20:57:45,server_1,355.32,266.53
20:57:45,server_2,7440.99,7423.29
20:57:45,server_3,6.77,6.24
20:57:45,server_4,314.09,311.18
20:57:45,server_10,2586.55,2507.38
20:57:45,server_6,614.33,718.66
20:57:45,server_7,195.52,229.37
20:57:45,server_8,74.6,68.51
20:57:45,server_5,3140.15,2580.19
20:57:50,server_12,3625.65,3787.37
20:57:50,server_19,393.28,535.17
20:57:50,server_18,63.77,59.43
20:57:50,server_17,3517.14,4094.93
20:57:50,server_16,31.49,25.77
20:57:50,server_15,12970.72,15197.82
20:57:50,server_14,458.55,626.23
20:57:50,server_13,77.06,95.78
20:57:50,server_11,10.15,12.11
20:57:50,server_20,517.12,323.8
20:57:50,server_9,862.38,1021.68
20:57:50,server_1,573.38,428.09
20:57:50,server_2,419.37,336.11
20:57:50,server_3,4313.59,4234.82
20:57:50,server_4,364.59,309.36
20:57:50,server_10,417.27,617.78
20:57:50,server_6,418.46,421.87
20:57:50,server_7,502.52,281.14
20:57:50,server_8,14945.67,14246.53
20:57:50,server_5,887.26,1301.43
20:57:55,server_11,883.25,1028.35
20:57:55,server_19,5492.9,6311.86
20:57:55,server_18,253.23,196.63
20:57:55,server_17,1002.31,546.53
20:57:55,server_16,544.37,668.23
20:57:55,server_15,361.64,439.8
20:57:55,server_14,2792.6,3024.6
20:57:55,server_13,0.0,0.0
20:57:55,server_12,3045.75,2504.63
20:57:55,server_20,8972.19,9224.35
20:57:55,server_10,3489.72,3728.06
20:57:55,server_8,478.17,520.8
20:57:55,server_7,2876.02,3104.14
20:57:55,server_6,286.86,374.25
20:57:55,server_5,141.17,85.43
20:57:55,server_4,2216.51,1922.49
20:57:55,server_3,374.48,465.45
20:57:55,server_2,276.95,164.94
20:57:55,server_1,7813.25,6613.22
20:57:55,server_9,507.75,589.85
20:58:00,server_13,323.06,315.64
20:58:00,server_14,926.68,1227.47
20:58:00,server_15,253.44,163.99
20:58:00,server_12,479.31,552.41
20:58:00,server_17,4211.22,5052.24
20:58:00,server_18,12982.71,15544.71
20:58:00,server_19,2410.72,2838.92
20:58:00,server_16,468.19,284.05
20:58:00,server_11,837.04,507.17
20:58:00,server_20,721.58,570.38
20:58:00,server_9,1608.11,1665.79
20:58:00,server_1,889.4,925.07
20:58:00,server_2,763.92,951.37
20:58:00,server_3,382.35,513.05
20:58:00,server_4,350.89,248.47
20:58:00,server_10,369.28,273.43
20:58:00,server_6,16531.77,14889.84
20:58:00,server_7,498.3,603.79
20:58:00,server_8,631.69,703.27
20:58:00,server_5,613.06,376.37
20:58:05,server_19,181.34,156.33
20:58:05,server_18,219.61,134.98
20:58:05,server_17,297.85,306.53
20:58:05,server_16,274.9,399.33
20:58:05,server_15,682.45,822.5
20:58:05,server_14,954.36,926.36
20:58:05,server_13,17027.77,19925.77
20:58:05,server_12,74.84,77.98
20:58:05,server_11,556.4,563.82
20:58:05,server_20,407.68,212.96
20:58:05,server_9,700.31,1043.47
20:58:05,server_1,654.21,636.62
20:58:05,server_2,196.51,222.65
20:58:05,server_3,11668.37,12347.42
20:58:05,server_4,9509.42,8626.05
20:58:05,server_10,157.54,221.29
20:58:05,server_6,844.37,813.24
20:58:05,server_7,853.77,995.07
20:58:05,server_8,280.06,220.44
20:58:05,server_5,951.29,1033.69
20:58:10,server_11,16334.01,13938.72
20:58:10,server_19,7133.1,6807.78
20:58:10,server_18,473.13,633.58
20:58:10,server_17,4659.4,4275.54
20:58:10,server_16,898.67,526.73
20:58:10,server_15,843.0,732.58
20:58:10,server_14,262.16,360.9
20:58:10,server_13,1039.86,968.29
20:58:10,server_12,257.49,189.97
20:58:10,server_20,170.42,110.74
20:58:10,server_10,8249.89,7457.89
20:58:10,server_8,712.91,1005.09
20:58:10,server_9,748.31,472.06
20:58:10,server_1,1509.55,1469.11
20:58:10,server_2,620.93,872.58
20:58:10,server_3,185.79,238.91
20:58:10,server_5,1039.59,1433.51
20:58:10,server_6,290.64,365.32
20:58:10,server_7,2135.38,2309.89
20:58:10,server_4,446.23,586.44
20:58:15,server_20,861.83,996.62
20:58:15,server_11,294.44,251.94
20:58:15,server_18,622.68,883.55
20:58:15,server_17,336.92,442.36
20:58:15,server_16,578.34,856.21
20:58:15,server_15,4165.4,3899.5
20:58:15,server_14,889.67,1133.01
20:58:15,server_13,866.84,994.45
20:58:15,server_12,3713.35,4124.71
20:58:15,server_19,561.08,662.59
20:58:15,server_10,701.97,1016.15
20:58:15,server_8,2397.38,2121.72
20:58:15,server_1,4629.39,5012.28
20:58:15,server_2,214.14,131.01
20:58:15,server_3,853.67,501.11
20:58:15,server_9,524.16,779.02
20:58:15,server_5,575.21,404.16
20:58:15,server_6,702.4,518.87
20:58:15,server_7,512.62,259.69
20:58:15,server_4,304.18,273.86
20:58:20,server_12,506.25,301.11
20:58:20,server_19,2963.55,2994.41
20:58:20,server_18,329.01,380.83
20:58:20,server_17,296.54,411.78
20:58:20,server_16,532.84,646.81
20:58:20,server_15,336.45,347.89
20:58:20,server_14,951.42,913.25
20:58:20,server_13,390.05,564.18
20:58:20,server_11,257.36,384.2
20:58:20,server_20,417.71,208.91
20:58:20,server_9,189.75,186.47
20:58:20,server_1,2224.32,2340.3
20:58:20,server_2,627.99,916.8
20:58:20,server_3,192.4,228.11
20:58:20,server_4,3919.36,4581.38
20:58:20,server_10,3846.69,3812.13
20:58:20,server_6,115.09,160.69
20:58:20,server_7,247.28,270.88
20:58:20,server_8,391.27,577.87
20:58:20,server_5,839.26,594.55
20:58:25,server_11,887.55,936.95
20:58:25,server_19,83.6,102.58
20:58:25,server_18,16604.44,14177.36
20:58:25,server_17,26.24,26.69
20:58:25,server_16,922.26,1304.03
20:58:25,server_15,4942.16,4990.06
20:58:25,server_14,499.37,430.19
20:58:25,server_13,334.6,335.45
20:58:25,server_12,957.78,763.95
20:58:25,server_20,243.14,145.16
20:58:25,server_10,34.45,36.11
20:58:25,server_8,881.67,1138.63
20:58:25,server_7,333.17,457.13
20:58:25,server_6,931.64,1074.61
20:58:25,server_5,763.47,462.15
20:58:25,server_4,559.56,801.0
20:58:25,server_3,780.63,489.23
20:58:25,server_2,460.54,601.1
20:58:25,server_1,495.18,722.64
20:58:25,server_9,348.2,444.28
20:58:30,server_13,619.8,870.6
20:58:30,server_14,760.13,1039.53
20:58:30,server_15,98.71,121.89
20:58:30,server_12,874.83,593.7
20:58:30,server_17,832.11,882.64
20:58:30,server_18,5904.98,6355.07
20:58:30,server_19,15046.6,13166.72
20:58:30,server_16,875.04,1260.59
20:58:30,server_11,260.91,176.16
20:58:30,server_20,993.2,758.16
20:58:30,server_9,568.96,581.17
20:58:30,server_1,15844.14,17312.87
20:58:30,server_2,571.94,397.14
20:58:30,server_3,949.48,865.15
20:58:30,server_4,228.48,251.9
20:58:30,server_10,283.11,302.15
20:58:30,server_6,1014.48,670.61
20:58:30,server_7,302.57,156.28
20:58:30,server_8,69.82,54.59
20:58:30,server_5,571.62,408.43
20:58:35,server_12,484.57,287.51
20:58:35,server_20,205.87,169.07
20:58:35,server_19,298.48,257.5
20:58:35,server_18,292.82,369.04
20:58:35,server_17,10777.06,10811.88
20:58:35,server_16,167.4,196.37
20:58:35,server_15,902.2,1321.72
20:58:35,server_14,277.27,392.87
20:58:35,server_13,536.08,789.75
20:58:35,server_11,838.75,913.2
20:58:35,server_10,1044.55,1153.63
20:58:35,server_9,44.51,39.01
20:58:35,server_2,609.41,446.91
20:58:35,server_3,878.84,1274.84
20:58:35,server_4,474.97,275.92
20:58:35,server_1,905.54,800.78
20:58:35,server_6,509.32,665.51
20:58:35,server_7,83.11,97.08
20:58:35,server_8,4619.53,4035.05
20:58:35,server_5,3841.88,3797.55
20:58:40,server_12,44.04,51.78
20:58:40,server_19,14652.89,13378.26
20:58:40,server_18,832.22,1208.06
20:58:40,server_17,466.56,450.99
20:58:40,server_16,229.18,157.05
20:58:40,server_15,955.27,1281.46
20:58:40,server_14,393.83,485.82
20:58:40,server_13,138.08,135.13
20:58:40,server_11,936.91,685.87
20:58:40,server_20,315.98,262.01
20:58:40,server_9,6929.53,6590.52
20:58:40,server_1,781.92,402.0
20:58:40,server_2,594.14,447.39
20:58:40,server_3,265.59,373.24
20:58:40,server_4,901.66,1259.73
20:58:40,server_10,1035.25,1118.17
20:58:40,server_6,181.45,194.23
20:58:40,server_7,457.95,630.85
20:58:40,server_8,764.58,387.42
20:58:40,server_5,522.34,373.9
20:58:45,server_12,688.32,829.27
20:58:45,server_19,713.73,1007.63
20:58:45,server_18,429.69,406.16
20:58:45,server_17,73.8,77.88
20:58:45,server_16,303.19,398.96
20:58:45,server_15,807.85,607.69
20:58:45,server_14,245.51,135.5
20:58:45,server_13,772.69,1003.12
20:58:45,server_11,899.75,1327.53
20:58:45,server_20,968.46,715.41
20:58:45,server_9,16361.3,17575.2
20:58:45,server_1,95.34,91.02
20:58:45,server_2,1780.8,1490.91
20:58:45,server_3,594.59,814.88
20:58:45,server_4,14987.65,14459.99
20:58:45,server_10,744.38,681.21
20:58:45,server_6,369.9,222.95
20:58:45,server_7,399.1,356.86
20:58:45,server_8,250.73,292.41
20:58:45,server_5,37.51,18.78
20:58:50,server_11,201.3,124.41
20:58:50,server_19,16508.74,18510.01
20:58:50,server_18,6677.23,7820.58
20:58:50,server_17,513.27,650.42
20:58:50,server_16,10391.59,10562.37
20:58:50,server_15,595.36,595.92
20:58:50,server_14,220.23,306.84
20:58:50,server_13,961.16,854.23
20:58:50,server_12,1009.74,818.93
20:58:50,server_20,319.33,198.87
20:58:50,server_10,305.97,305.8
20:58:50,server_8,465.98,609.5
20:58:50,server_7,17672.24,19851.87
20:58:50,server_6,246.72,128.9
20:58:50,server_5,3814.39,3976.41
20:58:50,server_4,1032.74,698.09
20:58:50,server_3,107.12,105.73
20:58:50,server_2,894.79,688.14
20:58:50,server_1,327.99,419.16
20:58:50,server_9,949.69,545.88
20:58:55,server_13,858.04,514.99
20:58:55,server_14,493.2,382.47
20:58:55,server_15,911.01,636.73
20:58:55,server_12,16622.67,14060.49
20:58:55,server_17,429.83,574.18
20:58:55,server_18,4995.24,4352.84
20:58:55,server_19,7569.0,8347.54
20:58:55,server_16,803.37,569.75
20:58:55,server_11,56.8,43.78
20:58:55,server_20,658.9,686.51
20:58:55,server_9,647.88,555.32
20:58:55,server_1,224.12,130.0
20:58:55,server_2,581.25,332.2
20:58:55,server_3,11636.56,9911.19
20:58:55,server_4,445.1,495.84
20:58:55,server_10,947.24,803.95
20:58:55,server_6,192.39,263.41
20:58:55,server_7,616.99,641.56
20:58:55,server_8,541.16,507.39
20:58:55,server_5,366.37,323.03
20:59:00,server_19,16130.11,13599.74
20:59:00,server_18,882.27,1275.93
20:59:00,server_17,320.06,318.6
20:59:00,server_16,3029.06,3267.69
20:59:00,server_15,875.08,1014.16
20:59:00,server_14,517.23,539.77
20:59:00,server_13,269.73,404.03
20:59:00,server_12,7885.1,7105.14
20:59:00,server_11,134.67,185.82
20:59:00,server_20,846.39,746.99
20:59:00,server_9,566.24,618.25
20:59:00,server_1,902.89,893.74
20:59:00,server_2,423.33,495.35
20:59:00,server_3,393.11,436.63
20:59:00,server_4,156.18,128.84
20:59:00,server_10,627.61,590.3
20:59:00,server_6,629.55,337.88
20:59:00,server_7,3339.35,2744.05
20:59:00,server_8,5533.06,5521.92
20:59:00,server_5,19371.65,15974.64
20:59:05,server_11,658.9,908.58
20:59:05,server_19,904.95,1339.61
20:59:05,server_18,355.99,251.4
20:59:05,server_17,379.26,203.37
20:59:05,server_16,3527.98,2956.9
20:59:05,server_15,129.77,159.0
20:59:05,server_14,365.39,448.12
20:59:05,server_13,501.75,364.88
20:59:05,server_12,186.08,124.11
20:59:05,server_20,482.11,308.66
20:59:05,server_10,551.94,386.31
20:59:05,server_8,1022.96,738.33
20:59:05,server_9,13122.95,14060.95
20:59:05,server_1,862.34,663.69
20:59:05,server_2,65.16,32.81
20:59:05,server_3,889.86,1254.87
20:59:05,server_5,872.67,724.33
20:59:05,server_6,794.95,529.43
20:59:05,server_7,38.29,53.72
20:59:05,server_4,303.68,430.29
20:59:10,server_20,371.86,292.79
20:59:10,server_11,1002.31,955.37
20:59:10,server_18,799.75,399.96
20:59:10,server_17,341.28,424.94
20:59:10,server_16,9872.02,8127.96
20:59:10,server_15,904.64,942.86
20:59:10,server_14,63.42,63.65
20:59:10,server_13,213.1,151.7
20:59:10,server_12,685.16,736.21
20:59:10,server_19,205.8,146.03
20:59:10,server_10,248.82,284.23
20:59:10,server_8,292.74,149.28
20:59:10,server_1,253.15,208.94
20:59:10,server_2,583.53,309.7
20:59:10,server_3,15216.4,14044.93
20:59:10,server_9,167.56,209.83
20:59:10,server_5,691.98,1016.86
20:59:10,server_6,539.7,507.54
20:59:10,server_7,991.69,800.94
20:59:10,server_4,2619.79,2278.55
20:59:15,server_12,287.0,348.41
20:59:15,server_19,15963.19,17989.27
20:59:15,server_18,880.32,1192.65
20:59:15,server_17,3858.71,4539.34
20:59:15,server_16,140.7,144.78
20:59:15,server_15,931.81,1264.51
20:59:15,server_14,612.05,637.34
20:59:15,server_13,971.79,1309.97
20:59:15,server_11,9315.3,8217.47
20:59:15,server_20,295.39,196.58
20:59:15,server_9,19980.16,18516.63
20:59:15,server_1,853.72,1234.23
20:59:15,server_2,120.11,165.94
20:59:15,server_3,4814.95,4385.17
20:59:15,server_4,247.23,266.66
20:59:15,server_10,832.53,919.52
20:59:15,server_6,832.41,476.06
20:59:15,server_7,905.42,883.04
20:59:15,server_8,420.69,469.63
20:59:15,server_5,15567.05,13819.61
20:59:20,server_11,264.63,152.66
20:59:20,server_19,484.57,270.14
20:59:20,server_18,148.57,94.26
20:59:20,server_17,109.72,134.57
20:59:20,server_16,198.44,200.17
20:59:20,server_15,125.09,176.74
20:59:20,server_14,10664.07,9416.32
20:59:20,server_13,485.55,663.26
20:59:20,server_12,958.24,496.15
20:59:20,server_20,3370.24,3541.94
20:59:20,server_10,171.97,222.3
20:59:20,server_8,283.27,405.25
20:59:20,server_7,483.86,360.63
20:59:20,server_6,54.73,51.75
20:59:20,server_5,201.92,262.52
20:59:20,server_4,877.53,858.39
20:59:20,server_3,344.39,271.35
20:59:20,server_2,17486.54,14292.93
20:59:20,server_1,47.53,32.29
20:59:20,server_9,929.1,1362.67
20:59:25,server_13,933.52,796.68
20:59:25,server_14,219.49,248.69
20:59:25,server_15,17290.26,20111.17
20:59:25,server_12,561.06,376.48
20:59:25,server_17,889.19,559.49
20:59:25,server_18,599.83,804.84
20:59:25,server_19,881.19,1118.85
20:59:25,server_16,1365.74,1596.29
20:59:25,server_11,3609.15,3006.89
20:59:25,server_20,618.7,526.09
20:59:25,server_9,614.01,900.44
20:59:25,server_1,2686.94,2568.16
20:59:25,server_2,295.66,309.83
20:59:25,server_3,1101.39,912.63
20:59:25,server_4,960.69,1270.2
20:59:25,server_10,787.34,1014.47
20:59:25,server_6,684.38,840.85
20:59:25,server_7,247.29,177.72
20:59:25,server_8,383.02,235.53
20:59:25,server_5,110.51,122.94
20:59:30,server_20,121.45,108.89
20:59:30,server_19,949.66,1042.58
20:59:30,server_18,678.91,566.01
20:59:30,server_17,359.81,489.15
20:59:30,server_16,834.28,709.43
20:59:30,server_15,1709.86,1816.26
20:59:30,server_14,240.38,155.48
20:59:30,server_12,865.68,471.88
20:59:30,server_11,936.91,530.0
20:59:30,server_13,4170.02,3481.17
20:59:30,server_9,914.86,1158.54
20:59:30,server_10,94.84,132.22
20:59:30,server_2,585.65,586.54
20:59:30,server_3,4956.16,5843.52
20:59:30,server_4,7884.28,7917.92
20:59:30,server_1,382.67,356.38
20:59:30,server_6,14806.42,14459.42
20:59:30,server_7,461.8,265.0
20:59:30,server_8,139.25,126.26
20:59:30,server_5,17368.01,14684.92
20:59:35,server_12,443.05,282.03
20:59:35,server_20,793.11,502.59
20:59:35,server_19,427.83,392.53
20:59:35,server_18,368.52,533.89
20:59:35,server_17,4724.96,4368.7
20:59:35,server_16,353.92,201.69
20:59:35,server_15,196.55,229.57
20:59:35,server_14,1894.27,2120.87
20:59:35,server_13,344.07,215.7
20:59:35,server_11,565.63,697.8
20:59:35,server_3,414.83,466.82
20:59:35,server_9,995.43,527.04
20:59:35,server_10,350.72,217.35
20:59:35,server_2,270.53,343.16
20:59:35,server_4,154.59,226.28
20:59:35,server_1,868.95,1254.4
20:59:35,server_6,282.82,224.7
20:59:35,server_7,2769.13,3212.86
20:59:35,server_8,4180.19,4083.69
20:59:35,server_5,411.81,530.74
20:59:40,server_12,0.0,0.0
20:59:40,server_19,775.4,1140.59
20:59:40,server_18,0.0,0.0
20:59:40,server_17,18923.34,16351.06
20:59:40,server_16,7189.52,7266.81
20:59:40,server_15,126.11,72.04
20:59:40,server_14,1081.96,771.16
20:59:40,server_20,710.73,375.25
20:59:40,server_11,16383.26,18134.2
20:59:40,server_13,878.78,835.18
20:59:40,server_9,23.58,21.76
20:59:40,server_1,855.14,844.28
20:59:40,server_2,297.16,227.19
20:59:40,server_3,373.86,400.32
20:59:40,server_4,921.17,559.98
20:59:40,server_10,295.73,229.5
20:59:40,server_6,890.92,907.61
20:59:40,server_7,29.34,33.89
20:59:40,server_8,823.66,1010.13
20:59:40,server_5,152.8,225.96
20:59:45,server_19,927.57,537.89
20:59:45,server_18,655.2,391.1
20:59:45,server_17,3499.39,3147.47
20:59:45,server_16,14738.86,16946.98
20:59:45,server_15,549.23,348.03
20:59:45,server_14,904.56,668.79
20:59:45,server_13,189.71,157.46
20:59:45,server_12,68.61,48.93
20:59:45,server_11,61.15,86.74
20:59:45,server_20,552.86,734.43
20:59:45,server_9,17304.3,18281.49
20:59:45,server_1,4093.05,4433.56
20:59:45,server_2,143.13,118.8
20:59:45,server_3,568.02,617.94
20:59:45,server_4,502.14,559.3
20:59:45,server_10,6.06,6.5
20:59:45,server_6,107.6,83.77
20:59:45,server_7,502.14,444.38
20:59:45,server_8,601.08,336.47
20:59:45,server_5,284.8,166.02
20:59:50,server_11,376.44,270.16
20:59:50,server_19,942.73,1209.2
20:59:50,server_18,796.53,1026.36
20:59:50,server_17,16.06,22.44
20:59:50,server_16,927.12,1207.51
20:59:50,server_15,2220.89,2491.17
20:59:50,server_14,503.58,351.39
20:59:50,server_13,136.08,173.41
20:59:50,server_12,14077.08,14637.83
20:59:50,server_20,96.31,133.26
20:59:50,server_10,453.95,231.55
20:59:50,server_8,915.7,1241.74
20:59:50,server_9,1489.75,1339.82
20:59:50,server_1,435.24,389.69
20:59:50,server_2,284.6,232.29
20:59:50,server_3,528.96,658.51
20:59:50,server_5,848.79,697.81
20:59:50,server_6,279.65,253.23
20:59:50,server_7,591.3,854.71
20:59:50,server_4,418.79,534.08
20:59:55,server_20,2069.6,1937.61
20:59:55,server_11,612.7,882.33
20:59:55,server_18,41.34,54.27
20:59:55,server_17,620.81,857.77
20:59:55,server_16,3.17,2.59
20:59:55,server_15,196.51,146.9
20:59:55,server_14,14522.66,14155.4
20:59:55,server_13,609.3,660.1
20:59:55,server_12,297.08,246.61
20:59:55,server_19,440.21,498.79
20:59:55,server_10,265.65,266.2
20:59:55,server_8,3339.97,3210.43
20:59:55,server_1,173.16,174.1
20:59:55,server_2,449.91,663.28
20:59:55,server_3,482.7,591.07
20:59:55,server_9,581.81,657.99
20:59:55,server_5,449.46,465.34
20:59:55,server_6,1035.69,812.03
20:59:55,server_7,75.28,85.22
20:59:55,server_4,133.05,138.47
21:00:00,server_20,309.33,384.82
21:00:00,server_19,2063.11,2277.65
21:00:00,server_18,4740.04,4790.13
21:00:00,server_17,869.15,536.69
21:00:00,server_16,258.3,169.44
21:00:00,server_15,3956.8,4746.36
21:00:00,server_14,54.66,70.88
21:00:00,server_12,4792.52,4513.43
21:00:00,server_11,684.43,521.19
21:00:00,server_13,81.66,53.75
21:00:00,server_9,331.55,340.65
21:00:00,server_10,546.38,814.43
21:00:00,server_2,428.64,262.65
21:00:00,server_3,267.26,143.03
21:00:00,server_4,901.61,468.82
21:00:00,server_1,62.58,59.69
21:00:00,server_6,584.27,806.51
21:00:00,server_7,409.91,407.49
21:00:00,server_8,734.63,813.46
21:00:00,server_5,901.45,1008.46
21:00:05,server_12,19957.58,21823.87
21:00:05,server_19,1042.04,1023.03
21:00:05,server_18,388.56,220.48
21:00:05,server_20,624.93,498.17
21:00:05,server_17,962.87,807.56
21:00:05,server_16,326.49,445.58
21:00:05,server_15,7108.65,6469.06
21:00:05,server_14,608.08,784.2
21:00:05,server_13,466.3,341.66
21:00:05,server_11,1040.63,1237.64
21:00:05,server_3,3339.74,2891.28
21:00:05,server_9,9345.38,7750.58
21:00:05,server_10,884.87,1135.63
21:00:05,server_2,330.84,462.63
21:00:05,server_4,200.56,127.63
21:00:05,server_1,691.45,966.32
21:00:05,server_6,916.97,977.5
21:00:05,server_7,891.85,1063.93
21:00:05,server_8,628.53,865.35
21:00:05,server_5,940.83,1379.05
21:00:10,server_11,503.61,300.84
21:00:10,server_20,659.84,733.81
21:00:10,server_18,0.0,0.0
21:00:10,server_17,1006.18,1019.72
21:00:10,server_16,3955.88,3875.97
21:00:10,server_15,12245.14,14378.15
21:00:10,server_14,271.55,236.65
21:00:10,server_13,156.78,110.97
21:00:10,server_12,638.91,458.23
21:00:10,server_19,264.62,386.88
21:00:10,server_10,1037.28,555.52
21:00:10,server_8,588.33,686.54
21:00:10,server_1,359.09,236.37
21:00:10,server_2,619.86,473.79
21:00:10,server_3,308.33,438.04
21:00:10,server_9,640.92,691.92
21:00:10,server_5,657.87,367.32
21:00:10,server_6,74.21,79.89
21:00:10,server_7,122.37,100.1
21:00:10,server_4,27.35,40.64
21:00:15,server_12,3012.07,3554.25
21:00:15,server_19,477.73,587.88
21:00:15,server_18,970.21,972.85
21:00:15,server_17,874.64,928.25
21:00:15,server_16,4808.6,4428.74
21:00:15,server_15,3888.82,4215.17
21:00:15,server_14,565.35,501.0
21:00:15,server_13,947.61,1362.22
21:00:15,server_11,253.42,235.98
21:00:15,server_20,4647.36,4070.65
21:00:15,server_9,870.5,477.5
21:00:15,server_1,877.49,1122.7
21:00:15,server_2,428.49,554.05
21:00:15,server_3,644.54,613.67
21:00:15,server_4,19176.79,20341.83
21:00:15,server_10,646.04,886.18
21:00:15,server_6,187.55,102.18
21:00:15,server_7,842.9,872.14
21:00:15,server_8,405.81,402.01
21:00:15,server_5,119.47,101.93
21:00:20,server_11,393.52,491.18
21:00:20,server_19,114.59,70.15
21:00:20,server_18,494.82,554.63
21:00:20,server_17,579.09,771.91
21:00:20,server_16,15160.01,15813.64
21:00:20,server_15,137.88,138.7
21:00:20,server_14,300.01,343.54
21:00:20,server_13,517.79,544.15
21:00:20,server_12,494.32,324.04
21:00:20,server_20,1025.15,950.04
21:00:20,server_10,4429.34,4368.93
21:00:20,server_8,386.98,371.31
21:00:20,server_7,1282.5,1451.57
21:00:20,server_6,16429.7,19335.72
21:00:20,server_5,363.44,333.8
21:00:20,server_4,444.89,429.59
21:00:20,server_3,645.98,346.96
21:00:20,server_2,274.2,400.73
21:00:20,server_1,164.57,152.78
21:00:20,server_9,378.3,317.73
21:00:25,server_13,230.84,283.48
21:00:25,server_14,19.2,28.43
21:00:25,server_16,3.95,4.21
21:00:25,server_12,945.64,1363.78
21:00:25,server_18,883.32,964.49
21:00:25,server_19,993.85,584.9
21:00:25,server_20,831.85,758.01
21:00:25,server_17,2714.86,2581.05
21:00:25,server_11,665.29,695.26
21:00:25,server_15,796.35,950.86
21:00:25,server_9,239.02,331.3
21:00:25,server_1,29.2,38.08
21:00:25,server_2,394.01,222.95
21:00:25,server_3,377.08,361.75
21:00:25,server_4,920.24,612.47
21:00:25,server_10,1006.39,896.05
21:00:25,server_6,364.78,514.37
21:00:25,server_7,8.34,7.83
21:00:25,server_8,3416.66,4018.53
21:00:25,server_5,288.54,384.25
21:00:30,server_20,915.86,811.23
21:00:30,server_19,557.34,375.75
21:00:30,server_18,591.41,397.06
21:00:30,server_17,179.2,215.09
21:00:30,server_16,4429.28,5178.67
21:00:30,server_15,190.43,160.65
21:00:30,server_14,900.47,552.29
21:00:30,server_12,934.3,1026.4
21:00:30,server_11,143.36,212.09
21:00:30,server_13,421.6,516.16
21:00:30,server_9,589.07,515.95
21:00:30,server_8,918.17,618.61
21:00:30,server_7,4232.89,3670.77
21:00:30,server_6,497.94,308.58
21:00:30,server_5,949.42,1419.07
21:00:30,server_4,16540.13,14372.85
21:00:30,server_3,217.25,230.0
21:00:30,server_2,2385.54,2476.93
21:00:30,server_10,889.01,493.02
21:00:30,server_1,873.89,993.87
21:00:35,server_13,13025.28,12145.14
21:00:35,server_14,589.14,543.11
21:00:35,server_15,67.59,44.79
21:00:35,server_16,9719.86,9598.84
21:00:35,server_20,484.0,291.63
21:00:35,server_18,189.05,262.29
21:00:35,server_19,4392.73,4635.08
21:00:35,server_12,121.04,122.37
21:00:35,server_17,68.15,88.22
21:00:35,server_11,339.75,236.31
21:00:35,server_3,96.61,128.18
21:00:35,server_9,87.35,66.35
21:00:35,server_8,14285.55,14923.37
21:00:35,server_7,230.41,340.61
21:00:35,server_6,1123.76,1256.88
21:00:35,server_5,74.15,37.15
21:00:35,server_4,30.9,23.43
21:00:35,server_2,26.11,14.33
21:00:35,server_1,98.94,77.3
21:00:35,server_10,19920.55,20748.2
21:00:40,server_15,13584.28,14038.69
21:00:40,server_14,368.48,243.32
21:00:40,server_16,467.03,498.22
21:00:40,server_13,15320.13,18060.82
21:00:40,server_18,291.21,216.1
21:00:40,server_19,403.95,237.76
21:00:40,server_20,15175.68,14703.98
21:00:40,server_12,919.1,602.67
21:00:40,server_17,11784.09,11306.39
21:00:40,server_11,4024.58,3525.04
21:00:40,server_10,1046.75,843.18
21:00:40,server_9,7225.98,8656.84
21:00:40,server_2,667.02,714.01
21:00:40,server_3,684.85,983.49
21:00:40,server_4,604.35,736.07
21:00:40,server_1,582.75,719.04
21:00:40,server_6,1072.56,929.17
21:00:40,server_7,165.82,85.89
21:00:40,server_8,608.61,322.89
21:00:40,server_5,974.78,556.06
21:00:45,server_12,368.39,551.09
21:00:45,server_20,552.98,684.39
21:00:45,server_19,972.6,745.17
21:00:45,server_18,917.36,604.61
21:00:45,server_16,890.95,933.66
21:00:45,server_15,277.65,350.27
21:00:45,server_14,281.18,325.23
21:00:45,server_13,8758.53,9798.37
21:00:45,server_11,885.33,976.06
21:00:45,server_17,887.32,852.27
21:00:45,server_9,880.05,888.78
21:00:45,server_10,332.31,466.05
21:00:45,server_2,9663.06,9615.75
21:00:45,server_3,13678.15,15914.1
21:00:45,server_4,8051.38,6746.35
21:00:45,server_1,216.61,240.9
21:00:45,server_6,1070.07,1495.23
21:00:45,server_7,4009.9,3350.37
21:00:45,server_8,6408.87,5396.49
21:00:45,server_5,425.56,520.76
21:00:50,server_20,844.93,990.67
21:00:50,server_12,12589.42,14121.03
21:00:50,server_19,237.18,237.27
21:00:50,server_18,391.61,352.25
21:00:50,server_17,1544.32,1340.8
21:00:50,server_16,473.25,291.53
21:00:50,server_15,175.29,206.62
21:00:50,server_14,1007.36,1014.44
21:00:50,server_13,619.29,788.42
21:00:50,server_11,428.83,564.46
21:00:50,server_7,537.52,751.55
21:00:50,server_9,17021.53,20319.14
21:00:50,server_8,6971.95,6071.71
21:00:50,server_6,12223.38,13345.28
21:00:50,server_5,301.05,446.13
21:00:50,server_4,471.55,305.65
21:00:50,server_3,92.28,135.99
21:00:50,server_2,984.37,810.1
21:00:50,server_1,853.22,543.49
21:00:50,server_10,4640.96,4068.16
21:00:55,server_15,19340.97,17381.09
21:00:55,server_14,147.55,117.27
21:00:55,server_16,2571.39,2370.97
21:00:55,server_13,133.43,127.3
21:00:55,server_18,208.77,187.32
21:00:55,server_19,649.04,826.66
21:00:55,server_20,367.78,532.42
21:00:55,server_12,3251.62,2785.57
21:00:55,server_17,2861.09,2553.77
21:00:55,server_11,9017.88,10015.51
21:00:55,server_3,377.53,239.69
21:00:55,server_9,224.07,304.61
21:00:55,server_8,207.34,142.89
21:00:55,server_7,252.2,187.71
21:00:55,server_6,274.05,229.25
21:00:55,server_5,229.45,199.43
21:00:55,server_4,18162.1,16244.75
21:00:55,server_10,803.33,474.39
21:00:55,server_2,18530.46,19543.37
21:00:55,server_1,875.65,557.22
21:01:00,server_13,65.73,37.68
21:01:00,server_14,453.5,529.76
21:01:00,server_15,19394.01,21617.8
21:01:00,server_16,879.7,565.33
21:01:00,server_20,909.26,935.07
21:01:00,server_18,1034.81,1248.44
21:01:00,server_19,633.35,490.65
21:01:00,server_12,46.71,32.04
21:01:00,server_17,475.96,251.8
21:01:00,server_11,4344.31,3794.24
21:01:00,server_10,5557.29,5738.78
21:01:00,server_9,13483.6,11361.22
21:01:00,server_2,1041.58,1218.72
21:01:00,server_3,702.71,967.64
21:01:00,server_4,766.11,493.32
21:01:00,server_1,21.83,21.75
21:01:00,server_6,16088.14,14747.63
21:01:00,server_7,855.98,509.13
21:01:00,server_8,5754.66,6097.23
21:01:00,server_5,1001.35,921.56
21:01:05,server_12,527.53,421.93
21:01:05,server_19,352.59,192.81
21:01:05,server_18,296.17,410.75
21:01:05,server_17,9962.97,10384.22
21:01:05,server_16,3720.49,3313.73
21:01:05,server_15,120.66,141.78
21:01:05,server_14,80.4,89.92
21:01:05,server_13,329.26,479.2
21:01:05,server_11,915.2,1341.73
21:01:05,server_20,660.95,724.68
21:01:05,server_9,356.34,474.53
21:01:05,server_1,2339.53,2461.01
21:01:05,server_2,256.37,214.37
21:01:05,server_3,600.34,752.77
21:01:05,server_4,11551.23,13189.62
21:01:05,server_10,594.28,359.44
21:01:05,server_6,393.21,413.93
21:01:05,server_7,676.91,535.86
21:01:05,server_8,37.81,28.29
21:01:05,server_5,706.58,915.38
21:01:10,server_12,495.98,265.99
21:01:10,server_19,2900.52,2444.82
21:01:10,server_18,259.12,251.3
21:01:10,server_17,79.54,49.84
21:01:10,server_16,508.38,282.81
21:01:10,server_15,1246.4,1219.41
21:01:10,server_14,291.99,229.22
21:01:10,server_13,666.2,793.41
21:01:10,server_11,646.42,909.59
21:01:10,server_20,851.39,684.03
21:01:10,server_9,518.7,658.58
21:01:10,server_1,173.11,230.14
21:01:10,server_2,462.25,243.94
21:01:10,server_3,640.68,664.21
21:01:10,server_4,911.4,1140.09
21:01:10,server_10,471.0,417.42
21:01:10,server_6,8727.6,10357.42
21:01:10,server_7,347.23,460.65
21:01:10,server_8,410.42,308.78
21:01:10,server_5,191.25,186.41
21:01:15,server_11,10815.77,10380.06
21:01:15,server_19,4285.46,4276.36
21:01:15,server_18,1471.16,1376.77
21:01:15,server_17,907.63,502.19
21:01:15,server_16,2080.23,2193.94
21:01:15,server_15,506.37,578.25
21:01:15,server_14,80.4,74.59
21:01:15,server_13,549.31,788.76
21:01:15,server_12,511.49,526.11
21:01:15,server_20,276.35,251.86
21:01:15,server_10,121.96,140.73
21:01:15,server_8,345.02,300.69
21:01:15,server_7,357.54,534.85
21:01:15,server_6,182.08,151.79
21:01:15,server_5,1031.07,598.64
21:01:15,server_4,118.75,102.77
21:01:15,server_3,827.07,788.32
21:01:15,server_2,490.17,377.97
21:01:15,server_1,950.1,697.7
21:01:15,server_9,8574.53,8984.47
21:01:20,server_14,108.9,59.27
21:01:20,server_15,476.63,397.86
21:01:20,server_16,535.79,542.11
21:01:20,server_12,543.01,300.59
21:01:20,server_18,91.53,62.42
21:01:20,server_19,1490.59,1344.42
21:01:20,server_20,404.28,461.95
21:01:20,server_17,168.91,234.33
21:01:20,server_11,412.19,343.26
21:01:20,server_13,57.53,42.06
21:01:20,server_9,9031.31,9116.03
21:01:20,server_10,62.37,64.16
21:01:20,server_2,514.37,608.29
21:01:20,server_3,372.77,378.52
21:01:20,server_4,10484.5,11720.56
21:01:20,server_1,107.46,111.44
21:01:20,server_6,616.25,332.99
21:01:20,server_7,923.03,1047.39
21:01:20,server_8,297.08,180.62
21:01:20,server_5,316.08,252.55
21:01:25,server_20,1086.05,1284.78
21:01:25,server_19,182.18,118.48
21:01:25,server_18,574.65,579.9
21:01:25,server_12,532.65,526.56
21:01:25,server_17,933.38,518.69
21:01:25,server_16,12284.55,10276.21
21:01:25,server_15,6810.3,5653.53
21:01:25,server_14,443.86,584.82
21:01:25,server_13,935.34,1022.25
21:01:25,server_11,260.8,291.51
21:01:25,server_3,932.62,869.49
21:01:25,server_9,58.18,69.93
21:01:25,server_1,79.2,78.57
21:01:25,server_2,494.61,300.64
21:01:25,server_4,452.39,569.73
21:01:25,server_10,938.59,562.34
21:01:25,server_6,562.79,341.01
21:01:25,server_7,808.38,959.55
21:01:25,server_8,2375.7,2286.24
21:01:25,server_5,783.36,1042.38
21:01:30,server_20,787.69,943.0
21:01:30,server_19,452.15,475.09
21:01:30,server_18,489.92,715.07
21:01:30,server_17,684.23,951.34
21:01:30,server_16,377.64,361.27
21:01:30,server_15,305.91,164.72
21:01:30,server_14,809.81,516.06
21:01:30,server_12,406.91,474.1
21:01:30,server_11,19709.64,15863.56
21:01:30,server_13,1040.62,771.6
21:01:30,server_9,867.02,654.97
21:01:30,server_10,539.32,591.28
21:01:30,server_2,1002.54,597.82
21:01:30,server_3,117.35,167.47
21:01:30,server_4,679.63,750.68
21:01:30,server_1,141.68,141.69
21:01:30,server_6,450.86,298.6
21:01:30,server_7,240.98,303.07
21:01:30,server_8,923.48,534.36
21:01:30,server_5,527.81,427.78
21:01:35,server_12,143.74,161.56
21:01:35,server_20,5165.71,5166.14
21:01:35,server_19,942.73,1389.25
21:01:35,server_18,613.74,802.58
21:01:35,server_17,428.53,333.91
21:01:35,server_16,882.04,1238.65
21:01:35,server_15,196.43,114.82
21:01:35,server_14,903.67,885.28
21:01:35,server_13,551.98,390.75
21:01:35,server_11,4280.69,4055.29
21:01:35,server_3,459.34,379.72
21:01:35,server_9,227.05,288.07
21:01:35,server_8,14972.44,13462.65
21:01:35,server_7,31.45,34.81
21:01:35,server_6,16.0,21.4
21:01:35,server_5,666.09,661.1
21:01:35,server_4,879.56,466.59
21:01:35,server_2,600.31,379.84
21:01:35,server_1,0.0,0.0
21:01:35,server_10,528.94,391.52
21:01:40,server_13,208.07,169.45
21:01:40,server_14,941.22,603.28
21:01:40,server_15,16820.9,15993.92
21:01:40,server_16,192.01,238.52
21:01:40,server_19,2251.39,2133.2
21:01:40,server_20,628.94,411.98
21:01:40,server_18,11342.04,13077.91
21:01:40,server_12,838.71,731.03
21:01:40,server_17,184.86,219.06
21:01:40,server_11,3854.73,3598.94
21:01:40,server_3,56.9,59.15
21:01:40,server_9,1554.92,1400.86
21:01:40,server_10,904.15,527.85
21:01:40,server_2,364.47,195.91
21:01:40,server_4,463.03,691.02
21:01:40,server_1,409.84,612.54
21:01:40,server_6,7778.59,6423.94
21:01:40,server_7,212.32,233.93
21:01:40,server_5,69.54,56.55
21:01:40,server_8,498.22,539.2
21:01:45,server_20,437.5,232.45
21:01:45,server_19,93.85,58.23
21:01:45,server_18,839.38,1141.98
21:01:45,server_17,180.15,248.95
21:01:45,server_16,17900.57,15834.75
21:01:45,server_15,476.54,552.58
21:01:45,server_14,182.16,94.88
21:01:45,server_12,953.19,701.42
21:01:45,server_10,2059.12,1924.93
21:01:45,server_13,21.62,13.8
21:01:45,server_8,505.98,673.44
21:01:45,server_9,621.39,681.8
21:01:45,server_1,426.55,319.21
21:01:45,server_2,334.03,478.25
21:01:45,server_3,160.57,231.13
21:01:45,server_11,88.58,102.42
21:01:45,server_5,298.8,337.25
21:01:45,server_6,873.79,959.77
21:01:45,server_7,892.36,739.79
21:01:45,server_4,691.45,561.16
21:01:50,server_20,387.35,495.55
21:01:50,server_19,517.11,475.02
21:01:50,server_18,402.46,329.38
21:01:50,server_17,9502.65,9538.48
21:01:50,server_16,429.11,561.5
21:01:50,server_15,750.72,676.98
21:01:50,server_14,911.19,992.6
21:01:50,server_13,100.46,148.54
21:01:50,server_12,136.26,164.36
21:01:50,server_11,3665.01,4094.16
21:01:50,server_10,69.73,60.36
21:01:50,server_8,12078.71,11212.87
21:01:50,server_7,54.03,51.91
21:01:50,server_6,262.36,387.64
21:01:50,server_5,3865.55,4462.51
21:01:50,server_4,975.96,1206.73
21:01:50,server_3,901.05,1176.55
21:01:50,server_2,965.24,504.37
21:01:50,server_1,895.24,906.75
21:01:50,server_9,265.84,210.73
21:01:55,server_13,220.15,298.21
21:01:55,server_14,899.33,1131.38
21:01:55,server_15,637.25,725.79
21:01:55,server_16,589.43,745.05
21:01:55,server_20,110.59,82.23
21:01:55,server_18,296.17,178.49
21:01:55,server_19,419.93,461.57
21:01:55,server_12,1100.39,1227.28
21:01:55,server_17,951.56,708.41
21:01:55,server_11,232.53,184.85
21:01:55,server_10,650.14,363.1
21:01:55,server_9,238.27,285.59
21:01:55,server_2,624.87,700.13
21:01:55,server_3,345.33,395.88
21:01:55,server_4,330.88,245.7
21:01:55,server_1,10072.77,9582.0
21:01:55,server_6,909.5,460.0
21:01:55,server_7,487.77,481.22
21:01:55,server_8,235.38,120.28
21:01:55,server_5,664.59,938.63
21:02:00,server_12,515.64,559.33
21:02:00,server_19,477.4,492.3
21:02:00,server_18,945.85,829.01
21:02:00,server_17,277.14,387.62
21:02:00,server_16,1040.42,1230.86
21:02:00,server_15,829.29,717.42
21:02:00,server_14,202.82,267.54
21:02:00,server_13,892.99,494.51
21:02:00,server_11,657.03,728.13
21:02:00,server_20,5830.85,6709.47
21:02:00,server_9,12384.13,13727.92
21:02:00,server_1,298.31,339.34
21:02:00,server_2,886.57,1043.49
21:02:00,server_3,289.08,258.66
21:02:00,server_4,514.44,353.27
21:02:00,server_10,233.16,196.85
21:02:00,server_6,531.58,555.98
21:02:00,server_7,657.7,395.31
21:02:00,server_8,66.55,85.84
21:02:00,server_5,292.24,271.3
21:02:05,server_12,373.61,281.62
21:02:05,server_19,1956.78,2323.12
21:02:05,server_18,13181.84,10693.64
21:02:05,server_17,936.62,1357.64
21:02:05,server_16,3845.0,3767.08
21:02:05,server_15,68.35,86.58
21:02:05,server_14,596.74,599.3
21:02:05,server_13,161.81,109.01
21:02:05,server_11,549.54,406.95
21:02:05,server_20,12125.99,10900.55
21:02:05,server_9,208.55,298.91
21:02:05,server_1,36.13,43.09
21:02:05,server_2,7677.38,7207.66
21:02:05,server_3,78.36,51.64
21:02:05,server_4,343.82,452.28
21:02:05,server_10,574.29,396.99
21:02:05,server_6,989.74,871.77
21:02:05,server_7,958.2,1408.99
21:02:05,server_8,480.27,455.69
21:02:05,server_5,52.15,63.34
21:02:10,server_11,900.42,773.5
21:02:10,server_19,829.41,590.33
21:02:10,server_18,232.38,301.82
21:02:10,server_17,1478.73,1518.12
21:02:10,server_16,482.73,285.15
21:02:10,server_15,302.82,296.97
21:02:10,server_14,75.77,49.97
21:02:10,server_13,937.33,1286.35
21:02:10,server_12,179.61,143.59
21:02:10,server_20,790.02,1071.34
21:02:10,server_10,9799.02,11470.08
21:02:10,server_8,101.37,52.81
21:02:10,server_7,214.15,177.93
21:02:10,server_6,280.66,380.72
21:02:10,server_5,593.34,832.77
21:02:10,server_4,547.79,664.36
21:02:10,server_3,93.55,47.0
21:02:10,server_2,101.05,97.97
21:02:10,server_1,425.45,307.62
21:02:10,server_9,967.01,992.45
21:02:15,server_13,478.74,394.48
21:02:15,server_14,127.4,100.94
21:02:15,server_15,566.73,427.49
21:02:15,server_12,942.37,1345.2
21:02:15,server_17,174.92,191.68
21:02:15,server_18,15415.87,18302.21
21:02:15,server_19,138.64,152.47
21:02:15,server_16,303.83,412.37
21:02:15,server_11,876.64,1290.93
21:02:15,server_20,905.35,1261.76
21:02:15,server_9,413.84,228.42
21:02:15,server_8,900.33,797.38
21:02:15,server_7,494.41,312.58
21:02:15,server_6,1044.87,1060.25
21:02:15,server_5,923.28,1344.5
21:02:15,server_4,8858.0,9514.61
21:02:15,server_3,548.99,332.72
21:02:15,server_2,881.65,571.16
21:02:15,server_1,2909.05,3067.45
21:02:15,server_10,866.08,1179.92
21:02:20,server_13,4212.45,3910.08
21:02:20,server_14,3928.26,4531.71
21:02:20,server_15,874.7,824.13
21:02:20,server_16,520.69,359.94
21:02:20,server_20,638.02,346.7
21:02:20,server_12,965.0,1009.41
21:02:20,server_18,15432.13,16687.06
21:02:20,server_19,57.02,52.29
21:02:20,server_17,318.98,362.03
21:02:20,server_11,124.95,109.79
21:02:20,server_3,2712.5,2924.96
21:02:20,server_9,343.88,233.57
21:02:20,server_1,934.58,1028.25
21:02:20,server_2,542.74,367.19
21:02:20,server_4,1005.85,1126.37
21:02:20,server_10,2990.26,3262.55
21:02:20,server_6,714.5,626.52
21:02:20,server_7,597.58,409.53
21:02:20,server_8,1782.69,2066.25
21:02:20,server_5,865.99,1293.95
21:02:25,server_20,813.65,751.37
21:02:25,server_19,1281.32,1025.22
21:02:25,server_18,335.27,266.95
21:02:25,server_17,10610.71,10281.22
21:02:25,server_16,939.64,748.75
21:02:25,server_15,851.82,1033.87
21:02:25,server_14,466.67,443.24
21:02:25,server_12,55.64,46.74
21:02:25,server_11,384.22,232.21
21:02:25,server_13,264.52,237.5
21:02:25,server_9,971.14,704.46
21:02:25,server_10,923.73,1342.89
21:02:25,server_2,696.53,434.27
21:02:25,server_3,613.4,397.76
21:02:25,server_4,1135.38,1059.29
21:02:25,server_1,509.32,418.08
21:02:25,server_6,164.75,174.8
21:02:25,server_7,630.09,705.97
21:02:25,server_8,495.73,412.29
21:02:25,server_5,375.87,228.16
21:02:30,server_12,578.65,321.44
21:02:30,server_20,476.21,696.54
21:02:30,server_19,264.43,329.36
21:02:30,server_18,110.76,138.88
21:02:30,server_17,919.64,522.8
21:02:30,server_16,836.94,976.99
21:02:30,server_15,626.67,784.65
21:02:30,server_14,2933.28,3101.87
21:02:30,server_13,12188.89,12628.96
21:02:30,server_11,908.4,688.62
21:02:30,server_3,351.11,273.59
21:02:30,server_9,843.04,756.75
21:02:30,server_8,946.36,1220.16
21:02:30,server_7,19644.81,19291.28
21:02:30,server_6,15316.37,15077.42
21:02:30,server_5,481.29,484.92
21:02:30,server_4,74.12,45.44
21:02:30,server_2,31.65,19.51
21:02:30,server_1,573.35,700.08
21:02:30,server_10,120.5,140.1
21:02:35,server_13,183.71,133.29
21:02:35,server_14,140.65,98.58
21:02:35,server_15,156.03,120.04
21:02:35,server_16,239.24,228.93
21:02:35,server_20,255.61,268.12
21:02:35,server_18,334.09,297.71
21:02:35,server_19,4183.95,3508.78
21:02:35,server_12,887.16,573.65
21:02:35,server_17,177.89,143.94
21:02:35,server_11,265.9,306.2
21:02:35,server_3,8705.69,9189.63
21:02:35,server_9,659.15,897.15
21:02:35,server_1,956.56,913.13
21:02:35,server_2,14016.03,11286.95
21:02:35,server_4,14954.35,12889.88
21:02:35,server_10,295.87,432.75
21:02:35,server_6,17401.49,20228.27
21:02:35,server_7,1983.46,1756.59
21:02:35,server_8,287.83,225.62
21:02:35,server_5,381.77,192.01
21:02:40,server_20,833.61,1139.31
21:02:40,server_11,639.63,333.47
21:02:40,server_18,174.55,246.59
21:02:40,server_17,91.74,82.18
21:02:40,server_16,634.15,538.13
21:02:40,server_15,7999.53,8047.63
21:02:40,server_14,292.29,398.83
21:02:40,server_13,19987.39,18779.19
21:02:40,server_12,980.61,789.79
21:02:40,server_19,320.39,324.08
21:02:40,server_10,4428.67,3782.2
21:02:40,server_8,371.0,312.55
21:02:40,server_7,668.49,857.76
21:02:40,server_6,19119.15,16023.21
21:02:40,server_5,249.82,235.78
21:02:40,server_4,475.68,623.71
21:02:40,server_3,4524.42,5402.56
21:02:40,server_2,1006.21,1186.51
21:02:40,server_1,3983.0,3825.09
21:02:40,server_9,2410.61,2661.12
21:02:45,server_13,624.14,407.79
21:02:45,server_14,6082.57,6043.88
21:02:45,server_15,3595.47,4069.71
21:02:45,server_12,4218.32,4979.18
21:02:45,server_17,879.55,973.23
21:02:45,server_18,384.33,429.92
21:02:45,server_19,265.54,181.76
21:02:45,server_16,147.48,155.28
21:02:45,server_11,257.45,338.18
21:02:45,server_20,584.35,595.44
21:02:45,server_9,895.44,1206.16
21:02:45,server_1,912.5,978.41
21:02:45,server_2,563.68,684.93
21:02:45,server_3,191.93,279.78
21:02:45,server_4,575.74,437.86
21:02:45,server_10,3467.44,2845.63
21:02:45,server_6,314.91,445.14
21:02:45,server_7,623.74,931.84
21:02:45,server_8,444.36,236.11
21:02:45,server_5,3571.44,3972.24
21:02:50,server_12,910.74,982.02
21:02:50,server_20,477.05,368.9
21:02:50,server_19,442.0,374.85
21:02:50,server_18,582.06,530.91
21:02:50,server_17,18029.68,14969.5
21:02:50,server_16,857.68,936.75
21:02:50,server_15,304.43,334.19
21:02:50,server_14,547.86,590.0
21:02:50,server_13,19886.65,22454.57
21:02:50,server_11,633.53,716.33
21:02:50,server_3,242.42,195.88
21:02:50,server_9,784.18,1145.1
21:02:50,server_8,121.56,81.01
21:02:50,server_7,185.32,93.29
21:02:50,server_6,304.21,413.93
21:02:50,server_5,974.39,748.46
21:02:50,server_4,580.24,566.17
21:02:50,server_10,717.09,759.3
21:02:50,server_2,142.58,87.69
21:02:50,server_1,648.94,326.1
21:02:55,server_13,6.35,3.7
21:02:55,server_14,454.35,303.32
21:02:55,server_15,128.64,139.46
21:02:55,server_16,427.37,356.3
21:02:55,server_20,629.11,666.81
21:02:55,server_18,11741.94,13820.54
21:02:55,server_19,2653.08,3077.62
21:02:55,server_12,226.9,119.37
21:02:55,server_17,207.02,227.03
21:02:55,server_11,617.54,835.82
21:02:55,server_10,18388.13,19770.71
21:02:55,server_9,874.43,755.23
21:02:55,server_2,846.38,1127.45
21:02:55,server_3,6.64,5.92
21:02:55,server_4,16832.48,19401.06
21:02:55,server_1,188.53,229.19
21:02:55,server_6,428.21,292.94
21:02:55,server_7,491.39,332.45
21:02:55,server_8,827.54,762.56
21:02:55,server_5,3398.11,3385.38
21:03:00,server_12,223.44,257.12
21:03:00,server_19,16182.57,15540.99
21:03:00,server_18,380.48,207.6
21:03:00,server_17,333.71,200.63
21:03:00,server_16,216.85,307.32
21:03:00,server_15,147.42,75.61
21:03:00,server_14,679.63,563.74
21:03:00,server_13,71.25,67.07
21:03:00,server_11,381.31,205.36
21:03:00,server_20,409.48,548.06
21:03:00,server_9,272.51,382.04
21:03:00,server_1,428.5,616.4
21:03:00,server_2,333.55,417.77
21:03:00,server_3,467.31,618.49
21:03:00,server_4,261.18,365.22
21:03:00,server_10,552.29,635.62
21:03:00,server_6,3572.81,3852.99
21:03:00,server_7,429.37,531.93
21:03:00,server_8,894.41,739.46
21:03:00,server_5,13907.95,11409.3
21:03:05,server_19,5996.78,6420.02
21:03:05,server_18,275.67,315.78
21:03:05,server_17,1008.89,989.35
21:03:05,server_16,244.48,240.59
21:03:05,server_15,510.1,461.33
21:03:05,server_14,195.25,162.54
21:03:05,server_13,36.07,46.96
21:03:05,server_12,377.32,286.16
21:03:05,server_11,153.67,160.79
21:03:05,server_20,641.59,570.83
21:03:05,server_9,966.81,1140.05
21:03:05,server_1,900.87,467.04
21:03:05,server_2,618.45,443.68
21:03:05,server_3,2313.48,2313.6
21:03:05,server_4,12534.71,11794.17
21:03:05,server_10,22.33,29.4
21:03:05,server_6,436.92,444.62
21:03:05,server_7,931.19,544.38
21:03:05,server_8,74.25,69.21
21:03:05,server_5,19149.35,15367.64
21:03:10,server_11,376.62,359.85
21:03:10,server_19,14874.39,14335.29
21:03:10,server_18,903.67,483.92
21:03:10,server_17,379.13,320.15
21:03:10,server_16,17167.63,19075.59
21:03:10,server_15,497.64,396.84
21:03:10,server_14,491.71,322.65
21:03:10,server_13,261.53,154.41
21:03:10,server_12,620.36,362.64
21:03:10,server_20,38.74,41.16
21:03:10,server_10,154.21,181.97
21:03:10,server_8,3858.94,3588.37
21:03:10,server_9,663.14,865.8
21:03:10,server_1,470.89,660.04
21:03:10,server_2,1005.4,1343.32
21:03:10,server_3,952.24,903.78
21:03:10,server_5,269.22,305.59
21:03:10,server_6,557.05,784.37
21:03:10,server_7,297.24,356.7
21:03:10,server_4,180.34,126.99
21:03:15,server_20,9930.47,8232.67
21:03:15,server_19,693.73,464.89
21:03:15,server_18,324.88,343.94
21:03:15,server_17,930.07,1040.79
21:03:15,server_16,9813.6,10995.3
21:03:15,server_15,457.72,499.25
21:03:15,server_14,909.21,508.94
21:03:15,server_13,369.14,487.08
21:03:15,server_12,950.13,1107.48
21:03:15,server_11,860.54,863.34
21:03:15,server_9,531.84,775.2
21:03:15,server_1,275.56,345.12
21:03:15,server_2,3188.85,2967.31
21:03:15,server_3,122.56,151.13
21:03:15,server_4,2875.47,2603.3
21:03:15,server_10,39.12,44.99
21:03:15,server_6,254.98,354.97
21:03:15,server_7,5445.1,4384.75
21:03:15,server_8,512.98,636.6
21:03:15,server_5,162.01,90.55
21:03:20,server_12,461.54,621.97
21:03:20,server_20,933.56,1291.73
21:03:20,server_19,436.32,627.47
21:03:20,server_18,615.09,554.62
21:03:20,server_17,273.47,250.44
21:03:20,server_16,3425.17,4031.8
21:03:20,server_15,347.54,219.89
21:03:20,server_14,19.29,26.97
21:03:20,server_13,14513.42,13012.12
21:03:20,server_11,117.61,134.12
21:03:20,server_10,8803.33,9281.4
21:03:20,server_9,757.99,947.92
21:03:20,server_2,818.65,982.01
21:03:20,server_3,29.18,24.4
21:03:20,server_4,61.56,69.5
21:03:20,server_1,0.0,0.0
21:03:20,server_6,5537.16,6439.82
21:03:20,server_7,341.15,332.82
21:03:20,server_8,718.64,385.19
21:03:20,server_5,6910.71,6137.55
21:03:25,server_12,851.79,513.47
21:03:25,server_19,31.33,39.78
21:03:25,server_18,890.41,1331.45
21:03:25,server_17,989.11,504.66
21:03:25,server_16,17870.4,21292.04
21:03:25,server_15,648.16,514.96
21:03:25,server_14,955.67,1399.74
21:03:25,server_13,92.45,131.55
21:03:25,server_11,526.8,777.54
21:03:25,server_20,820.41,616.81
21:03:25,server_9,407.58,496.15
21:03:25,server_1,2604.04,2535.62
21:03:25,server_2,829.55,800.16
21:03:25,server_3,570.95,363.85
21:03:25,server_4,406.12,314.32
21:03:25,server_10,2579.31,3020.58
21:03:25,server_6,907.84,591.53
21:03:25,server_7,899.64,1159.13
21:03:25,server_8,829.96,963.32
21:03:25,server_5,331.15,443.45
21:03:30,server_12,3220.5,3203.36
21:03:30,server_19,523.71,552.83
21:03:30,server_18,725.14,961.98
21:03:30,server_17,97.14,71.24
21:03:30,server_16,887.66,1134.43
21:03:30,server_15,395.76,303.6
21:03:30,server_14,946.27,1213.05
21:03:30,server_13,94.08,116.27
21:03:30,server_11,404.84,468.5
21:03:30,server_20,485.69,343.61
21:03:30,server_9,698.52,872.15
21:03:30,server_1,371.74,237.9
21:03:30,server_2,16513.11,13456.88
21:03:30,server_3,843.66,789.23
21:03:30,server_4,69.14,99.32
21:03:30,server_10,3446.07,3940.37
21:03:30,server_6,116.3,72.18
21:03:30,server_7,623.58,759.88
21:03:30,server_8,900.63,515.37
21:03:30,server_5,6639.03,6548.76
21:03:35,server_11,554.5,556.44
21:03:35,server_19,452.73,675.94
21:03:35,server_18,830.01,955.65
21:03:35,server_17,898.48,673.51
21:03:35,server_16,877.37,857.99
21:03:35,server_15,372.58,348.76
21:03:35,server_14,836.03,1222.16
21:03:35,server_13,2101.04,1860.17
21:03:35,server_12,285.85,287.12
21:03:35,server_20,114.49,126.43
21:03:35,server_10,177.08,234.25
21:03:35,server_8,221.52,327.75
21:03:35,server_7,988.13,1309.32
21:03:35,server_6,292.16,264.64
21:03:35,server_5,712.65,937.69
21:03:35,server_4,159.63,152.24
21:03:35,server_3,261.98,271.43
21:03:35,server_2,36.47,23.47
21:03:35,server_1,11476.31,13039.57
21:03:35,server_9,132.37,184.12
21:03:40,server_13,351.48,494.01
21:03:40,server_14,2847.21,2378.94
21:03:40,server_15,72.28,86.19
21:03:40,server_12,778.8,529.19
21:03:40,server_17,232.87,143.43
21:03:40,server_18,604.19,395.55
21:03:40,server_19,584.94,843.34
21:03:40,server_16,7417.17,6004.31
21:03:40,server_11,400.53,512.36
21:03:40,server_20,270.46,290.97
21:03:40,server_9,8101.66,9033.28
21:03:40,server_1,585.23,626.06
21:03:40,server_2,767.82,876.68
21:03:40,server_3,237.44,311.46
21:03:40,server_4,20.66,24.01
21:03:40,server_10,12255.77,14029.93
21:03:40,server_6,916.84,810.94
21:03:40,server_7,906.36,1334.71
21:03:40,server_8,659.86,764.43
21:03:40,server_5,699.32,1003.03
21:03:45,server_19,501.69,511.81
21:03:45,server_18,308.48,350.27
21:03:45,server_17,59.52,84.3
21:03:45,server_16,962.29,736.12
21:03:45,server_15,397.52,209.0
21:03:45,server_14,69.02,65.75
21:03:45,server_13,408.66,465.51
21:03:45,server_12,1849.7,1732.24
21:03:45,server_11,603.95,822.45
21:03:45,server_20,376.61,260.48
21:03:45,server_9,6954.83,6676.17
21:03:45,server_1,620.76,345.07
21:03:45,server_2,618.31,811.24
21:03:45,server_3,13294.48,15186.81
21:03:45,server_4,850.49,1245.04
21:03:45,server_10,719.24,652.36
21:03:45,server_6,461.48,340.02
21:03:45,server_7,19389.12,18664.52
21:03:45,server_8,674.83,584.15
21:03:45,server_5,469.53,603.11
21:03:50,server_11,22.31,22.94
21:03:50,server_19,4217.09,4617.17
21:03:50,server_18,17097.73,16130.98
21:03:50,server_17,974.4,1257.83
21:03:50,server_16,2807.1,3058.63
21:03:50,server_15,989.68,1397.7
21:03:50,server_14,64.8,93.23
21:03:50,server_13,13703.96,13738.85
21:03:50,server_12,133.6,153.07
21:03:50,server_20,1581.87,1682.37
21:03:50,server_10,163.56,114.73
21:03:50,server_8,588.57,534.83
21:03:50,server_9,14438.18,12994.69
21:03:50,server_1,883.09,724.46
21:03:50,server_2,1003.42,528.08
21:03:50,server_3,770.92,930.94
21:03:50,server_5,901.34,688.36
21:03:50,server_6,603.31,770.36
21:03:50,server_7,402.06,463.43
21:03:50,server_4,598.41,492.17
21:03:55,server_20,574.47,573.87
21:03:55,server_11,3709.77,3453.97
21:03:55,server_18,824.1,1226.47
21:03:55,server_17,168.84,85.66
21:03:55,server_16,487.25,589.07
21:03:55,server_15,611.45,679.19
21:03:55,server_14,435.7,310.48
21:03:55,server_13,388.39,411.32
21:03:55,server_12,3579.91,3537.56
21:03:55,server_19,397.69,554.24
21:03:55,server_10,570.01,374.36
21:03:55,server_8,2675.65,2338.53
21:03:55,server_1,395.93,337.98
21:03:55,server_2,166.89,236.72
21:03:55,server_3,601.08,531.01
21:03:55,server_9,442.77,597.01
21:03:55,server_5,499.19,492.55
21:03:55,server_6,603.17,324.39
21:03:55,server_7,540.25,578.26
21:03:55,server_4,263.51,349.64
21:04:00,server_13,454.12,513.29
21:04:00,server_20,441.81,436.69
21:04:00,server_19,512.64,317.7
21:04:00,server_18,226.26,162.86
21:04:00,server_17,341.3,326.08
21:04:00,server_16,196.69,174.41
21:04:00,server_15,386.02,473.53
21:04:00,server_14,280.1,414.38
21:04:00,server_12,512.07,708.72
21:04:00,server_11,243.25,254.26
21:04:00,server_1,282.94,145.83
21:04:00,server_9,702.32,397.98
21:04:00,server_8,400.83,270.11
21:04:00,server_7,90.62,69.57
21:04:00,server_6,628.66,777.21
21:04:00,server_5,670.41,680.19
21:04:00,server_4,446.69,321.68
21:04:00,server_3,694.85,696.46
21:04:00,server_2,5211.85,6035.59
21:04:00,server_10,314.22,312.23
21:04:05,server_13,867.53,891.26
21:04:05,server_14,559.09,775.89
21:04:05,server_15,904.26,635.21
21:04:05,server_16,892.97,719.45
21:04:05,server_12,845.2,920.75
21:04:05,server_18,125.94,182.16
21:04:05,server_19,14701.61,13591.72
21:04:05,server_20,903.09,955.37
21:04:05,server_17,447.75,653.04
21:04:05,server_11,119.71,169.18
21:04:05,server_1,816.26,863.11
21:04:05,server_9,899.15,1325.4
21:04:05,server_8,576.74,541.25
21:04:05,server_7,6362.62,6365.35
21:04:05,server_6,4934.08,4570.18
21:04:05,server_5,4428.41,4084.37
21:04:05,server_4,859.86,1188.91
21:04:05,server_3,171.76,113.14
21:04:05,server_2,2485.53,2318.15
21:04:05,server_10,16687.29,19402.12
21:04:10,server_12,474.63,342.4
21:04:10,server_13,644.32,762.69
21:04:10,server_14,277.61,184.52
21:04:10,server_15,499.0,313.26
21:04:10,server_19,534.25,773.78
21:04:10,server_17,525.81,748.07
21:04:10,server_18,578.47,407.19
21:04:10,server_11,859.5,459.49
21:04:10,server_16,18.97,21.24
21:04:10,server_20,655.13,873.32
21:04:10,server_10,65.96,88.73
21:04:10,server_8,883.92,1240.73
21:04:10,server_1,75.77,112.55
21:04:10,server_2,6.97,5.55
21:04:10,server_3,518.96,315.46
21:04:10,server_9,537.74,526.95
21:04:10,server_5,2633.4,2443.56
21:04:10,server_6,366.1,186.48
21:04:10,server_7,938.65,755.11
21:04:10,server_4,3904.74,4123.36
21:04:15,server_12,6927.35,6502.41
21:04:15,server_19,78.08,57.15
21:04:15,server_18,948.36,683.43
21:04:15,server_17,464.87,623.36
21:04:15,server_16,9340.51,7705.65
21:04:15,server_15,223.25,146.68
21:04:15,server_14,10751.21,12022.91
21:04:15,server_13,887.89,1116.69
21:04:15,server_11,14094.01,14452.96
21:04:15,server_20,1733.84,1446.12
21:04:15,server_9,975.79,749.32
21:04:15,server_1,992.52,1239.41
21:04:15,server_2,910.67,484.88
21:04:15,server_3,313.66,271.39
21:04:15,server_4,538.34,327.53
21:04:15,server_10,14853.16,12387.48
21:04:15,server_6,924.86,1172.94
21:04:15,server_7,728.49,1082.8
21:04:15,server_8,204.35,137.85
21:04:15,server_5,342.31,439.86
21:04:20,server_11,306.38,348.77
21:04:20,server_19,324.19,333.11
21:04:20,server_18,919.15,1173.97
21:04:20,server_17,903.36,1015.42
21:04:20,server_16,158.03,219.23
21:04:20,server_15,908.7,833.13
21:04:20,server_14,886.54,482.4
21:04:20,server_13,10284.11,8988.08
21:04:20,server_12,453.84,551.36
21:04:20,server_20,512.46,471.26
21:04:20,server_10,4264.78,3620.51
21:04:20,server_8,211.19,183.82
21:04:20,server_7,566.22,736.17
21:04:20,server_6,107.65,69.72
21:04:20,server_5,823.75,475.01
21:04:20,server_4,418.25,253.79
21:04:20,server_3,182.07,270.1
21:04:20,server_2,14594.8,15011.66
21:04:20,server_1,650.06,378.44
21:04:20,server_9,380.45,513.69
21:04:25,server_14,708.26,660.34
21:04:25,server_15,321.26,324.04
21:04:25,server_16,3421.15,3314.11
21:04:25,server_13,128.77,149.0
21:04:25,server_18,344.77,224.84
21:04:25,server_19,126.86,179.34
21:04:25,server_20,167.39,100.8
21:04:25,server_17,666.86,358.12
21:04:25,server_12,447.59,260.75
21:04:25,server_11,5381.51,5619.59
21:04:25,server_1,235.69,347.06
21:04:25,server_9,941.6,1385.74
21:04:25,server_8,394.54,301.55
21:04:25,server_7,19368.01,20372.74
21:04:25,server_6,288.71,287.62
21:04:25,server_5,4383.16,3521.04
21:04:25,server_4,688.72,683.87
21:04:25,server_3,5452.64,6308.54
21:04:25,server_2,12902.24,11873.34
21:04:25,server_10,215.07,184.15
21:04:30,server_13,1025.6,1492.91
21:04:30,server_14,685.06,514.64
21:04:30,server_15,996.38,742.92
21:04:30,server_20,974.78,1174.53
21:04:30,server_18,528.94,274.88
21:04:30,server_19,565.21,739.09
21:04:30,server_12,187.56,132.14
21:04:30,server_16,219.0,236.07
21:04:30,server_11,940.69,1343.47
21:04:30,server_17,204.83,132.33
21:04:30,server_9,518.81,602.83
21:04:30,server_10,363.44,521.59
21:04:30,server_2,2.99,2.51
21:04:30,server_3,138.37,145.83
21:04:30,server_4,3851.75,4537.49
21:04:30,server_1,950.98,1333.82
21:04:30,server_6,401.18,442.59
21:04:30,server_7,380.33,522.86
21:04:30,server_8,60.57,73.92
21:04:30,server_5,376.93,505.22
21:04:35,server_20,18080.29,21025.98
21:04:35,server_12,13425.34,11214.56
21:04:35,server_19,1352.02,1596.8
21:04:35,server_18,505.97,587.37
21:04:35,server_17,4839.75,4289.67
21:04:35,server_16,934.75,571.81
21:04:35,server_15,227.38,246.09
21:04:35,server_14,380.5,390.61
21:04:35,server_13,162.85,98.88
21:04:35,server_11,625.18,900.28
21:04:35,server_7,1392.94,1641.26
21:04:35,server_9,911.13,791.64
21:04:35,server_8,3755.2,4380.16
21:04:35,server_6,13.62,18.93
21:04:35,server_5,593.88,354.19
21:04:35,server_4,901.74,864.59
21:04:35,server_3,2317.96,2090.22
21:04:35,server_2,12598.69,12700.74
21:04:35,server_1,479.64,604.29
21:04:35,server_10,531.08,271.68
21:04:40,server_15,427.57,299.26
21:04:40,server_13,2120.54,1883.97
21:04:40,server_14,485.83,447.63
21:04:40,server_16,343.65,407.69
21:04:40,server_12,107.52,140.07
21:04:40,server_18,730.29,1094.19
21:04:40,server_19,192.21,218.28
21:04:40,server_20,389.51,473.07
21:04:40,server_17,445.83,657.08
21:04:40,server_11,788.83,581.01
21:04:40,server_1,148.79,79.43
21:04:40,server_9,621.64,526.04
21:04:40,server_2,586.85,610.83
21:04:40,server_3,722.51,889.25
21:04:40,server_4,648.18,922.62
21:04:40,server_10,324.62,419.45
21:04:40,server_6,468.9,400.46
21:04:40,server_7,3440.77,3163.83
21:04:40,server_8,517.03,664.64
21:04:40,server_5,58.71,81.46
21:04:45,server_13,874.18,1119.83
21:04:45,server_20,34.92,46.88
21:04:45,server_19,531.53,515.21
21:04:45,server_18,63.3,44.33
21:04:45,server_17,652.52,592.99
21:04:45,server_16,851.25,822.91
21:04:45,server_15,338.92,271.59
21:04:45,server_14,356.31,459.76
21:04:45,server_12,868.78,732.64
21:04:45,server_11,231.12,304.72
21:04:45,server_1,306.47,233.23
21:04:45,server_9,280.57,316.37
21:04:45,server_8,821.27,1200.62
21:04:45,server_7,349.26,394.14
21:04:45,server_6,957.46,1216.01
21:04:45,server_5,395.27,522.3
21:04:45,server_4,796.37,523.07
21:04:45,server_3,587.14,810.91
21:04:45,server_2,429.87,451.81
21:04:45,server_10,10179.83,8810.42
21:04:50,server_13,495.09,310.55
21:04:50,server_14,927.48,885.0
21:04:50,server_15,194.8,173.87
21:04:50,server_16,15211.44,16224.36
21:04:50,server_12,849.3,1234.66
21:04:50,server_18,16724.17,15503.67
21:04:50,server_19,4480.45,3764.77
21:04:50,server_20,2584.31,2909.98
21:04:50,server_17,16611.74,16432.0
21:04:50,server_11,2517.14,2307.21
21:04:50,server_1,355.95,187.41
21:04:50,server_9,850.61,787.41
21:04:50,server_8,215.57,167.24
21:04:50,server_7,541.88,584.86
21:04:50,server_6,16221.33,14545.76
21:04:50,server_5,593.21,713.89
21:04:50,server_4,931.54,556.87
21:04:50,server_3,3698.01,3839.44
21:04:50,server_2,951.87,1155.2
21:04:50,server_10,461.14,241.0
21:04:55,server_13,17354.05,19798.0
21:04:55,server_14,1057.01,1445.83
21:04:55,server_15,856.05,1079.12
21:04:55,server_16,873.05,1175.44
21:04:55,server_20,365.83,282.06
21:04:55,server_18,113.91,71.55
21:04:55,server_19,29.99,20.07
21:04:55,server_12,7212.87,6054.27
21:04:55,server_17,1075.97,1293.01
21:04:55,server_11,898.78,571.48
21:04:55,server_1,275.22,375.58
21:04:55,server_9,82.5,104.93
21:04:55,server_2,333.25,406.74
21:04:55,server_3,866.53,678.28
21:04:55,server_4,15429.95,13517.39
21:04:55,server_10,600.71,764.41
21:04:55,server_6,932.38,722.78
21:04:55,server_7,1000.63,513.65
21:04:55,server_8,329.26,188.3
21:04:55,server_5,254.31,195.79
21:05:00,server_12,19475.43,19277.29
21:05:00,server_19,655.88,784.41
21:05:00,server_18,811.47,1033.46
21:05:00,server_17,389.48,404.79
21:05:00,server_16,704.87,687.49
21:05:00,server_15,911.05,894.84
21:05:00,server_14,260.19,255.68
21:05:00,server_13,475.23,412.99
21:05:00,server_20,523.29,346.02
21:05:00,server_11,619.18,594.21
21:05:00,server_9,981.51,1218.26
21:05:00,server_8,345.04,260.41
21:05:00,server_7,3277.61,2757.93
21:05:00,server_6,104.53,150.34
21:05:00,server_5,284.38,391.43
21:05:00,server_4,983.78,1311.61
21:05:00,server_3,193.15,117.01
21:05:00,server_2,644.17,428.69
21:05:00,server_1,665.95,439.23
21:05:00,server_10,15788.45,13400.13
21:05:05,server_13,863.64,1233.33
21:05:05,server_14,855.56,1164.78
21:05:05,server_15,578.94,473.74
21:05:05,server_16,356.64,295.14
21:05:05,server_12,5138.48,5575.18
21:05:05,server_18,4728.45,5443.25
21:05:05,server_19,113.65,144.96
21:05:05,server_20,340.75,450.93
21:05:05,server_17,4024.97,3760.15
21:05:05,server_11,10463.59,10794.94
21:05:05,server_10,8310.57,8671.87
21:05:05,server_9,51.39,27.3
21:05:05,server_8,888.46,1084.38
21:05:05,server_7,183.14,245.1
21:05:05,server_6,901.36,580.67
21:05:05,server_5,0.0,0.0
21:05:05,server_4,169.14,98.67
21:05:05,server_3,942.11,1045.12
21:05:05,server_2,844.32,449.4
21:05:05,server_1,160.51,93.85
21:05:10,server_13,376.09,373.08
21:05:10,server_14,8040.52,6927.05
21:05:10,server_15,8.54,8.58
21:05:10,server_16,433.28,598.69
21:05:10,server_20,277.63,404.87
21:05:10,server_18,377.14,220.73
21:05:10,server_19,454.29,516.17
21:05:10,server_12,2021.14,1669.73
21:05:10,server_17,55.67,83.5
21:05:10,server_11,17361.46,20384.12
21:05:10,server_10,352.87,527.99
21:05:10,server_9,95.8,68.74
21:05:10,server_2,532.99,390.78
21:05:10,server_3,628.27,874.7
21:05:10,server_4,530.2,703.05
21:05:10,server_1,1004.29,613.4
21:05:10,server_6,531.68,353.41
21:05:10,server_7,6256.31,6182.47
21:05:10,server_8,647.86,787.85
21:05:10,server_5,1052.36,1409.41
21:05:15,server_12,9083.19,10297.53
21:05:15,server_19,82.31,78.01
21:05:15,server_18,5.02,6.36
21:05:15,server_17,192.49,264.3
21:05:15,server_16,350.68,249.78
21:05:15,server_15,189.08,264.92
21:05:15,server_14,10021.77,11740.76
21:05:15,server_13,15672.47,17963.87
21:05:15,server_11,4961.54,4803.17
21:05:15,server_20,405.72,354.23
21:05:15,server_9,10689.33,11278.17
21:05:15,server_1,647.09,464.99
21:05:15,server_2,2364.6,2317.0
21:05:15,server_3,334.19,198.02
21:05:15,server_4,534.55,633.48
21:05:15,server_10,63.08,48.9
21:05:15,server_6,519.15,260.23
21:05:15,server_7,350.11,491.75
21:05:15,server_8,782.85,1159.13
21:05:15,server_5,106.98,63.86
21:05:20,server_12,639.1,627.95
21:05:20,server_19,627.22,934.31
21:05:20,server_18,187.99,147.33
21:05:20,server_17,151.17,157.12
21:05:20,server_16,191.74,271.28
21:05:20,server_15,563.56,415.78
21:05:20,server_14,941.52,1168.87
21:05:20,server_13,1004.82,955.81
21:05:20,server_11,1045.99,723.86
21:05:20,server_20,704.42,968.28
21:05:20,server_9,0.0,0.0
21:05:20,server_1,845.38,656.97
21:05:20,server_2,2976.68,3153.28
21:05:20,server_3,52.72,62.21
21:05:20,server_4,587.91,356.55
21:05:20,server_10,265.76,140.74
21:05:20,server_6,1018.97,1410.78
21:05:20,server_7,910.22,771.51
21:05:20,server_8,178.87,97.52
21:05:20,server_5,5140.96,5573.11
21:05:25,server_11,497.94,654.88
21:05:25,server_19,14794.88,13085.21
21:05:25,server_18,316.03,322.76
21:05:25,server_17,447.88,451.27
21:05:25,server_16,67.71,71.2
21:05:25,server_15,431.26,293.67
21:05:25,server_14,940.67,1105.29
21:05:25,server_13,15.68,9.57
21:05:25,server_12,175.17,148.97
21:05:25,server_20,619.83,774.69
21:05:25,server_10,551.83,499.9
21:05:25,server_8,917.54,740.48
21:05:25,server_7,10168.01,9329.37
21:05:25,server_6,346.9,339.18
21:05:25,server_5,8503.07,9676.29
21:05:25,server_4,402.83,277.79
21:05:25,server_3,12527.03,10194.03
21:05:25,server_2,3283.03,3689.01
21:05:25,server_1,284.18,261.55
21:05:25,server_9,833.08,667.06
21:05:30,server_13,818.53,968.0
21:05:30,server_14,862.16,902.43
21:05:30,server_15,28.02,34.72
21:05:30,server_12,113.91,78.04
21:05:30,server_17,897.17,603.33
21:05:30,server_18,558.96,817.64
21:05:30,server_19,273.2,237.77
21:05:30,server_16,589.41,390.18
21:05:30,server_11,583.44,835.23
21:05:30,server_20,354.51,179.49
21:05:30,server_9,4953.66,5665.94
21:05:30,server_1,781.51,652.83
21:05:30,server_2,674.53,697.09
21:05:30,server_3,141.34,148.23
21:05:30,server_4,191.81,245.16
21:05:30,server_10,921.76,677.46
21:05:30,server_6,645.37,899.29
21:05:30,server_7,143.87,123.72
21:05:30,server_8,225.89,243.29
21:05:30,server_5,242.57,189.4
21:05:35,server_19,899.81,538.37
21:05:35,server_18,12279.68,10271.53
21:05:35,server_17,915.64,848.06
21:05:35,server_16,228.01,140.45
21:05:35,server_15,833.98,1106.09
21:05:35,server_14,14220.9,15286.61
21:05:35,server_13,1530.18,1342.4
21:05:35,server_12,1624.99,1500.56
21:05:35,server_11,99.8,105.23
21:05:35,server_20,325.91,335.21
21:05:35,server_9,291.8,314.95
21:05:35,server_1,313.34,199.89
21:05:35,server_2,833.68,701.41
21:05:35,server_3,145.24,213.04
21:05:35,server_4,103.46,114.65
21:05:35,server_10,1590.49,1511.26
21:05:35,server_6,872.57,842.57
21:05:35,server_7,177.09,238.66
21:05:35,server_8,552.6,458.65
21:05:35,server_5,3992.59,4471.36
21:05:40,server_11,898.87,1161.77
21:05:40,server_19,984.09,854.27
21:05:40,server_18,960.55,778.69
21:05:40,server_17,10206.98,8262.24
21:05:40,server_16,886.51,879.8
21:05:40,server_15,193.5,273.38
21:05:40,server_14,938.68,570.5
21:05:40,server_13,3576.96,3209.94
21:05:40,server_12,918.95,956.72
21:05:40,server_20,16007.87,18522.64
21:05:40,server_10,682.24,877.07
21:05:40,server_8,488.6,436.86
21:05:40,server_9,635.53,744.67
21:05:40,server_1,969.07,1167.69
21:05:40,server_2,554.96,770.52
21:05:40,server_3,2976.49,3199.62
21:05:40,server_5,589.59,534.94
21:05:40,server_6,871.01,714.09
21:05:40,server_7,927.6,1390.73
21:05:40,server_4,13901.04,15041.7
21:05:45,server_20,117.01,105.35
21:05:45,server_11,257.89,260.4
21:05:45,server_18,14415.99,15658.8
21:05:45,server_17,464.44,300.09
21:05:45,server_16,578.61,773.04
21:05:45,server_15,846.3,954.52
21:05:45,server_14,262.92,357.34
21:05:45,server_13,104.58,74.96
21:05:45,server_12,960.27,1363.63
21:05:45,server_19,165.55,240.47
21:05:45,server_10,500.73,750.81
21:05:45,server_8,1.29,1.02
21:05:45,server_1,914.34,1136.29
21:05:45,server_2,160.99,177.6
21:05:45,server_3,86.13,109.09
21:05:45,server_9,264.12,236.39
21:05:45,server_5,863.91,1024.17
21:05:45,server_6,207.07,194.93
21:05:45,server_7,80.27,81.44
21:05:45,server_4,965.49,998.0
21:05:50,server_12,302.39,221.14
21:05:50,server_19,629.33,526.76
21:05:50,server_18,610.02,729.25
21:05:50,server_17,546.44,509.2
21:05:50,server_16,923.89,552.42
21:05:50,server_15,111.51,116.11
21:05:50,server_14,463.35,529.54
21:05:50,server_13,293.01,356.49
21:05:50,server_11,2.42,3.03
21:05:50,server_20,877.53,1058.97
21:05:50,server_9,560.67,654.44
21:05:50,server_1,218.32,309.97
21:05:50,server_2,13.01,16.35
21:05:50,server_3,498.99,331.45
21:05:50,server_4,903.63,1040.84
21:05:50,server_10,3197.52,2636.77
21:05:50,server_6,13197.06,12189.84
21:05:50,server_7,186.85,146.38
21:05:50,server_8,847.07,997.01
21:05:50,server_5,83.74,82.43
21:05:55,server_11,922.13,1067.63
21:05:55,server_19,245.71,270.29
21:05:55,server_18,17963.1,20390.17
21:05:55,server_17,1138.64,1144.18
21:05:55,server_16,976.04,1141.94
21:05:55,server_15,304.16,346.44
21:05:55,server_14,614.0,842.24
21:05:55,server_13,980.3,1450.51
21:05:55,server_12,117.34,145.43
21:05:55,server_20,929.75,1352.45
21:05:55,server_10,954.93,1095.68
21:05:55,server_8,176.87,182.76
21:05:55,server_7,808.94,501.19
21:05:55,server_6,959.78,743.07
21:05:55,server_5,0.0,0.0
21:05:55,server_4,812.79,726.32
21:05:55,server_3,892.08,1085.66
21:05:55,server_2,592.78,478.81
21:05:55,server_1,303.67,370.53
21:05:55,server_9,996.43,1391.42
21:06:00,server_13,162.19,188.3
21:06:00,server_14,36.21,27.76
21:06:00,server_15,6158.4,7231.78
21:06:00,server_12,585.21,379.21
21:06:00,server_17,726.9,735.58
21:06:00,server_18,565.09,509.16
21:06:00,server_19,199.63,126.64
21:06:00,server_16,928.61,1176.73
21:06:00,server_11,613.29,853.41
21:06:00,server_20,5138.49,4479.95
21:06:00,server_9,673.28,717.82
21:06:00,server_1,14345.58,12904.17
21:06:00,server_2,364.62,538.38
21:06:00,server_3,936.38,1120.63
21:06:00,server_4,146.11,142.19
21:06:00,server_10,881.12,994.82
21:06:00,server_6,1022.96,694.2
21:06:00,server_7,113.31,132.63
21:06:00,server_8,56.49,48.55
21:06:00,server_5,195.64,274.48
21:06:05,server_12,450.67,300.92
21:06:05,server_20,332.36,492.7
21:06:05,server_19,4493.45,3697.26
21:06:05,server_18,192.81,146.26
21:06:05,server_17,480.8,549.5
21:06:05,server_16,936.71,911.97
21:06:05,server_15,2154.89,2549.15
21:06:05,server_14,175.13,162.63
21:06:05,server_13,503.39,522.44
21:06:05,server_11,1032.08,843.66
21:06:05,server_10,144.63,136.16
21:06:05,server_9,106.15,108.5
21:06:05,server_2,3930.03,3496.03
21:06:05,server_3,704.02,1031.88
21:06:05,server_4,114.88,95.0
21:06:05,server_1,873.39,1255.4
21:06:05,server_6,10090.41,10403.73
21:06:05,server_7,954.36,951.72
21:06:05,server_8,351.92,522.39
21:06:05,server_5,535.4,778.45
21:06:10,server_12,3398.66,3013.07
21:06:10,server_19,1.54,2.29
21:06:10,server_18,568.44,539.65
21:06:10,server_17,787.78,763.17
21:06:10,server_16,11797.59,11939.85
21:06:10,server_15,218.68,312.26
21:06:10,server_14,2646.99,2460.4
21:06:10,server_13,2131.87,2344.4
21:06:10,server_11,584.63,345.39
21:06:10,server_20,355.45,262.1
21:06:10,server_9,2088.96,1823.1
21:06:10,server_1,464.33,541.55
21:06:10,server_2,121.27,177.12
21:06:10,server_3,997.19,1347.61
21:06:10,server_4,116.86,74.29
21:06:10,server_10,850.14,999.13
21:06:10,server_6,13.04,11.03
21:06:10,server_7,434.4,375.81
21:06:10,server_8,8886.14,8236.85
21:06:10,server_5,190.64,261.61
21:06:15,server_12,812.95,707.4
21:06:15,server_19,726.47,586.19
21:06:15,server_18,257.38,231.15
21:06:15,server_17,470.46,266.76
21:06:15,server_16,0.0,0.0
21:06:15,server_15,518.93,490.34
21:06:15,server_14,13610.23,12650.6
21:06:15,server_13,4437.82,5196.32
21:06:15,server_11,155.82,190.72
21:06:15,server_20,586.98,569.28
21:06:15,server_9,9566.52,10932.91
21:06:15,server_1,4.63,6.27
21:06:15,server_2,995.25,540.72
21:06:15,server_3,193.52,190.45
21:06:15,server_4,5325.83,6185.16
21:06:15,server_10,14702.14,13677.45
21:06:15,server_6,25.53,20.12
21:06:15,server_7,614.18,397.14
21:06:15,server_8,174.77,185.02
21:06:15,server_5,535.71,369.94
21:06:20,server_11,478.44,440.08
21:06:20,server_19,240.03,179.91
21:06:20,server_18,600.16,719.23
21:06:20,server_17,275.32,392.87
21:06:20,server_16,364.71,518.5
21:06:20,server_15,545.67,644.89
21:06:20,server_14,1023.17,733.7
21:06:20,server_13,164.79,220.82
21:06:20,server_12,825.2,1198.29
21:06:20,server_20,14836.93,16961.22
21:06:20,server_10,16198.4,14218.81
21:06:20,server_8,601.6,741.78
21:06:20,server_7,649.45,899.16
21:06:20,server_6,531.92,283.56
21:06:20,server_5,256.47,146.2
21:06:20,server_4,2028.43,2170.36
21:06:20,server_3,519.12,427.99
21:06:20,server_2,861.96,455.28
21:06:20,server_1,370.49,223.16
21:06:20,server_9,775.22,444.37
21:06:25,server_13,19916.57,21202.25
21:06:25,server_14,68.21,77.61
21:06:25,server_15,264.76,187.96
21:06:25,server_12,641.41,345.23
21:06:25,server_17,377.26,205.97
21:06:25,server_18,96.53,83.56
21:06:25,server_19,7185.83,7436.64
21:06:25,server_16,567.32,499.38
21:06:25,server_11,495.86,688.4
21:06:25,server_20,961.55,1324.99
21:06:25,server_9,501.04,272.92
21:06:25,server_1,232.49,272.93
21:06:25,server_2,274.98,221.73
21:06:25,server_3,967.36,810.57
21:06:25,server_4,463.74,633.05
21:06:25,server_10,966.68,646.57
21:06:25,server_6,12.4,16.04
21:06:25,server_7,527.17,699.18
21:06:25,server_8,525.38,403.3
21:06:25,server_5,17352.9,18761.99
21:06:30,server_19,6745.52,6385.65
21:06:30,server_18,696.95,525.58
21:06:30,server_17,289.73,157.84
21:06:30,server_16,244.93,134.31
21:06:30,server_15,4882.58,5056.63
21:06:30,server_14,315.35,200.0
21:06:30,server_13,24.84,29.54
21:06:30,server_12,379.38,237.05
21:06:30,server_11,206.47,289.88
21:06:30,server_20,617.31,315.24
21:06:30,server_9,19964.05,18433.59
21:06:30,server_1,6696.61,7524.75
21:06:30,server_2,19120.87,19321.17
21:06:30,server_3,291.54,409.38
21:06:30,server_4,843.71,1200.6
21:06:30,server_10,799.87,502.51
21:06:30,server_6,190.87,141.61
21:06:30,server_7,213.22,130.09
21:06:30,server_8,2739.75,3001.74
21:06:30,server_5,1090.26,1147.74
21:06:35,server_11,180.27,98.93
21:06:35,server_19,492.1,400.24
21:06:35,server_18,944.04,805.75
21:06:35,server_17,547.8,721.15
21:06:35,server_16,626.93,557.8
21:06:35,server_15,257.81,212.18
21:06:35,server_14,262.43,196.82
21:06:35,server_13,597.66,603.77
21:06:35,server_12,975.68,931.81
21:06:35,server_20,19707.37,20486.72
21:06:35,server_10,85.86,52.52
21:06:35,server_8,126.06,168.04
21:06:35,server_9,212.2,295.88
21:06:35,server_1,209.29,238.01
21:06:35,server_2,540.93,531.81
21:06:35,server_3,212.79,162.57
21:06:35,server_5,536.25,748.48
21:06:35,server_6,1486.9,1684.96
21:06:35,server_7,466.45,651.62
21:06:35,server_4,595.48,859.47
21:06:40,server_20,515.57,421.82
21:06:40,server_11,42.13,40.87
21:06:40,server_18,956.01,1240.11
21:06:40,server_17,15195.43,16120.98
21:06:40,server_16,886.6,460.85
21:06:40,server_15,266.2,237.47
21:06:40,server_14,949.13,690.78
21:06:40,server_13,209.69,106.88
21:06:40,server_12,15742.8,13711.82
21:06:40,server_19,497.43,512.18
21:06:40,server_10,8676.09,7143.79
21:06:40,server_8,475.45,419.82
21:06:40,server_1,2.79,3.94
21:06:40,server_2,13557.03,14320.03
21:06:40,server_3,862.5,833.22
21:06:40,server_9,773.05,1129.47
21:06:40,server_5,547.62,479.5
21:06:40,server_6,695.29,1019.95
21:06:40,server_7,857.26,643.12
21:06:40,server_4,1106.04,991.69
21:06:45,server_12,10138.13,8579.53
21:06:45,server_19,858.68,536.41
21:06:45,server_18,270.07,252.17
21:06:45,server_17,11454.86,9773.96
21:06:45,server_16,4928.22,5874.2
21:06:45,server_15,879.23,1050.44
21:06:45,server_14,883.49,815.55
21:06:45,server_13,15330.45,14863.83
21:06:45,server_11,265.18,334.72
21:06:45,server_20,833.7,606.55
21:06:45,server_9,1036.42,1182.7
21:06:45,server_1,323.04,282.99
21:06:45,server_2,533.2,359.44
21:06:45,server_3,957.2,585.91
21:06:45,server_4,172.96,172.11
21:06:45,server_10,21.33,13.66
21:06:45,server_6,402.73,448.44
21:06:45,server_7,581.62,532.29
21:06:45,server_8,243.98,365.37
21:06:45,server_5,518.72,712.28
21:06:50,server_11,114.92,111.35
21:06:50,server_19,479.63,319.87
21:06:50,server_18,3870.09,4207.0
21:06:50,server_17,258.44,129.61
21:06:50,server_16,462.19,514.81
21:06:50,server_15,287.83,387.0
21:06:50,server_14,479.66,303.08
21:06:50,server_13,647.74,784.73
21:06:50,server_12,211.04,118.9
21:06:50,server_20,930.53,1347.85
21:06:50,server_10,256.02,137.62
21:06:50,server_8,380.85,479.18
21:06:50,server_7,234.78,210.85
21:06:50,server_6,833.2,1132.4
21:06:50,server_5,696.9,919.12
21:06:50,server_4,311.93,467.64
21:06:50,server_3,539.25,702.16
21:06:50,server_2,12409.48,11208.34
21:06:50,server_1,598.93,754.26
21:06:50,server_9,603.51,747.27
21:06:55,server_13,778.71,483.81
21:06:55,server_14,808.66,761.32
21:06:55,server_15,1073.74,1128.56
21:06:55,server_12,417.12,256.23
21:06:55,server_17,2896.65,2567.31
21:06:55,server_18,284.57,220.32
21:06:55,server_19,715.64,429.28
21:06:55,server_16,252.67,248.07
21:06:55,server_11,252.56,376.09
21:06:55,server_20,989.31,838.13
21:06:55,server_9,254.7,300.65
21:06:55,server_1,670.33,669.16
21:06:55,server_2,3769.62,3355.41
21:06:55,server_3,663.6,355.95
21:06:55,server_4,103.76,129.31
21:06:55,server_10,228.98,314.92
21:06:55,server_6,947.93,698.16
21:06:55,server_7,15363.02,16021.26
21:06:55,server_8,295.28,274.01
21:06:55,server_5,2893.83,3297.18
21:07:00,server_20,166.76,182.15
21:07:00,server_19,1060.49,1400.61
21:07:00,server_18,189.29,247.93
21:07:00,server_17,7591.96,8844.99
21:07:00,server_16,388.84,298.13
21:07:00,server_15,1033.66,1212.15
21:07:00,server_14,265.07,317.01
21:07:00,server_12,620.89,851.62
21:07:00,server_11,724.32,901.84
21:07:00,server_13,194.76,162.5
21:07:00,server_9,906.01,699.11
21:07:00,server_10,867.58,462.9
21:07:00,server_2,158.21,172.97
21:07:00,server_3,510.31,338.57
21:07:00,server_4,513.27,312.98
21:07:00,server_1,165.09,236.3
21:07:00,server_6,15585.0,14346.6
21:07:00,server_7,877.11,1266.99
21:07:00,server_8,48.66,63.92
21:07:00,server_5,81.44,81.44
21:07:05,server_12,86.75,50.21
21:07:05,server_20,395.67,293.67
21:07:05,server_19,575.31,684.88
21:07:05,server_18,391.84,580.5
21:07:05,server_17,543.1,803.4
21:07:05,server_16,314.61,399.98
21:07:05,server_15,849.69,528.43
21:07:05,server_14,205.07,176.1
21:07:05,server_13,545.33,809.3
21:07:05,server_11,824.09,570.72
21:07:05,server_3,469.97,359.52
21:07:05,server_9,877.8,634.51
21:07:05,server_10,8569.31,9490.31
21:07:05,server_2,3327.84,3750.36
21:07:05,server_4,332.03,230.56
21:07:05,server_1,870.41,1051.72
21:07:05,server_6,615.92,536.43
21:07:05,server_7,342.56,438.31
21:07:05,server_8,8893.36,10615.77
21:07:05,server_5,538.88,366.58
21:07:10,server_12,862.04,654.52
21:07:10,server_19,176.87,98.22
21:07:10,server_18,128.98,165.05
21:07:10,server_17,283.06,230.13
21:07:10,server_16,5612.51,5782.14
21:07:10,server_15,44.34,45.06
21:07:10,server_14,568.2,418.68
21:07:10,server_20,10454.94,12250.38
21:07:10,server_11,10684.05,12066.54
21:07:10,server_13,922.33,1327.71
21:07:10,server_9,140.95,119.87
21:07:10,server_1,547.51,770.72
21:07:10,server_2,322.89,205.25
21:07:10,server_3,240.96,270.17
21:07:10,server_4,418.84,620.3
21:07:10,server_10,338.34,461.24
21:07:10,server_6,8.32,10.41
21:07:10,server_7,892.2,1323.55
21:07:10,server_8,561.72,337.94
21:07:10,server_5,926.2,604.86
21:07:15,server_19,577.96,645.31
21:07:15,server_18,146.47,92.53
21:07:15,server_17,263.23,297.24
21:07:15,server_16,1075.17,1288.31
21:07:15,server_15,164.51,151.96
21:07:15,server_14,667.14,993.76
21:07:15,server_13,520.96,676.8
21:07:15,server_12,139.25,152.01
21:07:15,server_11,11387.86,10507.54
21:07:15,server_20,265.15,301.18
21:07:15,server_9,263.83,381.58
21:07:15,server_1,910.27,559.63
21:07:15,server_2,218.82,294.91
21:07:15,server_3,196.79,152.11
21:07:15,server_4,539.38,581.55
21:07:15,server_10,583.06,854.77
21:07:15,server_6,290.54,334.35
21:07:15,server_7,543.04,284.69
21:07:15,server_8,491.38,275.4
21:07:15,server_5,86.25,75.33
21:07:20,server_11,8578.34,9554.67
21:07:20,server_19,285.74,315.44
21:07:20,server_18,135.89,168.04
21:07:20,server_17,490.88,573.46
21:07:20,server_16,584.74,779.04
21:07:20,server_15,539.47,365.19
21:07:20,server_14,923.54,1365.99
21:07:20,server_13,332.11,342.1
21:07:20,server_12,928.0,663.66
21:07:20,server_20,935.82,581.6
21:07:20,server_10,139.0,141.27
21:07:20,server_8,657.06,331.6
21:07:20,server_9,189.91,273.22
21:07:20,server_1,951.08,1326.74
21:07:20,server_2,2561.29,2595.48
21:07:20,server_3,595.49,748.54
21:07:20,server_5,371.92,209.51
21:07:20,server_6,140.72,134.19
21:07:20,server_7,440.87,418.15
21:07:20,server_4,331.1,491.91
21:07:25,server_20,256.21,368.29
21:07:25,server_11,885.85,566.58
21:07:25,server_18,849.79,689.99
21:07:25,server_17,834.56,801.76
21:07:25,server_16,6.07,6.33
21:07:25,server_15,102.5,81.68
21:07:25,server_14,9139.86,10632.66
21:07:25,server_13,7733.77,6658.68
21:07:25,server_12,246.2,285.42
21:07:25,server_19,153.33,194.79
21:07:25,server_10,28.03,30.85
21:07:25,server_8,352.08,383.23
21:07:25,server_1,973.77,755.71
21:07:25,server_2,309.29,429.1
21:07:25,server_3,645.16,552.12
21:07:25,server_9,501.68,674.46
21:07:25,server_5,3074.42,2575.98
21:07:25,server_6,4268.32,3774.82
21:07:25,server_7,28.65,34.4
21:07:25,server_4,2310.07,2663.02
21:07:30,server_20,276.55,230.56
21:07:30,server_19,527.18,392.18
21:07:30,server_18,60.27,56.73
21:07:30,server_17,54.45,79.87
21:07:30,server_16,607.37,405.69
21:07:30,server_15,280.42,343.22
21:07:30,server_14,336.19,195.04
21:07:30,server_12,61.25,87.32
21:07:30,server_11,3804.96,3727.15
21:07:30,server_13,310.58,439.71
21:07:30,server_9,678.77,444.63
21:07:30,server_10,444.12,453.29
21:07:30,server_2,890.46,729.51
21:07:30,server_3,888.08,1302.6
21:07:30,server_4,549.48,647.58
21:07:30,server_1,3072.34,2909.78
21:07:30,server_6,840.06,481.37
21:07:30,server_7,4019.23,3271.86
21:07:30,server_8,295.82,342.01
21:07:30,server_5,919.03,1043.06
21:07:35,server_12,65.2,88.39
21:07:35,server_19,61.04,47.92
21:07:35,server_18,640.29,472.42
21:07:35,server_20,962.29,1220.78
21:07:35,server_17,926.42,1238.69
21:07:35,server_16,643.37,666.39
21:07:35,server_15,15964.57,16645.6
21:07:35,server_14,69.48,52.51
21:07:35,server_13,583.03,527.81
21:07:35,server_11,386.18,411.03
21:07:35,server_3,2.25,2.51
21:07:35,server_9,17461.16,15690.71
21:07:35,server_10,486.67,684.73
21:07:35,server_2,4917.6,5513.91
21:07:35,server_4,7274.74,6623.99
21:07:35,server_1,821.19,487.65
21:07:35,server_6,227.76,313.05
21:07:35,server_7,618.33,635.24
21:07:35,server_8,1008.28,1481.48
21:07:35,server_5,826.47,471.36
21:07:40,server_11,278.47,319.5
21:07:40,server_20,375.34,192.67
21:07:40,server_18,259.35,379.23
21:07:40,server_17,6678.64,5942.71
21:07:40,server_16,525.94,309.36
21:07:40,server_15,957.48,622.6
21:07:40,server_14,4130.61,3307.64
21:07:40,server_13,2753.95,3004.65
21:07:40,server_12,428.21,250.68
21:07:40,server_19,481.55,261.49
21:07:40,server_10,34.35,28.45
21:07:40,server_8,266.68,331.38
21:07:40,server_1,299.56,362.72
21:07:40,server_2,13281.59,14132.91
21:07:40,server_3,295.32,320.69
21:07:40,server_9,1030.88,977.73
21:07:40,server_5,947.37,637.25
21:07:40,server_6,24.7,23.28
21:07:40,server_7,13810.23,16258.5
21:07:40,server_4,649.0,337.56
21:07:45,server_12,387.0,521.79
21:07:45,server_19,4709.02,4307.1
21:07:45,server_18,570.89,655.87
21:07:45,server_17,373.64,301.01
21:07:45,server_16,25.6,35.67
21:07:45,server_15,180.41,179.72
21:07:45,server_14,4611.02,5222.8
21:07:45,server_13,1324.31,1368.32
21:07:45,server_11,669.04,959.57
21:07:45,server_20,153.98,148.19
21:07:45,server_9,908.94,817.32
21:07:45,server_1,16193.92,17830.43
21:07:45,server_2,400.07,230.09
21:07:45,server_3,985.37,885.88
21:07:45,server_4,5401.88,4986.85
21:07:45,server_10,944.01,1177.88
21:07:45,server_6,503.83,362.96
21:07:45,server_7,275.33,205.61
21:07:45,server_8,805.22,1052.84
21:07:45,server_5,15814.27,17301.04
21:07:50,server_11,158.23,180.01
21:07:50,server_19,339.98,200.21
21:07:50,server_18,9789.26,8456.33
21:07:50,server_17,897.1,1212.54
21:07:50,server_16,199.59,136.77
21:07:50,server_15,620.5,752.69
21:07:50,server_14,350.16,447.15
21:07:50,server_13,48.28,61.93
21:07:50,server_12,926.93,1308.47
21:07:50,server_20,319.77,168.56
21:07:50,server_10,38.74,53.63
21:07:50,server_8,701.91,1042.46
21:07:50,server_7,418.15,446.56
21:07:50,server_6,879.85,775.23
21:07:50,server_5,490.47,556.71
21:07:50,server_4,275.04,366.87
21:07:50,server_3,13545.14,11709.45
21:07:50,server_2,423.79,365.22
21:07:50,server_1,934.13,781.58
21:07:50,server_9,539.2,422.16
21:07:55,server_13,673.17,846.45
21:07:55,server_14,195.28,232.24
21:07:55,server_16,994.55,929.24
21:07:55,server_12,600.97,332.51
21:07:55,server_18,942.97,766.7
21:07:55,server_19,852.79,897.67
21:07:55,server_20,209.37,203.21
21:07:55,server_17,700.68,787.52
21:07:55,server_11,953.33,510.34
21:07:55,server_15,1666.63,1471.85
21:07:55,server_9,253.33,371.71
21:07:55,server_1,888.8,446.43
21:07:55,server_2,2889.7,2407.79
21:07:55,server_3,647.78,726.83
21:07:55,server_4,694.92,832.62
21:07:55,server_10,625.17,679.17
21:07:55,server_6,659.62,685.39
21:07:55,server_7,886.31,535.04
21:07:55,server_8,4640.85,4493.0
21:07:55,server_5,980.64,1209.7
21:08:00,server_20,4738.9,4503.76
21:08:00,server_19,925.98,721.93
21:08:00,server_18,98.77,139.74
21:08:00,server_17,3041.99,3212.12
21:08:00,server_16,918.99,1023.85
21:08:00,server_15,657.8,585.21
21:08:00,server_14,105.08,96.91
21:08:00,server_12,161.51,203.48
21:08:00,server_11,337.83,464.3
21:08:00,server_13,18939.67,19610.56
21:08:00,server_9,548.47,616.8
21:08:00,server_8,137.27,152.64
21:08:00,server_7,29.87,33.9
21:08:00,server_6,576.61,580.8
21:08:00,server_5,11633.81,13102.54
21:08:00,server_4,404.73,499.9
21:08:00,server_3,18.28,11.64
21:08:00,server_2,332.57,307.94
21:08:00,server_10,145.59,149.01
21:08:00,server_1,194.76,157.23
21:08:05,server_13,341.85,504.1
21:08:05,server_14,259.26,317.49
21:08:05,server_15,628.21,434.23
21:08:05,server_16,671.57,614.21
21:08:05,server_20,2272.74,2196.79
21:08:05,server_18,19550.99,17823.02
21:08:05,server_19,927.52,1200.09
21:08:05,server_12,634.74,710.32
21:08:05,server_17,18.17,19.34
21:08:05,server_11,994.79,932.47
21:08:05,server_3,4736.46,4022.02
21:08:05,server_9,93.48,49.03
21:08:05,server_8,2791.06,2622.92
21:08:05,server_7,1790.78,2020.18
21:08:05,server_6,25.38,28.68
21:08:05,server_5,2018.78,2162.21
21:08:05,server_4,580.92,829.53
21:08:05,server_2,14602.08,17344.49
21:08:05,server_1,364.5,216.64
21:08:05,server_10,3206.9,3408.82
21:08:10,server_15,1015.68,822.33
21:08:10,server_14,671.11,806.21
21:08:10,server_16,9877.11,8091.67
21:08:10,server_13,539.16,531.19
21:08:10,server_18,59.36,67.31
21:08:10,server_19,25.23,32.94
21:08:10,server_20,327.5,303.32
21:08:10,server_12,259.1,369.95
21:08:10,server_17,82.29,118.54
21:08:10,server_11,490.86,282.29
21:08:10,server_10,60.85,77.11
21:08:10,server_9,1010.97,1103.83
21:08:10,server_2,3748.03,3721.17
21:08:10,server_3,31.86,46.1
21:08:10,server_4,373.38,218.61
21:08:10,server_1,844.17,1094.98
21:08:10,server_6,74.11,59.6
21:08:10,server_7,346.77,459.09
21:08:10,server_8,82.1,85.14
21:08:10,server_5,37.04,50.08
21:08:15,server_12,638.67,945.64
21:08:15,server_20,816.87,1093.26
21:08:15,server_19,932.59,495.97
21:08:15,server_18,11414.09,12440.71
21:08:15,server_16,0.0,0.0
21:08:15,server_15,928.22,998.86
21:08:15,server_14,170.99,203.86
21:08:15,server_13,17894.87,16053.34
21:08:15,server_11,353.32,415.21
21:08:15,server_17,2790.79,2600.41
21:08:15,server_9,302.32,188.45
21:08:15,server_10,300.52,339.61
21:08:15,server_2,856.92,1062.49
21:08:15,server_3,697.08,401.52
21:08:15,server_4,1036.3,840.81
21:08:15,server_1,2113.2,2381.86
21:08:15,server_6,619.82,521.39
21:08:15,server_7,367.76,452.4
21:08:15,server_8,100.35,97.66
21:08:15,server_5,31.29,20.39
21:08:20,server_20,982.34,1465.5
21:08:20,server_12,9232.2,9176.56
21:08:20,server_19,919.01,1175.8
21:08:20,server_18,628.25,811.65
21:08:20,server_17,244.29,253.74
21:08:20,server_16,18570.38,22173.58
21:08:20,server_15,292.68,167.62
21:08:20,server_14,128.52,126.87
21:08:20,server_13,407.98,390.37
21:08:20,server_11,2639.55,2535.68
21:08:20,server_7,666.15,357.97
21:08:20,server_9,529.06,729.14
21:08:20,server_8,253.72,306.51
21:08:20,server_6,67.19,65.47
21:08:20,server_5,696.02,847.92
21:08:20,server_4,439.65,453.2
21:08:20,server_3,59.35,54.01
21:08:20,server_2,1442.9,1417.47
21:08:20,server_1,1017.76,767.85
21:08:20,server_10,1018.71,959.87
21:08:25,server_15,565.1,536.43
21:08:25,server_14,365.96,418.32
21:08:25,server_16,141.52,79.59
21:08:25,server_13,149.68,114.27
21:08:25,server_18,2138.99,2386.61
21:08:25,server_19,516.03,359.48
21:08:25,server_20,4986.7,4767.29
21:08:25,server_12,99.12,87.99
21:08:25,server_17,936.27,636.18
21:08:25,server_11,3.36,2.97
21:08:25,server_3,0.0,0.0
21:08:25,server_9,1049.44,1144.12
21:08:25,server_8,259.14,233.28
21:08:25,server_7,350.22,423.23
21:08:25,server_6,490.11,567.94
21:08:25,server_5,137.38,124.4
21:08:25,server_4,441.9,446.07
21:08:25,server_10,3813.83,4303.85
21:08:25,server_2,406.39,514.69
21:08:25,server_1,878.48,1008.96
21:08:30,server_13,17.54,19.66
21:08:30,server_14,543.61,497.98
21:08:30,server_15,559.29,710.77
21:08:30,server_16,1139.38,1224.9
21:08:30,server_20,3560.43,3681.7
21:08:30,server_18,2662.23,2769.77
21:08:30,server_19,325.33,446.19
21:08:30,server_12,297.49,223.28
21:08:30,server_17,168.58,92.37
21:08:30,server_11,23.46,18.91
21:08:30,server_10,871.21,990.16
21:08:30,server_9,216.06,199.11
21:08:30,server_2,312.37,347.4
21:08:30,server_3,177.3,245.71
21:08:30,server_4,1884.79,2101.1
21:08:30,server_1,156.54,139.3
21:08:30,server_6,1041.87,1022.14
21:08:30,server_7,247.33,299.41
21:08:30,server_8,295.58,422.36
21:08:30,server_5,3847.96,3346.02
21:08:35,server_12,327.2,182.37
21:08:35,server_19,378.3,461.19
21:08:35,server_18,131.04,128.19
21:08:35,server_17,981.36,692.56
21:08:35,server_16,111.12,90.45
21:08:35,server_15,1033.33,1164.17
21:08:35,server_14,905.67,1219.68
21:08:35,server_13,327.6,239.38
21:08:35,server_11,1217.33,1369.98
21:08:35,server_20,828.41,818.64
21:08:35,server_9,428.57,306.47
21:08:35,server_1,481.92,300.61
21:08:35,server_2,636.16,900.48
21:08:35,server_3,11918.76,11531.71
21:08:35,server_4,163.8,212.93
21:08:35,server_10,0.0,0.0
21:08:35,server_6,14446.22,12369.21
21:08:35,server_7,11049.74,10125.27
21:08:35,server_8,13285.69,13834.39
21:08:35,server_5,935.29,1376.33
21:08:40,server_12,460.26,494.52
21:08:40,server_19,19441.39,17128.64
21:08:40,server_18,4794.11,4141.47
21:08:40,server_17,23.4,20.88
21:08:40,server_16,134.97,76.56
21:08:40,server_15,675.8,594.65
21:08:40,server_14,218.48,194.15
21:08:40,server_13,900.81,1330.6
21:08:40,server_11,576.9,373.7
21:08:40,server_20,971.68,642.02
21:08:40,server_9,1299.46,1418.82
21:08:40,server_1,320.61,350.3
21:08:40,server_2,411.35,524.98
21:08:40,server_3,82.34,80.99
21:08:40,server_4,490.75,446.91
21:08:40,server_10,260.73,296.51
21:08:40,server_6,123.45,151.39
21:08:40,server_7,555.21,473.34
21:08:40,server_8,609.38,450.95
21:08:40,server_5,939.11,1073.76
21:08:45,server_11,934.57,1246.98
21:08:45,server_19,533.89,679.06
21:08:45,server_18,140.26,88.88
21:08:45,server_17,9954.92,9579.03
21:08:45,server_16,478.79,608.94
21:08:45,server_15,578.78,311.08
21:08:45,server_14,301.0,428.51
21:08:45,server_13,313.87,243.18
21:08:45,server_12,612.9,333.93
21:08:45,server_20,19496.51,23283.11
21:08:45,server_10,4964.86,5166.33
21:08:45,server_8,574.64,641.67
21:08:45,server_7,370.71,518.42
21:08:45,server_6,454.11,375.27
21:08:45,server_5,4906.99,4861.63
21:08:45,server_4,523.11,573.87
21:08:45,server_3,505.59,307.81
21:08:45,server_2,829.35,1206.02
21:08:45,server_1,473.57,449.11
21:08:45,server_9,120.09,67.0
21:08:50,server_14,15930.8,13803.23
21:08:50,server_15,507.85,338.31
21:08:50,server_16,97.17,128.72
21:08:50,server_12,67.27,74.56
21:08:50,server_18,343.14,495.48
21:08:50,server_19,14584.06,15471.03
21:08:50,server_20,1045.52,1366.04
21:08:50,server_17,412.96,362.77
21:08:50,server_11,7387.86,7342.26
21:08:50,server_13,1991.02,2133.02
21:08:50,server_9,4909.38,4521.96
21:08:50,server_10,520.23,732.08
21:08:50,server_2,9.62,13.22
21:08:50,server_3,6848.42,6920.21
21:08:50,server_4,232.03,235.84
21:08:50,server_1,18493.18,17747.28
21:08:50,server_6,350.09,309.89
21:08:50,server_7,340.57,395.38
21:08:50,server_8,279.92,334.05
21:08:50,server_5,559.34,347.29
21:08:55,server_20,7236.35,8458.65
21:08:55,server_19,121.17,101.78
21:08:55,server_18,762.67,463.31
21:08:55,server_12,177.5,196.3
21:08:55,server_17,574.94,563.01
21:08:55,server_16,178.79,162.87
21:08:55,server_15,697.35,997.84
21:08:55,server_14,96.33,72.85
21:08:55,server_13,12234.8,14066.37
21:08:55,server_11,338.58,193.01
21:08:55,server_3,420.18,511.81
21:08:55,server_9,957.5,550.3
21:08:55,server_1,1034.55,1536.71
21:08:55,server_2,874.38,619.71
21:08:55,server_4,127.64,145.17
21:08:55,server_10,8127.68,7597.24
21:08:55,server_6,319.33,328.81
21:08:55,server_7,63.61,70.98
21:08:55,server_8,112.04,105.05
21:08:55,server_5,101.74,149.86
21:09:00,server_20,1060.16,672.86
21:09:00,server_19,206.54,199.96
21:09:00,server_18,205.32,145.82
21:09:00,server_17,19916.52,21631.79
21:09:00,server_16,450.34,294.96
21:09:00,server_15,468.72,497.7
21:09:00,server_14,902.57,983.4
21:09:00,server_12,14482.46,12346.74
21:09:00,server_11,41.53,48.85
21:09:00,server_13,395.03,403.76
21:09:00,server_9,3710.68,4212.02
21:09:00,server_10,268.65,295.01
21:09:00,server_2,665.59,823.84
21:09:00,server_3,307.26,358.84
21:09:00,server_4,649.71,585.84
21:09:00,server_1,89.6,107.09
21:09:00,server_6,178.14,237.73
21:09:00,server_7,523.81,289.35
21:09:00,server_8,566.4,297.3
21:09:00,server_5,14682.23,15925.46
21:09:05,server_12,372.26,429.35
21:09:05,server_20,137.23,104.88
21:09:05,server_19,172.93,89.77
21:09:05,server_18,4131.81,4724.15
21:09:05,server_17,367.99,348.54
21:09:05,server_16,586.55,503.11
21:09:05,server_15,846.58,465.08
21:09:05,server_14,800.42,430.11
21:09:05,server_13,271.13,191.16
21:09:05,server_11,303.53,366.13
21:09:05,server_3,543.05,692.82
21:09:05,server_9,914.12,835.52
21:09:05,server_8,942.48,1106.53
21:09:05,server_7,4496.81,3616.18
21:09:05,server_6,10.31,9.45
21:09:05,server_5,429.75,415.88
21:09:05,server_4,17772.97,20973.23
21:09:05,server_2,200.03,201.3
21:09:05,server_1,3517.98,2942.38
21:09:05,server_10,1152.16,1070.52
21:09:10,server_13,957.64,507.91
21:09:10,server_14,2985.02,3163.68
21:09:10,server_15,149.16,203.51
21:09:10,server_16,831.53,1086.8
21:09:10,server_19,325.12,416.81
21:09:10,server_20,845.21,680.52
21:09:10,server_18,268.69,276.62
21:09:10,server_12,1868.29,2168.9
21:09:10,server_17,608.42,494.59
21:09:10,server_11,624.81,827.2
21:09:10,server_3,219.83,206.36
21:09:10,server_9,413.19,254.91
21:09:10,server_10,10530.82,12384.66
21:09:10,server_2,260.66,338.09
21:09:10,server_4,83.87,74.41
21:09:10,server_1,186.84,264.9
21:09:10,server_6,18444.93,15420.21
21:09:10,server_7,557.57,823.62
21:09:10,server_5,570.49,482.78
21:09:10,server_8,105.93,67.09
21:09:15,server_20,13421.25,11358.82
21:09:15,server_19,647.58,452.67
21:09:15,server_18,877.8,535.44
21:09:15,server_17,488.42,541.92
21:09:15,server_16,2.34,2.15
21:09:15,server_15,146.46,114.44
21:09:15,server_14,881.19,1128.0
21:09:15,server_12,327.73,317.15
21:09:15,server_10,9511.44,9246.9
21:09:15,server_13,957.13,760.95
21:09:15,server_8,323.7,379.96
21:09:15,server_9,500.03,420.26
21:09:15,server_1,166.3,160.78
21:09:15,server_2,981.25,932.84
21:09:15,server_3,608.63,316.64
21:09:15,server_11,712.37,894.65
21:09:15,server_5,672.74,339.99
21:09:15,server_6,602.56,392.99
21:09:15,server_7,3388.19,2937.52
21:09:15,server_4,597.35,662.4
21:09:20,server_20,291.0,380.35
21:09:20,server_19,3564.33,3154.13
21:09:20,server_18,56.13,49.2
21:09:20,server_17,283.44,165.41
21:09:20,server_16,326.98,472.01
21:09:20,server_15,282.65,354.29
21:09:20,server_14,471.94,400.75
21:09:20,server_13,2613.72,2211.07
21:09:20,server_12,166.5,183.05
21:09:20,server_11,959.23,516.19
21:09:20,server_10,32.61,37.37
21:09:20,server_8,2355.69,2757.82
21:09:20,server_7,11642.34,9379.98
21:09:20,server_6,13.23,11.17
21:09:20,server_5,8847.18,9249.64
21:09:20,server_4,149.88,95.22
21:09:20,server_3,2698.23,2893.64
21:09:20,server_2,914.2,1085.22
21:09:20,server_1,569.31,816.77
21:09:20,server_9,303.81,234.52
21:09:25,server_13,4428.29,3980.31
21:09:25,server_14,110.66,124.94
21:09:25,server_15,295.19,361.27
21:09:25,server_16,4178.86,4622.29
21:09:25,server_20,1005.33,1300.36
21:09:25,server_18,825.31,770.86
21:09:25,server_19,2946.07,2860.78
21:09:25,server_12,4678.92,4495.81
21:09:25,server_17,602.2,837.47
21:09:25,server_11,684.08,367.08
21:09:25,server_10,220.41,263.68
21:09:25,server_9,917.59,1303.61
21:09:25,server_2,228.05,233.41
21:09:25,server_3,985.42,1065.44
21:09:25,server_4,193.27,174.89
21:09:25,server_1,314.35,446.79
21:09:25,server_6,846.88,1033.12
21:09:25,server_7,273.7,282.45
21:09:25,server_8,858.32,759.57
21:09:25,server_5,406.62,265.13
21:09:30,server_12,353.73,225.73
21:09:30,server_19,8217.63,9201.57
21:09:30,server_18,19309.12,19425.04
21:09:30,server_17,60.58,41.84
21:09:30,server_16,935.84,774.03
21:09:30,server_15,337.96,466.04
21:09:30,server_14,986.89,1288.59
21:09:30,server_13,616.09,623.06
21:09:30,server_11,17667.15,20482.63
21:09:30,server_20,548.43,510.58
21:09:30,server_9,369.53,369.1
21:09:30,server_1,856.27,619.58
21:09:30,server_2,829.16,841.07
21:09:30,server_3,14115.49,14873.47
21:09:30,server_4,405.49,449.73
21:09:30,server_10,196.18,136.13
21:09:30,server_6,9574.46,9641.31
21:09:30,server_7,191.77,214.86
21:09:30,server_8,15100.2,15398.31
21:09:30,server_5,793.2,876.37
21:09:35,server_12,468.3,701.02
21:09:35,server_19,975.08,1372.46
21:09:35,server_18,400.19,314.26
21:09:35,server_17,903.47,1159.5
21:09:35,server_16,436.37,357.52
21:09:35,server_15,1228.51,1400.69
21:09:35,server_14,138.9,200.4
21:09:35,server_13,2865.1,2667.38
21:09:35,server_11,502.31,427.45
21:09:35,server_20,3169.21,3580.77
21:09:35,server_9,8751.08,10067.71
21:09:35,server_1,21.08,24.17
21:09:35,server_2,792.97,784.1
21:09:35,server_3,158.03,205.69
21:09:35,server_4,22.29,33.24
21:09:35,server_10,644.43,934.21
21:09:35,server_6,702.81,816.0
21:09:35,server_7,957.61,480.27
21:09:35,server_8,610.36,755.96
21:09:35,server_5,970.43,1314.33
21:09:40,server_11,349.73,410.61
21:09:40,server_19,989.26,992.82
21:09:40,server_18,619.58,374.23
21:09:40,server_17,919.4,1016.25
21:09:40,server_16,748.96,461.89
21:09:40,server_15,5231.76,4903.89
21:09:40,server_14,1067.93,1595.83
21:09:40,server_13,219.64,308.16
21:09:40,server_12,341.94,385.46
21:09:40,server_20,70.25,44.56
21:09:40,server_10,858.97,1137.8
21:09:40,server_8,161.24,80.92
21:09:40,server_7,393.1,576.05
21:09:40,server_6,516.58,285.13
21:09:40,server_5,321.25,218.56
21:09:40,server_4,954.49,604.2
21:09:40,server_3,3855.49,3859.12
21:09:40,server_2,352.32,501.95
21:09:40,server_1,852.4,957.58
21:09:40,server_9,165.62,192.87
21:09:45,server_13,12302.96,13746.75
21:09:45,server_14,981.56,584.53
21:09:45,server_15,678.84,719.95
21:09:45,server_12,261.12,352.22
21:09:45,server_17,891.56,574.21
21:09:45,server_18,1041.33,1140.4
21:09:45,server_19,305.67,380.97
21:09:45,server_16,491.97,400.33
21:09:45,server_11,922.23,922.25
21:09:45,server_20,380.94,492.65
21:09:45,server_9,302.76,348.89
21:09:45,server_8,14021.83,11879.32
21:09:45,server_7,1042.95,895.5
21:09:45,server_6,276.86,307.81
21:09:45,server_5,2607.72,2373.82
21:09:45,server_4,914.3,747.94
21:09:45,server_3,593.39,393.16
21:09:45,server_2,179.39,195.43
21:09:45,server_1,967.58,632.6
21:09:45,server_10,6155.1,7149.26
21:09:50,server_13,84.8,68.04
21:09:50,server_14,189.54,167.28
21:09:50,server_15,376.87,487.51
21:09:50,server_16,942.9,643.93
21:09:50,server_20,2465.11,2568.18
21:09:50,server_12,15951.71,12944.12
21:09:50,server_18,155.45,218.18
21:09:50,server_19,660.0,831.21
21:09:50,server_17,818.45,849.67
21:09:50,server_11,324.2,275.39
21:09:50,server_3,63.12,68.33
21:09:50,server_9,228.25,211.81
21:09:50,server_1,422.41,467.75
21:09:50,server_2,893.27,1080.36
21:09:50,server_4,91.75,109.24
21:09:50,server_10,776.68,939.56
21:09:50,server_6,593.42,601.37
21:09:50,server_7,513.14,283.72
21:09:50,server_8,410.5,251.2
21:09:50,server_5,46.58,68.4
21:09:55,server_12,23.75,26.41
21:09:55,server_19,547.49,591.15
21:09:55,server_18,11647.29,11555.85
21:09:55,server_17,4816.47,4969.1
21:09:55,server_16,900.76,1231.21
21:09:55,server_15,211.94,272.34
21:09:55,server_14,966.06,1155.21
21:09:55,server_13,2988.59,3012.3
21:09:55,server_11,8.96,11.97
21:09:55,server_20,382.9,269.1
21:09:55,server_9,349.97,190.37
21:09:55,server_1,3306.95,3704.3
21:09:55,server_2,320.29,440.72
21:09:55,server_3,195.69,254.18
21:09:55,server_4,1024.13,632.48
21:09:55,server_10,248.97,276.12
21:09:55,server_6,809.64,896.69
21:09:55,server_7,78.04,47.9
21:09:55,server_8,89.53,107.36
21:09:55,server_5,843.58,1198.66
21:10:00,server_11,655.0,690.64
21:10:00,server_19,563.04,413.33
21:10:00,server_18,10839.9,9327.37
21:10:00,server_17,689.43,733.54
21:10:00,server_16,75.96,95.02
21:10:00,server_15,870.7,1169.75
21:10:00,server_14,922.46,547.67
21:10:00,server_13,3185.81,3093.03
21:10:00,server_12,1014.76,973.04
21:10:00,server_20,1788.68,2013.7
21:10:00,server_10,19738.82,22587.08
21:10:00,server_8,116.01,66.0
21:10:00,server_7,617.03,844.7
21:10:00,server_6,860.51,593.55
21:10:00,server_5,10225.02,11239.74
21:10:00,server_4,4224.73,4320.26
21:10:00,server_3,267.63,187.01
21:10:00,server_2,831.49,749.74
21:10:00,server_1,13782.71,15014.98
21:10:00,server_9,1479.8,1589.52
21:10:05,server_14,418.16,326.97
21:10:05,server_15,173.99,125.68
21:10:05,server_16,91.16,55.33
21:10:05,server_13,311.85,184.93
21:10:05,server_18,173.95,168.76
21:10:05,server_19,4050.06,3881.43
21:10:05,server_20,535.59,672.77
21:10:05,server_17,474.53,430.71
21:10:05,server_12,135.34,108.62
21:10:05,server_11,107.08,149.65
21:10:05,server_1,631.25,653.87
21:10:05,server_9,508.02,528.69
21:10:05,server_8,603.82,834.8
21:10:05,server_7,567.93,713.41
21:10:05,server_6,19129.58,21863.58
21:10:05,server_5,104.05,135.91
21:10:05,server_4,239.85,269.57
21:10:05,server_3,195.83,189.26
21:10:05,server_2,18571.84,19595.0
21:10:05,server_10,971.19,792.11
21:10:10,server_13,816.77,1083.63
21:10:10,server_14,880.22,616.7
21:10:10,server_15,384.84,504.79
21:10:10,server_20,13769.15,13197.16
21:10:10,server_18,280.83,335.76
21:10:10,server_19,902.43,607.55
21:10:10,server_12,18506.83,19547.53
21:10:10,server_16,610.9,549.78
21:10:10,server_11,881.26,1154.7
21:10:10,server_17,433.71,406.69
21:10:10,server_9,581.32,739.25
21:10:10,server_10,273.89,291.79
21:10:10,server_2,905.78,866.05
21:10:10,server_3,187.22,144.03
21:10:10,server_4,0.0,0.0
21:10:10,server_1,2375.73,2525.68
21:10:10,server_6,833.74,1188.74
21:10:10,server_7,464.89,635.62
21:10:10,server_8,342.57,480.69
21:10:10,server_5,246.99,305.02
21:10:15,server_20,700.9,691.97
21:10:15,server_12,303.19,440.18
21:10:15,server_19,826.1,937.82
21:10:15,server_18,1028.01,547.38
21:10:15,server_17,412.41,246.78
21:10:15,server_16,532.53,305.2
21:10:15,server_15,1741.67,1463.04
21:10:15,server_14,837.5,659.68
21:10:15,server_13,618.83,406.99
21:10:15,server_11,275.64,274.6
21:10:15,server_7,170.4,241.23
21:10:15,server_9,623.26,856.71
21:10:15,server_8,370.66,514.63
21:10:15,server_6,12332.21,12855.07
21:10:15,server_5,132.52,79.25
21:10:15,server_4,47.15,66.48
21:10:15,server_3,419.55,411.2
21:10:15,server_2,1593.16,1631.16
21:10:15,server_1,718.17,924.59
21:10:15,server_10,588.91,768.47
21:10:20,server_15,409.25,578.64
21:10:20,server_13,267.66,332.85
21:10:20,server_14,710.82,1016.6
21:10:20,server_16,4633.66,4479.84
21:10:20,server_12,859.07,918.95
21:10:20,server_18,560.59,608.07
21:10:20,server_19,285.28,420.66
21:10:20,server_20,5643.44,5053.27
21:10:20,server_17,150.86,146.7
21:10:20,server_11,483.26,315.6
21:10:20,server_1,644.57,923.61
21:10:20,server_9,552.07,443.9
21:10:20,server_2,406.75,384.84
21:10:20,server_3,876.72,816.91
21:10:20,server_4,647.29,615.85
21:10:20,server_10,17726.97,17922.81
21:10:20,server_6,646.52,515.71
21:10:20,server_7,501.25,494.94
21:10:20,server_8,410.54,564.38
21:10:20,server_5,5951.93,5810.54
21:10:25,server_13,495.18,296.69
21:10:25,server_20,4392.93,4129.8
21:10:25,server_19,4696.86,3783.48
21:10:25,server_18,972.4,578.41
21:10:25,server_17,856.09,1113.64
21:10:25,server_16,114.87,128.44
21:10:25,server_15,550.9,778.66
21:10:25,server_14,866.04,885.07
21:10:25,server_12,4805.92,4248.3
21:10:25,server_11,877.79,802.72
21:10:25,server_1,438.99,613.32
21:10:25,server_9,3785.01,3409.22
21:10:25,server_8,3577.92,3421.77
21:10:25,server_7,611.59,656.05
21:10:25,server_6,851.16,1101.91
21:10:25,server_5,793.29,625.21
21:10:25,server_4,900.54,1305.08
21:10:25,server_3,946.4,947.49
21:10:25,server_2,258.29,368.15
21:10:25,server_10,570.26,464.98
21:10:30,server_13,306.69,338.62
21:10:30,server_14,581.82,804.56
21:10:30,server_15,495.24,648.11
21:10:30,server_16,154.15,161.48
21:10:30,server_12,456.93,353.71
21:10:30,server_18,28.02,27.06
21:10:30,server_19,556.76,362.55
21:10:30,server_20,332.62,429.79
21:10:30,server_17,337.18,398.84
21:10:30,server_11,340.63,288.58
21:10:30,server_1,967.63,828.73
21:10:30,server_9,5916.03,5288.23
21:10:30,server_8,923.82,819.56
21:10:30,server_7,5231.72,4268.29
21:10:30,server_6,3868.31,3780.29
21:10:30,server_5,461.06,488.5
21:10:30,server_4,579.86,630.88
21:10:30,server_3,1060.53,1034.88
21:10:30,server_2,439.81,588.35
21:10:30,server_10,754.23,663.01
21:10:35,server_13,184.96,186.05
21:10:35,server_14,880.28,842.8
21:10:35,server_15,912.18,1139.83
21:10:35,server_16,3515.88,3028.08
21:10:35,server_20,572.68,363.11
21:10:35,server_18,859.72,1161.66
21:10:35,server_19,95.27,119.94
21:10:35,server_12,566.54,689.73
21:10:35,server_17,448.08,507.25
21:10:35,server_11,283.31,324.79
21:10:35,server_1,126.36,140.5
21:10:35,server_9,668.37,806.41
21:10:35,server_2,249.96,204.9
21:10:35,server_3,553.02,443.58
21:10:35,server_4,953.36,1331.3
21:10:35,server_10,363.21,251.13
21:10:35,server_6,3113.33,3414.52
21:10:35,server_7,841.75,1026.32
21:10:35,server_8,2147.02,2170.11
21:10:35,server_5,133.21,115.63
21:10:40,server_12,218.82,250.87
21:10:40,server_19,11048.76,9401.67
21:10:40,server_18,76.22,77.25
21:10:40,server_17,420.03,444.66
21:10:40,server_16,251.14,264.0
21:10:40,server_15,493.34,414.64
21:10:40,server_14,94.27,71.28
21:10:40,server_13,313.52,217.28
21:10:40,server_20,413.88,381.56
21:10:40,server_11,140.7,175.25
21:10:40,server_9,5114.53,5902.14
21:10:40,server_8,162.13,116.63
21:10:40,server_7,610.39,826.46
21:10:40,server_6,1035.49,843.4
21:10:40,server_5,2493.56,2715.29
21:10:40,server_4,579.22,372.73
21:10:40,server_3,96.01,79.91
21:10:40,server_2,891.01,777.62
21:10:40,server_1,166.81,94.0
21:10:40,server_10,593.78,378.46
21:10:45,server_13,1233.51,1457.37
21:10:45,server_20,933.89,1317.91
21:10:45,server_14,552.28,802.64
21:10:45,server_15,754.88,883.69
21:10:45,server_12,960.59,1272.85
21:10:45,server_17,80.39,87.87
21:10:45,server_18,581.19,654.28
21:10:45,server_19,3593.67,4069.31
21:10:45,server_16,689.32,457.59
21:10:45,server_11,457.29,392.23
21:10:45,server_7,18998.96,16833.53
21:10:45,server_9,98.62,69.14
21:10:45,server_8,108.71,103.78
21:10:45,server_6,979.24,622.88
21:10:45,server_5,206.59,136.76
21:10:45,server_4,421.82,419.78
21:10:45,server_3,386.13,451.15
21:10:45,server_2,7514.6,7447.98
21:10:45,server_1,401.46,530.93
21:10:45,server_10,232.03,261.28
21:10:50,server_13,1345.1,1306.94
21:10:50,server_14,16213.14,18543.21
21:10:50,server_15,836.73,620.36
21:10:50,server_16,841.63,473.42
21:10:50,server_20,930.35,1212.3
21:10:50,server_18,992.72,874.8
21:10:50,server_19,595.46,401.35
21:10:50,server_12,3685.34,3137.96
21:10:50,server_17,574.2,710.19
21:10:50,server_11,291.22,153.64
21:10:50,server_10,58.4,64.79
21:10:50,server_9,707.88,999.27
21:10:50,server_2,800.62,597.29
21:10:50,server_3,555.27,419.77
21:10:50,server_4,342.03,469.36
21:10:50,server_1,178.37,227.42
21:10:50,server_6,948.09,519.59
21:10:50,server_7,601.4,346.13
21:10:50,server_8,551.68,523.38
21:10:50,server_5,4613.01,5199.45
21:10:55,server_12,542.46,571.0
21:10:55,server_19,865.85,869.51
21:10:55,server_18,882.45,541.38
21:10:55,server_17,353.52,304.44
21:10:55,server_16,925.61,1104.72
21:10:55,server_15,3789.17,3210.12
21:10:55,server_14,948.01,1405.14
21:10:55,server_13,269.63,230.49
21:10:55,server_11,157.95,217.69
21:10:55,server_20,257.03,372.39
21:10:55,server_9,3970.76,3569.27
21:10:55,server_1,640.25,854.24
21:10:55,server_2,4545.97,4632.58
21:10:55,server_3,17807.21,20371.99
21:10:55,server_4,99.8,129.92
21:10:55,server_10,917.66,809.71
21:10:55,server_6,7662.47,6425.01
21:10:55,server_7,514.33,402.64
21:10:55,server_8,945.74,1268.0
21:10:55,server_5,236.95,237.57
21:11:00,server_12,2829.66,3212.44
21:11:00,server_19,9502.44,10138.02
21:11:00,server_18,420.04,317.45
21:11:00,server_17,670.23,967.28
21:11:00,server_16,878.69,617.23
21:11:00,server_15,492.5,732.28
21:11:00,server_14,346.74,213.73
21:11:00,server_13,129.23,69.46
21:11:00,server_11,333.48,480.75
21:11:00,server_20,13958.51,14672.09
21:11:00,server_9,832.82,739.27
21:11:00,server_1,2328.8,2759.08
21:11:00,server_2,14314.11,13445.28
21:11:00,server_3,947.13,968.61
21:11:00,server_4,1022.66,1495.78
21:11:00,server_10,168.57,128.35
21:11:00,server_6,207.68,142.75
21:11:00,server_7,637.2,651.01
21:11:00,server_8,104.19,144.44
21:11:00,server_5,44.01,41.68
21:11:05,server_11,503.72,388.69
21:11:05,server_19,884.59,990.67
21:11:05,server_18,182.38,200.69
21:11:05,server_17,849.76,1240.85
21:11:05,server_16,318.6,264.09
21:11:05,server_15,76.88,99.34
21:11:05,server_14,3338.25,4005.83
21:11:05,server_13,144.44,161.56
21:11:05,server_12,421.56,252.11
21:11:05,server_20,336.94,396.2
21:11:05,server_10,957.51,785.92
21:11:05,server_8,502.15,404.25
21:11:05,server_7,4.82,2.69
21:11:05,server_6,3552.77,3974.49
21:11:05,server_5,841.44,922.5
21:11:05,server_4,429.45,625.88
21:11:05,server_3,636.88,598.01
21:11:05,server_2,258.82,348.76
21:11:05,server_1,474.0,446.65
21:11:05,server_9,313.51,430.27
21:11:10,server_13,790.53,781.58
21:11:10,server_14,162.68,243.91
21:11:10,server_15,19451.94,20828.48
21:11:10,server_12,574.82,489.93
21:11:10,server_20,166.37,138.85
21:11:10,server_18,54.59,36.62
21:11:10,server_19,907.84,1212.63
21:11:10,server_16,81.6,65.16
21:11:10,server_11,740.95,439.13
21:11:10,server_17,5176.99,5782.67
21:11:10,server_9,457.32,623.04
21:11:10,server_1,19762.27,20703.65
21:11:10,server_2,3683.58,3058.13
21:11:10,server_3,972.36,1357.66
21:11:10,server_4,6642.8,7148.61
21:11:10,server_10,886.04,883.69
21:11:10,server_6,353.01,464.52
21:11:10,server_7,268.95,385.79
21:11:10,server_8,193.19,260.07
21:11:10,server_5,16480.3,19428.48
21:11:15,server_12,895.74,854.14
21:11:15,server_19,178.49,114.02
21:11:15,server_18,6948.71,5807.96
21:11:15,server_17,759.58,476.42
21:11:15,server_16,455.6,389.09
21:11:15,server_15,391.83,567.93
21:11:15,server_14,350.47,428.14
21:11:15,server_13,1000.09,689.24
21:11:15,server_11,3102.73,2946.42
21:11:15,server_20,780.42,594.88
21:11:15,server_9,80.91,52.05
21:11:15,server_1,315.32,220.85
21:11:15,server_2,665.19,994.24
21:11:15,server_3,18975.19,20091.08
21:11:15,server_4,121.77,171.04
21:11:15,server_10,416.63,522.87
21:11:15,server_6,210.74,215.85
21:11:15,server_7,332.81,433.68
21:11:15,server_8,455.28,381.13
21:11:15,server_5,13949.18,11610.92
21:11:20,server_11,10956.2,9119.19
21:11:20,server_19,3.01,4.05
21:11:20,server_18,198.19,242.88
21:11:20,server_17,179.81,147.28
21:11:20,server_16,597.54,675.15
21:11:20,server_15,208.14,233.27
21:11:20,server_14,997.51,1436.75
21:11:20,server_13,9609.18,9865.81
21:11:20,server_12,444.98,656.78
21:11:20,server_20,954.44,1416.58
21:11:20,server_10,432.14,350.36
21:11:20,server_8,947.14,976.43
21:11:20,server_7,610.56,422.86
21:11:20,server_6,1175.23,1145.99
21:11:20,server_5,151.68,100.96
21:11:20,server_4,13817.75,12138.35
21:11:20,server_3,4756.7,5186.26
21:11:20,server_2,148.73,199.58
21:11:20,server_1,899.24,895.87
21:11:20,server_9,12442.61,10323.39
21:11:25,server_13,16174.35,13039.38
21:11:25,server_20,7202.68,6893.37
21:11:25,server_14,928.19,1124.29
21:11:25,server_15,599.98,342.07
21:11:25,server_19,276.23,371.54
21:11:25,server_17,4921.56,5342.15
21:11:25,server_18,10206.6,8782.12
21:11:25,server_12,13709.4,14106.57
21:11:25,server_16,412.14,552.82
21:11:25,server_11,294.36,400.04
21:11:25,server_7,98.29,68.6
21:11:25,server_9,151.25,98.35
21:11:25,server_8,3891.74,3734.35
21:11:25,server_6,833.13,900.57
21:11:25,server_5,359.44,358.16
21:11:25,server_4,1062.9,916.9
21:11:25,server_3,540.36,612.75
21:11:25,server_2,289.96,280.96
21:11:25,server_1,15893.56,15383.95
21:11:25,server_10,237.91,179.3
21:11:30,server_13,988.81,947.71
21:11:30,server_14,2327.38,2586.28
21:11:30,server_15,3280.97,2868.16
21:11:30,server_20,867.52,951.77
21:11:30,server_18,895.54,1272.81
21:11:30,server_19,420.18,280.67
21:11:30,server_12,237.49,295.79
21:11:30,server_16,3947.51,3986.33
21:11:30,server_11,747.41,778.06
21:11:30,server_17,4548.62,3653.1
21:11:30,server_9,64.2,60.33
21:11:30,server_8,193.57,107.61
21:11:30,server_7,336.29,282.42
21:11:30,server_6,14222.38,13107.96
21:11:30,server_5,912.44,1029.83
21:11:30,server_4,10987.27,11900.18
21:11:30,server_3,60.88,76.99
21:11:30,server_2,527.89,685.74
21:11:30,server_1,4860.89,4752.43
21:11:30,server_10,1201.25,1199.05
21:11:35,server_13,883.88,819.65
21:11:35,server_14,57.26,70.39
21:11:35,server_15,3832.2,3656.56
21:11:35,server_20,956.78,960.91
21:11:35,server_17,221.84,214.22
21:11:35,server_18,18307.43,21817.58
21:11:35,server_19,523.48,622.82
21:11:35,server_12,326.47,449.83
21:11:35,server_16,2918.39,3414.51
21:11:35,server_11,1550.6,1797.93
21:11:35,server_7,581.29,548.58
21:11:35,server_9,5325.48,6376.07
21:11:35,server_8,956.89,588.09
21:11:35,server_6,874.58,1175.11
21:11:35,server_5,412.39,246.88
21:11:35,server_4,653.77,956.7
21:11:35,server_3,334.25,325.42
21:11:35,server_2,1031.91,747.13
21:11:35,server_1,220.53,282.4
21:11:35,server_10,34.2,41.68
21:11:40,server_15,11562.16,10256.03
21:11:40,server_14,327.12,371.31
21:11:40,server_16,883.46,744.76
21:11:40,server_13,3565.74,3106.11
21:11:40,server_18,3484.62,3657.86
21:11:40,server_19,566.87,460.69
21:11:40,server_20,12595.29,13478.2
21:11:40,server_12,479.78,298.01
21:11:40,server_17,992.24,930.46
21:11:40,server_11,3799.44,3979.89
21:11:40,server_10,145.6,80.74
21:11:40,server_9,1382.97,1522.36
21:11:40,server_2,921.79,836.92
21:11:40,server_3,813.33,437.96
21:11:40,server_4,10565.48,8948.78
21:11:40,server_1,328.03,280.17
21:11:40,server_6,275.99,236.73
21:11:40,server_7,150.25,129.42
21:11:40,server_8,2478.2,2204.13
21:11:40,server_5,917.55,1188.88
21:11:45,server_13,4150.36,3568.6
21:11:45,server_20,235.82,181.16
21:11:45,server_19,297.53,205.68
21:11:45,server_18,405.51,241.88
21:11:45,server_17,8422.49,9253.39
21:11:45,server_16,466.65,623.18
21:11:45,server_15,893.28,1174.41
21:11:45,server_14,0.0,0.0
21:11:45,server_12,13401.32,11663.46
21:11:45,server_11,297.53,407.55
21:11:45,server_1,787.86,898.5
21:11:45,server_9,455.59,353.0
21:11:45,server_8,477.13,492.5
21:11:45,server_7,5646.06,5185.34
21:11:45,server_6,344.24,403.5
21:11:45,server_5,275.1,204.71
21:11:45,server_4,919.7,606.91
21:11:45,server_3,578.35,390.68
21:11:45,server_2,859.82,813.28
21:11:45,server_10,258.66,135.66
21:11:50,server_13,1916.56,1818.39
21:11:50,server_14,1360.7,1488.89
21:11:50,server_15,7169.41,6930.42
21:11:50,server_16,73.28,44.69
21:11:50,server_12,604.57,546.06
21:11:50,server_18,266.22,211.33
21:11:50,server_19,3772.27,3573.23
21:11:50,server_20,142.6,189.52
21:11:50,server_17,188.13,267.12
21:11:50,server_11,3855.06,3581.0
21:11:50,server_1,798.24,829.37
21:11:50,server_9,362.91,232.87
21:11:50,server_8,274.56,156.2
21:11:50,server_7,191.32,192.45
21:11:50,server_6,752.39,778.53
21:11:50,server_5,192.43,230.25
21:11:50,server_4,675.69,776.74
21:11:50,server_3,3998.89,3941.11
21:11:50,server_2,3904.44,3590.63
21:11:50,server_10,63.15,44.37
21:11:55,server_13,604.87,615.41
21:11:55,server_14,662.76,343.23
21:11:55,server_15,10320.89,9827.49
21:11:55,server_16,280.4,248.63
21:11:55,server_20,348.63,238.8
21:11:55,server_18,854.19,1212.09
21:11:55,server_19,145.16,138.12
21:11:55,server_12,81.43,58.03
21:11:55,server_17,109.95,148.54
21:11:55,server_11,940.11,1387.27
21:11:55,server_10,449.46,405.14
21:11:55,server_9,193.09,241.19
21:11:55,server_2,972.58,1226.69
21:11:55,server_3,429.76,550.51
21:11:55,server_4,894.06,759.9
21:11:55,server_1,188.59,215.57
21:11:55,server_6,267.43,214.87
21:11:55,server_7,39.67,20.07
21:11:55,server_8,194.26,260.42
21:11:55,server_5,536.84,608.84
21:12:00,server_12,417.91,295.79
21:12:00,server_19,888.21,1244.47
21:12:00,server_18,522.71,544.66
21:12:00,server_17,8572.09,7098.46
21:12:00,server_16,272.72,142.71
21:12:00,server_15,13560.68,11816.43
21:12:00,server_14,896.87,456.64
21:12:00,server_13,198.82,138.54
21:12:00,server_11,943.94,864.66
21:12:00,server_20,281.83,275.11
21:12:00,server_9,3829.06,3832.73
21:12:00,server_1,277.51,304.5
21:12:00,server_2,4698.34,4403.24
21:12:00,server_3,922.37,834.63
21:12:00,server_4,907.35,685.47
21:12:00,server_10,77.86,61.06
21:12:00,server_6,204.8,208.64
21:12:00,server_7,233.81,214.38
21:12:00,server_8,573.95,571.93
21:12:00,server_5,919.04,1287.19
21:12:05,server_11,917.92,463.23
21:12:05,server_19,367.74,463.54
21:12:05,server_18,252.44,165.54
21:12:05,server_17,973.39,495.05
21:12:05,server_16,609.64,674.18
21:12:05,server_15,4870.52,4056.67
21:12:05,server_14,466.44,426.25
21:12:05,server_13,473.14,338.56
21:12:05,server_12,1050.23,559.97
21:12:05,server_20,4137.18,4946.57
21:12:05,server_10,598.31,442.31
21:12:05,server_8,618.17,609.28
21:12:05,server_7,468.92,663.79
21:12:05,server_6,815.11,1152.79
21:12:05,server_5,3947.12,3173.27
21:12:05,server_4,437.23,340.58
21:12:05,server_3,437.59,596.33
21:12:05,server_2,610.78,653.12
21:12:05,server_1,884.06,1025.73
21:12:05,server_9,0.0,0.0
21:12:10,server_14,900.96,847.17
21:12:10,server_15,360.13,248.28
21:12:10,server_16,777.67,827.15
21:12:10,server_13,167.16,225.19
21:12:10,server_18,12.12,17.45
21:12:10,server_19,513.8,273.62
21:12:10,server_20,955.23,1405.5
21:12:10,server_17,974.92,1345.8
21:12:10,server_12,374.06,433.84
21:12:10,server_11,468.99,692.47
21:12:10,server_10,135.25,106.1
21:12:10,server_2,567.11,385.9
21:12:10,server_3,202.81,242.2
21:12:10,server_4,36.11,41.43
21:12:10,server_5,792.91,788.06
21:12:10,server_1,464.69,523.53
21:12:10,server_7,10957.48,11903.72
21:12:10,server_8,37.46,54.1
21:12:10,server_9,19925.09,19880.36
21:12:10,server_6,196.07,175.42
21:12:15,server_12,1934.1,1852.18
21:12:15,server_19,973.74,747.88
21:12:15,server_18,944.06,1091.28
21:12:15,server_17,621.92,365.04
21:12:15,server_16,19408.42,16654.53
21:12:15,server_15,18298.68,18329.38
21:12:15,server_14,428.57,234.28
21:12:15,server_13,674.28,658.18
21:12:15,server_11,436.04,295.45
21:12:15,server_20,866.27,592.25
21:12:15,server_9,226.12,184.88
21:12:15,server_1,2669.67,2500.09
21:12:15,server_2,1031.97,850.13
21:12:15,server_3,242.33,180.93
21:12:15,server_4,888.93,1250.66
21:12:15,server_10,18518.11,16141.68
21:12:15,server_6,302.4,423.91
21:12:15,server_7,453.02,485.92
21:12:15,server_8,758.56,709.44
21:12:15,server_5,8372.95,9993.49
21:12:20,server_11,678.1,663.04
21:12:20,server_19,813.82,975.34
21:12:20,server_18,781.03,966.6
21:12:20,server_17,13051.18,13942.89
21:12:20,server_16,965.48,1036.36
21:12:20,server_15,957.61,1340.28
21:12:20,server_14,4032.93,4806.85
21:12:20,server_13,7148.44,6374.84
21:12:20,server_12,9866.1,9929.22
21:12:20,server_20,813.65,1149.05
21:12:20,server_10,96.99,78.85
21:12:20,server_8,886.28,603.92
21:12:20,server_7,0.0,0.0
21:12:20,server_6,890.52,949.92
21:12:20,server_5,9030.82,8091.84
21:12:20,server_4,18158.35,16237.64
21:12:20,server_3,3049.02,3284.16
21:12:20,server_2,248.64,297.44
21:12:20,server_1,211.36,302.9
21:12:20,server_9,917.64,1316.17
21:12:25,server_13,868.08,850.69
21:12:25,server_14,970.84,934.65
21:12:25,server_15,573.77,576.19
21:12:25,server_16,18918.17,21892.39
21:12:25,server_20,118.24,106.95
21:12:25,server_18,277.61,142.44
21:12:25,server_19,165.12,142.83
21:12:25,server_12,1032.87,828.54
21:12:25,server_17,945.82,861.83
21:12:25,server_10,14545.47,16714.84
21:12:25,server_7,5029.19,5976.28
21:12:25,server_9,925.26,989.84
21:12:25,server_11,921.56,1162.43
21:12:25,server_2,6877.82,6033.59
21:12:25,server_3,491.29,434.6
21:12:25,server_4,1337.53,1095.75
21:12:25,server_1,896.15,834.06
21:12:25,server_6,453.94,289.74
21:12:25,server_8,858.15,1208.53
21:12:25,server_5,917.51,770.21
21:12:30,server_20,244.23,259.39
21:12:30,server_12,513.83,489.88
21:12:30,server_19,270.87,383.0
21:12:30,server_17,8882.27,7410.04
21:12:30,server_16,149.6,219.14
21:12:30,server_15,207.63,269.42
21:12:30,server_14,835.5,608.75
21:12:30,server_13,16099.23,16619.25
21:12:30,server_11,529.65,551.38
21:12:30,server_18,913.64,611.85
21:12:30,server_9,496.77,290.66
21:12:30,server_8,888.06,813.46
21:12:30,server_7,452.71,438.61
21:12:30,server_6,129.86,98.4
21:12:30,server_5,631.53,903.75
21:12:30,server_4,266.33,252.92
21:12:30,server_3,6834.49,6662.25
21:12:30,server_2,314.38,367.88
21:12:30,server_1,466.98,356.59
21:12:30,server_10,976.4,1002.95
21:12:35,server_13,170.87,243.14
21:12:35,server_14,912.71,1332.49
21:12:35,server_15,149.74,212.7
21:12:35,server_20,473.47,595.65
21:12:35,server_17,8.38,7.68
21:12:35,server_18,3585.6,3839.51
21:12:35,server_19,15016.24,17053.4
21:12:35,server_12,3588.02,3131.25
21:12:35,server_16,340.2,296.25
21:12:35,server_11,458.04,670.61
21:12:35,server_7,24.29,15.04
21:12:35,server_9,3340.52,2787.45
21:12:35,server_8,692.47,708.01
21:12:35,server_6,422.99,597.85
21:12:35,server_5,559.98,438.07
21:12:35,server_4,430.19,442.08
21:12:35,server_3,698.4,802.16
21:12:35,server_2,988.27,903.62
21:12:35,server_1,146.99,159.43
21:12:35,server_10,692.26,443.91
21:12:40,server_15,156.24,214.24
21:12:40,server_13,9528.78,9371.77
21:12:40,server_14,897.49,644.61
21:12:40,server_16,14650.46,14513.0
21:12:40,server_12,18926.16,16203.39
21:12:40,server_18,984.99,747.38
21:12:40,server_19,1023.49,572.61
21:12:40,server_20,2762.31,2375.18
21:12:40,server_17,635.01,321.47
21:12:40,server_11,168.97,167.31
21:12:40,server_1,193.29,142.79
21:12:40,server_9,701.31,359.22
21:12:40,server_2,518.65,496.75
21:12:40,server_3,10450.01,10996.35
21:12:40,server_4,17919.77,16742.11
21:12:40,server_10,931.1,901.79
21:12:40,server_6,475.16,494.08
21:12:40,server_7,146.4,81.51
21:12:40,server_8,463.85,252.43
21:12:40,server_5,795.37,1128.95
21:12:45,server_12,133.71,105.42
21:12:45,server_19,12368.73,10642.07
21:12:45,server_18,12565.3,13889.89
21:12:45,server_17,618.93,716.57
21:12:45,server_16,1298.1,1205.36
21:12:45,server_15,824.82,655.35
21:12:45,server_14,571.71,509.6
21:12:45,server_13,871.97,794.35
21:12:45,server_11,517.29,557.79
21:12:45,server_20,335.96,386.59
21:12:45,server_9,751.45,531.69
21:12:45,server_1,4243.77,4821.4
21:12:45,server_2,254.44,292.53
21:12:45,server_3,967.66,1138.45
21:12:45,server_4,297.11,194.88
21:12:45,server_10,331.64,286.07
21:12:45,server_6,527.53,559.95
21:12:45,server_7,207.49,215.46
21:12:45,server_8,3137.47,2570.38
21:12:45,server_5,10121.3,11629.64
21:12:50,server_11,941.74,1011.47
21:12:50,server_19,10017.91,9862.31
21:12:50,server_18,12266.57,13369.57
21:12:50,server_17,575.19,553.99
21:12:50,server_16,238.61,294.85
21:12:50,server_15,951.62,1393.45
21:12:50,server_14,831.45,1246.68
21:12:50,server_13,3554.8,3534.13
21:12:50,server_12,921.84,1207.25
21:12:50,server_20,285.51,373.37
21:12:50,server_10,1176.81,1199.15
21:12:50,server_8,3686.58,3257.97
21:12:50,server_7,351.74,193.79
21:12:50,server_6,921.25,1016.2
21:12:50,server_5,0.0,0.0
21:12:50,server_4,887.34,1297.31
21:12:50,server_3,581.72,826.19
21:12:50,server_2,484.29,247.88
21:12:50,server_1,1987.72,1811.14
21:12:50,server_9,500.33,402.15
21:12:55,server_14,252.78,250.81
21:12:55,server_15,83.21,71.04
21:12:55,server_16,612.28,580.75
21:12:55,server_13,948.94,1104.75
21:12:55,server_18,518.75,443.63
21:12:55,server_19,90.91,121.85
21:12:55,server_20,6137.27,6832.71
21:12:55,server_17,145.52,138.51
21:12:55,server_12,270.58,191.26
21:12:55,server_11,4441.58,4440.83
21:12:55,server_1,904.95,858.06
21:12:55,server_9,9.75,9.6
21:12:55,server_8,262.73,211.67
21:12:55,server_7,199.92,162.18
21:12:55,server_6,15507.44,17359.33
21:12:55,server_5,215.03,223.42
21:12:55,server_4,635.69,914.65
21:12:55,server_3,422.98,624.34
21:12:55,server_2,1046.38,665.85
21:12:55,server_10,978.06,869.86
21:13:00,server_13,418.7,327.62
21:13:00,server_14,100.33,77.04
21:13:00,server_15,160.33,126.06
21:13:00,server_20,13299.15,14617.79
21:13:00,server_18,14749.66,11897.43
21:13:00,server_19,183.59,99.65
21:13:00,server_12,296.04,375.05
21:13:00,server_16,969.78,848.35
21:13:00,server_11,4467.85,4573.24
21:13:00,server_17,526.51,717.67
21:13:00,server_9,25.35,25.99
21:13:00,server_10,2317.87,2174.86
21:13:00,server_2,11131.53,10749.62
21:13:00,server_3,6988.9,8047.54
21:13:00,server_4,652.55,692.85
21:13:00,server_1,741.55,828.79
21:13:00,server_6,847.38,1157.0
21:13:00,server_7,857.85,1168.32
21:13:00,server_8,542.48,321.9
21:13:00,server_5,30.6,22.54
21:13:05,server_20,608.38,321.49
21:13:05,server_12,128.25,87.5
21:13:05,server_19,611.71,435.96
21:13:05,server_18,281.95,418.17
21:13:05,server_17,11226.17,10571.87
21:13:05,server_16,45.39,29.85
21:13:05,server_15,3591.93,3034.6
21:13:05,server_14,625.43,415.36
21:13:05,server_13,1480.61,1706.98
21:13:05,server_11,345.09,460.16
21:13:05,server_7,3732.08,4250.53
21:13:05,server_9,14239.26,11867.63
21:13:05,server_8,169.04,130.75
21:13:05,server_6,234.49,148.07
21:13:05,server_5,520.9,739.86
21:13:05,server_4,619.87,906.54
21:13:05,server_3,822.02,588.11
21:13:05,server_2,323.09,428.94
21:13:05,server_1,885.39,1018.16
21:13:05,server_10,808.72,772.57
21:13:10,server_15,8704.5,8029.09
21:13:10,server_13,651.34,876.54
21:13:10,server_14,911.99,849.61
21:13:10,server_16,847.23,1156.16
21:13:10,server_12,1420.94,1467.81
21:13:10,server_18,83.81,84.05
21:13:10,server_19,275.4,400.67
21:13:10,server_20,223.19,182.33
21:13:10,server_17,346.05,507.8
21:13:10,server_11,593.76,501.99
21:13:10,server_1,11.8,15.16
21:13:10,server_9,2363.8,2423.29
21:13:10,server_2,13031.89,12355.25
21:13:10,server_3,587.88,756.52
21:13:10,server_4,530.07,673.59
21:13:10,server_10,576.89,591.41
21:13:10,server_6,623.11,373.16
21:13:10,server_7,11235.63,12848.74
21:13:10,server_8,705.15,801.6
21:13:10,server_5,17725.65,19753.9
21:13:15,server_13,0.0,0.0
21:13:15,server_20,581.21,444.27
21:13:15,server_19,3498.68,3591.14
21:13:15,server_18,1629.88,1506.95
21:13:15,server_17,498.23,454.63
21:13:15,server_16,24.08,30.43
21:13:15,server_15,443.26,456.8
21:13:15,server_14,126.39,152.53
21:13:15,server_12,920.03,713.16
21:13:15,server_11,732.34,535.25
21:13:15,server_1,52.42,61.6
21:13:15,server_9,956.73,653.31
21:13:15,server_8,485.76,263.02
21:13:15,server_7,906.46,1281.8
21:13:15,server_6,390.28,345.84
21:13:15,server_5,409.36,613.63
21:13:15,server_4,8528.89,8618.64
21:13:15,server_3,3090.34,3092.77
21:13:15,server_2,62.6,90.54
21:13:15,server_10,932.44,993.61
21:13:20,server_13,468.83,557.33
21:13:20,server_14,406.68,205.69
21:13:20,server_15,406.39,240.84
21:13:20,server_16,540.41,804.92
21:13:20,server_12,504.08,688.0
21:13:20,server_18,2981.75,3255.64
21:13:20,server_19,288.6,214.53
21:13:20,server_20,242.84,253.22
21:13:20,server_17,370.98,209.91
21:13:20,server_11,438.65,271.74
21:13:20,server_1,865.5,954.76
21:13:20,server_9,10.91,6.76
21:13:20,server_8,848.16,851.85
21:13:20,server_7,837.44,533.39
21:13:20,server_6,79.87,118.89
21:13:20,server_5,950.48,782.68
21:13:20,server_4,645.99,426.27
21:13:20,server_3,341.44,334.27
21:13:20,server_2,521.58,308.63
21:13:20,server_10,484.74,544.33
21:13:25,server_13,3.89,2.61
21:13:25,server_14,351.2,381.2
21:13:25,server_15,261.54,325.97
21:13:25,server_16,244.89,282.02
21:13:25,server_20,11050.68,12059.75
21:13:25,server_18,400.4,587.61
21:13:25,server_19,583.32,708.78
21:13:25,server_12,65.91,37.01
21:13:25,server_17,112.82,104.79
21:13:25,server_11,123.63,62.27
21:13:25,server_1,748.82,1085.66
21:13:25,server_9,364.41,256.41
21:13:25,server_2,148.44,112.39
21:13:25,server_3,442.61,483.7
21:13:25,server_4,544.27,339.82
21:13:25,server_10,987.27,810.7
21:13:25,server_6,779.14,1026.21
21:13:25,server_7,870.78,873.91
21:13:25,server_8,8751.38,8712.33
21:13:25,server_5,244.57,357.68
21:13:30,server_12,594.44,500.94
21:13:30,server_19,19997.03,18983.82
21:13:30,server_18,973.89,555.45
21:13:30,server_17,1043.7,1044.68
21:13:30,server_16,878.55,722.56
21:13:30,server_15,394.0,398.51
21:13:30,server_14,355.28,373.63
21:13:30,server_13,2.49,3.09
21:13:30,server_20,7237.51,7518.03
21:13:30,server_11,386.54,193.63
21:13:30,server_9,151.21,113.51
21:13:30,server_8,392.91,546.75
21:13:30,server_7,570.77,725.44
21:13:30,server_6,198.46,257.79
21:13:30,server_5,912.06,610.87
21:13:30,server_4,144.68,73.3
21:13:30,server_3,900.85,1020.95
21:13:30,server_2,228.91,260.83
21:13:30,server_1,1761.4,1905.84
21:13:30,server_10,347.59,486.28
21:13:35,server_13,835.21,455.64
21:13:35,server_14,75.08,97.94
21:13:35,server_15,5110.47,4668.16
21:13:35,server_16,106.96,102.45
21:13:35,server_12,924.47,866.55
21:13:35,server_18,916.91,627.89
21:13:35,server_19,633.8,454.85
21:13:35,server_20,27.41,27.94
21:13:35,server_17,896.95,463.59
21:13:35,server_11,2426.86,2127.32
21:13:35,server_1,138.47,205.9
21:13:35,server_9,16988.18,20331.58
21:13:35,server_2,215.41,274.44
21:13:35,server_3,350.63,483.71
21:13:35,server_4,282.29,230.44
21:13:35,server_10,541.65,271.85
21:13:35,server_6,677.18,654.08
21:13:35,server_7,281.21,269.25
21:13:35,server_8,337.61,329.3
21:13:35,server_5,412.97,301.97
21:13:40,server_20,270.43,204.4
21:13:40,server_19,367.73,204.19
21:13:40,server_18,2894.93,2594.34
21:13:40,server_17,1077.67,1186.55
21:13:40,server_16,531.7,741.41
21:13:40,server_15,196.39,105.4
21:13:40,server_14,148.11,143.05
21:13:40,server_12,554.24,520.24
21:13:40,server_11,156.7,140.97
21:13:40,server_13,522.58,643.6
21:13:40,server_9,440.08,577.11
21:13:40,server_10,6.18,3.16
21:13:40,server_2,363.88,448.06
21:13:40,server_3,773.52,779.48
21:13:40,server_4,120.23,160.18
21:13:40,server_1,239.87,309.33
21:13:40,server_6,395.97,349.68
21:13:40,server_7,718.82,985.16
21:13:40,server_8,391.68,518.68
21:13:40,server_5,553.05,285.07
21:13:45,server_12,322.72,193.86
21:13:45,server_20,889.48,857.83
21:13:45,server_19,227.03,263.49
21:13:45,server_18,290.36,429.82
21:13:45,server_17,19312.1,17824.1
21:13:45,server_16,446.3,272.12
21:13:45,server_15,19775.57,20420.23
21:13:45,server_14,756.31,779.98
21:13:45,server_13,499.93,672.11
21:13:45,server_11,6937.83,8121.04
21:13:45,server_3,260.7,311.83
21:13:45,server_9,11.8,11.11
21:13:45,server_8,416.44,222.94
21:13:45,server_7,850.7,847.32
21:13:45,server_6,895.07,726.31
21:13:45,server_5,32.86,16.83
21:13:45,server_4,3866.57,3551.67
21:13:45,server_2,4355.28,4936.33
21:13:45,server_1,4270.58,3805.18
21:13:45,server_10,101.4,98.25
21:13:50,server_13,250.22,266.83
21:13:50,server_14,1000.66,745.55
21:13:50,server_15,392.74,498.09
21:13:50,server_16,13036.71,11146.85
21:13:50,server_20,862.41,1234.62
21:13:50,server_18,992.29,1034.44
21:13:50,server_19,790.25,672.58
21:13:50,server_12,197.85,246.6
21:13:50,server_17,594.68,372.91
21:13:50,server_11,670.68,828.63
21:13:50,server_3,810.12,422.36
21:13:50,server_9,123.15,95.58
21:13:50,server_1,2412.51,2729.43
21:13:50,server_2,7294.15,6974.16
21:13:50,server_4,9951.7,11286.56
21:13:50,server_10,486.81,527.63
21:13:50,server_6,456.23,620.14
21:13:50,server_7,5088.14,4788.2
21:13:50,server_8,10171.35,11591.16
21:13:50,server_5,4950.97,4893.56
21:13:55,server_20,163.95,137.52
21:13:55,server_11,6452.64,5512.07
21:13:55,server_18,617.67,817.39
21:13:55,server_17,862.21,672.4
21:13:55,server_16,3267.42,3644.6
21:13:55,server_15,564.61,673.01
21:13:55,server_14,934.87,1007.12
21:13:55,server_13,120.55,65.63
21:13:55,server_12,992.41,603.23
21:13:55,server_19,398.56,510.81
21:13:55,server_10,471.21,395.95
21:13:55,server_8,58.28,35.36
21:13:55,server_7,8066.26,8678.75
21:13:55,server_6,155.11,145.72
21:13:55,server_5,13400.97,10870.71
21:13:55,server_4,853.95,522.86
21:13:55,server_3,577.01,676.73
21:13:55,server_2,499.93,731.96
21:13:55,server_1,776.96,1101.15
21:13:55,server_9,91.21,46.16
21:14:00,server_13,18.98,26.54
21:14:00,server_14,13515.83,12373.69
21:14:00,server_15,917.58,999.97
21:14:00,server_12,611.07,524.48
21:14:00,server_17,187.67,150.79
21:14:00,server_18,6172.87,5611.05
21:14:00,server_19,11.74,12.92
21:14:00,server_16,298.26,401.94
21:14:00,server_11,294.87,220.24
21:14:00,server_20,3068.85,3600.63
21:14:00,server_9,14113.33,11522.35
21:14:00,server_1,61.02,50.59
21:14:00,server_2,245.47,363.02
21:14:00,server_3,4147.16,3539.65
21:14:00,server_4,9358.93,8928.33
21:14:00,server_10,980.48,891.19
21:14:00,server_6,831.66,892.41
21:14:00,server_7,364.45,226.14
21:14:00,server_8,8246.61,7160.88
21:14:00,server_5,4632.76,4321.62
21:14:05,server_12,49.42,59.13
21:14:05,server_20,391.49,376.47
21:14:05,server_19,3459.08,3495.74
21:14:05,server_18,848.69,937.96
21:14:05,server_17,126.98,105.34
21:14:05,server_16,926.15,1222.09
21:14:05,server_15,335.01,368.36
21:14:05,server_14,984.81,521.42
21:14:05,server_13,467.83,240.82
21:14:05,server_11,322.61,292.69
21:14:05,server_3,18342.32,16213.44
21:14:05,server_9,189.71,228.61
21:14:05,server_8,916.15,672.75
21:14:05,server_7,843.77,762.14
21:14:05,server_6,231.37,159.64
21:14:05,server_5,379.52,506.81
21:14:05,server_4,143.81,121.71
21:14:05,server_10,158.23,200.99
21:14:05,server_2,409.98,453.39
21:14:05,server_1,957.12,1008.68
21:14:10,server_13,961.26,1037.67
21:14:10,server_14,356.68,425.61
21:14:10,server_15,12.91,12.95
21:14:10,server_16,425.81,451.16
21:14:10,server_20,923.36,1012.68
21:14:10,server_18,139.76,129.82
21:14:10,server_19,338.81,181.64
21:14:10,server_12,284.88,197.57
21:14:10,server_17,864.21,612.39
21:14:10,server_11,6306.43,5925.13
21:14:10,server_10,2301.41,2020.96
21:14:10,server_9,12890.09,13579.46
21:14:10,server_2,654.16,353.38
21:14:10,server_3,200.25,150.61
21:14:10,server_4,270.18,266.59
21:14:10,server_1,513.69,551.91
21:14:10,server_6,663.53,963.58
21:14:10,server_7,921.1,750.33
21:14:10,server_8,1921.12,2262.7
21:14:10,server_5,105.57,115.34
21:14:15,server_12,111.95,57.02
21:14:15,server_19,99.79,52.1
21:14:15,server_18,904.97,1266.9
21:14:15,server_17,84.26,67.32
21:14:15,server_16,101.4,59.6
21:14:15,server_15,818.58,798.49
21:14:15,server_14,12371.44,11294.76
21:14:15,server_13,11515.0,9891.8
21:14:15,server_11,174.14,226.67
21:14:15,server_20,221.83,328.56
21:14:15,server_9,603.72,400.4
21:14:15,server_1,17525.41,15360.52
21:14:15,server_2,100.4,62.76
21:14:15,server_3,192.35,253.99
21:14:15,server_4,242.26,279.34
21:14:15,server_10,419.81,283.96
21:14:15,server_6,148.64,154.76
21:14:15,server_7,3966.04,3769.35
21:14:15,server_8,11779.73,10271.64
21:14:15,server_5,1044.58,1217.47
21:14:20,server_19,849.06,1071.75
21:14:20,server_18,289.14,325.07
21:14:20,server_17,153.75,134.05
21:14:20,server_16,1043.52,1356.3
21:14:20,server_15,858.29,613.31
21:14:20,server_14,806.84,487.7
21:14:20,server_13,461.58,342.51
21:14:20,server_12,504.49,551.35
21:14:20,server_11,15795.02,16574.54
21:14:20,server_20,608.99,451.0
21:14:20,server_9,405.41,588.81
21:14:20,server_1,14426.8,16165.14
21:14:20,server_2,154.35,160.24
21:14:20,server_3,342.15,176.39
21:14:20,server_4,556.52,611.78
21:14:20,server_10,655.29,950.33
21:14:20,server_6,644.91,482.57
21:14:20,server_7,413.16,564.16
21:14:20,server_8,319.99,407.88
21:14:20,server_5,17938.82,18255.56
21:14:25,server_11,181.5,256.24
21:14:25,server_19,148.62,124.12
21:14:25,server_18,1063.77,1051.7
21:14:25,server_17,644.42,811.95
21:14:25,server_16,581.22,326.24
21:14:25,server_15,18056.5,19110.13
21:14:25,server_14,69.16,64.5
21:14:25,server_13,992.52,1283.68
21:14:25,server_12,513.16,406.6
21:14:25,server_20,229.93,220.47
21:14:25,server_10,2354.35,2433.66
21:14:25,server_8,114.26,167.68
21:14:25,server_9,193.98,218.78
21:14:25,server_1,14.97,17.9
21:14:25,server_2,14104.03,15196.01
21:14:25,server_3,115.21,147.77
21:14:25,server_5,12738.69,12231.47
21:14:25,server_6,4538.76,4686.85
21:14:25,server_7,35.94,49.78
21:14:25,server_4,286.7,410.48
21:14:30,server_20,829.17,1200.56
21:14:30,server_19,842.49,1184.55
21:14:30,server_18,1035.33,1488.72
21:14:30,server_17,108.87,118.78
21:14:30,server_16,713.81,417.22
21:14:30,server_15,469.91,521.84
21:14:30,server_14,354.86,189.68
21:14:30,server_13,231.78,304.38
21:14:30,server_12,14657.28,14481.22
21:14:30,server_11,252.44,295.99
21:14:30,server_9,809.41,926.77
21:14:30,server_1,15635.73,12842.2
21:14:30,server_2,428.77,414.99
21:14:30,server_3,426.86,356.22
21:14:30,server_4,771.16,578.54
21:14:30,server_10,3791.28,3553.48
21:14:30,server_6,4423.72,5210.02
21:14:30,server_7,9758.13,8941.18
21:14:30,server_8,1034.51,1318.47
21:14:30,server_5,31.09,32.37
21:14:35,server_12,204.72,205.69
21:14:35,server_20,230.06,341.73
21:14:35,server_19,637.35,764.32
21:14:35,server_18,6478.63,6050.0
21:14:35,server_17,869.52,1130.74
21:14:35,server_16,0.0,0.0
21:14:35,server_15,572.34,772.6
21:14:35,server_14,376.77,313.62
21:14:35,server_13,579.09,344.06
21:14:35,server_11,934.7,684.27
21:14:35,server_10,150.18,105.22
21:14:35,server_9,517.56,577.28
21:14:35,server_2,462.01,630.4
21:14:35,server_3,549.93,616.3
21:14:35,server_4,1040.14,575.5
21:14:35,server_1,442.81,332.43
21:14:35,server_6,7653.62,6233.06
21:14:35,server_7,37.68,43.08
21:14:35,server_8,271.43,381.59
21:14:35,server_5,13378.72,13769.17
21:14:40,server_12,962.29,1115.42
21:14:40,server_19,129.84,82.33
21:14:40,server_18,865.53,1049.42
21:14:40,server_17,312.11,279.79
21:14:40,server_16,500.78,266.86
21:14:40,server_15,945.25,1308.55
21:14:40,server_14,427.84,570.63
21:14:40,server_13,9531.04,10204.77
21:14:40,server_11,541.57,729.1
21:14:40,server_20,19712.16,23140.77
21:14:40,server_9,6264.64,5157.2
21:14:40,server_1,1383.33,1153.56
21:14:40,server_2,63.6,43.85
21:14:40,server_3,415.19,378.11
21:14:40,server_4,279.89,181.3
21:14:40,server_10,943.48,1321.17
21:14:40,server_6,15423.4,17793.99
21:14:40,server_7,846.53,1197.46
21:14:40,server_8,639.8,468.73
21:14:40,server_5,32.4,45.28
21:14:45,server_12,848.26,562.6
21:14:45,server_19,740.92,751.59
21:14:45,server_18,246.03,192.69
21:14:45,server_17,424.15,529.37
21:14:45,server_16,899.22,887.05
21:14:45,server_15,18331.12,20627.99
21:14:45,server_14,921.9,625.07
21:14:45,server_13,1633.02,1716.73
21:14:45,server_11,736.65,644.44
21:14:45,server_20,217.24,310.24
21:14:45,server_9,10667.64,10661.5
21:14:45,server_1,124.75,148.46
21:14:45,server_2,719.99,700.06
21:14:45,server_3,16933.88,14902.6
21:14:45,server_4,9452.41,10944.78
21:14:45,server_10,1034.45,1067.3
21:14:45,server_6,1017.14,852.94
21:14:45,server_7,326.45,264.52
21:14:45,server_8,873.62,678.64
21:14:45,server_5,4544.83,4882.31
21:14:50,server_11,1761.86,1808.9
21:14:50,server_19,288.76,190.81
21:14:50,server_18,633.78,660.19
21:14:50,server_17,711.19,776.72
21:14:50,server_16,406.73,313.3
21:14:50,server_15,3779.67,4440.19
21:14:50,server_14,424.79,603.0
21:14:50,server_13,15842.37,16994.86
21:14:50,server_12,4894.07,4112.69
21:14:50,server_20,225.54,134.28
21:14:50,server_10,321.19,378.81
21:14:50,server_8,4902.67,4549.29
21:14:50,server_7,4766.56,4353.22
21:14:50,server_6,985.17,671.03
21:14:50,server_5,542.39,374.99
21:14:50,server_4,14380.97,12035.24
21:14:50,server_3,2885.18,2364.34
21:14:50,server_2,546.54,655.89
21:14:50,server_1,632.87,630.9
21:14:50,server_9,19454.06,17072.85
21:14:55,server_13,17999.12,14524.5
21:14:55,server_14,687.81,1003.87
21:14:55,server_15,622.21,816.97
21:14:55,server_12,306.72,352.34
21:14:55,server_17,846.12,946.44
21:14:55,server_18,72.87,105.66
21:14:55,server_19,16486.97,18018.37
21:14:55,server_16,576.02,685.3
21:14:55,server_11,1711.13,1616.08
21:14:55,server_20,0.0,0.0
21:14:55,server_9,825.71,672.22
21:14:55,server_1,740.68,989.13
21:14:55,server_2,11762.85,9868.28
21:14:55,server_3,50.64,60.3
21:14:55,server_4,170.91,226.09
21:14:55,server_10,95.76,124.31
21:14:55,server_6,159.1,206.97
21:14:55,server_7,3100.61,3405.87
21:14:55,server_8,820.84,1117.33
21:14:55,server_5,157.88,103.79
21:15:00,server_19,1271.26,1443.36
21:15:00,server_18,505.51,558.08
21:15:00,server_17,524.81,561.37
21:15:00,server_16,77.89,103.37
21:15:00,server_15,3642.97,3726.56
21:15:00,server_14,628.59,409.85
21:15:00,server_13,139.22,156.98
21:15:00,server_12,376.47,322.18
21:15:00,server_11,37.77,26.96
21:15:00,server_20,315.13,444.06
21:15:00,server_9,815.42,411.52
21:15:00,server_1,427.78,278.6
21:15:00,server_2,144.98,173.69
21:15:00,server_3,878.33,936.24
21:15:00,server_4,1042.02,1145.45
21:15:00,server_10,5950.03,6890.65
21:15:00,server_6,395.26,411.47
21:15:00,server_7,955.58,1081.46
21:15:00,server_8,314.57,398.0
21:15:00,server_5,3263.43,3640.65
21:15:05,server_11,1.07,1.31
21:15:05,server_19,319.61,257.19
21:15:05,server_18,652.45,900.16
21:15:05,server_17,512.35,722.32
21:15:05,server_16,601.29,705.11
21:15:05,server_15,318.41,418.14
21:15:05,server_14,545.1,520.58
21:15:05,server_13,1090.59,1431.54
21:15:05,server_12,1595.03,1526.05
21:15:05,server_20,358.47,386.99
21:15:05,server_10,949.26,1043.07
21:15:05,server_8,989.63,715.72
21:15:05,server_9,56.46,66.08
21:15:05,server_1,957.1,864.67
21:15:05,server_2,143.61,209.21
21:15:05,server_3,336.57,360.01
21:15:05,server_5,11603.82,11089.55
21:15:05,server_6,262.63,157.1
21:15:05,server_7,589.41,436.3
21:15:05,server_4,639.13,861.1
21:15:10,server_20,918.64,1172.31
21:15:10,server_11,540.64,745.45
21:15:10,server_18,330.45,462.91
21:15:10,server_17,192.43,272.13
21:15:10,server_16,2474.93,2428.13
21:15:10,server_15,796.16,736.02
21:15:10,server_14,973.26,1234.5
21:15:10,server_13,484.01,481.83
21:15:10,server_12,15303.71,14060.34
21:15:10,server_19,337.49,254.32
21:15:10,server_10,918.62,540.4
21:15:10,server_8,249.96,263.15
21:15:10,server_1,1009.38,636.21
21:15:10,server_2,919.97,943.57
21:15:10,server_3,17779.44,19982.52
21:15:10,server_9,11472.52,10829.64
21:15:10,server_5,518.48,458.9
21:15:10,server_6,321.56,365.46
21:15:10,server_7,652.29,931.37
21:15:10,server_4,664.38,691.15
21:15:15,server_13,65.07,53.3
21:15:15,server_20,532.67,703.39
21:15:15,server_19,547.08,455.46
21:15:15,server_18,75.97,95.56
21:15:15,server_17,317.71,198.22
21:15:15,server_16,187.64,165.13
21:15:15,server_15,256.04,269.7
21:15:15,server_14,7210.92,6043.57
21:15:15,server_12,946.55,911.75
21:15:15,server_11,132.48,105.18
21:15:15,server_1,582.64,566.74
21:15:15,server_9,663.59,378.36
21:15:15,server_8,888.49,500.73
21:15:15,server_7,4405.79,4679.24
21:15:15,server_6,2898.49,3308.96
21:15:15,server_5,920.32,1264.27
21:15:15,server_4,499.86,582.1
21:15:15,server_3,377.89,432.06
21:15:15,server_2,1018.66,1421.1
21:15:15,server_10,166.76,175.95
21:15:20,server_13,466.37,615.54
21:15:20,server_14,855.32,877.22
21:15:20,server_15,399.44,448.23
21:15:20,server_16,2094.83,1932.8
21:15:20,server_12,454.51,297.81
21:15:20,server_18,232.62,169.03
21:15:20,server_19,13057.6,10669.61
21:15:20,server_20,153.67,208.9
21:15:20,server_17,2399.79,2631.2
21:15:20,server_11,598.9,785.56
21:15:20,server_1,114.52,148.5
21:15:20,server_9,4978.79,4508.28
21:15:20,server_8,132.88,106.86
21:15:20,server_7,268.85,286.86
21:15:20,server_6,638.18,619.08
21:15:20,server_5,507.9,336.31
21:15:20,server_4,616.48,689.91
21:15:20,server_3,195.37,125.13
21:15:20,server_2,666.86,596.0
21:15:20,server_10,293.67,177.66
21:15:25,server_12,484.72,513.86
21:15:25,server_13,1.4,1.51
21:15:25,server_14,768.49,531.98
21:15:25,server_15,4204.52,3614.3
21:15:25,server_19,4459.82,3828.36
21:15:25,server_17,460.99,540.22
21:15:25,server_18,197.72,162.16
21:15:25,server_11,525.5,674.41
21:15:25,server_16,849.44,918.43
21:15:25,server_20,104.65,103.55
21:15:25,server_10,310.17,224.66
21:15:25,server_8,93.0,48.23
21:15:25,server_1,485.12,612.94
21:15:25,server_2,5795.77,5509.59
21:15:25,server_3,855.35,1061.12
21:15:25,server_9,276.36,231.84
21:15:25,server_5,1062.26,1240.12
21:15:25,server_6,1868.75,1659.55
21:15:25,server_7,3889.16,3909.19
21:15:25,server_4,2269.08,2592.83
21:15:30,server_20,337.84,432.84
21:15:30,server_19,10267.05,10719.0
21:15:30,server_18,596.59,525.51
21:15:30,server_17,893.41,1321.48
21:15:30,server_16,465.22,406.08
21:15:30,server_15,332.68,333.01
21:15:30,server_14,837.26,640.47
21:15:30,server_12,963.94,768.75
21:15:30,server_11,604.9,307.45
21:15:30,server_13,882.9,896.25
21:15:30,server_9,175.29,108.31
21:15:30,server_10,233.57,209.26
21:15:30,server_2,286.38,367.92
21:15:30,server_3,528.49,267.69
21:15:30,server_4,63.09,45.29
21:15:30,server_1,701.36,428.17
21:15:30,server_6,345.13,200.96
21:15:30,server_7,2200.4,2560.72
21:15:30,server_8,247.31,142.11
21:15:30,server_5,407.02,572.91
21:15:35,server_12,637.32,475.51
21:15:35,server_20,18.61,19.26
21:15:35,server_19,625.99,707.83
21:15:35,server_18,221.08,124.66
21:15:35,server_17,212.32,294.62
21:15:35,server_16,45.26,34.66
21:15:35,server_15,603.68,897.86
21:15:35,server_14,904.82,889.6
21:15:35,server_13,1072.3,856.39
21:15:35,server_11,524.39,625.87
21:15:35,server_3,317.97,386.35
21:15:35,server_9,19345.76,16443.42
21:15:35,server_10,705.19,443.29
21:15:35,server_2,15451.02,17517.26
21:15:35,server_4,208.79,112.04
21:15:35,server_1,466.17,673.63
21:15:35,server_6,602.18,493.17
21:15:35,server_7,549.5,553.98
21:15:35,server_8,20.04,29.18
21:15:35,server_5,909.67,1044.22
21:15:40,server_12,495.46,642.86
21:15:40,server_20,10865.31,12839.53
21:15:40,server_19,326.64,347.33
21:15:40,server_18,561.5,680.01
21:15:40,server_17,896.96,1298.88
21:15:40,server_16,9.09,11.87
21:15:40,server_15,759.39,875.11
21:15:40,server_14,306.64,282.9
21:15:40,server_11,521.21,666.61
21:15:40,server_13,71.04,95.44
21:15:40,server_9,49.33,52.94
21:15:40,server_2,241.76,132.81
21:15:40,server_3,981.71,957.65
21:15:40,server_4,382.99,558.18
21:15:40,server_5,4184.37,3655.22
21:15:40,server_1,405.59,313.56
21:15:40,server_7,561.47,399.54
21:15:40,server_10,144.29,183.22
21:15:40,server_8,264.41,357.76
21:15:40,server_6,28.92,16.94
21:15:45,server_12,537.25,712.86
21:15:45,server_19,64.63,43.74
21:15:45,server_18,17605.58,16994.81
21:15:45,server_17,17457.13,14808.87
21:15:45,server_16,537.31,534.7
21:15:45,server_15,665.04,797.63
21:15:45,server_14,8150.14,9347.61
21:15:45,server_13,3384.18,3657.95
21:15:45,server_11,572.45,566.09
21:15:45,server_20,2892.65,2746.52
21:15:45,server_9,361.29,336.63
21:15:45,server_1,911.14,1141.82
21:15:45,server_2,459.87,566.99
21:15:45,server_3,418.24,356.31
21:15:45,server_4,190.46,126.39
21:15:45,server_10,898.52,763.2
21:15:45,server_6,1052.25,1444.84
21:15:45,server_7,16147.9,15464.52
21:15:45,server_8,656.06,930.18
21:15:45,server_5,803.39,612.61
21:15:50,server_11,972.79,1144.89
21:15:50,server_19,48.56,70.22
21:15:50,server_18,6253.97,5951.26
21:15:50,server_17,4023.17,4676.05
21:15:50,server_16,947.6,560.5
21:15:50,server_15,355.71,308.83
21:15:50,server_14,895.93,1244.72
21:15:50,server_13,326.13,405.52
21:15:50,server_12,270.9,168.51
21:15:50,server_20,0.0,0.0
21:15:50,server_10,150.55,213.37
21:15:50,server_8,316.93,473.21
21:15:50,server_7,389.6,226.57
21:15:50,server_6,4252.52,4728.05
21:15:50,server_5,918.29,1053.13
21:15:50,server_4,621.3,357.86
21:15:50,server_3,302.84,157.78
21:15:50,server_2,72.34,72.3
21:15:50,server_1,837.87,816.24
21:15:50,server_9,417.22,446.59
21:15:55,server_14,9758.03,10824.49
21:15:55,server_15,244.65,155.74
21:15:55,server_16,474.95,326.82
21:15:55,server_12,4171.57,3849.54
21:15:55,server_18,234.93,296.93
21:15:55,server_19,531.06,486.53
21:15:55,server_20,441.99,320.81
21:15:55,server_17,9487.35,7861.15
21:15:55,server_11,4485.74,4190.34
21:15:55,server_13,150.02,164.92
21:15:55,server_9,952.71,515.14
21:15:55,server_1,41.36,53.1
21:15:55,server_2,1052.98,590.23
21:15:55,server_3,653.12,605.5
21:15:55,server_4,146.04,207.38
21:15:55,server_10,525.86,641.79
21:15:55,server_6,677.67,352.96
21:15:55,server_7,1024.71,645.44
21:15:55,server_5,859.76,567.94
21:15:55,server_8,189.94,202.88
21:16:00,server_19,93.75,109.37
21:16:00,server_18,882.64,676.44
21:16:00,server_17,473.87,319.64
21:16:00,server_16,303.46,321.27
21:16:00,server_15,780.15,943.42
21:16:00,server_14,2860.46,3212.11
21:16:00,server_13,920.72,461.17
21:16:00,server_12,427.59,469.1
21:16:00,server_11,889.5,1151.19
21:16:00,server_20,83.12,120.79
21:16:00,server_9,887.46,1181.12
21:16:00,server_1,449.04,284.39
21:16:00,server_2,843.31,1113.46
21:16:00,server_3,4370.26,3764.67
21:16:00,server_4,440.4,314.86
21:16:00,server_10,993.56,1318.54
21:16:00,server_6,446.72,628.21
21:16:00,server_7,2231.63,2552.66
21:16:00,server_8,3734.24,4470.45
21:16:00,server_5,376.32,341.21
21:16:05,server_11,904.94,646.5
21:16:05,server_19,18197.37,15254.77
21:16:05,server_18,997.11,857.98
21:16:05,server_17,14254.75,12818.36
21:16:05,server_16,353.4,237.36
21:16:05,server_15,168.82,88.41
21:16:05,server_14,619.69,395.03
21:16:05,server_13,619.59,729.1
21:16:05,server_12,32.72,46.88
21:16:05,server_20,915.55,1273.24
21:16:05,server_10,513.05,272.73
21:16:05,server_8,4533.03,4051.15
21:16:05,server_9,569.6,655.56
21:16:05,server_1,391.23,551.38
21:16:05,server_2,946.1,1071.65
21:16:05,server_3,785.68,924.29
21:16:05,server_5,136.41,123.66
21:16:05,server_6,468.12,491.23
21:16:05,server_7,234.86,239.82
21:16:05,server_4,12756.85,10922.52
21:16:10,server_20,522.94,281.56
21:16:10,server_11,8145.08,8607.64
21:16:10,server_18,628.69,927.0
21:16:10,server_17,649.14,915.81
21:16:10,server_16,42.91,58.39
21:16:10,server_15,34.13,28.74
21:16:10,server_14,576.97,830.34
21:16:10,server_13,865.62,1222.9
21:16:10,server_12,174.76,166.94
21:16:10,server_19,335.57,432.28
21:16:10,server_10,20.41,22.54
21:16:10,server_8,885.75,1255.88
21:16:10,server_1,332.17,298.15
21:16:10,server_2,3642.4,3061.84
21:16:10,server_3,9.85,11.05
21:16:10,server_9,877.91,529.5
21:16:10,server_5,884.86,1079.12
21:16:10,server_6,982.29,808.89
21:16:10,server_7,460.45,293.23
21:16:10,server_4,186.22,260.09
21:16:15,server_13,851.7,532.05
21:16:15,server_20,2589.69,2501.56
21:16:15,server_19,9514.68,11152.23
21:16:15,server_18,9.63,5.06
21:16:15,server_17,9.47,7.13
21:16:15,server_16,321.03,239.32
21:16:15,server_15,598.47,874.71
21:16:15,server_14,108.89,74.29
21:16:15,server_12,3342.19,3773.13
21:16:15,server_11,672.53,760.97
21:16:15,server_1,12.64,8.59
21:16:15,server_9,822.6,579.14
21:16:15,server_8,892.05,661.04
21:16:15,server_7,834.68,1185.94
21:16:15,server_6,295.52,296.38
21:16:15,server_5,976.6,1121.66
21:16:15,server_4,327.64,278.74
21:16:15,server_3,822.73,1076.34
21:16:15,server_2,300.55,325.34
21:16:15,server_10,545.31,596.26
21:16:20,server_13,864.99,658.99
21:16:20,server_14,17821.71,16575.98
21:16:20,server_15,730.85,1061.63
21:16:20,server_16,410.21,537.79
21:16:20,server_12,929.54,1350.42
21:16:20,server_18,4682.64,5336.49
21:16:20,server_19,822.07,934.43
21:16:20,server_20,822.74,445.96
21:16:20,server_17,410.23,549.64
21:16:20,server_11,18.79,28.01
21:16:20,server_1,0.0,0.0
21:16:20,server_9,143.5,182.36
21:16:20,server_8,98.74,115.33
21:16:20,server_7,318.62,324.24
21:16:20,server_6,12555.45,12371.56
21:16:20,server_5,167.68,117.04
21:16:20,server_4,445.08,460.98
21:16:20,server_3,852.73,1245.99
21:16:20,server_2,925.31,478.82
21:16:20,server_10,87.0,113.22
21:16:25,server_13,923.53,1124.85
21:16:25,server_14,463.23,368.94
21:16:25,server_15,159.43,182.19
21:16:25,server_16,667.32,931.41
21:16:25,server_20,464.28,417.52
21:16:25,server_18,93.14,83.17
21:16:25,server_19,547.76,287.39
21:16:25,server_12,13289.55,13931.23
21:16:25,server_17,811.87,1015.47
21:16:25,server_11,7717.56,7370.96
21:16:25,server_3,945.84,965.01
21:16:25,server_9,968.23,931.07
21:16:25,server_2,18114.55,18168.83
21:16:25,server_10,33.66,33.49
21:16:25,server_4,889.96,1073.61
21:16:25,server_1,546.36,574.14
21:16:25,server_6,847.8,853.26
21:16:25,server_7,12973.52,13576.89
21:16:25,server_8,586.6,636.97
21:16:25,server_5,87.14,51.69
21:16:30,server_12,809.04,1155.98
21:16:30,server_19,412.4,207.21
21:16:30,server_18,303.63,305.04
21:16:30,server_17,685.33,367.83
21:16:30,server_16,0.0,0.0
21:16:30,server_15,952.74,975.95
21:16:30,server_14,7134.5,8009.12
21:16:30,server_13,217.51,254.68
21:16:30,server_11,133.12,173.73
21:16:30,server_20,196.46,180.67
21:16:30,server_9,4803.16,4338.29
21:16:30,server_1,111.09,84.12
21:16:30,server_2,100.72,64.72
21:16:30,server_3,181.21,144.31
21:16:30,server_4,2261.08,2332.0
21:16:30,server_10,17837.48,20297.29
21:16:30,server_6,1034.58,973.91
21:16:30,server_7,611.72,331.89
21:16:30,server_8,892.95,972.42
21:16:30,server_5,301.06,338.44
21:16:35,server_11,1342.2,1522.98
21:16:35,server_19,319.65,359.68
21:16:35,server_18,164.63,235.36
21:16:35,server_17,15227.23,18016.83
21:16:35,server_16,321.03,217.17
21:16:35,server_15,4467.81,3748.07
21:16:35,server_14,8126.13,8883.1
21:16:35,server_13,385.78,284.37
21:16:35,server_12,559.39,365.47
21:16:35,server_20,377.76,328.58
21:16:35,server_10,1001.16,1363.95
21:16:35,server_8,436.89,537.23
21:16:35,server_7,236.19,204.32
21:16:35,server_6,752.0,793.87
21:16:35,server_5,982.02,1029.98
21:16:35,server_4,938.5,868.34
21:16:35,server_3,938.54,561.1
21:16:35,server_2,995.15,1160.85
21:16:35,server_1,938.29,1268.99
21:16:35,server_9,773.21,638.39
21:16:40,server_14,143.32,128.0
21:16:40,server_15,13948.96,16271.41
21:16:40,server_16,869.87,1118.79
21:16:40,server_13,464.2,446.35
21:16:40,server_18,10084.81,11008.88
21:16:40,server_19,0.0,0.0
21:16:40,server_20,399.74,306.37
21:16:40,server_17,507.34,527.78
21:16:40,server_12,460.17,469.33
21:16:40,server_11,77.26,96.54
21:16:40,server_1,683.06,499.59
21:16:40,server_9,939.47,1243.62
21:16:40,server_8,349.7,452.4
21:16:40,server_7,416.11,520.57
21:16:40,server_6,365.73,309.83
21:16:40,server_5,419.87,240.1
21:16:40,server_4,826.17,566.24
21:16:40,server_3,897.5,497.17
21:16:40,server_2,529.2,702.43
21:16:40,server_10,342.72,284.06
21:16:45,server_13,12566.63,14007.47
21:16:45,server_14,2761.08,2872.3
21:16:45,server_15,128.97,121.17
21:16:45,server_20,996.07,1141.78
21:16:45,server_18,384.43,427.52
21:16:45,server_19,4948.28,5736.97
21:16:45,server_12,919.11,1368.32
21:16:45,server_16,597.61,770.39
21:16:45,server_11,319.69,288.55
21:16:45,server_17,112.75,162.22
21:16:45,server_9,516.52,656.26
21:16:45,server_10,11331.26,11176.68
21:16:45,server_2,614.31,648.84
21:16:45,server_3,132.25,92.86
21:16:45,server_4,641.64,920.4
21:16:45,server_1,678.85,614.15
21:16:45,server_6,808.9,1036.36
21:16:45,server_7,341.06,423.13
21:16:45,server_8,532.59,701.84
21:16:45,server_5,517.02,521.27
21:16:50,server_20,389.58,549.55
21:16:50,server_12,946.62,723.4
21:16:50,server_19,182.68,146.68
21:16:50,server_18,906.78,661.86
21:16:50,server_17,297.47,380.95
21:16:50,server_16,831.56,971.36
21:16:50,server_15,883.68,514.18
21:16:50,server_14,30.96,25.23
21:16:50,server_13,327.9,485.27
21:16:50,server_11,970.38,661.57
21:16:50,server_7,73.22,89.67
21:16:50,server_9,578.43,291.29
21:16:50,server_8,407.35,337.05
21:16:50,server_6,1026.4,517.35
21:16:50,server_5,942.86,1163.16
21:16:50,server_4,413.2,487.99
21:16:50,server_3,939.84,520.21
21:16:50,server_2,4944.63,5052.44
21:16:50,server_1,615.09,502.5
21:16:50,server_10,490.0,350.58
21:16:55,server_15,1011.58,769.51
21:16:55,server_13,702.58,370.39
21:16:55,server_14,413.61,358.44
21:16:55,server_16,115.37,87.38
21:16:55,server_12,146.81,75.16
21:16:55,server_18,203.83,215.05
21:16:55,server_19,11360.16,10546.07
21:16:55,server_20,935.03,1010.26
21:16:55,server_17,16493.44,14697.04
21:16:55,server_11,602.42,459.75
21:16:55,server_1,106.92,135.75
21:16:55,server_9,582.16,471.07
21:16:55,server_2,652.34,556.16
21:16:55,server_3,863.13,528.32
21:16:55,server_4,254.01,340.29
21:16:55,server_10,917.06,556.04
21:16:55,server_6,813.52,898.36
21:16:55,server_7,353.45,228.9
21:16:55,server_8,104.57,120.08
21:16:55,server_5,260.53,260.44
21:17:00,server_13,9398.12,7870.19
21:17:00,server_20,100.19,69.18
21:17:00,server_19,73.01,48.59
21:17:00,server_18,15772.02,12693.69
21:17:00,server_17,5092.24,4447.16
21:17:00,server_16,2528.63,2944.35
21:17:00,server_15,443.18,574.69
21:17:00,server_14,139.96,71.04
21:17:00,server_12,518.72,506.11
21:17:00,server_11,738.84,885.44
21:17:00,server_1,533.44,430.17
21:17:00,server_9,680.19,784.64
21:17:00,server_8,4001.05,3579.96
21:17:00,server_7,929.72,680.43
21:17:00,server_6,4201.53,3979.05
21:17:00,server_5,11289.89,12759.55
21:17:00,server_4,612.23,866.71
21:17:00,server_3,905.95,1090.28
21:17:00,server_2,3772.62,3763.6
21:17:00,server_10,447.96,365.81
21:17:05,server_13,883.31,606.17
21:17:05,server_14,155.6,105.92
21:17:05,server_15,69.95,36.06
21:17:05,server_16,476.71,415.06
21:17:05,server_12,504.18,391.76
21:17:05,server_18,717.01,862.13
21:17:05,server_19,370.19,494.81
21:17:05,server_20,456.41,347.4
21:17:05,server_17,133.81,139.48
21:17:05,server_11,42.76,52.03
21:17:05,server_1,61.19,43.68
21:17:05,server_9,5668.74,5598.09
21:17:05,server_8,725.68,1059.05
21:17:05,server_7,396.16,419.53
21:17:05,server_6,12805.34,10955.77
21:17:05,server_5,312.26,278.93
21:17:05,server_4,842.84,1164.35
21:17:05,server_3,561.56,835.44
21:17:05,server_2,85.7,73.84
21:17:05,server_10,878.77,643.33
21:17:10,server_13,2127.51,2100.74
21:17:10,server_14,429.85,519.68
21:17:10,server_15,93.34,97.79
21:17:10,server_16,562.32,525.5
21:17:10,server_20,89.23,114.13
21:17:10,server_18,1182.67,1282.0
21:17:10,server_19,291.01,158.44
21:17:10,server_12,641.09,760.31
21:17:10,server_17,501.19,258.83
21:17:10,server_11,37.87,28.72
21:17:10,server_1,227.97,224.61
21:17:10,server_9,181.71,201.12
21:17:10,server_2,368.14,272.31
21:17:10,server_3,477.09,594.34
21:17:10,server_4,1020.69,1292.63
21:17:10,server_10,934.69,691.48
21:17:10,server_6,145.2,166.86
21:17:10,server_7,1367.69,1321.4
21:17:10,server_8,686.6,357.33
21:17:10,server_5,863.33,508.37
21:17:15,server_12,90.47,45.26
21:17:15,server_19,658.41,648.42
21:17:15,server_18,6419.78,7077.42
21:17:15,server_17,765.75,838.58
21:17:15,server_16,571.92,655.12
21:17:15,server_15,983.74,813.86
21:17:15,server_14,156.21,225.1
21:17:15,server_13,1218.87,1377.52
21:17:15,server_20,536.45,437.88
21:17:15,server_11,882.49,499.35
21:17:15,server_9,411.4,282.75
21:17:15,server_8,904.68,1130.61
21:17:15,server_7,831.71,589.68
21:17:15,server_6,16856.8,16831.67
21:17:15,server_5,26.28,18.78
21:17:15,server_4,861.39,1088.99
21:17:15,server_3,676.58,346.52
21:17:15,server_2,368.9,232.94
21:17:15,server_1,576.31,671.36
21:17:15,server_10,11990.16,12461.27
21:17:20,server_13,566.52,615.8
21:17:20,server_14,125.44,81.29
21:17:20,server_15,652.04,848.98
21:17:20,server_16,499.21,738.6
21:17:20,server_12,943.55,666.79
21:17:20,server_20,393.16,547.87
21:17:20,server_18,184.02,219.63
21:17:20,server_19,391.69,391.16
21:17:20,server_17,576.58,535.74
21:17:20,server_11,657.55,670.04
21:17:20,server_3,314.26,311.73
21:17:20,server_9,494.2,397.99
21:17:20,server_10,547.87,366.18
21:17:20,server_2,15826.49,18304.24
21:17:20,server_4,881.7,1312.59
21:17:20,server_1,890.1,1298.2
21:17:20,server_6,827.93,850.14
21:17:20,server_7,270.45,233.44
21:17:20,server_5,890.16,539.72
21:17:20,server_8,79.63,77.2
21:17:25,server_20,240.82,308.58
21:17:25,server_19,893.09,534.73
21:17:25,server_18,121.33,110.72
21:17:25,server_17,602.56,539.16
21:17:25,server_16,1017.21,1210.93
21:17:25,server_15,5.7,5.47
21:17:25,server_14,18959.62,20259.3
21:17:25,server_12,79.93,67.78
21:17:25,server_11,299.86,412.01
21:17:25,server_13,576.38,537.96
21:17:25,server_9,212.9,279.08
21:17:25,server_10,287.01,285.36
21:17:25,server_2,226.73,324.08
21:17:25,server_3,62.72,56.79
21:17:25,server_4,2206.57,2241.63
21:17:25,server_1,522.3,581.9
21:17:25,server_6,182.33,110.5
21:17:25,server_7,0.0,0.0
21:17:25,server_8,1584.95,1523.63
21:17:25,server_5,9165.41,10459.88
21:17:30,server_12,968.73,1277.71
21:17:30,server_20,99.25,68.64
21:17:30,server_19,402.11,204.5
21:17:30,server_18,57.96,34.15
21:17:30,server_17,151.25,102.61
21:17:30,server_16,940.86,1244.56
21:17:30,server_15,916.52,663.61
21:17:30,server_14,178.69,121.8
21:17:30,server_13,984.65,892.42
21:17:30,server_11,637.62,459.23
21:17:30,server_3,454.91,657.35
21:17:30,server_9,762.03,910.0
21:17:30,server_10,378.34,335.03
21:17:30,server_2,675.55,555.92
21:17:30,server_4,397.97,368.17
21:17:30,server_1,564.19,701.0
21:17:30,server_6,1039.99,1101.87
21:17:30,server_7,3673.67,3264.7
21:17:30,server_8,1001.46,1147.89
21:17:30,server_5,19647.12,18537.71
21:17:35,server_12,159.5,146.4
21:17:35,server_20,890.73,1074.51
21:17:35,server_19,281.41,148.95
21:17:35,server_18,611.02,379.64
21:17:35,server_17,1003.31,1060.65
21:17:35,server_16,950.64,762.82
21:17:35,server_15,64.43,39.69
21:17:35,server_14,319.27,250.86
21:17:35,server_11,316.47,261.23
21:17:35,server_13,596.43,614.47
21:17:35,server_9,490.13,423.69
21:17:35,server_2,720.14,365.2
21:17:35,server_3,654.05,556.41
21:17:35,server_4,640.15,793.73
21:17:35,server_5,32.88,44.18
21:17:35,server_1,14942.41,15368.54
21:17:35,server_7,184.68,182.46
21:17:35,server_10,2317.51,2522.1
21:17:35,server_8,315.83,247.1
21:17:35,server_6,459.28,440.73
21:17:40,server_12,976.42,800.98
21:17:40,server_19,10948.09,11748.02
21:17:40,server_18,24.85,20.66
21:17:40,server_17,865.75,1265.39
21:17:40,server_16,462.76,458.77
21:17:40,server_15,481.05,701.22
21:17:40,server_14,162.57,224.9
21:17:40,server_13,637.9,890.01
21:17:40,server_11,936.43,869.75
21:17:40,server_20,978.86,1285.06
21:17:40,server_9,115.69,119.93
21:17:40,server_1,245.23,363.92
21:17:40,server_2,34.53,42.55
21:17:40,server_3,593.41,309.73
21:17:40,server_4,15966.03,18031.37
21:17:40,server_10,587.75,768.39
21:17:40,server_6,309.89,360.24
21:17:40,server_7,15458.66,12440.4
21:17:40,server_8,139.97,143.82
21:17:40,server_5,2915.56,2463.35
21:17:45,server_11,3415.87,2971.82
21:17:45,server_19,114.94,152.59
21:17:45,server_18,384.31,443.63
21:17:45,server_17,5817.84,6690.82
21:17:45,server_16,259.61,163.24
21:17:45,server_15,103.65,121.51
21:17:45,server_14,829.44,840.05
21:17:45,server_13,876.51,936.51
21:17:45,server_12,486.29,284.63
21:17:45,server_20,962.65,744.79
21:17:45,server_10,89.68,74.39
21:17:45,server_8,303.11,451.86
21:17:45,server_7,264.38,140.8
21:17:45,server_6,647.92,632.82
21:17:45,server_5,2033.88,1667.69
21:17:45,server_4,994.6,1070.27
21:17:45,server_3,905.16,1235.22
21:17:45,server_2,922.92,1170.74
21:17:45,server_1,930.71,494.1
21:17:45,server_9,4522.72,5149.48
21:17:50,server_13,497.84,596.13
21:17:50,server_14,464.82,623.05
21:17:50,server_15,834.13,874.35
21:17:50,server_16,557.78,796.45
21:17:50,server_19,434.85,454.72
21:17:50,server_20,3956.57,4559.51
21:17:50,server_18,658.57,581.53
21:17:50,server_12,990.86,1462.62
21:17:50,server_17,892.22,496.98
21:17:50,server_11,340.52,185.51
21:17:50,server_3,583.52,764.98
21:17:50,server_9,358.6,227.22
21:17:50,server_8,554.9,633.1
21:17:50,server_7,171.63,256.25
21:17:50,server_6,933.53,796.41
21:17:50,server_5,236.96,159.63
21:17:50,server_4,100.29,121.76
21:17:50,server_2,184.28,192.19
21:17:50,server_1,691.91,769.01
21:17:50,server_10,18110.96,17426.47
21:17:55,server_13,921.97,586.83
21:17:55,server_14,465.69,304.03
21:17:55,server_15,15341.15,15198.77
21:17:55,server_16,63.86,56.03
21:17:55,server_20,495.49,544.72
21:17:55,server_18,248.81,242.51
21:17:55,server_19,379.31,218.65
21:17:55,server_12,1352.43,1442.04
21:17:55,server_17,16093.48,12974.68
21:17:55,server_11,142.23,154.15
21:17:55,server_10,967.83,1280.99
21:17:55,server_9,422.65,231.09
21:17:55,server_2,901.22,721.95
21:17:55,server_3,295.2,289.22
21:17:55,server_4,934.28,1045.01
21:17:55,server_1,657.85,763.99
21:17:55,server_6,431.15,646.0
21:17:55,server_7,8640.41,9946.65
21:17:55,server_8,18305.44,20212.35
21:17:55,server_5,142.56,106.86
21:18:00,server_12,250.64,166.78
21:18:00,server_19,914.79,690.67
21:18:00,server_18,183.52,270.24
21:18:00,server_17,743.23,462.26
21:18:00,server_16,317.36,459.58
21:18:00,server_15,560.82,835.44
21:18:00,server_14,931.63,1179.24
21:18:00,server_13,62.0,39.22
21:18:00,server_11,1931.72,1739.28
21:18:00,server_20,196.93,194.94
21:18:00,server_9,309.84,203.34
21:18:00,server_1,76.12,85.16
21:18:00,server_2,573.04,830.88
21:18:00,server_3,608.27,491.2
21:18:00,server_4,13896.29,11160.9
21:18:00,server_10,18152.36,15275.52
21:18:00,server_6,596.8,773.57
21:18:00,server_7,194.6,114.11
21:18:00,server_8,160.26,118.52
21:18:00,server_5,538.29,552.22
21:18:05,server_12,686.16,788.87
21:18:05,server_19,494.25,642.43
21:18:05,server_18,100.88,71.8
21:18:05,server_17,32.41,37.02
21:18:05,server_16,269.88,201.11
21:18:05,server_15,94.21,69.79
21:18:05,server_14,837.33,1171.72
21:18:05,server_13,913.34,680.99
21:18:05,server_11,286.65,207.97
21:18:05,server_20,888.4,847.59
21:18:05,server_9,827.55,549.01
21:18:05,server_1,5541.01,4761.27
21:18:05,server_2,296.6,246.89
21:18:05,server_3,241.22,333.6
21:18:05,server_4,939.39,740.33
21:18:05,server_10,129.69,108.62
21:18:05,server_6,433.19,558.62
21:18:05,server_7,888.13,902.46
21:18:05,server_8,166.38,133.37
21:18:05,server_5,382.01,560.84
21:18:10,server_11,348.16,517.6
21:18:10,server_19,344.12,466.55
21:18:10,server_18,418.38,574.7
21:18:10,server_17,649.86,408.41
21:18:10,server_16,558.44,638.08
21:18:10,server_15,902.2,499.15
21:18:10,server_14,2110.54,1697.64
21:18:10,server_13,5434.38,5255.66
21:18:10,server_12,535.48,440.09
21:18:10,server_20,869.18,711.85
21:18:10,server_10,3585.08,4168.73
21:18:10,server_8,208.16,121.03
21:18:10,server_7,971.88,711.12
21:18:10,server_6,846.58,1029.32
21:18:10,server_5,4001.59,4314.95
21:18:10,server_4,340.48,357.1
21:18:10,server_3,568.06,774.27
21:18:10,server_2,263.3,213.64
21:18:10,server_1,403.57,218.14
21:18:10,server_9,891.88,1100.73
21:18:15,server_12,253.36,257.26
21:18:15,server_20,774.36,918.54
21:18:15,server_14,17076.05,16818.33
21:18:15,server_19,132.99,133.59
21:18:15,server_16,998.8,1429.2
21:18:15,server_17,235.6,305.71
21:18:15,server_18,323.45,301.03
21:18:15,server_15,86.06,91.13
21:18:15,server_10,304.87,220.15
21:18:15,server_13,34.74,26.66
21:18:15,server_8,19085.94,17071.34
21:18:15,server_9,926.15,519.3
21:18:15,server_1,585.6,608.64
21:18:15,server_2,9095.99,10718.76
21:18:15,server_3,417.48,396.59
21:18:15,server_11,1010.1,1179.68
21:18:15,server_5,941.47,666.01
21:18:15,server_6,302.11,325.9
21:18:15,server_4,903.72,1087.84
21:18:15,server_7,502.47,698.98
21:18:20,server_20,961.51,876.42
21:18:20,server_19,4411.3,4856.44
21:18:20,server_18,9147.24,8003.77
21:18:20,server_17,560.7,441.52
21:18:20,server_16,183.69,135.31
21:18:20,server_15,879.36,1293.6
21:18:20,server_14,584.84,402.71
21:18:20,server_12,578.8,699.89
21:18:20,server_11,727.28,590.01
21:18:20,server_13,9338.02,10484.93
21:18:20,server_9,17885.03,20375.34
21:18:20,server_10,17930.53,17154.79
21:18:20,server_2,14505.14,16605.16
21:18:20,server_3,253.43,378.8
21:18:20,server_4,366.59,514.26
21:18:20,server_1,444.89,247.56
21:18:20,server_6,781.32,609.2
21:18:20,server_7,146.73,92.81
21:18:20,server_8,2415.26,2101.1
21:18:20,server_5,928.36,931.58
21:18:25,server_12,910.97,836.09
21:18:25,server_20,4121.86,4052.85
21:18:25,server_19,3767.41,3573.74
21:18:25,server_18,778.44,814.31
21:18:25,server_17,259.58,318.84
21:18:25,server_16,251.5,313.02
21:18:25,server_15,856.37,687.54
21:18:25,server_14,1036.77,1162.1
21:18:25,server_13,182.67,168.87
21:18:25,server_11,285.2,201.62
21:18:25,server_3,18875.38,20660.33
21:18:25,server_9,85.34,66.1
21:18:25,server_8,385.03,228.3
21:18:25,server_7,633.3,345.31
21:18:25,server_6,279.09,254.79
21:18:25,server_5,29.36,24.57
21:18:25,server_4,678.8,922.12
21:18:25,server_2,292.86,392.78
21:18:25,server_1,641.1,670.17
21:18:25,server_10,5834.16,6364.2
21:18:30,server_13,266.03,385.55
21:18:30,server_14,845.6,427.14
21:18:30,server_15,934.01,986.3
21:18:30,server_16,163.42,218.81
21:18:30,server_20,959.49,1090.48
21:18:30,server_18,443.41,606.11
21:18:30,server_19,1042.86,1372.45
21:18:30,server_12,292.47,412.44
21:18:30,server_17,313.49,437.57
21:18:30,server_11,588.89,505.43
21:18:30,server_3,85.17,43.78
21:18:30,server_9,121.13,100.14
21:18:30,server_1,613.66,551.37
21:18:30,server_2,564.7,601.93
21:18:30,server_4,805.1,445.9
21:18:30,server_10,171.21,187.25
21:18:30,server_6,286.9,157.36
21:18:30,server_7,12455.93,11786.8
21:18:30,server_8,308.66,347.69
21:18:30,server_5,239.79,265.56
21:18:35,server_20,976.9,855.9
21:18:35,server_11,113.98,170.72
21:18:35,server_18,632.11,644.43
21:18:35,server_17,245.18,320.9
21:18:35,server_16,94.51,86.93
21:18:35,server_15,1.32,1.9
21:18:35,server_14,139.57,174.24
21:18:35,server_13,927.32,1035.48
21:18:35,server_12,195.21,180.82
21:18:35,server_19,493.18,252.03
21:18:35,server_10,910.71,967.11
21:18:35,server_8,153.18,97.01
21:18:35,server_7,142.67,118.26
21:18:35,server_6,688.98,703.53
21:18:35,server_5,353.11,188.52
21:18:35,server_4,423.89,423.77
21:18:35,server_3,13673.59,15079.43
21:18:35,server_2,5145.22,4530.66
21:18:35,server_1,1553.95,1375.04
21:18:35,server_9,637.39,777.52
21:18:40,server_13,132.73,150.39
21:18:40,server_14,964.92,1080.79
21:18:40,server_15,0.0,0.0
21:18:40,server_12,260.41,257.5
21:18:40,server_17,72.81,55.33
21:18:40,server_18,900.99,1271.88
21:18:40,server_19,2230.32,2512.05
21:18:40,server_16,169.23,127.82
21:18:40,server_11,604.36,596.58
21:18:40,server_20,101.77,76.47
21:18:40,server_9,851.73,1196.95
21:18:40,server_1,206.84,170.59
21:18:40,server_2,532.49,736.76
21:18:40,server_3,4550.5,3955.17
21:18:40,server_4,501.81,342.76
21:18:40,server_10,300.43,234.35
21:18:40,server_6,4940.23,4719.82
21:18:40,server_7,3522.07,2887.83
21:18:40,server_8,898.9,1226.55
21:18:40,server_5,308.07,391.85
21:18:45,server_12,13318.51,13903.51
21:18:45,server_20,43.85,39.82
21:18:45,server_19,198.4,118.46
21:18:45,server_18,8063.65,9124.57
21:18:45,server_17,299.86,231.96
21:18:45,server_16,869.38,522.8
21:18:45,server_15,2005.83,1703.51
21:18:45,server_14,659.36,532.14
21:18:45,server_13,266.16,209.06
21:18:45,server_11,9958.91,11788.02
21:18:45,server_3,98.61,104.35
21:18:45,server_9,3209.34,2621.88
21:18:45,server_2,642.16,700.9
21:18:45,server_10,880.16,1315.45
21:18:45,server_4,998.12,768.98
21:18:45,server_1,608.73,840.33
21:18:45,server_6,852.73,512.11
21:18:45,server_7,881.36,639.88
21:18:45,server_8,445.44,647.72
21:18:45,server_5,13537.24,13945.05
21:18:50,server_13,554.95,736.58
21:18:50,server_20,6700.83,7631.56
21:18:50,server_19,392.16,583.27
21:18:50,server_18,3027.66,2543.88
21:18:50,server_17,625.01,834.68
21:18:50,server_16,869.93,507.1
21:18:50,server_15,903.67,1237.47
21:18:50,server_14,13688.69,11292.4
21:18:50,server_12,401.52,288.79
21:18:50,server_11,391.98,309.27
21:18:50,server_1,921.83,764.27
21:18:50,server_9,878.68,536.49
21:18:50,server_8,456.0,583.35
21:18:50,server_7,3944.34,3385.56
21:18:50,server_6,13946.66,12537.68
21:18:50,server_5,1721.55,1664.91
21:18:50,server_4,203.04,137.5
21:18:50,server_3,177.05,137.97
21:18:50,server_2,6449.64,5768.7
21:18:50,server_10,12062.3,9668.07
21:18:55,server_13,591.55,867.66
21:18:55,server_14,843.45,492.43
21:18:55,server_15,219.72,314.3
21:18:55,server_16,2142.53,2018.06
21:18:55,server_12,6174.45,6946.44
21:18:55,server_18,551.45,637.13
21:18:55,server_19,70.19,69.97
21:18:55,server_20,496.99,265.48
21:18:55,server_17,51.56,30.82
21:18:55,server_11,360.89,451.63
21:18:55,server_10,14498.07,11600.75
21:18:55,server_9,8884.37,8639.69
21:18:55,server_8,357.48,384.54
21:18:55,server_7,397.63,263.75
21:18:55,server_6,197.1,266.39
21:18:55,server_5,66.37,42.55
21:18:55,server_4,438.29,459.27
21:18:55,server_3,43.56,46.96
21:18:55,server_2,41.26,50.43
21:18:55,server_1,255.59,375.62
21:19:00,server_13,53.53,76.82
21:19:00,server_14,1992.46,2159.73
21:19:00,server_15,918.79,1030.86
21:19:00,server_16,350.76,519.17
21:19:00,server_20,0.0,0.0
21:19:00,server_18,346.44,370.3
21:19:00,server_19,20.43,30.07
21:19:00,server_12,935.57,876.93
21:19:00,server_17,87.54,124.64
21:19:00,server_11,13487.13,12222.29
21:19:00,server_1,19279.18,17856.57
21:19:00,server_9,518.3,307.7
21:19:00,server_2,1.59,1.11
21:19:00,server_3,418.32,384.23
21:19:00,server_4,635.19,927.9
21:19:00,server_10,9161.92,7631.25
21:19:00,server_6,465.71,445.18
21:19:00,server_7,3017.43,2569.4
21:19:00,server_8,942.46,1031.69
21:19:00,server_5,268.26,354.8
21:19:05,server_12,170.8,105.82
21:19:05,server_19,256.51,353.92
21:19:05,server_18,987.57,1166.2
21:19:05,server_17,468.37,414.15
21:19:05,server_16,261.93,186.57
21:19:05,server_15,359.76,515.55
21:19:05,server_14,267.0,398.67
21:19:05,server_13,867.91,625.93
21:19:05,server_20,777.02,499.33
21:19:05,server_11,455.7,459.02
21:19:05,server_9,268.04,267.95
21:19:05,server_10,980.1,944.81
21:19:05,server_2,14095.84,12257.62
21:19:05,server_3,158.79,109.46
21:19:05,server_4,460.61,266.48
21:19:05,server_1,2341.31,2492.29
21:19:05,server_6,2221.01,2443.94
21:19:05,server_7,3873.38,3308.01
21:19:05,server_8,820.54,439.15
21:19:05,server_5,901.86,503.98
21:19:10,server_11,891.27,571.83
21:19:10,server_19,668.08,603.3
21:19:10,server_18,3193.84,3533.63
21:19:10,server_17,6598.11,7224.71
21:19:10,server_16,165.33,103.25
21:19:10,server_15,138.49,69.75
21:19:10,server_14,527.29,595.56
21:19:10,server_13,498.64,688.77
21:19:10,server_12,1003.74,1255.17
21:19:10,server_20,584.4,410.54
21:19:10,server_10,845.84,876.97
21:19:10,server_8,501.71,697.5
21:19:10,server_1,640.06,704.52
21:19:10,server_2,989.7,587.29
21:19:10,server_3,7088.55,7100.09
21:19:10,server_9,522.43,503.48
21:19:10,server_5,270.77,218.21
21:19:10,server_6,520.93,476.74
21:19:10,server_7,566.08,692.46
21:19:10,server_4,808.0,698.38
21:19:15,server_12,746.12,403.56
21:19:15,server_19,969.96,1445.7
21:19:15,server_18,899.42,1016.54
21:19:15,server_17,968.04,921.29
21:19:15,server_16,430.0,251.99
21:19:15,server_15,819.19,521.22
21:19:15,server_14,711.06,480.97
21:19:15,server_13,142.88,71.59
21:19:15,server_11,9465.33,8269.26
21:19:15,server_20,842.19,1019.27
21:19:15,server_9,150.31,171.24
21:19:15,server_1,752.9,992.56
21:19:15,server_2,925.15,1150.68
21:19:15,server_3,805.89,432.96
21:19:15,server_4,646.42,585.97
21:19:15,server_10,2751.68,3148.02
21:19:15,server_6,60.1,81.83
21:19:15,server_7,463.91,301.54
21:19:15,server_8,71.14,64.43
21:19:15,server_5,573.98,817.17
21:19:20,server_11,795.08,975.45
21:19:20,server_19,113.9,59.22
21:19:20,server_18,445.69,402.25
21:19:20,server_17,3761.89,3562.87
21:19:20,server_16,286.77,359.07
21:19:20,server_15,1965.54,1748.76
21:19:20,server_14,669.58,664.18
21:19:20,server_13,117.73,67.59
21:19:20,server_12,2.76,3.36
21:19:20,server_20,908.33,481.41
21:19:20,server_10,255.78,354.55
21:19:20,server_8,649.69,764.66
21:19:20,server_7,126.19,130.06
21:19:20,server_6,374.3,434.54
21:19:20,server_5,833.23,1033.43
21:19:20,server_4,463.53,617.52
21:19:20,server_3,615.09,556.94
21:19:20,server_2,238.01,189.65
21:19:20,server_1,269.28,361.58
21:19:20,server_9,928.97,673.12
21:19:25,server_14,239.79,285.8
21:19:25,server_15,509.03,378.64
21:19:25,server_16,9410.69,9902.66
21:19:25,server_13,642.98,686.16
21:19:25,server_18,282.1,360.97
21:19:25,server_19,3040.58,2995.08
21:19:25,server_20,821.14,617.82
21:19:25,server_17,3895.1,3862.8
21:19:25,server_12,964.63,769.87
21:19:25,server_11,1007.19,1269.57
21:19:25,server_1,961.03,1016.87
21:19:25,server_9,131.08,154.34
21:19:25,server_8,2669.31,2742.91
21:19:25,server_7,19255.62,22481.87
21:19:25,server_6,1005.68,552.52
21:19:25,server_5,18452.96,18903.91
21:19:25,server_4,4244.93,4921.47
21:19:25,server_3,1062.09,878.94
21:19:25,server_2,710.99,412.43
21:19:25,server_10,19679.93,15785.26
21:19:30,server_13,8556.52,7993.87
21:19:30,server_14,93.76,66.54
21:19:30,server_15,485.5,290.65
21:19:30,server_20,998.36,1309.37
21:19:30,server_18,959.7,1033.58
21:19:30,server_19,231.43,262.34
21:19:30,server_12,13639.58,14531.17
21:19:30,server_16,14.27,16.05
21:19:30,server_11,555.71,687.53
21:19:30,server_17,512.42,413.38
21:19:30,server_9,893.77,924.88
21:19:30,server_10,688.75,967.21
21:19:30,server_2,668.81,581.54
21:19:30,server_3,424.64,343.65
21:19:30,server_4,113.46,114.13
21:19:30,server_1,4655.87,3736.12
21:19:30,server_6,347.02,469.6
21:19:30,server_7,18270.68,15749.62
21:19:30,server_8,907.31,1044.6
21:19:30,server_5,6163.63,5541.08
21:19:35,server_20,506.18,693.63
21:19:35,server_12,490.32,512.24
21:19:35,server_19,289.87,322.77
21:19:35,server_18,437.58,441.63
21:19:35,server_17,437.39,280.08
21:19:35,server_16,425.73,595.5
21:19:35,server_15,9863.83,10225.56
21:19:35,server_14,377.97,277.86
21:19:35,server_13,3705.7,3691.93
21:19:35,server_11,971.64,1223.75
21:19:35,server_7,5436.84,5118.56
21:19:35,server_9,284.77,215.41
21:19:35,server_8,970.44,1109.57
21:19:35,server_6,996.83,772.04
21:19:35,server_5,184.82,217.42
21:19:35,server_4,149.29,157.81
21:19:35,server_3,835.89,584.56
21:19:35,server_2,883.31,833.57
21:19:35,server_1,245.86,313.53
21:19:35,server_10,951.65,1182.67
21:19:40,server_15,875.93,954.45
21:19:40,server_13,347.58,190.26
21:19:40,server_14,427.92,253.75
21:19:40,server_16,213.38,174.76
21:19:40,server_12,1749.62,1486.84
21:19:40,server_18,951.72,1097.72
21:19:40,server_19,1006.98,836.68
21:19:40,server_20,212.49,318.71
21:19:40,server_17,651.98,871.1
21:19:40,server_11,448.52,369.92
21:19:40,server_1,6012.03,5637.3
21:19:40,server_9,437.22,504.17
21:19:40,server_2,287.73,291.59
21:19:40,server_3,888.25,652.03
21:19:40,server_4,4577.17,4444.44
21:19:40,server_10,384.94,302.43
21:19:40,server_6,175.28,131.74
21:19:40,server_7,470.88,523.75
21:19:40,server_8,67.06,56.37
21:19:40,server_5,250.5,198.01
21:19:45,server_13,19841.05,16771.65
21:19:45,server_20,73.69,68.86
21:19:45,server_19,105.21,126.77
21:19:45,server_18,8567.43,8690.98
21:19:45,server_17,127.81,70.5
21:19:45,server_16,85.16,104.01
21:19:45,server_15,556.78,445.58
21:19:45,server_14,183.01,257.73
21:19:45,server_12,521.16,535.61
21:19:45,server_11,499.0,455.94
21:19:45,server_1,420.4,453.48
21:19:45,server_9,496.69,477.62
21:19:45,server_8,277.31,363.57
21:19:45,server_7,109.11,127.23
21:19:45,server_6,260.31,317.06
21:19:45,server_5,960.05,795.08
21:19:45,server_4,247.16,151.97
21:19:45,server_3,142.23,121.37
21:19:45,server_2,986.66,720.93
21:19:45,server_10,85.84,70.08
21:19:50,server_13,1792.67,1922.53
21:19:50,server_14,675.68,718.6
21:19:50,server_15,967.66,944.43
21:19:50,server_16,257.11,239.98
21:19:50,server_12,667.87,407.57
21:19:50,server_18,818.16,1174.91
21:19:50,server_19,993.1,1484.25
21:19:50,server_20,9342.91,8835.72
21:19:50,server_17,145.78,138.42
21:19:50,server_11,904.5,1270.96
21:19:50,server_1,192.87,203.88
21:19:50,server_9,3629.91,3008.88
21:19:50,server_8,2923.49,2693.75
21:19:50,server_7,970.13,644.73
21:19:50,server_6,601.14,592.99
21:19:50,server_5,222.53,257.05
21:19:50,server_4,150.73,82.0
21:19:50,server_3,59.3,87.66
21:19:50,server_2,953.67,517.11
21:19:50,server_10,329.33,176.72
21:19:55,server_13,117.91,78.05
21:19:55,server_14,17451.69,19451.95
21:19:55,server_15,800.23,834.75
21:19:55,server_16,857.85,892.04
21:19:55,server_20,189.89,230.32
21:19:55,server_18,86.94,103.98
21:19:55,server_19,72.38,43.44
21:19:55,server_12,902.18,755.08
21:19:55,server_17,4769.87,5079.12
21:19:55,server_11,86.46,121.78
21:19:55,server_1,158.38,145.68
21:19:55,server_9,643.72,479.65
21:19:55,server_2,943.91,724.63
21:19:55,server_3,439.18,590.15
21:19:55,server_4,565.9,492.01
21:19:55,server_10,856.75,596.56
21:19:55,server_6,334.69,461.55
21:19:55,server_7,42.25,49.74
21:19:55,server_8,25.3,32.28
21:19:55,server_5,4081.08,4720.64
21:20:00,server_12,1010.34,1214.0
21:20:00,server_19,531.01,272.2
21:20:00,server_18,328.23,403.86
21:20:00,server_17,398.74,275.27
21:20:00,server_16,907.11,996.45
21:20:00,server_15,554.32,322.12
21:20:00,server_14,523.51,605.75
21:20:00,server_13,377.79,392.52
21:20:00,server_20,14768.83,13096.47
21:20:00,server_11,46.98,38.06
21:20:00,server_9,899.86,1285.97
21:20:00,server_8,93.26,106.81
21:20:00,server_7,830.12,1233.71
21:20:00,server_6,19131.03,15442.87
21:20:00,server_5,327.54,307.47
21:20:00,server_4,908.22,820.11
21:20:00,server_3,215.06,187.21
21:20:00,server_2,587.54,601.17
21:20:00,server_1,919.2,776.65
21:20:00,server_10,504.15,562.05
21:20:05,server_13,12804.77,11382.63
21:20:05,server_14,13183.12,15621.06
21:20:05,server_15,368.74,317.93
21:20:05,server_16,442.33,377.5
21:20:05,server_12,6509.14,6063.95
21:20:05,server_18,16447.82,19642.08
21:20:05,server_19,660.92,534.98
21:20:05,server_20,939.55,1283.36
21:20:05,server_17,411.78,362.74
21:20:05,server_11,794.42,481.76
21:20:05,server_10,10636.45,10094.82
21:20:05,server_9,4618.65,4004.87
21:20:05,server_8,677.25,662.72
21:20:05,server_7,294.86,185.76
21:20:05,server_6,106.91,97.07
21:20:05,server_5,97.4,120.16
21:20:05,server_4,546.12,521.98
21:20:05,server_3,43.81,59.32
21:20:05,server_2,1795.46,1931.31
21:20:05,server_1,237.25,215.56
21:20:10,server_13,367.38,303.87
21:20:10,server_14,267.81,207.32
21:20:10,server_15,16601.32,14154.66
21:20:10,server_16,605.55,413.35
21:20:10,server_20,686.77,799.7
21:20:10,server_18,1019.25,602.12
21:20:10,server_19,412.47,212.9
21:20:10,server_12,188.2,215.0
21:20:10,server_17,16177.1,14122.48
21:20:10,server_11,757.88,826.76
21:20:10,server_10,694.76,760.48
21:20:10,server_9,454.54,625.19
21:20:10,server_2,893.95,1065.05
21:20:10,server_3,3330.76,2720.36
21:20:10,server_4,361.45,305.85
21:20:10,server_1,24.69,32.98
21:20:10,server_6,362.23,207.2
21:20:10,server_7,2254.53,2232.8
21:20:10,server_8,170.29,131.89
21:20:10,server_5,402.78,529.21
21:20:15,server_12,134.48,109.34
21:20:15,server_19,222.54,135.27
21:20:15,server_18,61.61,89.68
21:20:15,server_17,2792.41,2787.98
21:20:15,server_16,265.03,319.11
21:20:15,server_15,132.62,98.91
21:20:15,server_14,369.66,347.34
21:20:15,server_13,5.85,7.52
21:20:15,server_11,974.96,1128.67
21:20:15,server_20,939.26,635.11
21:20:15,server_9,943.73,1279.41
21:20:15,server_1,612.11,691.33
21:20:15,server_2,841.74,1148.07
21:20:15,server_3,982.71,1385.26
21:20:15,server_4,968.43,493.59
21:20:15,server_10,137.01,74.65
21:20:15,server_6,606.92,782.74
21:20:15,server_7,245.85,284.8
21:20:15,server_8,2453.82,2693.42
21:20:15,server_5,306.25,406.87
21:20:20,server_12,1007.41,1128.53
21:20:20,server_19,406.38,595.07
21:20:20,server_18,387.26,452.2
21:20:20,server_17,339.46,246.54
21:20:20,server_16,11517.24,11184.1
21:20:20,server_15,70.89,85.98
21:20:20,server_14,992.17,599.89
21:20:20,server_13,270.08,265.61
21:20:20,server_11,673.21,711.44
21:20:20,server_20,439.21,616.04
21:20:20,server_9,245.54,191.48
21:20:20,server_1,877.79,1006.03
21:20:20,server_2,126.19,167.69
21:20:20,server_3,1407.45,1588.26
21:20:20,server_4,3053.59,3569.53
21:20:20,server_10,328.26,231.04
21:20:20,server_6,300.46,438.06
21:20:20,server_7,500.79,674.79
21:20:20,server_8,1838.37,1596.59
21:20:20,server_5,145.5,160.94
21:20:25,server_11,525.47,316.66
21:20:25,server_19,857.65,1227.55
21:20:25,server_18,142.57,144.69
21:20:25,server_17,275.37,173.21
21:20:25,server_16,6583.0,7029.29
21:20:25,server_15,57.1,81.9
21:20:25,server_14,377.3,491.41
21:20:25,server_13,4395.34,4126.58
21:20:25,server_12,265.53,186.48
21:20:25,server_20,4518.54,5133.98
21:20:25,server_10,57.31,46.47
21:20:25,server_8,282.98,272.38
21:20:25,server_7,633.2,690.46
21:20:25,server_6,4511.25,3822.71
21:20:25,server_5,10274.32,9486.87
21:20:25,server_4,3891.71,4373.08
21:20:25,server_3,511.99,708.05
21:20:25,server_2,412.25,553.14
21:20:25,server_1,131.9,183.43
21:20:25,server_9,1021.82,1429.27
21:20:30,server_13,258.43,202.56
21:20:30,server_14,729.01,449.43
21:20:30,server_15,191.11,254.25
21:20:30,server_12,255.29,378.31
21:20:30,server_17,928.48,699.41
21:20:30,server_18,841.83,740.98
21:20:30,server_19,4648.61,3988.95
21:20:30,server_16,557.02,716.88
21:20:30,server_11,159.5,164.19
21:20:30,server_20,737.55,873.72
21:20:30,server_9,432.19,288.06
21:20:30,server_1,305.71,455.92
21:20:30,server_2,802.34,1160.41
21:20:30,server_3,482.81,268.79
21:20:30,server_4,2896.16,2436.46
21:20:30,server_10,924.39,1092.9
21:20:30,server_6,425.14,302.59
21:20:30,server_7,1394.16,1280.91
21:20:30,server_8,936.12,621.31
21:20:30,server_5,408.81,314.45
21:20:35,server_19,311.21,374.91
21:20:35,server_18,58.12,56.49
21:20:35,server_17,521.0,472.78
21:20:35,server_16,612.97,789.41
21:20:35,server_15,971.92,589.96
21:20:35,server_14,224.41,327.35
21:20:35,server_13,114.84,171.96
21:20:35,server_12,960.83,786.87
21:20:35,server_11,285.14,253.55
21:20:35,server_20,323.68,262.57
21:20:35,server_9,173.78,123.43
21:20:35,server_1,538.95,315.28
21:20:35,server_2,528.79,555.63
21:20:35,server_3,14617.56,12800.01
21:20:35,server_4,184.2,100.94
21:20:35,server_10,553.3,283.13
21:20:35,server_6,499.93,487.82
21:20:35,server_7,788.8,826.89
21:20:35,server_8,315.09,318.86
21:20:35,server_5,9790.42,10966.31
21:20:40,server_11,895.83,1141.01
21:20:40,server_19,228.01,120.7
21:20:40,server_18,973.44,1055.83
21:20:40,server_17,637.63,708.72
21:20:40,server_16,492.07,438.34
21:20:40,server_15,977.94,720.96
21:20:40,server_14,111.37,57.0
21:20:40,server_13,13010.87,10441.08
21:20:40,server_12,18863.35,21275.45
21:20:40,server_20,178.44,209.56
21:20:40,server_10,8747.16,7452.41
21:20:40,server_8,654.8,827.16
21:20:40,server_9,384.7,469.64
21:20:40,server_1,1039.08,959.76
21:20:40,server_2,1024.81,1191.28
21:20:40,server_3,242.43,281.78
21:20:40,server_5,254.29,246.82
21:20:40,server_6,658.98,543.47
21:20:40,server_7,683.59,529.54
21:20:40,server_4,400.8,472.22
21:20:45,server_20,604.59,334.95
21:20:45,server_11,1744.69,1751.64
21:20:45,server_18,893.57,745.34
21:20:45,server_17,926.85,1294.66
21:20:45,server_16,42.59,37.99
21:20:45,server_15,374.77,550.11
21:20:45,server_14,896.99,729.02
21:20:45,server_13,196.79,213.52
21:20:45,server_12,561.44,538.69
21:20:45,server_19,864.86,840.9
21:20:45,server_10,899.5,872.5
21:20:45,server_8,73.51,82.84
21:20:45,server_1,256.09,133.2
21:20:45,server_2,401.58,538.22
21:20:45,server_3,383.33,279.03
21:20:45,server_9,883.26,1135.9
21:20:45,server_5,791.64,1162.89
21:20:45,server_6,400.35,411.02
21:20:45,server_7,898.14,859.26
21:20:45,server_4,16390.11,17966.15
21:20:50,server_12,596.92,808.27
21:20:50,server_19,607.4,903.02
21:20:50,server_18,4665.22,4574.43
21:20:50,server_17,2396.55,2681.17
21:20:50,server_16,427.83,323.36
21:20:50,server_15,402.17,377.78
21:20:50,server_14,708.1,943.33
21:20:50,server_13,839.04,507.28
21:20:50,server_11,2650.73,2255.26
21:20:50,server_20,357.17,229.0
21:20:50,server_9,667.69,532.78
21:20:50,server_1,668.01,508.49
21:20:50,server_2,749.83,1105.73
21:20:50,server_3,19609.63,18591.23
21:20:50,server_4,4532.85,3637.15
21:20:50,server_10,127.36,68.8
21:20:50,server_6,853.92,1204.3
21:20:50,server_7,819.49,888.72
21:20:50,server_8,5609.56,4576.33
21:20:50,server_5,695.44,509.14
21:20:55,server_11,376.98,505.26
21:20:55,server_19,685.64,891.26
21:20:55,server_18,887.79,1293.25
21:20:55,server_17,131.63,169.95
21:20:55,server_16,654.78,879.63
21:20:55,server_15,354.42,497.0
21:20:55,server_14,755.35,667.48
21:20:55,server_13,353.0,282.73
21:20:55,server_12,16762.29,19945.17
21:20:55,server_20,713.61,814.42
21:20:55,server_10,19186.67,19614.98
21:20:55,server_8,10636.44,9026.19
21:20:55,server_7,930.28,646.45
21:20:55,server_6,1072.77,663.82
21:20:55,server_5,943.84,520.83
21:20:55,server_4,87.21,75.26
21:20:55,server_3,244.79,216.58
21:20:55,server_2,7.75,5.58
21:20:55,server_1,312.99,428.24
21:20:55,server_9,604.82,622.13
21:21:00,server_13,143.22,168.39
21:21:00,server_14,281.71,408.74
21:21:00,server_15,97.3,74.84
21:21:00,server_12,760.87,590.96
21:21:00,server_17,649.62,739.41
21:21:00,server_18,838.94,634.95
21:21:00,server_19,435.69,271.08
21:21:00,server_16,10354.12,9731.1
21:21:00,server_11,1917.66,1686.58
21:21:00,server_20,561.71,499.69
21:21:00,server_9,166.88,138.15
21:21:00,server_1,419.82,449.46
21:21:00,server_2,361.94,422.61
21:21:00,server_3,425.0,281.74
21:21:00,server_4,0.0,0.0
21:21:00,server_10,1309.63,1529.67
21:21:00,server_6,130.5,145.34
21:21:00,server_7,428.14,614.5
21:21:00,server_8,4537.51,5027.76
21:21:00,server_5,565.4,840.25
21:21:05,server_12,366.66,192.36
21:21:05,server_20,2972.03,2746.62
21:21:05,server_19,3557.62,2984.81
21:21:05,server_18,488.64,624.95
21:21:05,server_17,148.37,161.54
21:21:05,server_16,23.3,14.27
21:21:05,server_15,598.45,846.4
21:21:05,server_14,692.31,1018.06
21:21:05,server_13,688.09,653.64
21:21:05,server_11,609.69,474.74
21:21:05,server_10,93.42,64.42
21:21:05,server_9,868.3,615.32
21:21:05,server_2,839.03,554.16
21:21:05,server_3,7509.12,8441.52
21:21:05,server_4,910.04,526.4
21:21:05,server_1,563.79,614.48
21:21:05,server_6,997.83,974.25
21:21:05,server_7,895.83,827.16
21:21:05,server_8,5557.17,6626.02
21:21:05,server_5,432.37,611.96
21:21:10,server_12,402.79,222.16
21:21:10,server_19,693.85,945.4
21:21:10,server_18,572.53,856.41
21:21:10,server_17,504.39,500.65
21:21:10,server_16,5245.64,5233.02
21:21:10,server_15,584.12,683.03
21:21:10,server_14,217.04,293.46
21:21:10,server_13,903.82,1335.15
21:21:10,server_11,753.07,510.65
21:21:10,server_20,512.8,626.17
21:21:10,server_9,106.27,78.58
21:21:10,server_1,612.11,561.13
21:21:10,server_2,610.99,370.52
21:21:10,server_3,10972.57,11882.13
21:21:10,server_4,4678.07,4730.72
21:21:10,server_10,18481.41,17711.1
21:21:10,server_6,2506.54,2349.94
21:21:10,server_7,521.68,582.42
21:21:10,server_8,985.96,1349.98
21:21:10,server_5,18223.06,18032.68
21:21:15,server_12,455.18,657.49
21:21:15,server_19,873.66,794.72
21:21:15,server_18,56.5,42.96
21:21:15,server_17,93.52,106.99
21:21:15,server_16,730.42,868.69
21:21:15,server_15,363.22,377.15
21:21:15,server_14,399.12,273.25
21:21:15,server_13,968.14,1334.33
21:21:15,server_11,694.35,528.98
21:21:15,server_20,908.75,582.03
21:21:15,server_9,108.34,79.76
21:21:15,server_1,5591.33,5307.19
21:21:15,server_2,302.8,430.0
21:21:15,server_3,14670.37,15670.31
21:21:15,server_4,14422.39,14252.3
21:21:15,server_10,9386.06,10627.01
21:21:15,server_6,509.91,680.14
21:21:15,server_7,6821.43,7330.21
21:21:15,server_8,535.92,776.0
21:21:15,server_5,179.83,141.98
21:21:20,server_11,463.17,410.11
21:21:20,server_19,512.13,549.32
21:21:20,server_18,692.36,750.61
21:21:20,server_17,611.02,543.74
21:21:20,server_16,214.05,213.79
21:21:20,server_15,775.9,1106.26
21:21:20,server_14,8499.68,9075.28
21:21:20,server_13,1050.02,1518.2
21:21:20,server_12,4514.48,4936.86
21:21:20,server_20,124.75,175.53
21:21:20,server_10,669.23,532.25
21:21:20,server_8,324.71,303.31
21:21:20,server_7,807.48,843.27
21:21:20,server_6,841.2,723.95
21:21:20,server_5,56.51,68.13
21:21:20,server_4,86.69,80.7
21:21:20,server_3,4220.08,4294.62
21:21:20,server_2,965.78,900.27
21:21:20,server_1,211.74,130.86
21:21:20,server_9,1001.21,683.34
21:21:25,server_13,294.74,313.91
21:21:25,server_14,172.15,152.22
21:21:25,server_15,435.38,226.51
21:21:25,server_12,313.77,356.64
21:21:25,server_17,57.44,82.98
21:21:25,server_18,573.72,615.73
21:21:25,server_19,118.2,144.81
21:21:25,server_16,905.65,1011.34
21:21:25,server_11,658.17,847.24
21:21:25,server_20,211.23,183.14
21:21:25,server_9,2709.24,2656.6
21:21:25,server_1,414.46,401.24
21:21:25,server_2,369.31,498.8
21:21:25,server_3,677.33,767.23
21:21:25,server_4,1019.11,1156.12
21:21:25,server_10,367.1,371.51
21:21:25,server_6,488.01,291.39
21:21:25,server_7,426.51,563.85
21:21:25,server_8,3024.5,2556.0
21:21:25,server_5,486.46,700.45
21:21:30,server_19,271.19,403.06
21:21:30,server_18,990.71,598.27
21:21:30,server_17,420.83,428.77
21:21:30,server_16,442.33,384.36
21:21:30,server_15,1015.91,1356.72
21:21:30,server_14,149.21,185.53
21:21:30,server_13,367.12,406.13
21:21:30,server_12,2.41,3.0
21:21:30,server_11,130.4,106.87
21:21:30,server_20,115.76,85.48
21:21:30,server_9,602.53,459.93
21:21:30,server_1,611.15,670.48
21:21:30,server_2,390.0,441.55
21:21:30,server_3,969.27,630.21
21:21:30,server_4,266.06,373.88
21:21:30,server_10,915.09,1162.22
21:21:30,server_6,683.8,639.53
21:21:30,server_7,281.74,231.83
21:21:30,server_8,4437.3,3654.13
21:21:30,server_5,4070.1,4680.58
21:21:35,server_11,8749.26,10434.7
21:21:35,server_19,192.38,110.32
21:21:35,server_18,291.22,305.03
21:21:35,server_17,232.31,165.21
21:21:35,server_16,164.92,90.83
21:21:35,server_15,83.36,83.46
21:21:35,server_14,590.03,310.35
21:21:35,server_13,809.01,1089.42
21:21:35,server_12,699.32,535.71
21:21:35,server_20,330.18,320.01
21:21:35,server_10,33.84,36.71
21:21:35,server_8,964.48,1052.73
21:21:35,server_9,265.15,321.56
21:21:35,server_1,1548.51,1835.01
21:21:35,server_2,210.76,305.81
21:21:35,server_3,14.44,18.7
21:21:35,server_5,353.83,238.66
21:21:35,server_6,1258.24,1441.31
21:21:35,server_7,8889.56,10548.94
21:21:35,server_4,4064.8,3480.47
21:21:40,server_20,9457.32,10516.57
21:21:40,server_11,556.87,563.56
21:21:40,server_18,920.26,1105.04
21:21:40,server_17,346.58,423.79
21:21:40,server_16,126.07,110.49
21:21:40,server_15,293.74,373.72
21:21:40,server_14,413.04,218.71
21:21:40,server_13,257.05,200.09
21:21:40,server_12,858.44,466.81
21:21:40,server_19,1074.78,672.13
21:21:40,server_10,15770.71,15743.49
21:21:40,server_8,285.86,339.25
21:21:40,server_1,11970.9,10730.81
21:21:40,server_2,15185.63,12676.68
21:21:40,server_3,81.75,90.07
21:21:40,server_9,256.89,309.97
21:21:40,server_5,443.64,312.28
21:21:40,server_6,550.16,390.88
21:21:40,server_7,373.47,458.85
21:21:40,server_4,14457.19,15185.25
21:21:45,server_12,11.56,15.1
21:21:45,server_19,533.09,797.94
21:21:45,server_18,4207.57,4031.06
21:21:45,server_17,1063.1,1460.87
21:21:45,server_16,2375.87,2501.96
21:21:45,server_15,218.38,136.18
21:21:45,server_14,342.48,236.2
21:21:45,server_13,892.78,1258.2
21:21:45,server_11,431.75,232.86
21:21:45,server_20,822.42,697.4
21:21:45,server_9,4754.78,5199.59
21:21:45,server_1,88.53,79.18
21:21:45,server_2,169.74,119.48
21:21:45,server_3,2006.59,2200.75
21:21:45,server_4,947.68,1282.36
21:21:45,server_10,9736.34,10899.64
21:21:45,server_6,3030.54,2716.71
21:21:45,server_7,582.27,570.5
21:21:45,server_8,378.83,304.34
21:21:45,server_5,566.02,719.51
21:21:50,server_11,849.98,1219.83
21:21:50,server_19,529.38,351.05
21:21:50,server_18,125.65,91.18
21:21:50,server_17,551.13,517.84
21:21:50,server_16,281.03,250.8
21:21:50,server_15,2899.82,2387.66
21:21:50,server_14,838.35,573.22
21:21:50,server_13,6.98,10.09
21:21:50,server_12,266.57,357.66
21:21:50,server_20,536.24,693.03
21:21:50,server_10,13252.1,12329.18
21:21:50,server_8,2016.47,1935.77
21:21:50,server_7,308.58,180.28
21:21:50,server_6,598.79,372.4
21:21:50,server_5,549.12,345.79
21:21:50,server_4,125.42,88.54
21:21:50,server_3,163.77,100.98
21:21:50,server_2,0.0,0.0
21:21:50,server_1,143.92,204.75
21:21:50,server_9,459.13,266.45
21:21:55,server_13,826.65,1150.03
21:21:55,server_14,345.26,278.41
21:21:55,server_15,226.4,287.91
21:21:55,server_12,932.6,1314.86
21:21:55,server_17,410.93,352.82
21:21:55,server_18,270.74,178.92
21:21:55,server_19,15278.13,18237.07
21:21:55,server_16,550.42,523.4
21:21:55,server_11,9764.78,8102.62
21:21:55,server_20,9781.75,9573.62
21:21:55,server_9,398.79,419.05
21:21:55,server_1,186.07,131.78
21:21:55,server_2,1828.8,1847.64
21:21:55,server_3,6073.01,5594.02
21:21:55,server_4,660.88,492.6
21:21:55,server_10,678.4,882.06
21:21:55,server_6,73.01,87.95
21:21:55,server_7,985.88,984.7
21:21:55,server_8,0.0,0.0
21:21:55,server_5,1022.71,989.1
21:22:00,server_20,538.01,417.8
21:22:00,server_19,6928.58,7169.82
21:22:00,server_18,239.94,172.61
21:22:00,server_17,929.97,1071.01
21:22:00,server_16,1032.59,1030.08
21:22:00,server_15,271.13,290.05
21:22:00,server_14,916.99,1274.55
21:22:00,server_12,943.51,1026.78
21:22:00,server_11,272.11,206.04
21:22:00,server_13,4641.34,4550.65
21:22:00,server_9,803.06,567.47
21:22:00,server_10,1264.07,1244.64
21:22:00,server_2,16253.24,19119.28
21:22:00,server_3,663.44,770.74
21:22:00,server_4,629.99,468.3
21:22:00,server_1,471.35,321.38
21:22:00,server_6,495.5,266.24
21:22:00,server_7,887.1,1206.39
21:22:00,server_8,8619.81,10148.27
21:22:00,server_5,303.56,167.12
21:22:05,server_12,4648.32,4389.88
21:22:05,server_20,936.47,1364.51
21:22:05,server_19,285.16,197.64
21:22:05,server_18,19875.74,17142.9
21:22:05,server_17,949.04,1014.92
21:22:05,server_16,10428.83,11320.97
21:22:05,server_15,800.29,587.97
21:22:05,server_14,578.52,421.74
21:22:05,server_13,869.23,870.4
21:22:05,server_11,658.07,974.65
21:22:05,server_3,3454.5,3871.36
21:22:05,server_9,168.92,229.03
21:22:05,server_10,6856.74,7663.91
21:22:05,server_2,620.48,648.73
21:22:05,server_4,174.69,243.75
21:22:05,server_1,952.18,1280.89
21:22:05,server_6,499.1,693.79
21:22:05,server_7,3132.61,3633.56
21:22:05,server_8,292.07,407.07
21:22:05,server_5,587.79,400.49
21:22:10,server_12,1035.29,1018.36
21:22:10,server_19,270.2,324.52
21:22:10,server_18,296.94,415.16
21:22:10,server_17,271.87,184.89
21:22:10,server_16,16473.95,14790.12
21:22:10,server_15,210.6,230.34
21:22:10,server_14,861.12,877.98
21:22:10,server_20,664.78,401.1
21:22:10,server_11,2145.65,2492.81
21:22:10,server_13,54.04,68.2
21:22:10,server_9,211.1,278.33
21:22:10,server_1,889.06,980.46
21:22:10,server_2,6682.65,7094.79
21:22:10,server_3,433.89,496.03
21:22:10,server_4,132.38,89.58
21:22:10,server_10,505.63,458.84
21:22:10,server_6,687.97,1002.96
21:22:10,server_7,123.43,91.94
21:22:10,server_8,186.45,268.21
21:22:10,server_5,532.12,376.11
21:22:15,server_19,996.11,1198.48
21:22:15,server_18,927.15,1296.06
21:22:15,server_17,704.9,810.92
21:22:15,server_16,379.54,500.48
21:22:15,server_15,938.44,976.5
21:22:15,server_14,4740.6,5063.52
21:22:15,server_13,1150.57,1047.85
21:22:15,server_12,206.9,163.09
21:22:15,server_11,4037.13,4467.02
21:22:15,server_20,54.65,52.25
21:22:15,server_9,358.06,463.93
21:22:15,server_1,985.91,949.27
21:22:15,server_2,453.35,461.55
21:22:15,server_3,165.66,84.31
21:22:15,server_4,564.48,772.06
21:22:15,server_10,859.77,1125.27
21:22:15,server_6,892.21,624.67
21:22:15,server_7,766.58,911.52
21:22:15,server_8,764.92,670.61
21:22:15,server_5,1487.88,1405.14
21:22:20,server_11,338.28,432.47
21:22:20,server_19,929.5,720.43
21:22:20,server_18,533.57,474.24
21:22:20,server_17,752.52,753.62
21:22:20,server_16,894.74,1260.29
21:22:20,server_15,336.2,466.45
21:22:20,server_14,892.9,545.69
21:22:20,server_13,8762.51,10511.03
21:22:20,server_12,369.06,191.18
21:22:20,server_20,879.34,568.22
21:22:20,server_10,0.0,0.0
21:22:20,server_8,466.22,463.52
21:22:20,server_9,40.51,28.93
21:22:20,server_1,100.49,113.5
21:22:20,server_2,955.0,1211.97
21:22:20,server_3,605.36,808.99
21:22:20,server_5,554.76,490.28
21:22:20,server_6,174.79,153.15
21:22:20,server_7,161.34,225.72
21:22:20,server_4,2258.15,2064.1
21:22:25,server_20,257.6,257.08
21:22:25,server_11,10764.66,10738.73
21:22:25,server_18,97.37,143.92
21:22:25,server_17,289.99,229.75
21:22:25,server_16,1035.59,1517.22
21:22:25,server_15,29.18,25.5
21:22:25,server_14,963.16,1260.18
21:22:25,server_13,209.83,217.24
21:22:25,server_12,655.15,540.32
21:22:25,server_19,897.83,931.86
21:22:25,server_10,1162.84,1129.09
21:22:25,server_8,322.02,265.35
21:22:25,server_1,165.14,131.35
21:22:25,server_2,8899.53,9344.7
21:22:25,server_3,2373.27,2569.65
21:22:25,server_9,952.04,968.59
21:22:25,server_5,1321.1,1291.73
21:22:25,server_6,9.14,6.69
21:22:25,server_7,119.82,101.84
21:22:25,server_4,811.36,661.1
21:22:30,server_20,86.92,123.7
21:22:30,server_19,938.92,590.77
21:22:30,server_18,862.44,840.57
21:22:30,server_17,517.14,643.85
21:22:30,server_16,509.85,755.76
21:22:30,server_15,2696.27,2190.69
21:22:30,server_14,1031.45,517.03
21:22:30,server_12,323.07,434.16
21:22:30,server_11,296.58,340.14
21:22:30,server_13,113.91,118.57
21:22:30,server_9,825.83,562.91
21:22:30,server_10,518.32,374.21
21:22:30,server_2,784.61,910.95
21:22:30,server_3,197.07,260.85
21:22:30,server_4,130.91,181.81
21:22:30,server_1,712.51,446.0
21:22:30,server_6,848.79,517.19
21:22:30,server_7,952.73,930.19
21:22:30,server_8,838.26,950.33
21:22:30,server_5,193.53,110.62
21:22:35,server_12,452.11,502.82
21:22:35,server_19,747.32,708.23
21:22:35,server_18,824.44,626.58
21:22:35,server_20,44.53,27.11
21:22:35,server_17,357.32,355.4
21:22:35,server_16,91.07,86.56
21:22:35,server_15,1719.11,1534.11
21:22:35,server_14,212.1,166.83
21:22:35,server_13,570.68,848.59
21:22:35,server_11,1054.58,1233.36
21:22:35,server_3,413.48,591.53
21:22:35,server_9,67.21,85.38
21:22:35,server_10,369.2,450.11
21:22:35,server_2,2348.06,2066.24
21:22:35,server_4,555.27,549.44
21:22:35,server_1,121.18,152.72
21:22:35,server_6,570.05,681.39
21:22:35,server_7,6744.53,5874.11
21:22:35,server_8,927.26,985.65
21:22:35,server_5,926.68,781.39
21:22:40,server_11,521.67,265.89
21:22:40,server_20,828.36,999.47
21:22:40,server_18,3047.27,2990.11
21:22:40,server_17,994.66,1403.33
21:22:40,server_16,666.66,784.8
21:22:40,server_15,560.17,777.09
21:22:40,server_14,188.04,202.28
21:22:40,server_13,300.91,382.96
21:22:40,server_12,431.19,387.04
21:22:40,server_19,18862.08,18178.85
21:22:40,server_10,251.68,206.77
21:22:40,server_8,997.82,943.93
21:22:40,server_1,526.51,574.31
21:22:40,server_2,8132.46,8883.18
21:22:40,server_3,942.27,709.74
21:22:40,server_9,528.93,341.26
21:22:40,server_5,566.19,829.33
21:22:40,server_6,1000.93,1365.77
21:22:40,server_7,466.34,534.41
21:22:40,server_4,977.04,1448.46
21:22:45,server_12,1000.81,757.21
21:22:45,server_19,963.57,1256.42
21:22:45,server_18,296.35,261.94
21:22:45,server_17,1032.69,662.1
21:22:45,server_16,541.1,774.09
21:22:45,server_15,697.51,753.91
21:22:45,server_14,369.32,504.08
21:22:45,server_13,906.26,1035.44
21:22:45,server_11,7917.45,7055.54
21:22:45,server_20,165.5,235.12
21:22:45,server_9,465.84,282.19
21:22:45,server_1,4521.93,5111.28
21:22:45,server_2,21.77,11.89
21:22:45,server_3,639.42,638.86
21:22:45,server_4,9790.29,9157.55
21:22:45,server_10,963.56,891.69
21:22:45,server_6,448.44,574.52
21:22:45,server_7,53.85,60.31
21:22:45,server_8,15846.97,16705.17
21:22:45,server_5,401.02,592.27
21:22:50,server_11,3565.85,3128.82
21:22:50,server_19,627.69,571.19
21:22:50,server_18,996.61,500.51
21:22:50,server_17,951.49,952.81
21:22:50,server_16,200.06,254.65
21:22:50,server_15,930.71,768.71
21:22:50,server_14,802.49,1193.93
21:22:50,server_13,4772.84,4495.9
21:22:50,server_12,15274.33,13175.96
21:22:50,server_20,997.88,904.91
21:22:50,server_10,382.01,428.97
21:22:50,server_8,617.54,438.67
21:22:50,server_7,946.05,723.91
21:22:50,server_6,300.0,248.06
21:22:50,server_5,1551.31,1432.83
21:22:50,server_4,153.69,196.2
21:22:50,server_3,1033.53,1152.81
21:22:50,server_2,794.99,489.95
21:22:50,server_1,129.98,162.75
21:22:50,server_9,26.29,32.18
21:22:55,server_13,300.37,235.27
21:22:55,server_14,1022.58,566.99
21:22:55,server_16,372.68,520.52
21:22:55,server_12,832.24,772.75
21:22:55,server_18,953.38,941.22
21:22:55,server_19,148.68,167.02
21:22:55,server_20,18526.81,18339.13
21:22:55,server_17,829.06,1001.1
21:22:55,server_11,331.55,388.19
21:22:55,server_15,842.89,933.36
21:22:55,server_9,565.27,323.87
21:22:55,server_1,871.75,948.73
21:22:55,server_2,223.21,115.45
21:22:55,server_3,2277.49,2257.52
21:22:55,server_4,74.13,99.79
21:22:55,server_10,34.02,35.45
21:22:55,server_6,168.77,247.02
21:22:55,server_7,17379.35,18212.96
21:22:55,server_8,705.96,883.75
21:22:55,server_5,513.53,454.89
21:23:00,server_20,646.16,352.84
21:23:00,server_19,354.05,404.26
21:23:00,server_18,968.42,852.95
21:23:00,server_17,211.28,210.45
21:23:00,server_16,134.89,103.98
21:23:00,server_15,1036.65,786.62
21:23:00,server_14,875.35,990.38
21:23:00,server_12,516.16,479.63
21:23:00,server_11,255.69,367.66
21:23:00,server_13,4831.37,5628.9
21:23:00,server_9,10.85,10.83
21:23:00,server_8,15886.0,16941.06
21:23:00,server_7,712.04,395.08
21:23:00,server_6,447.22,613.14
21:23:00,server_5,90.75,99.71
21:23:00,server_4,139.33,155.85
21:23:00,server_3,10.25,9.35
21:23:00,server_2,666.35,581.22
21:23:00,server_10,317.02,320.09
21:23:00,server_1,2689.82,3197.92
21:23:05,server_13,243.52,319.03
21:23:05,server_14,290.43,194.52
21:23:05,server_15,656.87,949.13
21:23:05,server_16,279.84,311.1
21:23:05,server_20,10133.41,10809.47
21:23:05,server_18,604.57,715.19
21:23:05,server_19,631.2,383.49
21:23:05,server_12,9250.21,7767.33
21:23:05,server_17,41.99,38.57
21:23:05,server_11,400.69,485.5
21:23:05,server_3,7847.61,8955.96
21:23:05,server_9,544.08,589.66
21:23:05,server_8,646.16,945.26
21:23:05,server_7,808.7,1016.19
21:23:05,server_6,12674.16,13426.29
21:23:05,server_5,353.62,504.61
21:23:05,server_4,4043.78,4796.67
21:23:05,server_2,18275.52,20104.44
21:23:05,server_1,874.05,916.96
21:23:05,server_10,18.65,10.61
21:23:10,server_15,864.31,805.56
21:23:10,server_14,1475.17,1464.12
21:23:10,server_16,13742.91,16106.88
21:23:10,server_13,237.66,276.09
21:23:10,server_18,17958.17,20694.02
21:23:10,server_19,549.57,504.67
21:23:10,server_20,163.0,93.46
21:23:10,server_12,337.56,405.7
21:23:10,server_17,201.92,139.64
21:23:10,server_11,928.44,685.91
21:23:10,server_10,711.13,627.16
21:23:10,server_9,366.85,294.02
21:23:10,server_2,5305.97,4711.24
21:23:10,server_3,820.06,888.05
21:23:10,server_4,819.32,463.9
21:23:10,server_1,1583.79,1377.32
21:23:10,server_6,678.17,377.46
21:23:10,server_7,1014.92,1330.87
21:23:10,server_8,3614.19,3545.69
21:23:10,server_5,191.85,266.23
21:23:15,server_12,325.29,453.22
21:23:15,server_20,796.99,603.41
21:23:15,server_19,16.57,21.81
21:23:15,server_18,397.21,532.27
21:23:15,server_16,1529.29,1675.97
21:23:15,server_15,5655.7,5357.69
21:23:15,server_14,745.73,1004.13
21:23:15,server_13,3122.72,3150.05
21:23:15,server_11,6508.07,5624.51
21:23:15,server_17,603.94,541.81
21:23:15,server_9,363.8,517.73
21:23:15,server_10,661.39,937.81
21:23:15,server_2,533.54,564.36
21:23:15,server_3,629.36,642.06
21:23:15,server_4,16586.2,19268.52
21:23:15,server_1,10327.89,10431.73
21:23:15,server_6,27.9,30.01
21:23:15,server_7,28.85,20.6
21:23:15,server_8,363.21,315.36
21:23:15,server_5,233.11,212.5
21:23:20,server_20,715.32,1058.6
21:23:20,server_12,530.82,486.85
21:23:20,server_19,400.45,224.85
21:23:20,server_18,222.43,137.93
21:23:20,server_17,948.99,1085.13
21:23:20,server_16,19737.96,19405.2
21:23:20,server_15,260.81,347.09
21:23:20,server_14,993.19,1094.32
21:23:20,server_13,67.14,79.22
21:23:20,server_11,1046.57,1555.53
21:23:20,server_7,83.58,48.32
21:23:20,server_9,1983.45,2348.87
21:23:20,server_8,438.65,274.82
21:23:20,server_6,500.87,274.84
21:23:20,server_5,319.2,242.3
21:23:20,server_4,166.98,96.23
21:23:20,server_3,454.65,611.06
21:23:20,server_2,685.43,533.48
21:23:20,server_1,488.21,601.3
21:23:20,server_10,280.61,208.96
21:23:25,server_15,3491.02,3476.98
21:23:25,server_14,397.4,367.51
21:23:25,server_16,332.35,433.25
21:23:25,server_13,273.55,374.27
21:23:25,server_18,889.62,527.49
21:23:25,server_19,1023.78,985.11
21:23:25,server_20,8850.92,8546.42
21:23:25,server_12,6954.41,5819.61
21:23:25,server_17,880.36,800.77
21:23:25,server_11,3665.01,3972.55
21:23:25,server_3,460.69,495.56
21:23:25,server_9,195.86,112.28
21:23:25,server_8,881.31,609.36
21:23:25,server_7,2089.36,1704.32
21:23:25,server_6,356.62,371.27
21:23:25,server_5,0.0,0.0
21:23:25,server_4,448.45,237.09
21:23:25,server_10,189.03,251.84
21:23:25,server_2,389.49,421.01
21:23:25,server_1,68.46,94.81
21:23:30,server_13,426.02,304.32
21:23:30,server_14,19939.84,21744.66
21:23:30,server_15,829.04,898.22
21:23:30,server_16,3269.39,3360.43
21:23:30,server_20,1001.09,1153.34
21:23:30,server_18,492.5,332.42
21:23:30,server_19,566.87,330.73
21:23:30,server_12,248.6,261.22
21:23:30,server_17,682.27,540.84
21:23:30,server_11,660.92,455.45
21:23:30,server_10,892.47,1334.14
21:23:30,server_9,434.5,429.88
21:23:30,server_2,1810.01,1775.9
21:23:30,server_3,1439.74,1719.35
21:23:30,server_4,4310.75,4888.81
21:23:30,server_1,15868.06,13811.52
21:23:30,server_6,869.04,1122.17
21:23:30,server_7,467.24,384.67
21:23:30,server_8,474.35,241.17
21:23:30,server_5,3842.42,3321.94
21:23:35,server_12,900.13,663.28
21:23:35,server_19,36.93,40.31
21:23:35,server_18,4326.28,4953.16
21:23:35,server_17,1801.71,1822.61
21:23:35,server_16,454.78,496.48
21:23:35,server_15,142.97,180.45
21:23:35,server_14,406.96,511.39
21:23:35,server_13,223.46,237.18
21:23:35,server_11,590.51,589.75
21:23:35,server_20,229.6,178.64
21:23:35,server_9,466.94,261.62
21:23:35,server_1,202.21,253.8
21:23:35,server_2,242.48,334.82
21:23:35,server_3,322.78,233.53
21:23:35,server_4,329.52,385.33
21:23:35,server_10,717.58,891.94
21:23:35,server_6,888.26,858.03
21:23:35,server_7,107.96,74.03
21:23:35,server_8,319.02,253.74
21:23:35,server_5,779.44,976.06
21:23:40,server_12,1942.34,2256.04
21:23:40,server_19,226.55,163.83
21:23:40,server_18,356.05,424.31
21:23:40,server_17,405.87,284.55
21:23:40,server_16,868.13,451.38
21:23:40,server_15,927.07,599.24
21:23:40,server_14,871.86,972.84
21:23:40,server_13,923.64,673.66
21:23:40,server_11,578.44,338.13
21:23:40,server_20,13316.46,11129.25
21:23:40,server_9,235.98,237.79
21:23:40,server_1,199.4,111.11
21:23:40,server_2,439.2,479.39
21:23:40,server_3,786.72,694.66
21:23:40,server_4,239.72,298.27
21:23:40,server_10,453.1,346.92
21:23:40,server_6,9975.35,9487.05
21:23:40,server_7,953.4,1351.01
21:23:40,server_8,542.06,812.64
21:23:40,server_5,708.53,809.56
21:23:45,server_11,912.23,1064.34
21:23:45,server_19,6164.29,5409.22
21:23:45,server_18,676.41,616.42
21:23:45,server_17,931.66,743.03
21:23:45,server_16,879.59,1177.18
21:23:45,server_15,532.56,766.64
21:23:45,server_14,16139.39,16560.47
21:23:45,server_13,8331.92,9204.09
21:23:45,server_12,678.06,445.02
21:23:45,server_20,5.37,4.63
21:23:45,server_10,876.38,519.29
21:23:45,server_8,400.37,258.59
21:23:45,server_7,440.07,380.05
21:23:45,server_6,77.63,88.08
21:23:45,server_5,230.59,341.24
21:23:45,server_4,373.99,548.95
21:23:45,server_3,392.58,386.15
21:23:45,server_2,330.39,297.26
21:23:45,server_1,1057.62,773.39
21:23:45,server_9,871.24,648.74
21:23:50,server_14,2557.22,2638.75
21:23:50,server_15,462.74,576.97
21:23:50,server_16,847.8,1097.2
21:23:50,server_12,154.33,170.79
21:23:50,server_18,617.8,790.82
21:23:50,server_19,446.38,484.41
21:23:50,server_20,4287.32,4737.39
21:23:50,server_17,492.59,475.61
21:23:50,server_11,175.4,215.32
21:23:50,server_13,2564.21,2601.37
21:23:50,server_9,447.39,569.96
21:23:50,server_10,366.86,477.66
21:23:50,server_2,665.53,634.15
21:23:50,server_3,485.81,654.5
21:23:50,server_4,648.27,602.0
21:23:50,server_1,455.9,446.5
21:23:50,server_6,204.28,144.6
21:23:50,server_7,4186.84,4810.53
21:23:50,server_8,174.09,109.02
21:23:50,server_5,651.36,515.49
21:23:55,server_20,4751.34,4861.66
21:23:55,server_19,149.37,189.6
21:23:55,server_18,964.09,883.92
21:23:55,server_12,218.82,129.74
21:23:55,server_17,737.9,964.18
21:23:55,server_16,328.41,467.97
21:23:55,server_15,4593.73,4578.07
21:23:55,server_14,445.39,578.6
21:23:55,server_13,423.11,540.85
21:23:55,server_11,659.24,950.77
21:23:55,server_3,882.3,882.12
21:23:55,server_9,499.3,487.92
21:23:55,server_1,91.24,91.77
21:23:55,server_2,996.17,1182.91
21:23:55,server_4,491.87,350.76
21:23:55,server_10,329.79,249.91
21:23:55,server_6,864.16,621.68
21:23:55,server_7,838.31,761.63
21:23:55,server_8,163.38,165.87
21:23:55,server_5,1007.0,812.2
21:24:00,server_20,4116.62,4485.68
21:24:00,server_19,1179.33,1166.89
21:24:00,server_18,1021.62,1213.44
21:24:00,server_17,446.44,380.75
21:24:00,server_16,11705.74,11789.19
21:24:00,server_15,217.18,271.87
21:24:00,server_14,918.52,575.88
21:24:00,server_12,776.92,757.01
21:24:00,server_11,436.89,350.61
21:24:00,server_13,621.89,715.11
21:24:00,server_9,385.22,279.58
21:24:00,server_10,890.49,1276.33
21:24:00,server_2,13916.25,13881.68
21:24:00,server_3,211.3,312.25
21:24:00,server_4,294.83,161.44
21:24:00,server_1,404.31,314.74
21:24:00,server_6,207.71,135.06
21:24:00,server_7,552.91,501.03
21:24:00,server_8,502.71,345.57
21:24:00,server_5,169.57,158.83
21:24:05,server_12,13370.78,12828.55
21:24:05,server_20,1007.15,1288.66
21:24:05,server_19,712.48,387.8
21:24:05,server_18,381.8,297.37
21:24:05,server_17,354.31,390.9
21:24:05,server_16,977.95,606.75
21:24:05,server_15,693.36,900.51
21:24:05,server_14,595.12,852.69
21:24:05,server_13,922.68,1146.0
21:24:05,server_11,275.46,408.12
21:24:05,server_3,2001.26,1899.0
21:24:05,server_9,590.63,609.36
21:24:05,server_8,16078.89,18088.37
21:24:05,server_7,288.53,423.03
21:24:05,server_6,745.31,1075.65
21:24:05,server_5,395.86,414.06
21:24:05,server_4,177.99,220.19
21:24:05,server_2,1462.95,1391.1
21:24:05,server_1,220.82,241.41
21:24:05,server_10,159.13,81.52
21:24:10,server_13,436.37,412.17
21:24:10,server_14,194.46,210.89
21:24:10,server_15,10630.9,10064.99
21:24:10,server_16,16060.73,18656.12
21:24:10,server_19,671.98,787.1
21:24:10,server_20,565.21,783.62
21:24:10,server_18,818.18,1074.6
21:24:10,server_12,274.04,369.79
21:24:10,server_17,7204.25,6310.32
21:24:10,server_11,258.67,170.05
21:24:10,server_3,367.82,428.21
21:24:10,server_9,371.22,273.18
21:24:10,server_10,2602.62,2127.41
21:24:10,server_2,590.93,547.75
21:24:10,server_4,3955.59,4244.15
21:24:10,server_1,294.2,337.03
21:24:10,server_6,964.53,1120.19
21:24:10,server_7,1626.31,1534.03
21:24:10,server_5,34.06,39.81
21:24:10,server_8,16667.32,19812.13
21:24:15,server_20,893.83,519.02
21:24:15,server_19,784.32,1020.71
21:24:15,server_18,13446.94,14342.24
21:24:15,server_17,7320.03,8720.27
21:24:15,server_16,285.15,262.13
21:24:15,server_15,94.74,127.59
21:24:15,server_14,788.86,737.17
21:24:15,server_12,835.66,560.65
21:24:15,server_10,16491.52,16693.09
21:24:15,server_13,82.17,118.87
21:24:15,server_8,3505.61,4019.85
21:24:15,server_9,137.22,168.08
21:24:15,server_1,4925.78,4596.0
21:24:15,server_2,483.69,692.89
21:24:15,server_3,220.22,138.26
21:24:15,server_11,688.23,644.68
21:24:15,server_5,6449.71,6689.2
21:24:15,server_6,0.0,0.0
21:24:15,server_7,2552.17,2739.69
21:24:15,server_4,798.99,404.89
21:24:20,server_20,298.91,299.15
21:24:20,server_19,461.66,603.36
21:24:20,server_18,315.47,277.28
21:24:20,server_17,683.19,529.35
21:24:20,server_16,177.7,187.56
21:24:20,server_15,309.58,422.09
21:24:20,server_14,9463.64,8021.6
21:24:20,server_13,173.36,128.75
21:24:20,server_12,16260.26,16931.71
21:24:20,server_11,2723.03,3078.91
21:24:20,server_10,500.89,356.38
21:24:20,server_8,1328.76,1084.22
21:24:20,server_7,367.76,522.31
21:24:20,server_6,3927.23,3538.94
21:24:20,server_5,326.85,370.29
21:24:20,server_4,4037.1,4726.27
21:24:20,server_3,321.34,318.73
21:24:20,server_2,469.39,510.13
21:24:20,server_1,549.73,810.98
21:24:20,server_9,569.97,385.31
21:24:25,server_13,223.83,266.26
21:24:25,server_14,106.18,71.18
21:24:25,server_15,432.54,558.29
21:24:25,server_16,818.85,467.37
21:24:25,server_20,39.05,32.55
21:24:25,server_18,269.86,306.49
21:24:25,server_19,10933.45,11362.02
21:24:25,server_12,267.69,262.31
21:24:25,server_17,665.66,451.51
21:24:25,server_11,250.37,255.67
21:24:25,server_10,517.94,311.49
21:24:25,server_9,823.59,879.51
21:24:25,server_2,170.33,171.91
21:24:25,server_3,14434.57,15619.24
21:24:25,server_4,376.26,262.14
21:24:25,server_1,489.5,526.1
21:24:25,server_6,131.89,93.89
21:24:25,server_7,762.94,758.31
21:24:25,server_8,529.91,502.51
21:24:25,server_5,660.72,813.62
21:24:30,server_12,431.97,312.28
21:24:30,server_19,953.43,484.37
21:24:30,server_18,475.13,476.43
21:24:30,server_17,903.97,1258.15
21:24:30,server_16,913.29,1243.55
21:24:30,server_15,169.3,160.17
21:24:30,server_14,1690.96,1977.3
21:24:30,server_13,4096.8,4751.01
21:24:30,server_11,482.45,434.64
21:24:30,server_20,128.25,99.83
21:24:30,server_9,218.92,273.57
21:24:30,server_1,747.95,1057.41
21:24:30,server_2,489.28,637.67
21:24:30,server_3,566.31,633.56
21:24:30,server_4,295.75,149.08
21:24:30,server_10,419.51,257.65
21:24:30,server_6,542.8,786.62
21:24:30,server_7,15433.16,12577.39
21:24:30,server_8,859.38,764.22
21:24:30,server_5,83.97,97.1
21:24:35,server_12,178.54,152.58
21:24:35,server_19,14042.3,14970.66
21:24:35,server_18,629.64,690.56
21:24:35,server_17,319.77,215.46
21:24:35,server_16,309.87,180.16
21:24:35,server_15,60.32,42.62
21:24:35,server_14,468.13,487.54
21:24:35,server_13,708.53,852.65
21:24:35,server_11,663.72,372.7
21:24:35,server_20,4258.61,4821.94
21:24:35,server_9,2667.93,2423.49
21:24:35,server_1,184.63,265.37
21:24:35,server_2,3649.51,3208.3
21:24:35,server_3,16161.63,17545.33
21:24:35,server_4,680.77,692.17
21:24:35,server_10,525.86,367.45
21:24:35,server_6,488.41,498.28
21:24:35,server_7,3814.25,3661.69
21:24:35,server_8,13571.7,13559.75
21:24:35,server_5,2641.03,2298.79
21:24:40,server_11,407.99,431.04
21:24:40,server_19,0.69,0.61
21:24:40,server_18,557.41,735.98
21:24:40,server_17,829.2,911.94
21:24:40,server_16,0.0,0.0
21:24:40,server_15,564.99,789.22
21:24:40,server_14,526.89,635.31
21:24:40,server_13,797.22,462.54
21:24:40,server_12,1035.28,907.62
21:24:40,server_20,476.07,660.83
21:24:40,server_10,599.04,471.27
21:24:40,server_8,0.0,0.0
21:24:40,server_7,902.91,922.59
21:24:40,server_6,76.9,114.16
21:24:40,server_5,1009.06,1504.53
21:24:40,server_4,936.75,1083.87
21:24:40,server_3,881.33,985.89
21:24:40,server_2,149.18,102.92
21:24:40,server_1,9161.61,9662.43
21:24:40,server_9,11370.22,10643.38
21:24:45,server_13,345.47,303.91
21:24:45,server_14,643.56,597.73
21:24:45,server_15,18.34,20.07
21:24:45,server_12,547.18,473.82
21:24:45,server_17,106.39,103.53
21:24:45,server_18,33.91,24.44
21:24:45,server_19,889.81,674.1
21:24:45,server_16,145.61,167.89
21:24:45,server_11,43.57,41.92
21:24:45,server_20,309.94,390.26
21:24:45,server_9,28.32,15.07
21:24:45,server_8,276.48,224.13
21:24:45,server_7,971.74,1004.45
21:24:45,server_6,1097.27,615.94
21:24:45,server_5,254.86,359.16
21:24:45,server_4,8418.98,9101.8
21:24:45,server_3,204.78,192.29
21:24:45,server_2,195.64,244.86
21:24:45,server_1,206.32,219.46
21:24:45,server_10,217.65,229.69
21:24:50,server_13,186.08,177.1
21:24:50,server_14,117.53,130.52
21:24:50,server_15,4111.5,3597.36
21:24:50,server_16,870.96,828.82
21:24:50,server_20,376.79,544.96
21:24:50,server_12,11918.61,13156.95
21:24:50,server_18,576.39,635.04
21:24:50,server_19,214.94,176.87
21:24:50,server_17,22.35,24.0
21:24:50,server_11,2834.21,2648.48
21:24:50,server_3,449.13,352.06
21:24:50,server_9,4721.23,4506.53
21:24:50,server_1,3664.97,3328.64
21:24:50,server_2,719.96,445.09
21:24:50,server_4,348.2,190.21
21:24:50,server_10,206.53,268.42
21:24:50,server_6,15442.38,14103.01
21:24:50,server_7,2615.72,2876.02
21:24:50,server_8,501.69,639.71
21:24:50,server_5,52.13,62.17
21:24:55,server_12,67.97,56.66
21:24:55,server_19,143.21,145.63
21:24:55,server_18,472.81,556.09
21:24:55,server_17,975.19,1182.15
21:24:55,server_16,763.05,687.36
21:24:55,server_15,5594.08,5173.55
21:24:55,server_14,730.1,435.13
21:24:55,server_13,1712.14,1959.1
21:24:55,server_11,633.75,641.55
21:24:55,server_20,189.51,242.28
21:24:55,server_9,272.8,369.49
21:24:55,server_1,8901.33,9363.77
21:24:55,server_2,35.81,45.9
21:24:55,server_3,199.93,186.88
21:24:55,server_4,9718.83,10361.36
21:24:55,server_10,996.62,1424.45
21:24:55,server_6,8792.88,7245.92
21:24:55,server_7,563.96,319.23
21:24:55,server_8,555.61,518.37
21:24:55,server_5,371.72,343.03
21:25:00,server_11,757.04,679.9
21:25:00,server_19,263.48,306.43
21:25:00,server_18,13336.33,15133.65
21:25:00,server_17,359.03,489.01
21:25:00,server_16,26.78,35.97
21:25:00,server_15,648.35,712.27
21:25:00,server_14,569.4,465.18
21:25:00,server_13,951.69,969.85
21:25:00,server_12,802.84,627.74
21:25:00,server_20,18381.55,18663.1
21:25:00,server_10,296.84,409.33
21:25:00,server_8,785.72,740.79
21:25:00,server_7,1904.85,1908.83
21:25:00,server_6,491.17,726.03
21:25:00,server_5,753.41,927.27
21:25:00,server_4,416.09,618.11
21:25:00,server_3,574.73,845.48
21:25:00,server_2,848.99,612.02
21:25:00,server_1,853.98,525.73
21:25:00,server_9,318.61,349.8
21:25:05,server_14,191.83,215.19
21:25:05,server_15,51.8,64.86
21:25:05,server_16,114.83,163.4
21:25:05,server_13,3368.58,3702.08
21:25:05,server_18,1964.82,1905.27
21:25:05,server_19,27.48,34.68
21:25:05,server_20,531.67,394.85
21:25:05,server_17,945.5,954.6
21:25:05,server_12,650.97,818.2
21:25:05,server_11,196.88,100.42
21:25:05,server_1,684.2,388.16
21:25:05,server_9,937.65,970.59
21:25:05,server_8,934.46,1283.15
21:25:05,server_7,17092.03,19629.22
21:25:05,server_6,915.02,965.31
21:25:05,server_5,464.11,695.17
21:25:05,server_4,249.14,166.41
21:25:05,server_3,10872.94,12411.36
21:25:05,server_2,143.98,85.23
21:25:05,server_10,323.2,275.08
21:25:10,server_13,944.34,1088.36
21:25:10,server_14,622.73,381.32
21:25:10,server_15,636.38,915.42
21:25:10,server_20,715.82,833.29
21:25:10,server_18,18201.18,19958.57
21:25:10,server_19,364.75,433.7
21:25:10,server_12,120.36,180.2
21:25:10,server_16,743.45,394.8
21:25:10,server_11,14430.59,17219.03
21:25:10,server_17,962.54,554.72
21:25:10,server_9,68.83,96.88
21:25:10,server_10,470.77,500.78
21:25:10,server_2,988.4,866.06
21:25:10,server_3,1095.99,896.88
21:25:10,server_4,7637.35,8905.77
21:25:10,server_1,50.07,72.32
21:25:10,server_6,882.48,626.33
21:25:10,server_7,533.51,701.39
21:25:10,server_8,832.94,526.62
21:25:10,server_5,622.11,772.43
21:25:15,server_20,95.96,109.77
21:25:15,server_12,587.26,571.54
21:25:15,server_19,307.47,249.29
21:25:15,server_18,203.89,248.13
21:25:15,server_17,451.77,436.32
21:25:15,server_16,859.3,450.8
21:25:15,server_15,75.2,57.01
21:25:15,server_14,59.89,34.81
21:25:15,server_13,899.58,989.07
21:25:15,server_11,16019.85,18072.39
21:25:15,server_7,912.27,988.59
21:25:15,server_9,5333.18,6160.43
21:25:15,server_8,522.83,403.69
21:25:15,server_6,472.16,423.34
21:25:15,server_5,846.01,575.73
21:25:15,server_4,14.04,15.35
21:25:15,server_3,667.22,384.08
21:25:15,server_2,4194.66,4145.2
21:25:15,server_1,3827.18,3749.71
21:25:15,server_10,7050.97,7210.84
21:25:20,server_15,1003.91,1084.32
21:25:20,server_13,2284.03,2478.15
21:25:20,server_14,695.43,937.27
21:25:20,server_16,4527.9,4841.73
21:25:20,server_12,339.59,432.74
21:25:20,server_18,170.79,99.88
21:25:20,server_19,201.94,164.11
21:25:20,server_20,11771.03,9914.0
21:25:20,server_17,578.03,534.76
21:25:20,server_11,34.53,49.79
21:25:20,server_1,655.01,435.39
21:25:20,server_9,356.95,442.54
21:25:20,server_2,235.3,229.77
21:25:20,server_3,994.91,1350.52
21:25:20,server_4,4361.02,4821.58
21:25:20,server_10,899.41,1193.64
21:25:20,server_6,380.5,258.01
21:25:20,server_7,37.54,53.91
21:25:20,server_8,545.76,417.7
21:25:20,server_5,265.92,240.02
21:25:25,server_13,17.1,25.16
21:25:25,server_20,2150.61,2214.53
21:25:25,server_19,903.98,576.68
21:25:25,server_18,258.91,140.32
21:25:25,server_17,9026.38,7908.36
21:25:25,server_16,18313.55,20481.52
21:25:25,server_15,779.92,812.67
21:25:25,server_14,167.74,153.62
21:25:25,server_12,202.97,125.92
21:25:25,server_11,241.97,196.37
21:25:25,server_1,1504.99,1738.74
21:25:25,server_9,500.55,687.32
21:25:25,server_8,735.81,732.45
21:25:25,server_7,109.4,79.12
21:25:25,server_6,289.1,260.78
21:25:25,server_5,846.64,1218.04
21:25:25,server_4,18.77,19.6
21:25:25,server_3,861.57,1236.04
21:25:25,server_2,990.07,836.04
21:25:25,server_10,279.4,192.54
21:25:30,server_13,582.6,728.75
21:25:30,server_14,187.34,238.79
21:25:30,server_15,261.92,291.45
21:25:30,server_16,15244.98,16352.4
21:25:30,server_12,2094.07,1683.1
21:25:30,server_18,890.77,1123.27
21:25:30,server_19,17684.66,15768.58
21:25:30,server_20,179.69,257.9
21:25:30,server_17,252.01,219.37
21:25:30,server_11,145.5,215.83
21:25:30,server_1,664.21,404.91
21:25:30,server_9,550.65,285.48
21:25:30,server_8,317.63,177.2
21:25:30,server_7,962.17,620.05
21:25:30,server_6,350.93,184.1
21:25:30,server_5,112.01,69.95
21:25:30,server_4,484.91,647.91
21:25:30,server_3,487.14,617.75
21:25:30,server_2,845.32,861.48
21:25:30,server_10,13581.09,13545.99
21:25:35,server_13,3349.83,3143.4
21:25:35,server_14,228.02,186.65
21:25:35,server_15,325.82,368.33
21:25:35,server_16,637.29,381.02
21:25:35,server_20,435.73,305.69
21:25:35,server_18,1077.64,1185.68
21:25:35,server_19,81.69,103.83
21:25:35,server_12,836.74,1036.14
21:25:35,server_17,572.46,648.89
21:25:35,server_11,835.7,618.67
21:25:35,server_1,265.12,245.28
21:25:35,server_9,152.48,228.44
21:25:35,server_2,931.28,1148.75
21:25:35,server_3,101.16,143.44
21:25:35,server_4,80.1,70.19
21:25:35,server_10,157.52,88.98
21:25:35,server_6,266.57,310.47
21:25:35,server_7,190.09,181.07
21:25:35,server_8,18.18,22.69
21:25:35,server_5,2389.38,2323.75
21:25:40,server_12,2416.82,2604.64
21:25:40,server_19,135.98,89.38
21:25:40,server_18,498.14,641.18
21:25:40,server_17,506.03,430.64
21:25:40,server_16,4511.16,4409.82
21:25:40,server_15,4883.97,4209.44
21:25:40,server_14,862.06,454.01
21:25:40,server_13,941.36,660.32
21:25:40,server_20,66.79,65.22
21:25:40,server_11,115.57,133.98
21:25:40,server_9,66.28,95.08
21:25:40,server_8,19364.58,22638.31
21:25:40,server_7,108.88,161.02
21:25:40,server_6,562.8,818.4
21:25:40,server_5,2445.05,2721.22
21:25:40,server_4,18745.83,19224.34
21:25:40,server_3,194.46,98.39
21:25:40,server_2,535.65,729.49
21:25:40,server_1,916.64,495.92
21:25:40,server_10,138.99,120.65
21:25:45,server_13,239.42,121.69
21:25:45,server_20,843.41,1075.74
21:25:45,server_14,572.82,775.8
21:25:45,server_15,868.79,819.35
21:25:45,server_12,12780.73,13643.99
21:25:45,server_17,4204.62,3458.89
21:25:45,server_18,330.77,166.67
21:25:45,server_19,28.9,26.62
21:25:45,server_16,6983.45,5876.67
21:25:45,server_11,744.18,740.74
21:25:45,server_7,7.26,8.66
21:25:45,server_9,181.93,153.02
21:25:45,server_8,486.65,695.66
21:25:45,server_6,112.2,144.59
21:25:45,server_5,240.38,275.19
21:25:45,server_4,641.08,671.06
21:25:45,server_3,329.08,394.93
21:25:45,server_2,2040.63,1828.7
21:25:45,server_1,1761.95,2070.28
21:25:45,server_10,52.77,35.81
21:25:50,server_13,106.8,59.91
21:25:50,server_14,17.4,17.91
21:25:50,server_15,841.48,979.02
21:25:50,server_16,696.11,543.4
21:25:50,server_20,658.19,486.42
21:25:50,server_18,34.04,33.71
21:25:50,server_19,106.23,142.87
21:25:50,server_12,19578.68,21940.55
21:25:50,server_17,19653.76,22358.94
21:25:50,server_11,188.97,188.64
21:25:50,server_10,109.06,132.61
21:25:50,server_9,468.97,404.99
21:25:50,server_2,1042.7,917.79
21:25:50,server_3,645.87,682.54
21:25:50,server_4,75.12,82.56
21:25:50,server_1,535.73,512.64
21:25:50,server_6,226.93,210.49
21:25:50,server_7,8180.44,6787.02
21:25:50,server_8,1137.27,972.75
21:25:50,server_5,1053.77,828.97
21:25:55,server_12,2895.47,3095.03
21:25:55,server_19,13120.66,11438.49
21:25:55,server_18,413.16,608.3
21:25:55,server_17,871.03,577.21
21:25:55,server_16,76.33,97.12
21:25:55,server_15,664.53,428.79
21:25:55,server_14,2950.18,3339.41
21:25:55,server_13,363.4,441.16
21:25:55,server_11,4473.25,3657.14
21:25:55,server_20,960.95,1239.88
21:25:55,server_9,592.43,363.1
21:25:55,server_1,5933.05,5857.63
21:25:55,server_2,343.75,266.58
21:25:55,server_3,947.76,1209.86
21:25:55,server_4,322.36,431.76
21:25:55,server_10,6474.96,5440.56
21:25:55,server_6,605.88,506.93
21:25:55,server_7,914.95,1065.4
21:25:55,server_8,227.84,234.07
21:25:55,server_5,1057.15,1141.17
21:26:00,server_12,723.92,415.88
21:26:00,server_19,4792.13,4836.14
21:26:00,server_18,133.27,95.76
21:26:00,server_17,13273.8,14935.16
21:26:00,server_16,855.37,790.58
21:26:00,server_15,244.87,331.09
21:26:00,server_14,277.96,167.54
21:26:00,server_13,908.14,1021.04
21:26:00,server_11,19392.74,17131.99
21:26:00,server_20,626.51,836.23
21:26:00,server_9,11884.6,12474.88
21:26:00,server_1,960.97,527.14
21:26:00,server_2,15316.19,17910.5
21:26:00,server_3,511.08,467.91
21:26:00,server_4,175.86,136.78
21:26:00,server_10,678.04,394.74
21:26:00,server_6,875.89,819.85
21:26:00,server_7,244.39,160.79
21:26:00,server_8,6697.43,5946.42
21:26:00,server_5,504.98,378.54
21:26:05,server_11,572.39,473.45
21:26:05,server_19,751.26,1032.98
21:26:05,server_18,36.28,45.77
21:26:05,server_17,171.78,185.27
21:26:05,server_16,396.71,527.86
21:26:05,server_15,13568.6,15553.58
21:26:05,server_14,128.49,98.97
21:26:05,server_13,126.55,176.34
21:26:05,server_12,863.17,453.33
21:26:05,server_20,162.27,159.7
21:26:05,server_10,539.07,384.11
21:26:05,server_8,288.0,393.81
21:26:05,server_7,441.02,497.85
21:26:05,server_6,417.86,299.78
21:26:05,server_5,449.84,256.61
21:26:05,server_4,849.53,625.14
21:26:05,server_3,966.3,1445.31
21:26:05,server_2,522.96,402.49
21:26:05,server_1,278.42,174.13
21:26:05,server_9,916.28,859.65
21:26:10,server_13,2308.71,2222.53
21:26:10,server_14,135.46,183.61
21:26:10,server_15,209.91,172.74
21:26:10,server_12,964.66,1362.19
21:26:10,server_20,229.13,277.09
21:26:10,server_18,53.93,77.92
21:26:10,server_19,105.66,78.34
21:26:10,server_16,320.62,222.07
21:26:10,server_11,8.82,8.07
21:26:10,server_17,495.19,480.71
21:26:10,server_9,597.82,460.16
21:26:10,server_1,477.15,445.98
21:26:10,server_2,23.35,30.34
21:26:10,server_3,933.95,841.08
21:26:10,server_4,525.77,704.38
21:26:10,server_10,349.4,334.03
21:26:10,server_6,319.46,249.68
21:26:10,server_7,713.34,368.82
21:26:10,server_8,932.98,579.03
21:26:10,server_5,259.54,198.53
21:26:15,server_12,624.74,594.37
21:26:15,server_19,10094.42,11111.19
21:26:15,server_18,963.61,727.9
21:26:15,server_17,378.75,485.84
21:26:15,server_16,401.82,207.67
21:26:15,server_15,2974.34,2609.73
21:26:15,server_14,3748.58,4176.41
21:26:15,server_13,240.95,246.79
21:26:15,server_11,1035.88,1014.8
21:26:15,server_20,637.88,569.1
21:26:15,server_9,273.33,295.32
21:26:15,server_1,242.84,275.92
21:26:15,server_2,543.13,288.31
21:26:15,server_3,516.17,693.97
21:26:15,server_4,416.39,570.85
21:26:15,server_10,522.8,582.7
21:26:15,server_6,942.91,970.25
21:26:15,server_7,521.32,656.09
21:26:15,server_8,218.96,124.7
21:26:15,server_5,913.71,855.57
21:26:20,server_11,412.91,213.41
21:26:20,server_19,3066.6,2930.48
21:26:20,server_18,0.0,0.0
21:26:20,server_17,419.63,534.21
21:26:20,server_16,942.02,733.52
21:26:20,server_15,16456.39,17051.43
21:26:20,server_14,239.22,286.86
21:26:20,server_13,217.23,319.5
21:26:20,server_12,4153.61,4148.74
21:26:20,server_20,131.79,145.46
21:26:20,server_10,318.63,190.45
21:26:20,server_8,16129.76,15996.2
21:26:20,server_7,1031.41,813.51
21:26:20,server_6,267.59,344.43
21:26:20,server_5,917.75,1104.85
21:26:20,server_4,15501.35,17500.22
21:26:20,server_3,291.05,317.96
21:26:20,server_2,2970.84,2701.67
21:26:20,server_1,162.07,145.31
21:26:20,server_9,16876.24,20206.96
21:26:25,server_13,172.55,214.47
21:26:25,server_20,10.83,8.38
21:26:25,server_14,966.51,946.78
21:26:25,server_15,239.58,295.84
21:26:25,server_19,4884.85,4904.24
21:26:25,server_17,287.55,212.65
21:26:25,server_18,981.48,1383.72
21:26:25,server_12,1071.87,1160.3
21:26:25,server_16,649.94,897.21
21:26:25,server_11,2877.24,2642.88
21:26:25,server_7,962.93,540.61
21:26:25,server_9,846.05,779.21
21:26:25,server_8,543.48,706.02
21:26:25,server_6,20.02,28.94
21:26:25,server_5,212.56,191.35
21:26:25,server_4,2262.1,2533.13
21:26:25,server_3,634.58,440.13
21:26:25,server_2,13268.62,13695.76
21:26:25,server_1,951.1,1308.85
21:26:25,server_10,2702.66,2389.35
21:26:30,server_13,350.01,176.93
21:26:30,server_14,979.16,1380.86
21:26:30,server_15,1008.08,1461.53
21:26:30,server_20,304.66,244.06
21:26:30,server_18,46.59,40.0
21:26:30,server_19,944.3,1227.54
21:26:30,server_12,13538.64,15212.76
21:26:30,server_16,902.36,888.1
21:26:30,server_11,326.9,205.65
21:26:30,server_17,399.99,282.78
21:26:30,server_9,3326.71,3761.33
21:26:30,server_8,937.64,1300.85
21:26:30,server_7,4279.25,5049.81
21:26:30,server_6,7395.38,8526.08
21:26:30,server_5,5323.23,5882.89
21:26:30,server_4,910.66,937.93
21:26:30,server_3,5121.26,5559.08
21:26:30,server_2,959.31,547.73
21:26:30,server_1,707.97,355.37
21:26:30,server_10,834.11,1059.61
21:26:35,server_13,698.56,957.73
21:26:35,server_14,454.64,244.43
21:26:35,server_15,7095.59,6015.27
21:26:35,server_20,553.71,647.38
21:26:35,server_17,210.92,212.81
21:26:35,server_18,517.33,688.43
21:26:35,server_19,357.49,403.42
21:26:35,server_12,14.7,16.64
21:26:35,server_16,743.31,668.24
21:26:35,server_11,1065.53,843.07
21:26:35,server_7,333.69,189.67
21:26:35,server_9,917.87,805.86
21:26:35,server_8,15.38,21.78
21:26:35,server_6,880.62,605.44
21:26:35,server_5,894.03,754.83
21:26:35,server_4,278.1,250.5
21:26:35,server_3,307.84,450.56
21:26:35,server_2,657.28,648.31
21:26:35,server_1,1006.77,1165.03
21:26:35,server_10,471.02,698.53
21:26:40,server_15,847.2,786.64
21:26:40,server_14,887.79,476.8
21:26:40,server_16,390.24,324.75
21:26:40,server_13,993.37,729.38
21:26:40,server_18,343.32,213.06
21:26:40,server_19,943.16,694.05
21:26:40,server_20,705.96,696.76
21:26:40,server_12,589.58,721.91
21:26:40,server_17,354.35,253.22
21:26:40,server_11,393.11,260.86
21:26:40,server_10,7954.57,7135.55
21:26:40,server_9,830.54,1209.18
21:26:40,server_2,830.92,545.32
21:26:40,server_3,782.33,1081.69
21:26:40,server_4,129.84,122.77
21:26:40,server_1,309.43,374.35
21:26:40,server_6,542.32,408.29
21:26:40,server_7,655.19,880.65
21:26:40,server_8,461.82,548.17
21:26:40,server_5,300.61,169.66
21:26:45,server_12,805.63,1110.8
21:26:45,server_19,1011.16,1050.3
21:26:45,server_18,96.5,63.45
21:26:45,server_17,3643.66,4324.06
21:26:45,server_16,448.09,565.4
21:26:45,server_15,1987.9,1845.96
21:26:45,server_14,69.82,62.55
21:26:45,server_13,5397.82,6475.96
21:26:45,server_11,123.93,113.11
21:26:45,server_20,282.56,236.74
21:26:45,server_9,553.02,656.94
21:26:45,server_1,845.52,1009.32
21:26:45,server_2,649.23,732.87
21:26:45,server_3,32.59,40.94
21:26:45,server_4,924.58,558.48
21:26:45,server_10,242.13,297.25
21:26:45,server_6,1297.73,1086.28
21:26:45,server_7,286.76,247.38
21:26:45,server_8,50.72,54.57
21:26:45,server_5,343.86,224.12
21:26:50,server_11,72.08,99.44
21:26:50,server_19,938.16,1046.88
21:26:50,server_18,978.18,968.29
21:26:50,server_17,502.34,586.59
21:26:50,server_16,960.78,1123.21
21:26:50,server_15,292.49,323.45
21:26:50,server_14,161.75,188.49
21:26:50,server_13,899.51,831.48
21:26:50,server_12,158.84,145.16
21:26:50,server_20,347.18,296.86
21:26:50,server_10,333.36,238.7
21:26:50,server_8,670.17,359.44
21:26:50,server_7,118.59,96.61
21:26:50,server_6,3100.71,2852.87
21:26:50,server_5,991.98,649.51
21:26:50,server_4,42.98,48.09
21:26:50,server_3,1589.49,1816.83
21:26:50,server_2,19193.74,17129.46
21:26:50,server_1,7988.7,7136.49
21:26:50,server_9,912.12,1310.06
21:26:55,server_14,171.89,237.32
21:26:55,server_15,526.15,615.06
21:26:55,server_16,919.93,1002.46
21:26:55,server_13,923.99,1082.01
21:26:55,server_18,886.13,629.4
21:26:55,server_19,14391.59,14691.32
21:26:55,server_20,287.73,380.69
21:26:55,server_17,516.02,619.97
21:26:55,server_12,859.16,717.22
21:26:55,server_11,162.54,224.68
21:26:55,server_1,1837.33,1562.38
21:26:55,server_9,794.91,1090.52
21:26:55,server_8,85.31,68.21
21:26:55,server_7,21.55,25.19
21:26:55,server_6,2858.87,2790.92
21:26:55,server_5,193.98,246.47
21:26:55,server_4,98.5,118.53
21:26:55,server_3,681.01,939.49
21:26:55,server_2,316.54,361.24
21:26:55,server_10,220.93,289.65
21:27:00,server_13,680.75,510.64
21:27:00,server_14,854.07,689.57
21:27:00,server_15,4093.93,3592.6
21:27:00,server_20,1724.21,1488.13
21:27:00,server_18,273.7,389.11
21:27:00,server_19,925.6,989.42
21:27:00,server_12,354.84,223.94
21:27:00,server_16,11028.46,11218.91
21:27:00,server_11,301.16,175.96
21:27:00,server_17,772.26,645.3
21:27:00,server_9,424.06,472.85
21:27:00,server_10,1015.42,822.21
21:27:00,server_2,4636.85,5191.97
21:27:00,server_3,896.85,839.77
21:27:00,server_4,939.96,873.89
21:27:00,server_1,823.99,948.57
21:27:00,server_6,116.9,63.62
21:27:00,server_7,443.18,629.0
21:27:00,server_8,356.82,514.6
21:27:00,server_5,237.23,284.77
21:27:05,server_20,14872.22,12966.37
21:27:05,server_12,377.26,293.45
21:27:05,server_19,560.37,426.4
21:27:05,server_18,998.31,820.92
21:27:05,server_17,715.8,908.69
21:27:05,server_16,516.5,502.56
21:27:05,server_15,2634.51,2284.11
21:27:05,server_14,173.15,216.05
21:27:05,server_13,225.86,206.96
21:27:05,server_11,4.57,3.72
21:27:05,server_7,6526.66,6220.07
21:27:05,server_9,781.32,492.96
21:27:05,server_8,335.26,397.13
21:27:05,server_6,2865.8,2655.83
21:27:05,server_5,884.99,669.99
21:27:05,server_4,536.58,329.46
21:27:05,server_3,850.91,830.99
21:27:05,server_2,282.14,306.34
21:27:05,server_1,5323.2,5151.04
21:27:05,server_10,774.15,1159.02
21:27:10,server_15,352.94,424.47
21:27:10,server_13,563.13,323.67
21:27:10,server_14,463.82,630.49
21:27:10,server_16,2683.36,2712.05
21:27:10,server_12,8685.96,9249.67
21:27:10,server_18,600.87,789.7
21:27:10,server_19,142.16,77.19
21:27:10,server_20,879.45,450.27
21:27:10,server_17,282.77,291.09
21:27:10,server_11,862.63,1220.8
21:27:10,server_1,547.29,376.57
21:27:10,server_9,526.77,590.06
21:27:10,server_2,51.23,27.17
21:27:10,server_3,92.53,54.31
21:27:10,server_4,361.67,304.02
21:27:10,server_10,71.88,102.07
21:27:10,server_6,3559.77,3164.06
21:27:10,server_7,576.23,775.01
21:27:10,server_8,345.85,182.27
21:27:10,server_5,19237.09,17821.81
21:27:15,server_13,17249.06,18133.17
21:27:15,server_20,9.46,6.77
21:27:15,server_19,71.82,67.2
21:27:15,server_18,486.74,610.99
21:27:15,server_17,247.25,204.71
21:27:15,server_16,83.35,109.62
21:27:15,server_15,956.99,815.87
21:27:15,server_14,883.06,1026.44
21:27:15,server_12,237.48,128.71
21:27:15,server_11,830.74,848.64
21:27:15,server_1,139.24,115.88
21:27:15,server_9,509.99,605.58
21:27:15,server_8,3559.51,3861.14
21:27:15,server_7,3837.15,3317.96
21:27:15,server_6,921.07,1022.03
21:27:15,server_5,521.62,771.34
21:27:15,server_4,3846.26,4463.12
21:27:15,server_3,593.02,459.94
21:27:15,server_2,133.32,66.86
21:27:15,server_10,42.09,21.91
21:27:20,server_13,5326.16,6230.79
21:27:20,server_14,443.36,414.06
21:27:20,server_15,64.42,75.61
21:27:20,server_16,675.66,550.31
21:27:20,server_12,170.84,99.54
21:27:20,server_18,215.51,109.12
21:27:20,server_19,443.62,551.22
21:27:20,server_20,41.49,35.34
21:27:20,server_17,135.87,145.43
21:27:20,server_11,260.44,315.56
21:27:20,server_1,149.88,130.43
21:27:20,server_9,371.31,301.97
21:27:20,server_8,10.24,14.2
21:27:20,server_7,26.16,28.37
21:27:20,server_6,289.88,313.28
21:27:20,server_5,1.34,1.68
21:27:20,server_4,508.44,685.84
21:27:20,server_3,619.05,889.8
21:27:20,server_2,2222.26,2263.6
21:27:20,server_10,78.56,110.9
21:27:25,server_13,63.44,47.4
21:27:25,server_14,1025.75,1227.14
21:27:25,server_15,818.29,839.25
21:27:25,server_16,533.47,720.48
21:27:25,server_20,537.36,775.6
21:27:25,server_18,19553.55,20710.53
21:27:25,server_19,555.47,722.49
21:27:25,server_12,5433.05,6168.63
21:27:25,server_17,3699.43,3311.07
21:27:25,server_11,946.4,1297.51
21:27:25,server_1,16967.24,13722.29
21:27:25,server_9,136.24,174.53
21:27:25,server_2,465.74,372.76
21:27:25,server_3,604.87,570.84
21:27:25,server_4,124.99,120.24
21:27:25,server_10,15332.66,17432.36
21:27:25,server_6,914.34,1197.06
21:27:25,server_7,1154.04,1094.06
21:27:25,server_8,546.58,629.98
21:27:25,server_5,599.21,382.76
21:27:30,server_12,214.4,302.88
21:27:30,server_19,46.55,61.52
21:27:30,server_18,788.43,793.45
21:27:30,server_17,942.64,1245.68
21:27:30,server_16,192.76,136.35
21:27:30,server_15,19680.67,17868.5
21:27:30,server_14,579.63,664.65
21:27:30,server_13,382.09,557.86
21:27:30,server_20,593.6,463.89
21:27:30,server_11,5632.34,5903.57
21:27:30,server_9,359.78,430.59
21:27:30,server_8,7864.29,6518.49
21:27:30,server_7,353.22,502.19
21:27:30,server_6,503.91,423.24
21:27:30,server_5,2563.5,2999.82
21:27:30,server_4,774.87,544.28
21:27:30,server_3,986.76,920.52
21:27:30,server_2,433.82,284.07
21:27:30,server_1,647.46,411.98
21:27:30,server_10,4034.14,4397.03
21:27:35,server_13,474.37,691.54
21:27:35,server_14,963.96,789.7
21:27:35,server_15,598.34,518.63
21:27:35,server_16,248.96,312.1
21:27:35,server_12,203.33,170.19
21:27:35,server_18,306.73,327.38
21:27:35,server_19,899.21,991.51
21:27:35,server_20,36.82,35.37
21:27:35,server_17,471.4,546.83
21:27:35,server_11,11.88,12.4
21:27:35,server_10,432.55,642.23
21:27:35,server_9,399.36,210.9
21:27:35,server_8,346.64,455.1
21:27:35,server_7,389.47,414.98
21:27:35,server_6,709.11,1043.06
21:27:35,server_5,234.44,163.75
21:27:35,server_4,395.55,405.02
21:27:35,server_3,183.54,197.35
21:27:35,server_2,849.93,888.61
21:27:35,server_1,455.33,579.19
21:27:40,server_13,725.33,796.06
21:27:40,server_14,585.84,730.56
21:27:40,server_15,78.87,118.0
21:27:40,server_16,190.36,216.1
21:27:40,server_20,389.2,205.69
21:27:40,server_18,2130.45,2327.73
21:27:40,server_19,439.75,415.95
21:27:40,server_12,398.8,444.95
21:27:40,server_17,1399.52,1613.15
21:27:40,server_11,59.04,73.22
21:27:40,server_10,325.18,470.43
21:27:40,server_9,635.35,509.35
21:27:40,server_2,851.92,1170.55
21:27:40,server_3,1616.39,1449.53
21:27:40,server_4,164.04,143.56
21:27:40,server_1,6120.49,6041.59
21:27:40,server_6,723.86,386.82
21:27:40,server_7,658.78,440.13
21:27:40,server_8,3882.84,3158.51
21:27:40,server_5,18698.43,18671.85
21:27:45,server_12,104.92,69.71
21:27:45,server_19,838.67,1050.65
21:27:45,server_18,272.02,311.65
21:27:45,server_17,17.82,12.33
21:27:45,server_16,1028.24,1279.4
21:27:45,server_15,890.52,897.88
21:27:45,server_14,394.59,529.73
21:27:45,server_13,0.0,0.0
21:27:45,server_11,89.5,63.53
21:27:45,server_20,914.82,725.16
21:27:45,server_9,226.27,209.6
21:27:45,server_1,583.93,616.27
21:27:45,server_2,636.63,919.44
21:27:45,server_3,226.63,320.76
21:27:45,server_4,522.38,686.03
21:27:45,server_10,4144.2,3980.37
21:27:45,server_6,281.8,251.79
21:27:45,server_7,953.78,998.37
21:27:45,server_8,260.68,299.1
21:27:45,server_5,651.24,655.22
21:27:50,server_12,945.56,764.87
21:27:50,server_19,124.41,63.32
21:27:50,server_18,241.97,176.25
21:27:50,server_17,949.96,521.54
21:27:50,server_16,85.12,74.21
21:27:50,server_15,1006.86,1154.13
21:27:50,server_14,351.43,487.57
21:27:50,server_13,141.92,204.95
21:27:50,server_11,448.8,456.69
21:27:50,server_20,642.56,817.83
21:27:50,server_9,681.74,608.68
21:27:50,server_1,424.08,476.5
21:27:50,server_2,4039.69,3538.37
21:27:50,server_3,479.15,389.39
21:27:50,server_4,114.08,63.89
21:27:50,server_10,554.05,752.89
21:27:50,server_6,612.49,749.01
21:27:50,server_7,288.22,220.83
21:27:50,server_8,380.33,302.66
21:27:50,server_5,1496.88,1203.86
21:27:55,server_11,865.11,786.58
21:27:55,server_19,646.06,950.97
21:27:55,server_18,1449.87,1373.28
21:27:55,server_17,101.85,136.44
21:27:55,server_16,89.86,47.88
21:27:55,server_15,945.72,772.62
21:27:55,server_14,803.81,500.28
21:27:55,server_13,178.09,139.79
21:27:55,server_12,459.38,289.84
21:27:55,server_20,2466.08,2085.7
21:27:55,server_10,601.93,338.46
21:27:55,server_8,3336.38,3255.08
21:27:55,server_7,868.54,733.4
21:27:55,server_6,3988.54,3761.89
21:27:55,server_5,109.3,126.55
21:27:55,server_4,932.85,634.78
21:27:55,server_3,903.47,559.25
21:27:55,server_2,922.29,694.5
21:27:55,server_1,671.05,834.59
21:27:55,server_9,299.96,436.04
21:28:00,server_13,596.0,361.48
21:28:00,server_14,625.28,404.58
21:28:00,server_15,288.02,378.94
21:28:00,server_12,707.43,649.86
21:28:00,server_17,0.0,0.0
21:28:00,server_18,11046.22,11759.69
21:28:00,server_19,290.65,266.28
21:28:00,server_16,11832.65,13562.65
21:28:00,server_11,895.11,1324.52
21:28:00,server_20,1067.8,1020.49
21:28:00,server_9,287.8,353.01
21:28:00,server_1,13108.39,12389.54
21:28:00,server_2,777.08,813.95
21:28:00,server_3,1028.52,625.48
21:28:00,server_4,666.59,567.12
21:28:00,server_10,466.05,350.16
21:28:00,server_6,938.57,555.43
21:28:00,server_7,11747.35,14085.91
21:28:00,server_8,135.96,147.54
21:28:00,server_5,112.02,110.44
21:28:05,server_19,4018.26,3963.07
21:28:05,server_18,48.12,24.44
21:28:05,server_17,883.57,1231.82
21:28:05,server_16,1055.81,964.6
21:28:05,server_15,4794.54,5034.42
21:28:05,server_14,4633.79,3988.51
21:28:05,server_13,7064.41,6261.52
21:28:05,server_12,461.26,302.3
21:28:05,server_11,449.95,395.32
21:28:05,server_20,385.0,514.26
21:28:05,server_9,0.0,0.0
21:28:05,server_1,876.18,816.33
21:28:05,server_2,392.78,325.38
21:28:05,server_3,5266.17,6232.4
21:28:05,server_4,4111.58,4556.89
21:28:05,server_10,292.01,307.0
21:28:05,server_6,4933.29,4196.85
21:28:05,server_7,586.47,668.83
21:28:05,server_8,971.06,1396.27
21:28:05,server_5,496.5,342.31
21:28:10,server_11,508.71,752.17
21:28:10,server_19,1812.81,1600.71
21:28:10,server_18,922.12,888.46
21:28:10,server_17,4411.54,4564.14
21:28:10,server_16,11.89,10.8
21:28:10,server_15,398.69,510.96
21:28:10,server_14,941.48,1225.62
21:28:10,server_13,197.61,228.23
21:28:10,server_12,322.17,431.26
21:28:10,server_20,591.02,474.02
21:28:10,server_10,17636.9,16606.9
21:28:10,server_8,9822.22,10061.29
21:28:10,server_9,497.35,343.9
21:28:10,server_1,961.58,1252.58
21:28:10,server_2,179.22,114.83
21:28:10,server_3,50.59,53.29
21:28:10,server_5,435.36,652.56
21:28:10,server_6,712.54,917.67
21:28:10,server_7,425.78,304.27
21:28:10,server_4,152.25,132.05
21:28:15,server_20,150.77,202.04
21:28:15,server_11,980.56,606.67
21:28:15,server_18,97.53,107.43
21:28:15,server_17,80.84,50.5
21:28:15,server_16,182.51,203.92
21:28:15,server_15,328.96,368.37
21:28:15,server_14,870.22,751.1
21:28:15,server_13,13232.28,10958.69
21:28:15,server_12,42.18,29.26
21:28:15,server_19,308.11,322.01
21:28:15,server_10,365.9,443.54
21:28:15,server_8,901.46,714.84
21:28:15,server_1,313.63,351.24
21:28:15,server_2,8351.28,7370.14
21:28:15,server_3,227.55,221.06
21:28:15,server_9,7034.71,8050.92
21:28:15,server_5,983.86,977.68
21:28:15,server_6,316.23,285.41
21:28:15,server_7,196.19,128.04
21:28:15,server_4,3418.9,3774.04
21:28:20,server_12,942.2,1379.03
21:28:20,server_19,541.88,665.03
21:28:20,server_18,683.89,733.14
21:28:20,server_17,169.74,97.19
21:28:20,server_16,376.69,361.28
21:28:20,server_15,398.83,376.47
21:28:20,server_14,700.24,660.0
21:28:20,server_13,905.33,1185.84
21:28:20,server_11,307.86,196.52
21:28:20,server_20,451.02,544.53
21:28:20,server_9,585.29,325.63
21:28:20,server_1,172.85,169.45
21:28:20,server_2,375.16,497.02
21:28:20,server_3,2348.61,2374.41
21:28:20,server_4,168.23,181.41
21:28:20,server_10,316.05,208.78
21:28:20,server_6,67.83,52.76
21:28:20,server_7,651.66,526.17
21:28:20,server_8,0.0,0.0
21:28:20,server_5,661.49,871.75
21:28:25,server_11,865.21,484.69
21:28:25,server_19,3360.01,3823.75
21:28:25,server_18,892.26,1043.55
21:28:25,server_17,350.03,251.15
21:28:25,server_16,632.83,354.4
21:28:25,server_15,640.28,787.01
21:28:25,server_14,758.46,1043.01
21:28:25,server_13,4820.97,5173.2
21:28:25,server_12,596.84,497.76
21:28:25,server_20,2556.99,2368.37
21:28:25,server_10,647.36,375.3
21:28:25,server_8,732.06,787.51
21:28:25,server_7,97.31,128.4
21:28:25,server_6,7.43,7.88
21:28:25,server_5,714.57,889.02
21:28:25,server_4,853.4,1098.16
21:28:25,server_3,503.66,712.93
21:28:25,server_2,622.85,340.66
21:28:25,server_1,1988.54,1601.18
21:28:25,server_9,6524.78,7604.33
21:28:30,server_13,555.57,601.34
21:28:30,server_14,871.25,481.35
21:28:30,server_15,819.89,549.7
21:28:30,server_12,331.96,472.17
21:28:30,server_18,605.24,897.01
21:28:30,server_19,6173.73,5616.09
21:28:30,server_20,4218.42,3876.69
21:28:30,server_16,391.74,484.44
21:28:30,server_11,921.32,1039.46
21:28:30,server_17,374.39,378.2
21:28:30,server_9,275.75,397.42
21:28:30,server_2,177.04,205.4
21:28:30,server_3,1031.62,760.92
21:28:30,server_10,795.11,788.08
21:28:30,server_4,4503.4,4683.56
21:28:30,server_1,14933.72,16221.9
21:28:30,server_6,312.98,298.85
21:28:30,server_7,363.33,412.44
21:28:30,server_8,185.37,242.14
21:28:30,server_5,925.83,591.36
21:28:35,server_12,5684.44,5919.06
21:28:35,server_20,6.17,4.57
21:28:35,server_19,581.41,656.15
21:28:35,server_18,4285.39,4954.75
21:28:35,server_17,228.19,128.55
21:28:35,server_16,123.62,156.56
21:28:35,server_15,634.02,368.52
21:28:35,server_14,437.3,435.9
21:28:35,server_13,117.34,140.25
21:28:35,server_11,108.6,84.77
21:28:35,server_10,265.61,153.04
21:28:35,server_9,510.03,550.07
21:28:35,server_2,807.6,552.61
21:28:35,server_3,210.05,155.66
21:28:35,server_4,101.69,110.04
21:28:35,server_1,395.77,413.24
21:28:35,server_6,736.31,925.15
21:28:35,server_7,564.98,510.21
21:28:35,server_8,503.27,724.0
21:28:35,server_5,340.07,294.36
21:28:40,server_12,732.05,661.44
21:28:40,server_19,13818.08,11585.82
21:28:40,server_18,823.11,582.42
21:28:40,server_17,150.5,138.21
21:28:40,server_16,0.0,0.0
21:28:40,server_15,625.63,706.72
21:28:40,server_14,609.97,479.1
21:28:40,server_13,1964.47,2297.87
21:28:40,server_11,926.58,1090.17
21:28:40,server_20,731.04,984.92
21:28:40,server_9,9617.61,9631.66
21:28:40,server_1,295.94,216.84
21:28:40,server_2,6004.68,6119.66
21:28:40,server_3,556.1,365.78
21:28:40,server_4,681.01,511.68
21:28:40,server_10,404.67,513.5
21:28:40,server_6,827.99,661.24
21:28:40,server_7,605.6,764.32
21:28:40,server_8,58.28,30.44
21:28:40,server_5,3118.05,3686.93
21:28:45,server_12,282.36,374.52
21:28:45,server_19,13169.46,14484.93
21:28:45,server_18,404.31,440.78
21:28:45,server_17,873.25,1131.0
21:28:45,server_16,57.88,57.38
21:28:45,server_15,641.51,337.49
21:28:45,server_14,693.04,954.03
21:28:45,server_13,868.84,801.86
21:28:45,server_11,1015.58,764.01
21:28:45,server_20,936.22,880.77
21:28:45,server_9,21.94,14.94
21:28:45,server_1,850.81,986.63
21:28:45,server_2,348.16,429.41
21:28:45,server_3,671.55,965.41
21:28:45,server_4,69.75,58.24
21:28:45,server_10,306.96,166.58
21:28:45,server_6,574.34,747.79
21:28:45,server_7,935.31,1158.24
21:28:45,server_8,603.2,397.11
21:28:45,server_5,3077.82,2519.21
21:28:50,server_11,1018.3,851.12
21:28:50,server_19,828.95,483.82
21:28:50,server_18,212.74,298.28
21:28:50,server_17,0.0,0.0
21:28:50,server_16,1023.3,1203.92
21:28:50,server_15,8553.15,9687.3
21:28:50,server_14,795.57,475.03
21:28:50,server_13,351.92,293.17
21:28:50,server_12,142.05,123.85
21:28:50,server_20,872.39,869.62
21:28:50,server_10,3799.76,4126.06
21:28:50,server_8,11791.2,11987.79
21:28:50,server_7,13973.21,13121.06
21:28:50,server_6,250.51,358.22
21:28:50,server_5,3925.82,4184.69
21:28:50,server_4,38.51,26.17
21:28:50,server_3,3750.35,3808.76
21:28:50,server_2,196.8,146.45
21:28:50,server_1,842.73,1077.18
21:28:50,server_9,227.91,138.43
21:28:55,server_13,295.64,229.08
21:28:55,server_14,748.79,659.56
21:28:55,server_15,723.75,710.29
21:28:55,server_12,104.79,156.01
21:28:55,server_17,243.14,348.62
21:28:55,server_18,901.51,969.53
21:28:55,server_19,507.83,329.75
21:28:55,server_16,920.74,1379.75
21:28:55,server_11,148.36,150.45
21:28:55,server_20,9618.36,8359.88
21:28:55,server_9,367.72,282.89
21:28:55,server_1,271.49,312.33
21:28:55,server_2,175.01,170.87
21:28:55,server_3,581.64,792.46
21:28:55,server_4,312.13,308.78
21:28:55,server_10,217.5,209.94
21:28:55,server_6,90.03,87.42
21:28:55,server_7,148.43,76.68
21:28:55,server_8,266.82,194.76
21:28:55,server_5,1646.58,1436.8
21:29:00,server_19,4097.83,3579.83
21:29:00,server_18,945.61,795.92
21:29:00,server_17,2182.31,1942.6
21:29:00,server_16,1952.29,2124.76
21:29:00,server_15,691.62,628.7
21:29:00,server_14,863.53,467.9
21:29:00,server_13,1061.06,1034.87
21:29:00,server_12,325.71,251.94
21:29:00,server_11,8521.86,8252.4
21:29:00,server_20,166.02,228.12
21:29:00,server_9,58.03,67.0
21:29:00,server_1,318.15,288.77
21:29:00,server_2,339.75,355.52
21:29:00,server_3,476.9,380.88
21:29:00,server_4,1100.79,1038.16
21:29:00,server_10,13697.72,15165.95
21:29:00,server_6,470.19,496.51
21:29:00,server_7,989.45,1362.07
21:29:00,server_8,850.64,708.33
21:29:00,server_5,1119.21,1134.57
21:29:05,server_11,1001.72,1006.41
21:29:05,server_19,31.07,40.76
21:29:05,server_18,76.31,99.71
21:29:05,server_17,520.23,365.25
21:29:05,server_16,902.62,1247.05
21:29:05,server_15,416.02,326.15
21:29:05,server_14,570.19,387.9
21:29:05,server_13,552.76,644.5
21:29:05,server_12,15585.23,14613.8
21:29:05,server_20,246.07,333.99
21:29:05,server_10,843.16,1026.42
21:29:05,server_8,691.11,788.57
21:29:05,server_9,542.02,429.74
21:29:05,server_1,841.63,1244.66
21:29:05,server_2,314.74,409.18
21:29:05,server_3,208.91,257.17
21:29:05,server_5,311.21,194.33
21:29:05,server_6,745.77,376.48
21:29:05,server_7,879.83,1222.97
21:29:05,server_4,829.88,1152.21
21:29:10,server_20,3154.28,3073.41
21:29:10,server_11,846.45,698.05
21:29:10,server_18,863.78,508.46
21:29:10,server_17,543.23,639.29
21:29:10,server_16,380.29,246.86
21:29:10,server_15,2556.08,2442.99
21:29:10,server_14,312.13,184.45
21:29:10,server_13,628.13,432.7
21:29:10,server_12,922.11,683.83
21:29:10,server_19,35.98,52.11
21:29:10,server_10,15735.91,16737.73
21:29:10,server_8,832.52,868.39
21:29:10,server_1,227.69,137.98
21:29:10,server_2,389.74,502.79
21:29:10,server_3,843.0,1194.57
21:29:10,server_9,536.2,486.84
21:29:10,server_5,68.12,40.96
21:29:10,server_6,1000.14,1080.5
21:29:10,server_7,630.41,739.44
21:29:10,server_4,933.98,1215.66
21:29:15,server_12,123.38,104.45
21:29:15,server_19,106.84,65.39
21:29:15,server_18,545.8,273.93
21:29:15,server_17,632.88,656.07
21:29:15,server_16,873.21,1292.28
21:29:15,server_15,28.68,27.09
21:29:15,server_14,11193.31,9380.42
21:29:15,server_13,289.65,302.36
21:29:15,server_11,1913.16,2083.77
21:29:15,server_20,996.52,1015.98
21:29:15,server_9,848.87,473.57
21:29:15,server_1,191.96,260.79
21:29:15,server_2,434.66,629.73
21:29:15,server_3,426.43,598.16
21:29:15,server_4,175.69,180.58
21:29:15,server_10,3562.99,3444.63
21:29:15,server_6,100.57,118.72
21:29:15,server_7,337.41,222.13
21:29:15,server_8,289.07,346.95
21:29:15,server_5,538.1,566.4
21:29:20,server_11,168.81,231.53
21:29:20,server_19,564.87,550.42
21:29:20,server_18,980.39,728.96
21:29:20,server_17,43.43,48.53
21:29:20,server_16,546.67,674.2
21:29:20,server_15,71.15,44.32
21:29:20,server_14,16923.93,16826.41
21:29:20,server_13,502.11,479.46
21:29:20,server_12,767.05,925.29
21:29:20,server_20,290.15,184.36
21:29:20,server_10,614.07,727.99
21:29:20,server_8,752.04,1019.23
21:29:20,server_7,13786.37,14117.5
21:29:20,server_6,810.27,999.68
21:29:20,server_5,553.97,769.01
21:29:20,server_4,1779.89,1588.62
21:29:20,server_3,1090.33,1076.77
21:29:20,server_2,2360.25,2471.63
21:29:20,server_1,110.4,106.73
21:29:20,server_9,825.32,1028.8
21:29:25,server_13,920.77,501.27
21:29:25,server_14,309.28,259.16
21:29:25,server_15,169.44,208.86
21:29:25,server_12,122.31,69.09
21:29:25,server_20,591.03,811.91
21:29:25,server_18,585.95,485.98
21:29:25,server_19,474.01,407.5
21:29:25,server_16,950.74,1074.87
21:29:25,server_11,304.55,372.3
21:29:25,server_17,181.84,158.17
21:29:25,server_9,447.79,456.78
21:29:25,server_1,693.18,1023.5
21:29:25,server_2,546.04,511.57
21:29:25,server_3,153.94,108.58
21:29:25,server_4,3958.14,3601.15
21:29:25,server_10,966.25,1373.4
21:29:25,server_6,459.77,525.83
21:29:25,server_7,484.29,373.61
21:29:25,server_8,317.62,384.0
21:29:25,server_5,366.21,189.3
21:29:30,server_12,42.15,28.22
21:29:30,server_19,866.45,1258.95
21:29:30,server_18,51.13,67.79
21:29:30,server_17,16656.78,19102.48
21:29:30,server_16,728.45,414.88
21:29:30,server_15,146.97,137.44
21:29:30,server_14,701.64,452.91
21:29:30,server_13,139.53,114.35
21:29:30,server_11,405.35,401.35
21:29:30,server_20,857.97,523.15
21:29:30,server_9,986.25,1267.24
21:29:30,server_1,1069.46,1263.32
21:29:30,server_2,82.33,87.91
21:29:30,server_3,863.71,1007.13
21:29:30,server_4,831.02,666.68
21:29:30,server_10,933.16,1068.58
21:29:30,server_6,347.35,208.13
21:29:30,server_7,85.25,73.54
21:29:30,server_8,519.39,636.17
21:29:30,server_5,462.45,320.3
21:29:35,server_11,802.33,864.6
21:29:35,server_19,814.58,1109.33
21:29:35,server_18,3316.73,2661.15
21:29:35,server_17,877.95,1145.75
21:29:35,server_16,448.83,591.55
21:29:35,server_15,1.56,1.83
21:29:35,server_14,525.78,642.92
21:29:35,server_13,389.21,580.5
21:29:35,server_12,238.48,349.75
21:29:35,server_20,641.38,768.51
21:29:35,server_10,276.11,407.58
21:29:35,server_8,516.92,628.47
21:29:35,server_7,428.99,262.39
21:29:35,server_6,335.45,250.33
21:29:35,server_5,917.7,472.13
21:29:35,server_4,428.67,620.12
21:29:35,server_3,900.68,510.78
21:29:35,server_2,512.92,563.32
21:29:35,server_1,153.62,167.35
21:29:35,server_9,180.66,256.46
21:29:40,server_13,11988.54,13015.02
21:29:40,server_14,391.24,488.58
21:29:40,server_15,486.3,430.27
21:29:40,server_16,245.93,232.91
21:29:40,server_20,212.34,317.04
21:29:40,server_18,319.76,160.22
21:29:40,server_19,0.0,0.0
21:29:40,server_12,9892.77,11640.03
21:29:40,server_17,371.43,518.48
21:29:40,server_11,253.26,332.39
21:29:40,server_10,11306.19,13158.21
21:29:40,server_9,881.95,1210.11
21:29:40,server_2,412.71,411.01
21:29:40,server_3,2569.04,2956.8
21:29:40,server_4,434.35,637.07
21:29:40,server_1,424.51,280.51
21:29:40,server_6,570.66,673.89
21:29:40,server_7,365.73,503.0
21:29:40,server_8,783.56,394.69
21:29:40,server_5,7607.08,7613.6
21:29:45,server_13,77.43,62.82
21:29:45,server_20,620.58,894.09
21:29:45,server_19,341.74,330.84
21:29:45,server_18,322.4,286.17
21:29:45,server_17,323.17,386.38
21:29:45,server_16,10092.54,9788.53
21:29:45,server_15,1183.49,1316.4
21:29:45,server_14,22.95,22.59
21:29:45,server_12,1002.16,597.04
21:29:45,server_11,795.94,949.57
21:29:45,server_1,613.27,736.26
21:29:45,server_9,620.26,791.12
21:29:45,server_8,733.41,648.16
21:29:45,server_7,700.83,606.98
21:29:45,server_6,132.08,121.0
21:29:45,server_5,149.54,172.23
21:29:45,server_4,918.23,719.4
21:29:45,server_3,80.78,93.21
21:29:45,server_2,235.35,131.44
21:29:45,server_10,392.0,437.11
21:29:50,server_13,615.61,483.95
21:29:50,server_14,65.42,49.11
21:29:50,server_15,923.29,1008.71
21:29:50,server_16,13407.07,14720.22
21:29:50,server_12,15894.36,14306.85
21:29:50,server_18,208.71,217.32
21:29:50,server_19,178.0,213.06
21:29:50,server_20,909.84,820.28
21:29:50,server_17,274.41,168.89
21:29:50,server_11,62.14,65.86
21:29:50,server_1,12128.92,14433.29
21:29:50,server_9,411.74,319.73
21:29:50,server_8,209.33,235.83
21:29:50,server_7,14271.32,11915.15
21:29:50,server_6,10076.99,9259.1
21:29:50,server_5,179.83,238.68
21:29:50,server_4,240.79,155.36
21:29:50,server_3,4561.74,4357.59
21:29:50,server_2,890.74,1014.01
21:29:50,server_10,2491.19,2586.13
21:29:55,server_13,13951.53,13260.97
21:29:55,server_20,3090.39,2746.57
21:29:55,server_14,16819.65,15295.7
21:29:55,server_15,276.59,352.82
21:29:55,server_19,103.41,72.64
21:29:55,server_17,9372.6,11191.78
21:29:55,server_18,625.14,413.88
21:29:55,server_12,2054.12,1746.76
21:29:55,server_16,446.98,377.79
21:29:55,server_11,14749.0,16952.8
21:29:55,server_7,389.67,292.51
21:29:55,server_9,224.85,218.18
21:29:55,server_1,1823.71,2019.85
21:29:55,server_2,1924.32,2063.31
21:29:55,server_3,631.78,673.8
21:29:55,server_10,954.33,1184.86
21:29:55,server_5,192.39,268.14
21:29:55,server_6,481.07,545.77
21:29:55,server_8,4688.89,4860.31
21:29:55,server_4,278.0,149.23
21:30:00,server_13,516.04,610.21
21:30:00,server_20,402.04,274.46
21:30:00,server_19,4846.54,3958.36
21:30:00,server_18,0.0,0.0
21:30:00,server_17,14331.86,13809.87
21:30:00,server_16,314.99,228.13
21:30:00,server_15,2639.42,2744.55
21:30:00,server_14,2522.11,2983.32
21:30:00,server_12,836.69,1148.68
21:30:00,server_11,3840.42,3107.79
21:30:00,server_1,693.61,572.08
21:30:00,server_9,673.4,724.96
21:30:00,server_8,12329.32,14086.18
21:30:00,server_7,2714.1,2819.06
21:30:00,server_6,886.95,540.61
21:30:00,server_5,426.67,637.77
21:30:00,server_4,384.15,208.16
21:30:00,server_3,886.69,881.99
21:30:00,server_2,631.84,669.38
21:30:00,server_10,492.44,507.35
21:30:05,server_13,732.86,788.91
21:30:05,server_14,3925.76,4087.88
21:30:05,server_15,481.63,405.62
21:30:05,server_16,989.24,522.08
21:30:05,server_12,921.58,574.91
21:30:05,server_18,140.35,180.41
21:30:05,server_19,262.21,289.39
21:30:05,server_20,5401.18,5992.65
21:30:05,server_17,488.64,624.85
21:30:05,server_11,494.58,448.67
21:30:05,server_1,169.25,208.51
21:30:05,server_9,2311.98,2288.26
21:30:05,server_8,2450.96,2929.13
21:30:05,server_7,572.07,406.21
21:30:05,server_6,904.02,1142.07
21:30:05,server_5,549.0,651.3
21:30:05,server_4,460.29,602.44
21:30:05,server_3,811.43,773.43
21:30:05,server_2,2681.66,2232.43
21:30:05,server_10,158.05,174.09
21:30:10,server_13,328.61,206.16
21:30:10,server_20,59.15,87.51
21:30:10,server_14,920.23,930.36
21:30:10,server_15,205.04,220.6
21:30:10,server_19,522.06,666.61
21:30:10,server_17,73.61,85.23
21:30:10,server_18,346.87,414.44
21:30:10,server_12,368.39,419.54
21:30:10,server_16,162.88,165.95
21:30:10,server_11,608.75,828.17
21:30:10,server_7,495.3,583.43
21:30:10,server_9,386.1,446.85
21:30:10,server_8,18524.93,20058.39
21:30:10,server_6,877.05,859.97
21:30:10,server_5,4294.6,4550.91
21:30:10,server_4,171.37,169.23
21:30:10,server_3,573.12,417.66
21:30:10,server_2,836.34,808.17
21:30:10,server_1,503.7,368.19
21:30:10,server_10,16938.14,14658.76
21:30:15,server_13,921.64,1278.45
21:30:15,server_14,611.0,771.35
21:30:15,server_15,44.45,42.65
21:30:15,server_20,4125.95,4126.44
21:30:15,server_18,3372.17,3441.83
21:30:15,server_19,109.81,79.73
21:30:15,server_12,252.76,256.39
21:30:15,server_16,134.0,185.77
21:30:15,server_11,613.25,349.66
21:30:15,server_17,495.78,441.91
21:30:15,server_9,9118.02,7905.86
21:30:15,server_8,11024.36,9717.58
21:30:15,server_7,973.25,869.8
21:30:15,server_6,145.97,127.55
21:30:15,server_5,38.14,31.24
21:30:15,server_4,867.53,1269.77
21:30:15,server_3,4175.72,3462.45
21:30:15,server_2,786.81,826.73
21:30:15,server_1,889.62,1269.49
21:30:15,server_10,921.65,865.25
21:30:20,server_13,806.5,528.1
21:30:20,server_14,859.26,1126.31
21:30:20,server_15,370.55,371.56
21:30:20,server_20,2151.14,2226.92
21:30:20,server_17,4471.03,3771.18
21:30:20,server_18,397.76,560.99
21:30:20,server_19,2262.23,2306.72
21:30:20,server_12,296.72,155.53
21:30:20,server_16,320.38,242.02
21:30:20,server_11,654.15,633.91
21:30:20,server_7,19.71,28.38
21:30:20,server_9,10095.33,11604.77
21:30:20,server_8,887.15,927.76
21:30:20,server_6,657.54,665.26
21:30:20,server_5,2606.63,2972.46
21:30:20,server_4,454.52,291.96
21:30:20,server_3,15875.58,18047.04
21:30:20,server_2,619.66,643.16
21:30:20,server_1,377.66,272.9
21:30:20,server_10,1007.36,565.01
21:30:25,server_15,737.5,1040.35
21:30:25,server_14,446.38,528.7
21:30:25,server_16,716.37,525.82
21:30:25,server_13,255.42,140.41
21:30:25,server_18,912.05,487.97
21:30:25,server_19,542.46,777.22
21:30:25,server_20,16378.5,19482.98
21:30:25,server_12,15459.48,15605.81
21:30:25,server_17,667.84,371.12
21:30:25,server_11,861.62,1154.17
21:30:25,server_10,628.46,763.72
21:30:25,server_9,3395.34,3292.89
21:30:25,server_2,967.97,882.36
21:30:25,server_3,55.34,30.85
21:30:25,server_4,882.64,891.42
21:30:25,server_1,380.41,462.19
21:30:25,server_6,618.76,840.41
21:30:25,server_7,292.11,392.66
21:30:25,server_8,582.92,501.2
21:30:25,server_5,629.66,733.43
21:30:30,server_12,110.46,116.5
21:30:30,server_19,607.06,754.93
21:30:30,server_18,426.41,488.89
21:30:30,server_17,290.78,392.43
21:30:30,server_16,663.3,487.73
21:30:30,server_15,39.39,31.05
21:30:30,server_14,274.54,259.57
21:30:30,server_13,351.4,372.09
21:30:30,server_11,2097.8,1916.07
21:30:30,server_20,327.53,418.02
21:30:30,server_9,12.72,17.23
21:30:30,server_1,17147.49,17015.36
21:30:30,server_2,959.12,831.58
21:30:30,server_3,93.68,59.24
21:30:30,server_4,3770.59,3885.14
21:30:30,server_10,898.76,692.54
21:30:30,server_6,77.3,47.19
21:30:30,server_7,659.93,828.65
21:30:30,server_8,393.89,265.1
21:30:30,server_5,339.43,300.34
21:30:35,server_11,567.69,360.61
21:30:35,server_19,5452.45,5425.25
21:30:35,server_18,0.0,0.0
21:30:35,server_17,2781.05,2273.82
21:30:35,server_16,4334.04,4837.53
21:30:35,server_15,569.39,563.86
21:30:35,server_14,298.24,377.44
21:30:35,server_13,710.56,861.12
21:30:35,server_12,875.28,667.11
21:30:35,server_20,824.75,932.79
21:30:35,server_10,101.22,96.91
21:30:35,server_8,622.96,338.66
21:30:35,server_7,343.54,424.81
21:30:35,server_6,76.36,77.67
21:30:35,server_5,630.82,883.13
21:30:35,server_4,635.04,490.5
21:30:35,server_3,919.3,952.82
21:30:35,server_2,271.57,205.21
21:30:35,server_1,639.32,803.6
21:30:35,server_9,297.16,380.64
21:30:40,server_14,241.91,137.96
21:30:40,server_15,4548.71,5411.28
21:30:40,server_16,16483.47,17782.05
21:30:40,server_13,13720.57,15810.07
21:30:40,server_18,5285.61,5982.86
21:30:40,server_19,552.81,576.34
21:30:40,server_20,311.1,399.25
21:30:40,server_17,303.32,234.27
21:30:40,server_12,479.56,267.57
21:30:40,server_11,257.75,330.78
21:30:40,server_1,620.56,323.79
21:30:40,server_9,392.54,428.94
21:30:40,server_8,996.97,1426.17
21:30:40,server_7,896.32,714.78
21:30:40,server_6,1033.73,1282.2
21:30:40,server_5,3720.42,3198.7
21:30:40,server_4,894.1,1060.0
21:30:40,server_3,643.06,669.83
21:30:40,server_2,789.3,942.4
21:30:40,server_10,9739.39,8718.66
21:30:45,server_13,150.35,111.49
21:30:45,server_14,871.17,607.49
21:30:45,server_15,850.09,980.96
21:30:45,server_20,918.17,489.37
21:30:45,server_18,485.12,258.3
21:30:45,server_19,536.94,607.55
21:30:45,server_12,106.73,133.76
21:30:45,server_16,17269.95,14682.03
21:30:45,server_11,476.14,540.33
21:30:45,server_17,527.82,741.28
21:30:45,server_9,114.42,141.27
21:30:45,server_10,14017.6,12984.07
21:30:45,server_2,2870.39,3136.75
21:30:45,server_3,981.99,624.77
21:30:45,server_4,648.55,491.19
21:30:45,server_1,425.08,462.69
21:30:45,server_6,126.77,131.54
21:30:45,server_7,918.82,789.66
21:30:45,server_8,17391.28,17096.82
21:30:45,server_5,428.01,460.29
21:30:50,server_20,429.07,564.31
21:30:50,server_12,498.57,606.96
21:30:50,server_19,164.89,123.04
21:30:50,server_18,161.87,137.14
21:30:50,server_17,697.09,419.75
21:30:50,server_16,9851.25,8378.01
21:30:50,server_15,4112.63,3494.55
21:30:50,server_14,181.46,154.98
21:30:50,server_13,448.61,329.5
21:30:50,server_11,534.92,765.99
21:30:50,server_7,504.68,740.84
21:30:50,server_9,277.35,321.06
21:30:50,server_8,307.89,434.04
21:30:50,server_6,356.67,254.12
21:30:50,server_5,556.68,312.72
21:30:50,server_4,77.39,113.77
21:30:50,server_3,936.68,951.96
21:30:50,server_2,169.36,113.6
21:30:50,server_1,1069.2,1443.16
21:30:50,server_10,19363.68,18025.05
21:30:55,server_15,418.09,474.04
21:30:55,server_13,899.98,1182.68
21:30:55,server_14,41.22,40.71
21:30:55,server_16,19155.19,19856.01
21:30:55,server_12,393.49,299.57
21:30:55,server_18,590.82,686.18
21:30:55,server_19,329.5,426.37
21:30:55,server_20,178.05,217.77
21:30:55,server_17,338.42,427.06
21:30:55,server_11,621.11,519.94
21:30:55,server_1,326.05,345.18
21:30:55,server_9,325.68,207.65
21:30:55,server_2,157.38,85.0
21:30:55,server_3,700.08,893.69
21:30:55,server_4,4076.93,3570.96
21:30:55,server_10,231.41,275.12
21:30:55,server_6,106.34,81.75
21:30:55,server_7,505.27,497.71
21:30:55,server_8,647.1,636.55
21:30:55,server_5,3190.13,2630.96
21:31:00,server_13,6061.96,5558.43
21:31:00,server_20,512.56,621.01
21:31:00,server_19,2162.23,2294.66
21:31:00,server_18,850.82,919.08
21:31:00,server_17,1132.52,980.26
21:31:00,server_16,102.7,142.04
21:31:00,server_15,229.57,180.83
21:31:00,server_14,1222.06,1323.31
21:31:00,server_12,8949.96,9147.83
21:31:00,server_11,992.98,1319.58
21:31:00,server_1,995.77,1308.7
21:31:00,server_9,433.67,409.45
21:31:00,server_8,863.29,494.48
21:31:00,server_7,19414.36,20129.59
21:31:00,server_6,439.97,422.52
21:31:00,server_5,252.17,318.6
21:31:00,server_4,996.74,1431.04
21:31:00,server_3,1898.06,1602.41
21:31:00,server_2,13452.49,14969.12
21:31:00,server_10,969.04,530.45
21:31:05,server_13,19309.4,18477.21
21:31:05,server_14,782.69,772.33
21:31:05,server_15,518.08,385.39
21:31:05,server_16,397.57,319.07
21:31:05,server_12,581.79,581.51
21:31:05,server_18,1432.03,1483.99
21:31:05,server_19,162.54,136.58
21:31:05,server_20,388.66,371.86
21:31:05,server_17,13544.69,16181.51
21:31:05,server_11,750.02,695.9
21:31:05,server_1,127.96,160.65
21:31:05,server_9,374.54,547.88
21:31:05,server_8,621.52,554.99
21:31:05,server_7,147.56,142.15
21:31:05,server_6,828.67,933.6
21:31:05,server_5,598.48,315.07
21:31:05,server_4,289.0,151.7
21:31:05,server_3,181.38,246.86
21:31:05,server_2,271.25,250.43
21:31:05,server_10,906.05,821.08
21:31:10,server_13,688.24,580.35
21:31:10,server_14,596.63,563.77
21:31:10,server_15,954.35,1429.6
21:31:10,server_16,15195.28,18118.87
21:31:10,server_20,460.59,237.67
21:31:10,server_18,182.64,92.33
21:31:10,server_19,416.77,338.61
21:31:10,server_12,347.88,384.94
21:31:10,server_17,13518.19,13636.28
21:31:10,server_11,547.82,688.97
21:31:10,server_1,3.63,1.82
21:31:10,server_9,507.08,721.07
21:31:10,server_2,978.03,1213.55
21:31:10,server_3,2687.4,2703.29
21:31:10,server_4,37.27,25.99
21:31:10,server_10,55.87,60.71
21:31:10,server_6,3859.01,3718.55
21:31:10,server_7,848.31,1031.68
21:31:10,server_8,2146.14,1885.44
21:31:10,server_5,946.65,717.47
21:31:15,server_12,795.82,560.53
21:31:15,server_19,840.83,1079.84
21:31:15,server_18,907.2,958.12
21:31:15,server_17,667.39,421.78
21:31:15,server_16,621.36,682.29
21:31:15,server_15,54.86,36.15
21:31:15,server_14,918.24,670.85
21:31:15,server_13,881.49,928.54
21:31:15,server_20,229.85,210.38
21:31:15,server_11,522.4,685.09
21:31:15,server_9,999.43,657.82
21:31:15,server_8,911.59,1031.01
21:31:15,server_7,477.63,653.52
21:31:15,server_6,393.48,256.5
21:31:15,server_5,4794.66,5703.2
21:31:15,server_4,8748.14,9240.11
21:31:15,server_3,595.07,502.12
21:31:15,server_2,537.74,408.11
21:31:15,server_1,432.5,405.93
21:31:15,server_10,0.0,0.0
21:31:20,server_13,702.73,1022.78
21:31:20,server_14,4426.14,4430.21
21:31:20,server_15,438.03,562.35
21:31:20,server_16,771.84,441.64
21:31:20,server_12,1016.65,1178.37
21:31:20,server_18,319.91,457.68
21:31:20,server_19,907.94,576.55
21:31:20,server_20,326.41,346.27
21:31:20,server_17,561.36,326.28
21:31:20,server_11,917.74,945.81
21:31:20,server_10,152.73,165.0
21:31:20,server_9,401.79,379.64
21:31:20,server_8,487.1,625.18
21:31:20,server_7,882.97,1209.91
21:31:20,server_6,25.63,19.71
21:31:20,server_5,3232.38,3832.81
21:31:20,server_4,2321.74,2605.08
21:31:20,server_3,923.3,935.44
21:31:20,server_2,36.87,30.91
21:31:20,server_1,6932.02,6984.94
21:31:25,server_13,500.31,516.84
21:31:25,server_14,11705.0,11307.45
21:31:25,server_15,8234.37,9020.99
21:31:25,server_16,12.76,10.41
21:31:25,server_20,134.78,96.38
21:31:25,server_18,951.86,572.93
21:31:25,server_19,12441.3,10237.42
21:31:25,server_12,182.11,91.6
21:31:25,server_17,249.61,345.5
21:31:25,server_11,387.24,313.73
21:31:25,server_10,502.57,293.84
21:31:25,server_9,209.93,279.0
21:31:25,server_2,538.17,419.65
21:31:25,server_3,8.11,6.55
21:31:25,server_4,139.69,91.37
21:31:25,server_1,935.51,1330.06
21:31:25,server_6,3698.33,3942.48
21:31:25,server_7,72.53,36.91
21:31:25,server_8,989.71,882.72
21:31:25,server_5,173.08,248.09
21:31:30,server_12,3513.6,3445.68
21:31:30,server_19,9.06,5.63
21:31:30,server_18,935.71,787.36
21:31:30,server_17,242.02,247.72
21:31:30,server_16,340.44,470.35
21:31:30,server_15,4316.84,4732.86
21:31:30,server_14,610.44,874.51
21:31:30,server_13,151.13,168.82
21:31:30,server_11,1034.72,943.04
21:31:30,server_20,923.48,637.62
21:31:30,server_9,400.46,414.14
21:31:30,server_1,194.82,270.2
21:31:30,server_2,459.32,676.5
21:31:30,server_3,3173.26,3766.6
21:31:30,server_4,415.6,396.67
21:31:30,server_10,10539.89,9921.34
21:31:30,server_6,370.5,264.94
21:31:30,server_7,554.38,747.81
21:31:30,server_8,836.35,540.59
21:31:30,server_5,141.36,203.57
21:31:35,server_12,214.28,246.5
21:31:35,server_19,807.42,1166.9
21:31:35,server_18,1004.57,1258.11
21:31:35,server_17,890.76,800.16
21:31:35,server_16,452.84,603.63
21:31:35,server_15,924.1,563.83
21:31:35,server_14,370.07,299.77
21:31:35,server_13,932.81,865.81
21:31:35,server_11,134.18,128.43
21:31:35,server_20,610.28,602.85
21:31:35,server_9,632.74,607.23
21:31:35,server_1,11550.63,11573.98
21:31:35,server_2,160.44,190.54
21:31:35,server_3,947.5,494.36
21:31:35,server_4,176.51,223.43
21:31:35,server_10,996.83,1208.28
21:31:35,server_6,460.68,594.5
21:31:35,server_7,3098.43,3171.37
21:31:35,server_8,19456.01,18797.07
21:31:35,server_5,332.11,326.25
21:31:40,server_11,1003.99,1087.97
21:31:40,server_19,80.82,88.76
21:31:40,server_18,654.6,365.08
21:31:40,server_17,860.93,1116.7
21:31:40,server_16,45.11,50.43
21:31:40,server_15,2116.26,1782.94
21:31:40,server_14,14395.96,15337.46
21:31:40,server_13,2875.58,3271.94
21:31:40,server_12,253.09,361.64
21:31:40,server_20,577.28,473.91
21:31:40,server_10,1014.52,1327.2
21:31:40,server_8,450.31,495.82
21:31:40,server_7,918.46,1260.02
21:31:40,server_6,9782.1,8955.49
21:31:40,server_5,349.31,416.05
21:31:40,server_4,472.08,707.14
21:31:40,server_3,909.36,858.64
21:31:40,server_2,137.08,195.06
21:31:40,server_1,307.74,399.82
21:31:40,server_9,877.85,1050.33
21:31:45,server_13,3415.91,3354.35
21:31:45,server_14,516.5,697.42
21:31:45,server_15,857.23,473.35
21:31:45,server_12,920.15,1337.38
21:31:45,server_17,464.35,620.32
21:31:45,server_18,3616.61,2978.97
21:31:45,server_19,527.35,433.62
21:31:45,server_16,620.69,732.88
21:31:45,server_11,578.37,374.75
21:31:45,server_20,134.23,117.78
21:31:45,server_9,894.23,567.7
21:31:45,server_1,586.06,392.82
21:31:45,server_2,166.31,149.9
21:31:45,server_3,935.07,728.07
21:31:45,server_4,154.27,227.0
21:31:45,server_10,154.47,157.86
21:31:45,server_6,0.0,0.0
21:31:45,server_7,940.88,808.14
21:31:45,server_8,829.95,887.73
21:31:45,server_5,586.26,849.77
21:31:50,server_19,133.28,92.59
21:31:50,server_18,161.3,173.51
21:31:50,server_17,700.98,459.49
21:31:50,server_16,874.28,724.77
21:31:50,server_15,996.17,1463.99
21:31:50,server_14,258.36,190.01
21:31:50,server_13,5596.63,5927.65
21:31:50,server_12,407.48,299.13
21:31:50,server_11,402.17,413.59
21:31:50,server_20,537.03,470.83
21:31:50,server_9,252.84,301.95
21:31:50,server_1,452.97,265.17
21:31:50,server_2,4787.25,4489.74
21:31:50,server_3,236.68,121.57
21:31:50,server_4,941.78,1409.74
21:31:50,server_10,181.24,141.43
21:31:50,server_6,314.32,248.52
21:31:50,server_7,47.28,43.31
21:31:50,server_8,191.64,152.38
21:31:50,server_5,813.64,819.14
21:31:55,server_11,1010.21,561.55
21:31:55,server_19,334.47,270.28
21:31:55,server_18,1008.51,1188.56
21:31:55,server_17,44.07,36.2
21:31:55,server_16,95.84,56.24
21:31:55,server_15,955.68,545.92
21:31:55,server_14,199.11,235.12
21:31:55,server_13,16136.78,13304.48
21:31:55,server_12,972.95,934.35
21:31:55,server_20,946.04,1167.24
21:31:55,server_10,953.11,1394.64
21:31:55,server_8,5.39,3.44
21:31:55,server_9,4099.81,3741.85
21:31:55,server_1,474.94,300.7
21:31:55,server_2,1724.05,1759.73
21:31:55,server_3,851.83,592.57
21:31:55,server_5,66.67,38.3
21:31:55,server_6,826.6,1230.29
21:31:55,server_7,639.66,567.25
21:31:55,server_4,746.3,701.5
21:32:00,server_20,180.47,238.08
21:32:00,server_11,328.43,427.01
21:32:00,server_18,176.64,107.19
21:32:00,server_17,3524.56,4080.46
21:32:00,server_16,888.41,633.7
21:32:00,server_15,851.22,978.38
21:32:00,server_14,83.81,99.1
21:32:00,server_13,341.9,412.42
21:32:00,server_12,875.92,1092.23
21:32:00,server_19,147.48,153.51
21:32:00,server_10,684.23,984.89
21:32:00,server_8,666.3,759.26
21:32:00,server_1,276.59,190.78
21:32:00,server_2,1265.29,1330.35
21:32:00,server_3,160.98,104.71
21:32:00,server_9,169.6,163.74
21:32:00,server_5,390.55,455.75
21:32:00,server_6,214.27,180.01
21:32:00,server_7,1435.53,1455.07
21:32:00,server_4,466.11,577.27
21:32:05,server_12,218.32,195.64
21:32:05,server_19,348.37,469.07
21:32:05,server_18,486.22,595.27
21:32:05,server_17,16866.97,15032.57
21:32:05,server_16,64.64,61.18
21:32:05,server_15,181.24,251.17
21:32:05,server_14,873.59,1091.87
21:32:05,server_13,9817.59,11048.49
21:32:05,server_11,359.93,515.88
21:32:05,server_20,3214.81,3285.05
21:32:05,server_9,932.71,628.43
21:32:05,server_1,1613.54,1586.01
21:32:05,server_2,44.26,37.32
21:32:05,server_3,278.09,150.47
21:32:05,server_4,208.59,212.82
21:32:05,server_10,613.3,905.43
21:32:05,server_6,1711.98,1972.57
21:32:05,server_7,60.82,57.41
21:32:05,server_8,7571.13,8826.46
21:32:05,server_5,4555.51,4221.05
21:32:10,server_11,153.71,158.03
21:32:10,server_19,0.0,0.0
21:32:10,server_18,826.89,727.5
21:32:10,server_17,302.44,214.82
21:32:10,server_16,88.18,59.31
21:32:10,server_15,469.78,632.28
21:32:10,server_14,524.07,313.35
21:32:10,server_13,588.0,387.85
21:32:10,server_12,8013.68,7581.39
21:32:10,server_20,1016.84,995.74
21:32:10,server_10,580.52,777.97
21:32:10,server_8,887.04,469.21
21:32:10,server_7,571.08,763.79
21:32:10,server_6,435.45,416.58
21:32:10,server_5,921.48,1159.31
21:32:10,server_4,2238.46,1966.19
21:32:10,server_3,935.67,1390.4
21:32:10,server_2,291.68,400.76
21:32:10,server_1,52.53,68.42
21:32:10,server_9,329.13,406.25
21:32:15,server_13,4578.68,4873.17
21:32:15,server_14,19079.86,22382.65
21:32:15,server_15,248.17,138.39
21:32:15,server_12,137.41,158.82
21:32:15,server_17,608.85,620.66
21:32:15,server_18,174.07,102.26
21:32:15,server_19,522.83,388.21
21:32:15,server_16,10898.98,11598.64
21:32:15,server_11,17469.33,17136.71
21:32:15,server_20,748.02,501.81
21:32:15,server_9,1179.8,1158.19
21:32:15,server_1,11832.43,11042.74
21:32:15,server_2,859.14,1271.9
21:32:15,server_3,509.09,645.95
21:32:15,server_4,881.57,709.42
21:32:15,server_10,349.32,299.3
21:32:15,server_6,221.06,155.24
21:32:15,server_7,276.86,402.52
21:32:15,server_8,30.38,27.82
21:32:15,server_5,873.79,1072.58
21:32:20,server_12,196.35,183.73
21:32:20,server_20,15055.32,14938.14
21:32:20,server_19,14138.02,14207.83
21:32:20,server_18,606.15,794.75
21:32:20,server_17,415.57,267.89
21:32:20,server_16,262.94,140.89
21:32:20,server_15,128.69,69.14
21:32:20,server_14,2096.1,2019.36
21:32:20,server_13,666.97,445.36
21:32:20,server_11,0.67,0.93
21:32:20,server_10,396.66,217.2
21:32:20,server_9,858.77,1038.1
21:32:20,server_2,7231.48,7626.49
21:32:20,server_3,3843.29,3945.0
21:32:20,server_4,250.04,227.35
21:32:20,server_1,922.06,674.77
21:32:20,server_6,24.43,28.21
21:32:20,server_7,13656.96,15658.52
21:32:20,server_8,47.48,56.28
21:32:20,server_5,544.76,455.89
21:32:25,server_12,167.96,106.76
21:32:25,server_19,903.98,1215.97
21:32:25,server_18,37.47,44.33
21:32:25,server_17,616.13,397.9
21:32:25,server_16,3915.12,3254.0
21:32:25,server_15,426.37,463.57
21:32:25,server_14,462.21,438.54
21:32:25,server_13,239.2,253.64
21:32:25,server_11,183.46,111.82
21:32:25,server_20,145.66,75.14
21:32:25,server_9,553.53,764.08
21:32:25,server_1,610.76,710.63
21:32:25,server_2,894.59,605.73
21:32:25,server_3,912.25,997.68
21:32:25,server_4,938.54,736.1
21:32:25,server_10,920.96,1237.98
21:32:25,server_6,18079.26,20357.69
21:32:25,server_7,1028.61,566.01
21:32:25,server_8,291.31,259.83
21:32:25,server_5,982.83,779.84
21:32:30,server_12,0.0,0.0
21:32:30,server_19,341.82,322.23
21:32:30,server_18,197.5,171.38
21:32:30,server_17,464.3,628.01
21:32:30,server_16,130.72,180.28
21:32:30,server_15,4962.59,4782.93
21:32:30,server_14,325.46,297.22
21:32:30,server_13,999.02,875.44
21:32:30,server_11,378.22,279.87
21:32:30,server_20,214.64,184.58
21:32:30,server_9,857.2,1075.47
21:32:30,server_1,744.29,557.24
21:32:30,server_2,126.18,124.16
21:32:30,server_3,149.29,191.69
21:32:30,server_4,2867.7,2916.57
21:32:30,server_10,428.19,432.24
21:32:30,server_6,780.54,754.86
21:32:30,server_7,1026.27,554.76
21:32:30,server_8,656.76,724.8
21:32:30,server_5,924.68,919.55
21:32:35,server_11,0.0,0.0
21:32:35,server_19,892.07,1026.44
21:32:35,server_18,5074.4,5601.07
21:32:35,server_17,300.59,287.7
21:32:35,server_16,980.2,1464.97
21:32:35,server_15,900.45,1319.63
21:32:35,server_14,876.83,1289.43
21:32:35,server_13,616.06,719.81
21:32:35,server_12,436.71,375.46
21:32:35,server_20,158.19,202.94
21:32:35,server_10,364.34,477.99
21:32:35,server_8,3363.05,3518.33
21:32:35,server_7,481.25,407.84
21:32:35,server_6,355.43,485.86
21:32:35,server_5,5795.12,5308.38
21:32:35,server_4,3.58,5.13
21:32:35,server_3,2104.44,2265.25
21:32:35,server_2,1006.48,513.3
21:32:35,server_1,290.48,283.5
21:32:35,server_9,404.14,266.64
21:32:40,server_13,880.66,541.74
21:32:40,server_14,428.47,403.44
21:32:40,server_15,1000.7,908.43
21:32:40,server_12,13702.35,11227.25
21:32:40,server_17,13391.27,13424.85
21:32:40,server_18,491.79,517.13
21:32:40,server_19,992.38,942.4
21:32:40,server_16,17.36,14.26
21:32:40,server_11,1005.25,750.93
21:32:40,server_20,1701.79,1573.49
21:32:40,server_9,292.54,306.74
21:32:40,server_1,452.15,312.23
21:32:40,server_2,262.25,153.17
21:32:40,server_3,296.98,321.4
21:32:40,server_4,144.69,144.51
21:32:40,server_10,3011.02,3406.21
21:32:40,server_6,492.43,458.56
21:32:40,server_7,1018.97,1405.16
21:32:40,server_8,287.56,176.26
21:32:40,server_5,3408.58,2993.95
21:32:45,server_19,943.71,804.2
21:32:45,server_18,456.22,230.83
21:32:45,server_17,595.6,398.82
21:32:45,server_16,886.23,859.63
21:32:45,server_15,3929.61,3396.2
21:32:45,server_14,172.99,95.11
21:32:45,server_13,844.01,958.7
21:32:45,server_12,17092.88,18284.17
21:32:45,server_11,829.79,839.93
21:32:45,server_20,366.2,509.92
21:32:45,server_9,1095.15,898.02
21:32:45,server_1,343.45,283.46
21:32:45,server_2,875.58,478.02
21:32:45,server_3,3217.87,3298.11
21:32:45,server_4,584.19,360.19
21:32:45,server_10,280.89,352.13
21:32:45,server_6,174.33,252.13
21:32:45,server_7,473.91,577.66
21:32:45,server_8,927.75,709.22
21:32:45,server_5,12584.23,12477.15
21:32:50,server_11,555.89,384.75
21:32:50,server_19,536.09,739.32
21:32:50,server_18,688.9,615.07
21:32:50,server_17,54.98,71.72
21:32:50,server_16,730.27,687.33
21:32:50,server_15,1007.61,1018.59
21:32:50,server_14,682.94,744.27
21:32:50,server_13,297.45,216.97
21:32:50,server_12,910.86,1089.24
21:32:50,server_20,402.08,602.08
21:32:50,server_10,15012.18,12958.62
21:32:50,server_8,200.06,289.64
21:32:50,server_9,352.91,303.45
21:32:50,server_1,919.02,1229.1
21:32:50,server_2,417.77,443.93
21:32:50,server_3,306.93,379.18
21:32:50,server_5,38.68,27.58
21:32:50,server_6,18359.93,18474.31
21:32:50,server_7,379.29,315.84
21:32:50,server_4,586.05,727.45
21:32:55,server_20,496.38,321.66
21:32:55,server_11,171.27,134.17
21:32:55,server_18,14181.94,15816.89
21:32:55,server_17,264.71,241.09
21:32:55,server_16,14500.61,12653.55
21:32:55,server_15,447.22,475.58
21:32:55,server_14,197.42,163.07
21:32:55,server_13,811.94,683.18
21:32:55,server_12,13190.03,11723.96
21:32:55,server_19,182.63,126.58
21:32:55,server_10,54.26,58.87
21:32:55,server_8,101.59,125.1
21:32:55,server_1,263.89,359.65
21:32:55,server_2,527.89,382.17
21:32:55,server_3,3232.36,2785.58
21:32:55,server_9,805.88,478.1
21:32:55,server_5,54.69,70.38
21:32:55,server_6,464.14,455.27
21:32:55,server_7,668.45,871.36
21:32:55,server_4,2971.19,2935.92
21:33:00,server_12,988.62,1243.87
21:33:00,server_19,421.65,357.55
21:33:00,server_18,297.76,248.02
21:33:00,server_17,204.74,113.32
21:33:00,server_16,338.19,293.38
21:33:00,server_15,175.54,247.55
21:33:00,server_14,900.63,940.35
21:33:00,server_13,597.56,585.3
21:33:00,server_11,550.87,410.63
21:33:00,server_20,989.7,826.61
21:33:00,server_9,338.8,291.3
21:33:00,server_1,687.33,632.54
21:33:00,server_2,291.74,347.69
21:33:00,server_3,3945.6,4330.69
21:33:00,server_4,239.36,301.22
21:33:00,server_10,4459.26,4541.02
21:33:00,server_6,903.65,768.86
21:33:00,server_7,982.44,1053.0
21:33:00,server_8,630.64,804.23
21:33:00,server_5,7.95,8.07
21:33:05,server_11,91.56,80.82
21:33:05,server_19,314.5,190.78
21:33:05,server_18,571.01,762.45
21:33:05,server_17,64.16,43.05
21:33:05,server_16,859.1,1027.54
21:33:05,server_15,527.5,368.42
21:33:05,server_14,4379.18,4433.12
21:33:05,server_13,275.34,298.19
21:33:05,server_12,646.04,415.8
21:33:05,server_20,574.6,676.15
21:33:05,server_10,197.74,194.07
21:33:05,server_8,54.29,60.04
21:33:05,server_7,940.04,1207.25
21:33:05,server_6,7.23,8.07
21:33:05,server_5,923.48,960.75
21:33:05,server_4,589.14,845.6
21:33:05,server_3,624.94,423.61
21:33:05,server_2,870.47,1031.44
21:33:05,server_1,4.93,4.44
21:33:05,server_9,170.91,216.23
21:33:10,server_13,901.63,1262.73
21:33:10,server_14,449.72,363.39
21:33:10,server_15,898.22,562.14
21:33:10,server_12,800.03,1019.73
21:33:10,server_17,225.39,303.65
21:33:10,server_18,760.81,608.0
21:33:10,server_19,3718.26,3204.29
21:33:10,server_16,0.0,0.0
21:33:10,server_11,314.8,163.73
21:33:10,server_20,198.72,152.44
21:33:10,server_9,949.95,870.26
21:33:10,server_1,346.33,233.48
21:33:10,server_2,19876.85,19824.82
21:33:10,server_3,482.64,421.13
21:33:10,server_4,782.73,954.83
21:33:10,server_10,133.9,71.49
21:33:10,server_6,1027.15,1302.78
21:33:10,server_7,4508.82,3775.42
21:33:10,server_8,867.82,719.18
21:33:10,server_5,592.02,557.62
21:33:15,server_20,13247.2,14034.19
21:33:15,server_19,366.41,432.68
21:33:15,server_18,839.55,1054.86
21:33:15,server_17,2001.98,1961.32
21:33:15,server_16,32.84,20.57
21:33:15,server_15,122.04,175.95
21:33:15,server_14,902.43,1128.41
21:33:15,server_12,375.91,493.13
21:33:15,server_11,614.91,442.34
21:33:15,server_13,4891.76,4045.74
21:33:15,server_9,14218.76,12310.93
21:33:15,server_10,100.35,134.76
21:33:15,server_2,331.84,482.15
21:33:15,server_3,214.27,313.76
21:33:15,server_4,964.61,824.52
21:33:15,server_1,548.17,696.06
21:33:15,server_6,120.68,172.49
21:33:15,server_7,410.85,526.85
21:33:15,server_8,261.4,295.24
21:33:15,server_5,258.7,310.52
21:33:20,server_12,8226.74,8543.32
21:33:20,server_20,269.54,203.63
21:33:20,server_19,682.01,812.83
21:33:20,server_18,128.58,185.67
21:33:20,server_17,413.91,397.78
21:33:20,server_16,44.18,37.99
21:33:20,server_15,826.07,469.7
21:33:20,server_14,20.96,27.24
21:33:20,server_13,372.49,333.58
21:33:20,server_11,133.4,193.85
21:33:20,server_3,4012.35,4024.74
21:33:20,server_9,230.18,245.17
21:33:20,server_10,18349.59,21178.77
21:33:20,server_2,3.24,2.94
21:33:20,server_4,98.72,108.56
21:33:20,server_1,842.76,1161.3
21:33:20,server_6,944.77,1403.2
21:33:20,server_7,143.15,84.2
21:33:20,server_8,156.87,149.96
21:33:20,server_5,911.24,520.58
21:33:25,server_12,842.03,553.98
21:33:25,server_19,414.66,251.68
21:33:25,server_18,1028.87,1207.96
21:33:25,server_17,813.54,727.57
21:33:25,server_16,309.36,216.0
21:33:25,server_15,412.03,542.96
21:33:25,server_14,409.74,419.54
21:33:25,server_20,1044.6,793.2
21:33:25,server_11,2116.73,2310.23
21:33:25,server_13,692.08,369.52
21:33:25,server_9,3524.7,3672.28
21:33:25,server_1,919.56,1042.01
21:33:25,server_2,927.44,588.95
21:33:25,server_3,51.96,59.18
21:33:25,server_4,180.15,246.52
21:33:25,server_10,100.39,145.48
21:33:25,server_6,12085.21,10998.33
21:33:25,server_7,168.43,228.9
21:33:25,server_8,117.17,102.58
21:33:25,server_5,691.32,491.85
21:33:30,server_19,516.91,441.46
21:33:30,server_18,1771.73,1837.23
21:33:30,server_17,363.44,406.36
21:33:30,server_16,530.17,342.9
21:33:30,server_15,932.59,1316.49
21:33:30,server_14,548.65,488.43
21:33:30,server_13,518.92,699.97
21:33:30,server_12,498.68,297.07
21:33:30,server_11,10202.66,8489.36
21:33:30,server_20,994.16,1312.37
21:33:30,server_9,3726.96,3076.88
21:33:30,server_1,841.26,508.83
21:33:30,server_2,0.8,0.73
21:33:30,server_3,3099.96,3266.75
21:33:30,server_4,438.88,589.35
21:33:30,server_10,699.85,367.59
21:33:30,server_6,170.77,169.31
21:33:30,server_7,694.66,646.43
21:33:30,server_8,51.29,43.01
21:33:30,server_5,1022.89,696.19
21:33:35,server_11,9667.05,9400.63
21:33:35,server_19,188.76,217.38
21:33:35,server_18,993.22,907.65
21:33:35,server_17,885.53,950.44
21:33:35,server_16,692.02,415.99
21:33:35,server_15,810.82,543.75
21:33:35,server_14,944.7,711.48
21:33:35,server_13,174.72,91.52
21:33:35,server_12,570.17,783.37
21:33:35,server_20,913.62,1202.41
21:33:35,server_10,3634.08,3052.68
21:33:35,server_8,82.49,68.66
21:33:35,server_9,99.44,74.4
21:33:35,server_1,253.01,350.99
21:33:35,server_2,29.67,17.27
21:33:35,server_3,924.4,551.04
21:33:35,server_5,3608.38,3266.0
21:33:35,server_6,452.49,304.97
21:33:35,server_7,264.29,138.2
21:33:35,server_4,427.27,418.27
21:33:40,server_20,884.66,1019.15
21:33:40,server_11,84.38,115.35
21:33:40,server_18,457.26,470.91
21:33:40,server_17,958.04,926.6
21:33:40,server_16,3749.94,3780.18
21:33:40,server_15,528.79,466.81
21:33:40,server_14,2493.58,2313.38
21:33:40,server_13,483.15,262.14
21:33:40,server_12,519.88,440.41
21:33:40,server_19,174.55,172.47
21:33:40,server_10,915.06,485.55
21:33:40,server_8,158.27,220.52
21:33:40,server_1,122.67,65.35
21:33:40,server_2,448.48,535.06
21:33:40,server_3,10557.66,10927.39
21:33:40,server_9,549.64,351.16
21:33:40,server_5,208.06,249.65
21:33:40,server_6,868.38,1152.3
21:33:40,server_7,1000.05,935.45
21:33:40,server_4,666.55,407.63
21:33:45,server_20,16727.93,14186.49
21:33:45,server_19,667.63,711.72
21:33:45,server_18,170.75,254.56
21:33:45,server_17,256.3,199.12
21:33:45,server_16,1086.74,1050.16
21:33:45,server_15,621.04,462.29
21:33:45,server_14,175.92,128.63
21:33:45,server_12,4878.08,4549.52
21:33:45,server_11,135.64,106.43
21:33:45,server_13,331.59,252.05
21:33:45,server_9,182.41,268.88
21:33:45,server_10,822.28,745.89
21:33:45,server_2,302.02,399.79
21:33:45,server_3,459.23,618.05
21:33:45,server_4,428.85,582.05
21:33:45,server_1,304.46,218.63
21:33:45,server_6,517.07,718.11
21:33:45,server_7,218.05,207.67
21:33:45,server_8,17362.63,19149.47
21:33:45,server_5,19051.55,22168.71
21:33:50,server_12,222.93,126.94
21:33:50,server_19,8830.02,7239.28
21:33:50,server_18,508.68,627.97
21:33:50,server_20,497.63,725.02
21:33:50,server_17,915.4,1356.69
21:33:50,server_16,651.19,657.4
21:33:50,server_15,708.89,520.67
21:33:50,server_14,485.94,663.59
21:33:50,server_13,350.01,185.24
21:33:50,server_11,872.0,577.12
21:33:50,server_3,152.48,223.02
21:33:50,server_9,163.24,137.85
21:33:50,server_10,15680.93,17686.35
21:33:50,server_2,683.81,751.98
21:33:50,server_4,2217.89,2083.91
21:33:50,server_1,244.92,133.67
21:33:50,server_6,227.76,114.23
21:33:50,server_7,10.21,7.43
21:33:50,server_8,329.51,348.14
21:33:50,server_5,872.91,1158.09
21:33:55,server_11,131.22,73.17
21:33:55,server_20,903.97,1200.2
21:33:55,server_18,393.55,412.04
21:33:55,server_17,188.95,99.89
21:33:55,server_16,659.68,697.21
21:33:55,server_15,110.85,79.46
21:33:55,server_14,417.78,471.09
21:33:55,server_13,153.03,149.51
21:33:55,server_12,149.34,155.11
21:33:55,server_19,117.59,168.52
21:33:55,server_10,12073.29,10285.3
21:33:55,server_8,719.53,811.28
21:33:55,server_1,691.74,799.64
21:33:55,server_2,863.84,1030.76
21:33:55,server_3,145.45,212.18
21:33:55,server_9,112.87,80.45
21:33:55,server_5,759.94,613.29
21:33:55,server_6,10022.26,9879.97
21:33:55,server_7,2071.94,2424.02
21:33:55,server_4,430.51,547.61
21:34:00,server_12,431.77,443.65
21:34:00,server_19,226.09,228.91
21:34:00,server_18,17562.59,14497.72
21:34:00,server_17,18651.93,18373.44
21:34:00,server_16,500.62,513.83
21:34:00,server_15,213.03,159.29
21:34:00,server_14,576.21,376.47
21:34:00,server_13,2430.81,2715.97
21:34:00,server_11,477.22,298.22
21:34:00,server_20,628.13,447.03
21:34:00,server_9,271.6,149.65
21:34:00,server_1,166.27,168.55
21:34:00,server_2,810.57,1201.75
21:34:00,server_3,902.18,793.81
21:34:00,server_4,15.93,12.37
21:34:00,server_10,693.7,661.34
21:34:00,server_6,3823.82,3739.5
21:34:00,server_7,627.17,375.18
21:34:00,server_8,276.03,393.33
21:34:00,server_5,668.0,605.63
21:34:05,server_11,189.57,132.67
21:34:05,server_19,12639.49,10932.3
21:34:05,server_18,4337.91,3611.93
21:34:05,server_17,534.3,653.65
21:34:05,server_16,871.57,1075.0
21:34:05,server_15,225.04,267.61
21:34:05,server_14,433.92,568.14
21:34:05,server_13,1006.08,833.16
21:34:05,server_12,14153.19,12114.97
21:34:05,server_20,261.05,324.44
21:34:05,server_10,275.74,302.25
21:34:05,server_8,857.07,759.64
21:34:05,server_7,413.58,467.88
21:34:05,server_6,307.74,458.79
21:34:05,server_5,976.59,1084.55
21:34:05,server_4,322.61,331.43
21:34:05,server_3,994.63,1244.96
21:34:05,server_2,220.83,144.14
21:34:05,server_1,65.17,66.63
21:34:05,server_9,519.06,595.1
21:34:10,server_14,216.39,324.18
21:34:10,server_15,675.71,543.19
21:34:10,server_16,897.4,861.12
21:34:10,server_13,27.33,30.23
21:34:10,server_18,292.93,151.69
21:34:10,server_19,963.59,649.37
21:34:10,server_20,899.69,732.98
21:34:10,server_17,1053.77,848.18
21:34:10,server_12,8912.47,9181.56
21:34:10,server_11,15825.8,14280.51
21:34:10,server_1,271.96,149.04
21:34:10,server_9,19958.91,17020.45
21:34:10,server_8,181.32,140.21
21:34:10,server_7,541.48,704.05
21:34:10,server_6,496.44,544.41
21:34:10,server_5,2867.28,3054.49
21:34:10,server_4,421.0,230.16
21:34:10,server_3,612.36,397.78
21:34:10,server_2,156.2,122.87
21:34:10,server_10,193.35,274.01
21:34:15,server_14,452.81,398.29
21:34:15,server_15,51.43,43.66
21:34:15,server_16,434.33,414.52
21:34:15,server_17,91.47,105.95
21:34:15,server_10,155.28,206.97
21:34:15,server_19,3321.21,2835.45
21:34:15,server_20,4272.54,4780.54
21:34:15,server_13,707.05,921.15
21:34:15,server_18,115.34,168.32
21:34:15,server_12,579.97,787.38
21:34:15,server_7,523.61,360.77
21:34:15,server_9,436.94,251.07
21:34:15,server_8,251.53,280.46
21:34:15,server_6,4683.87,4812.42
21:34:15,server_5,888.2,1235.82
21:34:15,server_4,999.55,1403.01
21:34:15,server_3,558.83,621.23
21:34:15,server_2,1002.81,829.19
21:34:15,server_1,667.29,717.67
21:34:15,server_11,291.66,255.16
21:34:20,server_13,637.12,773.34
21:34:20,server_14,8117.63,7295.84
21:34:20,server_15,705.51,966.26
21:34:20,server_20,17112.55,16358.9
21:34:20,server_18,176.85,183.25
21:34:20,server_19,12264.67,11294.74
21:34:20,server_12,135.72,94.88
21:34:20,server_16,744.56,1046.52
21:34:20,server_11,18457.44,17199.17
21:34:20,server_17,799.4,939.22
21:34:20,server_9,139.9,165.94
21:34:20,server_8,21.37,24.73
21:34:20,server_7,566.5,757.34
21:34:20,server_6,194.37,167.55
21:34:20,server_5,888.5,654.01
21:34:20,server_4,779.01,557.22
21:34:20,server_1,259.23,321.71
21:34:20,server_3,621.89,665.22
21:34:20,server_2,12157.91,11861.87
21:34:20,server_10,209.11,114.73
21:34:25,server_13,180.76,164.24
21:34:25,server_14,400.23,263.83
21:34:25,server_15,888.31,1127.95
21:34:25,server_20,683.33,737.27
21:34:25,server_18,913.25,993.94
21:34:25,server_19,5619.28,4879.08
21:34:25,server_12,799.62,902.78
21:34:25,server_16,961.86,794.78
21:34:25,server_11,433.35,440.74
21:34:25,server_17,866.67,681.76
21:34:25,server_9,230.06,271.42
21:34:25,server_8,405.99,397.54
21:34:25,server_7,4782.36,4945.89
21:34:25,server_6,0.51,0.46
21:34:25,server_5,189.91,95.68
21:34:25,server_4,926.93,1352.86
21:34:25,server_3,822.4,716.56
21:34:25,server_2,220.9,127.53
21:34:25,server_1,7809.4,6475.19
21:34:25,server_10,855.09,1145.51
21:34:30,server_13,923.75,482.86
21:34:30,server_14,812.0,970.35
21:34:30,server_15,4680.72,4280.78
21:34:30,server_20,153.65,84.88
21:34:30,server_17,535.15,799.08
21:34:30,server_18,318.14,277.21
21:34:30,server_19,618.23,554.71
21:34:30,server_12,945.93,1338.98
21:34:30,server_16,972.47,689.44
21:34:30,server_11,491.99,560.0
21:34:30,server_7,461.82,601.85
21:34:30,server_9,555.25,710.52
21:34:30,server_8,309.29,300.23
21:34:30,server_6,2762.62,2551.52
21:34:30,server_5,507.42,701.02
21:34:30,server_4,7703.96,8093.47
21:34:30,server_3,14262.99,14624.86
21:34:30,server_2,96.77,135.75
21:34:30,server_1,897.6,968.74
21:34:30,server_10,296.45,353.84
21:34:35,server_13,382.58,445.22
21:34:35,server_14,151.56,114.72
21:34:35,server_15,272.47,316.93
21:34:35,server_20,355.53,451.58
21:34:35,server_18,880.41,992.16
21:34:35,server_19,3699.75,3176.49
21:34:35,server_12,337.86,495.59
21:34:35,server_16,117.88,73.4
21:34:35,server_11,938.87,1273.91
21:34:35,server_17,328.16,264.32
21:34:35,server_9,980.55,1247.26
21:34:35,server_2,729.57,917.24
21:34:35,server_3,129.11,136.72
21:34:35,server_1,42.36,49.95
21:34:35,server_4,282.48,323.4
21:34:35,server_10,1087.27,1563.43
21:34:35,server_6,294.95,166.33
21:34:35,server_7,4261.32,3543.53
21:34:35,server_8,612.64,610.36
21:34:35,server_5,905.22,1029.42
21:34:40,server_12,371.23,343.76
21:34:40,server_19,891.94,704.67
21:34:40,server_18,610.9,330.26
21:34:40,server_17,544.79,429.25
21:34:40,server_16,67.68,34.3
21:34:40,server_15,4460.01,5042.23
21:34:40,server_14,271.32,170.43
21:34:40,server_13,13087.49,13144.29
21:34:40,server_11,518.5,294.42
21:34:40,server_20,212.17,129.83
21:34:40,server_9,214.54,215.63
21:34:40,server_1,352.09,227.23
21:34:40,server_2,8.72,10.17
21:34:40,server_3,134.45,71.17
21:34:40,server_4,148.05,136.21
21:34:40,server_10,3524.24,3487.81
21:34:40,server_6,949.48,1279.14
21:34:40,server_7,226.89,259.05
21:34:40,server_8,12031.51,12990.0
21:34:40,server_5,385.11,496.47
21:34:45,server_11,63.15,79.29
21:34:45,server_19,99.59,141.94
21:34:45,server_18,911.65,1100.41
21:34:45,server_17,8084.22,6511.33
21:34:45,server_16,395.58,556.72
21:34:45,server_15,696.87,842.21
21:34:45,server_14,188.67,109.51
21:34:45,server_13,177.37,130.05
21:34:45,server_12,173.1,128.71
21:34:45,server_20,650.84,745.36
21:34:45,server_10,16980.24,19165.65
21:34:45,server_8,238.25,219.6
21:34:45,server_7,4613.9,4385.81
21:34:45,server_6,277.08,232.56
21:34:45,server_5,975.35,1084.38
21:34:45,server_4,973.98,1410.97
21:34:45,server_3,3805.94,3437.77
21:34:45,server_2,900.35,616.89
21:34:45,server_1,494.74,295.17
21:34:45,server_9,289.51,151.58
21:34:50,server_13,252.67,136.66
21:34:50,server_20,11678.28,13813.39
21:34:50,server_14,3250.09,2793.98
21:34:50,server_15,1442.8,1514.96
21:34:50,server_19,935.2,556.35
21:34:50,server_17,55.81,71.2
21:34:50,server_18,625.89,657.69
21:34:50,server_12,127.47,144.12
21:34:50,server_16,921.01,1317.58
21:34:50,server_11,70.01,46.5
21:34:50,server_7,307.72,366.6
21:34:50,server_9,1572.77,1421.44
21:34:50,server_8,982.29,721.07
21:34:50,server_6,862.36,991.94
21:34:50,server_5,856.42,1210.84
21:34:50,server_4,940.97,599.75
21:34:50,server_3,182.54,254.56
21:34:50,server_2,3282.4,2827.27
21:34:50,server_1,4240.84,3685.27
21:34:50,server_10,14735.46,14988.13
21:34:55,server_13,256.32,171.47
21:34:55,server_14,325.22,388.45
21:34:55,server_15,934.1,634.07
21:34:55,server_20,10164.58,8491.17
21:34:55,server_17,1001.45,508.07
21:34:55,server_19,425.51,326.04
21:34:55,server_12,673.77,400.98
21:34:55,server_16,872.96,601.91
21:34:55,server_11,189.09,262.28
21:34:55,server_18,911.95,968.25
21:34:55,server_9,15286.66,16707.99
21:34:55,server_8,94.09,82.96
21:34:55,server_7,284.91,352.63
21:34:55,server_6,151.32,86.93
21:34:55,server_5,195.51,246.77
21:34:55,server_4,563.51,378.04
21:34:55,server_3,391.4,541.52
21:34:55,server_2,210.14,148.3
21:34:55,server_1,1759.79,1445.5
21:34:55,server_10,199.84,108.15
21:35:00,server_13,25.32,18.09
21:35:00,server_14,308.15,324.44
21:35:00,server_15,192.31,267.98
21:35:00,server_20,967.4,1094.96
21:35:00,server_17,698.92,878.39
21:35:00,server_18,585.32,753.54
21:35:00,server_19,775.35,1146.35
21:35:00,server_12,3632.23,3906.47
21:35:00,server_16,3652.85,4157.5
21:35:00,server_11,385.91,253.34
21:35:00,server_7,77.18,59.05
21:35:00,server_9,166.63,152.8
21:35:00,server_8,647.54,379.08
21:35:00,server_6,3841.12,3561.26
21:35:00,server_5,192.49,186.67
21:35:00,server_4,6040.68,5320.38
21:35:00,server_3,946.95,783.33
21:35:00,server_2,652.79,950.2
21:35:00,server_1,304.53,454.42
21:35:00,server_10,346.14,393.78
21:35:05,server_14,4009.26,4533.71
21:35:05,server_16,477.94,271.6
21:35:05,server_15,557.72,414.7
21:35:05,server_17,936.33,761.67
21:35:05,server_10,172.57,94.64
21:35:05,server_19,464.22,419.61
21:35:05,server_20,136.12,185.95
21:35:05,server_13,237.6,163.74
21:35:05,server_18,3736.53,3972.05
21:35:05,server_12,467.9,665.21
21:35:05,server_7,246.53,212.79
21:35:05,server_11,610.03,825.49
21:35:05,server_9,260.74,340.2
21:35:05,server_8,544.19,537.36
21:35:05,server_1,975.26,717.39
21:35:05,server_6,200.71,175.29
21:35:05,server_5,847.7,532.84
21:35:05,server_4,2123.28,1884.78
21:35:05,server_3,1408.53,1368.96
21:35:05,server_2,7832.77,6284.82
21:35:10,server_13,680.46,725.29
21:35:10,server_14,341.1,494.75
21:35:10,server_15,73.02,91.41
21:35:10,server_16,298.19,210.12
21:35:10,server_20,332.41,389.78
21:35:10,server_18,434.64,460.21
21:35:10,server_19,427.14,488.8
21:35:10,server_12,174.94,129.54
21:35:10,server_17,1000.24,1073.27
21:35:10,server_11,687.25,951.03
21:35:10,server_10,584.48,554.64
21:35:10,server_9,5453.11,5040.64
21:35:10,server_2,217.06,276.02
21:35:10,server_3,36.61,49.89
21:35:10,server_4,400.75,389.37
21:35:10,server_1,968.01,853.89
21:35:10,server_6,1810.02,1463.22
21:35:10,server_7,273.99,271.61
21:35:10,server_8,16349.8,18566.47
21:35:10,server_5,951.67,1309.25
21:35:15,server_11,14077.35,12382.48
21:35:15,server_19,163.42,240.59
21:35:15,server_18,397.39,319.71
21:35:15,server_16,890.17,492.93
21:35:15,server_15,842.49,877.79
21:35:15,server_14,916.66,1308.66
21:35:15,server_13,771.83,1032.27
21:35:15,server_12,311.76,331.07
21:35:15,server_10,306.13,412.52
21:35:15,server_20,678.13,497.69
21:35:15,server_8,262.7,258.84
21:35:15,server_9,212.73,160.32
21:35:15,server_1,623.41,372.81
21:35:15,server_2,525.23,532.58
21:35:15,server_3,464.66,484.73
21:35:15,server_17,2090.16,1933.76
21:35:15,server_5,408.7,499.35
21:35:15,server_6,839.94,792.54
21:35:15,server_4,331.97,483.35
21:35:15,server_7,16.36,9.31
21:35:20,server_20,152.73,106.42
21:35:20,server_19,4623.93,5282.41
21:35:20,server_18,26.58,26.88
21:35:20,server_16,6081.66,6016.21
21:35:20,server_15,18266.14,20413.2
21:35:20,server_14,310.12,181.22
21:35:20,server_13,291.97,212.41
21:35:20,server_12,8.65,6.5
21:35:20,server_11,986.47,1158.44
21:35:20,server_17,506.77,287.16
21:35:20,server_9,851.65,1100.78
21:35:20,server_8,948.69,994.23
21:35:20,server_7,169.43,246.11
21:35:20,server_6,402.27,321.48
21:35:20,server_5,795.72,1026.72
21:35:20,server_4,898.72,1259.66
21:35:20,server_3,587.21,432.18
21:35:20,server_2,966.32,1350.05
21:35:20,server_1,395.33,314.66
21:35:20,server_10,957.44,1387.31
21:35:25,server_13,3454.86,3020.69
21:35:25,server_14,526.32,574.09
21:35:25,server_15,7156.39,8079.85
21:35:25,server_20,4896.01,4778.73
21:35:25,server_17,492.7,635.75
21:35:25,server_18,888.27,1067.03
21:35:25,server_19,2918.18,2840.14
21:35:25,server_12,815.48,484.43
21:35:25,server_16,974.81,840.38
21:35:25,server_11,676.39,447.08
21:35:25,server_7,2996.35,3294.96
21:35:25,server_9,387.18,510.86
21:35:25,server_8,587.0,377.01
21:35:25,server_6,596.18,624.75
21:35:25,server_5,94.35,57.54
21:35:25,server_4,948.31,647.26
21:35:25,server_3,823.13,1199.58
21:35:25,server_2,3251.77,2911.51
21:35:25,server_1,15969.82,18245.72
21:35:25,server_10,431.57,626.33
21:35:30,server_13,3870.89,4591.1
21:35:30,server_14,659.52,392.25
21:35:30,server_15,2048.5,2199.5
21:35:30,server_17,982.32,929.15
21:35:30,server_19,629.88,933.42
21:35:30,server_20,660.29,910.75
21:35:30,server_12,3696.39,4003.26
21:35:30,server_18,987.46,1307.99
21:35:30,server_11,678.12,680.62
21:35:30,server_16,470.03,586.73
21:35:30,server_9,15592.37,13462.93
21:35:30,server_2,789.64,724.37
21:35:30,server_3,61.19,37.98
21:35:30,server_4,529.31,502.1
21:35:30,server_10,101.89,108.57
21:35:30,server_1,6373.6,5915.04
21:35:30,server_6,450.79,516.06
21:35:30,server_7,621.28,313.72
21:35:30,server_8,669.77,683.48
21:35:30,server_5,877.91,925.06
21:35:35,server_12,373.15,360.18
21:35:35,server_19,199.93,146.4
21:35:35,server_18,671.62,797.77
21:35:35,server_17,504.87,559.52
21:35:35,server_16,762.91,849.38
21:35:35,server_15,372.38,531.4
21:35:35,server_14,434.22,496.58
21:35:35,server_13,454.43,667.59
21:35:35,server_11,4061.81,4284.25
21:35:35,server_20,860.81,587.77
21:35:35,server_9,421.45,435.7
21:35:35,server_1,1530.01,1506.86
21:35:35,server_2,119.38,132.01
21:35:35,server_3,4659.72,4157.88
21:35:35,server_4,675.65,643.58
21:35:35,server_10,196.4,194.88
21:35:35,server_6,655.58,727.56
21:35:35,server_7,828.16,986.13
21:35:35,server_8,4.51,3.29
21:35:35,server_5,15953.27,15609.51
21:35:40,server_11,7337.58,6619.96
21:35:40,server_19,11302.42,12661.83
21:35:40,server_18,415.14,297.61
21:35:40,server_17,99.99,113.9
21:35:40,server_16,3842.27,3713.6
21:35:40,server_15,608.04,523.7
21:35:40,server_14,357.55,444.16
21:35:40,server_13,396.44,252.97
21:35:40,server_12,237.48,315.78
21:35:40,server_20,898.51,949.11
21:35:40,server_10,184.82,97.69
21:35:40,server_8,1029.62,752.54
21:35:40,server_7,997.86,967.68
21:35:40,server_6,459.45,345.39
21:35:40,server_5,359.81,314.98
21:35:40,server_4,655.99,898.37
21:35:40,server_3,15164.3,15855.67
21:35:40,server_2,989.47,1483.6
21:35:40,server_1,871.01,990.5
21:35:40,server_9,167.04,110.15
21:35:45,server_13,1051.15,763.75
21:35:45,server_14,8.61,9.05
21:35:45,server_15,389.48,253.6
21:35:45,server_20,450.79,349.05
21:35:45,server_19,978.82,1411.74
21:35:45,server_17,842.76,1179.61
21:35:45,server_18,663.67,909.43
21:35:45,server_12,520.97,770.47
21:35:45,server_16,586.31,736.26
21:35:45,server_11,1328.95,1343.58
21:35:45,server_5,852.9,976.33
21:35:45,server_9,119.26,89.78
21:35:45,server_8,306.88,292.87
21:35:45,server_7,225.04,178.46
21:35:45,server_6,338.24,479.3
21:35:45,server_4,114.9,141.83
21:35:45,server_3,958.91,1046.49
21:35:45,server_2,890.28,1154.23
21:35:45,server_1,600.21,622.83
21:35:45,server_10,445.51,553.54
21:35:50,server_13,264.78,327.76
21:35:50,server_14,403.8,302.21
21:35:50,server_15,949.12,703.46
21:35:50,server_20,447.03,388.49
21:35:50,server_18,1596.52,1430.9
21:35:50,server_19,547.58,586.43
21:35:50,server_12,3915.42,3417.2
21:35:50,server_17,568.6,728.49
21:35:50,server_11,701.88,506.03
21:35:50,server_16,540.89,615.29
21:35:50,server_9,303.7,360.95
21:35:50,server_8,441.27,471.27
21:35:50,server_7,44.82,35.91
21:35:50,server_6,14919.7,16773.52
21:35:50,server_5,980.89,1141.48
21:35:50,server_4,698.91,485.41
21:35:50,server_3,205.32,111.04
21:35:50,server_2,265.32,360.12
21:35:50,server_1,227.08,292.12
21:35:50,server_10,251.64,233.8
21:35:55,server_12,51.64,45.37
21:35:55,server_13,411.91,305.03
21:35:55,server_14,434.48,494.87
21:35:55,server_18,993.23,496.64
21:35:55,server_16,11435.47,10669.61
21:35:55,server_17,602.17,863.61
21:35:55,server_11,2409.13,2155.32
21:35:55,server_15,18623.12,19088.31
21:35:55,server_10,729.59,751.95
21:35:55,server_5,4258.98,4711.76
21:35:55,server_8,965.91,1200.64
21:35:55,server_7,801.1,1157.36
21:35:55,server_6,1892.81,2235.12
21:35:55,server_4,389.39,486.9
21:35:55,server_3,890.99,1027.74
21:35:55,server_2,0.0,0.0
21:35:55,server_1,1009.64,1114.68
21:35:55,server_19,326.57,472.38
21:35:55,server_9,100.0,125.65
21:35:55,server_20,10.26,9.69
21:36:00,server_13,329.49,406.19
21:36:00,server_14,6839.71,6237.79
21:36:00,server_15,347.62,191.39
21:36:00,server_20,69.01,87.3
21:36:00,server_18,319.05,299.97
21:36:00,server_19,4978.17,4471.26
21:36:00,server_12,3550.7,2962.55
21:36:00,server_16,259.54,284.29
21:36:00,server_11,336.66,437.65
21:36:00,server_17,472.12,514.32
21:36:00,server_9,15728.54,12635.59
21:36:00,server_2,10191.2,9301.79
21:36:00,server_3,51.3,62.87
21:36:00,server_10,247.81,287.7
21:36:00,server_4,112.2,147.96
21:36:00,server_1,518.38,471.92
21:36:00,server_6,917.96,629.1
21:36:00,server_7,638.33,915.65
21:36:00,server_8,8166.45,7762.15
21:36:00,server_5,466.09,391.4
21:36:05,server_12,401.18,286.97
21:36:05,server_20,511.14,546.19
21:36:05,server_19,1027.79,1466.47
21:36:05,server_18,604.17,322.84
21:36:05,server_17,245.4,276.91
21:36:05,server_16,62.19,33.37
21:36:05,server_15,858.14,987.7
21:36:05,server_14,252.75,239.3
21:36:05,server_13,217.39,276.88
21:36:05,server_11,1002.88,708.06
21:36:05,server_10,194.55,134.26
21:36:05,server_9,445.97,478.27
21:36:05,server_2,424.69,490.21
21:36:05,server_3,10607.56,8621.66
21:36:05,server_4,2580.04,2787.45
21:36:05,server_1,561.87,732.33
21:36:05,server_6,602.11,441.42
21:36:05,server_7,790.7,894.62
21:36:05,server_8,96.63,88.29
21:36:05,server_5,541.54,511.08
21:36:10,server_12,366.01,203.11
21:36:10,server_19,298.94,222.72
21:36:10,server_18,738.05,705.0
21:36:10,server_17,120.53,171.23
21:36:10,server_16,781.01,593.64
21:36:10,server_15,172.09,241.47
21:36:10,server_14,1079.4,783.5
21:36:10,server_13,286.52,307.79
21:36:10,server_11,115.1,67.67
21:36:10,server_20,2872.2,2460.69
21:36:10,server_9,142.22,202.91
21:36:10,server_1,266.02,343.03
21:36:10,server_2,632.78,935.96
21:36:10,server_3,2985.33,3261.28
21:36:10,server_4,929.52,492.9
21:36:10,server_10,10321.93,11018.26
21:36:10,server_6,2906.16,2969.81
21:36:10,server_7,482.3,253.96
21:36:10,server_8,95.44,121.06
21:36:10,server_5,237.42,129.22
21:36:15,server_12,965.28,1119.05
21:36:15,server_19,558.85,590.85
21:36:15,server_18,142.78,210.71
21:36:15,server_17,2789.74,3006.23
21:36:15,server_16,244.31,255.72
21:36:15,server_15,826.51,881.01
21:36:15,server_14,664.85,444.14
21:36:15,server_13,634.63,938.85
21:36:15,server_11,345.5,495.96
21:36:15,server_20,0.0,0.0
21:36:15,server_9,952.72,687.43
21:36:15,server_1,980.44,525.91
21:36:15,server_2,294.26,438.3
21:36:15,server_3,442.38,534.33
21:36:15,server_4,430.44,282.13
21:36:15,server_10,974.86,843.77
21:36:15,server_6,609.1,532.05
21:36:15,server_7,727.49,426.94
21:36:15,server_8,389.53,453.34
21:36:15,server_5,960.59,1186.13
21:36:20,server_11,956.22,868.23
21:36:20,server_19,4808.9,4842.77
21:36:20,server_18,664.57,869.11
21:36:20,server_17,1006.76,852.2
21:36:20,server_16,568.77,370.01
21:36:20,server_15,484.74,610.1
21:36:20,server_14,905.98,1346.68
21:36:20,server_13,11088.91,10083.35
21:36:20,server_12,1052.62,1409.21
21:36:20,server_20,891.93,1056.38
21:36:20,server_10,399.34,200.11
21:36:20,server_8,266.09,221.39
21:36:20,server_7,174.06,124.2
21:36:20,server_6,521.15,740.34
21:36:20,server_5,229.32,271.37
21:36:20,server_4,479.38,342.02
21:36:20,server_3,375.38,366.56
21:36:20,server_2,435.43,264.0
21:36:20,server_1,440.41,518.35
21:36:20,server_9,639.74,441.75
21:36:25,server_13,11984.21,12519.1
21:36:25,server_14,150.73,94.66
21:36:25,server_15,1018.23,1040.74
21:36:25,server_12,19577.7,17199.88
21:36:25,server_17,574.97,376.43
21:36:25,server_18,18400.67,18550.08
21:36:25,server_19,998.91,1136.93
21:36:25,server_16,35.32,51.6
21:36:25,server_11,941.97,1023.51
21:36:25,server_20,4168.45,4142.87
21:36:25,server_9,363.53,314.32
21:36:25,server_1,956.9,597.75
21:36:25,server_2,4782.27,4168.03
21:36:25,server_3,377.0,400.88
21:36:25,server_4,811.28,626.01
21:36:25,server_10,178.46,116.56
21:36:25,server_6,254.7,239.81
21:36:25,server_7,4146.87,4799.67
21:36:25,server_8,229.37,309.2
21:36:25,server_5,4149.63,4392.2
21:36:30,server_19,3487.46,3998.97
21:36:30,server_18,479.67,319.69
21:36:30,server_17,3012.73,3423.33
21:36:30,server_16,201.74,293.82
21:36:30,server_15,162.47,133.88
21:36:30,server_14,177.46,139.26
21:36:30,server_13,373.03,548.56
21:36:30,server_12,601.17,583.66
21:36:30,server_11,2381.97,2278.74
21:36:30,server_20,939.19,653.39
21:36:30,server_9,927.35,1126.14
21:36:30,server_1,394.55,268.59
21:36:30,server_2,533.58,755.14
21:36:30,server_3,251.21,296.41
21:36:30,server_4,13270.54,12518.84
21:36:30,server_10,127.71,66.91
21:36:30,server_6,14699.09,14003.6
21:36:30,server_7,1554.65,1523.47
21:36:30,server_8,333.04,273.84
21:36:30,server_5,96.14,99.7
21:36:35,server_11,47.68,60.17
21:36:35,server_19,973.61,1126.29
21:36:35,server_18,902.6,1243.93
21:36:35,server_17,612.74,832.04
21:36:35,server_16,227.52,198.72
21:36:35,server_15,73.13,47.48
21:36:35,server_14,11.39,9.01
21:36:35,server_13,480.83,450.87
21:36:35,server_12,1005.22,699.55
21:36:35,server_20,12861.92,12660.41
21:36:35,server_10,127.42,173.05
21:36:35,server_8,887.53,1094.33
21:36:35,server_9,7262.07,8323.35
21:36:35,server_1,387.94,490.18
21:36:35,server_2,941.98,982.95
21:36:35,server_3,903.05,792.08
21:36:35,server_5,190.7,136.98
21:36:35,server_6,680.65,948.48
21:36:35,server_7,931.56,756.95
21:36:35,server_4,539.33,299.48
21:36:40,server_20,895.43,616.58
21:36:40,server_11,266.94,142.64
21:36:40,server_18,168.31,112.91
21:36:40,server_17,218.29,283.41
21:36:40,server_16,42.9,44.79
21:36:40,server_15,428.72,459.12
21:36:40,server_14,991.88,504.86
21:36:40,server_13,566.29,542.07
21:36:40,server_12,314.3,160.29
21:36:40,server_19,363.51,315.22
21:36:40,server_10,1012.17,1374.95
21:36:40,server_8,4832.74,4069.5
21:36:40,server_1,0.0,0.0
21:36:40,server_2,22.95,25.87
21:36:40,server_3,13038.53,10583.57
21:36:40,server_9,287.37,195.17
21:36:40,server_5,2912.39,2862.46
21:36:40,server_6,1094.86,872.66
21:36:40,server_7,41.2,40.16
21:36:40,server_4,836.98,1127.89
21:36:45,server_12,6445.22,6478.04
21:36:45,server_19,69.25,103.6
21:36:45,server_18,280.15,155.36
21:36:45,server_17,327.24,359.99
21:36:45,server_16,733.8,374.57
21:36:45,server_15,260.47,349.82
21:36:45,server_14,16243.57,15458.76
21:36:45,server_13,4144.54,3746.25
21:36:45,server_11,913.05,1081.82
21:36:45,server_20,419.93,603.43
21:36:45,server_9,462.58,304.6
21:36:45,server_1,956.27,882.7
21:36:45,server_2,574.76,361.0
21:36:45,server_3,6309.03,5137.47
21:36:45,server_4,907.31,814.11
21:36:45,server_10,525.36,313.76
21:36:45,server_6,838.59,994.38
21:36:45,server_7,135.46,167.09
21:36:45,server_8,49.39,68.71
21:36:45,server_5,1060.71,1516.24
21:36:50,server_11,552.43,458.94
21:36:50,server_19,3962.32,3982.66
21:36:50,server_18,106.91,111.04
21:36:50,server_17,446.54,527.05
21:36:50,server_16,161.8,120.21
21:36:50,server_15,2369.98,2115.83
21:36:50,server_14,2794.27,3317.96
21:36:50,server_13,466.75,459.74
21:36:50,server_12,571.58,509.67
21:36:50,server_20,133.85,110.05
21:36:50,server_10,522.41,501.37
21:36:50,server_8,398.88,465.25
21:36:50,server_7,602.52,336.33
21:36:50,server_6,2212.67,2351.95
21:36:50,server_5,169.38,104.82
21:36:50,server_4,64.86,38.5
21:36:50,server_3,562.42,475.11
21:36:50,server_2,400.9,460.48
21:36:50,server_1,656.05,533.63
21:36:50,server_9,542.44,416.74
21:36:55,server_13,364.93,394.3
21:36:55,server_14,151.11,212.39
21:36:55,server_15,799.47,585.69
21:36:55,server_12,505.55,660.73
21:36:55,server_20,17441.89,14589.16
21:36:55,server_18,761.3,952.6
21:36:55,server_19,41.53,42.34
21:36:55,server_16,899.12,924.28
21:36:55,server_11,9161.89,10839.93
21:36:55,server_17,838.12,699.58
21:36:55,server_9,4850.74,4569.06
21:36:55,server_1,121.79,173.33
21:36:55,server_2,197.38,163.05
21:36:55,server_3,16553.37,13941.67
21:36:55,server_4,508.94,601.16
21:36:55,server_10,2836.64,2717.41
21:36:55,server_6,462.55,450.89
21:36:55,server_7,609.24,526.27
21:36:55,server_8,326.68,211.5
21:36:55,server_5,294.95,159.2
21:37:00,server_12,443.03,242.31
21:37:00,server_19,609.9,501.61
21:37:00,server_18,26.84,14.59
21:37:00,server_17,118.54,82.44
21:37:00,server_16,822.61,1084.13
21:37:00,server_15,196.68,231.01
21:37:00,server_14,113.0,79.28
21:37:00,server_13,266.24,353.39
21:37:00,server_11,940.75,789.77
21:37:00,server_20,319.5,338.71
21:37:00,server_9,246.81,319.78
21:37:00,server_1,255.29,191.15
21:37:00,server_2,252.45,173.38
21:37:00,server_3,1032.18,1216.03
21:37:00,server_4,881.67,1177.32
21:37:00,server_10,15228.22,16836.78
21:37:00,server_6,252.1,250.57
21:37:00,server_7,155.26,162.28
21:37:00,server_8,18865.49,21546.15
21:37:00,server_5,799.3,928.66
21:37:05,server_11,133.76,126.41
21:37:05,server_19,936.17,1112.4
21:37:05,server_18,669.41,343.45
21:37:05,server_17,639.68,598.56
21:37:05,server_16,341.43,483.38
21:37:05,server_15,565.28,386.92
21:37:05,server_14,514.53,583.37
21:37:05,server_13,35.01,29.35
21:37:05,server_12,265.93,397.31
21:37:05,server_20,861.44,778.75
21:37:05,server_10,520.57,666.57
21:37:05,server_8,958.49,687.86
21:37:05,server_7,1022.05,1328.19
21:37:05,server_6,52.31,43.48
21:37:05,server_5,862.53,1002.37
21:37:05,server_4,968.76,639.4
21:37:05,server_3,262.09,273.93
21:37:05,server_2,1102.91,829.61
21:37:05,server_1,905.32,989.58
21:37:05,server_9,17843.01,15639.48
21:37:10,server_13,14.58,20.93
21:37:10,server_14,815.81,985.28
21:37:10,server_15,37.96,41.17
21:37:10,server_16,298.07,250.95
21:37:10,server_20,4044.64,3269.14
21:37:10,server_18,17242.69,19497.85
21:37:10,server_19,875.14,890.21
21:37:10,server_12,712.23,1021.65
21:37:10,server_17,0.0,0.0
21:37:10,server_11,979.38,551.24
21:37:10,server_10,316.28,227.32
21:37:10,server_9,173.32,104.2
21:37:10,server_2,543.43,348.47
21:37:10,server_3,437.85,414.62
21:37:10,server_4,926.99,1299.02
21:37:10,server_1,74.65,83.64
21:37:10,server_6,903.23,1293.49
21:37:10,server_7,653.93,346.58
21:37:10,server_8,345.11,189.6
21:37:10,server_5,3195.22,3351.84
21:37:15,server_13,665.79,729.55
21:37:15,server_20,629.55,511.27
21:37:15,server_19,140.37,95.82
21:37:15,server_18,4443.68,5247.2
21:37:15,server_17,960.53,651.63
21:37:15,server_16,1461.73,1651.16
21:37:15,server_15,590.02,760.13
21:37:15,server_14,576.59,512.25
21:37:15,server_12,17298.5,17419.25
21:37:15,server_11,439.97,359.26
21:37:15,server_1,193.71,180.77
21:37:15,server_9,490.86,598.76
21:37:15,server_8,277.34,274.89
21:37:15,server_7,828.2,753.23
21:37:15,server_6,179.49,204.04
21:37:15,server_5,305.76,305.55
21:37:15,server_4,203.87,173.91
21:37:15,server_3,873.79,1281.92
21:37:15,server_2,37.94,28.4
21:37:15,server_10,711.91,834.09
21:37:20,server_13,591.54,476.04
21:37:20,server_14,339.7,497.6
21:37:20,server_15,2072.05,2259.19
21:37:20,server_16,858.82,982.14
21:37:20,server_12,855.52,568.86
21:37:20,server_18,48.97,45.54
21:37:20,server_19,405.62,493.15
21:37:20,server_20,445.07,345.03
21:37:20,server_17,962.06,541.92
21:37:20,server_11,2966.28,3404.43
21:37:20,server_1,164.8,111.91
21:37:20,server_9,794.53,589.12
21:37:20,server_8,568.54,300.21
21:37:20,server_7,371.5,305.63
21:37:20,server_6,381.91,569.65
21:37:20,server_5,599.04,353.54
21:37:20,server_4,120.72,175.66
21:37:20,server_3,5874.17,5111.87
21:37:20,server_2,66.61,51.23
21:37:20,server_10,1017.98,1026.21
21:37:25,server_13,162.19,122.12
21:37:25,server_20,369.66,332.1
21:37:25,server_14,377.59,367.04
21:37:25,server_15,6521.49,5445.28
21:37:25,server_19,14834.21,13956.84
21:37:25,server_17,404.44,568.95
21:37:25,server_18,595.46,823.96
21:37:25,server_12,175.42,144.31
21:37:25,server_16,8168.86,7985.92
21:37:25,server_11,308.62,193.01
21:37:25,server_7,966.16,1397.61
21:37:25,server_9,9975.16,9173.91
21:37:25,server_1,969.26,586.37
21:37:25,server_2,13293.55,12917.06
21:37:25,server_3,929.26,694.06
21:37:25,server_10,683.57,365.32
21:37:25,server_5,309.08,278.0
21:37:25,server_6,15915.62,14630.9
21:37:25,server_8,3811.54,3508.45
21:37:25,server_4,527.68,762.45
21:37:30,server_13,13.95,7.96
21:37:30,server_20,172.45,159.14
21:37:30,server_19,1009.33,997.1
21:37:30,server_18,151.16,95.76
21:37:30,server_17,818.05,738.64
21:37:30,server_16,2909.11,2413.9
21:37:30,server_15,622.7,755.39
21:37:30,server_14,878.15,952.27
21:37:30,server_12,3827.38,4376.49
21:37:30,server_11,269.23,334.75
21:37:30,server_1,508.92,511.98
21:37:30,server_9,959.03,1192.45
21:37:30,server_8,127.4,121.7
21:37:30,server_7,1040.86,933.5
21:37:30,server_6,17777.35,17349.75
21:37:30,server_5,602.3,571.58
21:37:30,server_4,315.63,235.43
21:37:30,server_3,4844.84,4761.69
21:37:30,server_2,120.79,112.04
21:37:30,server_10,134.1,149.9
21:37:35,server_13,959.89,613.52
21:37:35,server_14,118.02,82.14
21:37:35,server_15,615.98,814.31
21:37:35,server_16,135.21,169.93
21:37:35,server_12,183.03,262.38
21:37:35,server_18,222.36,192.73
21:37:35,server_19,2338.13,2337.5
21:37:35,server_20,8666.32,8232.86
21:37:35,server_17,20.35,26.95
21:37:35,server_11,6514.22,5424.74
21:37:35,server_1,380.39,565.35
21:37:35,server_9,332.71,274.3
21:37:35,server_8,4067.38,3840.35
21:37:35,server_7,583.31,436.15
21:37:35,server_6,768.03,584.64
21:37:35,server_5,892.84,1273.67
21:37:35,server_4,314.67,470.03
21:37:35,server_3,364.6,428.65
21:37:35,server_2,4668.2,3739.33
21:37:35,server_10,467.74,354.75
21:37:40,server_20,14279.36,13069.37
21:37:40,server_13,3393.47,3735.0
21:37:40,server_14,493.25,415.67
21:37:40,server_15,789.23,1138.36
21:37:40,server_19,974.8,1170.52
21:37:40,server_17,14764.86,15166.87
21:37:40,server_18,739.88,884.98
21:37:40,server_12,138.52,194.6
21:37:40,server_16,2217.05,2599.22
21:37:40,server_11,547.86,674.51
21:37:40,server_8,1143.62,1044.2
21:37:40,server_9,217.39,276.28
21:37:40,server_7,1002.31,684.13
21:37:40,server_6,602.79,586.18
21:37:40,server_5,498.67,740.56
21:37:40,server_4,634.58,354.97
21:37:40,server_3,92.97,104.78
21:37:40,server_2,638.52,826.5
21:37:40,server_1,510.65,665.61
21:37:40,server_10,0.0,0.0
21:37:45,server_13,8050.13,7084.69
21:37:45,server_14,14249.72,16071.77
21:37:45,server_15,277.07,335.34
21:37:45,server_20,364.11,419.42
21:37:45,server_17,326.59,279.63
21:37:45,server_19,308.38,176.42
21:37:45,server_12,120.67,162.47
21:37:45,server_16,661.85,533.24
21:37:45,server_11,177.05,173.31
21:37:45,server_18,13259.59,10643.92
21:37:45,server_9,737.27,782.44
21:37:45,server_8,937.6,989.83
21:37:45,server_7,200.32,134.51
21:37:45,server_6,2028.18,2329.82
21:37:45,server_5,599.8,350.29
21:37:45,server_4,138.48,185.84
21:37:45,server_3,339.41,189.81
21:37:45,server_2,395.31,269.03
21:37:45,server_1,885.99,711.45
21:37:45,server_10,11272.15,13150.73
21:37:50,server_13,897.64,988.13
21:37:50,server_14,961.8,912.57
21:37:50,server_15,169.87,200.51
21:37:50,server_20,9470.57,9327.41
21:37:50,server_17,19013.26,16231.12
21:37:50,server_18,162.69,103.76
21:37:50,server_19,318.85,201.3
21:37:50,server_12,407.78,528.7
21:37:50,server_16,984.99,1065.2
21:37:50,server_11,245.61,133.11
21:37:50,server_7,965.35,628.83
21:37:50,server_9,2946.51,2552.56
21:37:50,server_8,527.51,266.0
21:37:50,server_6,837.49,845.35
21:37:50,server_5,113.94,123.06
21:37:50,server_4,658.9,431.3
21:37:50,server_3,4860.76,5203.19
21:37:50,server_2,4575.32,3679.48
21:37:50,server_1,405.38,317.89
21:37:50,server_10,606.4,712.11
21:37:55,server_14,4478.17,3925.67
21:37:55,server_12,925.42,1073.66
21:37:55,server_13,625.74,816.07
21:37:55,server_15,372.67,299.6
21:37:55,server_11,12228.73,13694.1
21:37:55,server_17,177.16,141.59
21:37:55,server_18,749.5,766.48
21:37:55,server_19,4295.56,4675.64
21:37:55,server_16,613.4,543.86
21:37:55,server_20,602.31,558.37
21:37:55,server_10,14523.11,12132.47
21:37:55,server_8,892.15,751.43
21:37:55,server_1,327.11,182.85
21:37:55,server_2,554.74,390.11
21:37:55,server_3,429.13,380.52
21:37:55,server_9,863.59,843.61
21:37:55,server_5,384.55,353.83
21:37:55,server_6,12406.03,12064.33
21:37:55,server_7,907.06,1215.88
21:37:55,server_4,504.38,559.05
21:38:00,server_20,32.83,44.77
21:38:00,server_19,627.2,635.45
21:38:00,server_18,69.32,74.04
21:38:00,server_17,214.12,257.27
21:38:00,server_16,68.99,62.34
21:38:00,server_15,926.0,1174.96
21:38:00,server_14,0.0,0.0
21:38:00,server_12,191.35,166.11
21:38:00,server_11,853.97,720.36
21:38:00,server_13,6440.73,6867.28
21:38:00,server_9,169.54,92.51
21:38:00,server_10,614.97,474.29
21:38:00,server_2,5013.77,5332.98
21:38:00,server_3,571.88,596.97
21:38:00,server_4,253.97,329.94
21:38:00,server_1,4749.73,5486.07
21:38:00,server_6,808.89,669.98
21:38:00,server_7,177.13,160.48
21:38:00,server_8,565.14,658.1
21:38:00,server_5,259.49,379.7
21:38:05,server_12,553.93,600.94
21:38:05,server_20,247.74,323.94
21:38:05,server_19,589.48,474.49
21:38:05,server_18,2523.06,2438.93
21:38:05,server_17,4719.95,4183.8
21:38:05,server_16,566.15,335.98
21:38:05,server_15,945.67,635.8
21:38:05,server_14,784.91,1004.05
21:38:05,server_13,274.23,230.92
21:38:05,server_11,4706.11,4935.93
21:38:05,server_3,394.13,515.61
21:38:05,server_9,222.55,220.38
21:38:05,server_10,4067.32,4166.64
21:38:05,server_2,569.82,336.89
21:38:05,server_4,833.35,452.3
21:38:05,server_1,141.83,183.52
21:38:05,server_6,196.8,214.11
21:38:05,server_7,118.73,98.29
21:38:05,server_8,13.7,12.18
21:38:05,server_5,442.17,388.41
21:38:10,server_12,922.69,800.21
21:38:10,server_20,756.1,893.41
21:38:10,server_19,874.31,1099.69
21:38:10,server_18,901.16,1171.87
21:38:10,server_17,665.06,430.34
21:38:10,server_16,2228.25,2082.68
21:38:10,server_15,868.17,1147.5
21:38:10,server_14,351.44,523.13
21:38:10,server_11,13520.44,14960.41
21:38:10,server_13,17006.6,19843.83
21:38:10,server_9,934.95,1310.42
21:38:10,server_2,907.71,751.27
21:38:10,server_3,953.39,762.74
21:38:10,server_4,360.74,218.4
21:38:10,server_5,95.28,63.12
21:38:10,server_1,575.68,493.75
21:38:10,server_7,6058.71,5092.46
21:38:10,server_10,671.58,541.35
21:38:10,server_8,322.2,328.91
21:38:10,server_6,973.62,1412.42
21:38:15,server_12,3197.67,2905.98
21:38:15,server_19,928.39,690.69
21:38:15,server_18,200.69,272.05
21:38:15,server_17,460.57,359.69
21:38:15,server_16,364.42,368.48
21:38:15,server_15,660.65,804.62
21:38:15,server_14,629.73,809.99
21:38:15,server_13,11820.59,12813.09
21:38:15,server_11,25.41,12.73
21:38:15,server_20,166.12,116.9
21:38:15,server_9,585.49,541.62
21:38:15,server_1,3442.61,2979.6
21:38:15,server_2,248.8,331.89
21:38:15,server_3,507.25,387.33
21:38:15,server_4,834.36,513.07
21:38:15,server_10,516.46,729.5
21:38:15,server_6,627.63,635.18
21:38:15,server_7,13050.04,12906.64
21:38:15,server_8,326.17,308.24
21:38:15,server_5,630.3,925.45
21:38:20,server_11,268.99,347.5
21:38:20,server_19,657.29,673.86
21:38:20,server_18,651.43,596.82
21:38:20,server_17,322.86,373.27
21:38:20,server_16,4862.4,5031.18
21:38:20,server_15,258.42,162.26
21:38:20,server_14,10885.49,11140.01
21:38:20,server_13,271.66,190.6
21:38:20,server_12,813.04,728.86
21:38:20,server_20,7462.87,7650.93
21:38:20,server_10,2201.99,2135.42
21:38:20,server_8,11739.64,9393.99
21:38:20,server_7,283.49,306.36
21:38:20,server_6,350.73,378.2
21:38:20,server_5,376.29,488.31
21:38:20,server_4,1003.84,985.79
21:38:20,server_3,141.32,83.2
21:38:20,server_2,11599.59,13322.12
21:38:20,server_1,529.42,560.8
21:38:20,server_9,682.76,430.46
21:38:25,server_14,1236.18,1474.91
21:38:25,server_15,661.37,561.49
21:38:25,server_16,299.58,375.9
21:38:25,server_12,14378.02,15875.28
21:38:25,server_18,3852.17,3131.12
21:38:25,server_19,1554.39,1828.99
21:38:25,server_20,612.53,758.11
21:38:25,server_17,577.57,376.61
21:38:25,server_11,139.39,198.18
21:38:25,server_13,501.15,570.62
21:38:25,server_9,331.62,413.57
21:38:25,server_1,650.56,631.39
21:38:25,server_2,502.98,360.73
21:38:25,server_3,151.84,197.35
21:38:25,server_4,314.01,220.11
21:38:25,server_10,270.39,359.86
21:38:25,server_6,266.12,238.15
21:38:25,server_7,589.74,407.01
21:38:25,server_5,920.48,1099.45
21:38:25,server_8,246.44,182.17
21:38:30,server_19,7278.64,6424.39
21:38:30,server_18,301.53,193.84
21:38:30,server_17,907.4,925.57
21:38:30,server_16,2129.32,2512.05
21:38:30,server_15,515.6,572.87
21:38:30,server_14,840.15,682.87
21:38:30,server_13,249.24,198.57
21:38:30,server_12,882.75,998.79
21:38:30,server_11,3913.98,4350.65
21:38:30,server_20,306.29,436.68
21:38:30,server_9,573.59,362.89
21:38:30,server_1,941.03,838.17
21:38:30,server_2,642.94,921.34
21:38:30,server_3,429.7,409.46
21:38:30,server_4,844.93,509.22
21:38:30,server_10,408.61,566.83
21:38:30,server_6,2183.17,2009.42
21:38:30,server_7,18817.94,15778.96
21:38:30,server_8,253.97,137.96
21:38:30,server_5,206.98,230.19
21:38:35,server_11,850.7,526.95
21:38:35,server_19,78.82,88.69
21:38:35,server_18,135.99,191.04
21:38:35,server_17,660.68,946.85
21:38:35,server_16,4760.04,4385.24
21:38:35,server_15,966.35,651.32
21:38:35,server_14,901.89,483.14
21:38:35,server_13,626.19,884.3
21:38:35,server_12,901.39,965.58
21:38:35,server_20,889.73,923.26
21:38:35,server_10,77.78,44.47
21:38:35,server_8,10242.91,10883.27
21:38:35,server_9,912.27,1002.03
21:38:35,server_1,4905.16,4966.21
21:38:35,server_2,1003.36,762.58
21:38:35,server_3,503.98,732.5
21:38:35,server_5,198.73,248.23
21:38:35,server_6,487.77,716.93
21:38:35,server_7,894.12,744.94
21:38:35,server_4,603.45,888.49
21:38:40,server_20,29.97,25.06
21:38:40,server_11,181.73,180.93
21:38:40,server_18,864.74,838.61
21:38:40,server_17,3093.55,2904.96
21:38:40,server_16,993.16,961.12
21:38:40,server_15,487.54,321.25
21:38:40,server_14,4200.09,4390.85
21:38:40,server_13,124.69,170.09
21:38:40,server_12,210.56,203.42
21:38:40,server_19,146.63,170.99
21:38:40,server_10,189.44,194.2
21:38:40,server_8,683.16,646.28
21:38:40,server_1,469.64,418.28
21:38:40,server_2,224.76,241.3
21:38:40,server_3,108.58,85.04
21:38:40,server_9,319.1,282.03
21:38:40,server_5,56.02,53.7
21:38:40,server_6,776.96,473.58
21:38:40,server_7,624.6,838.6
21:38:40,server_4,961.66,580.44
21:38:45,server_13,14665.64,16571.4
21:38:45,server_20,229.11,241.93
21:38:45,server_19,554.12,792.48
21:38:45,server_18,3648.76,3960.6
21:38:45,server_17,123.92,173.97
21:38:45,server_16,536.74,647.9
21:38:45,server_15,667.62,531.11
21:38:45,server_14,588.83,762.97
21:38:45,server_12,8391.07,9106.02
21:38:45,server_11,596.71,614.89
21:38:45,server_1,993.11,744.11
21:38:45,server_9,897.01,1269.72
21:38:45,server_8,667.94,836.04
21:38:45,server_7,915.73,545.02
21:38:45,server_6,2954.19,3095.33
21:38:45,server_5,658.91,339.64
21:38:45,server_4,135.53,185.21
21:38:45,server_3,139.44,113.01
21:38:45,server_2,3.64,3.72
21:38:45,server_10,73.73,108.53
21:38:50,server_13,246.83,352.32
21:38:50,server_14,460.24,592.66
21:38:50,server_15,10134.97,10578.88
21:38:50,server_16,973.38,1301.17
21:38:50,server_12,194.28,149.38
21:38:50,server_18,427.47,236.07
21:38:50,server_19,17362.04,13966.01
21:38:50,server_20,476.55,432.54
21:38:50,server_17,286.25,190.7
21:38:50,server_11,138.66,142.69
21:38:50,server_1,174.06,237.94
21:38:50,server_9,115.69,159.76
21:38:50,server_8,325.29,245.93
21:38:50,server_7,701.39,434.37
21:38:50,server_6,78.45,105.02
21:38:50,server_5,110.3,65.55
21:38:50,server_4,791.61,634.49
21:38:50,server_3,10094.76,10670.63
21:38:50,server_2,0.0,0.0
21:38:50,server_10,1011.16,1004.27
21:38:55,server_13,817.15,1184.23
21:38:55,server_14,587.19,650.63
21:38:55,server_15,6833.27,6023.85
21:38:55,server_16,1003.12,1433.57
21:38:55,server_20,908.05,780.4
21:38:55,server_18,246.4,169.74
21:38:55,server_19,8415.7,6922.44
21:38:55,server_12,647.88,614.1
21:38:55,server_17,362.0,397.57
21:38:55,server_11,765.21,992.13
21:38:55,server_3,1164.63,945.23
21:38:55,server_9,333.83,355.64
21:38:55,server_2,896.1,449.61
21:38:55,server_10,551.09,397.14
21:38:55,server_4,515.67,730.43
21:38:55,server_1,931.86,566.52
21:38:55,server_6,679.74,946.93
21:38:55,server_7,137.29,154.25
21:38:55,server_8,953.17,508.09
21:38:55,server_5,535.87,418.49
21:39:00,server_12,1018.49,1290.51
21:39:00,server_19,4848.39,4615.34
21:39:00,server_18,57.54,71.41
21:39:00,server_17,2152.75,1934.68
21:39:00,server_16,855.77,601.81
21:39:00,server_15,408.62,529.7
21:39:00,server_14,142.99,116.81
21:39:00,server_13,908.38,979.42
21:39:00,server_11,323.12,169.07
21:39:00,server_20,137.51,76.93
21:39:00,server_9,292.72,323.47
21:39:00,server_1,551.21,695.48
21:39:00,server_2,200.44,112.3
21:39:00,server_3,98.55,135.91
21:39:00,server_4,15632.77,15175.78
21:39:00,server_10,481.07,353.98
21:39:00,server_6,3130.38,3241.93
21:39:00,server_7,286.0,148.14
21:39:00,server_8,389.24,421.45
21:39:00,server_5,581.28,740.1
21:39:05,server_11,5556.31,6259.48
21:39:05,server_19,828.86,966.31
21:39:05,server_18,676.12,758.53
21:39:05,server_17,556.88,360.06
21:39:05,server_16,506.5,680.09
21:39:05,server_15,2177.17,2168.01
21:39:05,server_14,627.52,774.72
21:39:05,server_13,13004.97,10599.25
21:39:05,server_12,493.75,392.74
21:39:05,server_20,140.62,168.73
21:39:05,server_10,610.09,351.66
21:39:05,server_8,8608.71,8671.89
21:39:05,server_7,767.78,1070.17
21:39:05,server_6,693.11,863.25
21:39:05,server_5,854.26,774.63
21:39:05,server_4,617.68,652.73
21:39:05,server_3,518.28,776.07
21:39:05,server_2,401.17,544.57
21:39:05,server_1,477.12,384.5
21:39:05,server_9,26.93,31.09
21:39:10,server_14,971.97,847.54
21:39:10,server_15,171.59,220.68
21:39:10,server_16,1001.98,883.85
21:39:10,server_13,345.77,366.57
21:39:10,server_18,33.91,45.32
21:39:10,server_19,437.98,297.78
21:39:10,server_20,187.61,172.58
21:39:10,server_17,851.73,1157.24
21:39:10,server_12,576.12,334.29
21:39:10,server_11,695.46,713.51
21:39:10,server_1,903.24,1057.2
21:39:10,server_9,497.13,590.98
21:39:10,server_8,863.16,844.42
21:39:10,server_7,557.79,367.06
21:39:10,server_6,966.79,1264.93
21:39:10,server_5,1064.22,1372.44
21:39:10,server_4,853.17,769.62
21:39:10,server_3,13828.7,16494.31
21:39:10,server_2,854.55,994.92
21:39:10,server_10,10477.52,10082.86
21:39:15,server_13,651.73,907.99
21:39:15,server_14,393.43,556.02
21:39:15,server_15,942.4,938.38
21:39:15,server_20,76.2,50.28
21:39:15,server_18,358.27,321.61
21:39:15,server_19,870.9,840.49
21:39:15,server_12,74.43,109.94
21:39:15,server_16,5922.11,7090.07
21:39:15,server_11,648.24,802.89
21:39:15,server_17,98.5,102.85
21:39:15,server_9,153.17,116.88
21:39:15,server_10,257.23,294.66
21:39:15,server_2,620.32,529.81
21:39:15,server_3,7451.16,6015.38
21:39:15,server_4,851.69,645.79
21:39:15,server_1,102.94,148.82
21:39:15,server_6,19528.76,21418.16
21:39:15,server_7,378.01,273.33
21:39:15,server_8,868.09,552.4
21:39:15,server_5,110.17,70.6
21:39:20,server_20,4554.04,4364.65
21:39:20,server_12,447.03,231.0
21:39:20,server_19,991.84,1362.45
21:39:20,server_18,1080.99,1133.29
21:39:20,server_17,1083.57,1361.37
21:39:20,server_16,581.58,704.86
21:39:20,server_15,133.16,177.06
21:39:20,server_14,1001.25,700.81
21:39:20,server_13,129.83,75.57
21:39:20,server_11,521.08,689.51
21:39:20,server_7,472.71,503.98
21:39:20,server_9,900.35,1271.2
21:39:20,server_8,499.31,465.06
21:39:20,server_6,77.64,67.65
21:39:20,server_5,192.73,139.62
21:39:20,server_4,654.9,421.79
21:39:20,server_3,339.29,219.3
21:39:20,server_2,7433.6,6338.0
21:39:20,server_1,3875.25,4203.92
21:39:20,server_10,156.91,190.89
21:39:25,server_15,110.87,74.72
21:39:25,server_13,81.07,98.42
21:39:25,server_14,7594.51,6437.82
21:39:25,server_16,124.92,102.51
21:39:25,server_12,131.46,119.54
21:39:25,server_18,442.27,596.2
21:39:25,server_19,945.25,655.32
21:39:25,server_20,530.55,685.58
21:39:25,server_17,528.31,597.98
21:39:25,server_11,999.84,888.71
21:39:25,server_1,134.51,135.13
21:39:25,server_9,332.22,472.0
21:39:25,server_2,841.38,878.63
21:39:25,server_3,858.91,911.61
21:39:25,server_4,105.85,110.42
21:39:25,server_10,894.16,733.55
21:39:25,server_6,836.19,717.9
21:39:25,server_7,971.0,682.7
21:39:25,server_8,344.3,174.27
21:39:25,server_5,486.38,301.52
21:39:30,server_13,405.61,510.62
21:39:30,server_20,485.62,587.78
21:39:30,server_19,622.89,637.45
21:39:30,server_18,508.98,478.33
21:39:30,server_17,287.25,236.36
21:39:30,server_16,5526.69,5173.59
21:39:30,server_15,155.1,105.83
21:39:30,server_14,914.55,813.62
21:39:30,server_12,664.89,802.79
21:39:30,server_11,455.73,658.03
21:39:30,server_1,155.82,126.88
21:39:30,server_9,86.26,103.59
21:39:30,server_8,827.59,1239.22
21:39:30,server_7,406.12,228.9
21:39:30,server_6,919.4,1259.0
21:39:30,server_5,460.05,277.14
21:39:30,server_4,1266.21,1360.84
21:39:30,server_3,1805.04,1959.23
21:39:30,server_2,356.45,494.68
21:39:30,server_10,830.78,964.4
21:39:35,server_13,436.14,413.88
21:39:35,server_14,55.75,48.33
21:39:35,server_15,780.13,873.23
21:39:35,server_16,13396.92,14020.79
21:39:35,server_12,501.03,265.6
21:39:35,server_18,349.16,439.69
21:39:35,server_19,405.57,506.5
21:39:35,server_20,210.14,233.48
21:39:35,server_17,281.28,367.74
21:39:35,server_11,284.25,250.83
21:39:35,server_1,1015.46,772.71
21:39:35,server_9,346.23,206.69
21:39:35,server_8,267.85,316.91
21:39:35,server_7,503.88,710.7
21:39:35,server_6,2551.6,2424.21
21:39:35,server_5,603.63,564.82
21:39:35,server_4,471.37,644.18
21:39:35,server_3,334.45,271.05
21:39:35,server_2,191.76,138.07
21:39:35,server_10,862.58,912.48
21:39:40,server_13,484.79,481.45
21:39:40,server_14,905.2,851.05
21:39:40,server_15,468.29,537.47
21:39:40,server_16,519.07,522.31
21:39:40,server_20,0.0,0.0
21:39:40,server_18,8214.25,8989.89
21:39:40,server_19,557.89,778.34
21:39:40,server_12,2342.24,2167.28
21:39:40,server_17,958.01,1321.51
21:39:40,server_11,372.76,539.42
21:39:40,server_1,865.24,688.67
21:39:40,server_9,825.35,1116.96
21:39:40,server_2,969.06,1194.3
21:39:40,server_3,267.64,215.92
21:39:40,server_4,565.56,409.09
21:39:40,server_10,956.69,620.1
21:39:40,server_6,188.31,156.01
21:39:40,server_7,685.8,869.58
21:39:40,server_8,367.74,429.21
21:39:40,server_5,382.16,420.03
21:39:45,server_12,14937.8,17492.08
21:39:45,server_19,1059.4,641.23
21:39:45,server_18,21.7,13.26
21:39:45,server_17,899.31,522.08
21:39:45,server_16,25.28,32.54
21:39:45,server_15,253.36,332.45
21:39:45,server_14,278.64,145.56
21:39:45,server_13,348.88,369.05
21:39:45,server_20,3700.6,4290.42
21:39:45,server_11,995.87,551.91
21:39:45,server_9,286.55,169.97
21:39:45,server_8,1042.97,1142.11
21:39:45,server_7,86.0,81.73
21:39:45,server_6,497.65,346.98
21:39:45,server_5,1180.26,1073.27
21:39:45,server_4,12998.37,13719.86
21:39:45,server_3,419.2,531.19
21:39:45,server_2,47.02,26.04
21:39:45,server_1,3160.25,3103.74
21:39:45,server_10,371.55,304.18
21:39:50,server_13,418.35,576.0
21:39:50,server_14,387.85,435.71
21:39:50,server_15,396.82,302.25
21:39:50,server_16,0.0,0.0
21:39:50,server_12,284.33,299.48
21:39:50,server_18,425.45,489.13
21:39:50,server_19,11525.8,13716.45
21:39:50,server_20,593.49,882.28
21:39:50,server_17,5464.1,5459.24
21:39:50,server_11,805.26,787.19
21:39:50,server_3,116.06,121.51
21:39:50,server_9,358.49,431.25
21:39:50,server_1,2030.53,1956.16
21:39:50,server_2,307.42,214.62
21:39:50,server_4,5709.75,5207.36
21:39:50,server_10,204.36,111.88
21:39:50,server_6,930.92,998.37
21:39:50,server_5,13937.81,16085.13
21:39:50,server_7,872.05,1178.11
21:39:50,server_8,919.21,1006.57
21:39:55,server_20,894.01,975.79
21:39:55,server_19,0.84,1.08
21:39:55,server_18,962.43,1349.73
21:39:55,server_17,783.52,520.25
21:39:55,server_16,706.35,727.25
21:39:55,server_15,1760.68,1510.11
21:39:55,server_14,620.32,442.0
21:39:55,server_12,250.01,350.3
21:39:55,server_11,300.43,388.7
21:39:55,server_13,133.46,139.2
21:39:55,server_9,941.62,853.7
21:39:55,server_10,855.0,899.81
21:39:55,server_2,134.93,88.46
21:39:55,server_3,120.74,143.2
21:39:55,server_4,118.63,119.23
21:39:55,server_1,982.31,879.82
21:39:55,server_6,866.76,764.71
21:39:55,server_7,525.38,688.97
21:39:55,server_8,354.95,310.33
21:39:55,server_5,6606.34,6529.6
21:40:00,server_12,565.75,338.09
21:40:00,server_20,702.77,732.64
21:40:00,server_19,141.85,124.63
21:40:00,server_18,868.9,1028.35
21:40:00,server_17,320.45,451.59
21:40:00,server_16,41.62,24.92
21:40:00,server_15,962.99,1233.79
21:40:00,server_14,3200.15,3613.58
21:40:00,server_13,999.96,748.94
21:40:00,server_11,610.24,733.48
21:40:00,server_3,898.2,655.94
21:40:00,server_9,867.73,677.64
21:40:00,server_10,28.85,21.97
21:40:00,server_2,3340.93,3238.45
21:40:00,server_4,874.31,1259.27
21:40:00,server_1,390.18,427.92
21:40:00,server_6,351.72,416.05
21:40:00,server_7,6047.32,6062.06
21:40:00,server_8,15554.8,18192.85
21:40:00,server_5,978.71,693.53
21:40:05,server_12,1034.98,1542.98
21:40:05,server_20,198.01,265.29
21:40:05,server_19,10313.17,11643.8
21:40:05,server_18,412.97,487.22
21:40:05,server_17,33.02,45.83
21:40:05,server_16,135.99,181.15
21:40:05,server_15,625.03,703.55
21:40:05,server_14,3421.72,3008.86
21:40:05,server_11,115.67,114.65
21:40:05,server_13,122.56,175.31
21:40:05,server_9,667.21,383.92
21:40:05,server_2,526.19,386.06
21:40:05,server_3,690.91,417.78
21:40:05,server_4,835.91,815.53
21:40:05,server_5,446.88,592.5
21:40:05,server_1,928.4,1241.98
21:40:05,server_7,4649.84,3974.39
21:40:05,server_10,12261.49,14385.02
21:40:05,server_8,933.72,1290.85
21:40:05,server_6,886.69,669.92
21:40:10,server_12,505.19,278.28
21:40:10,server_19,12085.51,9890.22
21:40:10,server_18,19021.38,22326.37
21:40:10,server_17,212.26,253.33
21:40:10,server_16,449.06,227.38
21:40:10,server_15,925.26,1288.54
21:40:10,server_14,655.06,812.34
21:40:10,server_13,18488.4,16818.95
21:40:10,server_11,0.0,0.0
21:40:10,server_20,2095.54,1696.76
21:40:10,server_9,133.07,114.28
21:40:10,server_1,70.24,46.04
21:40:10,server_2,12064.97,13172.34
21:40:10,server_3,925.2,1076.3
21:40:10,server_4,451.52,522.01
21:40:10,server_10,945.27,1216.22
21:40:10,server_6,979.02,917.39
21:40:10,server_7,6860.19,5996.65
21:40:10,server_8,2619.05,3032.21
21:40:10,server_5,491.17,292.54
21:40:15,server_11,218.02,235.21
21:40:15,server_19,994.92,848.42
21:40:15,server_18,2357.43,2369.82
21:40:15,server_17,905.91,1103.31
21:40:15,server_16,864.47,801.52
21:40:15,server_15,515.22,363.17
21:40:15,server_14,999.54,1305.21
21:40:15,server_13,7464.32,8225.04
21:40:15,server_12,606.26,593.81
21:40:15,server_20,123.91,78.28
21:40:15,server_10,44.35,50.95
21:40:15,server_8,603.13,628.44
21:40:15,server_7,5659.09,5373.18
21:40:15,server_6,404.12,596.37
21:40:15,server_5,0.0,0.0
21:40:15,server_4,293.25,390.35
21:40:15,server_3,956.43,1366.32
21:40:15,server_2,530.57,726.41
21:40:15,server_1,612.52,832.69
21:40:15,server_9,3025.46,3571.78
21:40:20,server_13,944.75,1175.58
21:40:20,server_14,426.24,579.08
21:40:20,server_15,6726.74,7619.95
21:40:20,server_16,358.4,514.85
21:40:20,server_19,463.62,239.32
21:40:20,server_20,466.43,556.52
21:40:20,server_18,414.08,407.75
21:40:20,server_12,698.15,848.19
21:40:20,server_17,11257.24,9787.33
21:40:20,server_11,877.56,743.25
21:40:20,server_3,314.95,263.89
21:40:20,server_9,996.17,973.79
21:40:20,server_10,6687.77,7105.24
21:40:20,server_2,961.95,1001.47
21:40:20,server_4,2385.14,2504.51
21:40:20,server_1,153.0,148.21
21:40:20,server_6,780.57,566.87
21:40:20,server_7,17219.13,15410.64
21:40:20,server_5,255.61,357.46
21:40:20,server_8,11611.27,12094.71
21:40:25,server_20,621.91,693.83
21:40:25,server_19,834.23,924.07
21:40:25,server_18,522.22,756.65
21:40:25,server_17,3263.57,3845.21
21:40:25,server_16,659.73,565.89
21:40:25,server_15,4396.0,3677.7
21:40:25,server_14,20.47,26.99
21:40:25,server_12,302.98,315.29
21:40:25,server_11,856.34,645.88
21:40:25,server_13,4200.05,4419.63
21:40:25,server_9,14320.4,13806.44
21:40:25,server_10,324.85,225.56
21:40:25,server_2,838.42,460.75
21:40:25,server_3,643.81,946.15
21:40:25,server_4,5834.18,4888.1
21:40:25,server_1,954.54,1144.75
21:40:25,server_6,130.83,156.31
21:40:25,server_7,171.09,171.74
21:40:25,server_8,850.57,1010.24
21:40:25,server_5,677.78,571.39
21:40:30,server_12,891.22,891.9
21:40:30,server_20,18682.87,20199.09
21:40:30,server_19,983.84,684.64
21:40:30,server_18,16726.68,18733.73
21:40:30,server_17,269.92,213.49
21:40:30,server_16,293.22,313.29
21:40:30,server_15,3869.54,3648.54
21:40:30,server_14,47.94,55.93
21:40:30,server_13,418.75,532.3
21:40:30,server_11,987.03,732.66
21:40:30,server_3,535.75,657.36
21:40:30,server_9,563.44,754.35
21:40:30,server_8,84.13,51.7
21:40:30,server_7,400.95,587.07
21:40:30,server_6,873.04,760.05
21:40:30,server_5,679.42,519.51
21:40:30,server_4,11726.95,9779.71
21:40:30,server_2,522.33,323.64
21:40:30,server_1,165.07,197.53
21:40:30,server_10,3593.81,3153.24
21:40:35,server_13,125.33,109.07
21:40:35,server_14,4534.98,5075.56
21:40:35,server_15,356.03,216.72
21:40:35,server_16,183.92,249.18
21:40:35,server_19,691.03,988.02
21:40:35,server_20,16.73,20.71
21:40:35,server_18,3511.08,2950.86
21:40:35,server_12,216.86,303.18
21:40:35,server_17,252.55,170.28
21:40:35,server_11,260.4,335.82
21:40:35,server_3,167.57,84.07
21:40:35,server_9,8011.05,6762.76
21:40:35,server_10,87.83,58.03
21:40:35,server_2,374.93,256.73
21:40:35,server_4,3390.87,3732.44
21:40:35,server_1,443.55,619.31
21:40:35,server_6,123.88,161.03
21:40:35,server_7,235.46,329.36
21:40:35,server_5,424.31,385.09
21:40:35,server_8,125.9,83.97
21:40:40,server_20,286.1,215.11
21:40:40,server_19,576.53,663.37
21:40:40,server_18,899.3,1198.43
21:40:40,server_17,631.03,537.04
21:40:40,server_16,192.03,148.01
21:40:40,server_15,75.33,94.59
21:40:40,server_14,4209.63,4420.62
21:40:40,server_12,19395.76,19652.24
21:40:40,server_10,926.82,1224.86
21:40:40,server_13,662.52,691.71
21:40:40,server_8,288.81,218.18
21:40:40,server_9,28.5,26.48
21:40:40,server_1,616.54,684.62
21:40:40,server_2,996.32,644.35
21:40:40,server_3,869.3,513.72
21:40:40,server_11,208.81,300.02
21:40:40,server_5,189.36,218.74
21:40:40,server_6,671.74,842.37
21:40:40,server_7,137.56,122.81
21:40:40,server_4,3564.36,4022.71
21:40:45,server_11,19.43,24.42
21:40:45,server_19,132.42,103.45
21:40:45,server_18,1649.59,1475.97
21:40:45,server_17,4294.85,4267.48
21:40:45,server_16,631.2,592.06
21:40:45,server_15,7789.69,8203.79
21:40:45,server_14,146.76,162.1
21:40:45,server_13,444.33,513.6
21:40:45,server_12,1001.78,1403.26
21:40:45,server_20,8891.88,10008.64
21:40:45,server_10,946.79,886.86
21:40:45,server_8,486.04,658.84
21:40:45,server_7,197.64,248.22
21:40:45,server_6,621.05,495.73
21:40:45,server_5,443.67,425.56
21:40:45,server_4,15455.55,16683.89
21:40:45,server_3,458.36,532.43
21:40:45,server_2,4803.04,4920.51
21:40:45,server_1,351.06,205.78
21:40:45,server_9,561.06,449.47
21:40:50,server_13,884.98,1175.15
21:40:50,server_14,289.26,321.44
21:40:50,server_15,67.46,94.57
21:40:50,server_16,985.49,1194.12
21:40:50,server_20,633.53,319.38
21:40:50,server_18,1002.19,980.85
21:40:50,server_19,547.52,430.55
21:40:50,server_12,342.8,398.03
21:40:50,server_17,564.66,301.09
21:40:50,server_11,171.47,177.26
21:40:50,server_10,156.97,220.02
21:40:50,server_9,959.18,919.79
21:40:50,server_2,169.75,210.01
21:40:50,server_3,549.66,370.01
21:40:50,server_4,1837.38,1724.31
21:40:50,server_1,174.83,200.56
21:40:50,server_6,13957.05,14149.88
21:40:50,server_7,1080.19,967.13
21:40:50,server_8,550.7,356.15
21:40:50,server_5,158.37,94.89
21:40:55,server_12,880.19,747.91
21:40:55,server_19,1768.41,1998.33
21:40:55,server_18,0.0,0.0
21:40:55,server_17,868.01,684.07
21:40:55,server_16,14.99,11.93
21:40:55,server_15,236.92,265.83
21:40:55,server_14,6760.26,7018.79
21:40:55,server_13,887.36,1226.12
21:40:55,server_11,25.83,26.54
21:40:55,server_20,858.6,1256.12
21:40:55,server_9,899.49,1104.73
21:40:55,server_1,274.91,367.15
21:40:55,server_2,40.64,23.46
21:40:55,server_3,45.63,25.28
21:40:55,server_4,4619.08,3715.63
21:40:55,server_10,585.94,564.71
21:40:55,server_6,167.43,93.82
21:40:55,server_7,295.43,254.98
21:40:55,server_8,894.89,917.19
21:40:55,server_5,992.81,552.88
21:41:00,server_12,543.2,531.41
21:41:00,server_19,383.9,534.84
21:41:00,server_18,2390.12,2728.22
21:41:00,server_17,942.95,717.63
21:41:00,server_16,19100.78,20484.09
21:41:00,server_15,1034.41,927.5
21:41:00,server_14,889.21,910.07
21:41:00,server_13,230.27,326.41
21:41:00,server_11,168.73,129.83
21:41:00,server_20,16362.93,17552.32
21:41:00,server_9,652.36,733.44
21:41:00,server_1,547.22,532.51
21:41:00,server_2,813.96,983.07
21:41:00,server_3,643.26,535.47
21:41:00,server_4,133.45,169.83
21:41:00,server_10,53.13,36.2
21:41:00,server_6,979.39,690.4
21:41:00,server_7,1179.11,963.85
21:41:00,server_8,870.19,1085.07
21:41:00,server_5,593.14,322.66
21:41:05,server_11,158.42,121.16
21:41:05,server_19,187.16,131.56
21:41:05,server_18,176.11,127.2
21:41:05,server_17,274.76,180.62
21:41:05,server_16,688.09,764.58
21:41:05,server_15,4393.18,4682.94
21:41:05,server_14,179.48,175.01
21:41:05,server_13,948.55,696.72
21:41:05,server_12,2528.73,2024.13
21:41:05,server_20,3635.33,2972.39
21:41:05,server_10,446.42,266.77
21:41:05,server_8,607.71,475.55
21:41:05,server_7,184.47,268.41
21:41:05,server_6,68.72,83.44
21:41:05,server_5,282.23,279.9
21:41:05,server_4,544.63,816.51
21:41:05,server_3,2874.79,3269.29
21:41:05,server_2,206.63,212.31
21:41:05,server_1,647.96,552.98
21:41:05,server_9,391.16,470.36
21:41:10,server_13,9.06,6.45
21:41:10,server_14,35.06,49.98
21:41:10,server_15,253.49,372.08
21:41:10,server_12,721.94,630.52
21:41:10,server_17,530.14,720.8
21:41:10,server_18,884.55,888.29
21:41:10,server_19,488.94,388.95
21:41:10,server_16,158.78,193.75
21:41:10,server_11,275.55,352.12
21:41:10,server_20,192.26,176.39
21:41:10,server_9,608.96,811.72
21:41:10,server_1,618.6,344.01
21:41:10,server_2,184.99,167.38
21:41:10,server_3,552.67,597.53
21:41:10,server_4,929.62,597.43
21:41:10,server_10,941.17,788.59
21:41:10,server_6,305.85,265.22
21:41:10,server_7,159.5,99.94
21:41:10,server_8,295.43,181.33
21:41:10,server_5,334.79,174.39
21:41:15,server_19,0.0,0.0
21:41:15,server_18,468.55,605.18
21:41:15,server_17,18567.82,18209.8
21:41:15,server_16,10699.58,10136.32
21:41:15,server_15,2860.42,3144.17
21:41:15,server_14,894.06,984.56
21:41:15,server_13,164.93,94.9
21:41:15,server_12,140.04,89.74
21:41:15,server_11,98.02,142.19
21:41:15,server_20,431.42,355.21
21:41:15,server_9,177.77,116.01
21:41:15,server_1,290.23,288.56
21:41:15,server_2,9018.13,7407.32
21:41:15,server_3,115.02,68.34
21:41:15,server_4,301.9,324.65
21:41:15,server_10,476.67,567.13
21:41:15,server_6,995.37,1459.83
21:41:15,server_7,278.19,197.42
21:41:15,server_8,214.65,288.7
21:41:15,server_5,4496.6,4069.19
21:41:20,server_11,723.2,807.9
21:41:20,server_19,169.43,211.95
21:41:20,server_18,209.65,108.4
21:41:20,server_17,9900.49,8996.78
21:41:20,server_16,625.74,339.56
21:41:20,server_15,1079.07,1224.03
21:41:20,server_14,515.28,596.32
21:41:20,server_13,402.49,376.06
21:41:20,server_12,810.37,958.86
21:41:20,server_20,39.74,19.98
21:41:20,server_10,927.9,1226.57
21:41:20,server_8,433.23,604.73
21:41:20,server_9,261.83,149.23
21:41:20,server_1,276.85,234.81
21:41:20,server_2,133.67,73.25
21:41:20,server_3,272.9,217.13
21:41:20,server_5,168.73,247.32
21:41:20,server_6,3596.14,3626.08
21:41:20,server_7,6306.45,5698.73
21:41:20,server_4,10591.71,8851.91
21:41:25,server_20,520.3,396.81
21:41:25,server_11,364.53,543.87
21:41:25,server_18,226.61,143.64
21:41:25,server_17,83.69,50.25
21:41:25,server_16,12223.52,14023.99
21:41:25,server_15,684.81,408.89
21:41:25,server_14,321.07,337.91
21:41:25,server_13,64.02,83.61
21:41:25,server_12,12311.42,12919.49
21:41:25,server_19,14924.04,13479.61
21:41:25,server_10,30.83,44.66
21:41:25,server_8,929.45,515.13
21:41:25,server_1,874.05,878.11
21:41:25,server_2,387.68,374.01
21:41:25,server_3,578.84,495.58
21:41:25,server_9,377.53,510.8
21:41:25,server_5,886.41,696.22
21:41:25,server_6,8848.14,8696.28
21:41:25,server_7,15.63,13.46
21:41:25,server_4,235.4,232.38
21:41:30,server_12,862.59,1011.97
21:41:30,server_19,649.89,832.96
21:41:30,server_18,5.67,5.19
21:41:30,server_17,1345.31,1477.62
21:41:30,server_16,677.91,732.21
21:41:30,server_15,638.32,485.58
21:41:30,server_14,822.29,765.85
21:41:30,server_13,427.32,628.2
21:41:30,server_11,27.44,37.09
21:41:30,server_20,453.68,332.02
21:41:30,server_9,392.31,276.99
21:41:30,server_1,126.39,187.88
21:41:30,server_2,209.36,239.8
21:41:30,server_3,6471.19,6440.57
21:41:30,server_4,564.81,363.5
21:41:30,server_10,400.15,242.93
21:41:30,server_6,312.75,348.91
21:41:30,server_7,502.08,723.63
21:41:30,server_8,931.37,1391.35
21:41:30,server_5,270.42,169.61
21:41:35,server_11,1699.22,1365.83
21:41:35,server_19,611.51,631.89
21:41:35,server_18,3151.55,2934.11
21:41:35,server_17,577.4,745.77
21:41:35,server_16,24.06,14.6
21:41:35,server_15,607.4,648.91
21:41:35,server_14,3244.57,3851.4
21:41:35,server_13,999.42,1010.61
21:41:35,server_12,754.62,1043.68
21:41:35,server_20,48.35,41.46
21:41:35,server_10,17201.25,15385.42
21:41:35,server_8,526.97,423.78
21:41:35,server_7,193.06,226.99
21:41:35,server_6,542.59,460.98
21:41:35,server_5,440.84,450.36
21:41:35,server_4,113.99,58.09
21:41:35,server_3,287.68,417.33
21:41:35,server_2,13092.54,15255.41
21:41:35,server_1,120.15,145.89
21:41:35,server_9,50.11,36.73
21:41:40,server_20,485.75,451.38
21:41:40,server_14,704.35,804.54
21:41:40,server_15,531.96,632.98
21:41:40,server_12,40.12,33.51
21:41:40,server_17,714.7,364.19
21:41:40,server_18,1019.29,778.29
21:41:40,server_19,561.48,732.47
21:41:40,server_16,8411.8,9937.76
21:41:40,server_10,301.54,156.65
21:41:40,server_13,305.54,436.41
21:41:40,server_11,983.9,1113.88
21:41:40,server_1,480.42,526.02
21:41:40,server_2,9017.64,9837.65
21:41:40,server_3,588.72,329.62
21:41:40,server_4,916.16,1087.67
21:41:40,server_9,649.8,769.04
21:41:40,server_6,6.01,3.99
21:41:40,server_7,428.15,506.31
21:41:40,server_8,940.18,592.34
21:41:40,server_5,638.76,858.41
21:41:45,server_12,981.43,1251.48
21:41:45,server_20,114.33,137.26
21:41:45,server_19,354.6,267.82
21:41:45,server_18,139.73,186.51
21:41:45,server_17,2999.25,2493.28
21:41:45,server_16,110.58,81.02
21:41:45,server_15,588.15,733.04
21:41:45,server_14,547.1,601.7
21:41:45,server_13,258.69,259.81
21:41:45,server_11,687.98,477.56
21:41:45,server_10,430.53,300.44
21:41:45,server_9,642.72,487.14
21:41:45,server_2,713.32,800.61
21:41:45,server_3,116.73,95.41
21:41:45,server_4,2553.01,2256.47
21:41:45,server_1,232.25,245.06
21:41:45,server_6,626.02,554.55
21:41:45,server_7,335.73,286.38
21:41:45,server_8,174.37,238.14
21:41:45,server_5,522.23,349.29
21:41:50,server_12,288.65,279.65
21:41:50,server_19,749.19,534.59
21:41:50,server_18,348.94,485.39
21:41:50,server_17,470.91,325.51
21:41:50,server_16,613.86,551.48
21:41:50,server_15,912.04,612.4
21:41:50,server_14,3090.52,3429.13
21:41:50,server_13,3643.06,3854.43
21:41:50,server_11,2873.99,2529.04
21:41:50,server_20,348.73,462.13
21:41:50,server_9,826.72,983.47
21:41:50,server_1,558.67,362.48
21:41:50,server_2,119.68,172.44
21:41:50,server_3,13.71,19.24
21:41:50,server_4,199.11,121.91
21:41:50,server_10,463.13,491.91
21:41:50,server_6,380.89,340.14
21:41:50,server_7,10674.9,11076.89
21:41:50,server_8,253.9,142.9
21:41:50,server_5,585.86,560.84
21:41:55,server_12,230.71,164.78
21:41:55,server_19,591.54,563.22
21:41:55,server_18,512.98,428.19
21:41:55,server_17,0.0,0.0
21:41:55,server_16,3815.61,3823.14
21:41:55,server_15,178.53,98.98
21:41:55,server_14,913.04,590.24
21:41:55,server_13,955.59,936.22
21:41:55,server_11,849.51,521.51
21:41:55,server_20,332.46,362.83
21:41:55,server_9,397.46,242.87
21:41:55,server_1,2774.53,2556.89
21:41:55,server_2,207.64,246.32
21:41:55,server_3,20.7,10.38
21:41:55,server_4,206.63,258.71
21:41:55,server_10,56.36,55.98
21:41:55,server_6,2908.69,3247.72
21:41:55,server_7,229.19,172.74
21:41:55,server_8,331.68,391.35
21:41:55,server_5,1814.58,1663.3
21:42:00,server_11,402.4,210.82
21:42:00,server_19,499.92,283.36
21:42:00,server_18,663.96,861.57
21:42:00,server_17,69.39,85.79
21:42:00,server_16,958.71,503.05
21:42:00,server_15,4393.64,4265.66
21:42:00,server_14,611.51,328.3
21:42:00,server_13,896.84,835.06
21:42:00,server_12,514.25,742.67
21:42:00,server_20,2811.2,2343.36
21:42:00,server_10,357.8,213.06
21:42:00,server_8,4839.35,4481.12
21:42:00,server_7,174.68,178.95
21:42:00,server_6,3645.31,3384.62
21:42:00,server_5,883.81,1030.86
21:42:00,server_4,221.57,178.82
21:42:00,server_3,747.01,643.75
21:42:00,server_2,737.62,670.25
21:42:00,server_1,11422.39,10472.63
21:42:00,server_9,12645.45,12961.23
21:42:05,server_13,549.85,456.52
21:42:05,server_14,42.89,38.43
21:42:05,server_15,572.92,762.1
21:42:05,server_12,302.21,214.72
21:42:05,server_17,239.19,208.17
21:42:05,server_18,623.89,527.47
21:42:05,server_19,4682.6,5186.74
21:42:05,server_16,2526.12,2459.59
21:42:05,server_11,144.28,193.32
21:42:05,server_20,834.32,953.46
21:42:05,server_9,196.11,200.88
21:42:05,server_1,3123.25,3536.04
21:42:05,server_2,282.14,385.61
21:42:05,server_3,262.12,383.28
21:42:05,server_4,488.95,498.98
21:42:05,server_10,978.59,1319.09
21:42:05,server_6,14623.27,12469.12
21:42:05,server_7,612.89,662.07
21:42:05,server_8,774.14,485.79
21:42:05,server_5,860.36,1008.56
21:42:10,server_19,888.1,840.41
21:42:10,server_18,540.21,725.36
21:42:10,server_17,766.76,1078.5
21:42:10,server_16,631.8,482.9
21:42:10,server_15,7111.53,7656.43
21:42:10,server_14,280.05,159.7
21:42:10,server_13,2701.71,3241.07
21:42:10,server_12,29.56,36.86
21:42:10,server_11,486.31,333.5
21:42:10,server_20,882.37,1271.17
21:42:10,server_9,17472.84,16540.91
21:42:10,server_1,780.88,502.19
21:42:10,server_2,881.2,589.89
21:42:10,server_3,1331.98,1164.46
21:42:10,server_4,750.68,941.1
21:42:10,server_10,974.09,920.32
21:42:10,server_6,5978.93,5231.86
21:42:10,server_7,507.66,734.19
21:42:10,server_8,3776.46,3933.89
21:42:10,server_5,255.31,276.54
21:42:15,server_11,3109.12,3399.66
21:42:15,server_19,742.25,625.95
21:42:15,server_18,17640.04,18000.2
21:42:15,server_17,717.67,388.3
21:42:15,server_16,177.73,265.12
21:42:15,server_15,253.62,180.88
21:42:15,server_14,1870.32,1841.03
21:42:15,server_13,337.73,178.77
21:42:15,server_12,1824.06,1732.08
21:42:15,server_20,688.01,624.15
21:42:15,server_10,372.95,503.45
21:42:15,server_8,633.09,371.44
21:42:15,server_9,858.92,1067.25
21:42:15,server_1,220.56,203.89
21:42:15,server_2,4364.17,4907.94
21:42:15,server_3,915.21,481.73
21:42:15,server_5,954.28,654.74
21:42:15,server_6,615.51,402.49
21:42:15,server_7,13674.26,12081.44
21:42:15,server_4,551.17,403.48
21:42:20,server_20,0.0,0.0
21:42:20,server_11,447.44,279.59
21:42:20,server_18,0.0,0.0
21:42:20,server_17,1000.94,1259.06
21:42:20,server_16,195.93,200.48
21:42:20,server_15,50.85,67.18
21:42:20,server_14,1871.56,1808.14
21:42:20,server_13,530.67,730.61
21:42:20,server_12,702.43,1002.71
21:42:20,server_19,3950.87,3907.33
21:42:20,server_10,336.0,428.93
21:42:20,server_8,249.58,276.45
21:42:20,server_1,1031.86,966.59
21:42:20,server_2,560.61,485.61
21:42:20,server_3,560.7,698.33
21:42:20,server_9,628.1,916.81
21:42:20,server_5,334.64,232.6
21:42:20,server_6,281.67,152.33
21:42:20,server_7,234.55,143.64
21:42:20,server_4,112.83,137.23
21:42:25,server_13,618.48,790.53
21:42:25,server_20,873.49,718.57
21:42:25,server_19,977.27,1025.75
21:42:25,server_18,15637.17,18520.14
21:42:25,server_17,136.57,153.28
21:42:25,server_16,4813.9,4162.54
21:42:25,server_15,431.29,291.98
21:42:25,server_14,11779.35,12571.45
21:42:25,server_12,2826.4,3273.54
21:42:25,server_11,642.68,581.04
21:42:25,server_1,1460.64,1449.61
21:42:25,server_9,900.11,594.95
21:42:25,server_8,2300.04,2070.63
21:42:25,server_7,534.48,576.82
21:42:25,server_6,989.36,723.3
21:42:25,server_5,680.62,340.52
21:42:25,server_4,16252.4,17243.91
21:42:25,server_3,885.66,601.1
21:42:25,server_2,17827.14,19183.79
21:42:25,server_10,13982.27,13931.06
21:42:30,server_13,8695.22,7660.91
21:42:30,server_14,119.14,173.58
21:42:30,server_15,400.88,402.49
21:42:30,server_16,27.03,25.71
21:42:30,server_12,961.16,1440.3
21:42:30,server_18,219.31,145.0
21:42:30,server_19,8982.78,7831.88
21:42:30,server_20,492.29,715.32
21:42:30,server_17,366.37,236.62
21:42:30,server_11,471.94,361.71
21:42:30,server_1,484.0,335.55
21:42:30,server_9,333.07,182.87
21:42:30,server_8,359.4,347.36
21:42:30,server_7,303.74,278.42
21:42:30,server_6,3892.77,4108.48
21:42:30,server_5,429.14,398.68
21:42:30,server_4,454.74,585.07
21:42:30,server_3,13317.32,11171.8
21:42:30,server_2,906.67,522.44
21:42:30,server_10,997.92,521.56
21:42:35,server_13,3938.39,4586.0
21:42:35,server_14,604.56,747.68
21:42:35,server_15,13173.24,14996.65
21:42:35,server_16,270.12,182.36
21:42:35,server_20,1032.67,1033.69
21:42:35,server_18,15015.57,12882.21
21:42:35,server_19,960.23,1018.86
21:42:35,server_12,92.25,78.05
21:42:35,server_17,19341.67,16635.32
21:42:35,server_11,749.22,994.19
21:42:35,server_10,14641.79,13858.65
21:42:35,server_9,526.76,743.73
21:42:35,server_8,2552.45,2326.9
21:42:35,server_7,950.38,1157.9
21:42:35,server_6,858.27,984.87
21:42:35,server_5,569.61,381.26
21:42:35,server_4,17862.08,15009.62
21:42:35,server_3,620.55,505.36
21:42:35,server_2,197.2,181.22
21:42:35,server_1,569.3,835.8
21:42:40,server_13,36.55,51.02
21:42:40,server_14,312.99,398.53
21:42:40,server_15,555.91,389.56
21:42:40,server_16,349.66,314.31
21:42:40,server_20,663.12,381.38
21:42:40,server_18,685.08,938.78
21:42:40,server_19,411.64,408.75
21:42:40,server_12,645.07,570.1
21:42:40,server_17,145.13,170.4
21:42:40,server_11,895.06,575.13
21:42:40,server_10,360.69,511.04
21:42:40,server_9,9263.96,7477.02
21:42:40,server_2,1.5,0.87
21:42:40,server_3,883.78,993.99
21:42:40,server_4,338.99,184.74
21:42:40,server_1,289.79,153.06
21:42:40,server_6,4994.16,5505.44
21:42:40,server_7,1082.23,1148.02
21:42:40,server_8,11185.86,12758.6
21:42:40,server_5,433.52,419.39
21:42:45,server_12,839.3,801.37
21:42:45,server_19,441.3,661.58
21:42:45,server_18,261.83,282.93
21:42:45,server_17,602.65,771.39
21:42:45,server_16,596.43,420.98
21:42:45,server_15,140.27,87.43
21:42:45,server_14,937.38,852.26
21:42:45,server_13,537.95,492.31
21:42:45,server_11,304.0,244.12
21:42:45,server_20,19992.37,19082.19
21:42:45,server_9,142.26,102.5
21:42:45,server_1,81.3,59.2
21:42:45,server_2,24.04,19.55
21:42:45,server_3,195.67,162.49
21:42:45,server_4,4797.27,5206.13
21:42:45,server_10,134.3,190.17
21:42:45,server_6,759.62,435.45
21:42:45,server_7,172.53,172.39
21:42:45,server_8,0.0,0.0
21:42:45,server_5,492.61,644.14
21:42:50,server_12,15917.89,13012.82
21:42:50,server_19,452.07,384.15
21:42:50,server_18,1017.54,912.28
21:42:50,server_17,54.3,49.02
21:42:50,server_16,307.93,264.03
21:42:50,server_15,1007.33,635.63
21:42:50,server_14,122.31,160.07
21:42:50,server_13,3036.21,2776.9
21:42:50,server_11,936.06,519.62
21:42:50,server_20,47.79,56.92
21:42:50,server_9,513.71,309.03
21:42:50,server_1,992.72,946.4
21:42:50,server_2,451.51,258.85
21:42:50,server_3,620.19,520.48
21:42:50,server_4,1018.98,1475.18
21:42:50,server_10,570.32,435.76
21:42:50,server_6,300.9,256.31
21:42:50,server_7,352.67,291.46
21:42:50,server_8,588.51,469.31
21:42:50,server_5,27.67,25.83
21:42:55,server_11,10338.21,12282.14
21:42:55,server_19,662.83,954.41
21:42:55,server_18,384.48,368.22
21:42:55,server_17,592.32,768.78
21:42:55,server_16,110.22,130.21
21:42:55,server_15,524.68,613.66
21:42:55,server_14,2197.9,2159.66
21:42:55,server_13,909.63,752.89
21:42:55,server_12,677.18,629.83
21:42:55,server_20,889.68,887.08
21:42:55,server_10,614.56,498.32
21:42:55,server_8,410.29,493.84
21:42:55,server_7,611.56,830.36
21:42:55,server_6,127.46,169.59
21:42:55,server_5,5334.68,4385.72
21:42:55,server_4,408.06,343.34
21:42:55,server_3,230.54,337.37
21:42:55,server_2,1990.21,2183.48
21:42:55,server_1,527.6,781.23
21:42:55,server_9,538.77,687.93
21:43:00,server_13,675.79,351.52
21:43:00,server_14,395.4,394.83
21:43:00,server_15,966.5,678.04
21:43:00,server_12,3985.33,3568.37
21:43:00,server_17,787.75,702.76
21:43:00,server_18,64.22,44.66
21:43:00,server_19,13698.83,14335.09
21:43:00,server_16,14589.27,14755.51
21:43:00,server_11,159.47,135.77
21:43:00,server_20,801.81,510.14
21:43:00,server_9,294.93,313.14
21:43:00,server_1,962.6,1108.7
21:43:00,server_2,18914.35,17651.01
21:43:00,server_3,650.71,665.46
21:43:00,server_4,11266.8,12673.79
21:43:00,server_10,12420.61,13300.96
21:43:00,server_6,617.2,714.77
21:43:00,server_7,627.59,409.87
21:43:00,server_8,469.61,286.87
21:43:00,server_5,2682.59,2699.33
21:43:05,server_19,315.51,242.41
21:43:05,server_18,4120.33,4545.75
21:43:05,server_17,1947.0,1936.67
21:43:05,server_16,908.23,778.91
21:43:05,server_15,87.01,99.88
21:43:05,server_14,782.28,913.24
21:43:05,server_13,655.19,755.31
21:43:05,server_12,598.85,879.8
21:43:05,server_11,470.86,592.46
21:43:05,server_20,200.87,146.99
21:43:05,server_9,271.31,198.38
21:43:05,server_1,587.81,805.9
21:43:05,server_2,919.23,658.37
21:43:05,server_3,778.2,668.09
21:43:05,server_4,39.57,20.94
21:43:05,server_10,1033.73,1330.71
21:43:05,server_6,17833.78,20712.92
21:43:05,server_7,939.3,1032.52
21:43:05,server_8,3885.44,4415.07
21:43:05,server_5,8646.52,7551.4
21:43:10,server_11,61.05,38.72
21:43:10,server_19,1028.8,919.93
21:43:10,server_18,631.05,340.2
21:43:10,server_17,227.11,230.3
21:43:10,server_16,382.76,548.68
21:43:10,server_15,308.3,373.51
21:43:10,server_14,18885.43,20156.7
21:43:10,server_13,608.57,448.16
21:43:10,server_12,917.19,1241.54
21:43:10,server_20,286.53,329.15
21:43:10,server_10,313.85,292.49
21:43:10,server_8,205.04,306.81
21:43:10,server_9,11425.53,10404.68
21:43:10,server_1,15765.94,14902.7
21:43:10,server_2,178.58,111.44
21:43:10,server_3,18674.55,16228.88
21:43:10,server_5,8362.68,7246.45
21:43:10,server_6,2623.19,2960.99
21:43:10,server_7,191.22,233.66
21:43:10,server_4,697.29,548.19
21:43:15,server_20,4967.14,4417.39
21:43:15,server_11,825.05,735.14
21:43:15,server_18,932.48,639.33
21:43:15,server_17,167.02,213.7
21:43:15,server_16,774.73,637.18
21:43:15,server_15,635.52,584.27
21:43:15,server_14,814.43,1109.35
21:43:15,server_13,844.6,487.01
21:43:15,server_12,2965.8,3390.64
21:43:15,server_19,901.72,465.07
21:43:15,server_10,11148.57,9514.22
21:43:15,server_8,321.39,275.38
21:43:15,server_1,693.27,512.66
21:43:15,server_2,4248.39,3985.29
21:43:15,server_3,896.87,985.15
21:43:15,server_9,13405.0,13338.1
21:43:15,server_5,386.17,569.8
21:43:15,server_6,645.25,829.67
21:43:15,server_7,357.65,406.23
21:43:15,server_4,908.19,575.56
21:43:20,server_12,412.71,240.85
21:43:20,server_19,705.55,621.27
21:43:20,server_18,951.15,1166.67
21:43:20,server_17,148.03,208.5
21:43:20,server_16,203.93,237.87
21:43:20,server_15,576.14,448.07
21:43:20,server_14,1871.84,1644.08
21:43:20,server_13,438.1,352.58
21:43:20,server_11,3763.1,4398.2
21:43:20,server_20,10398.14,11801.58
21:43:20,server_9,128.17,121.29
21:43:20,server_1,425.65,251.27
21:43:20,server_2,592.9,622.47
21:43:20,server_3,656.16,402.13
21:43:20,server_4,498.8,380.61
21:43:20,server_10,114.44,166.45
21:43:20,server_6,951.79,731.48
21:43:20,server_7,942.91,1106.31
21:43:20,server_8,503.86,574.01
21:43:20,server_5,346.97,356.34
21:43:25,server_11,603.41,365.99
21:43:25,server_19,2445.67,2732.29
21:43:25,server_18,855.72,566.43
21:43:25,server_17,44.9,66.47
21:43:25,server_16,319.39,478.52
21:43:25,server_15,532.6,575.5
21:43:25,server_14,931.67,875.86
21:43:25,server_13,378.2,196.48
21:43:25,server_12,362.1,303.67
21:43:25,server_20,195.2,183.11
21:43:25,server_10,125.45,151.81
21:43:25,server_8,5760.96,6691.9
21:43:25,server_7,771.36,449.07
21:43:25,server_6,3260.04,2759.35
21:43:25,server_5,1230.91,1178.46
21:43:25,server_4,504.47,470.31
21:43:25,server_3,214.81,314.58
21:43:25,server_2,838.74,1027.57
21:43:25,server_1,226.26,327.9
21:43:25,server_9,747.14,1026.87
21:43:30,server_13,12085.34,14133.78
21:43:30,server_14,1033.86,1113.29
21:43:30,server_15,854.38,1258.01
21:43:30,server_12,227.32,147.38
21:43:30,server_17,57.72,53.67
21:43:30,server_18,907.16,1135.4
21:43:30,server_19,346.67,512.45
21:43:30,server_16,508.97,515.49
21:43:30,server_11,83.82,68.41
21:43:30,server_20,243.14,207.23
21:43:30,server_9,3595.71,3168.73
21:43:30,server_1,239.56,147.69
21:43:30,server_2,547.92,669.38
21:43:30,server_3,176.6,182.1
21:43:30,server_4,851.36,837.6
21:43:30,server_10,50.46,34.95
21:43:30,server_6,366.68,256.34
21:43:30,server_7,144.19,162.12
21:43:30,server_8,591.65,781.0
21:43:30,server_5,15033.65,14923.59
21:43:35,server_12,6372.55,7344.69
21:43:35,server_20,50.35,73.9
21:43:35,server_19,5508.2,4411.39
21:43:35,server_18,368.94,426.14
21:43:35,server_17,25.66,31.7
21:43:35,server_16,438.63,560.72
21:43:35,server_15,549.11,572.92
21:43:35,server_14,11186.47,11219.7
21:43:35,server_13,165.3,120.08
21:43:35,server_11,13426.72,12400.34
21:43:35,server_10,537.21,657.78
21:43:35,server_9,14614.39,16988.61
21:43:35,server_2,312.29,312.67
21:43:35,server_3,874.67,809.33
21:43:35,server_4,3010.81,2989.86
21:43:35,server_1,136.21,131.17
21:43:35,server_6,82.99,45.94
21:43:35,server_7,110.66,164.7
21:43:35,server_8,892.32,1239.14
21:43:35,server_5,218.81,267.1
21:43:40,server_12,8261.18,6681.71
21:43:40,server_19,281.88,220.4
21:43:40,server_18,437.88,468.81
21:43:40,server_17,183.69,152.3
21:43:40,server_16,2040.02,2442.56
21:43:40,server_15,251.19,341.69
21:43:40,server_14,236.39,198.34
21:43:40,server_13,9476.5,11205.85
21:43:40,server_11,18791.79,20337.09
21:43:40,server_20,165.78,231.56
21:43:40,server_9,251.29,251.49
21:43:40,server_1,870.1,837.73
21:43:40,server_2,239.03,191.33
21:43:40,server_3,295.83,436.27
21:43:40,server_4,926.97,687.43
21:43:40,server_10,233.44,189.32
21:43:40,server_6,541.99,579.72
21:43:40,server_7,140.19,160.31
21:43:40,server_8,902.87,1183.3
21:43:40,server_5,10242.27,10554.39
21:43:45,server_12,0.0,0.0
21:43:45,server_19,620.8,855.99
21:43:45,server_18,919.25,1089.5
21:43:45,server_17,976.22,860.49
21:43:45,server_16,840.87,1196.16
21:43:45,server_15,813.72,569.59
21:43:45,server_14,498.58,536.08
21:43:45,server_13,4992.44,5626.95
21:43:45,server_11,7144.01,7238.52
21:43:45,server_20,1078.13,748.97
21:43:45,server_9,477.96,572.2
21:43:45,server_1,324.19,301.0
21:43:45,server_2,696.87,948.99
21:43:45,server_3,652.46,496.28
21:43:45,server_4,697.41,1036.41
21:43:45,server_10,165.78,182.51
21:43:45,server_6,101.18,64.3
21:43:45,server_7,4823.66,4341.12
21:43:45,server_8,350.28,487.01
21:43:45,server_5,13704.85,14417.71
21:43:50,server_11,400.73,544.99
21:43:50,server_19,966.76,1244.27
21:43:50,server_18,12.15,7.08
21:43:50,server_17,399.09,489.97
21:43:50,server_16,767.62,1037.74
21:43:50,server_15,12111.47,13337.85
21:43:50,server_14,441.87,552.05
21:43:50,server_13,695.71,448.07
21:43:50,server_12,965.01,895.09
21:43:50,server_20,6567.59,6107.87
21:43:50,server_10,1604.19,1874.24
21:43:50,server_8,462.25,488.88
21:43:50,server_7,10103.86,11492.36
21:43:50,server_6,528.8,572.07
21:43:50,server_5,3311.4,3032.07
21:43:50,server_4,377.68,195.38
21:43:50,server_3,369.36,521.61
21:43:50,server_2,1029.03,999.93
21:43:50,server_1,924.94,919.6
21:43:50,server_9,12783.78,15068.93
21:43:55,server_13,701.36,832.23
21:43:55,server_14,835.85,493.39
21:43:55,server_15,229.59,149.46
21:43:55,server_12,586.69,661.89
21:43:55,server_17,938.07,1143.59
21:43:55,server_18,961.42,1069.79
21:43:55,server_19,521.97,634.5
21:43:55,server_16,120.44,123.82
21:43:55,server_11,304.29,416.35
21:43:55,server_20,302.68,416.78
21:43:55,server_9,16096.43,18713.2
21:43:55,server_1,436.66,238.86
21:43:55,server_2,343.41,433.79
21:43:55,server_3,161.36,206.09
21:43:55,server_4,3360.47,3255.86
21:43:55,server_10,48.93,65.77
21:43:55,server_6,457.43,519.68
21:43:55,server_7,31.25,20.43
21:43:55,server_8,3640.76,3797.43
21:43:55,server_5,664.22,492.93
21:44:00,server_19,656.69,448.77
21:44:00,server_18,14261.41,16748.2
21:44:00,server_17,698.11,469.51
21:44:00,server_16,44.57,34.28
21:44:00,server_15,675.12,514.03
21:44:00,server_14,473.56,521.4
21:44:00,server_13,66.73,90.22
21:44:00,server_12,702.56,442.32
21:44:00,server_11,197.83,155.58
21:44:00,server_20,3967.28,4065.46
21:44:00,server_9,793.84,795.48
21:44:00,server_1,274.04,172.54
21:44:00,server_2,788.75,627.88
21:44:00,server_3,140.39,189.09
21:44:00,server_4,226.65,257.33
21:44:00,server_10,396.82,355.84
21:44:00,server_6,328.32,371.22
21:44:00,server_7,204.81,171.43
21:44:00,server_8,214.38,269.7
21:44:00,server_5,122.23,99.94
21:44:05,server_11,570.72,410.34
21:44:05,server_19,107.99,75.96
21:44:05,server_18,602.11,526.36
21:44:05,server_17,154.72,120.76
21:44:05,server_16,7716.01,6972.89
21:44:05,server_15,336.61,327.68
21:44:05,server_14,88.16,126.43
21:44:05,server_13,667.21,354.03
21:44:05,server_12,921.39,494.31
21:44:05,server_20,71.82,73.79
21:44:05,server_10,637.5,348.52
21:44:05,server_8,623.29,522.81
21:44:05,server_9,11558.42,10339.53
21:44:05,server_1,193.44,254.64
21:44:05,server_2,623.1,774.55
21:44:05,server_3,4019.46,4583.37
21:44:05,server_5,15438.84,15368.73
21:44:05,server_6,214.4,192.24
21:44:05,server_7,921.85,977.35
21:44:05,server_4,889.13,1262.6
21:44:10,server_20,406.51,388.18
21:44:10,server_11,603.27,790.68
21:44:10,server_18,1482.79,1278.06
21:44:10,server_17,890.57,1322.75
21:44:10,server_16,12726.33,12288.2
21:44:10,server_15,420.78,496.78
21:44:10,server_14,349.19,351.29
21:44:10,server_13,1054.67,600.52
21:44:10,server_12,528.2,792.29
21:44:10,server_19,9864.65,10639.36
21:44:10,server_10,18.58,18.55
21:44:10,server_8,5210.12,4976.77
21:44:10,server_1,474.25,402.82
21:44:10,server_2,243.37,326.59
21:44:10,server_3,642.37,371.19
21:44:10,server_9,469.47,503.39
21:44:10,server_5,173.36,215.38
21:44:10,server_6,7.23,8.3
21:44:10,server_7,3218.2,2991.89
21:44:10,server_4,145.39,182.04
21:44:15,server_12,866.31,592.53
21:44:15,server_19,487.09,659.58
21:44:15,server_18,679.67,818.24
21:44:15,server_17,953.56,1233.22
21:44:15,server_16,121.75,171.26
21:44:15,server_15,46.31,31.57
21:44:15,server_14,447.33,485.27
21:44:15,server_13,174.21,246.65
21:44:15,server_11,487.75,542.56
21:44:15,server_20,19780.71,17492.3
21:44:15,server_9,33.19,19.8
21:44:15,server_1,880.91,682.39
21:44:15,server_2,942.57,1368.94
21:44:15,server_3,148.23,209.98
21:44:15,server_4,939.68,1376.37
21:44:15,server_10,16.05,23.97
21:44:15,server_6,896.74,539.57
21:44:15,server_7,129.52,158.53
21:44:15,server_8,30.75,36.51
21:44:15,server_5,240.48,268.19
21:44:20,server_11,128.68,90.65
21:44:20,server_19,588.33,737.51
21:44:20,server_18,391.74,500.92
21:44:20,server_17,628.26,547.76
21:44:20,server_16,713.38,965.71
21:44:20,server_15,216.21,236.91
21:44:20,server_14,2.11,1.36
21:44:20,server_13,587.07,798.14
21:44:20,server_12,277.14,249.89
21:44:20,server_20,281.05,147.67
21:44:20,server_10,770.65,916.53
21:44:20,server_8,1062.99,927.16
21:44:20,server_7,782.23,527.77
21:44:20,server_6,1022.56,1490.01
21:44:20,server_5,2853.38,2457.27
21:44:20,server_4,18319.23,19359.47
21:44:20,server_3,6426.83,5168.21
21:44:20,server_2,596.46,353.68
21:44:20,server_1,1037.63,774.65
21:44:20,server_9,450.45,252.7
21:44:25,server_13,450.75,507.6
21:44:25,server_14,181.51,112.85
21:44:25,server_15,2661.6,2313.55
21:44:25,server_12,170.01,223.18
21:44:25,server_17,142.31,127.15
21:44:25,server_18,101.75,105.85
21:44:25,server_19,703.69,581.19
21:44:25,server_16,629.2,408.23
21:44:25,server_11,43.38,48.47
21:44:25,server_20,13577.46,12341.54
21:44:25,server_9,13416.84,15598.5
21:44:25,server_1,524.13,728.4
21:44:25,server_2,2952.98,3118.4
21:44:25,server_3,268.57,231.82
21:44:25,server_4,5.43,3.31
21:44:25,server_10,289.21,325.08
21:44:25,server_6,5134.25,5598.62
21:44:25,server_7,856.65,1270.47
21:44:25,server_8,18918.56,22407.69
21:44:25,server_5,82.71,98.62
21:44:30,server_20,876.78,720.18
21:44:30,server_19,8923.27,8109.86
21:44:30,server_18,611.46,831.42
21:44:30,server_17,262.92,191.56
21:44:30,server_16,1567.23,1398.66
21:44:30,server_15,678.58,513.52
21:44:30,server_14,4512.76,3614.02
21:44:30,server_12,204.56,120.07
21:44:30,server_11,955.34,1351.66
21:44:30,server_13,196.6,114.52
21:44:30,server_9,613.67,685.54
21:44:30,server_10,401.81,377.73
21:44:30,server_2,700.38,458.18
21:44:30,server_3,381.26,227.26
21:44:30,server_4,964.72,1096.51
21:44:30,server_1,2196.62,2339.46
21:44:30,server_6,183.7,182.36
21:44:30,server_7,72.69,96.68
21:44:30,server_8,395.45,379.54
21:44:30,server_5,1751.05,1404.62
21:44:35,server_12,332.32,230.61
21:44:35,server_20,132.93,93.66
21:44:35,server_19,1058.43,1396.18
21:44:35,server_18,616.47,709.05
21:44:35,server_17,610.04,513.71
21:44:35,server_16,10420.95,9106.83
21:44:35,server_15,5013.19,5044.32
21:44:35,server_14,671.91,988.06
21:44:35,server_13,282.42,191.71
21:44:35,server_11,10928.64,9564.07
21:44:35,server_3,547.52,442.15
21:44:35,server_9,598.42,419.03
21:44:35,server_10,3973.2,4026.48
21:44:35,server_2,15223.49,15184.92
21:44:35,server_4,631.26,687.82
21:44:35,server_1,236.75,262.18
21:44:35,server_6,780.76,440.35
21:44:35,server_7,892.42,729.44
21:44:35,server_8,917.27,1212.2
21:44:35,server_5,239.16,217.39
21:44:40,server_12,684.0,408.92
21:44:40,server_19,796.06,634.04
21:44:40,server_18,198.39,280.17
21:44:40,server_17,116.24,73.14
21:44:40,server_16,289.81,302.52
21:44:40,server_15,284.86,364.4
21:44:40,server_14,669.48,900.96
21:44:40,server_20,844.04,1158.47
21:44:40,server_11,1154.67,1089.25
21:44:40,server_13,822.23,880.11
21:44:40,server_9,2.2,3.1
21:44:40,server_1,3917.82,3943.48
21:44:40,server_2,840.89,977.5
21:44:40,server_3,838.52,1114.6
21:44:40,server_4,874.3,1195.32
21:44:40,server_10,366.17,397.99
21:44:40,server_6,13588.13,15660.44
21:44:40,server_7,238.49,133.94
21:44:40,server_8,1044.82,747.96
21:44:40,server_5,934.1,1290.22
21:44:45,server_19,141.52,183.89
21:44:45,server_18,931.42,1056.48
21:44:45,server_17,994.91,917.7
21:44:45,server_16,916.51,1185.93
21:44:45,server_15,4833.11,5173.57
21:44:45,server_14,45.55,36.77
21:44:45,server_13,735.03,377.25
21:44:45,server_12,414.72,569.3
21:44:45,server_11,569.16,729.5
21:44:45,server_20,912.26,1123.99
21:44:45,server_9,127.74,157.93
21:44:45,server_1,548.03,731.42
21:44:45,server_2,974.47,1139.71
21:44:45,server_3,8707.37,7416.38
21:44:45,server_4,877.3,1052.67
21:44:45,server_10,980.65,1200.16
21:44:45,server_6,68.88,78.18
21:44:45,server_7,156.01,109.57
21:44:45,server_8,945.43,732.38
21:44:45,server_5,976.49,1303.49
21:44:50,server_11,203.02,191.43
21:44:50,server_19,2544.24,2423.92
21:44:50,server_18,30.88,31.38
21:44:50,server_17,914.87,1181.82
21:44:50,server_16,1005.82,800.7
21:44:50,server_15,839.25,622.96
21:44:50,server_14,4491.34,4258.34
21:44:50,server_13,16285.44,18581.11
21:44:50,server_12,106.73,151.14
21:44:50,server_20,444.27,597.18
21:44:50,server_10,611.29,702.7
21:44:50,server_8,77.25,94.58
21:44:50,server_9,1010.4,1205.38
21:44:50,server_1,229.2,236.18
21:44:50,server_2,252.92,291.18
21:44:50,server_3,980.3,1365.06
21:44:50,server_5,311.92,462.73
21:44:50,server_6,662.32,557.45
21:44:50,server_7,1000.23,1119.33
21:44:50,server_4,3278.94,3858.4
21:44:55,server_20,4170.02,3432.95
21:44:55,server_11,2899.39,2868.77
21:44:55,server_18,414.02,277.07
21:44:55,server_17,905.6,496.21
21:44:55,server_16,260.87,153.12
21:44:55,server_15,898.2,582.92
21:44:55,server_14,920.43,1343.49
21:44:55,server_13,351.83,407.93
21:44:55,server_12,2241.04,2166.77
21:44:55,server_19,300.08,354.2
21:44:55,server_10,5890.1,5858.97
21:44:55,server_8,347.07,286.4
21:44:55,server_1,1970.93,1627.54
21:44:55,server_2,4418.85,4901.17
21:44:55,server_3,361.37,389.09
21:44:55,server_9,13453.28,11354.73
21:44:55,server_5,3219.14,3625.23
21:44:55,server_6,985.54,984.16
21:44:55,server_7,149.09,107.13
21:44:55,server_4,307.76,420.04
21:45:00,server_19,643.22,867.9
21:45:00,server_18,521.22,581.87
21:45:00,server_17,916.29,513.91
21:45:00,server_16,289.14,395.93
21:45:00,server_15,473.58,492.26
21:45:00,server_14,119.8,88.12
21:45:00,server_13,489.04,627.79
21:45:00,server_12,310.17,181.43
21:45:00,server_11,466.82,338.82
21:45:00,server_20,486.25,594.3
21:45:00,server_9,926.25,1147.19
21:45:00,server_1,4552.57,4215.44
21:45:00,server_2,10003.68,10607.14
21:45:00,server_3,101.53,123.98
21:45:00,server_4,408.94,313.68
21:45:00,server_10,290.48,231.14
21:45:00,server_6,677.61,395.77
21:45:00,server_7,9258.28,8794.66
21:45:00,server_8,414.41,312.33
21:45:00,server_5,60.3,64.63
21:45:05,server_11,833.2,977.93
21:45:05,server_19,930.01,1173.72
21:45:05,server_18,212.71,312.88
21:45:05,server_17,204.28,165.37
21:45:05,server_16,13622.07,14329.43
21:45:05,server_15,163.88,150.34
21:45:05,server_14,504.68,505.17
21:45:05,server_13,226.85,284.86
21:45:05,server_12,334.78,282.34
21:45:05,server_20,590.19,809.53
21:45:05,server_10,84.66,72.44
21:45:05,server_8,624.96,866.12
21:45:05,server_9,461.81,522.51
21:45:05,server_1,8.67,6.13
21:45:05,server_2,611.07,478.74
21:45:05,server_3,196.53,171.38
21:45:05,server_5,1057.48,1242.46
21:45:05,server_6,212.46,221.64
21:45:05,server_7,18451.01,21802.74
21:45:05,server_4,465.8,602.82
21:45:10,server_20,65.51,76.21
21:45:10,server_19,235.03,292.67
21:45:10,server_18,905.98,457.77
21:45:10,server_17,783.76,453.62
21:45:10,server_16,744.1,455.67
21:45:10,server_15,67.06,40.44
21:45:10,server_14,5052.21,5303.8
21:45:10,server_13,2418.68,1949.34
21:45:10,server_12,298.35,252.82
21:45:10,server_11,83.98,80.8
21:45:10,server_9,388.58,204.76
21:45:10,server_1,1394.28,1629.59
21:45:10,server_2,2.25,1.66
21:45:10,server_3,14329.12,11643.07
21:45:10,server_4,358.75,187.43
21:45:10,server_10,733.0,859.24
21:45:10,server_6,164.14,225.82
21:45:10,server_7,3423.67,3926.97
21:45:10,server_8,610.46,779.64
21:45:10,server_5,10334.48,9047.41
21:45:15,server_12,380.28,417.82
21:45:15,server_19,861.49,738.13
21:45:15,server_18,903.58,871.96
21:45:15,server_17,18791.5,15455.04
21:45:15,server_16,127.53,168.13
21:45:15,server_15,628.37,776.6
21:45:15,server_14,9890.66,11802.88
21:45:15,server_13,4377.1,3506.36
21:45:15,server_11,0.0,0.0
21:45:15,server_20,115.47,172.42
21:45:15,server_9,419.41,574.39
21:45:15,server_1,2221.38,2297.05
21:45:15,server_2,374.08,384.24
21:45:15,server_3,339.55,501.56
21:45:15,server_4,2347.43,2574.36
21:45:15,server_10,6.62,8.21
21:45:15,server_6,869.8,547.59
21:45:15,server_7,16433.2,17449.49
21:45:15,server_8,390.15,439.76
21:45:15,server_5,524.58,566.91
21:45:20,server_11,465.17,577.08
21:45:20,server_19,505.74,596.95
21:45:20,server_18,298.2,190.59
21:45:20,server_17,1019.11,1003.43
21:45:20,server_16,274.01,362.48
21:45:20,server_15,466.43,318.6
21:45:20,server_14,373.67,535.37
21:45:20,server_13,16966.31,17344.86
21:45:20,server_12,473.73,480.34
21:45:20,server_20,276.56,222.63
21:45:20,server_10,13.01,12.61
21:45:20,server_8,4699.61,5492.31
21:45:20,server_7,919.0,570.87
21:45:20,server_6,880.67,1027.82
21:45:20,server_5,69.03,35.6
21:45:20,server_4,913.98,1169.35
21:45:20,server_3,106.93,56.82
21:45:20,server_2,211.83,213.9
21:45:20,server_1,1980.15,2127.74
21:45:20,server_9,948.23,756.9
21:45:25,server_12,137.17,205.47
21:45:25,server_13,339.95,375.69
21:45:25,server_14,2769.86,2870.71
21:45:25,server_15,3776.84,4075.05
21:45:25,server_19,867.34,928.02
21:45:25,server_17,911.19,699.11
21:45:25,server_18,90.2,100.6
21:45:25,server_20,219.05,229.04
21:45:25,server_16,76.14,50.86
21:45:25,server_11,450.68,253.69
21:45:25,server_10,595.44,506.84
21:45:25,server_8,3028.07,2758.76
21:45:25,server_1,12275.83,11562.57
21:45:25,server_2,214.73,163.33
21:45:25,server_3,870.03,728.28
21:45:25,server_9,956.27,1433.21
21:45:25,server_5,19319.65,19763.3
21:45:25,server_6,1203.47,1423.6
21:45:25,server_7,18827.83,17856.93
21:45:25,server_4,419.43,412.19
21:45:30,server_20,880.78,1130.26
21:45:30,server_19,1281.58,1054.48
21:45:30,server_18,389.59,487.39
21:45:30,server_17,599.41,585.03
21:45:30,server_16,181.98,235.39
21:45:30,server_15,88.08,127.8
21:45:30,server_14,213.06,172.01
21:45:30,server_12,721.05,937.94
21:45:30,server_11,833.79,436.31
21:45:30,server_13,268.31,362.85
21:45:30,server_9,291.39,341.08
21:45:30,server_10,275.6,249.04
21:45:30,server_2,197.08,209.77
21:45:30,server_3,59.61,79.96
21:45:30,server_4,885.16,1089.6
21:45:30,server_1,3271.74,3030.48
21:45:30,server_6,476.63,631.86
21:45:30,server_7,918.58,1020.71
21:45:30,server_8,885.55,966.72
21:45:30,server_5,341.27,260.16
21:45:35,server_12,8110.46,9077.98
21:45:35,server_20,443.62,259.58
21:45:35,server_19,549.76,602.8
21:45:35,server_18,991.6,902.43
21:45:35,server_17,664.58,419.75
21:45:35,server_16,152.38,128.17
21:45:35,server_15,2161.07,2310.45
21:45:35,server_14,89.07,50.09
21:45:35,server_13,409.85,527.62
21:45:35,server_11,7780.14,8979.26
21:45:35,server_3,804.4,1115.07
21:45:35,server_9,936.84,756.45
21:45:35,server_10,973.85,521.56
21:45:35,server_2,576.67,778.07
21:45:35,server_4,609.61,399.68
21:45:35,server_1,247.21,191.63
21:45:35,server_6,569.2,608.46
21:45:35,server_7,407.49,302.58
21:45:35,server_8,1683.17,1377.14
21:45:35,server_5,314.41,460.09
21:45:40,server_12,21.3,31.14
21:45:40,server_20,59.76,85.99
21:45:40,server_19,376.34,474.3
21:45:40,server_18,612.39,860.0
21:45:40,server_17,480.57,314.55
21:45:40,server_16,522.12,710.09
21:45:40,server_15,493.55,396.44
21:45:40,server_14,2376.55,2738.37
21:45:40,server_11,15789.78,14553.93
21:45:40,server_13,187.19,224.6
21:45:40,server_9,3301.53,3868.75
21:45:40,server_2,199.27,279.45
21:45:40,server_3,900.76,733.41
21:45:40,server_4,503.3,629.23
21:45:40,server_5,1302.12,1110.91
21:45:40,server_1,59.64,85.74
21:45:40,server_7,41.76,26.48
21:45:40,server_10,1000.44,502.31
21:45:40,server_8,1825.7,1768.03
21:45:40,server_6,150.0,115.09
21:45:45,server_12,27.4,39.84
21:45:45,server_19,354.15,291.37
21:45:45,server_18,480.31,320.05
21:45:45,server_17,769.81,550.11
21:45:45,server_16,912.86,1337.76
21:45:45,server_15,354.23,368.15
21:45:45,server_14,90.72,113.69
21:45:45,server_13,642.49,705.34
21:45:45,server_11,523.04,678.0
21:45:45,server_20,523.87,562.73
21:45:45,server_9,4585.33,3741.95
21:45:45,server_1,4023.73,4779.65
21:45:45,server_2,116.22,108.74
21:45:45,server_3,232.46,238.07
21:45:45,server_4,2237.5,1809.37
21:45:45,server_10,9516.42,7669.95
21:45:45,server_6,223.98,133.49
21:45:45,server_7,687.97,375.64
21:45:45,server_8,19909.65,23412.69
21:45:45,server_5,190.93,134.01
21:45:50,server_11,21.62,30.9
21:45:50,server_19,4207.3,4502.44
21:45:50,server_18,7101.13,6953.61
21:45:50,server_17,944.51,773.66
21:45:50,server_16,3237.08,3190.27
21:45:50,server_15,954.64,1099.32
21:45:50,server_14,1006.22,1265.09
21:45:50,server_13,6050.95,6970.86
21:45:50,server_12,231.18,281.84
21:45:50,server_20,700.09,387.33
21:45:50,server_10,327.32,414.83
21:45:50,server_8,463.07,299.55
21:45:50,server_7,948.57,748.96
21:45:50,server_6,987.7,972.86
21:45:50,server_5,664.29,542.07
21:45:50,server_4,289.44,402.33
21:45:50,server_3,666.07,912.24
21:45:50,server_2,88.19,106.12
21:45:50,server_1,984.33,1248.36
21:45:50,server_9,61.45,61.28
21:45:55,server_14,15092.48,14705.35
21:45:55,server_15,951.93,565.86
21:45:55,server_16,19057.96,21934.09
21:45:55,server_12,1045.99,820.34
21:45:55,server_18,1034.19,693.93
21:45:55,server_19,85.41,106.9
21:45:55,server_20,621.26,671.66
21:45:55,server_17,719.33,759.21
21:45:55,server_11,982.46,648.77
21:45:55,server_13,128.11,146.75
21:45:55,server_9,861.5,440.9
21:45:55,server_1,298.04,171.33
21:45:55,server_2,9674.1,10409.73
21:45:55,server_3,316.39,359.25
21:45:55,server_4,1634.24,1422.13
21:45:55,server_10,600.75,671.41
21:45:55,server_6,546.68,287.58
21:45:55,server_7,859.0,1177.65
21:45:55,server_5,15654.04,15753.08
21:45:55,server_8,326.85,486.43
21:46:00,server_19,4073.56,4204.53
21:46:00,server_18,642.13,881.45
21:46:00,server_17,9003.05,8327.65
21:46:00,server_16,897.25,533.93
21:46:00,server_15,809.17,767.99
21:46:00,server_14,509.17,287.41
21:46:00,server_13,351.36,427.79
21:46:00,server_12,382.44,314.89
21:46:00,server_11,564.89,428.41
21:46:00,server_20,491.99,705.38
21:46:00,server_9,880.1,734.35
21:46:00,server_1,957.53,1230.21
21:46:00,server_2,529.5,427.11
21:46:00,server_3,875.9,446.1
21:46:00,server_4,293.9,279.94
21:46:00,server_10,6474.75,5711.85
21:46:00,server_6,928.86,1094.56
21:46:00,server_7,3808.66,3840.5
21:46:00,server_8,2842.71,2484.19
21:46:00,server_5,306.53,442.16
21:46:05,server_11,929.27,743.21
21:46:05,server_19,845.48,642.34
21:46:05,server_18,975.91,827.06
21:46:05,server_17,251.63,212.59
21:46:05,server_16,974.1,500.36
21:46:05,server_15,560.68,679.35
21:46:05,server_14,0.0,0.0
21:46:05,server_13,2376.96,1944.89
21:46:05,server_12,162.26,128.01
21:46:05,server_20,487.69,262.34
21:46:05,server_10,20.71,18.88
21:46:05,server_8,18956.47,18491.86
21:46:05,server_9,182.97,143.02
21:46:05,server_1,19.05,24.56
21:46:05,server_2,4382.12,4443.1
21:46:05,server_3,530.54,419.85
21:46:05,server_5,1696.15,1447.4
21:46:05,server_6,426.67,557.11
21:46:05,server_7,1012.02,977.71
21:46:05,server_4,805.06,1047.37
21:46:10,server_20,130.35,99.93
21:46:10,server_11,520.66,495.3
21:46:10,server_18,869.99,1037.22
21:46:10,server_17,762.39,1129.43
21:46:10,server_16,149.71,216.94
21:46:10,server_15,370.82,518.27
21:46:10,server_14,19382.98,17719.98
21:46:10,server_13,717.84,628.98
21:46:10,server_12,334.2,218.55
21:46:10,server_19,4469.83,3795.45
21:46:10,server_10,60.72,69.46
21:46:10,server_8,502.78,512.05
21:46:10,server_1,100.18,107.5
21:46:10,server_2,15760.61,14098.55
21:46:10,server_3,638.15,818.52
21:46:10,server_9,364.97,307.74
21:46:10,server_5,683.96,446.99
21:46:10,server_6,3842.99,3293.96
21:46:10,server_7,232.05,298.57
21:46:10,server_4,211.95,315.22
21:46:15,server_13,377.34,346.09
21:46:15,server_20,520.57,528.63
21:46:15,server_19,884.73,958.17
21:46:15,server_18,65.2,73.58
21:46:15,server_17,282.08,196.2
21:46:15,server_16,187.72,276.7
21:46:15,server_15,7548.6,8028.68
21:46:15,server_14,81.46,97.93
21:46:15,server_12,4888.82,5112.53
21:46:15,server_11,322.3,268.03
21:46:15,server_1,15475.82,14235.81
21:46:15,server_9,559.31,325.02
21:46:15,server_8,11.3,8.26
21:46:15,server_7,857.7,1179.85
21:46:15,server_6,236.5,121.05
21:46:15,server_5,311.02,409.53
21:46:15,server_4,2211.16,2502.43
21:46:15,server_3,2821.35,2429.13
21:46:15,server_2,9051.13,10539.05
21:46:15,server_10,4659.64,5412.16
21:46:20,server_13,743.63,799.85
21:46:20,server_14,384.24,270.11
21:46:20,server_15,929.37,1000.01
21:46:20,server_16,286.72,180.96
21:46:20,server_12,9262.45,9715.4
21:46:20,server_18,937.2,1294.91
21:46:20,server_19,539.56,702.37
21:46:20,server_20,939.01,1047.8
21:46:20,server_17,973.19,781.66
21:46:20,server_11,561.03,452.27
21:46:20,server_1,18216.63,15498.96
21:46:20,server_9,3142.59,3392.86
21:46:20,server_8,874.57,663.44
21:46:20,server_7,330.27,394.93
21:46:20,server_6,81.76,82.38
21:46:20,server_5,85.03,106.57
21:46:20,server_4,428.91,267.15
21:46:20,server_3,506.83,361.51
21:46:20,server_2,809.22,1196.85
21:46:20,server_10,597.54,573.72
21:46:25,server_13,143.35,79.76
21:46:25,server_14,17240.7,19574.21
21:46:25,server_15,250.1,319.13
21:46:25,server_16,309.64,280.5
21:46:25,server_20,8262.6,6861.56
21:46:25,server_18,496.13,705.26
21:46:25,server_19,887.69,470.8
21:46:25,server_12,18762.78,20454.1
21:46:25,server_17,178.32,176.42
21:46:25,server_11,324.51,380.14
21:46:25,server_3,421.43,336.59
21:46:25,server_9,190.01,231.81
21:46:25,server_2,0.0,0.0
21:46:25,server_10,826.17,790.23
21:46:25,server_4,203.5,255.16
21:46:25,server_1,666.58,388.78
21:46:25,server_6,752.63,981.83
21:46:25,server_7,1014.37,1427.82
21:46:25,server_8,13389.34,15402.36
21:46:25,server_5,386.74,235.94
21:46:30,server_12,9153.92,9586.74
21:46:30,server_19,320.52,417.01
21:46:30,server_18,446.77,608.23
21:46:30,server_17,169.67,87.67
21:46:30,server_16,456.36,482.03
21:46:30,server_15,508.74,426.24
21:46:30,server_14,459.87,356.91
21:46:30,server_13,588.01,735.38
21:46:30,server_11,820.37,853.09
21:46:30,server_20,649.37,786.1
21:46:30,server_9,269.77,212.03
21:46:30,server_1,9014.64,7710.93
21:46:30,server_2,156.15,157.23
21:46:30,server_3,417.03,611.49
21:46:30,server_4,13229.62,12369.91
21:46:30,server_10,914.94,622.75
21:46:30,server_6,936.0,1186.08
21:46:30,server_7,862.94,1058.28
21:46:30,server_8,901.89,465.04
21:46:30,server_5,518.0,380.16
21:46:35,server_11,99.58,122.32
21:46:35,server_19,47.01,33.92
21:46:35,server_18,8661.78,7256.56
21:46:35,server_17,273.64,180.82
21:46:35,server_16,590.6,702.54
21:46:35,server_15,634.26,455.19
21:46:35,server_14,1004.45,1451.98
21:46:35,server_13,4407.97,5289.29
21:46:35,server_12,481.71,624.16
21:46:35,server_20,416.08,591.2
21:46:35,server_10,3246.32,2906.49
21:46:35,server_8,633.47,888.76
21:46:35,server_7,31.79,40.05
21:46:35,server_6,7999.19,9005.75
21:46:35,server_5,11208.44,10387.09
21:46:35,server_4,16071.35,17993.5
21:46:35,server_3,987.59,1300.95
21:46:35,server_2,16866.84,17137.39
21:46:35,server_1,0.0,0.0
21:46:35,server_9,408.08,593.27
21:46:40,server_14,11341.37,12519.84
21:46:40,server_15,9632.45,10711.42
21:46:40,server_16,164.87,237.2
21:46:40,server_13,6772.76,7927.61
21:46:40,server_18,8539.96,8849.56
21:46:40,server_19,23.56,21.82
21:46:40,server_20,315.14,322.37
21:46:40,server_17,265.49,242.84
21:46:40,server_12,966.82,942.56
21:46:40,server_11,367.39,211.72
21:46:40,server_1,902.3,1186.28
21:46:40,server_9,2747.04,3124.1
21:46:40,server_8,594.62,880.8
21:46:40,server_7,270.43,333.45
21:46:40,server_6,48.3,26.33
21:46:40,server_5,39.79,29.53
21:46:40,server_4,10319.64,11882.01
21:46:40,server_3,11596.57,11997.47
21:46:40,server_2,10921.52,12143.69
21:46:40,server_10,661.1,594.9
21:46:45,server_13,89.06,93.9
21:46:45,server_14,11595.37,11284.33
21:46:45,server_15,12.11,7.79
21:46:45,server_20,621.57,520.19
21:46:45,server_18,926.83,832.11
21:46:45,server_19,374.29,550.44
21:46:45,server_12,141.08,170.65
21:46:45,server_16,608.66,441.14
21:46:45,server_11,645.97,603.68
21:46:45,server_17,19948.18,23721.48
21:46:45,server_9,265.61,276.25
21:46:45,server_10,620.81,371.36
21:46:45,server_2,931.06,891.45
21:46:45,server_3,293.05,225.68
21:46:45,server_4,874.43,942.86
21:46:45,server_1,4605.62,5519.49
21:46:45,server_6,867.97,512.39
21:46:45,server_7,706.6,1040.4
21:46:45,server_8,939.02,981.08
21:46:45,server_5,403.85,405.3
21:46:50,server_20,98.29,115.5
21:46:50,server_12,393.43,313.39
21:46:50,server_19,14727.99,16711.3
21:46:50,server_18,828.29,862.87
21:46:50,server_17,301.34,150.92
21:46:50,server_16,1029.85,553.34
21:46:50,server_15,2234.53,2360.17
21:46:50,server_14,694.22,366.39
21:46:50,server_13,2483.78,2942.18
21:46:50,server_11,322.57,315.56
21:46:50,server_7,17.91,12.98
21:46:50,server_9,1047.0,1438.72
21:46:50,server_8,522.31,377.63
21:46:50,server_6,1816.23,1696.3
21:46:50,server_5,110.63,161.59
21:46:50,server_4,898.26,976.16
21:46:50,server_3,9430.64,10304.83
21:46:50,server_2,780.17,466.66
21:46:50,server_1,71.51,91.36
21:46:50,server_10,3756.97,3201.99
21:46:55,server_15,396.43,445.71
21:46:55,server_13,1562.83,1572.41
21:46:55,server_14,3834.1,4179.16
21:46:55,server_16,714.02,788.46
21:46:55,server_12,920.58,1200.4
21:46:55,server_18,3582.4,3614.49
21:46:55,server_19,972.95,778.11
21:46:55,server_20,947.42,1341.59
21:46:55,server_17,3511.8,3817.12
21:46:55,server_11,1931.64,2031.36
21:46:55,server_1,10647.35,11021.71
21:46:55,server_9,104.28,57.87
21:46:55,server_2,1931.81,2290.24
21:46:55,server_3,392.47,348.63
21:46:55,server_4,9037.26,9147.29
21:46:55,server_10,19386.16,16496.97
21:46:55,server_6,948.89,499.0
21:46:55,server_7,3354.04,3344.46
21:46:55,server_8,354.93,413.74
21:46:55,server_5,384.51,194.96
21:47:00,server_13,17313.5,16762.12
21:47:00,server_20,6594.48,5528.22
21:47:00,server_19,594.52,698.92
21:47:00,server_18,728.41,527.04
21:47:00,server_17,484.31,680.22
21:47:00,server_16,233.57,129.94
21:47:00,server_15,278.13,268.86
21:47:00,server_14,480.27,703.9
21:47:00,server_12,1018.47,674.33
21:47:00,server_11,581.27,726.76
21:47:00,server_1,49.85,38.82
21:47:00,server_9,1574.52,1687.56
21:47:00,server_8,828.12,603.38
21:47:00,server_7,4648.53,4902.53
21:47:00,server_6,5084.65,4271.61
21:47:00,server_5,19.88,14.91
21:47:00,server_4,530.07,524.2
21:47:00,server_3,427.6,289.93
21:47:00,server_2,333.94,497.78
21:47:00,server_10,180.67,243.99
21:47:05,server_13,917.85,669.73
21:47:05,server_14,18793.46,21087.48
21:47:05,server_15,13254.46,11574.95
21:47:05,server_16,1022.04,1188.89
21:47:05,server_12,11068.74,10086.54
21:47:05,server_18,520.5,345.45
21:47:05,server_19,100.08,81.89
21:47:05,server_20,147.65,135.1
21:47:05,server_17,894.11,507.59
21:47:05,server_11,852.81,787.62
21:47:05,server_1,5367.63,4588.33
21:47:05,server_9,199.92,232.63
21:47:05,server_8,475.73,291.19
21:47:05,server_7,87.61,46.7
21:47:05,server_6,137.29,140.24
21:47:05,server_5,786.3,1065.76
21:47:05,server_4,984.41,933.0
21:47:05,server_3,188.19,257.77
21:47:05,server_2,196.27,206.3
21:47:05,server_10,620.59,817.58
21:47:10,server_13,937.52,663.26
21:47:10,server_14,469.83,411.26
21:47:10,server_15,860.85,961.42
21:47:10,server_16,876.24,1028.89
21:47:10,server_20,58.01,70.09
21:47:10,server_18,286.07,229.55
21:47:10,server_19,156.34,87.01
21:47:10,server_12,5585.96,6605.41
21:47:10,server_17,914.34,569.07
21:47:10,server_11,584.53,563.99
21:47:10,server_1,406.64,568.33
21:47:10,server_9,527.55,492.74
21:47:10,server_2,403.63,413.77
21:47:10,server_3,12103.52,14391.67
21:47:10,server_4,641.97,463.19
21:47:10,server_10,66.62,82.02
21:47:10,server_6,687.26,579.13
21:47:10,server_7,13569.61,13012.2
21:47:10,server_8,1040.75,1523.23
21:47:10,server_5,879.45,803.63
21:47:15,server_12,449.79,392.03
21:47:15,server_19,1218.92,1028.64
21:47:15,server_18,708.86,624.85
21:47:15,server_17,91.5,97.38
21:47:15,server_16,267.02,328.94
21:47:15,server_15,0.0,0.0
21:47:15,server_14,688.55,959.59
21:47:15,server_13,289.3,198.76
21:47:15,server_20,601.72,533.62
21:47:15,server_11,431.5,476.86
21:47:15,server_9,446.7,640.46
21:47:15,server_8,311.88,216.2
21:47:15,server_7,2820.97,3053.19
21:47:15,server_6,2435.05,2881.51
21:47:15,server_5,245.63,338.34
21:47:15,server_4,607.93,361.51
21:47:15,server_3,124.63,135.16
21:47:15,server_2,326.31,365.89
21:47:15,server_1,856.29,1037.21
21:47:15,server_10,313.73,200.78
21:47:20,server_13,505.2,543.74
21:47:20,server_14,987.38,1313.25
21:47:20,server_15,239.29,262.67
21:47:20,server_16,907.29,1062.01
21:47:20,server_12,510.24,302.42
21:47:20,server_20,515.48,749.04
21:47:20,server_18,690.32,646.04
21:47:20,server_19,550.97,385.71
21:47:20,server_17,617.87,814.17
21:47:20,server_11,262.29,324.21
21:47:20,server_3,333.63,478.5
21:47:20,server_9,39.96,40.7
21:47:20,server_10,121.74,108.9
21:47:20,server_2,168.16,179.11
21:47:20,server_4,11927.42,9579.47
21:47:20,server_1,1023.26,1118.23
21:47:20,server_6,4759.81,5536.51
21:47:20,server_7,672.14,715.43
21:47:20,server_5,140.44,203.15
21:47:20,server_8,490.41,540.4
21:47:25,server_20,289.29,291.97
21:47:25,server_19,572.58,426.34
21:47:25,server_18,45.44,33.32
21:47:25,server_17,491.05,346.49
21:47:25,server_16,587.17,407.57
21:47:25,server_15,15543.79,13232.51
21:47:25,server_14,7744.57,7506.36
21:47:25,server_12,5416.2,6472.58
21:47:25,server_11,15062.59,17806.85
21:47:25,server_13,293.79,151.29
21:47:25,server_9,618.72,650.64
21:47:25,server_10,291.32,163.18
21:47:25,server_2,384.63,353.76
21:47:25,server_3,588.05,469.74
21:47:25,server_4,94.16,94.46
21:47:25,server_1,895.55,1054.67
21:47:25,server_6,475.79,651.55
21:47:25,server_7,110.53,165.12
21:47:25,server_8,2854.25,2787.8
21:47:25,server_5,10153.57,9947.11
21:47:30,server_12,685.08,869.26
21:47:30,server_20,39.41,51.74
21:47:30,server_19,835.36,1034.04
21:47:30,server_18,92.35,89.36
21:47:30,server_17,991.65,932.89
21:47:30,server_16,268.9,264.22
21:47:30,server_15,11064.15,9486.59
21:47:30,server_14,516.09,535.47
21:47:30,server_13,843.04,686.47
21:47:30,server_11,840.83,1035.95
21:47:30,server_3,523.63,758.03
21:47:30,server_9,980.18,740.38
21:47:30,server_10,305.84,383.98
21:47:30,server_2,9463.3,10691.77
21:47:30,server_4,374.06,201.86
21:47:30,server_1,3752.51,4046.06
21:47:30,server_6,4716.13,4081.28
21:47:30,server_7,448.07,362.89
21:47:30,server_8,399.89,477.85
21:47:30,server_5,620.63,645.63
21:47:35,server_12,98.87,71.74
21:47:35,server_20,11.2,13.99
21:47:35,server_19,1790.47,1669.76
21:47:35,server_18,102.71,146.88
21:47:35,server_17,1013.45,1145.58
21:47:35,server_16,133.89,72.5
21:47:35,server_15,434.01,258.29
21:47:35,server_14,30.23,35.68
21:47:35,server_11,456.68,499.48
21:47:35,server_13,166.07,95.58
21:47:35,server_9,375.62,397.4
21:47:35,server_2,1517.25,1433.31
21:47:35,server_3,6.25,8.01
21:47:35,server_4,519.82,555.43
21:47:35,server_5,217.22,305.35
21:47:35,server_1,394.68,396.26
21:47:35,server_7,918.86,868.41
21:47:35,server_10,547.06,760.28
21:47:35,server_8,990.34,920.04
21:47:35,server_6,523.44,401.8
21:47:40,server_12,595.6,417.43
21:47:40,server_19,710.27,970.78
21:47:40,server_18,510.2,663.99
21:47:40,server_17,162.82,131.81
21:47:40,server_16,7497.99,6407.59
21:47:40,server_15,620.1,465.85
21:47:40,server_14,15647.9,14125.41
21:47:40,server_13,190.76,101.26
21:47:40,server_11,296.59,279.33
21:47:40,server_20,448.66,614.25
21:47:40,server_9,875.71,920.09
21:47:40,server_1,692.4,413.72
21:47:40,server_2,168.66,119.05
21:47:40,server_3,868.45,499.04
21:47:40,server_4,3351.4,2718.19
21:47:40,server_10,4059.3,3259.24
21:47:40,server_6,3933.46,3950.17
21:47:40,server_7,662.12,682.43
21:47:40,server_8,11512.61,10561.47
21:47:40,server_5,370.71,270.56
21:47:45,server_11,449.29,640.44
21:47:45,server_19,117.2,92.35
21:47:45,server_18,423.86,457.2
21:47:45,server_17,266.48,312.12
21:47:45,server_16,602.68,711.29
21:47:45,server_15,17396.46,14690.72
21:47:45,server_14,544.2,683.44
21:47:45,server_13,964.93,603.55
21:47:45,server_12,379.9,324.41
21:47:45,server_20,113.56,83.34
21:47:45,server_10,85.8,60.69
21:47:45,server_8,29.03,36.78
21:47:45,server_7,6241.69,6348.07
21:47:45,server_6,548.79,574.62
21:47:45,server_5,842.78,878.02
21:47:45,server_4,16294.44,18611.08
21:47:45,server_3,11342.14,9605.16
21:47:45,server_2,669.52,847.23
21:47:45,server_1,193.04,188.73
21:47:45,server_9,125.31,153.06
21:47:50,server_13,1015.06,555.55
21:47:50,server_14,655.75,420.25
21:47:50,server_15,408.3,232.18
21:47:50,server_16,163.57,84.17
21:47:50,server_19,484.36,552.56
21:47:50,server_20,18.85,13.15
21:47:50,server_18,916.04,963.64
21:47:50,server_12,260.65,261.25
21:47:50,server_17,735.91,788.31
21:47:50,server_11,106.19,132.77
21:47:50,server_3,364.13,261.66
21:47:50,server_9,198.24,285.1
21:47:50,server_8,954.55,751.76
21:47:50,server_7,4981.36,4565.97
21:47:50,server_6,960.53,1251.57
21:47:50,server_5,14610.33,16099.91
21:47:50,server_4,265.91,389.79
21:47:50,server_2,4120.62,4635.66
21:47:50,server_1,279.72,312.43
21:47:50,server_10,251.88,359.24
21:47:55,server_13,193.7,191.43
21:47:55,server_14,0.0,0.0
21:47:55,server_15,8341.42,8847.49
21:47:55,server_16,3041.01,2813.66
21:47:55,server_20,768.33,761.02
21:47:55,server_18,0.0,0.0
21:47:55,server_19,295.56,298.34
21:47:55,server_12,329.12,489.13
21:47:55,server_17,2475.79,2019.03
21:47:55,server_11,19971.54,22507.93
21:47:55,server_10,261.52,328.02
21:47:55,server_9,10404.02,9491.22
21:47:55,server_2,269.72,184.75
21:47:55,server_3,605.97,874.19
21:47:55,server_4,515.33,369.58
21:47:55,server_1,4558.42,5351.15
21:47:55,server_6,688.27,382.91
21:47:55,server_7,417.47,334.44
21:47:55,server_8,90.3,48.19
21:47:55,server_5,944.83,523.51
21:48:00,server_12,121.35,112.95
21:48:00,server_19,216.92,115.75
21:48:00,server_18,23.08,25.77
21:48:00,server_17,538.43,756.37
21:48:00,server_16,157.72,126.16
21:48:00,server_15,46.79,46.91
21:48:00,server_14,365.72,432.39
21:48:00,server_13,120.24,121.54
21:48:00,server_11,276.9,358.74
21:48:00,server_20,199.02,110.55
21:48:00,server_9,16636.22,16114.92
21:48:00,server_1,7726.61,8576.71
21:48:00,server_2,410.01,324.76
21:48:00,server_3,678.11,484.46
21:48:00,server_4,801.31,1104.14
21:48:00,server_10,938.42,508.79
21:48:00,server_6,491.59,293.95
21:48:00,server_7,3787.84,3096.48
21:48:00,server_8,17.16,17.15
21:48:00,server_5,4565.8,4329.23
21:48:05,server_12,378.0,259.94
21:48:05,server_19,413.07,407.04
21:48:05,server_18,701.0,586.86
21:48:05,server_17,50.28,54.69
21:48:05,server_16,795.02,563.15
21:48:05,server_15,890.72,1217.25
21:48:05,server_14,81.85,82.57
21:48:05,server_13,173.54,255.74
21:48:05,server_11,694.15,696.2
21:48:05,server_20,134.57,102.58
21:48:05,server_9,887.47,451.7
21:48:05,server_1,539.89,299.9
21:48:05,server_2,2879.88,3131.73
21:48:05,server_3,168.49,217.5
21:48:05,server_4,574.11,451.51
21:48:05,server_10,780.46,857.93
21:48:05,server_6,10460.59,10469.62
21:48:05,server_7,11038.24,11427.7
21:48:05,server_8,530.26,442.77
21:48:05,server_5,512.64,633.27
21:48:10,server_11,562.15,321.43
21:48:10,server_19,174.98,184.16
21:48:10,server_18,482.31,359.35
21:48:10,server_17,118.46,103.39
21:48:10,server_16,733.45,899.7
21:48:10,server_15,512.08,283.51
21:48:10,server_14,126.87,100.06
21:48:10,server_13,284.79,189.81
21:48:10,server_12,820.99,509.39
21:48:10,server_20,572.32,385.73
21:48:10,server_10,862.43,725.72
21:48:10,server_8,302.4,309.11
21:48:10,server_7,1021.75,1332.53
21:48:10,server_6,2443.48,2483.86
21:48:10,server_5,2294.37,2551.77
21:48:10,server_4,872.75,703.9
21:48:10,server_3,601.67,388.79
21:48:10,server_2,15856.87,13800.27
21:48:10,server_1,533.43,340.63
21:48:10,server_9,391.28,230.25
21:48:15,server_12,14328.79,15907.43
21:48:15,server_20,1072.31,1570.39
21:48:15,server_14,892.88,1082.43
21:48:15,server_19,640.88,900.64
21:48:15,server_16,257.15,169.18
21:48:15,server_17,1800.66,1485.54
21:48:15,server_18,708.72,673.97
21:48:15,server_15,972.79,873.41
21:48:15,server_10,599.79,395.03
21:48:15,server_13,308.59,161.96
21:48:15,server_8,280.25,252.21
21:48:15,server_9,89.16,109.24
21:48:15,server_1,13153.68,15703.62
21:48:15,server_2,775.43,602.87
21:48:15,server_3,287.46,288.03
21:48:15,server_11,62.98,61.92
21:48:15,server_5,215.66,226.24
21:48:15,server_6,344.03,256.56
21:48:15,server_4,135.58,135.47
21:48:15,server_7,413.87,369.38
21:48:20,server_20,209.54,150.65
21:48:20,server_19,946.78,612.45
21:48:20,server_18,872.46,743.47
21:48:20,server_17,827.09,657.94
21:48:20,server_16,14423.91,14595.67
21:48:20,server_15,13277.93,11695.75
21:48:20,server_14,589.14,314.31
21:48:20,server_12,2288.11,2532.77
21:48:20,server_11,252.34,285.38
21:48:20,server_13,426.18,368.57
21:48:20,server_9,19788.51,23026.01
21:48:20,server_10,922.94,878.62
21:48:20,server_2,16421.16,16062.13
21:48:20,server_3,137.11,115.76
21:48:20,server_4,214.14,123.88
21:48:20,server_1,330.43,177.93
21:48:20,server_6,585.87,413.45
21:48:20,server_7,1213.88,1147.44
21:48:20,server_8,78.51,83.62
21:48:20,server_5,531.46,309.71
21:48:25,server_12,514.25,761.08
21:48:25,server_20,315.27,289.7
21:48:25,server_19,1003.89,842.12
21:48:25,server_18,151.17,81.16
21:48:25,server_17,19043.41,16990.12
21:48:25,server_16,48.15,39.8
21:48:25,server_15,163.48,89.49
21:48:25,server_14,579.66,391.94
21:48:25,server_13,251.71,196.67
21:48:25,server_11,9614.11,8931.11
21:48:25,server_3,519.03,647.47
21:48:25,server_9,779.42,902.64
21:48:25,server_8,659.68,364.65
21:48:25,server_7,62.35,48.53
21:48:25,server_6,11949.46,9635.89
21:48:25,server_5,930.26,704.96
21:48:25,server_4,1005.32,1123.06
21:48:25,server_2,127.75,160.29
21:48:25,server_1,1516.96,1472.16
21:48:25,server_10,411.05,395.15
21:48:30,server_13,164.71,213.79
21:48:30,server_14,13507.31,14786.52
21:48:30,server_15,1.94,2.9
21:48:30,server_16,971.43,914.34
21:48:30,server_20,38.64,36.84
21:48:30,server_18,954.73,1160.79
21:48:30,server_19,275.99,197.37
21:48:30,server_12,499.73,731.9
21:48:30,server_17,3798.1,4069.88
21:48:30,server_11,550.56,675.07
21:48:30,server_3,313.93,273.55
21:48:30,server_9,620.75,844.45
21:48:30,server_1,953.62,479.6
21:48:30,server_2,328.55,337.87
21:48:30,server_4,93.92,138.84
21:48:30,server_10,542.72,695.29
21:48:30,server_6,12891.86,15294.96
21:48:30,server_7,284.74,422.64
21:48:30,server_8,101.33,129.53
21:48:30,server_5,218.91,314.43
21:48:35,server_20,815.74,1052.03
21:48:35,server_11,5104.76,5470.28
21:48:35,server_18,313.56,251.91
21:48:35,server_17,32.52,33.53
21:48:35,server_16,315.67,322.01
21:48:35,server_15,142.68,190.79
21:48:35,server_14,264.56,235.08
21:48:35,server_13,256.56,326.76
21:48:35,server_12,464.39,244.96
21:48:35,server_19,892.22,1251.82
21:48:35,server_10,301.51,212.28
21:48:35,server_8,48.84,54.8
21:48:35,server_7,568.68,746.67
21:48:35,server_6,3242.08,2926.16
21:48:35,server_5,433.8,595.74
21:48:35,server_4,120.29,174.28
21:48:35,server_3,386.32,456.75
21:48:35,server_2,209.28,123.03
21:48:35,server_1,4307.61,5107.37
21:48:35,server_9,137.73,87.56
21:48:40,server_13,927.22,1202.14
21:48:40,server_14,20.48,26.07
21:48:40,server_15,355.68,331.69
21:48:40,server_12,1176.06,1137.29
21:48:40,server_17,341.96,506.47
21:48:40,server_18,2402.64,2586.44
21:48:40,server_19,665.34,376.19
21:48:40,server_16,4419.23,4341.88
21:48:40,server_11,646.13,814.68
21:48:40,server_20,652.78,465.64
21:48:40,server_9,19022.6,15934.8
21:48:40,server_1,357.24,182.59
21:48:40,server_2,962.01,1087.9
21:48:40,server_3,6439.19,6474.1
21:48:40,server_4,321.81,248.88
21:48:40,server_10,842.93,866.03
21:48:40,server_6,964.24,1297.74
21:48:40,server_7,975.7,940.24
21:48:40,server_8,932.5,823.9
21:48:40,server_5,687.42,742.24
21:48:45,server_12,972.09,800.56
21:48:45,server_20,3797.97,3869.84
21:48:45,server_19,15.19,20.71
21:48:45,server_18,11349.84,9477.04
21:48:45,server_17,13540.87,16047.3
21:48:45,server_16,626.49,447.15
21:48:45,server_15,39.87,29.91
21:48:45,server_14,445.51,561.27
21:48:45,server_13,2600.66,3089.1
21:48:45,server_11,932.72,933.15
21:48:45,server_3,148.97,85.58
21:48:45,server_9,392.22,554.98
21:48:45,server_2,2403.69,2860.97
21:48:45,server_10,353.36,498.55
21:48:45,server_4,1025.24,1461.85
21:48:45,server_1,378.71,370.41
21:48:45,server_6,0.0,0.0
21:48:45,server_7,314.94,288.43
21:48:45,server_8,285.89,195.83
21:48:45,server_5,6973.32,7340.94
21:48:50,server_13,1791.73,1611.83
21:48:50,server_20,15341.6,17033.91
21:48:50,server_19,855.31,682.49
21:48:50,server_18,278.01,282.37
21:48:50,server_17,641.84,606.29
21:48:50,server_16,1088.82,1169.7
21:48:50,server_15,2154.33,2337.62
21:48:50,server_14,285.53,190.62
21:48:50,server_12,277.86,270.03
21:48:50,server_11,57.65,76.23
21:48:50,server_1,522.62,398.82
21:48:50,server_9,2769.39,2503.68
21:48:50,server_8,334.46,268.66
21:48:50,server_7,317.26,363.46
21:48:50,server_6,17374.48,20308.03
21:48:50,server_5,124.05,106.8
21:48:50,server_4,257.54,133.36
21:48:50,server_3,802.73,983.88
21:48:50,server_2,330.64,299.36
21:48:50,server_10,98.26,77.65
21:48:55,server_13,19.32,28.93
21:48:55,server_14,675.41,481.23
21:48:55,server_15,647.57,931.82
21:48:55,server_16,903.62,1161.97
21:48:55,server_12,911.92,1022.66
21:48:55,server_18,236.02,293.84
21:48:55,server_19,114.24,109.27
21:48:55,server_20,533.35,663.86
21:48:55,server_17,7376.9,6607.62
21:48:55,server_11,568.8,526.9
21:48:55,server_10,503.18,520.66
21:48:55,server_9,441.05,518.08
21:48:55,server_8,213.05,302.5
21:48:55,server_7,285.2,194.5
21:48:55,server_6,656.78,958.94
21:48:55,server_5,264.66,298.36
21:48:55,server_4,270.2,309.05
21:48:55,server_3,597.26,876.29
21:48:55,server_2,548.54,744.01
21:48:55,server_1,990.79,1256.1
21:49:00,server_13,959.4,861.57
21:49:00,server_14,865.83,676.36
21:49:00,server_15,1664.12,1785.85
21:49:00,server_16,534.7,475.57
21:49:00,server_20,2484.39,2834.81
21:49:00,server_18,13359.62,11480.84
21:49:00,server_19,88.16,106.04
21:49:00,server_12,17279.96,18421.35
21:49:00,server_17,61.76,58.97
21:49:00,server_11,379.85,392.95
21:49:00,server_1,228.43,143.38
21:49:00,server_9,461.36,254.63
21:49:00,server_2,3247.67,2953.79
21:49:00,server_3,291.75,161.82
21:49:00,server_4,3597.0,4275.08
21:49:00,server_10,172.67,137.17
21:49:00,server_6,507.78,517.13
21:49:00,server_7,471.74,579.7
21:49:00,server_8,980.51,945.0
21:49:00,server_5,529.3,603.14
21:49:05,server_12,664.42,402.37
21:49:05,server_19,906.87,538.74
21:49:05,server_18,534.69,749.85
21:49:05,server_17,5660.74,4975.91
21:49:05,server_16,1004.12,830.8
21:49:05,server_15,2609.75,2581.96
21:49:05,server_14,261.52,233.56
21:49:05,server_13,6305.22,6947.04
21:49:05,server_20,868.92,804.61
21:49:05,server_11,265.56,300.42
21:49:05,server_9,58.28,84.1
21:49:05,server_10,2078.18,2275.99
21:49:05,server_2,458.51,368.93
21:49:05,server_3,519.63,375.71
21:49:05,server_4,662.8,438.37
21:49:05,server_1,244.49,288.96
21:49:05,server_6,444.43,515.2
21:49:05,server_7,162.24,88.48
21:49:05,server_8,198.36,151.24
21:49:05,server_5,7628.73,8443.79
21:49:10,server_11,140.64,206.16
21:49:10,server_19,375.5,267.34
21:49:10,server_18,964.57,1122.69
21:49:10,server_17,4451.91,5011.43
21:49:10,server_16,0.0,0.0
21:49:10,server_15,209.86,230.45
21:49:10,server_14,181.05,149.27
21:49:10,server_13,4993.82,5629.39
21:49:10,server_12,28.76,24.97
21:49:10,server_20,53.0,76.66
21:49:10,server_10,476.45,245.62
21:49:10,server_8,994.58,1173.14
21:49:10,server_1,397.07,380.2
21:49:10,server_2,7037.7,8441.41
21:49:10,server_3,788.16,1134.17
21:49:10,server_9,379.11,396.01
21:49:10,server_5,311.15,377.25
21:49:10,server_6,2133.37,1739.98
21:49:10,server_7,593.82,505.61
21:49:10,server_4,902.56,723.48
21:49:15,server_12,849.01,451.23
21:49:15,server_19,300.41,243.1
21:49:15,server_18,480.58,673.31
21:49:15,server_17,1685.44,1731.45
21:49:15,server_16,434.76,311.42
21:49:15,server_15,99.97,108.27
21:49:15,server_14,144.27,80.8
21:49:15,server_13,430.52,620.53
21:49:15,server_11,870.07,1264.91
21:49:15,server_20,2316.65,2525.32
21:49:15,server_9,792.23,663.27
21:49:15,server_1,129.84,80.51
21:49:15,server_2,507.46,722.98
21:49:15,server_3,10855.73,11390.76
21:49:15,server_4,152.62,84.86
21:49:15,server_10,488.77,365.5
21:49:15,server_6,613.07,894.77
21:49:15,server_7,233.85,282.86
21:49:15,server_8,636.32,632.46
21:49:15,server_5,3127.32,2983.19
21:49:20,server_11,907.29,720.49
21:49:20,server_19,286.06,182.17
21:49:20,server_18,759.41,385.87
21:49:20,server_17,17192.37,16752.12
21:49:20,server_16,260.48,260.43
21:49:20,server_15,337.79,316.64
21:49:20,server_14,407.21,268.05
21:49:20,server_13,3173.4,3088.49
21:49:20,server_12,815.09,1029.82
21:49:20,server_20,916.39,1060.61
21:49:20,server_10,113.17,70.74
21:49:20,server_8,1038.9,1523.51
21:49:20,server_7,4897.4,4340.89
21:49:20,server_6,569.96,673.35
21:49:20,server_5,973.89,1322.1
21:49:20,server_4,7298.83,6878.24
21:49:20,server_3,974.72,855.98
21:49:20,server_2,9490.85,10922.34
21:49:20,server_1,72.25,95.56
21:49:20,server_9,5485.12,5814.82
21:49:25,server_14,238.09,322.85
21:49:25,server_15,285.23,311.99
21:49:25,server_16,660.49,498.36
21:49:25,server_13,137.85,137.6
21:49:25,server_18,945.24,1163.95
21:49:25,server_19,3202.82,3549.2
21:49:25,server_20,706.37,416.19
21:49:25,server_17,2553.92,2825.45
21:49:25,server_12,671.35,575.46
21:49:25,server_11,15939.31,16324.37
21:49:25,server_1,972.2,890.87
21:49:25,server_9,604.85,349.58
21:49:25,server_8,922.05,1234.62
21:49:25,server_7,801.18,1195.9
21:49:25,server_6,298.73,239.31
21:49:25,server_5,940.66,524.66
21:49:25,server_4,95.65,65.1
21:49:25,server_3,468.23,523.13
21:49:25,server_2,59.69,30.88
21:49:25,server_10,1452.33,1737.74
21:49:30,server_13,196.48,226.69
21:49:30,server_14,188.06,238.63
21:49:30,server_15,229.51,128.16
21:49:30,server_20,530.18,394.23
21:49:30,server_18,500.37,413.03
21:49:30,server_19,0.0,0.0
21:49:30,server_12,3359.38,2930.25
21:49:30,server_16,14080.41,15016.85
21:49:30,server_11,939.48,1118.06
21:49:30,server_17,910.7,1220.99
21:49:30,server_9,552.36,571.79
21:49:30,server_10,3465.79,3307.52
21:49:30,server_2,0.0,0.0
21:49:30,server_3,457.83,245.3
21:49:30,server_4,881.01,605.82
21:49:30,server_1,850.0,802.89
21:49:30,server_6,212.74,287.38
21:49:30,server_7,2691.16,2286.52
21:49:30,server_8,906.62,782.69
21:49:30,server_5,197.17,155.02
21:49:35,server_20,577.06,861.16
21:49:35,server_12,135.39,124.72
21:49:35,server_19,262.29,262.11
21:49:35,server_18,501.06,560.42
21:49:35,server_17,896.15,1084.91
21:49:35,server_16,922.65,1173.94
21:49:35,server_15,954.51,1170.0
21:49:35,server_14,4869.78,4604.28
21:49:35,server_13,189.79,166.78
21:49:35,server_11,2.8,3.26
21:49:35,server_7,604.66,309.56
21:49:35,server_9,124.08,143.14
21:49:35,server_8,671.32,605.23
21:49:35,server_6,557.39,295.2
21:49:35,server_5,816.04,538.76
21:49:35,server_4,153.82,197.13
21:49:35,server_3,17796.13,14697.8
21:49:35,server_2,987.03,960.52
21:49:35,server_1,628.62,693.87
21:49:35,server_10,315.8,265.35
21:49:40,server_15,921.91,1260.88
21:49:40,server_13,4315.77,3887.29
21:49:40,server_14,2130.75,1787.59
21:49:40,server_16,323.03,386.24
21:49:40,server_12,4230.2,4080.05
21:49:40,server_18,358.97,489.21
21:49:40,server_19,329.35,457.91
21:49:40,server_20,49.94,52.51
21:49:40,server_17,799.97,501.74
21:49:40,server_11,644.24,633.48
21:49:40,server_1,797.8,716.23
21:49:40,server_9,311.29,396.14
21:49:40,server_2,883.23,894.85
21:49:40,server_3,9826.37,10681.82
21:49:40,server_4,39.15,45.13
21:49:40,server_10,299.36,218.72
21:49:40,server_6,560.12,672.2
21:49:40,server_7,8001.04,7074.2
21:49:40,server_8,180.08,260.47
21:49:40,server_5,18100.11,21066.55
21:49:45,server_13,878.07,940.47
21:49:45,server_20,395.3,366.17
21:49:45,server_19,219.94,149.5
21:49:45,server_18,362.05,331.23
21:49:45,server_17,462.14,356.11
21:49:45,server_16,851.63,884.02
21:49:45,server_15,19377.3,19416.75
21:49:45,server_14,583.28,513.89
21:49:45,server_12,451.31,465.82
21:49:45,server_11,277.63,197.04
21:49:45,server_1,937.13,588.76
21:49:45,server_9,882.0,1194.59
21:49:45,server_8,831.98,912.41
21:49:45,server_7,29.07,24.85
21:49:45,server_6,621.49,469.15
21:49:45,server_5,728.75,533.08
21:49:45,server_4,8633.22,7090.48
21:49:45,server_3,360.95,268.48
21:49:45,server_2,266.17,220.27
21:49:45,server_10,176.27,190.98
21:49:50,server_13,892.19,981.01
21:49:50,server_14,666.39,870.88
21:49:50,server_15,42.55,63.71
21:49:50,server_16,544.3,299.1
21:49:50,server_12,398.45,270.93
21:49:50,server_18,3243.89,3334.44
21:49:50,server_19,192.29,124.85
21:49:50,server_20,176.71,162.95
21:49:50,server_17,10703.92,10249.15
21:49:50,server_11,643.04,934.82
21:49:50,server_1,321.57,256.88
21:49:50,server_9,959.7,709.12
21:49:50,server_8,441.9,409.03
21:49:50,server_7,4980.62,4145.24
21:49:50,server_6,471.86,600.97
21:49:50,server_5,8940.23,10001.26
21:49:50,server_4,443.49,413.25
21:49:50,server_3,537.22,647.73
21:49:50,server_2,521.83,551.81
21:49:50,server_10,834.31,845.26
21:49:55,server_13,9100.9,8136.37
21:49:55,server_14,26.29,14.22
21:49:55,server_15,572.53,499.32
21:49:55,server_16,17004.41,16603.15
21:49:55,server_20,358.2,266.9
21:49:55,server_18,978.76,1376.1
21:49:55,server_19,320.35,282.06
21:49:55,server_12,548.69,638.89
21:49:55,server_17,884.49,1239.56
21:49:55,server_11,528.54,647.13
21:49:55,server_1,674.77,523.34
21:49:55,server_9,592.12,696.99
21:49:55,server_2,331.86,399.34
21:49:55,server_3,339.92,440.87
21:49:55,server_4,471.36,406.32
21:49:55,server_10,261.02,312.56
21:49:55,server_6,116.49,169.75
21:49:55,server_7,5761.61,5242.82
21:49:55,server_8,447.63,602.34
21:49:55,server_5,157.19,102.89
21:50:00,server_12,580.19,786.4
21:50:00,server_19,17080.08,14967.37
21:50:00,server_18,209.25,270.36
21:50:00,server_17,874.06,1277.73
21:50:00,server_16,2638.35,2740.09
21:50:00,server_15,907.18,1213.23
21:50:00,server_14,427.0,225.76
21:50:00,server_13,548.16,697.45
21:50:00,server_20,3779.7,4001.2
21:50:00,server_11,3017.95,2804.26
21:50:00,server_9,681.78,524.96
21:50:00,server_8,239.4,260.22
21:50:00,server_7,135.75,125.67
21:50:00,server_6,111.58,95.93
21:50:00,server_5,670.78,483.71
21:50:00,server_4,949.01,1143.79
21:50:00,server_3,931.84,1248.45
21:50:00,server_2,745.74,849.05
21:50:00,server_1,86.32,114.89
21:50:00,server_10,1407.37,1178.98
21:50:05,server_13,4903.76,5642.57
21:50:05,server_14,908.57,1221.32
21:50:05,server_15,722.26,855.53
21:50:05,server_16,275.92,375.3
21:50:05,server_12,1033.53,727.63
21:50:05,server_18,911.24,700.08
21:50:05,server_19,6610.48,6590.29
21:50:05,server_20,10734.67,10869.42
21:50:05,server_17,910.57,556.92
21:50:05,server_11,3589.6,3639.35
21:50:05,server_10,962.19,1428.24
21:50:05,server_9,888.13,1285.31
21:50:05,server_8,41.99,21.95
21:50:05,server_7,137.32,138.95
21:50:05,server_6,879.99,1267.52
21:50:05,server_5,4526.8,4957.81
21:50:05,server_4,381.26,386.31
21:50:05,server_3,973.6,1402.37
21:50:05,server_2,5670.56,5962.43
21:50:05,server_1,966.77,943.96
21:50:10,server_13,743.79,465.71
21:50:10,server_14,223.88,216.84
21:50:10,server_15,4875.24,4868.63
21:50:10,server_16,700.86,853.86
21:50:10,server_20,187.75,136.86
21:50:10,server_18,844.18,1195.13
21:50:10,server_19,3832.44,3542.1
21:50:10,server_12,239.07,348.69
21:50:10,server_17,165.08,106.0
21:50:10,server_11,162.23,125.02
21:50:10,server_10,4727.89,4006.12
21:50:10,server_9,317.78,337.99
21:50:10,server_2,513.86,649.87
21:50:10,server_3,419.2,308.57
21:50:10,server_4,982.48,922.46
21:50:10,server_1,2585.91,3078.66
21:50:10,server_6,966.31,758.54
21:50:10,server_7,429.08,477.44
21:50:10,server_8,250.07,329.89
21:50:10,server_5,15450.01,17100.41
21:50:15,server_12,884.56,1130.87
21:50:15,server_19,9615.07,10983.34
21:50:15,server_18,177.97,252.86
21:50:15,server_17,1574.67,1316.36
21:50:15,server_16,560.55,350.88
21:50:15,server_15,466.19,580.65
21:50:15,server_14,944.51,1291.37
21:50:15,server_13,405.14,244.1
21:50:15,server_11,1878.89,2189.99
21:50:15,server_20,952.39,824.54
21:50:15,server_9,936.26,689.51
21:50:15,server_1,578.56,659.57
21:50:15,server_2,177.15,173.44
21:50:15,server_3,98.51,109.04
21:50:15,server_4,172.31,130.32
21:50:15,server_10,988.65,1317.46
21:50:15,server_6,909.45,662.49
21:50:15,server_7,199.6,294.57
21:50:15,server_8,276.46,215.17
21:50:15,server_5,780.03,888.64
21:50:20,server_12,651.11,331.38
21:50:20,server_19,917.53,1151.05
21:50:20,server_18,139.69,111.17
21:50:20,server_17,150.86,75.96
21:50:20,server_16,930.86,1078.01
21:50:20,server_15,446.03,379.35
21:50:20,server_14,35.28,29.82
21:50:20,server_13,452.69,378.59
21:50:20,server_11,609.44,394.96
21:50:20,server_20,829.52,748.0
21:50:20,server_9,958.15,1322.43
21:50:20,server_1,309.41,311.93
21:50:20,server_2,9021.5,7224.76
21:50:20,server_3,563.32,616.3
21:50:20,server_4,298.11,249.17
21:50:20,server_10,368.15,313.09
21:50:20,server_6,585.87,803.47
21:50:20,server_7,624.95,917.91
21:50:20,server_8,841.72,648.58
21:50:20,server_5,968.23,1151.87
21:50:25,server_11,569.74,720.58
21:50:25,server_19,359.68,439.86
21:50:25,server_18,672.24,636.52
21:50:25,server_17,778.96,582.32
21:50:25,server_16,535.49,353.16
21:50:25,server_15,48.09,43.72
21:50:25,server_14,442.55,388.72
21:50:25,server_13,953.77,556.88
21:50:25,server_12,213.29,173.0
21:50:25,server_20,79.03,77.24
21:50:25,server_10,6252.24,6710.42
21:50:25,server_8,874.84,484.11
21:50:25,server_7,15465.05,12478.62
21:50:25,server_6,874.92,1019.66
21:50:25,server_5,4224.37,4524.0
21:50:25,server_4,888.36,994.22
21:50:25,server_3,645.97,422.98
21:50:25,server_2,801.25,772.24
21:50:25,server_1,0.0,0.0
21:50:25,server_9,255.55,297.56
21:50:30,server_13,15105.61,14754.41
21:50:30,server_14,170.87,192.37
21:50:30,server_15,231.16,309.74
21:50:30,server_12,129.1,151.38
21:50:30,server_17,7461.02,6396.28
21:50:30,server_18,165.28,224.94
21:50:30,server_19,163.06,141.76
21:50:30,server_16,958.02,1391.22
21:50:30,server_11,566.73,788.68
21:50:30,server_20,725.35,588.4
21:50:30,server_9,636.37,456.28
21:50:30,server_1,175.48,256.26
21:50:30,server_2,94.73,126.48
21:50:30,server_3,5447.22,5096.62
21:50:30,server_4,17753.75,16233.2
21:50:30,server_10,3317.6,2684.17
21:50:30,server_6,221.6,211.63
21:50:30,server_7,227.21,229.33
21:50:30,server_8,624.89,656.41
21:50:30,server_5,618.21,675.18
21:50:35,server_19,159.56,97.92
21:50:35,server_18,229.66,234.1
21:50:35,server_17,538.1,657.19
21:50:35,server_16,536.04,535.94
21:50:35,server_15,149.26,137.25
21:50:35,server_14,430.23,459.47
21:50:35,server_13,132.46,122.57
21:50:35,server_12,964.01,687.98
21:50:35,server_11,666.91,544.83
21:50:35,server_20,841.85,917.98
21:50:35,server_9,272.3,214.21
21:50:35,server_1,388.77,276.45
21:50:35,server_2,242.8,340.75
21:50:35,server_3,916.18,621.12
21:50:35,server_4,268.73,356.19
21:50:35,server_10,813.57,1110.61
21:50:35,server_6,565.19,497.29
21:50:35,server_7,86.22,49.21
21:50:35,server_8,844.58,842.59
21:50:35,server_5,24.96,16.05
21:50:40,server_11,177.86,250.8
21:50:40,server_19,432.14,322.32
21:50:40,server_18,129.37,91.86
21:50:40,server_17,378.36,238.16
21:50:40,server_16,572.27,560.52
21:50:40,server_15,184.74,273.24
21:50:40,server_14,33.26,18.6
21:50:40,server_13,10095.39,11524.65
21:50:40,server_12,274.81,262.38
21:50:40,server_20,185.95,128.37
21:50:40,server_10,165.38,191.26
21:50:40,server_8,90.42,125.87
21:50:40,server_9,2234.91,1865.13
21:50:40,server_1,495.73,726.83
21:50:40,server_2,3309.19,3437.46
21:50:40,server_3,4095.28,4362.96
21:50:40,server_5,435.63,392.08
21:50:40,server_6,457.05,292.27
21:50:40,server_7,559.19,804.62
21:50:40,server_4,19689.8,20935.39
21:50:45,server_20,50.19,40.48
21:50:45,server_11,598.5,593.64
21:50:45,server_18,464.99,685.56
21:50:45,server_17,14708.53,13962.65
21:50:45,server_16,36.23,26.04
21:50:45,server_15,607.94,626.9
21:50:45,server_14,1008.3,763.49
21:50:45,server_13,535.23,628.82
21:50:45,server_12,41.38,28.79
21:50:45,server_19,2788.91,2333.86
21:50:45,server_10,6362.36,7197.91
21:50:45,server_8,200.1,190.57
21:50:45,server_1,155.38,215.22
21:50:45,server_2,3031.8,3304.88
21:50:45,server_3,248.91,225.01
21:50:45,server_9,91.29,89.48
21:50:45,server_5,104.08,112.68
21:50:45,server_6,99.31,113.58
21:50:45,server_7,6954.47,6456.68
21:50:45,server_4,58.79,52.64
21:50:50,server_12,282.27,264.4
21:50:50,server_19,397.76,342.01
21:50:50,server_18,504.02,591.22
21:50:50,server_17,914.61,1240.55
21:50:50,server_16,653.83,345.18
21:50:50,server_15,335.9,460.75
21:50:50,server_14,206.99,196.88
21:50:50,server_13,302.5,411.62
21:50:50,server_11,618.7,515.63
21:50:50,server_20,842.48,1261.03
21:50:50,server_9,4598.55,5153.12
21:50:50,server_1,18893.12,17876.72
21:50:50,server_2,1078.5,1047.55
21:50:50,server_3,1017.74,1035.15
21:50:50,server_4,182.26,164.35
21:50:50,server_10,664.42,366.97
21:50:50,server_6,89.62,97.96
21:50:50,server_7,100.33,142.55
21:50:50,server_8,869.26,1162.47
21:50:50,server_5,152.84,115.39
21:50:55,server_11,2011.53,2187.89
21:50:55,server_19,304.98,172.82
21:50:55,server_18,1703.52,1669.12
21:50:55,server_17,121.84,158.9
21:50:55,server_16,19215.21,17521.6
21:50:55,server_15,4272.59,4296.03
21:50:55,server_14,953.49,885.59
21:50:55,server_13,513.05,502.2
21:50:55,server_12,906.05,943.92
21:50:55,server_20,1744.93,1820.3
21:50:55,server_10,592.59,484.56
21:50:55,server_8,4636.37,4667.34
21:50:55,server_7,1013.66,948.3
21:50:55,server_6,299.88,271.12
21:50:55,server_5,246.06,263.8
21:50:55,server_4,914.44,897.4
21:50:55,server_3,19699.12,21965.38
21:50:55,server_2,212.71,123.0
21:50:55,server_1,123.37,173.83
21:50:55,server_9,1431.64,1634.81
21:51:00,server_13,886.2,1067.76
21:51:00,server_14,15814.06,16132.05
21:51:00,server_15,11104.49,10886.85
21:51:00,server_12,252.55,187.33
21:51:00,server_17,612.41,395.16
21:51:00,server_18,836.18,824.98
21:51:00,server_19,927.51,817.2
21:51:00,server_16,469.56,385.76
21:51:00,server_11,1003.81,1455.25
21:51:00,server_20,910.12,697.89
21:51:00,server_9,361.15,312.27
21:51:00,server_1,3.05,3.96
21:51:00,server_2,2012.21,2124.7
21:51:00,server_3,2181.53,1828.84
21:51:00,server_4,181.23,188.62
21:51:00,server_10,724.69,671.36
21:51:00,server_6,0.03,0.02
21:51:00,server_7,870.43,1057.0
21:51:00,server_8,898.22,737.08
21:51:00,server_5,873.09,651.55
21:51:05,server_12,62.82,45.81
21:51:05,server_20,990.19,679.15
21:51:05,server_19,643.39,665.37
21:51:05,server_18,16043.43,17915.41
21:51:05,server_17,910.06,636.07
21:51:05,server_16,522.48,734.88
21:51:05,server_15,994.3,1227.62
21:51:05,server_14,169.4,107.58
21:51:05,server_13,984.07,1381.41
21:51:05,server_11,4565.32,4112.25
21:51:05,server_10,93.78,113.33
21:51:05,server_9,85.15,108.91
21:51:05,server_2,3160.26,3764.04
21:51:05,server_3,955.4,530.66
21:51:05,server_4,11582.58,12483.87
21:51:05,server_1,306.97,390.99
21:51:05,server_6,945.67,533.26
21:51:05,server_7,271.43,217.46
21:51:05,server_8,283.11,297.01
21:51:05,server_5,35.26,33.4
21:51:10,server_12,363.18,192.12
21:51:10,server_19,1079.06,1289.4
21:51:10,server_18,836.19,980.4
21:51:10,server_17,846.0,487.0
21:51:10,server_16,323.19,455.95
21:51:10,server_15,504.8,534.8
21:51:10,server_14,139.24,182.37
21:51:10,server_13,542.81,675.71
21:51:10,server_11,492.56,639.53
21:51:10,server_20,9871.1,9029.89
21:51:10,server_9,465.13,594.15
21:51:10,server_1,189.27,126.92
21:51:10,server_2,5460.91,5018.68
21:51:10,server_3,507.23,317.44
21:51:10,server_4,333.26,269.56
21:51:10,server_10,2744.42,2718.73
21:51:10,server_6,636.38,725.42
21:51:10,server_7,182.72,119.23
21:51:10,server_8,9774.87,8110.43
21:51:10,server_5,290.52,399.67
21:51:15,server_12,311.24,355.67
21:51:15,server_19,904.22,939.85
21:51:15,server_18,9161.5,10494.87
21:51:15,server_17,945.12,1293.12
21:51:15,server_16,880.38,792.21
21:51:15,server_15,630.74,613.81
21:51:15,server_14,643.33,607.23
21:51:15,server_13,380.92,428.82
21:51:15,server_11,166.94,220.18
21:51:15,server_20,19847.49,21416.38
21:51:15,server_9,689.6,735.62
21:51:15,server_1,837.05,934.59
21:51:15,server_2,978.19,1002.39
21:51:15,server_3,239.53,192.29
21:51:15,server_4,699.76,577.72
21:51:15,server_10,989.36,896.37
21:51:15,server_6,575.08,618.35
21:51:15,server_7,329.85,216.15
21:51:15,server_8,3630.62,3205.89
21:51:15,server_5,972.81,741.15
21:51:20,server_11,723.93,484.28
21:51:20,server_19,834.28,1103.76
21:51:20,server_18,904.23,1304.45
21:51:20,server_17,653.97,627.41
21:51:20,server_16,148.78,194.0
21:51:20,server_15,926.39,494.91
21:51:20,server_14,5493.81,5505.17
21:51:20,server_13,622.23,664.18
21:51:20,server_12,847.11,986.92
21:51:20,server_20,1752.75,1788.53
21:51:20,server_10,334.08,378.24
21:51:20,server_8,1125.04,1331.14
21:51:20,server_7,617.26,519.65
21:51:20,server_6,84.06,95.82
21:51:20,server_5,260.53,176.34
21:51:20,server_4,356.58,230.32
21:51:20,server_3,70.51,45.89
21:51:20,server_2,610.58,656.15
21:51:20,server_1,934.79,1006.68
21:51:20,server_9,981.82,686.22
21:51:25,server_13,223.94,222.15
21:51:25,server_14,123.85,156.19
21:51:25,server_15,53.71,37.65
21:51:25,server_12,2142.23,1835.52
21:51:25,server_17,2529.99,2105.94
21:51:25,server_18,268.29,144.33
21:51:25,server_19,87.94,116.31
21:51:25,server_16,3506.95,3616.18
21:51:25,server_11,628.26,537.92
21:51:25,server_20,899.94,601.5
21:51:25,server_9,386.42,297.49
21:51:25,server_1,895.6,1173.19
21:51:25,server_2,148.46,79.13
21:51:25,server_3,394.89,516.54
21:51:25,server_4,900.9,548.55
21:51:25,server_10,771.55,907.73
21:51:25,server_6,306.36,332.03
21:51:25,server_7,193.55,150.14
21:51:25,server_8,991.62,628.0
21:51:25,server_5,932.77,753.02
21:51:30,server_19,568.73,439.34
21:51:30,server_18,154.37,195.29
21:51:30,server_17,418.36,298.48
21:51:30,server_16,687.4,475.9
21:51:30,server_15,6866.33,6917.25
21:51:30,server_14,450.25,457.08
21:51:30,server_13,243.24,227.45
21:51:30,server_12,20.4,29.65
21:51:30,server_11,6275.85,7348.29
21:51:30,server_20,348.9,215.17
21:51:30,server_9,16229.66,18764.51
21:51:30,server_1,1030.27,787.56
21:51:30,server_2,792.05,998.63
21:51:30,server_3,486.94,599.46
21:51:30,server_4,255.08,145.37
21:51:30,server_10,1510.41,1732.25
21:51:30,server_6,927.85,1184.95
21:51:30,server_7,140.34,143.95
21:51:30,server_8,126.5,138.96
21:51:30,server_5,281.54,285.75
21:51:35,server_11,908.05,822.14
21:51:35,server_19,2914.99,2730.48
21:51:35,server_18,19971.86,17721.69
21:51:35,server_17,252.39,169.22
21:51:35,server_16,659.73,338.03
21:51:35,server_15,161.29,208.39
21:51:35,server_14,157.4,156.89
21:51:35,server_13,2828.77,3342.81
21:51:35,server_12,836.79,1074.44
21:51:35,server_20,166.53,233.89
21:51:35,server_10,470.71,464.05
21:51:35,server_8,9434.31,9333.47
21:51:35,server_9,192.74,160.85
21:51:35,server_1,912.2,799.74
21:51:35,server_2,6219.75,4979.84
21:51:35,server_3,257.49,153.37
21:51:35,server_5,117.17,114.19
21:51:35,server_6,665.12,490.01
21:51:35,server_7,7250.85,6762.34
21:51:35,server_4,966.73,1198.26
21:51:40,server_20,471.26,671.36
21:51:40,server_11,618.84,781.95
21:51:40,server_18,1042.66,1313.02
21:51:40,server_17,892.63,892.83
21:51:40,server_16,351.79,254.55
21:51:40,server_15,437.63,294.25
21:51:40,server_14,960.48,839.78
21:51:40,server_13,2859.49,3389.58
21:51:40,server_12,147.41,120.54
21:51:40,server_19,9570.0,10847.13
21:51:40,server_10,1004.91,1478.63
21:51:40,server_8,5227.49,5112.66
21:51:40,server_1,647.9,461.01
21:51:40,server_2,264.79,140.66
21:51:40,server_3,198.18,178.54
21:51:40,server_9,991.16,1116.26
21:51:40,server_5,7207.22,7954.38
21:51:40,server_6,260.68,243.87
21:51:40,server_7,255.67,368.2
21:51:40,server_4,205.35,272.74
21:51:45,server_12,622.7,666.25
21:51:45,server_19,366.93,326.66
21:51:45,server_18,69.33,68.0
21:51:45,server_17,683.5,600.56
21:51:45,server_16,476.92,541.94
21:51:45,server_15,266.88,167.5
21:51:45,server_14,459.95,683.27
21:51:45,server_13,0.0,0.0
21:51:45,server_11,17317.63,18920.33
21:51:45,server_20,128.06,133.53
21:51:45,server_9,49.55,66.48
21:51:45,server_1,314.3,206.3
21:51:45,server_2,18.02,9.29
21:51:45,server_3,13388.96,11875.21
21:51:45,server_4,138.3,165.49
21:51:45,server_10,948.76,679.55
21:51:45,server_6,128.13,144.88
21:51:45,server_7,5791.82,6806.94
21:51:45,server_8,375.88,405.41
21:51:45,server_5,322.81,371.74
21:51:50,server_11,895.37,1234.07
21:51:50,server_19,618.27,494.27
21:51:50,server_18,118.9,141.9
21:51:50,server_17,316.36,386.35
21:51:50,server_16,13.64,18.45
21:51:50,server_15,509.22,413.76
21:51:50,server_14,1050.18,534.05
21:51:50,server_13,18108.67,17681.75
21:51:50,server_12,13094.1,15286.42
21:51:50,server_20,645.34,775.57
21:51:50,server_10,981.97,525.28
21:51:50,server_8,247.31,355.23
21:51:50,server_7,493.37,395.22
21:51:50,server_6,1675.47,1546.56
21:51:50,server_5,14961.8,17695.75
21:51:50,server_4,111.6,139.99
21:51:50,server_3,738.21,756.42
21:51:50,server_2,338.52,263.65
21:51:50,server_1,514.24,301.48
21:51:50,server_9,1088.84,1160.4
21:51:55,server_13,14528.6,16679.65
21:51:55,server_14,12657.4,14441.04
21:51:55,server_15,549.19,750.91
21:51:55,server_12,640.43,361.14
21:51:55,server_17,626.52,690.32
21:51:55,server_18,924.44,577.26
21:51:55,server_19,964.2,966.9
21:51:55,server_16,4714.8,4641.48
21:51:55,server_11,2028.3,2147.67
21:51:55,server_20,323.66,238.14
21:51:55,server_9,828.36,1066.17
21:51:55,server_1,173.98,151.12
21:51:55,server_2,1219.68,1222.61
21:51:55,server_3,3874.1,3665.66
21:51:55,server_4,863.19,790.0
21:51:55,server_10,345.85,197.83
21:51:55,server_6,4716.58,3847.19
21:51:55,server_7,287.43,288.38
21:51:55,server_8,12904.58,15425.99
21:51:55,server_5,158.81,113.28
21:52:00,server_20,844.28,865.15
21:52:00,server_19,1009.39,1064.61
21:52:00,server_18,250.09,283.86
21:52:00,server_17,546.55,425.76
21:52:00,server_16,662.72,456.4
21:52:00,server_15,872.82,1159.85
21:52:00,server_14,501.15,721.69
21:52:00,server_12,281.13,147.77
21:52:00,server_11,4764.36,4050.99
21:52:00,server_13,976.03,839.02
21:52:00,server_9,16024.3,18573.32
21:52:00,server_10,25.77,30.38
21:52:00,server_2,1227.74,1364.47
21:52:00,server_3,452.44,267.37
21:52:00,server_4,983.69,664.86
21:52:00,server_1,1535.13,1738.61
21:52:00,server_6,856.31,911.04
21:52:00,server_7,625.98,505.6
21:52:00,server_8,468.08,527.45
21:52:00,server_5,634.51,845.4
21:52:05,server_12,664.08,842.6
21:52:05,server_20,15833.87,16576.03
21:52:05,server_19,556.77,417.01
21:52:05,server_18,17.53,20.73
21:52:05,server_17,241.13,174.82
21:52:05,server_16,2615.3,2762.28
21:52:05,server_15,152.86,87.12
21:52:05,server_14,3828.44,3575.41
21:52:05,server_13,11511.36,12592.99
21:52:05,server_11,150.83,196.05
21:52:05,server_3,7795.49,9298.59
21:52:05,server_9,564.8,824.94
21:52:05,server_10,720.0,529.52
21:52:05,server_2,450.07,282.55
21:52:05,server_4,315.64,237.89
21:52:05,server_1,892.91,995.5
21:52:05,server_6,19943.38,19562.3
21:52:05,server_7,597.15,463.57
21:52:05,server_8,455.8,598.73
21:52:05,server_5,856.54,1268.48
21:52:10,server_12,240.79,147.26
21:52:10,server_19,643.95,373.25
21:52:10,server_18,90.9,92.09
21:52:10,server_17,569.88,797.1
21:52:10,server_16,735.06,889.67
21:52:10,server_15,12642.79,10428.69
21:52:10,server_14,3086.38,3515.37
21:52:10,server_20,422.39,606.87
21:52:10,server_11,4012.85,4030.54
21:52:10,server_13,1012.31,980.69
21:52:10,server_9,438.28,534.35
21:52:10,server_1,189.04,240.23
21:52:10,server_2,340.04,423.83
21:52:10,server_3,805.83,641.41
21:52:10,server_4,2301.24,2266.45
21:52:10,server_10,1003.88,905.99
21:52:10,server_6,799.25,857.5
21:52:10,server_7,192.87,258.93
21:52:10,server_8,19053.47,22168.77
21:52:10,server_5,13277.5,12365.31
21:52:15,server_19,929.07,656.45
21:52:15,server_18,10528.19,9607.8
21:52:15,server_17,225.33,245.6
21:52:15,server_16,106.48,117.77
21:52:15,server_15,603.85,855.07
21:52:15,server_14,550.96,707.58
21:52:15,server_13,15740.43,12859.62
21:52:15,server_12,6693.78,6857.21
21:52:15,server_11,1043.58,1470.89
21:52:15,server_20,13727.85,14167.42
21:52:15,server_9,645.43,925.1
21:52:15,server_1,229.72,248.57
21:52:15,server_2,54.25,42.8
21:52:15,server_3,918.68,541.29
21:52:15,server_4,308.0,238.06
21:52:15,server_10,16201.75,18568.2
21:52:15,server_6,459.73,454.05
21:52:15,server_7,898.38,1295.04
21:52:15,server_8,11152.76,10951.72
21:52:15,server_5,1026.49,950.78
21:52:20,server_11,432.33,336.77
21:52:20,server_19,218.14,256.74
21:52:20,server_18,41.41,36.58
21:52:20,server_17,879.62,441.3
21:52:20,server_16,520.11,759.96
21:52:20,server_15,665.46,705.84
21:52:20,server_14,286.35,408.92
21:52:20,server_13,0.84,0.62
21:52:20,server_12,121.73,175.11
21:52:20,server_20,6.63,4.44
21:52:20,server_10,8504.46,8850.92
21:52:20,server_8,131.71,131.05
21:52:20,server_9,831.8,1200.13
21:52:20,server_1,567.79,627.16
21:52:20,server_2,314.67,294.99
21:52:20,server_3,4938.16,4136.65
21:52:20,server_5,2675.95,2323.33
21:52:20,server_6,798.05,921.68
21:52:20,server_7,178.18,266.42
21:52:20,server_4,7532.61,7208.94
21:52:25,server_20,36.02,39.99
21:52:25,server_11,28.46,23.11
21:52:25,server_18,1046.78,671.76
21:52:25,server_17,814.79,449.62
21:52:25,server_16,994.24,1381.56
21:52:25,server_15,3119.74,3190.17
21:52:25,server_14,2458.02,2386.35
21:52:25,server_13,320.59,322.93
21:52:25,server_12,215.64,277.28
21:52:25,server_19,124.11,179.18
21:52:25,server_10,521.81,314.6
21:52:25,server_8,636.1,788.26
21:52:25,server_1,410.99,596.8
21:52:25,server_2,557.65,471.95
21:52:25,server_3,22.37,23.85
21:52:25,server_9,143.28,180.09
21:52:25,server_5,4743.06,4083.05
21:52:25,server_6,3999.03,3856.6
21:52:25,server_7,245.95,250.24
21:52:25,server_4,4611.84,5146.99
21:52:30,server_20,331.82,191.86
21:52:30,server_19,913.28,589.3
21:52:30,server_18,866.64,613.86
21:52:30,server_17,265.73,202.64
21:52:30,server_16,376.81,523.72
21:52:30,server_15,644.13,695.84
21:52:30,server_14,263.91,273.06
21:52:30,server_12,810.17,844.38
21:52:30,server_11,239.92,273.3
21:52:30,server_13,998.05,1382.62
21:52:30,server_9,914.83,596.52
21:52:30,server_10,4431.18,5311.85
21:52:30,server_2,19490.17,15996.06
21:52:30,server_3,12659.37,14562.9
21:52:30,server_4,967.04,1240.72
21:52:30,server_1,574.82,425.76
21:52:30,server_6,961.98,571.69
21:52:30,server_7,493.6,673.61
21:52:30,server_8,548.08,635.79
21:52:30,server_5,110.32,140.28
21:52:35,server_12,642.71,631.83
21:52:35,server_19,1047.67,1370.26
21:52:35,server_18,561.47,622.73
21:52:35,server_20,534.02,561.97
21:52:35,server_17,17474.44,20258.99
21:52:35,server_16,869.86,1179.13
21:52:35,server_15,521.82,327.32
21:52:35,server_14,539.43,525.55
21:52:35,server_13,981.07,681.43
21:52:35,server_11,283.96,333.87
21:52:35,server_3,209.11,197.92
21:52:35,server_9,134.57,84.21
21:52:35,server_10,50.73,39.21
21:52:35,server_2,531.39,409.66
21:52:35,server_4,1012.28,1251.14
21:52:35,server_1,700.58,468.13
21:52:35,server_6,1803.77,1744.22
21:52:35,server_7,683.85,576.3
21:52:35,server_8,857.75,951.04
21:52:35,server_5,673.78,800.74
21:52:40,server_11,309.84,331.91
21:52:40,server_20,910.17,714.08
21:52:40,server_18,569.17,402.75
21:52:40,server_17,626.42,655.86
21:52:40,server_16,897.05,589.41
21:52:40,server_15,840.71,900.15
21:52:40,server_14,180.66,141.86
21:52:40,server_13,14951.7,14911.73
21:52:40,server_12,983.3,1232.28
21:52:40,server_19,708.52,905.27
21:52:40,server_10,35.99,22.51
21:52:40,server_8,292.0,430.02
21:52:40,server_1,405.42,258.97
21:52:40,server_2,300.07,218.34
21:52:40,server_3,0.0,0.0
21:52:40,server_9,949.94,1301.13
21:52:40,server_5,9816.08,10167.81
21:52:40,server_6,542.17,595.81
21:52:40,server_7,843.16,514.59
21:52:40,server_4,495.75,257.81
21:52:45,server_12,249.57,144.27
21:52:45,server_19,944.23,1360.82
21:52:45,server_18,594.0,534.51
21:52:45,server_17,249.85,178.23
21:52:45,server_16,334.59,393.33
21:52:45,server_15,16853.25,13713.15
21:52:45,server_14,360.79,240.74
21:52:45,server_13,292.1,351.6
21:52:45,server_11,266.56,320.88
21:52:45,server_20,958.97,1385.65
21:52:45,server_9,1032.61,701.5
21:52:45,server_1,255.36,221.32
21:52:45,server_2,336.58,268.65
21:52:45,server_3,212.36,265.01
21:52:45,server_4,821.85,481.2
21:52:45,server_10,610.03,622.01
21:52:45,server_6,440.45,534.88
21:52:45,server_7,10.37,6.26
21:52:45,server_8,560.76,680.41
21:52:45,server_5,896.57,588.84
21:52:50,server_11,986.47,1224.89
21:52:50,server_19,6395.37,6263.84
21:52:50,server_18,941.19,1165.3
21:52:50,server_17,1964.17,1958.69
21:52:50,server_16,567.03,293.63
21:52:50,server_15,415.11,276.89
21:52:50,server_14,6139.46,6894.34
21:52:50,server_13,4155.66,4787.68
21:52:50,server_12,435.22,575.88
21:52:50,server_20,832.09,535.59
21:52:50,server_10,138.77,114.87
21:52:50,server_8,39.05,29.28
21:52:50,server_7,70.4,84.7
21:52:50,server_6,346.18,500.11
21:52:50,server_5,136.45,114.9
21:52:50,server_4,895.7,714.89
21:52:50,server_3,520.39,657.4
21:52:50,server_2,723.89,687.28
21:52:50,server_1,3962.75,4567.84
21:52:50,server_9,318.79,283.99
21:52:55,server_13,564.35,754.15
21:52:55,server_14,190.24,171.29
21:52:55,server_15,113.47,156.67
21:52:55,server_12,956.75,1107.17
21:52:55,server_17,212.38,260.78
21:52:55,server_18,3920.3,4349.64
21:52:55,server_19,286.79,228.23
21:52:55,server_16,350.46,495.03
21:52:55,server_11,259.94,174.55
21:52:55,server_20,2118.64,2410.93
21:52:55,server_9,402.77,249.48
21:52:55,server_1,183.11,205.78
21:52:55,server_2,19.06,25.24
21:52:55,server_3,636.86,491.09
21:52:55,server_4,9541.71,9532.37
21:52:55,server_10,62.61,81.67
21:52:55,server_6,63.11,70.39
21:52:55,server_7,927.74,1260.69
21:52:55,server_8,315.58,311.28
21:52:55,server_5,959.14,859.9
21:53:00,server_12,421.31,396.37
21:53:00,server_20,1147.34,1020.43
21:53:00,server_19,570.16,724.91
21:53:00,server_18,841.88,1105.73
21:53:00,server_17,25.25,35.02
21:53:00,server_16,482.73,588.71
21:53:00,server_15,19341.32,16115.41
21:53:00,server_14,230.08,312.64
21:53:00,server_13,18391.98,15973.38
21:53:00,server_11,12484.79,11832.65
21:53:00,server_10,449.62,529.34
21:53:00,server_9,13811.34,15239.89
21:53:00,server_2,825.68,635.05
21:53:00,server_3,485.93,341.27
21:53:00,server_4,96.79,131.66
21:53:00,server_1,782.21,1164.07
21:53:00,server_6,336.09,328.9
21:53:00,server_7,248.56,371.21
21:53:00,server_8,324.45,481.12
21:53:00,server_5,567.67,777.07
21:53:05,server_12,283.95,178.19
21:53:05,server_19,115.53,111.74
21:53:05,server_18,4380.47,4709.75
21:53:05,server_17,754.06,746.1
21:53:05,server_16,342.95,413.37
21:53:05,server_15,1034.04,873.57
21:53:05,server_14,7867.46,6439.59
21:53:05,server_13,172.22,137.45
21:53:05,server_11,392.84,518.66
21:53:05,server_20,932.05,940.01
21:53:05,server_9,253.72,251.02
21:53:05,server_1,858.97,607.2
21:53:05,server_2,661.47,902.53
21:53:05,server_3,960.23,574.09
21:53:05,server_4,365.91,451.5
21:53:05,server_10,120.91,164.3
21:53:05,server_6,95.88,60.27
21:53:05,server_7,384.21,331.36
21:53:05,server_8,4960.7,4648.0
21:53:05,server_5,428.53,590.74
21:53:10,server_12,352.62,503.56
21:53:10,server_19,661.6,589.68
21:53:10,server_18,227.25,242.28
21:53:10,server_17,31.75,45.05
21:53:10,server_16,52.52,26.9
21:53:10,server_15,308.17,404.56
21:53:10,server_14,182.76,185.74
21:53:10,server_13,13359.82,13569.18
21:53:10,server_11,845.46,529.03
21:53:10,server_20,506.14,673.18
21:53:10,server_9,2454.43,2239.31
21:53:10,server_1,362.26,469.16
21:53:10,server_2,378.03,395.02
21:53:10,server_3,373.79,372.84
21:53:10,server_4,908.36,1107.53
21:53:10,server_10,609.78,844.44
21:53:10,server_6,1152.91,1082.03
21:53:10,server_7,47.62,36.76
21:53:10,server_8,208.31,144.21
21:53:10,server_5,92.23,76.91
21:53:15,server_11,723.49,1081.28
21:53:15,server_19,312.04,375.42
21:53:15,server_18,6661.84,7880.99
21:53:15,server_17,515.25,656.49
21:53:15,server_16,150.38,119.05
21:53:15,server_15,2073.93,2395.23
21:53:15,server_14,528.19,405.08
21:53:15,server_13,2234.14,2393.33
21:53:15,server_12,247.41,289.3
21:53:15,server_20,168.7,115.25
21:53:15,server_10,19548.5,15760.71
21:53:15,server_8,204.79,160.53
21:53:15,server_7,925.99,908.78
21:53:15,server_6,852.19,612.33
21:53:15,server_5,487.08,512.2
21:53:15,server_4,2242.07,2087.96
21:53:15,server_3,1482.25,1599.33
21:53:15,server_2,626.47,403.2
21:53:15,server_1,658.23,841.6
21:53:15,server_9,69.65,77.97
21:53:20,server_13,137.16,89.67
21:53:20,server_14,364.29,443.3
21:53:20,server_15,399.46,275.22
21:53:20,server_12,348.35,374.93
21:53:20,server_17,93.21,131.5
21:53:20,server_18,960.8,827.02
21:53:20,server_19,704.73,955.42
21:53:20,server_16,432.71,471.56
21:53:20,server_11,2902.66,2696.81
21:53:20,server_20,931.24,906.84
21:53:20,server_9,741.42,433.01
21:53:20,server_1,1018.61,1494.35
21:53:20,server_2,276.26,253.05
21:53:20,server_3,904.14,624.17
21:53:20,server_4,75.75,83.93
21:53:20,server_10,342.14,383.56
21:53:20,server_6,3861.3,3798.55
21:53:20,server_7,972.5,1262.17
21:53:20,server_8,0.0,0.0
21:53:20,server_5,621.52,501.23
21:53:25,server_19,677.55,944.92
21:53:25,server_18,394.23,248.06
21:53:25,server_17,558.7,546.68
21:53:25,server_16,380.21,199.94
21:53:25,server_15,494.41,608.71
21:53:25,server_14,651.97,922.9
21:53:25,server_13,181.43,169.87
21:53:25,server_12,590.94,404.33
21:53:25,server_11,586.78,541.57
21:53:25,server_20,432.82,579.71
21:53:25,server_9,10935.95,9095.75
21:53:25,server_1,612.16,580.65
21:53:25,server_2,574.31,330.04
21:53:25,server_3,4609.43,5524.95
21:53:25,server_4,512.76,676.25
21:53:25,server_10,8859.23,7123.97
21:53:25,server_6,178.77,147.79
21:53:25,server_7,212.32,258.89
21:53:25,server_8,346.75,505.71
21:53:25,server_5,192.69,194.53
21:53:30,server_11,914.31,857.19
21:53:30,server_19,38.44,35.79
21:53:30,server_18,4168.05,4727.21
21:53:30,server_17,827.71,947.04
21:53:30,server_16,974.77,1259.47
21:53:30,server_15,235.46,189.43
21:53:30,server_14,4666.82,4945.85
21:53:30,server_13,445.93,639.2
21:53:30,server_12,4451.59,5266.0
21:53:30,server_20,571.49,622.64
21:53:30,server_10,380.47,391.05
21:53:30,server_8,3141.61,3259.24
21:53:30,server_9,570.93,613.89
21:53:30,server_1,229.51,182.47
21:53:30,server_2,37.82,40.16
21:53:30,server_3,15.62,8.9
21:53:30,server_5,22.67,12.15
21:53:30,server_6,84.07,69.06
21:53:30,server_7,7168.02,6145.04
21:53:30,server_4,896.71,1212.82
21:53:35,server_20,882.73,965.25
21:53:35,server_11,14.32,13.49
21:53:35,server_18,399.17,310.96
21:53:35,server_17,103.09,144.53
21:53:35,server_16,534.84,279.22
21:53:35,server_15,704.23,742.89
21:53:35,server_14,917.51,1119.35
21:53:35,server_13,79.53,69.14
21:53:35,server_12,530.02,275.19
21:53:35,server_19,454.76,448.11
21:53:35,server_10,282.7,388.98
21:53:35,server_8,324.1,310.53
21:53:35,server_1,258.8,365.01
21:53:35,server_2,289.32,356.98
21:53:35,server_3,629.78,643.69
21:53:35,server_9,937.75,685.41
21:53:35,server_5,584.06,545.85
21:53:35,server_6,6250.24,7324.29
21:53:35,server_7,982.14,1012.08
21:53:35,server_4,8511.08,7888.43
21:53:40,server_13,269.33,339.79
21:53:40,server_20,703.49,1018.26
21:53:40,server_19,631.56,691.81
21:53:40,server_18,443.3,458.08
21:53:40,server_17,370.88,525.33
21:53:40,server_16,627.62,335.26
21:53:40,server_15,847.35,1253.31
21:53:40,server_14,806.3,455.02
21:53:40,server_12,829.41,582.71
21:53:40,server_11,931.63,1280.69
21:53:40,server_1,444.93,471.27
21:53:40,server_9,46.43,29.33
21:53:40,server_8,433.02,624.53
21:53:40,server_7,464.89,556.84
21:53:40,server_6,8698.0,10165.58
21:53:40,server_5,121.91,141.12
21:53:40,server_4,965.42,829.87
21:53:40,server_3,293.87,303.5
21:53:40,server_2,780.99,1112.17
21:53:40,server_10,543.94,648.23
21:53:45,server_13,1335.4,1539.5
21:53:45,server_14,986.45,884.21
21:53:45,server_15,16.32,19.81
21:53:45,server_16,727.84,1028.14
21:53:45,server_12,451.13,524.76
21:53:45,server_18,601.82,394.21
21:53:45,server_19,33.98,19.55
21:53:45,server_20,2770.1,2258.57
21:53:45,server_17,13036.88,12919.7
21:53:45,server_11,14061.25,14890.41
21:53:45,server_1,405.3,582.74
21:53:45,server_9,848.94,920.78
21:53:45,server_8,886.83,836.28
21:53:45,server_7,554.71,393.0
21:53:45,server_6,320.81,293.22
21:53:45,server_5,950.39,1105.35
21:53:45,server_4,10069.1,9366.66
21:53:45,server_3,2677.17,2505.76
21:53:45,server_2,1013.37,512.75
21:53:45,server_10,17096.2,18639.07
21:53:50,server_13,42.15,61.5
21:53:50,server_14,9807.6,8212.17
21:53:50,server_15,875.07,725.48
21:53:50,server_16,3649.53,3278.75
21:53:50,server_20,1025.41,1414.3
21:53:50,server_18,385.67,238.56
21:53:50,server_19,1952.14,2195.54
21:53:50,server_12,580.16,778.31
21:53:50,server_17,151.24,168.48
21:53:50,server_11,12160.67,10954.17
21:53:50,server_10,913.42,522.42
21:53:50,server_9,713.71,773.67
21:53:50,server_8,12141.84,13139.5
21:53:50,server_7,202.87,302.25
21:53:50,server_6,961.75,507.45
21:53:50,server_5,324.69,345.55
21:53:50,server_4,1009.07,1294.68
21:53:50,server_3,2233.26,1976.71
21:53:50,server_2,2830.48,2291.49
21:53:50,server_1,11612.43,9522.36
21:53:55,server_13,252.82,140.51
21:53:55,server_14,1156.23,1044.37
21:53:55,server_15,16668.62,17288.23
21:53:55,server_16,840.22,1016.06
21:53:55,server_20,181.02,238.23
21:53:55,server_18,2023.85,1997.83
21:53:55,server_19,445.35,605.65
21:53:55,server_12,12185.29,14351.43
21:53:55,server_17,150.55,169.15
21:53:55,server_11,268.26,321.03
21:53:55,server_10,10644.94,10803.83
21:53:55,server_9,3651.84,4027.57
21:53:55,server_2,15909.73,16513.53
21:53:55,server_3,699.05,528.44
21:53:55,server_4,1012.98,884.74
21:53:55,server_1,911.53,464.45
21:53:55,server_6,1012.46,1281.92
21:53:55,server_7,456.99,375.66
21:53:55,server_8,541.18,765.1
21:53:55,server_5,905.73,998.92
21:54:00,server_12,68.11,58.75
21:54:00,server_19,161.44,220.52
21:54:00,server_18,137.23,135.29
21:54:00,server_17,506.23,644.78
21:54:00,server_16,2251.43,2449.98
21:54:00,server_15,815.15,520.84
21:54:00,server_14,264.46,153.15
21:54:00,server_13,102.4,85.72
21:54:00,server_11,901.18,590.09
21:54:00,server_20,16369.07,19086.05
21:54:00,server_9,309.05,304.1
21:54:00,server_1,630.31,542.64
21:54:00,server_2,4926.42,4712.01
21:54:00,server_3,2716.39,2810.99
21:54:00,server_4,166.67,158.25
21:54:00,server_10,17427.08,19219.29
21:54:00,server_6,746.18,859.94
21:54:00,server_7,658.34,771.96
21:54:00,server_8,0.0,0.0
21:54:00,server_5,16.68,16.84
21:54:05,server_12,19168.77,17394.82
21:54:05,server_19,986.98,1094.58
21:54:05,server_18,19081.95,21184.58
21:54:05,server_17,649.59,400.65
21:54:05,server_16,108.05,110.1
21:54:05,server_15,413.08,210.16
21:54:05,server_14,879.14,1293.04
21:54:05,server_13,223.54,120.4
21:54:05,server_11,992.64,1083.1
21:54:05,server_20,16269.24,14147.92
21:54:05,server_9,18540.38,15464.4
21:54:05,server_1,872.89,886.97
21:54:05,server_2,140.75,121.36
21:54:05,server_3,486.61,401.8
21:54:05,server_4,4324.74,4514.71
21:54:05,server_10,10937.19,10611.39
21:54:05,server_6,762.7,584.82
21:54:05,server_7,6585.32,6706.59
21:54:05,server_8,447.56,308.88
21:54:05,server_5,169.92,213.76
21:54:10,server_11,908.45,674.88
21:54:10,server_19,1354.45,1318.76
21:54:10,server_18,511.4,265.96
21:54:10,server_17,1008.79,1333.97
21:54:10,server_16,469.79,393.14
21:54:10,server_15,798.86,491.21
21:54:10,server_14,893.08,1324.56
21:54:10,server_13,0.0,0.0
21:54:10,server_12,364.02,217.58
21:54:10,server_20,510.5,626.89
21:54:10,server_10,3547.5,2880.15
21:54:10,server_8,0.0,0.0
21:54:10,server_7,13933.62,16596.38
21:54:10,server_6,186.28,241.59
21:54:10,server_5,738.8,1091.98
21:54:10,server_4,278.68,181.96
21:54:10,server_3,125.08,124.8
21:54:10,server_2,4637.29,4265.04
21:54:10,server_1,953.92,1333.48
21:54:10,server_9,648.03,598.61
21:54:15,server_13,965.34,611.68
21:54:15,server_14,116.15,115.94
21:54:15,server_15,962.71,1017.89
21:54:15,server_12,560.42,304.14
21:54:15,server_17,18931.7,22078.77
21:54:15,server_18,295.67,353.08
21:54:15,server_19,960.86,1080.07
21:54:15,server_16,141.8,125.12
21:54:15,server_11,471.52,397.78
21:54:15,server_20,874.78,1131.38
21:54:15,server_9,282.22,201.89
21:54:15,server_1,922.02,1027.36
21:54:15,server_2,520.12,660.39
21:54:15,server_3,168.29,239.7
21:54:15,server_4,15518.46,15994.12
21:54:15,server_10,4437.86,3570.27
21:54:15,server_6,925.81,680.13
21:54:15,server_7,634.5,783.49
21:54:15,server_8,11249.46,9991.7
21:54:15,server_5,590.1,520.01
21:54:20,server_19,11383.89,10237.6
21:54:20,server_18,593.79,384.5
21:54:20,server_17,532.35,600.62
21:54:20,server_16,160.66,131.21
21:54:20,server_15,102.6,73.92
21:54:20,server_14,490.82,660.28
21:54:20,server_13,4529.68,5108.78
21:54:20,server_12,102.56,54.11
21:54:20,server_11,1010.07,630.97
21:54:20,server_20,874.39,1035.33
21:54:20,server_9,81.04,106.42
21:54:20,server_1,301.64,413.4
21:54:20,server_2,1023.05,1421.23
21:54:20,server_3,945.28,770.31
21:54:20,server_4,16984.62,14828.42
21:54:20,server_10,849.82,906.5
21:54:20,server_6,177.89,220.02
21:54:20,server_7,255.38,302.52
21:54:20,server_8,150.99,140.42
21:54:20,server_5,370.14,201.05
21:54:25,server_11,454.45,235.41
21:54:25,server_19,868.56,595.28
21:54:25,server_18,234.43,148.29
21:54:25,server_17,1025.58,1219.15
21:54:25,server_16,247.13,129.24
21:54:25,server_15,911.51,1330.33
21:54:25,server_14,530.5,790.96
21:54:25,server_13,18499.64,15428.72
21:54:25,server_12,118.73,97.22
21:54:25,server_20,492.57,703.33
21:54:25,server_10,647.96,563.11
21:54:25,server_8,749.06,581.55
21:54:25,server_9,1003.95,1382.92
21:54:25,server_1,431.33,316.86
21:54:25,server_2,0.0,0.0
21:54:25,server_3,239.34,301.74
21:54:25,server_5,205.53,169.58
21:54:25,server_6,231.04,265.97
21:54:25,server_7,377.65,509.93
21:54:25,server_4,3980.17,3637.04
21:54:30,server_20,710.24,937.74
21:54:30,server_11,399.3,224.51
21:54:30,server_18,342.31,348.69
21:54:30,server_17,483.27,615.59
21:54:30,server_16,894.92,1066.41
21:54:30,server_15,852.02,562.84
21:54:30,server_14,928.0,1071.17
21:54:30,server_13,869.92,592.11
21:54:30,server_12,495.36,446.39
21:54:30,server_19,14814.32,12682.31
21:54:30,server_10,2166.21,2168.81
21:54:30,server_8,47.01,56.69
21:54:30,server_1,1766.37,2073.6
21:54:30,server_2,214.08,134.08
21:54:30,server_3,288.9,392.27
21:54:30,server_9,91.65,52.13
21:54:30,server_5,4349.16,4007.02
21:54:30,server_6,544.55,748.35
21:54:30,server_7,985.62,1275.83
21:54:30,server_4,431.54,484.68
21:54:35,server_12,519.3,553.4
21:54:35,server_19,127.25,176.28
21:54:35,server_18,340.68,286.68
21:54:35,server_17,732.95,570.94
21:54:35,server_16,315.61,455.08
21:54:35,server_15,286.28,395.98
21:54:35,server_14,1082.73,1468.24
21:54:35,server_13,980.93,582.78
21:54:35,server_11,172.49,93.3
21:54:35,server_20,640.35,707.54
21:54:35,server_9,534.51,508.52
21:54:35,server_1,974.53,1197.53
21:54:35,server_2,481.04,273.53
21:54:35,server_3,12394.85,10531.23
21:54:35,server_4,320.21,301.23
21:54:35,server_10,269.95,289.92
21:54:35,server_6,489.14,521.12
21:54:35,server_7,113.79,158.73
21:54:35,server_8,1024.85,786.66
21:54:35,server_5,602.7,350.96
21:54:40,server_11,8505.8,7172.29
21:54:40,server_19,922.66,1296.87
21:54:40,server_18,677.17,604.03
21:54:40,server_17,805.22,697.3
21:54:40,server_16,134.03,115.35
21:54:40,server_15,583.31,839.25
21:54:40,server_14,2930.94,2804.92
21:54:40,server_13,1589.62,1801.99
21:54:40,server_12,5334.85,5154.56
21:54:40,server_20,951.16,878.48
21:54:40,server_10,43.85,48.08
21:54:40,server_8,849.48,923.65
21:54:40,server_7,875.55,844.03
21:54:40,server_6,302.87,333.96
21:54:40,server_5,1013.27,995.21
21:54:40,server_4,6086.77,5108.39
21:54:40,server_3,417.97,499.94
21:54:40,server_2,314.64,390.95
21:54:40,server_1,2795.1,2773.28
21:54:40,server_9,0.0,0.0
21:54:45,server_13,210.15,200.93
21:54:45,server_14,712.9,566.94
21:54:45,server_15,669.84,448.32
21:54:45,server_12,741.8,936.01
21:54:45,server_17,11518.64,11422.81
21:54:45,server_18,86.91,116.04
21:54:45,server_19,3496.12,3530.76
21:54:45,server_16,429.59,504.31
21:54:45,server_11,296.36,246.76
21:54:45,server_20,17947.44,17002.21
21:54:45,server_9,963.33,698.42
21:54:45,server_1,4469.63,4602.99
21:54:45,server_2,834.45,1219.1
21:54:45,server_3,966.4,690.07
21:54:45,server_4,266.72,382.94
21:54:45,server_10,519.76,331.54
21:54:45,server_6,558.89,403.88
21:54:45,server_7,7278.6,8447.91
21:54:45,server_8,132.82,147.89
21:54:45,server_5,501.41,303.48
21:54:50,server_12,144.43,90.4
21:54:50,server_20,660.34,831.63
21:54:50,server_19,956.53,1264.24
21:54:50,server_18,501.02,425.84
21:54:50,server_17,3198.62,3146.45
21:54:50,server_16,1025.49,1319.51
21:54:50,server_15,366.49,282.49
21:54:50,server_14,642.52,912.16
21:54:50,server_13,846.63,531.63
21:54:50,server_11,694.42,430.94
21:54:50,server_10,2374.68,1941.09
21:54:50,server_9,4251.07,4914.39
21:54:50,server_2,21.8,15.94
21:54:50,server_3,315.16,275.45
21:54:50,server_4,962.06,1347.82
21:54:50,server_1,108.08,64.45
21:54:50,server_6,3820.59,4502.0
21:54:50,server_7,429.32,508.49
21:54:50,server_8,395.53,292.21
21:54:50,server_5,174.3,89.7
21:54:55,server_12,34.61,39.78
21:54:55,server_19,400.92,538.3
21:54:55,server_18,249.88,304.25
21:54:55,server_17,369.93,548.12
21:54:55,server_16,251.65,181.35
21:54:55,server_15,308.57,352.31
21:54:55,server_14,11995.09,10557.59
21:54:55,server_13,1003.24,1084.76
21:54:55,server_11,193.18,146.4
21:54:55,server_20,982.78,1036.84
21:54:55,server_9,292.51,253.86
21:54:55,server_1,3651.51,4224.71
21:54:55,server_2,169.26,127.06
21:54:55,server_3,563.17,710.91
21:54:55,server_4,22.44,16.26
21:54:55,server_10,154.04,163.15
21:54:55,server_6,117.24,127.06
21:54:55,server_7,346.02,417.88
21:54:55,server_8,951.46,1009.97
21:54:55,server_5,198.09,155.65
21:55:00,server_12,227.93,214.53
21:55:00,server_19,306.09,397.28
21:55:00,server_18,3915.88,4245.63
21:55:00,server_17,36.85,20.73
21:55:00,server_16,5556.35,6121.52
21:55:00,server_15,14462.59,12468.84
21:55:00,server_14,89.39,50.51
21:55:00,server_13,924.25,496.91
21:55:00,server_11,373.59,445.96
21:55:00,server_20,422.4,421.0
21:55:00,server_9,190.05,112.81
21:55:00,server_1,895.52,1091.81
21:55:00,server_2,309.84,313.59
21:55:00,server_3,468.15,543.35
21:55:00,server_4,953.89,1429.92
21:55:00,server_10,4038.45,4419.37
21:55:00,server_6,903.07,530.85
21:55:00,server_7,952.05,836.73
21:55:00,server_8,6588.85,7114.37
21:55:00,server_5,14040.12,14175.42
21:55:05,server_11,670.66,433.54
21:55:05,server_19,353.24,213.86
21:55:05,server_18,314.15,201.05
21:55:05,server_17,101.71,147.73
21:55:05,server_16,155.84,158.33
21:55:05,server_15,6040.48,6449.09
21:55:05,server_14,490.81,577.09
21:55:05,server_13,989.22,699.38
21:55:05,server_12,501.78,312.91
21:55:05,server_20,414.88,356.2
21:55:05,server_10,907.39,1142.94
21:55:05,server_8,749.97,816.73
21:55:05,server_7,15676.04,14241.89
21:55:05,server_6,769.55,708.55
21:55:05,server_5,885.33,495.7
21:55:05,server_4,481.0,484.71
21:55:05,server_3,15139.99,14322.43
21:55:05,server_2,204.47,227.63
21:55:05,server_1,364.24,505.38
21:55:05,server_9,30.99,28.44
21:55:10,server_13,682.77,844.36
21:55:10,server_14,193.84,199.02
21:55:10,server_15,93.24,121.99
21:55:10,server_12,686.12,593.49
21:55:10,server_17,288.98,235.45
21:55:10,server_18,186.4,165.83
21:55:10,server_19,9728.55,10403.29
21:55:10,server_16,20.76,26.69
21:55:10,server_11,130.1,181.62
21:55:10,server_20,575.41,623.7
21:55:10,server_9,270.16,181.3
21:55:10,server_1,1589.89,1644.31
21:55:10,server_2,651.88,761.36
21:55:10,server_3,246.89,252.88
21:55:10,server_4,356.78,387.14
21:55:10,server_10,58.52,57.71
21:55:10,server_6,154.2,85.37
21:55:10,server_7,141.85,154.17
21:55:10,server_8,4049.41,3873.01
21:55:10,server_5,730.25,528.75
21:55:15,server_19,895.11,482.2
21:55:15,server_18,381.48,530.5
21:55:15,server_17,6546.31,5529.08
21:55:15,server_16,695.13,700.53
21:55:15,server_15,214.6,258.74
21:55:15,server_14,831.43,793.11
21:55:15,server_13,2122.91,2058.72
21:55:15,server_12,566.1,462.63
21:55:15,server_11,381.54,301.76
21:55:15,server_20,829.57,688.24
21:55:15,server_9,1009.21,937.6
21:55:15,server_1,398.41,504.4
21:55:15,server_2,379.64,298.12
21:55:15,server_3,560.13,323.05
21:55:15,server_4,318.65,193.57
21:55:15,server_10,65.91,92.62
21:55:15,server_6,1413.34,1671.52
21:55:15,server_7,923.4,1048.59
21:55:15,server_8,197.33,250.18
21:55:15,server_5,932.68,909.74
21:55:20,server_11,641.66,720.36
21:55:20,server_19,891.6,1203.0
21:55:20,server_18,730.35,372.53
21:55:20,server_17,305.62,438.45
21:55:20,server_16,936.2,1029.86
21:55:20,server_15,1074.88,1213.94
21:55:20,server_14,49.67,73.78
21:55:20,server_13,898.03,1011.48
21:55:20,server_12,4884.87,4959.45
21:55:20,server_20,552.71,698.41
21:55:20,server_10,759.46,385.58
21:55:20,server_8,534.36,337.51
21:55:20,server_9,511.52,627.57
21:55:20,server_1,3072.23,3065.33
21:55:20,server_2,65.17,59.73
21:55:20,server_3,175.4,168.6
21:55:20,server_5,368.98,518.02
21:55:20,server_6,872.99,1162.31
21:55:20,server_7,299.64,441.16
21:55:20,server_4,422.41,234.81
21:55:25,server_20,3479.78,3893.21
21:55:25,server_11,55.57,73.94
21:55:25,server_18,113.17,125.1
21:55:25,server_17,206.53,178.33
21:55:25,server_16,937.0,721.35
21:55:25,server_15,413.23,460.97
21:55:25,server_14,8168.95,7378.4
21:55:25,server_13,96.59,99.11
21:55:25,server_12,666.3,348.02
21:55:25,server_19,14531.83,12900.03
21:55:25,server_10,11424.43,12635.08
21:55:25,server_8,999.32,566.03
21:55:25,server_1,529.47,514.22
21:55:25,server_2,1519.71,1442.37
21:55:25,server_3,3064.25,2701.42
21:55:25,server_9,556.55,801.63
21:55:25,server_5,152.46,93.45
21:55:25,server_6,4931.11,4135.11
21:55:25,server_7,4078.29,4184.69
21:55:25,server_4,455.5,437.91
21:55:30,server_12,168.14,203.08
21:55:30,server_19,147.05,196.9
21:55:30,server_18,807.53,1158.54
21:55:30,server_17,714.04,919.16
21:55:30,server_16,634.21,879.84
21:55:30,server_15,442.27,246.9
21:55:30,server_14,611.1,547.17
21:55:30,server_13,875.47,892.24
21:55:30,server_11,548.13,334.41
21:55:30,server_20,79.28,99.15
21:55:30,server_9,386.17,376.59
21:55:30,server_1,281.13,177.88
21:55:30,server_2,6852.28,7246.74
21:55:30,server_3,187.52,173.34
21:55:30,server_4,140.92,189.91
21:55:30,server_10,1033.49,1366.94
21:55:30,server_6,117.04,111.58
21:55:30,server_7,310.74,386.76
21:55:30,server_8,926.15,941.16
21:55:30,server_5,626.4,747.56
21:55:35,server_11,467.53,336.84
21:55:35,server_19,153.04,92.64
21:55:35,server_18,162.73,230.83
21:55:35,server_17,265.46,340.4
21:55:35,server_16,971.16,775.73
21:55:35,server_15,5958.78,6831.48
21:55:35,server_14,883.23,510.83
21:55:35,server_13,26.73,16.43
21:55:35,server_12,958.65,696.74
21:55:35,server_20,260.68,263.61
21:55:35,server_10,692.38,453.79
21:55:35,server_8,3253.17,2908.68
21:55:35,server_7,2324.7,2425.05
21:55:35,server_6,59.43,67.15
21:55:35,server_5,0.0,0.0
21:55:35,server_4,570.73,313.59
21:55:35,server_3,751.53,999.77
21:55:35,server_2,333.2,347.88
21:55:35,server_1,368.33,453.01
21:55:35,server_9,7708.69,6756.63
21:55:40,server_13,997.57,708.15
21:55:40,server_14,899.31,906.98
21:55:40,server_15,7176.39,6458.81
21:55:40,server_12,935.15,880.41
21:55:40,server_17,4338.13,4416.23
21:55:40,server_18,860.4,943.06
21:55:40,server_19,360.35,218.38
21:55:40,server_16,480.1,656.93
21:55:40,server_11,876.9,1020.3
21:55:40,server_20,602.53,582.7
21:55:40,server_9,594.91,336.95
21:55:40,server_1,971.15,1417.45
21:55:40,server_2,12419.34,14437.61
21:55:40,server_3,396.24,330.8
21:55:40,server_4,252.46,165.36
21:55:40,server_10,3666.24,3366.95
21:55:40,server_6,962.94,1190.15
21:55:40,server_7,12.25,14.79
21:55:40,server_8,361.17,375.84
21:55:40,server_5,999.14,929.42
21:55:45,server_20,437.48,421.0
21:55:45,server_19,679.99,969.6
21:55:45,server_18,11607.86,13636.9
21:55:45,server_17,664.54,374.43
21:55:45,server_16,4168.94,4498.88
21:55:45,server_15,3877.4,4077.64
21:55:45,server_14,842.3,539.46
21:55:45,server_12,7576.04,7150.42
21:55:45,server_11,5375.71,5929.44
21:55:45,server_13,164.18,174.64
21:55:45,server_9,441.81,461.21
21:55:45,server_10,4347.82,4257.95
21:55:45,server_2,365.69,342.84
21:55:45,server_3,611.24,678.54
21:55:45,server_4,218.64,232.01
21:55:45,server_1,314.69,363.73
21:55:45,server_6,597.69,660.48
21:55:45,server_7,386.35,379.75
21:55:45,server_8,18687.47,17654.82
21:55:45,server_5,682.04,942.81
21:55:50,server_12,441.78,416.39
21:55:50,server_20,862.36,509.13
21:55:50,server_19,470.18,248.76
21:55:50,server_18,779.6,623.76
21:55:50,server_17,168.0,107.95
21:55:50,server_16,935.15,1393.16
21:55:50,server_15,3895.66,4194.81
21:55:50,server_14,161.07,177.22
21:55:50,server_13,3439.28,3692.62
21:55:50,server_11,997.57,542.06
21:55:50,server_3,179.57,246.6
21:55:50,server_9,249.6,259.21
21:55:50,server_10,302.01,155.53
21:55:50,server_2,645.87,909.2
21:55:50,server_4,107.67,90.07
21:55:50,server_1,744.35,413.63
21:55:50,server_6,518.21,418.03
21:55:50,server_7,19692.43,18136.79
21:55:50,server_8,246.09,258.93
21:55:50,server_5,702.26,559.5
21:55:55,server_12,14605.8,15089.78
21:55:55,server_19,3185.72,3696.05
21:55:55,server_18,326.42,257.67
21:55:55,server_17,8.24,6.36
21:55:55,server_16,913.58,767.68
21:55:55,server_15,819.41,604.04
21:55:55,server_14,384.26,418.2
21:55:55,server_20,2588.64,2242.69
21:55:55,server_11,423.32,456.53
21:55:55,server_13,505.44,721.81
21:55:55,server_9,680.58,735.0
21:55:55,server_1,784.98,731.1
21:55:55,server_2,199.88,154.37
21:55:55,server_3,293.17,147.39
21:55:55,server_4,143.91,95.81
21:55:55,server_10,396.83,493.64
21:55:55,server_6,404.55,238.29
21:55:55,server_7,175.64,121.98
21:55:55,server_8,14374.15,12102.24
21:55:55,server_5,518.44,511.74
21:56:00,server_19,330.5,477.33
21:56:00,server_18,936.05,1227.95
21:56:00,server_17,966.97,1030.33
21:56:00,server_16,180.9,91.23
21:56:00,server_15,1171.34,1196.31
21:56:00,server_14,892.82,897.33
21:56:00,server_13,16234.24,15207.07
21:56:00,server_12,38.12,49.24
21:56:00,server_11,384.75,561.58
21:56:00,server_20,674.66,488.42
21:56:00,server_9,931.46,638.58
21:56:00,server_1,291.24,273.88
21:56:00,server_2,52.22,36.34
21:56:00,server_3,82.23,53.6
21:56:00,server_4,903.12,1329.43
21:56:00,server_10,417.88,599.86
21:56:00,server_6,3996.65,4505.99
21:56:00,server_7,1009.31,730.63
21:56:00,server_8,304.17,342.98
21:56:00,server_5,996.95,1364.02
21:56:05,server_11,394.56,342.4
21:56:05,server_19,11890.58,10608.19
21:56:05,server_18,198.56,275.49
21:56:05,server_17,426.16,482.95
21:56:05,server_16,283.08,218.0
21:56:05,server_15,98.74,65.32
21:56:05,server_14,159.09,89.91
21:56:05,server_13,887.53,508.71
21:56:05,server_12,640.78,579.04
21:56:05,server_20,3000.98,2879.89
21:56:05,server_10,1485.24,1334.31
21:56:05,server_8,390.68,572.88
21:56:05,server_9,877.17,440.81
21:56:05,server_1,9024.81,7585.32
21:56:05,server_2,838.49,800.88
21:56:05,server_3,587.17,344.98
21:56:05,server_5,3193.46,3817.69
21:56:05,server_6,582.39,766.35
21:56:05,server_7,698.0,897.01
21:56:05,server_4,716.34,794.18
21:56:10,server_20,160.16,200.76
21:56:10,server_11,905.04,566.49
21:56:10,server_18,176.32,125.72
21:56:10,server_17,363.57,306.92
21:56:10,server_16,515.06,413.17
21:56:10,server_15,730.85,559.47
21:56:10,server_14,439.34,250.49
21:56:10,server_13,376.5,229.33
21:56:10,server_12,4830.36,5300.78
21:56:10,server_19,630.33,936.8
21:56:10,server_10,997.18,696.48
21:56:10,server_8,560.95,637.23
21:56:10,server_1,386.7,303.05
21:56:10,server_2,889.86,823.33
21:56:10,server_3,793.98,1057.18
21:56:10,server_9,881.34,499.68
21:56:10,server_5,5704.32,4606.83
21:56:10,server_6,1167.9,942.3
21:56:10,server_7,5682.84,6567.16
21:56:10,server_4,587.93,564.85
21:56:15,server_19,534.31,570.87
21:56:15,server_18,919.36,967.83
21:56:15,server_17,9173.68,7439.74
21:56:15,server_16,6142.27,5930.2
21:56:15,server_15,3575.77,4215.1
21:56:15,server_14,92.12,111.41
21:56:15,server_13,4120.72,4747.26
21:56:15,server_12,879.22,862.39
21:56:15,server_11,796.93,487.13
21:56:15,server_20,908.65,676.01
21:56:15,server_9,21.54,30.88
21:56:15,server_1,904.1,1238.78
21:56:15,server_2,231.46,137.07
21:56:15,server_3,42.77,26.67
21:56:15,server_4,591.23,491.67
21:56:15,server_10,19635.43,17424.33
21:56:15,server_6,3889.0,4004.59
21:56:15,server_7,132.88,82.81
21:56:15,server_8,719.79,964.57
21:56:15,server_5,2889.97,3166.8
21:56:20,server_11,364.15,412.37
21:56:20,server_19,561.72,416.61
21:56:20,server_18,874.33,1148.01
21:56:20,server_17,14791.36,13348.9
21:56:20,server_16,967.17,717.3
21:56:20,server_15,909.9,950.69
21:56:20,server_14,820.49,1087.62
21:56:20,server_13,5411.19,5742.54
21:56:20,server_12,390.75,214.95
21:56:20,server_20,186.95,258.56
21:56:20,server_10,288.76,252.01
21:56:20,server_8,3687.35,3510.41
21:56:20,server_9,799.38,537.02
21:56:20,server_1,283.36,230.64
21:56:20,server_2,308.77,348.05
21:56:20,server_3,868.71,1253.62
21:56:20,server_5,2894.21,2948.7
21:56:20,server_6,158.0,171.79
21:56:20,server_7,794.17,729.13
21:56:20,server_4,227.46,297.75
21:56:25,server_20,945.75,917.96
21:56:25,server_19,426.0,276.25
21:56:25,server_18,1829.62,1500.14
21:56:25,server_17,5312.84,4600.2
21:56:25,server_16,572.29,303.66
21:56:25,server_15,516.76,586.24
21:56:25,server_14,848.1,578.44
21:56:25,server_13,4121.82,3444.07
21:56:25,server_12,9666.52,11397.33
21:56:25,server_11,975.01,1214.14
21:56:25,server_9,824.08,891.49
21:56:25,server_1,165.38,157.89
21:56:25,server_2,953.78,518.79
21:56:25,server_3,59.99,61.72
21:56:25,server_4,4728.25,3901.15
21:56:25,server_10,162.97,211.53
21:56:25,server_6,130.61,137.57
21:56:25,server_7,276.71,141.09
21:56:25,server_8,138.18,164.45
21:56:25,server_5,272.44,237.32
21:56:30,server_12,316.33,294.99
21:56:30,server_19,54.92,62.36
21:56:30,server_18,977.07,1216.33
21:56:30,server_17,17.94,25.78
21:56:30,server_16,614.22,586.48
21:56:30,server_15,628.83,910.14
21:56:30,server_14,45.16,33.92
21:56:30,server_13,30.59,37.49
21:56:30,server_11,867.44,1046.63
21:56:30,server_20,974.14,1395.47
21:56:30,server_9,46.19,44.43
21:56:30,server_1,856.67,1179.65
21:56:30,server_2,972.16,1096.16
21:56:30,server_3,14440.48,14010.52
21:56:30,server_4,874.96,1241.77
21:56:30,server_10,513.98,453.25
21:56:30,server_6,617.0,770.99
21:56:30,server_7,332.82,185.75
21:56:30,server_8,187.27,264.89
21:56:30,server_5,63.41,73.87
21:56:35,server_11,129.8,101.89
21:56:35,server_19,153.33,156.05
21:56:35,server_18,3196.62,3490.73
21:56:35,server_17,633.25,888.37
21:56:35,server_16,18.91,19.96
21:56:35,server_15,171.14,124.91
21:56:35,server_14,544.15,639.77
21:56:35,server_13,720.87,666.81
21:56:35,server_12,300.53,191.73
21:56:35,server_20,265.4,207.48
21:56:35,server_10,617.75,894.4
21:56:35,server_8,935.98,642.6
21:56:35,server_7,50.16,44.73
21:56:35,server_6,119.65,99.2
21:56:35,server_5,62.76,56.01
21:56:35,server_4,647.23,805.83
21:56:35,server_3,950.57,553.56
21:56:35,server_2,421.47,214.91
21:56:35,server_1,1745.24,1954.47
21:56:35,server_9,274.69,235.83
21:56:40,server_13,665.29,494.05
21:56:40,server_14,758.48,836.52
21:56:40,server_15,9050.43,10221.64
21:56:40,server_16,5467.38,4623.73
21:56:40,server_20,182.97,200.99
21:56:40,server_18,702.83,685.06
21:56:40,server_19,3894.01,4029.49
21:56:40,server_12,14597.04,15724.9
21:56:40,server_17,4899.68,5762.28
21:56:40,server_11,663.35,935.0
21:56:40,server_10,438.39,445.58
21:56:40,server_9,10351.38,11057.2
21:56:40,server_2,148.34,119.71
21:56:40,server_3,881.45,704.71
21:56:40,server_4,837.76,468.18
21:56:40,server_1,924.08,1208.82
21:56:40,server_6,1005.2,1079.46
21:56:40,server_7,226.95,174.9
21:56:40,server_8,454.83,355.44
21:56:40,server_5,52.58,44.19
21:56:45,server_13,557.99,757.71
21:56:45,server_20,18384.43,18447.82
21:56:45,server_19,4781.78,4934.86
21:56:45,server_18,657.08,513.16
21:56:45,server_17,496.37,708.85
21:56:45,server_16,266.74,360.13
21:56:45,server_15,3363.34,3242.37
21:56:45,server_14,212.16,201.89
21:56:45,server_12,370.94,318.27
21:56:45,server_11,288.17,188.88
21:56:45,server_1,154.32,108.64
21:56:45,server_9,877.91,856.62
21:56:45,server_8,79.46,73.01
21:56:45,server_7,550.37,575.09
21:56:45,server_6,12405.35,10050.19
21:56:45,server_5,188.2,210.93
21:56:45,server_4,327.25,350.12
21:56:45,server_3,49.68,53.66
21:56:45,server_2,1214.98,1215.38
21:56:45,server_10,537.4,449.5
21:56:50,server_13,352.51,446.63
21:56:50,server_14,119.26,169.6
21:56:50,server_15,78.89,90.22
21:56:50,server_16,378.03,293.27
21:56:50,server_12,196.29,181.97
21:56:50,server_18,509.02,481.81
21:56:50,server_19,10079.14,9906.66
21:56:50,server_20,12337.54,14712.2
21:56:50,server_17,859.65,931.96
21:56:50,server_11,284.62,168.66
21:56:50,server_1,217.45,233.98
21:56:50,server_9,566.62,381.88
21:56:50,server_8,567.38,683.84
21:56:50,server_7,979.68,586.52
21:56:50,server_6,45.47,64.66
21:56:50,server_5,1009.01,753.43
21:56:50,server_4,2003.89,1987.69
21:56:50,server_3,593.05,571.15
21:56:50,server_2,8349.55,7116.39
21:56:50,server_10,666.76,592.83
21:56:55,server_13,3428.06,3960.55
21:56:55,server_14,353.18,244.22
21:56:55,server_15,635.77,333.37
21:56:55,server_16,613.45,875.52
21:56:55,server_20,142.55,159.9
21:56:55,server_18,19552.23,22386.21
21:56:55,server_19,610.3,677.98
21:56:55,server_12,791.63,681.44
21:56:55,server_17,169.39,188.2
21:56:55,server_11,733.49,451.41
21:56:55,server_10,468.82,484.63
21:56:55,server_9,254.95,235.43
21:56:55,server_2,612.32,392.08
21:56:55,server_3,450.67,322.34
21:56:55,server_4,28.81,34.4
21:56:55,server_1,180.86,107.46
21:56:55,server_6,459.47,540.24
21:56:55,server_7,407.25,506.32
21:56:55,server_8,876.35,507.23
21:56:55,server_5,3815.71,3957.89
21:57:00,server_12,140.99,83.67
21:57:00,server_19,462.12,296.14
21:57:00,server_18,149.32,109.24
21:57:00,server_17,104.6,151.45
21:57:00,server_16,362.08,494.53
21:57:00,server_15,185.24,201.14
21:57:00,server_14,358.7,312.07
21:57:00,server_13,886.28,450.08
21:57:00,server_11,819.68,1057.62
21:57:00,server_20,527.6,676.15
21:57:00,server_9,965.43,861.5
21:57:00,server_1,860.82,797.04
21:57:00,server_2,4103.66,4068.99
21:57:00,server_3,291.81,405.5
21:57:00,server_4,873.74,579.22
21:57:00,server_10,10121.86,9517.79
21:57:00,server_6,2.36,1.5
21:57:00,server_7,114.97,105.18
21:57:00,server_8,2286.82,2541.03
21:57:00,server_5,813.84,1109.72
21:57:05,server_11,164.63,236.38
21:57:05,server_19,1752.0,1961.12
21:57:05,server_18,13244.21,11648.34
21:57:05,server_17,956.18,1229.57
21:57:05,server_16,868.56,475.08
21:57:05,server_15,297.79,437.26
21:57:05,server_14,214.36,188.5
21:57:05,server_13,947.7,644.45
21:57:05,server_12,20.84,26.48
21:57:05,server_20,3.82,1.92
21:57:05,server_10,856.37,433.59
21:57:05,server_8,96.52,124.29
21:57:05,server_7,1108.02,1329.38
21:57:05,server_6,411.69,384.44
21:57:05,server_5,607.53,770.65
21:57:05,server_4,292.28,177.74
21:57:05,server_3,699.89,771.78
21:57:05,server_2,404.36,429.0
21:57:05,server_1,240.76,252.25
21:57:05,server_9,988.09,1210.74
21:57:10,server_14,3351.05,3234.28
21:57:10,server_15,204.08,166.69
21:57:10,server_16,409.0,376.6
21:57:10,server_13,983.62,569.22
21:57:10,server_18,968.34,886.16
21:57:10,server_19,692.22,476.67
21:57:10,server_20,10696.98,12373.27
21:57:10,server_17,1941.12,2240.71
21:57:10,server_12,633.64,513.34
21:57:10,server_11,178.4,194.82
21:57:10,server_10,177.43,151.93
21:57:10,server_2,911.11,726.21
21:57:10,server_3,4548.01,4074.28
21:57:10,server_4,992.57,1248.36
21:57:10,server_5,882.44,515.56
21:57:10,server_1,85.09,127.51
21:57:10,server_7,892.29,942.8
21:57:10,server_8,1025.52,676.35
21:57:10,server_9,719.27,1050.2
21:57:10,server_6,373.57,541.43
21:57:15,server_12,19130.57,20670.98
21:57:15,server_19,916.92,1128.74
21:57:15,server_18,452.92,237.0
21:57:15,server_17,935.05,1342.74
21:57:15,server_16,416.59,463.25
21:57:15,server_15,915.55,1006.58
21:57:15,server_14,896.64,669.7
21:57:15,server_13,895.37,1151.54
21:57:15,server_11,12.05,17.43
21:57:15,server_20,1016.9,901.32
21:57:15,server_9,297.24,271.43
21:57:15,server_1,1059.93,1217.0
21:57:15,server_2,0.0,0.0
21:57:15,server_3,280.17,177.43
21:57:15,server_4,4318.41,4569.93
21:57:15,server_10,257.76,298.62
21:57:15,server_6,501.23,573.01
21:57:15,server_7,611.95,463.91
21:57:15,server_8,33.96,42.72
21:57:15,server_5,317.1,407.17
21:57:20,server_11,500.89,585.76
21:57:20,server_19,993.7,1265.95
21:57:20,server_18,4145.08,3436.4
21:57:20,server_17,12374.76,10532.36
21:57:20,server_16,573.36,344.93
21:57:20,server_15,1744.58,1560.94
21:57:20,server_14,350.93,474.97
21:57:20,server_13,821.76,1173.79
21:57:20,server_12,413.71,215.89
21:57:20,server_20,4541.93,4714.21
21:57:20,server_10,801.07,601.99
21:57:20,server_8,291.02,345.59
21:57:20,server_7,290.7,391.17
21:57:20,server_6,193.96,255.01
21:57:20,server_5,1047.29,616.3
21:57:20,server_4,986.38,841.99
21:57:20,server_3,3928.68,3430.86
21:57:20,server_2,205.64,210.3
21:57:20,server_1,389.15,392.6
21:57:20,server_9,6098.2,5790.67
21:57:25,server_13,811.89,622.53
21:57:25,server_14,859.36,1072.44
21:57:25,server_15,216.99,209.4
21:57:25,server_16,258.19,315.58
21:57:25,server_20,4178.06,3577.56
21:57:25,server_18,885.64,1220.9
21:57:25,server_19,1003.47,1431.34
21:57:25,server_12,147.13,169.27
21:57:25,server_17,274.1,385.2
21:57:25,server_10,41.49,35.24
21:57:25,server_7,4125.74,4946.55
21:57:25,server_9,277.88,181.63
21:57:25,server_11,464.97,581.46
21:57:25,server_2,196.13,253.98
21:57:25,server_3,942.31,580.83
21:57:25,server_4,557.11,756.77
21:57:25,server_1,3.99,2.07
21:57:25,server_6,2830.55,3177.98
21:57:25,server_8,8675.23,8115.15
21:57:25,server_5,339.6,300.47
21:57:30,server_20,162.76,229.38
21:57:30,server_12,2784.14,3183.54
21:57:30,server_19,352.05,355.16
21:57:30,server_17,4763.56,3836.75
21:57:30,server_16,102.46,54.3
21:57:30,server_15,241.77,145.35
21:57:30,server_14,1018.34,906.8
21:57:30,server_13,308.96,202.33
21:57:30,server_11,491.22,544.06
21:57:30,server_18,689.58,605.8
21:57:30,server_9,3455.24,3262.61
21:57:30,server_8,407.79,262.01
21:57:30,server_7,182.54,169.62
21:57:30,server_6,2420.54,2609.16
21:57:30,server_5,567.57,403.42
21:57:30,server_4,699.22,755.76
21:57:30,server_3,525.17,521.71
21:57:30,server_2,1024.83,967.54
21:57:30,server_1,554.16,573.21
21:57:30,server_10,783.48,790.65
21:57:35,server_13,437.76,300.96
21:57:35,server_14,1008.98,1030.82
21:57:35,server_15,4395.15,5075.83
21:57:35,server_20,9311.05,8429.51
21:57:35,server_17,1465.84,1674.55
21:57:35,server_18,5773.0,4638.15
21:57:35,server_19,96.23,49.47
21:57:35,server_12,170.3,231.11
21:57:35,server_16,944.1,529.5
21:57:35,server_11,479.66,249.56
21:57:35,server_7,975.4,1274.17
21:57:35,server_9,280.68,375.26
21:57:35,server_8,813.79,1014.08
21:57:35,server_6,270.2,136.19
21:57:35,server_5,12347.41,10999.05
21:57:35,server_4,213.14,303.35
21:57:35,server_3,1066.48,908.44
21:57:35,server_2,109.58,67.74
21:57:35,server_1,5867.17,5958.39
21:57:35,server_10,264.09,154.0
21:57:40,server_15,143.51,79.76
21:57:40,server_13,441.86,454.89
21:57:40,server_14,458.04,675.22
21:57:40,server_16,331.94,244.47
21:57:40,server_12,162.89,119.15
21:57:40,server_18,500.7,727.99
21:57:40,server_19,273.93,188.7
21:57:40,server_20,980.33,1380.07
21:57:40,server_17,197.14,198.76
21:57:40,server_11,260.62,388.98
21:57:40,server_1,9740.57,9412.1
21:57:40,server_9,404.11,291.87
21:57:40,server_2,380.17,443.43
21:57:40,server_3,19233.52,17741.83
21:57:40,server_4,834.74,498.59
21:57:40,server_10,789.7,648.56
21:57:40,server_6,181.8,271.0
21:57:40,server_7,13351.2,13946.05
21:57:40,server_8,675.09,914.53
21:57:40,server_5,19566.97,18054.83
21:57:45,server_12,353.71,464.34
21:57:45,server_19,495.56,285.61
21:57:45,server_18,72.24,51.39
21:57:45,server_17,613.4,581.6
21:57:45,server_16,347.33,332.96
21:57:45,server_15,121.09,118.41
21:57:45,server_14,578.09,616.24
21:57:45,server_13,1802.16,1500.24
21:57:45,server_11,366.93,302.67
21:57:45,server_20,901.03,747.02
21:57:45,server_9,490.41,596.62
21:57:45,server_1,453.53,469.67
21:57:45,server_2,804.35,1078.9
21:57:45,server_3,970.87,1157.59
21:57:45,server_4,7087.23,7959.48
21:57:45,server_10,237.84,150.77
21:57:45,server_6,792.64,916.57
21:57:45,server_7,52.87,50.25
21:57:45,server_8,1383.98,1603.42
21:57:45,server_5,0.0,0.0
21:57:50,server_11,280.12,335.54
21:57:50,server_19,276.13,379.92
21:57:50,server_18,787.79,584.95
21:57:50,server_17,921.14,945.22
21:57:50,server_16,1006.07,985.01
21:57:50,server_15,414.23,597.45
21:57:50,server_14,175.08,152.63
21:57:50,server_13,1000.77,1355.4
21:57:50,server_12,12.88,15.05
21:57:50,server_20,320.2,376.85
21:57:50,server_10,491.17,403.38
21:57:50,server_8,877.71,1188.33
21:57:50,server_7,296.64,444.88
21:57:50,server_6,983.95,1280.43
21:57:50,server_5,382.73,271.96
21:57:50,server_4,1644.13,1420.75
21:57:50,server_3,583.85,734.8
21:57:50,server_2,955.63,1022.57
21:57:50,server_1,897.97,498.14
21:57:50,server_9,953.76,735.73
21:57:55,server_14,3130.19,2799.09
21:57:55,server_15,464.54,581.2
21:57:55,server_16,18229.26,18683.53
21:57:55,server_13,271.69,174.76
21:57:55,server_18,15717.97,15615.18
21:57:55,server_19,561.32,717.99
21:57:55,server_20,934.29,1344.67
21:57:55,server_17,669.67,656.78
21:57:55,server_12,350.63,188.94
21:57:55,server_11,2388.72,2003.17
21:57:55,server_1,3607.57,3214.33
21:57:55,server_9,823.67,1007.0
21:57:55,server_8,848.49,583.51
21:57:55,server_7,2528.91,2366.36
21:57:55,server_6,634.87,854.23
21:57:55,server_5,4603.88,4762.85
21:57:55,server_4,677.88,858.35
21:57:55,server_3,2267.58,2280.52
21:57:55,server_2,850.94,575.05
21:57:55,server_10,377.25,423.04
21:58:00,server_13,2200.78,2255.85
21:58:00,server_14,109.56,102.89
21:58:00,server_15,90.52,108.34
21:58:00,server_20,658.52,458.87
21:58:00,server_18,800.59,520.52
21:58:00,server_19,455.67,339.83
21:58:00,server_12,12172.57,13161.91
21:58:00,server_16,38.72,54.5
21:58:00,server_11,10368.07,10539.48
21:58:00,server_17,1003.45,918.99
21:58:00,server_9,60.49,51.02
21:58:00,server_10,216.93,216.43
21:58:00,server_2,977.11,718.11
21:58:00,server_3,379.8,242.32
21:58:00,server_4,77.05,59.73
21:58:00,server_1,2394.82,2093.18
21:58:00,server_6,813.84,409.69
21:58:00,server_7,901.26,1262.07
21:58:00,server_8,304.12,198.65
21:58:00,server_5,837.97,903.6
21:58:05,server_20,18730.81,21646.01
21:58:05,server_12,822.06,566.29
21:58:05,server_19,174.44,180.54
21:58:05,server_18,179.89,150.31
21:58:05,server_17,1036.03,882.78
21:58:05,server_16,25.84,17.79
21:58:05,server_15,96.37,89.67
21:58:05,server_14,1043.87,1328.86
21:58:05,server_13,965.36,1235.3
21:58:05,server_11,992.05,1015.87
21:58:05,server_7,2451.37,2197.7
21:58:05,server_9,448.93,363.71
21:58:05,server_8,16671.41,19554.81
21:58:05,server_6,66.53,67.71
21:58:05,server_5,161.11,188.87
21:58:05,server_4,304.15,282.13
21:58:05,server_3,77.46,66.63
21:58:05,server_2,441.66,510.26
21:58:05,server_1,8519.15,7273.01
21:58:05,server_10,18454.01,21830.47
21:58:10,server_15,1053.89,1333.8
21:58:10,server_13,4021.9,3541.84
21:58:10,server_14,888.42,521.63
21:58:10,server_16,536.27,301.27
21:58:10,server_12,109.65,154.79
21:58:10,server_18,526.95,310.0
21:58:10,server_19,5243.0,5467.5
21:58:10,server_20,880.8,910.3
21:58:10,server_17,201.9,248.39
21:58:10,server_11,152.81,106.96
21:58:10,server_1,231.08,177.84
21:58:10,server_9,80.45,82.65
21:58:10,server_2,55.75,47.52
21:58:10,server_3,501.4,254.09
21:58:10,server_4,250.88,150.28
21:58:10,server_10,924.06,1161.98
21:58:10,server_6,466.19,578.34
21:58:10,server_7,14841.25,17644.98
21:58:10,server_8,556.06,798.49
21:58:10,server_5,122.76,100.35
21:58:15,server_13,451.93,378.5
21:58:15,server_20,376.76,199.82
21:58:15,server_19,264.14,204.01
21:58:15,server_18,93.59,90.96
21:58:15,server_17,13721.31,13109.5
21:58:15,server_16,346.96,287.09
21:58:15,server_15,3167.11,3095.16
21:58:15,server_14,251.37,181.69
21:58:15,server_12,149.22,194.05
21:58:15,server_11,534.98,500.25
21:58:15,server_1,2.9,1.91
21:58:15,server_9,523.33,591.75
21:58:15,server_8,6019.93,5879.7
21:58:15,server_7,550.19,321.45
21:58:15,server_6,258.16,261.85
21:58:15,server_5,223.89,176.08
21:58:15,server_4,578.98,365.89
21:58:15,server_3,943.62,1014.75
21:58:15,server_2,946.42,1050.3
21:58:15,server_10,567.38,763.28
21:58:20,server_13,0.0,0.0
21:58:20,server_14,335.45,200.07
21:58:20,server_15,9212.25,11010.0
21:58:20,server_16,873.61,1278.66
21:58:20,server_12,409.37,475.33
21:58:20,server_18,162.65,152.45
21:58:20,server_19,147.3,129.04
21:58:20,server_20,499.1,329.62
21:58:20,server_17,483.73,471.88
21:58:20,server_11,374.71,309.34
21:58:20,server_1,232.27,312.03
21:58:20,server_9,124.99,172.78
21:58:20,server_8,58.45,48.61
21:58:20,server_7,502.29,570.81
21:58:20,server_6,6422.21,5613.4
21:58:20,server_5,250.24,170.83
21:58:20,server_4,863.64,553.52
21:58:20,server_3,17442.68,14170.58
21:58:20,server_2,49.88,52.86
21:58:20,server_10,1008.76,811.38
21:58:25,server_13,601.12,779.28
21:58:25,server_14,119.6,62.55
21:58:25,server_15,702.4,436.15
21:58:25,server_16,13625.52,13341.28
21:58:25,server_20,573.19,480.95
21:58:25,server_18,18085.39,17604.86
21:58:25,server_19,375.47,260.97
21:58:25,server_12,158.6,210.37
21:58:25,server_17,168.83,211.29
21:58:25,server_11,152.59,93.08
21:58:25,server_1,891.94,539.28
21:58:25,server_9,4867.2,5546.22
21:58:25,server_2,898.44,1279.68
21:58:25,server_3,844.59,600.34
21:58:25,server_4,641.71,340.75
21:58:25,server_10,979.78,572.66
21:58:25,server_6,737.95,699.39
21:58:25,server_7,1043.62,644.51
21:58:25,server_8,321.01,319.73
21:58:25,server_5,894.68,1136.82
21:58:30,server_12,55.7,56.51
21:58:30,server_19,616.66,585.46
21:58:30,server_18,1888.25,1907.97
21:58:30,server_17,484.15,414.26
21:58:30,server_16,856.69,1134.39
21:58:30,server_15,11625.01,10397.06
21:58:30,server_14,923.48,815.1
21:58:30,server_13,17124.19,19732.46
21:58:30,server_20,18616.63,19416.59
21:58:30,server_11,134.06,67.88
21:58:30,server_9,173.11,252.69
21:58:30,server_8,2397.43,2614.78
21:58:30,server_7,518.91,604.36
21:58:30,server_6,560.93,384.22
21:58:30,server_5,441.25,632.58
21:58:30,server_4,193.67,104.94
21:58:30,server_3,16781.41,16583.33
21:58:30,server_2,387.45,473.11
21:58:30,server_1,653.11,487.34
21:58:30,server_10,733.22,772.63
21:58:35,server_13,35.35,31.85
21:58:35,server_14,10927.83,9061.32
21:58:35,server_15,2683.06,2275.72
21:58:35,server_16,148.78,116.41
21:58:35,server_12,909.7,1255.38
21:58:35,server_18,4883.61,5468.35
21:58:35,server_19,9595.01,10622.05
21:58:35,server_20,11878.73,14158.46
21:58:35,server_17,512.79,762.45
21:58:35,server_11,820.26,768.86
21:58:35,server_1,336.21,399.55
21:58:35,server_9,561.92,400.18
21:58:35,server_2,253.06,327.74
21:58:35,server_3,381.25,244.24
21:58:35,server_4,743.78,429.06
21:58:35,server_10,238.66,134.46
21:58:35,server_6,524.22,345.65
21:58:35,server_7,19148.75,15439.37
21:58:35,server_8,613.29,312.82
21:58:35,server_5,434.51,536.38
21:58:40,server_20,146.26,82.64
21:58:40,server_19,409.17,608.02
21:58:40,server_18,308.53,299.99
21:58:40,server_17,170.87,97.96
21:58:40,server_16,160.33,106.92
21:58:40,server_15,166.18,231.71
21:58:40,server_14,110.36,56.86
21:58:40,server_12,887.0,941.79
21:58:40,server_11,4591.24,5164.66
21:58:40,server_13,319.09,239.52
21:58:40,server_9,473.36,502.43
21:58:40,server_10,540.67,449.71
21:58:40,server_2,4759.63,4710.09
21:58:40,server_3,796.63,561.36
21:58:40,server_4,19869.75,18769.49
21:58:40,server_1,622.22,336.03
21:58:40,server_6,127.43,104.01
21:58:40,server_7,49.84,54.37
21:58:40,server_8,225.4,327.39
21:58:40,server_5,518.18,643.58
21:58:45,server_12,160.79,221.5
21:58:45,server_20,10.49,15.7
21:58:45,server_19,527.73,266.69
21:58:45,server_18,922.37,570.81
21:58:45,server_17,232.67,347.68
21:58:45,server_16,571.4,721.38
21:58:45,server_15,537.48,783.61
21:58:45,server_14,352.62,383.72
21:58:45,server_13,157.6,130.38
21:58:45,server_11,867.02,469.95
21:58:45,server_3,422.01,567.02
21:58:45,server_9,0.0,0.0
21:58:45,server_8,344.77,270.15
21:58:45,server_7,943.55,499.09
21:58:45,server_6,2773.35,3139.72
21:58:45,server_5,23.47,20.88
21:58:45,server_4,695.73,619.68
21:58:45,server_2,210.33,257.35
21:58:45,server_1,4577.55,4749.08
21:58:45,server_10,270.28,246.57
21:58:50,server_13,126.44,102.15
21:58:50,server_14,34.17,26.12
21:58:50,server_15,493.44,665.57
21:58:50,server_16,319.2,402.45
21:58:50,server_20,4603.2,4270.25
21:58:50,server_18,562.24,606.35
21:58:50,server_19,237.73,238.17
21:58:50,server_12,2.05,1.97
21:58:50,server_17,14185.88,11989.2
21:58:50,server_11,6584.55,7157.04
21:58:50,server_3,927.9,922.48
21:58:50,server_9,418.68,451.22
21:58:50,server_1,3602.77,3299.31
21:58:50,server_2,528.5,614.04
21:58:50,server_4,409.97,543.94
21:58:50,server_10,11901.08,13202.64
21:58:50,server_6,5171.45,4151.66
21:58:50,server_7,1045.14,1370.3
21:58:50,server_8,130.63,71.13
21:58:50,server_5,17769.59,15665.43
21:58:55,server_20,5908.07,5082.09
21:58:55,server_11,68.74,67.97
21:58:55,server_18,696.21,806.55
21:58:55,server_17,625.84,490.49
21:58:55,server_16,2575.21,2200.79
21:58:55,server_15,382.81,441.07
21:58:55,server_14,931.15,729.7
21:58:55,server_13,885.84,1303.68
21:58:55,server_12,199.3,227.86
21:58:55,server_19,572.01,457.34
21:58:55,server_10,1294.63,1364.51
21:58:55,server_8,14020.65,16637.94
21:58:55,server_7,473.74,677.45
21:58:55,server_6,88.47,58.06
21:58:55,server_5,710.43,666.5
21:58:55,server_4,159.94,139.16
21:58:55,server_3,648.32,923.06
21:58:55,server_2,395.89,534.09
21:58:55,server_1,236.74,249.41
21:58:55,server_9,597.56,640.61
21:59:00,server_13,3309.11,2730.24
21:59:00,server_14,301.85,404.89
21:59:00,server_15,972.51,1228.08
21:59:00,server_12,107.14,154.07
21:59:00,server_17,261.83,208.68
21:59:00,server_18,416.94,363.15
21:59:00,server_19,11093.68,11031.11
21:59:00,server_16,283.85,198.59
21:59:00,server_11,126.68,186.27
21:59:00,server_20,2412.44,2475.43
21:59:00,server_9,4778.46,4696.2
21:59:00,server_1,314.88,255.73
21:59:00,server_2,16032.89,13280.97
21:59:00,server_3,672.54,695.69
21:59:00,server_4,174.83,128.9
21:59:00,server_10,154.6,182.09
21:59:00,server_6,12544.34,13559.17
21:59:00,server_7,7266.48,6377.96
21:59:00,server_8,339.33,326.12
21:59:00,server_5,5186.11,5254.74
21:59:05,server_12,336.34,492.94
21:59:05,server_20,80.34,113.04
21:59:05,server_19,152.36,189.73
21:59:05,server_18,2597.11,2433.94
21:59:05,server_17,855.37,799.51
21:59:05,server_16,301.4,226.02
21:59:05,server_15,12379.33,13900.48
21:59:05,server_14,505.14,402.79
21:59:05,server_13,130.37,149.22
21:59:05,server_11,2155.3,2371.74
21:59:05,server_3,942.09,701.27
21:59:05,server_9,123.87,175.73
21:59:05,server_8,157.25,204.05
21:59:05,server_7,630.95,656.11
21:59:05,server_6,845.42,680.19
21:59:05,server_5,222.72,228.16
21:59:05,server_4,841.76,535.24
21:59:05,server_10,237.8,299.27
21:59:05,server_2,6617.82,5827.37
21:59:05,server_1,662.68,859.49
21:59:10,server_13,2958.17,2611.56
21:59:10,server_14,958.02,750.32
21:59:10,server_15,14515.26,11781.98
21:59:10,server_16,2189.91,1959.26
21:59:10,server_20,885.87,806.57
21:59:10,server_18,312.38,350.95
21:59:10,server_19,93.15,89.84
21:59:10,server_12,227.8,338.64
21:59:10,server_17,7756.45,7693.66
21:59:10,server_11,11174.83,10533.77
21:59:10,server_10,4627.75,4262.7
21:59:10,server_9,560.34,767.48
21:59:10,server_2,1715.18,2010.86
21:59:10,server_3,244.68,316.76
21:59:10,server_4,265.4,346.79
21:59:10,server_1,604.01,336.87
21:59:10,server_6,64.81,58.56
21:59:10,server_7,335.39,444.67
21:59:10,server_8,1953.96,1577.12
21:59:10,server_5,2889.66,3093.63
21:59:15,server_12,4728.17,5483.1
21:59:15,server_19,482.98,345.15
21:59:15,server_18,636.76,666.46
21:59:15,server_17,22.78,29.81
21:59:15,server_16,902.95,658.67
21:59:15,server_15,941.61,920.97
21:59:15,server_14,233.57,210.63
21:59:15,server_13,600.93,306.53
21:59:15,server_11,1083.98,702.2
21:59:15,server_20,796.22,916.65
21:59:15,server_9,892.4,1194.16
21:59:15,server_1,874.84,842.84
21:59:15,server_2,979.24,1164.67
21:59:15,server_3,394.34,253.68
21:59:15,server_4,152.99,229.29
21:59:15,server_10,346.46,277.58
21:59:15,server_6,297.76,225.59
21:59:15,server_7,594.55,588.1
21:59:15,server_8,453.32,315.75
21:59:15,server_5,665.92,358.07
21:59:20,server_19,470.67,460.1
21:59:20,server_18,290.91,335.57
21:59:20,server_17,590.43,667.6
21:59:20,server_16,619.22,917.2
21:59:20,server_15,251.14,373.15
21:59:20,server_14,446.44,548.22
21:59:20,server_13,749.5,507.58
21:59:20,server_12,571.03,492.47
21:59:20,server_11,900.19,1074.32
21:59:20,server_20,107.0,97.73
21:59:20,server_9,12.67,18.8
21:59:20,server_1,75.35,110.82
21:59:20,server_2,2013.0,1719.9
21:59:20,server_3,4554.82,4299.18
21:59:20,server_4,206.91,188.0
21:59:20,server_10,937.43,948.17
21:59:20,server_6,0.0,0.0
21:59:20,server_7,1009.01,825.03
21:59:20,server_8,304.54,305.8
21:59:20,server_5,382.02,540.83
21:59:25,server_11,961.44,488.01
21:59:25,server_19,1431.08,1207.19
21:59:25,server_18,3022.16,2833.59
21:59:25,server_17,598.61,730.65
21:59:25,server_16,316.73,327.37
21:59:25,server_15,119.29,146.55
21:59:25,server_14,790.45,776.29
21:59:25,server_13,443.3,404.77
21:59:25,server_12,578.94,790.8
21:59:25,server_20,973.33,1233.49
21:59:25,server_10,13995.96,13070.42
21:59:25,server_8,450.24,613.98
21:59:25,server_9,935.67,702.5
21:59:25,server_1,1626.66,1842.47
21:59:25,server_2,166.79,217.26
21:59:25,server_3,48.26,25.35
21:59:25,server_5,548.26,460.8
21:59:25,server_6,350.3,264.17
21:59:25,server_7,105.89,135.49
21:59:25,server_4,1030.77,1018.19
21:59:30,server_20,256.86,320.11
21:59:30,server_19,366.37,292.19
21:59:30,server_18,1013.71,640.9
21:59:30,server_17,902.35,1290.03
21:59:30,server_16,16118.55,18346.45
21:59:30,server_15,1215.45,1263.87
21:59:30,server_14,484.86,279.71
21:59:30,server_13,404.31,240.91
21:59:30,server_12,836.34,892.02
21:59:30,server_11,116.6,90.98
21:59:30,server_9,215.01,130.11
21:59:30,server_1,1004.16,1499.73
21:59:30,server_2,988.88,1082.48
21:59:30,server_3,16304.69,18255.11
21:59:30,server_4,187.33,239.38
21:59:30,server_10,217.34,271.13
21:59:30,server_6,3992.15,4265.58
21:59:30,server_7,275.3,289.14
21:59:30,server_8,66.22,58.4
21:59:30,server_5,1039.81,1445.42
21:59:35,server_12,803.26,979.87
21:59:35,server_20,424.22,595.8
21:59:35,server_19,1039.29,789.39
21:59:35,server_18,616.75,358.95
21:59:35,server_17,17869.75,17128.73
21:59:35,server_16,170.29,205.75
21:59:35,server_15,13570.05,14328.93
21:59:35,server_14,494.36,441.93
21:59:35,server_13,651.84,576.99
21:59:35,server_11,542.56,671.56
21:59:35,server_10,460.9,624.01
21:59:35,server_9,942.2,1337.53
21:59:35,server_2,287.43,265.18
21:59:35,server_3,1564.58,1790.7
21:59:35,server_4,881.93,901.58
21:59:35,server_1,183.04,246.39
21:59:35,server_6,213.4,133.48
21:59:35,server_7,262.91,164.83
21:59:35,server_8,206.19,128.81
21:59:35,server_5,703.63,565.57
21:59:40,server_12,886.26,624.87
21:59:40,server_19,171.55,104.1
21:59:40,server_18,473.86,349.14
21:59:40,server_17,968.6,1004.59
21:59:40,server_16,610.45,575.76
21:59:40,server_15,790.28,594.29
21:59:40,server_14,14072.86,16027.02
21:59:40,server_13,502.61,334.57
21:59:40,server_11,865.48,762.4
21:59:40,server_20,148.32,149.31
21:59:40,server_9,3166.61,3109.77
21:59:40,server_1,998.88,699.0
21:59:40,server_2,236.24,146.9
21:59:40,server_3,907.0,1238.88
21:59:40,server_4,357.94,407.95
21:59:40,server_10,8064.53,9270.25
21:59:40,server_6,14748.35,16860.65
21:59:40,server_7,1140.47,1054.92
21:59:40,server_8,166.12,130.26
21:59:40,server_5,25.98,36.97
21:59:45,server_12,485.56,267.01
21:59:45,server_19,278.06,276.35
21:59:45,server_18,9.11,5.15
21:59:45,server_17,10355.76,9126.39
21:59:45,server_16,626.58,927.12
21:59:45,server_15,93.47,102.27
21:59:45,server_14,590.64,298.67
21:59:45,server_13,465.42,593.37
21:59:45,server_11,219.29,169.11
21:59:45,server_20,534.24,762.63
21:59:45,server_9,493.26,691.44
21:59:45,server_1,165.11,200.08
21:59:45,server_2,793.51,1055.7
21:59:45,server_3,563.12,292.91
21:59:45,server_4,123.14,122.26
21:59:45,server_10,4006.6,3324.94
21:59:45,server_6,136.68,148.08
21:59:45,server_7,392.37,264.28
21:59:45,server_8,816.47,720.76
21:59:45,server_5,191.62,202.37
21:59:50,server_11,594.26,309.67
21:59:50,server_19,452.09,609.77
21:59:50,server_18,905.82,1014.45
21:59:50,server_17,3572.46,3366.38
21:59:50,server_16,851.68,931.95
21:59:50,server_15,4473.9,3884.92
21:59:50,server_14,864.82,909.12
21:59:50,server_13,96.84,72.38
21:59:50,server_12,17899.01,15411.69
21:59:50,server_20,560.68,423.01
21:59:50,server_10,1025.13,934.47
21:59:50,server_8,14243.27,13923.21
21:59:50,server_7,2095.83,2494.97
21:59:50,server_6,283.87,372.43
21:59:50,server_5,617.54,684.71
21:59:50,server_4,193.92,277.96
21:59:50,server_3,5142.57,5848.89
21:59:50,server_2,998.8,1251.71
21:59:50,server_1,1033.16,1293.37
21:59:50,server_9,3619.29,3230.52
21:59:55,server_13,296.99,270.35
21:59:55,server_14,8995.71,9369.88
21:59:55,server_15,236.53,188.13
21:59:55,server_12,15908.08,16913.82
21:59:55,server_17,274.32,238.28
21:59:55,server_18,923.19,1353.74
21:59:55,server_19,364.95,206.32
21:59:55,server_16,763.54,402.51
21:59:55,server_11,730.53,676.01
21:59:55,server_20,1114.64,947.17
21:59:55,server_9,696.32,749.3
21:59:55,server_1,159.42,99.85
21:59:55,server_2,72.77,52.3
21:59:55,server_3,464.78,627.61
21:59:55,server_4,68.21,38.1
21:59:55,server_10,6501.65,7442.72
21:59:55,server_6,5033.57,4955.57
21:59:55,server_7,631.44,571.98
21:59:55,server_8,596.17,518.68
21:59:55,server_5,449.89,329.85
22:00:00,server_19,599.81,679.36
22:00:00,server_18,131.2,194.76
22:00:00,server_17,23.52,13.09
22:00:00,server_16,18.41,18.66
22:00:00,server_15,4633.41,4652.54
22:00:00,server_14,1057.74,990.19
22:00:00,server_13,4786.21,5676.36
22:00:00,server_12,10679.0,10529.11
22:00:00,server_11,757.14,540.32
22:00:00,server_20,889.34,1240.23
22:00:00,server_9,3676.39,3049.36
22:00:00,server_1,4201.85,4604.58
22:00:00,server_2,244.46,131.5
22:00:00,server_3,250.37,212.94
22:00:00,server_4,144.17,82.63
22:00:00,server_10,963.13,1375.79
22:00:00,server_6,1005.89,1337.26
22:00:00,server_7,559.37,494.8
22:00:00,server_8,245.19,133.07
22:00:00,server_5,950.33,845.76
22:00:05,server_11,707.78,1002.3
22:00:05,server_19,307.36,306.44
22:00:05,server_18,108.28,75.7
22:00:05,server_17,1009.03,1201.71
22:00:05,server_16,0.43,0.34
22:00:05,server_15,265.97,320.64
22:00:05,server_14,10.78,10.68
22:00:05,server_13,190.36,190.64
22:00:05,server_12,513.73,430.03
22:00:05,server_20,3176.78,3348.15
22:00:05,server_10,12541.27,12006.27
22:00:05,server_8,969.19,1324.34
22:00:05,server_9,526.8,426.76
22:00:05,server_1,918.35,1095.4
22:00:05,server_2,849.29,666.17
22:00:05,server_3,861.76,1220.72
22:00:05,server_5,545.17,731.05
22:00:05,server_6,101.65,136.34
22:00:05,server_7,735.02,707.1
22:00:05,server_4,601.66,863.15
22:00:10,server_20,86.98,114.81
22:00:10,server_11,104.19,85.1
22:00:10,server_18,7696.68,7952.83
22:00:10,server_17,1018.92,922.98
22:00:10,server_16,291.08,310.6
22:00:10,server_15,980.68,697.4
22:00:10,server_14,61.23,87.59
22:00:10,server_13,34.15,41.81
22:00:10,server_12,671.93,637.97
22:00:10,server_19,238.11,306.6
22:00:10,server_10,45.18,38.58
22:00:10,server_8,450.82,436.92
22:00:10,server_1,838.78,875.27
22:00:10,server_2,2912.3,3303.59
22:00:10,server_3,768.11,558.61
22:00:10,server_9,842.7,598.28
22:00:10,server_5,175.02,193.42
22:00:10,server_6,273.41,392.26
22:00:10,server_7,44.01,39.78
22:00:10,server_4,282.06,344.55
22:00:15,server_13,588.73,515.89
22:00:15,server_20,251.95,154.46
22:00:15,server_19,481.85,504.13
22:00:15,server_18,5217.51,5471.62
22:00:15,server_17,165.15,189.65
22:00:15,server_16,477.62,427.43
22:00:15,server_15,41.93,61.25
22:00:15,server_14,9539.62,11435.37
22:00:15,server_12,1399.19,1352.23
22:00:15,server_11,245.04,213.72
22:00:15,server_1,6486.28,6230.02
22:00:15,server_9,375.93,488.24
22:00:15,server_8,381.69,391.19
22:00:15,server_7,41.56,34.37
22:00:15,server_6,705.0,1042.84
22:00:15,server_5,2913.5,2717.66
22:00:15,server_4,110.18,63.41
22:00:15,server_3,55.91,66.81
22:00:15,server_2,210.79,177.36
22:00:15,server_10,879.46,1109.47
22:00:20,server_13,348.23,390.68
22:00:20,server_14,305.47,253.23
22:00:20,server_15,168.57,132.08
22:00:20,server_16,11505.38,10890.68
22:00:20,server_12,549.5,695.24
22:00:20,server_18,14671.4,13324.83
22:00:20,server_19,685.65,963.07
22:00:20,server_20,187.18,260.56
22:00:20,server_17,3219.38,2629.14
22:00:20,server_11,294.79,203.61
22:00:20,server_1,12386.75,10142.46
22:00:20,server_9,348.97,476.3
22:00:20,server_8,474.2,406.8
22:00:20,server_7,915.09,1205.84
22:00:20,server_6,508.83,609.59
22:00:20,server_5,2442.47,2491.61
22:00:20,server_4,1020.45,1490.28
22:00:20,server_3,388.06,478.5
22:00:20,server_2,639.48,685.8
22:00:20,server_10,671.16,945.74
22:00:25,server_13,435.6,420.57
22:00:25,server_14,178.88,101.72
22:00:25,server_15,4707.12,4509.12
22:00:25,server_16,3815.34,4184.55
22:00:25,server_20,13932.2,16205.52
22:00:25,server_18,118.73,148.88
22:00:25,server_19,199.28,191.9
22:00:25,server_12,121.48,85.17
22:00:25,server_17,228.0,163.6
22:00:25,server_11,975.42,1279.26
22:00:25,server_10,1166.16,1015.03
22:00:25,server_9,874.12,806.03
22:00:25,server_2,16.43,22.58
22:00:25,server_3,237.17,133.2
22:00:25,server_4,319.83,415.02
22:00:25,server_1,169.35,144.74
22:00:25,server_6,202.11,226.11
22:00:25,server_7,615.42,624.34
22:00:25,server_8,72.57,59.28
22:00:25,server_5,197.56,206.16
22:00:30,server_12,933.07,1140.88
22:00:30,server_19,160.2,211.87
22:00:30,server_18,962.26,779.23
22:00:30,server_17,13607.65,14917.4
22:00:30,server_16,936.41,774.59
22:00:30,server_15,340.3,383.64
22:00:30,server_14,325.38,285.1
22:00:30,server_13,436.62,584.62
22:00:30,server_11,125.31,155.09
22:00:30,server_20,2921.49,2533.99
22:00:30,server_9,36.36,34.49
22:00:30,server_1,112.43,93.98
22:00:30,server_2,111.55,97.83
22:00:30,server_3,997.81,1454.99
22:00:30,server_4,483.84,424.11
22:00:30,server_10,846.73,521.17
22:00:30,server_6,697.62,627.96
22:00:30,server_7,947.38,1340.51
22:00:30,server_8,510.63,605.62
22:00:30,server_5,291.73,331.84
22:00:35,server_11,648.87,428.77
22:00:35,server_19,282.75,164.79
22:00:35,server_18,542.79,515.51
22:00:35,server_17,339.14,326.85
22:00:35,server_16,677.68,503.26
22:00:35,server_15,318.03,212.48
22:00:35,server_14,226.51,189.65
22:00:35,server_13,17618.44,19362.3
22:00:35,server_12,218.75,270.81
22:00:35,server_20,1043.04,1207.13
22:00:35,server_10,10997.23,11616.89
22:00:35,server_8,88.71,72.69
22:00:35,server_7,256.68,144.15
22:00:35,server_6,929.9,597.74
22:00:35,server_5,393.4,506.77
22:00:35,server_4,259.3,191.84
22:00:35,server_3,687.31,475.43
22:00:35,server_2,607.07,647.03
22:00:35,server_1,6371.02,7275.5
22:00:35,server_9,504.13,273.45
22:00:40,server_14,627.67,511.93
22:00:40,server_15,3637.42,3843.48
22:00:40,server_16,221.67,289.98
22:00:40,server_13,176.06,242.43
22:00:40,server_18,140.6,133.13
22:00:40,server_19,900.8,832.08
22:00:40,server_20,862.67,898.61
22:00:40,server_17,0.0,0.0
22:00:40,server_12,976.74,830.28
22:00:40,server_11,795.06,853.71
22:00:40,server_1,4594.61,3823.02
22:00:40,server_9,956.66,1201.13
22:00:40,server_8,452.5,631.82
22:00:40,server_7,986.11,607.22
22:00:40,server_6,1006.49,547.97
22:00:40,server_5,640.01,429.61
22:00:40,server_4,3150.2,3354.7
22:00:40,server_3,11.55,9.68
22:00:40,server_2,186.08,183.18
22:00:40,server_10,79.72,69.91
22:00:45,server_13,257.02,156.63
22:00:45,server_14,4262.88,3814.36
22:00:45,server_15,273.39,320.65
22:00:45,server_20,23.93,13.22
22:00:45,server_18,2322.21,2619.23
22:00:45,server_19,603.83,317.28
22:00:45,server_12,1014.76,1067.76
22:00:45,server_16,12981.87,12971.18
22:00:45,server_11,3560.67,2920.52
22:00:45,server_17,410.02,496.89
22:00:45,server_9,1000.8,596.63
22:00:45,server_10,620.32,684.62
22:00:45,server_2,329.43,493.52
22:00:45,server_3,5996.37,6193.14
22:00:45,server_4,0.0,0.0
22:00:45,server_1,406.58,344.43
22:00:45,server_6,17749.94,15396.17
22:00:45,server_7,845.44,893.73
22:00:45,server_8,12306.12,13898.38
22:00:45,server_5,231.6,245.49
22:00:50,server_20,64.18,59.9
22:00:50,server_12,7058.51,5780.13
22:00:50,server_19,381.15,559.66
22:00:50,server_18,459.47,610.95
22:00:50,server_17,6982.03,7002.7
22:00:50,server_16,14060.63,12174.01
22:00:50,server_15,235.6,261.49
22:00:50,server_14,269.28,298.54
22:00:50,server_13,546.98,656.88
22:00:50,server_11,266.11,350.93
22:00:50,server_7,693.65,541.85
22:00:50,server_9,16648.92,18931.65
22:00:50,server_8,1000.6,1477.78
22:00:50,server_6,362.38,389.55
22:00:50,server_5,562.8,332.12
22:00:50,server_4,277.77,406.23
22:00:50,server_3,958.82,1056.53
22:00:50,server_2,999.17,1255.06
22:00:50,server_1,813.63,1069.6
22:00:50,server_10,938.9,510.39
22:00:55,server_15,12017.29,11131.0
22:00:55,server_13,143.09,182.69
22:00:55,server_14,107.59,124.55
22:00:55,server_16,643.1,744.86
22:00:55,server_12,585.82,519.86
22:00:55,server_18,412.39,351.77
22:00:55,server_19,908.24,1288.97
22:00:55,server_20,381.56,226.37
22:00:55,server_17,778.1,986.7
22:00:55,server_11,138.81,86.9
22:00:55,server_1,491.0,484.45
22:00:55,server_9,912.98,939.19
22:00:55,server_2,458.96,330.18
22:00:55,server_3,424.91,595.76
22:00:55,server_4,2250.34,2312.77
22:00:55,server_10,2251.25,2427.49
22:00:55,server_6,9273.83,10502.22
22:00:55,server_7,503.53,312.25
22:00:55,server_8,8708.47,7995.86
22:00:55,server_5,994.41,536.5
22:01:00,server_13,421.36,565.81
22:01:00,server_20,40.6,31.15
22:01:00,server_19,518.73,461.8
22:01:00,server_18,313.16,279.57
22:01:00,server_17,468.49,492.22
22:01:00,server_16,62.38,46.01
22:01:00,server_15,177.92,161.52
22:01:00,server_14,220.8,329.71
22:01:00,server_12,14332.29,13830.73
22:01:00,server_11,228.24,145.36
22:01:00,server_1,602.03,387.68
22:01:00,server_9,37.92,40.32
22:01:00,server_8,14619.02,17498.62
22:01:00,server_7,64.94,84.93
22:01:00,server_6,942.28,716.36
22:01:00,server_5,378.19,374.96
22:01:00,server_4,861.55,903.11
22:01:00,server_3,2371.29,2804.82
22:01:00,server_2,373.21,410.15
22:01:00,server_10,424.35,258.47
22:01:05,server_13,1021.53,829.42
22:01:05,server_14,311.39,366.12
22:01:05,server_15,812.65,481.36
22:01:05,server_16,808.52,781.4
22:01:05,server_12,457.58,655.76
22:01:05,server_18,11417.52,9192.67
22:01:05,server_19,839.2,874.39
22:01:05,server_20,951.92,759.58
22:01:05,server_17,8489.02,8723.81
22:01:05,server_11,904.42,899.9
22:01:05,server_1,146.76,150.96
22:01:05,server_9,205.8,165.57
22:01:05,server_8,450.37,480.17
22:01:05,server_7,874.84,501.07
22:01:05,server_6,1007.71,739.06
22:01:05,server_5,2066.3,2369.24
22:01:05,server_4,12496.44,14135.53
22:01:05,server_3,1065.17,1313.47
22:01:05,server_2,386.62,536.46
22:01:05,server_10,367.62,337.59
22:01:10,server_13,904.43,618.69
22:01:10,server_14,8950.2,9139.35
22:01:10,server_15,152.09,76.82
22:01:10,server_16,5014.1,4831.52
22:01:10,server_20,827.17,913.53
22:01:10,server_18,569.47,612.19
22:01:10,server_19,980.61,803.36
22:01:10,server_12,298.3,394.74
22:01:10,server_17,11044.27,10376.09
22:01:10,server_11,910.96,771.68
22:01:10,server_1,9.05,8.33
22:01:10,server_9,689.55,597.61
22:01:10,server_2,120.92,137.1
22:01:10,server_3,372.84,217.4
22:01:10,server_4,2776.58,2716.02
22:01:10,server_10,539.68,411.82
22:01:10,server_6,107.18,98.97
22:01:10,server_7,2484.89,2649.49
22:01:10,server_8,832.96,902.46
22:01:10,server_5,590.62,833.86
22:01:15,server_12,38.05,39.29
22:01:15,server_19,352.5,461.03
22:01:15,server_18,377.81,421.12
22:01:15,server_17,65.7,50.54
22:01:15,server_16,182.35,94.5
22:01:15,server_15,24.71,19.17
22:01:15,server_14,816.68,1166.96
22:01:15,server_13,633.22,386.38
22:01:15,server_20,3693.81,3717.04
22:01:15,server_11,452.75,672.18
22:01:15,server_9,26.69,16.21
22:01:15,server_8,513.36,420.7
22:01:15,server_7,224.97,321.64
22:01:15,server_6,360.66,366.57
22:01:15,server_5,2700.99,2401.39
22:01:15,server_4,2914.12,3145.89
22:01:15,server_3,3603.78,3966.88
22:01:15,server_2,278.39,288.75
22:01:15,server_1,967.2,804.41
22:01:15,server_10,116.06,91.67
22:01:20,server_13,171.77,232.52
22:01:20,server_14,128.38,123.07
22:01:20,server_15,656.27,953.04
22:01:20,server_16,493.41,462.83
22:01:20,server_12,389.34,374.53
22:01:20,server_18,557.38,626.81
22:01:20,server_19,165.86,84.06
22:01:20,server_20,394.01,387.49
22:01:20,server_17,465.1,271.1
22:01:20,server_11,197.22,115.36
22:01:20,server_10,542.7,794.58
22:01:20,server_9,451.02,230.03
22:01:20,server_8,11345.76,12921.17
22:01:20,server_7,287.42,312.65
22:01:20,server_6,936.24,973.57
22:01:20,server_5,929.77,1196.08
22:01:20,server_4,878.21,1186.49
22:01:20,server_3,484.11,256.84
22:01:20,server_2,10156.89,8236.13
22:01:20,server_1,652.58,726.17
22:01:25,server_13,149.78,77.57
22:01:25,server_14,30.53,45.09
22:01:25,server_15,14.41,8.29
22:01:25,server_16,57.75,37.55
22:01:25,server_20,507.72,601.23
22:01:25,server_18,591.38,844.26
22:01:25,server_19,632.39,482.42
22:01:25,server_12,648.34,769.07
22:01:25,server_17,950.72,1154.97
22:01:25,server_11,912.31,1029.23
22:01:25,server_10,244.77,366.19
22:01:25,server_9,968.84,1060.18
22:01:25,server_2,824.41,719.36
22:01:25,server_3,373.5,375.38
22:01:25,server_4,4854.33,4158.95
22:01:25,server_1,975.3,932.53
22:01:25,server_6,216.81,137.37
22:01:25,server_7,2324.5,2732.85
22:01:25,server_8,985.43,499.41
22:01:25,server_5,2527.24,2798.56
22:01:30,server_12,467.42,635.54
22:01:30,server_19,240.43,244.59
22:01:30,server_18,746.18,877.84
22:01:30,server_17,665.97,735.42
22:01:30,server_16,930.94,1119.29
22:01:30,server_15,868.35,1059.65
22:01:30,server_14,488.4,461.86
22:01:30,server_13,615.68,773.15
22:01:30,server_11,273.19,203.37
22:01:30,server_20,1025.89,944.61
22:01:30,server_9,378.12,268.91
22:01:30,server_1,4971.54,4810.61
22:01:30,server_2,978.95,1250.7
22:01:30,server_3,18304.3,18291.31
22:01:30,server_4,936.37,1205.39
22:01:30,server_10,13618.01,15749.41
22:01:30,server_6,90.35,123.83
22:01:30,server_7,144.18,209.81
22:01:30,server_8,913.62,526.01
22:01:30,server_5,249.02,212.43
22:01:35,server_12,128.72,96.89
22:01:35,server_19,345.15,340.77
22:01:35,server_18,13179.83,12425.7
22:01:35,server_17,214.35,277.89
22:01:35,server_16,515.78,426.61
22:01:35,server_15,3103.81,2557.39
22:01:35,server_14,55.6,60.9
22:01:35,server_13,715.84,789.93
22:01:35,server_11,970.23,516.75
22:01:35,server_20,208.35,291.87
22:01:35,server_9,695.73,385.23
22:01:35,server_1,500.0,264.26
22:01:35,server_2,14333.37,15047.48
22:01:35,server_3,470.75,284.97
22:01:35,server_4,844.3,544.65
22:01:35,server_10,4274.52,3526.12
22:01:35,server_6,3054.09,3349.81
22:01:35,server_7,170.07,205.55
22:01:35,server_8,166.1,244.77
22:01:35,server_5,151.87,102.1
22:01:40,server_11,852.12,867.14
22:01:40,server_19,680.05,908.38
22:01:40,server_18,599.18,536.1
22:01:40,server_17,248.25,294.7
22:01:40,server_16,2078.8,2016.88
22:01:40,server_15,983.91,719.5
22:01:40,server_14,365.8,278.99
22:01:40,server_13,1054.67,1461.16
22:01:40,server_12,339.73,484.28
22:01:40,server_20,866.24,815.85
22:01:40,server_10,699.98,1046.54
22:01:40,server_8,377.77,514.82
22:01:40,server_7,1049.82,1420.5
22:01:40,server_6,366.65,499.74
22:01:40,server_5,290.88,242.39
22:01:40,server_4,944.17,841.62
22:01:40,server_3,176.09,175.33
22:01:40,server_2,915.25,1310.99
22:01:40,server_1,431.02,643.46
22:01:40,server_9,1050.95,1240.08
22:01:45,server_13,446.09,262.7
22:01:45,server_14,211.27,278.67
22:01:45,server_15,204.67,196.6
22:01:45,server_12,362.78,447.08
22:01:45,server_17,3774.18,4220.34
22:01:45,server_18,926.14,831.14
22:01:45,server_19,1001.25,1473.56
22:01:45,server_16,239.89,151.87
22:01:45,server_11,18907.76,18637.45
22:01:45,server_20,513.19,287.97
22:01:45,server_9,2062.91,2261.7
22:01:45,server_1,813.59,1002.54
22:01:45,server_2,650.01,929.61
22:01:45,server_3,12671.3,11210.54
22:01:45,server_4,555.6,515.82
22:01:45,server_10,872.78,842.59
22:01:45,server_6,373.49,425.52
22:01:45,server_7,855.05,712.09
22:01:45,server_8,443.6,636.83
22:01:45,server_5,1032.71,1194.89
22:01:50,server_19,1794.69,1762.41
22:01:50,server_18,11432.32,10787.5
22:01:50,server_17,15101.6,12901.39
22:01:50,server_16,189.93,100.68
22:01:50,server_15,19411.94,20804.91
22:01:50,server_14,675.09,779.8
22:01:50,server_13,6515.98,5398.16
22:01:50,server_12,19406.23,15692.11
22:01:50,server_11,94.47,138.75
22:01:50,server_20,900.76,757.21
22:01:50,server_9,138.59,137.46
22:01:50,server_1,970.68,1034.37
22:01:50,server_2,5310.49,6117.25
22:01:50,server_3,261.37,329.73
22:01:50,server_4,965.05,1197.67
22:01:50,server_10,20.35,12.34
22:01:50,server_6,415.82,537.81
22:01:50,server_7,894.93,596.75
22:01:50,server_8,352.97,515.38
22:01:50,server_5,3978.97,3776.35
22:01:55,server_11,702.1,937.17
22:01:55,server_19,374.13,290.38
22:01:55,server_18,674.7,422.25
22:01:55,server_17,1084.19,1547.19
22:01:55,server_16,214.37,311.93
22:01:55,server_15,250.81,256.5
22:01:55,server_14,656.72,842.2
22:01:55,server_13,8153.68,9276.97
22:01:55,server_12,4445.07,4415.04
22:01:55,server_20,867.31,1280.52
22:01:55,server_10,479.08,552.51
22:01:55,server_8,125.09,82.38
22:01:55,server_9,608.33,308.94
22:01:55,server_1,456.41,239.33
22:01:55,server_2,983.14,1174.09
22:01:55,server_3,553.82,653.79
22:01:55,server_5,13.13,6.81
22:01:55,server_6,11920.1,14175.47
22:01:55,server_7,2592.32,2420.23
22:01:55,server_4,2515.14,2532.95
22:02:00,server_20,971.5,1300.65
22:02:00,server_11,204.8,141.63
22:02:00,server_18,532.63,759.05
22:02:00,server_17,159.76,132.17
22:02:00,server_16,927.79,1308.11
22:02:00,server_15,197.87,173.84
22:02:00,server_14,405.79,270.19
22:02:00,server_13,936.32,1223.39
22:02:00,server_12,504.84,405.93
22:02:00,server_19,953.28,510.81
22:02:00,server_10,9284.94,8951.29
22:02:00,server_8,676.73,982.28
22:02:00,server_1,20.81,11.84
22:02:00,server_2,211.16,190.91
22:02:00,server_3,15469.04,14647.28
22:02:00,server_9,17.96,26.55
22:02:00,server_5,454.23,348.35
22:02:00,server_6,411.05,243.47
22:02:00,server_7,485.79,365.6
22:02:00,server_4,85.37,63.54
22:02:05,server_12,569.14,797.79
22:02:05,server_19,4003.92,3487.7
22:02:05,server_18,626.8,475.46
22:02:05,server_17,10643.53,9297.03
22:02:05,server_16,176.46,109.04
22:02:05,server_15,356.07,207.19
22:02:05,server_14,986.73,728.22
22:02:05,server_13,246.14,250.53
22:02:05,server_11,35.04,47.37
22:02:05,server_20,338.13,332.11
22:02:05,server_9,747.36,771.44
22:02:05,server_1,366.66,529.07
22:02:05,server_2,853.35,1163.14
22:02:05,server_3,420.49,566.99
22:02:05,server_4,995.07,1019.09
22:02:05,server_10,0.0,0.0
22:02:05,server_6,578.75,686.76
22:02:05,server_7,247.02,236.42
22:02:05,server_8,314.65,446.29
22:02:05,server_5,895.13,1151.76
22:02:10,server_11,432.97,480.73
22:02:10,server_19,77.41,77.54
22:02:10,server_18,821.28,445.09
22:02:10,server_17,870.91,925.34
22:02:10,server_16,315.3,351.18
22:02:10,server_15,449.83,268.35
22:02:10,server_14,949.02,1282.19
22:02:10,server_13,861.84,452.08
22:02:10,server_12,982.94,1319.89
22:02:10,server_20,4884.2,4046.96
22:02:10,server_10,294.74,339.18
22:02:10,server_8,285.22,144.12
22:02:10,server_7,909.52,473.44
22:02:10,server_6,811.63,632.5
22:02:10,server_5,532.15,620.55
22:02:10,server_4,513.77,364.69
22:02:10,server_3,135.92,170.49
22:02:10,server_2,310.15,409.29
22:02:10,server_1,1690.57,1584.32
22:02:10,server_9,644.53,751.12
22:02:15,server_13,1071.15,1565.32
22:02:15,server_14,927.79,1177.9
22:02:15,server_15,664.21,459.74
22:02:15,server_12,1008.45,810.9
22:02:15,server_17,969.54,560.75
22:02:15,server_18,205.79,180.45
22:02:15,server_19,268.66,395.65
22:02:15,server_16,132.52,69.22
22:02:15,server_11,6543.19,7288.76
22:02:15,server_20,447.16,594.52
22:02:15,server_9,124.68,112.56
22:02:15,server_1,257.64,232.17
22:02:15,server_2,891.38,783.53
22:02:15,server_3,1025.29,787.52
22:02:15,server_4,989.06,1290.09
22:02:15,server_10,224.24,241.38
22:02:15,server_6,155.08,119.66
22:02:15,server_7,4684.76,5245.7
22:02:15,server_8,3913.85,3955.99
22:02:15,server_5,859.23,689.06
22:02:20,server_12,199.49,222.11
22:02:20,server_20,442.5,288.83
22:02:20,server_19,854.74,660.58
22:02:20,server_18,927.02,1002.05
22:02:20,server_17,665.88,964.48
22:02:20,server_16,330.41,476.85
22:02:20,server_15,460.93,384.77
22:02:20,server_14,859.73,1169.91
22:02:20,server_13,3364.62,3055.64
22:02:20,server_11,11817.52,11592.4
22:02:20,server_10,102.18,100.06
22:02:20,server_9,76.64,71.81
22:02:20,server_2,2301.64,2030.97
22:02:20,server_3,296.74,258.1
22:02:20,server_4,482.83,696.56
22:02:20,server_1,1010.7,1357.72
22:02:20,server_6,71.6,93.4
22:02:20,server_7,421.96,575.55
22:02:20,server_8,194.08,228.96
22:02:20,server_5,658.05,757.93
22:02:25,server_12,378.94,424.16
22:02:25,server_19,866.14,647.41
22:02:25,server_18,735.62,591.44
22:02:25,server_17,364.81,457.47
22:02:25,server_16,237.0,246.87
22:02:25,server_15,949.38,1090.63
22:02:25,server_14,567.82,488.94
22:02:25,server_13,4598.8,4151.72
22:02:25,server_11,197.5,162.23
22:02:25,server_20,964.02,716.75
22:02:25,server_9,52.04,57.7
22:02:25,server_1,1.29,1.58
22:02:25,server_2,933.65,973.83
22:02:25,server_3,928.62,629.68
22:02:25,server_4,12196.59,10206.14
22:02:25,server_10,614.85,882.91
22:02:25,server_6,456.06,330.45
22:02:25,server_7,429.86,254.21
22:02:25,server_8,581.98,796.62
22:02:25,server_5,770.59,813.62
22:02:30,server_12,11312.6,9865.17
22:02:30,server_19,341.8,249.47
22:02:30,server_18,95.05,58.76
22:02:30,server_17,346.75,266.64
22:02:30,server_16,2150.62,2429.66
22:02:30,server_15,4909.75,5716.32
22:02:30,server_14,277.81,412.0
22:02:30,server_13,27.99,39.38
22:02:30,server_11,9506.81,9662.66
22:02:30,server_20,476.25,261.02
22:02:30,server_9,737.78,1021.55
22:02:30,server_1,395.47,256.23
22:02:30,server_2,363.22,385.56
22:02:30,server_3,1920.41,1733.94
22:02:30,server_4,81.02,93.25
22:02:30,server_10,562.0,562.59
22:02:30,server_6,102.56,142.0
22:02:30,server_7,69.28,46.96
22:02:30,server_8,699.05,396.55
22:02:30,server_5,1024.1,835.64
22:02:35,server_11,559.08,704.38
22:02:35,server_19,629.48,662.89
22:02:35,server_18,251.68,374.32
22:02:35,server_17,724.54,755.9
22:02:35,server_16,665.03,639.35
22:02:35,server_15,17207.69,17334.92
22:02:35,server_14,998.95,972.84
22:02:35,server_13,514.17,718.88
22:02:35,server_12,112.51,80.86
22:02:35,server_20,22.13,21.27
22:02:35,server_10,698.54,927.32
22:02:35,server_8,7176.05,7191.58
22:02:35,server_7,70.2,101.87
22:02:35,server_6,596.64,886.14
22:02:35,server_5,998.54,1378.55
22:02:35,server_4,626.87,704.45
22:02:35,server_3,824.82,1132.25
22:02:35,server_2,188.55,234.11
22:02:35,server_1,154.1,200.68
22:02:35,server_9,1536.08,1657.76
22:02:40,server_13,10829.77,10146.8
22:02:40,server_14,983.96,592.17
22:02:40,server_15,529.75,518.41
22:02:40,server_12,675.15,671.21
22:02:40,server_17,1558.94,1302.81
22:02:40,server_18,1975.16,1706.94
22:02:40,server_19,156.93,158.56
22:02:40,server_16,671.55,413.69
22:02:40,server_11,17714.96,17308.44
22:02:40,server_20,271.56,320.34
22:02:40,server_9,26.84,23.65
22:02:40,server_1,989.68,967.31
22:02:40,server_2,876.76,671.89
22:02:40,server_3,3077.18,3453.39
22:02:40,server_4,4258.57,4719.91
22:02:40,server_10,658.54,563.03
22:02:40,server_6,717.41,609.67
22:02:40,server_7,136.29,148.89
22:02:40,server_8,826.24,1141.66
22:02:40,server_5,549.35,624.6
22:02:45,server_19,3041.36,3570.13
22:02:45,server_18,973.58,522.32
22:02:45,server_17,113.84,98.55
22:02:45,server_16,1371.55,1172.02
22:02:45,server_15,889.85,498.74
22:02:45,server_14,899.65,581.05
22:02:45,server_13,614.57,442.42
22:02:45,server_12,3057.33,2833.21
22:02:45,server_11,250.88,299.51
22:02:45,server_20,253.07,323.74
22:02:45,server_9,15737.58,16756.39
22:02:45,server_1,2298.04,2224.58
22:02:45,server_2,199.39,113.24
22:02:45,server_3,179.06,130.34
22:02:45,server_4,240.4,293.55
22:02:45,server_10,993.37,930.14
22:02:45,server_6,626.14,743.13
22:02:45,server_7,47.21,44.79
22:02:45,server_8,72.21,52.0
22:02:45,server_5,435.06,377.77
22:02:50,server_11,1472.33,1550.16
22:02:50,server_19,158.46,147.78
22:02:50,server_18,839.47,1216.48
22:02:50,server_17,230.43,323.04
22:02:50,server_16,861.85,919.07
22:02:50,server_15,641.41,919.18
22:02:50,server_14,13550.32,11154.05
22:02:50,server_13,810.24,678.3
22:02:50,server_12,298.97,408.7
22:02:50,server_20,415.65,620.54
22:02:50,server_10,15750.84,17581.15
22:02:50,server_8,562.93,460.84
22:02:50,server_9,285.76,372.07
22:02:50,server_1,59.27,52.97
22:02:50,server_2,133.19,160.77
22:02:50,server_3,591.63,524.78
22:02:50,server_5,920.45,613.31
22:02:50,server_6,146.04,131.18
22:02:50,server_7,177.77,98.18
22:02:50,server_4,943.73,1042.22
22:02:55,server_20,582.0,540.98
22:02:55,server_11,953.07,658.0
22:02:55,server_18,1060.81,1165.84
22:02:55,server_17,269.06,389.43
22:02:55,server_16,892.76,948.16
22:02:55,server_15,905.01,651.83
22:02:55,server_14,17239.32,20171.7
22:02:55,server_13,612.12,579.22
22:02:55,server_12,611.27,340.48
22:02:55,server_19,1001.11,1132.03
22:02:55,server_10,391.26,561.37
22:02:55,server_8,2966.26,2747.25
22:02:55,server_1,839.55,1228.47
22:02:55,server_2,882.16,1228.69
22:02:55,server_3,827.55,993.85
22:02:55,server_9,912.42,729.24
22:02:55,server_5,38.74,49.22
22:02:55,server_6,1080.2,1075.41
22:02:55,server_7,953.89,500.83
22:02:55,server_4,981.11,568.63
22:03:00,server_12,499.51,649.19
22:03:00,server_19,862.1,1202.78
22:03:00,server_18,4908.23,5185.57
22:03:00,server_17,338.22,447.43
22:03:00,server_16,886.1,523.21
22:03:00,server_15,14.24,10.84
22:03:00,server_14,585.69,349.91
22:03:00,server_13,715.77,416.01
22:03:00,server_11,286.19,396.99
22:03:00,server_20,4464.77,4492.08
22:03:00,server_9,368.33,276.05
22:03:00,server_1,8.66,7.7
22:03:00,server_2,6144.29,5009.75
22:03:00,server_3,6717.57,6130.47
22:03:00,server_4,825.06,807.42
22:03:00,server_10,126.64,183.72
22:03:00,server_6,20.8,14.7
22:03:00,server_7,4590.51,5292.31
22:03:00,server_8,914.21,895.14
22:03:00,server_5,932.64,1224.2
22:03:05,server_11,789.77,936.14
22:03:05,server_19,598.48,841.34
22:03:05,server_18,224.85,267.85
22:03:05,server_17,627.14,461.39
22:03:05,server_16,519.69,697.13
22:03:05,server_15,881.22,586.4
22:03:05,server_14,817.48,553.56
22:03:05,server_13,1009.57,1200.82
22:03:05,server_12,330.8,250.8
22:03:05,server_20,505.02,417.14
22:03:05,server_10,1072.04,1187.96
22:03:05,server_8,191.13,165.89
22:03:05,server_7,934.23,1168.59
22:03:05,server_6,799.65,437.15
22:03:05,server_5,132.21,136.06
22:03:05,server_4,236.62,131.05
22:03:05,server_3,3213.77,2716.31
22:03:05,server_2,604.6,474.64
22:03:05,server_1,0.0,0.0
22:03:05,server_9,987.69,748.94
22:03:10,server_13,520.73,384.53
22:03:10,server_14,416.54,421.34
22:03:10,server_15,398.03,408.94
22:03:10,server_12,656.88,612.39
22:03:10,server_17,535.99,361.69
22:03:10,server_18,167.43,156.59
22:03:10,server_19,15159.12,16502.49
22:03:10,server_16,639.03,811.5
22:03:10,server_11,18.01,21.07
22:03:10,server_20,25.89,26.93
22:03:10,server_9,237.08,295.14
22:03:10,server_1,197.1,208.67
22:03:10,server_2,467.83,536.11
22:03:10,server_3,213.1,247.06
22:03:10,server_4,497.3,276.97
22:03:10,server_10,235.32,138.12
22:03:10,server_6,211.64,217.32
22:03:10,server_7,4019.93,4427.66
22:03:10,server_8,958.68,645.72
22:03:10,server_5,153.24,145.26
22:03:15,server_20,17072.87,14966.64
22:03:15,server_19,818.7,424.66
22:03:15,server_18,832.68,1106.18
22:03:15,server_17,100.08,60.19
22:03:15,server_16,380.78,394.85
22:03:15,server_15,487.74,352.35
22:03:15,server_14,977.23,1146.9
22:03:15,server_12,1022.83,806.39
22:03:15,server_11,9240.28,9601.59
22:03:15,server_13,169.68,234.45
22:03:15,server_9,285.19,420.24
22:03:15,server_10,978.74,603.69
22:03:15,server_2,893.83,450.24
22:03:15,server_3,313.16,319.13
22:03:15,server_4,379.95,429.86
22:03:15,server_1,431.53,516.2
22:03:15,server_6,12265.33,11717.48
22:03:15,server_7,111.83,105.25
22:03:15,server_8,557.36,731.03
22:03:15,server_5,567.88,398.0
22:03:20,server_12,521.24,671.65
22:03:20,server_20,205.22,244.34
22:03:20,server_19,725.42,737.61
22:03:20,server_18,102.88,64.64
22:03:20,server_17,49.88,36.26
22:03:20,server_16,180.28,206.36
22:03:20,server_15,138.09,194.63
22:03:20,server_14,128.26,166.01
22:03:20,server_13,417.14,328.63
22:03:20,server_11,636.56,499.52
22:03:20,server_3,5401.78,4909.67
22:03:20,server_9,217.03,220.21
22:03:20,server_10,498.63,560.87
22:03:20,server_2,8886.37,9589.07
22:03:20,server_4,7535.49,7219.28
22:03:20,server_1,518.72,533.27
22:03:20,server_6,387.97,215.1
22:03:20,server_7,322.9,362.0
22:03:20,server_8,616.69,483.5
22:03:20,server_5,435.34,637.62
22:03:25,server_12,4370.63,4305.14
22:03:25,server_19,839.4,886.98
22:03:25,server_18,177.51,142.68
22:03:25,server_17,181.55,150.12
22:03:25,server_16,1594.19,1372.77
22:03:25,server_15,491.42,338.73
22:03:25,server_14,328.66,377.72
22:03:25,server_20,894.93,619.51
22:03:25,server_11,259.33,311.48
22:03:25,server_13,694.76,733.08
22:03:25,server_9,11939.6,13102.78
22:03:25,server_1,563.17,347.21
22:03:25,server_2,550.81,396.51
22:03:25,server_3,986.65,1468.04
22:03:25,server_4,16171.05,14841.52
22:03:25,server_10,2967.06,3291.1
22:03:25,server_6,263.9,351.7
22:03:25,server_7,88.96,99.7
22:03:25,server_8,1258.11,1298.07
22:03:25,server_5,219.89,195.5
22:03:30,server_19,19.21,21.37
22:03:30,server_18,335.22,379.22
22:03:30,server_17,229.49,279.35
22:03:30,server_16,907.44,1327.66
22:03:30,server_15,97.6,51.03
22:03:30,server_14,48.46,32.19
22:03:30,server_13,917.3,1033.59
22:03:30,server_12,107.5,68.96
22:03:30,server_11,45.27,61.2
22:03:30,server_20,413.54,548.9
22:03:30,server_9,204.32,155.12
22:03:30,server_1,3993.44,4038.0
22:03:30,server_2,923.52,1318.7
22:03:30,server_3,942.63,1267.41
22:03:30,server_4,1003.2,1271.89
22:03:30,server_10,135.0,123.34
22:03:30,server_6,860.72,1181.11
22:03:30,server_7,269.21,339.02
22:03:30,server_8,415.63,567.12
22:03:30,server_5,954.58,844.39
22:03:35,server_11,972.64,917.87
22:03:35,server_19,516.37,335.09
22:03:35,server_18,507.62,253.99
22:03:35,server_17,911.15,549.29
22:03:35,server_16,159.28,155.53
22:03:35,server_15,257.29,188.2
22:03:35,server_14,924.84,911.84
22:03:35,server_13,945.25,794.96
22:03:35,server_12,456.2,684.04
22:03:35,server_20,110.16,157.07
22:03:35,server_10,253.91,308.34
22:03:35,server_8,667.19,876.58
22:03:35,server_9,943.71,697.14
22:03:35,server_1,88.66,82.31
22:03:35,server_2,663.65,989.63
22:03:35,server_3,14959.0,15251.89
22:03:35,server_5,871.38,678.88
22:03:35,server_6,496.89,480.43
22:03:35,server_7,57.23,37.59
22:03:35,server_4,1593.1,1610.88
22:03:40,server_20,587.26,498.9
22:03:40,server_11,1794.93,1803.05
22:03:40,server_18,610.63,476.02
22:03:40,server_17,1042.19,1242.45
22:03:40,server_16,586.51,643.75
22:03:40,server_15,997.47,1375.18
22:03:40,server_14,487.16,441.66
22:03:40,server_13,16303.47,16843.04
22:03:40,server_12,50.57,37.08
22:03:40,server_19,317.79,403.4
22:03:40,server_10,65.67,96.4
22:03:40,server_8,4803.78,5352.74
22:03:40,server_1,80.29,93.81
22:03:40,server_2,864.47,1097.17
22:03:40,server_3,179.35,230.53
22:03:40,server_9,922.07,737.27
22:03:40,server_5,544.87,734.96
22:03:40,server_6,377.75,268.32
22:03:40,server_7,1030.08,934.34
22:03:40,server_4,371.35,478.02
22:03:45,server_20,364.13,298.45
22:03:45,server_19,913.59,1157.36
22:03:45,server_18,819.36,444.44
22:03:45,server_17,245.91,153.09
22:03:45,server_16,894.83,600.51
22:03:45,server_15,792.78,588.62
22:03:45,server_14,362.22,349.35
22:03:45,server_12,901.23,825.77
22:03:45,server_11,555.77,372.66
22:03:45,server_13,604.35,685.56
22:03:45,server_9,550.74,481.93
22:03:45,server_10,895.28,471.14
22:03:45,server_2,382.2,415.87
22:03:45,server_3,13073.14,14922.5
22:03:45,server_4,413.6,376.53
22:03:45,server_1,48.41,45.89
22:03:45,server_6,192.89,107.98
22:03:45,server_7,397.8,376.88
22:03:45,server_8,478.31,323.57
22:03:45,server_5,525.08,441.09
22:03:50,server_12,308.33,233.07
22:03:50,server_19,248.5,340.62
22:03:50,server_18,576.89,584.34
22:03:50,server_20,1011.16,1202.98
22:03:50,server_17,50.9,70.0
22:03:50,server_16,838.77,843.73
22:03:50,server_15,950.33,1139.33
22:03:50,server_14,396.95,287.68
22:03:50,server_13,6428.03,7406.04
22:03:50,server_11,12849.19,13456.03
22:03:50,server_3,999.21,737.94
22:03:50,server_9,333.12,169.98
22:03:50,server_10,888.62,797.05
22:03:50,server_2,1023.51,1123.05
22:03:50,server_4,943.57,1083.39
22:03:50,server_1,199.64,256.45
22:03:50,server_6,0.0,0.0
22:03:50,server_7,2225.05,2626.44
22:03:50,server_8,424.0,627.85
22:03:50,server_5,516.57,451.68
22:03:55,server_11,547.27,431.13
22:03:55,server_20,297.59,273.86
22:03:55,server_18,566.52,317.04
22:03:55,server_17,4161.36,4551.37
22:03:55,server_16,187.27,270.89
22:03:55,server_15,893.17,957.89
22:03:55,server_14,196.15,141.26
22:03:55,server_13,971.94,1426.02
22:03:55,server_12,91.49,95.01
22:03:55,server_19,549.68,738.13
22:03:55,server_10,95.88,95.91
22:03:55,server_8,361.33,409.39
22:03:55,server_1,728.67,971.46
22:03:55,server_2,880.71,466.83
22:03:55,server_3,192.75,195.49
22:03:55,server_9,989.08,1406.12
22:03:55,server_5,439.28,302.13
22:03:55,server_6,850.79,526.03
22:03:55,server_7,863.68,1160.23
22:03:55,server_4,569.42,426.37
22:04:00,server_12,281.96,279.45
22:04:00,server_19,360.53,479.0
22:04:00,server_18,873.79,741.8
22:04:00,server_17,676.37,965.99
22:04:00,server_16,276.92,270.51
22:04:00,server_15,115.41,109.12
22:04:00,server_14,621.91,716.95
22:04:00,server_13,335.81,427.2
22:04:00,server_11,931.93,1134.56
22:04:00,server_20,285.87,182.32
22:04:00,server_9,940.57,648.13
22:04:00,server_1,162.39,189.28
22:04:00,server_2,956.76,1297.11
22:04:00,server_3,5905.1,7062.96
22:04:00,server_4,1023.94,1221.43
22:04:00,server_10,967.38,638.75
22:04:00,server_6,794.25,692.89
22:04:00,server_7,976.6,930.03
22:04:00,server_8,1011.66,889.5
22:04:00,server_5,886.83,1113.38
22:04:05,server_11,896.37,1209.08
22:04:05,server_19,749.54,1039.58
22:04:05,server_18,154.97,90.9
22:04:05,server_17,477.27,567.37
22:04:05,server_16,103.2,89.48
22:04:05,server_15,356.68,520.06
22:04:05,server_14,5522.96,5197.93
22:04:05,server_13,347.32,373.06
22:04:05,server_12,2911.65,2872.47
22:04:05,server_20,286.81,201.74
22:04:05,server_10,22.71,13.28
22:04:05,server_8,935.97,1127.2
22:04:05,server_7,181.0,201.71
22:04:05,server_6,3779.24,4056.59
22:04:05,server_5,380.08,259.94
22:04:05,server_4,805.73,627.66
22:04:05,server_3,479.24,252.62
22:04:05,server_2,971.37,1189.98
22:04:05,server_1,654.2,756.76
22:04:05,server_9,3534.44,4092.73
22:04:10,server_14,17009.11,14716.86
22:04:10,server_15,598.27,634.67
22:04:10,server_16,353.98,316.59
22:04:10,server_13,892.03,937.38
22:04:10,server_18,992.9,725.44
22:04:10,server_19,451.47,283.3
22:04:10,server_20,368.09,508.71
22:04:10,server_17,194.66,254.0
22:04:10,server_12,5400.17,6044.16
22:04:10,server_11,3673.26,3473.76
22:04:10,server_1,450.95,636.81
22:04:10,server_9,19946.78,16793.33
22:04:10,server_8,1052.81,1091.88
22:04:10,server_7,3048.38,2822.56
22:04:10,server_6,849.23,1243.36
22:04:10,server_5,3151.49,3373.06
22:04:10,server_4,4729.52,5427.06
22:04:10,server_3,912.41,848.85
22:04:10,server_2,611.38,667.12
22:04:10,server_10,1003.73,962.8
22:04:15,server_14,1648.56,1588.3
22:04:15,server_15,206.21,206.1
22:04:15,server_16,199.19,185.86
22:04:15,server_17,426.79,389.98
22:04:15,server_10,466.88,544.02
22:04:15,server_19,776.11,749.03
22:04:15,server_20,373.34,366.82
22:04:15,server_13,919.56,1120.46
22:04:15,server_18,639.46,590.4
22:04:15,server_12,982.4,584.32
22:04:15,server_7,183.76,250.68
22:04:15,server_9,117.92,176.72
22:04:15,server_8,642.89,481.47
22:04:15,server_6,912.79,839.68
22:04:15,server_5,589.61,840.88
22:04:15,server_4,2454.0,2086.7
22:04:15,server_3,3658.63,4116.52
22:04:15,server_2,297.04,312.83
22:04:15,server_1,496.74,398.07
22:04:15,server_11,368.0,501.71
22:04:20,server_13,146.7,76.8
22:04:20,server_14,10995.8,9285.25
22:04:20,server_15,2645.04,2714.85
22:04:20,server_20,711.42,398.89
22:04:20,server_18,928.28,672.93
22:04:20,server_19,104.59,101.93
22:04:20,server_12,10.79,14.47
22:04:20,server_16,944.36,725.13
22:04:20,server_11,4348.57,4436.43
22:04:20,server_17,885.56,1326.41
22:04:20,server_9,19928.35,23717.36
22:04:20,server_8,11144.14,13060.75
22:04:20,server_7,925.38,987.31
22:04:20,server_6,659.51,611.05
22:04:20,server_5,921.74,965.79
22:04:20,server_4,734.5,961.67
22:04:20,server_1,558.69,714.76
22:04:20,server_3,346.43,230.19
22:04:20,server_2,1029.14,1015.11
22:04:20,server_10,679.9,663.35
22:04:25,server_13,13262.66,14184.04
22:04:25,server_14,155.51,127.57
22:04:25,server_15,632.68,729.27
22:04:25,server_20,14668.47,16912.81
22:04:25,server_18,455.61,479.22
22:04:25,server_19,230.94,218.49
22:04:25,server_12,550.58,775.05
22:04:25,server_16,3392.33,3564.8
22:04:25,server_11,564.63,304.32
22:04:25,server_17,962.63,1434.91
22:04:25,server_9,446.5,660.07
22:04:25,server_8,699.32,353.48
22:04:25,server_7,866.25,644.49
22:04:25,server_6,110.42,165.51
22:04:25,server_5,8788.78,7894.83
22:04:25,server_4,945.41,1169.78
22:04:25,server_3,906.47,818.31
22:04:25,server_2,3504.38,4029.68
22:04:25,server_1,722.78,369.0
22:04:25,server_10,307.03,199.43
22:04:30,server_13,223.01,126.35
22:04:30,server_14,1366.45,1136.17
22:04:30,server_15,11823.88,13867.92
22:04:30,server_20,380.77,552.58
22:04:30,server_17,12024.02,13499.48
22:04:30,server_18,7822.1,7048.83
22:04:30,server_19,652.96,881.1
22:04:30,server_12,141.93,112.17
22:04:30,server_16,233.1,236.07
22:04:30,server_11,1940.51,1966.11
22:04:30,server_7,650.45,599.89
22:04:30,server_9,103.2,145.2
22:04:30,server_8,934.71,1238.65
22:04:30,server_6,467.99,497.43
22:04:30,server_5,2555.63,2694.6
22:04:30,server_4,720.03,720.06
22:04:30,server_3,478.71,655.77
22:04:30,server_2,903.22,748.55
22:04:30,server_1,936.16,1383.82
22:04:30,server_10,967.89,1024.69
22:04:35,server_13,354.74,208.46
22:04:35,server_14,375.36,493.47
22:04:35,server_15,385.91,566.8
22:04:35,server_20,949.73,741.84
22:04:35,server_18,62.47,90.48
22:04:35,server_19,8.97,10.97
22:04:35,server_12,223.91,178.7
22:04:35,server_16,122.48,154.46
22:04:35,server_11,484.14,428.08
22:04:35,server_17,846.86,1252.93
22:04:35,server_9,427.72,571.05
22:04:35,server_2,814.65,711.39
22:04:35,server_3,308.11,245.23
22:04:35,server_1,60.75,60.93
22:04:35,server_4,1583.45,1831.55
22:04:35,server_10,893.08,1209.78
22:04:35,server_6,9029.37,10051.75
22:04:35,server_7,1771.64,1469.29
22:04:35,server_8,491.45,478.26
22:04:35,server_5,741.55,1012.27
22:04:40,server_12,773.68,879.17
22:04:40,server_19,940.6,845.05
22:04:40,server_18,556.49,816.64
22:04:40,server_17,462.63,437.08
22:04:40,server_16,354.88,516.92
22:04:40,server_15,12564.9,11200.29
22:04:40,server_14,353.15,514.16
22:04:40,server_13,493.83,417.77
22:04:40,server_11,27.43,31.57
22:04:40,server_20,303.55,402.35
22:04:40,server_9,706.42,517.27
22:04:40,server_1,881.41,1246.61
22:04:40,server_2,932.89,1092.29
22:04:40,server_3,448.38,431.71
22:04:40,server_4,987.89,541.67
22:04:40,server_10,606.53,746.87
22:04:40,server_6,602.78,543.57
22:04:40,server_7,973.7,1060.62
22:04:40,server_8,698.95,564.63
22:04:40,server_5,862.85,1063.31
22:04:45,server_11,178.89,94.56
22:04:45,server_19,177.4,224.49
22:04:45,server_18,14769.95,15628.93
22:04:45,server_17,17801.45,16743.87
22:04:45,server_16,530.06,516.44
22:04:45,server_15,10571.2,11680.27
22:04:45,server_14,2633.56,3023.15
22:04:45,server_13,10129.35,11100.36
22:04:45,server_12,861.06,542.03
22:04:45,server_20,647.74,838.14
22:04:45,server_10,640.35,867.83
22:04:45,server_8,414.35,613.15
22:04:45,server_7,809.82,578.06
22:04:45,server_6,114.49,87.93
22:04:45,server_5,1005.52,1149.59
22:04:45,server_4,892.86,654.83
22:04:45,server_3,2513.86,2600.84
22:04:45,server_2,404.67,253.05
22:04:45,server_1,496.42,539.95
22:04:45,server_9,215.55,207.38
22:04:50,server_13,14408.09,15741.12
22:04:50,server_20,350.93,225.79
22:04:50,server_14,1455.65,1463.63
22:04:50,server_15,18362.8,19582.3
22:04:50,server_19,872.69,1093.82
22:04:50,server_17,653.21,587.88
22:04:50,server_18,4266.19,3413.61
22:04:50,server_12,863.58,1100.66
22:04:50,server_16,604.01,816.66
22:04:50,server_11,689.06,862.15
22:04:50,server_7,528.3,708.73
22:04:50,server_9,641.5,674.77
22:04:50,server_8,9646.2,11041.22
22:04:50,server_6,777.39,895.97
22:04:50,server_5,1033.13,1054.02
22:04:50,server_4,9445.68,9739.77
22:04:50,server_3,562.82,678.95
22:04:50,server_2,18497.08,17086.19
22:04:50,server_1,395.84,378.36
22:04:50,server_10,194.04,182.91
22:04:55,server_13,27.53,37.61
22:04:55,server_14,3258.71,3203.09
22:04:55,server_15,786.91,562.13
22:04:55,server_20,279.48,167.87
22:04:55,server_17,221.97,300.97
22:04:55,server_19,562.42,785.98
22:04:55,server_12,41.13,43.62
22:04:55,server_16,337.45,283.03
22:04:55,server_11,134.36,120.68
22:04:55,server_18,2908.16,3317.4
22:04:55,server_9,13971.45,15039.19
22:04:55,server_8,2950.37,3503.42
22:04:55,server_7,190.07,197.16
22:04:55,server_6,992.08,705.06
22:04:55,server_5,247.27,291.29
22:04:55,server_4,2905.91,2325.18
22:04:55,server_3,118.39,108.1
22:04:55,server_2,969.47,903.55
22:04:55,server_1,919.02,582.07
22:04:55,server_10,280.46,191.89
22:05:00,server_13,185.3,215.23
22:05:00,server_14,125.92,135.58
22:05:00,server_15,871.45,481.39
22:05:00,server_20,968.71,859.37
22:05:00,server_17,7934.2,7332.81
22:05:00,server_18,717.95,984.17
22:05:00,server_19,673.26,992.94
22:05:00,server_12,19007.46,20135.6
22:05:00,server_16,2093.01,2325.02
22:05:00,server_11,412.85,320.94
22:05:00,server_7,376.19,436.2
22:05:00,server_9,238.94,261.71
22:05:00,server_8,177.93,180.09
22:05:00,server_6,175.27,246.91
22:05:00,server_5,866.01,484.57
22:05:00,server_4,640.05,861.1
22:05:00,server_3,975.17,922.78
22:05:00,server_2,87.57,98.16
22:05:00,server_1,867.96,729.98
22:05:00,server_10,0.0,0.0
22:05:05,server_14,970.12,726.16
22:05:05,server_16,572.4,448.65
22:05:05,server_15,591.73,533.63
22:05:05,server_17,522.85,731.04
22:05:05,server_10,8024.88,9391.46
22:05:05,server_19,11652.69,13286.09
22:05:05,server_20,305.68,374.89
22:05:05,server_13,4796.07,5425.4
22:05:05,server_18,15380.71,15149.81
22:05:05,server_12,415.19,593.96
22:05:05,server_7,392.59,372.48
22:05:05,server_11,412.5,241.21
22:05:05,server_9,112.43,84.72
22:05:05,server_8,239.23,225.78
22:05:05,server_1,443.17,539.55
22:05:05,server_6,112.27,85.16
22:05:05,server_5,32.16,48.23
22:05:05,server_4,2072.29,2082.12
22:05:05,server_3,19163.92,19337.93
22:05:05,server_2,14040.23,13191.15
22:05:10,server_13,546.3,617.11
22:05:10,server_14,543.02,279.65
22:05:10,server_15,909.22,1016.96
22:05:10,server_16,228.54,177.03
22:05:10,server_20,182.19,258.61
22:05:10,server_18,904.04,552.79
22:05:10,server_19,59.21,50.16
22:05:10,server_12,292.65,254.39
22:05:10,server_17,671.25,437.18
22:05:10,server_11,125.95,75.62
22:05:10,server_10,333.19,293.82
22:05:10,server_9,606.22,654.25
22:05:10,server_2,10679.15,12606.41
22:05:10,server_3,204.37,220.89
22:05:10,server_4,19.36,15.92
22:05:10,server_1,101.09,138.59
22:05:10,server_6,993.45,1205.99
22:05:10,server_7,819.55,832.68
22:05:10,server_8,673.43,606.14
22:05:10,server_5,236.28,143.24
22:05:15,server_11,309.88,445.72
22:05:15,server_19,57.12,78.23
22:05:15,server_18,8230.08,7917.75
22:05:15,server_16,416.57,423.87
22:05:15,server_15,756.16,707.69
22:05:15,server_14,488.18,608.74
22:05:15,server_13,734.68,998.8
22:05:15,server_12,625.39,349.75
22:05:15,server_10,964.53,1164.71
22:05:15,server_20,1443.08,1306.28
22:05:15,server_8,0.0,0.0
22:05:15,server_9,541.68,799.34
22:05:15,server_1,915.14,480.12
22:05:15,server_2,585.0,329.62
22:05:15,server_3,13807.87,14807.83
22:05:15,server_17,886.27,1165.81
22:05:15,server_5,0.0,0.0
22:05:15,server_6,8179.45,7662.41
22:05:15,server_4,378.7,323.52
22:05:15,server_7,964.47,827.93
22:05:20,server_20,680.62,411.61
22:05:20,server_19,633.93,607.58
22:05:20,server_18,931.58,955.7
22:05:20,server_16,80.28,105.45
22:05:20,server_15,706.65,727.13
22:05:20,server_14,1931.99,1885.47
22:05:20,server_13,600.74,866.3
22:05:20,server_12,187.38,182.1
22:05:20,server_11,1715.45,1718.42
22:05:20,server_17,3231.5,3492.51
22:05:20,server_9,10354.55,8650.55
22:05:20,server_8,274.05,241.18
22:05:20,server_7,1346.45,1285.14
22:05:20,server_6,246.11,220.72
22:05:20,server_5,179.09,131.87
22:05:20,server_4,72.46,56.9
22:05:20,server_3,214.62,287.19
22:05:20,server_2,514.59,731.92
22:05:20,server_1,142.68,142.21
22:05:20,server_10,2812.79,3294.02
22:05:25,server_13,17.86,23.72
22:05:25,server_14,670.46,939.04
22:05:25,server_15,11916.41,14101.44
22:05:25,server_20,307.65,329.91
22:05:25,server_17,592.25,667.79
22:05:25,server_18,277.12,187.46
22:05:25,server_19,3020.69,2737.49
22:05:25,server_12,988.16,1471.7
22:05:25,server_16,206.99,258.48
22:05:25,server_11,13994.43,14900.86
22:05:25,server_7,937.65,814.2
22:05:25,server_9,443.0,407.57
22:05:25,server_8,14282.87,16338.24
22:05:25,server_6,326.9,321.95
22:05:25,server_5,12322.53,12696.2
22:05:25,server_4,500.24,474.03
22:05:25,server_3,565.39,787.21
22:05:25,server_2,0.0,0.0
22:05:25,server_1,17000.37,15992.36
22:05:25,server_10,530.96,351.7
22:05:30,server_13,21.67,27.66
22:05:30,server_14,440.26,325.16
22:05:30,server_15,916.31,1250.26
22:05:30,server_17,44.87,40.1
22:05:30,server_19,561.21,490.05
22:05:30,server_20,838.6,727.98
22:05:30,server_12,386.89,197.59
22:05:30,server_18,238.92,148.79
22:05:30,server_11,915.6,615.14
22:05:30,server_16,88.27,86.01
22:05:30,server_9,13018.02,11802.33
22:05:30,server_2,634.98,609.55
22:05:30,server_3,886.46,645.93
22:05:30,server_4,133.36,166.5
22:05:30,server_10,489.27,513.17
22:05:30,server_1,854.08,1104.51
22:05:30,server_6,762.75,1108.59
22:05:30,server_7,628.36,684.14
22:05:30,server_8,360.13,533.88
22:05:30,server_5,660.19,926.92
22:05:35,server_12,989.9,514.79
22:05:35,server_19,81.28,92.92
22:05:35,server_18,170.7,247.77
22:05:35,server_17,386.36,270.77
22:05:35,server_16,8547.29,9844.43
22:05:35,server_15,852.08,1055.88
22:05:35,server_14,192.06,234.96
22:05:35,server_13,606.17,607.87
22:05:35,server_11,19870.84,19046.95
22:05:35,server_20,658.76,928.38
22:05:35,server_9,17358.14,16245.11
22:05:35,server_1,239.26,320.64
22:05:35,server_2,480.18,306.37
22:05:35,server_3,901.11,1308.23
22:05:35,server_4,854.55,826.02
22:05:35,server_10,13099.98,14684.21
22:05:35,server_6,960.15,1027.06
22:05:35,server_7,1343.88,1585.63
22:05:35,server_8,37.97,36.38
22:05:35,server_5,507.0,401.77
22:05:40,server_11,285.19,418.41
22:05:40,server_19,629.85,919.56
22:05:40,server_18,744.17,550.9
22:05:40,server_17,926.93,946.47
22:05:40,server_16,563.35,708.82
22:05:40,server_15,770.03,966.71
22:05:40,server_14,4817.53,4874.53
22:05:40,server_13,0.0,0.0
22:05:40,server_12,15409.95,13109.95
22:05:40,server_20,3061.77,3390.52
22:05:40,server_10,12889.6,10664.91
22:05:40,server_8,29.29,43.69
22:05:40,server_7,196.77,258.68
22:05:40,server_6,924.25,725.68
22:05:40,server_5,1250.51,1468.34
22:05:40,server_4,15010.17,16530.31
22:05:40,server_3,937.43,964.83
22:05:40,server_2,283.96,320.98
22:05:40,server_1,85.34,96.05
22:05:40,server_9,950.43,1174.36
22:05:45,server_13,892.2,1094.66
22:05:45,server_14,432.24,408.76
22:05:45,server_15,134.71,101.27
22:05:45,server_20,3.12,2.32
22:05:45,server_19,108.11,85.81
22:05:45,server_17,15140.66,18025.03
22:05:45,server_18,540.12,787.97
22:05:45,server_12,103.93,124.85
22:05:45,server_16,460.49,404.3
22:05:45,server_11,556.39,629.55
22:05:45,server_5,129.63,171.48
22:05:45,server_9,955.71,1243.24
22:05:45,server_8,56.22,69.6
22:05:45,server_7,28.99,18.8
22:05:45,server_6,1068.82,1112.01
22:05:45,server_4,167.62,231.4
22:05:45,server_3,498.38,683.41
22:05:45,server_2,640.78,746.6
22:05:45,server_1,349.27,289.28
22:05:45,server_10,18005.33,19005.24
22:05:50,server_13,946.72,808.17
22:05:50,server_14,4918.97,5192.8
22:05:50,server_15,587.32,856.69
22:05:50,server_20,549.49,552.98
22:05:50,server_18,873.67,1287.28
22:05:50,server_19,58.41,68.12
22:05:50,server_12,104.81,74.58
22:05:50,server_17,27.36,28.3
22:05:50,server_11,317.23,313.26
22:05:50,server_16,641.38,321.06
22:05:50,server_9,657.02,341.22
22:05:50,server_8,546.56,763.79
22:05:50,server_7,871.13,986.59
22:05:50,server_6,20.94,17.55
22:05:50,server_5,621.47,733.68
22:05:50,server_4,388.12,474.78
22:05:50,server_3,632.08,358.47
22:05:50,server_2,37.29,42.09
22:05:50,server_1,16585.44,16617.31
22:05:50,server_10,514.09,477.34
22:05:55,server_12,849.27,1043.95
22:05:55,server_13,668.33,891.45
22:05:55,server_14,272.37,358.94
22:05:55,server_18,8944.96,9196.53
22:05:55,server_16,1236.77,1127.75
22:05:55,server_17,622.03,854.72
22:05:55,server_11,665.43,730.75
22:05:55,server_15,3180.74,3008.33
22:05:55,server_10,986.22,711.92
22:05:55,server_5,120.0,126.25
22:05:55,server_8,273.95,195.58
22:05:55,server_7,562.28,826.31
22:05:55,server_6,891.65,1224.56
22:05:55,server_4,12592.06,14042.58
22:05:55,server_3,535.86,357.24
22:05:55,server_2,233.94,254.74
22:05:55,server_1,1734.41,1768.76
22:05:55,server_19,277.19,244.75
22:05:55,server_9,4410.99,4949.13
22:05:55,server_20,306.45,221.91
22:06:00,server_13,592.68,339.53
22:06:00,server_14,501.05,541.26
22:06:00,server_15,94.44,52.94
22:06:00,server_20,5539.29,4635.67
22:06:00,server_18,283.34,195.22
22:06:00,server_19,396.75,254.29
22:06:00,server_12,969.85,741.52
22:06:00,server_16,202.22,254.8
22:06:00,server_11,145.69,122.0
22:06:00,server_17,376.95,531.0
22:06:00,server_9,932.85,1163.93
22:06:00,server_2,836.71,928.35
22:06:00,server_3,507.48,373.99
22:06:00,server_10,800.17,550.42
22:06:00,server_4,359.77,463.87
22:06:00,server_1,2685.25,2739.94
22:06:00,server_6,790.98,1111.04
22:06:00,server_7,336.56,329.31
22:06:00,server_8,1377.73,1412.47
22:06:00,server_5,0.0,0.0
22:06:05,server_12,527.85,704.58
22:06:05,server_20,1048.71,548.35
22:06:05,server_19,205.57,245.08
22:06:05,server_18,3072.83,2858.93
22:06:05,server_17,10408.06,10763.52
22:06:05,server_16,66.39,94.34
22:06:05,server_15,17668.81,16388.6
22:06:05,server_14,298.0,351.57
22:06:05,server_13,94.56,79.76
22:06:05,server_11,846.13,634.47
22:06:05,server_10,556.05,285.09
22:06:05,server_9,1385.61,1179.86
22:06:05,server_2,868.18,1213.95
22:06:05,server_3,991.17,1147.81
22:06:05,server_4,978.97,897.49
22:06:05,server_1,52.81,40.78
22:06:05,server_6,354.99,289.37
22:06:05,server_7,320.4,396.05
22:06:05,server_8,15145.39,12211.53
22:06:05,server_5,30.65,28.89
22:06:10,server_12,978.92,993.18
22:06:10,server_19,882.99,1250.15
22:06:10,server_18,774.32,630.7
22:06:10,server_17,1691.19,1480.06
22:06:10,server_16,977.93,1021.42
22:06:10,server_15,559.56,387.92
22:06:10,server_14,978.62,1144.51
22:06:10,server_13,918.05,1241.76
22:06:10,server_11,1037.71,1361.92
22:06:10,server_20,0.0,0.0
22:06:10,server_9,850.91,618.17
22:06:10,server_1,517.99,291.04
22:06:10,server_2,661.86,908.91
22:06:10,server_3,898.68,605.15
22:06:10,server_4,178.53,261.21
22:06:10,server_10,71.63,72.05
22:06:10,server_6,165.21,193.17
22:06:10,server_7,508.69,667.44
22:06:10,server_8,2141.35,2474.43
22:06:10,server_5,905.0,1187.85
22:06:15,server_12,404.3,570.61
22:06:15,server_19,951.11,775.04
22:06:15,server_18,72.84,45.66
22:06:15,server_17,284.63,295.0
22:06:15,server_16,5352.42,4351.67
22:06:15,server_15,429.92,544.61
22:06:15,server_14,852.25,593.53
22:06:15,server_13,259.98,161.06
22:06:15,server_11,136.9,185.19
22:06:15,server_20,870.4,752.79
22:06:15,server_9,520.02,688.49
22:06:15,server_1,241.51,207.3
22:06:15,server_2,797.87,479.83
22:06:15,server_3,953.92,1285.3
22:06:15,server_4,211.15,299.63
22:06:15,server_10,130.84,152.5
22:06:15,server_6,857.03,879.94
22:06:15,server_7,1074.77,1153.36
22:06:15,server_8,348.21,423.98
22:06:15,server_5,181.02,100.13
22:06:20,server_11,188.66,196.33
22:06:20,server_19,684.82,607.24
22:06:20,server_18,461.24,399.64
22:06:20,server_17,3376.96,3293.24
22:06:20,server_16,3391.65,3526.07
22:06:20,server_15,175.84,187.23
22:06:20,server_14,3122.14,3510.74
22:06:20,server_13,533.83,690.38
22:06:20,server_12,6652.55,6099.35
22:06:20,server_20,34.03,41.56
22:06:20,server_10,191.79,255.43
22:06:20,server_8,961.3,1267.17
22:06:20,server_7,846.07,1109.24
22:06:20,server_6,777.52,676.13
22:06:20,server_5,464.43,479.27
22:06:20,server_4,14046.52,11893.54
22:06:20,server_3,287.77,161.95
22:06:20,server_2,401.92,460.65
22:06:20,server_1,303.47,211.04
22:06:20,server_9,357.86,502.32
22:06:25,server_13,843.61,945.24
22:06:25,server_14,930.54,951.1
22:06:25,server_15,926.17,554.69
22:06:25,server_12,453.94,243.15
22:06:25,server_17,519.98,639.6
22:06:25,server_18,895.45,586.13
22:06:25,server_19,1183.02,1094.56
22:06:25,server_16,602.67,702.52
22:06:25,server_11,119.13,93.87
22:06:25,server_20,60.17,74.01
22:06:25,server_9,567.0,772.89
22:06:25,server_1,282.43,227.36
22:06:25,server_2,80.27,48.21
22:06:25,server_3,357.36,320.04
22:06:25,server_4,1019.0,848.69
22:06:25,server_10,459.22,249.63
22:06:25,server_6,1056.32,957.45
22:06:25,server_7,659.93,723.3
22:06:25,server_8,30.52,35.01
22:06:25,server_5,341.9,505.36
22:06:30,server_19,307.83,435.81
22:06:30,server_18,929.63,701.76
22:06:30,server_17,835.19,1086.91
22:06:30,server_16,4771.95,4500.49
22:06:30,server_15,533.65,761.33
22:06:30,server_14,4811.84,4114.99
22:06:30,server_13,524.43,688.68
22:06:30,server_12,7101.6,7510.88
22:06:30,server_11,592.84,433.16
22:06:30,server_20,17273.23,14525.66
22:06:30,server_9,1598.47,1496.43
22:06:30,server_1,515.33,652.84
22:06:30,server_2,5834.84,4853.34
22:06:30,server_3,3797.91,4188.69
22:06:30,server_4,8390.6,9076.94
22:06:30,server_10,986.88,1066.37
22:06:30,server_6,62.83,75.02
22:06:30,server_7,347.54,189.06
22:06:30,server_8,12049.04,10848.04
22:06:30,server_5,76.77,50.71
22:06:35,server_11,616.38,684.23
22:06:35,server_19,452.38,629.73
22:06:35,server_18,442.5,483.28
22:06:35,server_17,132.37,132.34
22:06:35,server_16,23.12,14.4
22:06:35,server_15,451.93,597.25
22:06:35,server_14,44.16,65.57
22:06:35,server_13,514.65,535.48
22:06:35,server_12,1018.6,778.48
22:06:35,server_20,619.73,845.43
22:06:35,server_10,1357.79,1533.69
22:06:35,server_8,1702.17,1693.45
22:06:35,server_9,16758.27,19587.86
22:06:35,server_1,13074.08,15141.42
22:06:35,server_2,268.6,399.82
22:06:35,server_3,9.68,9.91
22:06:35,server_5,390.76,501.5
22:06:35,server_6,1009.93,669.97
22:06:35,server_7,524.78,547.55
22:06:35,server_4,123.82,126.66
22:06:40,server_20,155.41,111.19
22:06:40,server_11,856.2,699.45
22:06:40,server_18,161.29,82.73
22:06:40,server_17,634.62,589.68
22:06:40,server_16,674.88,474.91
22:06:40,server_15,303.79,185.8
22:06:40,server_14,324.81,487.06
22:06:40,server_13,14350.14,17008.32
22:06:40,server_12,875.89,579.45
22:06:40,server_19,214.06,182.76
22:06:40,server_10,508.59,759.73
22:06:40,server_8,172.2,197.38
22:06:40,server_1,917.9,1113.0
22:06:40,server_2,94.58,139.33
22:06:40,server_3,191.52,249.19
22:06:40,server_9,973.76,808.82
22:06:40,server_5,326.08,270.22
22:06:40,server_6,516.02,726.73
22:06:40,server_7,2.13,2.86
22:06:40,server_4,304.67,420.45
22:06:45,server_12,288.11,204.6
22:06:45,server_19,2128.28,1965.61
22:06:45,server_18,523.39,455.79
22:06:45,server_17,126.58,175.98
22:06:45,server_16,1446.13,1438.05
22:06:45,server_15,413.64,596.09
22:06:45,server_14,938.61,1040.42
22:06:45,server_13,586.36,391.84
22:06:45,server_11,907.45,737.44
22:06:45,server_20,389.58,445.44
22:06:45,server_9,1100.49,1480.05
22:06:45,server_1,183.09,210.57
22:06:45,server_2,808.14,839.95
22:06:45,server_3,1060.74,1065.32
22:06:45,server_4,971.5,1019.24
22:06:45,server_10,329.52,166.44
22:06:45,server_6,96.03,88.67
22:06:45,server_7,7542.28,9046.88
22:06:45,server_8,181.71,179.16
22:06:45,server_5,1455.34,1510.15
22:06:50,server_11,6.54,3.36
22:06:50,server_19,15941.98,14115.25
22:06:50,server_18,147.17,135.22
22:06:50,server_17,386.5,223.16
22:06:50,server_16,901.27,944.68
22:06:50,server_15,10518.65,9088.61
22:06:50,server_14,216.73,314.55
22:06:50,server_13,3755.92,3543.61
22:06:50,server_12,949.11,993.34
22:06:50,server_20,257.36,187.85
22:06:50,server_10,777.97,504.1
22:06:50,server_8,245.56,325.45
22:06:50,server_7,0.0,0.0
22:06:50,server_6,402.62,484.29
22:06:50,server_5,4129.88,3330.77
22:06:50,server_4,75.1,111.72
22:06:50,server_3,967.86,1311.59
22:06:50,server_2,495.33,712.81
22:06:50,server_1,443.47,585.43
22:06:50,server_9,19504.73,20785.78
22:06:55,server_13,2209.14,2064.93
22:06:55,server_14,5474.2,6220.35
22:06:55,server_15,294.89,150.0
22:06:55,server_12,930.0,992.42
22:06:55,server_20,1347.44,1484.02
22:06:55,server_18,14.95,11.9
22:06:55,server_19,30.02,36.95
22:06:55,server_16,135.92,80.96
22:06:55,server_11,4551.53,3893.89
22:06:55,server_17,161.74,225.27
22:06:55,server_9,337.1,261.15
22:06:55,server_1,893.7,812.63
22:06:55,server_2,245.11,282.25
22:06:55,server_3,349.06,451.06
22:06:55,server_4,4798.35,5206.16
22:06:55,server_10,0.36,0.48
22:06:55,server_6,163.48,190.28
22:06:55,server_7,262.54,213.88
22:06:55,server_8,38.44,53.87
22:06:55,server_5,4094.75,4880.7
22:07:00,server_12,911.52,976.06
22:07:00,server_19,418.07,257.54
22:07:00,server_18,16137.17,17760.14
22:07:00,server_17,362.09,495.18
22:07:00,server_16,13245.23,15077.12
22:07:00,server_15,241.23,219.2
22:07:00,server_14,461.81,392.87
22:07:00,server_13,381.63,264.54
22:07:00,server_11,0.0,0.0
22:07:00,server_20,428.24,325.52
22:07:00,server_9,171.4,106.9
22:07:00,server_1,242.52,268.6
22:07:00,server_2,154.01,139.1
22:07:00,server_3,19016.51,16555.71
22:07:00,server_4,323.89,432.38
22:07:00,server_10,820.07,1104.06
22:07:00,server_6,508.07,332.78
22:07:00,server_7,426.23,299.94
22:07:00,server_8,490.75,563.87
22:07:00,server_5,72.67,102.39
22:07:05,server_11,303.88,272.42
22:07:05,server_19,103.26,106.69
22:07:05,server_18,551.55,321.34
22:07:05,server_17,17071.24,17571.69
22:07:05,server_16,554.1,571.65
22:07:05,server_15,489.4,383.2
22:07:05,server_14,178.71,214.23
22:07:05,server_13,323.37,457.79
22:07:05,server_12,385.96,446.62
22:07:05,server_20,2576.62,2597.92
22:07:05,server_10,696.75,974.75
22:07:05,server_8,588.59,841.4
22:07:05,server_7,3021.91,2914.81
22:07:05,server_6,6979.13,7298.65
22:07:05,server_5,601.54,891.1
22:07:05,server_4,650.77,750.98
22:07:05,server_3,15010.58,15311.75
22:07:05,server_2,507.14,476.38
22:07:05,server_1,339.25,307.44
22:07:05,server_9,490.7,302.45
22:07:10,server_13,890.41,546.42
22:07:10,server_14,388.83,568.63
22:07:10,server_15,5817.34,5864.46
22:07:10,server_16,938.17,808.42
22:07:10,server_20,17925.06,18218.37
22:07:10,server_18,867.23,894.12
22:07:10,server_19,530.93,626.77
22:07:10,server_12,88.56,94.74
22:07:10,server_17,455.87,583.06
22:07:10,server_11,970.49,1209.64
22:07:10,server_10,315.55,269.12
22:07:10,server_9,387.01,556.4
22:07:10,server_2,960.18,748.96
22:07:10,server_3,157.9,229.83
22:07:10,server_4,3909.93,4166.57
22:07:10,server_1,976.59,585.72
22:07:10,server_6,59.52,65.85
22:07:10,server_7,522.07,628.73
22:07:10,server_8,317.13,218.35
22:07:10,server_5,212.44,276.64
22:07:15,server_13,368.3,499.49
22:07:15,server_20,311.16,415.5
22:07:15,server_19,890.15,1319.02
22:07:15,server_18,480.02,520.68
22:07:15,server_17,383.47,367.21
22:07:15,server_16,50.89,34.43
22:07:15,server_15,494.99,384.69
22:07:15,server_14,15685.59,14013.69
22:07:15,server_12,5529.12,5621.68
22:07:15,server_11,75.77,106.49
22:07:15,server_1,356.31,242.67
22:07:15,server_9,11506.22,11878.59
22:07:15,server_8,710.98,785.31
22:07:15,server_7,494.76,297.59
22:07:15,server_6,28.43,25.79
22:07:15,server_5,19984.04,21491.14
22:07:15,server_4,403.82,311.6
22:07:15,server_3,30.45,17.7
22:07:15,server_2,16474.16,17756.62
22:07:15,server_10,16797.39,18080.19
22:07:20,server_13,24.76,19.03
22:07:20,server_14,796.03,785.41
22:07:20,server_15,654.31,400.7
22:07:20,server_16,108.12,146.88
22:07:20,server_12,2566.45,3018.04
22:07:20,server_18,119.96,120.59
22:07:20,server_19,768.18,641.9
22:07:20,server_20,905.85,468.17
22:07:20,server_17,252.69,368.19
22:07:20,server_11,396.55,483.87
22:07:20,server_1,1021.25,554.72
22:07:20,server_9,18387.78,15447.84
22:07:20,server_8,625.78,503.62
22:07:20,server_7,344.21,260.09
22:07:20,server_6,699.64,549.01
22:07:20,server_5,844.45,1115.36
22:07:20,server_4,12106.57,11656.38
22:07:20,server_3,1140.82,1320.99
22:07:20,server_2,45.38,67.68
22:07:20,server_10,16181.18,13980.18
22:07:25,server_13,4655.06,3970.67
22:07:25,server_20,72.14,73.82
22:07:25,server_14,6944.31,8289.83
22:07:25,server_15,352.21,415.6
22:07:25,server_19,0.0,0.0
22:07:25,server_17,847.28,779.49
22:07:25,server_18,10630.25,9722.25
22:07:25,server_12,180.07,252.28
22:07:25,server_16,16498.6,18473.03
22:07:25,server_11,13456.51,12541.89
22:07:25,server_7,12138.55,10744.23
22:07:25,server_9,3922.78,3824.53
22:07:25,server_1,566.53,323.46
22:07:25,server_2,446.96,248.21
22:07:25,server_3,332.76,339.05
22:07:25,server_10,761.71,581.34
22:07:25,server_5,438.05,570.31
22:07:25,server_6,177.26,217.93
22:07:25,server_8,876.9,1063.15
22:07:25,server_4,656.86,734.69
22:07:30,server_13,89.64,46.28
22:07:30,server_20,4582.58,4643.55
22:07:30,server_19,702.9,950.19
22:07:30,server_18,1015.44,1324.12
22:07:30,server_17,107.62,109.94
22:07:30,server_16,300.67,375.17
22:07:30,server_15,13759.83,11776.75
22:07:30,server_14,867.68,641.26
22:07:30,server_12,37.94,35.94
22:07:30,server_11,96.17,73.8
22:07:30,server_1,245.26,123.14
22:07:30,server_9,820.85,776.62
22:07:30,server_8,18176.32,18634.69
22:07:30,server_7,4987.58,5293.17
22:07:30,server_6,628.57,572.34
22:07:30,server_5,1330.93,1272.16
22:07:30,server_4,2000.69,1755.22
22:07:30,server_3,1226.7,1185.23
22:07:30,server_2,291.66,186.25
22:07:30,server_10,960.62,681.05
22:07:35,server_13,563.39,284.33
22:07:35,server_14,10005.98,9787.42
22:07:35,server_15,586.0,673.63
22:07:35,server_16,808.51,809.37
22:07:35,server_12,349.69,469.33
22:07:35,server_18,1773.35,1495.54
22:07:35,server_19,17914.12,20492.27
22:07:35,server_20,928.07,1381.51
22:07:35,server_17,364.03,407.43
22:07:35,server_11,144.28,105.53
22:07:35,server_1,395.16,562.7
22:07:35,server_9,290.04,411.14
22:07:35,server_8,588.77,327.99
22:07:35,server_7,7239.61,6006.46
22:07:35,server_6,108.42,148.57
22:07:35,server_5,12226.14,12745.07
22:07:35,server_4,179.83,90.15
22:07:35,server_3,3542.68,3727.35
22:07:35,server_2,627.99,610.44
22:07:35,server_10,1171.31,1054.9
22:07:40,server_20,142.87,98.67
22:07:40,server_13,125.46,157.52
22:07:40,server_14,478.27,247.31
22:07:40,server_15,296.72,366.0
22:07:40,server_19,900.23,1323.21
22:07:40,server_17,296.61,238.52
22:07:40,server_18,546.13,597.06
22:07:40,server_12,349.99,386.94
22:07:40,server_16,254.37,303.27
22:07:40,server_11,946.22,524.55
22:07:40,server_8,60.17,69.47
22:07:40,server_9,19334.78,15581.81
22:07:40,server_7,390.19,578.25
22:07:40,server_6,381.92,278.12
22:07:40,server_5,971.02,1325.04
22:07:40,server_4,101.02,85.95
22:07:40,server_3,384.7,421.35
22:07:40,server_2,11657.42,10467.45
22:07:40,server_1,139.09,204.64
22:07:40,server_10,67.09,45.52
22:07:45,server_13,653.77,858.35
22:07:45,server_14,754.25,992.07
22:07:45,server_15,73.85,44.94
22:07:45,server_20,16696.06,18597.29
22:07:45,server_17,3085.14,2756.89
22:07:45,server_19,1050.67,1444.98
22:07:45,server_12,27.99,19.32
22:07:45,server_16,335.18,182.57
22:07:45,server_11,1033.93,717.27
22:07:45,server_18,5077.53,5358.12
22:07:45,server_9,130.83,170.72
22:07:45,server_8,7420.92,8777.89
22:07:45,server_7,12326.47,12358.52
22:07:45,server_6,341.16,354.56
22:07:45,server_5,433.89,417.82
22:07:45,server_4,554.56,721.58
22:07:45,server_3,3073.6,3232.71
22:07:45,server_2,3105.19,3664.91
22:07:45,server_1,6629.19,6213.9
22:07:45,server_10,121.98,142.13
22:07:50,server_13,779.63,994.99
22:07:50,server_14,189.37,226.7
22:07:50,server_15,840.16,427.46
22:07:50,server_20,78.86,62.2
22:07:50,server_17,799.72,1193.9
22:07:50,server_18,186.86,124.22
22:07:50,server_19,177.15,170.85
22:07:50,server_12,289.62,337.17
22:07:50,server_16,870.5,614.61
22:07:50,server_11,222.75,220.98
22:07:50,server_7,892.75,1255.72
22:07:50,server_9,744.66,1000.37
22:07:50,server_8,341.28,320.11
22:07:50,server_6,114.42,129.77
22:07:50,server_5,538.64,574.05
22:07:50,server_4,399.77,506.3
22:07:50,server_3,504.12,537.43
22:07:50,server_2,12468.03,12094.71
22:07:50,server_1,113.91,148.86
22:07:50,server_10,263.19,326.1
22:07:55,server_15,1087.28,1167.64
22:07:55,server_13,76.7,81.82
22:07:55,server_14,868.0,974.91
22:07:55,server_16,683.89,972.72
22:07:55,server_12,640.11,506.98
22:07:55,server_18,547.98,558.24
22:07:55,server_19,201.69,238.0
22:07:55,server_20,641.31,567.72
22:07:55,server_17,37.67,20.51
22:07:55,server_11,305.65,236.12
22:07:55,server_10,473.92,589.0
22:07:55,server_9,1023.5,1406.57
22:07:55,server_2,723.21,536.69
22:07:55,server_3,937.33,487.3
22:07:55,server_4,34.36,42.34
22:07:55,server_1,536.6,684.4
22:07:55,server_6,173.54,249.76
22:07:55,server_7,695.68,881.4
22:07:55,server_8,2.12,1.32
22:07:55,server_5,22.64,25.31
22:08:00,server_12,196.65,131.52
22:08:00,server_19,72.42,80.17
22:08:00,server_18,244.38,290.28
22:08:00,server_17,9114.87,9225.49
22:08:00,server_16,960.18,881.25
22:08:00,server_15,38.66,38.04
22:08:00,server_14,433.91,499.71
22:08:00,server_13,938.54,1400.2
22:08:00,server_11,452.39,540.65
22:08:00,server_20,5686.97,5522.26
22:08:00,server_9,25.97,33.98
22:08:00,server_1,709.6,858.53
22:08:00,server_2,14671.1,13341.38
22:08:00,server_3,91.3,113.79
22:08:00,server_4,176.7,95.89
22:08:00,server_10,18118.8,20177.14
22:08:00,server_6,364.07,205.2
22:08:00,server_7,8.83,7.16
22:08:00,server_8,1546.36,1810.89
22:08:00,server_5,772.39,957.91
22:08:05,server_11,508.59,541.44
22:08:05,server_19,209.78,160.12
22:08:05,server_18,2305.97,2432.32
22:08:05,server_17,67.67,65.11
22:08:05,server_16,413.38,367.37
22:08:05,server_15,1011.44,709.47
22:08:05,server_14,424.92,256.96
22:08:05,server_13,65.16,83.78
22:08:05,server_12,378.48,462.22
22:08:05,server_20,641.16,762.26
22:08:05,server_10,2873.21,3233.53
22:08:05,server_8,582.92,628.68
22:08:05,server_7,961.9,979.1
22:08:05,server_6,770.19,979.96
22:08:05,server_5,177.45,233.35
22:08:05,server_4,16144.1,13899.73
22:08:05,server_3,3468.33,2969.27
22:08:05,server_2,2427.12,2226.44
22:08:05,server_1,737.44,394.55
22:08:05,server_9,463.27,572.29
22:08:10,server_14,160.69,212.2
22:08:10,server_15,194.57,189.94
22:08:10,server_16,1043.93,1108.4
22:08:10,server_13,920.63,1059.58
22:08:10,server_18,4871.89,5138.66
22:08:10,server_19,689.02,369.79
22:08:10,server_20,4770.98,4272.27
22:08:10,server_17,12295.54,10790.82
22:08:10,server_12,643.07,712.85
22:08:10,server_11,968.54,526.64
22:08:10,server_1,312.94,330.96
22:08:10,server_9,511.49,540.51
22:08:10,server_8,4606.78,4214.49
22:08:10,server_7,299.2,347.54
22:08:10,server_6,440.06,626.06
22:08:10,server_5,482.03,278.65
22:08:10,server_4,17954.83,21270.01
22:08:10,server_3,923.94,555.49
22:08:10,server_2,3919.06,4486.06
22:08:10,server_10,784.8,1060.13
22:08:15,server_13,390.13,394.65
22:08:15,server_14,3730.86,3607.73
22:08:15,server_15,663.01,650.7
22:08:15,server_20,933.26,699.1
22:08:15,server_18,390.26,546.23
22:08:15,server_19,985.7,1426.11
22:08:15,server_12,116.11,168.33
22:08:15,server_16,961.77,1212.27
22:08:15,server_11,935.86,1073.84
22:08:15,server_17,326.16,435.69
22:08:15,server_9,26.35,35.33
22:08:15,server_10,637.02,651.49
22:08:15,server_2,619.1,620.6
22:08:15,server_3,186.38,220.97
22:08:15,server_4,185.26,191.73
22:08:15,server_1,3524.93,2949.59
22:08:15,server_6,0.0,0.0
22:08:15,server_7,3857.22,4254.94
22:08:15,server_8,699.59,643.06
22:08:15,server_5,369.89,542.87
22:08:20,server_20,395.41,254.36
22:08:20,server_12,3364.49,2864.09
22:08:20,server_19,2014.81,2282.0
22:08:20,server_18,448.02,340.22
22:08:20,server_17,122.33,99.76
22:08:20,server_16,923.71,762.4
22:08:20,server_15,375.94,360.33
22:08:20,server_14,851.13,780.53
22:08:20,server_13,195.27,229.68
22:08:20,server_11,931.78,478.29
22:08:20,server_7,235.24,339.71
22:08:20,server_9,71.46,82.92
22:08:20,server_8,998.85,586.18
22:08:20,server_6,13991.78,13043.92
22:08:20,server_5,315.83,224.45
22:08:20,server_4,740.8,839.44
22:08:20,server_3,4682.04,5343.38
22:08:20,server_2,110.51,64.64
22:08:20,server_1,658.77,587.02
22:08:20,server_10,2955.53,2945.09
22:08:25,server_15,11358.85,10353.42
22:08:25,server_13,916.28,775.62
22:08:25,server_14,277.32,301.46
22:08:25,server_16,216.89,149.0
22:08:25,server_12,482.42,517.89
22:08:25,server_18,895.0,1100.73
22:08:25,server_19,533.47,638.33
22:08:25,server_20,220.14,130.75
22:08:25,server_17,915.19,758.6
22:08:25,server_11,418.17,260.77
22:08:25,server_1,575.61,757.63
22:08:25,server_9,67.29,77.62
22:08:25,server_2,42.24,53.05
22:08:25,server_3,1017.0,889.95
22:08:25,server_4,338.31,474.68
22:08:25,server_10,11185.02,13393.9
22:08:25,server_6,111.67,121.65
22:08:25,server_7,864.43,1288.22
22:08:25,server_8,13409.73,12450.89
22:08:25,server_5,466.69,371.5
22:08:30,server_13,756.34,1057.9
22:08:30,server_20,247.27,137.17
22:08:30,server_19,946.35,1150.64
22:08:30,server_18,575.0,603.8
22:08:30,server_17,250.69,219.87
22:08:30,server_16,237.76,262.09
22:08:30,server_15,898.87,1222.36
22:08:30,server_14,28.26,34.19
22:08:30,server_12,688.54,593.67
22:08:30,server_11,869.62,601.22
22:08:30,server_1,574.64,374.06
22:08:30,server_9,702.73,705.05
22:08:30,server_8,331.0,458.9
22:08:30,server_7,518.77,660.59
22:08:30,server_6,876.5,1197.22
22:08:30,server_5,191.2,126.41
22:08:30,server_4,121.27,137.1
22:08:30,server_3,8903.64,10079.51
22:08:30,server_2,162.04,180.75
22:08:30,server_10,479.78,503.27
22:08:35,server_13,402.8,341.23
22:08:35,server_14,217.89,210.12
22:08:35,server_15,603.51,409.49
22:08:35,server_16,16.58,20.64
22:08:35,server_12,167.86,190.92
22:08:35,server_18,377.15,466.04
22:08:35,server_19,0.0,0.0
22:08:35,server_20,1799.24,1499.89
22:08:35,server_17,750.29,885.2
22:08:35,server_11,4612.57,3865.71
22:08:35,server_1,6717.69,7264.62
22:08:35,server_9,9575.56,8258.18
22:08:35,server_8,287.33,149.33
22:08:35,server_7,1.41,1.07
22:08:35,server_6,1001.94,1279.79
22:08:35,server_5,116.27,149.35
22:08:35,server_4,13794.78,15077.73
22:08:35,server_3,12998.11,13333.45
22:08:35,server_2,647.66,403.08
22:08:35,server_10,922.98,844.35
22:08:40,server_13,533.67,655.58
22:08:40,server_14,753.47,941.44
22:08:40,server_15,865.39,1143.72
22:08:40,server_16,165.24,133.01
22:08:40,server_20,630.16,843.98
22:08:40,server_18,4111.8,4618.74
22:08:40,server_19,1048.96,1263.78
22:08:40,server_12,550.33,350.66
22:08:40,server_17,241.13,246.12
22:08:40,server_11,5529.44,5782.84
22:08:40,server_1,39.02,54.11
22:08:40,server_9,936.32,1399.48
22:08:40,server_2,460.38,270.56
22:08:40,server_3,471.23,676.6
22:08:40,server_4,423.5,471.27
22:08:40,server_10,128.97,157.48
22:08:40,server_6,15580.79,17155.68
22:08:40,server_7,164.72,156.86
22:08:40,server_8,3746.72,3931.73
22:08:40,server_5,853.05,651.85
22:08:45,server_12,304.02,301.68
22:08:45,server_19,4851.72,4016.5
22:08:45,server_18,267.23,149.79
22:08:45,server_17,828.68,473.78
22:08:45,server_16,338.63,474.91
22:08:45,server_15,157.02,84.99
22:08:45,server_14,569.63,780.05
22:08:45,server_13,684.5,536.23
22:08:45,server_20,111.14,73.74
22:08:45,server_11,550.54,340.14
22:08:45,server_9,915.45,1065.32
22:08:45,server_8,1005.75,1066.93
22:08:45,server_7,574.01,376.08
22:08:45,server_6,240.04,286.06
22:08:45,server_5,1028.22,1152.03
22:08:45,server_4,562.09,620.54
22:08:45,server_3,296.5,256.64
22:08:45,server_2,527.55,721.26
22:08:45,server_1,280.3,389.33
22:08:45,server_10,545.09,770.14
22:08:50,server_13,338.39,293.03
22:08:50,server_14,660.53,622.97
22:08:50,server_15,479.6,464.79
22:08:50,server_16,360.34,513.93
22:08:50,server_12,4765.32,4812.5
22:08:50,server_18,99.24,103.26
22:08:50,server_19,626.23,735.11
22:08:50,server_20,340.57,207.59
22:08:50,server_17,4973.67,5541.69
22:08:50,server_11,8323.49,9314.85
22:08:50,server_10,470.92,484.95
22:08:50,server_9,881.25,538.98
22:08:50,server_8,574.13,379.41
22:08:50,server_7,98.03,126.38
22:08:50,server_6,653.5,790.88
22:08:50,server_5,904.48,1282.13
22:08:50,server_4,174.82,169.7
22:08:50,server_3,661.51,707.76
22:08:50,server_2,875.29,926.95
22:08:50,server_1,156.01,194.14
22:08:55,server_13,3362.41,2962.25
22:08:55,server_14,685.47,669.72
22:08:55,server_15,623.5,447.87
22:08:55,server_16,349.81,497.72
22:08:55,server_20,834.94,839.46
22:08:55,server_18,305.83,413.58
22:08:55,server_19,149.83,118.78
22:08:55,server_12,675.45,892.31
22:08:55,server_17,15283.09,17476.35
22:08:55,server_11,5.46,4.5
22:08:55,server_10,6079.76,6039.52
22:08:55,server_9,2250.92,2069.92
22:08:55,server_2,4566.31,4401.68
22:08:55,server_3,13488.73,15433.02
22:08:55,server_4,958.07,1127.6
22:08:55,server_1,131.12,146.01
22:08:55,server_6,765.89,908.47
22:08:55,server_7,184.44,242.15
22:08:55,server_8,996.86,1016.8
22:08:55,server_5,3965.42,4256.99
22:09:00,server_12,1001.73,1175.06
22:09:00,server_19,299.4,356.82
22:09:00,server_18,303.01,380.04
22:09:00,server_17,256.45,317.66
22:09:00,server_16,558.02,299.05
22:09:00,server_15,1005.89,522.93
22:09:00,server_14,246.71,281.82
22:09:00,server_13,656.8,663.66
22:09:00,server_11,122.95,161.19
22:09:00,server_20,293.61,185.94
22:09:00,server_9,157.04,218.77
22:09:00,server_1,2288.59,1920.18
22:09:00,server_2,415.0,261.34
22:09:00,server_3,966.85,918.2
22:09:00,server_4,211.18,204.88
22:09:00,server_10,179.08,258.95
22:09:00,server_6,199.78,266.42
22:09:00,server_7,235.14,183.53
22:09:00,server_8,873.05,718.19
22:09:00,server_5,287.65,314.07
22:09:05,server_12,946.99,1312.57
22:09:05,server_19,877.11,805.23
22:09:05,server_18,125.88,159.32
22:09:05,server_17,556.74,739.68
22:09:05,server_16,207.47,212.04
22:09:05,server_15,3643.86,3704.34
22:09:05,server_14,624.74,562.41
22:09:05,server_13,1322.6,1344.47
22:09:05,server_11,114.69,62.17
22:09:05,server_20,559.38,825.79
22:09:05,server_9,193.92,263.93
22:09:05,server_1,387.0,275.18
22:09:05,server_2,198.03,206.48
22:09:05,server_3,1030.34,1066.11
22:09:05,server_4,321.0,435.25
22:09:05,server_10,610.52,652.25
22:09:05,server_6,454.79,270.2
22:09:05,server_7,258.23,353.08
22:09:05,server_8,714.47,938.22
22:09:05,server_5,386.56,490.41
22:09:10,server_11,1013.65,614.26
22:09:10,server_19,726.14,621.21
22:09:10,server_18,482.89,404.08
22:09:10,server_17,862.12,944.87
22:09:10,server_16,796.86,822.58
22:09:10,server_15,294.9,215.29
22:09:10,server_14,119.67,161.94
22:09:10,server_13,11819.25,13332.22
22:09:10,server_12,294.2,341.96
22:09:10,server_20,2052.16,1851.3
22:09:10,server_10,70.8,74.84
22:09:10,server_8,19798.14,19209.38
22:09:10,server_7,64.25,35.66
22:09:10,server_6,91.85,112.58
22:09:10,server_5,963.27,1372.33
22:09:10,server_4,9278.17,8659.13
22:09:10,server_3,151.02,198.3
22:09:10,server_2,311.22,351.14
22:09:10,server_1,845.06,962.03
22:09:10,server_9,12438.59,13740.12
22:09:15,server_13,4338.97,5112.42
22:09:15,server_14,13764.31,12568.11
22:09:15,server_15,903.25,1318.25
22:09:15,server_12,22.94,21.37
22:09:15,server_17,531.9,666.87
22:09:15,server_18,241.59,168.37
22:09:15,server_19,9959.85,9702.24
22:09:15,server_16,376.19,438.85
22:09:15,server_11,407.8,257.67
22:09:15,server_20,280.39,337.65
22:09:15,server_9,811.79,889.84
22:09:15,server_1,244.71,298.75
22:09:15,server_2,90.16,79.67
22:09:15,server_3,846.38,919.74
22:09:15,server_4,11936.29,10445.51
22:09:15,server_10,4463.83,3814.25
22:09:15,server_6,718.37,1023.55
22:09:15,server_7,585.84,757.26
22:09:15,server_8,6721.82,7653.23
22:09:15,server_5,861.96,558.21
22:09:20,server_19,399.12,230.96
22:09:20,server_18,574.85,688.01
22:09:20,server_17,872.38,1209.1
22:09:20,server_16,160.89,99.22
22:09:20,server_15,318.4,409.61
22:09:20,server_14,315.51,242.97
22:09:20,server_13,2912.83,2663.37
22:09:20,server_12,327.83,464.77
22:09:20,server_11,357.93,399.14
22:09:20,server_20,288.3,269.39
22:09:20,server_9,40.35,25.36
22:09:20,server_1,635.78,542.14
22:09:20,server_2,486.94,680.73
22:09:20,server_3,177.61,262.15
22:09:20,server_4,18186.18,17883.5
22:09:20,server_10,411.65,534.14
22:09:20,server_6,78.19,110.75
22:09:20,server_7,141.41,90.3
22:09:20,server_8,209.05,162.94
22:09:20,server_5,336.32,420.42
22:09:25,server_11,358.15,312.06
22:09:25,server_19,339.65,202.77
22:09:25,server_18,7238.76,6503.15
22:09:25,server_17,27.99,22.77
22:09:25,server_16,221.8,233.0
22:09:25,server_15,15608.32,13057.32
22:09:25,server_14,196.96,188.9
22:09:25,server_13,373.77,419.15
22:09:25,server_12,1067.55,1243.13
22:09:25,server_20,4455.73,4886.83
22:09:25,server_10,1907.1,2047.18
22:09:25,server_8,983.25,1177.16
22:09:25,server_9,598.16,501.78
22:09:25,server_1,228.37,151.9
22:09:25,server_2,20.1,19.22
22:09:25,server_3,200.01,162.35
22:09:25,server_5,10240.64,8221.64
22:09:25,server_6,395.69,500.48
22:09:25,server_7,1021.58,651.22
22:09:25,server_4,942.38,499.69
22:09:30,server_20,387.8,432.16
22:09:30,server_11,478.74,592.84
22:09:30,server_18,926.6,1008.69
22:09:30,server_17,936.51,869.37
22:09:30,server_16,4855.81,4748.93
22:09:30,server_15,918.0,1102.17
22:09:30,server_14,457.38,553.34
22:09:30,server_13,975.18,824.49
22:09:30,server_12,193.03,233.14
22:09:30,server_19,15225.33,15567.69
22:09:30,server_10,299.79,326.67
22:09:30,server_8,4184.97,4462.47
22:09:30,server_1,292.93,308.02
22:09:30,server_2,364.27,293.64
22:09:30,server_3,176.03,153.22
22:09:30,server_9,218.5,295.24
22:09:30,server_5,194.63,185.18
22:09:30,server_6,39.5,54.63
22:09:30,server_7,264.52,139.74
22:09:30,server_4,676.77,411.03
22:09:35,server_12,851.65,516.36
22:09:35,server_19,542.29,488.36
22:09:35,server_18,510.66,421.48
22:09:35,server_17,13985.27,13350.02
22:09:35,server_16,899.79,623.54
22:09:35,server_15,566.63,573.22
22:09:35,server_14,535.22,674.8
22:09:35,server_13,861.72,601.9
22:09:35,server_11,271.84,175.85
22:09:35,server_20,282.51,258.36
22:09:35,server_9,80.8,115.42
22:09:35,server_1,396.38,473.51
22:09:35,server_2,364.41,223.19
22:09:35,server_3,770.67,425.91
22:09:35,server_4,106.0,104.52
22:09:35,server_10,889.8,1267.56
22:09:35,server_6,424.97,310.45
22:09:35,server_7,712.8,994.14
22:09:35,server_8,348.42,402.15
22:09:35,server_5,0.0,0.0
22:09:40,server_11,262.83,322.14
22:09:40,server_19,19190.08,15547.77
22:09:40,server_18,13588.89,11025.8
22:09:40,server_17,2657.81,2819.78
22:09:40,server_16,580.34,769.66
22:09:40,server_15,26.8,29.32
22:09:40,server_14,741.36,1005.94
22:09:40,server_13,6278.26,6988.5
22:09:40,server_12,959.32,796.21
22:09:40,server_20,816.34,1033.78
22:09:40,server_10,557.31,457.74
22:09:40,server_8,493.66,255.88
22:09:40,server_7,137.02,134.01
22:09:40,server_6,1855.0,1600.11
22:09:40,server_5,919.3,1025.08
22:09:40,server_4,10162.47,8983.55
22:09:40,server_3,890.05,592.94
22:09:40,server_2,515.54,649.9
22:09:40,server_1,3919.64,3450.41
22:09:40,server_9,337.12,295.36
22:09:45,server_13,388.46,333.18
22:09:45,server_14,876.73,1106.32
22:09:45,server_15,4643.65,3927.65
22:09:45,server_12,532.01,369.68
22:09:45,server_17,307.86,212.52
22:09:45,server_18,869.42,600.61
22:09:45,server_19,19976.95,19022.36
22:09:45,server_16,41.51,46.15
22:09:45,server_11,1049.89,1149.28
22:09:45,server_20,116.55,149.59
22:09:45,server_9,168.76,157.71
22:09:45,server_1,15187.96,16697.12
22:09:45,server_2,4830.26,4569.7
22:09:45,server_3,841.33,1260.83
22:09:45,server_4,54.05,40.48
22:09:45,server_10,443.42,267.93
22:09:45,server_6,7640.59,8942.54
22:09:45,server_7,847.41,1200.61
22:09:45,server_8,15722.11,17171.78
22:09:45,server_5,520.75,462.34
22:09:50,server_12,1001.95,862.32
22:09:50,server_20,864.71,1124.72
22:09:50,server_19,897.84,1068.23
22:09:50,server_18,386.65,351.65
22:09:50,server_17,1820.34,2174.54
22:09:50,server_16,3136.67,3728.01
22:09:50,server_15,782.75,1089.31
22:09:50,server_14,363.63,409.23
22:09:50,server_13,3734.28,3268.22
22:09:50,server_11,14769.54,12179.01
22:09:50,server_10,710.15,493.69
22:09:50,server_9,105.29,131.99
22:09:50,server_2,850.77,1134.86
22:09:50,server_3,316.61,291.46
22:09:50,server_4,277.32,223.49
22:09:50,server_1,677.67,749.78
22:09:50,server_6,13084.02,11070.38
22:09:50,server_7,467.71,463.84
22:09:50,server_8,483.56,446.6
22:09:50,server_5,884.3,1046.47
22:09:55,server_12,483.73,452.77
22:09:55,server_19,205.75,219.25
22:09:55,server_18,17128.31,18242.86
22:09:55,server_17,465.98,271.71
22:09:55,server_16,13463.28,12404.49
22:09:55,server_15,4058.02,4408.39
22:09:55,server_14,346.19,431.43
22:09:55,server_13,838.39,557.74
22:09:55,server_11,519.11,405.56
22:09:55,server_20,449.56,352.58
22:09:55,server_9,14579.47,12014.12
22:09:55,server_1,440.78,362.18
22:09:55,server_2,695.84,812.37
22:09:55,server_3,14656.92,15466.58
22:09:55,server_4,171.89,110.29
22:09:55,server_10,207.89,199.04
22:09:55,server_6,936.71,636.14
22:09:55,server_7,19127.77,16516.37
22:09:55,server_8,293.76,377.44
22:09:55,server_5,7107.94,7857.4
22:10:00,server_12,680.92,428.0
22:10:00,server_19,935.66,473.88
22:10:00,server_18,589.36,647.45
22:10:00,server_17,2083.28,2255.63
22:10:00,server_16,145.52,131.88
22:10:00,server_15,5041.18,4889.06
22:10:00,server_14,684.47,824.58
22:10:00,server_13,15971.43,17518.77
22:10:00,server_11,324.69,327.2
22:10:00,server_20,348.95,440.65
22:10:00,server_9,4635.69,3959.51
22:10:00,server_1,7776.46,6337.51
22:10:00,server_2,9684.51,9465.92
22:10:00,server_3,149.6,162.73
22:10:00,server_4,577.64,821.23
22:10:00,server_10,96.74,57.31
22:10:00,server_6,814.5,764.28
22:10:00,server_7,11112.92,12435.86
22:10:00,server_8,130.89,82.84
22:10:00,server_5,2346.51,1918.93
22:10:05,server_11,145.33,190.35
22:10:05,server_19,908.26,865.65
22:10:05,server_18,1044.8,1111.17
22:10:05,server_17,2815.73,2894.2
22:10:05,server_16,231.52,305.43
22:10:05,server_15,651.46,377.34
22:10:05,server_14,253.27,298.96
22:10:05,server_13,10465.93,10132.15
22:10:05,server_12,19.01,14.36
22:10:05,server_20,18060.85,21567.81
22:10:05,server_10,16990.55,15847.54
22:10:05,server_8,802.48,1195.7
22:10:05,server_7,105.39,94.99
22:10:05,server_6,575.83,682.16
22:10:05,server_5,3176.8,2928.52
22:10:05,server_4,498.3,515.34
22:10:05,server_3,948.84,1401.36
22:10:05,server_2,596.18,530.74
22:10:05,server_1,754.8,615.71
22:10:05,server_9,165.16,231.47
22:10:10,server_13,3736.95,3843.07
22:10:10,server_14,475.59,340.97
22:10:10,server_15,649.01,701.23
22:10:10,server_12,286.39,264.67
22:10:10,server_17,811.33,1026.59
22:10:10,server_18,641.52,697.3
22:10:10,server_19,520.71,614.82
22:10:10,server_16,603.03,763.09
22:10:10,server_11,680.05,830.09
22:10:10,server_20,837.83,981.56
22:10:10,server_9,728.04,413.74
22:10:10,server_1,127.3,177.93
22:10:10,server_2,34.17,39.37
22:10:10,server_3,432.16,460.53
22:10:10,server_4,4587.28,5065.58
22:10:10,server_10,888.6,1016.92
22:10:10,server_6,270.9,174.8
22:10:10,server_7,539.24,523.14
22:10:10,server_8,137.71,146.81
22:10:10,server_5,717.12,729.92
22:10:15,server_19,508.28,753.27
22:10:15,server_18,228.58,298.51
22:10:15,server_17,13373.91,15354.7
22:10:15,server_16,879.74,1025.91
22:10:15,server_15,611.95,902.58
22:10:15,server_14,7006.57,6351.45
22:10:15,server_13,187.05,206.11
22:10:15,server_12,110.31,110.42
22:10:15,server_11,290.09,402.31
22:10:15,server_20,13517.55,12633.02
22:10:15,server_9,18015.37,18703.7
22:10:15,server_1,658.92,792.85
22:10:15,server_2,327.14,449.39
22:10:15,server_3,309.4,249.1
22:10:15,server_4,191.35,208.14
22:10:15,server_10,714.62,413.63
22:10:15,server_6,43.59,35.05
22:10:15,server_7,133.86,100.18
22:10:15,server_8,73.41,49.41
22:10:15,server_5,195.82,237.85
22:10:20,server_11,940.62,556.51
22:10:20,server_19,358.76,288.18
22:10:20,server_18,567.05,552.32
22:10:20,server_17,912.59,939.25
22:10:20,server_16,1170.01,1329.37
22:10:20,server_15,131.5,195.7
22:10:20,server_14,231.57,125.19
22:10:20,server_13,129.28,187.7
22:10:20,server_12,369.21,246.02
22:10:20,server_20,42.61,57.16
22:10:20,server_10,651.44,493.77
22:10:20,server_8,883.01,548.52
22:10:20,server_9,325.52,441.94
22:10:20,server_1,174.31,231.24
22:10:20,server_2,433.79,422.23
22:10:20,server_3,572.55,715.98
22:10:20,server_5,613.57,838.14
22:10:20,server_6,463.77,304.13
22:10:20,server_7,105.27,77.65
22:10:20,server_4,387.29,420.96
22:10:25,server_20,481.34,595.74
22:10:25,server_11,32.99,17.24
22:10:25,server_18,213.61,215.87
22:10:25,server_17,901.77,943.51
22:10:25,server_16,572.94,745.3
22:10:25,server_15,560.85,287.94
22:10:25,server_14,888.01,738.95
22:10:25,server_13,9402.52,9734.59
22:10:25,server_12,18004.07,16986.82
22:10:25,server_19,964.43,704.8
22:10:25,server_10,469.54,573.74
22:10:25,server_8,419.99,428.81
22:10:25,server_1,18282.47,16879.63
22:10:25,server_2,10813.64,9172.43
22:10:25,server_3,11367.72,12731.82
22:10:25,server_9,39.97,33.99
22:10:25,server_5,154.22,151.39
22:10:25,server_6,156.16,124.61
22:10:25,server_7,761.8,819.72
22:10:25,server_4,417.93,322.08
22:10:30,server_12,362.69,383.45
22:10:30,server_19,541.91,773.13
22:10:30,server_18,874.39,1084.81
22:10:30,server_17,606.82,840.5
22:10:30,server_16,107.09,61.9
22:10:30,server_15,238.34,255.23
22:10:30,server_14,892.72,889.59
22:10:30,server_13,946.88,751.24
22:10:30,server_11,677.99,852.02
22:10:30,server_20,102.68,90.44
22:10:30,server_9,588.5,815.93
22:10:30,server_1,338.88,313.34
22:10:30,server_2,12819.75,12668.8
22:10:30,server_3,571.28,446.94
22:10:30,server_4,904.94,935.88
22:10:30,server_10,11.0,10.65
22:10:30,server_6,276.24,171.54
22:10:30,server_7,900.99,758.43
22:10:30,server_8,18345.39,19304.22
22:10:30,server_5,944.9,683.88
22:10:35,server_11,625.73,934.99
22:10:35,server_19,547.29,456.81
22:10:35,server_18,952.77,720.58
22:10:35,server_17,433.75,646.87
22:10:35,server_16,133.63,82.01
22:10:35,server_15,16853.28,18605.61
22:10:35,server_14,576.46,715.59
22:10:35,server_13,148.44,138.38
22:10:35,server_12,922.21,945.03
22:10:35,server_20,1658.16,1347.54
22:10:35,server_10,107.91,58.92
22:10:35,server_8,29.0,41.73
22:10:35,server_7,3783.5,4253.07
22:10:35,server_6,248.92,225.17
22:10:35,server_5,693.56,1033.86
22:10:35,server_4,166.33,155.77
22:10:35,server_3,483.65,627.18
22:10:35,server_2,18826.81,16520.19
22:10:35,server_1,366.25,528.6
22:10:35,server_9,958.78,787.47
22:10:40,server_13,579.56,794.43
22:10:40,server_14,337.25,281.28
22:10:40,server_15,51.87,47.26
22:10:40,server_12,816.94,596.56
22:10:40,server_17,985.34,1383.08
22:10:40,server_18,237.73,170.63
22:10:40,server_19,592.96,605.38
22:10:40,server_16,919.6,908.22
22:10:40,server_11,295.86,224.88
22:10:40,server_20,440.69,641.04
22:10:40,server_9,55.37,56.56
22:10:40,server_1,244.88,243.96
22:10:40,server_2,548.02,613.61
22:10:40,server_3,969.19,712.14
22:10:40,server_4,60.41,41.55
22:10:40,server_10,276.22,394.01
22:10:40,server_6,573.43,800.45
22:10:40,server_7,943.4,738.28
22:10:40,server_8,1016.94,521.46
22:10:40,server_5,779.26,1048.47
22:10:45,server_20,66.73,56.93
22:10:45,server_19,8088.31,8565.06
22:10:45,server_18,653.98,910.98
22:10:45,server_17,446.3,407.58
22:10:45,server_16,695.87,536.44
22:10:45,server_15,12727.99,14412.16
22:10:45,server_14,938.53,1045.75
22:10:45,server_12,240.95,296.05
22:10:45,server_11,290.09,431.03
22:10:45,server_13,868.33,1200.77
22:10:45,server_9,510.1,397.73
22:10:45,server_10,385.78,534.29
22:10:45,server_2,307.74,221.86
22:10:45,server_3,51.07,32.17
22:10:45,server_4,619.57,696.39
22:10:45,server_1,10.89,15.18
22:10:45,server_6,39.45,28.02
22:10:45,server_7,97.8,132.19
22:10:45,server_8,403.15,333.69
22:10:45,server_5,79.43,73.44
22:10:50,server_12,552.11,540.58
22:10:50,server_20,295.17,149.72
22:10:50,server_19,270.9,245.31
22:10:50,server_18,486.84,258.28
22:10:50,server_17,6496.74,7115.93
22:10:50,server_16,362.57,381.03
22:10:50,server_15,748.55,485.51
22:10:50,server_14,890.28,664.72
22:10:50,server_13,310.16,326.9
22:10:50,server_11,5519.89,5799.24
22:10:50,server_3,956.53,1054.67
22:10:50,server_9,972.41,779.88
22:10:50,server_10,473.71,363.29
22:10:50,server_2,297.91,237.83
22:10:50,server_4,377.17,525.4
22:10:50,server_1,3342.05,3974.06
22:10:50,server_6,905.14,594.81
22:10:50,server_7,177.56,244.07
22:10:50,server_8,13916.58,13929.75
22:10:50,server_5,3413.45,3689.37
22:10:55,server_12,394.81,483.13
22:10:55,server_19,397.08,452.33
22:10:55,server_18,942.72,853.58
22:10:55,server_17,283.41,248.6
22:10:55,server_16,27.81,19.59
22:10:55,server_15,591.27,541.17
22:10:55,server_14,7.39,9.76
22:10:55,server_20,946.52,855.98
22:10:55,server_11,671.8,899.37
22:10:55,server_13,519.93,717.74
22:10:55,server_9,874.13,745.03
22:10:55,server_1,242.89,345.62
22:10:55,server_2,852.98,524.2
22:10:55,server_3,865.28,699.66
22:10:55,server_4,445.89,378.19
22:10:55,server_10,9327.1,8109.59
22:10:55,server_6,15773.11,13970.9
22:10:55,server_7,871.96,515.04
22:10:55,server_8,2505.28,2834.9
22:10:55,server_5,464.92,374.7
22:11:00,server_19,285.95,336.06
22:11:00,server_18,199.36,151.88
22:11:00,server_17,891.04,1140.39
22:11:00,server_16,878.7,485.74
22:11:00,server_15,4240.56,3788.35
22:11:00,server_14,140.07,143.36
22:11:00,server_13,350.45,368.73
22:11:00,server_12,78.96,79.08
22:11:00,server_11,371.48,555.29
22:11:00,server_20,984.58,1003.72
22:11:00,server_9,139.44,99.03
22:11:00,server_1,890.82,907.28
22:11:00,server_2,385.42,234.23
22:11:00,server_3,322.36,262.57
22:11:00,server_4,163.04,199.31
22:11:00,server_10,704.59,787.28
22:11:00,server_6,229.02,119.26
22:11:00,server_7,38.78,23.18
22:11:00,server_8,156.38,113.58
22:11:00,server_5,41.08,39.93
22:11:05,server_11,189.89,192.89
22:11:05,server_19,123.69,150.28
22:11:05,server_18,500.59,287.6
22:11:05,server_17,584.74,433.6
22:11:05,server_16,852.2,571.82
22:11:05,server_15,10279.23,10351.58
22:11:05,server_14,630.41,675.71
22:11:05,server_13,394.23,421.28
22:11:05,server_12,505.0,587.87
22:11:05,server_20,463.82,286.24
22:11:05,server_10,18982.24,21012.1
22:11:05,server_8,463.35,658.05
22:11:05,server_9,105.77,88.94
22:11:05,server_1,911.32,461.69
22:11:05,server_2,431.41,233.1
22:11:05,server_3,300.37,348.09
22:11:05,server_5,1485.8,1209.29
22:11:05,server_6,175.19,228.79
22:11:05,server_7,461.06,593.08
22:11:05,server_4,865.96,626.22
22:11:10,server_20,3279.08,2910.67
22:11:10,server_11,400.56,490.38
22:11:10,server_18,573.79,857.06
22:11:10,server_17,588.51,778.76
22:11:10,server_16,164.18,239.53
22:11:10,server_15,638.23,781.19
22:11:10,server_14,866.68,688.7
22:11:10,server_13,634.73,549.59
22:11:10,server_12,15600.73,15061.95
22:11:10,server_19,106.16,111.52
22:11:10,server_10,192.19,235.85
22:11:10,server_8,393.67,295.65
22:11:10,server_1,8276.58,8380.93
22:11:10,server_2,3793.62,3539.82
22:11:10,server_3,953.65,1283.98
22:11:10,server_9,522.75,761.62
22:11:10,server_5,894.54,830.38
22:11:10,server_6,288.45,390.29
22:11:10,server_7,339.82,209.31
22:11:10,server_4,864.46,643.5
22:11:15,server_20,71.0,99.12
22:11:15,server_19,405.67,289.39
22:11:15,server_18,17351.94,20020.16
22:11:15,server_17,1646.37,1634.8
22:11:15,server_16,322.15,431.56
22:11:15,server_15,2331.65,2280.23
22:11:15,server_14,521.77,697.61
22:11:15,server_12,61.81,87.91
22:11:15,server_11,6495.52,7045.57
22:11:15,server_13,771.07,867.08
22:11:15,server_9,435.55,496.87
22:11:15,server_10,912.75,1189.29
22:11:15,server_2,243.37,232.13
22:11:15,server_3,1011.34,747.56
22:11:15,server_4,453.31,286.46
22:11:15,server_1,520.27,427.37
22:11:15,server_6,162.31,113.69
22:11:15,server_7,307.27,171.02
22:11:15,server_8,62.54,84.19
22:11:15,server_5,909.68,702.01
22:11:20,server_12,569.18,346.74
22:11:20,server_19,85.24,82.37
22:11:20,server_18,1505.24,1229.81
22:11:20,server_20,929.67,1272.1
22:11:20,server_17,234.67,309.19
22:11:20,server_16,641.88,834.67
22:11:20,server_15,344.63,270.85
22:11:20,server_14,149.59,123.42
22:11:20,server_13,509.48,566.93
22:11:20,server_11,696.85,621.93
22:11:20,server_3,485.08,410.2
22:11:20,server_9,0.0,0.0
22:11:20,server_10,319.02,177.72
22:11:20,server_2,730.8,626.77
22:11:20,server_4,282.1,364.77
22:11:20,server_1,853.29,1092.41
22:11:20,server_6,443.79,308.72
22:11:20,server_7,847.68,753.5
22:11:20,server_8,5298.21,4776.38
22:11:20,server_5,153.15,88.25
22:11:25,server_11,971.61,1181.31
22:11:25,server_20,143.13,77.59
22:11:25,server_18,4353.55,4682.44
22:11:25,server_17,1002.27,1349.02
22:11:25,server_16,5647.08,6273.5
22:11:25,server_15,368.62,187.86
22:11:25,server_14,276.85,291.82
22:11:25,server_13,3840.26,4229.95
22:11:25,server_12,533.58,297.88
22:11:25,server_19,161.54,241.57
22:11:25,server_10,945.29,1168.79
22:11:25,server_8,1023.71,1051.63
22:11:25,server_1,958.87,764.35
22:11:25,server_2,939.83,1152.83
22:11:25,server_3,675.3,604.16
22:11:25,server_9,165.71,232.52
22:11:25,server_5,4606.54,5340.81
22:11:25,server_6,133.92,141.54
22:11:25,server_7,17847.98,18296.71
22:11:25,server_4,293.58,149.22
22:11:30,server_12,560.6,428.43
22:11:30,server_19,891.6,568.93
22:11:30,server_18,3525.17,4040.39
22:11:30,server_17,902.53,1326.94
22:11:30,server_16,19.95,19.61
22:11:30,server_15,4676.69,4267.63
22:11:30,server_14,455.08,242.93
22:11:30,server_13,212.09,213.81
22:11:30,server_11,3725.07,3916.19
22:11:30,server_20,290.13,228.83
22:11:30,server_9,1895.41,2093.85
22:11:30,server_1,469.57,603.27
22:11:30,server_2,957.58,930.93
22:11:30,server_3,86.67,80.04
22:11:30,server_4,603.79,902.19
22:11:30,server_10,558.4,738.57
22:11:30,server_6,60.29,58.5
22:11:30,server_7,291.37,411.48
22:11:30,server_8,510.08,256.85
22:11:30,server_5,4850.81,4172.49
22:11:35,server_11,59.56,36.53
22:11:35,server_19,455.7,270.41
22:11:35,server_18,901.74,687.7
22:11:35,server_17,1020.18,514.26
22:11:35,server_16,4080.52,3541.49
22:11:35,server_15,172.39,240.79
22:11:35,server_14,93.36,101.75
22:11:35,server_13,169.07,131.12
22:11:35,server_12,923.44,1272.16
22:11:35,server_20,914.8,883.64
22:11:35,server_10,945.88,727.85
22:11:35,server_8,475.65,660.03
22:11:35,server_7,758.06,677.36
22:11:35,server_6,422.53,372.26
22:11:35,server_5,91.31,134.15
22:11:35,server_4,616.96,345.12
22:11:35,server_3,760.22,686.51
22:11:35,server_2,986.88,952.26
22:11:35,server_1,334.3,251.04
22:11:35,server_9,654.88,826.1
22:11:40,server_14,301.67,200.2
22:11:40,server_15,85.16,90.35
22:11:40,server_16,536.37,288.99
22:11:40,server_13,379.34,342.3
22:11:40,server_18,407.09,311.96
22:11:40,server_19,51.27,56.64
22:11:40,server_20,339.18,288.71
22:11:40,server_17,506.93,472.84
22:11:40,server_12,146.96,185.04
22:11:40,server_11,58.22,51.24
22:11:40,server_1,320.58,447.52
22:11:40,server_9,12.95,7.25
22:11:40,server_8,443.18,572.17
22:11:40,server_7,115.13,101.04
22:11:40,server_6,4165.66,4815.13
22:11:40,server_5,729.43,733.84
22:11:40,server_4,846.17,911.34
22:11:40,server_3,244.56,181.61
22:11:40,server_2,317.74,254.25
22:11:40,server_10,247.14,361.0
22:11:45,server_14,575.78,557.39
22:11:45,server_15,901.89,1207.78
22:11:45,server_16,329.23,327.27
22:11:45,server_17,10513.19,9370.26
22:11:45,server_10,398.38,372.55
22:11:45,server_19,933.18,766.34
22:11:45,server_20,175.92,166.78
22:11:45,server_13,337.66,240.73
22:11:45,server_18,4334.56,5042.21
22:11:45,server_12,839.93,497.22
22:11:45,server_7,368.98,372.61
22:11:45,server_9,4951.19,5004.96
22:11:45,server_8,19002.5,16231.48
22:11:45,server_6,213.48,126.13
22:11:45,server_5,832.61,1024.83
22:11:45,server_4,669.86,768.81
22:11:45,server_3,985.84,1409.57
22:11:45,server_2,3883.48,3983.64
22:11:45,server_1,307.55,356.37
22:11:45,server_11,288.43,162.05
22:11:50,server_13,3704.44,3933.91
22:11:50,server_14,620.49,929.83
22:11:50,server_15,343.78,213.06
22:11:50,server_20,473.59,547.62
22:11:50,server_18,308.16,256.57
22:11:50,server_19,284.61,408.52
22:11:50,server_12,537.34,526.33
22:11:50,server_16,545.37,478.69
22:11:50,server_11,678.19,993.91
22:11:50,server_17,2260.06,2191.67
22:11:50,server_9,525.95,368.07
22:11:50,server_8,580.75,733.13
22:11:50,server_7,553.65,606.72
22:11:50,server_6,855.55,691.1
22:11:50,server_5,855.85,630.65
22:11:50,server_4,923.98,667.15
22:11:50,server_1,920.63,815.36
22:11:50,server_3,266.43,297.29
22:11:50,server_2,306.62,304.61
22:11:50,server_10,891.11,456.12
22:11:55,server_13,10014.76,9783.26
22:11:55,server_14,86.58,59.33
22:11:55,server_15,558.64,827.39
22:11:55,server_20,3604.06,3215.91
22:11:55,server_18,411.36,497.48
22:11:55,server_19,16435.93,16298.85
22:11:55,server_12,699.65,540.94
22:11:55,server_16,559.35,689.77
22:11:55,server_11,112.44,77.36
22:11:55,server_17,695.64,569.63
22:11:55,server_9,307.47,364.99
22:11:55,server_8,497.65,516.45
22:11:55,server_7,849.29,513.11
22:11:55,server_6,8316.74,7158.42
22:11:55,server_5,504.32,649.83
22:11:55,server_4,4004.08,3489.9
22:11:55,server_3,259.85,260.75
22:11:55,server_2,129.88,155.86
22:11:55,server_1,12862.49,13212.89
22:11:55,server_10,958.33,956.81
22:12:00,server_13,19761.71,19162.05
22:12:00,server_14,861.27,554.95
22:12:00,server_15,408.63,376.13
22:12:00,server_20,768.38,795.06
22:12:00,server_17,21.91,21.88
22:12:00,server_18,16617.14,18862.55
22:12:00,server_19,500.18,435.23
22:12:00,server_12,772.85,886.92
22:12:00,server_16,100.57,104.98
22:12:00,server_11,8661.89,9445.28
22:12:00,server_7,1009.76,896.21
22:12:00,server_9,123.19,78.83
22:12:00,server_8,493.28,686.0
22:12:00,server_6,583.91,417.29
22:12:00,server_5,856.61,575.72
22:12:00,server_4,379.18,416.94
22:12:00,server_3,502.6,706.39
22:12:00,server_2,1885.17,2105.17
22:12:00,server_1,520.87,688.52
22:12:00,server_10,436.77,512.91
22:12:05,server_13,970.26,899.48
22:12:05,server_14,420.92,538.08
22:12:05,server_15,191.42,185.39
22:12:05,server_20,234.21,165.62
22:12:05,server_18,106.29,146.07
22:12:05,server_19,638.75,866.56
22:12:05,server_12,303.43,426.85
22:12:05,server_16,126.32,113.26
22:12:05,server_11,441.26,427.28
22:12:05,server_17,2779.39,2781.77
22:12:05,server_9,13454.7,15379.62
22:12:05,server_2,1421.88,1405.14
22:12:05,server_3,253.93,301.61
22:12:05,server_1,873.9,708.72
22:12:05,server_4,868.28,1165.74
22:12:05,server_10,483.27,450.95
22:12:05,server_6,578.84,381.53
22:12:05,server_7,424.23,596.73
22:12:05,server_8,1462.45,1472.49
22:12:05,server_5,716.26,608.66
22:12:10,server_12,237.27,207.43
22:12:10,server_19,71.84,64.76
22:12:10,server_18,4576.12,4351.26
22:12:10,server_17,122.99,165.79
22:12:10,server_16,315.06,312.55
22:12:10,server_15,127.21,185.68
22:12:10,server_14,886.52,1319.41
22:12:10,server_13,58.08,84.95
22:12:10,server_11,16649.02,14250.62
22:12:10,server_20,337.99,414.78
22:12:10,server_9,658.05,889.67
22:12:10,server_1,462.26,267.63
22:12:10,server_2,610.69,425.45
22:12:10,server_3,1694.26,1737.3
22:12:10,server_4,1010.99,862.65
22:12:10,server_10,0.0,0.0
22:12:10,server_6,418.27,621.37
22:12:10,server_7,527.3,332.32
22:12:10,server_8,86.07,86.33
22:12:10,server_5,1794.34,1923.74
22:12:15,server_11,5619.51,4791.41
22:12:15,server_19,162.57,97.05
22:12:15,server_18,405.47,277.66
22:12:15,server_17,227.0,335.28
22:12:15,server_16,384.54,522.54
22:12:15,server_15,214.32,292.31
22:12:15,server_14,322.67,290.1
22:12:15,server_13,427.53,242.87
22:12:15,server_12,549.52,390.5
22:12:15,server_20,963.49,1264.63
22:12:15,server_10,47.85,67.29
22:12:15,server_8,890.06,654.55
22:12:15,server_7,455.12,602.89
22:12:15,server_6,268.13,189.81
22:12:15,server_5,931.1,721.28
22:12:15,server_4,581.17,333.34
22:12:15,server_3,915.16,476.0
22:12:15,server_2,1580.94,1550.37
22:12:15,server_1,572.72,787.68
22:12:15,server_9,459.66,571.04
22:12:20,server_13,943.56,622.32
22:12:20,server_20,877.63,1082.03
22:12:20,server_14,1031.03,1132.68
22:12:20,server_15,268.37,175.28
22:12:20,server_19,363.28,471.25
22:12:20,server_17,347.62,499.08
22:12:20,server_18,243.57,283.97
22:12:20,server_12,57.72,66.3
22:12:20,server_16,291.07,269.72
22:12:20,server_11,833.53,671.97
22:12:20,server_7,61.1,90.26
22:12:20,server_9,8249.63,7438.4
22:12:20,server_8,521.93,687.55
22:12:20,server_6,6322.82,5478.01
22:12:20,server_5,472.78,704.31
22:12:20,server_4,382.97,426.69
22:12:20,server_3,956.13,1262.51
22:12:20,server_2,277.76,138.95
22:12:20,server_1,944.53,1055.27
22:12:20,server_10,6671.59,7725.59
22:12:25,server_13,475.42,352.44
22:12:25,server_14,837.26,516.79
22:12:25,server_15,605.3,339.72
22:12:25,server_20,370.8,312.27
22:12:25,server_17,1525.94,1698.77
22:12:25,server_19,371.84,269.7
22:12:25,server_12,16031.74,18622.4
22:12:25,server_16,14704.47,12615.35
22:12:25,server_11,1060.5,1235.37
22:12:25,server_18,970.0,603.05
22:12:25,server_9,607.25,719.1
22:12:25,server_8,699.87,389.61
22:12:25,server_7,1016.6,762.4
22:12:25,server_6,946.99,529.3
22:12:25,server_5,937.59,1308.11
22:12:25,server_4,225.66,333.66
22:12:25,server_3,346.16,503.19
22:12:25,server_2,867.19,957.02
22:12:25,server_1,421.18,551.22
22:12:25,server_10,537.91,656.03
22:12:30,server_13,17375.1,16913.35
22:12:30,server_14,880.02,573.88
22:12:30,server_15,3.66,3.99
22:12:30,server_20,5795.44,6647.45
22:12:30,server_17,963.09,1346.08
22:12:30,server_18,784.27,1010.6
22:12:30,server_19,961.86,1104.92
22:12:30,server_12,249.62,132.58
22:12:30,server_16,944.48,1069.32
22:12:30,server_11,603.23,660.74
22:12:30,server_7,3966.66,3593.59
22:12:30,server_9,473.26,596.5
22:12:30,server_8,888.15,1040.6
22:12:30,server_6,1050.4,799.19
22:12:30,server_5,11281.67,13077.52
22:12:30,server_4,452.43,317.26
22:12:30,server_3,214.68,172.48
22:12:30,server_2,510.86,439.03
22:12:30,server_1,0.0,0.0
22:12:30,server_10,1007.63,772.25
22:12:35,server_14,209.31,208.45
22:12:35,server_16,33.37,46.84
22:12:35,server_15,664.06,937.42
22:12:35,server_17,376.19,384.26
22:12:35,server_10,314.37,251.78
22:12:35,server_19,72.78,96.11
22:12:35,server_20,212.19,239.64
22:12:35,server_13,14891.51,12659.08
22:12:35,server_18,28.85,28.78
22:12:35,server_12,543.83,362.22
22:12:35,server_7,96.84,68.07
22:12:35,server_11,4951.7,5870.35
22:12:35,server_9,91.98,95.43
22:12:35,server_8,134.96,153.51
22:12:35,server_1,1243.9,1222.82
22:12:35,server_6,0.0,0.0
22:12:35,server_5,188.23,279.89
22:12:35,server_4,889.36,1043.75
22:12:35,server_3,611.14,330.25
22:12:35,server_2,7372.46,6314.4
22:12:40,server_13,588.25,590.18
22:12:40,server_14,519.08,491.57
22:12:40,server_15,8035.51,7785.55
22:12:40,server_16,495.88,424.72
22:12:40,server_20,28.38,29.93
22:12:40,server_18,305.17,254.19
22:12:40,server_19,507.84,390.99
22:12:40,server_12,4.33,5.63
22:12:40,server_17,1005.62,616.5
22:12:40,server_11,873.98,989.42
22:12:40,server_10,5993.52,5889.08
22:12:40,server_9,3793.74,3086.59
22:12:40,server_2,349.5,385.95
22:12:40,server_3,847.33,1062.1
22:12:40,server_4,851.7,460.24
22:12:40,server_1,63.93,55.31
22:12:40,server_6,911.57,776.55
22:12:40,server_7,949.49,680.64
22:12:40,server_8,824.54,945.84
22:12:40,server_5,949.26,503.04
22:12:45,server_11,867.96,982.08
22:12:45,server_19,162.96,114.6
22:12:45,server_18,176.82,117.77
22:12:45,server_16,905.04,524.82
22:12:45,server_15,974.2,601.92
22:12:45,server_14,2846.98,2591.34
22:12:45,server_13,208.87,165.8
22:12:45,server_12,589.42,439.15
22:12:45,server_10,568.85,761.8
22:12:45,server_20,3591.96,3969.94
22:12:45,server_8,18723.65,19263.98
22:12:45,server_9,485.73,678.42
22:12:45,server_1,1020.88,1095.25
22:12:45,server_2,98.11,124.62
22:12:45,server_3,465.38,562.18
22:12:45,server_17,13212.8,11589.34
22:12:45,server_5,868.44,797.33
22:12:45,server_6,496.4,662.6
22:12:45,server_4,776.74,851.88
22:12:45,server_7,901.67,1063.85
22:12:50,server_20,904.8,543.77
22:12:50,server_19,254.49,259.95
22:12:50,server_18,33.19,39.15
22:12:50,server_16,10988.34,12894.93
22:12:50,server_15,221.08,321.83
22:12:50,server_14,945.11,1403.84
22:12:50,server_13,875.44,1070.92
22:12:50,server_12,2617.26,3036.24
22:12:50,server_11,1035.37,1133.35
22:12:50,server_17,181.34,125.67
22:12:50,server_9,553.51,386.11
22:12:50,server_8,664.79,643.27
22:12:50,server_7,58.2,39.3
22:12:50,server_6,664.7,435.12
22:12:50,server_5,99.13,57.85
22:12:50,server_4,987.88,1441.83
22:12:50,server_3,228.45,268.56
22:12:50,server_2,136.6,116.25
22:12:50,server_1,4.88,2.89
22:12:50,server_10,597.39,367.43
22:12:55,server_13,65.01,33.16
22:12:55,server_14,1057.18,905.42
22:12:55,server_15,544.12,717.9
22:12:55,server_20,45.03,26.83
22:12:55,server_17,682.6,611.9
22:12:55,server_18,1005.28,1215.82
22:12:55,server_19,205.72,132.04
22:12:55,server_12,611.95,327.89
22:12:55,server_16,116.91,63.33
22:12:55,server_11,581.61,445.97
22:12:55,server_7,12469.74,12292.76
22:12:55,server_9,12039.22,9687.42
22:12:55,server_8,19246.55,20414.28
22:12:55,server_6,114.92,67.65
22:12:55,server_5,120.18,170.87
22:12:55,server_4,656.58,664.74
22:12:55,server_3,80.64,100.7
22:12:55,server_2,18680.6,15158.04
22:12:55,server_1,271.28,186.75
22:12:55,server_10,764.11,486.47
22:13:00,server_13,76.29,94.16
22:13:00,server_14,128.63,192.06
22:13:00,server_15,574.07,577.93
22:13:00,server_17,522.96,585.03
22:13:00,server_19,4786.02,4273.23
22:13:00,server_20,859.59,1035.73
22:13:00,server_12,111.07,57.38
22:13:00,server_18,878.6,1125.56
22:13:00,server_11,128.98,110.66
22:13:00,server_16,357.88,339.61
22:13:00,server_9,8.49,12.43
22:13:00,server_2,172.32,183.47
22:13:00,server_3,4770.41,4232.9
22:13:00,server_4,0.0,0.0
22:13:00,server_10,118.5,127.18
22:13:00,server_1,485.03,519.51
22:13:00,server_6,367.25,370.11
22:13:00,server_7,454.55,272.55
22:13:00,server_8,187.08,164.96
22:13:00,server_5,203.65,268.93
22:13:05,server_12,135.57,103.78
22:13:05,server_19,189.36,243.61
22:13:05,server_18,946.48,484.59
22:13:05,server_17,576.65,772.84
22:13:05,server_16,320.22,270.08
22:13:05,server_15,684.73,573.08
22:13:05,server_14,613.57,473.02
22:13:05,server_13,547.08,311.96
22:13:05,server_11,14809.07,16761.09
22:13:05,server_20,1.41,1.77
22:13:05,server_9,401.65,480.08
22:13:05,server_1,346.39,497.49
22:13:05,server_2,903.81,1258.7
22:13:05,server_3,858.51,774.97
22:13:05,server_4,4004.66,3803.35
22:13:05,server_10,294.55,332.43
22:13:05,server_6,321.94,435.28
22:13:05,server_7,647.79,413.69
22:13:05,server_8,937.04,1164.61
22:13:05,server_5,529.24,280.08
22:13:10,server_11,302.51,201.27
22:13:10,server_19,8740.17,7313.46
22:13:10,server_18,4659.75,4198.31
22:13:10,server_17,432.04,270.28
22:13:10,server_16,15030.18,12847.2
22:13:10,server_15,659.85,801.21
22:13:10,server_14,0.0,0.0
22:13:10,server_13,1047.44,1069.55
22:13:10,server_12,31.71,19.85
22:13:10,server_20,589.35,870.9
22:13:10,server_10,336.92,325.04
22:13:10,server_8,2500.76,2888.55
22:13:10,server_7,138.24,125.37
22:13:10,server_6,554.19,635.06
22:13:10,server_5,154.97,180.5
22:13:10,server_4,399.25,315.02
22:13:10,server_3,0.0,0.0
22:13:10,server_2,2056.99,1700.65
22:13:10,server_1,15611.25,14244.51
22:13:10,server_9,360.11,262.71
22:13:15,server_13,730.53,908.23
22:13:15,server_14,16275.03,19074.12
22:13:15,server_15,1860.3,2037.68
22:13:15,server_20,759.5,530.54
22:13:15,server_19,749.65,518.74
22:13:15,server_17,316.67,382.87
22:13:15,server_18,48.31,38.43
22:13:15,server_12,246.21,282.07
22:13:15,server_16,5779.71,6075.15
22:13:15,server_11,92.22,52.31
22:13:15,server_5,472.72,385.08
22:13:15,server_9,935.01,994.9
22:13:15,server_8,450.67,453.81
22:13:15,server_7,12011.83,12371.61
22:13:15,server_6,477.14,676.75
22:13:15,server_4,3757.65,3426.87
22:13:15,server_3,346.12,454.83
22:13:15,server_2,112.12,149.58
22:13:15,server_1,413.6,505.79
22:13:15,server_10,67.98,90.62
22:13:20,server_13,80.95,73.14
22:13:20,server_14,0.0,0.0
22:13:20,server_15,284.61,358.75
22:13:20,server_20,703.45,597.47
22:13:20,server_18,583.74,587.03
22:13:20,server_19,11579.35,10853.91
22:13:20,server_12,9623.78,10718.8
22:13:20,server_17,300.98,283.22
22:13:20,server_11,198.13,290.73
22:13:20,server_16,76.02,64.08
22:13:20,server_9,556.83,538.42
22:13:20,server_8,953.59,1198.11
22:13:20,server_7,523.69,436.3
22:13:20,server_6,914.61,1367.27
22:13:20,server_5,555.46,697.07
22:13:20,server_4,546.49,789.1
22:13:20,server_3,0.0,0.0
22:13:20,server_2,18266.5,15283.07
22:13:20,server_1,176.46,124.19
22:13:20,server_10,578.95,304.78
22:13:25,server_12,872.75,1231.95
22:13:25,server_13,482.26,348.68
22:13:25,server_14,1809.17,2096.39
22:13:25,server_18,969.79,1127.04
22:13:25,server_16,636.66,705.54
22:13:25,server_17,1030.26,1152.61
22:13:25,server_11,217.09,318.46
22:13:25,server_15,390.12,201.93
22:13:25,server_10,39.0,55.28
22:13:25,server_5,80.56,49.75
22:13:25,server_8,269.9,250.78
22:13:25,server_7,990.0,673.4
22:13:25,server_6,472.12,564.55
22:13:25,server_4,967.51,1265.27
22:13:25,server_3,683.23,559.72
22:13:25,server_2,683.82,620.68
22:13:25,server_1,772.04,969.33
22:13:25,server_19,215.34,118.55
22:13:25,server_9,1634.91,1718.72
22:13:25,server_20,13185.6,12317.28
22:13:30,server_13,657.36,548.28
22:13:30,server_14,275.12,338.82
22:13:30,server_15,56.16,42.43
22:13:30,server_20,188.21,196.15
22:13:30,server_18,17749.31,18957.33
22:13:30,server_19,326.03,186.36
22:13:30,server_12,615.78,334.41
22:13:30,server_16,171.63,91.75
22:13:30,server_11,846.39,665.51
22:13:30,server_17,396.23,535.22
22:13:30,server_9,124.87,147.79
22:13:30,server_2,11465.89,9287.62
22:13:30,server_3,352.01,195.6
22:13:30,server_10,209.6,291.54
22:13:30,server_4,15039.03,17336.16
22:13:30,server_1,151.59,167.57
22:13:30,server_6,697.7,824.7
22:13:30,server_7,141.85,172.78
22:13:30,server_8,11701.64,12077.35
22:13:30,server_5,912.63,1116.3
22:13:35,server_12,1084.15,790.11
22:13:35,server_20,60.22,34.06
22:13:35,server_19,788.42,605.94
22:13:35,server_18,143.91,92.91
22:13:35,server_17,894.91,633.05
22:13:35,server_16,969.32,712.39
22:13:35,server_15,65.31,59.01
22:13:35,server_14,591.65,813.12
22:13:35,server_13,499.0,435.47
22:13:35,server_11,1020.67,1331.1
22:13:35,server_10,48.61,36.63
22:13:35,server_9,844.11,890.02
22:13:35,server_2,301.95,346.89
22:13:35,server_3,579.66,558.06
22:13:35,server_4,0.0,0.0
22:13:35,server_1,546.41,611.33
22:13:35,server_6,932.79,801.48
22:13:35,server_7,7487.49,7362.83
22:13:35,server_8,783.86,621.94
22:13:35,server_5,153.13,126.94
22:13:40,server_12,963.57,722.73
22:13:40,server_19,6704.36,6000.31
22:13:40,server_18,660.83,745.6
22:13:40,server_17,70.94,90.09
22:13:40,server_16,693.1,596.83
22:13:40,server_15,4491.23,4380.78
22:13:40,server_14,4542.47,4390.88
22:13:40,server_13,854.9,463.02
22:13:40,server_11,6525.28,6869.2
22:13:40,server_20,505.05,497.21
22:13:40,server_9,590.2,680.39
22:13:40,server_1,174.32,182.41
22:13:40,server_2,239.64,271.99
22:13:40,server_3,4324.25,3820.25
22:13:40,server_4,598.64,765.31
22:13:40,server_10,342.73,378.8
22:13:40,server_6,290.09,373.05
22:13:40,server_7,702.0,848.82
22:13:40,server_8,307.2,336.83
22:13:40,server_5,881.73,1179.38
22:13:45,server_12,141.25,125.64
22:13:45,server_19,390.88,512.49
22:13:45,server_18,15475.44,17042.92
22:13:45,server_17,211.98,218.54
22:13:45,server_16,12.85,10.34
22:13:45,server_15,1034.26,1200.06
22:13:45,server_14,586.93,319.76
22:13:45,server_13,3558.3,3086.57
22:13:45,server_11,165.36,147.64
22:13:45,server_20,40.59,38.59
22:13:45,server_9,93.61,68.28
22:13:45,server_1,45.96,43.43
22:13:45,server_2,2071.02,2473.97
22:13:45,server_3,7588.4,8409.61
22:13:45,server_4,3352.6,2880.24
22:13:45,server_10,108.16,122.4
22:13:45,server_6,910.39,537.25
22:13:45,server_7,9.97,8.5
22:13:45,server_8,5881.14,4903.92
22:13:45,server_5,861.95,1146.25
22:13:50,server_11,140.35,210.31
22:13:50,server_19,18132.93,18410.22
22:13:50,server_18,600.24,316.06
22:13:50,server_17,275.53,207.05
22:13:50,server_16,113.1,87.84
22:13:50,server_15,954.07,1283.22
22:13:50,server_14,4980.15,5540.49
22:13:50,server_13,277.28,153.7
22:13:50,server_12,6.99,9.62
22:13:50,server_20,884.89,460.64
22:13:50,server_10,747.77,1073.94
22:13:50,server_8,3742.24,3790.91
22:13:50,server_7,286.23,226.58
22:13:50,server_6,397.11,407.28
22:13:50,server_5,452.12,413.27
22:13:50,server_4,250.67,328.56
22:13:50,server_3,579.31,666.18
22:13:50,server_2,220.32,119.65
22:13:50,server_1,679.58,771.18
22:13:50,server_9,18324.7,21696.78
22:13:55,server_13,938.51,1013.99
22:13:55,server_14,992.97,1456.7
22:13:55,server_15,404.45,246.71
22:13:55,server_12,229.39,182.24
22:13:55,server_17,428.69,283.15
22:13:55,server_18,159.81,178.22
22:13:55,server_19,143.08,118.18
22:13:55,server_16,73.26,40.7
22:13:55,server_11,642.5,528.41
22:13:55,server_20,4770.16,4593.79
22:13:55,server_9,307.41,439.28
22:13:55,server_1,629.29,462.54
22:13:55,server_2,275.05,257.07
22:13:55,server_3,1562.11,1355.08
22:13:55,server_4,132.64,137.53
22:13:55,server_10,481.9,330.18
22:13:55,server_6,114.81,111.36
22:13:55,server_7,808.37,757.33
22:13:55,server_8,734.43,808.79
22:13:55,server_5,221.25,228.81
22:14:00,server_19,495.79,736.68
22:14:00,server_18,541.5,288.83
22:14:00,server_17,934.52,1228.68
22:14:00,server_16,925.54,1296.76
22:14:00,server_15,868.18,605.14
22:14:00,server_14,657.31,729.65
22:14:00,server_13,910.52,960.42
22:14:00,server_12,316.12,225.47
22:14:00,server_11,192.58,232.42
22:14:00,server_20,672.11,769.44
22:14:00,server_9,547.22,677.84
22:14:00,server_1,623.76,388.35
22:14:00,server_2,15711.26,17182.9
22:14:00,server_3,644.17,859.64
22:14:00,server_4,834.08,513.87
22:14:00,server_10,522.94,687.84
22:14:00,server_6,14230.82,15201.99
22:14:00,server_7,849.31,708.5
22:14:00,server_8,283.55,157.39
22:14:00,server_5,361.2,304.39
22:14:05,server_11,14151.48,12887.94
22:14:05,server_19,632.4,412.34
22:14:05,server_18,894.83,591.8
22:14:05,server_17,148.9,194.3
22:14:05,server_16,136.75,162.07
22:14:05,server_15,753.58,414.58
22:14:05,server_14,521.23,518.78
22:14:05,server_13,1027.77,1033.51
22:14:05,server_12,19710.73,22299.79
22:14:05,server_20,758.95,403.2
22:14:05,server_10,646.96,651.78
22:14:05,server_8,508.34,430.96
22:14:05,server_9,215.4,201.94
22:14:05,server_1,959.82,1183.52
22:14:05,server_2,990.57,1174.07
22:14:05,server_3,4811.84,4577.18
22:14:05,server_5,484.1,707.83
22:14:05,server_6,198.97,297.71
22:14:05,server_7,41.22,42.78
22:14:05,server_4,6762.88,5715.02
22:14:10,server_20,109.42,103.87
22:14:10,server_11,967.0,1100.48
22:14:10,server_18,225.26,161.58
22:14:10,server_17,8903.43,10302.12
22:14:10,server_16,886.62,591.23
22:14:10,server_15,102.14,66.36
22:14:10,server_14,947.57,1262.86
22:14:10,server_13,504.82,281.07
22:14:10,server_12,375.4,236.8
22:14:10,server_19,945.27,734.81
22:14:10,server_10,3.78,4.69
22:14:10,server_8,102.9,143.3
22:14:10,server_1,157.81,160.71
22:14:10,server_2,93.71,102.36
22:14:10,server_3,267.58,283.93
22:14:10,server_9,144.21,183.49
22:14:10,server_5,825.25,749.52
22:14:10,server_6,459.43,535.46
22:14:10,server_7,166.28,147.23
22:14:10,server_4,589.63,675.64
22:14:15,server_12,944.71,798.34
22:14:15,server_19,2605.73,2386.96
22:14:15,server_18,131.95,106.06
22:14:15,server_17,520.39,693.73
22:14:15,server_16,158.78,209.51
22:14:15,server_15,961.32,1044.92
22:14:15,server_14,448.69,233.63
22:14:15,server_13,190.72,155.43
22:14:15,server_11,5960.15,5661.69
22:14:15,server_20,881.33,965.53
22:14:15,server_9,492.17,665.59
22:14:15,server_1,86.76,128.76
22:14:15,server_2,433.88,303.51
22:14:15,server_3,816.33,888.9
22:14:15,server_4,678.32,544.97
22:14:15,server_10,89.44,63.27
22:14:15,server_6,352.28,466.92
22:14:15,server_7,471.89,336.8
22:14:15,server_8,634.1,881.54
22:14:15,server_5,138.05,157.52
22:14:20,server_11,44.52,48.42
22:14:20,server_19,4360.21,3507.46
22:14:20,server_18,8888.15,9558.09
22:14:20,server_17,288.83,259.75
22:14:20,server_16,869.3,1108.07
22:14:20,server_15,414.61,346.1
22:14:20,server_14,345.93,201.69
22:14:20,server_13,0.0,0.0
22:14:20,server_12,1359.94,1581.32
22:14:20,server_20,309.78,246.83
22:14:20,server_10,1009.65,948.56
22:14:20,server_8,9586.49,9023.17
22:14:20,server_7,337.3,258.69
22:14:20,server_6,553.07,821.02
22:14:20,server_5,14271.67,14834.02
22:14:20,server_4,461.11,418.06
22:14:20,server_3,635.66,618.2
22:14:20,server_2,741.08,990.01
22:14:20,server_1,929.71,970.02
22:14:20,server_9,308.05,344.09
22:14:25,server_13,604.6,360.6
22:14:25,server_14,5224.12,6006.74
22:14:25,server_15,920.54,1308.17
22:14:25,server_12,684.07,574.49
22:14:25,server_20,550.72,510.79
22:14:25,server_18,909.84,775.98
22:14:25,server_19,965.67,862.01
22:14:25,server_16,1018.73,528.99
22:14:25,server_11,773.12,767.4
22:14:25,server_17,7547.05,6516.37
22:14:25,server_9,253.85,253.06
22:14:25,server_1,511.91,383.37
22:14:25,server_2,510.76,757.31
22:14:25,server_3,989.28,678.55
22:14:25,server_4,580.2,681.15
22:14:25,server_10,942.85,621.82
22:14:25,server_6,246.22,144.68
22:14:25,server_7,16940.9,19121.95
22:14:25,server_8,206.47,225.89
22:14:25,server_5,1679.91,1469.92
22:14:30,server_12,388.63,294.77
22:14:30,server_19,333.38,374.23
22:14:30,server_18,784.77,839.53
22:14:30,server_17,307.58,240.26
22:14:30,server_16,232.49,196.5
22:14:30,server_15,13423.56,11551.59
22:14:30,server_14,64.65,41.24
22:14:30,server_13,670.58,373.23
22:14:30,server_11,131.26,175.04
22:14:30,server_20,11880.16,13666.22
22:14:30,server_9,621.61,779.34
22:14:30,server_1,195.9,233.72
22:14:30,server_2,12158.62,10753.87
22:14:30,server_3,1017.84,1270.92
22:14:30,server_4,590.7,744.47
22:14:30,server_10,366.34,524.31
22:14:30,server_6,9708.21,10698.06
22:14:30,server_7,509.52,478.97
22:14:30,server_8,913.95,879.42
22:14:30,server_5,1036.85,1227.22
22:14:35,server_11,529.43,757.52
22:14:35,server_19,2135.8,2427.52
22:14:35,server_18,265.32,234.77
22:14:35,server_17,12132.08,11707.95
22:14:35,server_16,293.42,229.53
22:14:35,server_15,448.17,410.94
22:14:35,server_14,855.58,1016.43
22:14:35,server_13,992.29,1269.15
22:14:35,server_12,122.33,94.15
22:14:35,server_20,1008.48,1160.63
22:14:35,server_10,42.68,58.58
22:14:35,server_8,65.31,84.51
22:14:35,server_7,447.98,606.01
22:14:35,server_6,995.91,615.06
22:14:35,server_5,377.18,258.21
22:14:35,server_4,483.78,544.51
22:14:35,server_3,604.52,763.93
22:14:35,server_2,158.71,128.08
22:14:35,server_1,868.7,1099.32
22:14:35,server_9,928.54,1019.69
22:14:40,server_13,250.65,345.94
22:14:40,server_14,16961.23,15072.68
22:14:40,server_15,788.19,880.4
22:14:40,server_16,122.13,79.97
22:14:40,server_20,46.42,49.6
22:14:40,server_18,920.7,751.27
22:14:40,server_19,1526.08,1266.76
22:14:40,server_12,86.98,67.15
22:14:40,server_17,104.03,112.93
22:14:40,server_11,605.83,823.21
22:14:40,server_10,454.39,304.99
22:14:40,server_9,152.14,187.65
22:14:40,server_2,39.36,19.73
22:14:40,server_3,322.83,352.81
22:14:40,server_4,16641.39,19128.62
22:14:40,server_1,231.12,118.83
22:14:40,server_6,853.5,701.09
22:14:40,server_7,151.82,116.0
22:14:40,server_8,34.79,19.13
22:14:40,server_5,98.21,137.6
22:14:45,server_13,81.19,96.78
22:14:45,server_20,294.83,162.1
22:14:45,server_19,0.0,0.0
22:14:45,server_18,432.34,280.58
22:14:45,server_17,186.44,112.44
22:14:45,server_16,377.03,199.44
22:14:45,server_15,910.91,485.69
22:14:45,server_14,980.95,604.31
22:14:45,server_12,889.11,998.37
22:14:45,server_11,985.65,645.29
22:14:45,server_1,58.11,77.47
22:14:45,server_9,143.7,150.53
22:14:45,server_8,617.21,699.96
22:14:45,server_7,298.7,412.76
22:14:45,server_6,649.97,954.57
22:14:45,server_5,14609.15,14724.16
22:14:45,server_4,19487.58,17170.04
22:14:45,server_3,835.78,951.71
22:14:45,server_2,85.43,78.83
22:14:45,server_10,3885.49,4157.28
22:14:50,server_13,347.33,181.74
22:14:50,server_14,598.96,637.27
22:14:50,server_15,623.63,909.36
22:14:50,server_16,3186.78,3047.55
22:14:50,server_12,391.18,574.97
22:14:50,server_18,149.54,110.5
22:14:50,server_19,573.28,309.79
22:14:50,server_20,12295.68,14280.83
22:14:50,server_17,10720.63,11814.72
22:14:50,server_11,369.21,373.23
22:14:50,server_1,214.93,161.79
22:14:50,server_9,884.85,1311.23
22:14:50,server_8,16006.09,14945.74
22:14:50,server_7,410.55,231.1
22:14:50,server_6,2146.06,1736.92
22:14:50,server_5,868.09,451.21
22:14:50,server_4,516.02,729.04
22:14:50,server_3,553.38,567.33
22:14:50,server_2,883.59,474.5
22:14:50,server_10,885.07,1020.16
22:14:55,server_13,50.79,27.96
22:14:55,server_20,426.57,315.12
22:14:55,server_14,322.3,300.43
22:14:55,server_15,29.5,18.56
22:14:55,server_19,922.11,1047.09
22:14:55,server_17,888.42,1326.98
22:14:55,server_18,393.42,526.07
22:14:55,server_12,432.58,322.03
22:14:55,server_16,943.73,1133.43
22:14:55,server_11,909.63,1360.05
22:14:55,server_7,379.91,372.52
22:14:55,server_9,20.57,11.38
22:14:55,server_1,3472.87,3655.57
22:14:55,server_2,252.96,293.21
22:14:55,server_3,331.12,327.8
22:14:55,server_10,367.2,396.2
22:14:55,server_5,5966.41,6662.24
22:14:55,server_6,582.5,833.2
22:14:55,server_8,668.74,905.72
22:14:55,server_4,44.37,40.76
22:15:00,server_13,15806.25,17573.76
22:15:00,server_20,91.62,57.37
22:15:00,server_19,9336.07,9446.24
22:15:00,server_18,587.86,774.46
22:15:00,server_17,595.1,550.31
22:15:00,server_16,636.8,366.92
22:15:00,server_15,851.42,772.16
22:15:00,server_14,4023.06,4013.26
22:15:00,server_12,4424.12,3746.77
22:15:00,server_11,173.24,148.73
22:15:00,server_1,103.09,68.54
22:15:00,server_9,14792.77,16406.26
22:15:00,server_8,185.28,201.84
22:15:00,server_7,14619.31,14991.37
22:15:00,server_6,156.65,224.93
22:15:00,server_5,300.91,324.87
22:15:00,server_4,442.54,389.48
22:15:00,server_3,176.4,210.47
22:15:00,server_2,1144.18,980.02
22:15:00,server_10,906.01,1139.04
22:15:05,server_13,892.89,1012.25
22:15:05,server_14,137.04,168.97
22:15:05,server_15,343.39,420.2
22:15:05,server_16,5.77,3.29
22:15:05,server_12,1067.53,1317.36
22:15:05,server_18,5207.84,4942.92
22:15:05,server_19,2485.54,2796.61
22:15:05,server_20,934.48,944.67
22:15:05,server_17,346.06,426.0
22:15:05,server_11,913.19,1191.43
22:15:05,server_1,60.04,77.75
22:15:05,server_9,4314.13,4035.1
22:15:05,server_8,1024.64,955.74
22:15:05,server_7,972.43,919.47
22:15:05,server_6,577.87,789.04
22:15:05,server_5,370.5,384.1
22:15:05,server_4,983.7,964.46
22:15:05,server_3,724.25,641.44
22:15:05,server_2,15.91,21.07
22:15:05,server_10,461.56,327.13
22:15:10,server_20,501.37,588.38
22:15:10,server_13,87.1,100.01
22:15:10,server_14,611.57,777.62
22:15:10,server_15,951.78,1226.34
22:15:10,server_19,688.55,607.27
22:15:10,server_17,845.15,563.39
22:15:10,server_18,993.49,530.46
22:15:10,server_12,775.6,640.48
22:15:10,server_16,906.61,1038.77
22:15:10,server_11,1014.42,769.41
22:15:10,server_8,852.21,1106.54
22:15:10,server_9,191.95,220.24
22:15:10,server_7,357.91,210.43
22:15:10,server_6,132.99,129.61
22:15:10,server_5,63.61,75.04
22:15:10,server_4,439.91,558.23
22:15:10,server_3,735.9,867.16
22:15:10,server_2,11031.04,9076.51
22:15:10,server_1,369.29,479.21
22:15:10,server_10,4458.18,4440.63
22:15:15,server_13,625.58,594.48
22:15:15,server_14,475.81,442.98
22:15:15,server_15,64.99,42.83
22:15:15,server_20,95.33,66.59
22:15:15,server_17,421.56,513.8
22:15:15,server_19,88.36,117.88
22:15:15,server_12,505.86,353.25
22:15:15,server_16,556.98,280.9
22:15:15,server_11,24.33,23.95
22:15:15,server_18,1418.07,1461.96
22:15:15,server_9,324.38,317.59
22:15:15,server_8,956.24,737.34
22:15:15,server_7,22.87,26.44
22:15:15,server_6,469.11,513.71
22:15:15,server_5,3982.03,3282.57
22:15:15,server_4,909.32,1069.83
22:15:15,server_3,243.67,245.83
22:15:15,server_2,1353.07,1511.88
22:15:15,server_1,3062.58,3077.22
22:15:15,server_10,313.94,295.19
22:15:20,server_13,722.49,512.45
22:15:20,server_14,495.06,574.01
22:15:20,server_15,425.55,273.24
22:15:20,server_20,6.97,6.35
22:15:20,server_17,0.0,0.0
22:15:20,server_18,66.76,60.98
22:15:20,server_19,155.5,166.7
22:15:20,server_12,466.38,572.48
22:15:20,server_16,640.19,905.47
22:15:20,server_11,602.31,650.15
22:15:20,server_7,161.04,182.6
22:15:20,server_9,448.22,565.13
22:15:20,server_8,14006.52,15994.9
22:15:20,server_6,926.29,941.74
22:15:20,server_5,701.61,647.38
22:15:20,server_4,254.02,271.81
22:15:20,server_3,464.57,354.68
22:15:20,server_2,458.02,530.68
22:15:20,server_1,1049.26,1177.0
22:15:20,server_10,74.03,95.14
22:15:25,server_15,613.47,554.92
22:15:25,server_13,4698.14,5297.96
22:15:25,server_14,342.34,398.92
22:15:25,server_16,114.11,84.24
22:15:25,server_12,228.98,162.49
22:15:25,server_18,14552.2,17279.09
22:15:25,server_19,28.86,19.81
22:15:25,server_20,141.66,71.59
22:15:25,server_17,36.58,37.46
22:15:25,server_11,611.38,866.41
22:15:25,server_10,449.25,393.45
22:15:25,server_9,347.58,477.46
22:15:25,server_2,0.0,0.0
22:15:25,server_3,561.74,409.83
22:15:25,server_4,123.41,125.81
22:15:25,server_1,274.67,153.88
22:15:25,server_6,347.29,503.44
22:15:25,server_7,125.36,134.08
22:15:25,server_8,604.03,732.82
22:15:25,server_5,124.85,102.57
22:15:30,server_13,886.3,1243.84
22:15:30,server_20,591.42,880.01
22:15:30,server_19,170.49,244.64
22:15:30,server_18,535.2,479.6
22:15:30,server_17,611.56,441.29
22:15:30,server_16,377.95,442.97
22:15:30,server_15,18833.0,20865.33
22:15:30,server_14,863.82,1205.8
22:15:30,server_12,252.79,226.59
22:15:30,server_11,610.56,362.64
22:15:30,server_1,368.87,335.06
22:15:30,server_9,417.11,419.09
22:15:30,server_8,3889.4,4226.11
22:15:30,server_7,85.81,49.39
22:15:30,server_6,893.64,1214.02
22:15:30,server_5,172.9,177.98
22:15:30,server_4,357.31,342.23
22:15:30,server_3,612.33,406.23
22:15:30,server_2,388.9,302.16
22:15:30,server_10,475.24,403.06
22:15:35,server_13,882.53,1285.59
22:15:35,server_14,505.6,346.19
22:15:35,server_15,859.12,825.51
22:15:35,server_16,308.63,273.7
22:15:35,server_12,138.09,103.3
22:15:35,server_18,140.65,192.07
22:15:35,server_19,634.18,574.01
22:15:35,server_20,620.36,534.41
22:15:35,server_17,928.92,759.55
22:15:35,server_11,212.79,306.17
22:15:35,server_1,934.73,1171.5
22:15:35,server_9,547.09,584.39
22:15:35,server_8,162.88,111.92
22:15:35,server_7,389.54,419.39
22:15:35,server_6,610.62,590.42
22:15:35,server_5,971.08,1310.27
22:15:35,server_4,146.09,118.45
22:15:35,server_3,987.59,1061.14
22:15:35,server_2,437.41,324.11
22:15:35,server_10,2782.18,2611.76
22:15:40,server_13,91.13,85.46
22:15:40,server_14,405.36,548.91
22:15:40,server_15,115.55,88.56
22:15:40,server_16,478.03,451.64
22:15:40,server_20,679.25,833.83
22:15:40,server_18,338.35,282.75
22:15:40,server_19,247.96,289.99
22:15:40,server_12,416.03,565.31
22:15:40,server_17,602.02,699.89
22:15:40,server_11,126.11,85.66
22:15:40,server_10,4775.9,5259.01
22:15:40,server_9,358.67,277.65
22:15:40,server_2,211.72,315.78
22:15:40,server_3,15833.0,17398.06
22:15:40,server_4,132.28,182.12
22:15:40,server_1,17682.19,20048.59
22:15:40,server_6,19937.84,16073.33
22:15:40,server_7,913.46,1270.33
22:15:40,server_8,983.46,1162.44
22:15:40,server_5,12274.25,14292.11
22:15:45,server_12,873.16,964.11
22:15:45,server_19,12361.33,12860.84
22:15:45,server_18,248.84,239.9
22:15:45,server_17,90.67,91.22
22:15:45,server_16,176.91,142.45
22:15:45,server_15,1764.61,2074.87
22:15:45,server_14,672.31,521.39
22:15:45,server_13,224.71,188.57
22:15:45,server_11,581.89,364.75
22:15:45,server_20,320.42,169.41
22:15:45,server_9,266.35,297.57
22:15:45,server_1,396.67,476.42
22:15:45,server_2,1066.75,1466.57
22:15:45,server_3,691.1,949.77
22:15:45,server_4,421.73,539.75
22:15:45,server_10,1427.43,1201.65
22:15:45,server_6,4651.79,4166.69
22:15:45,server_7,798.92,460.28
22:15:45,server_8,8119.51,8883.63
22:15:45,server_5,4769.3,4828.28
22:15:50,server_11,592.42,680.98
22:15:50,server_19,210.4,247.76
22:15:50,server_18,299.89,355.84
22:15:50,server_17,4640.35,5457.3
22:15:50,server_16,624.41,554.01
22:15:50,server_15,271.32,397.66
22:15:50,server_14,810.93,423.36
22:15:50,server_13,87.91,46.35
22:15:50,server_12,911.02,776.4
22:15:50,server_20,470.34,543.47
22:15:50,server_10,93.5,116.59
22:15:50,server_8,9929.13,10197.91
22:15:50,server_7,478.95,590.02
22:15:50,server_6,2454.71,2175.96
22:15:50,server_5,473.93,250.45
22:15:50,server_4,889.61,1000.28
22:15:50,server_3,265.37,164.79
22:15:50,server_2,371.21,293.19
22:15:50,server_1,10822.22,12245.11
22:15:50,server_9,623.02,738.75
22:15:55,server_14,371.83,307.58
22:15:55,server_15,532.02,545.56
22:15:55,server_16,286.84,406.25
22:15:55,server_13,486.93,343.9
22:15:55,server_18,877.14,900.25
22:15:55,server_19,330.06,404.5
22:15:55,server_20,322.91,325.0
22:15:55,server_17,24.88,28.22
22:15:55,server_12,77.18,81.34
22:15:55,server_11,190.43,104.22
22:15:55,server_10,903.23,830.02
22:15:55,server_2,314.41,236.15
22:15:55,server_3,804.84,986.42
22:15:55,server_4,471.86,568.1
22:15:55,server_5,518.95,724.22
22:15:55,server_1,680.6,799.45
22:15:55,server_7,467.47,571.19
22:15:55,server_8,644.48,671.23
22:15:55,server_9,822.64,974.16
22:15:55,server_6,991.77,1342.51
22:16:00,server_12,712.06,1033.85
22:16:00,server_19,452.63,660.76
22:16:00,server_18,688.94,542.99
22:16:00,server_17,6047.55,5828.69
22:16:00,server_16,997.28,1099.09
22:16:00,server_15,378.26,224.59
22:16:00,server_14,976.81,611.62
22:16:00,server_13,728.65,1005.76
22:16:00,server_11,198.61,101.56
22:16:00,server_20,954.76,1047.44
22:16:00,server_9,283.81,419.35
22:16:00,server_1,13037.44,13260.26
22:16:00,server_2,857.65,698.79
22:16:00,server_3,1579.32,1678.44
22:16:00,server_4,156.62,187.89
22:16:00,server_10,877.21,965.52
22:16:00,server_6,355.96,243.71
22:16:00,server_7,224.15,269.27
22:16:00,server_8,2687.59,2641.67
22:16:00,server_5,20.87,23.39
22:16:05,server_11,595.96,343.28
22:16:05,server_19,857.17,802.59
22:16:05,server_18,315.37,324.86
22:16:05,server_17,294.03,393.91
22:16:05,server_16,163.36,149.22
22:16:05,server_15,324.59,333.01
22:16:05,server_14,840.71,1247.76
22:16:05,server_13,524.94,711.75
22:16:05,server_12,173.08,178.22
22:16:05,server_20,670.22,586.8
22:16:05,server_10,417.91,327.37
22:16:05,server_8,567.88,359.64
22:16:05,server_7,8384.54,9816.01
22:16:05,server_6,2644.01,2177.18
22:16:05,server_5,630.93,338.2
22:16:05,server_4,176.52,135.81
22:16:05,server_3,180.0,231.64
22:16:05,server_2,145.0,170.69
22:16:05,server_1,12964.38,10414.93
22:16:05,server_9,886.81,514.01
22:16:10,server_13,16248.9,15584.29
22:16:10,server_14,877.16,1130.01
22:16:10,server_15,649.91,397.45
22:16:10,server_16,649.46,506.95
22:16:10,server_20,853.41,641.36
22:16:10,server_18,150.39,225.08
22:16:10,server_19,17001.45,13840.01
22:16:10,server_12,790.63,561.09
22:16:10,server_17,235.15,193.55
22:16:10,server_10,368.05,349.13
22:16:10,server_7,225.79,180.64
22:16:10,server_9,809.5,420.05
22:16:10,server_11,17998.84,14870.69
22:16:10,server_2,11986.21,10759.94
22:16:10,server_3,472.81,707.96
22:16:10,server_4,847.24,455.87
22:16:10,server_1,6667.07,5623.8
22:16:10,server_6,101.31,53.61
22:16:10,server_8,883.96,476.36
22:16:10,server_5,195.14,194.6
22:16:15,server_20,533.07,567.02
22:16:15,server_12,241.25,315.01
22:16:15,server_19,958.35,1067.07
22:16:15,server_17,184.13,175.38
22:16:15,server_16,1003.67,912.45
22:16:15,server_15,2280.69,2234.35
22:16:15,server_14,190.22,181.06
22:16:15,server_13,929.16,1352.34
22:16:15,server_11,453.44,322.08
22:16:15,server_18,329.23,335.95
22:16:15,server_9,47.84,28.84
22:16:15,server_8,963.28,576.82
22:16:15,server_7,216.99,265.02
22:16:15,server_6,633.31,681.69
22:16:15,server_5,193.49,135.02
22:16:15,server_4,862.85,986.75
22:16:15,server_3,517.6,434.18
22:16:15,server_2,18764.05,15047.19
22:16:15,server_1,674.59,661.6
22:16:15,server_10,168.66,243.12
22:16:20,server_13,203.7,232.3
22:16:20,server_14,1515.5,1413.16
22:16:20,server_15,784.31,757.04
22:16:20,server_20,1002.7,1124.04
22:16:20,server_17,4287.23,4347.44
22:16:20,server_18,43.34,64.77
22:16:20,server_19,891.68,1141.32
22:16:20,server_12,149.44,179.57
22:16:20,server_16,10658.41,9565.89
22:16:20,server_11,943.56,1322.16
22:16:20,server_7,171.56,113.6
22:16:20,server_9,445.89,501.89
22:16:20,server_8,12414.7,11287.38
22:16:20,server_6,428.52,625.94
22:16:20,server_5,941.34,556.75
22:16:20,server_4,170.06,178.95
22:16:20,server_3,375.52,384.62
22:16:20,server_2,261.59,347.08
22:16:20,server_1,894.94,1300.29
22:16:20,server_10,7188.08,7100.3
22:16:25,server_15,4966.15,5176.63
22:16:25,server_13,504.66,472.02
22:16:25,server_14,355.75,507.68
22:16:25,server_16,431.0,372.04
22:16:25,server_12,732.01,631.91
22:16:25,server_18,446.81,235.77
22:16:25,server_19,627.34,653.47
22:16:25,server_20,958.77,1391.43
22:16:25,server_17,954.76,511.57
22:16:25,server_11,443.86,467.11
22:16:25,server_1,420.39,452.64
22:16:25,server_9,102.48,106.65
22:16:25,server_2,586.08,492.1
22:16:25,server_3,602.46,335.35
22:16:25,server_4,563.23,324.02
22:16:25,server_10,835.03,482.44
22:16:25,server_6,869.82,1270.1
22:16:25,server_7,713.46,884.06
22:16:25,server_8,264.82,277.13
22:16:25,server_5,308.73,378.15
22:16:30,server_12,858.67,642.76
22:16:30,server_19,167.98,202.98
22:16:30,server_18,3440.47,3777.21
22:16:30,server_17,899.51,1082.21
22:16:30,server_16,680.37,382.62
22:16:30,server_15,798.54,793.48
22:16:30,server_14,10510.23,11966.56
22:16:30,server_13,14.19,14.98
22:16:30,server_11,3001.91,2752.57
22:16:30,server_20,391.72,243.66
22:16:30,server_9,152.44,195.83
22:16:30,server_1,306.41,264.61
22:16:30,server_2,21.97,25.33
22:16:30,server_3,248.29,351.75
22:16:30,server_4,8215.38,7844.84
22:16:30,server_10,4538.19,5059.3
22:16:30,server_6,36.07,33.12
22:16:30,server_7,6658.36,6616.39
22:16:30,server_8,3306.35,2762.38
22:16:30,server_5,837.1,1058.4
22:16:35,server_11,314.08,391.79
22:16:35,server_19,406.39,266.33
22:16:35,server_18,1260.56,1407.64
22:16:35,server_17,864.52,664.79
22:16:35,server_16,373.42,251.16
22:16:35,server_15,1711.79,1697.03
22:16:35,server_14,901.92,1235.67
22:16:35,server_13,217.39,158.07
22:16:35,server_12,94.83,51.09
22:16:35,server_20,101.23,85.93
22:16:35,server_10,425.67,629.74
22:16:35,server_8,609.61,631.26
22:16:35,server_7,391.22,246.75
22:16:35,server_6,273.01,337.21
22:16:35,server_5,858.33,482.03
22:16:35,server_4,516.71,580.28
22:16:35,server_3,288.45,358.64
22:16:35,server_2,213.82,226.08
22:16:35,server_1,562.13,837.45
22:16:35,server_9,60.64,84.75
22:16:40,server_14,315.6,457.83
22:16:40,server_15,926.92,909.69
22:16:40,server_16,1445.11,1649.33
22:16:40,server_13,13373.32,14507.05
22:16:40,server_18,399.46,386.24
22:16:40,server_19,4799.99,4273.65
22:16:40,server_20,920.94,581.87
22:16:40,server_17,164.64,172.88
22:16:40,server_12,267.46,311.68
22:16:40,server_11,432.51,244.75
22:16:40,server_1,145.24,181.2
22:16:40,server_9,11539.68,13082.16
22:16:40,server_8,342.78,430.57
22:16:40,server_7,137.07,159.84
22:16:40,server_6,983.79,1470.49
22:16:40,server_5,5219.69,4499.59
22:16:40,server_4,641.97,681.71
22:16:40,server_3,13128.93,14865.65
22:16:40,server_2,43.52,51.94
22:16:40,server_10,616.68,663.84
22:16:45,server_13,19162.7,19582.41
22:16:45,server_14,357.55,223.26
22:16:45,server_15,350.49,481.93
22:16:45,server_20,844.75,453.31
22:16:45,server_18,581.55,598.46
22:16:45,server_19,297.27,266.6
22:16:45,server_12,263.47,250.24
22:16:45,server_16,489.77,585.53
22:16:45,server_11,522.45,310.76
22:16:45,server_17,69.36,90.84
22:16:45,server_9,16333.16,17149.85
22:16:45,server_10,320.11,424.63
22:16:45,server_2,425.91,386.21
22:16:45,server_3,188.34,106.12
22:16:45,server_4,217.71,136.71
22:16:45,server_1,895.88,874.71
22:16:45,server_6,796.1,934.08
22:16:45,server_7,572.07,662.42
22:16:45,server_8,81.79,75.57
22:16:45,server_5,160.35,176.28
22:16:50,server_20,157.39,218.13
22:16:50,server_12,403.06,542.17
22:16:50,server_19,998.05,794.45
22:16:50,server_18,77.53,112.62
22:16:50,server_17,121.24,155.99
22:16:50,server_16,930.04,889.35
22:16:50,server_15,650.63,382.89
22:16:50,server_14,355.1,212.8
22:16:50,server_13,207.15,304.9
22:16:50,server_11,15453.34,15610.11
22:16:50,server_7,3136.84,3695.0
22:16:50,server_9,2110.06,1980.55
22:16:50,server_8,246.29,146.12
22:16:50,server_6,16133.82,16460.03
22:16:50,server_5,516.11,615.84
22:16:50,server_4,295.01,410.34
22:16:50,server_3,5676.6,6150.57
22:16:50,server_2,856.44,876.7
22:16:50,server_1,522.6,684.73
22:16:50,server_10,381.93,563.33
22:16:55,server_15,242.85,235.77
22:16:55,server_13,259.0,185.46
22:16:55,server_14,895.41,980.14
22:16:55,server_16,180.74,238.44
22:16:55,server_12,740.26,600.08
22:16:55,server_18,283.7,154.95
22:16:55,server_19,853.05,565.76
22:16:55,server_20,911.01,640.63
22:16:55,server_17,925.51,1206.31
22:16:55,server_11,3906.13,3778.17
22:16:55,server_1,330.03,323.81
22:16:55,server_9,482.18,597.72
22:16:55,server_2,642.21,650.98
22:16:55,server_3,220.91,318.05
22:16:55,server_4,55.0,42.65
22:16:55,server_10,759.24,545.07
22:16:55,server_6,979.69,1027.4
22:16:55,server_7,666.75,712.07
22:16:55,server_8,1683.76,1920.28
22:16:55,server_5,795.13,1184.0
22:17:00,server_13,4616.45,5506.1
22:17:00,server_20,466.79,637.25
22:17:00,server_19,2415.77,2895.41
22:17:00,server_18,577.6,392.74
22:17:00,server_17,2994.47,2600.85
22:17:00,server_16,570.97,849.74
22:17:00,server_15,191.16,238.77
22:17:00,server_14,721.48,592.65
22:17:00,server_12,11162.81,9649.42
22:17:00,server_11,886.51,697.15
22:17:00,server_1,530.03,469.99
22:17:00,server_9,705.41,641.12
22:17:00,server_8,571.86,817.52
22:17:00,server_7,4587.84,5055.14
22:17:00,server_6,591.55,492.54
22:17:00,server_5,172.84,256.78
22:17:00,server_4,193.96,163.54
22:17:00,server_3,931.42,1149.31
22:17:00,server_2,499.58,611.92
22:17:00,server_10,15.63,16.34
22:17:05,server_13,19275.63,21362.67
22:17:05,server_14,822.86,555.05
22:17:05,server_15,191.98,128.63
22:17:05,server_16,547.91,434.33
22:17:05,server_12,314.98,444.39
22:17:05,server_18,349.03,464.66
22:17:05,server_19,826.09,1007.75
22:17:05,server_20,2023.46,1874.2
22:17:05,server_17,878.57,851.74
22:17:05,server_11,4963.47,4545.49
22:17:05,server_1,455.5,554.85
22:17:05,server_9,514.67,354.13
22:17:05,server_8,572.93,650.63
22:17:05,server_7,433.99,399.83
22:17:05,server_6,2313.35,2350.6
22:17:05,server_5,632.88,667.48
22:17:05,server_4,495.98,404.76
22:17:05,server_3,1006.73,606.44
22:17:05,server_2,2386.0,2578.48
22:17:05,server_10,544.83,527.98
22:17:10,server_13,16801.53,17284.88
22:17:10,server_14,1932.26,2001.01
22:17:10,server_15,19172.95,17255.06
22:17:10,server_16,927.86,716.03
22:17:10,server_20,200.34,274.35
22:17:10,server_18,147.23,200.62
22:17:10,server_19,207.8,137.5
22:17:10,server_12,522.48,649.16
22:17:10,server_17,512.48,502.06
22:17:10,server_11,8576.92,7274.35
22:17:10,server_1,626.32,435.04
22:17:10,server_9,199.37,271.47
22:17:10,server_2,973.08,821.25
22:17:10,server_3,614.44,675.37
22:17:10,server_4,734.08,946.27
22:17:10,server_10,608.98,623.69
22:17:10,server_6,636.72,673.73
22:17:10,server_7,562.65,309.13
22:17:10,server_8,962.98,1070.27
22:17:10,server_5,17790.08,14599.79
22:17:15,server_12,941.11,909.94
22:17:15,server_19,588.45,500.6
22:17:15,server_18,786.26,1004.83
22:17:15,server_17,154.02,77.83
22:17:15,server_16,533.27,614.34
22:17:15,server_15,424.24,512.99
22:17:15,server_14,365.19,531.47
22:17:15,server_13,518.99,369.53
22:17:15,server_20,142.18,190.67
22:17:15,server_11,220.93,247.07
22:17:15,server_9,37.55,45.72
22:17:15,server_8,1346.88,1389.31
22:17:15,server_7,1824.48,1798.86
22:17:15,server_6,131.6,123.1
22:17:15,server_5,902.9,675.01
22:17:15,server_4,543.68,719.09
22:17:15,server_3,851.17,889.13
22:17:15,server_2,560.99,725.49
22:17:15,server_1,289.4,390.1
22:17:15,server_10,406.44,233.67
22:17:20,server_13,276.68,203.52
22:17:20,server_14,875.19,823.17
22:17:20,server_15,565.98,447.32
22:17:20,server_16,59.1,55.8
22:17:20,server_12,282.8,184.99
22:17:20,server_18,933.35,1076.34
22:17:20,server_19,853.58,1056.15
22:17:20,server_20,7.35,4.88
22:17:20,server_17,286.65,190.39
22:17:20,server_11,893.45,1241.05
22:17:20,server_1,19957.05,17456.29
22:17:20,server_9,738.25,385.65
22:17:20,server_2,672.22,478.36
22:17:20,server_3,309.78,273.92
22:17:20,server_4,18451.47,20452.33
22:17:20,server_10,88.01,58.61
22:17:20,server_6,289.39,177.93
22:17:20,server_7,22.61,23.72
22:17:20,server_8,7190.41,8302.27
22:17:20,server_5,203.76,202.17
22:17:25,server_20,15595.2,15245.25
22:17:25,server_19,1017.64,798.02
22:17:25,server_18,860.81,1254.47
22:17:25,server_17,2603.29,2095.63
22:17:25,server_16,734.96,636.7
22:17:25,server_15,393.71,449.09
22:17:25,server_14,995.24,1089.16
22:17:25,server_12,341.6,494.43
22:17:25,server_11,8849.31,8067.97
22:17:25,server_13,626.63,677.67
22:17:25,server_9,918.5,615.26
22:17:25,server_10,126.07,63.49
22:17:25,server_2,443.07,600.89
22:17:25,server_3,7235.3,8215.19
22:17:25,server_4,4937.74,4114.02
22:17:25,server_1,548.02,537.1
22:17:25,server_6,397.91,512.53
22:17:25,server_7,528.96,313.51
22:17:25,server_8,993.36,1370.32
22:17:25,server_5,803.07,1103.01
22:17:30,server_12,491.25,519.11
22:17:30,server_20,879.96,486.46
22:17:30,server_19,0.0,0.0
22:17:30,server_18,7834.26,6467.04
22:17:30,server_17,292.89,179.64
22:17:30,server_16,946.35,1007.3
22:17:30,server_15,81.51,105.83
22:17:30,server_14,301.62,253.43
22:17:30,server_13,270.54,325.69
22:17:30,server_11,2238.4,2568.95
22:17:30,server_3,944.57,735.55
22:17:30,server_9,426.89,345.74
22:17:30,server_8,291.6,404.09
22:17:30,server_7,1183.56,1408.73
22:17:30,server_6,861.8,511.74
22:17:30,server_5,193.72,208.1
22:17:30,server_4,701.47,538.42
22:17:30,server_2,155.74,128.14
22:17:30,server_1,3813.17,3801.73
22:17:30,server_10,1952.72,1827.38
22:17:35,server_13,70.34,89.2
22:17:35,server_14,963.38,1020.42
22:17:35,server_15,667.5,718.31
22:17:35,server_16,534.59,413.33
22:17:35,server_20,657.39,797.83
22:17:35,server_18,0.0,0.0
22:17:35,server_19,554.26,511.44
22:17:35,server_12,75.9,69.86
22:17:35,server_17,1516.45,1374.01
22:17:35,server_11,262.28,377.19
22:17:35,server_3,4809.59,4198.59
22:17:35,server_9,660.79,393.86
22:17:35,server_1,3557.61,3808.09
22:17:35,server_2,2387.98,2063.13
22:17:35,server_4,384.43,562.01
22:17:35,server_10,561.74,319.99
22:17:35,server_6,856.25,500.33
22:17:35,server_7,1982.07,2060.08
22:17:35,server_8,4562.04,4092.94
22:17:35,server_5,122.18,169.9
22:17:40,server_20,908.34,1203.11
22:17:40,server_11,309.62,393.55
22:17:40,server_18,211.53,238.98
22:17:40,server_17,3419.59,3930.34
22:17:40,server_16,230.84,292.93
22:17:40,server_15,62.14,78.73
22:17:40,server_14,35.63,21.12
22:17:40,server_13,924.53,662.46
22:17:40,server_12,638.82,683.2
22:17:40,server_19,509.4,306.77
22:17:40,server_10,324.33,439.34
22:17:40,server_8,432.37,332.95
22:17:40,server_7,197.88,261.2
22:17:40,server_6,561.44,840.13
22:17:40,server_5,19014.74,22772.16
22:17:40,server_4,16555.0,17344.19
22:17:40,server_3,89.85,94.24
22:17:40,server_2,6036.95,6016.25
22:17:40,server_1,454.2,556.87
22:17:40,server_9,464.45,402.5
22:17:45,server_13,884.73,1183.68
22:17:45,server_14,502.15,341.33
22:17:45,server_15,3141.16,2659.56
22:17:45,server_12,261.07,205.67
22:17:45,server_17,143.3,132.9
22:17:45,server_18,554.83,422.05
22:17:45,server_19,488.41,732.05
22:17:45,server_16,178.94,206.9
22:17:45,server_11,507.42,282.6
22:17:45,server_20,878.28,899.84
22:17:45,server_9,4078.74,3511.75
22:17:45,server_1,890.3,587.01
22:17:45,server_2,13208.02,12503.01
22:17:45,server_3,110.57,146.15
22:17:45,server_4,372.17,420.67
22:17:45,server_10,914.31,895.82
22:17:45,server_6,4408.85,4816.99
22:17:45,server_7,619.83,879.35
22:17:45,server_8,193.45,160.26
22:17:45,server_5,12686.22,15006.11
22:17:50,server_12,819.51,647.96
22:17:50,server_20,517.18,602.81
22:17:50,server_19,4167.87,4419.68
22:17:50,server_18,608.42,630.75
22:17:50,server_17,506.69,490.31
22:17:50,server_16,1.1,1.08
22:17:50,server_15,168.22,203.19
22:17:50,server_14,963.99,1138.24
22:17:50,server_13,727.45,382.83
22:17:50,server_11,477.09,578.52
22:17:50,server_3,2949.78,3149.93
22:17:50,server_9,240.11,145.98
22:17:50,server_8,12646.53,10974.54
22:17:50,server_7,965.27,1315.2
22:17:50,server_6,905.25,1291.37
22:17:50,server_5,15505.93,18312.84
22:17:50,server_4,17037.02,14744.19
22:17:50,server_10,648.03,662.16
22:17:50,server_2,243.23,321.66
22:17:50,server_1,169.61,154.77
22:17:55,server_13,1940.25,1984.73
22:17:55,server_14,299.43,263.48
22:17:55,server_15,567.89,584.55
22:17:55,server_16,997.56,896.78
22:17:55,server_20,40.97,38.83
22:17:55,server_18,674.26,428.87
22:17:55,server_19,4135.49,3752.66
22:17:55,server_12,493.81,641.87
22:17:55,server_17,542.56,578.33
22:17:55,server_11,284.25,165.0
22:17:55,server_10,132.96,183.85
22:17:55,server_9,880.36,700.64
22:17:55,server_2,4556.98,4386.84
22:17:55,server_3,463.58,267.27
22:17:55,server_4,710.09,425.58
22:17:55,server_1,517.6,772.84
22:17:55,server_6,908.26,1087.06
22:17:55,server_7,13848.68,11838.89
22:17:55,server_8,425.83,590.31
22:17:55,server_5,894.27,1213.23
22:18:00,server_12,6631.74,5802.27
22:18:00,server_19,927.56,907.92
22:18:00,server_18,1033.7,1004.31
22:18:00,server_17,53.56,80.09
22:18:00,server_16,2197.09,1984.52
22:18:00,server_15,380.42,435.52
22:18:00,server_14,869.75,1174.61
22:18:00,server_13,525.5,434.91
22:18:00,server_11,191.19,179.47
22:18:00,server_20,358.07,373.72
22:18:00,server_9,722.54,525.04
22:18:00,server_1,4266.31,4584.08
22:18:00,server_2,154.64,219.54
22:18:00,server_3,311.35,285.3
22:18:00,server_4,244.41,336.29
22:18:00,server_10,2759.79,3090.85
22:18:00,server_6,30.51,30.86
22:18:00,server_7,860.14,466.67
22:18:00,server_8,109.41,55.14
22:18:00,server_5,194.53,127.89
22:18:05,server_19,301.86,375.48
22:18:05,server_18,710.61,1015.76
22:18:05,server_17,947.64,867.72
22:18:05,server_16,17.1,22.43
22:18:05,server_15,126.39,162.38
22:18:05,server_14,159.21,153.24
22:18:05,server_13,248.01,349.55
22:18:05,server_12,810.04,718.71
22:18:05,server_11,421.46,484.55
22:18:05,server_20,174.11,127.75
22:18:05,server_9,36.13,40.77
22:18:05,server_1,260.19,365.27
22:18:05,server_2,94.04,139.58
22:18:05,server_3,4263.95,4269.39
22:18:05,server_4,506.08,280.28
22:18:05,server_10,375.73,322.04
22:18:05,server_6,198.9,152.5
22:18:05,server_7,19809.86,20538.4
22:18:05,server_8,5496.38,6186.9
22:18:05,server_5,366.48,208.74
22:18:10,server_11,4333.8,3832.53
22:18:10,server_19,885.32,750.64
22:18:10,server_18,14470.98,14798.24
22:18:10,server_17,320.55,225.17
22:18:10,server_16,244.8,234.16
22:18:10,server_15,580.88,542.75
22:18:10,server_14,97.6,85.63
22:18:10,server_13,214.26,224.35
22:18:10,server_12,384.11,382.29
22:18:10,server_20,536.91,645.09
22:18:10,server_10,421.4,262.95
22:18:10,server_8,342.26,512.9
22:18:10,server_9,315.04,385.17
22:18:10,server_1,97.42,113.4
22:18:10,server_2,856.36,828.23
22:18:10,server_3,823.83,1032.35
22:18:10,server_5,956.23,785.65
22:18:10,server_6,663.72,486.47
22:18:10,server_7,924.73,781.29
22:18:10,server_4,882.3,971.21
22:18:15,server_20,67.04,38.1
22:18:15,server_19,4.49,6.58
22:18:15,server_18,6128.33,6416.17
22:18:15,server_17,344.08,512.66
22:18:15,server_16,249.95,345.25
22:18:15,server_15,5721.53,4652.76
22:18:15,server_14,847.35,1244.37
22:18:15,server_13,14440.63,14245.64
22:18:15,server_12,309.68,329.04
22:18:15,server_11,923.19,1286.95
22:18:15,server_9,490.95,288.62
22:18:15,server_1,558.43,661.64
22:18:15,server_2,211.58,252.99
22:18:15,server_3,12741.6,13335.2
22:18:15,server_4,883.61,612.26
22:18:15,server_10,667.14,707.7
22:18:15,server_6,672.81,969.93
22:18:15,server_7,10678.19,10860.04
22:18:15,server_8,775.2,532.86
22:18:15,server_5,95.18,111.08
22:18:20,server_12,631.88,684.61
22:18:20,server_20,952.76,1280.22
22:18:20,server_19,48.46,65.57
22:18:20,server_18,250.76,238.79
22:18:20,server_17,194.46,230.23
22:18:20,server_16,621.93,339.7
22:18:20,server_15,69.88,51.98
22:18:20,server_14,2991.73,3132.15
22:18:20,server_13,6141.26,6077.19
22:18:20,server_11,27.98,25.7
22:18:20,server_10,936.75,693.44
22:18:20,server_9,536.56,692.64
22:18:20,server_2,996.25,1482.56
22:18:20,server_3,214.32,203.27
22:18:20,server_4,280.7,161.38
22:18:20,server_1,981.77,690.07
22:18:20,server_6,769.46,830.23
22:18:20,server_7,156.03,204.08
22:18:20,server_8,282.95,306.67
22:18:20,server_5,945.98,600.4
22:18:25,server_12,699.61,887.18
22:18:25,server_19,365.94,208.3
22:18:25,server_18,78.5,55.84
22:18:25,server_17,293.15,287.93
22:18:25,server_16,300.21,247.75
22:18:25,server_15,748.31,827.79
22:18:25,server_14,1026.17,859.53
22:18:25,server_13,918.86,876.84
22:18:25,server_11,89.4,48.76
22:18:25,server_20,49.21,57.41
22:18:25,server_9,68.34,36.5
22:18:25,server_1,973.65,1367.56
22:18:25,server_2,293.79,415.42
22:18:25,server_3,18400.32,21150.98
22:18:25,server_4,223.03,238.44
22:18:25,server_10,18123.94,19271.12
22:18:25,server_6,81.95,97.9
22:18:25,server_7,869.06,858.55
22:18:25,server_8,210.25,292.5
22:18:25,server_5,15113.22,15614.37
22:18:30,server_12,876.41,877.89
22:18:30,server_19,865.41,1145.45
22:18:30,server_18,957.08,1093.97
22:18:30,server_17,570.89,832.6
22:18:30,server_16,293.2,150.16
22:18:30,server_15,574.18,564.24
22:18:30,server_14,13854.48,11341.65
22:18:30,server_13,1167.98,1325.95
22:18:30,server_11,1036.23,559.79
22:18:30,server_20,355.27,232.11
22:18:30,server_9,215.32,308.44
22:18:30,server_1,402.51,502.37
22:18:30,server_2,5221.33,5482.17
22:18:30,server_3,749.99,642.19
22:18:30,server_4,115.24,97.72
22:18:30,server_10,500.57,255.26
22:18:30,server_6,253.17,197.01
22:18:30,server_7,561.94,652.25
22:18:30,server_8,367.39,227.46
22:18:30,server_5,16854.49,18435.48
22:18:35,server_11,2.09,1.44
22:18:35,server_19,16789.5,18154.77
22:18:35,server_18,833.35,480.0
22:18:35,server_17,2042.7,1781.99
22:18:35,server_16,102.61,108.85
22:18:35,server_15,19621.45,22522.79
22:18:35,server_14,281.33,186.09
22:18:35,server_13,115.83,134.6
22:18:35,server_12,133.82,126.51
22:18:35,server_20,165.93,117.66
22:18:35,server_10,2568.99,3071.51
22:18:35,server_8,1211.58,1337.17
22:18:35,server_7,177.79,170.52
22:18:35,server_6,3663.39,3528.72
22:18:35,server_5,965.58,874.24
22:18:35,server_4,244.84,164.48
22:18:35,server_3,523.76,323.52
22:18:35,server_2,389.03,516.74
22:18:35,server_1,16636.39,16167.02
22:18:35,server_9,694.1,691.45
22:18:40,server_13,657.64,349.54
22:18:40,server_14,10834.08,12014.57
22:18:40,server_15,77.06,111.4
22:18:40,server_12,509.32,627.81
22:18:40,server_17,15274.31,13031.8
22:18:40,server_18,527.33,611.27
22:18:40,server_19,491.66,732.93
22:18:40,server_16,69.77,79.7
22:18:40,server_11,167.02,113.88
22:18:40,server_20,737.59,1037.28
22:18:40,server_9,3944.31,3534.74
22:18:40,server_1,556.79,605.14
22:18:40,server_2,930.23,569.65
22:18:40,server_3,547.56,502.18
22:18:40,server_4,520.1,415.05
22:18:40,server_10,545.83,392.9
22:18:40,server_6,298.16,272.23
22:18:40,server_7,267.4,156.91
22:18:40,server_8,396.81,584.79
22:18:40,server_5,662.82,332.57
22:18:45,server_19,641.8,518.72
22:18:45,server_18,178.76,119.83
22:18:45,server_17,198.86,152.56
22:18:45,server_16,355.47,350.65
22:18:45,server_15,976.7,1188.19
22:18:45,server_14,776.29,980.07
22:18:45,server_13,322.65,437.71
22:18:45,server_12,8698.79,8386.5
22:18:45,server_11,609.25,766.72
22:18:45,server_20,2080.02,1790.09
22:18:45,server_9,95.83,122.78
22:18:45,server_1,369.37,522.95
22:18:45,server_2,4377.8,4377.98
22:18:45,server_3,523.38,408.32
22:18:45,server_4,10638.75,11798.82
22:18:45,server_10,579.83,328.67
22:18:45,server_6,911.25,1285.93
22:18:45,server_7,110.33,83.65
22:18:45,server_8,1014.8,778.66
22:18:45,server_5,171.32,207.08
22:18:50,server_11,87.88,74.86
22:18:50,server_19,970.08,819.07
22:18:50,server_18,699.02,453.98
22:18:50,server_17,268.1,359.61
22:18:50,server_16,660.45,502.17
22:18:50,server_15,374.23,326.34
22:18:50,server_14,10551.12,8920.97
22:18:50,server_13,143.62,140.19
22:18:50,server_12,582.57,329.63
22:18:50,server_20,3631.12,3160.35
22:18:50,server_10,556.11,489.47
22:18:50,server_8,455.7,612.61
22:18:50,server_9,643.73,605.18
22:18:50,server_1,160.44,214.26
22:18:50,server_2,633.64,616.56
22:18:50,server_3,841.64,977.26
22:18:50,server_5,898.48,525.18
22:18:50,server_6,531.27,645.47
22:18:50,server_7,687.21,755.34
22:18:50,server_4,691.03,814.86
22:18:55,server_20,889.28,1177.07
22:18:55,server_11,3240.95,3227.43
22:18:55,server_18,611.02,833.88
22:18:55,server_17,93.7,73.55
22:18:55,server_16,505.59,332.57
22:18:55,server_15,1548.79,1577.21
22:18:55,server_14,991.27,839.35
22:18:55,server_13,200.43,113.07
22:18:55,server_12,42.49,21.85
22:18:55,server_19,7988.08,8497.98
22:18:55,server_10,136.18,127.51
22:18:55,server_8,323.99,400.88
22:18:55,server_1,923.03,1045.57
22:18:55,server_2,290.17,366.25
22:18:55,server_3,932.73,1336.64
22:18:55,server_9,272.63,406.47
22:18:55,server_5,924.13,513.64
22:18:55,server_6,920.56,960.1
22:18:55,server_7,504.06,499.38
22:18:55,server_4,4463.4,4635.32
22:19:00,server_13,883.45,1196.97
22:19:00,server_20,133.75,171.92
22:19:00,server_19,561.01,667.88
22:19:00,server_18,2455.13,2244.35
22:19:00,server_17,230.94,161.86
22:19:00,server_16,238.52,314.25
22:19:00,server_15,894.49,527.21
22:19:00,server_14,1005.15,1047.19
22:19:00,server_12,96.13,112.06
22:19:00,server_11,391.72,540.19
22:19:00,server_1,842.94,645.85
22:19:00,server_9,874.01,1054.69
22:19:00,server_8,895.11,966.69
22:19:00,server_7,652.41,610.93
22:19:00,server_6,502.44,467.52
22:19:00,server_5,16972.1,15952.01
22:19:00,server_4,3253.22,3851.42
22:19:00,server_3,7539.26,8589.31
22:19:00,server_2,616.36,669.65
22:19:00,server_10,987.69,858.26
22:19:05,server_13,932.01,1385.56
22:19:05,server_14,548.61,631.14
22:19:05,server_15,956.25,869.22
22:19:05,server_16,478.19,514.26
22:19:05,server_12,627.01,882.24
22:19:05,server_18,15432.96,15130.03
22:19:05,server_19,52.93,58.74
22:19:05,server_20,603.29,892.58
22:19:05,server_17,3343.88,3258.73
22:19:05,server_11,18602.02,22319.54
22:19:05,server_1,0.0,0.0
22:19:05,server_9,876.46,1002.06
22:19:05,server_8,8157.07,9622.8
22:19:05,server_7,939.95,590.94
22:19:05,server_6,511.85,365.52
22:19:05,server_5,363.82,440.07
22:19:05,server_4,415.0,395.52
22:19:05,server_3,51.83,36.73
22:19:05,server_2,811.2,713.33
22:19:05,server_10,386.87,511.04
22:19:10,server_13,4201.75,4197.37
22:19:10,server_14,327.86,439.9
22:19:10,server_15,377.69,226.41
22:19:10,server_16,110.21,89.49
22:19:10,server_20,18604.44,16286.28
22:19:10,server_18,2303.58,2332.8
22:19:10,server_19,362.22,465.15
22:19:10,server_12,4011.98,4132.51
22:19:10,server_17,424.3,343.71
22:19:10,server_11,1573.04,1604.34
22:19:10,server_10,187.15,255.37
22:19:10,server_9,915.11,545.95
22:19:10,server_2,733.11,935.77
22:19:10,server_3,401.95,561.98
22:19:10,server_4,102.53,87.29
22:19:10,server_1,176.71,232.24
22:19:10,server_6,348.25,444.9
22:19:10,server_7,3189.79,2693.28
22:19:10,server_8,180.95,184.32
22:19:10,server_5,607.6,719.29
22:19:15,server_12,422.38,256.54
22:19:15,server_19,4660.75,4400.05
22:19:15,server_18,12438.24,11311.39
22:19:15,server_17,466.53,321.43
22:19:15,server_16,884.02,807.59
22:19:15,server_15,58.3,77.56
22:19:15,server_14,859.49,547.83
22:19:15,server_13,287.96,147.15
22:19:15,server_11,24.5,20.69
22:19:15,server_20,939.07,960.07
22:19:15,server_9,584.96,692.31
22:19:15,server_1,614.72,890.22
22:19:15,server_2,988.44,719.13
22:19:15,server_3,530.42,545.27
22:19:15,server_4,283.87,347.34
22:19:15,server_10,917.16,504.0
22:19:15,server_6,251.01,241.49
22:19:15,server_7,12329.99,11276.12
22:19:15,server_8,657.56,734.24
22:19:15,server_5,973.45,1076.35
22:19:20,server_11,704.13,615.46
22:19:20,server_19,1216.9,1419.05
22:19:20,server_18,124.99,163.92
22:19:20,server_17,387.52,255.03
22:19:20,server_16,464.12,432.89
22:19:20,server_15,717.75,539.13
22:19:20,server_14,952.21,808.53
22:19:20,server_13,842.78,937.31
22:19:20,server_12,890.29,741.0
22:19:20,server_20,289.63,287.59
22:19:20,server_10,895.01,1133.41
22:19:20,server_8,918.1,594.5
22:19:20,server_7,226.21,189.63
22:19:20,server_6,16013.72,15335.46
22:19:20,server_5,279.54,357.75
22:19:20,server_4,364.43,371.45
22:19:20,server_3,13377.34,14145.08
22:19:20,server_2,530.79,304.86
22:19:20,server_1,424.32,323.85
22:19:20,server_9,400.74,229.52
22:19:25,server_14,68.04,96.86
22:19:25,server_15,479.86,642.98
22:19:25,server_16,55.62,56.44
22:19:25,server_13,339.73,268.93
22:19:25,server_18,314.76,314.52
22:19:25,server_19,367.23,328.12
22:19:25,server_20,1045.0,1532.8
22:19:25,server_17,248.0,232.18
22:19:25,server_12,427.3,458.56
22:19:25,server_11,871.18,1170.94
22:19:25,server_1,363.35,297.7
22:19:25,server_9,424.34,515.21
22:19:25,server_8,75.7,87.9
22:19:25,server_7,76.97,110.93
22:19:25,server_6,927.06,531.72
22:19:25,server_5,500.52,681.78
22:19:25,server_4,842.7,1180.25
22:19:25,server_3,3728.33,3018.69
22:19:25,server_2,152.31,189.87
22:19:25,server_10,2290.68,2668.36
22:19:30,server_13,53.98,28.01
22:19:30,server_14,933.71,1251.69
22:19:30,server_15,398.83,257.2
22:19:30,server_20,496.69,531.21
22:19:30,server_18,858.18,636.27
22:19:30,server_19,703.62,765.41
22:19:30,server_12,525.61,349.82
22:19:30,server_16,13788.92,15706.9
22:19:30,server_11,355.74,279.76
22:19:30,server_17,7707.29,6237.99
22:19:30,server_9,787.76,656.85
22:19:30,server_10,587.53,571.05
22:19:30,server_2,2462.76,2834.41
22:19:30,server_3,2860.4,2573.17
22:19:30,server_4,81.52,52.17
22:19:30,server_1,470.63,464.65
22:19:30,server_6,14030.09,13946.06
22:19:30,server_7,5315.55,5239.14
22:19:30,server_8,2028.48,2029.31
22:19:30,server_5,670.54,538.38
22:19:35,server_20,933.05,1329.91
22:19:35,server_12,9899.17,11229.44
22:19:35,server_19,799.98,468.73
22:19:35,server_18,619.8,589.71
22:19:35,server_17,480.29,646.0
22:19:35,server_16,644.49,766.68
22:19:35,server_15,935.91,1152.56
22:19:35,server_14,519.03,597.64
22:19:35,server_13,597.21,659.69
22:19:35,server_11,12475.35,10241.41
22:19:35,server_7,4534.96,5403.48
22:19:35,server_9,4651.61,5411.92
22:19:35,server_8,6755.69,6856.77
22:19:35,server_6,7004.78,5708.63
22:19:35,server_5,333.64,286.56
22:19:35,server_4,4233.29,4916.67
22:19:35,server_3,838.72,1244.13
22:19:35,server_2,21.65,20.25
22:19:35,server_1,352.29,507.16
22:19:35,server_10,361.77,310.99
22:19:40,server_15,725.0,748.2
22:19:40,server_13,867.39,659.62
22:19:40,server_14,394.99,527.21
22:19:40,server_16,997.52,717.04
22:19:40,server_12,989.88,659.42
22:19:40,server_18,2092.56,2165.08
22:19:40,server_19,964.08,1098.92
22:19:40,server_20,109.64,61.18
22:19:40,server_17,19066.03,22510.92
22:19:40,server_11,326.68,170.59
22:19:40,server_1,856.94,881.06
22:19:40,server_9,306.14,396.45
22:19:40,server_2,448.33,423.35
22:19:40,server_3,124.64,90.7
22:19:40,server_4,1024.12,589.68
22:19:40,server_10,14300.27,13368.98
22:19:40,server_6,435.39,440.34
22:19:40,server_7,520.55,535.74
22:19:40,server_8,791.1,1063.54
22:19:40,server_5,11287.59,10427.86
22:19:45,server_13,4532.6,4240.72
22:19:45,server_20,188.61,209.45
22:19:45,server_19,218.98,227.01
22:19:45,server_18,868.48,791.04
22:19:45,server_17,379.47,515.48
22:19:45,server_16,478.21,695.07
22:19:45,server_15,2445.48,2528.06
22:19:45,server_14,8204.41,9330.95
22:19:45,server_12,44.54,53.98
22:19:45,server_11,515.77,478.28
22:19:45,server_1,45.75,41.33
22:19:45,server_9,153.17,151.4
22:19:45,server_8,358.24,528.17
22:19:45,server_7,440.27,390.32
22:19:45,server_6,565.56,839.04
22:19:45,server_5,912.29,643.02
22:19:45,server_4,17635.24,20466.61
22:19:45,server_3,886.87,837.73
22:19:45,server_2,190.84,118.99
22:19:45,server_10,15782.24,18230.0
22:19:50,server_13,8846.21,8559.65
22:19:50,server_14,804.42,788.18
22:19:50,server_15,608.33,683.03
22:19:50,server_16,981.5,1030.69
22:19:50,server_12,870.9,915.33
22:19:50,server_18,402.89,261.35
22:19:50,server_19,123.13,176.33
22:19:50,server_20,16241.13,13059.89
22:19:50,server_17,3234.99,2943.24
22:19:50,server_11,860.37,1225.22
22:19:50,server_1,418.51,411.78
22:19:50,server_9,475.85,553.04
22:19:50,server_8,464.11,341.81
22:19:50,server_7,1604.24,1577.74
22:19:50,server_6,12.0,13.35
22:19:50,server_5,822.92,638.29
22:19:50,server_4,838.11,1130.46
22:19:50,server_3,854.34,471.97
22:19:50,server_2,687.23,877.39
22:19:50,server_10,625.16,353.62
22:19:55,server_13,168.26,144.75
22:19:55,server_14,2838.86,3006.78
22:19:55,server_15,376.92,299.25
22:19:55,server_16,12396.95,14253.69
22:19:55,server_20,3204.56,3632.61
22:19:55,server_18,580.69,523.08
22:19:55,server_19,990.84,1175.35
22:19:55,server_12,3163.46,3294.13
22:19:55,server_17,591.77,848.26
22:19:55,server_11,342.97,280.25
22:19:55,server_1,909.37,1329.66
22:19:55,server_9,9002.09,9430.57
22:19:55,server_2,474.1,574.07
22:19:55,server_3,174.31,195.05
22:19:55,server_4,125.89,164.72
22:19:55,server_10,901.66,1130.01
22:19:55,server_6,854.58,905.76
22:19:55,server_7,3946.12,4437.96
22:19:55,server_8,358.31,304.32
22:19:55,server_5,902.21,1095.94
22:20:00,server_12,835.84,1037.51
22:20:00,server_19,9064.06,10313.69
22:20:00,server_18,532.65,623.33
22:20:00,server_17,375.88,393.93
22:20:00,server_16,471.93,499.72
22:20:00,server_15,566.0,790.46
22:20:00,server_14,268.09,167.18
22:20:00,server_13,477.43,668.25
22:20:00,server_20,850.93,755.73
22:20:00,server_11,617.67,345.08
22:20:00,server_9,881.39,541.43
22:20:00,server_8,202.78,147.13
22:20:00,server_7,170.86,206.95
22:20:00,server_6,954.5,639.89
22:20:00,server_5,958.06,554.3
22:20:00,server_4,302.88,387.92
22:20:00,server_3,875.88,698.17
22:20:00,server_2,597.93,477.66
22:20:00,server_1,569.98,829.28
22:20:00,server_10,637.63,875.26
22:20:05,server_13,26.06,34.5
22:20:05,server_14,208.17,128.95
22:20:05,server_15,537.8,529.22
22:20:05,server_16,338.08,319.31
22:20:05,server_12,935.71,1077.21
22:20:05,server_18,15603.17,15564.08
22:20:05,server_19,895.74,481.79
22:20:05,server_20,10.49,13.81
22:20:05,server_17,4697.46,5294.12
22:20:05,server_11,18943.43,21274.03
22:20:05,server_10,929.58,999.86
22:20:05,server_9,446.54,241.95
22:20:05,server_8,9.41,11.25
22:20:05,server_7,4632.81,4283.42
22:20:05,server_6,143.38,137.92
22:20:05,server_5,3712.36,3565.03
22:20:05,server_4,788.86,866.32
22:20:05,server_3,148.75,156.15
22:20:05,server_2,219.7,304.5
22:20:05,server_1,450.52,305.17
22:20:10,server_13,276.32,388.81
22:20:10,server_14,766.69,875.33
22:20:10,server_15,992.49,1133.7
22:20:10,server_16,48.79,60.47
22:20:10,server_20,255.44,208.19
22:20:10,server_18,890.58,758.17
22:20:10,server_19,5234.8,5124.21
22:20:10,server_12,870.33,880.68
22:20:10,server_17,2838.25,3149.93
22:20:10,server_11,3536.38,3135.77
22:20:10,server_10,405.15,512.21
22:20:10,server_9,9277.06,8939.51
22:20:10,server_2,981.75,1454.11
22:20:10,server_3,10875.37,11531.09
22:20:10,server_4,930.05,838.03
22:20:10,server_1,239.49,242.66
22:20:10,server_6,619.23,736.77
22:20:10,server_7,960.9,910.73
22:20:10,server_8,243.24,143.7
22:20:10,server_5,407.43,392.76
22:20:15,server_12,70.83,81.13
22:20:15,server_19,866.84,457.42
22:20:15,server_18,10143.24,11869.06
22:20:15,server_17,992.39,1113.25
22:20:15,server_16,562.56,514.13
22:20:15,server_15,295.19,245.37
22:20:15,server_14,157.4,234.14
22:20:15,server_13,658.31,407.41
22:20:15,server_11,861.92,1049.36
22:20:15,server_20,536.48,693.33
22:20:15,server_9,2608.57,2176.75
22:20:15,server_1,3268.15,3528.4
22:20:15,server_2,411.77,391.06
22:20:15,server_3,374.97,497.99
22:20:15,server_4,394.57,304.28
22:20:15,server_10,548.16,586.22
22:20:15,server_6,521.37,739.85
22:20:15,server_7,147.28,137.71
22:20:15,server_8,239.28,131.65
22:20:15,server_5,896.6,474.95
22:20:20,server_12,3759.72,3095.03
22:20:20,server_19,3755.18,3783.46
22:20:20,server_18,440.98,543.3
22:20:20,server_17,457.71,653.83
22:20:20,server_16,232.81,197.97
22:20:20,server_15,229.77,237.84
22:20:20,server_14,509.35,542.27
22:20:20,server_13,17.37,20.83
22:20:20,server_11,8361.61,8875.73
22:20:20,server_20,14002.9,14776.68
22:20:20,server_9,3496.8,3241.48
22:20:20,server_1,191.5,144.74
22:20:20,server_2,2294.86,1997.73
22:20:20,server_3,19234.8,18348.31
22:20:20,server_4,137.4,69.67
22:20:20,server_10,419.99,305.4
22:20:20,server_6,53.07,74.62
22:20:20,server_7,1752.94,1920.87
22:20:20,server_8,680.21,838.88
22:20:20,server_5,941.34,1219.78
22:20:25,server_11,270.27,305.56
22:20:25,server_19,953.24,984.19
22:20:25,server_18,635.8,847.28
22:20:25,server_17,149.39,116.33
22:20:25,server_16,128.4,111.73
22:20:25,server_15,139.94,173.17
22:20:25,server_14,7567.69,8116.52
22:20:25,server_13,607.28,724.56
22:20:25,server_12,971.48,1354.05
22:20:25,server_20,170.45,162.87
22:20:25,server_10,123.48,110.74
22:20:25,server_8,157.53,90.2
22:20:25,server_7,490.13,440.67
22:20:25,server_6,956.24,511.86
22:20:25,server_5,313.43,453.8
22:20:25,server_4,247.08,339.16
22:20:25,server_3,105.04,61.19
22:20:25,server_2,19703.39,19535.49
22:20:25,server_1,107.82,121.25
22:20:25,server_9,39.95,32.97
22:20:30,server_13,630.05,755.59
22:20:30,server_14,22.56,27.46
22:20:30,server_15,991.32,938.73
22:20:30,server_12,512.02,585.83
22:20:30,server_17,837.66,1010.31
22:20:30,server_18,937.05,1047.99
22:20:30,server_19,862.64,963.9
22:20:30,server_16,508.72,753.3
22:20:30,server_11,162.92,215.07
22:20:30,server_20,11616.21,10882.83
22:20:30,server_9,86.11,93.37
22:20:30,server_1,884.2,1214.96
22:20:30,server_2,913.61,964.22
22:20:30,server_3,517.14,678.86
22:20:30,server_4,1003.52,1142.86
22:20:30,server_10,232.57,267.53
22:20:30,server_6,17175.02,14817.4
22:20:30,server_7,95.47,107.92
22:20:30,server_8,192.9,251.95
22:20:30,server_5,838.91,614.99
22:20:35,server_19,657.28,634.27
22:20:35,server_18,171.49,173.13
22:20:35,server_17,173.31,250.36
22:20:35,server_16,862.28,713.05
22:20:35,server_15,1103.59,1005.05
22:20:35,server_14,467.96,456.58
22:20:35,server_13,900.06,820.17
22:20:35,server_12,823.96,1020.9
22:20:35,server_11,1041.4,576.26
22:20:35,server_20,9548.18,10868.54
22:20:35,server_9,920.75,741.09
22:20:35,server_1,2384.92,2085.72
22:20:35,server_2,168.88,227.55
22:20:35,server_3,304.63,434.57
22:20:35,server_4,402.04,554.64
22:20:35,server_10,587.05,621.08
22:20:35,server_6,949.07,1351.23
22:20:35,server_7,393.56,468.02
22:20:35,server_8,16182.87,18994.07
22:20:35,server_5,279.99,165.91
22:20:40,server_11,1666.98,1611.14
22:20:40,server_19,396.84,295.03
22:20:40,server_18,837.49,935.38
22:20:40,server_17,55.55,60.87
22:20:40,server_16,979.56,1190.19
22:20:40,server_15,292.16,407.48
22:20:40,server_14,830.7,1231.77
22:20:40,server_13,841.02,974.37
22:20:40,server_12,418.77,443.06
22:20:40,server_20,4107.21,3408.59
22:20:40,server_10,571.96,658.77
22:20:40,server_8,8125.7,8046.57
22:20:40,server_9,596.08,502.39
22:20:40,server_1,242.54,191.94
22:20:40,server_2,365.0,519.22
22:20:40,server_3,19734.05,22154.75
22:20:40,server_5,15701.17,17361.35
22:20:40,server_6,602.46,778.51
22:20:40,server_7,194.58,264.12
22:20:40,server_4,933.25,482.72
22:20:45,server_20,904.61,743.32
22:20:45,server_11,14597.9,13748.57
22:20:45,server_18,980.75,880.75
22:20:45,server_17,503.26,255.46
22:20:45,server_16,149.57,108.14
22:20:45,server_15,941.28,1000.02
22:20:45,server_14,676.83,492.26
22:20:45,server_13,694.56,605.76
22:20:45,server_12,14979.36,14424.03
22:20:45,server_19,620.01,743.42
22:20:45,server_10,941.58,1098.34
22:20:45,server_8,298.04,309.17
22:20:45,server_1,114.64,58.06
22:20:45,server_2,76.74,40.23
22:20:45,server_3,233.34,131.7
22:20:45,server_9,970.82,492.44
22:20:45,server_5,918.72,602.03
22:20:45,server_6,977.68,1277.58
22:20:45,server_7,530.21,791.09
22:20:45,server_4,1366.01,1504.26
22:20:50,server_12,508.67,395.73
22:20:50,server_19,198.1,155.09
22:20:50,server_18,1019.07,1520.14
22:20:50,server_17,938.99,1056.81
22:20:50,server_16,1045.32,622.15
22:20:50,server_15,366.68,518.77
22:20:50,server_14,15903.18,18000.85
22:20:50,server_13,395.7,214.36
22:20:50,server_11,201.07,290.05
22:20:50,server_20,1041.96,1533.73
22:20:50,server_9,258.31,364.92
22:20:50,server_1,25.23,32.99
22:20:50,server_2,679.21,623.96
22:20:50,server_3,557.3,587.32
22:20:50,server_4,94.75,94.96
22:20:50,server_10,1072.85,1225.92
22:20:50,server_6,447.99,255.95
22:20:50,server_7,758.4,790.7
22:20:50,server_8,6.18,5.07
22:20:50,server_5,42.06,48.73
22:20:55,server_11,854.75,867.54
22:20:55,server_19,3171.49,3065.07
22:20:55,server_18,755.99,735.71
22:20:55,server_17,812.74,609.7
22:20:55,server_16,592.41,872.82
22:20:55,server_15,189.91,227.79
22:20:55,server_14,303.69,425.83
22:20:55,server_13,918.02,713.77
22:20:55,server_12,318.67,249.1
22:20:55,server_20,702.9,748.04
22:20:55,server_10,870.56,435.84
22:20:55,server_8,177.92,228.72
22:20:55,server_7,2523.96,2237.35
22:20:55,server_6,950.82,531.48
22:20:55,server_5,676.83,410.99
22:20:55,server_4,890.41,915.83
22:20:55,server_3,6282.13,7061.6
22:20:55,server_2,3920.16,4449.53
22:20:55,server_1,767.02,658.84
22:20:55,server_9,75.03,46.66
22:21:00,server_13,6397.96,5248.77
22:21:00,server_14,873.2,974.7
22:21:00,server_15,59.62,84.84
22:21:00,server_12,11674.99,11557.75
22:21:00,server_17,12838.42,10704.96
22:21:00,server_18,911.31,786.89
22:21:00,server_19,356.14,316.87
22:21:00,server_16,387.51,398.28
22:21:00,server_11,319.2,217.96
22:21:00,server_20,617.58,587.28
22:21:00,server_9,621.45,851.53
22:21:00,server_1,374.88,488.84
22:21:00,server_2,43.03,31.47
22:21:00,server_3,924.85,546.12
22:21:00,server_4,413.69,424.98
22:21:00,server_10,5081.63,4732.04
22:21:00,server_6,18174.9,17567.94
22:21:00,server_7,1069.7,1253.72
22:21:00,server_8,18489.58,22026.17
22:21:00,server_5,473.45,351.09
22:21:05,server_12,5288.56,5032.85
22:21:05,server_20,930.36,666.33
22:21:05,server_19,74.01,73.98
22:21:05,server_18,656.16,385.5
22:21:05,server_17,699.88,771.64
22:21:05,server_16,13613.46,11320.14
22:21:05,server_15,667.96,454.19
22:21:05,server_14,906.06,662.8
22:21:05,server_13,510.25,520.39
22:21:05,server_11,412.82,446.3
22:21:05,server_10,91.19,110.5
22:21:05,server_9,152.45,195.9
22:21:05,server_2,81.46,54.52
22:21:05,server_3,321.22,389.76
22:21:05,server_4,615.19,518.42
22:21:05,server_1,880.52,474.98
22:21:05,server_6,6422.47,7031.24
22:21:05,server_7,446.74,318.75
22:21:05,server_8,564.5,729.17
22:21:05,server_5,177.1,154.68
22:21:10,server_12,1001.14,1401.72
22:21:10,server_19,461.17,597.5
22:21:10,server_18,652.26,963.14
22:21:10,server_17,307.94,219.04
22:21:10,server_16,911.16,958.9
22:21:10,server_15,0.0,0.0
22:21:10,server_14,951.76,1051.14
22:21:10,server_13,274.28,153.32
22:21:10,server_11,873.38,842.0
22:21:10,server_20,796.82,1101.04
22:21:10,server_9,537.33,663.52
22:21:10,server_1,168.95,174.77
22:21:10,server_2,349.73,334.29
22:21:10,server_3,12352.98,10260.47
22:21:10,server_4,11417.84,9186.11
22:21:10,server_10,129.48,104.37
22:21:10,server_6,457.34,292.34
22:21:10,server_7,4032.22,4400.39
22:21:10,server_8,255.98,335.56
22:21:10,server_5,507.25,750.69
22:21:15,server_12,301.72,391.85
22:21:15,server_19,159.83,168.44
22:21:15,server_18,476.51,638.79
22:21:15,server_17,572.34,436.56
22:21:15,server_16,814.71,998.57
22:21:15,server_15,942.56,905.69
22:21:15,server_14,783.9,1007.26
22:21:15,server_13,414.77,589.88
22:21:15,server_11,16823.36,20148.78
22:21:15,server_20,159.93,188.12
22:21:15,server_9,724.27,760.99
22:21:15,server_1,276.74,312.33
22:21:15,server_2,1146.44,1122.09
22:21:15,server_3,126.54,85.95
22:21:15,server_4,911.86,1259.91
22:21:15,server_10,45.74,33.83
22:21:15,server_6,19970.48,16180.9
22:21:15,server_7,1033.56,1254.94
22:21:15,server_8,693.22,774.41
22:21:15,server_5,422.4,403.25
22:21:20,server_11,15169.07,13863.0
22:21:20,server_19,391.45,416.87
22:21:20,server_18,884.63,847.74
22:21:20,server_17,4732.97,5384.9
22:21:20,server_16,226.18,281.68
22:21:20,server_15,805.84,1120.41
22:21:20,server_14,2108.95,1785.75
22:21:20,server_13,434.56,609.73
22:21:20,server_12,614.82,379.72
22:21:20,server_20,148.79,107.5
22:21:20,server_10,918.93,586.99
22:21:20,server_8,649.37,382.91
22:21:20,server_7,931.12,623.63
22:21:20,server_6,311.25,291.77
22:21:20,server_5,110.38,103.4
22:21:20,server_4,982.61,746.35
22:21:20,server_3,65.44,55.44
22:21:20,server_2,14072.02,15423.33
22:21:20,server_1,1005.15,917.99
22:21:20,server_9,218.76,161.51
22:21:25,server_13,0.0,0.0
22:21:25,server_14,4098.55,3517.01
22:21:25,server_15,904.88,1276.42
22:21:25,server_12,849.2,698.54
22:21:25,server_17,311.66,170.36
22:21:25,server_18,331.1,209.03
22:21:25,server_19,91.86,114.21
22:21:25,server_16,3436.08,2924.03
22:21:25,server_11,88.15,51.95
22:21:25,server_20,103.46,101.33
22:21:25,server_9,467.63,371.02
22:21:25,server_1,320.49,459.83
22:21:25,server_2,8309.67,8642.33
22:21:25,server_3,491.37,409.27
22:21:25,server_4,8176.37,6877.1
22:21:25,server_10,928.42,1344.64
22:21:25,server_6,573.88,527.96
22:21:25,server_7,196.92,202.97
22:21:25,server_8,175.2,253.98
22:21:25,server_5,181.91,169.7
22:21:30,server_19,333.81,175.91
22:21:30,server_18,13627.27,12834.92
22:21:30,server_17,225.8,260.61
22:21:30,server_16,437.48,570.08
22:21:30,server_15,649.78,931.2
22:21:30,server_14,17409.71,20622.47
22:21:30,server_13,11086.52,9925.63
22:21:30,server_12,15520.16,16397.83
22:21:30,server_11,987.04,1102.73
22:21:30,server_20,851.51,962.92
22:21:30,server_9,512.69,396.54
22:21:30,server_1,468.02,251.52
22:21:30,server_2,430.48,336.32
22:21:30,server_3,877.61,478.99
22:21:30,server_4,497.95,313.55
22:21:30,server_10,133.53,69.97
22:21:30,server_6,653.15,876.37
22:21:30,server_7,558.31,530.95
22:21:30,server_8,289.85,347.81
22:21:30,server_5,228.12,247.88
22:21:35,server_11,900.82,584.24
22:21:35,server_19,188.3,162.79
22:21:35,server_18,3856.53,3506.87
22:21:35,server_17,1553.31,1804.36
22:21:35,server_16,321.09,325.57
22:21:35,server_15,537.94,805.34
22:21:35,server_14,11743.78,12611.45
22:21:35,server_13,258.8,211.14
22:21:35,server_12,739.15,973.86
22:21:35,server_20,826.19,910.16
22:21:35,server_10,12877.55,12973.34
22:21:35,server_8,603.67,493.98
22:21:35,server_9,810.47,663.5
22:21:35,server_1,785.22,1060.27
22:21:35,server_2,685.71,570.86
22:21:35,server_3,947.16,1126.32
22:21:35,server_5,1014.8,1309.81
22:21:35,server_6,180.74,172.11
22:21:35,server_7,11388.91,10901.09
22:21:35,server_4,224.14,281.86
22:21:40,server_20,9113.25,7346.35
22:21:40,server_11,867.81,935.36
22:21:40,server_18,125.72,102.76
22:21:40,server_17,788.15,881.16
22:21:40,server_16,886.42,612.09
22:21:40,server_15,4408.59,4087.7
22:21:40,server_14,5651.12,5465.17
22:21:40,server_13,4648.14,3798.61
22:21:40,server_12,9363.17,10032.86
22:21:40,server_19,265.71,296.34
22:21:40,server_10,11520.36,11184.15
22:21:40,server_8,599.3,478.65
22:21:40,server_1,614.6,390.91
22:21:40,server_2,779.97,1098.52
22:21:40,server_3,330.68,176.29
22:21:40,server_9,519.25,561.91
22:21:40,server_5,2054.01,2201.75
22:21:40,server_6,559.87,575.97
22:21:40,server_7,4016.93,4627.76
22:21:40,server_4,4994.89,4749.03
22:21:45,server_12,209.7,244.54
22:21:45,server_19,116.02,83.57
22:21:45,server_18,607.98,813.64
22:21:45,server_17,16089.44,18748.14
22:21:45,server_16,4003.38,4094.17
22:21:45,server_15,128.79,74.29
22:21:45,server_14,430.7,549.38
22:21:45,server_13,917.58,825.91
22:21:45,server_11,577.56,469.77
22:21:45,server_20,760.73,1003.31
22:21:45,server_9,805.55,1046.56
22:21:45,server_1,137.2,205.46
22:21:45,server_2,358.15,461.54
22:21:45,server_3,1000.52,683.16
22:21:45,server_4,263.52,233.7
22:21:45,server_10,2799.77,2617.9
22:21:45,server_6,272.94,346.36
22:21:45,server_7,633.26,687.66
22:21:45,server_8,4589.63,5069.41
22:21:45,server_5,795.44,788.28
22:21:50,server_11,1061.29,853.36
22:21:50,server_19,449.46,527.58
22:21:50,server_18,969.55,888.64
22:21:50,server_17,443.47,350.5
22:21:50,server_16,942.92,1361.4
22:21:50,server_15,10674.01,9947.53
22:21:50,server_14,288.95,169.5
22:21:50,server_13,4229.65,3598.15
22:21:50,server_12,1747.65,1520.85
22:21:50,server_20,458.48,565.98
22:21:50,server_10,11365.87,12774.72
22:21:50,server_8,173.86,158.11
22:21:50,server_7,689.69,576.14
22:21:50,server_6,618.19,616.34
22:21:50,server_5,170.98,138.48
22:21:50,server_4,4988.67,4713.96
22:21:50,server_3,171.28,172.27
22:21:50,server_2,2981.92,2734.01
22:21:50,server_1,832.88,419.17
22:21:50,server_9,1775.7,1556.13
22:21:55,server_13,987.92,786.46
22:21:55,server_14,483.67,457.24
22:21:55,server_15,2827.41,2364.92
22:21:55,server_12,171.05,139.75
22:21:55,server_17,117.62,164.86
22:21:55,server_18,58.8,83.07
22:21:55,server_19,873.59,468.58
22:21:55,server_16,893.85,988.12
22:21:55,server_11,179.17,94.15
22:21:55,server_20,912.2,887.24
22:21:55,server_9,639.57,848.24
22:21:55,server_1,871.53,575.82
22:21:55,server_2,390.77,411.44
22:21:55,server_3,423.74,273.78
22:21:55,server_4,687.63,897.7
22:21:55,server_10,2443.72,2372.38
22:21:55,server_6,587.43,702.55
22:21:55,server_7,714.31,718.4
22:21:55,server_8,3412.13,3508.52
22:21:55,server_5,3428.07,2950.97
22:22:00,server_20,17592.7,20208.06
22:22:00,server_19,850.2,749.73
22:22:00,server_18,16977.8,19316.05
22:22:00,server_17,3768.51,4394.64
22:22:00,server_16,650.47,879.84
22:22:00,server_15,251.97,345.18
22:22:00,server_14,498.09,515.86
22:22:00,server_12,2398.0,2213.45
22:22:00,server_11,915.59,659.73
22:22:00,server_13,969.51,721.72
22:22:00,server_9,502.25,469.87
22:22:00,server_10,286.31,152.17
22:22:00,server_2,570.7,690.62
22:22:00,server_3,5330.05,4834.8
22:22:00,server_4,1099.05,1589.55
22:22:00,server_1,914.5,523.43
22:22:00,server_6,871.61,1277.73
22:22:00,server_7,940.15,1081.23
22:22:00,server_8,556.69,284.74
22:22:00,server_5,861.2,619.26
22:22:05,server_12,912.54,1016.87
22:22:05,server_20,1028.07,1036.17
22:22:05,server_19,162.3,114.78
22:22:05,server_18,574.6,637.47
22:22:05,server_17,3752.99,3568.44
22:22:05,server_16,388.96,322.21
22:22:05,server_15,1442.96,1697.81
22:22:05,server_14,9471.37,9626.3
22:22:05,server_13,925.09,1323.43
22:22:05,server_11,623.7,466.47
22:22:05,server_3,173.44,120.57
22:22:05,server_9,511.16,446.59
22:22:05,server_10,1002.69,1402.91
22:22:05,server_2,900.18,1298.73
22:22:05,server_4,12501.89,12663.67
22:22:05,server_1,1030.23,672.29
22:22:05,server_6,35.41,52.55
22:22:05,server_7,268.47,175.38
22:22:05,server_8,797.85,642.89
22:22:05,server_5,609.89,899.96
22:22:10,server_12,717.69,893.64
22:22:10,server_19,820.67,955.86
22:22:10,server_18,920.28,1221.04
22:22:10,server_17,483.94,317.98
22:22:10,server_16,3372.34,4028.82
22:22:10,server_15,581.56,813.71
22:22:10,server_14,631.2,677.71
22:22:10,server_20,940.83,1093.52
22:22:10,server_11,2470.66,1997.85
22:22:10,server_13,433.84,259.91
22:22:10,server_9,548.3,326.68
22:22:10,server_1,2611.21,2789.52
22:22:10,server_2,175.54,236.21
22:22:10,server_3,121.97,181.41
22:22:10,server_4,1312.96,1472.23
22:22:10,server_10,544.91,583.12
22:22:10,server_6,652.27,770.09
22:22:10,server_7,338.85,351.5
22:22:10,server_8,898.19,1301.04
22:22:10,server_5,953.22,1088.67
22:22:15,server_19,21.9,25.16
22:22:15,server_18,644.47,362.67
22:22:15,server_17,926.47,1307.82
22:22:15,server_16,920.34,546.39
22:22:15,server_15,237.73,155.58
22:22:15,server_14,174.85,97.56
22:22:15,server_13,1362.19,1224.29
22:22:15,server_12,152.4,187.34
22:22:15,server_11,786.24,1053.51
22:22:15,server_20,592.5,783.82
22:22:15,server_9,15675.75,16279.11
22:22:15,server_1,98.97,147.41
22:22:15,server_2,353.45,270.72
22:22:15,server_3,58.21,86.74
22:22:15,server_4,192.34,245.22
22:22:15,server_10,6297.02,6828.99
22:22:15,server_6,2294.9,1970.91
22:22:15,server_7,426.45,537.86
22:22:15,server_8,509.68,268.69
22:22:15,server_5,157.88,166.45
22:22:20,server_11,3526.7,3669.69
22:22:20,server_19,309.11,187.83
22:22:20,server_18,934.07,482.63
22:22:20,server_17,42.49,54.64
22:22:20,server_16,467.84,532.02
22:22:20,server_15,478.61,464.95
22:22:20,server_14,1380.84,1256.16
22:22:20,server_13,911.18,570.15
22:22:20,server_12,539.86,780.54
22:22:20,server_20,7.07,8.0
22:22:20,server_10,4886.84,5052.3
22:22:20,server_8,720.41,996.94
22:22:20,server_9,3541.58,3063.29
22:22:20,server_1,52.99,54.03
22:22:20,server_2,1293.37,1523.52
22:22:20,server_3,16123.74,18345.26
22:22:20,server_5,677.6,916.29
22:22:20,server_6,65.19,48.42
22:22:20,server_7,309.77,202.96
22:22:20,server_4,276.61,296.25
22:22:25,server_20,355.02,343.99
22:22:25,server_11,685.15,747.02
22:22:25,server_18,235.7,152.19
22:22:25,server_17,534.25,749.06
22:22:25,server_16,1065.13,815.17
22:22:25,server_15,510.07,735.05
22:22:25,server_14,851.57,904.34
22:22:25,server_13,245.49,248.74
22:22:25,server_12,12401.93,10807.9
22:22:25,server_19,86.31,55.72
22:22:25,server_10,27.35,14.77
22:22:25,server_8,2100.41,2396.07
22:22:25,server_1,674.29,475.79
22:22:25,server_2,4528.54,3768.78
22:22:25,server_3,881.56,1024.94
22:22:25,server_9,553.64,442.88
22:22:25,server_5,926.31,960.46
22:22:25,server_6,168.22,105.47
22:22:25,server_7,392.28,330.52
22:22:25,server_4,878.52,1195.72
22:22:30,server_20,619.25,535.18
22:22:30,server_19,7.91,9.16
22:22:30,server_18,23.84,22.16
22:22:30,server_17,417.59,412.39
22:22:30,server_16,0.0,0.0
22:22:30,server_15,864.48,553.23
22:22:30,server_14,132.11,119.28
22:22:30,server_12,320.96,252.82
22:22:30,server_11,627.12,441.89
22:22:30,server_13,499.45,410.56
22:22:30,server_9,4482.23,4939.0
22:22:30,server_10,538.68,535.68
22:22:30,server_2,906.02,1210.85
22:22:30,server_3,970.65,1304.24
22:22:30,server_4,157.19,153.94
22:22:30,server_1,127.08,146.78
22:22:30,server_6,200.05,202.49
22:22:30,server_7,610.82,444.81
22:22:30,server_8,2345.1,2687.27
22:22:30,server_5,243.08,211.78
22:22:35,server_12,783.64,741.18
22:22:35,server_19,528.66,449.24
22:22:35,server_18,1216.16,1269.59
22:22:35,server_20,658.82,920.99
22:22:35,server_17,2014.58,1873.58
22:22:35,server_16,313.07,371.88
22:22:35,server_15,19467.23,20347.85
22:22:35,server_14,281.45,420.91
22:22:35,server_13,468.92,567.57
22:22:35,server_11,452.89,458.22
22:22:35,server_3,195.22,154.64
22:22:35,server_9,907.08,968.58
22:22:35,server_10,604.19,427.87
22:22:35,server_2,892.46,795.6
22:22:35,server_4,125.05,74.4
22:22:35,server_1,224.17,335.41
22:22:35,server_6,547.53,583.91
22:22:35,server_7,583.49,525.76
22:22:35,server_8,896.98,1156.39
22:22:35,server_5,900.08,1305.18
22:22:40,server_11,165.55,178.72
22:22:40,server_20,295.55,412.34
22:22:40,server_18,986.85,1359.21
22:22:40,server_17,120.36,130.56
22:22:40,server_16,141.71,89.61
22:22:40,server_15,952.66,573.28
22:22:40,server_14,821.66,867.04
22:22:40,server_13,17707.37,16037.42
22:22:40,server_12,118.55,164.95
22:22:40,server_19,221.05,325.32
22:22:40,server_10,171.87,198.22
22:22:40,server_8,670.19,454.25
22:22:40,server_1,275.27,327.23
22:22:40,server_2,185.05,147.4
22:22:40,server_3,58.02,56.57
22:22:40,server_9,407.66,603.62
22:22:40,server_5,1274.61,1466.15
22:22:40,server_6,11801.84,13981.99
22:22:40,server_7,962.33,1162.1
22:22:40,server_4,978.45,1354.15
22:22:45,server_12,99.77,98.33
22:22:45,server_19,990.29,1455.99
22:22:45,server_18,982.49,1004.5
22:22:45,server_17,593.13,870.21
22:22:45,server_16,553.29,453.19
22:22:45,server_15,1551.74,1641.56
22:22:45,server_14,939.79,561.83
22:22:45,server_13,536.02,704.16
22:22:45,server_11,172.2,220.26
22:22:45,server_20,7329.93,7754.12
22:22:45,server_9,158.31,79.86
22:22:45,server_1,405.42,251.43
22:22:45,server_2,3020.68,2801.63
22:22:45,server_3,12413.44,12837.98
22:22:45,server_4,177.07,241.88
22:22:45,server_10,1931.02,2251.98
22:22:45,server_6,508.54,457.36
22:22:45,server_7,585.52,314.09
22:22:45,server_8,271.99,316.15
22:22:45,server_5,178.36,240.59
22:22:50,server_11,401.34,287.93
22:22:50,server_19,937.1,1114.23
22:22:50,server_18,3695.63,4105.78
22:22:50,server_17,968.42,547.15
22:22:50,server_16,927.22,830.3
22:22:50,server_15,576.61,533.48
22:22:50,server_14,275.04,139.8
22:22:50,server_13,187.81,273.05
22:22:50,server_12,15.32,18.81
22:22:50,server_20,4252.15,5059.89
22:22:50,server_10,430.93,297.88
22:22:50,server_8,718.48,819.45
22:22:50,server_7,0.0,0.0
22:22:50,server_6,182.18,146.52
22:22:50,server_5,580.1,573.97
22:22:50,server_4,18128.65,20436.06
22:22:50,server_3,2518.38,2494.77
22:22:50,server_2,255.27,140.06
22:22:50,server_1,547.55,466.62
22:22:50,server_9,915.3,661.66
22:22:55,server_13,368.24,215.76
22:22:55,server_14,13019.83,14897.46
22:22:55,server_20,16701.62,17791.95
22:22:55,server_12,2420.54,2065.08
22:22:55,server_17,390.76,242.42
22:22:55,server_18,15372.99,16210.3
22:22:55,server_19,0.0,0.0
22:22:55,server_16,245.63,239.07
22:22:55,server_11,283.95,376.32
22:22:55,server_15,209.9,250.18
22:22:55,server_9,39.82,45.89
22:22:55,server_1,409.32,304.97
22:22:55,server_2,507.56,511.66
22:22:55,server_3,260.51,146.01
22:22:55,server_4,218.88,216.59
22:22:55,server_10,2447.42,2219.12
22:22:55,server_6,1579.01,1699.35
22:22:55,server_7,10.15,5.37
22:22:55,server_8,881.4,1140.74
22:22:55,server_5,7631.72,7438.05
22:23:00,server_12,755.9,386.14
22:23:00,server_20,290.93,299.61
22:23:00,server_19,333.43,414.23
22:23:00,server_18,481.09,658.77
22:23:00,server_17,867.18,664.09
22:23:00,server_16,865.81,1257.86
22:23:00,server_15,206.74,220.08
22:23:00,server_14,555.01,700.87
22:23:00,server_13,11.31,8.08
22:23:00,server_11,826.21,905.62
22:23:00,server_10,627.31,538.26
22:23:00,server_9,160.76,117.08
22:23:00,server_2,555.41,415.77
22:23:00,server_3,511.56,618.44
22:23:00,server_4,684.94,394.58
22:23:00,server_1,492.98,591.35
22:23:00,server_6,903.98,1081.31
22:23:00,server_7,555.83,831.69
22:23:00,server_8,17975.44,16525.44
22:23:00,server_5,566.62,778.3
22:23:05,server_12,972.14,770.72
22:23:05,server_19,518.69,427.21
22:23:05,server_18,910.03,516.89
22:23:05,server_17,483.38,644.47
22:23:05,server_16,606.05,760.54
22:23:05,server_15,840.04,1010.81
22:23:05,server_14,218.11,310.34
22:23:05,server_13,19223.04,21501.89
22:23:05,server_11,524.83,327.9
22:23:05,server_20,670.87,395.41
22:23:05,server_9,337.06,465.08
22:23:05,server_1,172.49,101.81
22:23:05,server_2,6521.72,6980.2
22:23:05,server_3,1117.19,961.48
22:23:05,server_4,50.81,34.21
22:23:05,server_10,380.37,499.32
22:23:05,server_6,76.8,44.87
22:23:05,server_7,636.95,572.11
22:23:05,server_8,128.85,129.68
22:23:05,server_5,536.98,689.98
22:23:10,server_12,973.95,1301.98
22:23:10,server_19,932.23,1341.59
22:23:10,server_18,100.58,67.64
22:23:10,server_17,95.6,90.84
22:23:10,server_16,569.73,779.77
22:23:10,server_15,318.89,245.06
22:23:10,server_14,21.5,32.12
22:23:10,server_13,11371.18,10119.73
22:23:10,server_11,615.74,699.65
22:23:10,server_20,465.79,464.52
22:23:10,server_9,831.57,812.41
22:23:10,server_1,19402.81,16441.47
22:23:10,server_2,3331.08,2989.98
22:23:10,server_3,462.73,675.66
22:23:10,server_4,314.86,166.85
22:23:10,server_10,86.25,45.89
22:23:10,server_6,321.3,354.4
22:23:10,server_7,2532.41,2182.0
22:23:10,server_8,469.76,560.72
22:23:10,server_5,462.62,413.76
22:23:15,server_11,230.36,222.9
22:23:15,server_19,810.95,530.93
22:23:15,server_18,16921.73,15854.56
22:23:15,server_17,9127.35,8236.15
22:23:15,server_16,584.56,803.34
22:23:15,server_15,477.56,553.37
22:23:15,server_14,8784.64,7380.3
22:23:15,server_13,13418.96,11662.28
22:23:15,server_12,7344.07,7141.53
22:23:15,server_20,566.82,451.06
22:23:15,server_10,186.26,205.83
22:23:15,server_8,615.26,818.34
22:23:15,server_7,59.35,43.34
22:23:15,server_6,2111.86,1974.22
22:23:15,server_5,153.99,199.84
22:23:15,server_4,30.74,31.47
22:23:15,server_3,276.72,176.38
22:23:15,server_2,648.65,767.71
22:23:15,server_1,134.77,163.03
22:23:15,server_9,658.15,406.64
22:23:20,server_13,630.34,894.23
22:23:20,server_14,36.77,26.5
22:23:20,server_15,154.5,221.13
22:23:20,server_12,1392.11,1608.3
22:23:20,server_17,914.04,865.47
22:23:20,server_18,116.52,84.62
22:23:20,server_19,226.01,221.94
22:23:20,server_16,902.58,1163.01
22:23:20,server_11,625.81,438.76
22:23:20,server_20,949.36,503.32
22:23:20,server_9,531.84,375.79
22:23:20,server_1,538.48,580.38
22:23:20,server_2,1111.83,1180.43
22:23:20,server_3,502.17,504.14
22:23:20,server_4,7170.24,7490.68
22:23:20,server_10,11752.55,11293.58
22:23:20,server_6,39.76,57.63
22:23:20,server_7,5618.69,5424.1
22:23:20,server_8,1214.82,973.75
22:23:20,server_5,209.66,237.85
22:23:25,server_19,658.75,937.51
22:23:25,server_18,5013.9,4726.3
22:23:25,server_17,257.23,244.95
22:23:25,server_16,536.15,392.84
22:23:25,server_15,12194.81,10812.93
22:23:25,server_14,4547.76,4958.66
22:23:25,server_13,170.37,133.98
22:23:25,server_12,3284.99,3928.43
22:23:25,server_11,9954.65,11378.32
22:23:25,server_20,89.06,69.51
22:23:25,server_9,412.63,600.33
22:23:25,server_1,978.37,617.6
22:23:25,server_2,168.01,168.36
22:23:25,server_3,209.43,282.76
22:23:25,server_4,10762.81,10355.03
22:23:25,server_10,78.44,43.15
22:23:25,server_6,5551.48,5356.27
22:23:25,server_7,17371.86,13966.79
22:23:25,server_8,278.79,381.81
22:23:25,server_5,188.8,237.56
22:23:30,server_11,420.06,502.89
22:23:30,server_19,4653.09,5051.17
22:23:30,server_18,4298.58,5067.39
22:23:30,server_17,33.82,39.01
22:23:30,server_16,3927.35,4686.53
22:23:30,server_15,2.19,3.22
22:23:30,server_14,48.23,46.66
22:23:30,server_13,470.4,309.18
22:23:30,server_12,7425.09,6247.7
22:23:30,server_20,4770.7,4483.82
22:23:30,server_10,130.36,67.67
22:23:30,server_8,799.64,721.45
22:23:30,server_9,407.3,325.45
22:23:30,server_1,314.33,232.29
22:23:30,server_2,436.03,392.55
22:23:30,server_3,473.76,276.51
22:23:30,server_5,471.35,636.75
22:23:30,server_6,172.6,130.59
22:23:30,server_7,531.47,359.96
22:23:30,server_4,184.93,104.81
22:23:35,server_20,17894.93,17285.9
22:23:35,server_11,531.39,286.93
22:23:35,server_18,4570.63,5156.78
22:23:35,server_17,154.14,222.57
22:23:35,server_16,19005.1,22650.59
22:23:35,server_15,2538.33,2082.2
22:23:35,server_14,752.68,966.59
22:23:35,server_13,2456.59,2302.16
22:23:35,server_12,3906.44,4104.92
22:23:35,server_19,134.53,97.29
22:23:35,server_10,669.8,690.22
22:23:35,server_8,277.79,313.91
22:23:35,server_1,179.72,196.21
22:23:35,server_2,356.34,423.91
22:23:35,server_3,2903.87,2873.57
22:23:35,server_9,246.02,313.22
22:23:35,server_5,133.92,139.13
22:23:35,server_6,116.12,81.4
22:23:35,server_7,3475.52,3802.53
22:23:35,server_4,245.3,270.62
22:23:40,server_13,198.42,157.08
22:23:40,server_20,327.25,395.82
22:23:40,server_19,6668.85,6594.47
22:23:40,server_18,731.94,676.61
22:23:40,server_17,290.0,311.51
22:23:40,server_16,673.57,502.07
22:23:40,server_15,1847.2,1788.85
22:23:40,server_14,7441.32,7124.6
22:23:40,server_12,386.95,363.8
22:23:40,server_11,990.66,1447.57
22:23:40,server_1,365.06,303.49
22:23:40,server_9,16168.92,19087.93
22:23:40,server_8,440.11,478.07
22:23:40,server_7,686.13,827.61
22:23:40,server_6,527.09,597.51
22:23:40,server_5,482.8,549.35
22:23:40,server_4,458.62,284.75
22:23:40,server_3,907.47,1064.41
22:23:40,server_2,175.2,147.86
22:23:40,server_10,835.48,966.4
22:23:45,server_13,1018.19,925.55
22:23:45,server_14,496.52,385.96
22:23:45,server_15,620.55,642.01
22:23:45,server_16,1022.99,583.2
22:23:45,server_12,692.85,426.66
22:23:45,server_18,37.32,21.5
22:23:45,server_19,505.33,293.02
22:23:45,server_20,1832.67,1697.56
22:23:45,server_17,746.99,973.08
22:23:45,server_11,873.66,1293.25
22:23:45,server_1,1005.68,816.53
22:23:45,server_9,9069.31,8754.75
22:23:45,server_8,306.44,288.32
22:23:45,server_7,4652.24,5355.12
22:23:45,server_6,69.34,95.72
22:23:45,server_5,382.8,488.96
22:23:45,server_4,177.64,245.02
22:23:45,server_3,12088.42,13945.68
22:23:45,server_2,294.84,164.85
22:23:45,server_10,3960.89,4329.47
22:23:50,server_13,17626.1,18891.08
22:23:50,server_14,132.29,174.33
22:23:50,server_15,692.69,428.54
22:23:50,server_16,862.16,554.29
22:23:50,server_20,591.47,821.73
22:23:50,server_18,172.43,154.57
22:23:50,server_19,8013.0,7833.77
22:23:50,server_12,16411.09,16026.42
22:23:50,server_17,3239.03,3268.89
22:23:50,server_11,1001.5,820.75
22:23:50,server_10,816.33,1210.65
22:23:50,server_9,477.3,420.38
22:23:50,server_8,874.99,831.83
22:23:50,server_7,14160.94,11859.69
22:23:50,server_6,861.93,471.42
22:23:50,server_5,13728.62,13141.72
22:23:50,server_4,103.7,84.54
22:23:50,server_3,623.96,490.62
22:23:50,server_2,393.03,568.27
22:23:50,server_1,133.36,144.78
22:23:55,server_13,434.27,309.33
22:23:55,server_14,193.02,156.09
22:23:55,server_15,115.39,166.36
22:23:55,server_16,659.87,912.53
22:23:55,server_20,812.22,645.1
22:23:55,server_18,315.09,393.66
22:23:55,server_19,82.98,54.11
22:23:55,server_12,928.54,709.0
22:23:55,server_17,16679.68,19652.82
22:23:55,server_11,496.85,692.34
22:23:55,server_10,493.23,308.03
22:23:55,server_9,84.21,45.34
22:23:55,server_2,918.17,1335.76
22:23:55,server_3,424.24,389.33
22:23:55,server_4,77.4,65.64
22:23:55,server_1,14923.42,13132.96
22:23:55,server_6,465.33,539.93
22:23:55,server_7,19626.01,18166.2
22:23:55,server_8,175.56,95.01
22:23:55,server_5,405.57,494.28
22:24:00,server_12,161.64,134.21
22:24:00,server_19,14715.64,12288.65
22:24:00,server_18,304.48,296.08
22:24:00,server_17,96.3,51.04
22:24:00,server_16,303.73,360.38
22:24:00,server_15,12575.57,12141.41
22:24:00,server_14,326.45,194.5
22:24:00,server_13,65.33,89.37
22:24:00,server_11,970.26,559.99
22:24:00,server_20,880.84,801.62
22:24:00,server_9,617.23,434.88
22:24:00,server_1,607.7,336.6
22:24:00,server_2,270.49,210.47
22:24:00,server_3,559.84,292.41
22:24:00,server_4,2885.35,3400.48
22:24:00,server_10,275.54,169.47
22:24:00,server_6,740.0,1006.34
22:24:00,server_7,798.59,640.0
22:24:00,server_8,4428.56,4406.9
22:24:00,server_5,647.09,775.78
22:24:05,server_12,415.95,375.66
22:24:05,server_19,364.49,516.22
22:24:05,server_18,273.29,325.76
22:24:05,server_17,6581.85,7810.34
22:24:05,server_16,496.14,266.87
22:24:05,server_15,536.84,671.39
22:24:05,server_14,924.31,556.84
22:24:05,server_13,328.95,394.59
22:24:05,server_11,970.75,828.42
22:24:05,server_20,536.58,344.63
22:24:05,server_9,2.57,2.35
22:24:05,server_1,453.94,510.95
22:24:05,server_2,267.06,192.39
22:24:05,server_3,748.59,752.33
22:24:05,server_4,392.03,336.44
22:24:05,server_10,268.62,206.93
22:24:05,server_6,1005.01,1103.17
22:24:05,server_7,247.43,345.08
22:24:05,server_8,14771.54,12812.57
22:24:05,server_5,581.06,381.77
22:24:10,server_11,520.7,698.19
22:24:10,server_19,288.99,375.02
22:24:10,server_18,1259.4,1271.37
22:24:10,server_17,481.96,504.83
22:24:10,server_16,544.45,455.21
22:24:10,server_15,649.29,385.55
22:24:10,server_14,730.02,986.84
22:24:10,server_13,414.83,413.03
22:24:10,server_12,13703.37,13328.14
22:24:10,server_20,317.39,392.21
22:24:10,server_10,13290.88,14885.94
22:24:10,server_8,229.61,232.02
22:24:10,server_7,100.79,150.03
22:24:10,server_6,202.29,282.41
22:24:10,server_5,2623.53,2369.49
22:24:10,server_4,48.25,65.54
22:24:10,server_3,933.86,1332.12
22:24:10,server_2,800.55,667.04
22:24:10,server_1,3509.2,3300.7
22:24:10,server_9,78.25,102.5
22:24:15,server_13,16638.57,17696.04
22:24:15,server_14,992.51,917.84
22:24:15,server_15,431.24,301.91
22:24:15,server_12,672.07,856.01
22:24:15,server_17,1046.06,614.22
22:24:15,server_18,5767.41,6138.67
22:24:15,server_19,500.35,562.71
22:24:15,server_16,360.94,356.88
22:24:15,server_11,1215.5,1051.55
22:24:15,server_20,674.04,756.08
22:24:15,server_9,929.61,783.97
22:24:15,server_1,11039.05,10964.54
22:24:15,server_2,119.04,159.59
22:24:15,server_3,86.32,125.24
22:24:15,server_4,532.91,502.84
22:24:15,server_10,885.11,1096.1
22:24:15,server_6,54.85,69.82
22:24:15,server_7,318.05,359.46
22:24:15,server_8,975.33,1365.36
22:24:15,server_5,4850.17,4762.51
22:24:20,server_19,4182.88,3970.36
22:24:20,server_18,102.12,134.16
22:24:20,server_17,42.5,63.09
22:24:20,server_16,326.24,392.85
22:24:20,server_15,17756.66,18293.42
22:24:20,server_14,2702.99,2294.36
22:24:20,server_13,160.8,91.58
22:24:20,server_12,518.09,513.84
22:24:20,server_11,3713.89,4354.08
22:24:20,server_20,34.17,36.71
22:24:20,server_9,470.59,247.44
22:24:20,server_1,278.79,383.97
22:24:20,server_2,125.09,63.54
22:24:20,server_3,636.29,554.77
22:24:20,server_4,594.16,845.08
22:24:20,server_10,475.31,448.25
22:24:20,server_6,154.4,138.93
22:24:20,server_7,604.96,445.48
22:24:20,server_8,1314.71,1254.71
22:24:20,server_5,533.97,345.78
22:24:25,server_11,95.91,61.73
22:24:25,server_19,943.84,1414.33
22:24:25,server_18,14054.9,11547.29
22:24:25,server_17,202.91,113.08
22:24:25,server_16,578.72,695.25
22:24:25,server_15,4056.62,3271.16
22:24:25,server_14,71.24,81.49
22:24:25,server_13,174.88,211.88
22:24:25,server_12,64.35,94.16
22:24:25,server_20,280.27,375.16
22:24:25,server_10,246.1,301.03
22:24:25,server_8,221.21,327.42
22:24:25,server_9,11879.39,9886.2
22:24:25,server_1,3045.03,3078.04
22:24:25,server_2,983.72,559.57
22:24:25,server_3,186.68,97.51
22:24:25,server_5,218.26,160.52
22:24:25,server_6,14806.85,15762.49
22:24:25,server_7,639.69,557.46
22:24:25,server_4,504.54,570.99
22:24:30,server_20,614.88,770.11
22:24:30,server_11,100.59,73.73
22:24:30,server_18,15.4,15.31
22:24:30,server_17,400.7,566.28
22:24:30,server_16,223.55,238.51
22:24:30,server_15,65.86,33.11
22:24:30,server_14,960.32,1192.92
22:24:30,server_13,538.01,356.88
22:24:30,server_12,355.4,284.16
22:24:30,server_19,197.35,102.03
22:24:30,server_10,516.37,683.75
22:24:30,server_8,10.17,7.75
22:24:30,server_1,9543.77,8244.66
22:24:30,server_2,0.0,0.0
22:24:30,server_3,241.77,122.34
22:24:30,server_9,149.0,120.43
22:24:30,server_5,892.81,1162.13
22:24:30,server_6,13898.34,14815.68
22:24:30,server_7,387.8,475.74
22:24:30,server_4,3317.4,3091.95
22:24:35,server_12,301.84,348.6
22:24:35,server_19,410.32,505.12
22:24:35,server_18,705.34,646.46
22:24:35,server_17,29.03,39.62
22:24:35,server_16,824.76,1035.52
22:24:35,server_15,634.78,416.97
22:24:35,server_14,330.39,308.09
22:24:35,server_13,1553.77,1401.24
22:24:35,server_11,94.14,50.9
22:24:35,server_20,0.0,0.0
22:24:35,server_9,885.83,562.09
22:24:35,server_1,314.9,322.91
22:24:35,server_2,261.02,283.42
22:24:35,server_3,770.39,789.79
22:24:35,server_4,379.16,334.45
22:24:35,server_10,3287.92,3149.67
22:24:35,server_6,405.9,473.1
22:24:35,server_7,995.66,680.7
22:24:35,server_8,44.95,54.0
22:24:35,server_5,1986.72,1697.48
22:24:40,server_11,3500.59,3946.75
22:24:40,server_19,17855.73,19196.83
22:24:40,server_18,197.62,197.12
22:24:40,server_17,28.27,31.35
22:24:40,server_16,9494.25,9123.94
22:24:40,server_15,794.55,488.69
22:24:40,server_14,587.12,613.84
22:24:40,server_13,279.75,363.36
22:24:40,server_12,4267.8,4699.29
22:24:40,server_20,11481.93,11556.19
22:24:40,server_10,322.51,418.05
22:24:40,server_8,555.68,372.47
22:24:40,server_7,884.94,956.9
22:24:40,server_6,357.45,236.75
22:24:40,server_5,93.21,70.4
22:24:40,server_4,522.36,743.31
22:24:40,server_3,27.16,25.04
22:24:40,server_2,317.34,317.02
22:24:40,server_1,6977.12,6116.68
22:24:40,server_9,2160.84,2468.46
22:24:45,server_13,647.75,866.85
22:24:45,server_14,841.82,986.78
22:24:45,server_15,918.27,705.66
22:24:45,server_12,2558.07,2527.78
22:24:45,server_17,0.0,0.0
22:24:45,server_18,190.78,138.46
22:24:45,server_19,319.52,432.18
22:24:45,server_16,588.68,668.74
22:24:45,server_11,0.0,0.0
22:24:45,server_20,504.56,384.33
22:24:45,server_9,58.94,54.54
22:24:45,server_1,70.38,76.73
22:24:45,server_2,701.46,1008.17
22:24:45,server_3,185.55,149.91
22:24:45,server_4,314.29,246.03
22:24:45,server_10,878.37,1200.67
22:24:45,server_6,565.56,590.26
22:24:45,server_7,11034.94,10079.39
22:24:45,server_8,493.43,624.04
22:24:45,server_5,0.0,0.0
22:24:50,server_12,402.36,360.42
22:24:50,server_20,113.34,101.06
22:24:50,server_19,478.18,651.66
22:24:50,server_18,1554.89,1792.34
22:24:50,server_17,622.33,671.65
22:24:50,server_16,120.28,91.87
22:24:50,server_15,1014.77,754.92
22:24:50,server_14,622.23,776.65
22:24:50,server_13,473.33,302.95
22:24:50,server_11,315.68,375.87
22:24:50,server_10,260.96,327.35
22:24:50,server_9,66.94,56.92
22:24:50,server_2,338.78,301.56
22:24:50,server_3,466.11,363.3
22:24:50,server_4,450.81,254.45
22:24:50,server_1,249.59,344.41
22:24:50,server_6,596.17,687.19
22:24:50,server_7,838.1,850.62
22:24:50,server_8,3871.35,3977.4
22:24:50,server_5,182.79,245.0
22:24:55,server_12,12526.06,10659.19
22:24:55,server_19,2959.86,2746.72
22:24:55,server_18,423.13,486.22
22:24:55,server_17,292.71,348.81
22:24:55,server_16,59.36,35.05
22:24:55,server_15,840.74,797.63
22:24:55,server_14,12908.82,12052.48
22:24:55,server_13,2564.7,2709.32
22:24:55,server_11,11252.66,9399.83
22:24:55,server_20,10864.74,8861.87
22:24:55,server_9,882.76,989.5
22:24:55,server_1,3377.73,3415.4
22:24:55,server_2,418.61,487.48
22:24:55,server_3,536.37,505.58
22:24:55,server_4,244.83,308.64
22:24:55,server_10,842.3,536.01
22:24:55,server_6,512.97,423.28
22:24:55,server_7,275.96,272.21
22:24:55,server_8,224.3,333.47
22:24:55,server_5,9268.15,7964.25
22:25:00,server_12,33.69,19.03
22:25:00,server_19,429.27,309.53
22:25:00,server_18,583.21,805.54
22:25:00,server_17,274.14,162.74
22:25:00,server_16,893.07,1300.86
22:25:00,server_15,0.54,0.47
22:25:00,server_14,4091.66,4019.23
22:25:00,server_13,464.21,286.85
22:25:00,server_11,139.76,139.15
22:25:00,server_20,908.03,552.1
22:25:00,server_9,185.04,163.5
22:25:00,server_1,0.0,0.0
22:25:00,server_2,331.58,315.54
22:25:00,server_3,65.64,67.57
22:25:00,server_4,4253.92,4067.16
22:25:00,server_10,1976.01,1983.99
22:25:00,server_6,13632.88,10907.2
22:25:00,server_7,939.57,1044.72
22:25:00,server_8,859.42,1072.27
22:25:00,server_5,3816.3,4159.93
22:25:05,server_11,598.07,823.87
22:25:05,server_19,442.66,467.46
22:25:05,server_18,263.82,261.33
22:25:05,server_17,679.5,1018.14
22:25:05,server_16,930.83,1298.44
22:25:05,server_15,881.69,913.05
22:25:05,server_14,658.48,378.57
22:25:05,server_13,218.12,228.57
22:25:05,server_12,9721.37,9310.29
22:25:05,server_20,1007.69,1085.87
22:25:05,server_10,1084.8,1380.74
22:25:05,server_8,580.95,698.62
22:25:05,server_7,971.43,1414.77
22:25:05,server_6,553.29,620.11
22:25:05,server_5,313.23,239.07
22:25:05,server_4,360.29,201.06
22:25:05,server_3,355.72,188.83
22:25:05,server_2,508.43,733.28
22:25:05,server_1,432.19,479.73
22:25:05,server_9,379.87,409.85
22:25:10,server_13,509.73,430.61
22:25:10,server_14,4441.09,4732.47
22:25:10,server_15,962.8,866.91
22:25:10,server_12,2908.2,2558.9
22:25:10,server_17,454.65,635.47
22:25:10,server_18,29.41,42.28
22:25:10,server_19,243.55,174.59
22:25:10,server_16,1485.39,1444.21
22:25:10,server_11,1846.02,2062.65
22:25:10,server_20,173.18,96.84
22:25:10,server_9,6466.14,6630.67
22:25:10,server_1,458.64,380.31
22:25:10,server_2,615.59,793.69
22:25:10,server_3,3904.2,3189.55
22:25:10,server_4,9.07,11.66
22:25:10,server_10,69.01,100.68
22:25:10,server_6,273.64,184.37
22:25:10,server_7,310.99,362.28
22:25:10,server_8,535.71,531.62
22:25:10,server_5,12327.67,12780.66
22:25:15,server_19,1004.45,1435.19
22:25:15,server_18,479.04,538.49
22:25:15,server_17,471.31,572.17
22:25:15,server_16,166.86,246.92
22:25:15,server_15,4353.13,3770.4
22:25:15,server_14,260.39,298.83
22:25:15,server_13,182.18,96.66
22:25:15,server_12,3677.89,4301.45
22:25:15,server_11,404.61,318.2
22:25:15,server_20,688.37,668.02
22:25:15,server_9,2488.79,2109.11
22:25:15,server_1,944.43,714.43
22:25:15,server_2,513.51,632.7
22:25:15,server_3,247.87,127.56
22:25:15,server_4,980.27,592.44
22:25:15,server_10,16816.77,18623.62
22:25:15,server_6,477.08,417.92
22:25:15,server_7,13602.0,14826.64
22:25:15,server_8,799.6,1058.05
22:25:15,server_5,178.88,256.13
22:25:20,server_11,936.82,1024.21
22:25:20,server_19,18910.84,17600.31
22:25:20,server_18,180.0,192.33
22:25:20,server_17,705.51,732.2
22:25:20,server_16,932.12,1301.47
22:25:20,server_15,1035.27,1535.62
22:25:20,server_14,244.99,301.35
22:25:20,server_13,158.51,137.39
22:25:20,server_12,273.98,359.92
22:25:20,server_20,160.24,115.65
22:25:20,server_10,107.16,127.98
22:25:20,server_8,180.67,194.02
22:25:20,server_9,914.64,1139.77
22:25:20,server_1,15995.75,18007.98
22:25:20,server_2,343.76,366.91
22:25:20,server_3,609.61,823.12
22:25:20,server_5,381.67,330.15
22:25:20,server_6,231.46,222.98
22:25:20,server_7,832.78,642.68
22:25:20,server_4,405.05,333.28
22:25:25,server_20,382.19,521.82
22:25:25,server_11,931.42,618.22
22:25:25,server_18,419.92,493.88
22:25:25,server_17,89.96,133.74
22:25:25,server_16,310.85,367.36
22:25:25,server_15,630.55,863.63
22:25:25,server_14,938.53,643.32
22:25:25,server_13,881.59,660.37
22:25:25,server_12,1565.29,1293.15
22:25:25,server_19,895.45,1217.96
22:25:25,server_10,54.54,34.27
22:25:25,server_8,996.21,1111.94
22:25:25,server_1,625.01,525.7
22:25:25,server_2,15215.54,14608.12
22:25:25,server_3,191.22,209.84
22:25:25,server_9,420.79,413.74
22:25:25,server_5,19298.69,16386.91
22:25:25,server_6,162.83,240.15
22:25:25,server_7,477.22,409.03
22:25:25,server_4,2674.55,2268.32
22:25:30,server_12,996.09,680.8
22:25:30,server_19,500.07,336.88
22:25:30,server_18,502.1,653.0
22:25:30,server_17,876.28,1285.07
22:25:30,server_16,398.37,256.31
22:25:30,server_15,471.94,274.87
22:25:30,server_14,193.47,190.69
22:25:30,server_13,1018.72,782.91
22:25:30,server_11,4932.83,5203.89
22:25:30,server_20,0.0,0.0
22:25:30,server_9,192.83,204.92
22:25:30,server_1,14053.18,15568.72
22:25:30,server_2,1017.53,989.72
22:25:30,server_3,666.7,909.09
22:25:30,server_4,4901.4,5188.97
22:25:30,server_10,398.19,393.39
22:25:30,server_6,335.86,417.38
22:25:30,server_7,4116.64,4680.94
22:25:30,server_8,364.19,368.64
22:25:30,server_5,73.81,74.74
22:25:35,server_11,72.49,39.98
22:25:35,server_19,652.83,638.61
22:25:35,server_18,179.14,266.98
22:25:35,server_17,167.19,177.09
22:25:35,server_16,826.69,606.36
22:25:35,server_15,483.13,253.94
22:25:35,server_14,1184.0,1297.28
22:25:35,server_13,315.88,210.78
22:25:35,server_12,250.56,147.89
22:25:35,server_20,758.96,972.23
22:25:35,server_10,669.3,862.29
22:25:35,server_8,828.02,477.52
22:25:35,server_7,951.7,507.31
22:25:35,server_6,97.59,80.08
22:25:35,server_5,854.11,1278.59
22:25:35,server_4,128.4,132.64
22:25:35,server_3,103.44,70.71
22:25:35,server_2,317.71,181.37
22:25:35,server_1,143.2,89.78
22:25:35,server_9,670.03,921.93
22:25:40,server_13,450.28,273.36
22:25:40,server_14,952.42,815.38
22:25:40,server_15,1010.53,886.89
22:25:40,server_12,976.63,1035.43
22:25:40,server_17,135.92,114.4
22:25:40,server_18,405.49,414.76
22:25:40,server_19,2457.86,2742.14
22:25:40,server_16,87.56,70.78
22:25:40,server_11,12396.97,14711.38
22:25:40,server_20,898.02,827.63
22:25:40,server_9,695.34,678.38
22:25:40,server_1,935.69,1096.42
22:25:40,server_2,674.32,996.76
22:25:40,server_3,93.66,57.68
22:25:40,server_4,332.75,348.5
22:25:40,server_10,556.77,456.27
22:25:40,server_6,481.57,505.19
22:25:40,server_7,611.51,618.15
22:25:40,server_8,162.19,178.85
22:25:40,server_5,438.17,579.65
22:25:45,server_20,1047.14,1422.89
22:25:45,server_19,105.67,104.1
22:25:45,server_18,5013.46,4309.74
22:25:45,server_17,15768.98,15749.73
22:25:45,server_16,501.25,527.92
22:25:45,server_15,945.48,1300.07
22:25:45,server_14,292.13,160.92
22:25:45,server_12,12367.13,11075.69
22:25:45,server_11,166.48,90.1
22:25:45,server_13,492.7,609.77
22:25:45,server_9,36.69,36.46
22:25:45,server_10,2179.53,2193.19
22:25:45,server_2,3961.64,3331.01
22:25:45,server_3,961.73,1215.51
22:25:45,server_4,894.72,947.27
22:25:45,server_1,1001.77,1496.86
22:25:45,server_6,269.45,209.01
22:25:45,server_7,369.29,420.57
22:25:45,server_8,3868.49,3216.1
22:25:45,server_5,8877.58,7762.61
22:25:50,server_12,373.34,246.96
22:25:50,server_20,82.07,68.28
22:25:50,server_19,729.3,1029.12
22:25:50,server_18,13477.27,11335.07
22:25:50,server_17,254.5,256.92
22:25:50,server_16,914.5,833.91
22:25:50,server_15,1049.64,557.84
22:25:50,server_14,17096.04,17523.5
22:25:50,server_13,4371.07,4991.18
22:25:50,server_11,9.81,10.36
22:25:50,server_3,227.06,279.28
22:25:50,server_9,3493.61,3029.81
22:25:50,server_10,933.92,521.8
22:25:50,server_2,923.83,771.38
22:25:50,server_4,174.22,180.85
22:25:50,server_1,2925.06,3437.8
22:25:50,server_6,633.01,525.08
22:25:50,server_7,878.45,1102.39
22:25:50,server_8,402.93,221.71
22:25:50,server_5,967.98,1000.99
22:25:55,server_12,9916.73,8414.14
22:25:55,server_19,129.96,190.67
22:25:55,server_18,341.5,466.4
22:25:55,server_17,846.04,441.82
22:25:55,server_16,134.57,199.58
22:25:55,server_15,661.23,407.68
22:25:55,server_14,8155.12,8785.46
22:25:55,server_20,268.74,223.81
22:25:55,server_11,952.32,1256.92
22:25:55,server_13,304.48,330.13
22:25:55,server_9,17342.04,14255.42
22:25:55,server_1,137.27,203.29
22:25:55,server_2,184.01,125.18
22:25:55,server_3,402.05,210.88
22:25:55,server_4,70.97,98.09
22:25:55,server_10,75.22,99.81
22:25:55,server_6,800.66,792.68
22:25:55,server_7,856.14,839.94
22:25:55,server_8,330.23,281.57
22:25:55,server_5,333.33,367.33
22:26:00,server_19,346.91,272.07
22:26:00,server_18,253.67,269.68
22:26:00,server_17,404.75,591.22
22:26:00,server_16,477.97,562.85
22:26:00,server_15,289.44,401.55
22:26:00,server_14,243.61,336.05
22:26:00,server_13,85.86,113.77
22:26:00,server_12,381.21,257.64
22:26:00,server_11,5.75,6.57
22:26:00,server_20,63.7,49.13
22:26:00,server_9,931.79,1034.97
22:26:00,server_1,310.63,303.61
22:26:00,server_2,461.44,334.36
22:26:00,server_3,75.99,50.23
22:26:00,server_4,102.72,122.33
22:26:00,server_10,682.83,903.15
22:26:00,server_6,4483.21,4609.45
22:26:00,server_7,10206.73,9772.35
22:26:00,server_8,306.28,193.87
22:26:00,server_5,997.57,857.55
22:26:05,server_11,983.69,899.94
22:26:05,server_19,3675.77,4342.6
22:26:05,server_18,281.36,147.94
22:26:05,server_17,781.95,965.8
22:26:05,server_16,906.01,501.17
22:26:05,server_15,11374.91,12912.57
22:26:05,server_14,309.4,238.91
22:26:05,server_13,1045.07,941.13
22:26:05,server_12,11778.27,11848.52
22:26:05,server_20,4333.68,4537.6
22:26:05,server_10,335.42,416.64
22:26:05,server_8,1012.43,1255.29
22:26:05,server_9,646.26,778.43
22:26:05,server_1,175.6,199.54
22:26:05,server_2,308.47,354.24
22:26:05,server_3,947.36,1349.53
22:26:05,server_5,52.12,46.39
22:26:05,server_6,299.44,156.85
22:26:05,server_7,876.3,713.38
22:26:05,server_4,206.4,281.49
22:26:10,server_20,0.0,0.0
22:26:10,server_11,342.02,251.45
22:26:10,server_18,899.07,1323.98
22:26:10,server_17,60.02,39.33
22:26:10,server_16,12120.59,9951.41
22:26:10,server_15,939.79,1202.96
22:26:10,server_14,12570.72,14574.12
22:26:10,server_13,933.86,1248.75
22:26:10,server_12,51.81,46.53
22:26:10,server_19,1656.64,1404.72
22:26:10,server_10,17390.02,19677.9
22:26:10,server_8,3735.92,4321.93
22:26:10,server_1,537.96,755.18
22:26:10,server_2,226.43,115.76
22:26:10,server_3,345.31,345.33
22:26:10,server_9,249.52,225.14
22:26:10,server_5,470.43,496.97
22:26:10,server_6,457.47,346.83
22:26:10,server_7,10604.36,12689.0
22:26:10,server_4,465.94,679.55
22:26:15,server_19,351.2,513.6
22:26:15,server_18,81.19,51.92
22:26:15,server_17,272.25,396.62
22:26:15,server_16,457.95,655.63
22:26:15,server_15,664.19,378.37
22:26:15,server_14,339.63,281.7
22:26:15,server_13,696.53,706.41
22:26:15,server_12,282.14,204.48
22:26:15,server_11,2153.68,2100.78
22:26:15,server_20,949.2,552.07
22:26:15,server_9,998.65,1382.29
22:26:15,server_1,933.29,1176.91
22:26:15,server_2,309.46,292.65
22:26:15,server_3,4719.52,5603.07
22:26:15,server_4,17518.23,19495.25
22:26:15,server_10,374.6,386.99
22:26:15,server_6,11347.41,11074.06
22:26:15,server_7,230.7,179.23
22:26:15,server_8,544.16,393.36
22:26:15,server_5,320.15,303.29
22:26:20,server_11,548.13,534.09
22:26:20,server_19,497.09,661.75
22:26:20,server_18,65.34,38.62
22:26:20,server_17,11421.12,11484.24
22:26:20,server_16,25.36,21.02
22:26:20,server_15,42.2,56.17
22:26:20,server_14,8458.4,8002.41
22:26:20,server_13,233.7,306.4
22:26:20,server_12,494.44,329.85
22:26:20,server_20,2.12,2.73
22:26:20,server_10,6930.56,5845.26
22:26:20,server_8,98.41,64.09
22:26:20,server_9,103.3,81.93
22:26:20,server_1,127.63,123.29
22:26:20,server_2,717.38,1019.07
22:26:20,server_3,888.48,716.81
22:26:20,server_5,441.07,261.81
22:26:20,server_6,524.46,419.19
22:26:20,server_7,942.76,760.62
22:26:20,server_4,14723.73,14200.07
22:26:25,server_20,980.93,579.69
22:26:25,server_19,158.54,103.27
22:26:25,server_18,936.16,980.77
22:26:25,server_17,523.37,476.25
22:26:25,server_16,290.56,208.13
22:26:25,server_15,381.46,482.08
22:26:25,server_14,239.03,347.0
22:26:25,server_13,314.8,387.13
22:26:25,server_12,491.63,546.43
22:26:25,server_11,19652.71,16650.34
22:26:25,server_9,869.91,1093.28
22:26:25,server_1,802.07,848.11
22:26:25,server_2,896.32,743.19
22:26:25,server_3,1038.85,1010.27
22:26:25,server_4,615.66,683.5
22:26:25,server_10,953.07,914.17
22:26:25,server_6,575.42,430.94
22:26:25,server_7,117.62,139.88
22:26:25,server_8,4566.03,5443.07
22:26:25,server_5,338.68,396.13
22:26:30,server_12,229.53,252.6
22:26:30,server_19,598.45,521.14
22:26:30,server_18,556.54,316.2
22:26:30,server_17,179.35,223.78
22:26:30,server_16,282.22,420.9
22:26:30,server_15,3674.56,3387.3
22:26:30,server_14,15234.92,16407.58
22:26:30,server_13,860.63,1198.55
22:26:30,server_11,883.25,1173.02
22:26:30,server_20,81.9,100.29
22:26:30,server_9,14379.21,16259.28
22:26:30,server_1,932.53,828.78
22:26:30,server_2,872.79,754.14
22:26:30,server_3,1688.93,1574.62
22:26:30,server_4,854.88,961.78
22:26:30,server_10,384.96,326.71
22:26:30,server_6,1016.36,1503.92
22:26:30,server_7,547.62,301.64
22:26:30,server_8,841.18,1223.31
22:26:30,server_5,404.31,514.72
22:26:35,server_11,2318.86,2603.68
22:26:35,server_19,1014.9,1307.29
22:26:35,server_18,3249.28,3098.21
22:26:35,server_17,15351.05,16440.51
22:26:35,server_16,946.81,524.92
22:26:35,server_15,19149.46,18422.19
22:26:35,server_14,137.27,113.0
22:26:35,server_13,108.96,94.03
22:26:35,server_12,0.0,0.0
22:26:35,server_20,51.67,38.42
22:26:35,server_10,587.83,429.53
22:26:35,server_8,861.49,490.14
22:26:35,server_7,916.14,839.57
22:26:35,server_6,15630.69,16775.88
22:26:35,server_5,258.85,222.15
22:26:35,server_4,883.53,1123.18
22:26:35,server_3,16993.31,15143.18
22:26:35,server_2,1019.26,883.13
22:26:35,server_1,3610.34,3955.4
22:26:35,server_9,297.86,323.66
22:26:40,server_13,15407.49,17273.83
22:26:40,server_14,467.94,614.71
22:26:40,server_15,734.32,452.98
22:26:40,server_16,465.2,549.96
22:26:40,server_20,2881.18,3279.24
22:26:40,server_18,139.81,120.03
22:26:40,server_19,516.15,703.46
22:26:40,server_12,2859.59,3312.01
22:26:40,server_17,2.07,1.83
22:26:40,server_11,822.56,961.55
22:26:40,server_10,284.47,340.15
22:26:40,server_9,462.97,313.45
22:26:40,server_2,520.07,452.54
22:26:40,server_3,339.51,476.91
22:26:40,server_4,12660.13,10524.92
22:26:40,server_1,9142.64,10211.19
22:26:40,server_6,2712.25,2572.5
22:26:40,server_7,266.21,295.29
22:26:40,server_8,104.99,123.45
22:26:40,server_5,177.33,228.36
22:26:45,server_13,367.04,289.05
22:26:45,server_20,129.69,84.96
22:26:45,server_19,4969.09,4993.6
22:26:45,server_18,287.52,369.39
22:26:45,server_17,900.64,582.28
22:26:45,server_16,3465.03,3120.72
22:26:45,server_15,987.02,1384.83
22:26:45,server_14,70.16,69.5
22:26:45,server_12,537.39,795.16
22:26:45,server_11,950.71,489.67
22:26:45,server_1,902.56,819.37
22:26:45,server_9,8638.16,7871.45
22:26:45,server_8,968.7,776.26
22:26:45,server_7,174.85,107.69
22:26:45,server_6,318.64,163.79
22:26:45,server_5,507.01,543.54
22:26:45,server_4,7157.52,7440.87
22:26:45,server_3,958.79,1018.43
22:26:45,server_2,752.17,461.33
22:26:45,server_10,4.42,5.96
22:26:50,server_13,208.14,249.25
22:26:50,server_14,273.95,176.6
22:26:50,server_15,615.47,542.63
22:26:50,server_16,884.91,719.13
22:26:50,server_12,629.28,421.91
22:26:50,server_18,974.7,745.21
22:26:50,server_19,834.78,1119.67
22:26:50,server_20,859.93,1074.4
22:26:50,server_17,234.98,137.06
22:26:50,server_11,14398.29,12203.28
22:26:50,server_1,55.43,45.94
22:26:50,server_9,3101.29,2508.44
22:26:50,server_8,14295.3,13790.3
22:26:50,server_7,2494.77,2715.46
22:26:50,server_6,1914.96,1658.77
22:26:50,server_5,17775.33,16344.68
22:26:50,server_4,414.66,299.46
22:26:50,server_3,972.19,942.89
22:26:50,server_2,25.06,32.76
22:26:50,server_10,532.93,409.79
22:26:55,server_13,192.01,258.39
22:26:55,server_14,305.18,175.72
22:26:55,server_15,937.9,748.04
22:26:55,server_16,980.82,1206.94
22:26:55,server_20,564.93,654.29
22:26:55,server_18,817.25,583.46
22:26:55,server_19,3204.59,3574.02
22:26:55,server_12,1735.05,1938.02
22:26:55,server_17,221.95,135.69
22:26:55,server_11,531.32,551.34
22:26:55,server_10,527.66,447.48
22:26:55,server_9,177.06,112.89
22:26:55,server_2,10279.35,8936.4
22:26:55,server_3,8393.37,9411.76
22:26:55,server_4,186.02,252.36
22:26:55,server_1,705.62,787.72
22:26:55,server_6,3693.42,3449.46
22:26:55,server_7,422.42,285.62
22:26:55,server_8,994.29,556.33
22:26:55,server_5,938.5,746.63
22:27:00,server_12,87.72,127.12
22:27:00,server_19,73.37,68.66
22:27:00,server_18,907.35,594.92
22:27:00,server_17,10822.22,9794.33
22:27:00,server_16,2500.06,2963.45
22:27:00,server_15,167.9,200.55
22:27:00,server_14,960.66,939.65
22:27:00,server_13,865.69,626.8
22:27:00,server_11,11724.03,9815.74
22:27:00,server_20,858.48,1157.45
22:27:00,server_9,119.06,85.34
22:27:00,server_1,514.49,756.42
22:27:00,server_2,4183.69,4251.09
22:27:00,server_3,0.0,0.0
22:27:00,server_4,912.26,750.32
22:27:00,server_10,672.11,425.08
22:27:00,server_6,233.07,173.12
22:27:00,server_7,16610.46,18510.28
22:27:00,server_8,442.77,500.35
22:27:00,server_5,72.95,81.1
22:27:05,server_11,18047.3,17348.0
22:27:05,server_19,17316.67,19969.3
22:27:05,server_18,75.11,71.01
22:27:05,server_17,448.41,352.2
22:27:05,server_16,675.45,818.77
22:27:05,server_15,425.61,570.61
22:27:05,server_14,231.94,292.13
22:27:05,server_13,791.02,534.17
22:27:05,server_12,292.37,317.08
22:27:05,server_20,1002.83,1359.37
22:27:05,server_10,920.15,477.8
22:27:05,server_8,877.77,720.57
22:27:05,server_7,12.04,14.48
22:27:05,server_6,218.66,217.41
22:27:05,server_5,905.65,852.03
22:27:05,server_4,18.83,11.25
22:27:05,server_3,16.81,22.86
22:27:05,server_2,723.12,666.95
22:27:05,server_1,836.73,569.33
22:27:05,server_9,335.58,218.71
22:27:10,server_14,4354.38,4727.39
22:27:10,server_15,107.98,61.44
22:27:10,server_16,195.73,153.39
22:27:10,server_13,1040.2,1236.2
22:27:10,server_18,3131.35,3687.37
22:27:10,server_19,6980.71,6963.75
22:27:10,server_20,339.05,233.36
22:27:10,server_17,3620.3,2997.44
22:27:10,server_12,50.31,30.96
22:27:10,server_11,7802.26,8416.04
22:27:10,server_10,534.93,508.44
22:27:10,server_2,604.07,487.66
22:27:10,server_3,836.13,493.87
22:27:10,server_4,618.73,661.17
22:27:10,server_5,10629.91,11054.94
22:27:10,server_1,679.83,835.36
22:27:10,server_7,192.11,118.94
22:27:10,server_8,1174.83,1381.87
22:27:10,server_9,234.14,310.86
22:27:10,server_6,12263.28,10608.11
22:27:15,server_12,333.48,400.83
22:27:15,server_19,241.44,208.74
22:27:15,server_18,573.69,364.47
22:27:15,server_17,925.49,1263.33
22:27:15,server_16,900.55,1198.33
22:27:15,server_15,161.68,99.18
22:27:15,server_14,816.04,548.05
22:27:15,server_13,390.77,402.68
22:27:15,server_11,14708.59,14450.9
22:27:15,server_20,8325.35,9051.29
22:27:15,server_9,194.61,277.64
22:27:15,server_1,162.48,223.92
22:27:15,server_2,1038.12,1317.78
22:27:15,server_3,997.83,1261.78
22:27:15,server_4,293.33,369.42
22:27:15,server_10,6.34,6.72
22:27:15,server_6,4977.45,4018.04
22:27:15,server_7,124.38,183.46
22:27:15,server_8,393.7,434.53
22:27:15,server_5,919.94,799.42
22:27:20,server_11,962.12,915.91
22:27:20,server_19,1832.17,1930.08
22:27:20,server_18,17046.36,16693.21
22:27:20,server_17,523.45,773.17
22:27:20,server_16,193.65,103.73
22:27:20,server_15,444.96,596.64
22:27:20,server_14,806.29,798.61
22:27:20,server_13,623.63,784.89
22:27:20,server_12,2521.18,2809.64
22:27:20,server_20,889.52,856.89
22:27:20,server_10,196.93,206.05
22:27:20,server_8,92.43,86.33
22:27:20,server_7,49.72,26.1
22:27:20,server_6,397.34,543.46
22:27:20,server_5,4954.94,4997.87
22:27:20,server_4,3978.95,3188.15
22:27:20,server_3,4031.49,4339.31
22:27:20,server_2,514.51,435.15
22:27:20,server_1,327.23,432.68
22:27:20,server_9,558.19,339.94
22:27:25,server_13,414.18,551.9
22:27:25,server_14,255.69,198.53
22:27:25,server_15,0.0,0.0
22:27:25,server_16,73.23,97.66
22:27:25,server_20,551.03,539.65
22:27:25,server_18,248.33,353.25
22:27:25,server_19,3227.7,3599.93
22:27:25,server_12,492.83,674.22
22:27:25,server_17,20.62,28.53
22:27:25,server_10,128.03,66.06
22:27:25,server_7,18697.71,20318.08
22:27:25,server_9,940.45,673.28
22:27:25,server_11,89.57,110.89
22:27:25,server_2,11928.52,13136.42
22:27:25,server_3,346.51,258.11
22:27:25,server_4,315.12,414.04
22:27:25,server_1,535.33,659.91
22:27:25,server_6,218.61,241.43
22:27:25,server_8,208.17,223.87
22:27:25,server_5,402.01,227.5
22:27:30,server_20,27.75,18.47
22:27:30,server_12,464.15,272.21
22:27:30,server_19,653.61,359.49
22:27:30,server_17,1115.38,1337.3
22:27:30,server_16,411.86,219.9
22:27:30,server_15,321.64,284.39
22:27:30,server_14,217.44,274.98
22:27:30,server_13,172.46,170.32
22:27:30,server_11,13110.18,13609.68
22:27:30,server_18,131.86,101.69
22:27:30,server_9,4498.25,4966.53
22:27:30,server_8,398.77,311.65
22:27:30,server_7,400.4,379.83
22:27:30,server_6,706.68,581.89
22:27:30,server_5,3080.53,3205.17
22:27:30,server_4,907.27,1230.01
22:27:30,server_3,68.95,101.71
22:27:30,server_2,338.33,216.97
22:27:30,server_1,832.28,751.08
22:27:30,server_10,1029.2,1130.01
22:27:35,server_13,2546.25,2153.45
22:27:35,server_14,493.83,634.76
22:27:35,server_15,1.62,0.89
22:27:35,server_20,866.11,995.11
22:27:35,server_17,9830.25,10190.03
22:27:35,server_18,394.44,563.81
22:27:35,server_19,474.52,512.03
22:27:35,server_12,201.93,287.6
22:27:35,server_16,3468.7,2887.77
22:27:35,server_11,258.45,378.99
22:27:35,server_7,1048.05,1093.14
22:27:35,server_9,285.86,340.68
22:27:35,server_8,185.79,153.32
22:27:35,server_6,513.07,759.51
22:27:35,server_5,18429.59,21088.89
22:27:35,server_4,19913.17,16328.8
22:27:35,server_3,1000.03,795.02
22:27:35,server_2,963.57,639.75
22:27:35,server_1,515.81,503.54
22:27:35,server_10,123.07,90.71
22:27:40,server_15,2183.19,2339.98
22:27:40,server_13,80.74,107.54
22:27:40,server_14,519.76,383.52
22:27:40,server_16,7.05,9.22
22:27:40,server_12,596.74,804.86
22:27:40,server_18,428.05,452.5
22:27:40,server_19,545.75,378.18
22:27:40,server_20,169.35,218.41
22:27:40,server_17,6388.75,5242.55
22:27:40,server_11,239.27,120.35
22:27:40,server_1,108.0,135.87
22:27:40,server_9,639.93,606.97
22:27:40,server_2,1046.6,1103.9
22:27:40,server_3,12219.22,9875.43
22:27:40,server_4,88.42,91.81
22:27:40,server_10,588.66,305.86
22:27:40,server_6,508.28,738.78
22:27:40,server_7,3887.39,4633.1
22:27:40,server_8,697.58,896.13
22:27:40,server_5,790.63,1120.91
22:27:45,server_12,248.77,329.21
22:27:45,server_19,424.75,381.1
22:27:45,server_18,239.19,258.45
22:27:45,server_17,291.09,181.25
22:27:45,server_16,400.4,424.61
22:27:45,server_15,592.03,304.4
22:27:45,server_14,937.29,704.38
22:27:45,server_13,630.44,342.38
22:27:45,server_11,369.92,538.2
22:27:45,server_20,585.79,429.8
22:27:45,server_9,2991.28,2677.57
22:27:45,server_1,855.51,528.74
22:27:45,server_2,534.95,799.98
22:27:45,server_3,88.41,116.34
22:27:45,server_4,534.9,575.88
22:27:45,server_10,895.24,991.86
22:27:45,server_6,224.9,314.63
22:27:45,server_7,426.85,630.91
22:27:45,server_8,283.85,295.87
22:27:45,server_5,961.34,1345.19
22:27:50,server_11,1002.08,898.48
22:27:50,server_19,490.05,732.38
22:27:50,server_18,248.98,332.45
22:27:50,server_17,374.67,221.64
22:27:50,server_16,209.54,189.77
22:27:50,server_15,8158.56,7370.88
22:27:50,server_14,384.61,233.24
22:27:50,server_13,3065.97,2819.35
22:27:50,server_12,129.67,186.35
22:27:50,server_20,254.83,295.71
22:27:50,server_10,289.38,273.45
22:27:50,server_8,892.58,1127.68
22:27:50,server_7,48.76,55.82
22:27:50,server_6,0.0,0.0
22:27:50,server_5,96.11,57.69
22:27:50,server_4,15812.1,18117.64
22:27:50,server_3,0.6,0.38
22:27:50,server_2,257.18,341.3
22:27:50,server_1,14677.35,17448.84
22:27:50,server_9,966.22,935.44
22:27:55,server_14,751.25,808.89
22:27:55,server_15,341.89,508.15
22:27:55,server_16,2211.7,1850.82
22:27:55,server_13,5489.77,5326.17
22:27:55,server_18,392.9,327.53
22:27:55,server_19,16409.4,14566.58
22:27:55,server_20,268.71,369.21
22:27:55,server_17,388.92,394.08
22:27:55,server_12,243.41,138.6
22:27:55,server_11,128.19,141.12
22:27:55,server_1,882.38,592.35
22:27:55,server_9,579.71,850.88
22:27:55,server_8,391.34,531.47
22:27:55,server_7,103.31,144.92
22:27:55,server_6,16290.16,17718.91
22:27:55,server_5,335.91,370.74
22:27:55,server_4,14803.74,16504.31
22:27:55,server_3,574.28,800.23
22:27:55,server_2,8619.52,10164.04
22:27:55,server_10,34.74,27.58
22:28:00,server_13,335.97,205.68
22:28:00,server_14,3121.58,2696.27
22:28:00,server_15,6187.68,7361.0
22:28:00,server_20,240.56,320.16
22:28:00,server_18,2337.65,1960.57
22:28:00,server_19,121.4,85.53
22:28:00,server_12,714.2,857.31
22:28:00,server_16,18945.94,16340.33
22:28:00,server_11,285.73,154.45
22:28:00,server_17,397.99,241.04
22:28:00,server_9,8220.06,7180.52
22:28:00,server_10,735.38,546.66
22:28:00,server_2,997.94,1231.76
22:28:00,server_3,869.21,511.49
22:28:00,server_4,505.23,326.57
22:28:00,server_1,172.14,239.01
22:28:00,server_6,954.1,1286.87
22:28:00,server_7,2558.37,2061.04
22:28:00,server_8,106.61,122.03
22:28:00,server_5,453.8,518.05
22:28:05,server_20,64.93,95.16
22:28:05,server_12,129.98,150.23
22:28:05,server_19,231.41,223.62
22:28:05,server_18,835.34,481.93
22:28:05,server_17,4183.33,3484.03
22:28:05,server_16,351.58,192.56
22:28:05,server_15,96.03,82.25
22:28:05,server_14,10.29,6.76
22:28:05,server_13,879.84,1252.43
22:28:05,server_11,632.41,551.42
22:28:05,server_7,23.41,21.86
22:28:05,server_9,585.11,811.36
22:28:05,server_8,922.66,759.39
22:28:05,server_6,8.91,10.99
22:28:05,server_5,586.48,359.82
22:28:05,server_4,190.08,196.14
22:28:05,server_3,39.33,54.19
22:28:05,server_2,11145.12,12228.16
22:28:05,server_1,581.13,635.26
22:28:05,server_10,1618.62,1932.35
22:28:10,server_15,924.39,1300.09
22:28:10,server_13,261.31,375.06
22:28:10,server_14,839.93,900.02
22:28:10,server_16,503.56,454.61
22:28:10,server_12,452.24,247.3
22:28:10,server_18,15425.82,12587.59
22:28:10,server_19,892.13,817.99
22:28:10,server_20,260.05,189.15
22:28:10,server_17,552.79,509.44
22:28:10,server_11,663.02,899.25
22:28:10,server_1,809.1,1137.9
22:28:10,server_9,11606.91,10087.87
22:28:10,server_2,98.52,104.15
22:28:10,server_3,2508.55,2946.55
22:28:10,server_4,857.14,768.24
22:28:10,server_10,663.32,695.4
22:28:10,server_6,297.0,305.48
22:28:10,server_7,906.41,1332.69
22:28:10,server_8,3374.37,3246.21
22:28:10,server_5,874.38,596.83
22:28:15,server_13,569.3,552.27
22:28:15,server_20,70.49,63.19
22:28:15,server_19,564.9,706.45
22:28:15,server_18,882.35,1234.41
22:28:15,server_17,18766.57,17877.62
22:28:15,server_16,374.87,503.73
22:28:15,server_15,899.39,451.92
22:28:15,server_14,16362.96,17891.76
22:28:15,server_12,12.66,16.34
22:28:15,server_11,561.96,437.14
22:28:15,server_1,9378.55,8308.46
22:28:15,server_9,499.09,294.6
22:28:15,server_8,4850.99,4077.46
22:28:15,server_7,603.44,702.9
22:28:15,server_6,6485.97,7132.4
22:28:15,server_5,64.94,90.21
22:28:15,server_4,975.34,1109.39
22:28:15,server_3,2782.65,2539.94
22:28:15,server_2,302.37,203.3
22:28:15,server_10,124.05,129.0
22:28:20,server_13,1020.73,528.56
22:28:20,server_14,377.61,523.61
22:28:20,server_15,733.2,496.81
22:28:20,server_16,9985.12,10386.44
22:28:20,server_12,911.9,1259.47
22:28:20,server_18,957.26,1390.5
22:28:20,server_19,694.07,794.41
22:28:20,server_20,1133.15,1336.57
22:28:20,server_17,4250.84,4854.1
22:28:20,server_11,2835.18,3193.6
22:28:20,server_1,2906.77,3443.17
22:28:20,server_9,985.11,946.29
22:28:20,server_8,914.0,1165.76
22:28:20,server_7,941.73,1318.97
22:28:20,server_6,628.46,550.99
22:28:20,server_5,1044.67,1072.76
22:28:20,server_4,102.44,141.83
22:28:20,server_3,69.41,61.95
22:28:20,server_2,6313.49,6137.66
22:28:20,server_10,223.21,199.77
22:28:25,server_13,1013.6,766.53
22:28:25,server_14,180.86,139.42
22:28:25,server_15,706.36,555.74
22:28:25,server_16,19564.6,23147.76
22:28:25,server_20,110.17,156.88
22:28:25,server_18,1047.23,817.69
22:28:25,server_19,241.22,318.58
22:28:25,server_12,460.45,393.91
22:28:25,server_17,735.52,581.09
22:28:25,server_11,2514.63,2241.54
22:28:25,server_1,823.97,619.88
22:28:25,server_9,544.18,815.77
22:28:25,server_2,580.66,432.8
22:28:25,server_3,751.18,1024.5
22:28:25,server_4,842.41,609.33
22:28:25,server_10,819.52,1000.89
22:28:25,server_6,679.72,764.69
22:28:25,server_7,1012.62,954.05
22:28:25,server_8,480.74,459.76
22:28:25,server_5,472.77,419.85
22:28:30,server_12,0.0,0.0
22:28:30,server_19,520.91,632.17
22:28:30,server_18,178.97,142.1
22:28:30,server_17,4189.15,4817.25
22:28:30,server_16,887.26,1197.1
22:28:30,server_15,618.09,344.79
22:28:30,server_14,861.91,763.36
22:28:30,server_13,293.79,177.38
22:28:30,server_20,651.13,510.49
22:28:30,server_11,91.1,115.08
22:28:30,server_9,295.15,265.59
22:28:30,server_8,5573.54,6183.64
22:28:30,server_7,4027.74,4318.94
22:28:30,server_6,493.12,304.79
22:28:30,server_5,173.04,197.38
22:28:30,server_4,31.01,44.68
22:28:30,server_3,232.84,218.15
22:28:30,server_2,4492.57,4641.48
22:28:30,server_1,0.0,0.0
22:28:30,server_10,800.09,1010.19
22:28:35,server_13,267.13,144.5
22:28:35,server_14,17201.44,18518.81
22:28:35,server_15,393.25,555.37
22:28:35,server_16,8696.22,10120.53
22:28:35,server_12,312.74,184.42
22:28:35,server_18,382.53,384.58
22:28:35,server_19,488.19,558.58
22:28:35,server_20,317.15,307.78
22:28:35,server_17,85.41,59.04
22:28:35,server_11,3528.86,3814.75
22:28:35,server_1,454.6,325.47
22:28:35,server_9,167.12,131.14
22:28:35,server_2,184.8,95.06
22:28:35,server_3,411.96,496.81
22:28:35,server_4,617.0,795.86
22:28:35,server_10,855.54,938.04
22:28:35,server_6,490.35,721.19
22:28:35,server_7,436.02,581.04
22:28:35,server_8,48.35,64.07
22:28:35,server_5,2893.67,3432.5
22:28:40,server_20,208.05,265.5
22:28:40,server_19,222.54,120.72
22:28:40,server_18,4421.68,4814.18
22:28:40,server_17,572.79,548.05
22:28:40,server_16,18.04,19.97
22:28:40,server_15,205.72,203.87
22:28:40,server_14,886.43,726.47
22:28:40,server_12,1096.23,900.15
22:28:40,server_11,235.18,165.31
22:28:40,server_13,162.64,132.97
22:28:40,server_9,943.62,1410.87
22:28:40,server_10,33.98,50.38
22:28:40,server_2,4004.44,4113.95
22:28:40,server_3,459.85,532.87
22:28:40,server_4,956.19,760.61
22:28:40,server_1,45.83,26.02
22:28:40,server_6,259.16,348.89
22:28:40,server_7,958.34,735.11
22:28:40,server_8,96.84,134.11
22:28:40,server_5,1091.69,1036.26
22:28:45,server_12,189.39,218.92
22:28:45,server_20,180.51,172.89
22:28:45,server_19,157.76,225.13
22:28:45,server_18,975.8,1085.04
22:28:45,server_17,8266.45,9127.07
22:28:45,server_16,52.81,38.73
22:28:45,server_15,821.47,724.56
22:28:45,server_14,584.69,431.2
22:28:45,server_13,610.7,563.22
22:28:45,server_11,1451.68,1378.84
22:28:45,server_3,213.14,187.33
22:28:45,server_9,395.63,401.17
22:28:45,server_8,591.4,700.31
22:28:45,server_7,960.92,1372.35
22:28:45,server_6,386.58,264.49
22:28:45,server_5,907.95,677.41
22:28:45,server_4,454.08,509.89
22:28:45,server_2,278.07,316.79
22:28:45,server_1,388.41,516.98
22:28:45,server_10,125.49,91.11
22:28:50,server_13,237.19,234.24
22:28:50,server_14,935.07,1244.2
22:28:50,server_15,11371.15,11555.36
22:28:50,server_16,271.75,312.03
22:28:50,server_20,648.33,576.7
22:28:50,server_18,563.16,320.92
22:28:50,server_19,360.94,319.23
22:28:50,server_12,14914.22,16447.61
22:28:50,server_17,922.25,1264.59
22:28:50,server_11,1032.92,590.12
22:28:50,server_3,25.68,20.03
22:28:50,server_9,244.25,185.78
22:28:50,server_1,85.35,116.31
22:28:50,server_2,56.23,55.28
22:28:50,server_4,436.09,524.59
22:28:50,server_10,352.14,420.29
22:28:50,server_6,826.99,819.68
22:28:50,server_7,9943.28,9103.19
22:28:50,server_8,1688.58,1613.49
22:28:50,server_5,180.41,193.27
22:28:55,server_20,466.9,386.51
22:28:55,server_11,455.22,529.57
22:28:55,server_18,497.91,285.39
22:28:55,server_17,259.18,141.02
22:28:55,server_16,969.51,1336.55
22:28:55,server_15,672.24,757.57
22:28:55,server_14,311.91,216.52
22:28:55,server_13,174.52,185.45
22:28:55,server_12,333.2,306.41
22:28:55,server_19,380.53,365.37
22:28:55,server_10,667.39,838.42
22:28:55,server_8,552.21,678.39
22:28:55,server_7,45.96,39.27
22:28:55,server_6,550.42,559.35
22:28:55,server_5,13.53,12.68
22:28:55,server_4,944.2,978.19
22:28:55,server_3,117.15,75.75
22:28:55,server_2,266.83,260.97
22:28:55,server_1,1051.08,1285.87
22:28:55,server_9,243.03,284.6
22:29:00,server_13,894.71,770.86
22:29:00,server_14,887.78,999.8
22:29:00,server_15,1940.1,2137.57
22:29:00,server_12,3336.42,3661.33
22:29:00,server_17,384.92,345.98
22:29:00,server_18,4087.04,4806.39
22:29:00,server_19,909.74,1316.95
22:29:00,server_16,112.9,137.74
22:29:00,server_11,470.92,663.95
22:29:00,server_20,1618.2,1644.33
22:29:00,server_9,3530.42,3444.2
22:29:00,server_1,882.36,1138.5
22:29:00,server_2,16591.9,14064.3
22:29:00,server_3,596.0,500.54
22:29:00,server_4,551.83,397.29
22:29:00,server_10,817.9,1160.95
22:29:00,server_6,36.3,32.11
22:29:00,server_7,994.05,1057.89
22:29:00,server_8,15945.17,17237.99
22:29:00,server_5,406.32,562.18
22:29:05,server_12,905.01,956.14
22:29:05,server_20,154.95,217.67
22:29:05,server_19,921.05,1044.59
22:29:05,server_18,249.22,246.35
22:29:05,server_17,297.58,418.19
22:29:05,server_16,416.68,330.86
22:29:05,server_15,994.35,726.15
22:29:05,server_14,531.02,795.67
22:29:05,server_13,557.6,755.98
22:29:05,server_11,3984.21,4087.0
22:29:05,server_3,4476.73,4110.87
22:29:05,server_9,2338.95,2716.24
22:29:05,server_8,250.1,197.75
22:29:05,server_7,307.59,326.06
22:29:05,server_6,847.42,1188.3
22:29:05,server_5,773.92,930.89
22:29:05,server_4,900.05,1016.28
22:29:05,server_10,960.61,1405.68
22:29:05,server_2,268.72,334.21
22:29:05,server_1,14016.34,14840.85
22:29:10,server_13,309.56,398.37
22:29:10,server_14,700.83,963.49
22:29:10,server_15,15617.85,14042.41
22:29:10,server_16,148.18,171.63
22:29:10,server_20,694.87,589.89
22:29:10,server_18,990.02,1221.32
22:29:10,server_19,310.34,270.99
22:29:10,server_12,138.62,203.34
22:29:10,server_17,738.71,385.96
22:29:10,server_11,1037.04,774.17
22:29:10,server_10,282.58,243.79
22:29:10,server_9,208.34,198.89
22:29:10,server_2,903.08,1136.41
22:29:10,server_3,569.91,539.95
22:29:10,server_4,1981.04,2097.74
22:29:10,server_1,615.53,313.77
22:29:10,server_6,178.24,187.82
22:29:10,server_7,512.79,371.53
22:29:10,server_8,991.56,543.62
22:29:10,server_5,360.9,256.69
22:29:15,server_12,328.9,265.4
22:29:15,server_19,18.29,12.39
22:29:15,server_18,350.1,505.71
22:29:15,server_17,134.18,174.55
22:29:15,server_16,217.21,197.56
22:29:15,server_15,518.49,771.04
22:29:15,server_14,534.3,550.76
22:29:15,server_13,13.79,10.16
22:29:15,server_11,11354.24,10385.91
22:29:15,server_20,77.98,106.64
22:29:15,server_9,483.15,614.35
22:29:15,server_1,228.59,279.33
22:29:15,server_2,175.25,239.25
22:29:15,server_3,852.65,969.92
22:29:15,server_4,607.09,698.11
22:29:15,server_10,474.68,569.09
22:29:15,server_6,525.1,471.93
22:29:15,server_7,970.02,1138.64
22:29:15,server_8,244.91,162.44
22:29:15,server_5,198.02,154.33
22:29:20,server_19,319.11,278.83
22:29:20,server_18,157.03,105.21
22:29:20,server_17,451.96,642.63
22:29:20,server_16,1.06,0.64
22:29:20,server_15,137.08,159.88
22:29:20,server_14,3473.11,3491.29
22:29:20,server_13,280.98,266.23
22:29:20,server_12,249.8,178.33
22:29:20,server_11,615.5,711.39
22:29:20,server_20,4830.73,4769.31
22:29:20,server_9,454.94,340.45
22:29:20,server_1,1634.26,1324.23
22:29:20,server_2,46.74,24.52
22:29:20,server_3,1044.39,524.32
22:29:20,server_4,187.1,119.21
22:29:20,server_10,1049.44,1281.2
22:29:20,server_6,18929.66,19655.37
22:29:20,server_7,330.23,171.58
22:29:20,server_8,160.58,90.35
22:29:20,server_5,688.67,963.06
22:29:25,server_11,16078.03,18112.51
22:29:25,server_19,618.12,876.78
22:29:25,server_18,1910.06,1973.47
22:29:25,server_17,311.33,459.18
22:29:25,server_16,965.55,1288.45
22:29:25,server_15,0.0,0.0
22:29:25,server_14,412.12,213.52
22:29:25,server_13,454.08,460.63
22:29:25,server_12,313.59,286.89
22:29:25,server_20,566.37,353.79
22:29:25,server_10,250.26,288.51
22:29:25,server_8,397.18,573.4
22:29:25,server_9,256.1,257.99
22:29:25,server_1,249.9,157.57
22:29:25,server_2,880.2,872.57
22:29:25,server_3,583.67,489.43
22:29:25,server_5,226.28,223.79
22:29:25,server_6,18706.31,19141.92
22:29:25,server_7,553.34,450.06
22:29:25,server_4,521.81,771.96
22:29:30,server_20,538.49,761.45
22:29:30,server_19,663.15,976.55
22:29:30,server_18,288.62,320.05
22:29:30,server_17,2179.68,1805.36
22:29:30,server_16,397.04,545.33
22:29:30,server_15,672.61,997.35
22:29:30,server_14,387.61,208.63
22:29:30,server_13,11512.8,11259.22
22:29:30,server_12,3271.21,2656.12
22:29:30,server_11,452.96,417.53
22:29:30,server_9,142.53,201.12
22:29:30,server_1,10717.37,11922.35
22:29:30,server_2,836.88,648.56
22:29:30,server_3,973.43,741.44
22:29:30,server_4,12106.64,12735.14
22:29:30,server_10,860.37,511.61
22:29:30,server_6,861.8,442.24
22:29:30,server_7,12025.57,10970.47
22:29:30,server_8,495.89,564.7
22:29:30,server_5,881.76,1187.76
22:29:35,server_12,184.65,105.17
22:29:35,server_20,13079.3,13889.17
22:29:35,server_19,10858.46,11914.65
22:29:35,server_18,507.18,745.68
22:29:35,server_17,308.12,413.28
22:29:35,server_16,4079.49,4243.45
22:29:35,server_15,99.44,111.28
22:29:35,server_14,148.4,183.43
22:29:35,server_13,394.54,233.69
22:29:35,server_11,337.51,338.3
22:29:35,server_10,651.24,448.37
22:29:35,server_9,221.2,157.05
22:29:35,server_2,272.91,225.43
22:29:35,server_3,173.81,130.47
22:29:35,server_4,499.59,445.79
22:29:35,server_1,196.33,142.06
22:29:35,server_6,298.97,441.94
22:29:35,server_7,1003.75,1371.3
22:29:35,server_8,13685.48,14124.4
22:29:35,server_5,804.53,1069.17
22:29:40,server_12,462.61,274.97
22:29:40,server_19,90.44,131.19
22:29:40,server_18,11856.66,13764.35
22:29:40,server_17,864.77,1246.55
22:29:40,server_16,923.41,624.94
22:29:40,server_15,7015.38,6707.31
22:29:40,server_14,248.64,178.54
22:29:40,server_13,120.66,90.25
22:29:40,server_11,173.56,158.42
22:29:40,server_20,255.51,216.6
22:29:40,server_9,981.25,739.4
22:29:40,server_1,190.93,104.48
22:29:40,server_2,854.14,1142.66
22:29:40,server_3,308.55,258.44
22:29:40,server_4,496.29,363.08
22:29:40,server_10,1697.22,1567.16
22:29:40,server_6,293.6,421.05
22:29:40,server_7,92.83,90.27
22:29:40,server_8,45.69,65.36
22:29:40,server_5,385.88,345.22
22:29:45,server_12,758.05,714.72
22:29:45,server_19,853.39,1253.99
22:29:45,server_18,2300.08,1973.69
22:29:45,server_17,288.14,339.9
22:29:45,server_16,19199.69,20953.34
22:29:45,server_15,945.25,1368.63
22:29:45,server_14,462.25,490.51
22:29:45,server_13,918.58,563.3
22:29:45,server_11,952.68,1404.22
22:29:45,server_20,235.82,343.74
22:29:45,server_9,2266.95,2667.07
22:29:45,server_1,456.15,393.75
22:29:45,server_2,195.52,205.57
22:29:45,server_3,8346.42,8489.84
22:29:45,server_4,338.39,258.76
22:29:45,server_10,188.33,141.64
22:29:45,server_6,328.56,469.23
22:29:45,server_7,308.57,304.6
22:29:45,server_8,3397.69,3284.96
22:29:45,server_5,581.31,582.3
22:29:50,server_11,4441.04,5032.09
22:29:50,server_19,4151.92,4890.01
22:29:50,server_18,599.25,474.81
22:29:50,server_17,394.36,450.08
22:29:50,server_16,248.06,220.16
22:29:50,server_15,5150.08,4340.38
22:29:50,server_14,11804.17,12698.31
22:29:50,server_13,982.64,818.69
22:29:50,server_12,436.41,607.97
22:29:50,server_20,776.22,819.41
22:29:50,server_10,332.06,194.33
22:29:50,server_8,960.83,1049.71
22:29:50,server_7,123.71,72.08
22:29:50,server_6,449.76,641.6
22:29:50,server_5,1080.58,1065.26
22:29:50,server_4,17604.5,20420.63
22:29:50,server_3,430.11,370.97
22:29:50,server_2,364.09,375.01
22:29:50,server_1,5157.15,5963.26
22:29:50,server_9,6310.7,6153.61
22:29:55,server_13,527.92,469.19
22:29:55,server_14,940.79,1405.0
22:29:55,server_15,985.59,1143.12
22:29:55,server_12,239.52,159.38
22:29:55,server_17,476.37,362.9
22:29:55,server_18,610.05,564.5
22:29:55,server_19,347.56,483.53
22:29:55,server_16,5751.65,5133.57
22:29:55,server_11,845.85,1078.38
22:29:55,server_20,959.59,1344.72
22:29:55,server_9,9313.74,9422.59
22:29:55,server_1,195.56,208.01
22:29:55,server_2,418.47,535.26
22:29:55,server_3,549.53,543.28
22:29:55,server_4,279.41,358.44
22:29:55,server_10,153.31,130.31
22:29:55,server_6,16810.69,14411.19
22:29:55,server_7,910.22,1273.4
22:29:55,server_8,125.26,109.09
22:29:55,server_5,587.07,639.29
22:30:00,server_19,524.1,382.22
22:30:00,server_18,64.68,79.66
22:30:00,server_17,124.37,90.39
22:30:00,server_16,2364.6,2167.51
22:30:00,server_15,1456.17,1536.74
22:30:00,server_14,473.42,261.48
22:30:00,server_13,624.22,693.37
22:30:00,server_12,273.91,357.76
22:30:00,server_11,4738.86,4967.86
22:30:00,server_20,660.09,536.03
22:30:00,server_9,778.69,1064.71
22:30:00,server_1,6152.57,6581.27
22:30:00,server_2,27.28,36.01
22:30:00,server_3,3335.52,2722.4
22:30:00,server_4,419.57,402.77
22:30:00,server_10,313.88,304.32
22:30:00,server_6,101.9,79.12
22:30:00,server_7,593.16,878.78
22:30:00,server_8,465.06,626.87
22:30:00,server_5,18584.76,15410.34
22:30:05,server_11,804.96,1157.24
22:30:05,server_19,868.43,542.79
22:30:05,server_18,561.32,313.71
22:30:05,server_17,638.55,912.24
22:30:05,server_16,820.97,1077.37
22:30:05,server_15,920.41,767.17
22:30:05,server_14,332.68,247.36
22:30:05,server_13,972.79,962.34
22:30:05,server_12,929.72,516.4
22:30:05,server_20,18333.52,21763.83
22:30:05,server_10,7655.32,6995.6
22:30:05,server_8,1803.63,2023.53
22:30:05,server_9,1003.43,885.77
22:30:05,server_1,193.33,181.89
22:30:05,server_2,600.07,770.74
22:30:05,server_3,616.51,640.72
22:30:05,server_5,975.71,560.58
22:30:05,server_6,4073.31,4397.69
22:30:05,server_7,175.09,182.1
22:30:05,server_4,968.03,1273.7
22:30:10,server_20,323.7,389.77
22:30:10,server_11,940.13,894.84
22:30:10,server_18,629.71,533.96
22:30:10,server_17,405.24,458.16
22:30:10,server_16,250.5,358.07
22:30:10,server_15,858.95,582.51
22:30:10,server_14,931.52,1223.54
22:30:10,server_13,12158.84,14159.86
22:30:10,server_12,2264.55,2650.11
22:30:10,server_19,625.39,319.66
22:30:10,server_10,601.75,349.34
22:30:10,server_8,198.59,106.7
22:30:10,server_1,855.39,505.49
22:30:10,server_2,428.62,445.83
22:30:10,server_3,288.37,347.57
22:30:10,server_9,1166.8,1303.13
22:30:10,server_5,984.78,831.95
22:30:10,server_6,274.34,217.62
22:30:10,server_7,11650.19,13057.41
22:30:10,server_4,658.09,396.34
22:30:15,server_13,757.48,739.53
22:30:15,server_20,2156.4,1805.18
22:30:15,server_19,881.23,1020.25
22:30:15,server_18,625.58,441.2
22:30:15,server_17,17165.85,16336.92
22:30:15,server_16,252.16,331.42
22:30:15,server_15,1051.65,536.75
22:30:15,server_14,6936.97,7838.45
22:30:15,server_12,280.23,149.64
22:30:15,server_11,123.23,172.37
22:30:15,server_1,391.97,359.41
22:30:15,server_9,3774.2,3683.1
22:30:15,server_8,2978.06,2553.37
22:30:15,server_7,8.82,6.43
22:30:15,server_6,232.98,210.45
22:30:15,server_5,169.36,92.82
22:30:15,server_4,948.89,691.25
22:30:15,server_3,11597.94,11276.96
22:30:15,server_2,9914.75,9263.44
22:30:15,server_10,9639.6,9889.52
22:30:20,server_13,587.03,793.11
22:30:20,server_14,1213.52,1356.62
22:30:20,server_15,13358.53,14448.22
22:30:20,server_16,447.29,244.53
22:30:20,server_12,160.48,110.6
22:30:20,server_18,512.24,512.41
22:30:20,server_19,954.27,782.39
22:30:20,server_20,246.96,315.51
22:30:20,server_17,81.16,67.36
22:30:20,server_11,1068.16,1127.01
22:30:20,server_1,608.5,725.09
22:30:20,server_9,2274.13,1944.27
22:30:20,server_8,7919.74,7424.18
22:30:20,server_7,963.44,1221.96
22:30:20,server_6,934.81,802.8
22:30:20,server_5,557.02,525.13
22:30:20,server_4,945.08,1113.19
22:30:20,server_3,1087.13,1596.44
22:30:20,server_2,919.59,1006.29
22:30:20,server_10,3570.8,4248.76
22:30:25,server_13,893.39,713.27
22:30:25,server_14,4036.03,4701.66
22:30:25,server_15,195.69,119.65
22:30:25,server_16,140.6,144.99
22:30:25,server_20,122.49,87.49
22:30:25,server_18,380.33,408.94
22:30:25,server_19,5089.05,4874.15
22:30:25,server_12,0.47,0.46
22:30:25,server_17,430.64,370.46
22:30:25,server_11,1.15,1.19
22:30:25,server_10,528.94,311.17
22:30:25,server_9,340.96,258.98
22:30:25,server_2,511.7,709.49
22:30:25,server_3,150.03,115.03
22:30:25,server_4,17511.17,15866.03
22:30:25,server_1,967.6,566.36
22:30:25,server_6,372.26,254.79
22:30:25,server_7,2619.87,2840.17
22:30:25,server_8,252.27,314.52
22:30:25,server_5,433.02,581.64
22:30:30,server_13,1010.99,1010.07
22:30:30,server_20,0.9,1.1
22:30:30,server_19,379.48,384.79
22:30:30,server_18,857.33,752.8
22:30:30,server_17,2895.86,3048.75
22:30:30,server_16,367.03,368.57
22:30:30,server_15,163.39,232.34
22:30:30,server_14,397.55,454.88
22:30:30,server_12,15105.58,16547.38
22:30:30,server_11,158.78,109.81
22:30:30,server_1,328.42,297.38
22:30:30,server_9,143.3,118.7
22:30:30,server_8,598.16,743.35
22:30:30,server_7,927.51,1210.43
22:30:30,server_6,243.46,192.76
22:30:30,server_5,135.48,71.44
22:30:30,server_4,604.17,761.42
22:30:30,server_3,17581.02,20076.16
22:30:30,server_2,390.32,349.7
22:30:30,server_10,313.77,432.21
22:30:35,server_13,190.79,256.67
22:30:35,server_14,4841.72,5140.65
22:30:35,server_15,791.55,985.13
22:30:35,server_16,586.63,368.24
22:30:35,server_12,12286.41,11789.88
22:30:35,server_18,1391.07,1498.2
22:30:35,server_19,482.45,344.16
22:30:35,server_20,121.9,152.97
22:30:35,server_17,575.14,819.5
22:30:35,server_11,1481.27,1275.77
22:30:35,server_1,2684.23,2761.52
22:30:35,server_9,1091.79,1123.54
22:30:35,server_8,0.0,0.0
22:30:35,server_7,711.0,938.08
22:30:35,server_6,831.51,448.88
22:30:35,server_5,936.96,1315.53
22:30:35,server_4,810.96,767.31
22:30:35,server_3,911.02,850.59
22:30:35,server_2,20.78,29.06
22:30:35,server_10,7884.23,7178.41
22:30:40,server_13,359.96,203.26
22:30:40,server_14,19461.66,20668.05
22:30:40,server_15,455.36,475.82
22:30:40,server_16,124.62,141.64
22:30:40,server_20,323.02,293.09
22:30:40,server_18,240.33,177.79
22:30:40,server_19,993.25,974.95
22:30:40,server_12,436.59,433.39
22:30:40,server_17,906.4,949.08
22:30:40,server_11,421.67,440.21
22:30:40,server_10,422.88,585.58
22:30:40,server_9,5207.68,5487.52
22:30:40,server_2,177.66,101.65
22:30:40,server_3,204.59,120.82
22:30:40,server_4,460.25,347.15
22:30:40,server_1,322.05,346.69
22:30:40,server_6,383.26,508.26
22:30:40,server_7,569.8,689.98
22:30:40,server_8,655.66,367.96
22:30:40,server_5,968.25,825.72
22:30:45,server_12,250.05,286.81
22:30:45,server_19,137.9,137.65
22:30:45,server_18,381.12,219.72
22:30:45,server_17,143.93,163.32
22:30:45,server_16,121.99,76.6
22:30:45,server_15,628.93,899.97
22:30:45,server_14,65.5,46.02
22:30:45,server_13,17.67,17.35
22:30:45,server_11,28.12,33.02
22:30:45,server_20,255.44,283.1
22:30:45,server_9,232.67,164.75
22:30:45,server_1,46.18,28.62
22:30:45,server_2,856.23,1203.24
22:30:45,server_3,663.46,986.94
22:30:45,server_4,917.38,1160.61
22:30:45,server_10,860.75,1080.14
22:30:45,server_6,925.79,810.16
22:30:45,server_7,576.27,479.89
22:30:45,server_8,642.9,692.22
22:30:45,server_5,611.99,748.97
22:30:50,server_11,116.56,86.72
22:30:50,server_19,905.04,1068.29
22:30:50,server_18,449.0,402.36
22:30:50,server_17,136.81,101.33
22:30:50,server_16,910.34,784.72
22:30:50,server_15,898.17,706.34
22:30:50,server_14,250.35,221.0
22:30:50,server_13,991.38,1398.86
22:30:50,server_12,842.18,891.56
22:30:50,server_20,719.34,455.13
22:30:50,server_10,13212.19,13591.27
22:30:50,server_8,2881.94,2674.85
22:30:50,server_7,386.99,478.9
22:30:50,server_6,119.14,138.92
22:30:50,server_5,402.89,394.93
22:30:50,server_4,522.12,750.57
22:30:50,server_3,343.56,202.77
22:30:50,server_2,2614.28,2531.16
22:30:50,server_1,542.48,569.04
22:30:50,server_9,9126.73,10311.78
22:30:55,server_14,857.49,717.66
22:30:55,server_15,18.16,15.96
22:30:55,server_16,877.4,440.94
22:30:55,server_13,102.45,72.51
22:30:55,server_18,157.02,199.07
22:30:55,server_19,14695.88,14138.11
22:30:55,server_20,2346.69,2249.35
22:30:55,server_17,1027.46,876.62
22:30:55,server_12,726.78,867.19
22:30:55,server_11,999.03,799.78
22:30:55,server_10,645.71,485.4
22:30:55,server_2,978.24,622.23
22:30:55,server_3,14733.74,12748.65
22:30:55,server_4,195.42,281.85
22:30:55,server_5,138.36,141.09
22:30:55,server_1,969.0,871.16
22:30:55,server_7,185.9,107.53
22:30:55,server_8,3406.33,3974.28
22:30:55,server_9,632.25,337.8
22:30:55,server_6,136.49,88.66
22:31:00,server_12,7899.66,6892.08
22:31:00,server_19,228.43,236.66
22:31:00,server_18,239.18,338.69
22:31:00,server_17,718.89,625.5
22:31:00,server_16,988.74,597.31
22:31:00,server_15,100.57,121.7
22:31:00,server_14,588.15,818.19
22:31:00,server_13,2021.13,1942.16
22:31:00,server_11,314.15,194.71
22:31:00,server_20,858.16,655.44
22:31:00,server_9,16130.55,15580.67
22:31:00,server_1,838.05,1037.66
22:31:00,server_2,958.03,610.57
22:31:00,server_3,142.01,133.38
22:31:00,server_4,578.46,464.83
22:31:00,server_10,53.35,27.27
22:31:00,server_6,0.0,0.0
22:31:00,server_7,885.97,488.87
22:31:00,server_8,238.01,120.95
22:31:00,server_5,1680.26,1780.47
22:31:05,server_11,165.16,144.55
22:31:05,server_19,129.48,105.12
22:31:05,server_18,826.31,543.41
22:31:05,server_17,395.08,411.48
22:31:05,server_16,379.96,373.95
22:31:05,server_15,293.2,345.94
22:31:05,server_14,994.4,1160.02
22:31:05,server_13,904.45,502.8
22:31:05,server_12,5137.29,5339.73
22:31:05,server_20,493.23,674.33
22:31:05,server_10,37.75,26.23
22:31:05,server_8,255.38,171.86
22:31:05,server_7,852.77,897.93
22:31:05,server_6,49.6,41.18
22:31:05,server_5,30.48,44.19
22:31:05,server_4,1418.54,1215.75
22:31:05,server_3,584.2,386.75
22:31:05,server_2,507.14,335.91
22:31:05,server_1,811.38,1020.03
22:31:05,server_9,782.87,477.31
22:31:10,server_13,389.23,478.61
22:31:10,server_14,804.91,555.19
22:31:10,server_15,19589.53,20152.71
22:31:10,server_16,270.86,152.06
22:31:10,server_20,119.59,90.83
22:31:10,server_18,2373.7,2169.1
22:31:10,server_19,969.17,1244.14
22:31:10,server_12,443.97,618.73
22:31:10,server_17,823.05,1024.53
22:31:10,server_10,545.75,727.73
22:31:10,server_7,4257.95,4015.62
22:31:10,server_9,0.0,0.0
22:31:10,server_11,493.23,686.92
22:31:10,server_2,1254.3,1451.58
22:31:10,server_3,325.65,352.93
22:31:10,server_4,395.85,536.62
22:31:10,server_1,5646.37,5895.91
22:31:10,server_6,618.49,819.2
22:31:10,server_8,17412.6,15310.59
22:31:10,server_5,3294.5,2981.91
22:31:15,server_20,835.43,761.75
22:31:15,server_12,575.71,292.99
22:31:15,server_19,73.08,39.55
22:31:15,server_17,194.53,224.64
22:31:15,server_16,971.82,778.82
22:31:15,server_15,259.57,360.49
22:31:15,server_14,880.2,522.47
22:31:15,server_13,209.18,179.18
22:31:15,server_11,199.01,230.13
22:31:15,server_18,14348.13,11598.05
22:31:15,server_9,17528.49,19783.33
22:31:15,server_8,458.91,419.71
22:31:15,server_7,18337.36,21079.31
22:31:15,server_6,2193.07,1978.41
22:31:15,server_5,248.15,142.23
22:31:15,server_4,906.72,802.98
22:31:15,server_3,414.64,385.06
22:31:15,server_2,1332.2,1249.95
22:31:15,server_1,3275.04,3639.4
22:31:15,server_10,132.38,129.93
22:31:20,server_13,870.15,1022.08
22:31:20,server_14,673.06,672.35
22:31:20,server_15,4446.34,4163.08
22:31:20,server_20,10063.45,9556.17
22:31:20,server_17,971.33,786.71
22:31:20,server_18,630.23,702.18
22:31:20,server_19,7005.98,6754.79
22:31:20,server_12,12579.03,11858.53
22:31:20,server_16,25.85,23.14
22:31:20,server_11,48.34,59.91
22:31:20,server_7,7118.39,6192.82
22:31:20,server_9,281.64,282.41
22:31:20,server_8,165.97,117.08
22:31:20,server_6,929.25,1240.63
22:31:20,server_5,705.71,850.58
22:31:20,server_4,996.98,1290.43
22:31:20,server_3,1017.0,1327.34
22:31:20,server_2,535.95,751.27
22:31:20,server_1,992.99,976.23
22:31:20,server_10,633.42,446.57
22:31:25,server_15,371.77,546.3
22:31:25,server_13,854.92,1240.26
22:31:25,server_14,460.77,286.57
22:31:25,server_16,614.4,389.79
22:31:25,server_12,489.53,684.66
22:31:25,server_18,19476.69,21837.06
22:31:25,server_19,3453.48,2915.5
22:31:25,server_20,947.74,838.16
22:31:25,server_17,1872.77,2019.87
22:31:25,server_11,190.6,213.31
22:31:25,server_1,9879.47,9518.06
22:31:25,server_9,0.0,0.0
22:31:25,server_2,509.49,384.64
22:31:25,server_3,275.7,208.08
22:31:25,server_4,666.6,883.06
22:31:25,server_10,902.79,586.39
22:31:25,server_6,80.18,63.29
22:31:25,server_7,288.42,188.48
22:31:25,server_8,183.53,183.48
22:31:25,server_5,869.27,913.57
22:31:30,server_12,335.12,239.92
22:31:30,server_19,342.48,488.31
22:31:30,server_18,901.69,527.94
22:31:30,server_17,717.04,715.42
22:31:30,server_16,4191.94,3667.24
22:31:30,server_15,249.79,144.91
22:31:30,server_14,2233.12,1808.14
22:31:30,server_13,427.27,283.06
22:31:30,server_11,1033.1,1201.07
22:31:30,server_20,471.51,572.37
22:31:30,server_9,199.94,246.27
22:31:30,server_1,265.26,321.04
22:31:30,server_2,50.89,62.38
22:31:30,server_3,855.84,874.13
22:31:30,server_4,843.88,637.81
22:31:30,server_10,586.67,328.27
22:31:30,server_6,1020.7,1377.96
22:31:30,server_7,1020.5,686.64
22:31:30,server_8,912.87,807.34
22:31:30,server_5,1282.99,1037.63
22:31:35,server_11,469.3,348.91
22:31:35,server_19,2036.66,1822.16
22:31:35,server_18,416.1,356.24
22:31:35,server_17,935.18,800.86
22:31:35,server_16,961.16,1286.4
22:31:35,server_15,118.72,159.79
22:31:35,server_14,3356.71,3699.26
22:31:35,server_13,829.5,899.83
22:31:35,server_12,979.12,850.94
22:31:35,server_20,1987.8,2071.03
22:31:35,server_10,867.54,1202.65
22:31:35,server_8,1439.92,1658.5
22:31:35,server_7,413.23,498.59
22:31:35,server_6,1068.92,815.94
22:31:35,server_5,467.66,466.83
22:31:35,server_4,3504.01,3604.75
22:31:35,server_3,943.21,1011.76
22:31:35,server_2,91.58,110.7
22:31:35,server_1,860.82,481.78
22:31:35,server_9,202.93,155.8
22:31:40,server_14,288.23,415.53
22:31:40,server_15,518.07,318.25
22:31:40,server_16,846.89,606.36
22:31:40,server_13,444.65,376.06
22:31:40,server_18,632.17,375.95
22:31:40,server_19,148.14,201.71
22:31:40,server_20,93.8,79.57
22:31:40,server_17,120.17,140.02
22:31:40,server_12,0.0,0.0
22:31:40,server_11,257.66,215.61
22:31:40,server_1,3807.43,3537.33
22:31:40,server_9,3427.83,3419.08
22:31:40,server_8,903.24,1236.66
22:31:40,server_7,447.05,380.63
22:31:40,server_6,622.99,335.67
22:31:40,server_5,414.86,447.75
22:31:40,server_4,610.69,649.68
22:31:40,server_3,955.72,1072.79
22:31:40,server_2,4574.54,4010.34
22:31:40,server_10,264.84,326.66
22:31:45,server_13,399.54,253.08
22:31:45,server_14,854.08,1152.46
22:31:45,server_15,1829.01,2122.43
22:31:45,server_20,406.53,594.15
22:31:45,server_18,3022.55,2475.0
22:31:45,server_19,469.02,667.69
22:31:45,server_12,145.85,153.3
22:31:45,server_16,811.26,1129.66
22:31:45,server_11,572.92,436.11
22:31:45,server_17,555.57,600.14
22:31:45,server_9,1001.09,1393.67
22:31:45,server_10,1866.61,1550.03
22:31:45,server_2,19738.87,22283.32
22:31:45,server_3,905.39,706.81
22:31:45,server_4,519.42,755.74
22:31:45,server_1,147.28,183.85
22:31:45,server_6,935.21,540.38
22:31:45,server_7,78.65,52.64
22:31:45,server_8,3627.49,3434.39
22:31:45,server_5,4449.78,4888.22
22:31:50,server_20,27.76,30.65
22:31:50,server_12,296.41,415.51
22:31:50,server_19,199.52,217.94
22:31:50,server_18,1336.96,1598.32
22:31:50,server_17,948.06,545.68
22:31:50,server_16,2378.16,2467.07
22:31:50,server_15,614.85,573.06
22:31:50,server_14,239.64,251.14
22:31:50,server_13,417.92,572.74
22:31:50,server_11,592.29,472.14
22:31:50,server_7,869.73,1035.63
22:31:50,server_9,444.7,425.72
22:31:50,server_8,4979.84,5105.62
22:31:50,server_6,4765.86,5078.96
22:31:50,server_5,347.52,307.38
22:31:50,server_4,16827.97,14948.95
22:31:50,server_3,456.38,265.69
22:31:50,server_2,639.48,432.43
22:31:50,server_1,282.58,348.06
22:31:50,server_10,0.0,0.0
22:31:55,server_15,4378.81,4000.68
22:31:55,server_13,505.29,556.16
22:31:55,server_14,315.24,179.53
22:31:55,server_16,24.11,25.96
22:31:55,server_12,565.78,563.49
22:31:55,server_18,17000.0,18451.84
22:31:55,server_19,15880.2,18593.89
22:31:55,server_20,978.75,918.68
22:31:55,server_17,4067.25,4372.39
22:31:55,server_11,16.11,22.83
22:31:55,server_1,1209.39,978.86
22:31:55,server_9,110.54,65.66
22:31:55,server_2,2082.01,2418.21
22:31:55,server_3,486.97,570.1
22:31:55,server_4,290.51,365.31
22:31:55,server_10,13.05,16.14
22:31:55,server_6,905.07,1065.87
22:31:55,server_7,105.5,60.51
22:31:55,server_8,122.81,74.78
22:31:55,server_5,935.27,675.3
22:32:00,server_13,751.47,757.59
22:32:00,server_20,881.4,1117.98
22:32:00,server_19,15948.54,15704.64
22:32:00,server_18,9403.87,10220.81
22:32:00,server_17,290.49,179.01
22:32:00,server_16,228.27,148.09
22:32:00,server_15,275.7,202.09
22:32:00,server_14,951.65,929.59
22:32:00,server_12,967.59,967.46
22:32:00,server_11,26.58,30.75
22:32:00,server_1,18754.68,15435.36
22:32:00,server_9,16115.59,15631.38
22:32:00,server_8,941.77,1139.6
22:32:00,server_7,485.43,450.21
22:32:00,server_6,572.19,810.19
22:32:00,server_5,78.33,109.95
22:32:00,server_4,591.15,327.46
22:32:00,server_3,329.28,213.41
22:32:00,server_2,3992.12,3893.66
22:32:00,server_10,29.7,19.35
22:32:05,server_13,567.28,363.71
22:32:05,server_14,811.54,460.53
22:32:05,server_15,1026.17,1380.53
22:32:05,server_16,643.65,422.76
22:32:05,server_12,287.18,358.38
22:32:05,server_18,392.58,532.32
22:32:05,server_19,167.78,114.85
22:32:05,server_20,2692.06,2957.16
22:32:05,server_17,18217.31,21410.92
22:32:05,server_11,196.68,156.75
22:32:05,server_1,1042.11,871.79
22:32:05,server_9,360.33,488.73
22:32:05,server_8,11014.86,12853.9
22:32:05,server_7,1082.36,1441.42
22:32:05,server_6,539.04,388.58
22:32:05,server_5,927.29,1122.36
22:32:05,server_4,612.85,778.74
22:32:05,server_3,1325.93,1061.45
22:32:05,server_2,422.02,378.54
22:32:05,server_10,123.58,174.13
22:32:10,server_13,646.15,828.5
22:32:10,server_14,912.13,579.31
22:32:10,server_15,896.11,1053.73
22:32:10,server_16,833.74,958.18
22:32:10,server_20,49.41,70.2
22:32:10,server_18,258.23,386.39
22:32:10,server_19,896.98,449.58
22:32:10,server_12,979.46,1430.55
22:32:10,server_17,663.33,909.91
22:32:10,server_11,213.67,242.81
22:32:10,server_1,623.49,337.68
22:32:10,server_9,29.32,32.03
22:32:10,server_2,2439.4,2447.43
22:32:10,server_3,378.65,214.24
22:32:10,server_4,652.74,430.73
22:32:10,server_10,1081.66,1452.94
22:32:10,server_6,14576.93,17465.0
22:32:10,server_7,18549.07,18098.79
22:32:10,server_8,615.6,871.16
22:32:10,server_5,289.66,341.49
22:32:15,server_12,9521.83,8916.85
22:32:15,server_19,706.34,989.42
22:32:15,server_18,3593.17,3398.35
22:32:15,server_17,280.86,313.57
22:32:15,server_16,378.29,411.83
22:32:15,server_15,126.18,79.93
22:32:15,server_14,13015.91,10806.65
22:32:15,server_13,843.69,461.19
22:32:15,server_20,172.64,195.32
22:32:15,server_11,17730.28,14214.61
22:32:15,server_9,432.77,277.01
22:32:15,server_8,893.0,960.44
22:32:15,server_7,403.96,424.36
22:32:15,server_6,5416.58,6329.4
22:32:15,server_5,242.99,326.32
22:32:15,server_4,662.45,535.43
22:32:15,server_3,5527.46,5899.05
22:32:15,server_2,4743.6,5530.17
22:32:15,server_1,324.79,458.56
22:32:15,server_10,578.41,678.0
22:32:20,server_13,281.88,203.75
22:32:20,server_14,822.31,1006.6
22:32:20,server_15,802.62,594.86
22:32:20,server_16,18078.37,15313.86
22:32:20,server_12,1066.83,1558.89
22:32:20,server_18,207.71,187.46
22:32:20,server_19,1063.4,1191.83
22:32:20,server_20,176.21,242.64
22:32:20,server_17,2221.92,2587.83
22:32:20,server_11,293.11,273.7
22:32:20,server_1,389.77,438.58
22:32:20,server_9,1070.52,1026.16
22:32:20,server_2,248.55,252.81
22:32:20,server_3,228.27,130.94
22:32:20,server_4,18760.5,17271.6
22:32:20,server_10,809.69,811.99
22:32:20,server_6,941.14,1122.67
22:32:20,server_7,265.24,218.73
22:32:20,server_8,1016.52,1427.38
22:32:20,server_5,934.43,648.02
22:32:25,server_20,671.5,917.02
22:32:25,server_19,1034.33,604.09
22:32:25,server_18,457.22,613.75
22:32:25,server_17,855.59,1080.03
22:32:25,server_16,78.51,103.95
22:32:25,server_15,952.67,1269.96
22:32:25,server_14,2432.02,2661.49
22:32:25,server_12,305.05,226.97
22:32:25,server_11,332.18,331.95
22:32:25,server_13,455.89,473.94
22:32:25,server_9,18169.42,19333.41
22:32:25,server_10,184.75,98.43
22:32:25,server_2,692.79,749.35
22:32:25,server_3,273.15,362.51
22:32:25,server_4,874.67,1149.02
22:32:25,server_1,541.04,595.24
22:32:25,server_6,4695.11,4613.42
22:32:25,server_7,312.47,261.7
22:32:25,server_8,480.44,359.09
22:32:25,server_5,12524.14,11640.08
22:32:30,server_12,11204.46,10092.18
22:32:30,server_20,2672.11,2846.3
22:32:30,server_19,0.0,0.0
22:32:30,server_18,948.56,494.25
22:32:30,server_17,430.76,252.54
22:32:30,server_16,533.73,678.84
22:32:30,server_15,299.85,165.04
22:32:30,server_14,226.41,180.68
22:32:30,server_13,1065.72,884.62
22:32:30,server_11,807.17,754.65
22:32:30,server_3,478.99,278.09
22:32:30,server_9,456.03,391.5
22:32:30,server_8,132.4,75.37
22:32:30,server_7,485.38,249.47
22:32:30,server_6,361.62,199.5
22:32:30,server_5,2328.06,2603.18
22:32:30,server_4,911.29,483.11
22:32:30,server_2,277.78,377.41
22:32:30,server_1,163.97,177.48
22:32:30,server_10,882.47,1090.24
22:32:35,server_13,279.29,377.42
22:32:35,server_14,9101.95,8241.33
22:32:35,server_15,688.54,756.53
22:32:35,server_16,635.81,415.3
22:32:35,server_20,562.28,514.84
22:32:35,server_18,503.96,639.31
22:32:35,server_19,4289.8,4242.44
22:32:35,server_12,865.4,1264.71
22:32:35,server_17,17753.96,14970.49
22:32:35,server_11,592.01,637.67
22:32:35,server_3,585.05,302.87
22:32:35,server_9,4588.69,5111.5
22:32:35,server_1,837.68,1208.9
22:32:35,server_2,425.8,386.98
22:32:35,server_4,637.23,538.15
22:32:35,server_10,909.87,738.5
22:32:35,server_6,984.96,687.12
22:32:35,server_7,625.91,605.06
22:32:35,server_8,10849.59,9479.89
22:32:35,server_5,904.56,1269.46
22:32:40,server_20,960.1,869.19
22:32:40,server_11,715.48,448.82
22:32:40,server_18,1348.29,1400.73
22:32:40,server_17,509.2,733.31
22:32:40,server_16,502.36,389.04
22:32:40,server_15,8816.98,7579.93
22:32:40,server_14,7507.65,7336.01
22:32:40,server_13,692.69,535.62
22:32:40,server_12,17604.83,15122.26
22:32:40,server_19,35.48,49.98
22:32:40,server_10,766.51,954.12
22:32:40,server_8,7.93,8.38
22:32:40,server_7,875.59,831.37
22:32:40,server_6,2663.29,2354.41
22:32:40,server_5,689.81,775.24
22:32:40,server_4,669.51,978.2
22:32:40,server_3,22.13,12.51
22:32:40,server_2,3295.66,3778.76
22:32:40,server_1,613.19,535.95
22:32:40,server_9,290.61,360.66
22:32:45,server_13,929.11,684.54
22:32:45,server_14,483.34,628.48
22:32:45,server_15,46.1,42.02
22:32:45,server_12,228.22,127.5
22:32:45,server_17,12804.53,11941.48
22:32:45,server_18,970.84,575.94
22:32:45,server_19,17497.34,19645.71
22:32:45,server_16,538.75,751.2
22:32:45,server_11,200.92,196.06
22:32:45,server_20,3998.3,4701.58
22:32:45,server_9,10207.08,9773.22
22:32:45,server_1,70.67,97.61
22:32:45,server_2,18437.88,19054.11
22:32:45,server_3,971.28,862.97
22:32:45,server_4,369.4,417.35
22:32:45,server_10,5707.04,4849.35
22:32:45,server_6,1033.09,1206.87
22:32:45,server_7,282.7,399.98
22:32:45,server_8,2399.37,1989.49
22:32:45,server_5,201.49,156.49
22:32:50,server_12,259.0,199.37
22:32:50,server_20,3092.37,3342.42
22:32:50,server_19,104.48,75.84
22:32:50,server_18,3967.96,3827.57
22:32:50,server_17,205.25,279.52
22:32:50,server_16,673.68,521.47
22:32:50,server_15,993.09,1460.31
22:32:50,server_14,9570.52,9975.52
22:32:50,server_13,176.68,200.32
22:32:50,server_11,292.84,362.27
22:32:50,server_3,427.63,257.91
22:32:50,server_9,2634.53,2732.61
22:32:50,server_8,917.84,469.11
22:32:50,server_7,227.7,294.75
22:32:50,server_6,953.96,1161.75
22:32:50,server_5,1794.36,1822.15
22:32:50,server_4,113.33,119.9
22:32:50,server_10,15635.67,14789.6
22:32:50,server_2,655.28,764.48
22:32:50,server_1,536.56,525.06
22:32:55,server_13,929.84,641.93
22:32:55,server_14,159.73,149.04
22:32:55,server_15,927.42,777.03
22:32:55,server_16,50.13,44.7
22:32:55,server_20,316.51,292.69
22:32:55,server_18,386.23,576.56
22:32:55,server_19,65.47,97.76
22:32:55,server_12,408.74,552.32
22:32:55,server_17,748.67,851.76
22:32:55,server_11,92.86,88.74
22:32:55,server_10,920.0,997.14
22:32:55,server_9,11470.42,12726.22
22:32:55,server_2,83.37,50.71
22:32:55,server_3,62.03,34.13
22:32:55,server_4,69.2,63.88
22:32:55,server_1,92.58,100.78
22:32:55,server_6,130.2,107.7
22:32:55,server_7,594.29,615.37
22:32:55,server_8,55.32,54.82
22:32:55,server_5,848.74,1099.34
22:33:00,server_12,855.29,968.71
22:33:00,server_19,11169.86,11811.34
22:33:00,server_18,616.3,404.85
22:33:00,server_17,881.09,667.27
22:33:00,server_16,942.3,598.49
22:33:00,server_15,8.31,9.65
22:33:00,server_14,299.28,322.08
22:33:00,server_13,109.32,132.06
22:33:00,server_11,124.0,159.93
22:33:00,server_20,278.46,304.47
22:33:00,server_9,1047.19,845.85
22:33:00,server_1,497.27,558.68
22:33:00,server_2,424.87,478.86
22:33:00,server_3,869.33,1071.74
22:33:00,server_4,253.97,234.66
22:33:00,server_10,873.97,605.45
22:33:00,server_6,991.57,631.89
22:33:00,server_7,923.05,902.08
22:33:00,server_8,334.34,317.68
22:33:00,server_5,567.46,331.37
22:33:05,server_19,3589.13,4186.47
22:33:05,server_18,311.47,433.88
22:33:05,server_17,700.85,546.54
22:33:05,server_16,6804.13,8101.01
22:33:05,server_15,625.41,446.9
22:33:05,server_14,360.9,451.18
22:33:05,server_13,531.52,709.21
22:33:05,server_12,5424.92,5264.35
22:33:05,server_11,312.84,300.13
22:33:05,server_20,18463.99,16998.43
22:33:05,server_9,311.02,366.0
22:33:05,server_1,1961.34,1946.97
22:33:05,server_2,126.25,147.5
22:33:05,server_3,113.34,163.2
22:33:05,server_4,570.42,383.13
22:33:05,server_10,463.88,558.83
22:33:05,server_6,7236.72,7270.17
22:33:05,server_7,169.54,95.81
22:33:05,server_8,890.89,664.95
22:33:05,server_5,299.77,152.74
22:33:10,server_11,411.52,566.91
22:33:10,server_19,1138.44,1027.23
22:33:10,server_18,2607.17,2406.06
22:33:10,server_17,14527.12,16944.78
22:33:10,server_16,14197.61,11445.63
22:33:10,server_15,1005.75,721.6
22:33:10,server_14,393.59,586.48
22:33:10,server_13,2215.01,2302.96
22:33:10,server_12,19.53,25.08
22:33:10,server_20,703.92,375.1
22:33:10,server_10,337.67,183.37
22:33:10,server_8,991.66,826.14
22:33:10,server_9,410.17,540.1
22:33:10,server_1,467.82,380.13
22:33:10,server_2,468.0,266.64
22:33:10,server_3,3137.76,2847.31
22:33:10,server_5,713.44,956.82
22:33:10,server_6,116.85,96.31
22:33:10,server_7,58.57,47.03
22:33:10,server_4,473.25,687.68
22:33:15,server_20,294.6,435.33
22:33:15,server_19,112.56,154.83
22:33:15,server_18,503.9,303.12
22:33:15,server_17,2024.45,2107.13
22:33:15,server_16,146.0,138.44
22:33:15,server_15,675.37,367.73
22:33:15,server_14,867.76,1157.97
22:33:15,server_13,715.57,870.7
22:33:15,server_12,793.84,709.06
22:33:15,server_11,948.9,1182.33
22:33:15,server_9,283.63,367.82
22:33:15,server_1,1573.13,1592.89
22:33:15,server_2,456.99,277.79
22:33:15,server_3,241.93,297.56
22:33:15,server_4,558.99,431.86
22:33:15,server_10,3999.58,3487.17
22:33:15,server_6,165.04,151.31
22:33:15,server_7,438.01,533.37
22:33:15,server_8,1769.09,1701.82
22:33:15,server_5,22.41,25.91
22:33:20,server_12,581.12,324.55
22:33:20,server_20,251.95,134.92
22:33:20,server_19,163.72,143.41
22:33:20,server_18,192.88,207.3
22:33:20,server_17,95.2,114.28
22:33:20,server_16,336.85,504.69
22:33:20,server_15,390.43,370.33
22:33:20,server_14,362.77,372.27
22:33:20,server_13,4481.07,3881.67
22:33:20,server_11,388.34,504.83
22:33:20,server_10,120.89,146.24
22:33:20,server_9,1723.35,1908.33
22:33:20,server_2,10636.39,12703.2
22:33:20,server_3,585.64,733.21
22:33:20,server_4,523.33,692.94
22:33:20,server_1,283.24,379.99
22:33:20,server_6,434.99,289.6
22:33:20,server_7,214.54,210.72
22:33:20,server_8,7643.4,7248.73
22:33:20,server_5,7668.22,8102.98
22:33:25,server_12,4389.59,3648.13
22:33:25,server_19,979.97,1346.32
22:33:25,server_18,813.64,1032.46
22:33:25,server_17,321.73,221.15
22:33:25,server_16,608.67,417.54
22:33:25,server_15,846.95,1183.34
22:33:25,server_14,206.78,287.25
22:33:25,server_13,196.06,264.67
22:33:25,server_11,664.85,965.34
22:33:25,server_20,492.48,633.62
22:33:25,server_9,442.86,565.03
22:33:25,server_1,292.79,274.83
22:33:25,server_2,933.4,1348.85
22:33:25,server_3,999.75,1271.28
22:33:25,server_4,376.49,472.79
22:33:25,server_10,262.9,187.27
22:33:25,server_6,10001.92,10059.5
22:33:25,server_7,291.56,254.18
22:33:25,server_8,9544.64,9247.54
22:33:25,server_5,6272.94,5180.44
22:33:30,server_12,18461.2,20243.84
22:33:30,server_19,172.38,219.63
22:33:30,server_18,305.92,153.73
22:33:30,server_17,869.12,550.75
22:33:30,server_16,873.16,788.75
22:33:30,server_15,15.77,17.33
22:33:30,server_14,600.12,496.6
22:33:30,server_13,907.46,934.36
22:33:30,server_11,736.31,809.86
22:33:30,server_20,216.57,211.69
22:33:30,server_9,967.48,538.69
22:33:30,server_1,938.27,1286.96
22:33:30,server_2,1953.8,1599.04
22:33:30,server_3,864.65,639.65
22:33:30,server_4,284.49,264.17
22:33:30,server_10,286.24,253.72
22:33:30,server_6,441.63,413.82
22:33:30,server_7,2203.2,2358.16
22:33:30,server_8,2049.53,1911.53
22:33:30,server_5,197.21,279.64
22:33:35,server_11,940.76,1357.04
22:33:35,server_19,491.19,689.25
22:33:35,server_18,937.08,816.72
22:33:35,server_17,432.46,563.47
22:33:35,server_16,545.28,785.81
22:33:35,server_15,40.77,21.77
22:33:35,server_14,2654.08,3065.29
22:33:35,server_13,176.87,142.16
22:33:35,server_12,14.24,17.56
22:33:35,server_20,893.69,1320.81
22:33:35,server_10,66.82,45.51
22:33:35,server_8,6.81,6.74
22:33:35,server_7,91.75,127.11
22:33:35,server_6,517.39,461.58
22:33:35,server_5,895.67,1002.01
22:33:35,server_4,725.93,464.39
22:33:35,server_3,16594.39,16512.98
22:33:35,server_2,375.99,500.04
22:33:35,server_1,14140.25,13275.88
22:33:35,server_9,145.24,201.45
22:33:40,server_13,382.16,273.23
22:33:40,server_14,206.62,119.46
22:33:40,server_15,43.96,56.34
22:33:40,server_12,365.34,412.22
22:33:40,server_17,1877.39,1994.24
22:33:40,server_18,287.5,330.38
22:33:40,server_19,87.37,61.52
22:33:40,server_16,182.1,146.95
22:33:40,server_11,727.65,639.81
22:33:40,server_20,0.0,0.0
22:33:40,server_9,901.03,1136.65
22:33:40,server_1,158.5,110.37
22:33:40,server_2,353.58,210.06
22:33:40,server_3,2402.34,2173.57
22:33:40,server_4,9330.25,9378.54
22:33:40,server_10,153.46,96.55
22:33:40,server_6,907.81,1081.62
22:33:40,server_7,0.0,0.0
22:33:40,server_8,193.38,206.32
22:33:40,server_5,374.13,544.24
22:33:45,server_19,210.45,296.95
22:33:45,server_18,551.86,815.77
22:33:45,server_17,539.95,432.3
22:33:45,server_16,167.57,127.19
22:33:45,server_15,760.56,623.8
22:33:45,server_14,964.26,663.63
22:33:45,server_13,228.99,177.19
22:33:45,server_12,248.16,244.77
22:33:45,server_11,2229.14,1918.0
22:33:45,server_20,991.85,864.95
22:33:45,server_9,2500.75,2770.55
22:33:45,server_1,244.15,315.16
22:33:45,server_2,218.82,118.43
22:33:45,server_3,0.0,0.0
22:33:45,server_4,107.08,127.47
22:33:45,server_10,823.06,882.04
22:33:45,server_6,3452.87,4010.75
22:33:45,server_7,289.03,291.49
22:33:45,server_8,206.44,295.77
22:33:45,server_5,556.97,676.08
22:33:50,server_11,968.41,750.79
22:33:50,server_19,6036.25,6740.56
22:33:50,server_18,146.8,78.46
22:33:50,server_17,956.27,793.39
22:33:50,server_16,257.49,165.39
22:33:50,server_15,999.97,912.53
22:33:50,server_14,264.85,351.4
22:33:50,server_13,6817.76,6628.97
22:33:50,server_12,1045.15,1508.17
22:33:50,server_20,9965.82,9470.07
22:33:50,server_10,2403.01,2329.63
22:33:50,server_8,7521.85,6442.93
22:33:50,server_9,389.73,569.71
22:33:50,server_1,309.16,271.26
22:33:50,server_2,13234.71,15643.64
22:33:50,server_3,918.69,856.74
22:33:50,server_5,575.93,392.23
22:33:50,server_6,961.66,648.66
22:33:50,server_7,673.33,548.56
22:33:50,server_4,378.16,432.43
22:33:55,server_20,913.6,1262.44
22:33:55,server_11,4902.44,4577.93
22:33:55,server_18,580.11,683.4
22:33:55,server_17,313.64,304.92
22:33:55,server_16,921.58,1157.63
22:33:55,server_15,1489.34,1266.31
22:33:55,server_14,288.04,203.46
22:33:55,server_13,375.51,447.89
22:33:55,server_12,384.6,253.33
22:33:55,server_19,272.6,290.77
22:33:55,server_10,1020.78,1423.34
22:33:55,server_8,860.12,759.97
22:33:55,server_1,812.59,895.78
22:33:55,server_2,345.79,433.0
22:33:55,server_3,561.86,455.82
22:33:55,server_9,177.66,248.38
22:33:55,server_5,612.0,571.1
22:33:55,server_6,177.72,219.07
22:33:55,server_7,861.36,668.08
22:33:55,server_4,295.33,431.56
22:34:00,server_13,895.86,1044.77
22:34:00,server_20,164.7,166.97
22:34:00,server_19,466.26,592.19
22:34:00,server_18,313.37,186.37
22:34:00,server_17,167.64,152.84
22:34:00,server_16,453.17,455.99
22:34:00,server_15,18367.16,16043.27
22:34:00,server_14,144.71,147.38
22:34:00,server_12,17105.97,16001.66
22:34:00,server_11,280.4,377.51
22:34:00,server_1,217.56,246.19
22:34:00,server_9,2160.98,2067.82
22:34:00,server_8,591.6,827.17
22:34:00,server_7,335.07,265.61
22:34:00,server_6,560.58,634.48
22:34:00,server_5,25.18,34.49
22:34:00,server_4,269.84,243.76
22:34:00,server_3,604.48,564.1
22:34:00,server_2,953.75,1066.95
22:34:00,server_10,679.82,630.83
22:34:05,server_13,11924.04,13176.82
22:34:05,server_14,1744.88,1689.8
22:34:05,server_15,190.33,173.09
22:34:05,server_16,5772.08,5400.06
22:34:05,server_12,14086.08,11438.49
22:34:05,server_18,35.32,31.64
22:34:05,server_19,531.4,542.32
22:34:05,server_20,908.13,960.85
22:34:05,server_17,967.03,715.06
22:34:05,server_11,2812.32,2793.52
22:34:05,server_1,3421.64,3857.63
22:34:05,server_9,996.43,1402.27
22:34:05,server_8,0.0,0.0
22:34:05,server_7,645.59,664.84
22:34:05,server_6,17793.52,20037.97
22:34:05,server_5,9175.66,7985.85
22:34:05,server_4,533.45,724.06
22:34:05,server_3,15.26,11.68
22:34:05,server_2,167.61,127.4
22:34:05,server_10,17026.43,16126.38
22:34:10,server_13,2119.34,2206.59
22:34:10,server_14,273.98,240.41
22:34:10,server_15,843.68,616.09
22:34:10,server_16,325.83,425.55
22:34:10,server_20,269.53,291.04
22:34:10,server_18,0.0,0.0
22:34:10,server_19,349.99,415.1
22:34:10,server_12,831.09,958.75
22:34:10,server_17,270.35,303.7
22:34:10,server_11,54.75,74.33
22:34:10,server_10,914.76,873.55
22:34:10,server_9,473.13,264.51
22:34:10,server_2,114.38,83.18
22:34:10,server_3,923.29,1068.77
22:34:10,server_4,10513.46,9088.23
22:34:10,server_1,187.85,204.91
22:34:10,server_6,967.76,1025.28
22:34:10,server_7,617.19,767.24
22:34:10,server_8,10894.27,10780.78
22:34:10,server_5,11804.65,9946.64
22:34:15,server_12,535.57,758.11
22:34:15,server_19,338.63,432.8
22:34:15,server_18,491.72,256.06
22:34:15,server_17,408.62,408.09
22:34:15,server_16,0.0,0.0
22:34:15,server_15,578.37,634.98
22:34:15,server_14,62.99,81.4
22:34:15,server_13,157.19,173.24
22:34:15,server_11,4913.28,5462.83
22:34:15,server_20,539.87,408.25
22:34:15,server_9,1012.23,878.77
22:34:15,server_1,16116.72,17662.2
22:34:15,server_2,14.68,12.52
22:34:15,server_3,276.8,286.75
22:34:15,server_4,979.78,1153.5
22:34:15,server_10,885.45,850.92
22:34:15,server_6,335.27,297.48
22:34:15,server_7,459.0,240.27
22:34:15,server_8,2728.43,2846.9
22:34:15,server_5,10159.26,9606.99
22:34:20,server_11,3420.86,3583.53
22:34:20,server_19,2459.41,2071.52
22:34:20,server_18,978.06,681.77
22:34:20,server_17,61.59,92.12
22:34:20,server_16,420.67,341.2
22:34:20,server_15,218.53,157.47
22:34:20,server_14,13869.8,16191.94
22:34:20,server_13,194.51,222.33
22:34:20,server_12,225.46,249.88
22:34:20,server_20,196.44,180.63
22:34:20,server_10,1613.28,1365.13
22:34:20,server_8,196.84,198.03
22:34:20,server_7,127.18,156.81
22:34:20,server_6,815.66,607.88
22:34:20,server_5,803.76,981.32
22:34:20,server_4,450.98,241.62
22:34:20,server_3,315.72,373.63
22:34:20,server_2,224.15,237.74
22:34:20,server_1,938.44,639.37
22:34:20,server_9,915.35,1065.24
22:34:25,server_14,1031.79,1027.6
22:34:25,server_15,101.48,151.79
22:34:25,server_16,71.82,43.48
22:34:25,server_13,534.09,768.21
22:34:25,server_18,170.79,240.66
22:34:25,server_19,195.08,161.87
22:34:25,server_20,88.01,122.33
22:34:25,server_17,580.91,733.58
22:34:25,server_12,478.68,259.7
22:34:25,server_11,830.31,938.42
22:34:25,server_1,347.64,311.26
22:34:25,server_9,837.55,731.85
22:34:25,server_8,63.23,77.44
22:34:25,server_7,207.87,216.09
22:34:25,server_6,11249.76,9160.6
22:34:25,server_5,507.7,334.33
22:34:25,server_4,1543.06,1751.89
22:34:25,server_3,511.99,403.86
22:34:25,server_2,4.73,2.59
22:34:25,server_10,409.89,299.52
22:34:30,server_13,19722.52,18464.67
22:34:30,server_14,85.0,122.37
22:34:30,server_15,2426.58,2096.65
22:34:30,server_20,1911.44,1788.66
22:34:30,server_18,400.26,223.67
22:34:30,server_19,10862.8,10914.4
22:34:30,server_12,18030.22,21150.67
22:34:30,server_16,303.91,244.32
22:34:30,server_11,560.22,313.88
22:34:30,server_17,703.2,645.61
22:34:30,server_9,741.05,935.52
22:34:30,server_10,42.59,29.24
22:34:30,server_2,772.64,878.55
22:34:30,server_3,18624.1,14972.03
22:34:30,server_4,851.02,1027.61
22:34:30,server_1,695.06,547.85
22:34:30,server_6,602.07,647.09
22:34:30,server_7,189.87,163.23
22:34:30,server_8,561.93,312.16
22:34:30,server_5,180.81,230.63
22:34:35,server_20,79.04,57.53
22:34:35,server_12,291.91,432.46
22:34:35,server_19,570.89,714.99
22:34:35,server_18,33.5,49.29
22:34:35,server_17,457.71,567.92
22:34:35,server_16,849.1,678.87
22:34:35,server_15,893.38,1278.28
22:34:35,server_14,2546.91,3009.63
22:34:35,server_13,4472.13,4955.4
22:34:35,server_11,883.36,1111.64
22:34:35,server_7,419.3,236.35
22:34:35,server_9,10441.95,10789.23
22:34:35,server_8,1042.53,1240.46
22:34:35,server_6,354.18,297.68
22:34:35,server_5,581.29,484.2
22:34:35,server_4,17.5,25.46
22:34:35,server_3,602.6,496.3
22:34:35,server_2,488.91,252.72
22:34:35,server_1,1002.31,776.8
22:34:35,server_10,1790.82,1436.18
22:34:40,server_15,878.31,465.35
22:34:40,server_13,306.39,216.4
22:34:40,server_14,461.22,535.01
22:34:40,server_16,291.41,270.47
22:34:40,server_12,1021.89,1176.01
22:34:40,server_18,844.54,1053.93
22:34:40,server_19,10024.52,9285.83
22:34:40,server_20,305.76,189.76
22:34:40,server_17,337.71,209.67
22:34:40,server_11,279.2,279.4
22:34:40,server_1,177.85,248.65
22:34:40,server_9,950.28,1218.41
22:34:40,server_2,182.34,156.2
22:34:40,server_3,435.67,544.46
22:34:40,server_4,10446.85,9467.57
22:34:40,server_10,429.06,469.64
22:34:40,server_6,1457.53,1627.84
22:34:40,server_7,1094.29,548.87
22:34:40,server_8,15472.64,15327.38
22:34:40,server_5,3231.43,3529.38
22:34:45,server_13,0.0,0.0
22:34:45,server_20,923.73,991.6
22:34:45,server_19,248.55,145.97
22:34:45,server_18,618.49,518.66
22:34:45,server_17,40.48,23.61
22:34:45,server_16,314.33,396.2
22:34:45,server_15,1019.59,1162.46
22:34:45,server_14,4690.56,4390.53
22:34:45,server_12,167.61,207.64
22:34:45,server_11,718.31,697.41
22:34:45,server_1,84.6,114.48
22:34:45,server_9,589.89,437.49
22:34:45,server_8,1056.33,973.13
22:34:45,server_7,260.41,366.08
22:34:45,server_6,15706.53,18018.83
22:34:45,server_5,1598.12,1444.25
22:34:45,server_4,714.53,847.59
22:34:45,server_3,545.82,504.48
22:34:45,server_2,518.87,531.53
22:34:45,server_10,222.64,151.82
22:34:50,server_13,4763.32,5173.18
22:34:50,server_14,265.13,154.9
22:34:50,server_15,10648.32,9228.41
22:34:50,server_16,533.69,650.81
22:34:50,server_12,158.47,214.18
22:34:50,server_18,4131.96,4034.88
22:34:50,server_19,352.12,378.38
22:34:50,server_20,1018.44,1225.81
22:34:50,server_17,76.42,46.07
22:34:50,server_11,26.01,18.17
22:34:50,server_1,1032.03,1176.13
22:34:50,server_9,976.62,1276.61
22:34:50,server_8,4823.3,5382.24
22:34:50,server_7,231.56,152.27
22:34:50,server_6,204.85,219.63
22:34:50,server_5,959.1,553.54
22:34:50,server_4,441.46,330.99
22:34:50,server_3,245.78,231.87
22:34:50,server_2,1095.44,891.9
22:34:50,server_10,531.93,549.02
22:34:55,server_13,655.5,891.38
22:34:55,server_14,12.11,15.4
22:34:55,server_15,227.46,212.47
22:34:55,server_16,12377.44,13768.03
22:34:55,server_20,284.34,338.4
22:34:55,server_18,635.96,849.95
22:34:55,server_19,1321.74,1222.03
22:34:55,server_12,240.58,320.16
22:34:55,server_17,501.43,260.6
22:34:55,server_11,869.86,488.56
22:34:55,server_1,385.05,519.7
22:34:55,server_9,814.38,771.69
22:34:55,server_2,8537.58,7523.69
22:34:55,server_3,83.98,113.67
22:34:55,server_4,221.86,143.98
22:34:55,server_10,857.62,1034.58
22:34:55,server_6,120.42,160.66
22:34:55,server_7,380.94,386.7
22:34:55,server_8,234.12,206.87
22:34:55,server_5,152.35,97.36
22:35:00,server_12,489.34,378.56
22:35:00,server_19,144.36,196.93
22:35:00,server_18,53.7,55.1
22:35:00,server_17,790.81,613.27
22:35:00,server_16,3290.26,3611.64
22:35:00,server_15,413.11,556.86
22:35:00,server_14,212.55,190.36
22:35:00,server_13,474.26,621.64
22:35:00,server_20,956.1,1129.63
22:35:00,server_11,639.25,496.03
22:35:00,server_9,13979.46,14884.56
22:35:00,server_8,1048.63,584.01
22:35:00,server_7,608.84,529.84
22:35:00,server_6,568.54,827.45
22:35:00,server_5,167.09,195.83
22:35:00,server_4,317.34,411.1
22:35:00,server_3,15240.71,14562.68
22:35:00,server_2,3084.15,3645.05
22:35:00,server_1,316.53,255.59
22:35:00,server_10,2012.42,2314.63
22:35:05,server_13,407.32,422.48
22:35:05,server_14,658.82,812.52
22:35:05,server_15,948.15,517.13
22:35:05,server_16,558.73,689.49
22:35:05,server_12,196.89,231.82
22:35:05,server_18,318.59,245.73
22:35:05,server_19,0.0,0.0
22:35:05,server_20,876.53,826.74
22:35:05,server_17,226.53,234.96
22:35:05,server_11,189.12,257.51
22:35:05,server_10,946.34,763.44
22:35:05,server_9,1067.34,731.99
22:35:05,server_8,646.51,503.98
22:35:05,server_7,27.79,22.01
22:35:05,server_6,876.42,1209.67
22:35:05,server_5,0.35,0.47
22:35:05,server_4,952.0,1295.97
22:35:05,server_3,4651.56,4420.9
22:35:05,server_2,978.05,1199.09
22:35:05,server_1,485.9,318.88
22:35:10,server_13,2646.98,2398.25
22:35:10,server_14,376.61,194.72
22:35:10,server_15,377.46,224.94
22:35:10,server_16,571.85,630.51
22:35:10,server_20,479.27,608.57
22:35:10,server_18,570.59,505.85
22:35:10,server_19,251.06,361.11
22:35:10,server_12,132.93,142.48
22:35:10,server_17,620.25,568.52
22:35:10,server_11,16162.97,16997.84
22:35:10,server_10,902.33,1111.32
22:35:10,server_9,279.67,297.68
22:35:10,server_2,953.54,596.47
22:35:10,server_3,394.04,234.6
22:35:10,server_4,576.73,774.94
22:35:10,server_1,3367.83,3142.7
22:35:10,server_6,966.15,1269.76
22:35:10,server_7,683.74,593.14
22:35:10,server_8,550.43,453.94
22:35:10,server_5,998.66,531.42
22:35:15,server_12,534.68,735.0
22:35:15,server_19,596.33,613.7
22:35:15,server_18,145.95,145.92
22:35:15,server_17,144.71,183.13
22:35:15,server_16,83.17,120.83
22:35:15,server_15,196.98,114.05
22:35:15,server_14,140.46,203.25
22:35:15,server_13,2698.46,3222.49
22:35:15,server_11,275.79,200.4
22:35:15,server_20,31.64,37.9
22:35:15,server_9,511.24,282.42
22:35:15,server_1,71.22,65.2
22:35:15,server_2,8764.04,7182.75
22:35:15,server_3,346.49,443.17
22:35:15,server_4,713.41,888.69
22:35:15,server_10,17711.14,19321.16
22:35:15,server_6,163.06,128.24
22:35:15,server_7,602.68,302.08
22:35:15,server_8,102.49,136.99
22:35:15,server_5,802.9,844.65
22:35:20,server_12,926.29,1344.52
22:35:20,server_19,672.83,705.1
22:35:20,server_18,558.24,314.44
22:35:20,server_17,895.92,737.26
22:35:20,server_16,379.21,472.81
22:35:20,server_15,989.71,739.54
22:35:20,server_14,504.05,657.86
22:35:20,server_13,383.81,279.0
22:35:20,server_11,336.49,211.64
22:35:20,server_20,86.89,66.7
22:35:20,server_9,300.43,347.34
22:35:20,server_1,644.69,376.04
22:35:20,server_2,546.68,653.23
22:35:20,server_3,230.55,255.01
22:35:20,server_4,877.25,1206.06
22:35:20,server_10,180.19,98.87
22:35:20,server_6,236.74,300.52
22:35:20,server_7,2054.3,2156.23
22:35:20,server_8,69.29,54.51
22:35:20,server_5,305.65,427.77
22:35:25,server_11,12856.39,14811.27
22:35:25,server_19,428.14,353.56
22:35:25,server_18,125.67,67.52
22:35:25,server_17,45.02,46.53
22:35:25,server_16,945.51,706.93
22:35:25,server_15,1938.34,2193.47
22:35:25,server_14,202.54,137.4
22:35:25,server_13,183.67,251.66
22:35:25,server_12,317.05,217.08
22:35:25,server_20,52.97,50.9
22:35:25,server_10,14519.14,14806.07
22:35:25,server_8,399.98,367.18
22:35:25,server_7,445.26,622.37
22:35:25,server_6,276.73,166.62
22:35:25,server_5,476.69,527.65
22:35:25,server_4,311.53,370.69
22:35:25,server_3,7.12,9.81
22:35:25,server_2,519.5,713.28
22:35:25,server_1,184.86,225.14
22:35:25,server_9,17238.57,14562.26
22:35:30,server_13,256.86,177.89
22:35:30,server_14,360.22,350.9
22:35:30,server_15,829.6,818.3
22:35:30,server_12,400.46,394.39
22:35:30,server_17,804.19,870.06
22:35:30,server_18,923.99,946.17
22:35:30,server_19,1199.2,1390.05
22:35:30,server_16,238.41,170.44
22:35:30,server_11,516.17,442.45
22:35:30,server_20,231.4,243.28
22:35:30,server_9,2587.38,2967.59
22:35:30,server_1,144.33,171.55
22:35:30,server_2,101.9,102.28
22:35:30,server_3,388.77,395.39
22:35:30,server_4,255.43,166.89
22:35:30,server_10,936.96,955.01
22:35:30,server_6,1155.04,1287.08
22:35:30,server_7,196.77,286.08
22:35:30,server_8,99.32,123.25
22:35:30,server_5,242.47,208.91
22:35:35,server_19,69.82,93.97
22:35:35,server_18,361.86,512.13
22:35:35,server_17,2.61,2.58
22:35:35,server_16,505.84,701.06
22:35:35,server_15,864.46,676.43
22:35:35,server_14,343.83,426.46
22:35:35,server_13,11322.96,9851.46
22:35:35,server_12,15048.09,14788.9
22:35:35,server_11,504.51,466.5
22:35:35,server_20,866.31,722.57
22:35:35,server_9,418.5,386.06
22:35:35,server_1,709.7,890.76
22:35:35,server_2,18.9,22.43
22:35:35,server_3,145.65,208.66
22:35:35,server_4,59.4,56.29
22:35:35,server_10,629.81,650.15
22:35:35,server_6,16786.54,18233.17
22:35:35,server_7,98.38,92.78
22:35:35,server_8,995.36,556.87
22:35:35,server_5,240.36,284.48
22:35:40,server_11,59.94,30.93
22:35:40,server_19,806.26,1083.91
22:35:40,server_18,915.74,574.25
22:35:40,server_17,13182.02,14951.51
22:35:40,server_16,432.82,603.16
22:35:40,server_15,259.95,312.81
22:35:40,server_14,858.86,1188.94
22:35:40,server_13,136.6,85.39
22:35:40,server_12,15709.82,13236.96
22:35:40,server_20,80.22,68.54
22:35:40,server_10,73.97,108.09
22:35:40,server_8,390.63,504.75
22:35:40,server_9,260.58,384.09
22:35:40,server_1,385.04,304.1
22:35:40,server_2,354.02,424.54
22:35:40,server_3,1016.34,1104.43
22:35:40,server_5,282.0,233.49
22:35:40,server_6,568.86,386.19
22:35:40,server_7,603.42,716.11
22:35:40,server_4,661.23,370.73
22:35:45,server_20,3242.07,3659.73
22:35:45,server_11,195.76,274.35
22:35:45,server_18,13361.6,11315.13
22:35:45,server_17,566.3,452.58
22:35:45,server_16,630.93,720.55
22:35:45,server_15,779.73,1101.99
22:35:45,server_14,549.39,460.91
22:35:45,server_13,524.59,655.97
22:35:45,server_12,861.23,658.2
22:35:45,server_19,111.79,107.16
22:35:45,server_10,872.26,1117.88
22:35:45,server_8,448.32,475.31
22:35:45,server_1,652.73,578.93
22:35:45,server_2,311.34,378.45
22:35:45,server_3,202.94,269.17
22:35:45,server_9,172.98,90.67
22:35:45,server_5,829.16,610.52
22:35:45,server_6,13335.52,13310.28
22:35:45,server_7,382.79,400.49
22:35:45,server_4,49.95,54.31
22:35:50,server_12,123.53,172.56
22:35:50,server_19,262.38,165.74
22:35:50,server_18,868.67,621.31
22:35:50,server_17,4516.9,4554.68
22:35:50,server_16,275.11,233.04
22:35:50,server_15,926.99,1202.77
22:35:50,server_14,2094.64,2063.37
22:35:50,server_13,27.86,39.63
22:35:50,server_11,282.94,395.29
22:35:50,server_20,931.34,685.92
22:35:50,server_9,8751.7,9753.4
22:35:50,server_1,551.29,812.45
22:35:50,server_2,245.31,338.16
22:35:50,server_3,13.33,16.41
22:35:50,server_4,291.99,413.37
22:35:50,server_10,37.68,33.05
22:35:50,server_6,859.29,565.83
22:35:50,server_7,540.26,479.27
22:35:50,server_8,105.21,113.55
22:35:50,server_5,3656.08,3141.42
22:35:55,server_11,151.07,87.31
22:35:55,server_19,155.22,215.07
22:35:55,server_18,229.99,219.79
22:35:55,server_17,897.49,1073.91
22:35:55,server_16,98.35,65.72
22:35:55,server_15,458.65,614.38
22:35:55,server_14,806.82,1179.45
22:35:55,server_13,3975.2,3547.34
22:35:55,server_12,410.75,274.25
22:35:55,server_20,2000.26,2141.53
22:35:55,server_10,78.75,105.03
22:35:55,server_8,565.49,752.53
22:35:55,server_7,452.87,302.37
22:35:55,server_6,4537.16,3927.69
22:35:55,server_5,469.24,398.83
22:35:55,server_4,662.71,777.2
22:35:55,server_3,14838.33,14255.39
22:35:55,server_2,931.75,1145.01
22:35:55,server_1,311.18,223.03
22:35:55,server_9,75.63,92.24
22:36:00,server_13,92.4,90.55
22:36:00,server_14,179.72,226.38
22:36:00,server_15,134.19,83.27
22:36:00,server_12,34.6,40.11
22:36:00,server_17,928.65,833.82
22:36:00,server_18,426.7,311.07
22:36:00,server_19,0.0,0.0
22:36:00,server_16,928.25,1320.67
22:36:00,server_11,1410.15,1665.8
22:36:00,server_20,650.39,338.07
22:36:00,server_9,13856.44,14788.66
22:36:00,server_1,104.27,90.35
22:36:00,server_2,1886.18,1616.91
22:36:00,server_3,539.96,305.12
22:36:00,server_4,345.54,399.98
22:36:00,server_10,15277.96,13047.15
22:36:00,server_6,4322.28,4455.39
22:36:00,server_7,478.22,555.57
22:36:00,server_8,620.59,473.82
22:36:00,server_5,187.89,201.87
22:36:05,server_12,513.86,529.02
22:36:05,server_20,932.82,746.18
22:36:05,server_19,598.71,694.94
22:36:05,server_18,703.22,838.86
22:36:05,server_17,404.68,478.28
22:36:05,server_16,10934.2,12026.85
22:36:05,server_15,545.41,653.01
22:36:05,server_14,355.26,331.48
22:36:05,server_13,860.42,435.27
22:36:05,server_11,658.77,333.4
22:36:05,server_10,460.1,466.0
22:36:05,server_9,4439.3,5284.1
22:36:05,server_2,268.64,352.97
22:36:05,server_3,571.13,554.75
22:36:05,server_4,945.78,1198.59
22:36:05,server_1,612.54,598.97
22:36:05,server_6,3686.05,3209.0
22:36:05,server_7,725.84,827.64
22:36:05,server_8,547.35,574.67
22:36:05,server_5,1174.8,1368.23
22:36:10,server_12,257.81,367.91
22:36:10,server_19,269.15,169.59
22:36:10,server_18,2266.52,2158.54
22:36:10,server_17,2786.48,2803.96
22:36:10,server_16,270.94,274.91
22:36:10,server_15,4.76,6.64
22:36:10,server_14,610.78,488.88
22:36:10,server_13,647.87,949.53
22:36:10,server_11,108.51,67.42
22:36:10,server_20,552.62,737.37
22:36:10,server_9,395.5,352.54
22:36:10,server_1,892.75,1003.68
22:36:10,server_2,1557.24,1488.77
22:36:10,server_3,187.48,174.82
22:36:10,server_4,74.64,47.85
22:36:10,server_10,883.11,1030.65
22:36:10,server_6,969.08,886.49
22:36:10,server_7,34.13,35.53
22:36:10,server_8,364.32,246.99
22:36:10,server_5,94.04,61.12
22:36:15,server_12,157.03,86.44
22:36:15,server_19,651.93,597.01
22:36:15,server_18,2704.89,2217.91
22:36:15,server_17,358.99,369.63
22:36:15,server_16,144.22,135.31
22:36:15,server_15,335.51,486.89
22:36:15,server_14,205.93,181.22
22:36:15,server_13,342.39,307.11
22:36:15,server_11,812.81,1075.3
22:36:15,server_20,466.04,312.46
22:36:15,server_9,11625.55,13560.64
22:36:15,server_1,878.06,1204.22
22:36:15,server_2,735.25,773.56
22:36:15,server_3,4266.99,4986.25
22:36:15,server_4,17347.44,15010.29
22:36:15,server_10,10598.01,12199.23
22:36:15,server_6,993.73,880.03
22:36:15,server_7,183.04,265.47
22:36:15,server_8,920.27,638.76
22:36:15,server_5,29.31,29.28
22:36:20,server_11,372.85,198.46
22:36:20,server_19,799.75,1097.41
22:36:20,server_18,15206.08,12430.97
22:36:20,server_17,177.37,249.93
22:36:20,server_16,155.04,79.31
22:36:20,server_15,70.63,69.95
22:36:20,server_14,374.55,449.68
22:36:20,server_13,3960.4,3204.99
22:36:20,server_12,11540.74,10055.37
22:36:20,server_20,332.67,398.21
22:36:20,server_10,16082.14,15140.81
22:36:20,server_8,7394.71,8150.86
22:36:20,server_7,9.58,11.81
22:36:20,server_6,308.51,456.93
22:36:20,server_5,243.51,274.97
22:36:20,server_4,144.48,115.94
22:36:20,server_3,366.09,253.23
22:36:20,server_2,62.47,39.64
22:36:20,server_1,681.51,574.57
22:36:20,server_9,837.21,1098.77
22:36:25,server_13,678.49,527.07
22:36:25,server_14,17990.75,17114.81
22:36:25,server_15,228.14,306.21
22:36:25,server_12,458.69,364.16
22:36:25,server_17,883.17,489.02
22:36:25,server_18,620.13,878.94
22:36:25,server_19,974.51,1201.96
22:36:25,server_16,268.95,144.62
22:36:25,server_11,1038.09,1220.76
22:36:25,server_20,960.45,1004.52
22:36:25,server_9,126.11,102.91
22:36:25,server_1,10200.03,10184.18
22:36:25,server_2,870.72,1086.44
22:36:25,server_3,646.85,424.46
22:36:25,server_4,506.62,752.05
22:36:25,server_10,163.78,215.85
22:36:25,server_6,558.93,487.19
22:36:25,server_7,17965.67,19566.33
22:36:25,server_8,8559.37,8664.22
22:36:25,server_5,711.44,564.07
22:36:30,server_19,12891.51,10876.97
22:36:30,server_18,455.89,613.11
22:36:30,server_17,467.41,473.63
22:36:30,server_16,275.35,276.84
22:36:30,server_15,886.4,1260.11
22:36:30,server_14,406.78,401.54
22:36:30,server_13,6726.46,7070.19
22:36:30,server_12,151.24,93.33
22:36:30,server_11,13480.92,14494.29
22:36:30,server_20,714.07,765.88
22:36:30,server_9,477.09,333.26
22:36:30,server_1,973.12,540.74
22:36:30,server_2,1999.05,1756.48
22:36:30,server_3,595.47,696.18
22:36:30,server_4,256.24,206.24
22:36:30,server_10,967.63,497.36
22:36:30,server_6,2541.88,2184.56
22:36:30,server_7,2409.95,2198.83
22:36:30,server_8,4665.98,4494.93
22:36:30,server_5,0.0,0.0
22:36:35,server_11,3093.02,2629.14
22:36:35,server_19,150.35,205.27
22:36:35,server_18,1756.96,1683.76
22:36:35,server_17,779.42,465.05
22:36:35,server_16,115.45,71.37
22:36:35,server_15,370.35,391.77
22:36:35,server_14,970.55,1053.38
22:36:35,server_13,157.32,88.12
22:36:35,server_12,311.9,447.57
22:36:35,server_20,197.12,194.39
22:36:35,server_10,535.93,647.01
22:36:35,server_8,352.8,254.75
22:36:35,server_9,377.69,333.06
22:36:35,server_1,820.13,795.87
22:36:35,server_2,636.1,459.26
22:36:35,server_3,1018.69,1403.56
22:36:35,server_5,2491.81,2683.41
22:36:35,server_6,152.51,93.58
22:36:35,server_7,1051.04,704.44
22:36:35,server_4,303.89,348.83
22:36:40,server_20,926.21,668.5
22:36:40,server_11,260.21,320.36
22:36:40,server_18,931.83,1005.73
22:36:40,server_17,992.64,1246.59
22:36:40,server_16,1012.23,1042.01
22:36:40,server_15,513.05,339.95
22:36:40,server_14,621.78,741.35
22:36:40,server_13,105.62,141.22
22:36:40,server_12,236.71,312.37
22:36:40,server_19,571.09,737.56
22:36:40,server_10,891.04,1156.33
22:36:40,server_8,165.06,117.46
22:36:40,server_1,199.21,253.93
22:36:40,server_2,9082.73,10473.0
22:36:40,server_3,597.18,587.91
22:36:40,server_9,78.88,116.34
22:36:40,server_5,304.53,396.31
22:36:40,server_6,6469.6,6959.21
22:36:40,server_7,540.81,404.22
22:36:40,server_4,68.41,91.55
22:36:45,server_12,939.19,1342.31
22:36:45,server_19,430.92,229.75
22:36:45,server_18,956.18,513.34
22:36:45,server_17,7743.28,6751.06
22:36:45,server_16,11564.81,12442.98
22:36:45,server_15,732.78,883.51
22:36:45,server_14,309.44,251.26
22:36:45,server_13,17555.47,17601.99
22:36:45,server_11,685.78,385.86
22:36:45,server_20,525.33,466.19
22:36:45,server_9,571.81,430.74
22:36:45,server_1,985.89,845.07
22:36:45,server_2,959.53,1389.44
22:36:45,server_3,123.13,131.52
22:36:45,server_4,555.94,598.19
22:36:45,server_10,1991.31,1919.77
22:36:45,server_6,25.0,16.82
22:36:45,server_7,497.32,269.48
22:36:45,server_8,589.9,558.27
22:36:45,server_5,193.11,246.71
22:36:50,server_11,434.59,319.03
22:36:50,server_19,885.56,813.38
22:36:50,server_18,623.3,567.79
22:36:50,server_17,2597.36,3105.28
22:36:50,server_16,553.71,646.03
22:36:50,server_15,950.9,1128.85
22:36:50,server_14,788.67,1086.3
22:36:50,server_13,18128.38,15459.96
22:36:50,server_12,3103.54,3525.64
22:36:50,server_20,850.89,1257.63
22:36:50,server_10,17224.36,16919.49
22:36:50,server_8,57.41,75.76
22:36:50,server_7,395.56,281.21
22:36:50,server_6,223.85,148.14
22:36:50,server_5,256.11,153.38
22:36:50,server_4,16017.02,16709.63
22:36:50,server_3,372.1,463.41
22:36:50,server_2,967.18,1090.66
22:36:50,server_1,376.12,551.56
22:36:50,server_9,2164.79,2195.58
22:36:55,server_13,306.65,385.96
22:36:55,server_14,139.19,86.64
22:36:55,server_15,602.89,779.24
22:36:55,server_12,169.96,127.42
22:36:55,server_17,365.12,242.72
22:36:55,server_18,869.13,529.98
22:36:55,server_19,30.69,16.04
22:36:55,server_16,162.91,179.37
22:36:55,server_11,410.87,427.16
22:36:55,server_20,842.73,1190.7
22:36:55,server_9,146.93,138.94
22:36:55,server_1,707.66,670.04
22:36:55,server_2,39.8,41.43
22:36:55,server_3,637.14,496.14
22:36:55,server_4,195.36,173.92
22:36:55,server_10,537.9,774.24
22:36:55,server_6,368.66,368.72
22:36:55,server_7,3800.96,4086.6
22:36:55,server_8,2042.93,2245.12
22:36:55,server_5,959.36,862.69
22:37:00,server_20,0.0,0.0
22:37:00,server_19,215.74,304.69
22:37:00,server_18,529.17,372.86
22:37:00,server_17,176.45,159.8
22:37:00,server_16,19128.42,20815.79
22:37:00,server_15,4820.64,4180.58
22:37:00,server_14,435.52,408.54
22:37:00,server_12,2363.82,2344.39
22:37:00,server_11,960.99,1152.01
22:37:00,server_13,4939.19,5298.43
22:37:00,server_9,432.72,289.97
22:37:00,server_10,1949.27,1654.85
22:37:00,server_2,633.91,777.29
22:37:00,server_3,3524.33,3500.26
22:37:00,server_4,436.96,567.49
22:37:00,server_1,892.93,984.79
22:37:00,server_6,290.9,247.55
22:37:00,server_7,77.73,105.38
22:37:00,server_8,579.69,615.18
22:37:00,server_5,27.08,22.65
22:37:05,server_12,12929.8,13297.8
22:37:05,server_20,663.99,991.13
22:37:05,server_19,16684.74,19198.51
22:37:05,server_18,3860.37,3612.74
22:37:05,server_17,395.63,264.48
22:37:05,server_16,1003.74,1126.74
22:37:05,server_15,974.06,1437.69
22:37:05,server_14,3502.81,3425.53
22:37:05,server_13,184.96,253.93
22:37:05,server_11,482.99,317.31
22:37:05,server_3,140.77,145.17
22:37:05,server_9,247.47,312.77
22:37:05,server_10,771.45,1039.64
22:37:05,server_2,102.87,121.13
22:37:05,server_4,488.31,511.38
22:37:05,server_1,10061.82,10870.2
22:37:05,server_6,42.49,40.22
22:37:05,server_7,84.0,70.86
22:37:05,server_8,942.8,1334.58
22:37:05,server_5,492.61,357.15
22:37:10,server_12,2868.19,2511.68
22:37:10,server_19,15511.75,15096.04
22:37:10,server_18,519.29,431.93
22:37:10,server_17,94.26,87.92
22:37:10,server_16,682.92,729.08
22:37:10,server_15,438.08,535.38
22:37:10,server_14,1501.52,1284.2
22:37:10,server_20,681.38,532.49
22:37:10,server_11,965.55,700.6
22:37:10,server_13,303.97,279.15
22:37:10,server_9,351.57,458.16
22:37:10,server_1,887.88,1331.09
22:37:10,server_2,46.77,45.63
22:37:10,server_3,100.24,129.84
22:37:10,server_4,969.98,1179.16
22:37:10,server_10,978.05,904.47
22:37:10,server_6,1011.57,651.88
22:37:10,server_7,276.99,392.73
22:37:10,server_8,626.71,697.21
22:37:10,server_5,743.22,876.5
22:37:15,server_19,70.81,46.38
22:37:15,server_18,158.66,176.81
22:37:15,server_17,216.93,180.25
22:37:15,server_16,4989.65,5405.08
22:37:15,server_15,9205.09,8316.89
22:37:15,server_14,272.63,193.8
22:37:15,server_13,357.63,492.46
22:37:15,server_12,314.07,292.6
22:37:15,server_11,961.64,1188.35
22:37:15,server_20,3905.55,4108.62
22:37:15,server_9,253.3,358.58
22:37:15,server_1,998.46,1178.19
22:37:15,server_2,275.92,353.66
22:37:15,server_3,4605.95,4010.85
22:37:15,server_4,44.34,61.05
22:37:15,server_10,818.59,475.05
22:37:15,server_6,632.12,809.32
22:37:15,server_7,571.16,829.73
22:37:15,server_8,15359.67,13802.7
22:37:15,server_5,1033.86,726.24
22:37:20,server_11,952.69,679.59
22:37:20,server_19,12837.99,14362.93
22:37:20,server_18,13154.39,13313.16
22:37:20,server_17,1326.57,1227.75
22:37:20,server_16,437.32,353.89
22:37:20,server_15,450.04,433.34
22:37:20,server_14,243.03,148.27
22:37:20,server_13,17747.73,18607.79
22:37:20,server_12,199.88,287.44
22:37:20,server_20,871.48,854.46
22:37:20,server_10,418.56,490.69
22:37:20,server_8,482.19,638.93
22:37:20,server_9,510.07,303.77
22:37:20,server_1,644.49,445.13
22:37:20,server_2,4474.67,5164.49
22:37:20,server_3,345.36,488.91
22:37:20,server_5,1.24,0.8
22:37:20,server_6,166.06,131.26
22:37:20,server_7,411.56,600.33
22:37:20,server_4,393.25,363.29
22:37:25,server_20,913.27,715.75
22:37:25,server_11,184.25,223.49
22:37:25,server_18,277.25,377.89
22:37:25,server_17,928.93,873.58
22:37:25,server_16,997.55,596.63
22:37:25,server_15,184.1,267.22
22:37:25,server_14,2738.24,3064.12
22:37:25,server_13,558.88,770.69
22:37:25,server_12,194.95,129.03
22:37:25,server_19,119.23,132.14
22:37:25,server_10,378.46,222.96
22:37:25,server_8,999.69,715.18
22:37:25,server_1,294.4,353.55
22:37:25,server_2,526.59,610.41
22:37:25,server_3,265.72,153.48
22:37:25,server_9,427.14,415.0
22:37:25,server_5,358.93,343.69
22:37:25,server_6,555.9,815.19
22:37:25,server_7,210.25,232.02
22:37:25,server_4,266.47,377.23
22:37:30,server_20,308.48,159.57
22:37:30,server_19,108.82,116.59
22:37:30,server_18,175.44,108.19
22:37:30,server_17,14.46,21.23
22:37:30,server_16,848.87,925.9
22:37:30,server_15,405.42,377.48
22:37:30,server_14,4943.06,4128.4
22:37:30,server_12,883.62,551.99
22:37:30,server_11,610.01,697.26
22:37:30,server_13,590.91,679.21
22:37:30,server_9,407.53,402.77
22:37:30,server_10,300.79,196.3
22:37:30,server_2,7347.1,7375.63
22:37:30,server_3,638.9,356.01
22:37:30,server_4,171.25,206.94
22:37:30,server_1,72.53,58.85
22:37:30,server_6,390.32,510.32
22:37:30,server_7,0.75,0.45
22:37:30,server_8,589.21,362.01
22:37:30,server_5,424.27,614.16
22:37:35,server_12,923.05,591.49
22:37:35,server_19,954.44,491.26
22:37:35,server_18,4568.57,5360.87
22:37:35,server_20,2246.67,2349.22
22:37:35,server_17,58.9,42.63
22:37:35,server_16,655.67,632.56
22:37:35,server_15,259.44,378.79
22:37:35,server_14,5164.99,5891.39
22:37:35,server_13,3255.06,3820.09
22:37:35,server_11,180.03,201.1
22:37:35,server_3,1506.01,1672.59
22:37:35,server_9,10262.82,10609.8
22:37:35,server_10,835.3,556.67
22:37:35,server_2,529.27,304.6
22:37:35,server_4,943.75,1027.74
22:37:35,server_1,835.61,835.52
22:37:35,server_6,175.26,233.59
22:37:35,server_7,179.15,160.58
22:37:35,server_8,974.91,592.49
22:37:35,server_5,0.0,0.0
22:37:40,server_11,262.78,188.46
22:37:40,server_20,852.22,791.17
22:37:40,server_18,6505.35,7070.96
22:37:40,server_17,766.64,1107.98
22:37:40,server_16,644.55,586.09
22:37:40,server_15,4950.17,4267.13
22:37:40,server_14,225.62,314.84
22:37:40,server_13,895.75,472.47
22:37:40,server_12,62.45,48.4
22:37:40,server_19,798.76,1028.95
22:37:40,server_10,590.87,672.86
22:37:40,server_8,116.65,108.88
22:37:40,server_1,27.18,13.85
22:37:40,server_2,909.64,1276.69
22:37:40,server_3,929.1,713.91
22:37:40,server_9,229.16,227.96
22:37:40,server_5,916.76,1031.81
22:37:40,server_6,23.56,17.07
22:37:40,server_7,487.09,364.73
22:37:40,server_4,390.1,269.36
22:37:45,server_12,89.61,92.63
22:37:45,server_19,246.39,327.13
22:37:45,server_18,974.78,914.77
22:37:45,server_17,942.73,673.33
22:37:45,server_16,938.65,962.31
22:37:45,server_15,900.21,1296.17
22:37:45,server_14,292.66,242.9
22:37:45,server_13,154.47,128.7
22:37:45,server_11,19506.53,19133.21
22:37:45,server_20,351.96,183.15
22:37:45,server_9,76.38,108.94
22:37:45,server_1,918.53,769.45
22:37:45,server_2,1069.65,1390.63
22:37:45,server_3,54.48,43.73
22:37:45,server_4,705.14,426.94
22:37:45,server_10,943.9,615.7
22:37:45,server_6,169.43,209.14
22:37:45,server_7,19126.76,18511.37
22:37:45,server_8,161.97,222.06
22:37:45,server_5,326.44,407.31
22:37:50,server_11,920.74,592.73
22:37:50,server_19,918.9,1095.55
22:37:50,server_18,929.37,932.23
22:37:50,server_17,3314.44,2929.0
22:37:50,server_16,847.82,1242.34
22:37:50,server_15,1076.79,1319.87
22:37:50,server_14,19311.03,22161.56
22:37:50,server_13,140.8,167.49
22:37:50,server_12,184.44,159.58
22:37:50,server_20,908.55,848.1
22:37:50,server_10,418.04,214.86
22:37:50,server_8,664.31,923.05
22:37:50,server_7,5861.6,6627.76
22:37:50,server_6,951.1,824.2
22:37:50,server_5,158.59,232.24
22:37:50,server_4,461.43,431.74
22:37:50,server_3,392.95,526.87
22:37:50,server_2,990.09,811.28
22:37:50,server_1,891.42,759.62
22:37:50,server_9,278.39,385.73
22:37:55,server_13,3623.41,3392.7
22:37:55,server_14,854.64,524.47
22:37:55,server_20,4459.77,5018.22
22:37:55,server_12,747.11,781.8
22:37:55,server_17,983.28,705.51
22:37:55,server_18,151.21,105.94
22:37:55,server_19,929.3,650.59
22:37:55,server_16,424.97,612.13
22:37:55,server_11,916.4,786.97
22:37:55,server_15,5222.26,4762.57
22:37:55,server_9,534.95,341.16
22:37:55,server_1,151.61,148.84
22:37:55,server_2,974.48,889.11
22:37:55,server_3,4524.11,4158.39
22:37:55,server_4,53.33,67.13
22:37:55,server_10,622.4,804.11
22:37:55,server_6,125.2,65.82
22:37:55,server_7,103.27,128.89
22:37:55,server_8,865.66,534.46
22:37:55,server_5,26.61,38.78
22:38:00,server_12,283.82,180.51
22:38:00,server_20,542.93,425.45
22:38:00,server_19,304.87,234.34
22:38:00,server_18,318.28,293.18
22:38:00,server_17,3464.46,2845.54
22:38:00,server_16,15090.13,12105.22
22:38:00,server_15,523.01,641.49
22:38:00,server_14,247.15,218.2
22:38:00,server_13,485.21,254.5
22:38:00,server_11,645.31,911.33
22:38:00,server_10,3931.48,4052.05
22:38:00,server_9,539.04,688.86
22:38:00,server_2,1014.83,679.79
22:38:00,server_3,2240.41,2635.46
22:38:00,server_4,263.24,218.61
22:38:00,server_1,632.71,416.68
22:38:00,server_6,232.71,336.75
22:38:00,server_7,292.77,218.62
22:38:00,server_8,0.0,0.0
22:38:00,server_5,2742.54,2228.17
22:38:05,server_12,281.1,249.24
22:38:05,server_19,360.15,362.19
22:38:05,server_18,533.04,268.48
22:38:05,server_17,13607.99,11158.76
22:38:05,server_16,3009.63,3206.15
22:38:05,server_15,583.97,664.08
22:38:05,server_14,941.39,1378.47
22:38:05,server_13,928.24,1365.43
22:38:05,server_11,2756.96,2691.2
22:38:05,server_20,168.77,145.23
22:38:05,server_9,225.19,219.05
22:38:05,server_1,944.79,896.97
22:38:05,server_2,4124.99,4200.96
22:38:05,server_3,594.42,534.32
22:38:05,server_4,278.05,288.51
22:38:05,server_10,19882.3,22444.71
22:38:05,server_6,511.15,335.77
22:38:05,server_7,613.26,726.78
22:38:05,server_8,634.97,748.9
22:38:05,server_5,562.63,510.15
22:38:10,server_12,912.0,1335.81
22:38:10,server_19,333.16,390.39
22:38:10,server_18,109.97,77.49
22:38:10,server_17,884.18,872.34
22:38:10,server_16,3687.11,3125.65
22:38:10,server_15,938.18,740.42
22:38:10,server_14,491.97,348.6
22:38:10,server_13,807.41,742.99
22:38:10,server_11,48.09,61.04
22:38:10,server_20,46.72,42.37
22:38:10,server_9,5.18,7.7
22:38:10,server_1,3637.6,2912.29
22:38:10,server_2,806.22,638.96
22:38:10,server_3,171.05,213.64
22:38:10,server_4,784.74,528.33
22:38:10,server_10,336.12,307.16
22:38:10,server_6,849.17,1067.89
22:38:10,server_7,3408.15,3358.91
22:38:10,server_8,632.18,540.86
22:38:10,server_5,299.46,389.37
22:38:15,server_11,374.58,212.32
22:38:15,server_19,13053.23,11388.9
22:38:15,server_18,643.77,817.95
22:38:15,server_17,232.5,207.66
22:38:15,server_16,866.73,630.91
22:38:15,server_15,948.75,881.4
22:38:15,server_14,679.33,521.56
22:38:15,server_13,813.25,488.65
22:38:15,server_12,0.0,0.0
22:38:15,server_20,114.25,72.46
22:38:15,server_10,4739.73,4800.0
22:38:15,server_8,462.32,641.44
22:38:15,server_7,505.14,544.88
22:38:15,server_6,183.58,255.58
22:38:15,server_5,931.92,1341.09
22:38:15,server_4,7220.67,7198.75
22:38:15,server_3,833.61,515.26
22:38:15,server_2,228.36,252.77
22:38:15,server_1,405.57,413.13
22:38:15,server_9,4659.95,4635.89
22:38:20,server_13,1257.31,1464.07
22:38:20,server_14,330.64,251.35
22:38:20,server_15,909.79,780.16
22:38:20,server_12,19631.61,17766.14
22:38:20,server_17,148.37,188.61
22:38:20,server_18,583.38,684.92
22:38:20,server_19,7827.08,8787.82
22:38:20,server_16,183.05,230.12
22:38:20,server_11,76.61,84.28
22:38:20,server_20,76.07,51.76
22:38:20,server_9,892.15,1221.65
22:38:20,server_1,467.25,573.67
22:38:20,server_2,868.99,1278.53
22:38:20,server_3,576.23,862.32
22:38:20,server_4,81.72,86.91
22:38:20,server_10,298.67,219.92
22:38:20,server_6,800.57,1123.24
22:38:20,server_7,15872.32,13086.79
22:38:20,server_8,1015.76,1063.23
22:38:20,server_5,138.68,131.92
22:38:25,server_19,301.39,263.34
22:38:25,server_18,1016.58,1078.11
22:38:25,server_17,144.32,136.19
22:38:25,server_16,593.15,553.32
22:38:25,server_15,905.22,986.53
22:38:25,server_14,853.05,535.62
22:38:25,server_13,339.56,498.23
22:38:25,server_12,724.2,433.13
22:38:25,server_11,615.06,368.04
22:38:25,server_20,569.06,287.44
22:38:25,server_9,9740.9,10379.46
22:38:25,server_1,0.0,0.0
22:38:25,server_2,697.17,565.87
22:38:25,server_3,643.21,941.5
22:38:25,server_4,612.56,907.39
22:38:25,server_10,124.86,156.03
22:38:25,server_6,93.25,122.1
22:38:25,server_7,956.65,1257.58
22:38:25,server_8,919.06,1328.96
22:38:25,server_5,371.32,287.13
22:38:30,server_11,922.56,1136.13
22:38:30,server_19,818.83,1204.04
22:38:30,server_18,675.49,396.99
22:38:30,server_17,1033.27,1338.77
22:38:30,server_16,548.82,463.73
22:38:30,server_15,7303.23,8001.74
22:38:30,server_14,256.85,259.72
22:38:30,server_13,374.84,243.51
22:38:30,server_12,286.25,229.11
22:38:30,server_20,303.78,332.27
22:38:30,server_10,9502.91,10667.9
22:38:30,server_8,2192.77,2113.97
22:38:30,server_9,950.01,482.88
22:38:30,server_1,40.7,36.59
22:38:30,server_2,130.34,88.24
22:38:30,server_3,110.81,55.9
22:38:30,server_5,526.59,531.54
22:38:30,server_6,437.57,566.33
22:38:30,server_7,1009.86,1471.45
22:38:30,server_4,497.45,304.6
22:38:35,server_20,160.72,180.44
22:38:35,server_11,678.1,561.86
22:38:35,server_18,726.67,757.45
22:38:35,server_17,207.54,236.86
22:38:35,server_16,3510.02,4203.68
22:38:35,server_15,17315.38,18472.78
22:38:35,server_14,5290.09,4606.96
22:38:35,server_13,278.68,174.82
22:38:35,server_12,2163.33,2440.66
22:38:35,server_19,4706.4,4256.21
22:38:35,server_10,95.52,103.65
22:38:35,server_8,843.83,1048.58
22:38:35,server_1,6329.46,6450.43
22:38:35,server_2,508.16,739.45
22:38:35,server_3,512.67,493.69
22:38:35,server_9,920.44,1029.07
22:38:35,server_5,220.78,117.21
22:38:35,server_6,439.21,565.53
22:38:35,server_7,340.68,251.75
22:38:35,server_4,65.98,86.98
22:38:40,server_13,262.91,302.67
22:38:40,server_20,2.42,1.63
22:38:40,server_19,150.19,75.42
22:38:40,server_18,1273.69,1022.06
22:38:40,server_17,519.19,482.0
22:38:40,server_16,865.9,909.52
22:38:40,server_15,280.38,289.17
22:38:40,server_14,952.84,1191.07
22:38:40,server_12,265.94,244.63
22:38:40,server_11,375.36,275.69
22:38:40,server_1,95.06,78.44
22:38:40,server_9,821.66,1007.84
22:38:40,server_8,44.87,58.09
22:38:40,server_7,4183.26,4176.49
22:38:40,server_6,912.58,1218.23
22:38:40,server_5,971.97,1089.81
22:38:40,server_4,232.22,331.48
22:38:40,server_3,197.63,113.02
22:38:40,server_2,9051.84,9294.19
22:38:40,server_10,1021.69,524.76
22:38:45,server_13,536.22,679.22
22:38:45,server_14,5687.1,5973.52
22:38:45,server_15,1280.84,1494.72
22:38:45,server_16,941.69,835.75
22:38:45,server_12,398.34,410.77
22:38:45,server_18,105.47,99.34
22:38:45,server_19,245.98,179.52
22:38:45,server_20,1021.26,1469.37
22:38:45,server_17,245.69,349.05
22:38:45,server_11,729.45,556.25
22:38:45,server_1,367.0,237.75
22:38:45,server_9,962.74,1338.1
22:38:45,server_8,818.12,1040.47
22:38:45,server_7,938.35,1157.17
22:38:45,server_6,122.65,156.3
22:38:45,server_5,86.44,52.05
22:38:45,server_4,26.56,34.29
22:38:45,server_3,150.96,216.31
22:38:45,server_2,859.06,1197.52
22:38:45,server_10,301.23,168.62
22:38:50,server_13,703.09,411.28
22:38:50,server_14,563.1,771.55
22:38:50,server_15,358.58,499.46
22:38:50,server_16,949.03,1315.67
22:38:50,server_20,320.36,356.71
22:38:50,server_18,15419.02,12704.61
22:38:50,server_19,17941.43,18678.49
22:38:50,server_12,489.45,285.3
22:38:50,server_17,582.42,564.43
22:38:50,server_11,91.1,82.6
22:38:50,server_10,494.56,654.94
22:38:50,server_9,523.17,447.3
22:38:50,server_8,749.38,987.42
22:38:50,server_7,347.02,257.4
22:38:50,server_6,90.64,86.15
22:38:50,server_5,333.76,444.7
22:38:50,server_4,517.12,328.68
22:38:50,server_3,452.26,491.75
22:38:50,server_2,3510.63,4141.56
22:38:50,server_1,200.91,242.59
22:38:55,server_13,253.43,168.33
22:38:55,server_14,691.28,902.36
22:38:55,server_15,121.14,103.25
22:38:55,server_16,387.56,461.83
22:38:55,server_20,345.77,453.4
22:38:55,server_18,551.13,368.56
22:38:55,server_19,19777.81,21170.94
22:38:55,server_12,302.07,185.01
22:38:55,server_17,123.75,124.53
22:38:55,server_11,355.21,337.51
22:38:55,server_10,411.71,333.78
22:38:55,server_9,19634.71,19673.99
22:38:55,server_2,230.64,160.96
22:38:55,server_3,809.43,938.41
22:38:55,server_4,952.38,485.84
22:38:55,server_1,874.94,455.49
22:38:55,server_6,873.75,726.45
22:38:55,server_7,480.1,535.89
22:38:55,server_8,296.22,224.16
22:38:55,server_5,891.03,1128.78
22:39:00,server_12,407.62,205.75
22:39:00,server_19,174.41,92.74
22:39:00,server_18,900.25,1207.56
22:39:00,server_17,579.62,500.58
22:39:00,server_16,16597.97,16101.72
22:39:00,server_15,111.19,118.63
22:39:00,server_14,12551.93,14364.32
22:39:00,server_13,50.64,29.7
22:39:00,server_11,116.0,89.29
22:39:00,server_20,14170.31,12014.08
22:39:00,server_9,172.55,138.2
22:39:00,server_1,638.57,865.08
22:39:00,server_2,769.4,721.13
22:39:00,server_3,137.38,106.09
22:39:00,server_4,106.1,96.67
22:39:00,server_10,152.5,145.8
22:39:00,server_6,859.87,1199.72
22:39:00,server_7,1188.37,1133.19
22:39:00,server_8,2040.33,1896.71
22:39:00,server_5,673.94,856.25
22:39:05,server_12,2947.11,3157.35
22:39:05,server_19,762.6,1028.83
22:39:05,server_18,96.42,102.54
22:39:05,server_17,463.96,661.35
22:39:05,server_16,698.03,735.46
22:39:05,server_15,143.08,142.23
22:39:05,server_14,660.77,510.5
22:39:05,server_13,896.79,921.77
22:39:05,server_11,975.95,648.21
22:39:05,server_20,4170.24,4618.02
22:39:05,server_9,623.62,736.2
22:39:05,server_1,1050.22,1046.9
22:39:05,server_2,95.77,137.76
22:39:05,server_3,5293.08,5575.95
22:39:05,server_4,333.87,215.66
22:39:05,server_10,2306.79,2680.57
22:39:05,server_6,246.49,284.01
22:39:05,server_7,187.86,263.75
22:39:05,server_8,349.11,276.22
22:39:05,server_5,180.53,195.81
22:39:10,server_11,460.7,607.32
22:39:10,server_19,508.93,609.36
22:39:10,server_18,556.45,336.19
22:39:10,server_17,831.68,662.6
22:39:10,server_16,16650.27,19632.93
22:39:10,server_15,236.09,324.38
22:39:10,server_14,19738.83,23388.83
22:39:10,server_13,243.64,250.67
22:39:10,server_12,18060.69,15615.07
22:39:10,server_20,334.85,395.55
22:39:10,server_10,192.09,206.08
22:39:10,server_8,3271.76,3309.84
22:39:10,server_7,3766.28,3121.16
22:39:10,server_6,443.31,275.21
22:39:10,server_5,795.61,686.2
22:39:10,server_4,4387.37,4703.81
22:39:10,server_3,924.81,1306.5
22:39:10,server_2,626.42,669.21
22:39:10,server_1,17820.22,16830.89
22:39:10,server_9,1309.71,1332.32
22:39:15,server_13,83.05,74.32
22:39:15,server_14,962.39,1142.49
22:39:15,server_15,482.82,400.84
22:39:15,server_12,380.39,396.04
22:39:15,server_17,143.61,182.36
22:39:15,server_18,4548.33,4466.54
22:39:15,server_19,2274.14,2281.7
22:39:15,server_16,2911.67,3138.04
22:39:15,server_11,1054.77,1424.07
22:39:15,server_20,21.83,28.21
22:39:15,server_9,384.92,291.95
22:39:15,server_1,5110.19,4531.68
22:39:15,server_2,998.78,985.23
22:39:15,server_3,878.66,1113.05
22:39:15,server_4,972.82,1333.09
22:39:15,server_10,2969.69,2412.2
22:39:15,server_6,491.37,626.06
22:39:15,server_7,564.03,750.33
22:39:15,server_8,512.94,478.32
22:39:15,server_5,4147.79,4594.51
22:39:20,server_19,127.22,162.84
22:39:20,server_18,262.68,262.15
22:39:20,server_17,413.05,529.1
22:39:20,server_16,543.69,491.1
22:39:20,server_15,189.89,223.94
22:39:20,server_14,150.84,220.06
22:39:20,server_13,236.67,317.38
22:39:20,server_12,14056.14,12651.51
22:39:20,server_11,74.85,51.91
22:39:20,server_20,12894.82,13491.73
22:39:20,server_9,183.2,266.87
22:39:20,server_1,611.14,746.39
22:39:20,server_2,19615.36,20552.41
22:39:20,server_3,906.74,1146.54
22:39:20,server_4,10563.9,11029.38
22:39:20,server_10,342.96,183.46
22:39:20,server_6,405.53,494.82
22:39:20,server_7,42.8,42.12
22:39:20,server_8,5.75,4.33
22:39:20,server_5,10111.85,9393.26
22:39:25,server_11,1245.75,1244.18
22:39:25,server_19,16.02,13.75
22:39:25,server_18,9118.59,7677.22
22:39:25,server_17,395.08,388.79
22:39:25,server_16,386.14,470.47
22:39:25,server_15,949.83,949.8
22:39:25,server_14,165.72,211.06
22:39:25,server_13,3538.94,2908.26
22:39:25,server_12,134.43,161.29
22:39:25,server_20,5979.86,5738.29
22:39:25,server_10,4216.72,4771.95
22:39:25,server_8,4751.76,3894.23
22:39:25,server_9,290.88,433.86
22:39:25,server_1,18631.85,22020.67
22:39:25,server_2,421.25,345.32
22:39:25,server_3,118.16,142.95
22:39:25,server_5,16342.71,19074.42
22:39:25,server_6,12429.94,11799.47
22:39:25,server_7,375.81,305.95
22:39:25,server_4,559.99,488.47
22:39:30,server_20,869.39,1197.97
22:39:30,server_11,675.47,442.21
22:39:30,server_18,885.23,623.09
22:39:30,server_17,603.86,708.53
22:39:30,server_16,1037.65,1313.54
22:39:30,server_15,269.63,172.24
22:39:30,server_14,77.73,86.45
22:39:30,server_13,5438.37,5202.49
22:39:30,server_12,230.08,223.01
22:39:30,server_19,495.13,359.65
22:39:30,server_10,929.84,1257.88
22:39:30,server_8,191.24,194.71
22:39:30,server_1,1066.38,1259.99
22:39:30,server_2,418.5,233.63
22:39:30,server_3,396.22,421.47
22:39:30,server_9,196.13,191.05
22:39:30,server_5,335.98,446.95
22:39:30,server_6,281.6,152.88
22:39:30,server_7,92.46,65.3
22:39:30,server_4,913.41,1287.47
22:39:35,server_12,13285.74,15218.45
22:39:35,server_19,944.11,887.33
22:39:35,server_18,89.51,48.62
22:39:35,server_17,234.91,263.02
22:39:35,server_16,198.47,268.72
22:39:35,server_15,477.23,429.8
22:39:35,server_14,2819.59,2929.72
22:39:35,server_13,572.75,857.48
22:39:35,server_11,276.2,172.32
22:39:35,server_20,363.3,429.6
22:39:35,server_9,6803.07,6748.12
22:39:35,server_1,156.12,201.46
22:39:35,server_2,15.32,15.93
22:39:35,server_3,249.54,238.92
22:39:35,server_4,2747.13,3245.89
22:39:35,server_10,885.9,942.0
22:39:35,server_6,1091.17,1564.53
22:39:35,server_7,459.72,247.86
22:39:35,server_8,199.96,254.46
22:39:35,server_5,469.73,312.85
22:39:40,server_11,3035.66,3297.34
22:39:40,server_19,19.78,16.93
22:39:40,server_18,399.4,363.02
22:39:40,server_17,763.6,978.58
22:39:40,server_16,523.47,446.34
22:39:40,server_15,455.85,439.79
22:39:40,server_14,363.06,367.35
22:39:40,server_13,45.48,51.0
22:39:40,server_12,563.53,330.59
22:39:40,server_20,348.47,235.04
22:39:40,server_10,1030.84,1309.44
22:39:40,server_8,824.16,729.59
22:39:40,server_7,4199.08,4142.56
22:39:40,server_6,481.47,491.21
22:39:40,server_5,9304.99,10273.65
22:39:40,server_4,111.24,72.0
22:39:40,server_3,232.2,338.38
22:39:40,server_2,318.14,347.43
22:39:40,server_1,729.37,880.03
22:39:40,server_9,503.38,308.84
22:39:45,server_13,1000.54,1163.36
22:39:45,server_14,61.27,70.63
22:39:45,server_15,15376.8,16425.63
22:39:45,server_12,357.05,306.06
22:39:45,server_17,484.39,254.85
22:39:45,server_18,16903.17,14190.2
22:39:45,server_19,285.31,333.39
22:39:45,server_16,19912.6,18765.56
22:39:45,server_11,287.05,336.85
22:39:45,server_20,386.56,369.1
22:39:45,server_9,943.23,610.35
22:39:45,server_1,288.85,270.94
22:39:45,server_2,1388.71,1346.1
22:39:45,server_3,3332.74,2885.86
22:39:45,server_4,5357.65,5696.42
22:39:45,server_10,17947.53,14782.47
22:39:45,server_6,5838.2,6758.17
22:39:45,server_7,545.61,649.16
22:39:45,server_8,456.08,253.39
22:39:45,server_5,881.57,953.19
22:39:50,server_12,13321.03,13326.9
22:39:50,server_20,676.06,530.03
22:39:50,server_19,4345.96,4812.54
22:39:50,server_18,297.9,369.41
22:39:50,server_17,892.81,586.65
22:39:50,server_16,220.87,237.75
22:39:50,server_15,2773.72,3074.52
22:39:50,server_14,569.85,584.8
22:39:50,server_13,68.39,68.33
22:39:50,server_11,239.07,129.33
22:39:50,server_10,197.29,210.47
22:39:50,server_9,634.6,687.8
22:39:50,server_2,516.16,280.76
22:39:50,server_3,633.8,350.49
22:39:50,server_4,1635.87,1719.08
22:39:50,server_1,197.85,211.8
22:39:50,server_6,993.84,667.86
22:39:50,server_7,94.51,65.65
22:39:50,server_8,15930.46,18415.26
22:39:50,server_5,47.17,28.55
22:39:55,server_12,289.27,386.55
22:39:55,server_19,27.6,29.2
22:39:55,server_18,430.59,629.01
22:39:55,server_17,292.62,360.04
22:39:55,server_16,526.82,314.86
22:39:55,server_15,7025.76,5654.86
22:39:55,server_14,13970.11,12043.39
22:39:55,server_13,236.9,269.62
22:39:55,server_11,332.63,262.45
22:39:55,server_20,667.44,534.78
22:39:55,server_9,831.94,998.65
22:39:55,server_1,230.93,225.01
22:39:55,server_2,843.14,720.63
22:39:55,server_3,893.38,742.13
22:39:55,server_4,533.89,323.53
22:39:55,server_10,232.95,337.94
22:39:55,server_6,6609.82,5599.35
22:39:55,server_7,270.43,195.71
22:39:55,server_8,971.74,1217.87
22:39:55,server_5,967.73,1413.59
22:40:00,server_12,905.26,855.68
22:40:00,server_19,40.14,38.73
22:40:00,server_18,99.48,55.44
22:40:00,server_17,4801.06,4743.34
22:40:00,server_16,233.13,128.11
22:40:00,server_15,1047.41,796.21
22:40:00,server_14,204.36,260.7
22:40:00,server_13,888.22,975.42
22:40:00,server_11,1028.0,913.8
22:40:00,server_20,1742.24,1486.25
22:40:00,server_9,16513.5,15446.9
22:40:00,server_1,15785.29,17173.94
22:40:00,server_2,477.76,687.16
22:40:00,server_3,199.6,104.06
22:40:00,server_4,555.91,361.36
22:40:00,server_10,15566.71,16820.74
22:40:00,server_6,584.4,393.04
22:40:00,server_7,450.25,476.69
22:40:00,server_8,160.56,109.69
22:40:00,server_5,443.95,358.01
22:40:05,server_11,263.37,324.98
22:40:05,server_19,925.79,954.18
22:40:05,server_18,19195.47,16291.3
22:40:05,server_17,636.23,589.09
22:40:05,server_16,618.55,345.0
22:40:05,server_15,109.54,144.3
22:40:05,server_14,199.33,292.8
22:40:05,server_13,157.06,124.95
22:40:05,server_12,12744.7,13859.01
22:40:05,server_20,836.62,1009.25
22:40:05,server_10,275.05,260.69
22:40:05,server_8,304.78,271.04
22:40:05,server_7,325.8,458.16
22:40:05,server_6,17173.62,16089.96
22:40:05,server_5,16.46,19.72
22:40:05,server_4,3204.01,3098.9
22:40:05,server_3,903.54,728.43
22:40:05,server_2,778.76,1123.06
22:40:05,server_1,387.06,287.28
22:40:05,server_9,103.9,143.11
22:40:10,server_13,4397.72,4211.26
22:40:10,server_14,456.52,658.64
22:40:10,server_15,3583.13,4164.01
22:40:10,server_12,399.51,399.55
22:40:10,server_17,18584.74,15789.67
22:40:10,server_18,8792.29,7252.05
22:40:10,server_19,727.01,455.82
22:40:10,server_16,4961.89,4624.43
22:40:10,server_11,929.65,951.91
22:40:10,server_20,598.59,811.48
22:40:10,server_9,567.03,447.04
22:40:10,server_1,3587.82,3309.07
22:40:10,server_2,604.58,498.16
22:40:10,server_3,884.34,924.56
22:40:10,server_4,695.41,890.87
22:40:10,server_10,463.63,655.33
22:40:10,server_6,257.29,245.03
22:40:10,server_7,91.79,86.01
22:40:10,server_8,240.11,332.94
22:40:10,server_5,941.45,1007.21
22:40:15,server_19,134.23,125.39
22:40:15,server_18,174.99,99.85
22:40:15,server_17,428.3,374.79
22:40:15,server_16,688.95,842.47
22:40:15,server_15,165.25,240.38
22:40:15,server_14,543.62,697.55
22:40:15,server_13,212.1,147.09
22:40:15,server_12,347.82,253.2
22:40:15,server_11,1678.05,1651.02
22:40:15,server_20,171.53,155.1
22:40:15,server_9,736.88,779.15
22:40:15,server_1,44.38,40.64
22:40:15,server_2,388.71,413.28
22:40:15,server_3,420.7,420.26
22:40:15,server_4,153.77,220.25
22:40:15,server_10,248.39,176.17
22:40:15,server_6,179.75,259.33
22:40:15,server_7,361.62,245.48
22:40:15,server_8,586.97,666.94
22:40:15,server_5,372.8,506.2
22:40:20,server_11,10684.63,12729.07
22:40:20,server_19,60.54,75.16
22:40:20,server_18,7539.22,8198.45
22:40:20,server_17,796.76,1048.96
22:40:20,server_16,152.63,210.79
22:40:20,server_15,559.99,625.43
22:40:20,server_14,1058.64,1160.54
22:40:20,server_13,7980.38,8827.77
22:40:20,server_12,823.35,827.82
22:40:20,server_20,1249.61,1400.07
22:40:20,server_10,876.97,487.19
22:40:20,server_8,399.64,256.76
22:40:20,server_9,5436.31,5198.01
22:40:20,server_1,257.23,362.49
22:40:20,server_2,121.57,82.13
22:40:20,server_3,608.47,588.53
22:40:20,server_5,973.17,693.18
22:40:20,server_6,1007.46,933.1
22:40:20,server_7,582.04,740.34
22:40:20,server_4,12965.99,14743.91
22:40:25,server_20,165.17,245.65
22:40:25,server_11,259.78,322.64
22:40:25,server_18,10791.61,8783.56
22:40:25,server_17,966.66,807.27
22:40:25,server_16,12014.35,11982.76
22:40:25,server_15,230.75,224.43
22:40:25,server_14,341.03,363.22
22:40:25,server_13,868.52,816.39
22:40:25,server_12,158.3,166.3
22:40:25,server_19,975.46,1335.35
22:40:25,server_10,652.39,439.57
22:40:25,server_8,45.15,64.22
22:40:25,server_1,109.48,120.05
22:40:25,server_2,525.61,464.67
22:40:25,server_3,900.64,1187.79
22:40:25,server_9,14365.48,13777.54
22:40:25,server_5,7973.47,7235.19
22:40:25,server_6,283.75,247.8
22:40:25,server_7,327.41,483.79
22:40:25,server_4,142.98,162.05
22:40:30,server_12,6056.8,7179.91
22:40:30,server_19,929.05,945.28
22:40:30,server_18,19349.98,18039.91
22:40:30,server_17,14381.83,13023.54
22:40:30,server_16,11011.89,13190.28
22:40:30,server_15,558.39,662.69
22:40:30,server_14,146.17,167.63
22:40:30,server_13,921.81,1277.93
22:40:30,server_11,297.06,310.83
22:40:30,server_20,407.97,299.79
22:40:30,server_9,13653.34,11622.49
22:40:30,server_1,242.59,205.35
22:40:30,server_2,345.64,372.8
22:40:30,server_3,929.21,1033.16
22:40:30,server_4,840.41,1158.05
22:40:30,server_10,15774.42,13254.52
22:40:30,server_6,920.38,536.98
22:40:30,server_7,3095.64,2606.49
22:40:30,server_8,9844.38,8780.02
22:40:30,server_5,284.52,426.63
22:40:35,server_11,16095.86,15264.93
22:40:35,server_19,267.37,342.2
22:40:35,server_18,17.82,11.02
22:40:35,server_17,323.07,300.93
22:40:35,server_16,16997.19,15695.28
22:40:35,server_15,11644.08,12775.11
22:40:35,server_14,458.1,324.81
22:40:35,server_13,4680.41,3784.18
22:40:35,server_12,974.61,978.82
22:40:35,server_20,541.99,398.57
22:40:35,server_10,11539.59,13803.13
22:40:35,server_8,7469.06,6501.91
22:40:35,server_7,143.91,111.38
22:40:35,server_6,643.02,906.42
22:40:35,server_5,313.69,452.95
22:40:35,server_4,121.57,85.8
22:40:35,server_3,872.6,1205.55
22:40:35,server_2,936.99,470.57
22:40:35,server_1,2339.31,2007.35
22:40:35,server_9,942.31,774.1
22:40:40,server_13,187.11,192.07
22:40:40,server_14,19828.33,23101.83
22:40:40,server_15,7709.9,9030.25
22:40:40,server_12,842.28,653.37
22:40:40,server_17,404.21,417.38
22:40:40,server_18,14345.07,16288.64
22:40:40,server_19,413.45,390.91
22:40:40,server_16,90.46,50.11
22:40:40,server_11,526.33,555.62
22:40:40,server_20,1009.0,977.41
22:40:40,server_9,4996.16,5044.33
22:40:40,server_1,517.37,315.15
22:40:40,server_2,865.03,645.3
22:40:40,server_3,495.44,493.9
22:40:40,server_4,7047.41,6707.14
22:40:40,server_10,76.93,67.33
22:40:40,server_6,428.01,539.56
22:40:40,server_7,712.48,574.9
22:40:40,server_8,423.04,227.82
22:40:40,server_5,48.05,40.67
22:40:45,server_20,488.14,360.31
22:40:45,server_19,1015.4,1345.45
22:40:45,server_18,208.55,240.5
22:40:45,server_17,879.29,898.09
22:40:45,server_16,298.92,267.42
22:40:45,server_15,158.29,107.5
22:40:45,server_14,315.62,169.7
22:40:45,server_12,618.54,487.12
22:40:45,server_11,411.33,385.68
22:40:45,server_13,924.61,1017.63
22:40:45,server_9,310.21,265.17
22:40:45,server_10,15396.15,17820.32
22:40:45,server_2,254.39,218.87
22:40:45,server_3,1005.16,1103.11
22:40:45,server_4,475.83,685.2
22:40:45,server_1,5115.52,5447.93
22:40:45,server_6,8083.0,6527.16
22:40:45,server_7,609.16,387.81
22:40:45,server_8,343.07,420.47
22:40:45,server_5,807.99,487.71
22:40:50,server_12,4350.17,4766.39
22:40:50,server_20,293.42,331.91
22:40:50,server_19,430.45,226.33
22:40:50,server_18,292.06,210.47
22:40:50,server_17,19052.13,16711.78
22:40:50,server_16,54.1,59.4
22:40:50,server_15,377.14,292.08
22:40:50,server_14,563.89,683.87
22:40:50,server_13,527.11,566.47
22:40:50,server_11,966.76,1028.23
22:40:50,server_3,1039.01,799.72
22:40:50,server_9,860.95,684.92
22:40:50,server_10,866.97,1267.35
22:40:50,server_2,410.5,385.29
22:40:50,server_4,462.87,560.08
22:40:50,server_1,555.04,527.37
22:40:50,server_6,13149.22,15078.33
22:40:50,server_7,929.09,653.74
22:40:50,server_8,1593.83,1386.47
22:40:50,server_5,12638.52,13926.64
22:40:55,server_12,970.07,555.42
22:40:55,server_19,871.7,522.66
22:40:55,server_18,70.85,96.32
22:40:55,server_17,107.56,85.98
22:40:55,server_16,346.0,258.01
22:40:55,server_15,936.16,861.58
22:40:55,server_14,199.27,134.01
22:40:55,server_20,1051.07,1041.02
22:40:55,server_11,508.6,530.2
22:40:55,server_13,147.53,126.63
22:40:55,server_9,71.13,99.63
22:40:55,server_1,321.02,406.9
22:40:55,server_2,887.11,1256.18
22:40:55,server_3,18825.25,21129.62
22:40:55,server_4,507.91,274.07
22:40:55,server_10,231.52,324.1
22:40:55,server_6,896.17,1178.25
22:40:55,server_7,872.62,1198.19
22:40:55,server_8,4521.56,4821.57
22:40:55,server_5,15728.82,12797.04
22:41:00,server_19,423.48,511.59
22:41:00,server_18,649.15,614.21
22:41:00,server_17,172.62,113.29
22:41:00,server_16,602.95,349.35
22:41:00,server_15,438.4,584.71
22:41:00,server_14,400.73,213.25
22:41:00,server_13,823.27,951.31
22:41:00,server_12,147.43,141.77
22:41:00,server_11,909.99,1002.22
22:41:00,server_20,9.7,14.45
22:41:00,server_9,132.65,136.16
22:41:00,server_1,544.25,412.86
22:41:00,server_2,249.29,343.76
22:41:00,server_3,887.4,1159.7
22:41:00,server_4,1949.03,2290.27
22:41:00,server_10,3181.67,2729.15
22:41:00,server_6,857.55,462.12
22:41:00,server_7,1.43,1.55
22:41:00,server_8,864.6,982.74
22:41:00,server_5,830.45,1026.91
22:41:05,server_11,607.74,425.01
22:41:05,server_19,117.4,111.33
22:41:05,server_18,372.78,329.69
22:41:05,server_17,7786.76,8184.98
22:41:05,server_16,338.79,416.69
22:41:05,server_15,959.49,517.39
22:41:05,server_14,19198.75,15547.49
22:41:05,server_13,0.41,0.36
22:41:05,server_12,987.93,1476.31
22:41:05,server_20,15361.47,14726.53
22:41:05,server_10,162.45,155.16
22:41:05,server_8,227.6,201.6
22:41:05,server_9,879.02,825.48
22:41:05,server_1,1782.24,1458.91
22:41:05,server_2,176.0,109.2
22:41:05,server_3,443.14,318.01
22:41:05,server_5,514.65,306.54
22:41:05,server_6,5650.48,5839.78
22:41:05,server_7,115.22,120.85
22:41:05,server_4,900.26,1329.67
22:41:10,server_20,745.17,608.78
22:41:10,server_11,421.11,585.4
22:41:10,server_18,9017.53,8721.67
22:41:10,server_17,414.53,620.31
22:41:10,server_16,2251.96,2675.58
22:41:10,server_15,1016.58,992.83
22:41:10,server_14,1060.58,951.88
22:41:10,server_13,3568.57,3485.35
22:41:10,server_12,52.22,64.67
22:41:10,server_19,4862.17,5039.11
22:41:10,server_10,309.49,409.14
22:41:10,server_8,2490.41,2662.63
22:41:10,server_1,519.09,769.65
22:41:10,server_2,8716.53,9720.45
22:41:10,server_3,463.08,534.31
22:41:10,server_9,238.36,344.45
22:41:10,server_5,750.68,523.82
22:41:10,server_6,127.39,88.33
22:41:10,server_7,5058.75,5036.54
22:41:10,server_4,759.28,971.44
22:41:15,server_19,97.83,98.73
22:41:15,server_18,875.12,683.23
22:41:15,server_17,451.12,472.2
22:41:15,server_16,443.67,452.26
22:41:15,server_15,907.24,828.62
22:41:15,server_14,228.64,206.21
22:41:15,server_13,494.84,738.7
22:41:15,server_12,1000.74,1269.42
22:41:15,server_11,2197.87,2011.87
22:41:15,server_20,8975.48,9743.71
22:41:15,server_9,149.57,177.78
22:41:15,server_1,4561.17,4187.36
22:41:15,server_2,714.33,766.37
22:41:15,server_3,820.84,1191.87
22:41:15,server_4,259.96,272.09
22:41:15,server_10,49.69,26.6
22:41:15,server_6,374.71,353.08
22:41:15,server_7,135.25,78.71
22:41:15,server_8,620.69,643.16
22:41:15,server_5,1450.26,1729.75
22:41:20,server_11,831.36,772.14
22:41:20,server_19,284.38,341.06
22:41:20,server_18,957.48,1408.93
22:41:20,server_17,815.08,922.57
22:41:20,server_16,0.0,0.0
22:41:20,server_15,10210.11,10684.69
22:41:20,server_14,184.99,266.88
22:41:20,server_13,4151.59,3651.59
22:41:20,server_12,400.76,498.03
22:41:20,server_20,368.08,425.81
22:41:20,server_10,572.48,821.57
22:41:20,server_8,969.21,707.01
22:41:20,server_9,863.18,898.2
22:41:20,server_1,596.07,559.55
22:41:20,server_2,631.43,597.58
22:41:20,server_3,13172.5,13828.11
22:41:20,server_5,1726.13,1506.25
22:41:20,server_6,515.16,739.2
22:41:20,server_7,2370.22,2299.31
22:41:20,server_4,614.34,621.04
22:41:25,server_20,195.8,192.76
22:41:25,server_19,889.98,961.93
22:41:25,server_18,423.22,447.28
22:41:25,server_17,8953.09,7802.17
22:41:25,server_16,499.69,605.35
22:41:25,server_15,583.96,340.65
22:41:25,server_14,374.07,510.1
22:41:25,server_13,381.5,558.38
22:41:25,server_12,83.45,109.16
22:41:25,server_11,851.18,899.81
22:41:25,server_9,199.2,272.43
22:41:25,server_1,379.46,565.53
22:41:25,server_2,5652.48,5860.47
22:41:25,server_3,4925.31,5666.75
22:41:25,server_4,156.32,185.89
22:41:25,server_10,112.65,138.82
22:41:25,server_6,592.94,627.2
22:41:25,server_7,827.63,1058.36
22:41:25,server_8,921.78,680.82
22:41:25,server_5,815.75,1167.46
22:41:30,server_12,125.92,138.94
22:41:30,server_19,95.05,87.88
22:41:30,server_18,245.04,350.66
22:41:30,server_17,47.86,58.08
22:41:30,server_16,379.05,284.05
22:41:30,server_15,2460.63,2599.21
22:41:30,server_14,330.75,465.81
22:41:30,server_13,314.9,342.64
22:41:30,server_11,879.14,889.27
22:41:30,server_20,134.01,68.83
22:41:30,server_9,256.79,258.12
22:41:30,server_1,920.18,745.99
22:41:30,server_2,270.42,278.48
22:41:30,server_3,190.8,247.83
22:41:30,server_4,19350.05,21198.61
22:41:30,server_10,1266.95,1207.9
22:41:30,server_6,874.18,916.98
22:41:30,server_7,19234.02,22550.91
22:41:30,server_8,305.94,397.7
22:41:30,server_5,312.78,452.65
22:41:35,server_11,297.05,326.99
22:41:35,server_19,234.24,295.21
22:41:35,server_18,922.94,499.12
22:41:35,server_17,813.96,667.81
22:41:35,server_16,9254.99,10258.92
22:41:35,server_15,841.39,1129.93
22:41:35,server_14,4443.81,4782.95
22:41:35,server_13,830.63,522.56
22:41:35,server_12,2106.87,1945.66
22:41:35,server_20,144.12,174.89
22:41:35,server_10,183.05,217.22
22:41:35,server_8,730.28,809.77
22:41:35,server_7,919.16,916.1
22:41:35,server_6,514.35,452.21
22:41:35,server_5,934.31,555.64
22:41:35,server_4,18695.68,21487.33
22:41:35,server_3,965.68,646.96
22:41:35,server_2,303.67,245.72
22:41:35,server_1,323.03,355.15
22:41:35,server_9,576.4,290.35
22:41:40,server_13,325.37,323.67
22:41:40,server_14,265.93,308.98
22:41:40,server_15,867.36,894.91
22:41:40,server_16,162.55,234.82
22:41:40,server_20,57.29,42.24
22:41:40,server_18,734.34,457.68
22:41:40,server_19,105.39,123.55
22:41:40,server_12,328.5,461.65
22:41:40,server_17,5297.26,5295.16
22:41:40,server_11,22.21,12.36
22:41:40,server_10,3540.08,3128.06
22:41:40,server_9,0.0,0.0
22:41:40,server_2,306.71,211.12
22:41:40,server_3,406.39,390.52
22:41:40,server_4,481.56,699.99
22:41:40,server_1,337.71,271.25
22:41:40,server_6,814.6,673.13
22:41:40,server_7,1093.26,1258.4
22:41:40,server_8,481.38,267.06
22:41:40,server_5,674.9,860.3
22:41:45,server_12,522.42,540.08
22:41:45,server_19,564.71,655.54
22:41:45,server_18,919.49,1080.4
22:41:45,server_17,812.27,902.6
22:41:45,server_16,896.08,1266.9
22:41:45,server_15,625.6,414.92
22:41:45,server_14,10597.74,8566.98
22:41:45,server_13,300.7,241.81
22:41:45,server_11,512.18,377.05
22:41:45,server_20,509.57,749.48
22:41:45,server_9,343.52,302.52
22:41:45,server_1,84.32,75.47
22:41:45,server_2,212.45,137.42
22:41:45,server_3,923.27,907.62
22:41:45,server_4,7741.12,8679.53
22:41:45,server_10,377.36,345.86
22:41:45,server_6,489.28,597.77
22:41:45,server_7,16409.47,13397.54
22:41:45,server_8,30.17,27.94
22:41:45,server_5,929.26,1234.0
22:41:50,server_11,118.36,174.2
22:41:50,server_19,679.39,464.83
22:41:50,server_18,151.98,120.24
22:41:50,server_17,1004.48,1262.16
22:41:50,server_16,942.11,603.63
22:41:50,server_15,246.96,167.32
22:41:50,server_14,970.16,825.95
22:41:50,server_13,938.08,1188.56
22:41:50,server_12,212.86,273.1
22:41:50,server_20,491.15,348.17
22:41:50,server_10,857.78,1236.11
22:41:50,server_8,892.23,1149.53
22:41:50,server_7,973.85,1392.09
22:41:50,server_6,245.18,325.69
22:41:50,server_5,82.44,122.85
22:41:50,server_4,10034.12,9318.68
22:41:50,server_3,112.72,148.91
22:41:50,server_2,267.62,175.36
22:41:50,server_1,41.73,61.82
22:41:50,server_9,969.14,880.71
22:41:55,server_14,445.93,667.82
22:41:55,server_15,290.67,390.6
22:41:55,server_16,325.37,285.5
22:41:55,server_13,136.86,91.31
22:41:55,server_18,837.6,1245.78
22:41:55,server_19,328.14,181.84
22:41:55,server_20,437.63,520.91
22:41:55,server_17,738.92,668.97
22:41:55,server_12,14527.1,14730.09
22:41:55,server_11,109.24,131.42
22:41:55,server_1,889.02,1115.35
22:41:55,server_9,502.19,632.3
22:41:55,server_8,40.18,33.24
22:41:55,server_7,306.8,206.23
22:41:55,server_6,69.23,40.32
22:41:55,server_5,632.24,550.57
22:41:55,server_4,148.33,130.36
22:41:55,server_3,924.93,474.34
22:41:55,server_2,574.49,713.72
22:41:55,server_10,614.41,791.28
22:42:00,server_13,12301.89,13629.17
22:42:00,server_14,451.4,315.65
22:42:00,server_15,18641.35,22191.94
22:42:00,server_20,1066.72,1232.89
22:42:00,server_18,10888.53,11492.36
22:42:00,server_19,229.18,220.75
22:42:00,server_12,4938.68,5706.39
22:42:00,server_16,314.92,308.94
22:42:00,server_11,24.26,21.14
22:42:00,server_17,469.46,579.22
22:42:00,server_9,864.99,956.63
22:42:00,server_10,2212.58,1929.42
22:42:00,server_2,330.37,458.76
22:42:00,server_3,0.34,0.37
22:42:00,server_4,114.75,143.47
22:42:00,server_1,71.16,80.01
22:42:00,server_6,460.29,381.42
22:42:00,server_7,283.77,351.19
22:42:00,server_8,900.91,992.61
22:42:00,server_5,2305.36,2693.84
22:42:05,server_20,599.32,503.43
22:42:05,server_12,453.88,662.46
22:42:05,server_19,15017.04,13521.13
22:42:05,server_18,306.87,348.98
22:42:05,server_17,970.83,1314.31
22:42:05,server_16,416.63,591.31
22:42:05,server_15,874.55,621.34
22:42:05,server_14,1261.74,1328.67
22:42:05,server_13,296.13,194.89
22:42:05,server_11,18.08,19.53
22:42:05,server_7,83.92,44.52
22:42:05,server_9,393.22,546.66
22:42:05,server_8,679.51,993.49
22:42:05,server_6,257.88,275.91
22:42:05,server_5,810.66,1036.93
22:42:05,server_4,131.52,156.61
22:42:05,server_3,149.67,217.37
22:42:05,server_2,53.5,46.5
22:42:05,server_1,306.49,320.36
22:42:05,server_10,417.86,452.65
22:42:10,server_15,973.17,564.79
22:42:10,server_13,258.53,354.98
22:42:10,server_14,98.43,95.04
22:42:10,server_16,265.06,154.14
22:42:10,server_12,1249.62,1159.22
22:42:10,server_18,1835.63,2096.72
22:42:10,server_19,796.71,403.03
22:42:10,server_20,2692.25,2670.93
22:42:10,server_17,151.61,210.64
22:42:10,server_11,6279.36,5259.03
22:42:10,server_1,459.99,592.38
22:42:10,server_9,1075.17,1264.88
22:42:10,server_2,16987.98,14152.69
22:42:10,server_3,567.07,283.66
22:42:10,server_4,336.67,301.94
22:42:10,server_10,3616.9,3643.12
22:42:10,server_6,4986.47,4284.6
22:42:10,server_7,4839.2,4709.96
22:42:10,server_8,1608.77,1873.5
22:42:10,server_5,346.51,173.39
22:42:15,server_13,275.82,195.41
22:42:15,server_20,111.26,77.22
22:42:15,server_19,380.89,555.22
22:42:15,server_18,198.92,242.1
22:42:15,server_17,925.41,659.97
22:42:15,server_16,7512.95,7955.7
22:42:15,server_15,261.95,168.83
22:42:15,server_14,595.79,422.11
22:42:15,server_12,166.52,173.73
22:42:15,server_11,223.38,299.18
22:42:15,server_1,973.47,809.41
22:42:15,server_9,78.0,89.85
22:42:15,server_8,36.26,23.22
22:42:15,server_7,53.15,32.87
22:42:15,server_6,612.13,517.52
22:42:15,server_5,949.08,792.32
22:42:15,server_4,453.15,348.62
22:42:15,server_3,675.2,792.89
22:42:15,server_2,19405.13,16715.39
22:42:15,server_10,982.81,992.21
22:42:20,server_13,536.62,300.69
22:42:20,server_14,67.45,91.57
22:42:20,server_15,392.91,563.77
22:42:20,server_16,939.78,567.13
22:42:20,server_12,68.29,101.02
22:42:20,server_18,497.13,299.08
22:42:20,server_19,345.27,363.85
22:42:20,server_20,193.16,226.47
22:42:20,server_17,19720.29,23253.82
22:42:20,server_11,129.28,81.15
22:42:20,server_1,929.36,590.18
22:42:20,server_9,11849.59,12988.72
22:42:20,server_8,861.33,824.24
22:42:20,server_7,2220.45,2453.19
22:42:20,server_6,304.2,181.96
22:42:20,server_5,928.86,613.23
22:42:20,server_4,268.2,298.58
22:42:20,server_3,794.4,435.28
22:42:20,server_2,81.23,80.49
22:42:20,server_10,30.35,28.75
22:42:25,server_13,212.79,237.18
22:42:25,server_14,92.14,129.23
22:42:25,server_15,406.36,339.64
22:42:25,server_16,481.27,618.53
22:42:25,server_20,9475.5,7874.69
22:42:25,server_18,380.97,311.53
22:42:25,server_19,94.24,72.39
22:42:25,server_12,590.21,523.29
22:42:25,server_17,116.05,76.22
22:42:25,server_11,537.25,410.73
22:42:25,server_1,4214.41,4237.85
22:42:25,server_9,724.45,780.48
22:42:25,server_2,180.11,193.0
22:42:25,server_3,17780.9,15339.97
22:42:25,server_4,196.68,283.33
22:42:25,server_10,310.13,347.96
22:42:25,server_6,500.04,694.29
22:42:25,server_7,509.05,444.6
22:42:25,server_8,0.0,0.0
22:42:25,server_5,14790.03,12373.68
22:42:30,server_12,177.35,222.53
22:42:30,server_19,433.55,310.99
22:42:30,server_18,967.66,956.02
22:42:30,server_17,401.78,573.05
22:42:30,server_16,16140.38,15222.4
22:42:30,server_15,4407.98,3784.2
22:42:30,server_14,872.53,503.62
22:42:30,server_13,778.79,841.46
22:42:30,server_20,562.4,598.35
22:42:30,server_11,930.25,1340.25
22:42:30,server_9,505.42,695.37
22:42:30,server_8,11717.56,10253.24
22:42:30,server_7,494.04,639.43
22:42:30,server_6,328.46,406.34
22:42:30,server_5,494.25,460.55
22:42:30,server_4,922.99,544.44
22:42:30,server_3,182.58,96.1
22:42:30,server_2,625.8,772.4
22:42:30,server_1,935.25,651.44
22:42:30,server_10,12263.59,12058.97
22:42:35,server_13,893.65,453.75
22:42:35,server_14,1729.62,1763.54
22:42:35,server_15,29.73,32.48
22:42:35,server_16,2391.39,2036.33
22:42:35,server_12,44.96,37.32
22:42:35,server_18,951.71,645.23
22:42:35,server_19,41.3,53.06
22:42:35,server_20,810.18,418.94
22:42:35,server_17,605.17,620.3
22:42:35,server_11,903.81,646.2
22:42:35,server_10,434.37,347.01
22:42:35,server_9,0.19,0.22
22:42:35,server_8,510.81,632.38
22:42:35,server_7,96.89,92.38
22:42:35,server_6,881.19,799.68
22:42:35,server_5,3595.14,3330.14
22:42:35,server_4,4761.68,4412.58
22:42:35,server_3,987.49,743.17
22:42:35,server_2,63.96,74.07
22:42:35,server_1,907.02,801.63
22:42:40,server_13,268.81,179.28
22:42:40,server_14,285.49,281.29
22:42:40,server_15,132.09,71.82
22:42:40,server_16,170.73,173.16
22:42:40,server_20,111.74,161.32
22:42:40,server_18,937.03,855.76
22:42:40,server_19,713.39,775.43
22:42:40,server_12,327.37,312.79
22:42:40,server_17,539.8,482.84
22:42:40,server_11,171.13,165.47
22:42:40,server_10,43.61,41.26
22:42:40,server_9,475.29,588.29
22:42:40,server_2,881.68,574.47
22:42:40,server_3,940.6,1252.99
22:42:40,server_4,11749.28,13686.56
22:42:40,server_1,1639.85,1453.35
22:42:40,server_6,330.36,454.05
22:42:40,server_7,8135.76,8273.13
22:42:40,server_8,857.75,644.19
22:42:40,server_5,4107.47,3307.56
22:42:45,server_12,293.04,272.06
22:42:45,server_19,571.01,303.98
22:42:45,server_18,233.21,328.42
22:42:45,server_17,4103.42,3625.11
22:42:45,server_16,59.33,79.52
22:42:45,server_15,938.5,1333.57
22:42:45,server_14,107.21,68.35
22:42:45,server_13,65.48,52.73
22:42:45,server_11,3188.58,3271.78
22:42:45,server_20,550.13,333.74
22:42:45,server_9,222.62,257.45
22:42:45,server_1,858.33,566.89
22:42:45,server_2,1017.32,1107.58
22:42:45,server_3,485.5,463.3
22:42:45,server_4,8.35,5.27
22:42:45,server_10,484.88,255.01
22:42:45,server_6,153.82,182.18
22:42:45,server_7,108.55,112.6
22:42:45,server_8,6732.29,7272.86
22:42:45,server_5,324.39,371.84
22:42:50,server_12,16810.49,17476.79
22:42:50,server_19,917.81,1252.12
22:42:50,server_18,925.96,930.76
22:42:50,server_17,566.56,650.57
22:42:50,server_16,155.83,112.67
22:42:50,server_15,291.13,225.13
22:42:50,server_14,1033.75,767.1
22:42:50,server_13,485.15,359.41
22:42:50,server_11,503.59,334.37
22:42:50,server_20,152.68,203.65
22:42:50,server_9,98.38,78.01
22:42:50,server_1,318.75,192.31
22:42:50,server_2,119.93,78.85
22:42:50,server_3,43.9,30.21
22:42:50,server_4,875.34,1165.66
22:42:50,server_10,231.13,272.85
22:42:50,server_6,147.76,207.1
22:42:50,server_7,379.23,431.13
22:42:50,server_8,73.02,92.01
22:42:50,server_5,28.26,28.19
22:42:55,server_11,11470.24,9934.56
22:42:55,server_19,123.37,138.21
22:42:55,server_18,539.37,293.04
22:42:55,server_17,996.75,1057.2
22:42:55,server_16,187.69,242.58
22:42:55,server_15,222.28,310.05
22:42:55,server_14,777.59,1034.38
22:42:55,server_13,11567.64,12250.72
22:42:55,server_12,665.92,800.47
22:42:55,server_20,457.79,436.59
22:42:55,server_10,533.16,669.52
22:42:55,server_8,852.69,974.07
22:42:55,server_7,949.55,762.25
22:42:55,server_6,15551.15,17989.46
22:42:55,server_5,160.76,169.08
22:42:55,server_4,990.24,1418.65
22:42:55,server_3,19299.31,17025.35
22:42:55,server_2,951.71,1067.45
22:42:55,server_1,72.18,64.73
22:42:55,server_9,182.79,224.89
22:43:00,server_13,231.86,199.96
22:43:00,server_14,28.75,40.57
22:43:00,server_15,343.62,233.73
22:43:00,server_12,16992.77,17100.41
22:43:00,server_17,712.6,469.7
22:43:00,server_18,570.42,589.78
22:43:00,server_19,524.54,672.17
22:43:00,server_16,522.49,359.84
22:43:00,server_11,868.12,599.91
22:43:00,server_20,122.15,80.43
22:43:00,server_9,978.52,1043.91
22:43:00,server_1,341.71,247.4
22:43:00,server_2,339.65,230.05
22:43:00,server_3,195.54,168.83
22:43:00,server_4,629.19,388.37
22:43:00,server_10,4750.73,4613.97
22:43:00,server_6,380.89,297.84
22:43:00,server_7,642.42,880.5
22:43:00,server_8,53.63,46.8
22:43:00,server_5,593.74,364.21
22:43:05,server_19,686.27,921.9
22:43:05,server_18,4521.44,4762.03
22:43:05,server_17,588.03,833.56
22:43:05,server_16,312.13,259.94
22:43:05,server_15,16941.68,14357.37
22:43:05,server_14,879.61,641.77
22:43:05,server_13,1016.9,1244.05
22:43:05,server_12,74.33,72.03
22:43:05,server_11,2287.62,2014.91
22:43:05,server_20,348.99,400.91
22:43:05,server_9,88.39,123.6
22:43:05,server_1,204.09,275.36
22:43:05,server_2,108.0,67.57
22:43:05,server_3,295.03,432.54
22:43:05,server_4,2288.04,2112.17
22:43:05,server_10,300.68,206.23
22:43:05,server_6,726.68,717.7
22:43:05,server_7,884.44,493.38
22:43:05,server_8,14180.01,11599.47
22:43:05,server_5,810.78,567.86
22:43:10,server_11,245.91,195.25
22:43:10,server_19,626.89,325.6
22:43:10,server_18,39.99,20.69
22:43:10,server_17,853.53,684.06
22:43:10,server_16,440.34,647.53
22:43:10,server_15,350.52,444.26
22:43:10,server_14,299.91,165.26
22:43:10,server_13,931.23,636.67
22:43:10,server_12,944.42,628.47
22:43:10,server_20,149.11,110.32
22:43:10,server_10,143.45,138.09
22:43:10,server_8,580.13,647.38
22:43:10,server_9,3.06,2.38
22:43:10,server_1,850.1,1069.92
22:43:10,server_2,2304.3,2761.03
22:43:10,server_3,4749.5,5054.74
22:43:10,server_5,455.16,302.16
22:43:10,server_6,1243.69,1168.37
22:43:10,server_7,448.07,413.37
22:43:10,server_4,4997.81,4393.12
22:43:15,server_20,81.0,66.22
22:43:15,server_11,4464.23,4124.54
22:43:15,server_18,19799.48,19694.13
22:43:15,server_17,19173.13,15481.05
22:43:15,server_16,3705.41,3514.57
22:43:15,server_15,888.46,791.97
22:43:15,server_14,886.05,628.4
22:43:15,server_13,561.67,294.79
22:43:15,server_12,578.53,600.51
22:43:15,server_19,252.97,304.46
22:43:15,server_10,553.64,538.28
22:43:15,server_8,234.82,149.02
22:43:15,server_1,1018.66,1414.08
22:43:15,server_2,17162.52,19423.09
22:43:15,server_3,253.7,268.99
22:43:15,server_9,16854.51,17758.28
22:43:15,server_5,256.58,366.96
22:43:15,server_6,649.29,745.47
22:43:15,server_7,397.49,354.71
22:43:15,server_4,111.54,132.65
22:43:20,server_12,8739.49,9094.9
22:43:20,server_19,146.32,90.39
22:43:20,server_18,157.23,97.83
22:43:20,server_17,973.05,1111.88
22:43:20,server_16,4078.47,4364.09
22:43:20,server_15,457.48,448.51
22:43:20,server_14,712.82,757.57
22:43:20,server_13,395.64,235.29
22:43:20,server_11,7554.83,8866.58
22:43:20,server_20,13.52,11.11
22:43:20,server_9,537.63,735.56
22:43:20,server_1,353.19,185.99
22:43:20,server_2,1010.87,708.17
22:43:20,server_3,528.51,268.78
22:43:20,server_4,116.79,117.9
22:43:20,server_10,396.18,326.1
22:43:20,server_6,464.17,686.02
22:43:20,server_7,672.17,494.72
22:43:20,server_8,286.53,373.14
22:43:20,server_5,966.43,1205.19
22:43:25,server_11,10874.28,11309.96
22:43:25,server_19,7385.8,7501.88
22:43:25,server_18,293.73,329.67
22:43:25,server_17,574.9,710.61
22:43:25,server_16,976.96,776.49
22:43:25,server_15,18640.66,22158.58
22:43:25,server_14,965.62,941.47
22:43:25,server_13,931.01,756.8
22:43:25,server_12,19441.36,16502.36
22:43:25,server_20,762.87,561.93
22:43:25,server_10,8.19,5.83
22:43:25,server_8,711.64,496.91
22:43:25,server_7,10249.55,8971.16
22:43:25,server_6,372.58,318.93
22:43:25,server_5,18003.96,18299.83
22:43:25,server_4,568.89,360.82
22:43:25,server_3,373.97,267.95
22:43:25,server_2,950.49,1109.89
22:43:25,server_1,891.72,535.12
22:43:25,server_9,69.38,70.28
22:43:30,server_13,1030.22,1334.94
22:43:30,server_14,17285.56,17038.96
22:43:30,server_15,201.56,223.93
22:43:30,server_12,1017.97,1069.56
22:43:30,server_17,2304.63,2228.67
22:43:30,server_18,424.03,495.28
22:43:30,server_19,425.82,567.21
22:43:30,server_16,295.68,386.22
22:43:30,server_11,979.19,1036.19
22:43:30,server_20,289.88,166.63
22:43:30,server_9,2822.1,3102.67
22:43:30,server_1,5729.56,5490.23
22:43:30,server_2,293.62,339.28
22:43:30,server_3,116.41,173.72
22:43:30,server_4,328.48,286.54
22:43:30,server_10,881.65,626.78
22:43:30,server_6,505.4,475.49
22:43:30,server_7,1015.74,1132.97
22:43:30,server_8,638.04,574.9
22:43:30,server_5,552.21,389.02
22:43:35,server_12,574.88,640.03
22:43:35,server_20,48.0,64.69
22:43:35,server_19,233.66,183.53
22:43:35,server_18,351.29,197.48
22:43:35,server_17,1930.68,2059.28
22:43:35,server_16,3326.97,3449.44
22:43:35,server_15,145.85,117.25
22:43:35,server_14,155.56,230.26
22:43:35,server_13,16976.63,15368.49
22:43:35,server_11,12526.12,10425.72
22:43:35,server_10,310.4,158.58
22:43:35,server_9,21.93,23.36
22:43:35,server_2,263.44,374.48
22:43:35,server_3,206.96,281.72
22:43:35,server_4,465.28,328.35
22:43:35,server_1,267.72,136.83
22:43:35,server_6,938.52,513.63
22:43:35,server_7,326.94,204.99
22:43:35,server_8,583.74,817.61
22:43:35,server_5,32.98,48.15
22:43:40,server_12,928.69,578.05
22:43:40,server_19,984.67,950.43
22:43:40,server_18,106.82,141.09
22:43:40,server_17,5254.9,4283.7
22:43:40,server_16,2004.02,2094.75
22:43:40,server_15,9855.13,9755.38
22:43:40,server_14,85.03,121.12
22:43:40,server_13,275.03,282.58
22:43:40,server_11,2629.33,2763.68
22:43:40,server_20,17059.82,20007.07
22:43:40,server_9,3276.08,3230.63
22:43:40,server_1,324.41,343.69
22:43:40,server_2,485.86,334.91
22:43:40,server_3,931.84,597.85
22:43:40,server_4,148.31,203.92
22:43:40,server_10,881.45,659.35
22:43:40,server_6,999.85,1487.48
22:43:40,server_7,759.1,710.36
22:43:40,server_8,858.8,1273.41
22:43:40,server_5,0.0,0.0
22:43:45,server_12,205.51,180.28
22:43:45,server_19,164.59,101.57
22:43:45,server_18,174.09,202.58
22:43:45,server_17,262.71,320.28
22:43:45,server_16,870.82,1078.6
22:43:45,server_15,17793.14,16290.16
22:43:45,server_14,612.75,541.55
22:43:45,server_13,483.53,376.6
22:43:45,server_11,466.11,514.15
22:43:45,server_20,1770.62,1576.62
22:43:45,server_9,372.31,365.56
22:43:45,server_1,100.69,95.81
22:43:45,server_2,871.69,1059.12
22:43:45,server_3,11478.51,11135.24
22:43:45,server_4,444.4,460.39
22:43:45,server_10,669.96,365.18
22:43:45,server_6,2400.79,2847.55
22:43:45,server_7,60.32,60.54
22:43:45,server_8,128.34,82.12
22:43:45,server_5,1014.85,632.34
22:43:50,server_11,669.11,544.72
22:43:50,server_19,168.27,241.73
22:43:50,server_18,387.13,345.32
22:43:50,server_17,448.86,400.9
22:43:50,server_16,330.58,404.0
22:43:50,server_15,910.33,1357.01
22:43:50,server_14,940.37,1054.55
22:43:50,server_13,278.06,390.62
22:43:50,server_12,163.51,98.41
22:43:50,server_20,14310.11,12595.39
22:43:50,server_10,996.63,1072.36
22:43:50,server_8,251.58,182.26
22:43:50,server_7,536.44,772.23
22:43:50,server_6,10309.08,11497.21
22:43:50,server_5,440.04,580.82
22:43:50,server_4,11885.1,12448.87
22:43:50,server_3,15914.2,13012.51
22:43:50,server_2,344.73,311.54
22:43:50,server_1,191.82,249.07
22:43:50,server_9,106.9,112.64
22:43:55,server_13,616.99,915.37
22:43:55,server_14,129.37,143.29
22:43:55,server_15,620.12,895.05
22:43:55,server_12,962.8,1078.9
22:43:55,server_17,592.44,346.5
22:43:55,server_18,957.67,887.13
22:43:55,server_19,84.56,120.45
22:43:55,server_16,888.31,707.12
22:43:55,server_11,464.54,505.95
22:43:55,server_20,377.26,261.81
22:43:55,server_9,873.17,1072.82
22:43:55,server_1,69.1,76.33
22:43:55,server_2,11617.09,11043.12
22:43:55,server_3,801.22,538.28
22:43:55,server_4,908.9,595.99
22:43:55,server_10,811.48,410.8
22:43:55,server_6,459.53,496.96
22:43:55,server_7,935.92,662.49
22:43:55,server_8,2508.13,2452.07
22:43:55,server_5,37.23,42.09
22:44:00,server_19,961.53,539.79
22:44:00,server_18,17796.07,16229.81
22:44:00,server_17,374.93,384.04
22:44:00,server_16,484.66,650.71
22:44:00,server_15,631.88,344.79
22:44:00,server_14,417.74,439.07
22:44:00,server_13,53.36,73.26
22:44:00,server_12,132.94,117.75
22:44:00,server_11,520.28,372.01
22:44:00,server_20,695.32,601.12
22:44:00,server_9,515.28,496.23
22:44:00,server_1,63.73,42.87
22:44:00,server_2,340.78,359.8
22:44:00,server_3,522.17,761.89
22:44:00,server_4,252.45,196.03
22:44:00,server_10,15843.62,15283.61
22:44:00,server_6,5928.8,5447.19
22:44:00,server_7,17122.07,17859.61
22:44:00,server_8,93.94,119.54
22:44:00,server_5,266.78,284.23
22:44:05,server_11,345.11,276.77
22:44:05,server_19,617.46,738.02
22:44:05,server_18,980.6,1077.67
22:44:05,server_17,960.77,1387.98
22:44:05,server_16,132.96,171.34
22:44:05,server_15,299.59,367.72
22:44:05,server_14,417.08,423.48
22:44:05,server_13,484.16,368.2
22:44:05,server_12,61.12,73.54
22:44:05,server_20,964.35,953.98
22:44:05,server_10,859.33,995.12
22:44:05,server_8,460.79,433.03
22:44:05,server_9,148.06,162.01
22:44:05,server_1,749.71,616.86
22:44:05,server_2,719.61,774.76
22:44:05,server_3,155.45,147.77
22:44:05,server_5,22.42,31.35
22:44:05,server_6,827.08,1014.77
22:44:05,server_7,448.05,651.47
22:44:05,server_4,215.39,131.81
22:44:10,server_20,213.71,316.09
22:44:10,server_11,837.82,957.63
22:44:10,server_18,130.06,85.97
22:44:10,server_17,293.96,278.04
22:44:10,server_16,93.13,108.58
22:44:10,server_15,2788.62,3270.1
22:44:10,server_14,397.8,309.06
22:44:10,server_13,3215.68,3097.43
22:44:10,server_12,2341.38,2551.48
22:44:10,server_19,428.79,540.93
22:44:10,server_10,16228.28,18534.42
22:44:10,server_8,350.99,284.79
22:44:10,server_1,958.32,946.76
22:44:10,server_2,58.5,42.61
22:44:10,server_3,349.86,242.39
22:44:10,server_9,717.62,621.23
22:44:10,server_5,191.8,210.91
22:44:10,server_6,262.86,158.32
22:44:10,server_7,8.77,6.52
22:44:10,server_4,224.64,246.47
22:44:15,server_12,7748.6,8416.37
22:44:15,server_19,419.05,457.55
22:44:15,server_18,2160.53,2514.9
22:44:15,server_17,13284.74,11717.78
22:44:15,server_16,859.39,1273.86
22:44:15,server_15,473.12,326.62
22:44:15,server_14,458.03,340.74
22:44:15,server_13,914.31,1244.8
22:44:15,server_11,1292.7,1536.91
22:44:15,server_20,614.85,753.63
22:44:15,server_9,93.61,134.63
22:44:15,server_1,207.1,269.55
22:44:15,server_2,75.66,47.95
22:44:15,server_3,871.44,614.42
22:44:15,server_4,2906.91,3154.83
22:44:15,server_10,903.82,1337.33
22:44:15,server_6,841.61,625.73
22:44:15,server_7,428.18,607.8
22:44:15,server_8,73.59,86.15
22:44:15,server_5,2018.29,2184.72
22:44:20,server_11,464.82,348.47
22:44:20,server_19,17016.41,16550.24
22:44:20,server_18,1014.45,727.63
22:44:20,server_17,150.5,176.64
22:44:20,server_16,121.65,179.27
22:44:20,server_15,451.35,385.35
22:44:20,server_14,864.24,681.05
22:44:20,server_13,464.38,559.03
22:44:20,server_12,630.09,725.47
22:44:20,server_20,164.11,181.64
22:44:20,server_10,897.8,860.86
22:44:20,server_8,664.67,600.74
22:44:20,server_7,3622.29,4287.24
22:44:20,server_6,945.46,886.3
22:44:20,server_5,54.99,38.74
22:44:20,server_4,4377.54,4779.45
22:44:20,server_3,15180.5,17930.4
22:44:20,server_2,835.12,733.61
22:44:20,server_1,117.25,161.68
22:44:20,server_9,2369.96,2412.79
22:44:25,server_13,286.53,383.37
22:44:25,server_14,408.66,595.48
22:44:25,server_15,455.27,486.14
22:44:25,server_12,258.58,300.58
22:44:25,server_17,443.22,512.08
22:44:25,server_18,4577.67,4502.45
22:44:25,server_19,408.2,604.1
22:44:25,server_16,609.9,574.8
22:44:25,server_11,43.04,23.65
22:44:25,server_20,28.96,36.73
22:44:25,server_9,611.2,606.58
22:44:25,server_1,376.08,364.49
22:44:25,server_2,359.46,320.78
22:44:25,server_3,2893.85,3029.25
22:44:25,server_4,465.77,581.36
22:44:25,server_10,8461.55,7888.43
22:44:25,server_6,13763.11,12141.6
22:44:25,server_7,273.32,188.52
22:44:25,server_8,638.66,353.86
22:44:25,server_5,679.56,619.94
22:44:30,server_20,2616.97,2812.48
22:44:30,server_19,455.05,473.16
22:44:30,server_18,899.21,1083.18
22:44:30,server_17,552.01,456.09
22:44:30,server_16,517.01,562.72
22:44:30,server_15,201.29,167.37
22:44:30,server_14,438.23,374.22
22:44:30,server_12,3.0,3.31
22:44:30,server_11,10835.15,9775.17
22:44:30,server_13,242.15,290.7
22:44:30,server_9,1383.91,1471.86
22:44:30,server_10,238.93,259.27
22:44:30,server_2,530.44,546.89
22:44:30,server_3,6028.36,5710.42
22:44:30,server_4,826.81,881.63
22:44:30,server_1,762.85,609.48
22:44:30,server_6,15.96,19.11
22:44:30,server_7,152.54,114.31
22:44:30,server_8,406.62,450.36
22:44:30,server_5,632.63,567.07
22:44:35,server_12,136.03,158.11
22:44:35,server_20,932.45,562.93
22:44:35,server_19,381.77,402.24
22:44:35,server_18,4804.44,4711.2
22:44:35,server_17,417.16,489.14
22:44:35,server_16,14.42,13.89
22:44:35,server_15,162.96,89.03
22:44:35,server_14,5452.73,4762.85
22:44:35,server_13,390.6,458.1
22:44:35,server_11,189.28,195.27
22:44:35,server_3,118.46,80.88
22:44:35,server_9,406.33,242.58
22:44:35,server_10,647.18,941.09
22:44:35,server_2,541.74,456.93
22:44:35,server_4,4718.11,4794.51
22:44:35,server_1,248.27,146.96
22:44:35,server_6,756.86,460.41
22:44:35,server_7,116.6,84.57
22:44:35,server_8,352.28,415.59
22:44:35,server_5,339.36,246.4
22:44:40,server_12,282.8,409.06
22:44:40,server_19,557.31,458.83
22:44:40,server_18,178.76,248.55
22:44:40,server_17,15999.07,18276.62
22:44:40,server_16,661.43,856.03
22:44:40,server_15,314.67,222.91
22:44:40,server_14,280.5,319.54
22:44:40,server_20,412.26,462.52
22:44:40,server_11,340.67,465.45
22:44:40,server_13,17.91,26.1
22:44:40,server_9,4056.8,4418.46
22:44:40,server_1,3.09,2.45
22:44:40,server_2,643.1,506.59
22:44:40,server_3,984.39,628.56
22:44:40,server_4,371.14,385.37
22:44:40,server_10,50.01,27.54
22:44:40,server_6,513.35,460.16
22:44:40,server_7,513.94,312.0
22:44:40,server_8,422.74,507.53
22:44:40,server_5,4971.61,4860.25
22:44:45,server_19,552.35,286.92
22:44:45,server_18,547.22,731.12
22:44:45,server_17,798.9,1157.68
22:44:45,server_16,2983.74,2789.46
22:44:45,server_15,10352.27,10362.09
22:44:45,server_14,351.12,242.42
22:44:45,server_13,549.91,661.66
22:44:45,server_12,2980.39,3242.78
22:44:45,server_11,906.38,494.65
22:44:45,server_20,934.03,1217.44
22:44:45,server_9,3028.41,3364.63
22:44:45,server_1,922.7,778.52
22:44:45,server_2,197.68,280.01
22:44:45,server_3,838.12,560.1
22:44:45,server_4,3004.14,2479.39
22:44:45,server_10,27.55,30.83
22:44:45,server_6,14217.97,16277.69
22:44:45,server_7,262.56,154.1
22:44:45,server_8,2270.47,2539.93
22:44:45,server_5,500.36,687.18
22:44:50,server_11,474.76,667.4
22:44:50,server_19,552.08,462.83
22:44:50,server_18,568.13,500.96
22:44:50,server_17,166.64,123.06
22:44:50,server_16,283.02,316.53
22:44:50,server_15,1022.26,1408.53
22:44:50,server_14,859.97,661.22
22:44:50,server_13,176.41,248.35
22:44:50,server_12,925.85,1047.97
22:44:50,server_20,420.95,603.19
22:44:50,server_10,402.82,532.84
22:44:50,server_8,12807.01,10361.3
22:44:50,server_9,13035.79,14102.85
22:44:50,server_1,343.82,324.08
22:44:50,server_2,926.77,1327.98
22:44:50,server_3,8815.08,8809.13
22:44:50,server_5,692.15,933.33
22:44:50,server_6,387.49,529.23
22:44:50,server_7,476.72,290.17
22:44:50,server_4,143.46,93.48
22:44:55,server_20,785.95,511.77
22:44:55,server_11,851.84,695.56
22:44:55,server_18,405.37,227.68
22:44:55,server_17,4317.09,3939.84
22:44:55,server_16,2512.83,2070.65
22:44:55,server_15,173.13,215.94
22:44:55,server_14,3021.63,2762.54
22:44:55,server_13,949.31,1394.37
22:44:55,server_12,56.26,64.66
22:44:55,server_19,156.55,185.36
22:44:55,server_10,201.96,225.15
22:44:55,server_8,1000.31,1342.33
22:44:55,server_1,350.77,306.68
22:44:55,server_2,19959.5,17624.86
22:44:55,server_3,603.2,573.86
22:44:55,server_9,536.81,579.28
22:44:55,server_5,913.96,788.16
22:44:55,server_6,2601.27,2445.81
22:44:55,server_7,406.99,602.96
22:44:55,server_4,163.52,142.85
22:45:00,server_20,210.02,288.82
22:45:00,server_19,440.65,629.95
22:45:00,server_18,678.46,1016.46
22:45:00,server_17,3905.82,4126.57
22:45:00,server_16,191.55,206.71
22:45:00,server_15,229.3,176.56
22:45:00,server_14,1001.89,597.84
22:45:00,server_12,4410.59,4702.7
22:45:00,server_11,4627.83,4078.65
22:45:00,server_13,9584.82,8654.09
22:45:00,server_9,555.99,757.3
22:45:00,server_10,488.3,319.21
22:45:00,server_2,281.33,141.64
22:45:00,server_3,882.43,1254.25
22:45:00,server_4,1135.44,1070.38
22:45:00,server_1,377.07,427.69
22:45:00,server_6,865.34,493.45
22:45:00,server_7,961.64,1341.88
22:45:00,server_8,952.29,488.8
22:45:00,server_5,8822.15,8124.55
22:45:05,server_12,141.93,137.89
22:45:05,server_19,325.44,451.48
22:45:05,server_18,434.42,649.36
22:45:05,server_20,4747.43,4729.63
22:45:05,server_17,1002.36,770.2
22:45:05,server_16,670.07,755.72
22:45:05,server_15,16439.93,14031.38
22:45:05,server_14,789.08,877.35
22:45:05,server_13,982.56,1465.82
22:45:05,server_11,131.44,186.78
22:45:05,server_3,1930.23,1744.9
22:45:05,server_9,98.87,58.45
22:45:05,server_10,10693.45,10059.06
22:45:05,server_2,325.5,195.87
22:45:05,server_4,286.36,220.31
22:45:05,server_1,67.79,87.39
22:45:05,server_6,3091.99,2718.64
22:45:05,server_7,20.32,12.28
22:45:05,server_8,9666.12,8812.76
22:45:05,server_5,952.01,607.54
22:45:10,server_11,0.0,0.0
22:45:10,server_20,936.55,1036.63
22:45:10,server_18,5357.97,5686.24
22:45:10,server_17,3171.97,3006.35
22:45:10,server_16,4190.71,3372.42
22:45:10,server_15,179.11,156.94
22:45:10,server_14,3471.36,3090.86
22:45:10,server_13,236.73,188.42
22:45:10,server_12,19510.58,19699.85
22:45:10,server_19,850.79,695.42
22:45:10,server_10,807.93,1023.47
22:45:10,server_8,191.93,223.41
22:45:10,server_1,11.58,12.54
22:45:10,server_2,263.14,281.89
22:45:10,server_3,737.55,930.39
22:45:10,server_9,2285.74,2265.62
22:45:10,server_5,224.27,153.37
22:45:10,server_6,621.15,490.13
22:45:10,server_7,550.52,766.71
22:45:10,server_4,6.39,8.3
22:45:15,server_12,408.26,581.82
22:45:15,server_19,4476.75,4981.32
22:45:15,server_18,3299.71,3329.4
22:45:15,server_17,106.09,105.51
22:45:15,server_16,1050.66,527.52
22:45:15,server_15,3243.99,2788.98
22:45:15,server_14,635.49,557.3
22:45:15,server_13,15.1,11.33
22:45:15,server_11,330.56,289.89
22:45:15,server_20,195.52,170.36
22:45:15,server_9,910.11,1201.09
22:45:15,server_1,45.68,23.95
22:45:15,server_2,167.92,217.31
22:45:15,server_3,10092.14,9184.25
22:45:15,server_4,3.02,3.65
22:45:15,server_10,192.57,149.81
22:45:15,server_6,550.35,383.93
22:45:15,server_7,906.41,1180.91
22:45:15,server_8,153.46,181.06
22:45:15,server_5,9580.25,10143.46
22:45:20,server_11,178.87,172.0
22:45:20,server_19,191.66,216.51
22:45:20,server_18,7510.66,7568.75
22:45:20,server_17,13576.0,14680.68
22:45:20,server_16,619.4,427.45
22:45:20,server_15,948.61,834.08
22:45:20,server_14,428.25,484.65
22:45:20,server_13,1645.16,1626.6
22:45:20,server_12,11096.93,11129.71
22:45:20,server_20,4399.39,4703.59
22:45:20,server_10,112.47,120.02
22:45:20,server_8,425.51,567.76
22:45:20,server_7,944.83,563.62
22:45:20,server_6,896.96,867.54
22:45:20,server_5,11373.6,12525.21
22:45:20,server_4,609.71,867.28
22:45:20,server_3,694.33,615.89
22:45:20,server_2,19542.34,22032.58
22:45:20,server_1,961.89,1332.05
22:45:20,server_9,87.32,57.14
22:45:25,server_13,963.19,634.56
22:45:25,server_14,195.23,189.44
22:45:25,server_20,345.91,345.34
22:45:25,server_12,972.67,1141.65
22:45:25,server_17,375.18,473.36
22:45:25,server_18,412.73,339.24
22:45:25,server_19,209.27,295.84
22:45:25,server_16,93.35,74.0
22:45:25,server_11,501.56,636.03
22:45:25,server_15,442.62,458.55
22:45:25,server_9,15998.02,18711.52
22:45:25,server_1,546.93,476.93
22:45:25,server_2,2812.45,2996.71
22:45:25,server_3,297.72,193.92
22:45:25,server_4,18890.68,18124.71
22:45:25,server_10,82.21,87.96
22:45:25,server_6,687.74,959.66
22:45:25,server_7,558.75,599.02
22:45:25,server_8,933.64,586.55
22:45:25,server_5,313.03,413.33
22:45:30,server_12,1672.08,1396.6
22:45:30,server_20,371.68,506.19
22:45:30,server_19,964.8,886.01
22:45:30,server_18,538.25,302.59
22:45:30,server_17,71.56,94.64
22:45:30,server_16,958.62,1371.48
22:45:30,server_15,369.29,299.36
22:45:30,server_14,890.49,603.56
22:45:30,server_13,878.51,445.97
22:45:30,server_11,113.51,143.47
22:45:30,server_10,10975.61,12091.86
22:45:30,server_9,357.32,465.26
22:45:30,server_2,4599.77,4007.03
22:45:30,server_3,982.46,1256.08
22:45:30,server_4,480.19,396.79
22:45:30,server_1,40.4,23.5
22:45:30,server_6,2926.55,3232.42
22:45:30,server_7,668.33,410.43
22:45:30,server_8,791.12,573.84
22:45:30,server_5,4951.69,5373.83
22:45:35,server_12,5.26,3.55
22:45:35,server_19,333.7,493.5
22:45:35,server_18,898.49,917.15
22:45:35,server_17,291.88,241.19
22:45:35,server_16,372.57,357.22
22:45:35,server_15,13109.73,10600.96
22:45:35,server_14,332.26,276.33
22:45:35,server_13,741.1,569.89
22:45:35,server_11,169.95,104.06
22:45:35,server_20,82.46,49.33
22:45:35,server_9,228.34,272.77
22:45:35,server_1,973.98,493.96
22:45:35,server_2,152.47,132.74
22:45:35,server_3,268.6,356.08
22:45:35,server_4,10310.33,11346.3
22:45:35,server_10,296.08,270.74
22:45:35,server_6,4963.22,5145.84
22:45:35,server_7,15572.49,17786.59
22:45:35,server_8,935.15,981.81
22:45:35,server_5,0.0,0.0
22:45:40,server_12,919.98,539.93
22:45:40,server_19,604.38,387.45
22:45:40,server_18,488.98,492.07
22:45:40,server_17,108.81,127.86
22:45:40,server_16,524.12,592.11
22:45:40,server_15,899.11,1267.21
22:45:40,server_14,281.73,339.91
22:45:40,server_13,135.17,80.94
22:45:40,server_11,8542.4,6877.39
22:45:40,server_20,3449.55,3235.44
22:45:40,server_9,718.92,1071.93
22:45:40,server_1,352.47,282.52
22:45:40,server_2,43.31,38.63
22:45:40,server_3,1051.34,1240.3
22:45:40,server_4,534.51,790.21
22:45:40,server_10,3906.97,4022.97
22:45:40,server_6,466.33,394.5
22:45:40,server_7,940.71,580.44
22:45:40,server_8,4731.62,4860.75
22:45:40,server_5,151.16,187.12
22:45:45,server_11,19819.94,17719.48
22:45:45,server_19,4655.2,3978.83
22:45:45,server_18,418.34,612.53
22:45:45,server_17,525.99,624.61
22:45:45,server_16,100.74,135.43
22:45:45,server_15,135.88,144.94
22:45:45,server_14,689.03,998.78
22:45:45,server_13,882.23,945.43
22:45:45,server_12,428.71,590.85
22:45:45,server_20,18135.86,16497.24
22:45:45,server_10,930.7,985.75
22:45:45,server_8,421.38,266.07
22:45:45,server_7,1021.96,802.43
22:45:45,server_6,127.22,146.43
22:45:45,server_5,229.53,295.67
22:45:45,server_4,94.26,50.61
22:45:45,server_3,193.97,123.33
22:45:45,server_2,196.38,150.43
22:45:45,server_1,226.76,335.64
22:45:45,server_9,454.56,550.41
22:45:50,server_13,148.32,112.84
22:45:50,server_14,189.8,216.91
22:45:50,server_15,252.97,127.37
22:45:50,server_12,118.29,154.54
22:45:50,server_17,293.04,317.72
22:45:50,server_18,249.13,221.47
22:45:50,server_19,917.96,992.7
22:45:50,server_16,135.72,90.32
22:45:50,server_11,13294.95,14107.92
22:45:50,server_20,912.4,1245.1
22:45:50,server_9,640.36,440.24
22:45:50,server_1,527.61,303.35
22:45:50,server_2,789.7,882.5
22:45:50,server_3,409.03,315.15
22:45:50,server_4,523.41,582.9
22:45:50,server_10,1012.5,1262.79
22:45:50,server_6,730.87,801.48
22:45:50,server_7,362.97,481.23
22:45:50,server_8,1594.01,1667.87
22:45:50,server_5,478.35,624.7
22:45:55,server_19,577.45,522.12
22:45:55,server_18,619.05,704.29
22:45:55,server_17,175.52,194.35
22:45:55,server_16,651.32,545.48
22:45:55,server_15,272.58,290.09
22:45:55,server_14,18087.61,17327.43
22:45:55,server_13,48.46,59.94
22:45:55,server_12,695.25,617.77
22:45:55,server_11,766.7,858.23
22:45:55,server_20,531.7,454.49
22:45:55,server_9,1017.21,1348.75
22:45:55,server_1,301.26,375.66
22:45:55,server_2,843.42,1154.98
22:45:55,server_3,976.01,1406.14
22:45:55,server_4,771.57,783.86
22:45:55,server_10,606.19,774.32
22:45:55,server_6,1148.92,1271.03
22:45:55,server_7,507.8,547.75
22:45:55,server_8,10.29,12.5
22:45:55,server_5,85.83,66.16
22:46:00,server_11,9969.8,10076.9
22:46:00,server_19,980.58,1262.74
22:46:00,server_18,19205.11,17654.48
22:46:00,server_17,1629.18,1450.59
22:46:00,server_16,613.11,535.29
22:46:00,server_15,851.34,775.29
22:46:00,server_14,861.19,611.03
22:46:00,server_13,285.01,400.04
22:46:00,server_12,14197.04,12745.06
22:46:00,server_20,1062.91,911.03
22:46:00,server_10,850.14,921.99
22:46:00,server_8,20.54,30.24
22:46:00,server_9,8420.78,9327.82
22:46:00,server_1,1644.62,1526.86
22:46:00,server_2,855.86,441.79
22:46:00,server_3,491.08,558.18
22:46:00,server_5,530.45,631.97
22:46:00,server_6,396.67,216.04
22:46:00,server_7,946.01,1102.55
22:46:00,server_4,1033.97,976.78
22:46:05,server_20,4344.04,4971.8
22:46:05,server_11,0.0,0.0
22:46:05,server_18,11818.0,11144.22
22:46:05,server_17,11431.94,11177.74
22:46:05,server_16,398.99,281.15
22:46:05,server_15,222.46,163.78
22:46:05,server_14,870.18,855.82
22:46:05,server_13,315.79,192.43
22:46:05,server_12,16045.6,16599.22
22:46:05,server_19,2117.5,2523.15
22:46:05,server_10,450.54,253.31
22:46:05,server_8,930.8,610.99
22:46:05,server_1,332.36,319.07
22:46:05,server_2,106.6,136.86
22:46:05,server_3,19817.09,20171.94
22:46:05,server_9,115.44,122.18
22:46:05,server_5,10983.4,8970.52
22:46:05,server_6,6.17,8.21
22:46:05,server_7,13117.75,11474.35
22:46:05,server_4,887.54,1132.46
22:46:10,server_13,19940.05,21022.26
22:46:10,server_20,106.87,159.0
22:46:10,server_19,3605.24,3378.32
22:46:10,server_18,567.24,386.68
22:46:10,server_17,997.89,1436.6
22:46:10,server_16,3726.67,4114.78
22:46:10,server_15,456.07,532.24
22:46:10,server_14,258.01,204.56
22:46:10,server_12,93.38,101.74
22:46:10,server_11,14724.82,14758.73
22:46:10,server_1,568.04,623.34
22:46:10,server_9,924.9,939.9
22:46:10,server_8,694.51,590.21
22:46:10,server_7,973.01,1175.19
22:46:10,server_6,991.47,1012.14
22:46:10,server_5,288.77,394.88
22:46:10,server_4,43.32,53.98
22:46:10,server_3,934.39,910.82
22:46:10,server_2,519.64,635.01
22:46:10,server_10,1001.67,1166.89
22:46:15,server_13,14529.73,16402.34
22:46:15,server_14,180.48,250.97
22:46:15,server_15,940.95,1019.18
22:46:15,server_16,172.33,153.18
22:46:15,server_12,189.36,147.61
22:46:15,server_18,969.32,825.8
22:46:15,server_19,701.29,719.63
22:46:15,server_20,312.96,329.5
22:46:15,server_17,110.2,94.99
22:46:15,server_11,3646.15,3516.97
22:46:15,server_1,132.69,164.0
22:46:15,server_9,950.24,1272.74
22:46:15,server_8,18794.07,18956.36
22:46:15,server_7,186.84,200.92
22:46:15,server_6,174.57,127.97
22:46:15,server_5,436.1,535.9
22:46:15,server_4,132.27,114.03
22:46:15,server_3,363.1,401.53
22:46:15,server_2,440.2,448.62
22:46:15,server_10,384.79,211.27
22:46:20,server_13,36.41,45.76
22:46:20,server_14,45.68,54.41
22:46:20,server_15,2255.65,2597.52
22:46:20,server_16,637.67,328.53
22:46:20,server_20,973.13,641.04
22:46:20,server_18,696.36,410.68
22:46:20,server_19,1004.06,791.62
22:46:20,server_12,234.78,323.64
22:46:20,server_17,999.77,1498.24
22:46:20,server_11,839.18,1070.13
22:46:20,server_10,6874.43,6747.81
22:46:20,server_9,19049.97,22192.13
22:46:20,server_8,569.98,358.8
22:46:20,server_7,887.77,1158.94
22:46:20,server_6,308.75,318.68
22:46:20,server_5,205.74,196.23
22:46:20,server_4,2173.32,2500.18
22:46:20,server_3,66.13,82.27
22:46:20,server_2,1027.78,830.14
22:46:20,server_1,54.59,64.7
22:46:25,server_13,238.3,352.53
22:46:25,server_14,938.02,960.18
22:46:25,server_15,706.49,541.69
22:46:25,server_16,10484.29,11887.15
22:46:25,server_20,969.67,1324.67
22:46:25,server_18,1044.67,1166.26
22:46:25,server_19,184.66,235.89
22:46:25,server_12,16662.33,15141.99
22:46:25,server_17,0.0,0.0
22:46:25,server_11,262.97,229.61
22:46:25,server_10,369.21,480.66
22:46:25,server_9,886.57,934.83
22:46:25,server_2,602.68,687.65
22:46:25,server_3,607.64,546.62
22:46:25,server_4,4789.99,4565.82
22:46:25,server_1,658.97,703.82
22:46:25,server_6,286.66,288.32
22:46:25,server_7,2461.16,2013.67
22:46:25,server_8,266.1,207.89
22:46:25,server_5,505.8,643.85
22:46:30,server_12,600.87,814.63
22:46:30,server_19,7.57,6.49
22:46:30,server_18,290.94,145.58
22:46:30,server_17,808.38,754.3
22:46:30,server_16,116.15,167.55
22:46:30,server_15,970.53,560.68
22:46:30,server_14,75.27,86.43
22:46:30,server_13,4699.8,5335.84
22:46:30,server_11,484.29,286.69
22:46:30,server_20,689.94,861.47
22:46:30,server_9,678.81,806.16
22:46:30,server_1,382.18,359.41
22:46:30,server_2,532.9,672.13
22:46:30,server_3,447.42,306.85
22:46:30,server_4,641.88,397.92
22:46:30,server_10,872.47,967.18
22:46:30,server_6,3836.93,3865.35
22:46:30,server_7,314.11,302.17
22:46:30,server_8,13949.78,14245.92
22:46:30,server_5,1616.29,1830.84
22:46:35,server_12,895.7,1141.3
22:46:35,server_19,661.12,840.4
22:46:35,server_18,669.43,483.76
22:46:35,server_17,920.5,968.25
22:46:35,server_16,990.09,1066.16
22:46:35,server_15,25.15,32.46
22:46:35,server_14,966.78,1428.18
22:46:35,server_13,10032.65,11065.35
22:46:35,server_11,237.48,333.32
22:46:35,server_20,349.99,482.22
22:46:35,server_9,1012.02,626.06
22:46:35,server_1,623.74,564.11
22:46:35,server_2,14754.38,12029.29
22:46:35,server_3,345.86,231.67
22:46:35,server_4,187.12,123.86
22:46:35,server_10,88.3,82.48
22:46:35,server_6,634.41,815.23
22:46:35,server_7,1018.65,959.13
22:46:35,server_8,910.84,565.54
22:46:35,server_5,592.8,717.49
22:46:40,server_11,815.74,432.89
22:46:40,server_19,537.1,344.78
22:46:40,server_18,273.8,183.43
22:46:40,server_17,696.52,829.99
22:46:40,server_16,1390.19,1555.55
22:46:40,server_15,14518.46,12188.55
22:46:40,server_14,102.99,119.53
22:46:40,server_13,202.27,139.82
22:46:40,server_12,802.99,876.52
22:46:40,server_20,11749.29,14050.21
22:46:40,server_10,565.85,737.62
22:46:40,server_8,226.67,269.12
22:46:40,server_7,488.76,525.52
22:46:40,server_6,805.42,788.24
22:46:40,server_5,519.06,492.96
22:46:40,server_4,139.27,124.27
22:46:40,server_3,237.08,336.51
22:46:40,server_2,560.33,804.12
22:46:40,server_1,242.26,325.73
22:46:40,server_9,1048.26,1035.04
22:46:45,server_13,872.76,635.37
22:46:45,server_14,612.93,746.29
22:46:45,server_15,455.27,604.66
22:46:45,server_12,125.59,86.96
22:46:45,server_17,343.53,307.25
22:46:45,server_18,2190.81,2379.4
22:46:45,server_19,912.57,1323.58
22:46:45,server_16,2921.1,3107.62
22:46:45,server_11,3385.69,3787.69
22:46:45,server_20,845.73,766.9
22:46:45,server_9,934.58,1243.13
22:46:45,server_1,2526.36,2562.81
22:46:45,server_2,952.9,944.8
22:46:45,server_3,933.52,696.98
22:46:45,server_4,582.6,324.95
22:46:45,server_10,69.33,58.12
22:46:45,server_6,129.54,180.45
22:46:45,server_7,17587.59,15220.6
22:46:45,server_8,930.79,958.69
22:46:45,server_5,832.44,1039.0
22:46:50,server_19,4028.38,3640.08
22:46:50,server_18,658.46,437.91
22:46:50,server_17,470.99,250.52
22:46:50,server_16,275.7,233.31
22:46:50,server_15,380.95,390.66
22:46:50,server_14,11574.89,13622.31
22:46:50,server_13,580.07,745.37
22:46:50,server_12,609.89,341.68
22:46:50,server_11,863.12,828.89
22:46:50,server_20,919.67,1225.26
22:46:50,server_9,472.32,595.49
22:46:50,server_1,399.89,585.67
22:46:50,server_2,17183.64,17824.45
22:46:50,server_3,96.6,140.1
22:46:50,server_4,913.13,633.43
22:46:50,server_10,959.73,1133.2
22:46:50,server_6,124.73,145.8
22:46:50,server_7,956.78,1353.2
22:46:50,server_8,543.49,654.91
22:46:50,server_5,650.14,915.05
22:46:55,server_11,0.0,0.0
22:46:55,server_19,377.67,293.8
22:46:55,server_18,639.04,852.23
22:46:55,server_17,3755.16,3941.37
22:46:55,server_16,843.85,758.39
22:46:55,server_15,77.6,46.14
22:46:55,server_14,368.4,471.41
22:46:55,server_13,77.35,54.6
22:46:55,server_12,2493.61,2166.03
22:46:55,server_20,449.85,617.94
22:46:55,server_10,757.18,840.47
22:46:55,server_8,336.62,386.08
22:46:55,server_9,994.57,1328.79
22:46:55,server_1,843.24,1171.62
22:46:55,server_2,917.24,559.86
22:46:55,server_3,94.06,60.58
22:46:55,server_5,367.95,205.5
22:46:55,server_6,565.1,767.25
22:46:55,server_7,604.72,388.27
22:46:55,server_4,954.72,709.1
22:47:00,server_20,550.29,815.2
22:47:00,server_11,6900.13,6084.65
22:47:00,server_18,120.57,178.56
22:47:00,server_17,1496.93,1759.96
22:47:00,server_16,4312.69,4327.92
22:47:00,server_15,875.32,736.84
22:47:00,server_14,198.19,174.65
22:47:00,server_13,86.28,62.55
22:47:00,server_12,261.33,299.24
22:47:00,server_19,513.81,327.95
22:47:00,server_10,91.97,63.95
22:47:00,server_8,459.71,439.97
22:47:00,server_1,4359.18,5187.63
22:47:00,server_2,12363.2,10586.85
22:47:00,server_3,165.82,184.46
22:47:00,server_9,171.38,167.09
22:47:00,server_5,829.3,614.74
22:47:00,server_6,945.34,1282.39
22:47:00,server_7,43.1,43.71
22:47:00,server_4,777.95,651.97
22:47:05,server_12,474.65,264.59
22:47:05,server_19,495.56,715.21
22:47:05,server_18,489.8,578.02
22:47:05,server_17,309.89,363.97
22:47:05,server_16,676.29,605.8
22:47:05,server_15,908.07,552.71
22:47:05,server_14,3997.21,3299.98
22:47:05,server_13,672.76,576.89
22:47:05,server_11,134.8,168.55
22:47:05,server_20,19433.98,16896.04
22:47:05,server_9,261.78,189.11
22:47:05,server_1,964.98,952.69
22:47:05,server_2,973.59,1273.15
22:47:05,server_3,362.0,425.57
22:47:05,server_4,483.53,582.98
22:47:05,server_10,89.1,61.75
22:47:05,server_6,913.99,656.62
22:47:05,server_7,4790.57,4457.82
22:47:05,server_8,152.36,198.23
22:47:05,server_5,294.3,222.36
22:47:10,server_11,17707.93,18206.1
22:47:10,server_19,534.89,637.46
22:47:10,server_18,664.82,747.38
22:47:10,server_17,10145.76,9354.19
22:47:10,server_16,62.94,85.65
22:47:10,server_15,32.59,47.46
22:47:10,server_14,858.27,479.89
22:47:10,server_13,1510.93,1403.4
22:47:10,server_12,631.95,360.34
22:47:10,server_20,10361.77,12139.47
22:47:10,server_10,108.57,116.39
22:47:10,server_8,928.4,1256.91
22:47:10,server_7,268.79,161.9
22:47:10,server_6,173.6,98.58
22:47:10,server_5,255.92,367.17
22:47:10,server_4,887.71,712.78
22:47:10,server_3,417.87,544.31
22:47:10,server_2,227.23,147.12
22:47:10,server_1,476.8,556.96
22:47:10,server_9,936.86,933.24
22:47:15,server_13,1233.74,1437.44
22:47:15,server_14,558.6,463.22
22:47:15,server_15,236.96,206.72
22:47:15,server_12,555.87,553.44
22:47:15,server_17,107.17,86.13
22:47:15,server_18,1382.01,1630.55
22:47:15,server_19,286.07,339.5
22:47:15,server_16,665.97,976.83
22:47:15,server_11,315.36,404.3
22:47:15,server_20,564.95,510.54
22:47:15,server_9,898.09,459.51
22:47:15,server_1,213.98,176.65
22:47:15,server_2,144.27,92.45
22:47:15,server_3,988.48,1131.82
22:47:15,server_4,16857.45,20226.72
22:47:15,server_10,432.71,259.18
22:47:15,server_6,276.87,265.16
22:47:15,server_7,263.55,152.03
22:47:15,server_8,666.28,382.23
22:47:15,server_5,50.03,42.46
22:47:20,server_12,953.18,1293.31
22:47:20,server_20,285.41,166.01
22:47:20,server_19,821.41,1195.58
22:47:20,server_18,1004.09,1309.26
22:47:20,server_17,553.24,663.19
22:47:20,server_16,985.8,517.22
22:47:20,server_15,5203.14,5289.33
22:47:20,server_14,910.37,539.79
22:47:20,server_13,850.58,509.94
22:47:20,server_11,3.34,3.59
22:47:20,server_10,41.48,49.26
22:47:20,server_9,155.74,119.86
22:47:20,server_2,13495.96,15208.67
22:47:20,server_3,422.71,513.01
22:47:20,server_4,2592.88,2988.97
22:47:20,server_1,233.36,277.82
22:47:20,server_6,842.9,826.84
22:47:20,server_7,139.93,199.72
22:47:20,server_8,930.87,843.12
22:47:20,server_5,1021.94,1357.94
22:47:25,server_12,56.71,56.31
22:47:25,server_19,986.05,1197.62
22:47:25,server_18,0.0,0.0
22:47:25,server_17,957.26,814.99
22:47:25,server_16,186.71,241.31
22:47:25,server_15,1030.13,621.75
22:47:25,server_14,223.42,287.99
22:47:25,server_13,308.32,355.5
22:47:25,server_11,195.56,293.18
22:47:25,server_20,454.96,260.1
22:47:25,server_9,129.97,190.64
22:47:25,server_1,1025.07,863.28
22:47:25,server_2,15.95,23.35
22:47:25,server_3,488.99,549.39
22:47:25,server_4,612.0,582.26
22:47:25,server_10,940.96,1091.81
22:47:25,server_6,45.69,55.44
22:47:25,server_7,303.06,286.81
22:47:25,server_8,179.24,218.61
22:47:25,server_5,448.54,592.9
22:47:30,server_12,465.35,594.55
22:47:30,server_19,607.58,424.6
22:47:30,server_18,257.91,307.47
22:47:30,server_17,140.49,77.94
22:47:30,server_16,190.28,104.38
22:47:30,server_15,819.61,723.07
22:47:30,server_14,111.21,116.27
22:47:30,server_13,457.96,303.51
22:47:30,server_11,3524.05,3636.72
22:47:30,server_20,312.8,441.18
22:47:30,server_9,423.74,514.2
22:47:30,server_1,1004.64,1020.8
22:47:30,server_2,903.9,1147.79
22:47:30,server_3,392.36,216.78
22:47:30,server_4,132.62,74.76
22:47:30,server_10,83.04,63.01
22:47:30,server_6,142.81,117.04
22:47:30,server_7,196.85,261.79
22:47:30,server_8,223.4,307.57
22:47:30,server_5,968.46,965.84
22:47:35,server_11,945.92,648.41
22:47:35,server_19,33.01,41.46
22:47:35,server_18,18832.52,18143.58
22:47:35,server_17,116.05,168.36
22:47:35,server_16,105.95,151.8
22:47:35,server_15,1029.7,743.87
22:47:35,server_14,395.19,566.43
22:47:35,server_13,602.92,731.57
22:47:35,server_12,509.9,333.94
22:47:35,server_20,194.71,194.55
22:47:35,server_10,695.3,598.42
22:47:35,server_8,13890.73,11137.27
22:47:35,server_7,350.28,389.04
22:47:35,server_6,425.84,555.36
22:47:35,server_5,134.94,119.25
22:47:35,server_4,689.74,420.81
22:47:35,server_3,14144.03,12178.98
22:47:35,server_2,81.14,65.96
22:47:35,server_1,2937.7,3083.43
22:47:35,server_9,13.57,10.08
22:47:40,server_13,973.33,993.92
22:47:40,server_14,299.44,265.73
22:47:40,server_15,366.05,336.84
22:47:40,server_12,395.58,451.31
22:47:40,server_17,283.99,375.45
22:47:40,server_18,444.47,557.41
22:47:40,server_19,19352.77,16077.36
22:47:40,server_16,16313.32,14988.22
22:47:40,server_11,533.84,671.8
22:47:40,server_20,797.28,1121.41
22:47:40,server_9,856.89,1099.46
22:47:40,server_1,378.77,427.48
22:47:40,server_2,16211.42,18323.85
22:47:40,server_3,5063.48,4926.7
22:47:40,server_4,743.93,1066.89
22:47:40,server_10,194.32,254.9
22:47:40,server_6,178.86,248.27
22:47:40,server_7,990.14,503.12
22:47:40,server_8,291.43,308.47
22:47:40,server_5,4305.97,4749.44
22:47:45,server_19,879.97,465.02
22:47:45,server_18,1025.02,1444.86
22:47:45,server_17,288.8,326.87
22:47:45,server_16,706.36,810.33
22:47:45,server_15,395.65,531.71
22:47:45,server_14,777.84,570.41
22:47:45,server_13,9886.72,8305.27
22:47:45,server_12,997.35,1317.97
22:47:45,server_11,16057.6,18735.95
22:47:45,server_20,2916.82,3046.19
22:47:45,server_9,896.43,963.26
22:47:45,server_1,456.0,406.28
22:47:45,server_2,116.07,115.26
22:47:45,server_3,932.79,603.8
22:47:45,server_4,16754.73,14906.64
22:47:45,server_10,208.92,222.81
22:47:45,server_6,4629.51,5394.62
22:47:45,server_7,463.43,238.82
22:47:45,server_8,330.24,288.45
22:47:45,server_5,687.3,915.08
22:47:50,server_11,709.95,1009.47
22:47:50,server_19,334.78,294.84
22:47:50,server_18,4190.87,3841.69
22:47:50,server_17,622.14,913.76
22:47:50,server_16,495.29,523.37
22:47:50,server_15,17801.49,20518.37
22:47:50,server_14,325.15,263.37
22:47:50,server_13,5707.69,6717.34
22:47:50,server_12,958.57,952.43
22:47:50,server_20,13161.97,13472.99
22:47:50,server_10,241.84,236.89
22:47:50,server_8,156.59,218.44
22:47:50,server_9,183.01,159.73
22:47:50,server_1,244.29,238.72
22:47:50,server_2,308.24,376.34
22:47:50,server_3,397.0,254.7
22:47:50,server_5,440.54,300.66
22:47:50,server_6,349.17,444.72
22:47:50,server_7,91.71,52.17
22:47:50,server_4,562.44,840.28
22:47:55,server_20,172.36,254.2
22:47:55,server_11,900.11,756.79
22:47:55,server_18,527.92,648.43
22:47:55,server_17,681.21,407.41
22:47:55,server_16,399.2,386.2
22:47:55,server_15,1013.91,1505.32
22:47:55,server_14,787.59,1128.47
22:47:55,server_13,200.22,264.27
22:47:55,server_12,47.42,52.74
22:47:55,server_19,367.5,305.88
22:47:55,server_10,54.28,58.9
22:47:55,server_8,179.36,110.4
22:47:55,server_1,256.4,204.22
22:47:55,server_2,527.69,539.79
22:47:55,server_3,548.38,339.13
22:47:55,server_9,261.02,234.01
22:47:55,server_5,879.69,1261.58
22:47:55,server_6,1829.98,1954.27
22:47:55,server_7,274.36,177.18
22:47:55,server_4,182.33,244.87
22:48:00,server_12,225.17,309.7
22:48:00,server_19,438.17,388.45
22:48:00,server_18,19795.52,20410.42
22:48:00,server_17,163.26,108.93
22:48:00,server_16,4535.54,4126.34
22:48:00,server_15,558.56,537.37
22:48:00,server_14,1487.5,1427.77
22:48:00,server_13,100.63,133.05
22:48:00,server_11,674.56,396.38
22:48:00,server_20,179.0,168.09
22:48:00,server_9,612.5,877.92
22:48:00,server_1,900.81,999.88
22:48:00,server_2,76.25,72.99
22:48:00,server_3,955.27,1049.85
22:48:00,server_4,180.14,121.0
22:48:00,server_10,8366.17,8840.04
22:48:00,server_6,230.19,267.97
22:48:00,server_7,931.63,1372.77
22:48:00,server_8,501.14,435.28
22:48:00,server_5,897.27,1251.05
22:48:05,server_11,1470.16,1604.79
22:48:05,server_19,13894.28,13422.35
22:48:05,server_18,12366.31,10758.24
22:48:05,server_17,11906.93,10395.72
22:48:05,server_16,346.34,468.65
22:48:05,server_15,265.71,375.57
22:48:05,server_14,810.57,599.22
22:48:05,server_13,107.34,107.78
22:48:05,server_12,928.54,1156.27
22:48:05,server_20,12484.39,12595.52
22:48:05,server_10,510.84,315.89
22:48:05,server_8,1230.95,1333.08
22:48:05,server_7,534.05,402.42
22:48:05,server_6,69.42,70.88
22:48:05,server_5,978.41,1424.11
22:48:05,server_4,531.58,776.67
22:48:05,server_3,205.88,132.09
22:48:05,server_2,12673.12,10152.39
22:48:05,server_1,307.8,192.67
22:48:05,server_9,4538.66,3969.75
22:48:10,server_13,3360.1,3931.43
22:48:10,server_14,391.27,366.65
22:48:10,server_15,1050.52,919.33
22:48:10,server_12,644.05,432.56
22:48:10,server_17,164.13,233.36
22:48:10,server_18,130.27,72.26
22:48:10,server_19,206.28,140.6
22:48:10,server_16,1014.57,785.29
22:48:10,server_11,675.33,939.86
22:48:10,server_20,17557.16,18398.25
22:48:10,server_9,577.32,620.98
22:48:10,server_1,183.64,253.42
22:48:10,server_2,281.79,281.68
22:48:10,server_3,889.61,467.27
22:48:10,server_4,23.09,29.98
22:48:10,server_10,260.2,334.5
22:48:10,server_6,241.06,342.4
22:48:10,server_7,595.51,646.12
22:48:10,server_8,495.54,742.15
22:48:10,server_5,504.65,431.17
22:48:15,server_20,3222.55,3695.93
22:48:15,server_19,4689.77,3757.94
22:48:15,server_18,774.4,1097.65
22:48:15,server_17,353.25,461.33
22:48:15,server_16,375.46,525.59
22:48:15,server_15,564.58,486.43
22:48:15,server_14,610.84,401.51
22:48:15,server_12,512.08,601.52
22:48:15,server_11,994.56,513.52
22:48:15,server_13,734.69,794.77
22:48:15,server_9,487.87,455.78
22:48:15,server_10,534.83,577.18
22:48:15,server_2,12.05,13.72
22:48:15,server_3,248.2,249.77
22:48:15,server_4,2641.5,2836.96
22:48:15,server_1,914.77,1082.01
22:48:15,server_6,267.96,299.56
22:48:15,server_7,1.06,1.38
22:48:15,server_8,567.5,608.61
22:48:15,server_5,9842.65,8869.58
22:48:20,server_12,545.57,300.63
22:48:20,server_20,662.32,696.32
22:48:20,server_19,1021.04,1452.42
22:48:20,server_18,235.46,117.82
22:48:20,server_17,369.59,273.52
22:48:20,server_16,61.39,86.18
22:48:20,server_15,426.86,251.19
22:48:20,server_14,15.77,11.29
22:48:20,server_13,106.03,122.5
22:48:20,server_11,226.1,255.34
22:48:20,server_3,19418.79,17634.39
22:48:20,server_9,8861.56,7671.09
22:48:20,server_10,91.33,93.69
22:48:20,server_2,118.91,131.0
22:48:20,server_4,982.92,1145.46
22:48:20,server_1,807.38,494.46
22:48:20,server_6,386.88,324.16
22:48:20,server_7,861.3,1070.6
22:48:20,server_8,135.54,79.32
22:48:20,server_5,202.34,299.49
22:48:25,server_12,583.33,478.62
22:48:25,server_19,1013.88,1216.64
22:48:25,server_18,0.0,0.0
22:48:25,server_17,85.25,43.54
22:48:25,server_16,963.17,588.13
22:48:25,server_15,446.89,442.26
22:48:25,server_14,282.55,423.75
22:48:25,server_20,251.78,218.65
22:48:25,server_11,908.97,930.93
22:48:25,server_13,833.8,1018.48
22:48:25,server_9,851.96,1087.01
22:48:25,server_1,113.93,81.62
22:48:25,server_2,939.04,1055.81
22:48:25,server_3,948.19,564.51
22:48:25,server_4,926.56,682.44
22:48:25,server_10,513.38,770.07
22:48:25,server_6,186.17,216.33
22:48:25,server_7,515.58,590.8
22:48:25,server_8,286.71,159.59
22:48:25,server_5,421.74,235.09
22:48:30,server_19,147.88,77.56
22:48:30,server_18,225.15,264.03
22:48:30,server_17,410.58,324.33
22:48:30,server_16,795.93,1069.53
22:48:30,server_15,158.45,149.09
22:48:30,server_14,479.6,459.1
22:48:30,server_13,4130.14,4170.25
22:48:30,server_12,945.08,609.43
22:48:30,server_11,989.44,1116.57
22:48:30,server_20,220.19,152.31
22:48:30,server_9,117.56,67.36
22:48:30,server_1,532.11,535.6
22:48:30,server_2,855.49,1190.44
22:48:30,server_3,193.03,235.88
22:48:30,server_4,864.62,781.33
22:48:30,server_10,242.32,317.43
22:48:30,server_6,6765.77,8035.87
22:48:30,server_7,144.06,204.85
22:48:30,server_8,512.93,758.71
22:48:30,server_5,15596.3,18575.01
22:48:35,server_11,196.78,230.99
22:48:35,server_19,60.27,64.73
22:48:35,server_18,1.06,0.98
22:48:35,server_17,979.92,1406.49
22:48:35,server_16,1008.0,1294.33
22:48:35,server_15,349.8,203.88
22:48:35,server_14,18157.4,20044.24
22:48:35,server_13,288.62,424.85
22:48:35,server_12,57.7,79.38
22:48:35,server_20,131.36,138.6
22:48:35,server_10,936.78,1127.96
22:48:35,server_8,844.9,618.13
22:48:35,server_9,152.58,125.94
22:48:35,server_1,604.3,848.51
22:48:35,server_2,451.78,375.8
22:48:35,server_3,466.23,487.74
22:48:35,server_5,15.32,8.22
22:48:35,server_6,4760.78,4026.24
22:48:35,server_7,124.82,173.73
22:48:35,server_4,1066.23,847.95
22:48:40,server_20,11324.57,12507.57
22:48:40,server_11,414.22,578.65
22:48:40,server_18,676.15,679.59
22:48:40,server_17,632.84,804.66
22:48:40,server_16,239.68,207.98
22:48:40,server_15,9141.42,7993.31
22:48:40,server_14,932.79,597.47
22:48:40,server_13,310.35,217.1
22:48:40,server_12,819.2,934.03
22:48:40,server_19,825.63,1167.06
22:48:40,server_10,552.58,497.91
22:48:40,server_8,17889.13,19639.38
22:48:40,server_1,2737.36,2966.94
22:48:40,server_2,15136.94,16659.77
22:48:40,server_3,168.6,212.16
22:48:40,server_9,102.51,151.92
22:48:40,server_5,739.04,761.82
22:48:40,server_6,92.29,60.68
22:48:40,server_7,367.0,294.31
22:48:40,server_4,8495.38,8595.44
22:48:45,server_20,463.59,365.52
22:48:45,server_19,651.36,655.66
22:48:45,server_18,95.92,129.34
22:48:45,server_17,925.44,1368.07
22:48:45,server_16,445.66,640.52
22:48:45,server_15,194.51,159.26
22:48:45,server_14,113.98,70.09
22:48:45,server_12,960.13,957.63
22:48:45,server_11,299.85,307.85
22:48:45,server_13,624.8,404.67
22:48:45,server_9,805.84,809.03
22:48:45,server_10,689.65,434.65
22:48:45,server_2,217.24,309.29
22:48:45,server_3,526.95,588.16
22:48:45,server_4,14273.83,12668.86
22:48:45,server_1,19941.11,16483.76
22:48:45,server_6,456.97,642.05
22:48:45,server_7,1007.95,1307.42
22:48:45,server_8,183.25,274.77
22:48:45,server_5,694.43,798.67
22:48:50,server_12,856.44,836.01
22:48:50,server_19,252.81,269.62
22:48:50,server_18,889.8,471.67
22:48:50,server_20,685.34,716.36
22:48:50,server_17,554.14,582.71
22:48:50,server_16,380.86,362.98
22:48:50,server_15,950.6,1062.5
22:48:50,server_14,534.35,447.36
22:48:50,server_13,583.0,761.94
22:48:50,server_11,420.51,225.8
22:48:50,server_3,964.51,758.3
22:48:50,server_9,361.86,240.4
22:48:50,server_10,496.66,726.38
22:48:50,server_2,418.28,391.79
22:48:50,server_4,18379.11,18998.97
22:48:50,server_1,991.97,563.47
22:48:50,server_6,2587.07,2486.11
22:48:50,server_7,657.61,552.85
22:48:50,server_8,153.05,186.34
22:48:50,server_5,8123.75,9693.69
22:48:55,server_11,958.43,887.25
22:48:55,server_20,259.84,208.32
22:48:55,server_18,749.61,559.67
22:48:55,server_17,263.62,278.24
22:48:55,server_16,206.79,160.85
22:48:55,server_15,923.24,1091.48
22:48:55,server_14,184.4,96.05
22:48:55,server_13,870.48,1146.0
22:48:55,server_12,110.64,79.25
22:48:55,server_19,454.22,279.61
22:48:55,server_10,322.84,275.94
22:48:55,server_8,267.04,151.43
22:48:55,server_1,249.94,350.18
22:48:55,server_2,3193.16,3360.72
22:48:55,server_3,152.42,92.23
22:48:55,server_9,961.75,1007.03
22:48:55,server_5,61.26,37.88
22:48:55,server_6,912.49,833.88
22:48:55,server_7,10565.23,10473.32
22:48:55,server_4,874.67,1183.75
22:49:00,server_12,885.23,892.69
22:49:00,server_19,760.27,534.74
22:49:00,server_18,998.41,1068.01
22:49:00,server_17,262.62,180.27
22:49:00,server_16,578.54,669.35
22:49:00,server_15,820.45,1039.96
22:49:00,server_14,480.2,435.8
22:49:00,server_13,4512.85,3928.86
22:49:00,server_11,718.67,997.56
22:49:00,server_20,3848.5,4613.35
22:49:00,server_9,493.21,606.85
22:49:00,server_1,327.39,258.84
22:49:00,server_2,894.99,1198.35
22:49:00,server_3,832.62,1099.0
22:49:00,server_4,494.36,489.91
22:49:00,server_10,341.98,296.88
22:49:00,server_6,400.26,324.8
22:49:00,server_7,967.19,1366.61
22:49:00,server_8,807.38,733.84
22:49:00,server_5,469.23,663.92
22:49:05,server_11,344.4,460.54
22:49:05,server_19,624.98,427.01
22:49:05,server_18,693.96,760.81
22:49:05,server_17,403.08,603.24
22:49:05,server_16,449.19,591.02
22:49:05,server_15,8291.85,9497.43
22:49:05,server_14,17090.72,17677.78
22:49:05,server_13,51.79,48.56
22:49:05,server_12,921.66,496.5
22:49:05,server_20,845.83,1186.99
22:49:05,server_10,400.2,422.74
22:49:05,server_8,545.88,301.64
22:49:05,server_7,10.8,12.17
22:49:05,server_6,4466.24,4500.28
22:49:05,server_5,3720.42,3771.53
22:49:05,server_4,6231.94,6137.94
22:49:05,server_3,154.2,145.83
22:49:05,server_2,562.06,567.7
22:49:05,server_1,140.7,191.38
22:49:05,server_9,336.9,482.04
22:49:10,server_13,289.51,317.32
22:49:10,server_14,853.84,510.6
22:49:10,server_20,435.52,469.28
22:49:10,server_12,265.4,351.87
22:49:10,server_17,649.11,914.52
22:49:10,server_18,458.09,461.92
22:49:10,server_19,919.12,1233.21
22:49:10,server_16,790.31,490.83
22:49:10,server_11,334.47,409.69
22:49:10,server_15,509.08,385.69
22:49:10,server_9,487.57,567.03
22:49:10,server_1,340.8,509.49
22:49:10,server_2,901.45,483.6
22:49:10,server_3,881.07,1113.79
22:49:10,server_4,499.26,313.98
22:49:10,server_10,6562.22,7793.86
22:49:10,server_6,3460.48,2797.54
22:49:10,server_7,543.75,717.46
22:49:10,server_8,934.16,1043.89
22:49:10,server_5,9.86,6.75
22:49:15,server_12,611.48,688.09
22:49:15,server_20,553.17,557.88
22:49:15,server_19,36.42,34.07
22:49:15,server_18,16114.57,17657.54
22:49:15,server_17,289.48,364.2
22:49:15,server_16,863.16,1035.3
22:49:15,server_15,494.24,270.47
22:49:15,server_14,476.32,504.01
22:49:15,server_13,6305.37,5767.19
22:49:15,server_11,610.11,576.02
22:49:15,server_10,869.83,1221.46
22:49:15,server_9,873.03,1245.66
22:49:15,server_2,387.67,251.39
22:49:15,server_3,19760.48,17450.93
22:49:15,server_4,31.96,21.52
22:49:15,server_1,838.36,698.51
22:49:15,server_6,1005.88,927.67
22:49:15,server_7,249.42,330.54
22:49:15,server_8,895.99,859.09
22:49:15,server_5,305.53,319.85
22:49:20,server_12,13288.56,14094.48
22:49:20,server_19,52.43,68.71
22:49:20,server_18,8949.89,10121.26
22:49:20,server_17,163.34,234.81
22:49:20,server_16,195.78,221.05
22:49:20,server_15,530.16,507.62
22:49:20,server_14,566.35,565.73
22:49:20,server_13,412.92,249.18
22:49:20,server_11,3237.77,3321.23
22:49:20,server_20,135.69,174.77
22:49:20,server_9,409.53,359.57
22:49:20,server_1,100.99,69.78
22:49:20,server_2,302.67,253.59
22:49:20,server_3,858.73,861.0
22:49:20,server_4,29.74,32.24
22:49:20,server_10,705.96,919.7
22:49:20,server_6,3883.82,4245.77
22:49:20,server_7,281.12,360.62
22:49:20,server_8,889.67,868.69
22:49:20,server_5,754.89,612.7
22:49:25,server_12,642.42,602.48
22:49:25,server_19,891.27,495.49
22:49:25,server_18,3527.37,2853.21
22:49:25,server_17,32.39,41.94
22:49:25,server_16,675.45,444.46
22:49:25,server_15,12996.07,13879.07
22:49:25,server_14,9986.95,8153.56
22:49:25,server_13,3908.58,4619.65
22:49:25,server_11,971.01,1237.13
22:49:25,server_20,774.64,717.78
22:49:25,server_9,563.17,433.32
22:49:25,server_1,599.83,763.79
22:49:25,server_2,3676.97,4233.9
22:49:25,server_3,970.48,1335.47
22:49:25,server_4,881.38,761.28
22:49:25,server_10,144.77,104.1
22:49:25,server_6,161.06,137.42
22:49:25,server_7,402.67,509.4
22:49:25,server_8,473.74,599.76
22:49:25,server_5,999.08,1208.83
22:49:30,server_11,1341.77,1145.98
22:49:30,server_19,368.48,190.05
22:49:30,server_18,243.89,327.01
22:49:30,server_17,249.3,199.8
22:49:30,server_16,122.49,167.82
22:49:30,server_15,3050.58,3095.29
22:49:30,server_14,693.43,365.44
22:49:30,server_13,584.08,627.92
22:49:30,server_12,443.98,407.99
22:49:30,server_20,819.16,667.71
22:49:30,server_10,4439.37,4472.2
22:49:30,server_8,125.29,66.22
22:49:30,server_7,283.77,144.81
22:49:30,server_6,4835.07,4603.47
22:49:30,server_5,401.37,390.92
22:49:30,server_4,744.63,848.73
22:49:30,server_3,139.66,77.26
22:49:30,server_2,292.34,192.98
22:49:30,server_1,2426.77,2830.58
22:49:30,server_9,150.23,190.55
22:49:35,server_13,11702.16,11485.56
22:49:35,server_14,584.55,602.67
22:49:35,server_15,446.62,471.58
22:49:35,server_12,401.26,586.32
22:49:35,server_17,1005.39,674.34
22:49:35,server_18,860.91,507.66
22:49:35,server_19,211.69,232.34
22:49:35,server_16,5663.06,4871.36
22:49:35,server_11,140.33,149.12
22:49:35,server_20,845.36,1001.14
22:49:35,server_9,3663.2,4200.29
22:49:35,server_1,527.23,664.1
22:49:35,server_2,14779.45,17177.44
22:49:35,server_3,12165.86,13124.28
22:49:35,server_4,42.63,45.41
22:49:35,server_10,876.96,639.95
22:49:35,server_6,918.91,613.53
22:49:35,server_7,41.46,42.71
22:49:35,server_8,311.54,443.7
22:49:35,server_5,320.24,212.73
22:49:40,server_19,4044.09,4637.91
22:49:40,server_18,278.4,367.69
22:49:40,server_17,539.7,452.92
22:49:40,server_16,170.14,152.37
22:49:40,server_15,676.61,893.69
22:49:40,server_14,726.73,986.25
22:49:40,server_13,1069.1,1234.95
22:49:40,server_12,500.26,636.3
22:49:40,server_11,430.57,340.16
22:49:40,server_20,17.23,9.22
22:49:40,server_9,19831.08,21129.16
22:49:40,server_1,3396.87,3958.99
22:49:40,server_2,972.87,840.89
22:49:40,server_3,494.75,290.01
22:49:40,server_4,269.78,173.92
22:49:40,server_10,853.87,531.09
22:49:40,server_6,780.74,640.6
22:49:40,server_7,519.35,487.32
22:49:40,server_8,429.22,615.32
22:49:40,server_5,248.44,328.1
22:49:45,server_11,4833.19,4398.22
22:49:45,server_19,321.65,415.25
22:49:45,server_18,553.69,368.16
22:49:45,server_17,919.64,1310.91
22:49:45,server_16,955.88,674.44
22:49:45,server_15,3126.67,2827.02
22:49:45,server_14,1563.45,1618.06
22:49:45,server_13,328.3,179.19
22:49:45,server_12,955.35,1377.25
22:49:45,server_20,912.73,1063.8
22:49:45,server_10,944.03,525.58
22:49:45,server_8,574.01,391.12
22:49:45,server_9,93.94,48.49
22:49:45,server_1,4250.15,5028.27
22:49:45,server_2,2952.87,3037.4
22:49:45,server_3,549.18,525.67
22:49:45,server_5,0.0,0.0
22:49:45,server_6,742.64,959.14
22:49:45,server_7,758.24,959.92
22:49:45,server_4,590.6,652.5
22:49:50,server_20,370.19,325.67
22:49:50,server_11,193.32,286.5
22:49:50,server_18,263.18,332.06
22:49:50,server_17,17169.13,17996.05
22:49:50,server_16,611.4,590.12
22:49:50,server_15,506.12,697.8
22:49:50,server_14,673.61,558.71
22:49:50,server_13,837.76,434.52
22:49:50,server_12,97.02,58.67
22:49:50,server_19,256.04,334.71
22:49:50,server_10,256.05,141.5
22:49:50,server_8,230.47,205.75
22:49:50,server_1,958.76,623.4
22:49:50,server_2,470.34,587.49
22:49:50,server_3,1916.02,1763.1
22:49:50,server_9,26.78,17.11
22:49:50,server_5,555.75,519.48
22:49:50,server_6,9939.13,8217.32
22:49:50,server_7,481.2,359.85
22:49:50,server_4,277.95,193.69
22:49:55,server_12,114.08,109.24
22:49:55,server_19,898.45,947.19
22:49:55,server_18,446.06,452.82
22:49:55,server_17,11056.3,12891.53
22:49:55,server_16,817.93,871.74
22:49:55,server_15,236.03,156.64
22:49:55,server_14,485.2,712.75
22:49:55,server_13,483.0,449.55
22:49:55,server_11,14914.27,12402.64
22:49:55,server_20,274.49,188.39
22:49:55,server_9,620.77,717.04
22:49:55,server_1,8.49,10.29
22:49:55,server_2,11714.81,13898.99
22:49:55,server_3,564.78,389.04
22:49:55,server_4,503.56,631.01
22:49:55,server_10,906.19,604.59
22:49:55,server_6,11953.0,11311.29
22:49:55,server_7,615.26,891.53
22:49:55,server_8,404.86,588.39
22:49:55,server_5,541.94,291.0
22:50:00,server_11,272.57,231.31
22:50:00,server_19,254.86,157.83
22:50:00,server_18,1021.59,1408.19
22:50:00,server_17,1919.68,2297.43
22:50:00,server_16,627.75,519.18
22:50:00,server_15,57.78,52.73
22:50:00,server_14,511.16,655.37
22:50:00,server_13,586.3,372.89
22:50:00,server_12,882.98,869.85
22:50:00,server_20,1017.5,1033.05
22:50:00,server_10,1043.88,804.37
22:50:00,server_8,693.74,982.77
22:50:00,server_7,15799.67,14583.76
22:50:00,server_6,11.3,14.19
22:50:00,server_5,275.28,288.49
22:50:00,server_4,800.67,625.53
22:50:00,server_3,187.31,209.51
22:50:00,server_2,99.44,69.09
22:50:00,server_1,577.93,488.3
22:50:00,server_9,4721.99,4898.57
22:50:05,server_13,478.75,596.48
22:50:05,server_14,172.46,104.84
22:50:05,server_15,660.12,342.69
22:50:05,server_12,563.93,379.21
22:50:05,server_17,880.48,445.16
22:50:05,server_18,889.26,474.75
22:50:05,server_19,7609.97,8661.63
22:50:05,server_16,316.48,417.32
22:50:05,server_11,10265.64,9932.7
22:50:05,server_20,105.37,150.31
22:50:05,server_9,264.15,178.29
22:50:05,server_1,922.3,1170.64
22:50:05,server_2,290.14,263.84
22:50:05,server_3,422.86,297.12
22:50:05,server_4,213.15,216.68
22:50:05,server_10,18444.39,20842.69
22:50:05,server_6,50.13,38.35
22:50:05,server_7,555.56,827.28
22:50:05,server_8,999.99,699.28
22:50:05,server_5,77.12,75.96
22:50:10,server_20,936.8,589.89
22:50:10,server_19,10225.72,8518.44
22:50:10,server_18,469.55,461.14
22:50:10,server_17,82.2,65.51
22:50:10,server_16,957.79,1380.85
22:50:10,server_15,860.79,663.61
22:50:10,server_14,226.66,221.89
22:50:10,server_12,572.46,488.52
22:50:10,server_11,627.44,784.07
22:50:10,server_13,248.28,240.23
22:50:10,server_9,519.09,303.44
22:50:10,server_10,937.72,772.54
22:50:10,server_2,4861.68,5036.64
22:50:10,server_3,1033.65,1074.59
22:50:10,server_4,908.62,1177.68
22:50:10,server_1,19118.15,17537.27
22:50:10,server_6,6624.56,7841.28
22:50:10,server_7,578.94,300.01
22:50:10,server_8,8094.64,9010.9
22:50:10,server_5,896.19,1171.51
22:50:15,server_12,17929.91,17720.89
22:50:15,server_20,166.26,153.61
22:50:15,server_19,689.25,754.74
22:50:15,server_18,757.28,584.07
22:50:15,server_17,398.62,498.8
22:50:15,server_16,886.69,1304.09
22:50:15,server_15,317.44,409.57
22:50:15,server_14,1710.96,1927.56
22:50:15,server_13,1652.41,1677.01
22:50:15,server_11,825.94,797.84
22:50:15,server_3,183.35,246.16
22:50:15,server_9,12336.48,14511.22
22:50:15,server_10,174.01,228.55
22:50:15,server_2,0.0,0.0
22:50:15,server_4,1183.28,982.1
22:50:15,server_1,687.79,709.03
22:50:15,server_6,725.33,740.38
22:50:15,server_7,1021.23,705.72
22:50:15,server_8,18.1,12.5
22:50:15,server_5,486.52,725.26
22:50:20,server_12,333.3,385.33
22:50:20,server_19,208.8,286.2
22:50:20,server_18,470.11,617.47
22:50:20,server_17,2238.39,2373.06
22:50:20,server_16,111.82,129.77
22:50:20,server_15,175.08,135.08
22:50:20,server_14,444.86,593.35
22:50:20,server_20,389.12,224.85
22:50:20,server_11,509.87,705.99
22:50:20,server_13,146.52,185.32
22:50:20,server_9,509.97,708.71
22:50:20,server_1,4212.49,3575.55
22:50:20,server_2,966.98,1404.21
22:50:20,server_3,284.1,393.56
22:50:20,server_4,926.91,1141.23
22:50:20,server_10,665.13,797.09
22:50:20,server_6,5555.19,4575.4
22:50:20,server_7,954.25,485.63
22:50:20,server_8,4175.79,3484.31
22:50:20,server_5,781.57,833.26
22:50:25,server_19,926.93,1010.43
22:50:25,server_18,261.45,346.54
22:50:25,server_17,25.68,30.18
22:50:25,server_16,910.4,1197.0
22:50:25,server_15,690.48,497.91
22:50:25,server_14,890.41,1106.69
22:50:25,server_13,394.85,206.37
22:50:25,server_12,88.09,81.28
22:50:25,server_11,13758.15,13523.65
22:50:25,server_20,963.98,933.16
22:50:25,server_9,6192.65,6657.95
22:50:25,server_1,118.87,96.94
22:50:25,server_2,4036.9,3675.47
22:50:25,server_3,407.26,403.14
22:50:25,server_4,107.15,73.76
22:50:25,server_10,114.44,87.42
22:50:25,server_6,873.07,711.06
22:50:25,server_7,881.31,1059.02
22:50:25,server_8,89.27,132.78
22:50:25,server_5,11332.8,11261.25
22:50:30,server_11,333.79,498.55
22:50:30,server_19,208.53,258.86
22:50:30,server_18,19119.61,19343.53
22:50:30,server_17,225.43,218.32
22:50:30,server_16,24.18,13.48
22:50:30,server_15,938.47,1126.32
22:50:30,server_14,985.59,1354.88
22:50:30,server_13,1009.21,1168.76
22:50:30,server_12,4431.11,4982.49
22:50:30,server_20,569.44,686.49
22:50:30,server_10,16377.06,17504.35
22:50:30,server_8,173.92,203.87
22:50:30,server_9,851.22,794.84
22:50:30,server_1,679.6,790.75
22:50:30,server_2,16789.36,14910.37
22:50:30,server_3,397.4,309.71
22:50:30,server_5,192.85,190.82
22:50:30,server_6,136.69,193.25
22:50:30,server_7,158.84,121.77
22:50:30,server_4,153.13,82.32
22:50:35,server_20,230.53,227.96
22:50:35,server_11,16749.73,14717.82
22:50:35,server_18,607.62,532.42
22:50:35,server_17,18011.57,16776.76
22:50:35,server_16,893.77,769.61
22:50:35,server_15,534.11,695.56
22:50:35,server_14,247.69,211.25
22:50:35,server_13,80.78,45.33
22:50:35,server_12,683.6,680.86
22:50:35,server_19,3512.51,3088.3
22:50:35,server_10,695.56,445.44
22:50:35,server_8,995.47,1024.49
22:50:35,server_1,126.04,148.35
22:50:35,server_2,715.4,874.17
22:50:35,server_3,386.6,554.45
22:50:35,server_9,95.25,113.92
22:50:35,server_5,270.46,209.85
22:50:35,server_6,21.2,23.92
22:50:35,server_7,208.98,204.83
22:50:35,server_4,989.03,719.83
22:50:40,server_19,600.1,562.63
22:50:40,server_18,801.36,527.03
22:50:40,server_17,292.55,222.09
22:50:40,server_16,866.41,912.62
22:50:40,server_15,0.33,0.47
22:50:40,server_14,897.4,848.5
22:50:40,server_13,352.64,440.69
22:50:40,server_12,156.01,221.42
22:50:40,server_11,19858.11,18120.38
22:50:40,server_20,295.93,229.53
22:50:40,server_9,631.04,401.59
22:50:40,server_1,298.21,207.03
22:50:40,server_2,914.44,808.0
22:50:40,server_3,153.84,207.38
22:50:40,server_4,301.33,379.24
22:50:40,server_10,26.6,27.99
22:50:40,server_6,286.49,404.7
22:50:40,server_7,280.69,274.65
22:50:40,server_8,11831.07,11643.99
22:50:40,server_5,338.85,371.33
22:50:45,server_11,350.9,303.46
22:50:45,server_19,221.29,257.52
22:50:45,server_18,174.87,177.15
22:50:45,server_17,483.57,665.35
22:50:45,server_16,18642.86,19826.27
22:50:45,server_15,531.95,422.79
22:50:45,server_14,634.41,875.57
22:50:45,server_13,11191.24,10142.95
22:50:45,server_12,474.73,307.69
22:50:45,server_20,446.17,269.43
22:50:45,server_10,9881.89,8107.94
22:50:45,server_8,950.01,680.31
22:50:45,server_9,9426.69,8097.44
22:50:45,server_1,228.72,171.05
22:50:45,server_2,456.84,333.03
22:50:45,server_3,102.31,90.42
22:50:45,server_5,245.77,352.56
22:50:45,server_6,576.09,431.27
22:50:45,server_7,685.36,707.16
22:50:45,server_4,38.43,47.86
22:50:50,server_20,932.81,1256.74
22:50:50,server_19,58.49,34.86
22:50:50,server_18,155.91,192.55
22:50:50,server_17,8149.2,8928.1
22:50:50,server_16,124.62,135.23
22:50:50,server_15,607.95,853.29
22:50:50,server_14,80.5,107.49
22:50:50,server_13,169.8,160.69
22:50:50,server_12,904.52,885.56
22:50:50,server_11,796.14,1145.02
22:50:50,server_9,492.72,315.85
22:50:50,server_1,207.44,245.33
22:50:50,server_2,191.76,167.38
22:50:50,server_3,1417.78,1347.8
22:50:50,server_4,276.18,373.95
22:50:50,server_10,932.19,660.92
22:50:50,server_6,431.36,368.33
22:50:50,server_7,868.47,1252.21
22:50:50,server_8,91.35,51.74
22:50:50,server_5,197.46,292.35
22:50:55,server_12,38.76,44.45
22:50:55,server_19,120.31,86.95
22:50:55,server_18,12515.39,11698.15
22:50:55,server_17,14043.15,16652.69
22:50:55,server_16,188.53,259.53
22:50:55,server_15,10857.32,12807.93
22:50:55,server_14,203.67,244.69
22:50:55,server_13,960.25,1059.78
22:50:55,server_11,440.81,276.07
22:50:55,server_20,831.94,720.39
22:50:55,server_9,3446.23,4060.97
22:50:55,server_1,244.31,281.52
22:50:55,server_2,680.72,993.45
22:50:55,server_3,2603.3,2775.07
22:50:55,server_4,239.83,183.76
22:50:55,server_10,47.32,24.63
22:50:55,server_6,640.19,758.41
22:50:55,server_7,60.47,84.74
22:50:55,server_8,171.23,110.47
22:50:55,server_5,80.25,50.89
22:51:00,server_11,137.73,104.61
22:51:00,server_19,9.45,12.19
22:51:00,server_18,2108.29,2148.87
22:51:00,server_17,5789.79,6427.19
22:51:00,server_16,633.76,802.61
22:51:00,server_15,239.12,212.4
22:51:00,server_14,10888.47,11783.62
22:51:00,server_13,191.9,170.93
22:51:00,server_12,9651.01,9964.06
22:51:00,server_20,914.33,986.91
22:51:00,server_10,831.31,1219.32
22:51:00,server_8,7614.88,7804.2
22:51:00,server_7,183.16,208.84
22:51:00,server_6,992.43,1179.63
22:51:00,server_5,288.06,291.46
22:51:00,server_4,897.29,618.93
22:51:00,server_3,617.49,689.71
22:51:00,server_2,63.82,57.08
22:51:00,server_1,497.11,450.01
22:51:00,server_9,152.3,82.51
22:51:05,server_13,332.63,354.45
22:51:05,server_14,941.86,1222.71
22:51:05,server_15,689.35,516.98
22:51:05,server_20,202.49,164.16
22:51:05,server_19,129.01,107.57
22:51:05,server_17,641.09,429.68
22:51:05,server_18,7051.41,7056.36
22:51:05,server_12,458.61,546.64
22:51:05,server_16,702.51,524.53
22:51:05,server_11,4779.35,5069.8
22:51:05,server_5,6950.01,6148.61
22:51:05,server_9,33.9,28.09
22:51:05,server_8,279.69,364.92
22:51:05,server_7,871.55,1178.28
22:51:05,server_6,4596.71,5212.59
22:51:05,server_4,166.8,221.26
22:51:05,server_3,259.85,332.94
22:51:05,server_2,196.06,234.95
22:51:05,server_1,18279.34,17042.97
22:51:05,server_10,5304.05,4528.05
22:51:10,server_13,272.03,138.2
22:51:10,server_14,588.2,415.21
22:51:10,server_15,71.51,74.28
22:51:10,server_16,15106.65,16883.72
22:51:10,server_20,558.93,570.95
22:51:10,server_18,185.54,236.06
22:51:10,server_19,987.06,652.84
22:51:10,server_12,14052.79,16755.9
22:51:10,server_17,513.36,314.84
22:51:10,server_11,296.48,329.75
22:51:10,server_10,150.25,146.03
22:51:10,server_9,114.52,128.01
22:51:10,server_2,227.1,135.05
22:51:10,server_3,346.8,484.7
22:51:10,server_4,14.59,14.11
22:51:10,server_1,1013.4,1388.68
22:51:10,server_6,897.4,1209.92
22:51:10,server_7,29.3,25.06
22:51:10,server_8,800.89,623.83
22:51:10,server_5,899.98,1319.75
22:51:15,server_12,3418.78,4055.32
22:51:15,server_19,904.75,729.07
22:51:15,server_18,6047.73,6374.88
22:51:15,server_17,627.76,461.75
22:51:15,server_16,23.41,13.38
22:51:15,server_15,446.59,310.49
22:51:15,server_14,228.65,187.96
22:51:15,server_13,920.48,823.27
22:51:15,server_11,696.56,444.5
22:51:15,server_20,998.56,663.43
22:51:15,server_9,189.78,149.27
22:51:15,server_1,327.8,303.08
22:51:15,server_2,605.05,304.28
22:51:15,server_3,508.16,318.18
22:51:15,server_4,39.45,37.26
22:51:15,server_10,272.0,137.23
22:51:15,server_6,215.5,157.37
22:51:15,server_7,165.93,142.72
22:51:15,server_8,561.56,575.23
22:51:15,server_5,969.02,494.55
22:51:20,server_12,159.32,115.97
22:51:20,server_19,975.05,1232.64
22:51:20,server_18,16.79,11.46
22:51:20,server_17,601.76,322.48
22:51:20,server_16,266.66,254.82
22:51:20,server_15,543.31,793.02
22:51:20,server_14,358.29,315.83
22:51:20,server_13,7335.12,7543.26
22:51:20,server_11,848.98,811.25
22:51:20,server_20,14911.81,16708.48
22:51:20,server_9,168.81,89.36
22:51:20,server_1,48.11,35.78
22:51:20,server_2,954.65,1162.22
22:51:20,server_3,304.5,343.02
22:51:20,server_4,683.35,677.24
22:51:20,server_10,233.84,289.88
22:51:20,server_6,961.35,1190.37
22:51:20,server_7,250.42,228.25
22:51:20,server_8,851.18,922.55
22:51:20,server_5,206.91,269.03
22:51:25,server_11,3873.89,3322.39
22:51:25,server_19,13838.7,12893.26
22:51:25,server_18,956.09,723.93
22:51:25,server_17,564.53,553.48
22:51:25,server_16,72.96,42.88
22:51:25,server_15,295.74,158.52
22:51:25,server_14,203.16,123.11
22:51:25,server_13,830.83,951.98
22:51:25,server_12,426.25,596.85
22:51:25,server_20,359.42,428.29
22:51:25,server_10,152.75,228.15
22:51:25,server_8,430.01,575.03
22:51:25,server_7,13121.03,14330.71
22:51:25,server_6,577.2,715.45
22:51:25,server_5,74.0,77.83
22:51:25,server_4,223.86,141.64
22:51:25,server_3,834.62,497.81
22:51:25,server_2,611.54,505.92
22:51:25,server_1,375.62,366.65
22:51:25,server_9,10009.44,10352.3
22:51:30,server_13,15548.68,13697.09
22:51:30,server_14,607.08,412.03
22:51:30,server_15,10805.94,11914.2
22:51:30,server_12,398.5,214.77
22:51:30,server_17,854.33,896.09
22:51:30,server_18,99.73,98.03
22:51:30,server_19,51.98,47.77
22:51:30,server_16,582.13,605.4
22:51:30,server_11,69.16,35.22
22:51:30,server_20,486.73,574.39
22:51:30,server_9,163.69,221.87
22:51:30,server_1,861.41,459.61
22:51:30,server_2,448.21,423.86
22:51:30,server_3,462.73,238.73
22:51:30,server_4,100.11,102.47
22:51:30,server_10,587.58,862.68
22:51:30,server_6,191.17,207.13
22:51:30,server_7,29.18,43.76
22:51:30,server_8,4587.04,3815.7
22:51:30,server_5,186.13,117.05
22:51:35,server_19,886.25,747.86
22:51:35,server_18,21.02,25.37
22:51:35,server_17,161.56,114.84
22:51:35,server_16,311.9,268.67
22:51:35,server_15,341.58,507.26
22:51:35,server_14,561.15,719.88
22:51:35,server_13,71.3,100.75
22:51:35,server_12,232.86,272.88
22:51:35,server_11,337.99,502.7
22:51:35,server_20,14412.23,16345.7
22:51:35,server_9,3962.39,4102.8
22:51:35,server_1,449.73,646.04
22:51:35,server_2,124.99,96.99
22:51:35,server_3,455.83,242.78
22:51:35,server_4,68.31,100.55
22:51:35,server_10,465.61,679.85
22:51:35,server_6,670.62,734.34
22:51:35,server_7,17588.75,20983.96
22:51:35,server_8,19675.75,19700.3
22:51:35,server_5,1786.15,1565.44
22:51:40,server_11,3047.86,3055.6
22:51:40,server_19,545.04,766.02
22:51:40,server_18,686.26,725.25
22:51:40,server_17,953.81,1339.74
22:51:40,server_16,502.33,694.54
22:51:40,server_15,251.55,240.67
22:51:40,server_14,17210.57,19941.46
22:51:40,server_13,58.63,53.46
22:51:40,server_12,42.61,39.49
22:51:40,server_20,242.83,154.5
22:51:40,server_10,181.3,212.48
22:51:40,server_8,259.1,340.22
22:51:40,server_9,203.29,241.82
22:51:40,server_1,310.44,361.72
22:51:40,server_2,958.9,794.97
22:51:40,server_3,962.48,818.8
22:51:40,server_5,378.55,202.28
22:51:40,server_6,397.96,307.99
22:51:40,server_7,901.19,1170.98
22:51:40,server_4,521.96,756.16
22:51:45,server_20,13540.12,11523.69
22:51:45,server_11,573.5,446.8
22:51:45,server_18,4599.99,4682.36
22:51:45,server_17,3076.72,3613.81
22:51:45,server_16,799.62,955.73
22:51:45,server_15,127.95,143.98
22:51:45,server_14,422.53,531.68
22:51:45,server_13,3915.95,4489.51
22:51:45,server_12,152.92,89.01
22:51:45,server_19,1099.33,703.21
22:51:45,server_10,542.29,519.75
22:51:45,server_8,938.52,852.45
22:51:45,server_1,241.33,255.07
22:51:45,server_2,287.36,321.48
22:51:45,server_3,386.64,299.27
22:51:45,server_9,270.7,366.21
22:51:45,server_5,348.51,468.64
22:51:45,server_6,986.58,533.0
22:51:45,server_7,459.53,446.19
22:51:45,server_4,15546.64,16867.91
22:51:50,server_12,968.06,519.01
22:51:50,server_19,898.76,1257.33
22:51:50,server_18,211.09,215.68
22:51:50,server_17,92.97,124.85
22:51:50,server_16,75.51,77.13
22:51:50,server_15,385.66,392.13
22:51:50,server_14,8350.51,7167.83
22:51:50,server_13,594.69,755.92
22:51:50,server_11,756.47,399.38
22:51:50,server_20,920.17,1123.34
22:51:50,server_9,544.73,803.59
22:51:50,server_1,140.98,202.28
22:51:50,server_2,99.78,112.99
22:51:50,server_3,8477.39,8348.87
22:51:50,server_4,12793.96,13104.57
22:51:50,server_10,604.58,804.83
22:51:50,server_6,674.75,1000.65
22:51:50,server_7,980.85,597.43
22:51:50,server_8,0.0,0.0
22:51:50,server_5,415.41,356.36
22:51:55,server_11,438.06,488.22
22:51:55,server_19,437.21,411.34
22:51:55,server_18,841.42,583.1
22:51:55,server_17,8004.2,7291.71
22:51:55,server_16,304.95,334.15
22:51:55,server_15,858.88,1084.6
22:51:55,server_14,286.37,248.67
22:51:55,server_13,27.58,19.25
22:51:55,server_12,171.32,189.67
22:51:55,server_20,464.36,270.38
22:51:55,server_10,706.25,1016.19
22:51:55,server_8,259.07,272.69
22:51:55,server_7,4817.56,4380.34
22:51:55,server_6,5800.34,6602.19
22:51:55,server_5,254.6,354.84
22:51:55,server_4,633.62,525.86
22:51:55,server_3,454.61,308.49
22:51:55,server_2,366.9,419.92
22:51:55,server_1,150.9,180.25
22:51:55,server_9,789.17,739.89
22:52:00,server_13,4443.6,3791.5
22:52:00,server_14,404.71,307.14
22:52:00,server_15,278.08,194.08
22:52:00,server_12,987.35,1216.08
22:52:00,server_17,13748.49,15747.4
22:52:00,server_18,795.47,915.93
22:52:00,server_19,527.49,791.14
22:52:00,server_20,2291.26,2277.41
22:52:00,server_11,512.81,671.22
22:52:00,server_16,972.54,1456.62
22:52:00,server_9,4398.11,4373.01
22:52:00,server_1,871.85,600.92
22:52:00,server_2,8104.72,9453.89
22:52:00,server_3,357.26,507.98
22:52:00,server_4,326.58,265.52
22:52:00,server_10,312.96,200.23
22:52:00,server_6,288.95,151.32
22:52:00,server_7,2186.81,1880.48
22:52:00,server_8,805.29,586.55
22:52:00,server_5,326.09,313.08
22:52:05,server_12,4031.12,4175.25
22:52:05,server_19,166.33,134.98
22:52:05,server_18,282.68,197.66
22:52:05,server_17,47.91,53.99
22:52:05,server_16,133.6,182.76
22:52:05,server_15,902.63,832.25
22:52:05,server_14,115.73,116.07
22:52:05,server_13,1007.96,1453.79
22:52:05,server_11,607.48,870.1
22:52:05,server_20,6159.7,5323.63
22:52:05,server_9,264.27,352.62
22:52:05,server_1,144.42,152.41
22:52:05,server_2,4431.58,4350.59
22:52:05,server_3,346.91,418.3
22:52:05,server_4,542.79,652.39
22:52:05,server_10,621.54,811.82
22:52:05,server_6,921.5,1133.01
22:52:05,server_7,19460.59,22280.83
22:52:05,server_8,58.77,77.66
22:52:05,server_5,210.24,205.78
22:52:10,server_11,875.84,1103.61
22:52:10,server_19,422.79,276.18
22:52:10,server_18,928.13,525.07
22:52:10,server_17,18630.96,15867.98
22:52:10,server_16,931.59,573.69
22:52:10,server_15,22.93,30.55
22:52:10,server_14,5154.63,4670.36
22:52:10,server_13,225.19,289.12
22:52:10,server_12,159.62,96.18
22:52:10,server_20,409.13,554.58
22:52:10,server_10,0.0,0.0
22:52:10,server_8,925.84,842.29
22:52:10,server_7,577.21,630.81
22:52:10,server_6,980.69,845.26
22:52:10,server_5,146.05,116.42
22:52:10,server_4,245.3,283.7
22:52:10,server_3,899.62,1131.33
22:52:10,server_2,2.08,2.78
22:52:10,server_1,7910.44,6693.15
22:52:10,server_9,617.98,690.82
22:52:15,server_13,556.46,564.75
22:52:15,server_14,13.88,9.96
22:52:15,server_15,518.92,587.4
22:52:15,server_16,255.82,166.98
22:52:15,server_20,888.15,1278.58
22:52:15,server_18,8.03,7.83
22:52:15,server_19,82.24,88.96
22:52:15,server_12,3377.54,3485.27
22:52:15,server_17,3774.47,3095.26
22:52:15,server_11,298.9,324.8
22:52:15,server_10,254.11,354.0
22:52:15,server_9,11678.78,10937.37
22:52:15,server_2,194.38,144.4
22:52:15,server_3,195.16,196.45
22:52:15,server_4,385.28,417.94
22:52:15,server_1,908.81,1181.1
22:52:15,server_6,2458.07,2573.14
22:52:15,server_7,905.16,635.67
22:52:15,server_8,2503.05,2929.54
22:52:15,server_5,67.71,46.18
22:52:20,server_13,3136.26,3528.86
22:52:20,server_20,518.13,344.88
22:52:20,server_19,145.18,181.44
22:52:20,server_18,181.79,162.48
22:52:20,server_17,24.38,21.78
22:52:20,server_16,470.74,301.11
22:52:20,server_15,40.66,35.18
22:52:20,server_14,640.25,493.01
22:52:20,server_12,56.17,64.49
22:52:20,server_11,287.44,323.74
22:52:20,server_1,920.93,769.22
22:52:20,server_9,495.8,655.07
22:52:20,server_8,256.75,301.04
22:52:20,server_7,639.17,910.98
22:52:20,server_6,616.63,523.72
22:52:20,server_5,1599.58,1906.05
22:52:20,server_4,3021.98,2880.48
22:52:20,server_3,485.18,279.23
22:52:20,server_2,301.61,159.34
22:52:20,server_10,523.05,304.17
22:52:25,server_13,717.18,709.03
22:52:25,server_14,870.63,791.28
22:52:25,server_15,3789.62,3955.3
22:52:25,server_16,563.71,676.7
22:52:25,server_12,960.78,562.75
22:52:25,server_18,478.58,270.84
22:52:25,server_19,285.8,208.09
22:52:25,server_20,476.17,408.81
22:52:25,server_17,3926.66,3836.09
22:52:25,server_11,991.99,1363.19
22:52:25,server_1,689.09,500.95
22:52:25,server_9,106.14,95.54
22:52:25,server_8,595.74,682.05
22:52:25,server_7,478.77,563.27
22:52:25,server_6,4505.54,3871.32
22:52:25,server_5,710.24,528.77
22:52:25,server_4,445.25,285.19
22:52:25,server_3,5.72,7.98
22:52:25,server_2,2452.64,2178.07
22:52:25,server_10,242.5,148.84
22:52:30,server_13,8377.12,7640.52
22:52:30,server_14,3283.6,3014.52
22:52:30,server_15,726.89,578.8
22:52:30,server_20,14661.3,17185.51
22:52:30,server_19,670.49,823.36
22:52:30,server_17,691.79,698.88
22:52:30,server_18,335.11,381.27
22:52:30,server_12,8821.63,7913.65
22:52:30,server_16,1384.47,1415.24
22:52:30,server_11,948.47,1360.26
22:52:30,server_5,51.97,35.4
22:52:30,server_9,185.96,198.23
22:52:30,server_1,104.92,92.96
22:52:30,server_2,852.39,798.73
22:52:30,server_3,300.1,263.55
22:52:30,server_10,847.41,777.23
22:52:30,server_6,589.2,437.07
22:52:30,server_7,9011.38,7716.92
22:52:30,server_8,1065.38,1518.98
22:52:30,server_4,5046.06,5413.3
22:52:35,server_13,9355.42,10478.69
22:52:35,server_20,4348.07,5087.18
22:52:35,server_19,484.97,340.87
22:52:35,server_18,15439.66,14421.65
22:52:35,server_17,12529.74,12403.44
22:52:35,server_16,833.4,573.13
22:52:35,server_15,947.73,1076.31
22:52:35,server_14,4751.67,5542.12
22:52:35,server_12,513.5,381.96
22:52:35,server_11,630.03,591.4
22:52:35,server_1,878.2,534.21
22:52:35,server_9,531.24,301.96
22:52:35,server_8,3160.58,2675.87
22:52:35,server_7,500.57,635.4
22:52:35,server_6,18235.5,20551.47
22:52:35,server_5,299.37,291.66
22:52:35,server_4,131.38,185.41
22:52:35,server_3,12711.54,10531.58
22:52:35,server_2,890.1,476.1
22:52:35,server_10,4053.7,3651.61
22:52:40,server_13,19155.14,21751.31
22:52:40,server_14,156.71,126.87
22:52:40,server_15,2727.41,3094.61
22:52:40,server_16,422.4,488.2
22:52:40,server_12,206.17,205.12
22:52:40,server_18,98.72,99.26
22:52:40,server_19,857.86,779.6
22:52:40,server_20,953.3,1219.16
22:52:40,server_17,67.08,83.01
22:52:40,server_11,457.91,598.7
22:52:40,server_1,220.57,296.24
22:52:40,server_9,448.63,659.63
22:52:40,server_8,6200.52,5539.63
22:52:40,server_7,4119.52,4696.89
22:52:40,server_6,912.77,1192.27
22:52:40,server_5,457.72,422.72
22:52:40,server_4,887.22,882.17
22:52:40,server_3,467.82,358.82
22:52:40,server_2,863.13,508.87
22:52:40,server_10,2608.74,2268.59
22:52:45,server_13,61.13,88.51
22:52:45,server_14,216.49,150.52
22:52:45,server_20,863.1,670.87
22:52:45,server_15,310.09,371.09
22:52:45,server_19,806.54,690.64
22:52:45,server_17,373.49,281.09
22:52:45,server_18,232.61,249.61
22:52:45,server_12,562.56,649.23
22:52:45,server_16,3611.61,3294.81
22:52:45,server_11,667.46,654.83
22:52:45,server_6,641.47,926.58
22:52:45,server_9,447.04,244.42
22:52:45,server_8,4697.29,4440.07
22:52:45,server_7,152.92,80.12
22:52:45,server_5,588.04,691.47
22:52:45,server_4,150.53,104.51
22:52:45,server_3,925.94,535.98
22:52:45,server_2,400.19,319.83
22:52:45,server_1,616.01,738.69
22:52:45,server_10,215.75,238.44
22:52:50,server_13,427.75,350.96
22:52:50,server_14,438.31,415.88
22:52:50,server_15,18761.41,16993.31
22:52:50,server_20,134.11,187.58
22:52:50,server_18,8407.32,7923.39
22:52:50,server_19,1045.36,1390.49
22:52:50,server_12,332.61,405.99
22:52:50,server_17,468.19,600.12
22:52:50,server_11,541.4,625.69
22:52:50,server_16,328.38,218.28
22:52:50,server_9,13623.06,14912.63
22:52:50,server_8,659.1,387.98
22:52:50,server_7,220.68,172.18
22:52:50,server_6,15688.25,13903.28
22:52:50,server_5,260.06,361.73
22:52:50,server_4,138.0,104.11
22:52:50,server_3,458.92,533.12
22:52:50,server_2,572.66,319.41
22:52:50,server_1,795.41,963.62
22:52:50,server_10,421.48,261.27
22:52:55,server_12,1025.33,848.11
22:52:55,server_13,261.24,286.84
22:52:55,server_14,202.89,179.14
22:52:55,server_18,874.94,1012.41
22:52:55,server_16,157.13,202.79
22:52:55,server_17,547.77,296.67
22:52:55,server_11,2756.75,2694.38
22:52:55,server_15,493.78,295.67
22:52:55,server_10,32.97,25.02
22:52:55,server_5,44.92,49.2
22:52:55,server_8,1006.32,1130.04
22:52:55,server_7,11077.02,12896.74
22:52:55,server_6,1055.9,1466.54
22:52:55,server_4,519.85,576.4
22:52:55,server_3,334.59,491.86
22:52:55,server_2,649.61,566.39
22:52:55,server_1,583.7,680.96
22:52:55,server_19,910.56,944.33
22:52:55,server_9,461.72,436.83
22:52:55,server_20,653.47,820.27
