server_id,window_start,window_end,max_net_in,max_disk_io,alert
server_1,20:53:00,20:53:30,7526.98,3476.91,Network flood + Disk thrash suspected
server_1,20:53:10,20:53:40,7526.98,3761.91,Network flood + Disk thrash suspected
server_1,20:53:20,20:53:50,18678.53,3761.91,Network flood + Disk thrash suspected
server_1,20:53:30,20:54:00,18678.53,3761.91,Network flood + Disk thrash suspected
server_1,20:53:40,20:54:10,18678.53,159.42,Possible DDoS
server_1,20:53:50,20:54:20,891.36,127.32,
server_1,20:54:00,20:54:30,923.76,140.69,
server_1,20:54:10,20:54:40,923.76,4198.33,Disk thrash suspected
server_1,20:54:20,20:54:50,13902.98,4198.33,Network flood + Disk thrash suspected
server_1,20:54:30,20:55:00,13902.98,4198.33,Network flood + Disk thrash suspected
server_1,20:54:40,20:55:10,13902.98,118.72,Possible DDoS
server_1,20:54:50,20:55:20,385.56,102.29,
server_1,20:55:00,20:55:30,928.67,74.22,
server_1,20:55:10,20:55:40,16095.05,145.41,Possible DDoS
server_1,20:55:20,20:55:50,16095.05,7312.67,Network flood + Disk thrash suspected
server_1,20:55:30,20:56:00,16095.05,7312.67,Network flood + Disk thrash suspected
server_1,20:55:40,20:56:10,9740.9,7312.67,Network flood + Disk thrash suspected
server_1,20:55:50,20:56:20,9740.9,130.28,Possible DDoS
server_1,20:56:00,20:56:30,9740.9,1917.35,Possible DDoS
server_1,20:56:10,20:56:40,2007.81,1917.35,
server_1,20:56:20,20:56:50,4284.76,1917.35,Possible DDoS
server_1,20:56:30,20:57:00,4284.76,981.73,Possible DDoS
server_1,20:56:40,20:57:10,4284.76,9973.88,Network flood + Disk thrash suspected
server_1,20:56:50,20:57:20,537.0,9973.88,Disk thrash suspected
server_1,20:57:00,20:57:30,2246.98,9973.88,Disk thrash suspected
server_1,20:57:10,20:57:40,2246.98,1465.32,
server_1,20:57:20,20:57:50,14150.21,1465.32,Possible DDoS
server_1,20:57:30,20:58:00,14150.21,171.81,Possible DDoS
server_1,20:57:40,20:58:10,14150.21,211.57,Possible DDoS
server_1,20:57:50,20:58:20,7813.25,1887.11,Possible DDoS
server_1,20:58:00,20:58:30,4629.39,1887.11,Possible DDoS
server_1,20:58:10,20:58:40,15844.14,1887.11,Possible DDoS
server_1,20:58:20,20:58:50,15844.14,3664.44,Network flood + Disk thrash suspected
server_1,20:58:30,20:59:00,15844.14,3664.44,Network flood + Disk thrash suspected
server_1,20:58:40,20:59:10,902.89,3664.44,Disk thrash suspected
server_1,20:58:50,20:59:20,902.89,164.81,
server_1,20:59:00,20:59:30,2686.94,6298.87,Disk thrash suspected
server_1,20:59:10,20:59:40,2686.94,6298.87,Disk thrash suspected
server_1,20:59:20,20:59:50,4093.05,6298.87,Network flood + Disk thrash suspected
server_1,20:59:30,21:00:00,4093.05,1334.81,Possible DDoS
server_1,20:59:40,21:00:10,4093.05,1334.81,Possible DDoS
server_1,20:59:50,21:00:20,877.49,78.6,
server_1,21:00:00,21:00:30,877.49,6935.35,Disk thrash suspected
server_1,21:00:10,21:00:40,877.49,6935.35,Disk thrash suspected
server_1,21:00:20,21:00:50,873.89,6935.35,Disk thrash suspected
server_1,21:00:30,21:01:00,875.65,6114.23,Disk thrash suspected
server_1,21:00:40,21:01:10,2339.53,6801.89,Disk thrash suspected
server_1,21:00:50,21:01:20,2339.53,6801.89,Disk thrash suspected
server_1,21:01:00,21:01:30,2339.53,6801.89,Disk thrash suspected
server_1,21:01:10,21:01:40,950.1,6557.66,Disk thrash suspected
server_1,21:01:20,21:01:50,426.55,6557.66,Disk thrash suspected
server_1,21:01:30,21:02:00,10072.77,132.34,Possible DDoS
server_1,21:01:40,21:02:10,10072.77,82.9,Possible DDoS
server_1,21:01:50,21:02:20,10072.77,1333.73,Possible DDoS
server_1,21:02:00,21:02:30,2909.05,1333.73,
server_1,21:02:10,21:02:40,2909.05,1333.73,
server_1,21:02:20,21:02:50,3983.0,1001.37,Possible DDoS
server_1,21:02:30,21:03:00,3983.0,1001.37,Possible DDoS
server_1,21:02:40,21:03:10,3983.0,1001.37,Possible DDoS
server_1,21:02:50,21:03:20,900.87,154.82,
server_1,21:03:00,21:03:30,2604.04,954.25,
server_1,21:03:10,21:03:40,11476.31,954.25,Possible DDoS
server_1,21:03:20,21:03:50,11476.31,954.25,Possible DDoS
server_1,21:03:30,21:04:00,11476.31,154.17,Possible DDoS
server_1,21:03:40,21:04:10,883.09,154.17,
server_1,21:03:50,21:04:20,992.52,154.17,
server_1,21:04:00,21:04:30,992.52,148.73,
server_1,21:04:10,21:04:40,992.52,148.73,
server_1,21:04:20,21:04:50,950.98,8825.58,Disk thrash suspected
server_1,21:04:30,21:05:00,950.98,8825.58,Disk thrash suspected
server_1,21:04:40,21:05:10,665.95,8825.58,Disk thrash suspected
server_1,21:04:50,21:05:20,1004.29,4261.87,Disk thrash suspected
server_1,21:05:00,21:05:30,1004.29,4261.87,Disk thrash suspected
server_1,21:05:10,21:05:40,1004.29,175.43,
server_1,21:05:20,21:05:50,969.07,102.86,
server_1,21:05:30,21:06:00,969.07,82.25,
server_1,21:05:40,21:06:10,14345.58,101.11,Possible DDoS
server_1,21:05:50,21:06:20,14345.58,3621.55,Network flood + Disk thrash suspected
server_1,21:06:00,21:06:30,14345.58,3621.55,Network flood + Disk thrash suspected
server_1,21:06:10,21:06:40,6696.61,3621.55,Network flood + Disk thrash suspected
server_1,21:06:20,21:06:50,6696.61,50.46,Possible DDoS
server_1,21:06:30,21:07:00,6696.61,115.24,Possible DDoS
server_1,21:06:40,21:07:10,870.41,115.24,
server_1,21:06:50,21:07:20,910.27,115.24,
server_1,21:07:00,21:07:30,973.77,105.69,
server_1,21:07:10,21:07:40,3072.34,1122.85,
server_1,21:07:20,21:07:50,16193.92,1122.85,Possible DDoS
server_1,21:07:30,21:08:00,16193.92,1122.85,Possible DDoS
server_1,21:07:40,21:08:10,16193.92,59.5,Possible DDoS
server_1,21:07:50,21:08:20,2113.2,626.27,
server_1,21:08:00,21:08:30,2113.2,626.27,
server_1,21:08:10,21:08:40,2113.2,7127.68,Disk thrash suspected
server_1,21:08:20,21:08:50,1017.76,7127.68,Disk thrash suspected
server_1,21:08:30,21:09:00,18493.18,7127.68,Network flood + Disk thrash suspected
server_1,21:08:40,21:09:10,18493.18,9705.54,Network flood + Disk thrash suspected
server_1,21:08:50,21:09:20,18493.18,9705.54,Network flood + Disk thrash suspected
server_1,21:09:00,21:09:30,3517.98,9705.54,Disk thrash suspected
server_1,21:09:10,21:09:40,856.27,139.24,
server_1,21:09:20,21:09:50,967.58,139.24,
server_1,21:09:30,21:10:00,3306.95,1851.48,
server_1,21:09:40,21:10:10,13782.71,1851.48,Possible DDoS
server_1,21:09:50,21:10:20,13782.71,1851.48,Possible DDoS
server_1,21:10:00,21:10:30,13782.71,1365.85,Possible DDoS
server_1,21:10:10,21:10:40,2375.73,6723.13,Disk thrash suspected
server_1,21:10:20,21:10:50,967.63,6723.13,Disk thrash suspected
server_1,21:10:30,21:11:00,967.63,6723.13,Disk thrash suspected
server_1,21:10:40,21:11:10,2328.8,5240.82,Disk thrash suspected
server_1,21:10:50,21:11:20,19762.27,836.27,Possible DDoS
server_1,21:11:00,21:11:30,19762.27,836.27,Possible DDoS
server_1,21:11:10,21:11:40,19762.27,1725.64,Possible DDoS
server_1,21:11:20,21:11:50,15893.56,1725.64,Possible DDoS
server_1,21:11:30,21:12:00,4860.89,1725.64,Possible DDoS
server_1,21:11:40,21:12:10,884.06,113.01,
server_1,21:11:50,21:12:20,2669.67,781.58,
server_1,21:12:00,21:12:30,2669.67,781.58,
server_1,21:12:10,21:12:40,2669.67,781.58,
server_1,21:12:20,21:12:50,4243.77,1787.37,Possible DDoS
server_1,21:12:30,21:13:00,4243.77,1799.22,Possible DDoS
server_1,21:12:40,21:13:10,4243.77,1799.22,Possible DDoS
server_1,21:12:50,21:13:20,1987.72,4799.8,Disk thrash suspected
server_1,21:13:00,21:13:30,885.39,4799.8,Disk thrash suspected
server_1,21:13:10,21:13:40,1761.4,4799.8,Disk thrash suspected
server_1,21:13:20,21:13:50,4270.58,1028.84,Possible DDoS
server_1,21:13:30,21:14:00,4270.58,1335.7,Possible DDoS
server_1,21:13:40,21:14:10,4270.58,1335.7,Possible DDoS
server_1,21:13:50,21:14:20,17525.41,1335.7,Possible DDoS
server_1,21:14:00,21:14:30,17525.41,8339.38,Network flood + Disk thrash suspected
server_1,21:14:10,21:14:40,17525.41,8339.38,Network flood + Disk thrash suspected
server_1,21:14:20,21:14:50,15635.73,8534.19,Network flood + Disk thrash suspected
server_1,21:14:30,21:15:00,15635.73,8534.19,Network flood + Disk thrash suspected
server_1,21:14:40,21:15:10,1383.33,8534.19,Disk thrash suspected
server_1,21:14:50,21:15:20,1009.38,154.56,
server_1,21:15:00,21:15:30,1009.38,8931.51,Disk thrash suspected
server_1,21:15:10,21:15:40,1009.38,8931.51,Disk thrash suspected
server_1,21:15:20,21:15:50,911.14,8931.51,Disk thrash suspected
server_1,21:15:30,21:16:00,911.14,5608.13,Disk thrash suspected
server_1,21:15:40,21:16:10,911.14,5608.13,Disk thrash suspected
server_1,21:15:50,21:16:20,837.87,8306.91,Disk thrash suspected
server_1,21:16:00,21:16:30,546.36,8306.91,Disk thrash suspected
server_1,21:16:10,21:16:40,938.29,8306.91,Disk thrash suspected
server_1,21:16:20,21:16:50,938.29,7347.39,Disk thrash suspected
server_1,21:16:30,21:17:00,938.29,7347.39,Disk thrash suspected
server_1,21:16:40,21:17:10,683.06,4086.15,Disk thrash suspected
server_1,21:16:50,21:17:20,615.09,4086.15,Disk thrash suspected
server_1,21:17:00,21:17:30,890.1,4086.15,Disk thrash suspected
server_1,21:17:10,21:17:40,14942.41,176.96,Possible DDoS
server_1,21:17:20,21:17:50,14942.41,176.96,Possible DDoS
server_1,21:17:30,21:18:00,14942.41,176.96,Possible DDoS
server_1,21:17:40,21:18:10,5541.01,7550.59,Network flood + Disk thrash suspected
server_1,21:17:50,21:18:20,5541.01,7550.59,Network flood + Disk thrash suspected
server_1,21:18:00,21:18:30,5541.01,7550.59,Network flood + Disk thrash suspected
server_1,21:18:10,21:18:40,1553.95,605.46,
server_1,21:18:20,21:18:50,1553.95,605.46,
server_1,21:18:30,21:19:00,1553.95,605.46,
server_1,21:18:40,21:19:10,19279.18,1378.52,Possible DDoS
server_1,21:18:50,21:19:20,19279.18,1378.52,Possible DDoS
server_1,21:19:00,21:19:30,19279.18,1378.52,Possible DDoS
server_1,21:19:10,21:19:40,4655.87,1191.61,Possible DDoS
server_1,21:19:20,21:19:50,6012.03,1191.61,Possible DDoS
server_1,21:19:30,21:20:00,6012.03,4384.19,Network flood + Disk thrash suspected
server_1,21:19:40,21:20:10,6012.03,4384.19,Network flood + Disk thrash suspected
server_1,21:19:50,21:20:20,919.2,6388.03,Disk thrash suspected
server_1,21:20:00,21:20:30,919.2,6388.03,Disk thrash suspected
server_1,21:20:10,21:20:40,877.79,6388.03,Disk thrash suspected
server_1,21:20:20,21:20:50,1039.08,110.54,
server_1,21:20:30,21:21:00,1039.08,110.54,
server_1,21:20:40,21:21:10,1039.08,174.35,
server_1,21:20:50,21:21:20,5591.33,174.35,Possible DDoS
server_1,21:21:00,21:21:30,5591.33,174.35,Possible DDoS
server_1,21:21:10,21:21:40,5591.33,1994.19,Possible DDoS
server_1,21:21:20,21:21:50,11970.9,5555.02,Network flood + Disk thrash suspected
server_1,21:21:30,21:22:00,11970.9,9284.88,Network flood + Disk thrash suspected
server_1,21:21:40,21:22:10,11970.9,9284.88,Network flood + Disk thrash suspected
server_1,21:21:50,21:22:20,985.91,9284.88,Disk thrash suspected
server_1,21:22:00,21:22:30,985.91,189.05,
server_1,21:22:10,21:22:40,985.91,7610.41,Disk thrash suspected
server_1,21:22:20,21:22:50,4521.93,7610.41,Network flood + Disk thrash suspected
server_1,21:22:30,21:23:00,4521.93,7610.41,Network flood + Disk thrash suspected
server_1,21:22:40,21:23:10,4521.93,1241.14,Possible DDoS
server_1,21:22:50,21:23:20,10327.89,1377.84,Possible DDoS
server_1,21:23:00,21:23:30,10327.89,8982.04,Network flood + Disk thrash suspected
server_1,21:23:10,21:23:40,15868.06,8982.04,Network flood + Disk thrash suspected
server_1,21:23:20,21:23:50,15868.06,8982.04,Network flood + Disk thrash suspected
server_1,21:23:30,21:24:00,15868.06,7594.75,Network flood + Disk thrash suspected
server_1,21:23:40,21:24:10,1057.62,7594.75,Disk thrash suspected
server_1,21:23:50,21:24:20,4925.78,655.26,Possible DDoS
server_1,21:24:00,21:24:30,4925.78,655.26,Possible DDoS
server_1,21:24:10,21:24:40,4925.78,7856.92,Network flood + Disk thrash suspected
server_1,21:24:20,21:24:50,9161.61,7856.92,Network flood + Disk thrash suspected
server_1,21:24:30,21:25:00,9161.61,7856.92,Network flood + Disk thrash suspected
server_1,21:24:40,21:25:10,9161.61,1938.52,Possible DDoS
server_1,21:24:50,21:25:20,8901.33,9730.4,Network flood + Disk thrash suspected
server_1,21:25:00,21:25:30,3827.18,9730.4,Network flood + Disk thrash suspected
server_1,21:25:10,21:25:40,3827.18,9730.4,Network flood + Disk thrash suspected
server_1,21:25:20,21:25:50,1761.95,1606.84,
server_1,21:25:30,21:26:00,5933.05,1606.84,Possible DDoS
server_1,21:25:40,21:26:10,5933.05,1606.84,Possible DDoS
server_1,21:25:50,21:26:20,5933.05,127.74,Possible DDoS
server_1,21:26:00,21:26:30,960.97,4144.61,Disk thrash suspected
server_1,21:26:10,21:26:40,1006.77,4144.61,Disk thrash suspected
server_1,21:26:20,21:26:50,1006.77,4144.61,Disk thrash suspected
server_1,21:26:30,21:27:00,7988.7,893.18,Possible DDoS
server_1,21:26:40,21:27:10,7988.7,893.18,Possible DDoS
server_1,21:26:50,21:27:20,7988.7,9732.77,Network flood + Disk thrash suspected
server_1,21:27:00,21:27:30,16967.24,9732.77,Network flood + Disk thrash suspected
server_1,21:27:10,21:27:40,16967.24,9732.77,Network flood + Disk thrash suspected
server_1,21:27:20,21:27:50,16967.24,188.68,Possible DDoS
server_1,21:27:30,21:28:00,6120.49,161.27,Possible DDoS
server_1,21:27:40,21:28:10,13108.39,161.27,Possible DDoS
server_1,21:27:50,21:28:20,13108.39,105.9,Possible DDoS
server_1,21:28:00,21:28:30,13108.39,1107.01,Possible DDoS
server_1,21:28:10,21:28:40,14933.72,1107.01,Possible DDoS
server_1,21:28:20,21:28:50,14933.72,1107.01,Possible DDoS
server_1,21:28:30,21:29:00,14933.72,105.18,Possible DDoS
server_1,21:28:40,21:29:10,850.81,105.18,
server_1,21:28:50,21:29:20,842.73,7176.04,Disk thrash suspected
server_1,21:29:00,21:29:30,841.63,7176.04,Disk thrash suspected
server_1,21:29:10,21:29:40,1069.46,7176.04,Disk thrash suspected
server_1,21:29:20,21:29:50,1069.46,152.39,
server_1,21:29:30,21:30:00,12128.92,1276.06,Possible DDoS
server_1,21:29:40,21:30:10,12128.92,8145.96,Network flood + Disk thrash suspected
server_1,21:29:50,21:30:20,12128.92,8145.96,Network flood + Disk thrash suspected
server_1,21:30:00,21:30:30,889.62,8145.96,Disk thrash suspected
server_1,21:30:10,21:30:40,17147.49,140.76,Possible DDoS
server_1,21:30:20,21:30:50,17147.49,85.93,Possible DDoS
server_1,21:30:30,21:31:00,17147.49,118.16,Possible DDoS
server_1,21:30:40,21:31:10,1069.2,6957.69,Disk thrash suspected
server_1,21:30:50,21:31:20,1069.2,9218.77,Disk thrash suspected
server_1,21:31:00,21:31:30,6932.02,9218.77,Network flood + Disk thrash suspected
server_1,21:31:10,21:31:40,11550.63,9218.77,Network flood + Disk thrash suspected
server_1,21:31:20,21:31:50,11550.63,151.27,Possible DDoS
server_1,21:31:30,21:32:00,11550.63,151.27,Possible DDoS
server_1,21:31:40,21:32:10,1613.54,872.38,
server_1,21:31:50,21:32:20,11832.43,6053.45,Network flood + Disk thrash suspected
server_1,21:32:00,21:32:30,11832.43,6053.45,Network flood + Disk thrash suspected
server_1,21:32:10,21:32:40,11832.43,6053.45,Network flood + Disk thrash suspected
server_1,21:32:20,21:32:50,922.06,138.84,
server_1,21:32:30,21:33:00,919.02,103.84,
server_1,21:32:40,21:33:10,919.02,59.52,
server_1,21:32:50,21:33:20,919.02,101.93,
server_1,21:33:00,21:33:30,919.56,101.93,
server_1,21:33:10,21:33:40,919.56,111.12,
server_1,21:33:20,21:33:50,919.56,6057.74,Disk thrash suspected
server_1,21:33:30,21:34:00,841.26,6057.74,Disk thrash suspected
server_1,21:33:40,21:34:10,691.74,6057.74,Disk thrash suspected
server_1,21:33:50,21:34:20,691.74,6056.58,Disk thrash suspected
server_1,21:34:00,21:34:30,7809.4,6056.58,Network flood + Disk thrash suspected
server_1,21:34:10,21:34:40,7809.4,9776.39,Network flood + Disk thrash suspected
server_1,21:34:20,21:34:50,7809.4,9776.39,Network flood + Disk thrash suspected
server_1,21:34:30,21:35:00,4240.84,9776.39,Network flood + Disk thrash suspected
server_1,21:34:40,21:35:10,4240.84,1799.91,Possible DDoS
server_1,21:34:50,21:35:20,4240.84,1799.91,Possible DDoS
server_1,21:35:00,21:35:30,15969.82,85.33,Possible DDoS
server_1,21:35:10,21:35:40,15969.82,838.31,Possible DDoS
server_1,21:35:20,21:35:50,15969.82,838.31,Possible DDoS
server_1,21:35:30,21:36:00,6373.6,878.93,Possible DDoS
server_1,21:35:40,21:36:10,1009.64,878.93,
server_1,21:35:50,21:36:20,1009.64,878.93,
server_1,21:36:00,21:36:30,980.44,89.21,
server_1,21:36:10,21:36:40,980.44,68.59,
server_1,21:36:20,21:36:50,956.9,100.58,
server_1,21:36:30,21:37:00,956.27,100.58,
server_1,21:36:40,21:37:10,956.27,100.58,
server_1,21:36:50,21:37:20,905.32,73.25,
server_1,21:37:00,21:37:30,969.26,73.25,
server_1,21:37:10,21:37:40,969.26,61.19,
server_1,21:37:20,21:37:50,969.26,86.81,
server_1,21:37:30,21:38:00,885.99,86.81,
server_1,21:37:40,21:38:10,4749.73,991.91,Possible DDoS
server_1,21:37:50,21:38:20,4749.73,1830.27,Possible DDoS
server_1,21:38:00,21:38:30,4749.73,1830.27,Possible DDoS
server_1,21:38:10,21:38:40,4905.16,1830.27,Possible DDoS
server_1,21:38:20,21:38:50,4905.16,1133.37,Possible DDoS
server_1,21:38:30,21:39:00,4905.16,1133.37,Possible DDoS
server_1,21:38:40,21:39:10,993.11,107.27,
server_1,21:38:50,21:39:20,931.86,128.11,
server_1,21:39:00,21:39:30,3875.25,7914.09,Network flood + Disk thrash suspected
server_1,21:39:10,21:39:40,3875.25,7914.09,Network flood + Disk thrash suspected
server_1,21:39:20,21:39:50,3875.25,7914.09,Network flood + Disk thrash suspected
server_1,21:39:30,21:40:00,3160.25,780.82,
server_1,21:39:40,21:40:10,3160.25,780.82,
server_1,21:39:50,21:40:20,2030.53,4596.26,Disk thrash suspected
server_1,21:40:00,21:40:30,954.54,4596.26,Disk thrash suspected
server_1,21:40:10,21:40:40,954.54,4596.26,Disk thrash suspected
server_1,21:40:20,21:40:50,954.54,3964.0,Disk thrash suspected
server_1,21:40:30,21:41:00,616.54,3964.0,Disk thrash suspected
server_1,21:40:40,21:41:10,647.96,92.14,
server_1,21:40:50,21:41:20,647.96,92.14,
server_1,21:41:00,21:41:30,874.05,154.79,
server_1,21:41:10,21:41:40,874.05,7046.31,Disk thrash suspected
server_1,21:41:20,21:41:50,874.05,7046.31,Disk thrash suspected
server_1,21:41:30,21:42:00,2774.53,7046.31,Disk thrash suspected
server_1,21:41:40,21:42:10,11422.39,1880.27,Possible DDoS
server_1,21:41:50,21:42:20,11422.39,1880.27,Possible DDoS
server_1,21:42:00,21:42:30,11422.39,1880.27,Possible DDoS
server_1,21:42:10,21:42:40,1460.64,1275.81,
server_1,21:42:20,21:42:50,1460.64,3992.81,Disk thrash suspected
server_1,21:42:30,21:43:00,992.72,3992.81,Disk thrash suspected
server_1,21:42:40,21:43:10,992.72,3992.81,Disk thrash suspected
server_1,21:42:50,21:43:20,15765.94,93.63,Possible DDoS
server_1,21:43:00,21:43:30,15765.94,93.63,Possible DDoS
server_1,21:43:10,21:43:40,15765.94,9659.44,Network flood + Disk thrash suspected
server_1,21:43:20,21:43:50,870.1,9659.44,Disk thrash suspected
server_1,21:43:30,21:44:00,924.94,9659.44,Disk thrash suspected
server_1,21:43:40,21:44:10,924.94,67.06,
server_1,21:43:50,21:44:20,924.94,67.06,
server_1,21:44:00,21:44:30,1037.63,89.3,
server_1,21:44:10,21:44:40,2196.62,1886.74,
server_1,21:44:20,21:44:50,3917.82,1908.42,Possible DDoS
server_1,21:44:30,21:45:00,3917.82,1908.42,Possible DDoS
server_1,21:44:40,21:45:10,4552.57,1908.42,Possible DDoS
server_1,21:44:50,21:45:20,4552.57,1723.18,Possible DDoS
server_1,21:45:00,21:45:30,12275.83,1723.18,Possible DDoS
server_1,21:45:10,21:45:40,12275.83,1714.69,Possible DDoS
server_1,21:45:20,21:45:50,12275.83,7710.6,Network flood + Disk thrash suspected
server_1,21:45:30,21:46:00,4023.73,7710.6,Network flood + Disk thrash suspected
server_1,21:45:40,21:46:10,4023.73,7710.6,Network flood + Disk thrash suspected
server_1,21:45:50,21:46:20,15475.82,8221.91,Network flood + Disk thrash suspected
server_1,21:46:00,21:46:30,18216.63,8221.91,Network flood + Disk thrash suspected
server_1,21:46:10,21:46:40,18216.63,8221.91,Network flood + Disk thrash suspected
server_1,21:46:20,21:46:50,18216.63,801.38,Possible DDoS
server_1,21:46:30,21:47:00,10647.35,801.38,Possible DDoS
server_1,21:46:40,21:47:10,10647.35,8146.06,Network flood + Disk thrash suspected
server_1,21:46:50,21:47:20,10647.35,8146.06,Network flood + Disk thrash suspected
server_1,21:47:00,21:47:30,5367.63,8146.06,Network flood + Disk thrash suspected
server_1,21:47:10,21:47:40,3752.51,1831.84,Possible DDoS
server_1,21:47:20,21:47:50,3752.51,1831.84,Possible DDoS
server_1,21:47:30,21:48:00,4558.42,1949.05,Possible DDoS
server_1,21:47:40,21:48:10,7726.61,1949.05,Possible DDoS
server_1,21:47:50,21:48:20,13153.68,1949.05,Possible DDoS
server_1,21:48:00,21:48:30,13153.68,1178.74,Possible DDoS
server_1,21:48:10,21:48:40,13153.68,1794.04,Possible DDoS
server_1,21:48:20,21:48:50,4307.61,1794.04,Possible DDoS
server_1,21:48:30,21:49:00,4307.61,1794.04,Possible DDoS
server_1,21:48:40,21:49:10,990.79,96.34,
server_1,21:48:50,21:49:20,990.79,96.34,
server_1,21:49:00,21:49:30,972.2,4339.77,Disk thrash suspected
server_1,21:49:10,21:49:40,972.2,4339.77,Disk thrash suspected
server_1,21:49:20,21:49:50,972.2,4339.77,Disk thrash suspected
server_1,21:49:30,21:50:00,937.13,175.57,
server_1,21:49:40,21:50:10,966.77,8617.88,Disk thrash suspected
server_1,21:49:50,21:50:20,2585.91,8617.88,Disk thrash suspected
server_1,21:50:00,21:50:30,2585.91,8617.88,Disk thrash suspected
server_1,21:50:10,21:50:40,2585.91,8085.89,Disk thrash suspected
server_1,21:50:20,21:50:50,495.73,8085.89,Disk thrash suspected
server_1,21:50:30,21:51:00,18893.12,8085.89,Network flood + Disk thrash suspected
server_1,21:50:40,21:51:10,18893.12,6551.85,Network flood + Disk thrash suspected
server_1,21:50:50,21:51:20,18893.12,6551.85,Network flood + Disk thrash suspected
server_1,21:51:00,21:51:30,934.79,6551.85,Disk thrash suspected
server_1,21:51:10,21:51:40,1030.27,5266.73,Disk thrash suspected
server_1,21:51:20,21:51:50,1030.27,155.86,
server_1,21:51:30,21:52:00,1030.27,155.86,
server_1,21:51:40,21:52:10,1535.13,1468.9,
server_1,21:51:50,21:52:20,1535.13,1468.9,
server_1,21:52:00,21:52:30,1535.13,1468.9,
server_1,21:52:10,21:52:40,700.58,92.94,
server_1,21:52:20,21:52:50,700.58,159.06,
server_1,21:52:30,21:53:00,3962.75,1800.12,Possible DDoS
server_1,21:52:40,21:53:10,3962.75,1800.12,Possible DDoS
server_1,21:52:50,21:53:20,3962.75,1800.12,Possible DDoS
server_1,21:53:00,21:53:30,1018.61,121.58,
server_1,21:53:10,21:53:40,1018.61,121.58,
server_1,21:53:20,21:53:50,1018.61,121.58,
server_1,21:53:30,21:54:00,11612.43,120.21,Possible DDoS
server_1,21:53:40,21:54:10,11612.43,138.36,Possible DDoS
server_1,21:53:50,21:54:20,11612.43,138.36,Possible DDoS
server_1,21:54:00,21:54:30,953.92,138.36,
server_1,21:54:10,21:54:40,1766.37,1008.11,
server_1,21:54:20,21:54:50,4469.63,1641.75,Possible DDoS
server_1,21:54:30,21:55:00,4469.63,8419.02,Network flood + Disk thrash suspected
server_1,21:54:40,21:55:10,4469.63,8419.02,Network flood + Disk thrash suspected
server_1,21:54:50,21:55:20,3651.51,8419.02,Network flood + Disk thrash suspected
server_1,21:55:00,21:55:30,3072.23,1182.59,
server_1,21:55:10,21:55:40,3072.23,1182.59,
server_1,21:55:20,21:55:50,3072.23,849.54,
server_1,21:55:30,21:56:00,971.15,76.22,
server_1,21:55:40,21:56:10,9024.81,142.24,Possible DDoS
server_1,21:55:50,21:56:20,9024.81,142.24,Possible DDoS
server_1,21:56:00,21:56:30,9024.81,142.24,Possible DDoS
server_1,21:56:10,21:56:40,1745.24,1308.82,
server_1,21:56:20,21:56:50,1745.24,1308.82,
server_1,21:56:30,21:57:00,1745.24,1308.82,
server_1,21:56:40,21:57:10,924.08,134.73,
server_1,21:56:50,21:57:20,1059.93,953.79,
server_1,21:57:00,21:57:30,1059.93,953.79,
server_1,21:57:10,21:57:40,5867.17,953.79,Possible DDoS
server_1,21:57:20,21:57:50,9740.57,159.12,Possible DDoS
server_1,21:57:30,21:58:00,9740.57,1914.81,Possible DDoS
server_1,21:57:40,21:58:10,9740.57,1914.81,Possible DDoS
server_1,21:57:50,21:58:20,8519.15,1914.81,Possible DDoS
server_1,21:58:00,21:58:30,8519.15,1244.68,Possible DDoS
server_1,21:58:10,21:58:40,891.94,108.8,
server_1,21:58:20,21:58:50,4577.55,1476.08,Possible DDoS
server_1,21:58:30,21:59:00,4577.55,1476.08,Possible DDoS
server_1,21:58:40,21:59:10,4577.55,1476.08,Possible DDoS
server_1,21:58:50,21:59:20,3602.77,871.24,Possible DDoS
server_1,21:59:00,21:59:30,1626.66,1342.28,
server_1,21:59:10,21:59:40,1626.66,3595.92,Disk thrash suspected
server_1,21:59:20,21:59:50,1626.66,5825.55,Disk thrash suspected
server_1,21:59:30,22:00:00,1033.16,5825.55,Disk thrash suspected
server_1,21:59:40,22:00:10,4201.85,5825.55,Network flood + Disk thrash suspected
server_1,21:59:50,22:00:20,6486.28,1252.06,Possible DDoS
server_1,22:00:00,22:00:30,12386.75,1252.06,Possible DDoS
server_1,22:00:10,22:00:40,12386.75,6183.57,Network flood + Disk thrash suspected
server_1,22:00:20,22:00:50,12386.75,6183.57,Network flood + Disk thrash suspected
server_1,22:00:30,22:01:00,6371.02,6183.57,Network flood + Disk thrash suspected
server_1,22:00:40,22:01:10,4594.61,506.68,Possible DDoS
server_1,22:00:50,22:01:20,967.2,179.94,
server_1,22:01:00,22:01:30,975.3,179.94,
server_1,22:01:10,22:01:40,4971.54,1574.06,Possible DDoS
server_1,22:01:20,22:01:50,4971.54,1574.06,Possible DDoS
server_1,22:01:30,22:02:00,4971.54,1574.06,Possible DDoS
server_1,22:01:40,22:02:10,970.68,86.44,
server_1,22:01:50,22:02:20,1690.57,1491.34,
server_1,22:02:00,22:02:30,1690.57,6703.39,Disk thrash suspected
server_1,22:02:10,22:02:40,1690.57,6703.39,Disk thrash suspected
server_1,22:02:20,22:02:50,2298.04,6703.39,Disk thrash suspected
server_1,22:02:30,22:03:00,2298.04,7297.14,Disk thrash suspected
server_1,22:02:40,22:03:10,2298.04,7297.14,Disk thrash suspected
server_1,22:02:50,22:03:20,839.55,7297.14,Disk thrash suspected
server_1,22:03:00,22:03:30,563.17,4266.3,Disk thrash suspected
server_1,22:03:10,22:03:40,3993.44,4970.49,Network flood + Disk thrash suspected
server_1,22:03:20,22:03:50,3993.44,7718.95,Network flood + Disk thrash suspected
server_1,22:03:30,22:04:00,3993.44,7718.95,Network flood + Disk thrash suspected
server_1,22:03:40,22:04:10,728.67,7718.95,Disk thrash suspected
server_1,22:03:50,22:04:20,728.67,4165.83,Disk thrash suspected
server_1,22:04:00,22:04:30,722.78,4165.83,Disk thrash suspected
server_1,22:04:10,22:04:40,936.16,85.21,
server_1,22:04:20,22:04:50,936.16,103.63,
server_1,22:04:30,22:05:00,936.16,103.63,
server_1,22:04:40,22:05:10,919.02,103.63,
server_1,22:04:50,22:05:20,919.02,196.69,
server_1,22:05:00,22:05:30,17000.37,8239.62,Network flood + Disk thrash suspected
server_1,22:05:10,22:05:40,17000.37,8239.62,Network flood + Disk thrash suspected
server_1,22:05:20,22:05:50,17000.37,8239.62,Network flood + Disk thrash suspected
server_1,22:05:30,22:06:00,16585.44,1084.91,Possible DDoS
server_1,22:05:40,22:06:10,16585.44,9114.97,Network flood + Disk thrash suspected
server_1,22:05:50,22:06:20,16585.44,9114.97,Network flood + Disk thrash suspected
server_1,22:06:00,22:06:30,2685.25,9114.97,Disk thrash suspected
server_1,22:06:10,22:06:40,13074.08,174.19,Possible DDoS
server_1,22:06:20,22:06:50,13074.08,174.19,Possible DDoS
server_1,22:06:30,22:07:00,13074.08,174.19,Possible DDoS
server_1,22:06:40,22:07:10,917.9,94.82,
server_1,22:06:50,22:07:20,976.59,116.09,
server_1,22:07:00,22:07:30,1021.25,116.09,
server_1,22:07:10,22:07:40,1021.25,117.73,
server_1,22:07:20,22:07:50,6629.19,117.73,Possible DDoS
server_1,22:07:30,22:08:00,6629.19,117.73,Possible DDoS
server_1,22:07:40,22:08:10,6629.19,103.61,Possible DDoS
server_1,22:07:50,22:08:20,3524.93,1504.46,
server_1,22:08:00,22:08:30,3524.93,1504.46,
server_1,22:08:10,22:08:40,6717.69,1504.46,Possible DDoS
server_1,22:08:20,22:08:50,6717.69,120.74,Possible DDoS
server_1,22:08:30,22:09:00,6717.69,8448.42,Network flood + Disk thrash suspected
server_1,22:08:40,22:09:10,2288.59,8448.42,Disk thrash suspected
server_1,22:08:50,22:09:20,2288.59,8448.42,Disk thrash suspected
server_1,22:09:00,22:09:30,2288.59,715.56,
server_1,22:09:10,22:09:40,845.06,101.17,
server_1,22:09:20,22:09:50,15187.96,1788.43,Possible DDoS
server_1,22:09:30,22:10:00,15187.96,1788.43,Possible DDoS
server_1,22:09:40,22:10:10,15187.96,1788.43,Possible DDoS
server_1,22:09:50,22:10:20,7776.46,8341.25,Network flood + Disk thrash suspected
server_1,22:10:00,22:10:30,18282.47,8341.25,Network flood + Disk thrash suspected
server_1,22:10:10,22:10:40,18282.47,8341.25,Network flood + Disk thrash suspected
server_1,22:10:20,22:10:50,18282.47,128.76,Possible DDoS
server_1,22:10:30,22:11:00,3342.05,1238.8,
server_1,22:10:40,22:11:10,3342.05,1238.8,
server_1,22:10:50,22:11:20,8276.58,1238.8,Possible DDoS
server_1,22:11:00,22:11:30,8276.58,179.31,Possible DDoS
server_1,22:11:10,22:11:40,8276.58,179.31,Possible DDoS
server_1,22:11:20,22:11:50,958.87,137.39,
server_1,22:11:30,22:12:00,12862.49,137.39,Possible DDoS
server_1,22:11:40,22:12:10,12862.49,203.67,Possible DDoS
server_1,22:11:50,22:12:20,12862.49,203.67,Possible DDoS
server_1,22:12:00,22:12:30,944.53,203.67,
server_1,22:12:10,22:12:40,1243.9,1812.94,
server_1,22:12:20,22:12:50,1243.9,7731.87,Disk thrash suspected
server_1,22:12:30,22:13:00,1243.9,7731.87,Disk thrash suspected
server_1,22:12:40,22:13:10,1020.88,7731.87,Disk thrash suspected
server_1,22:12:50,22:13:20,15611.25,89.03,Possible DDoS
server_1,22:13:00,22:13:30,15611.25,4005.4,Network flood + Disk thrash suspected
server_1,22:13:10,22:13:40,15611.25,4005.4,Network flood + Disk thrash suspected
server_1,22:13:20,22:13:50,772.04,4005.4,Disk thrash suspected
server_1,22:13:30,22:14:00,679.58,120.23,
server_1,22:13:40,22:14:10,959.82,120.23,
server_1,22:13:50,22:14:20,959.82,8186.95,Disk thrash suspected
server_1,22:14:00,22:14:30,959.82,8186.95,Disk thrash suspected
server_1,22:14:10,22:14:40,929.71,8186.95,Disk thrash suspected
server_1,22:14:20,22:14:50,929.71,7417.65,Disk thrash suspected
server_1,22:14:30,22:15:00,3472.87,7417.65,Disk thrash suspected
server_1,22:14:40,22:15:10,3472.87,3159.52,
server_1,22:14:50,22:15:20,3472.87,3159.52,
server_1,22:15:00,22:15:30,3062.58,3159.52,
server_1,22:15:10,22:15:40,3062.58,1166.61,
server_1,22:15:20,22:15:50,17682.19,136.57,Possible DDoS
server_1,22:15:30,22:16:00,17682.19,125.5,Possible DDoS
server_1,22:15:40,22:16:10,17682.19,125.5,Possible DDoS
server_1,22:15:50,22:16:20,13037.44,126.47,Possible DDoS
server_1,22:16:00,22:16:30,13037.44,126.47,Possible DDoS
server_1,22:16:10,22:16:40,6667.07,126.47,Possible DDoS
server_1,22:16:20,22:16:50,895.88,66.41,
server_1,22:16:30,22:17:00,895.88,42.86,
server_1,22:16:40,22:17:10,895.88,49.92,
server_1,22:16:50,22:17:20,626.32,117.39,
server_1,22:17:00,22:17:30,19957.05,117.39,Possible DDoS
server_1,22:17:10,22:17:40,19957.05,1366.53,Possible DDoS
server_1,22:17:20,22:17:50,19957.05,1366.53,Possible DDoS
server_1,22:17:30,22:18:00,3813.17,6087.22,Network flood + Disk thrash suspected
server_1,22:17:40,22:18:10,4266.31,6087.22,Network flood + Disk thrash suspected
server_1,22:17:50,22:18:20,4266.31,6087.22,Network flood + Disk thrash suspected
server_1,22:18:00,22:18:30,4266.31,533.9,Possible DDoS
server_1,22:18:10,22:18:40,16636.39,119.28,Possible DDoS
server_1,22:18:20,22:18:50,16636.39,119.28,Possible DDoS
server_1,22:18:30,22:19:00,16636.39,5119.47,Network flood + Disk thrash suspected
server_1,22:18:40,22:19:10,923.03,5119.47,Disk thrash suspected
server_1,22:18:50,22:19:20,923.03,5119.47,Disk thrash suspected
server_1,22:19:00,22:19:30,842.94,3387.9,
server_1,22:19:10,22:19:40,614.72,3387.9,
server_1,22:19:20,22:19:50,856.94,4777.17,Disk thrash suspected
server_1,22:19:30,22:20:00,909.37,4777.17,Disk thrash suspected
server_1,22:19:40,22:20:10,909.37,4777.17,Disk thrash suspected
server_1,22:19:50,22:20:20,3268.15,915.98,
server_1,22:20:00,22:20:30,3268.15,7030.78,Disk thrash suspected
server_1,22:20:10,22:20:40,3268.15,7030.78,Disk thrash suspected
server_1,22:20:20,22:20:50,2384.92,7030.78,Disk thrash suspected
server_1,22:20:30,22:21:00,2384.92,6831.68,Disk thrash suspected
server_1,22:20:40,22:21:10,880.52,6831.68,Disk thrash suspected
server_1,22:20:50,22:21:20,880.52,6831.68,Disk thrash suspected
server_1,22:21:00,22:21:30,1005.15,174.39,
server_1,22:21:10,22:21:40,1005.15,76.47,
server_1,22:21:20,22:21:50,1005.15,4650.74,Disk thrash suspected
server_1,22:21:30,22:22:00,871.53,4650.74,Disk thrash suspected
server_1,22:21:40,22:22:10,1030.23,4650.74,Disk thrash suspected
server_1,22:21:50,22:22:20,2611.21,9349.83,Disk thrash suspected
server_1,22:22:00,22:22:30,2611.21,9349.83,Disk thrash suspected
server_1,22:22:10,22:22:40,2611.21,9349.83,Disk thrash suspected
server_1,22:22:20,22:22:50,674.29,86.1,
server_1,22:22:30,22:23:00,547.55,86.1,
server_1,22:22:40,22:23:10,547.55,9115.54,Disk thrash suspected
server_1,22:22:50,22:23:20,19402.81,9115.54,Network flood + Disk thrash suspected
server_1,22:23:00,22:23:30,19402.81,9115.54,Network flood + Disk thrash suspected
server_1,22:23:10,22:23:40,19402.81,8633.76,Network flood + Disk thrash suspected
server_1,22:23:20,22:23:50,1005.68,8633.76,Disk thrash suspected
server_1,22:23:30,22:24:00,14923.42,8633.76,Network flood + Disk thrash suspected
server_1,22:23:40,22:24:10,14923.42,127.83,Possible DDoS
server_1,22:23:50,22:24:20,14923.42,1775.14,Possible DDoS
server_1,22:24:00,22:24:30,11039.05,1775.14,Possible DDoS
server_1,22:24:10,22:24:40,11039.05,1775.14,Possible DDoS
server_1,22:24:20,22:24:50,9543.77,4291.39,Network flood + Disk thrash suspected
server_1,22:24:30,22:25:00,9543.77,4291.39,Network flood + Disk thrash suspected
server_1,22:24:40,22:25:10,6977.12,4291.39,Network flood + Disk thrash suspected
server_1,22:24:50,22:25:20,3377.73,904.89,
server_1,22:25:00,22:25:30,15995.75,146.76,Possible DDoS
server_1,22:25:10,22:25:40,15995.75,5127.15,Network flood + Disk thrash suspected
server_1,22:25:20,22:25:50,15995.75,5127.15,Network flood + Disk thrash suspected
server_1,22:25:30,22:26:00,14053.18,5127.15,Network flood + Disk thrash suspected
server_1,22:25:40,22:26:10,2925.06,1229.74,
server_1,22:25:50,22:26:20,2925.06,1229.74,
server_1,22:26:00,22:26:30,933.29,9645.82,Disk thrash suspected
server_1,22:26:10,22:26:40,3610.34,9645.82,Network flood + Disk thrash suspected
server_1,22:26:20,22:26:50,9142.64,9645.82,Network flood + Disk thrash suspected
server_1,22:26:30,22:27:00,9142.64,5772.9,Network flood + Disk thrash suspected
server_1,22:26:40,22:27:10,9142.64,5772.9,Network flood + Disk thrash suspected
server_1,22:26:50,22:27:20,836.73,5772.9,Disk thrash suspected
server_1,22:27:00,22:27:30,836.73,4100.69,Disk thrash suspected
server_1,22:27:10,22:27:40,832.28,4100.69,Disk thrash suspected
server_1,22:27:20,22:27:50,855.51,4223.41,Disk thrash suspected
server_1,22:27:30,22:28:00,14677.35,4223.41,Network flood + Disk thrash suspected
server_1,22:27:40,22:28:10,14677.35,5699.12,Network flood + Disk thrash suspected
server_1,22:27:50,22:28:20,14677.35,5699.12,Network flood + Disk thrash suspected
server_1,22:28:00,22:28:30,9378.55,5699.12,Network flood + Disk thrash suspected
server_1,22:28:10,22:28:40,9378.55,1709.82,Possible DDoS
server_1,22:28:20,22:28:50,2906.77,5069.89,Disk thrash suspected
server_1,22:28:30,22:29:00,1051.08,5069.89,Disk thrash suspected
server_1,22:28:40,22:29:10,14016.34,5069.89,Network flood + Disk thrash suspected
server_1,22:28:50,22:29:20,14016.34,3429.74,Possible DDoS
server_1,22:29:00,22:29:30,14016.34,723.31,Possible DDoS
server_1,22:29:10,22:29:40,10717.37,723.31,Possible DDoS
server_1,22:29:20,22:29:50,10717.37,723.31,Possible DDoS
server_1,22:29:30,22:30:00,10717.37,8496.37,Network flood + Disk thrash suspected
server_1,22:29:40,22:30:10,6152.57,8496.37,Network flood + Disk thrash suspected
server_1,22:29:50,22:30:20,6152.57,8496.37,Network flood + Disk thrash suspected
server_1,22:30:00,22:30:30,6152.57,162.97,Possible DDoS
server_1,22:30:10,22:30:40,2684.23,812.68,
server_1,22:30:20,22:30:50,2684.23,4360.58,Disk thrash suspected
server_1,22:30:30,22:31:00,2684.23,4360.58,Disk thrash suspected
server_1,22:30:40,22:31:10,969.0,4360.58,Disk thrash suspected
server_1,22:30:50,22:31:20,5646.37,978.85,Possible DDoS
server_1,22:31:00,22:31:30,9879.47,978.85,Possible DDoS
server_1,22:31:10,22:31:40,9879.47,978.85,Possible DDoS
server_1,22:31:20,22:31:50,9879.47,9482.24,Network flood + Disk thrash suspected
server_1,22:31:30,22:32:00,3807.43,9482.24,Network flood + Disk thrash suspected
server_1,22:31:40,22:32:10,18754.68,9482.24,Network flood + Disk thrash suspected
server_1,22:31:50,22:32:20,18754.68,1155.7,Possible DDoS
server_1,22:32:00,22:32:30,18754.68,143.19,Possible DDoS
server_1,22:32:10,22:32:40,837.68,7711.87,Disk thrash suspected
server_1,22:32:20,22:32:50,837.68,7711.87,Disk thrash suspected
server_1,22:32:30,22:33:00,837.68,7711.87,Disk thrash suspected
server_1,22:32:40,22:33:10,1961.34,7069.19,Disk thrash suspected
server_1,22:32:50,22:33:20,1961.34,7069.19,Disk thrash suspected
server_1,22:33:00,22:33:30,1961.34,1710.56,
server_1,22:33:10,22:33:40,14140.25,1070.73,Possible DDoS
server_1,22:33:20,22:33:50,14140.25,93.29,Possible DDoS
server_1,22:33:30,22:34:00,14140.25,93.29,Possible DDoS
server_1,22:33:40,22:34:10,3421.64,1901.85,
server_1,22:33:50,22:34:20,16116.72,1901.85,Possible DDoS
server_1,22:34:00,22:34:30,16116.72,1901.85,Possible DDoS
server_1,22:34:10,22:34:40,16116.72,102.89,Possible DDoS
server_1,22:34:20,22:34:50,1002.31,7147.97,Disk thrash suspected
server_1,22:34:30,22:35:00,1032.03,7147.97,Disk thrash suspected
server_1,22:34:40,22:35:10,1032.03,7147.97,Disk thrash suspected
server_1,22:34:50,22:35:20,3367.83,975.72,
server_1,22:35:00,22:35:30,3367.83,3853.53,Disk thrash suspected
server_1,22:35:10,22:35:40,3367.83,6376.34,Disk thrash suspected
server_1,22:35:20,22:35:50,709.7,6376.34,Disk thrash suspected
server_1,22:35:30,22:36:00,709.7,6376.34,Disk thrash suspected
server_1,22:35:40,22:36:10,652.73,9542.4,Disk thrash suspected
server_1,22:35:50,22:36:20,892.75,9542.4,Disk thrash suspected
server_1,22:36:00,22:36:30,10200.03,9542.4,Network flood + Disk thrash suspected
server_1,22:36:10,22:36:40,10200.03,218.89,Possible DDoS
server_1,22:36:20,22:36:50,10200.03,6833.31,Network flood + Disk thrash suspected
server_1,22:36:30,22:37:00,985.89,6833.31,Disk thrash suspected
server_1,22:36:40,22:37:10,10061.82,6833.31,Network flood + Disk thrash suspected
server_1,22:36:50,22:37:20,10061.82,99.68,Possible DDoS
server_1,22:37:00,22:37:30,10061.82,93.61,Possible DDoS
server_1,22:37:10,22:37:40,998.46,6629.48,Disk thrash suspected
server_1,22:37:20,22:37:50,918.53,8759.2,Disk thrash suspected
server_1,22:37:30,22:38:00,918.53,8759.2,Disk thrash suspected
server_1,22:37:40,22:38:10,944.79,8759.2,Disk thrash suspected
server_1,22:37:50,22:38:20,3637.6,1952.72,Possible DDoS
server_1,22:38:00,22:38:30,3637.6,1952.72,Possible DDoS
server_1,22:38:10,22:38:40,6329.46,6582.68,Network flood + Disk thrash suspected
server_1,22:38:20,22:38:50,6329.46,6582.68,Network flood + Disk thrash suspected
server_1,22:38:30,22:39:00,6329.46,6582.68,Network flood + Disk thrash suspected
server_1,22:38:40,22:39:10,1050.22,599.34,
server_1,22:38:50,22:39:20,17820.22,599.34,Possible DDoS
server_1,22:39:00,22:39:30,18631.85,599.34,Possible DDoS
server_1,22:39:10,22:39:40,18631.85,177.27,Possible DDoS
server_1,22:39:20,22:39:50,18631.85,160.74,Possible DDoS
server_1,22:39:30,22:40:00,1066.38,160.74,
server_1,22:39:40,22:40:10,15785.29,160.74,Possible DDoS
server_1,22:39:50,22:40:20,15785.29,6561.8,Network flood + Disk thrash suspected
server_1,22:40:00,22:40:30,15785.29,9623.07,Network flood + Disk thrash suspected
server_1,22:40:10,22:40:40,3587.82,9623.07,Network flood + Disk thrash suspected
server_1,22:40:20,22:40:50,5115.52,9623.07,Network flood + Disk thrash suspected
server_1,22:40:30,22:41:00,5115.52,1335.65,Possible DDoS
server_1,22:40:40,22:41:10,5115.52,1461.83,Possible DDoS
server_1,22:40:50,22:41:20,4561.17,1608.81,Possible DDoS
server_1,22:41:00,22:41:30,4561.17,1608.81,Possible DDoS
server_1,22:41:10,22:41:40,4561.17,1608.81,Possible DDoS
server_1,22:41:20,22:41:50,920.18,4794.48,Disk thrash suspected
server_1,22:41:30,22:42:00,920.18,4794.48,Disk thrash suspected
server_1,22:41:40,22:42:10,889.02,4794.48,Disk thrash suspected
server_1,22:41:50,22:42:20,973.47,136.62,
server_1,22:42:00,22:42:30,4214.41,1217.97,Possible DDoS
server_1,22:42:10,22:42:40,4214.41,1217.97,Possible DDoS
server_1,22:42:20,22:42:50,4214.41,1515.96,Possible DDoS
server_1,22:42:30,22:43:00,1639.85,7986.83,Disk thrash suspected
server_1,22:42:40,22:43:10,1639.85,7986.83,Disk thrash suspected
server_1,22:42:50,22:43:20,1018.66,7986.83,Disk thrash suspected
server_1,22:43:00,22:43:30,1018.66,117.74,
server_1,22:43:10,22:43:40,5729.56,169.72,Possible DDoS
server_1,22:43:20,22:43:50,5729.56,9613.86,Network flood + Disk thrash suspected
server_1,22:43:30,22:44:00,5729.56,9613.86,Network flood + Disk thrash suspected
server_1,22:43:40,22:44:10,749.71,9613.86,Disk thrash suspected
server_1,22:43:50,22:44:20,958.32,78.91,
server_1,22:44:00,22:44:30,958.32,144.02,
server_1,22:44:10,22:44:40,958.32,144.02,
server_1,22:44:20,22:44:50,922.7,144.02,
server_1,22:44:30,22:45:00,922.7,114.19,
server_1,22:44:40,22:45:10,922.7,8720.9,Disk thrash suspected
server_1,22:44:50,22:45:20,377.07,8720.9,Disk thrash suspected
server_1,22:45:00,22:45:30,961.89,8720.9,Disk thrash suspected
server_1,22:45:10,22:45:40,973.98,6575.21,Disk thrash suspected
server_1,22:45:20,22:45:50,973.98,6197.41,Disk thrash suspected
server_1,22:45:30,22:46:00,973.98,6197.41,Disk thrash suspected
server_1,22:45:40,22:46:10,1644.62,1571.5,
server_1,22:45:50,22:46:20,1644.62,1571.5,
server_1,22:46:00,22:46:30,1644.62,8842.72,Disk thrash suspected
server_1,22:46:10,22:46:40,658.97,8842.72,Disk thrash suspected
server_1,22:46:20,22:46:50,2526.36,8842.72,Disk thrash suspected
server_1,22:46:30,22:47:00,2526.36,772.87,
server_1,22:46:40,22:47:10,4359.18,1686.5,Possible DDoS
server_1,22:46:50,22:47:20,4359.18,1686.5,Possible DDoS
server_1,22:47:00,22:47:30,4359.18,1686.5,Possible DDoS
server_1,22:47:10,22:47:40,2937.7,1472.72,
server_1,22:47:20,22:47:50,2937.7,1472.72,
server_1,22:47:30,22:48:00,2937.7,1472.72,
server_1,22:47:40,22:48:10,900.81,83.94,
server_1,22:47:50,22:48:20,914.77,83.94,
server_1,22:48:00,22:48:30,914.77,83.94,
server_1,22:48:10,22:48:40,914.77,36.51,
server_1,22:48:20,22:48:50,19941.11,1929.25,Possible DDoS
server_1,22:48:30,22:49:00,19941.11,1929.25,Possible DDoS
server_1,22:48:40,22:49:10,19941.11,9493.41,Network flood + Disk thrash suspected
server_1,22:48:50,22:49:20,991.97,9493.41,Disk thrash suspected
server_1,22:49:00,22:49:30,838.36,9493.41,Disk thrash suspected
server_1,22:49:10,22:49:40,2426.77,1535.26,
server_1,22:49:20,22:49:50,4250.15,1535.26,Possible DDoS
server_1,22:49:30,22:50:00,4250.15,5392.35,Network flood + Disk thrash suspected
server_1,22:49:40,22:50:10,4250.15,5392.35,Network flood + Disk thrash suspected
server_1,22:49:50,22:50:20,19118.15,5392.35,Network flood + Disk thrash suspected
server_1,22:50:00,22:50:30,19118.15,664.51,Possible DDoS
server_1,22:50:10,22:50:40,19118.15,664.51,Possible DDoS
server_1,22:50:20,22:50:50,4212.49,664.51,Possible DDoS
server_1,22:50:30,22:51:00,679.6,62.78,
server_1,22:50:40,22:51:10,18279.34,62.78,Possible DDoS
server_1,22:50:50,22:51:20,18279.34,62.78,Possible DDoS
server_1,22:51:00,22:51:30,18279.34,5557.55,Network flood + Disk thrash suspected
server_1,22:51:10,22:51:40,1013.4,5557.55,Disk thrash suspected
server_1,22:51:20,22:51:50,861.41,5557.55,Disk thrash suspected
server_1,22:51:30,22:52:00,861.41,7582.38,Disk thrash suspected
server_1,22:51:40,22:52:10,871.85,7582.38,Disk thrash suspected
server_1,22:51:50,22:52:20,7910.44,7582.38,Network flood + Disk thrash suspected
server_1,22:52:00,22:52:30,7910.44,4447.16,Network flood + Disk thrash suspected
server_1,22:52:10,22:52:40,7910.44,4701.56,Network flood + Disk thrash suspected
server_1,22:52:20,22:52:50,920.93,4701.56,Disk thrash suspected
server_1,22:52:30,22:53:00,878.2,4701.56,Disk thrash suspected
server_1,22:52:40,22:53:10,795.41,110.73,
server_1,22:52:50,22:53:20,795.41,110.73,
server_10,20:53:00,20:53:30,7051.4,688.44,Possible DDoS
server_10,20:53:10,20:53:40,3188.28,997.9,
server_10,20:53:20,20:53:50,15362.87,1124.03,Possible DDoS
server_10,20:53:30,20:54:00,15362.87,1124.03,Possible DDoS
server_10,20:53:40,20:54:10,15362.87,1124.03,Possible DDoS
server_10,20:53:50,20:54:20,1529.14,1317.11,
server_10,20:54:00,20:54:30,1529.14,1317.11,
server_10,20:54:10,20:54:40,1529.14,1317.11,
server_10,20:54:20,20:54:50,12714.69,131.29,Possible DDoS
server_10,20:54:30,20:55:00,12714.69,1573.5,Possible DDoS
server_10,20:54:40,20:55:10,12714.69,1573.5,Possible DDoS
server_10,20:54:50,20:55:20,4646.57,1573.5,Possible DDoS
server_10,20:55:00,20:55:30,4646.57,1416.42,Possible DDoS
server_10,20:55:10,20:55:40,18980.35,1224.62,Possible DDoS
server_10,20:55:20,20:55:50,18980.35,148.88,Possible DDoS
server_10,20:55:30,20:56:00,18980.35,148.88,Possible DDoS
server_10,20:55:40,20:56:10,18081.73,6430.7,Network flood + Disk thrash suspected
server_10,20:55:50,20:56:20,1002.98,6430.7,Disk thrash suspected
server_10,20:56:00,20:56:30,718.65,6430.7,Disk thrash suspected
server_10,20:56:10,20:56:40,882.25,200.4,
server_10,20:56:20,20:56:50,9925.83,200.4,Possible DDoS
server_10,20:56:30,20:57:00,9925.83,8975.57,Network flood + Disk thrash suspected
server_10,20:56:40,20:57:10,9925.83,8975.57,Network flood + Disk thrash suspected
server_10,20:56:50,20:57:20,2321.15,8975.57,Disk thrash suspected
server_10,20:57:00,20:57:30,2321.15,547.93,
server_10,20:57:10,20:57:40,2321.15,547.93,
server_10,20:57:20,20:57:50,2586.55,6581.07,Disk thrash suspected
server_10,20:57:30,20:58:00,3489.72,6581.07,Disk thrash suspected
server_10,20:57:40,20:58:10,3489.72,6581.07,Disk thrash suspected
server_10,20:57:50,20:58:20,8249.89,4379.12,Network flood + Disk thrash suspected
server_10,20:58:00,20:58:30,8249.89,6995.24,Network flood + Disk thrash suspected
server_10,20:58:10,20:58:40,8249.89,6995.24,Network flood + Disk thrash suspected
server_10,20:58:20,20:58:50,3846.69,6995.24,Network flood + Disk thrash suspected
server_10,20:58:30,20:59:00,1044.55,182.65,
server_10,20:58:40,20:59:10,1035.25,169.15,
server_10,20:58:50,20:59:20,947.24,169.15,
server_10,20:59:00,20:59:30,832.53,8157.6,Disk thrash suspected
server_10,20:59:10,20:59:40,832.53,8157.6,Disk thrash suspected
server_10,20:59:20,20:59:50,787.34,8157.6,Disk thrash suspected
server_10,20:59:30,21:00:00,453.95,149.65,
server_10,20:59:40,21:00:10,884.87,149.65,
server_10,20:59:50,21:00:20,1037.28,152.97,
server_10,21:00:00,21:00:30,4429.34,1543.83,Possible DDoS
server_10,21:00:10,21:00:40,19920.55,1543.83,Possible DDoS
server_10,21:00:20,21:00:50,19920.55,1543.83,Possible DDoS
server_10,21:00:30,21:01:00,19920.55,859.77,Possible DDoS
server_10,21:00:40,21:01:10,5557.29,859.77,Possible DDoS
server_10,21:00:50,21:01:20,5557.29,859.77,Possible DDoS
server_10,21:01:00,21:01:30,5557.29,124.27,Possible DDoS
server_10,21:01:10,21:01:40,938.59,124.27,
server_10,21:01:20,21:01:50,2059.12,881.58,
server_10,21:01:30,21:02:00,2059.12,5404.09,Disk thrash suspected
server_10,21:01:40,21:02:10,2059.12,5404.09,Disk thrash suspected
server_10,21:01:50,21:02:20,9799.02,5404.09,Network flood + Disk thrash suspected
server_10,21:02:00,21:02:30,9799.02,1666.53,Possible DDoS
server_10,21:02:10,21:02:40,9799.02,8205.1,Network flood + Disk thrash suspected
server_10,21:02:20,21:02:50,4428.67,8205.1,Network flood + Disk thrash suspected
server_10,21:02:30,21:03:00,18388.13,8205.1,Network flood + Disk thrash suspected
server_10,21:02:40,21:03:10,18388.13,4238.9,Network flood + Disk thrash suspected
server_10,21:02:50,21:03:20,18388.13,8508.66,Network flood + Disk thrash suspected
server_10,21:03:00,21:03:30,8803.33,8508.66,Network flood + Disk thrash suspected
server_10,21:03:10,21:03:40,8803.33,8508.66,Network flood + Disk thrash suspected
server_10,21:03:20,21:03:50,12255.77,1457.07,Possible DDoS
server_10,21:03:30,21:04:00,12255.77,1457.07,Possible DDoS
server_10,21:03:40,21:04:10,16687.29,187.88,Possible DDoS
server_10,21:03:50,21:04:20,16687.29,187.88,Possible DDoS
server_10,21:04:00,21:04:30,16687.29,1020.45,Possible DDoS
server_10,21:04:10,21:04:40,14853.16,1020.45,Possible DDoS
server_10,21:04:20,21:04:50,10179.83,1020.45,Possible DDoS
server_10,21:04:30,21:05:00,10179.83,80.16,Possible DDoS
server_10,21:04:40,21:05:10,15788.45,79.81,Possible DDoS
server_10,21:04:50,21:05:20,15788.45,79.81,Possible DDoS
server_10,21:05:00,21:05:30,15788.45,76.85,Possible DDoS
server_10,21:05:10,21:05:40,1590.49,908.63,
server_10,21:05:20,21:05:50,1590.49,908.63,
server_10,21:05:30,21:06:00,3197.52,1693.39,
server_10,21:05:40,21:06:10,3197.52,6865.84,Disk thrash suspected
server_10,21:05:50,21:06:20,14702.14,6865.84,Network flood + Disk thrash suspected
server_10,21:06:00,21:06:30,16198.4,6865.84,Network flood + Disk thrash suspected
server_10,21:06:10,21:06:40,16198.4,5741.54,Network flood + Disk thrash suspected
server_10,21:06:20,21:06:50,16198.4,5741.54,Network flood + Disk thrash suspected
server_10,21:06:30,21:07:00,8676.09,5741.54,Network flood + Disk thrash suspected
server_10,21:06:40,21:07:10,8676.09,3687.67,Network flood + Disk thrash suspected
server_10,21:06:50,21:07:20,8569.31,98.56,Possible DDoS
server_10,21:07:00,21:07:30,8569.31,8454.78,Network flood + Disk thrash suspected
server_10,21:07:10,21:07:40,583.06,8454.78,Disk thrash suspected
server_10,21:07:20,21:07:50,944.01,8454.78,Disk thrash suspected
server_10,21:07:30,21:08:00,944.01,7633.17,Disk thrash suspected
server_10,21:07:40,21:08:10,3206.9,7633.17,Disk thrash suspected
server_10,21:07:50,21:08:20,3206.9,7626.78,Disk thrash suspected
server_10,21:08:00,21:08:30,3813.83,7626.78,Network flood + Disk thrash suspected
server_10,21:08:10,21:08:40,3813.83,7626.78,Network flood + Disk thrash suspected
server_10,21:08:20,21:08:50,4964.86,1600.19,Possible DDoS
server_10,21:08:30,21:09:00,8127.68,1600.19,Possible DDoS
server_10,21:08:40,21:09:10,8127.68,1600.19,Possible DDoS
server_10,21:08:50,21:09:20,10530.82,1548.48,Possible DDoS
server_10,21:09:00,21:09:30,10530.82,6452.24,Network flood + Disk thrash suspected
server_10,21:09:10,21:09:40,10530.82,6452.24,Network flood + Disk thrash suspected
server_10,21:09:20,21:09:50,6155.1,6452.24,Network flood + Disk thrash suspected
server_10,21:09:30,21:10:00,6155.1,73.16,Possible DDoS
server_10,21:09:40,21:10:10,19738.82,87.11,Possible DDoS
server_10,21:09:50,21:10:20,19738.82,87.11,Possible DDoS
server_10,21:10:00,21:10:30,19738.82,150.42,Possible DDoS
server_10,21:10:10,21:10:40,17726.97,150.42,Possible DDoS
server_10,21:10:20,21:10:50,17726.97,150.42,Possible DDoS
server_10,21:10:30,21:11:00,917.66,3735.93,Disk thrash suspected
server_10,21:10:40,21:11:10,957.51,3735.93,Disk thrash suspected
server_10,21:10:50,21:11:20,957.51,3735.93,Disk thrash suspected
server_10,21:11:00,21:11:30,957.51,147.02,
server_10,21:11:10,21:11:40,1201.25,898.19,
server_10,21:11:20,21:11:50,1201.25,898.19,
server_10,21:11:30,21:12:00,1201.25,898.19,
server_10,21:11:40,21:12:10,598.31,99.27,
server_10,21:11:50,21:12:20,18518.11,146.78,Possible DDoS
server_10,21:12:00,21:12:30,18518.11,146.78,Possible DDoS
server_10,21:12:10,21:12:40,18518.11,146.78,Possible DDoS
server_10,21:12:20,21:12:50,14545.47,126.8,Possible DDoS
server_10,21:12:30,21:13:00,1176.81,1868.53,
server_10,21:12:40,21:13:10,2317.87,1868.53,
server_10,21:12:50,21:13:20,2317.87,1868.53,
server_10,21:13:00,21:13:30,2317.87,1005.23,
server_10,21:13:10,21:13:40,987.27,112.91,
server_10,21:13:20,21:13:50,987.27,8558.53,Disk thrash suspected
server_10,21:13:30,21:14:00,541.65,8558.53,Disk thrash suspected
server_10,21:13:40,21:14:10,980.48,9090.12,Disk thrash suspected
server_10,21:13:50,21:14:20,2301.41,9090.12,Disk thrash suspected
server_10,21:14:00,21:14:30,2354.35,9090.12,Disk thrash suspected
server_10,21:14:10,21:14:40,3791.28,1716.54,Possible DDoS
server_10,21:14:20,21:14:50,3791.28,971.17,Possible DDoS
server_10,21:14:30,21:15:00,3791.28,971.17,Possible DDoS
server_10,21:14:40,21:15:10,5950.03,198.64,Possible DDoS
server_10,21:14:50,21:15:20,5950.03,198.64,Possible DDoS
server_10,21:15:00,21:15:30,5950.03,198.64,Possible DDoS
server_10,21:15:10,21:15:40,918.62,165.83,
server_10,21:15:20,21:15:50,898.52,5153.14,Disk thrash suspected
server_10,21:15:30,21:16:00,898.52,5153.14,Disk thrash suspected
server_10,21:15:40,21:16:10,993.56,5153.14,Disk thrash suspected
server_10,21:15:50,21:16:20,993.56,3853.19,Disk thrash suspected
server_10,21:16:00,21:16:30,993.56,157.28,
server_10,21:16:10,21:16:40,17837.48,157.28,Possible DDoS
server_10,21:16:20,21:16:50,17837.48,160.67,Possible DDoS
server_10,21:16:30,21:17:00,17837.48,160.67,Possible DDoS
server_10,21:16:40,21:17:10,11331.26,160.67,Possible DDoS
server_10,21:16:50,21:17:20,11990.16,132.38,Possible DDoS
server_10,21:17:00,21:17:30,11990.16,132.86,Possible DDoS
server_10,21:17:10,21:17:40,11990.16,1272.32,Possible DDoS
server_10,21:17:20,21:17:50,2317.51,1272.32,
server_10,21:17:30,21:18:00,18110.96,1272.32,Possible DDoS
server_10,21:17:40,21:18:10,18152.36,186.78,Possible DDoS
server_10,21:17:50,21:18:20,18152.36,1397.27,Possible DDoS
server_10,21:18:00,21:18:30,18152.36,1397.27,Possible DDoS
server_10,21:18:10,21:18:40,17930.53,8799.68,Network flood + Disk thrash suspected
server_10,21:18:20,21:18:50,17930.53,8799.68,Network flood + Disk thrash suspected
server_10,21:18:30,21:19:00,14498.07,8799.68,Network flood + Disk thrash suspected
server_10,21:18:40,21:19:10,14498.07,185.35,Possible DDoS
server_10,21:18:50,21:19:20,14498.07,1338.24,Possible DDoS
server_10,21:19:00,21:19:30,19679.93,1338.24,Possible DDoS
server_10,21:19:10,21:19:40,19679.93,1338.24,Possible DDoS
server_10,21:19:20,21:19:50,19679.93,6830.05,Network flood + Disk thrash suspected
server_10,21:19:30,21:20:00,951.65,6830.05,Disk thrash suspected
server_10,21:19:40,21:20:10,10636.45,6830.05,Network flood + Disk thrash suspected
server_10,21:19:50,21:20:20,10636.45,6120.48,Network flood + Disk thrash suspected
server_10,21:20:00,21:20:30,10636.45,6120.48,Network flood + Disk thrash suspected
server_10,21:20:10,21:20:40,924.39,6120.48,Disk thrash suspected
server_10,21:20:20,21:20:50,8747.16,5459.91,Network flood + Disk thrash suspected
server_10,21:20:30,21:21:00,19186.67,89.99,Possible DDoS
server_10,21:20:40,21:21:10,19186.67,3814.85,Network flood + Disk thrash suspected
server_10,21:20:50,21:21:20,19186.67,3814.85,Network flood + Disk thrash suspected
server_10,21:21:00,21:21:30,18481.41,3814.85,Network flood + Disk thrash suspected
server_10,21:21:10,21:21:40,18481.41,6507.8,Network flood + Disk thrash suspected
server_10,21:21:20,21:21:50,15770.71,6507.8,Network flood + Disk thrash suspected
server_10,21:21:30,21:22:00,15770.71,6507.8,Network flood + Disk thrash suspected
server_10,21:21:40,21:22:10,15770.71,1451.45,Possible DDoS
server_10,21:21:50,21:22:20,13252.1,1451.45,Possible DDoS
server_10,21:22:00,21:22:30,6856.74,1884.84,Possible DDoS
server_10,21:22:10,21:22:40,1162.84,1884.84,
server_10,21:22:20,21:22:50,1162.84,1884.84,
server_10,21:22:30,21:23:00,963.56,8041.03,Disk thrash suspected
server_10,21:22:40,21:23:10,963.56,8041.03,Disk thrash suspected
server_10,21:22:50,21:23:20,711.13,8041.03,Disk thrash suspected
server_10,21:23:00,21:23:30,711.13,8026.52,Disk thrash suspected
server_10,21:23:10,21:23:40,892.47,8026.52,Disk thrash suspected
server_10,21:23:20,21:23:50,892.47,8026.52,Disk thrash suspected
server_10,21:23:30,21:24:00,892.47,105.1,
server_10,21:23:40,21:24:10,890.49,120.56,
server_10,21:23:50,21:24:20,16491.52,1940.08,Possible DDoS
server_10,21:24:00,21:24:30,16491.52,1940.08,Possible DDoS
server_10,21:24:10,21:24:40,16491.52,1940.08,Possible DDoS
server_10,21:24:20,21:24:50,599.04,141.85,
server_10,21:24:30,21:25:00,996.62,141.85,
server_10,21:24:40,21:25:10,996.62,141.85,
server_10,21:24:50,21:25:20,7050.97,133.86,Possible DDoS
server_10,21:25:00,21:25:30,7050.97,133.86,Possible DDoS
server_10,21:25:10,21:25:40,13581.09,3788.78,Network flood + Disk thrash suspected
server_10,21:25:20,21:25:50,13581.09,8235.06,Network flood + Disk thrash suspected
server_10,21:25:30,21:26:00,13581.09,8235.06,Network flood + Disk thrash suspected
server_10,21:25:40,21:26:10,6474.96,8235.06,Network flood + Disk thrash suspected
server_10,21:25:50,21:26:20,6474.96,5997.59,Network flood + Disk thrash suspected
server_10,21:26:00,21:26:30,2702.66,1237.57,
server_10,21:26:10,21:26:40,2702.66,1237.57,
server_10,21:26:20,21:26:50,7954.57,1237.57,Possible DDoS
server_10,21:26:30,21:27:00,7954.57,161.59,Possible DDoS
server_10,21:26:40,21:27:10,7954.57,161.59,Possible DDoS
server_10,21:26:50,21:27:20,1015.42,8194.74,Disk thrash suspected
server_10,21:27:00,21:27:30,15332.66,8861.58,Network flood + Disk thrash suspected
server_10,21:27:10,21:27:40,15332.66,8861.58,Network flood + Disk thrash suspected
server_10,21:27:20,21:27:50,15332.66,8861.58,Network flood + Disk thrash suspected
server_10,21:27:30,21:28:00,4144.2,1677.78,Possible DDoS
server_10,21:27:40,21:28:10,4144.2,1004.28,Possible DDoS
server_10,21:27:50,21:28:20,17636.9,122.82,Possible DDoS
server_10,21:28:00,21:28:30,17636.9,122.82,Possible DDoS
server_10,21:28:10,21:28:40,17636.9,122.82,Possible DDoS
server_10,21:28:20,21:28:50,795.11,106.73,
server_10,21:28:30,21:29:00,3799.76,1256.38,Possible DDoS
server_10,21:28:40,21:29:10,13697.72,1256.38,Possible DDoS
server_10,21:28:50,21:29:20,15735.91,1746.55,Possible DDoS
server_10,21:29:00,21:29:30,15735.91,1746.55,Possible DDoS
server_10,21:29:10,21:29:40,15735.91,1746.55,Possible DDoS
server_10,21:29:20,21:29:50,11306.19,193.02,Possible DDoS
server_10,21:29:30,21:30:00,11306.19,1645.7,Possible DDoS
server_10,21:29:40,21:30:10,11306.19,6652.23,Network flood + Disk thrash suspected
server_10,21:29:50,21:30:20,16938.14,6652.23,Network flood + Disk thrash suspected
server_10,21:30:00,21:30:30,16938.14,6652.23,Network flood + Disk thrash suspected
server_10,21:30:10,21:30:40,16938.14,7193.92,Network flood + Disk thrash suspected
server_10,21:30:20,21:30:50,14017.6,7193.92,Network flood + Disk thrash suspected
server_10,21:30:30,21:31:00,19363.68,7193.92,Network flood + Disk thrash suspected
server_10,21:30:40,21:31:10,19363.68,154.98,Possible DDoS
server_10,21:30:50,21:31:20,19363.68,154.98,Possible DDoS
server_10,21:31:00,21:31:30,969.04,154.98,
server_10,21:31:10,21:31:40,10539.89,115.79,Possible DDoS
server_10,21:31:20,21:31:50,10539.89,146.05,Possible DDoS
server_10,21:31:30,21:32:00,10539.89,4734.56,Network flood + Disk thrash suspected
server_10,21:31:40,21:32:10,1014.52,4734.56,Disk thrash suspected
server_10,21:31:50,21:32:20,953.11,4734.56,Disk thrash suspected
server_10,21:32:00,21:32:30,920.96,192.64,
server_10,21:32:10,21:32:40,920.96,192.64,
server_10,21:32:20,21:32:50,3011.02,1656.02,
server_10,21:32:30,21:33:00,15012.18,1656.02,Possible DDoS
server_10,21:32:40,21:33:10,15012.18,1656.02,Possible DDoS
server_10,21:32:50,21:33:20,15012.18,7020.36,Network flood + Disk thrash suspected
server_10,21:33:00,21:33:30,18349.59,9602.42,Network flood + Disk thrash suspected
server_10,21:33:10,21:33:40,18349.59,9602.42,Network flood + Disk thrash suspected
server_10,21:33:20,21:33:50,18349.59,9602.42,Network flood + Disk thrash suspected
server_10,21:33:30,21:34:00,15680.93,1288.68,Possible DDoS
server_10,21:33:40,21:34:10,15680.93,194.32,Possible DDoS
server_10,21:33:50,21:34:20,15680.93,7370.49,Network flood + Disk thrash suspected
server_10,21:34:00,21:34:30,855.09,7370.49,Disk thrash suspected
server_10,21:34:10,21:34:40,1087.27,7370.49,Disk thrash suspected
server_10,21:34:20,21:34:50,16980.24,1978.12,Possible DDoS
server_10,21:34:30,21:35:00,16980.24,3571.89,Network flood + Disk thrash suspected
server_10,21:34:40,21:35:10,16980.24,3571.89,Network flood + Disk thrash suspected
server_10,21:34:50,21:35:20,14735.46,3571.89,Network flood + Disk thrash suspected
server_10,21:35:00,21:35:30,957.44,107.25,
server_10,21:35:10,21:35:40,957.44,6664.21,Disk thrash suspected
server_10,21:35:20,21:35:50,957.44,6664.21,Disk thrash suspected
server_10,21:35:30,21:36:00,729.59,6664.21,Disk thrash suspected
server_10,21:35:40,21:36:10,729.59,4833.5,Disk thrash suspected
server_10,21:35:50,21:36:20,10321.93,4833.5,Network flood + Disk thrash suspected
server_10,21:36:00,21:36:30,10321.93,4833.5,Network flood + Disk thrash suspected
server_10,21:36:10,21:36:40,10321.93,104.05,Possible DDoS
server_10,21:36:20,21:36:50,1012.17,114.48,
server_10,21:36:30,21:37:00,2836.64,987.47,
server_10,21:36:40,21:37:10,15228.22,987.47,Possible DDoS
server_10,21:36:50,21:37:20,15228.22,987.47,Possible DDoS
server_10,21:37:00,21:37:30,15228.22,168.42,Possible DDoS
server_10,21:37:10,21:37:40,1017.98,145.48,
server_10,21:37:20,21:37:50,11272.15,145.48,Possible DDoS
server_10,21:37:30,21:38:00,14523.11,145.48,Possible DDoS
server_10,21:37:40,21:38:10,14523.11,1485.95,Possible DDoS
server_10,21:37:50,21:38:20,14523.11,1485.95,Possible DDoS
server_10,21:38:00,21:38:30,4067.32,1485.95,Possible DDoS
server_10,21:38:10,21:38:40,2201.99,690.23,
server_10,21:38:20,21:38:50,2201.99,7995.13,Disk thrash suspected
server_10,21:38:30,21:39:00,1011.16,7995.13,Disk thrash suspected
server_10,21:38:40,21:39:10,1011.16,7995.13,Disk thrash suspected
server_10,21:38:50,21:39:20,10477.52,169.58,Possible DDoS
server_10,21:39:00,21:39:30,10477.52,9173.22,Network flood + Disk thrash suspected
server_10,21:39:10,21:39:40,10477.52,9173.22,Network flood + Disk thrash suspected
server_10,21:39:20,21:39:50,956.69,9173.22,Disk thrash suspected
server_10,21:39:30,21:40:00,956.69,140.81,
server_10,21:39:40,21:40:10,12261.49,3355.3,Possible DDoS
server_10,21:39:50,21:40:20,12261.49,5719.33,Network flood + Disk thrash suspected
server_10,21:40:00,21:40:30,12261.49,5719.33,Network flood + Disk thrash suspected
server_10,21:40:10,21:40:40,6687.77,5719.33,Network flood + Disk thrash suspected
server_10,21:40:20,21:40:50,6687.77,1253.84,Possible DDoS
server_10,21:40:30,21:41:00,3593.81,8482.05,Network flood + Disk thrash suspected
server_10,21:40:40,21:41:10,946.79,8482.05,Disk thrash suspected
server_10,21:40:50,21:41:20,941.17,8482.05,Disk thrash suspected
server_10,21:41:00,21:41:30,941.17,6448.19,Disk thrash suspected
server_10,21:41:10,21:41:40,17201.25,5710.39,Network flood + Disk thrash suspected
server_10,21:41:20,21:41:50,17201.25,5710.39,Network flood + Disk thrash suspected
server_10,21:41:30,21:42:00,17201.25,199.37,Possible DDoS
server_10,21:41:40,21:42:10,978.59,99.54,
server_10,21:41:50,21:42:20,978.59,99.54,
server_10,21:42:00,21:42:30,13982.27,119.01,Possible DDoS
server_10,21:42:10,21:42:40,14641.79,119.01,Possible DDoS
server_10,21:42:20,21:42:50,14641.79,119.01,Possible DDoS
server_10,21:42:30,21:43:00,14641.79,102.03,Possible DDoS
server_10,21:42:40,21:43:10,12420.61,125.07,Possible DDoS
server_10,21:42:50,21:43:20,12420.61,125.07,Possible DDoS
server_10,21:43:00,21:43:30,12420.61,7843.39,Network flood + Disk thrash suspected
server_10,21:43:10,21:43:40,11148.57,9868.86,Network flood + Disk thrash suspected
server_10,21:43:20,21:43:50,537.21,9868.86,Disk thrash suspected
server_10,21:43:30,21:44:00,1604.19,9868.86,Disk thrash suspected
server_10,21:43:40,21:44:10,1604.19,8701.22,Disk thrash suspected
server_10,21:43:50,21:44:20,1604.19,4056.03,Disk thrash suspected
server_10,21:44:00,21:44:30,770.65,4056.03,Disk thrash suspected
server_10,21:44:10,21:44:40,3973.2,4056.03,Network flood + Disk thrash suspected
server_10,21:44:20,21:44:50,3973.2,1423.65,Possible DDoS
server_10,21:44:30,21:45:00,5890.1,1423.65,Possible DDoS
server_10,21:44:40,21:45:10,5890.1,152.43,Possible DDoS
server_10,21:44:50,21:45:20,5890.1,152.43,Possible DDoS
server_10,21:45:00,21:45:30,733.0,9655.79,Disk thrash suspected
server_10,21:45:10,21:45:40,973.85,9655.79,Disk thrash suspected
server_10,21:45:20,21:45:50,9516.42,9655.79,Network flood + Disk thrash suspected
server_10,21:45:30,21:46:00,9516.42,146.05,Possible DDoS
server_10,21:45:40,21:46:10,9516.42,5442.85,Network flood + Disk thrash suspected
server_10,21:45:50,21:46:20,6474.75,8299.24,Network flood + Disk thrash suspected
server_10,21:46:00,21:46:30,6474.75,8299.24,Network flood + Disk thrash suspected
server_10,21:46:10,21:46:40,4659.64,8299.24,Network flood + Disk thrash suspected
server_10,21:46:20,21:46:50,3246.32,918.19,
server_10,21:46:30,21:47:00,19386.16,936.71,Possible DDoS
server_10,21:46:40,21:47:10,19386.16,936.71,Possible DDoS
server_10,21:46:50,21:47:20,19386.16,5365.89,Network flood + Disk thrash suspected
server_10,21:47:00,21:47:30,620.59,8614.85,Disk thrash suspected
server_10,21:47:10,21:47:40,547.06,8614.85,Disk thrash suspected
server_10,21:47:20,21:47:50,4059.3,8614.85,Network flood + Disk thrash suspected
server_10,21:47:30,21:48:00,4059.3,1102.63,Possible DDoS
server_10,21:47:40,21:48:10,4059.3,1102.63,Possible DDoS
server_10,21:47:50,21:48:20,938.42,155.32,
server_10,21:48:00,21:48:30,938.42,155.32,
server_10,21:48:10,21:48:40,922.94,155.32,
server_10,21:48:20,21:48:50,922.94,55.93,
server_10,21:48:30,21:49:00,842.93,7885.35,Disk thrash suspected
server_10,21:48:40,21:49:10,2078.18,7885.35,Disk thrash suspected
server_10,21:48:50,21:49:20,2078.18,7885.35,Disk thrash suspected
server_10,21:49:00,21:49:30,2078.18,7854.97,Disk thrash suspected
server_10,21:49:10,21:49:40,3465.79,6859.38,Disk thrash suspected
server_10,21:49:20,21:49:50,3465.79,6859.38,Disk thrash suspected
server_10,21:49:30,21:50:00,3465.79,4646.53,Disk thrash suspected
server_10,21:49:40,21:50:10,1407.37,4646.53,Disk thrash suspected
server_10,21:49:50,21:50:20,4727.89,1290.57,Possible DDoS
server_10,21:50:00,21:50:30,6252.24,1290.57,Possible DDoS
server_10,21:50:10,21:50:40,6252.24,1851.42,Possible DDoS
server_10,21:50:20,21:50:50,6362.36,1851.42,Possible DDoS
server_10,21:50:30,21:51:00,6362.36,1851.42,Possible DDoS
server_10,21:50:40,21:51:10,6362.36,101.35,Possible DDoS
server_10,21:50:50,21:51:20,2744.42,1755.26,
server_10,21:51:00,21:51:30,2744.42,1755.26,
server_10,21:51:10,21:51:40,2744.42,1755.26,
server_10,21:51:20,21:51:50,1510.41,1089.02,
server_10,21:51:30,21:52:00,1510.41,1089.02,
server_10,21:51:40,21:52:10,1004.91,8303.37,Disk thrash suspected
server_10,21:51:50,21:52:20,16201.75,8303.37,Network flood + Disk thrash suspected
server_10,21:52:00,21:52:30,16201.75,8303.37,Network flood + Disk thrash suspected
server_10,21:52:10,21:52:40,16201.75,505.16,Possible DDoS
server_10,21:52:20,21:52:50,8504.46,505.16,Possible DDoS
server_10,21:52:30,21:53:00,4431.18,505.16,Possible DDoS
server_10,21:52:40,21:53:10,610.03,7539.18,Disk thrash suspected
server_10,21:52:50,21:53:20,19548.5,7539.18,Network flood + Disk thrash suspected
server_10,21:53:00,21:53:30,19548.5,7539.18,Network flood + Disk thrash suspected
server_10,21:53:10,21:53:40,19548.5,119.5,Possible DDoS
server_10,21:53:20,21:53:50,17096.2,148.63,Possible DDoS
server_10,21:53:30,21:54:00,17096.2,148.63,Possible DDoS
server_10,21:53:40,21:54:10,17427.08,148.63,Possible DDoS
server_10,21:53:50,21:54:20,17427.08,1914.8,Possible DDoS
server_10,21:54:00,21:54:30,17427.08,1914.8,Possible DDoS
server_10,21:54:10,21:54:40,4437.86,1914.8,Possible DDoS
server_10,21:54:20,21:54:50,2166.21,9702.93,Disk thrash suspected
server_10,21:54:30,21:55:00,2374.68,9702.93,Disk thrash suspected
server_10,21:54:40,21:55:10,4038.45,9702.93,Network flood + Disk thrash suspected
server_10,21:54:50,21:55:20,4038.45,6119.08,Network flood + Disk thrash suspected
server_10,21:55:00,21:55:30,11424.43,6119.08,Network flood + Disk thrash suspected
server_10,21:55:10,21:55:40,11424.43,6119.08,Network flood + Disk thrash suspected
server_10,21:55:20,21:55:50,11424.43,1759.02,Possible DDoS
server_10,21:55:30,21:56:00,4347.82,1759.02,Possible DDoS
server_10,21:55:40,21:56:10,4347.82,1759.02,Possible DDoS
server_10,21:55:50,21:56:20,19635.43,1051.91,Possible DDoS
server_10,21:56:00,21:56:30,19635.43,6785.86,Network flood + Disk thrash suspected
server_10,21:56:10,21:56:40,19635.43,6785.86,Network flood + Disk thrash suspected
server_10,21:56:20,21:56:50,617.75,6785.86,Disk thrash suspected
server_10,21:56:30,21:57:00,666.76,141.52,
server_10,21:56:40,21:57:10,10121.86,150.57,Possible DDoS
server_10,21:56:50,21:57:20,10121.86,150.57,Possible DDoS
server_10,21:57:00,21:57:30,10121.86,8524.62,Network flood + Disk thrash suspected
server_10,21:57:10,21:57:40,801.07,8524.62,Disk thrash suspected
server_10,21:57:20,21:57:50,801.07,8524.62,Disk thrash suspected
server_10,21:57:30,21:58:00,789.7,64.85,
server_10,21:57:40,21:58:10,18454.01,64.85,Possible DDoS
server_10,21:57:50,21:58:20,18454.01,64.85,Possible DDoS
server_10,21:58:00,21:58:30,18454.01,1840.35,Possible DDoS
server_10,21:58:10,21:58:40,1008.76,1840.35,
server_10,21:58:20,21:58:50,1008.76,1840.35,
server_10,21:58:30,21:59:00,11901.08,1492.54,Possible DDoS
server_10,21:58:40,21:59:10,11901.08,4203.13,Network flood + Disk thrash suspected
server_10,21:58:50,21:59:20,11901.08,4203.13,Network flood + Disk thrash suspected
server_10,21:59:00,21:59:30,13995.96,4203.13,Network flood + Disk thrash suspected
server_10,21:59:10,21:59:40,13995.96,1885.77,Possible DDoS
server_10,21:59:20,21:59:50,13995.96,573.14,Possible DDoS
server_10,21:59:30,22:00:00,8064.53,573.14,Possible DDoS
server_10,21:59:40,22:00:10,12541.27,573.14,Possible DDoS
server_10,21:59:50,22:00:20,12541.27,4055.22,Network flood + Disk thrash suspected
server_10,22:00:00,22:00:30,12541.27,4055.22,Network flood + Disk thrash suspected
server_10,22:00:10,22:00:40,10997.23,4055.22,Network flood + Disk thrash suspected
server_10,22:00:20,22:00:50,10997.23,7552.83,Network flood + Disk thrash suspected
server_10,22:00:30,22:01:00,10997.23,7552.83,Network flood + Disk thrash suspected
server_10,22:00:40,22:01:10,2251.25,7552.83,Disk thrash suspected
server_10,22:00:50,22:01:20,2251.25,3417.98,
server_10,22:01:00,22:01:30,542.7,3417.98,
server_10,22:01:10,22:01:40,13618.01,3417.98,Possible DDoS
server_10,22:01:20,22:01:50,13618.01,587.72,Possible DDoS
server_10,22:01:30,22:02:00,13618.01,587.72,Possible DDoS
server_10,22:01:40,22:02:10,9284.94,77.62,Possible DDoS
server_10,22:01:50,22:02:20,9284.94,109.86,Possible DDoS
server_10,22:02:00,22:02:30,9284.94,6735.24,Network flood + Disk thrash suspected
server_10,22:02:10,22:02:40,698.54,6735.24,Disk thrash suspected
server_10,22:02:20,22:02:50,993.37,6735.24,Disk thrash suspected
server_10,22:02:30,22:03:00,15750.84,117.55,Possible DDoS
server_10,22:02:40,22:03:10,15750.84,117.55,Possible DDoS
server_10,22:02:50,22:03:20,15750.84,147.6,Possible DDoS
server_10,22:03:00,22:03:30,2967.06,951.62,
server_10,22:03:10,22:03:40,2967.06,8338.08,Disk thrash suspected
server_10,22:03:20,22:03:50,2967.06,8338.08,Disk thrash suspected
server_10,22:03:30,22:04:00,895.28,8350.99,Disk thrash suspected
server_10,22:03:40,22:04:10,967.38,8350.99,Disk thrash suspected
server_10,22:03:50,22:04:20,1003.73,8350.99,Disk thrash suspected
server_10,22:04:00,22:04:30,1003.73,110.13,
server_10,22:04:10,22:04:40,1003.73,49.03,
server_10,22:04:20,22:04:50,967.89,99.77,
server_10,22:04:30,22:05:00,967.89,99.77,
server_10,22:04:40,22:05:10,8024.88,99.77,Possible DDoS
server_10,22:04:50,22:05:20,8024.88,131.49,Possible DDoS
server_10,22:05:00,22:05:30,8024.88,834.01,Possible DDoS
server_10,22:05:10,22:05:40,13099.98,834.01,Possible DDoS
server_10,22:05:20,22:05:50,18005.33,834.01,Possible DDoS
server_10,22:05:30,22:06:00,18005.33,96.25,Possible DDoS
server_10,22:05:40,22:06:10,18005.33,96.25,Possible DDoS
server_10,22:05:50,22:06:20,986.22,3795.68,Disk thrash suspected
server_10,22:06:00,22:06:30,800.17,3795.68,Disk thrash suspected
server_10,22:06:10,22:06:40,1357.79,3795.68,Disk thrash suspected
server_10,22:06:20,22:06:50,1357.79,889.56,
server_10,22:06:30,22:07:00,1357.79,3335.32,
server_10,22:06:40,22:07:10,820.07,3335.32,
server_10,22:06:50,22:07:20,16797.39,3335.32,Possible DDoS
server_10,22:07:00,22:07:30,16797.39,132.41,Possible DDoS
server_10,22:07:10,22:07:40,16797.39,532.68,Possible DDoS
server_10,22:07:20,22:07:50,16181.18,5722.01,Network flood + Disk thrash suspected
server_10,22:07:30,22:08:00,1171.31,5722.01,Disk thrash suspected
server_10,22:07:40,22:08:10,18118.8,5722.01,Network flood + Disk thrash suspected
server_10,22:07:50,22:08:20,18118.8,1195.65,Possible DDoS
server_10,22:08:00,22:08:30,18118.8,1195.65,Possible DDoS
server_10,22:08:10,22:08:40,11185.02,1013.13,Possible DDoS
server_10,22:08:20,22:08:50,11185.02,6125.93,Network flood + Disk thrash suspected
server_10,22:08:30,22:09:00,6079.76,6125.93,Network flood + Disk thrash suspected
server_10,22:08:40,22:09:10,6079.76,6125.93,Network flood + Disk thrash suspected
server_10,22:08:50,22:09:20,6079.76,7473.81,Network flood + Disk thrash suspected
server_10,22:09:00,22:09:30,4463.83,7473.81,Network flood + Disk thrash suspected
server_10,22:09:10,22:09:40,4463.83,7473.81,Network flood + Disk thrash suspected
server_10,22:09:20,22:09:50,1907.1,1795.75,
server_10,22:09:30,22:10:00,889.8,55.87,
server_10,22:09:40,22:10:10,16990.55,9141.5,Network flood + Disk thrash suspected
server_10,22:09:50,22:10:20,16990.55,9141.5,Network flood + Disk thrash suspected
server_10,22:10:00,22:10:30,16990.55,9141.5,Network flood + Disk thrash suspected
server_10,22:10:10,22:10:40,888.6,4535.53,Disk thrash suspected
server_10,22:10:20,22:10:50,651.44,4535.53,Disk thrash suspected
server_10,22:10:30,22:11:00,9327.1,4535.53,Network flood + Disk thrash suspected
server_10,22:10:40,22:11:10,18982.24,154.68,Possible DDoS
server_10,22:10:50,22:11:20,18982.24,6749.12,Network flood + Disk thrash suspected
server_10,22:11:00,22:11:30,18982.24,6749.12,Network flood + Disk thrash suspected
server_10,22:11:10,22:11:40,945.88,6749.12,Disk thrash suspected
server_10,22:11:20,22:11:50,945.88,115.79,
server_10,22:11:30,22:12:00,958.33,118.4,
server_10,22:11:40,22:12:10,958.33,133.51,
server_10,22:11:50,22:12:20,958.33,4282.8,Disk thrash suspected
server_10,22:12:00,22:12:30,6671.59,4282.8,Network flood + Disk thrash suspected
server_10,22:12:10,22:12:40,6671.59,4282.8,Network flood + Disk thrash suspected
server_10,22:12:20,22:12:50,6671.59,145.35,Possible DDoS
server_10,22:12:30,22:13:00,5993.52,145.35,Possible DDoS
server_10,22:12:40,22:13:10,5993.52,5339.08,Network flood + Disk thrash suspected
server_10,22:12:50,22:13:20,764.11,5339.08,Disk thrash suspected
server_10,22:13:00,22:13:30,578.95,5339.08,Disk thrash suspected
server_10,22:13:10,22:13:40,578.95,6989.1,Disk thrash suspected
server_10,22:13:20,22:13:50,578.95,6989.1,Disk thrash suspected
server_10,22:13:30,22:14:00,747.77,6989.1,Disk thrash suspected
server_10,22:13:40,22:14:10,747.77,5122.76,Disk thrash suspected
server_10,22:13:50,22:14:20,747.77,9353.9,Disk thrash suspected
server_10,22:14:00,22:14:30,1009.65,9353.9,Disk thrash suspected
server_10,22:14:10,22:14:40,1009.65,9353.9,Disk thrash suspected
server_10,22:14:20,22:14:50,3885.49,511.91,Possible DDoS
server_10,22:14:30,22:15:00,3885.49,511.91,Possible DDoS
server_10,22:14:40,22:15:10,3885.49,511.91,Possible DDoS
server_10,22:14:50,22:15:20,4458.18,537.84,Possible DDoS
server_10,22:15:00,22:15:30,4458.18,7664.78,Network flood + Disk thrash suspected
server_10,22:15:10,22:15:40,4458.18,7664.78,Network flood + Disk thrash suspected
server_10,22:15:20,22:15:50,4775.9,7664.78,Network flood + Disk thrash suspected
server_10,22:15:30,22:16:00,4775.9,6608.48,Network flood + Disk thrash suspected
server_10,22:15:40,22:16:10,4775.9,6608.48,Network flood + Disk thrash suspected
server_10,22:15:50,22:16:20,903.23,6608.48,Disk thrash suspected
server_10,22:16:00,22:16:30,7188.08,81.11,Possible DDoS
server_10,22:16:10,22:16:40,7188.08,1421.21,Possible DDoS
server_10,22:16:20,22:16:50,7188.08,1421.21,Possible DDoS
server_10,22:16:30,22:17:00,4538.19,1421.21,Possible DDoS
server_10,22:16:40,22:17:10,759.24,8290.73,Disk thrash suspected
server_10,22:16:50,22:17:20,759.24,8290.73,Disk thrash suspected
server_10,22:17:00,22:17:30,608.98,8290.73,Disk thrash suspected
server_10,22:17:10,22:17:40,1952.72,4197.72,Disk thrash suspected
server_10,22:17:20,22:17:50,1952.72,4197.72,Disk thrash suspected
server_10,22:17:30,22:18:00,1952.72,7103.32,Disk thrash suspected
server_10,22:17:40,22:18:10,2759.79,7103.32,Disk thrash suspected
server_10,22:17:50,22:18:20,2759.79,7103.32,Disk thrash suspected
server_10,22:18:00,22:18:30,18123.94,980.34,Possible DDoS
server_10,22:18:10,22:18:40,18123.94,724.32,Possible DDoS
server_10,22:18:20,22:18:50,18123.94,724.32,Possible DDoS
server_10,22:18:30,22:19:00,2568.99,724.32,
server_10,22:18:40,22:19:10,987.69,181.7,
server_10,22:18:50,22:19:20,987.69,6992.72,Disk thrash suspected
server_10,22:19:00,22:19:30,2290.68,6992.72,Disk thrash suspected
server_10,22:19:10,22:19:40,2290.68,6992.72,Disk thrash suspected
server_10,22:19:20,22:19:50,15782.24,633.4,Possible DDoS
server_10,22:19:30,22:20:00,15782.24,170.92,Possible DDoS
server_10,22:19:40,22:20:10,15782.24,170.92,Possible DDoS
server_10,22:19:50,22:20:20,929.58,101.37,
server_10,22:20:00,22:20:30,929.58,101.37,
server_10,22:20:10,22:20:40,587.05,101.37,
server_10,22:20:20,22:20:50,941.58,143.03,
server_10,22:20:30,22:21:00,1072.85,143.03,
server_10,22:20:40,22:21:10,5081.63,3476.93,Network flood + Disk thrash suspected
server_10,22:20:50,22:21:20,5081.63,9095.59,Network flood + Disk thrash suspected
server_10,22:21:00,22:21:30,5081.63,9095.59,Network flood + Disk thrash suspected
server_10,22:21:10,22:21:40,12877.55,9721.7,Network flood + Disk thrash suspected
server_10,22:21:20,22:21:50,12877.55,9721.7,Network flood + Disk thrash suspected
server_10,22:21:30,22:22:00,12877.55,9721.7,Network flood + Disk thrash suspected
server_10,22:21:40,22:22:10,11520.36,818.58,Possible DDoS
server_10,22:21:50,22:22:20,11365.87,818.58,Possible DDoS
server_10,22:22:00,22:22:30,6297.02,1913.89,Possible DDoS
server_10,22:22:10,22:22:40,6297.02,1913.89,Possible DDoS
server_10,22:22:20,22:22:50,4886.84,1913.89,Possible DDoS
server_10,22:22:30,22:23:00,2447.42,1331.03,
server_10,22:22:40,22:23:10,2447.42,1331.03,
server_10,22:22:50,22:23:20,2447.42,4102.86,Disk thrash suspected
server_10,22:23:00,22:23:30,11752.55,7859.49,Network flood + Disk thrash suspected
server_10,22:23:10,22:23:40,11752.55,7859.49,Network flood + Disk thrash suspected
server_10,22:23:20,22:23:50,11752.55,7859.49,Network flood + Disk thrash suspected
server_10,22:23:30,22:24:00,3960.89,1947.01,Possible DDoS
server_10,22:23:40,22:24:10,3960.89,1947.01,Possible DDoS
server_10,22:23:50,22:24:20,13290.88,128.74,Possible DDoS
server_10,22:24:00,22:24:30,13290.88,128.74,Possible DDoS
server_10,22:24:10,22:24:40,13290.88,768.96,Possible DDoS
server_10,22:24:20,22:24:50,3287.92,768.96,
server_10,22:24:30,22:25:00,3287.92,768.96,
server_10,22:24:40,22:25:10,1976.01,1037.21,
server_10,22:24:50,22:25:20,16816.77,1037.21,Possible DDoS
server_10,22:25:00,22:25:30,16816.77,1037.21,Possible DDoS
server_10,22:25:10,22:25:40,16816.77,191.07,Possible DDoS
server_10,22:25:20,22:25:50,2179.53,1707.22,
server_10,22:25:30,22:26:00,2179.53,7943.56,Disk thrash suspected
server_10,22:25:40,22:26:10,2179.53,7943.56,Disk thrash suspected
server_10,22:25:50,22:26:20,17390.02,7943.56,Network flood + Disk thrash suspected
server_10,22:26:00,22:26:30,17390.02,173.25,Possible DDoS
server_10,22:26:10,22:26:40,17390.02,173.25,Possible DDoS
server_10,22:26:20,22:26:50,6930.56,168.79,Possible DDoS
server_10,22:26:30,22:27:00,587.83,102.63,
server_10,22:26:40,22:27:10,920.15,102.63,
server_10,22:26:50,22:27:20,920.15,4304.78,Disk thrash suspected
server_10,22:27:00,22:27:30,920.15,4304.78,Disk thrash suspected
server_10,22:27:10,22:27:40,1029.2,8522.67,Disk thrash suspected
server_10,22:27:20,22:27:50,1029.2,8522.67,Disk thrash suspected
server_10,22:27:30,22:28:00,1029.2,8522.67,Disk thrash suspected
server_10,22:27:40,22:28:10,1618.62,7830.95,Disk thrash suspected
server_10,22:27:50,22:28:20,1618.62,8837.3,Disk thrash suspected
server_10,22:28:00,22:28:30,1618.62,8837.3,Disk thrash suspected
server_10,22:28:10,22:28:40,855.54,8837.3,Disk thrash suspected
server_10,22:28:20,22:28:50,855.54,7839.06,Disk thrash suspected
server_10,22:28:30,22:29:00,855.54,7839.06,Disk thrash suspected
server_10,22:28:40,22:29:10,960.61,7839.06,Disk thrash suspected
server_10,22:28:50,22:29:20,960.61,146.63,
server_10,22:29:00,22:29:30,1049.44,146.63,
server_10,22:29:10,22:29:40,1049.44,146.63,
server_10,22:29:20,22:29:50,1697.22,3691.77,Disk thrash suspected
server_10,22:29:30,22:30:00,1697.22,5047.72,Disk thrash suspected
server_10,22:29:40,22:30:10,7655.32,5047.72,Network flood + Disk thrash suspected
server_10,22:29:50,22:30:20,9639.6,5047.72,Network flood + Disk thrash suspected
server_10,22:30:00,22:30:30,9639.6,518.97,Possible DDoS
server_10,22:30:10,22:30:40,9639.6,518.97,Possible DDoS
server_10,22:30:20,22:30:50,7884.23,518.97,Possible DDoS
server_10,22:30:30,22:31:00,13212.19,175.28,Possible DDoS
server_10,22:30:40,22:31:10,13212.19,172.62,Possible DDoS
server_10,22:30:50,22:31:20,13212.19,172.62,Possible DDoS
server_10,22:31:00,22:31:30,902.79,140.2,
server_10,22:31:10,22:31:40,902.79,140.2,
server_10,22:31:20,22:31:50,1866.61,1282.5,
server_10,22:31:30,22:32:00,1866.61,1282.5,
server_10,22:31:40,22:32:10,1866.61,4731.43,Disk thrash suspected
server_10,22:31:50,22:32:20,1081.66,4731.43,Disk thrash suspected
server_10,22:32:00,22:32:30,1081.66,7929.82,Disk thrash suspected
server_10,22:32:10,22:32:40,1081.66,7929.82,Disk thrash suspected
server_10,22:32:20,22:32:50,5707.04,7929.82,Network flood + Disk thrash suspected
server_10,22:32:30,22:33:00,15635.67,128.0,Possible DDoS
server_10,22:32:40,22:33:10,15635.67,128.0,Possible DDoS
server_10,22:32:50,22:33:20,15635.67,682.62,Possible DDoS
server_10,22:33:00,22:33:30,3999.58,6979.2,Network flood + Disk thrash suspected
server_10,22:33:10,22:33:40,3999.58,9120.6,Network flood + Disk thrash suspected
server_10,22:33:20,22:33:50,823.06,9120.6,Disk thrash suspected
server_10,22:33:30,22:34:00,2403.01,9120.6,Disk thrash suspected
server_10,22:33:40,22:34:10,17026.43,930.13,Possible DDoS
server_10,22:33:50,22:34:20,17026.43,930.13,Possible DDoS
server_10,22:34:00,22:34:30,17026.43,1267.62,Possible DDoS
server_10,22:34:10,22:34:40,1790.82,5858.27,Disk thrash suspected
server_10,22:34:20,22:34:50,1790.82,5858.27,Disk thrash suspected
server_10,22:34:30,22:35:00,1790.82,5858.27,Disk thrash suspected
server_10,22:34:40,22:35:10,2012.42,1518.79,
server_10,22:34:50,22:35:20,17711.14,1518.79,Possible DDoS
server_10,22:35:00,22:35:30,17711.14,1518.79,Possible DDoS
server_10,22:35:10,22:35:40,17711.14,153.71,Possible DDoS
server_10,22:35:20,22:35:50,14519.14,153.71,Possible DDoS
server_10,22:35:30,22:36:00,936.96,5955.52,Disk thrash suspected
server_10,22:35:40,22:36:10,15277.96,5955.52,Network flood + Disk thrash suspected
server_10,22:35:50,22:36:20,15277.96,5955.52,Network flood + Disk thrash suspected
server_10,22:36:00,22:36:30,16082.14,5816.33,Network flood + Disk thrash suspected
server_10,22:36:10,22:36:40,16082.14,5816.33,Network flood + Disk thrash suspected
server_10,22:36:20,22:36:50,16082.14,5816.33,Network flood + Disk thrash suspected
server_10,22:36:30,22:37:00,17224.36,1636.09,Possible DDoS
server_10,22:36:40,22:37:10,17224.36,1636.09,Possible DDoS
server_10,22:36:50,22:37:20,17224.36,1005.29,Possible DDoS
server_10,22:37:00,22:37:30,1949.27,1005.29,
server_10,22:37:10,22:37:40,978.05,79.15,
server_10,22:37:20,22:37:50,943.9,90.34,
server_10,22:37:30,22:38:00,943.9,90.34,
server_10,22:37:40,22:38:10,19882.3,1102.18,Possible DDoS
server_10,22:37:50,22:38:20,19882.3,1547.41,Possible DDoS
server_10,22:38:00,22:38:30,19882.3,3122.27,Possible DDoS
server_10,22:38:10,22:38:40,9502.91,3122.27,Possible DDoS
server_10,22:38:20,22:38:50,9502.91,3122.27,Possible DDoS
server_10,22:38:30,22:39:00,9502.91,69.06,Possible DDoS
server_10,22:38:40,22:39:10,2306.79,6055.63,Disk thrash suspected
server_10,22:38:50,22:39:20,2969.69,6055.63,Disk thrash suspected
server_10,22:39:00,22:39:30,4216.72,6055.63,Network flood + Disk thrash suspected
server_10,22:39:10,22:39:40,4216.72,1562.1,Possible DDoS
server_10,22:39:20,22:39:50,17947.53,607.49,Possible DDoS
server_10,22:39:30,22:40:00,17947.53,158.11,Possible DDoS
server_10,22:39:40,22:40:10,17947.53,158.11,Possible DDoS
server_10,22:39:50,22:40:20,15566.71,106.54,Possible DDoS
server_10,22:40:00,22:40:30,15566.71,111.57,Possible DDoS
server_10,22:40:10,22:40:40,15774.42,162.71,Possible DDoS
server_10,22:40:20,22:40:50,15774.42,162.71,Possible DDoS
server_10,22:40:30,22:41:00,15774.42,162.71,Possible DDoS
server_10,22:40:40,22:41:10,15396.15,941.67,Possible DDoS
server_10,22:40:50,22:41:20,3181.67,941.67,
server_10,22:41:00,22:41:30,3181.67,8736.44,Disk thrash suspected
server_10,22:41:10,22:41:40,1266.95,8736.44,Disk thrash suspected
server_10,22:41:20,22:41:50,3540.08,8736.44,Disk thrash suspected
server_10,22:41:30,22:42:00,3540.08,8278.6,Disk thrash suspected
server_10,22:41:40,22:42:10,3540.08,1069.76,
server_10,22:41:50,22:42:20,3616.9,1865.25,Possible DDoS
server_10,22:42:00,22:42:30,3616.9,5585.63,Network flood + Disk thrash suspected
server_10,22:42:10,22:42:40,12263.59,5585.63,Network flood + Disk thrash suspected
server_10,22:42:20,22:42:50,12263.59,5585.63,Network flood + Disk thrash suspected
server_10,22:42:30,22:43:00,12263.59,139.71,Possible DDoS
server_10,22:42:40,22:43:10,4750.73,1360.1,Possible DDoS
server_10,22:42:50,22:43:20,4750.73,1360.1,Possible DDoS
server_10,22:43:00,22:43:30,4750.73,1360.1,Possible DDoS
server_10,22:43:10,22:43:40,881.65,132.72,
server_10,22:43:20,22:43:50,881.65,132.72,
server_10,22:43:30,22:44:00,996.63,115.43,
server_10,22:43:40,22:44:10,15843.62,186.51,Possible DDoS
server_10,22:43:50,22:44:20,16228.28,186.51,Possible DDoS
server_10,22:44:00,22:44:30,16228.28,186.51,Possible DDoS
server_10,22:44:10,22:44:40,16228.28,165.06,Possible DDoS
server_10,22:44:20,22:44:50,8461.55,4847.89,Network flood + Disk thrash suspected
server_10,22:44:30,22:45:00,647.18,4847.89,Disk thrash suspected
server_10,22:44:40,22:45:10,10693.45,4847.89,Network flood + Disk thrash suspected
server_10,22:44:50,22:45:20,10693.45,152.13,Possible DDoS
server_10,22:45:00,22:45:30,10693.45,5136.36,Network flood + Disk thrash suspected
server_10,22:45:10,22:45:40,10975.61,5136.36,Network flood + Disk thrash suspected
server_10,22:45:20,22:45:50,10975.61,5136.36,Network flood + Disk thrash suspected
server_10,22:45:30,22:46:00,10975.61,1085.36,Possible DDoS
server_10,22:45:40,22:46:10,3906.97,1085.36,Possible DDoS
server_10,22:45:50,22:46:20,1012.5,229.49,
server_10,22:46:00,22:46:30,6874.43,141.6,Possible DDoS
server_10,22:46:10,22:46:40,6874.43,4894.3,Network flood + Disk thrash suspected
server_10,22:46:20,22:46:50,6874.43,4894.3,Network flood + Disk thrash suspected
server_10,22:46:30,22:47:00,959.73,4894.3,Disk thrash suspected
server_10,22:46:40,22:47:10,959.73,6941.15,Disk thrash suspected
server_10,22:46:50,22:47:20,959.73,8707.1,Disk thrash suspected
server_10,22:47:00,22:47:30,940.96,8707.1,Disk thrash suspected
server_10,22:47:10,22:47:40,940.96,9421.6,Disk thrash suspected
server_10,22:47:20,22:47:50,940.96,9421.6,Disk thrash suspected
server_10,22:47:30,22:48:00,695.3,9421.6,Disk thrash suspected
server_10,22:47:40,22:48:10,8366.17,5205.97,Network flood + Disk thrash suspected
server_10,22:47:50,22:48:20,8366.17,5205.97,Network flood + Disk thrash suspected
server_10,22:48:00,22:48:30,8366.17,77.78,Possible DDoS
server_10,22:48:10,22:48:40,936.78,77.78,
server_10,22:48:20,22:48:50,936.78,77.78,
server_10,22:48:30,22:49:00,936.78,152.36,
server_10,22:48:40,22:49:10,689.65,152.36,
server_10,22:48:50,22:49:20,6562.22,152.36,Possible DDoS
server_10,22:49:00,22:49:30,6562.22,7703.8,Network flood + Disk thrash suspected
server_10,22:49:10,22:49:40,6562.22,7703.8,Network flood + Disk thrash suspected
server_10,22:49:20,22:49:50,4439.37,7703.8,Network flood + Disk thrash suspected
server_10,22:49:30,22:50:00,4439.37,1333.72,Possible DDoS
server_10,22:49:40,22:50:10,18444.39,158.39,Possible DDoS
server_10,22:49:50,22:50:20,18444.39,8671.92,Network flood + Disk thrash suspected
server_10,22:50:00,22:50:30,18444.39,8671.92,Network flood + Disk thrash suspected
server_10,22:50:10,22:50:40,16377.06,8671.92,Network flood + Disk thrash suspected
server_10,22:50:20,22:50:50,16377.06,6376.97,Network flood + Disk thrash suspected
server_10,22:50:30,22:51:00,16377.06,6376.97,Network flood + Disk thrash suspected
server_10,22:50:40,22:51:10,9881.89,6376.97,Network flood + Disk thrash suspected
server_10,22:50:50,22:51:20,5304.05,6057.65,Network flood + Disk thrash suspected
server_10,22:51:00,22:51:30,5304.05,3830.22,Network flood + Disk thrash suspected
server_10,22:51:10,22:51:40,587.58,3830.22,Disk thrash suspected
server_10,22:51:20,22:51:50,587.58,5441.53,Disk thrash suspected
server_10,22:51:30,22:52:00,706.25,5441.53,Disk thrash suspected
server_10,22:51:40,22:52:10,706.25,5441.53,Disk thrash suspected
server_10,22:51:50,22:52:20,706.25,145.49,
server_10,22:52:00,22:52:30,621.54,122.59,
server_10,22:52:10,22:52:40,4053.7,1244.19,Possible DDoS
server_10,22:52:20,22:52:50,4053.7,1244.19,Possible DDoS
server_10,22:52:30,22:53:00,4053.7,5411.12,Network flood + Disk thrash suspected
server_10,22:52:40,22:53:10,2608.74,5411.12,Disk thrash suspected
server_10,22:52:50,22:53:20,421.48,5411.12,Disk thrash suspected
server_11,20:53:00,20:53:30,4738.5,8642.56,Network flood + Disk thrash suspected
server_11,20:53:10,20:53:40,977.58,8642.56,Disk thrash suspected
server_11,20:53:20,20:53:50,10236.11,7723.88,Network flood + Disk thrash suspected
server_11,20:53:30,20:54:00,10236.11,140.48,Possible DDoS
server_11,20:53:40,20:54:10,10236.11,104.24,Possible DDoS
server_11,20:53:50,20:54:20,969.73,7609.04,Disk thrash suspected
server_11,20:54:00,20:54:30,448.71,7609.04,Disk thrash suspected
server_11,20:54:10,20:54:40,448.71,7609.04,Disk thrash suspected
server_11,20:54:20,20:54:50,3186.62,5857.84,Disk thrash suspected
server_11,20:54:30,20:55:00,3186.62,5857.84,Disk thrash suspected
server_11,20:54:40,20:55:10,3186.62,1276.29,
server_11,20:54:50,20:55:20,836.96,125.27,
server_11,20:55:00,20:55:30,17144.05,125.27,Possible DDoS
server_11,20:55:10,20:55:40,17144.05,104.52,Possible DDoS
server_11,20:55:20,20:55:50,17736.64,104.35,Possible DDoS
server_11,20:55:30,20:56:00,17736.64,95.97,Possible DDoS
server_11,20:55:40,20:56:10,17736.64,103.64,Possible DDoS
server_11,20:55:50,20:56:20,961.39,4712.92,Disk thrash suspected
server_11,20:56:00,20:56:30,879.9,4712.92,Disk thrash suspected
server_11,20:56:10,20:56:40,879.9,4712.92,Disk thrash suspected
server_11,20:56:20,20:56:50,4465.79,1793.8,Possible DDoS
server_11,20:56:30,20:57:00,4465.79,1793.8,Possible DDoS
server_11,20:56:40,20:57:10,4465.79,1793.8,Possible DDoS
server_11,20:56:50,20:57:20,2383.78,7600.86,Disk thrash suspected
server_11,20:57:00,20:57:30,9914.31,9606.74,Network flood + Disk thrash suspected
server_11,20:57:10,20:57:40,9914.31,9606.74,Network flood + Disk thrash suspected
server_11,20:57:20,20:57:50,12558.41,9606.74,Network flood + Disk thrash suspected
server_11,20:57:30,20:58:00,12558.41,4950.6,Network flood + Disk thrash suspected
server_11,20:57:40,20:58:10,12558.41,120.82,Possible DDoS
server_11,20:57:50,20:58:20,16334.01,153.57,Possible DDoS
server_11,20:58:00,20:58:30,16334.01,153.57,Possible DDoS
server_11,20:58:10,20:58:40,16334.01,153.57,Possible DDoS
server_11,20:58:20,20:58:50,936.91,85.29,
server_11,20:58:30,20:59:00,936.91,92.17,
server_11,20:58:40,20:59:10,936.91,5192.49,Disk thrash suspected
server_11,20:58:50,20:59:20,9315.3,5192.49,Network flood + Disk thrash suspected
server_11,20:59:00,20:59:30,9315.3,5192.49,Network flood + Disk thrash suspected
server_11,20:59:10,20:59:40,9315.3,1729.92,Possible DDoS
server_11,20:59:20,20:59:50,16383.26,5023.79,Network flood + Disk thrash suspected
server_11,20:59:30,21:00:00,16383.26,5023.79,Network flood + Disk thrash suspected
server_11,20:59:40,21:00:10,16383.26,5023.79,Network flood + Disk thrash suspected
server_11,20:59:50,21:00:20,1040.63,112.9,
server_11,21:00:00,21:00:30,1040.63,112.9,
server_11,21:00:10,21:00:40,665.29,117.33,
server_11,21:00:20,21:00:50,4024.58,1931.51,Possible DDoS
server_11,21:00:30,21:01:00,9017.88,1931.51,Possible DDoS
server_11,21:00:40,21:01:10,9017.88,1931.51,Possible DDoS
server_11,21:00:50,21:01:20,10815.77,1137.22,Possible DDoS
server_11,21:01:00,21:01:30,10815.77,1137.22,Possible DDoS
server_11,21:01:10,21:01:40,19709.64,1613.11,Possible DDoS
server_11,21:01:20,21:01:50,19709.64,5712.54,Network flood + Disk thrash suspected
server_11,21:01:30,21:02:00,19709.64,5712.54,Network flood + Disk thrash suspected
server_11,21:01:40,21:02:10,3854.73,5712.54,Network flood + Disk thrash suspected
server_11,21:01:50,21:02:20,3665.01,1073.83,Possible DDoS
server_11,21:02:00,21:02:30,900.42,6838.81,Disk thrash suspected
server_11,21:02:10,21:02:40,908.4,6838.81,Disk thrash suspected
server_11,21:02:20,21:02:50,908.4,6838.81,Disk thrash suspected
server_11,21:02:30,21:03:00,908.4,125.26,
server_11,21:02:40,21:03:10,639.63,125.26,
server_11,21:02:50,21:03:20,860.54,125.26,
server_11,21:03:00,21:03:30,860.54,4600.62,Disk thrash suspected
server_11,21:03:10,21:03:40,860.54,4600.62,Disk thrash suspected
server_11,21:03:20,21:03:50,603.95,4600.62,Disk thrash suspected
server_11,21:03:30,21:04:00,3709.77,1789.42,Possible DDoS
server_11,21:03:40,21:04:10,3709.77,1789.42,Possible DDoS
server_11,21:03:50,21:04:20,14094.01,1789.42,Possible DDoS
server_11,21:04:00,21:04:30,14094.01,177.96,Possible DDoS
server_11,21:04:10,21:04:40,14094.01,177.96,Possible DDoS
server_11,21:04:20,21:04:50,5381.51,177.96,Possible DDoS
server_11,21:04:30,21:05:00,2517.14,1145.3,
server_11,21:04:40,21:05:10,10463.59,1145.3,Possible DDoS
server_11,21:04:50,21:05:20,17361.46,1802.32,Possible DDoS
server_11,21:05:00,21:05:30,17361.46,1802.32,Possible DDoS
server_11,21:05:10,21:05:40,17361.46,4793.99,Network flood + Disk thrash suspected
server_11,21:05:20,21:05:50,1045.99,4793.99,Disk thrash suspected
server_11,21:05:30,21:06:00,922.13,6525.4,Disk thrash suspected
server_11,21:05:40,21:06:10,1032.08,6525.4,Disk thrash suspected
server_11,21:05:50,21:06:20,1032.08,7501.61,Disk thrash suspected
server_11,21:06:00,21:06:30,1032.08,7501.61,Disk thrash suspected
server_11,21:06:10,21:06:40,584.63,8120.36,Disk thrash suspected
server_11,21:06:20,21:06:50,495.86,8120.36,Disk thrash suspected
server_11,21:06:30,21:07:00,265.18,8120.36,Disk thrash suspected
server_11,21:06:40,21:07:10,824.09,6952.97,Disk thrash suspected
server_11,21:06:50,21:07:20,11387.86,143.15,Possible DDoS
server_11,21:07:00,21:07:30,11387.86,143.15,Possible DDoS
server_11,21:07:10,21:07:40,11387.86,1570.25,Possible DDoS
server_11,21:07:20,21:07:50,8578.34,1570.25,Possible DDoS
server_11,21:07:30,21:08:00,3804.96,1570.25,Possible DDoS
server_11,21:07:40,21:08:10,994.79,92.16,
server_11,21:07:50,21:08:20,994.79,92.16,
server_11,21:08:00,21:08:30,2639.55,6967.61,Disk thrash suspected
server_11,21:08:10,21:08:40,2639.55,6967.61,Disk thrash suspected
server_11,21:08:20,21:08:50,2639.55,6967.61,Disk thrash suspected
server_11,21:08:30,21:09:00,7387.86,4650.25,Network flood + Disk thrash suspected
server_11,21:08:40,21:09:10,7387.86,5025.36,Network flood + Disk thrash suspected
server_11,21:08:50,21:09:20,7387.86,5025.36,Network flood + Disk thrash suspected
server_11,21:09:00,21:09:30,959.23,5025.36,Disk thrash suspected
server_11,21:09:10,21:09:40,17667.15,147.33,Possible DDoS
server_11,21:09:20,21:09:50,17667.15,147.33,Possible DDoS
server_11,21:09:30,21:10:00,17667.15,5677.4,Network flood + Disk thrash suspected
server_11,21:09:40,21:10:10,922.23,8599.76,Disk thrash suspected
server_11,21:09:50,21:10:20,881.26,8599.76,Disk thrash suspected
server_11,21:10:00,21:10:30,881.26,8599.76,Disk thrash suspected
server_11,21:10:10,21:10:40,881.26,112.94,
server_11,21:10:20,21:10:50,877.79,112.94,
server_11,21:10:30,21:11:00,457.29,5965.82,Disk thrash suspected
server_11,21:10:40,21:11:10,503.72,5965.82,Disk thrash suspected
server_11,21:10:50,21:11:20,3102.73,5965.82,Disk thrash suspected
server_11,21:11:00,21:11:30,10956.2,789.05,Possible DDoS
server_11,21:11:10,21:11:40,10956.2,1351.24,Possible DDoS
server_11,21:11:20,21:11:50,10956.2,1351.24,Possible DDoS
server_11,21:11:30,21:12:00,3855.06,1469.11,Possible DDoS
server_11,21:11:40,21:12:10,3855.06,1469.11,Possible DDoS
server_11,21:11:50,21:12:20,3855.06,1469.11,Possible DDoS
server_11,21:12:00,21:12:30,943.94,115.77,
server_11,21:12:10,21:12:40,921.56,115.77,
server_11,21:12:20,21:12:50,921.56,3892.58,Disk thrash suspected
server_11,21:12:30,21:13:00,4441.58,3892.58,Network flood + Disk thrash suspected
server_11,21:12:40,21:13:10,4467.85,3892.58,Network flood + Disk thrash suspected
server_11,21:12:50,21:13:20,4467.85,1406.01,Possible DDoS
server_11,21:13:00,21:13:30,4467.85,5478.86,Network flood + Disk thrash suspected
server_11,21:13:10,21:13:40,2426.86,5478.86,Disk thrash suspected
server_11,21:13:20,21:13:50,6937.83,5478.86,Network flood + Disk thrash suspected
server_11,21:13:30,21:14:00,6937.83,1722.77,Possible DDoS
server_11,21:13:40,21:14:10,6937.83,175.18,Possible DDoS
server_11,21:13:50,21:14:20,6452.64,175.18,Possible DDoS
server_11,21:14:00,21:14:30,15795.02,173.79,Possible DDoS
server_11,21:14:10,21:14:40,15795.02,173.79,Possible DDoS
server_11,21:14:20,21:14:50,15795.02,147.94,Possible DDoS
server_11,21:14:30,21:15:00,1761.86,697.07,
server_11,21:14:40,21:15:10,1761.86,9904.67,Disk thrash suspected
server_11,21:14:50,21:15:20,1761.86,9904.67,Disk thrash suspected
server_11,21:15:00,21:15:30,598.9,9904.67,Disk thrash suspected
server_11,21:15:10,21:15:40,604.9,146.05,
server_11,21:15:20,21:15:50,604.9,146.05,
server_11,21:15:30,21:16:00,4485.74,746.26,Possible DDoS
server_11,21:15:40,21:16:10,4485.74,746.26,Possible DDoS
server_11,21:15:50,21:16:20,8145.08,746.26,Possible DDoS
server_11,21:16:00,21:16:30,8145.08,144.99,Possible DDoS
server_11,21:16:10,21:16:40,8145.08,5789.06,Network flood + Disk thrash suspected
server_11,21:16:20,21:16:50,7717.56,6278.21,Network flood + Disk thrash suspected
server_11,21:16:30,21:17:00,1342.2,6278.21,Disk thrash suspected
server_11,21:16:40,21:17:10,970.38,6278.21,Disk thrash suspected
server_11,21:16:50,21:17:20,970.38,116.21,
server_11,21:17:00,21:17:30,882.49,125.43,
server_11,21:17:10,21:17:40,882.49,125.43,
server_11,21:17:20,21:17:50,3415.87,579.84,
server_11,21:17:30,21:18:00,3415.87,579.84,
server_11,21:17:40,21:18:10,3415.87,1312.21,
server_11,21:17:50,21:18:20,1931.72,1312.21,
server_11,21:18:00,21:18:30,1931.72,1312.21,
server_11,21:18:10,21:18:40,1010.1,70.28,
server_11,21:18:20,21:18:50,9958.91,148.86,Possible DDoS
server_11,21:18:30,21:19:00,9958.91,148.86,Possible DDoS
server_11,21:18:40,21:19:10,13487.13,148.86,Possible DDoS
server_11,21:18:50,21:19:20,13487.13,199.12,Possible DDoS
server_11,21:19:00,21:19:30,13487.13,199.12,Possible DDoS
server_11,21:19:10,21:19:40,9465.33,199.12,Possible DDoS
server_11,21:19:20,21:19:50,1007.19,120.87,
server_11,21:19:30,21:20:00,971.64,85.51,
server_11,21:19:40,21:20:10,904.5,6000.43,Disk thrash suspected
server_11,21:19:50,21:20:20,974.96,6000.43,Disk thrash suspected
server_11,21:20:00,21:20:30,974.96,6000.43,Disk thrash suspected
server_11,21:20:10,21:20:40,974.96,179.85,
server_11,21:20:20,21:20:50,1744.69,875.27,
server_11,21:20:30,21:21:00,2650.73,1500.38,
server_11,21:20:40,21:21:10,2650.73,1500.38,
server_11,21:20:50,21:21:20,2650.73,1500.38,
server_11,21:21:00,21:21:30,1917.66,1222.42,
server_11,21:21:10,21:21:40,8749.26,160.26,Possible DDoS
server_11,21:21:20,21:21:50,8749.26,129.52,Possible DDoS
server_11,21:21:30,21:22:00,9764.78,152.71,Possible DDoS
server_11,21:21:40,21:22:10,9764.78,152.71,Possible DDoS
server_11,21:21:50,21:22:20,9764.78,1190.63,Possible DDoS
server_11,21:22:00,21:22:30,10764.66,1190.63,Possible DDoS
server_11,21:22:10,21:22:40,10764.66,1190.63,Possible DDoS
server_11,21:22:20,21:22:50,10764.66,709.83,Possible DDoS
server_11,21:22:30,21:23:00,7917.45,709.83,Possible DDoS
server_11,21:22:40,21:23:10,7917.45,569.22,Possible DDoS
server_11,21:22:50,21:23:20,6508.07,569.22,Possible DDoS
server_11,21:23:00,21:23:30,6508.07,1378.62,Possible DDoS
server_11,21:23:10,21:23:40,6508.07,1378.62,Possible DDoS
server_11,21:23:20,21:23:50,3665.01,1378.62,Possible DDoS
server_11,21:23:30,21:24:00,912.23,121.39,
server_11,21:23:40,21:24:10,912.23,121.39,
server_11,21:23:50,21:24:20,688.23,187.08,
server_11,21:24:00,21:24:30,2723.03,916.23,
server_11,21:24:10,21:24:40,2723.03,916.23,
server_11,21:24:20,21:24:50,2723.03,916.23,
server_11,21:24:30,21:25:00,2834.21,1856.15,
server_11,21:24:40,21:25:10,2834.21,7608.45,Disk thrash suspected
server_11,21:24:50,21:25:20,16019.85,7608.45,Network flood + Disk thrash suspected
server_11,21:25:00,21:25:30,16019.85,7608.45,Network flood + Disk thrash suspected
server_11,21:25:10,21:25:40,16019.85,4508.78,Network flood + Disk thrash suspected
server_11,21:25:20,21:25:50,835.7,4508.78,Disk thrash suspected
server_11,21:25:30,21:26:00,4473.25,4138.34,Network flood + Disk thrash suspected
server_11,21:25:40,21:26:10,19392.74,4138.34,Network flood + Disk thrash suspected
server_11,21:25:50,21:26:20,19392.74,4138.34,Network flood + Disk thrash suspected
server_11,21:26:00,21:26:30,19392.74,1389.05,Possible DDoS
server_11,21:26:10,21:26:40,2877.24,1389.05,
server_11,21:26:20,21:26:50,2877.24,1389.05,
server_11,21:26:30,21:27:00,1065.53,7413.56,Disk thrash suspected
server_11,21:26:40,21:27:10,393.11,7413.56,Disk thrash suspected
server_11,21:26:50,21:27:20,862.63,7413.56,Disk thrash suspected
server_11,21:27:00,21:27:30,946.4,4131.22,Disk thrash suspected
server_11,21:27:10,21:27:40,5632.34,4600.72,Network flood + Disk thrash suspected
server_11,21:27:20,21:27:50,5632.34,6721.63,Network flood + Disk thrash suspected
server_11,21:27:30,21:28:00,5632.34,6721.63,Network flood + Disk thrash suspected
server_11,21:27:40,21:28:10,895.11,6721.63,Disk thrash suspected
server_11,21:27:50,21:28:20,980.56,111.83,
server_11,21:28:00,21:28:30,980.56,111.83,
server_11,21:28:10,21:28:40,980.56,139.56,
server_11,21:28:20,21:28:50,1015.58,139.56,
server_11,21:28:30,21:29:00,1018.3,1367.37,
server_11,21:28:40,21:29:10,8521.86,1367.37,Possible DDoS
server_11,21:28:50,21:29:20,8521.86,1367.37,Possible DDoS
server_11,21:29:00,21:29:30,8521.86,5155.22,Network flood + Disk thrash suspected
server_11,21:29:10,21:29:40,1913.16,5155.22,Disk thrash suspected
server_11,21:29:20,21:29:50,802.33,5155.22,Disk thrash suspected
server_11,21:29:30,21:30:00,14749.0,193.73,Possible DDoS
server_11,21:29:40,21:30:10,14749.0,829.27,Possible DDoS
server_11,21:29:50,21:30:20,14749.0,829.27,Possible DDoS
server_11,21:30:00,21:30:30,3840.42,829.27,Possible DDoS
server_11,21:30:10,21:30:40,2097.8,794.06,
server_11,21:30:20,21:30:50,2097.8,794.06,
server_11,21:30:30,21:31:00,2097.8,794.06,
server_11,21:30:40,21:31:10,992.98,150.2,
server_11,21:30:50,21:31:20,992.98,150.2,
server_11,21:31:00,21:31:30,992.98,143.12,
server_11,21:31:10,21:31:40,1034.72,5306.92,Disk thrash suspected
server_11,21:31:20,21:31:50,1034.72,5306.92,Disk thrash suspected
server_11,21:31:30,21:32:00,1034.72,5306.92,Disk thrash suspected
server_11,21:31:40,21:32:10,1010.21,170.38,
server_11,21:31:50,21:32:20,17469.33,6893.17,Network flood + Disk thrash suspected
server_11,21:32:00,21:32:30,17469.33,6893.17,Network flood + Disk thrash suspected
server_11,21:32:10,21:32:40,17469.33,6893.17,Network flood + Disk thrash suspected
server_11,21:32:20,21:32:50,1005.25,97.9,
server_11,21:32:30,21:33:00,1005.25,86.17,
server_11,21:32:40,21:33:10,1005.25,7445.97,Disk thrash suspected
server_11,21:32:50,21:33:20,614.91,7445.97,Disk thrash suspected
server_11,21:33:00,21:33:30,2116.73,7445.97,Disk thrash suspected
server_11,21:33:10,21:33:40,10202.66,3638.47,Network flood + Disk thrash suspected
server_11,21:33:20,21:33:50,10202.66,8950.63,Network flood + Disk thrash suspected
server_11,21:33:30,21:34:00,10202.66,8950.63,Network flood + Disk thrash suspected
server_11,21:33:40,21:34:10,872.0,8950.63,Disk thrash suspected
server_11,21:33:50,21:34:20,15825.8,132.5,Possible DDoS
server_11,21:34:00,21:34:30,18457.44,161.53,Possible DDoS
server_11,21:34:10,21:34:40,18457.44,161.53,Possible DDoS
server_11,21:34:20,21:34:50,18457.44,8598.81,Network flood + Disk thrash suspected
server_11,21:34:30,21:35:00,938.87,8598.81,Disk thrash suspected
server_11,21:34:40,21:35:10,610.03,8598.81,Disk thrash suspected
server_11,21:34:50,21:35:20,14077.35,104.96,Possible DDoS
server_11,21:35:00,21:35:30,14077.35,104.96,Possible DDoS
server_11,21:35:10,21:35:40,14077.35,601.09,Possible DDoS
server_11,21:35:20,21:35:50,7337.58,632.09,Possible DDoS
server_11,21:35:30,21:36:00,7337.58,1013.29,Possible DDoS
server_11,21:35:40,21:36:10,7337.58,1013.29,Possible DDoS
server_11,21:35:50,21:36:20,2409.13,1013.29,
server_11,21:36:00,21:36:30,1002.88,64.54,
server_11,21:36:10,21:36:40,2381.97,4153.6,Disk thrash suspected
server_11,21:36:20,21:36:50,2381.97,4153.6,Disk thrash suspected
server_11,21:36:30,21:37:00,9161.89,4153.6,Network flood + Disk thrash suspected
server_11,21:36:40,21:37:10,9161.89,167.53,Possible DDoS
server_11,21:36:50,21:37:20,9161.89,167.53,Possible DDoS
server_11,21:37:00,21:37:30,2966.28,1707.35,
server_11,21:37:10,21:37:40,6514.22,1707.35,Possible DDoS
server_11,21:37:20,21:37:50,6514.22,4437.71,Network flood + Disk thrash suspected
server_11,21:37:30,21:38:00,12228.73,4437.71,Network flood + Disk thrash suspected
server_11,21:37:40,21:38:10,12228.73,4437.71,Network flood + Disk thrash suspected
server_11,21:37:50,21:38:20,13520.44,4064.76,Network flood + Disk thrash suspected
server_11,21:38:00,21:38:30,13520.44,4064.76,Network flood + Disk thrash suspected
server_11,21:38:10,21:38:40,13520.44,4064.76,Network flood + Disk thrash suspected
server_11,21:38:20,21:38:50,3913.98,6981.63,Network flood + Disk thrash suspected
server_11,21:38:30,21:39:00,3913.98,6981.63,Network flood + Disk thrash suspected
server_11,21:38:40,21:39:10,5556.31,6981.63,Network flood + Disk thrash suspected
server_11,21:38:50,21:39:20,5556.31,98.03,Possible DDoS
server_11,21:39:00,21:39:30,5556.31,98.03,Possible DDoS
server_11,21:39:10,21:39:40,999.84,91.47,
server_11,21:39:20,21:39:50,999.84,91.47,
server_11,21:39:30,21:40:00,995.87,59.73,
server_11,21:39:40,21:40:10,995.87,5830.89,Disk thrash suspected
server_11,21:39:50,21:40:20,805.26,5830.89,Disk thrash suspected
server_11,21:40:00,21:40:30,877.56,5830.89,Disk thrash suspected
server_11,21:40:10,21:40:40,987.03,101.76,
server_11,21:40:20,21:40:50,987.03,9779.86,Disk thrash suspected
server_11,21:40:30,21:41:00,987.03,9779.86,Disk thrash suspected
server_11,21:40:40,21:41:10,208.81,9779.86,Disk thrash suspected
server_11,21:40:50,21:41:20,275.55,8024.73,Disk thrash suspected
server_11,21:41:00,21:41:30,723.2,156.58,
server_11,21:41:10,21:41:40,1699.22,4415.16,Disk thrash suspected
server_11,21:41:20,21:41:50,1699.22,4415.16,Disk thrash suspected
server_11,21:41:30,21:42:00,2873.99,4415.16,Disk thrash suspected
server_11,21:41:40,21:42:10,2873.99,851.96,
server_11,21:41:50,21:42:20,3109.12,851.96,
server_11,21:42:00,21:42:30,3109.12,578.05,
server_11,21:42:10,21:42:40,3109.12,578.05,
server_11,21:42:20,21:42:50,895.06,131.5,
server_11,21:42:30,21:43:00,10338.21,131.5,Possible DDoS
server_11,21:42:40,21:43:10,10338.21,4171.42,Network flood + Disk thrash suspected
server_11,21:42:50,21:43:20,10338.21,6169.98,Network flood + Disk thrash suspected
server_11,21:43:00,21:43:30,3763.1,6169.98,Network flood + Disk thrash suspected
server_11,21:43:10,21:43:40,13426.72,6225.54,Network flood + Disk thrash suspected
server_11,21:43:20,21:43:50,18791.79,6225.54,Network flood + Disk thrash suspected
server_11,21:43:30,21:44:00,18791.79,6225.54,Network flood + Disk thrash suspected
server_11,21:43:40,21:44:10,18791.79,86.22,Possible DDoS
server_11,21:43:50,21:44:20,603.27,86.0,
server_11,21:44:00,21:44:30,603.27,8869.14,Disk thrash suspected
server_11,21:44:10,21:44:40,10928.64,8869.14,Network flood + Disk thrash suspected
server_11,21:44:20,21:44:50,10928.64,8869.14,Network flood + Disk thrash suspected
server_11,21:44:30,21:45:00,10928.64,1104.78,Possible DDoS
server_11,21:44:40,21:45:10,2899.39,1104.78,
server_11,21:44:50,21:45:20,2899.39,1104.78,
server_11,21:45:00,21:45:30,833.2,112.79,
server_11,21:45:10,21:45:40,7780.14,115.2,Possible DDoS
server_11,21:45:20,21:45:50,15789.78,161.53,Possible DDoS
server_11,21:45:30,21:46:00,15789.78,8906.15,Network flood + Disk thrash suspected
server_11,21:45:40,21:46:10,15789.78,8906.15,Network flood + Disk thrash suspected
server_11,21:45:50,21:46:20,982.46,8906.15,Disk thrash suspected
server_11,21:46:00,21:46:30,929.27,115.23,
server_11,21:46:10,21:46:40,820.37,7278.14,Disk thrash suspected
server_11,21:46:20,21:46:50,820.37,7278.14,Disk thrash suspected
server_11,21:46:30,21:47:00,1931.64,7278.14,Disk thrash suspected
server_11,21:46:40,21:47:10,1931.64,899.82,
server_11,21:46:50,21:47:20,1931.64,899.82,
server_11,21:47:00,21:47:30,15062.59,94.58,Possible DDoS
server_11,21:47:10,21:47:40,15062.59,93.14,Possible DDoS
server_11,21:47:20,21:47:50,15062.59,93.14,Possible DDoS
server_11,21:47:30,21:48:00,19971.54,5361.72,Network flood + Disk thrash suspected
server_11,21:47:40,21:48:10,19971.54,5361.72,Network flood + Disk thrash suspected
server_11,21:47:50,21:48:20,19971.54,5361.72,Network flood + Disk thrash suspected
server_11,21:48:00,21:48:30,9614.11,98.55,Possible DDoS
server_11,21:48:10,21:48:40,9614.11,121.91,Possible DDoS
server_11,21:48:20,21:48:50,9614.11,121.91,Possible DDoS
server_11,21:48:30,21:49:00,5104.76,6537.21,Network flood + Disk thrash suspected
server_11,21:48:40,21:49:10,932.72,6537.21,Disk thrash suspected
server_11,21:48:50,21:49:20,870.07,6537.21,Disk thrash suspected
server_11,21:49:00,21:49:30,15939.31,120.35,Possible DDoS
server_11,21:49:10,21:49:40,15939.31,9212.68,Network flood + Disk thrash suspected
server_11,21:49:20,21:49:50,15939.31,9212.68,Network flood + Disk thrash suspected
server_11,21:49:30,21:50:00,939.48,9212.68,Disk thrash suspected
server_11,21:49:40,21:50:10,3589.6,1521.11,Possible DDoS
server_11,21:49:50,21:50:20,3589.6,9834.31,Network flood + Disk thrash suspected
server_11,21:50:00,21:50:30,3589.6,9834.31,Network flood + Disk thrash suspected
server_11,21:50:10,21:50:40,1878.89,9834.31,Disk thrash suspected
server_11,21:50:20,21:50:50,666.91,3803.14,Disk thrash suspected
server_11,21:50:30,21:51:00,2011.53,3803.14,Disk thrash suspected
server_11,21:50:40,21:51:10,4565.32,3803.14,Network flood + Disk thrash suspected
server_11,21:50:50,21:51:20,4565.32,3407.32,Possible DDoS
server_11,21:51:00,21:51:30,4565.32,3407.32,Possible DDoS
server_11,21:51:10,21:51:40,6275.85,3407.32,Possible DDoS
server_11,21:51:20,21:51:50,17317.63,102.07,Possible DDoS
server_11,21:51:30,21:52:00,17317.63,1169.74,Possible DDoS
server_11,21:51:40,21:52:10,17317.63,1169.74,Possible DDoS
server_11,21:51:50,21:52:20,4764.36,1169.74,Possible DDoS
server_11,21:52:00,21:52:30,4764.36,1091.48,Possible DDoS
server_11,21:52:10,21:52:40,4012.85,1091.48,Possible DDoS
server_11,21:52:20,21:52:50,432.33,122.12,
server_11,21:52:30,21:53:00,986.47,75.67,
server_11,21:52:40,21:53:10,12484.79,163.3,Possible DDoS
server_11,21:52:50,21:53:20,12484.79,163.3,Possible DDoS
server_11,21:53:00,21:53:30,12484.79,1634.46,Possible DDoS
server_11,21:53:10,21:53:40,2902.66,5505.35,Disk thrash suspected
server_11,21:53:20,21:53:50,14061.25,5505.35,Network flood + Disk thrash suspected
server_11,21:53:30,21:54:00,14061.25,5505.35,Network flood + Disk thrash suspected
server_11,21:53:40,21:54:10,14061.25,183.04,Possible DDoS
server_11,21:53:50,21:54:20,12160.67,183.04,Possible DDoS
server_11,21:54:00,21:54:30,1010.07,103.23,
server_11,21:54:10,21:54:40,1010.07,8894.43,Disk thrash suspected
server_11,21:54:20,21:54:50,8505.8,8894.43,Network flood + Disk thrash suspected
server_11,21:54:30,21:55:00,8505.8,8894.43,Network flood + Disk thrash suspected
server_11,21:54:40,21:55:10,8505.8,74.25,Possible DDoS
server_11,21:54:50,21:55:20,694.42,9004.8,Disk thrash suspected
server_11,21:55:00,21:55:30,670.66,9004.8,Disk thrash suspected
server_11,21:55:10,21:55:40,641.66,9004.8,Disk thrash suspected
server_11,21:55:20,21:55:50,5375.71,8713.63,Network flood + Disk thrash suspected
server_11,21:55:30,21:56:00,5375.71,107.9,Possible DDoS
server_11,21:55:40,21:56:10,5375.71,107.9,Possible DDoS
server_11,21:55:50,21:56:20,997.57,109.79,
server_11,21:56:00,21:56:30,975.01,109.79,
server_11,21:56:10,21:56:40,975.01,126.78,
server_11,21:56:20,21:56:50,975.01,126.78,
server_11,21:56:30,21:57:00,867.44,126.78,
server_11,21:56:40,21:57:10,819.68,36.71,
server_11,21:56:50,21:57:20,819.68,4123.82,Disk thrash suspected
server_11,21:57:00,21:57:30,819.68,4123.82,Disk thrash suspected
server_11,21:57:10,21:57:40,500.89,4123.82,Disk thrash suspected
server_11,21:57:20,21:57:50,500.89,127.45,
server_11,21:57:30,21:58:00,2388.72,812.88,
server_11,21:57:40,21:58:10,10368.07,812.88,Possible DDoS
server_11,21:57:50,21:58:20,10368.07,812.88,Possible DDoS
server_11,21:58:00,21:58:30,10368.07,8645.89,Network flood + Disk thrash suspected
server_11,21:58:10,21:58:40,820.26,8645.89,Disk thrash suspected
server_11,21:58:20,21:58:50,4591.24,8645.89,Network flood + Disk thrash suspected
server_11,21:58:30,21:59:00,6584.55,1832.83,Possible DDoS
server_11,21:58:40,21:59:10,6584.55,5205.24,Network flood + Disk thrash suspected
server_11,21:58:50,21:59:20,11174.83,5205.24,Network flood + Disk thrash suspected
server_11,21:59:00,21:59:30,11174.83,5205.24,Network flood + Disk thrash suspected
server_11,21:59:10,21:59:40,11174.83,130.31,Possible DDoS
server_11,21:59:20,21:59:50,961.44,79.34,
server_11,21:59:30,22:00:00,865.48,104.79,
server_11,21:59:40,22:00:10,865.48,104.79,
server_11,21:59:50,22:00:20,757.14,104.79,
server_11,22:00:00,22:00:30,975.42,170.63,
server_11,22:00:10,22:00:40,975.42,4826.23,Disk thrash suspected
server_11,22:00:20,22:00:50,3560.67,4826.23,Network flood + Disk thrash suspected
server_11,22:00:30,22:01:00,3560.67,4826.23,Network flood + Disk thrash suspected
server_11,22:00:40,22:01:10,3560.67,3260.36,Possible DDoS
server_11,22:00:50,22:01:20,910.96,3260.36,
server_11,22:01:00,22:01:30,912.31,141.48,
server_11,22:01:10,22:01:40,970.23,141.48,
server_11,22:01:20,22:01:50,18907.76,141.48,Possible DDoS
server_11,22:01:30,22:02:00,18907.76,4707.92,Network flood + Disk thrash suspected
server_11,22:01:40,22:02:10,18907.76,4707.92,Network flood + Disk thrash suspected
server_11,22:01:50,22:02:20,6543.19,4707.92,Network flood + Disk thrash suspected
server_11,22:02:00,22:02:30,11817.52,149.31,Possible DDoS
server_11,22:02:10,22:02:40,11817.52,149.31,Possible DDoS
server_11,22:02:20,22:02:50,17714.96,130.04,Possible DDoS
server_11,22:02:30,22:03:00,17714.96,1222.09,Possible DDoS
server_11,22:02:40,22:03:10,17714.96,1222.09,Possible DDoS
server_11,22:02:50,22:03:20,9240.28,1222.09,Possible DDoS
server_11,22:03:00,22:03:30,9240.28,176.74,Possible DDoS
server_11,22:03:10,22:03:40,9240.28,153.74,Possible DDoS
server_11,22:03:20,22:03:50,1794.93,869.11,
server_11,22:03:30,22:04:00,12849.19,869.11,Possible DDoS
server_11,22:03:40,22:04:10,12849.19,869.11,Possible DDoS
server_11,22:03:50,22:04:20,12849.19,743.9,Possible DDoS
server_11,22:04:00,22:04:30,4348.57,1228.71,Possible DDoS
server_11,22:04:10,22:04:40,4348.57,1228.71,Possible DDoS
server_11,22:04:20,22:04:50,4348.57,7725.36,Network flood + Disk thrash suspected
server_11,22:04:30,22:05:00,1940.51,7725.36,Disk thrash suspected
server_11,22:04:40,22:05:10,689.06,7725.36,Disk thrash suspected
server_11,22:04:50,22:05:20,689.06,3150.64,
server_11,22:05:00,22:05:30,13994.43,3150.64,Possible DDoS
server_11,22:05:10,22:05:40,19870.84,3150.64,Possible DDoS
server_11,22:05:20,22:05:50,19870.84,641.98,Possible DDoS
server_11,22:05:30,22:06:00,19870.84,155.55,Possible DDoS
server_11,22:05:40,22:06:10,846.13,7980.59,Disk thrash suspected
server_11,22:05:50,22:06:20,1037.71,7980.59,Disk thrash suspected
server_11,22:06:00,22:06:30,1037.71,7980.59,Disk thrash suspected
server_11,22:06:10,22:06:40,1037.71,95.44,
server_11,22:06:20,22:06:50,907.45,95.44,
server_11,22:06:30,22:07:00,4551.53,6369.8,Network flood + Disk thrash suspected
server_11,22:06:40,22:07:10,4551.53,6369.8,Network flood + Disk thrash suspected
server_11,22:06:50,22:07:20,4551.53,6369.8,Network flood + Disk thrash suspected
server_11,22:07:00,22:07:30,13456.51,5002.0,Network flood + Disk thrash suspected
server_11,22:07:10,22:07:40,13456.51,8433.51,Network flood + Disk thrash suspected
server_11,22:07:20,22:07:50,13456.51,8433.51,Network flood + Disk thrash suspected
server_11,22:07:30,22:08:00,1033.93,8433.51,Disk thrash suspected
server_11,22:07:40,22:08:10,1033.93,70.29,
server_11,22:07:50,22:08:20,968.54,136.19,
server_11,22:08:00,22:08:30,968.54,136.19,
server_11,22:08:10,22:08:40,4612.57,525.71,Possible DDoS
server_11,22:08:20,22:08:50,5529.44,525.71,Possible DDoS
server_11,22:08:30,22:09:00,8323.49,9238.42,Network flood + Disk thrash suspected
server_11,22:08:40,22:09:10,8323.49,9550.5,Network flood + Disk thrash suspected
server_11,22:08:50,22:09:20,8323.49,9550.5,Network flood + Disk thrash suspected
server_11,22:09:00,22:09:30,1013.65,9550.5,Disk thrash suspected
server_11,22:09:10,22:09:40,1013.65,92.57,
server_11,22:09:20,22:09:50,1049.89,219.62,
server_11,22:09:30,22:10:00,14769.54,219.62,Possible DDoS
server_11,22:09:40,22:10:10,14769.54,4023.93,Network flood + Disk thrash suspected
server_11,22:09:50,22:10:20,14769.54,4023.93,Network flood + Disk thrash suspected
server_11,22:10:00,22:10:30,940.62,7162.42,Disk thrash suspected
server_11,22:10:10,22:10:40,940.62,7162.42,Disk thrash suspected
server_11,22:10:20,22:10:50,940.62,7162.42,Disk thrash suspected
server_11,22:10:30,22:11:00,5519.89,149.01,Possible DDoS
server_11,22:10:40,22:11:10,5519.89,149.01,Possible DDoS
server_11,22:10:50,22:11:20,6495.52,149.01,Possible DDoS
server_11,22:11:00,22:11:30,6495.52,105.12,Possible DDoS
server_11,22:11:10,22:11:40,6495.52,4914.68,Network flood + Disk thrash suspected
server_11,22:11:20,22:11:50,3725.07,4914.68,Network flood + Disk thrash suspected
server_11,22:11:30,22:12:00,3725.07,8961.12,Network flood + Disk thrash suspected
server_11,22:11:40,22:12:10,8661.89,8961.12,Network flood + Disk thrash suspected
server_11,22:11:50,22:12:20,16649.02,8961.12,Network flood + Disk thrash suspected
server_11,22:12:00,22:12:30,16649.02,184.16,Possible DDoS
server_11,22:12:10,22:12:40,16649.02,1867.72,Possible DDoS
server_11,22:12:20,22:12:50,4951.7,1867.72,Possible DDoS
server_11,22:12:30,22:13:00,4951.7,1867.72,Possible DDoS
server_11,22:12:40,22:13:10,14809.07,91.45,Possible DDoS
server_11,22:12:50,22:13:20,14809.07,3994.19,Network flood + Disk thrash suspected
server_11,22:13:00,22:13:30,14809.07,3994.19,Network flood + Disk thrash suspected
server_11,22:13:10,22:13:40,1020.67,3994.19,Disk thrash suspected
server_11,22:13:20,22:13:50,6525.28,142.11,Possible DDoS
server_11,22:13:30,22:14:00,6525.28,8382.19,Network flood + Disk thrash suspected
server_11,22:13:40,22:14:10,14151.48,9406.71,Network flood + Disk thrash suspected
server_11,22:13:50,22:14:20,14151.48,9406.71,Network flood + Disk thrash suspected
server_11,22:14:00,22:14:30,14151.48,9406.71,Network flood + Disk thrash suspected
server_11,22:14:10,22:14:40,5960.15,5573.33,Network flood + Disk thrash suspected
server_11,22:14:20,22:14:50,985.65,5573.33,Disk thrash suspected
server_11,22:14:30,22:15:00,985.65,5573.33,Disk thrash suspected
server_11,22:14:40,22:15:10,985.65,101.65,
server_11,22:14:50,22:15:20,1014.42,6037.14,Disk thrash suspected
server_11,22:15:00,22:15:30,1014.42,6037.14,Disk thrash suspected
server_11,22:15:10,22:15:40,1014.42,6037.14,Disk thrash suspected
server_11,22:15:20,22:15:50,611.38,177.12,
server_11,22:15:30,22:16:00,610.56,3591.21,Disk thrash suspected
server_11,22:15:40,22:16:10,595.96,3591.21,Disk thrash suspected
server_11,22:15:50,22:16:20,17998.84,3591.21,Network flood + Disk thrash suspected
server_11,22:16:00,22:16:30,17998.84,61.37,Possible DDoS
server_11,22:16:10,22:16:40,17998.84,970.04,Possible DDoS
server_11,22:16:20,22:16:50,3001.91,970.04,
server_11,22:16:30,22:17:00,15453.34,1000.67,Possible DDoS
server_11,22:16:40,22:17:10,15453.34,1336.95,Possible DDoS
server_11,22:16:50,22:17:20,15453.34,1336.95,Possible DDoS
server_11,22:17:00,22:17:30,8849.31,1336.95,Possible DDoS
server_11,22:17:10,22:17:40,8849.31,815.63,Possible DDoS
server_11,22:17:20,22:17:50,8849.31,815.63,Possible DDoS
server_11,22:17:30,22:18:00,2238.4,815.63,
server_11,22:17:40,22:18:10,507.42,6882.92,Disk thrash suspected
server_11,22:17:50,22:18:20,4333.8,6882.92,Network flood + Disk thrash suspected
server_11,22:18:00,22:18:30,4333.8,9503.25,Network flood + Disk thrash suspected
server_11,22:18:10,22:18:40,4333.8,9503.25,Network flood + Disk thrash suspected
server_11,22:18:20,22:18:50,1036.23,9503.25,Disk thrash suspected
server_11,22:18:30,22:19:00,3240.95,8697.56,Disk thrash suspected
server_11,22:18:40,22:19:10,18602.02,8697.56,Network flood + Disk thrash suspected
server_11,22:18:50,22:19:20,18602.02,3586.23,Network flood + Disk thrash suspected
server_11,22:19:00,22:19:30,18602.02,3586.23,Network flood + Disk thrash suspected
server_11,22:19:10,22:19:40,12475.35,3586.23,Network flood + Disk thrash suspected
server_11,22:19:20,22:19:50,12475.35,131.28,Possible DDoS
server_11,22:19:30,22:20:00,12475.35,131.28,Possible DDoS
server_11,22:19:40,22:20:10,18943.43,106.44,Possible DDoS
server_11,22:19:50,22:20:20,18943.43,940.4,Possible DDoS
server_11,22:20:00,22:20:30,18943.43,940.4,Possible DDoS
server_11,22:20:10,22:20:40,8361.61,940.4,Possible DDoS
server_11,22:20:20,22:20:50,14597.9,685.19,Possible DDoS
server_11,22:20:30,22:21:00,14597.9,685.19,Possible DDoS
server_11,22:20:40,22:21:10,14597.9,685.19,Possible DDoS
server_11,22:20:50,22:21:20,16823.36,107.98,Possible DDoS
server_11,22:21:00,22:21:30,16823.36,119.64,Possible DDoS
server_11,22:21:10,22:21:40,16823.36,144.8,Possible DDoS
server_11,22:21:20,22:21:50,15169.07,144.8,Possible DDoS
server_11,22:21:30,22:22:00,1061.29,1490.05,
server_11,22:21:40,22:22:10,1061.29,1490.05,
server_11,22:21:50,22:22:20,2470.66,1490.05,
server_11,22:22:00,22:22:30,3526.7,1412.24,
server_11,22:22:10,22:22:40,3526.7,1412.24,
server_11,22:22:20,22:22:50,3526.7,7675.58,Disk thrash suspected
server_11,22:22:30,22:23:00,627.12,7675.58,Disk thrash suspected
server_11,22:22:40,22:23:10,826.21,7675.58,Disk thrash suspected
server_11,22:22:50,22:23:20,826.21,82.28,
server_11,22:23:00,22:23:30,9954.65,82.28,Possible DDoS
server_11,22:23:10,22:23:40,9954.65,98.75,Possible DDoS
server_11,22:23:20,22:23:50,9954.65,98.75,Possible DDoS
server_11,22:23:30,22:24:00,1001.5,98.75,
server_11,22:23:40,22:24:10,1001.5,154.11,
server_11,22:23:50,22:24:20,1215.5,1637.56,
server_11,22:24:00,22:24:30,3713.89,1637.56,Possible DDoS
server_11,22:24:10,22:24:40,3713.89,8800.53,Network flood + Disk thrash suspected
server_11,22:24:20,22:24:50,3713.89,8800.53,Network flood + Disk thrash suspected
server_11,22:24:30,22:25:00,11252.66,8800.53,Network flood + Disk thrash suspected
server_11,22:24:40,22:25:10,11252.66,780.82,Possible DDoS
server_11,22:24:50,22:25:20,11252.66,1511.79,Possible DDoS
server_11,22:25:00,22:25:30,1846.02,1511.79,
server_11,22:25:10,22:25:40,4932.83,3871.01,Network flood + Disk thrash suspected
server_11,22:25:20,22:25:50,12396.97,3871.01,Network flood + Disk thrash suspected
server_11,22:25:30,22:26:00,12396.97,3871.01,Network flood + Disk thrash suspected
server_11,22:25:40,22:26:10,12396.97,4917.72,Network flood + Disk thrash suspected
server_11,22:25:50,22:26:20,2153.68,4917.72,Disk thrash suspected
server_11,22:26:00,22:26:30,19652.71,4917.72,Network flood + Disk thrash suspected
server_11,22:26:10,22:26:40,19652.71,1006.86,Possible DDoS
server_11,22:26:20,22:26:50,19652.71,912.09,Possible DDoS
server_11,22:26:30,22:27:00,14398.29,912.09,Possible DDoS
server_11,22:26:40,22:27:10,18047.3,171.96,Possible DDoS
server_11,22:26:50,22:27:20,18047.3,176.32,Possible DDoS
server_11,22:27:00,22:27:30,18047.3,5841.69,Network flood + Disk thrash suspected
server_11,22:27:10,22:27:40,14708.59,5841.69,Network flood + Disk thrash suspected
server_11,22:27:20,22:27:50,13110.18,5841.69,Network flood + Disk thrash suspected
server_11,22:27:30,22:28:00,13110.18,5507.73,Network flood + Disk thrash suspected
server_11,22:27:40,22:28:10,1002.08,5507.73,Disk thrash suspected
server_11,22:27:50,22:28:20,1002.08,5507.73,Disk thrash suspected
server_11,22:28:00,22:28:30,2835.18,1093.39,
server_11,22:28:10,22:28:40,3528.86,6197.27,Disk thrash suspected
server_11,22:28:20,22:28:50,3528.86,6197.27,Disk thrash suspected
server_11,22:28:30,22:29:00,3528.86,6197.27,Disk thrash suspected
server_11,22:28:40,22:29:10,3984.21,1677.24,Possible DDoS
server_11,22:28:50,22:29:20,11354.24,934.23,Possible DDoS
server_11,22:29:00,22:29:30,16078.03,934.23,Possible DDoS
server_11,22:29:10,22:29:40,16078.03,191.03,Possible DDoS
server_11,22:29:20,22:29:50,16078.03,191.03,Possible DDoS
server_11,22:29:30,22:30:00,4441.04,1894.97,Possible DDoS
server_11,22:29:40,22:30:10,4738.86,1894.97,Possible DDoS
server_11,22:29:50,22:30:20,4738.86,7878.04,Network flood + Disk thrash suspected
server_11,22:30:00,22:30:30,4738.86,7878.04,Network flood + Disk thrash suspected
server_11,22:30:10,22:30:40,1481.27,7878.04,Disk thrash suspected
server_11,22:30:20,22:30:50,1481.27,6100.89,Disk thrash suspected
server_11,22:30:30,22:31:00,1481.27,6397.01,Disk thrash suspected
server_11,22:30:40,22:31:10,999.03,6397.01,Disk thrash suspected
server_11,22:30:50,22:31:20,999.03,6397.01,Disk thrash suspected
server_11,22:31:00,22:31:30,493.23,9247.82,Disk thrash suspected
server_11,22:31:10,22:31:40,1033.1,9247.82,Disk thrash suspected
server_11,22:31:20,22:31:50,1033.1,9247.82,Disk thrash suspected
server_11,22:31:30,22:32:00,1033.1,102.37,
server_11,22:31:40,22:32:10,592.29,102.37,
server_11,22:31:50,22:32:20,17730.28,127.47,Possible DDoS
server_11,22:32:00,22:32:30,17730.28,127.47,Possible DDoS
server_11,22:32:10,22:32:40,17730.28,127.47,Possible DDoS
server_11,22:32:20,22:32:50,807.17,82.09,
server_11,22:32:30,22:33:00,807.17,9504.08,Disk thrash suspected
server_11,22:32:40,22:33:10,715.48,9504.08,Disk thrash suspected
server_11,22:32:50,22:33:20,948.9,9504.08,Disk thrash suspected
server_11,22:33:00,22:33:30,948.9,6751.81,Disk thrash suspected
server_11,22:33:10,22:33:40,948.9,137.89,
server_11,22:33:20,22:33:50,2229.14,621.54,
server_11,22:33:30,22:34:00,4902.44,1218.15,Possible DDoS
server_11,22:33:40,22:34:10,4902.44,1218.15,Possible DDoS
server_11,22:33:50,22:34:20,4913.28,5032.12,Network flood + Disk thrash suspected
server_11,22:34:00,22:34:30,4913.28,5032.12,Network flood + Disk thrash suspected
server_11,22:34:10,22:34:40,4913.28,5032.12,Network flood + Disk thrash suspected
server_11,22:34:20,22:34:50,3420.86,1565.06,
server_11,22:34:30,22:35:00,883.36,3020.79,
server_11,22:34:40,22:35:10,869.86,3486.28,Disk thrash suspected
server_11,22:34:50,22:35:20,16162.97,3486.28,Network flood + Disk thrash suspected
server_11,22:35:00,22:35:30,16162.97,3486.28,Network flood + Disk thrash suspected
server_11,22:35:10,22:35:40,16162.97,183.52,Possible DDoS
server_11,22:35:20,22:35:50,12856.39,4566.86,Network flood + Disk thrash suspected
server_11,22:35:30,22:36:00,516.17,4566.86,Disk thrash suspected
server_11,22:35:40,22:36:10,1410.15,4566.86,Disk thrash suspected
server_11,22:35:50,22:36:20,1410.15,1074.95,
server_11,22:36:00,22:36:30,1410.15,1074.95,
server_11,22:36:10,22:36:40,13480.92,1562.41,Possible DDoS
server_11,22:36:20,22:36:50,13480.92,1562.41,Possible DDoS
server_11,22:36:30,22:37:00,13480.92,1562.41,Possible DDoS
server_11,22:36:40,22:37:10,960.99,124.41,
server_11,22:36:50,22:37:20,965.55,124.41,
server_11,22:37:00,22:37:30,965.55,9458.49,Disk thrash suspected
server_11,22:37:10,22:37:40,965.55,9458.49,Disk thrash suspected
server_11,22:37:20,22:37:50,19506.53,9458.49,Network flood + Disk thrash suspected
server_11,22:37:30,22:38:00,19506.53,117.32,Possible DDoS
server_11,22:37:40,22:38:10,19506.53,539.02,Possible DDoS
server_11,22:37:50,22:38:20,2756.96,539.02,
server_11,22:38:00,22:38:30,2756.96,539.02,
server_11,22:38:10,22:38:40,922.56,103.67,
server_11,22:38:20,22:38:50,922.56,103.67,
server_11,22:38:30,22:39:00,922.56,9933.04,Disk thrash suspected
server_11,22:38:40,22:39:10,975.95,9933.04,Disk thrash suspected
server_11,22:38:50,22:39:20,1054.77,9933.04,Disk thrash suspected
server_11,22:39:00,22:39:30,1245.75,1278.54,
server_11,22:39:10,22:39:40,1245.75,1278.54,
server_11,22:39:20,22:39:50,3035.66,1278.54,
server_11,22:39:30,22:40:00,3035.66,935.82,
server_11,22:39:40,22:40:10,3035.66,935.82,
server_11,22:39:50,22:40:20,1678.05,840.45,
server_11,22:40:00,22:40:30,10684.63,840.45,Possible DDoS
server_11,22:40:10,22:40:40,16095.86,840.45,Possible DDoS
server_11,22:40:20,22:40:50,16095.86,114.95,Possible DDoS
server_11,22:40:30,22:41:00,16095.86,109.15,Possible DDoS
server_11,22:40:40,22:41:10,966.76,183.76,
server_11,22:40:50,22:41:20,2197.87,965.13,
server_11,22:41:00,22:41:30,2197.87,965.13,
server_11,22:41:10,22:41:40,2197.87,965.13,
server_11,22:41:20,22:41:50,879.14,154.91,
server_11,22:41:30,22:42:00,879.14,4082.18,Disk thrash suspected
server_11,22:41:40,22:42:10,512.18,5378.29,Disk thrash suspected
server_11,22:41:50,22:42:20,6279.36,5378.29,Network flood + Disk thrash suspected
server_11,22:42:00,22:42:30,6279.36,5378.29,Network flood + Disk thrash suspected
server_11,22:42:10,22:42:40,6279.36,111.38,Possible DDoS
server_11,22:42:20,22:42:50,3188.58,738.36,
server_11,22:42:30,22:43:00,11470.24,738.36,Possible DDoS
server_11,22:42:40,22:43:10,11470.24,997.07,Possible DDoS
server_11,22:42:50,22:43:20,11470.24,1769.33,Possible DDoS
server_11,22:43:00,22:43:30,10874.28,1769.33,Possible DDoS
server_11,22:43:10,22:43:40,12526.12,1769.33,Possible DDoS
server_11,22:43:20,22:43:50,12526.12,585.69,Possible DDoS
server_11,22:43:30,22:44:00,12526.12,585.69,Possible DDoS
server_11,22:43:40,22:44:10,2629.33,585.69,
server_11,22:43:50,22:44:20,1292.7,1058.71,
server_11,22:44:00,22:44:30,1292.7,1058.71,
server_11,22:44:10,22:44:40,10835.15,1058.71,Possible DDoS
server_11,22:44:20,22:44:50,10835.15,130.85,Possible DDoS
server_11,22:44:30,22:45:00,10835.15,102.69,Possible DDoS
server_11,22:44:40,22:45:10,4627.83,984.39,Possible DDoS
server_11,22:44:50,22:45:20,4627.83,984.39,Possible DDoS
server_11,22:45:00,22:45:30,4627.83,8169.9,Network flood + Disk thrash suspected
server_11,22:45:10,22:45:40,501.56,8169.9,Disk thrash suspected
server_11,22:45:20,22:45:50,19819.94,8169.9,Network flood + Disk thrash suspected
server_11,22:45:30,22:46:00,19819.94,4947.78,Network flood + Disk thrash suspected
server_11,22:45:40,22:46:10,19819.94,192.46,Possible DDoS
server_11,22:45:50,22:46:20,14724.82,716.57,Possible DDoS
server_11,22:46:00,22:46:30,14724.82,716.57,Possible DDoS
server_11,22:46:10,22:46:40,14724.82,716.57,Possible DDoS
server_11,22:46:20,22:46:50,3385.69,1065.5,
server_11,22:46:30,22:47:00,3385.69,1065.5,
server_11,22:46:40,22:47:10,6900.13,3983.97,Network flood + Disk thrash suspected
server_11,22:46:50,22:47:20,17707.93,3983.97,Network flood + Disk thrash suspected
server_11,22:47:00,22:47:30,17707.93,9029.44,Network flood + Disk thrash suspected
server_11,22:47:10,22:47:40,17707.93,9029.44,Network flood + Disk thrash suspected
server_11,22:47:20,22:47:50,16057.6,9029.44,Network flood + Disk thrash suspected
server_11,22:47:30,22:48:00,16057.6,923.28,Possible DDoS
server_11,22:47:40,22:48:10,16057.6,1250.4,Possible DDoS
server_11,22:47:50,22:48:20,1470.16,1250.4,
server_11,22:48:00,22:48:30,1470.16,1250.4,
server_11,22:48:10,22:48:40,994.56,122.03,
server_11,22:48:20,22:48:50,989.44,85.03,
server_11,22:48:30,22:49:00,989.44,135.33,
server_11,22:48:40,22:49:10,958.43,135.33,
server_11,22:48:50,22:49:20,958.43,135.33,
server_11,22:49:00,22:49:30,3237.77,1677.15,
server_11,22:49:10,22:49:40,3237.77,5799.09,Disk thrash suspected
server_11,22:49:20,22:49:50,4833.19,5799.09,Network flood + Disk thrash suspected
server_11,22:49:30,22:50:00,14914.27,5799.09,Network flood + Disk thrash suspected
server_11,22:49:40,22:50:10,14914.27,4137.4,Network flood + Disk thrash suspected
server_11,22:49:50,22:50:20,14914.27,4137.4,Network flood + Disk thrash suspected
server_11,22:50:00,22:50:30,13758.15,105.78,Possible DDoS
server_11,22:50:10,22:50:40,16749.73,114.11,Possible DDoS
server_11,22:50:20,22:50:50,19858.11,157.35,Possible DDoS
server_11,22:50:30,22:51:00,19858.11,157.35,Possible DDoS
server_11,22:50:40,22:51:10,19858.11,3344.53,Possible DDoS
server_11,22:50:50,22:51:20,4779.35,3344.53,Possible DDoS
server_11,22:51:00,22:51:30,4779.35,3344.53,Possible DDoS
server_11,22:51:10,22:51:40,3873.89,1027.36,Possible DDoS
server_11,22:51:20,22:51:50,3873.89,1256.43,Possible DDoS
server_11,22:51:30,22:52:00,3047.86,1256.43,
server_11,22:51:40,22:52:10,3047.86,1256.43,
server_11,22:51:50,22:52:20,875.84,147.65,
server_11,22:52:00,22:52:30,991.99,178.26,
server_11,22:52:10,22:52:40,991.99,178.26,
server_11,22:52:20,22:52:50,991.99,178.26,
server_11,22:52:30,22:53:00,2756.75,1192.59,
server_11,22:52:40,22:53:10,2756.75,1192.59,
server_11,22:52:50,22:53:20,2756.75,1192.59,
server_12,20:53:00,20:53:30,19325.19,1664.72,Possible DDoS
server_12,20:53:10,20:53:40,19325.19,1664.72,Possible DDoS
server_12,20:53:20,20:53:50,8485.99,1833.12,Possible DDoS
server_12,20:53:30,20:54:00,1996.22,6270.69,Disk thrash suspected
server_12,20:53:40,20:54:10,1996.22,6270.69,Disk thrash suspected
server_12,20:53:50,20:54:20,2015.72,7268.99,Disk thrash suspected
server_12,20:54:00,20:54:30,2015.72,7268.99,Disk thrash suspected
server_12,20:54:10,20:54:40,2781.83,7268.99,Disk thrash suspected
server_12,20:54:20,20:54:50,2781.83,9343.97,Disk thrash suspected
server_12,20:54:30,20:55:00,2781.83,9343.97,Disk thrash suspected
server_12,20:54:40,20:55:10,6109.99,9343.97,Network flood + Disk thrash suspected
server_12,20:54:50,20:55:20,6109.99,7944.06,Network flood + Disk thrash suspected
server_12,20:55:00,20:55:30,10282.82,7168.03,Network flood + Disk thrash suspected
server_12,20:55:10,20:55:40,10282.82,4422.67,Network flood + Disk thrash suspected
server_12,20:55:20,20:55:50,10282.82,4422.67,Network flood + Disk thrash suspected
server_12,20:55:30,20:56:00,14364.46,543.34,Possible DDoS
server_12,20:55:40,20:56:10,14364.46,543.34,Possible DDoS
server_12,20:55:50,20:56:20,14364.46,5884.71,Network flood + Disk thrash suspected
server_12,20:56:00,20:56:30,19878.66,5884.71,Network flood + Disk thrash suspected
server_12,20:56:10,20:56:40,19878.66,5884.71,Network flood + Disk thrash suspected
server_12,20:56:20,20:56:50,19878.66,1740.91,Possible DDoS
server_12,20:56:30,20:57:00,4789.82,1740.91,Possible DDoS
server_12,20:56:40,20:57:10,4789.82,1740.91,Possible DDoS
server_12,20:56:50,20:57:20,1399.17,8645.84,Disk thrash suspected
server_12,20:57:00,20:57:30,1399.17,8645.84,Disk thrash suspected
server_12,20:57:10,20:57:40,1399.17,8645.84,Disk thrash suspected
server_12,20:57:20,20:57:50,1376.32,1880.83,
server_12,20:57:30,20:58:00,3625.65,1600.24,Possible DDoS
server_12,20:57:40,20:58:10,3625.65,6743.54,Network flood + Disk thrash suspected
server_12,20:57:50,20:58:20,3713.35,6743.54,Network flood + Disk thrash suspected
server_12,20:58:00,20:58:30,3713.35,6743.54,Network flood + Disk thrash suspected
server_12,20:58:10,20:58:40,3713.35,520.71,Possible DDoS
server_12,20:58:20,20:58:50,957.78,6837.98,Disk thrash suspected
server_12,20:58:30,20:59:00,16622.67,6837.98,Network flood + Disk thrash suspected
server_12,20:58:40,20:59:10,16622.67,6837.98,Network flood + Disk thrash suspected
server_12,20:58:50,20:59:20,16622.67,147.78,Possible DDoS
server_12,20:59:00,20:59:30,7885.1,111.38,Possible DDoS
server_12,20:59:10,20:59:40,958.24,111.38,
server_12,20:59:20,20:59:50,958.24,7961.34,Disk thrash suspected
server_12,20:59:30,21:00:00,14077.08,7961.34,Network flood + Disk thrash suspected
server_12,20:59:40,21:00:10,19957.58,7961.34,Network flood + Disk thrash suspected
server_12,20:59:50,21:00:20,19957.58,1674.56,Possible DDoS
server_12,21:00:00,21:00:30,19957.58,1674.56,Possible DDoS
server_12,21:00:10,21:00:40,3012.07,3599.32,Disk thrash suspected
server_12,21:00:20,21:00:50,945.64,3599.32,Disk thrash suspected
server_12,21:00:30,21:01:00,12589.42,3599.32,Network flood + Disk thrash suspected
server_12,21:00:40,21:01:10,12589.42,4283.37,Network flood + Disk thrash suspected
server_12,21:00:50,21:01:20,12589.42,4283.37,Network flood + Disk thrash suspected
server_12,21:01:00,21:01:30,543.01,4283.37,Disk thrash suspected
server_12,21:01:10,21:01:40,543.01,9134.93,Disk thrash suspected
server_12,21:01:20,21:01:50,953.19,9134.93,Disk thrash suspected
server_12,21:01:30,21:02:00,1100.39,9666.83,Disk thrash suspected
server_12,21:01:40,21:02:10,1100.39,9666.83,Disk thrash suspected
server_12,21:01:50,21:02:20,1100.39,9666.83,Disk thrash suspected
server_12,21:02:00,21:02:30,965.0,8033.46,Disk thrash suspected
server_12,21:02:10,21:02:40,965.0,8033.46,Disk thrash suspected
server_12,21:02:20,21:02:50,4218.32,591.79,Possible DDoS
server_12,21:02:30,21:03:00,4218.32,591.79,Possible DDoS
server_12,21:02:40,21:03:10,4218.32,591.79,Possible DDoS
server_12,21:02:50,21:03:20,950.13,73.98,
server_12,21:03:00,21:03:30,950.13,24.5,
server_12,21:03:10,21:03:40,3220.5,1090.12,
server_12,21:03:20,21:03:50,3220.5,1090.12,
server_12,21:03:30,21:04:00,3579.91,7441.51,Network flood + Disk thrash suspected
server_12,21:03:40,21:04:10,3579.91,7441.51,Network flood + Disk thrash suspected
server_12,21:03:50,21:04:20,6927.35,7441.51,Network flood + Disk thrash suspected
server_12,21:04:00,21:04:30,6927.35,155.13,Possible DDoS
server_12,21:04:10,21:04:40,13425.34,185.71,Possible DDoS
server_12,21:04:20,21:04:50,13425.34,4786.04,Network flood + Disk thrash suspected
server_12,21:04:30,21:05:00,13425.34,4786.04,Network flood + Disk thrash suspected
server_12,21:04:40,21:05:10,19475.43,4786.04,Network flood + Disk thrash suspected
server_12,21:04:50,21:05:20,19475.43,994.79,Possible DDoS
server_12,21:05:00,21:05:30,19475.43,994.79,Possible DDoS
server_12,21:05:10,21:05:40,9083.19,994.79,Possible DDoS
server_12,21:05:20,21:05:50,1624.99,570.41,
server_12,21:05:30,21:06:00,1624.99,7291.88,Disk thrash suspected
server_12,21:05:40,21:06:10,960.27,7291.88,Disk thrash suspected
server_12,21:05:50,21:06:20,3398.66,7291.88,Disk thrash suspected
server_12,21:06:00,21:06:30,3398.66,1054.38,
server_12,21:06:10,21:06:40,3398.66,1054.38,
server_12,21:06:20,21:06:50,15742.8,176.92,Possible DDoS
server_12,21:06:30,21:07:00,15742.8,176.92,Possible DDoS
server_12,21:06:40,21:07:10,15742.8,8000.2,Network flood + Disk thrash suspected
server_12,21:06:50,21:07:20,862.04,8000.2,Disk thrash suspected
server_12,21:07:00,21:07:30,928.0,8000.2,Disk thrash suspected
server_12,21:07:10,21:07:40,928.0,7626.45,Disk thrash suspected
server_12,21:07:20,21:07:50,928.0,136.9,
server_12,21:07:30,21:08:00,926.93,136.9,
server_12,21:07:40,21:08:10,926.93,63.32,
server_12,21:07:50,21:08:20,926.93,109.71,
server_12,21:08:00,21:08:30,9232.2,4578.29,Network flood + Disk thrash suspected
server_12,21:08:10,21:08:40,9232.2,4578.29,Network flood + Disk thrash suspected
server_12,21:08:20,21:08:50,9232.2,4578.29,Network flood + Disk thrash suspected
server_12,21:08:30,21:09:00,612.9,4517.77,Disk thrash suspected
server_12,21:08:40,21:09:10,14482.46,4517.77,Network flood + Disk thrash suspected
server_12,21:08:50,21:09:20,14482.46,4517.77,Network flood + Disk thrash suspected
server_12,21:09:00,21:09:30,14482.46,857.3,Possible DDoS
server_12,21:09:10,21:09:40,4678.92,857.3,Possible DDoS
server_12,21:09:20,21:09:50,4678.92,774.11,Possible DDoS
server_12,21:09:30,21:10:00,15951.71,3839.39,Network flood + Disk thrash suspected
server_12,21:09:40,21:10:10,15951.71,3839.39,Network flood + Disk thrash suspected
server_12,21:09:50,21:10:20,18506.83,3839.39,Network flood + Disk thrash suspected
server_12,21:10:00,21:10:30,18506.83,1075.47,Possible DDoS
server_12,21:10:10,21:10:40,18506.83,1075.47,Possible DDoS
server_12,21:10:20,21:10:50,4805.92,1075.47,Possible DDoS
server_12,21:10:30,21:11:00,3685.34,1318.72,Possible DDoS
server_12,21:10:40,21:11:10,3685.34,1357.47,Possible DDoS
server_12,21:10:50,21:11:20,3685.34,1357.47,Possible DDoS
server_12,21:11:00,21:11:30,13709.4,1357.47,Possible DDoS
server_12,21:11:10,21:11:40,13709.4,129.25,Possible DDoS
server_12,21:11:20,21:11:50,13709.4,153.11,Possible DDoS
server_12,21:11:30,21:12:00,13401.32,7972.74,Network flood + Disk thrash suspected
server_12,21:11:40,21:12:10,13401.32,7972.74,Network flood + Disk thrash suspected
server_12,21:11:50,21:12:20,1934.1,7972.74,Disk thrash suspected
server_12,21:12:00,21:12:30,9866.1,1629.15,Possible DDoS
server_12,21:12:10,21:12:40,9866.1,1629.15,Possible DDoS
server_12,21:12:20,21:12:50,18926.16,892.3,Possible DDoS
server_12,21:12:30,21:13:00,18926.16,892.3,Possible DDoS
server_12,21:12:40,21:13:10,18926.16,4885.89,Network flood + Disk thrash suspected
server_12,21:12:50,21:13:20,1420.94,4885.89,Disk thrash suspected
server_12,21:13:00,21:13:30,1420.94,4885.89,Disk thrash suspected
server_12,21:13:10,21:13:40,1420.94,4635.49,Disk thrash suspected
server_12,21:13:20,21:13:50,924.47,4635.49,Disk thrash suspected
server_12,21:13:30,21:14:00,992.41,6207.21,Disk thrash suspected
server_12,21:13:40,21:14:10,992.41,6207.21,Disk thrash suspected
server_12,21:13:50,21:14:20,992.41,6207.21,Disk thrash suspected
server_12,21:14:00,21:14:30,611.07,4229.0,Disk thrash suspected
server_12,21:14:10,21:14:40,14657.28,4229.0,Network flood + Disk thrash suspected
server_12,21:14:20,21:14:50,14657.28,137.66,Possible DDoS
server_12,21:14:30,21:15:00,14657.28,1527.79,Possible DDoS
server_12,21:14:40,21:15:10,4894.07,1565.6,Possible DDoS
server_12,21:14:50,21:15:20,15303.71,1565.6,Possible DDoS
server_12,21:15:00,21:15:30,15303.71,1565.6,Possible DDoS
server_12,21:15:10,21:15:40,15303.71,169.51,Possible DDoS
server_12,21:15:20,21:15:50,963.94,130.9,
server_12,21:15:30,21:16:00,4171.57,858.21,Possible DDoS
server_12,21:15:40,21:16:10,4171.57,6778.86,Network flood + Disk thrash suspected
server_12,21:15:50,21:16:20,4171.57,6778.86,Network flood + Disk thrash suspected
server_12,21:16:00,21:16:30,13289.55,6778.86,Network flood + Disk thrash suspected
server_12,21:16:10,21:16:40,13289.55,903.4,Possible DDoS
server_12,21:16:20,21:16:50,13289.55,177.67,Possible DDoS
server_12,21:16:30,21:17:00,946.62,177.67,
server_12,21:16:40,21:17:10,946.62,98.39,
server_12,21:16:50,21:17:20,946.62,70.53,
server_12,21:17:00,21:17:30,943.55,8610.13,Disk thrash suspected
server_12,21:17:10,21:17:40,968.73,8610.13,Disk thrash suspected
server_12,21:17:20,21:17:50,976.42,8610.13,Disk thrash suspected
server_12,21:17:30,21:18:00,1352.43,1444.88,
server_12,21:17:40,21:18:10,1352.43,1444.88,
server_12,21:17:50,21:18:20,1352.43,1444.88,
server_12,21:18:00,21:18:30,910.97,53.7,
server_12,21:18:10,21:18:40,910.97,48.39,
server_12,21:18:20,21:18:50,13318.51,194.65,Possible DDoS
server_12,21:18:30,21:19:00,13318.51,194.65,Possible DDoS
server_12,21:18:40,21:19:10,13318.51,6947.55,Network flood + Disk thrash suspected
server_12,21:18:50,21:19:20,6174.45,6947.55,Network flood + Disk thrash suspected
server_12,21:19:00,21:19:30,1003.74,6947.55,Disk thrash suspected
server_12,21:19:10,21:19:40,13639.58,3244.6,Possible DDoS
server_12,21:19:20,21:19:50,13639.58,3244.6,Possible DDoS
server_12,21:19:30,21:20:00,13639.58,1561.03,Possible DDoS
server_12,21:19:40,21:20:10,6509.14,1561.03,Possible DDoS
server_12,21:19:50,21:20:20,6509.14,8161.08,Network flood + Disk thrash suspected
server_12,21:20:00,21:20:30,6509.14,8161.08,Network flood + Disk thrash suspected
server_12,21:20:10,21:20:40,1007.41,8161.08,Disk thrash suspected
server_12,21:20:20,21:20:50,18863.35,164.94,Possible DDoS
server_12,21:20:30,21:21:00,18863.35,164.94,Possible DDoS
server_12,21:20:40,21:21:10,18863.35,164.94,Possible DDoS
server_12,21:20:50,21:21:20,16762.29,122.01,Possible DDoS
server_12,21:21:00,21:21:30,4514.48,619.6,Possible DDoS
server_12,21:21:10,21:21:40,4514.48,8244.01,Network flood + Disk thrash suspected
server_12,21:21:20,21:21:50,4514.48,8244.01,Network flood + Disk thrash suspected
server_12,21:21:30,21:22:00,932.6,8244.01,Disk thrash suspected
server_12,21:21:40,21:22:10,4648.32,6359.17,Network flood + Disk thrash suspected
server_12,21:21:50,21:22:20,4648.32,1351.92,Possible DDoS
server_12,21:22:00,21:22:30,4648.32,1351.92,Possible DDoS
server_12,21:22:10,21:22:40,1035.29,1351.92,
server_12,21:22:20,21:22:50,1000.81,95.2,
server_12,21:22:30,21:23:00,15274.33,95.2,Possible DDoS
server_12,21:22:40,21:23:10,15274.33,95.2,Possible DDoS
server_12,21:22:50,21:23:20,15274.33,137.39,Possible DDoS
server_12,21:23:00,21:23:30,9250.21,137.39,Possible DDoS
server_12,21:23:10,21:23:40,6954.41,137.39,Possible DDoS
server_12,21:23:20,21:23:50,6954.41,1510.96,Possible DDoS
server_12,21:23:30,21:24:00,1942.34,4883.55,Disk thrash suspected
server_12,21:23:40,21:24:10,13370.78,4883.55,Network flood + Disk thrash suspected
server_12,21:23:50,21:24:20,13370.78,4883.55,Network flood + Disk thrash suspected
server_12,21:24:00,21:24:30,16260.26,181.1,Possible DDoS
server_12,21:24:10,21:24:40,16260.26,44.93,Possible DDoS
server_12,21:24:20,21:24:50,16260.26,134.14,Possible DDoS
server_12,21:24:30,21:25:00,11918.61,9404.44,Network flood + Disk thrash suspected
server_12,21:24:40,21:25:10,11918.61,9404.44,Network flood + Disk thrash suspected
server_12,21:24:50,21:25:20,11918.61,9404.44,Network flood + Disk thrash suspected
server_12,21:25:00,21:25:30,802.84,6168.18,Disk thrash suspected
server_12,21:25:10,21:25:40,2094.07,6168.18,Disk thrash suspected
server_12,21:25:20,21:25:50,12780.73,1489.58,Possible DDoS
server_12,21:25:30,21:26:00,19578.68,1824.0,Possible DDoS
server_12,21:25:40,21:26:10,19578.68,1824.0,Possible DDoS
server_12,21:25:50,21:26:20,19578.68,1824.0,Possible DDoS
server_12,21:26:00,21:26:30,4153.61,1219.64,Possible DDoS
server_12,21:26:10,21:26:40,13538.64,1219.64,Possible DDoS
server_12,21:26:20,21:26:50,13538.64,1219.64,Possible DDoS
server_12,21:26:30,21:27:00,13538.64,5390.56,Network flood + Disk thrash suspected
server_12,21:26:40,21:27:10,859.16,5390.56,Disk thrash suspected
server_12,21:26:50,21:27:20,8685.96,5390.56,Network flood + Disk thrash suspected
server_12,21:27:00,21:27:30,8685.96,4795.23,Network flood + Disk thrash suspected
server_12,21:27:10,21:27:40,8685.96,4795.23,Network flood + Disk thrash suspected
server_12,21:27:20,21:27:50,5433.05,4795.23,Network flood + Disk thrash suspected
server_12,21:27:30,21:28:00,945.56,114.94,
server_12,21:27:40,21:28:10,945.56,114.78,
server_12,21:27:50,21:28:20,945.56,7887.3,Disk thrash suspected
server_12,21:28:00,21:28:30,942.2,7887.3,Disk thrash suspected
server_12,21:28:10,21:28:40,5684.44,7887.3,Network flood + Disk thrash suspected
server_12,21:28:20,21:28:50,5684.44,94.98,Possible DDoS
server_12,21:28:30,21:29:00,5684.44,4035.33,Network flood + Disk thrash suspected
server_12,21:28:40,21:29:10,15585.23,4035.33,Network flood + Disk thrash suspected
server_12,21:28:50,21:29:20,15585.23,4035.33,Network flood + Disk thrash suspected
server_12,21:29:00,21:29:30,15585.23,164.03,Possible DDoS
server_12,21:29:10,21:29:40,922.11,61.07,
server_12,21:29:20,21:29:50,9892.77,72.83,Possible DDoS
server_12,21:29:30,21:30:00,15894.36,1551.44,Possible DDoS
server_12,21:29:40,21:30:10,15894.36,1551.44,Possible DDoS
server_12,21:29:50,21:30:20,15894.36,1551.44,Possible DDoS
server_12,21:30:00,21:30:30,15459.48,56.02,Possible DDoS
server_12,21:30:10,21:30:40,15459.48,4258.98,Network flood + Disk thrash suspected
server_12,21:30:20,21:30:50,15459.48,9271.23,Network flood + Disk thrash suspected
server_12,21:30:30,21:31:00,875.28,9271.23,Disk thrash suspected
server_12,21:30:40,21:31:10,8949.96,9271.23,Network flood + Disk thrash suspected
server_12,21:30:50,21:31:20,8949.96,136.0,Possible DDoS
server_12,21:31:00,21:31:30,8949.96,3013.28,Possible DDoS
server_12,21:31:10,21:31:40,3513.6,3013.28,
server_12,21:31:20,21:31:50,3513.6,3013.28,
server_12,21:31:30,21:32:00,3513.6,830.62,
server_12,21:31:40,21:32:10,972.95,170.3,
server_12,21:31:50,21:32:20,8013.68,6222.28,Network flood + Disk thrash suspected
server_12,21:32:00,21:32:30,8013.68,7076.12,Network flood + Disk thrash suspected
server_12,21:32:10,21:32:40,8013.68,7076.12,Network flood + Disk thrash suspected
server_12,21:32:20,21:32:50,17092.88,7076.12,Network flood + Disk thrash suspected
server_12,21:32:30,21:33:00,17092.88,187.17,Possible DDoS
server_12,21:32:40,21:33:10,17092.88,187.17,Possible DDoS
server_12,21:32:50,21:33:20,13190.03,187.17,Possible DDoS
server_12,21:33:00,21:33:30,8226.74,176.16,Possible DDoS
server_12,21:33:10,21:33:40,8226.74,118.25,Possible DDoS
server_12,21:33:20,21:33:50,8226.74,549.15,Possible DDoS
server_12,21:33:30,21:34:00,4878.08,549.15,Possible DDoS
server_12,21:33:40,21:34:10,14153.19,549.15,Possible DDoS
server_12,21:33:50,21:34:20,14153.19,183.92,Possible DDoS
server_12,21:34:00,21:34:30,14153.19,5139.38,Network flood + Disk thrash suspected
server_12,21:34:10,21:34:40,8912.47,5139.38,Network flood + Disk thrash suspected
server_12,21:34:20,21:34:50,945.93,5139.38,Disk thrash suspected
server_12,21:34:30,21:35:00,945.93,5037.98,Disk thrash suspected
server_12,21:34:40,21:35:10,3632.23,5037.98,Network flood + Disk thrash suspected
server_12,21:34:50,21:35:20,3632.23,6878.6,Network flood + Disk thrash suspected
server_12,21:35:00,21:35:30,3632.23,9204.51,Network flood + Disk thrash suspected
server_12,21:35:10,21:35:40,3696.39,9204.51,Network flood + Disk thrash suspected
server_12,21:35:20,21:35:50,3696.39,9204.51,Network flood + Disk thrash suspected
server_12,21:35:30,21:36:00,3915.42,6429.36,Network flood + Disk thrash suspected
server_12,21:35:40,21:36:10,3915.42,6429.36,Network flood + Disk thrash suspected
server_12,21:35:50,21:36:20,3915.42,6429.36,Network flood + Disk thrash suspected
server_12,21:36:00,21:36:30,19577.7,821.48,Possible DDoS
server_12,21:36:10,21:36:40,19577.7,188.58,Possible DDoS
server_12,21:36:20,21:36:50,19577.7,188.58,Possible DDoS
server_12,21:36:30,21:37:00,6445.22,156.57,Possible DDoS
server_12,21:36:40,21:37:10,6445.22,156.57,Possible DDoS
server_12,21:36:50,21:37:20,17298.5,165.66,Possible DDoS
server_12,21:37:00,21:37:30,17298.5,165.66,Possible DDoS
server_12,21:37:10,21:37:40,17298.5,1970.4,Possible DDoS
server_12,21:37:20,21:37:50,3827.38,8890.94,Network flood + Disk thrash suspected
server_12,21:37:30,21:38:00,3827.38,8890.94,Network flood + Disk thrash suspected
server_12,21:37:40,21:38:10,925.42,8890.94,Disk thrash suspected
server_12,21:37:50,21:38:20,3197.67,746.78,
server_12,21:38:00,21:38:30,14378.02,746.78,Possible DDoS
server_12,21:38:10,21:38:40,14378.02,746.78,Possible DDoS
server_12,21:38:20,21:38:50,14378.02,96.02,Possible DDoS
server_12,21:38:30,21:39:00,8391.07,96.02,Possible DDoS
server_12,21:38:40,21:39:10,8391.07,96.28,Possible DDoS
server_12,21:38:50,21:39:20,1018.49,9949.77,Disk thrash suspected
server_12,21:39:00,21:39:30,1018.49,9949.77,Disk thrash suspected
server_12,21:39:10,21:39:40,664.89,9949.77,Disk thrash suspected
server_12,21:39:20,21:39:50,14937.8,1213.53,Possible DDoS
server_12,21:39:30,21:40:00,14937.8,1213.53,Possible DDoS
server_12,21:39:40,21:40:10,14937.8,1213.53,Possible DDoS
server_12,21:39:50,21:40:20,1034.98,113.52,
server_12,21:40:00,21:40:30,1034.98,113.52,
server_12,21:40:10,21:40:40,891.22,192.1,
server_12,21:40:20,21:40:50,19395.76,192.1,Possible DDoS
server_12,21:40:30,21:41:00,19395.76,192.1,Possible DDoS
server_12,21:40:40,21:41:10,19395.76,532.47,Possible DDoS
server_12,21:40:50,21:41:20,2528.73,532.47,
server_12,21:41:00,21:41:30,12311.42,532.47,Possible DDoS
server_12,21:41:10,21:41:40,12311.42,153.21,Possible DDoS
server_12,21:41:20,21:41:50,12311.42,153.21,Possible DDoS
server_12,21:41:30,21:42:00,981.43,153.21,
server_12,21:41:40,21:42:10,981.43,53.78,
server_12,21:41:50,21:42:20,1824.06,1361.52,
server_12,21:42:00,21:42:30,2826.4,1361.52,
server_12,21:42:10,21:42:40,2826.4,9452.18,Disk thrash suspected
server_12,21:42:20,21:42:50,2826.4,9452.18,Disk thrash suspected
server_12,21:42:30,21:43:00,15917.89,9452.18,Network flood + Disk thrash suspected
server_12,21:42:40,21:43:10,15917.89,1640.78,Possible DDoS
server_12,21:42:50,21:43:20,15917.89,1969.88,Possible DDoS
server_12,21:43:00,21:43:30,3985.33,1969.88,Possible DDoS
server_12,21:43:10,21:43:40,6372.55,1969.88,Possible DDoS
server_12,21:43:20,21:43:50,8261.18,132.92,Possible DDoS
server_12,21:43:30,21:44:00,8261.18,138.88,Possible DDoS
server_12,21:43:40,21:44:10,8261.18,138.88,Possible DDoS
server_12,21:43:50,21:44:20,965.01,138.88,
server_12,21:44:00,21:44:30,921.39,138.27,
server_12,21:44:10,21:44:40,866.31,138.27,
server_12,21:44:20,21:44:50,684.0,138.27,
server_12,21:44:30,21:45:00,2241.04,9838.06,Disk thrash suspected
server_12,21:44:40,21:45:10,2241.04,9838.06,Disk thrash suspected
server_12,21:44:50,21:45:20,2241.04,9838.06,Disk thrash suspected
server_12,21:45:00,21:45:30,473.73,4457.66,Disk thrash suspected
server_12,21:45:10,21:45:40,8110.46,4457.66,Network flood + Disk thrash suspected
server_12,21:45:20,21:45:50,8110.46,4457.66,Network flood + Disk thrash suspected
server_12,21:45:30,21:46:00,8110.46,4180.93,Network flood + Disk thrash suspected
server_12,21:45:40,21:46:10,1045.99,4180.93,Disk thrash suspected
server_12,21:45:50,21:46:20,4888.82,921.17,Possible DDoS
server_12,21:46:00,21:46:30,18762.78,921.17,Possible DDoS
server_12,21:46:10,21:46:40,18762.78,921.17,Possible DDoS
server_12,21:46:20,21:46:50,18762.78,198.13,Possible DDoS
server_12,21:46:30,21:47:00,9153.92,111.72,Possible DDoS
server_12,21:46:40,21:47:10,11068.74,165.59,Possible DDoS
server_12,21:46:50,21:47:20,11068.74,165.59,Possible DDoS
server_12,21:47:00,21:47:30,11068.74,171.26,Possible DDoS
server_12,21:47:10,21:47:40,5585.96,4786.54,Network flood + Disk thrash suspected
server_12,21:47:20,21:47:50,5416.2,4786.54,Network flood + Disk thrash suspected
server_12,21:47:30,21:48:00,685.08,4786.54,Disk thrash suspected
server_12,21:47:40,21:48:10,595.6,8314.1,Disk thrash suspected
server_12,21:47:50,21:48:20,14328.79,8314.1,Network flood + Disk thrash suspected
server_12,21:48:00,21:48:30,14328.79,8314.1,Network flood + Disk thrash suspected
server_12,21:48:10,21:48:40,14328.79,1400.94,Possible DDoS
server_12,21:48:20,21:48:50,2288.11,1723.23,
server_12,21:48:30,21:49:00,1176.06,1723.23,
server_12,21:48:40,21:49:10,17279.96,1723.23,Possible DDoS
server_12,21:48:50,21:49:20,17279.96,3445.44,Possible DDoS
server_12,21:49:00,21:49:30,17279.96,3445.44,Possible DDoS
server_12,21:49:10,21:49:40,3359.38,3445.44,
server_12,21:49:20,21:49:50,4230.2,1455.72,Possible DDoS
server_12,21:49:30,21:50:00,4230.2,1455.72,Possible DDoS
server_12,21:49:40,21:50:10,4230.2,1455.72,Possible DDoS
server_12,21:49:50,21:50:20,1033.53,139.66,
server_12,21:50:00,21:50:30,1033.53,139.66,
server_12,21:50:10,21:50:40,964.01,173.37,
server_12,21:50:20,21:50:50,964.01,173.37,
server_12,21:50:30,21:51:00,964.01,173.37,
server_12,21:50:40,21:51:10,906.05,9846.61,Disk thrash suspected
server_12,21:50:50,21:51:20,906.05,9846.61,Disk thrash suspected
server_12,21:51:00,21:51:30,2142.23,9846.61,Disk thrash suspected
server_12,21:51:10,21:51:40,2142.23,5492.57,Disk thrash suspected
server_12,21:51:20,21:51:50,2142.23,5492.57,Disk thrash suspected
server_12,21:51:30,21:52:00,13094.1,5492.57,Network flood + Disk thrash suspected
server_12,21:51:40,21:52:10,13094.1,140.44,Possible DDoS
server_12,21:51:50,21:52:20,13094.1,172.87,Possible DDoS
server_12,21:52:00,21:52:30,6693.78,6531.41,Network flood + Disk thrash suspected
server_12,21:52:10,21:52:40,6693.78,6531.41,Network flood + Disk thrash suspected
server_12,21:52:20,21:52:50,983.3,6531.41,Disk thrash suspected
server_12,21:52:30,21:53:00,983.3,170.05,
server_12,21:52:40,21:53:10,983.3,170.05,
server_12,21:52:50,21:53:20,956.75,170.05,
server_12,21:53:00,21:53:30,590.94,110.72,
server_12,21:53:10,21:53:40,4451.59,1476.41,Possible DDoS
server_12,21:53:20,21:53:50,4451.59,1476.41,Possible DDoS
server_12,21:53:30,21:54:00,12185.29,1476.41,Possible DDoS
server_12,21:53:40,21:54:10,19168.77,3042.86,Possible DDoS
server_12,21:53:50,21:54:20,19168.77,3042.86,Possible DDoS
server_12,21:54:00,21:54:30,19168.77,4549.32,Network flood + Disk thrash suspected
server_12,21:54:10,21:54:40,560.42,4549.32,Disk thrash suspected
server_12,21:54:20,21:54:50,5334.85,4549.32,Network flood + Disk thrash suspected
server_12,21:54:30,21:55:00,5334.85,105.59,Possible DDoS
server_12,21:54:40,21:55:10,5334.85,98.04,Possible DDoS
server_12,21:54:50,21:55:20,686.12,109.3,
server_12,21:55:00,21:55:30,4884.87,1249.22,Possible DDoS
server_12,21:55:10,21:55:40,4884.87,4164.16,Network flood + Disk thrash suspected
server_12,21:55:20,21:55:50,7576.04,4164.16,Network flood + Disk thrash suspected
server_12,21:55:30,21:56:00,14605.8,4164.16,Network flood + Disk thrash suspected
server_12,21:55:40,21:56:10,14605.8,3448.68,Network flood + Disk thrash suspected
server_12,21:55:50,21:56:20,14605.8,3448.68,Network flood + Disk thrash suspected
server_12,21:56:00,21:56:30,9666.52,3448.68,Network flood + Disk thrash suspected
server_12,21:56:10,21:56:40,9666.52,549.11,Possible DDoS
server_12,21:56:20,21:56:50,14597.04,128.22,Possible DDoS
server_12,21:56:30,21:57:00,14597.04,7984.56,Network flood + Disk thrash suspected
server_12,21:56:40,21:57:10,14597.04,7984.56,Network flood + Disk thrash suspected
server_12,21:56:50,21:57:20,19130.57,7984.56,Network flood + Disk thrash suspected
server_12,21:57:00,21:57:30,19130.57,5020.84,Network flood + Disk thrash suspected
server_12,21:57:10,21:57:40,19130.57,6031.27,Network flood + Disk thrash suspected
server_12,21:57:20,21:57:50,2784.14,6031.27,Disk thrash suspected
server_12,21:57:30,21:58:00,2784.14,7363.83,Disk thrash suspected
server_12,21:57:40,21:58:10,12172.57,7363.83,Network flood + Disk thrash suspected
server_12,21:57:50,21:58:20,12172.57,7363.83,Network flood + Disk thrash suspected
server_12,21:58:00,21:58:30,12172.57,5850.76,Network flood + Disk thrash suspected
server_12,21:58:10,21:58:40,909.7,9461.66,Disk thrash suspected
server_12,21:58:20,21:58:50,909.7,9461.66,Disk thrash suspected
server_12,21:58:30,21:59:00,909.7,9461.66,Disk thrash suspected
server_12,21:58:40,21:59:10,887.0,4407.31,Disk thrash suspected
server_12,21:58:50,21:59:20,4728.17,4407.31,Network flood + Disk thrash suspected
server_12,21:59:00,21:59:30,4728.17,4407.31,Network flood + Disk thrash suspected
server_12,21:59:10,21:59:40,4728.17,638.84,Possible DDoS
server_12,21:59:20,21:59:50,886.26,134.91,
server_12,21:59:30,22:00:00,17899.01,189.44,Possible DDoS
server_12,21:59:40,22:00:10,17899.01,189.44,Possible DDoS
server_12,21:59:50,22:00:20,17899.01,1153.06,Possible DDoS
server_12,22:00:00,22:00:30,10679.0,5855.07,Network flood + Disk thrash suspected
server_12,22:00:10,22:00:40,1399.19,5855.07,Disk thrash suspected
server_12,22:00:20,22:00:50,1014.76,5855.07,Disk thrash suspected
server_12,22:00:30,22:01:00,7058.51,188.22,Possible DDoS
server_12,22:00:40,22:01:10,14332.29,188.22,Possible DDoS
server_12,22:00:50,22:01:20,14332.29,8671.8,Network flood + Disk thrash suspected
server_12,22:01:00,22:01:30,14332.29,8671.8,Network flood + Disk thrash suspected
server_12,22:01:10,22:01:40,648.34,8786.21,Disk thrash suspected
server_12,22:01:20,22:01:50,648.34,8786.21,Disk thrash suspected
server_12,22:01:30,22:02:00,19406.23,8786.21,Network flood + Disk thrash suspected
server_12,22:01:40,22:02:10,19406.23,1995.39,Possible DDoS
server_12,22:01:50,22:02:20,19406.23,1995.39,Possible DDoS
server_12,22:02:00,22:02:30,1008.45,106.47,
server_12,22:02:10,22:02:40,11312.6,9883.03,Network flood + Disk thrash suspected
server_12,22:02:20,22:02:50,11312.6,9883.03,Network flood + Disk thrash suspected
server_12,22:02:30,22:03:00,11312.6,9883.03,Network flood + Disk thrash suspected
server_12,22:02:40,22:03:10,3057.33,1412.41,
server_12,22:02:50,22:03:20,1022.83,120.9,
server_12,22:03:00,22:03:30,4370.63,1429.87,Possible DDoS
server_12,22:03:10,22:03:40,4370.63,1429.87,Possible DDoS
server_12,22:03:20,22:03:50,4370.63,9922.62,Network flood + Disk thrash suspected
server_12,22:03:30,22:04:00,901.23,9922.62,Disk thrash suspected
server_12,22:03:40,22:04:10,2911.65,9922.62,Disk thrash suspected
server_12,22:03:50,22:04:20,5400.17,621.97,Possible DDoS
server_12,22:04:00,22:04:30,5400.17,3760.43,Network flood + Disk thrash suspected
server_12,22:04:10,22:04:40,5400.17,3929.55,Network flood + Disk thrash suspected
server_12,22:04:20,22:04:50,861.06,3929.55,Disk thrash suspected
server_12,22:04:30,22:05:00,863.58,9972.9,Disk thrash suspected
server_12,22:04:40,22:05:10,19007.46,9972.9,Network flood + Disk thrash suspected
server_12,22:04:50,22:05:20,19007.46,9972.9,Network flood + Disk thrash suspected
server_12,22:05:00,22:05:30,19007.46,190.94,Possible DDoS
server_12,22:05:10,22:05:40,989.9,190.94,
server_12,22:05:20,22:05:50,15409.95,114.05,Possible DDoS
server_12,22:05:30,22:06:00,15409.95,7251.56,Network flood + Disk thrash suspected
server_12,22:05:40,22:06:10,15409.95,7251.56,Network flood + Disk thrash suspected
server_12,22:05:50,22:06:20,978.92,7251.56,Disk thrash suspected
server_12,22:06:00,22:06:30,6652.55,85.91,Possible DDoS
server_12,22:06:10,22:06:40,7101.6,101.8,Possible DDoS
server_12,22:06:20,22:06:50,7101.6,133.05,Possible DDoS
server_12,22:06:30,22:07:00,7101.6,133.05,Possible DDoS
server_12,22:06:40,22:07:10,949.11,133.05,
server_12,22:06:50,22:07:20,5529.12,4005.29,Network flood + Disk thrash suspected
server_12,22:07:00,22:07:30,5529.12,8871.55,Network flood + Disk thrash suspected
server_12,22:07:10,22:07:40,5529.12,8871.55,Network flood + Disk thrash suspected
server_12,22:07:20,22:07:50,2566.45,8871.55,Disk thrash suspected
server_12,22:07:30,22:08:00,640.11,6685.6,Disk thrash suspected
server_12,22:07:40,22:08:10,640.11,6685.6,Disk thrash suspected
server_12,22:07:50,22:08:20,643.07,3230.99,
server_12,22:08:00,22:08:30,3364.49,3230.99,
server_12,22:08:10,22:08:40,3364.49,3288.21,
server_12,22:08:20,22:08:50,3364.49,3288.21,
server_12,22:08:30,22:09:00,4765.32,3288.21,Possible DDoS
server_12,22:08:40,22:09:10,4765.32,1951.56,Possible DDoS
server_12,22:08:50,22:09:20,4765.32,3341.84,Possible DDoS
server_12,22:09:00,22:09:30,1067.55,3341.84,
server_12,22:09:10,22:09:40,1067.55,9769.57,Disk thrash suspected
server_12,22:09:20,22:09:50,1067.55,9769.57,Disk thrash suspected
server_12,22:09:30,22:10:00,1001.95,9769.57,Disk thrash suspected
server_12,22:09:40,22:10:10,1001.95,117.66,
server_12,22:09:50,22:10:20,1001.95,9703.32,Disk thrash suspected
server_12,22:10:00,22:10:30,18004.07,9703.32,Network flood + Disk thrash suspected
server_12,22:10:10,22:10:40,18004.07,9703.32,Network flood + Disk thrash suspected
server_12,22:10:20,22:10:50,18004.07,117.68,Possible DDoS
server_12,22:10:30,22:11:00,922.21,117.68,
server_12,22:10:40,22:11:10,816.94,8482.2,Disk thrash suspected
server_12,22:10:50,22:11:20,15600.73,8482.2,Network flood + Disk thrash suspected
server_12,22:11:00,22:11:30,15600.73,8482.2,Network flood + Disk thrash suspected
server_12,22:11:10,22:11:40,15600.73,5874.61,Network flood + Disk thrash suspected
server_12,22:11:20,22:11:50,923.44,174.99,
server_12,22:11:30,22:12:00,923.44,174.99,
server_12,22:11:40,22:12:10,839.93,129.15,
server_12,22:11:50,22:12:20,772.85,129.15,
server_12,22:12:00,22:12:30,16031.74,153.81,Possible DDoS
server_12,22:12:10,22:12:40,16031.74,153.81,Possible DDoS
server_12,22:12:20,22:12:50,16031.74,5032.87,Network flood + Disk thrash suspected
server_12,22:12:30,22:13:00,2617.26,5032.87,Disk thrash suspected
server_12,22:12:40,22:13:10,2617.26,5032.87,Disk thrash suspected
server_12,22:12:50,22:13:20,2617.26,9478.86,Disk thrash suspected
server_12,22:13:00,22:13:30,9623.78,9478.86,Network flood + Disk thrash suspected
server_12,22:13:10,22:13:40,9623.78,9478.86,Network flood + Disk thrash suspected
server_12,22:13:20,22:13:50,9623.78,104.39,Possible DDoS
server_12,22:13:30,22:14:00,1084.15,7619.64,Disk thrash suspected
server_12,22:13:40,22:14:10,19710.73,7619.64,Network flood + Disk thrash suspected
server_12,22:13:50,22:14:20,19710.73,7619.64,Network flood + Disk thrash suspected
server_12,22:14:00,22:14:30,19710.73,640.21,Possible DDoS
server_12,22:14:10,22:14:40,1359.94,640.21,
server_12,22:14:20,22:14:50,1359.94,3206.72,
server_12,22:14:30,22:15:00,889.11,3206.72,
server_12,22:14:40,22:15:10,4424.12,3206.72,Possible DDoS
server_12,22:14:50,22:15:20,4424.12,1772.69,Possible DDoS
server_12,22:15:00,22:15:30,4424.12,1772.69,Possible DDoS
server_12,22:15:10,22:15:40,775.6,94.28,
server_12,22:15:20,22:15:50,873.16,88.66,
server_12,22:15:30,22:16:00,911.02,107.12,
server_12,22:15:40,22:16:10,911.02,107.12,
server_12,22:15:50,22:16:20,911.02,107.12,
server_12,22:16:00,22:16:30,790.63,93.36,
server_12,22:16:10,22:16:40,858.67,3292.35,
server_12,22:16:20,22:16:50,858.67,3292.35,
server_12,22:16:30,22:17:00,858.67,3292.35,
server_12,22:16:40,22:17:10,11162.81,109.67,Possible DDoS
server_12,22:16:50,22:17:20,11162.81,192.45,Possible DDoS
server_12,22:17:00,22:17:30,11162.81,192.45,Possible DDoS
server_12,22:17:10,22:17:40,941.11,9887.02,Disk thrash suspected
server_12,22:17:20,22:17:50,638.82,9887.02,Disk thrash suspected
server_12,22:17:30,22:18:00,819.51,9887.02,Disk thrash suspected
server_12,22:17:40,22:18:10,6631.74,209.99,Possible DDoS
server_12,22:17:50,22:18:20,6631.74,209.99,Possible DDoS
server_12,22:18:00,22:18:30,6631.74,209.99,Possible DDoS
server_12,22:18:10,22:18:40,876.41,6876.38,Disk thrash suspected
server_12,22:18:20,22:18:50,8698.79,6876.38,Network flood + Disk thrash suspected
server_12,22:18:30,22:19:00,8698.79,6876.38,Network flood + Disk thrash suspected
server_12,22:18:40,22:19:10,8698.79,7533.57,Network flood + Disk thrash suspected
server_12,22:18:50,22:19:20,4011.98,7533.57,Network flood + Disk thrash suspected
server_12,22:19:00,22:19:30,4011.98,7533.57,Network flood + Disk thrash suspected
server_12,22:19:10,22:19:40,9899.17,1443.28,Possible DDoS
server_12,22:19:20,22:19:50,9899.17,6279.42,Network flood + Disk thrash suspected
server_12,22:19:30,22:20:00,9899.17,6279.42,Network flood + Disk thrash suspected
server_12,22:19:40,22:20:10,3163.46,6279.42,Disk thrash suspected
server_12,22:19:50,22:20:20,3163.46,1516.27,
server_12,22:20:00,22:20:30,3759.72,614.25,Possible DDoS
server_12,22:20:10,22:20:40,3759.72,614.25,Possible DDoS
server_12,22:20:20,22:20:50,14979.36,614.25,Possible DDoS
server_12,22:20:30,22:21:00,14979.36,159.11,Possible DDoS
server_12,22:20:40,22:21:10,14979.36,159.11,Possible DDoS
server_12,22:20:50,22:21:20,11674.99,129.43,Possible DDoS
server_12,22:21:00,22:21:30,11674.99,129.43,Possible DDoS
server_12,22:21:10,22:21:40,15520.16,71.84,Possible DDoS
server_12,22:21:20,22:21:50,15520.16,154.5,Possible DDoS
server_12,22:21:30,22:22:00,15520.16,843.65,Possible DDoS
server_12,22:21:40,22:22:10,9363.17,843.65,Possible DDoS
server_12,22:21:50,22:22:20,2398.0,6389.77,Disk thrash suspected
server_12,22:22:00,22:22:30,12401.93,6389.77,Network flood + Disk thrash suspected
server_12,22:22:10,22:22:40,12401.93,6389.77,Network flood + Disk thrash suspected
server_12,22:22:20,22:22:50,12401.93,178.4,Possible DDoS
server_12,22:22:30,22:23:00,2420.54,1607.13,
server_12,22:22:40,22:23:10,2420.54,1607.13,
server_12,22:22:50,22:23:20,7344.07,1607.13,Possible DDoS
server_12,22:23:00,22:23:30,7344.07,1296.79,Possible DDoS
server_12,22:23:10,22:23:40,7425.09,1296.79,Possible DDoS
server_12,22:23:20,22:23:50,7425.09,1296.79,Possible DDoS
server_12,22:23:30,22:24:00,16411.09,990.84,Possible DDoS
server_12,22:23:40,22:24:10,16411.09,5305.86,Network flood + Disk thrash suspected
server_12,22:23:50,22:24:20,16411.09,5305.86,Network flood + Disk thrash suspected
server_12,22:24:00,22:24:30,13703.37,6993.5,Network flood + Disk thrash suspected
server_12,22:24:10,22:24:40,13703.37,6993.5,Network flood + Disk thrash suspected
server_12,22:24:20,22:24:50,4267.8,6993.5,Network flood + Disk thrash suspected
server_12,22:24:30,22:25:00,12526.06,1524.57,Possible DDoS
server_12,22:24:40,22:25:10,12526.06,3005.29,Possible DDoS
server_12,22:24:50,22:25:20,12526.06,3005.29,Possible DDoS
server_12,22:25:00,22:25:30,9721.37,3005.29,Possible DDoS
server_12,22:25:10,22:25:40,3677.89,1429.11,Possible DDoS
server_12,22:25:20,22:25:50,12367.13,1429.11,Possible DDoS
server_12,22:25:30,22:26:00,12367.13,102.0,Possible DDoS
server_12,22:25:40,22:26:10,12367.13,167.51,Possible DDoS
server_12,22:25:50,22:26:20,11778.27,7120.28,Network flood + Disk thrash suspected
server_12,22:26:00,22:26:30,11778.27,7120.28,Network flood + Disk thrash suspected
server_12,22:26:10,22:26:40,494.44,7120.28,Disk thrash suspected
server_12,22:26:20,22:26:50,2859.59,1618.51,
server_12,22:26:30,22:27:00,2859.59,1618.51,
server_12,22:26:40,22:27:10,2859.59,5545.04,Disk thrash suspected
server_12,22:26:50,22:27:20,1735.05,8135.94,Disk thrash suspected
server_12,22:27:00,22:27:30,2521.18,8135.94,Disk thrash suspected
server_12,22:27:10,22:27:40,2521.18,8135.94,Disk thrash suspected
server_12,22:27:20,22:27:50,2521.18,1365.23,
server_12,22:27:30,22:28:00,596.74,115.97,
server_12,22:27:40,22:28:10,714.2,9226.15,Disk thrash suspected
server_12,22:27:50,22:28:20,714.2,9226.15,Disk thrash suspected
server_12,22:28:00,22:28:30,911.9,9226.15,Disk thrash suspected
server_12,22:28:10,22:28:40,911.9,6013.31,Disk thrash suspected
server_12,22:28:20,22:28:50,1096.23,9226.32,Disk thrash suspected
server_12,22:28:30,22:29:00,14914.22,9226.32,Network flood + Disk thrash suspected
server_12,22:28:40,22:29:10,14914.22,9226.32,Network flood + Disk thrash suspected
server_12,22:28:50,22:29:20,14914.22,1321.73,Possible DDoS
server_12,22:29:00,22:29:30,3336.42,1321.73,
server_12,22:29:10,22:29:40,3271.21,7540.05,Disk thrash suspected
server_12,22:29:20,22:29:50,3271.21,7540.05,Disk thrash suspected
server_12,22:29:30,22:30:00,3271.21,7540.05,Disk thrash suspected
server_12,22:29:40,22:30:10,929.72,119.93,
server_12,22:29:50,22:30:20,2264.55,848.24,
server_12,22:30:00,22:30:30,2264.55,8056.87,Disk thrash suspected
server_12,22:30:10,22:30:40,15105.58,8056.87,Network flood + Disk thrash suspected
server_12,22:30:20,22:30:50,15105.58,8056.87,Network flood + Disk thrash suspected
server_12,22:30:30,22:31:00,15105.58,119.82,Possible DDoS
server_12,22:30:40,22:31:10,7899.66,156.24,Possible DDoS
server_12,22:30:50,22:31:20,7899.66,156.24,Possible DDoS
server_12,22:31:00,22:31:30,12579.03,156.24,Possible DDoS
server_12,22:31:10,22:31:40,12579.03,138.14,Possible DDoS
server_12,22:31:20,22:31:50,12579.03,73.2,Possible DDoS
server_12,22:31:30,22:32:00,979.12,73.2,
server_12,22:31:40,22:32:10,967.59,94.25,
server_12,22:31:50,22:32:20,9521.83,94.25,Possible DDoS
server_12,22:32:00,22:32:30,9521.83,94.25,Possible DDoS
server_12,22:32:10,22:32:40,11204.46,51.08,Possible DDoS
server_12,22:32:20,22:32:50,17604.83,182.07,Possible DDoS
server_12,22:32:30,22:33:00,17604.83,182.07,Possible DDoS
server_12,22:32:40,22:33:10,17604.83,182.07,Possible DDoS
server_12,22:32:50,22:33:20,5424.92,124.72,Possible DDoS
server_12,22:33:00,22:33:30,5424.92,852.14,Possible DDoS
server_12,22:33:10,22:33:40,18461.2,8136.09,Network flood + Disk thrash suspected
server_12,22:33:20,22:33:50,18461.2,8136.09,Network flood + Disk thrash suspected
server_12,22:33:30,22:34:00,18461.2,8136.09,Network flood + Disk thrash suspected
server_12,22:33:40,22:34:10,17105.97,193.13,Possible DDoS
server_12,22:33:50,22:34:20,17105.97,193.13,Possible DDoS
server_12,22:34:00,22:34:30,17105.97,193.13,Possible DDoS
server_12,22:34:10,22:34:40,18030.22,122.86,Possible DDoS
server_12,22:34:20,22:34:50,18030.22,7615.02,Network flood + Disk thrash suspected
server_12,22:34:30,22:35:00,18030.22,7615.02,Network flood + Disk thrash suspected
server_12,22:34:40,22:35:10,1021.89,7615.02,Disk thrash suspected
server_12,22:34:50,22:35:20,534.68,6706.66,Disk thrash suspected
server_12,22:35:00,22:35:30,926.29,162.07,
server_12,22:35:10,22:35:40,15048.09,162.07,Possible DDoS
server_12,22:35:20,22:35:50,15709.82,163.59,Possible DDoS
server_12,22:35:30,22:36:00,15709.82,3344.35,Possible DDoS
server_12,22:35:40,22:36:10,15709.82,3344.35,Possible DDoS
server_12,22:35:50,22:36:20,513.86,3344.35,
server_12,22:36:00,22:36:30,11540.74,3034.65,Possible DDoS
server_12,22:36:10,22:36:40,11540.74,7801.81,Network flood + Disk thrash suspected
server_12,22:36:20,22:36:50,11540.74,7801.81,Network flood + Disk thrash suspected
server_12,22:36:30,22:37:00,3103.54,7801.81,Disk thrash suspected
server_12,22:36:40,22:37:10,12929.8,1809.8,Possible DDoS
server_12,22:36:50,22:37:20,12929.8,1809.8,Possible DDoS
server_12,22:37:00,22:37:30,12929.8,9426.37,Network flood + Disk thrash suspected
server_12,22:37:10,22:37:40,2868.19,9426.37,Disk thrash suspected
server_12,22:37:20,22:37:50,923.05,9426.37,Disk thrash suspected
server_12,22:37:30,22:38:00,923.05,115.38,
server_12,22:37:40,22:38:10,747.11,136.77,
server_12,22:37:50,22:38:20,912.0,139.73,
server_12,22:38:00,22:38:30,19631.61,139.73,Possible DDoS
server_12,22:38:10,22:38:40,19631.61,833.77,Possible DDoS
server_12,22:38:20,22:38:50,19631.61,833.77,Possible DDoS
server_12,22:38:30,22:39:00,2163.33,833.77,
server_12,22:38:40,22:39:10,2947.11,1035.7,
server_12,22:38:50,22:39:20,18060.69,1035.7,Possible DDoS
server_12,22:39:00,22:39:30,18060.69,7337.67,Network flood + Disk thrash suspected
server_12,22:39:10,22:39:40,18060.69,7337.67,Network flood + Disk thrash suspected
server_12,22:39:20,22:39:50,14056.14,7337.67,Network flood + Disk thrash suspected
server_12,22:39:30,22:40:00,13321.03,198.52,Possible DDoS
server_12,22:39:40,22:40:10,13321.03,198.52,Possible DDoS
server_12,22:39:50,22:40:20,13321.03,198.52,Possible DDoS
server_12,22:40:00,22:40:30,12744.7,9451.65,Network flood + Disk thrash suspected
server_12,22:40:10,22:40:40,6056.8,9451.65,Network flood + Disk thrash suspected
server_12,22:40:20,22:40:50,6056.8,9451.65,Network flood + Disk thrash suspected
server_12,22:40:30,22:41:00,6056.8,1720.47,Possible DDoS
server_12,22:40:40,22:41:10,4350.17,9348.05,Network flood + Disk thrash suspected
server_12,22:40:50,22:41:20,4350.17,9348.05,Network flood + Disk thrash suspected
server_12,22:41:00,22:41:30,1000.74,9348.05,Disk thrash suspected
server_12,22:41:10,22:41:40,2106.87,9188.21,Disk thrash suspected
server_12,22:41:20,22:41:50,2106.87,9188.21,Disk thrash suspected
server_12,22:41:30,22:42:00,14527.1,9188.21,Network flood + Disk thrash suspected
server_12,22:41:40,22:42:10,14527.1,540.49,Possible DDoS
server_12,22:41:50,22:42:20,14527.1,4579.63,Network flood + Disk thrash suspected
server_12,22:42:00,22:42:30,4938.68,9424.73,Network flood + Disk thrash suspected
server_12,22:42:10,22:42:40,1249.62,9424.73,Disk thrash suspected
server_12,22:42:20,22:42:50,590.21,9424.73,Disk thrash suspected
server_12,22:42:30,22:43:00,16810.49,8443.19,Network flood + Disk thrash suspected
server_12,22:42:40,22:43:10,16992.77,9807.36,Network flood + Disk thrash suspected
server_12,22:42:50,22:43:20,16992.77,9807.36,Network flood + Disk thrash suspected
server_12,22:43:00,22:43:30,19441.36,9807.36,Network flood + Disk thrash suspected
server_12,22:43:10,22:43:40,19441.36,96.74,Possible DDoS
server_12,22:43:20,22:43:50,19441.36,93.68,Possible DDoS
server_12,22:43:30,22:44:00,1017.97,127.34,
server_12,22:43:40,22:44:10,962.8,6036.19,Disk thrash suspected
server_12,22:43:50,22:44:20,7748.6,6036.19,Network flood + Disk thrash suspected
server_12,22:44:00,22:44:30,7748.6,6036.19,Network flood + Disk thrash suspected
server_12,22:44:10,22:44:40,7748.6,4374.1,Network flood + Disk thrash suspected
server_12,22:44:20,22:44:50,2980.39,4374.1,Disk thrash suspected
server_12,22:44:30,22:45:00,2980.39,4374.1,Disk thrash suspected
server_12,22:44:40,22:45:10,4410.59,3233.63,Possible DDoS
server_12,22:44:50,22:45:20,19510.58,3233.63,Possible DDoS
server_12,22:45:00,22:45:30,19510.58,1579.17,Possible DDoS
server_12,22:45:10,22:45:40,19510.58,1024.49,Possible DDoS
server_12,22:45:20,22:45:50,11096.93,1024.49,Possible DDoS
server_12,22:45:30,22:46:00,1672.08,1024.49,
server_12,22:45:40,22:46:10,16045.6,137.69,Possible DDoS
server_12,22:45:50,22:46:20,16045.6,9369.2,Network flood + Disk thrash suspected
server_12,22:46:00,22:46:30,16662.33,9369.2,Network flood + Disk thrash suspected
server_12,22:46:10,22:46:40,16662.33,9369.2,Network flood + Disk thrash suspected
server_12,22:46:20,22:46:50,16662.33,140.45,Possible DDoS
server_12,22:46:30,22:47:00,2493.61,1912.3,
server_12,22:46:40,22:47:10,2493.61,1912.3,
server_12,22:46:50,22:47:20,2493.61,1912.3,
server_12,22:47:00,22:47:30,953.18,116.32,
server_12,22:47:10,22:47:40,953.18,116.32,
server_12,22:47:20,22:47:50,997.35,122.0,
server_12,22:47:30,22:48:00,997.35,3361.43,
server_12,22:47:40,22:48:10,997.35,3361.43,
server_12,22:47:50,22:48:20,958.57,3361.43,
server_12,22:48:00,22:48:30,928.54,118.45,
server_12,22:48:10,22:48:40,945.08,151.19,
server_12,22:48:20,22:48:50,960.13,153.23,
server_12,22:48:30,22:49:00,960.13,153.23,
server_12,22:48:40,22:49:10,960.13,153.23,
server_12,22:48:50,22:49:20,921.66,144.88,
server_12,22:49:00,22:49:30,13288.56,144.88,Possible DDoS
server_12,22:49:10,22:49:40,13288.56,130.95,Possible DDoS
server_12,22:49:20,22:49:50,13288.56,91.45,Possible DDoS
server_12,22:49:30,22:50:00,955.35,3585.9,Disk thrash suspected
server_12,22:49:40,22:50:10,955.35,3585.9,Disk thrash suspected
server_12,22:49:50,22:50:20,17929.91,3585.9,Network flood + Disk thrash suspected
server_12,22:50:00,22:50:30,17929.91,4090.57,Network flood + Disk thrash suspected
server_12,22:50:10,22:50:40,17929.91,4090.57,Network flood + Disk thrash suspected
server_12,22:50:20,22:50:50,4431.11,4090.57,Network flood + Disk thrash suspected
server_12,22:50:30,22:51:00,4431.11,8138.34,Network flood + Disk thrash suspected
server_12,22:50:40,22:51:10,9651.01,8138.34,Network flood + Disk thrash suspected
server_12,22:50:50,22:51:20,14052.79,8138.34,Network flood + Disk thrash suspected
server_12,22:51:00,22:51:30,14052.79,4302.37,Network flood + Disk thrash suspected
server_12,22:51:10,22:51:40,14052.79,4302.37,Network flood + Disk thrash suspected
server_12,22:51:20,22:51:50,426.25,6268.95,Disk thrash suspected
server_12,22:51:30,22:52:00,968.06,6268.95,Disk thrash suspected
server_12,22:51:40,22:52:10,4031.12,6268.95,Network flood + Disk thrash suspected
server_12,22:51:50,22:52:20,4031.12,1823.02,Possible DDoS
server_12,22:52:00,22:52:30,4031.12,4047.1,Network flood + Disk thrash suspected
server_12,22:52:10,22:52:40,8821.63,4047.1,Network flood + Disk thrash suspected
server_12,22:52:20,22:52:50,8821.63,4047.1,Network flood + Disk thrash suspected
server_12,22:52:30,22:53:00,8821.63,112.87,Possible DDoS
server_12,22:52:40,22:53:10,1025.33,72.78,
server_12,22:52:50,22:53:20,1025.33,50.93,
server_13,20:53:00,20:53:30,11409.96,9121.31,Network flood + Disk thrash suspected
server_13,20:53:10,20:53:40,11409.96,9121.31,Network flood + Disk thrash suspected
server_13,20:53:20,20:53:50,11409.96,4317.36,Network flood + Disk thrash suspected
server_13,20:53:30,20:54:00,1561.63,4317.36,Disk thrash suspected
server_13,20:53:40,20:54:10,4062.41,4317.36,Network flood + Disk thrash suspected
server_13,20:53:50,20:54:20,19998.49,1245.68,Possible DDoS
server_13,20:54:00,20:54:30,19998.49,7841.43,Network flood + Disk thrash suspected
server_13,20:54:10,20:54:40,19998.49,7841.43,Network flood + Disk thrash suspected
server_13,20:54:20,20:54:50,1116.09,7841.43,Disk thrash suspected
server_13,20:54:30,20:55:00,1116.09,3405.28,
server_13,20:54:40,20:55:10,840.67,7776.5,Disk thrash suspected
server_13,20:54:50,20:55:20,1033.11,9821.26,Disk thrash suspected
server_13,20:55:00,20:55:30,1033.11,9821.26,Disk thrash suspected
server_13,20:55:10,20:55:40,1033.11,9821.26,Disk thrash suspected
server_13,20:55:20,20:55:50,989.66,92.23,
server_13,20:55:30,20:56:00,834.56,78.21,
server_13,20:55:40,20:56:10,731.91,3670.5,Disk thrash suspected
server_13,20:55:50,20:56:20,731.91,3670.5,Disk thrash suspected
server_13,20:56:00,20:56:30,487.62,3670.5,Disk thrash suspected
server_13,20:56:10,20:56:40,14448.97,1268.66,Possible DDoS
server_13,20:56:20,20:56:50,14448.97,8796.7,Network flood + Disk thrash suspected
server_13,20:56:30,20:57:00,14448.97,8796.7,Network flood + Disk thrash suspected
server_13,20:56:40,20:57:10,883.31,8796.7,Disk thrash suspected
server_13,20:56:50,20:57:20,683.46,5384.66,Disk thrash suspected
server_13,20:57:00,20:57:30,393.85,5015.93,Disk thrash suspected
server_13,20:57:10,20:57:40,894.37,5015.93,Disk thrash suspected
server_13,20:57:20,20:57:50,894.37,116.62,
server_13,20:57:30,20:58:00,894.37,116.62,
server_13,20:57:40,20:58:10,17027.77,121.87,Possible DDoS
server_13,20:57:50,20:58:20,17027.77,1243.67,Possible DDoS
server_13,20:58:00,20:58:30,17027.77,1243.67,Possible DDoS
server_13,20:58:10,20:58:40,1039.86,1243.67,
server_13,20:58:20,20:58:50,772.69,103.31,
server_13,20:58:30,20:59:00,961.16,197.15,
server_13,20:58:40,20:59:10,961.16,197.15,
server_13,20:58:50,20:59:20,971.79,197.15,
server_13,20:59:00,20:59:30,971.79,117.35,
server_13,20:59:10,20:59:40,4170.02,763.92,Possible DDoS
server_13,20:59:20,20:59:50,4170.02,763.92,Possible DDoS
server_13,20:59:30,21:00:00,4170.02,763.92,Possible DDoS
server_13,20:59:40,21:00:10,878.78,6681.13,Disk thrash suspected
server_13,20:59:50,21:00:20,947.61,9295.29,Disk thrash suspected
server_13,21:00:00,21:00:30,947.61,9295.29,Disk thrash suspected
server_13,21:00:10,21:00:40,13025.28,9295.29,Network flood + Disk thrash suspected
server_13,21:00:20,21:00:50,15320.13,192.78,Possible DDoS
server_13,21:00:30,21:01:00,15320.13,192.78,Possible DDoS
server_13,21:00:40,21:01:10,15320.13,9203.78,Network flood + Disk thrash suspected
server_13,21:00:50,21:01:20,666.2,9203.78,Disk thrash suspected
server_13,21:01:00,21:01:30,935.34,9203.78,Disk thrash suspected
server_13,21:01:10,21:01:40,1040.62,4185.63,Disk thrash suspected
server_13,21:01:20,21:01:50,1040.62,7053.89,Disk thrash suspected
server_13,21:01:30,21:02:00,1040.62,7053.89,Disk thrash suspected
server_13,21:01:40,21:02:10,892.99,7053.89,Disk thrash suspected
server_13,21:01:50,21:02:20,937.33,162.04,
server_13,21:02:00,21:02:30,4212.45,1449.13,Possible DDoS
server_13,21:02:10,21:02:40,12188.89,9049.87,Network flood + Disk thrash suspected
server_13,21:02:20,21:02:50,19987.39,9049.87,Network flood + Disk thrash suspected
server_13,21:02:30,21:03:00,19987.39,9049.87,Network flood + Disk thrash suspected
server_13,21:02:40,21:03:10,19987.39,6716.13,Network flood + Disk thrash suspected
server_13,21:02:50,21:03:20,19886.65,6716.13,Network flood + Disk thrash suspected
server_13,21:03:00,21:03:30,14513.42,8115.33,Network flood + Disk thrash suspected
server_13,21:03:10,21:03:40,14513.42,8115.33,Network flood + Disk thrash suspected
server_13,21:03:20,21:03:50,14513.42,8115.33,Network flood + Disk thrash suspected
server_13,21:03:30,21:04:00,13703.96,4948.12,Network flood + Disk thrash suspected
server_13,21:03:40,21:04:10,13703.96,99.13,Possible DDoS
server_13,21:03:50,21:04:20,13703.96,87.13,Possible DDoS
server_13,21:04:00,21:04:30,10284.11,190.23,Possible DDoS
server_13,21:04:10,21:04:40,10284.11,6666.92,Network flood + Disk thrash suspected
server_13,21:04:20,21:04:50,10284.11,6666.92,Network flood + Disk thrash suspected
server_13,21:04:30,21:05:00,17354.05,6666.92,Network flood + Disk thrash suspected
server_13,21:04:40,21:05:10,17354.05,591.19,Possible DDoS
server_13,21:04:50,21:05:20,17354.05,166.09,Possible DDoS
server_13,21:05:00,21:05:30,15672.47,6180.8,Network flood + Disk thrash suspected
server_13,21:05:10,21:05:40,15672.47,6180.8,Network flood + Disk thrash suspected
server_13,21:05:20,21:05:50,3576.96,6180.8,Network flood + Disk thrash suspected
server_13,21:05:30,21:06:00,3576.96,1531.6,Possible DDoS
server_13,21:05:40,21:06:10,3576.96,1531.6,Possible DDoS
server_13,21:05:50,21:06:20,4437.82,1439.49,Possible DDoS
server_13,21:06:00,21:06:30,19916.57,1439.49,Possible DDoS
server_13,21:06:10,21:06:40,19916.57,1439.49,Possible DDoS
server_13,21:06:20,21:06:50,19916.57,123.18,Possible DDoS
server_13,21:06:30,21:07:00,15330.45,123.18,Possible DDoS
server_13,21:06:40,21:07:10,15330.45,3644.65,Network flood + Disk thrash suspected
server_13,21:06:50,21:07:20,922.33,3644.65,Disk thrash suspected
server_13,21:07:00,21:07:30,7733.77,3644.65,Network flood + Disk thrash suspected
server_13,21:07:10,21:07:40,7733.77,157.88,Possible DDoS
server_13,21:07:20,21:07:50,7733.77,1968.64,Possible DDoS
server_13,21:07:30,21:08:00,2753.95,3814.53,Disk thrash suspected
server_13,21:07:40,21:08:10,18939.67,3814.53,Network flood + Disk thrash suspected
server_13,21:07:50,21:08:20,18939.67,3814.53,Network flood + Disk thrash suspected
server_13,21:08:00,21:08:30,18939.67,3585.35,Network flood + Disk thrash suspected
server_13,21:08:10,21:08:40,17894.87,7296.85,Network flood + Disk thrash suspected
server_13,21:08:20,21:08:50,900.81,7296.85,Disk thrash suspected
server_13,21:08:30,21:09:00,12234.8,7296.85,Network flood + Disk thrash suspected
server_13,21:08:40,21:09:10,12234.8,745.59,Possible DDoS
server_13,21:08:50,21:09:20,12234.8,745.59,Possible DDoS
server_13,21:09:00,21:09:30,4428.29,1801.7,Possible DDoS
server_13,21:09:10,21:09:40,4428.29,1801.7,Possible DDoS
server_13,21:09:20,21:09:50,12302.96,1801.7,Possible DDoS
server_13,21:09:30,21:10:00,12302.96,9867.91,Network flood + Disk thrash suspected
server_13,21:09:40,21:10:10,12302.96,9867.91,Network flood + Disk thrash suspected
server_13,21:09:50,21:10:20,3185.81,9867.91,Disk thrash suspected
server_13,21:10:00,21:10:30,3185.81,777.72,
server_13,21:10:10,21:10:40,816.77,83.17,
server_13,21:10:20,21:10:50,1233.51,680.57,
server_13,21:10:30,21:11:00,1345.1,1824.1,
server_13,21:10:40,21:11:10,1345.1,4974.51,Disk thrash suspected
server_13,21:10:50,21:11:20,1345.1,4974.51,Disk thrash suspected
server_13,21:11:00,21:11:30,16174.35,4974.51,Network flood + Disk thrash suspected
server_13,21:11:10,21:11:40,16174.35,188.52,Possible DDoS
server_13,21:11:20,21:11:50,16174.35,1065.13,Possible DDoS
server_13,21:11:30,21:12:00,4150.36,1666.98,Possible DDoS
server_13,21:11:40,21:12:10,4150.36,8564.54,Network flood + Disk thrash suspected
server_13,21:11:50,21:12:20,1916.56,8564.54,Disk thrash suspected
server_13,21:12:00,21:12:30,7148.44,8564.54,Network flood + Disk thrash suspected
server_13,21:12:10,21:12:40,16099.23,7710.46,Network flood + Disk thrash suspected
server_13,21:12:20,21:12:50,16099.23,141.91,Possible DDoS
server_13,21:12:30,21:13:00,16099.23,1760.83,Possible DDoS
server_13,21:12:40,21:13:10,9528.78,1760.83,Possible DDoS
server_13,21:12:50,21:13:20,3554.8,1760.83,Possible DDoS
server_13,21:13:00,21:13:30,1480.61,4302.95,Disk thrash suspected
server_13,21:13:10,21:13:40,835.21,4302.95,Disk thrash suspected
server_13,21:13:20,21:13:50,835.21,4302.95,Disk thrash suspected
server_13,21:13:30,21:14:00,835.21,8156.37,Disk thrash suspected
server_13,21:13:40,21:14:10,522.58,8156.37,Disk thrash suspected
server_13,21:13:50,21:14:20,11515.0,8156.37,Network flood + Disk thrash suspected
server_13,21:14:00,21:14:30,11515.0,206.6,Possible DDoS
server_13,21:14:10,21:14:40,11515.0,206.6,Possible DDoS
server_13,21:14:20,21:14:50,9531.04,1398.81,Possible DDoS
server_13,21:14:30,21:15:00,17999.12,1398.81,Possible DDoS
server_13,21:14:40,21:15:10,17999.12,3775.34,Network flood + Disk thrash suspected
server_13,21:14:50,21:15:20,17999.12,3775.34,Network flood + Disk thrash suspected
server_13,21:15:00,21:15:30,1090.59,3775.34,Disk thrash suspected
server_13,21:15:10,21:15:40,1072.3,84.38,
server_13,21:15:20,21:15:50,3384.18,1776.66,
server_13,21:15:30,21:16:00,3384.18,1776.66,
server_13,21:15:40,21:16:10,3384.18,1776.66,
server_13,21:15:50,21:16:20,920.72,103.03,
server_13,21:16:00,21:16:30,923.53,96.37,
server_13,21:16:10,21:16:40,923.53,64.99,
server_13,21:16:20,21:16:50,12566.63,185.31,Possible DDoS
server_13,21:16:30,21:17:00,12566.63,185.31,Possible DDoS
server_13,21:16:40,21:17:10,12566.63,185.31,Possible DDoS
server_13,21:16:50,21:17:20,9398.12,1066.77,Possible DDoS
server_13,21:17:00,21:17:30,9398.12,1066.77,Possible DDoS
server_13,21:17:10,21:17:40,2127.51,1066.77,
server_13,21:17:20,21:17:50,984.65,160.94,
server_13,21:17:30,21:18:00,984.65,160.94,
server_13,21:17:40,21:18:10,921.97,6884.67,Disk thrash suspected
server_13,21:17:50,21:18:20,5434.38,6884.67,Network flood + Disk thrash suspected
server_13,21:18:00,21:18:30,9338.02,6884.67,Network flood + Disk thrash suspected
server_13,21:18:10,21:18:40,9338.02,5914.84,Network flood + Disk thrash suspected
server_13,21:18:20,21:18:50,9338.02,5050.65,Network flood + Disk thrash suspected
server_13,21:18:30,21:19:00,927.32,5050.65,Disk thrash suspected
server_13,21:18:40,21:19:10,867.91,8324.62,Disk thrash suspected
server_13,21:18:50,21:19:20,867.91,9251.75,Disk thrash suspected
server_13,21:19:00,21:19:30,867.91,9251.75,Disk thrash suspected
server_13,21:19:10,21:19:40,8556.52,9251.75,Network flood + Disk thrash suspected
server_13,21:19:20,21:19:50,19841.05,1178.84,Possible DDoS
server_13,21:19:30,21:20:00,19841.05,1178.84,Possible DDoS
server_13,21:19:40,21:20:10,19841.05,1005.95,Possible DDoS
server_13,21:19:50,21:20:20,12804.77,4941.58,Network flood + Disk thrash suspected
server_13,21:20:00,21:20:30,12804.77,4941.58,Network flood + Disk thrash suspected
server_13,21:20:10,21:20:40,4395.34,4941.58,Network flood + Disk thrash suspected
server_13,21:20:20,21:20:50,13010.87,1126.64,Possible DDoS
server_13,21:20:30,21:21:00,13010.87,111.78,Possible DDoS
server_13,21:20:40,21:21:10,13010.87,111.78,Possible DDoS
server_13,21:20:50,21:21:20,968.14,115.42,
server_13,21:21:00,21:21:30,1050.02,115.42,
server_13,21:21:10,21:21:40,1050.02,115.42,
server_13,21:21:20,21:21:50,1050.02,75.33,
server_13,21:21:30,21:22:00,892.78,93.39,
server_13,21:21:40,21:22:10,4641.34,1078.77,Possible DDoS
server_13,21:21:50,21:22:20,4641.34,1496.74,Possible DDoS
server_13,21:22:00,21:22:30,8762.51,1496.74,Possible DDoS
server_13,21:22:10,21:22:40,8762.51,9593.17,Network flood + Disk thrash suspected
server_13,21:22:20,21:22:50,8762.51,9593.17,Network flood + Disk thrash suspected
server_13,21:22:30,21:23:00,4772.84,9593.17,Network flood + Disk thrash suspected
server_13,21:22:40,21:23:10,4831.37,1105.06,Possible DDoS
server_13,21:22:50,21:23:20,4831.37,1912.96,Possible DDoS
server_13,21:23:00,21:23:30,4831.37,3206.36,Possible DDoS
server_13,21:23:10,21:23:40,3122.72,3206.36,
server_13,21:23:20,21:23:50,8331.92,3206.36,Possible DDoS
server_13,21:23:30,21:24:00,8331.92,1411.44,Possible DDoS
server_13,21:23:40,21:24:10,8331.92,1411.44,Possible DDoS
server_13,21:23:50,21:24:20,2564.21,1411.44,
server_13,21:24:00,21:24:30,922.68,121.65,
server_13,21:24:10,21:24:40,4096.8,1801.71,Possible DDoS
server_13,21:24:20,21:24:50,4096.8,1801.71,Possible DDoS
server_13,21:24:30,21:25:00,4096.8,1801.71,Possible DDoS
server_13,21:24:40,21:25:10,3368.58,1634.03,
server_13,21:24:50,21:25:20,3368.58,1634.03,
server_13,21:25:00,21:25:30,3368.58,6353.05,Disk thrash suspected
server_13,21:25:10,21:25:40,3349.83,6353.05,Disk thrash suspected
server_13,21:25:20,21:25:50,3349.83,6353.05,Disk thrash suspected
server_13,21:25:30,21:26:00,3349.83,5256.2,Disk thrash suspected
server_13,21:25:40,21:26:10,941.36,5256.2,Disk thrash suspected
server_13,21:25:50,21:26:20,2308.71,5256.2,Disk thrash suspected
server_13,21:26:00,21:26:30,2308.71,847.82,
server_13,21:26:10,21:26:40,2308.71,847.82,
server_13,21:26:20,21:26:50,5397.82,155.53,Possible DDoS
server_13,21:26:30,21:27:00,5397.82,155.53,Possible DDoS
server_13,21:26:40,21:27:10,5397.82,155.53,Possible DDoS
server_13,21:26:50,21:27:20,17249.06,116.56,Possible DDoS
server_13,21:27:00,21:27:30,17249.06,8266.09,Network flood + Disk thrash suspected
server_13,21:27:10,21:27:40,17249.06,8266.09,Network flood + Disk thrash suspected
server_13,21:27:20,21:27:50,5326.16,8266.09,Network flood + Disk thrash suspected
server_13,21:27:30,21:28:00,725.33,6012.04,Disk thrash suspected
server_13,21:27:40,21:28:10,7064.41,6012.04,Network flood + Disk thrash suspected
server_13,21:27:50,21:28:20,13232.28,6012.04,Network flood + Disk thrash suspected
server_13,21:28:00,21:28:30,13232.28,1838.41,Possible DDoS
server_13,21:28:10,21:28:40,13232.28,8783.78,Network flood + Disk thrash suspected
server_13,21:28:20,21:28:50,4820.97,8783.78,Network flood + Disk thrash suspected
server_13,21:28:30,21:29:00,1964.47,8783.78,Disk thrash suspected
server_13,21:28:40,21:29:10,1964.47,1026.91,
server_13,21:28:50,21:29:20,1061.06,1026.91,
server_13,21:29:00,21:29:30,1061.06,1026.91,
server_13,21:29:10,21:29:40,920.77,6551.29,Disk thrash suspected
server_13,21:29:20,21:29:50,11988.54,8275.23,Network flood + Disk thrash suspected
server_13,21:29:30,21:30:00,13951.53,8275.23,Network flood + Disk thrash suspected
server_13,21:29:40,21:30:10,13951.53,8275.23,Network flood + Disk thrash suspected
server_13,21:29:50,21:30:20,13951.53,90.02,Possible DDoS
server_13,21:30:00,21:30:30,921.64,146.71,
server_13,21:30:10,21:30:40,921.64,146.71,
server_13,21:30:20,21:30:50,13720.57,5996.34,Network flood + Disk thrash suspected
server_13,21:30:30,21:31:00,13720.57,5996.34,Network flood + Disk thrash suspected
server_13,21:30:40,21:31:10,19309.4,5996.34,Network flood + Disk thrash suspected
server_13,21:30:50,21:31:20,19309.4,180.15,Possible DDoS
server_13,21:31:00,21:31:30,19309.4,189.63,Possible DDoS
server_13,21:31:10,21:31:40,932.81,4288.35,Disk thrash suspected
server_13,21:31:20,21:31:50,3415.91,4288.35,Disk thrash suspected
server_13,21:31:30,21:32:00,16136.78,4288.35,Network flood + Disk thrash suspected
server_13,21:31:40,21:32:10,16136.78,1732.88,Possible DDoS
server_13,21:31:50,21:32:20,16136.78,1587.8,Possible DDoS
server_13,21:32:00,21:32:30,9817.59,1587.8,Possible DDoS
server_13,21:32:10,21:32:40,4578.68,1587.8,Possible DDoS
server_13,21:32:20,21:32:50,999.02,168.35,
server_13,21:32:30,21:33:00,999.02,168.35,
server_13,21:32:40,21:33:10,880.66,165.57,
server_13,21:32:50,21:33:20,4891.76,1152.75,Possible DDoS
server_13,21:33:00,21:33:30,4891.76,1152.75,Possible DDoS
server_13,21:33:10,21:33:40,4891.76,9181.43,Network flood + Disk thrash suspected
server_13,21:33:20,21:33:50,692.08,9181.43,Disk thrash suspected
server_13,21:33:30,21:34:00,518.92,9181.43,Disk thrash suspected
server_13,21:33:40,21:34:10,2430.81,1763.16,
server_13,21:33:50,21:34:20,2430.81,9517.56,Disk thrash suspected
server_13,21:34:00,21:34:30,2430.81,9517.56,Disk thrash suspected
server_13,21:34:10,21:34:40,923.75,9517.56,Disk thrash suspected
server_13,21:34:20,21:34:50,13087.49,3241.73,Possible DDoS
server_13,21:34:30,21:35:00,13087.49,3241.73,Possible DDoS
server_13,21:34:40,21:35:10,13087.49,5154.41,Network flood + Disk thrash suspected
server_13,21:34:50,21:35:20,771.83,5154.41,Disk thrash suspected
server_13,21:35:00,21:35:30,3454.86,5154.41,Disk thrash suspected
server_13,21:35:10,21:35:40,3870.89,1798.07,Possible DDoS
server_13,21:35:20,21:35:50,3870.89,1798.07,Possible DDoS
server_13,21:35:30,21:36:00,3870.89,1798.07,Possible DDoS
server_13,21:35:40,21:36:10,1051.15,134.94,
server_13,21:35:50,21:36:20,634.63,50.3,
server_13,21:36:00,21:36:30,11984.21,120.78,Possible DDoS
server_13,21:36:10,21:36:40,11984.21,120.78,Possible DDoS
server_13,21:36:20,21:36:50,11984.21,843.11,Possible DDoS
server_13,21:36:30,21:37:00,4144.54,843.11,Possible DDoS
server_13,21:36:40,21:37:10,4144.54,6186.51,Network flood + Disk thrash suspected
server_13,21:36:50,21:37:20,665.79,6186.51,Disk thrash suspected
server_13,21:37:00,21:37:30,665.79,6186.51,Disk thrash suspected
server_13,21:37:10,21:37:40,959.89,5775.72,Disk thrash suspected
server_13,21:37:20,21:37:50,8050.13,3658.99,Network flood + Disk thrash suspected
server_13,21:37:30,21:38:00,8050.13,3336.61,Possible DDoS
server_13,21:37:40,21:38:10,8050.13,1927.7,Possible DDoS
server_13,21:37:50,21:38:20,17006.6,162.64,Possible DDoS
server_13,21:38:00,21:38:30,17006.6,162.64,Possible DDoS
server_13,21:38:10,21:38:40,17006.6,134.9,Possible DDoS
server_13,21:38:20,21:38:50,14665.64,125.65,Possible DDoS
server_13,21:38:30,21:39:00,14665.64,125.65,Possible DDoS
server_13,21:38:40,21:39:10,14665.64,170.31,Possible DDoS
server_13,21:38:50,21:39:20,13004.97,170.31,Possible DDoS
server_13,21:39:00,21:39:30,13004.97,5821.57,Network flood + Disk thrash suspected
server_13,21:39:10,21:39:40,651.73,5821.57,Disk thrash suspected
server_13,21:39:20,21:39:50,484.79,5821.57,Disk thrash suspected
server_13,21:39:30,21:40:00,484.79,149.69,
server_13,21:39:40,21:40:10,999.96,4759.86,Disk thrash suspected
server_13,21:39:50,21:40:20,18488.4,4759.86,Network flood + Disk thrash suspected
server_13,21:40:00,21:40:30,18488.4,4759.86,Network flood + Disk thrash suspected
server_13,21:40:10,21:40:40,18488.4,638.78,Possible DDoS
server_13,21:40:20,21:40:50,4200.05,638.78,Possible DDoS
server_13,21:40:30,21:41:00,887.36,116.01,
server_13,21:40:40,21:41:10,948.55,116.01,
server_13,21:40:50,21:41:20,948.55,7259.63,Disk thrash suspected
server_13,21:41:00,21:41:30,948.55,7259.63,Disk thrash suspected
server_13,21:41:10,21:41:40,999.42,7259.63,Disk thrash suspected
server_13,21:41:20,21:41:50,999.42,5992.79,Disk thrash suspected
server_13,21:41:30,21:42:00,3643.06,1751.71,Possible DDoS
server_13,21:41:40,21:42:10,3643.06,1751.71,Possible DDoS
server_13,21:41:50,21:42:20,3643.06,1751.71,Possible DDoS
server_13,21:42:00,21:42:30,2701.71,594.85,
server_13,21:42:10,21:42:40,8695.22,1344.98,Possible DDoS
server_13,21:42:20,21:42:50,8695.22,6926.13,Network flood + Disk thrash suspected
server_13,21:42:30,21:43:00,8695.22,6926.13,Network flood + Disk thrash suspected
server_13,21:42:40,21:43:10,3036.21,6926.13,Disk thrash suspected
server_13,21:42:50,21:43:20,3036.21,926.25,
server_13,21:43:00,21:43:30,844.6,138.27,
server_13,21:43:10,21:43:40,12085.34,138.27,Possible DDoS
server_13,21:43:20,21:43:50,12085.34,998.18,Possible DDoS
server_13,21:43:30,21:44:00,12085.34,998.18,Possible DDoS
server_13,21:43:40,21:44:10,9476.5,4450.33,Network flood + Disk thrash suspected
server_13,21:43:50,21:44:20,1054.67,4924.72,Disk thrash suspected
server_13,21:44:00,21:44:30,1054.67,4924.72,Disk thrash suspected
server_13,21:44:10,21:44:40,1054.67,4924.72,Disk thrash suspected
server_13,21:44:20,21:44:50,822.23,109.05,
server_13,21:44:30,21:45:00,16285.44,148.41,Possible DDoS
server_13,21:44:40,21:45:10,16285.44,148.41,Possible DDoS
server_13,21:44:50,21:45:20,16285.44,1639.49,Possible DDoS
server_13,21:45:00,21:45:30,16966.31,1639.49,Possible DDoS
server_13,21:45:10,21:45:40,16966.31,1639.49,Possible DDoS
server_13,21:45:20,21:45:50,16966.31,119.95,Possible DDoS
server_13,21:45:30,21:46:00,6050.95,146.26,Possible DDoS
server_13,21:45:40,21:46:10,6050.95,1590.21,Possible DDoS
server_13,21:45:50,21:46:20,6050.95,1590.21,Possible DDoS
server_13,21:46:00,21:46:30,2376.96,4408.06,Disk thrash suspected
server_13,21:46:10,21:46:40,4407.97,4408.06,Network flood + Disk thrash suspected
server_13,21:46:20,21:46:50,6772.76,4408.06,Network flood + Disk thrash suspected
server_13,21:46:30,21:47:00,6772.76,1308.8,Possible DDoS
server_13,21:46:40,21:47:10,17313.5,1262.98,Possible DDoS
server_13,21:46:50,21:47:20,17313.5,1262.98,Possible DDoS
server_13,21:47:00,21:47:30,17313.5,102.62,Possible DDoS
server_13,21:47:10,21:47:40,937.52,89.99,
server_13,21:47:20,21:47:50,964.93,7223.25,Disk thrash suspected
server_13,21:47:30,21:48:00,1015.06,7223.25,Disk thrash suspected
server_13,21:47:40,21:48:10,1015.06,7885.41,Disk thrash suspected
server_13,21:47:50,21:48:20,1015.06,7885.41,Disk thrash suspected
server_13,21:48:00,21:48:30,426.18,7885.41,Disk thrash suspected
server_13,21:48:10,21:48:40,426.18,8086.97,Disk thrash suspected
server_13,21:48:20,21:48:50,2600.66,8086.97,Disk thrash suspected
server_13,21:48:30,21:49:00,2600.66,8086.97,Disk thrash suspected
server_13,21:48:40,21:49:10,6305.22,1160.41,Possible DDoS
server_13,21:48:50,21:49:20,6305.22,1384.84,Possible DDoS
server_13,21:49:00,21:49:30,6305.22,1384.84,Possible DDoS
server_13,21:49:10,21:49:40,4993.82,7330.49,Network flood + Disk thrash suspected
server_13,21:49:20,21:49:50,4315.77,7330.49,Network flood + Disk thrash suspected
server_13,21:49:30,21:50:00,9100.9,7330.49,Network flood + Disk thrash suspected
server_13,21:49:40,21:50:10,9100.9,800.81,Possible DDoS
server_13,21:49:50,21:50:20,9100.9,800.81,Possible DDoS
server_13,21:50:00,21:50:30,4903.76,800.81,Possible DDoS
server_13,21:50:10,21:50:40,15105.61,193.14,Possible DDoS
server_13,21:50:20,21:50:50,15105.61,193.14,Possible DDoS
server_13,21:50:30,21:51:00,15105.61,193.14,Possible DDoS
server_13,21:50:40,21:51:10,10095.39,84.27,Possible DDoS
server_13,21:50:50,21:51:20,984.07,119.34,
server_13,21:51:00,21:51:30,984.07,119.34,
server_13,21:51:10,21:51:40,2828.77,642.35,
server_13,21:51:20,21:51:50,2859.49,1546.22,
server_13,21:51:30,21:52:00,18108.67,1546.22,Possible DDoS
server_13,21:51:40,21:52:10,18108.67,1546.22,Possible DDoS
server_13,21:51:50,21:52:20,18108.67,149.1,Possible DDoS
server_13,21:52:00,21:52:30,15740.43,3472.4,Network flood + Disk thrash suspected
server_13,21:52:10,21:52:40,15740.43,3472.4,Network flood + Disk thrash suspected
server_13,21:52:20,21:52:50,14951.7,3472.4,Network flood + Disk thrash suspected
server_13,21:52:30,21:53:00,14951.7,1434.21,Possible DDoS
server_13,21:52:40,21:53:10,18391.98,6887.52,Network flood + Disk thrash suspected
server_13,21:52:50,21:53:20,18391.98,6887.52,Network flood + Disk thrash suspected
server_13,21:53:00,21:53:30,18391.98,9405.92,Network flood + Disk thrash suspected
server_13,21:53:10,21:53:40,13359.82,9405.92,Network flood + Disk thrash suspected
server_13,21:53:20,21:53:50,1335.4,9405.92,Disk thrash suspected
server_13,21:53:30,21:54:00,1335.4,9171.16,Disk thrash suspected
server_13,21:53:40,21:54:10,1335.4,1976.59,
server_13,21:53:50,21:54:20,965.34,63.77,
server_13,21:54:00,21:54:30,18499.64,1549.17,Possible DDoS
server_13,21:54:10,21:54:40,18499.64,1549.17,Possible DDoS
server_13,21:54:20,21:54:50,18499.64,1581.55,Possible DDoS
server_13,21:54:30,21:55:00,1589.62,1581.55,
server_13,21:54:40,21:55:10,1589.62,1581.55,
server_13,21:54:50,21:55:20,2122.91,1922.67,
server_13,21:55:00,21:55:30,2122.91,6952.57,Disk thrash suspected
server_13,21:55:10,21:55:40,2122.91,8664.19,Disk thrash suspected
server_13,21:55:20,21:55:50,997.57,8664.19,Disk thrash suspected
server_13,21:55:30,21:56:00,3439.28,8664.19,Disk thrash suspected
server_13,21:55:40,21:56:10,16234.24,4669.01,Network flood + Disk thrash suspected
server_13,21:55:50,21:56:20,16234.24,1986.31,Possible DDoS
server_13,21:56:00,21:56:30,16234.24,1970.3,Possible DDoS
server_13,21:56:10,21:56:40,5411.19,7473.73,Network flood + Disk thrash suspected
server_13,21:56:20,21:56:50,5411.19,7473.73,Network flood + Disk thrash suspected
server_13,21:56:30,21:57:00,3428.06,7473.73,Disk thrash suspected
server_13,21:56:40,21:57:10,3428.06,502.72,
server_13,21:56:50,21:57:20,3428.06,502.72,
server_13,21:57:00,21:57:30,983.62,158.37,
server_13,21:57:10,21:57:40,983.62,132.41,
server_13,21:57:20,21:57:50,1802.16,1199.48,
server_13,21:57:30,21:58:00,1802.16,1199.48,
server_13,21:57:40,21:58:10,2200.78,1199.48,
server_13,21:57:50,21:58:20,4021.9,1513.25,Possible DDoS
server_13,21:58:00,21:58:30,4021.9,1513.25,Possible DDoS
server_13,21:58:10,21:58:40,17124.19,6162.36,Network flood + Disk thrash suspected
server_13,21:58:20,21:58:50,17124.19,9769.55,Network flood + Disk thrash suspected
server_13,21:58:30,21:59:00,17124.19,9769.55,Network flood + Disk thrash suspected
server_13,21:58:40,21:59:10,3309.11,9769.55,Disk thrash suspected
server_13,21:58:50,21:59:20,3309.11,6535.47,Disk thrash suspected
server_13,21:59:00,21:59:30,3309.11,1073.66,
server_13,21:59:10,21:59:40,2958.17,1073.66,
server_13,21:59:20,21:59:50,749.5,92.0,
server_13,21:59:30,22:00:00,651.84,87.23,
server_13,21:59:40,22:00:10,4786.21,3415.19,Possible DDoS
server_13,21:59:50,22:00:20,4786.21,9337.74,Network flood + Disk thrash suspected
server_13,22:00:00,22:00:30,4786.21,9337.74,Network flood + Disk thrash suspected
server_13,22:00:10,22:00:40,17618.44,9337.74,Network flood + Disk thrash suspected
server_13,22:00:20,22:00:50,17618.44,118.74,Possible DDoS
server_13,22:00:30,22:01:00,17618.44,85.41,Possible DDoS
server_13,22:00:40,22:01:10,1021.53,85.41,
server_13,22:00:50,22:01:20,1021.53,118.02,
server_13,22:01:00,22:01:30,1021.53,5966.05,Disk thrash suspected
server_13,22:01:10,22:01:40,904.43,5966.05,Disk thrash suspected
server_13,22:01:20,22:01:50,1054.67,5966.05,Disk thrash suspected
server_13,22:01:30,22:02:00,8153.68,145.5,Possible DDoS
server_13,22:01:40,22:02:10,8153.68,145.5,Possible DDoS
server_13,22:01:50,22:02:20,8153.68,91.42,Possible DDoS
server_13,22:02:00,22:02:30,4598.8,1997.65,Possible DDoS
server_13,22:02:10,22:02:40,4598.8,9239.95,Network flood + Disk thrash suspected
server_13,22:02:20,22:02:50,10829.77,9239.95,Network flood + Disk thrash suspected
server_13,22:02:30,22:03:00,10829.77,9239.95,Network flood + Disk thrash suspected
server_13,22:02:40,22:03:10,10829.77,146.82,Possible DDoS
server_13,22:02:50,22:03:20,1009.57,3235.39,
server_13,22:03:00,22:03:30,1009.57,3235.39,
server_13,22:03:10,22:03:40,945.25,3235.39,
server_13,22:03:20,22:03:50,16303.47,132.98,Possible DDoS
server_13,22:03:30,22:04:00,16303.47,130.76,Possible DDoS
server_13,22:03:40,22:04:10,16303.47,128.71,Possible DDoS
server_13,22:03:50,22:04:20,6428.03,125.79,Possible DDoS
server_13,22:04:00,22:04:30,13262.66,125.79,Possible DDoS
server_13,22:04:10,22:04:40,13262.66,101.08,Possible DDoS
server_13,22:04:20,22:04:50,13262.66,194.23,Possible DDoS
server_13,22:04:30,22:05:00,14408.09,4487.78,Network flood + Disk thrash suspected
server_13,22:04:40,22:05:10,14408.09,4487.78,Network flood + Disk thrash suspected
server_13,22:04:50,22:05:20,14408.09,4487.78,Network flood + Disk thrash suspected
server_13,22:05:00,22:05:30,4796.07,8767.38,Network flood + Disk thrash suspected
server_13,22:05:10,22:05:40,734.68,8767.38,Disk thrash suspected
server_13,22:05:20,22:05:50,892.2,8767.38,Disk thrash suspected
server_13,22:05:30,22:06:00,946.72,92.45,
server_13,22:05:40,22:06:10,946.72,9815.46,Disk thrash suspected
server_13,22:05:50,22:06:20,946.72,9815.46,Disk thrash suspected
server_13,22:06:00,22:06:30,918.05,9815.46,Disk thrash suspected
server_13,22:06:10,22:06:40,918.05,157.02,
server_13,22:06:20,22:06:50,14350.14,135.58,Possible DDoS
server_13,22:06:30,22:07:00,14350.14,1416.33,Possible DDoS
server_13,22:06:40,22:07:10,14350.14,1416.33,Possible DDoS
server_13,22:06:50,22:07:20,3755.92,1416.33,Possible DDoS
server_13,22:07:00,22:07:30,4655.06,7625.49,Network flood + Disk thrash suspected
server_13,22:07:10,22:07:40,4655.06,7625.49,Network flood + Disk thrash suspected
server_13,22:07:20,22:07:50,4655.06,8675.79,Network flood + Disk thrash suspected
server_13,22:07:30,22:08:00,779.63,8675.79,Disk thrash suspected
server_13,22:07:40,22:08:10,938.54,8675.79,Disk thrash suspected
server_13,22:07:50,22:08:20,938.54,8181.74,Disk thrash suspected
server_13,22:08:00,22:08:30,938.54,8557.86,Disk thrash suspected
server_13,22:08:10,22:08:40,920.63,8557.86,Disk thrash suspected
server_13,22:08:20,22:08:50,916.28,8557.86,Disk thrash suspected
server_13,22:08:30,22:09:00,3362.41,1713.33,
server_13,22:08:40,22:09:10,3362.41,1773.97,
server_13,22:08:50,22:09:20,11819.25,1953.48,Possible DDoS
server_13,22:09:00,22:09:30,11819.25,1953.48,Possible DDoS
server_13,22:09:10,22:09:40,11819.25,1953.48,Possible DDoS
server_13,22:09:20,22:09:50,6278.26,500.82,Possible DDoS
server_13,22:09:30,22:10:00,6278.26,910.8,Possible DDoS
server_13,22:09:40,22:10:10,15971.43,910.8,Possible DDoS
server_13,22:09:50,22:10:20,15971.43,1108.18,Possible DDoS
server_13,22:10:00,22:10:30,15971.43,1108.18,Possible DDoS
server_13,22:10:10,22:10:40,9402.52,1108.18,Possible DDoS
server_13,22:10:20,22:10:50,9402.52,192.4,Possible DDoS
server_13,22:10:30,22:11:00,946.88,87.14,
server_13,22:10:40,22:11:10,868.33,73.05,
server_13,22:10:50,22:11:20,771.07,96.73,
server_13,22:11:00,22:11:30,3840.26,550.67,Possible DDoS
server_13,22:11:10,22:11:40,3840.26,7551.91,Network flood + Disk thrash suspected
server_13,22:11:20,22:11:50,3840.26,7551.91,Network flood + Disk thrash suspected
server_13,22:11:30,22:12:00,10014.76,7551.91,Network flood + Disk thrash suspected
server_13,22:11:40,22:12:10,19761.71,1711.09,Possible DDoS
server_13,22:11:50,22:12:20,19761.71,4148.6,Network flood + Disk thrash suspected
server_13,22:12:00,22:12:30,19761.71,4148.6,Network flood + Disk thrash suspected
server_13,22:12:10,22:12:40,17375.1,4148.6,Network flood + Disk thrash suspected
server_13,22:12:20,22:12:50,17375.1,145.66,Possible DDoS
server_13,22:12:30,22:13:00,17375.1,4069.24,Network flood + Disk thrash suspected
server_13,22:12:40,22:13:10,875.44,4069.24,Disk thrash suspected
server_13,22:12:50,22:13:20,1047.44,4069.24,Disk thrash suspected
server_13,22:13:00,22:13:30,1047.44,6529.49,Disk thrash suspected
server_13,22:13:10,22:13:40,1047.44,6529.49,Disk thrash suspected
server_13,22:13:20,22:13:50,3558.3,6529.49,Network flood + Disk thrash suspected
server_13,22:13:30,22:14:00,3558.3,1383.61,Possible DDoS
server_13,22:13:40,22:14:10,3558.3,1383.61,Possible DDoS
server_13,22:13:50,22:14:20,1027.77,85.28,
server_13,22:14:00,22:14:30,1027.77,103.24,
server_13,22:14:10,22:14:40,992.29,103.24,
server_13,22:14:20,22:14:50,992.29,103.24,
server_13,22:14:30,22:15:00,992.29,9100.27,Disk thrash suspected
server_13,22:14:40,22:15:10,15806.25,9100.27,Network flood + Disk thrash suspected
server_13,22:14:50,22:15:20,15806.25,9100.27,Network flood + Disk thrash suspected
server_13,22:15:00,22:15:30,15806.25,7008.99,Network flood + Disk thrash suspected
server_13,22:15:10,22:15:40,4698.14,7008.99,Network flood + Disk thrash suspected
server_13,22:15:20,22:15:50,4698.14,1344.58,Possible DDoS
server_13,22:15:30,22:16:00,886.3,93.03,
server_13,22:15:40,22:16:10,728.65,43.29,
server_13,22:15:50,22:16:20,16248.9,126.84,Possible DDoS
server_13,22:16:00,22:16:30,16248.9,126.84,Possible DDoS
server_13,22:16:10,22:16:40,16248.9,126.84,Possible DDoS
server_13,22:16:20,22:16:50,19162.7,127.12,Possible DDoS
server_13,22:16:30,22:17:00,19162.7,127.12,Possible DDoS
server_13,22:16:40,22:17:10,19275.63,510.08,Possible DDoS
server_13,22:16:50,22:17:20,19275.63,510.08,Possible DDoS
server_13,22:17:00,22:17:30,19275.63,510.08,Possible DDoS
server_13,22:17:10,22:17:40,16801.53,190.94,Possible DDoS
server_13,22:17:20,22:17:50,924.53,123.48,
server_13,22:17:30,22:18:00,1940.25,1205.15,
server_13,22:17:40,22:18:10,1940.25,1205.15,
server_13,22:17:50,22:18:20,14440.63,1205.15,Possible DDoS
server_13,22:18:00,22:18:30,14440.63,113.81,Possible DDoS
server_13,22:18:10,22:18:40,14440.63,8787.71,Network flood + Disk thrash suspected
server_13,22:18:20,22:18:50,6141.26,8787.71,Network flood + Disk thrash suspected
server_13,22:18:30,22:19:00,1167.98,8787.71,Disk thrash suspected
server_13,22:18:40,22:19:10,932.01,3797.81,Disk thrash suspected
server_13,22:18:50,22:19:20,4201.75,3797.81,Network flood + Disk thrash suspected
server_13,22:19:00,22:19:30,4201.75,1237.2,Possible DDoS
server_13,22:19:10,22:19:40,4201.75,5061.05,Network flood + Disk thrash suspected
server_13,22:19:20,22:19:50,4532.6,5061.05,Network flood + Disk thrash suspected
server_13,22:19:30,22:20:00,8846.21,5061.05,Network flood + Disk thrash suspected
server_13,22:19:40,22:20:10,8846.21,1665.29,Possible DDoS
server_13,22:19:50,22:20:20,8846.21,179.64,Possible DDoS
server_13,22:20:00,22:20:30,658.31,151.13,
server_13,22:20:10,22:20:40,900.06,161.6,
server_13,22:20:20,22:20:50,900.06,161.6,
server_13,22:20:30,22:21:00,918.02,161.6,
server_13,22:20:40,22:21:10,6397.96,178.43,Possible DDoS
server_13,22:20:50,22:21:20,6397.96,178.43,Possible DDoS
server_13,22:21:00,22:21:30,6397.96,178.43,Possible DDoS
server_13,22:21:10,22:21:40,11086.52,93.35,Possible DDoS
server_13,22:21:20,22:21:50,11086.52,1596.13,Possible DDoS
server_13,22:21:30,22:22:00,11086.52,1596.13,Possible DDoS
server_13,22:21:40,22:22:10,4648.14,1596.13,Possible DDoS
server_13,22:21:50,22:22:20,4229.65,1540.38,Possible DDoS
server_13,22:22:00,22:22:30,1362.19,528.83,
server_13,22:22:10,22:22:40,1362.19,528.83,
server_13,22:22:20,22:22:50,17707.37,199.87,Possible DDoS
server_13,22:22:30,22:23:00,17707.37,199.87,Possible DDoS
server_13,22:22:40,22:23:10,19223.04,4120.68,Network flood + Disk thrash suspected
server_13,22:22:50,22:23:20,19223.04,4120.68,Network flood + Disk thrash suspected
server_13,22:23:00,22:23:30,19223.04,4120.68,Network flood + Disk thrash suspected
server_13,22:23:10,22:23:40,13418.96,1997.54,Possible DDoS
server_13,22:23:20,22:23:50,2456.59,1997.54,
server_13,22:23:30,22:24:00,17626.1,1997.54,Possible DDoS
server_13,22:23:40,22:24:10,17626.1,6306.49,Network flood + Disk thrash suspected
server_13,22:23:50,22:24:20,17626.1,6306.49,Network flood + Disk thrash suspected
server_13,22:24:00,22:24:30,16638.57,6306.49,Network flood + Disk thrash suspected
server_13,22:24:10,22:24:40,16638.57,4519.28,Network flood + Disk thrash suspected
server_13,22:24:20,22:24:50,1553.77,4519.28,Disk thrash suspected
server_13,22:24:30,22:25:00,2564.7,1848.6,
server_13,22:24:40,22:25:10,2564.7,1848.6,
server_13,22:24:50,22:25:20,2564.7,1848.6,
server_13,22:25:00,22:25:30,881.59,103.36,
server_13,22:25:10,22:25:40,1018.72,103.36,
server_13,22:25:20,22:25:50,1018.72,103.36,
server_13,22:25:30,22:26:00,4371.07,925.68,Possible DDoS
server_13,22:25:40,22:26:10,4371.07,925.68,Possible DDoS
server_13,22:25:50,22:26:20,4371.07,925.68,Possible DDoS
server_13,22:26:00,22:26:30,1045.07,567.81,
server_13,22:26:10,22:26:40,933.86,119.94,
server_13,22:26:20,22:26:50,15407.49,82.59,Possible DDoS
server_13,22:26:30,22:27:00,15407.49,7477.23,Network flood + Disk thrash suspected
server_13,22:26:40,22:27:10,15407.49,7477.23,Network flood + Disk thrash suspected
server_13,22:26:50,22:27:20,1040.2,7477.23,Disk thrash suspected
server_13,22:27:00,22:27:30,1040.2,79.96,
server_13,22:27:10,22:27:40,2546.25,1524.59,
server_13,22:27:20,22:27:50,2546.25,9178.93,Disk thrash suspected
server_13,22:27:30,22:28:00,5489.77,9178.93,Network flood + Disk thrash suspected
server_13,22:27:40,22:28:10,5489.77,9178.93,Network flood + Disk thrash suspected
server_13,22:27:50,22:28:20,5489.77,1607.08,Possible DDoS
server_13,22:28:00,22:28:30,1020.73,153.68,
server_13,22:28:10,22:28:40,1020.73,153.68,
server_13,22:28:20,22:28:50,1020.73,4500.29,Disk thrash suspected
server_13,22:28:30,22:29:00,610.7,4500.29,Disk thrash suspected
server_13,22:28:40,22:29:10,894.71,4500.29,Disk thrash suspected
server_13,22:28:50,22:29:20,894.71,138.3,
server_13,22:29:00,22:29:30,894.71,138.3,
server_13,22:29:10,22:29:40,11512.8,131.82,Possible DDoS
server_13,22:29:20,22:29:50,11512.8,106.6,Possible DDoS
server_13,22:29:30,22:30:00,11512.8,112.44,Possible DDoS
server_13,22:29:40,22:30:10,982.64,112.44,
server_13,22:29:50,22:30:20,12158.84,134.48,Possible DDoS
server_13,22:30:00,22:30:30,12158.84,134.48,Possible DDoS
server_13,22:30:10,22:30:40,12158.84,524.75,Possible DDoS
server_13,22:30:20,22:30:50,1010.99,8194.49,Disk thrash suspected
server_13,22:30:30,22:31:00,1010.99,8194.49,Disk thrash suspected
server_13,22:30:40,22:31:10,2021.13,8194.49,Disk thrash suspected
server_13,22:30:50,22:31:20,2021.13,587.8,
server_13,22:31:00,22:31:30,2021.13,587.8,
server_13,22:31:10,22:31:40,870.15,100.39,
server_13,22:31:20,22:31:50,870.15,100.39,
server_13,22:31:30,22:32:00,829.5,100.04,
server_13,22:31:40,22:32:10,751.47,71.89,
server_13,22:31:50,22:32:20,843.69,59.79,
server_13,22:32:00,22:32:30,843.69,133.16,
server_13,22:32:10,22:32:40,1065.72,133.16,
server_13,22:32:20,22:32:50,1065.72,133.16,
server_13,22:32:30,22:33:00,1065.72,7599.97,Disk thrash suspected
server_13,22:32:40,22:33:10,929.84,7599.97,Disk thrash suspected
server_13,22:32:50,22:33:20,2215.01,7599.97,Disk thrash suspected
server_13,22:33:00,22:33:30,4481.07,3103.87,Possible DDoS
server_13,22:33:10,22:33:40,4481.07,3836.56,Network flood + Disk thrash suspected
server_13,22:33:20,22:33:50,4481.07,3836.56,Network flood + Disk thrash suspected
server_13,22:33:30,22:34:00,6817.76,3836.56,Network flood + Disk thrash suspected
server_13,22:33:40,22:34:10,11924.04,107.16,Possible DDoS
server_13,22:33:50,22:34:20,11924.04,785.46,Possible DDoS
server_13,22:34:00,22:34:30,11924.04,785.46,Possible DDoS
server_13,22:34:10,22:34:40,19722.52,1613.56,Possible DDoS
server_13,22:34:20,22:34:50,19722.52,1613.56,Possible DDoS
server_13,22:34:30,22:35:00,19722.52,1979.57,Possible DDoS
server_13,22:34:40,22:35:10,4763.32,1979.57,Possible DDoS
server_13,22:34:50,22:35:20,4763.32,1979.57,Possible DDoS
server_13,22:35:00,22:35:30,2698.46,1703.09,
server_13,22:35:10,22:35:40,11322.96,1703.09,Possible DDoS
server_13,22:35:20,22:35:50,11322.96,3534.77,Network flood + Disk thrash suspected
server_13,22:35:30,22:36:00,11322.96,9426.7,Network flood + Disk thrash suspected
server_13,22:35:40,22:36:10,3975.2,9426.7,Network flood + Disk thrash suspected
server_13,22:35:50,22:36:20,3975.2,9426.7,Network flood + Disk thrash suspected
server_13,22:36:00,22:36:30,3960.4,4007.46,Network flood + Disk thrash suspected
server_13,22:36:10,22:36:40,6726.46,3800.29,Network flood + Disk thrash suspected
server_13,22:36:20,22:36:50,17555.47,8178.52,Network flood + Disk thrash suspected
server_13,22:36:30,22:37:00,18128.38,8178.52,Network flood + Disk thrash suspected
server_13,22:36:40,22:37:10,18128.38,8224.87,Network flood + Disk thrash suspected
server_13,22:36:50,22:37:20,18128.38,8224.87,Network flood + Disk thrash suspected
server_13,22:37:00,22:37:30,17747.73,8224.87,Network flood + Disk thrash suspected
server_13,22:37:10,22:37:40,17747.73,1058.57,Possible DDoS
server_13,22:37:20,22:37:50,17747.73,1058.57,Possible DDoS
server_13,22:37:30,22:38:00,3623.41,1058.57,Possible DDoS
server_13,22:37:40,22:38:10,3623.41,979.11,Possible DDoS
server_13,22:37:50,22:38:20,3623.41,979.11,Possible DDoS
server_13,22:38:00,22:38:30,1257.31,864.82,
server_13,22:38:10,22:38:40,1257.31,864.82,
server_13,22:38:20,22:38:50,1257.31,864.82,
server_13,22:38:30,22:39:00,703.09,141.93,
server_13,22:38:40,22:39:10,896.79,9134.59,Disk thrash suspected
server_13,22:38:50,22:39:20,896.79,9134.59,Disk thrash suspected
server_13,22:39:00,22:39:30,3538.94,9134.59,Disk thrash suspected
server_13,22:39:10,22:39:40,5438.37,6041.04,Network flood + Disk thrash suspected
server_13,22:39:20,22:39:50,5438.37,1843.83,Possible DDoS
server_13,22:39:30,22:40:00,5438.37,194.41,Possible DDoS
server_13,22:39:40,22:40:10,1000.54,4599.53,Disk thrash suspected
server_13,22:39:50,22:40:20,4397.72,4599.53,Network flood + Disk thrash suspected
server_13,22:40:00,22:40:30,7980.38,4599.53,Network flood + Disk thrash suspected
server_13,22:40:10,22:40:40,7980.38,1917.86,Possible DDoS
server_13,22:40:20,22:40:50,7980.38,1575.6,Possible DDoS
server_13,22:40:30,22:41:00,4680.41,1575.6,Possible DDoS
server_13,22:40:40,22:41:10,924.61,122.46,
server_13,22:40:50,22:41:20,3568.57,1065.03,Possible DDoS
server_13,22:41:00,22:41:30,4151.59,1495.67,Possible DDoS
server_13,22:41:10,22:41:40,4151.59,1495.67,Possible DDoS
server_13,22:41:20,22:41:50,4151.59,1495.67,Possible DDoS
server_13,22:41:30,22:42:00,938.08,7826.99,Disk thrash suspected
server_13,22:41:40,22:42:10,12301.89,7826.99,Network flood + Disk thrash suspected
server_13,22:41:50,22:42:20,12301.89,7826.99,Network flood + Disk thrash suspected
server_13,22:42:00,22:42:30,12301.89,179.43,Possible DDoS
server_13,22:42:10,22:42:40,893.65,127.83,
server_13,22:42:20,22:42:50,893.65,7621.92,Disk thrash suspected
server_13,22:42:30,22:43:00,11567.64,7621.92,Network flood + Disk thrash suspected
server_13,22:42:40,22:43:10,11567.64,7621.92,Network flood + Disk thrash suspected
server_13,22:42:50,22:43:20,11567.64,96.98,Possible DDoS
server_13,22:43:00,22:43:30,1016.9,96.98,
server_13,22:43:10,22:43:40,16976.63,137.06,Possible DDoS
server_13,22:43:20,22:43:50,16976.63,137.06,Possible DDoS
server_13,22:43:30,22:44:00,16976.63,137.06,Possible DDoS
server_13,22:43:40,22:44:10,616.99,7832.64,Disk thrash suspected
server_13,22:43:50,22:44:20,3215.68,7832.64,Disk thrash suspected
server_13,22:44:00,22:44:30,3215.68,7832.64,Disk thrash suspected
server_13,22:44:10,22:44:40,3215.68,1612.27,
server_13,22:44:20,22:44:50,549.91,6921.14,Disk thrash suspected
server_13,22:44:30,22:45:00,949.31,6921.14,Disk thrash suspected
server_13,22:44:40,22:45:10,9584.82,6921.14,Network flood + Disk thrash suspected
server_13,22:44:50,22:45:20,9584.82,6818.14,Network flood + Disk thrash suspected
server_13,22:45:00,22:45:30,9584.82,6818.14,Network flood + Disk thrash suspected
server_13,22:45:10,22:45:40,1645.16,6818.14,Disk thrash suspected
server_13,22:45:20,22:45:50,1645.16,8077.1,Disk thrash suspected
server_13,22:45:30,22:46:00,882.23,8077.1,Disk thrash suspected
server_13,22:45:40,22:46:10,882.23,8077.1,Disk thrash suspected
server_13,22:45:50,22:46:20,19940.05,99.64,Possible DDoS
server_13,22:46:00,22:46:30,19940.05,8818.42,Network flood + Disk thrash suspected
server_13,22:46:10,22:46:40,19940.05,8818.42,Network flood + Disk thrash suspected
server_13,22:46:20,22:46:50,10032.65,8818.42,Network flood + Disk thrash suspected
server_13,22:46:30,22:47:00,10032.65,3613.76,Network flood + Disk thrash suspected
server_13,22:46:40,22:47:10,872.76,8780.88,Disk thrash suspected
server_13,22:46:50,22:47:20,1510.93,8780.88,Disk thrash suspected
server_13,22:47:00,22:47:30,1510.93,8780.88,Disk thrash suspected
server_13,22:47:10,22:47:40,1510.93,952.62,
server_13,22:47:20,22:47:50,9886.72,222.84,Possible DDoS
server_13,22:47:30,22:48:00,9886.72,100.11,Possible DDoS
server_13,22:47:40,22:48:10,9886.72,8582.08,Network flood + Disk thrash suspected
server_13,22:47:50,22:48:20,5707.69,8582.08,Network flood + Disk thrash suspected
server_13,22:48:00,22:48:30,3360.1,8582.08,Disk thrash suspected
server_13,22:48:10,22:48:40,4130.14,984.41,Possible DDoS
server_13,22:48:20,22:48:50,4130.14,520.12,Possible DDoS
server_13,22:48:30,22:49:00,4130.14,520.12,Possible DDoS
server_13,22:48:40,22:49:10,4512.85,8804.61,Network flood + Disk thrash suspected
server_13,22:48:50,22:49:20,6305.37,8804.61,Network flood + Disk thrash suspected
server_13,22:49:00,22:49:30,6305.37,8804.61,Network flood + Disk thrash suspected
server_13,22:49:10,22:49:40,11702.16,1032.66,Possible DDoS
server_13,22:49:20,22:49:50,11702.16,1032.66,Possible DDoS
server_13,22:49:30,22:50:00,11702.16,191.04,Possible DDoS
server_13,22:49:40,22:50:10,1069.1,175.11,
server_13,22:49:50,22:50:20,1652.41,1435.65,
server_13,22:50:00,22:50:30,1652.41,1435.65,
server_13,22:50:10,22:50:40,1652.41,1435.65,
server_13,22:50:20,22:50:50,11191.24,120.98,Possible DDoS
server_13,22:50:30,22:51:00,11191.24,5520.33,Network flood + Disk thrash suspected
server_13,22:50:40,22:51:10,11191.24,5520.33,Network flood + Disk thrash suspected
server_13,22:50:50,22:51:20,960.25,5520.33,Disk thrash suspected
server_13,22:51:00,22:51:30,7335.12,77.31,Possible DDoS
server_13,22:51:10,22:51:40,15548.68,77.31,Possible DDoS
server_13,22:51:20,22:51:50,15548.68,6995.26,Network flood + Disk thrash suspected
server_13,22:51:30,22:52:00,15548.68,6995.26,Network flood + Disk thrash suspected
server_13,22:51:40,22:52:10,4443.6,6995.26,Network flood + Disk thrash suspected
server_13,22:51:50,22:52:20,4443.6,3290.46,Possible DDoS
server_13,22:52:00,22:52:30,4443.6,1692.93,Possible DDoS
server_13,22:52:10,22:52:40,9355.42,1692.93,Possible DDoS
server_13,22:52:20,22:52:50,19155.14,1692.93,Possible DDoS
server_13,22:52:30,22:53:00,19155.14,188.09,Possible DDoS
server_13,22:52:40,22:53:10,19155.14,188.09,Possible DDoS
server_13,22:52:50,22:53:20,427.75,134.92,
server_14,20:53:00,20:53:30,6796.18,4218.5,Network flood + Disk thrash suspected
server_14,20:53:10,20:53:40,6796.18,4218.5,Network flood + Disk thrash suspected
server_14,20:53:20,20:53:50,6796.18,1669.36,Possible DDoS
server_14,20:53:30,20:54:00,3680.12,8969.38,Network flood + Disk thrash suspected
server_14,20:53:40,20:54:10,2902.73,8969.38,Disk thrash suspected
server_14,20:53:50,20:54:20,943.62,8969.38,Disk thrash suspected
server_14,20:54:00,20:54:30,935.25,7958.76,Disk thrash suspected
server_14,20:54:10,20:54:40,935.25,7958.76,Disk thrash suspected
server_14,20:54:20,20:54:50,935.25,5035.1,Disk thrash suspected
server_14,20:54:30,20:55:00,758.08,5035.1,Disk thrash suspected
server_14,20:54:40,20:55:10,13935.0,5035.1,Network flood + Disk thrash suspected
server_14,20:54:50,20:55:20,19782.77,7959.07,Network flood + Disk thrash suspected
server_14,20:55:00,20:55:30,19782.77,7959.07,Network flood + Disk thrash suspected
server_14,20:55:10,20:55:40,19782.77,7959.07,Network flood + Disk thrash suspected
server_14,20:55:20,20:55:50,993.87,167.51,
server_14,20:55:30,20:56:00,993.87,109.8,
server_14,20:55:40,20:56:10,3128.17,1324.59,
server_14,20:55:50,20:56:20,3128.17,7253.49,Disk thrash suspected
server_14,20:56:00,20:56:30,3128.17,7253.49,Disk thrash suspected
server_14,20:56:10,20:56:40,916.49,7253.49,Disk thrash suspected
server_14,20:56:20,20:56:50,14202.44,167.77,Possible DDoS
server_14,20:56:30,20:57:00,14202.44,6456.4,Network flood + Disk thrash suspected
server_14,20:56:40,20:57:10,15088.9,6456.4,Network flood + Disk thrash suspected
server_14,20:56:50,20:57:20,15088.9,6456.4,Network flood + Disk thrash suspected
server_14,20:57:00,20:57:30,15088.9,4454.58,Network flood + Disk thrash suspected
server_14,20:57:10,20:57:40,11049.52,152.98,Possible DDoS
server_14,20:57:20,20:57:50,1038.36,106.18,
server_14,20:57:30,20:58:00,2792.6,1621.56,
server_14,20:57:40,20:58:10,2792.6,1621.56,
server_14,20:57:50,20:58:20,2792.6,1621.56,
server_14,20:58:00,20:58:30,954.36,131.38,
server_14,20:58:10,20:58:40,951.42,118.29,
server_14,20:58:20,20:58:50,951.42,118.29,
server_14,20:58:30,20:59:00,760.13,125.65,
server_14,20:58:40,20:59:10,517.23,125.65,
server_14,20:58:50,20:59:20,612.05,186.78,
server_14,20:59:00,20:59:30,10664.07,186.78,Possible DDoS
server_14,20:59:10,20:59:40,10664.07,1192.07,Possible DDoS
server_14,20:59:20,20:59:50,10664.07,1192.07,Possible DDoS
server_14,20:59:30,21:00:00,14522.66,1192.07,Possible DDoS
server_14,20:59:40,21:00:10,14522.66,5248.38,Network flood + Disk thrash suspected
server_14,20:59:50,21:00:20,14522.66,5248.38,Network flood + Disk thrash suspected
server_14,21:00:00,21:00:30,608.08,6193.89,Disk thrash suspected
server_14,21:00:10,21:00:40,900.47,6193.89,Disk thrash suspected
server_14,21:00:20,21:00:50,900.47,6193.89,Disk thrash suspected
server_14,21:00:30,21:01:00,1007.36,116.28,
server_14,21:00:40,21:01:10,1007.36,4420.42,Disk thrash suspected
server_14,21:00:50,21:01:20,1007.36,4420.42,Disk thrash suspected
server_14,21:01:00,21:01:30,453.5,4420.42,Disk thrash suspected
server_14,21:01:10,21:01:40,903.67,126.67,
server_14,21:01:20,21:01:50,941.22,111.39,
server_14,21:01:30,21:02:00,941.22,115.08,
server_14,21:01:40,21:02:10,941.22,115.08,
server_14,21:01:50,21:02:20,911.19,115.08,
server_14,21:02:00,21:02:30,3928.26,1211.37,Possible DDoS
server_14,21:02:10,21:02:40,3928.26,1211.37,Possible DDoS
server_14,21:02:20,21:02:50,6082.57,1211.37,Possible DDoS
server_14,21:02:30,21:03:00,6082.57,841.34,Possible DDoS
server_14,21:02:40,21:03:10,6082.57,120.76,Possible DDoS
server_14,21:02:50,21:03:20,909.21,82.83,
server_14,21:03:00,21:03:30,955.67,9061.84,Disk thrash suspected
server_14,21:03:10,21:03:40,955.67,9061.84,Disk thrash suspected
server_14,21:03:20,21:03:50,2847.21,9061.84,Disk thrash suspected
server_14,21:03:30,21:04:00,2847.21,7081.58,Disk thrash suspected
server_14,21:03:40,21:04:10,2847.21,7081.58,Disk thrash suspected
server_14,21:03:50,21:04:20,10751.21,7081.58,Network flood + Disk thrash suspected
server_14,21:04:00,21:04:30,10751.21,130.27,Possible DDoS
server_14,21:04:10,21:04:40,10751.21,130.27,Possible DDoS
server_14,21:04:20,21:04:50,886.54,130.27,
server_14,21:04:30,21:05:00,1057.01,61.14,
server_14,21:04:40,21:05:10,1057.01,123.97,
server_14,21:04:50,21:05:20,10021.77,176.52,Possible DDoS
server_14,21:05:00,21:05:30,10021.77,176.52,Possible DDoS
server_14,21:05:10,21:05:40,14220.9,176.52,Possible DDoS
server_14,21:05:20,21:05:50,14220.9,166.96,Possible DDoS
server_14,21:05:30,21:06:00,14220.9,106.62,Possible DDoS
server_14,21:05:40,21:06:10,938.68,9535.08,Disk thrash suspected
server_14,21:05:50,21:06:20,13610.23,9535.08,Network flood + Disk thrash suspected
server_14,21:06:00,21:06:30,13610.23,9535.08,Network flood + Disk thrash suspected
server_14,21:06:10,21:06:40,13610.23,1003.94,Possible DDoS
server_14,21:06:20,21:06:50,1023.17,100.73,
server_14,21:06:30,21:07:00,949.13,100.73,
server_14,21:06:40,21:07:10,949.13,100.73,
server_14,21:06:50,21:07:20,808.66,76.88,
server_14,21:07:00,21:07:30,9139.86,181.86,Possible DDoS
server_14,21:07:10,21:07:40,9139.86,181.86,Possible DDoS
server_14,21:07:20,21:07:50,9139.86,1647.68,Possible DDoS
server_14,21:07:30,21:08:00,4611.02,1647.68,Possible DDoS
server_14,21:07:40,21:08:10,4611.02,7894.76,Network flood + Disk thrash suspected
server_14,21:07:50,21:08:20,671.11,7894.76,Disk thrash suspected
server_14,21:08:00,21:08:30,671.11,9508.38,Disk thrash suspected
server_14,21:08:10,21:08:40,905.67,9508.38,Disk thrash suspected
server_14,21:08:20,21:08:50,905.67,9508.38,Disk thrash suspected
server_14,21:08:30,21:09:00,15930.8,107.43,Possible DDoS
server_14,21:08:40,21:09:10,15930.8,119.54,Possible DDoS
server_14,21:08:50,21:09:20,15930.8,1052.78,Possible DDoS
server_14,21:09:00,21:09:30,2985.02,7937.98,Disk thrash suspected
server_14,21:09:10,21:09:40,2985.02,9905.08,Disk thrash suspected
server_14,21:09:20,21:09:50,1067.93,9905.08,Disk thrash suspected
server_14,21:09:30,21:10:00,1067.93,9905.08,Disk thrash suspected
server_14,21:09:40,21:10:10,1067.93,102.57,
server_14,21:09:50,21:10:20,966.06,103.43,
server_14,21:10:00,21:10:30,922.46,103.43,
server_14,21:10:10,21:10:40,880.28,103.43,
server_14,21:10:20,21:10:50,880.28,164.56,
server_14,21:10:30,21:11:00,16213.14,164.56,Possible DDoS
server_14,21:10:40,21:11:10,16213.14,1511.82,Possible DDoS
server_14,21:10:50,21:11:20,16213.14,9290.72,Network flood + Disk thrash suspected
server_14,21:11:00,21:11:30,3338.25,9290.72,Disk thrash suspected
server_14,21:11:10,21:11:40,2327.38,9290.72,Disk thrash suspected
server_14,21:11:20,21:11:50,2327.38,1191.88,
server_14,21:11:30,21:12:00,2327.38,1902.64,
server_14,21:11:40,21:12:10,1360.7,1902.64,
server_14,21:11:50,21:12:20,1360.7,1902.64,
server_14,21:12:00,21:12:30,4032.93,1079.59,Possible DDoS
server_14,21:12:10,21:12:40,4032.93,1079.59,Possible DDoS
server_14,21:12:20,21:12:50,4032.93,1079.59,Possible DDoS
server_14,21:12:30,21:13:00,912.71,152.03,
server_14,21:12:40,21:13:10,897.49,7478.85,Disk thrash suspected
server_14,21:12:50,21:13:20,911.99,7478.85,Disk thrash suspected
server_14,21:13:00,21:13:30,911.99,7478.85,Disk thrash suspected
server_14,21:13:10,21:13:40,911.99,157.38,
server_14,21:13:20,21:13:50,756.31,157.38,
server_14,21:13:30,21:14:00,1000.66,174.71,
server_14,21:13:40,21:14:10,13515.83,174.71,Possible DDoS
server_14,21:13:50,21:14:20,13515.83,189.86,Possible DDoS
server_14,21:14:00,21:14:30,13515.83,5308.48,Network flood + Disk thrash suspected
server_14,21:14:10,21:14:40,12371.44,5308.48,Network flood + Disk thrash suspected
server_14,21:14:20,21:14:50,921.9,5308.48,Disk thrash suspected
server_14,21:14:30,21:15:00,921.9,112.95,
server_14,21:14:40,21:15:10,921.9,120.14,
server_14,21:14:50,21:15:20,7210.92,120.14,Possible DDoS
server_14,21:15:00,21:15:30,7210.92,120.14,Possible DDoS
server_14,21:15:10,21:15:40,7210.92,160.48,Possible DDoS
server_14,21:15:20,21:15:50,8150.14,160.48,Possible DDoS
server_14,21:15:30,21:16:00,9758.03,160.48,Possible DDoS
server_14,21:15:40,21:16:10,9758.03,1918.74,Possible DDoS
server_14,21:15:50,21:16:20,9758.03,1918.74,Possible DDoS
server_14,21:16:00,21:16:30,17821.71,1918.74,Possible DDoS
server_14,21:16:10,21:16:40,17821.71,150.68,Possible DDoS
server_14,21:16:20,21:16:50,17821.71,3262.28,Possible DDoS
server_14,21:16:30,21:17:00,8126.13,3535.32,Network flood + Disk thrash suspected
server_14,21:16:40,21:17:10,2761.08,4711.55,Disk thrash suspected
server_14,21:16:50,21:17:20,429.85,4743.57,Disk thrash suspected
server_14,21:17:00,21:17:30,18959.62,4743.57,Network flood + Disk thrash suspected
server_14,21:17:10,21:17:40,18959.62,6366.48,Network flood + Disk thrash suspected
server_14,21:17:20,21:17:50,18959.62,9583.45,Network flood + Disk thrash suspected
server_14,21:17:30,21:18:00,829.44,9583.45,Disk thrash suspected
server_14,21:17:40,21:18:10,931.63,9583.45,Disk thrash suspected
server_14,21:17:50,21:18:20,17076.05,1550.43,Possible DDoS
server_14,21:18:00,21:18:30,17076.05,1550.43,Possible DDoS
server_14,21:18:10,21:18:40,17076.05,1550.43,Possible DDoS
server_14,21:18:20,21:18:50,1036.77,208.07,
server_14,21:18:30,21:19:00,13688.69,208.07,Possible DDoS
server_14,21:18:40,21:19:10,13688.69,1406.28,Possible DDoS
server_14,21:18:50,21:19:20,13688.69,1406.28,Possible DDoS
server_14,21:19:00,21:19:30,1992.46,1406.28,
server_14,21:19:10,21:19:40,711.06,3405.7,
server_14,21:19:20,21:19:50,669.58,3405.7,
server_14,21:19:30,21:20:00,17451.69,3405.7,Possible DDoS
server_14,21:19:40,21:20:10,17451.69,154.57,Possible DDoS
server_14,21:19:50,21:20:20,17451.69,154.57,Possible DDoS
server_14,21:20:00,21:20:30,13183.12,154.57,Possible DDoS
server_14,21:20:10,21:20:40,992.17,121.15,
server_14,21:20:20,21:20:50,992.17,121.03,
server_14,21:20:30,21:21:00,896.99,129.68,
server_14,21:20:40,21:21:10,896.99,129.68,
server_14,21:20:50,21:21:20,755.35,129.68,
server_14,21:21:00,21:21:30,8499.68,156.02,Possible DDoS
server_14,21:21:10,21:21:40,8499.68,7376.34,Network flood + Disk thrash suspected
server_14,21:21:20,21:21:50,8499.68,7376.34,Network flood + Disk thrash suspected
server_14,21:21:30,21:22:00,838.35,7376.34,Disk thrash suspected
server_14,21:21:40,21:22:10,916.99,194.62,
server_14,21:21:50,21:22:20,4740.6,1893.23,Possible DDoS
server_14,21:22:00,21:22:30,4740.6,1893.23,Possible DDoS
server_14,21:22:10,21:22:40,4740.6,1893.23,Possible DDoS
server_14,21:22:20,21:22:50,1031.45,109.08,
server_14,21:22:30,21:23:00,1031.45,169.02,
server_14,21:22:40,21:23:10,1022.58,169.02,
server_14,21:22:50,21:23:20,1475.17,707.44,
server_14,21:23:00,21:23:30,1475.17,707.44,
server_14,21:23:10,21:23:40,19939.84,707.44,Possible DDoS
server_14,21:23:20,21:23:50,19939.84,187.26,Possible DDoS
server_14,21:23:30,21:24:00,19939.84,1656.05,Possible DDoS
server_14,21:23:40,21:24:10,16139.39,1656.05,Possible DDoS
server_14,21:23:50,21:24:20,2557.22,6401.98,Disk thrash suspected
server_14,21:24:00,21:24:30,9463.64,6401.98,Network flood + Disk thrash suspected
server_14,21:24:10,21:24:40,9463.64,6401.98,Network flood + Disk thrash suspected
server_14,21:24:20,21:24:50,9463.64,1464.63,Possible DDoS
server_14,21:24:30,21:25:00,1690.96,8252.0,Disk thrash suspected
server_14,21:24:40,21:25:10,730.1,8252.0,Disk thrash suspected
server_14,21:24:50,21:25:20,730.1,8252.0,Disk thrash suspected
server_14,21:25:00,21:25:30,695.43,93.91,
server_14,21:25:10,21:25:40,695.43,3550.04,Disk thrash suspected
server_14,21:25:20,21:25:50,862.06,3550.04,Disk thrash suspected
server_14,21:25:30,21:26:00,2950.18,3550.04,Disk thrash suspected
server_14,21:25:40,21:26:10,2950.18,1287.52,
server_14,21:25:50,21:26:20,3748.58,1287.52,Possible DDoS
server_14,21:26:00,21:26:30,3748.58,645.57,Possible DDoS
server_14,21:26:10,21:26:40,3748.58,645.57,Possible DDoS
server_14,21:26:20,21:26:50,979.16,7217.79,Disk thrash suspected
server_14,21:26:30,21:27:00,979.16,7217.79,Disk thrash suspected
server_14,21:26:40,21:27:10,887.79,7217.79,Disk thrash suspected
server_14,21:26:50,21:27:20,883.06,6613.58,Disk thrash suspected
server_14,21:27:00,21:27:30,1025.75,1853.23,
server_14,21:27:10,21:27:40,1025.75,1853.23,
server_14,21:27:20,21:27:50,1025.75,1853.23,
server_14,21:27:30,21:28:00,963.96,62.85,
server_14,21:27:40,21:28:10,4633.79,1860.2,Possible DDoS
server_14,21:27:50,21:28:20,4633.79,1860.2,Possible DDoS
server_14,21:28:00,21:28:30,4633.79,1860.2,Possible DDoS
server_14,21:28:10,21:28:40,941.48,125.07,
server_14,21:28:20,21:28:50,871.25,143.53,
server_14,21:28:30,21:29:00,871.25,143.53,
server_14,21:28:40,21:29:10,863.53,143.53,
server_14,21:28:50,21:29:20,11193.31,72.81,Possible DDoS
server_14,21:29:00,21:29:30,16923.93,179.87,Possible DDoS
server_14,21:29:10,21:29:40,16923.93,179.87,Possible DDoS
server_14,21:29:20,21:29:50,16923.93,5958.45,Network flood + Disk thrash suspected
server_14,21:29:30,21:30:00,16819.65,6342.9,Network flood + Disk thrash suspected
server_14,21:29:40,21:30:10,16819.65,6342.9,Network flood + Disk thrash suspected
server_14,21:29:50,21:30:20,16819.65,6342.9,Network flood + Disk thrash suspected
server_14,21:30:00,21:30:30,3925.76,1715.54,Possible DDoS
server_14,21:30:10,21:30:40,920.23,123.1,
server_14,21:30:20,21:30:50,871.17,123.1,
server_14,21:30:30,21:31:00,871.17,3973.73,Disk thrash suspected
server_14,21:30:40,21:31:10,1222.06,3973.73,Disk thrash suspected
server_14,21:30:50,21:31:20,1222.06,3973.73,Disk thrash suspected
server_14,21:31:00,21:31:30,11705.0,1872.86,Possible DDoS
server_14,21:31:10,21:31:40,11705.0,1011.62,Possible DDoS
server_14,21:31:20,21:31:50,14395.96,1011.62,Possible DDoS
server_14,21:31:30,21:32:00,14395.96,102.32,Possible DDoS
server_14,21:31:40,21:32:10,14395.96,103.76,Possible DDoS
server_14,21:31:50,21:32:20,19079.86,129.52,Possible DDoS
server_14,21:32:00,21:32:30,19079.86,1063.06,Possible DDoS
server_14,21:32:10,21:32:40,19079.86,1063.06,Possible DDoS
server_14,21:32:20,21:32:50,2096.1,1063.06,
server_14,21:32:30,21:33:00,876.83,6625.09,Disk thrash suspected
server_14,21:32:40,21:33:10,4379.18,6625.09,Network flood + Disk thrash suspected
server_14,21:32:50,21:33:20,4379.18,6625.09,Network flood + Disk thrash suspected
server_14,21:33:00,21:33:30,4379.18,3314.25,Possible DDoS
server_14,21:33:10,21:33:40,944.7,3314.25,
server_14,21:33:20,21:33:50,2493.58,9685.17,Disk thrash suspected
server_14,21:33:30,21:34:00,2493.58,9685.17,Disk thrash suspected
server_14,21:33:40,21:34:10,2493.58,9685.17,Disk thrash suspected
server_14,21:33:50,21:34:20,576.21,129.64,
server_14,21:34:00,21:34:30,8117.63,104.28,Possible DDoS
server_14,21:34:10,21:34:40,8117.63,56.64,Possible DDoS
server_14,21:34:20,21:34:50,8117.63,56.64,Possible DDoS
server_14,21:34:30,21:35:00,3250.09,523.91,
server_14,21:34:40,21:35:10,4009.26,1112.01,Possible DDoS
server_14,21:34:50,21:35:20,4009.26,1112.01,Possible DDoS
server_14,21:35:00,21:35:30,4009.26,1112.01,Possible DDoS
server_14,21:35:10,21:35:40,916.66,73.92,
server_14,21:35:20,21:35:50,659.52,3564.0,Disk thrash suspected
server_14,21:35:30,21:36:00,659.52,3564.0,Disk thrash suspected
server_14,21:35:40,21:36:10,6839.71,3564.0,Network flood + Disk thrash suspected
server_14,21:35:50,21:36:20,6839.71,95.37,Possible DDoS
server_14,21:36:00,21:36:30,6839.71,5925.76,Network flood + Disk thrash suspected
server_14,21:36:10,21:36:40,1079.4,5925.76,Disk thrash suspected
server_14,21:36:20,21:36:50,16243.57,5925.76,Network flood + Disk thrash suspected
server_14,21:36:30,21:37:00,16243.57,1817.93,Possible DDoS
server_14,21:36:40,21:37:10,16243.57,1817.93,Possible DDoS
server_14,21:36:50,21:37:20,2794.27,1817.93,
server_14,21:37:00,21:37:30,815.81,143.52,
server_14,21:37:10,21:37:40,878.15,3215.78,
server_14,21:37:20,21:37:50,14249.72,3215.78,Possible DDoS
server_14,21:37:30,21:38:00,14249.72,3215.78,Possible DDoS
server_14,21:37:40,21:38:10,14249.72,1910.82,Possible DDoS
server_14,21:37:50,21:38:20,4478.17,1910.82,Possible DDoS
server_14,21:38:00,21:38:30,10885.49,608.5,Possible DDoS
server_14,21:38:10,21:38:40,10885.49,608.5,Possible DDoS
server_14,21:38:20,21:38:50,10885.49,608.5,Possible DDoS
server_14,21:38:30,21:39:00,4200.09,511.98,Possible DDoS
server_14,21:38:40,21:39:10,4200.09,511.98,Possible DDoS
server_14,21:38:50,21:39:20,971.97,104.37,
server_14,21:39:00,21:39:30,7594.51,121.11,Possible DDoS
server_14,21:39:10,21:39:40,7594.51,121.11,Possible DDoS
server_14,21:39:20,21:39:50,7594.51,121.11,Possible DDoS
server_14,21:39:30,21:40:00,914.55,120.35,
server_14,21:39:40,21:40:10,3421.72,1664.41,
server_14,21:39:50,21:40:20,3421.72,1664.41,
server_14,21:40:00,21:40:30,3421.72,7313.52,Disk thrash suspected
server_14,21:40:10,21:40:40,4534.98,7313.52,Network flood + Disk thrash suspected
server_14,21:40:20,21:40:50,4534.98,7313.52,Network flood + Disk thrash suspected
server_14,21:40:30,21:41:00,6760.26,6985.49,Network flood + Disk thrash suspected
server_14,21:40:40,21:41:10,6760.26,5385.74,Network flood + Disk thrash suspected
server_14,21:40:50,21:41:20,6760.26,104.9,Possible DDoS
server_14,21:41:00,21:41:30,894.06,137.28,
server_14,21:41:10,21:41:40,3244.57,1468.06,
server_14,21:41:20,21:41:50,3244.57,1468.06,
server_14,21:41:30,21:42:00,3244.57,1468.06,
server_14,21:41:40,21:42:10,3090.52,7864.99,Disk thrash suspected
server_14,21:41:50,21:42:20,3090.52,7864.99,Disk thrash suspected
server_14,21:42:00,21:42:30,11779.35,7864.99,Network flood + Disk thrash suspected
server_14,21:42:10,21:42:40,11779.35,1577.77,Possible DDoS
server_14,21:42:20,21:42:50,11779.35,1577.77,Possible DDoS
server_14,21:42:30,21:43:00,2197.9,5945.86,Disk thrash suspected
server_14,21:42:40,21:43:10,2197.9,5945.86,Disk thrash suspected
server_14,21:42:50,21:43:20,18885.43,5945.86,Network flood + Disk thrash suspected
server_14,21:43:00,21:43:30,18885.43,1153.98,Possible DDoS
server_14,21:43:10,21:43:40,18885.43,1153.98,Possible DDoS
server_14,21:43:20,21:43:50,11186.47,1153.98,Possible DDoS
server_14,21:43:30,21:44:00,11186.47,104.14,Possible DDoS
server_14,21:43:40,21:44:10,835.85,7916.5,Disk thrash suspected
server_14,21:43:50,21:44:20,835.85,7916.5,Disk thrash suspected
server_14,21:44:00,21:44:30,473.56,8655.15,Disk thrash suspected
server_14,21:44:10,21:44:40,4512.76,8655.15,Network flood + Disk thrash suspected
server_14,21:44:20,21:44:50,4512.76,8655.15,Network flood + Disk thrash suspected
server_14,21:44:30,21:45:00,4512.76,1609.68,Possible DDoS
server_14,21:44:40,21:45:10,4491.34,9946.31,Network flood + Disk thrash suspected
server_14,21:44:50,21:45:20,9890.66,9946.31,Network flood + Disk thrash suspected
server_14,21:45:00,21:45:30,9890.66,9946.31,Network flood + Disk thrash suspected
server_14,21:45:10,21:45:40,9890.66,4270.64,Network flood + Disk thrash suspected
server_14,21:45:20,21:45:50,2769.86,4270.64,Disk thrash suspected
server_14,21:45:30,21:46:00,15092.48,4270.64,Network flood + Disk thrash suspected
server_14,21:45:40,21:46:10,15092.48,1305.12,Possible DDoS
server_14,21:45:50,21:46:20,19382.98,86.29,Possible DDoS
server_14,21:46:00,21:46:30,19382.98,86.29,Possible DDoS
server_14,21:46:10,21:46:40,19382.98,86.29,Possible DDoS
server_14,21:46:20,21:46:50,17240.7,179.27,Possible DDoS
server_14,21:46:30,21:47:00,11595.37,1615.12,Possible DDoS
server_14,21:46:40,21:47:10,18793.46,1615.12,Possible DDoS
server_14,21:46:50,21:47:20,18793.46,1615.12,Possible DDoS
server_14,21:47:00,21:47:30,18793.46,193.84,Possible DDoS
server_14,21:47:10,21:47:40,7744.57,193.84,Possible DDoS
server_14,21:47:20,21:47:50,15647.9,197.63,Possible DDoS
server_14,21:47:30,21:48:00,15647.9,197.63,Possible DDoS
server_14,21:47:40,21:48:10,15647.9,5910.57,Network flood + Disk thrash suspected
server_14,21:47:50,21:48:20,892.88,5910.57,Disk thrash suspected
server_14,21:48:00,21:48:30,892.88,5910.57,Disk thrash suspected
server_14,21:48:10,21:48:40,13507.31,177.62,Possible DDoS
server_14,21:48:20,21:48:50,13507.31,6099.69,Network flood + Disk thrash suspected
server_14,21:48:30,21:49:00,13507.31,6099.69,Network flood + Disk thrash suspected
server_14,21:48:40,21:49:10,865.83,6099.69,Disk thrash suspected
server_14,21:48:50,21:49:20,865.83,8993.99,Disk thrash suspected
server_14,21:49:00,21:49:30,865.83,8993.99,Disk thrash suspected
server_14,21:49:10,21:49:40,4869.78,9219.61,Network flood + Disk thrash suspected
server_14,21:49:20,21:49:50,4869.78,9219.61,Network flood + Disk thrash suspected
server_14,21:49:30,21:50:00,4869.78,9219.61,Network flood + Disk thrash suspected
server_14,21:49:40,21:50:10,2130.75,1401.15,
server_14,21:49:50,21:50:20,944.51,144.94,
server_14,21:50:00,21:50:30,944.51,144.94,
server_14,21:50:10,21:50:40,944.51,7848.62,Disk thrash suspected
server_14,21:50:20,21:50:50,1008.3,7848.62,Disk thrash suspected
server_14,21:50:30,21:51:00,1008.3,7848.62,Disk thrash suspected
server_14,21:50:40,21:51:10,15814.06,5477.85,Network flood + Disk thrash suspected
server_14,21:50:50,21:51:20,15814.06,5477.85,Network flood + Disk thrash suspected
server_14,21:51:00,21:51:30,15814.06,8081.6,Network flood + Disk thrash suspected
server_14,21:51:10,21:51:40,5493.81,8081.6,Network flood + Disk thrash suspected
server_14,21:51:20,21:51:50,5493.81,8081.6,Network flood + Disk thrash suspected
server_14,21:51:30,21:52:00,12657.4,73.05,Possible DDoS
server_14,21:51:40,21:52:10,12657.4,510.17,Possible DDoS
server_14,21:51:50,21:52:20,12657.4,1848.21,Possible DDoS
server_14,21:52:00,21:52:30,3828.44,1848.21,Possible DDoS
server_14,21:52:10,21:52:40,3086.38,1848.21,
server_14,21:52:20,21:52:50,2458.02,1402.72,
server_14,21:52:30,21:53:00,6139.46,186.48,Possible DDoS
server_14,21:52:40,21:53:10,7867.46,186.48,Possible DDoS
server_14,21:52:50,21:53:20,7867.46,3877.48,Network flood + Disk thrash suspected
server_14,21:53:00,21:53:30,7867.46,3877.48,Network flood + Disk thrash suspected
server_14,21:53:10,21:53:40,4666.82,3877.48,Network flood + Disk thrash suspected
server_14,21:53:20,21:53:50,4666.82,1685.79,Possible DDoS
server_14,21:53:30,21:54:00,9807.6,1971.25,Possible DDoS
server_14,21:53:40,21:54:10,9807.6,1971.25,Possible DDoS
server_14,21:53:50,21:54:20,9807.6,1971.25,Possible DDoS
server_14,21:54:00,21:54:30,893.08,92.79,
server_14,21:54:10,21:54:40,1082.73,88.63,
server_14,21:54:20,21:54:50,2930.94,530.77,
server_14,21:54:30,21:55:00,11995.09,530.77,Possible DDoS
server_14,21:54:40,21:55:10,11995.09,530.77,Possible DDoS
server_14,21:54:50,21:55:20,11995.09,168.56,Possible DDoS
server_14,21:55:00,21:55:30,8168.95,168.56,Possible DDoS
server_14,21:55:10,21:55:40,8168.95,168.56,Possible DDoS
server_14,21:55:20,21:55:50,8168.95,138.4,Possible DDoS
server_14,21:55:30,21:56:00,899.31,3864.34,Disk thrash suspected
server_14,21:55:40,21:56:10,899.31,3864.34,Disk thrash suspected
server_14,21:55:50,21:56:20,892.82,9042.14,Disk thrash suspected
server_14,21:56:00,21:56:30,892.82,9042.14,Disk thrash suspected
server_14,21:56:10,21:56:40,848.1,9042.14,Disk thrash suspected
server_14,21:56:20,21:56:50,848.1,6007.93,Disk thrash suspected
server_14,21:56:30,21:57:00,758.48,6007.93,Disk thrash suspected
server_14,21:56:40,21:57:10,758.48,3432.49,
server_14,21:56:50,21:57:20,3351.05,3432.49,
server_14,21:57:00,21:57:30,3351.05,1540.23,
server_14,21:57:10,21:57:40,3351.05,1540.23,
server_14,21:57:20,21:57:50,1018.34,133.84,
server_14,21:57:30,21:58:00,3130.19,6003.58,Disk thrash suspected
server_14,21:57:40,21:58:10,3130.19,6003.58,Disk thrash suspected
server_14,21:57:50,21:58:20,3130.19,6003.58,Disk thrash suspected
server_14,21:58:00,21:58:30,1043.87,89.73,
server_14,21:58:10,21:58:40,10927.83,199.13,Possible DDoS
server_14,21:58:20,21:58:50,10927.83,8928.01,Network flood + Disk thrash suspected
server_14,21:58:30,21:59:00,10927.83,8928.01,Network flood + Disk thrash suspected
server_14,21:58:40,21:59:10,931.15,8928.01,Disk thrash suspected
server_14,21:58:50,21:59:20,958.02,4235.52,Disk thrash suspected
server_14,21:59:00,21:59:30,958.02,104.55,
server_14,21:59:10,21:59:40,958.02,104.55,
server_14,21:59:20,21:59:50,14072.86,112.91,Possible DDoS
server_14,21:59:30,22:00:00,14072.86,112.91,Possible DDoS
server_14,21:59:40,22:00:10,14072.86,112.91,Possible DDoS
server_14,21:59:50,22:00:20,9539.62,9146.46,Network flood + Disk thrash suspected
server_14,22:00:00,22:00:30,9539.62,9146.46,Network flood + Disk thrash suspected
server_14,22:00:10,22:00:40,9539.62,9146.46,Network flood + Disk thrash suspected
server_14,22:00:20,22:00:50,4262.88,1993.43,Possible DDoS
server_14,22:00:30,22:01:00,4262.88,9049.15,Network flood + Disk thrash suspected
server_14,22:00:40,22:01:10,4262.88,9049.15,Network flood + Disk thrash suspected
server_14,22:00:50,22:01:20,8950.2,9049.15,Network flood + Disk thrash suspected
server_14,22:01:00,22:01:30,8950.2,180.12,Possible DDoS
server_14,22:01:10,22:01:40,8950.2,180.12,Possible DDoS
server_14,22:01:20,22:01:50,488.4,96.58,
server_14,22:01:30,22:02:00,675.09,116.73,
server_14,22:01:40,22:02:10,986.73,116.73,
server_14,22:01:50,22:02:20,986.73,123.54,
server_14,22:02:00,22:02:30,986.73,123.54,
server_14,22:02:10,22:02:40,998.95,123.54,
server_14,22:02:20,22:02:50,998.95,121.06,
server_14,22:02:30,22:03:00,17239.32,121.06,Possible DDoS
server_14,22:02:40,22:03:10,17239.32,121.06,Possible DDoS
server_14,22:02:50,22:03:20,17239.32,78.93,Possible DDoS
server_14,22:03:00,22:03:30,977.23,134.04,
server_14,22:03:10,22:03:40,977.23,5156.49,Disk thrash suspected
server_14,22:03:20,22:03:50,924.84,5156.49,Disk thrash suspected
server_14,22:03:30,22:04:00,924.84,5156.49,Disk thrash suspected
server_14,22:03:40,22:04:10,5522.96,111.81,Possible DDoS
server_14,22:03:50,22:04:20,17009.11,1966.75,Possible DDoS
server_14,22:04:00,22:04:30,17009.11,7214.95,Network flood + Disk thrash suspected
server_14,22:04:10,22:04:40,17009.11,7214.95,Network flood + Disk thrash suspected
server_14,22:04:20,22:04:50,10995.8,7214.95,Network flood + Disk thrash suspected
server_14,22:04:30,22:05:00,3258.71,1520.89,
server_14,22:04:40,22:05:10,3258.71,3902.83,Disk thrash suspected
server_14,22:04:50,22:05:20,3258.71,3902.83,Disk thrash suspected
server_14,22:05:00,22:05:30,1931.99,3902.83,Disk thrash suspected
server_14,22:05:10,22:05:40,1931.99,1122.94,
server_14,22:05:20,22:05:50,4817.53,1122.94,Possible DDoS
server_14,22:05:30,22:06:00,4918.97,935.97,Possible DDoS
server_14,22:05:40,22:06:10,4918.97,935.97,Possible DDoS
server_14,22:05:50,22:06:20,4918.97,935.97,Possible DDoS
server_14,22:06:00,22:06:30,3122.14,1875.45,
server_14,22:06:10,22:06:40,4811.84,1875.45,Possible DDoS
server_14,22:06:20,22:06:50,4811.84,1875.45,Possible DDoS
server_14,22:06:30,22:07:00,5474.2,520.68,Possible DDoS
server_14,22:06:40,22:07:10,5474.2,79.02,Possible DDoS
server_14,22:06:50,22:07:20,15685.59,184.57,Possible DDoS
server_14,22:07:00,22:07:30,15685.59,184.57,Possible DDoS
server_14,22:07:10,22:07:40,15685.59,184.57,Possible DDoS
server_14,22:07:20,22:07:50,10005.98,183.36,Possible DDoS
server_14,22:07:30,22:08:00,10005.98,183.36,Possible DDoS
server_14,22:07:40,22:08:10,868.0,109.13,
server_14,22:07:50,22:08:20,3730.86,3877.62,Network flood + Disk thrash suspected
server_14,22:08:00,22:08:30,3730.86,3877.62,Network flood + Disk thrash suspected
server_14,22:08:10,22:08:40,3730.86,3877.62,Network flood + Disk thrash suspected
server_14,22:08:20,22:08:50,851.13,106.39,
server_14,22:08:30,22:09:00,753.47,106.39,
server_14,22:08:40,22:09:10,753.47,106.39,
server_14,22:08:50,22:09:20,13764.31,88.69,Possible DDoS
server_14,22:09:00,22:09:30,13764.31,3289.41,Possible DDoS
server_14,22:09:10,22:09:40,13764.31,3289.41,Possible DDoS
server_14,22:09:20,22:09:50,876.73,3289.41,
server_14,22:09:30,22:10:00,876.73,112.14,
server_14,22:09:40,22:10:10,876.73,112.14,
server_14,22:09:50,22:10:20,7006.57,163.63,Possible DDoS
server_14,22:10:00,22:10:30,7006.57,163.63,Possible DDoS
server_14,22:10:10,22:10:40,7006.57,163.63,Possible DDoS
server_14,22:10:20,22:10:50,938.53,96.05,
server_14,22:10:30,22:11:00,938.53,6848.49,Disk thrash suspected
server_14,22:10:40,22:11:10,938.53,6848.49,Disk thrash suspected
server_14,22:10:50,22:11:20,890.28,6848.49,Disk thrash suspected
server_14,22:11:00,22:11:30,866.68,95.61,
server_14,22:11:10,22:11:40,866.68,95.61,
server_14,22:11:20,22:11:50,575.78,159.86,
server_14,22:11:30,22:12:00,620.49,8926.07,Disk thrash suspected
server_14,22:11:40,22:12:10,861.27,8926.07,Disk thrash suspected
server_14,22:11:50,22:12:20,886.52,8926.07,Disk thrash suspected
server_14,22:12:00,22:12:30,1031.03,166.59,
server_14,22:12:10,22:12:40,1031.03,166.59,
server_14,22:12:20,22:12:50,2846.98,1958.98,
server_14,22:12:30,22:13:00,2846.98,1958.98,
server_14,22:12:40,22:13:10,2846.98,5999.06,Disk thrash suspected
server_14,22:12:50,22:13:20,16275.03,5999.06,Network flood + Disk thrash suspected
server_14,22:13:00,22:13:30,16275.03,5999.06,Network flood + Disk thrash suspected
server_14,22:13:10,22:13:40,16275.03,968.73,Possible DDoS
server_14,22:13:20,22:13:50,4542.47,1129.57,Possible DDoS
server_14,22:13:30,22:14:00,4980.15,1770.37,Possible DDoS
server_14,22:13:40,22:14:10,4980.15,1770.37,Possible DDoS
server_14,22:13:50,22:14:20,4980.15,1770.37,Possible DDoS
server_14,22:14:00,22:14:30,5224.12,136.19,Possible DDoS
server_14,22:14:10,22:14:40,5224.12,9582.34,Network flood + Disk thrash suspected
server_14,22:14:20,22:14:50,16961.23,9582.34,Network flood + Disk thrash suspected
server_14,22:14:30,22:15:00,16961.23,9582.34,Network flood + Disk thrash suspected
server_14,22:14:40,22:15:10,16961.23,1435.03,Possible DDoS
server_14,22:14:50,22:15:20,4023.06,1435.03,Possible DDoS
server_14,22:15:00,22:15:30,4023.06,1435.03,Possible DDoS
server_14,22:15:10,22:15:40,863.82,118.79,
server_14,22:15:20,22:15:50,863.82,118.79,
server_14,22:15:30,22:16:00,863.82,118.79,
server_14,22:15:40,22:16:10,976.81,106.02,
server_14,22:15:50,22:16:20,976.81,118.33,
server_14,22:16:00,22:16:30,1515.5,1595.0,
server_14,22:16:10,22:16:40,10510.23,1595.0,Possible DDoS
server_14,22:16:20,22:16:50,10510.23,1595.0,Possible DDoS
server_14,22:16:30,22:17:00,10510.23,113.26,Possible DDoS
server_14,22:16:40,22:17:10,895.41,133.93,
server_14,22:16:50,22:17:20,1932.26,1641.97,
server_14,22:17:00,22:17:30,1932.26,1641.97,
server_14,22:17:10,22:17:40,1932.26,1641.97,
server_14,22:17:20,22:17:50,995.24,9652.22,Disk thrash suspected
server_14,22:17:30,22:18:00,963.99,9652.22,Disk thrash suspected
server_14,22:17:40,22:18:10,963.99,9652.22,Disk thrash suspected
server_14,22:17:50,22:18:20,963.99,94.16,
server_14,22:18:00,22:18:30,2991.73,562.33,
server_14,22:18:10,22:18:40,13854.48,562.33,Possible DDoS
server_14,22:18:20,22:18:50,13854.48,562.33,Possible DDoS
server_14,22:18:30,22:19:00,13854.48,117.74,Possible DDoS
server_14,22:18:40,22:19:10,10834.08,1513.19,Possible DDoS
server_14,22:18:50,22:19:20,10551.12,1513.19,Possible DDoS
server_14,22:19:00,22:19:30,1005.15,1513.19,
server_14,22:19:10,22:19:40,952.21,132.19,
server_14,22:19:20,22:19:50,8204.41,132.19,Possible DDoS
server_14,22:19:30,22:20:00,8204.41,1885.37,Possible DDoS
server_14,22:19:40,22:20:10,8204.41,1885.37,Possible DDoS
server_14,22:19:50,22:20:20,2838.86,1885.37,
server_14,22:20:00,22:20:30,7567.69,159.23,Possible DDoS
server_14,22:20:10,22:20:40,7567.69,5993.81,Network flood + Disk thrash suspected
server_14,22:20:20,22:20:50,7567.69,5993.81,Network flood + Disk thrash suspected
server_14,22:20:30,22:21:00,15903.18,5993.81,Network flood + Disk thrash suspected
server_14,22:20:40,22:21:10,15903.18,114.42,Possible DDoS
server_14,22:20:50,22:21:20,15903.18,126.83,Possible DDoS
server_14,22:21:00,22:21:30,4098.55,1997.19,Possible DDoS
server_14,22:21:10,22:21:40,17409.71,1997.19,Possible DDoS
server_14,22:21:20,22:21:50,17409.71,1997.19,Possible DDoS
server_14,22:21:30,22:22:00,17409.71,128.99,Possible DDoS
server_14,22:21:40,22:22:10,9471.37,157.2,Possible DDoS
server_14,22:21:50,22:22:20,9471.37,4937.61,Network flood + Disk thrash suspected
server_14,22:22:00,22:22:30,9471.37,4937.61,Network flood + Disk thrash suspected
server_14,22:22:10,22:22:40,1380.84,4937.61,Disk thrash suspected
server_14,22:22:20,22:22:50,1380.84,1722.24,
server_14,22:22:30,22:23:00,13019.83,113.14,Possible DDoS
server_14,22:22:40,22:23:10,13019.83,92.23,Possible DDoS
server_14,22:22:50,22:23:20,13019.83,174.28,Possible DDoS
server_14,22:23:00,22:23:30,8784.64,3618.72,Network flood + Disk thrash suspected
server_14,22:23:10,22:23:40,8784.64,3618.72,Network flood + Disk thrash suspected
server_14,22:23:20,22:23:50,7441.32,3618.72,Network flood + Disk thrash suspected
server_14,22:23:30,22:24:00,7441.32,160.35,Possible DDoS
server_14,22:23:40,22:24:10,7441.32,160.35,Possible DDoS
server_14,22:23:50,22:24:20,992.51,160.35,
server_14,22:24:00,22:24:30,2702.99,667.39,
server_14,22:24:10,22:24:40,2702.99,667.39,
server_14,22:24:20,22:24:50,2702.99,667.39,
server_14,22:24:30,22:25:00,12908.82,155.51,Possible DDoS
server_14,22:24:40,22:25:10,12908.82,817.49,Possible DDoS
server_14,22:24:50,22:25:20,12908.82,817.49,Possible DDoS
server_14,22:25:00,22:25:30,4441.09,817.49,Possible DDoS
server_14,22:25:10,22:25:40,4441.09,7301.14,Network flood + Disk thrash suspected
server_14,22:25:20,22:25:50,1184.0,7301.14,Disk thrash suspected
server_14,22:25:30,22:26:00,17096.04,7301.14,Network flood + Disk thrash suspected
server_14,22:25:40,22:26:10,17096.04,171.41,Possible DDoS
server_14,22:25:50,22:26:20,17096.04,171.41,Possible DDoS
server_14,22:26:00,22:26:30,12570.72,114.95,Possible DDoS
server_14,22:26:10,22:26:40,15234.92,3557.13,Network flood + Disk thrash suspected
server_14,22:26:20,22:26:50,15234.92,7208.65,Network flood + Disk thrash suspected
server_14,22:26:30,22:27:00,15234.92,7208.65,Network flood + Disk thrash suspected
server_14,22:26:40,22:27:10,960.66,7208.65,Disk thrash suspected
server_14,22:26:50,22:27:20,4354.38,1400.17,Possible DDoS
server_14,22:27:00,22:27:30,4354.38,1400.17,Possible DDoS
server_14,22:27:10,22:27:40,4354.38,1400.17,Possible DDoS
server_14,22:27:20,22:27:50,937.29,120.88,
server_14,22:27:30,22:28:00,937.29,120.88,
server_14,22:27:40,22:28:10,3121.58,6781.0,Disk thrash suspected
server_14,22:27:50,22:28:20,16362.96,6781.0,Network flood + Disk thrash suspected
server_14,22:28:00,22:28:30,16362.96,6781.0,Network flood + Disk thrash suspected
server_14,22:28:10,22:28:40,17201.44,154.19,Possible DDoS
server_14,22:28:20,22:28:50,17201.44,146.33,Possible DDoS
server_14,22:28:30,22:29:00,17201.44,146.33,Possible DDoS
server_14,22:28:40,22:29:10,935.07,154.71,
server_14,22:28:50,22:29:20,935.07,154.71,
server_14,22:29:00,22:29:30,3473.11,1612.2,
server_14,22:29:10,22:29:40,3473.11,4533.56,Disk thrash suspected
server_14,22:29:20,22:29:50,3473.11,4533.56,Disk thrash suspected
server_14,22:29:30,22:30:00,11804.17,4533.56,Network flood + Disk thrash suspected
server_14,22:29:40,22:30:10,11804.17,114.39,Possible DDoS
server_14,22:29:50,22:30:20,11804.17,117.97,Possible DDoS
server_14,22:30:00,22:30:30,6936.97,1030.1,Possible DDoS
server_14,22:30:10,22:30:40,6936.97,1419.76,Possible DDoS
server_14,22:30:20,22:30:50,19461.66,3599.08,Network flood + Disk thrash suspected
server_14,22:30:30,22:31:00,19461.66,3599.08,Network flood + Disk thrash suspected
server_14,22:30:40,22:31:10,19461.66,3599.08,Network flood + Disk thrash suspected
server_14,22:30:50,22:31:20,994.4,136.08,
server_14,22:31:00,22:31:30,994.4,169.82,
server_14,22:31:10,22:31:40,3356.71,1404.14,
server_14,22:31:20,22:31:50,3356.71,1404.14,
server_14,22:31:30,22:32:00,3356.71,1404.14,
server_14,22:31:40,22:32:10,951.65,92.09,
server_14,22:31:50,22:32:20,13015.91,92.09,Possible DDoS
server_14,22:32:00,22:32:30,13015.91,1440.87,Possible DDoS
server_14,22:32:10,22:32:40,13015.91,1440.87,Possible DDoS
server_14,22:32:20,22:32:50,9101.95,1440.87,Possible DDoS
server_14,22:32:30,22:33:00,9570.52,9083.15,Network flood + Disk thrash suspected
server_14,22:32:40,22:33:10,9570.52,9083.15,Network flood + Disk thrash suspected
server_14,22:32:50,22:33:20,9570.52,9083.15,Network flood + Disk thrash suspected
server_14,22:33:00,22:33:30,867.76,161.37,
server_14,22:33:10,22:33:40,2654.08,1372.9,
server_14,22:33:20,22:33:50,2654.08,1372.9,
server_14,22:33:30,22:34:00,2654.08,1372.9,
server_14,22:33:40,22:34:10,1744.88,3984.81,Disk thrash suspected
server_14,22:33:50,22:34:20,1744.88,3984.81,Disk thrash suspected
server_14,22:34:00,22:34:30,13869.8,3984.81,Network flood + Disk thrash suspected
server_14,22:34:10,22:34:40,13869.8,1335.72,Possible DDoS
server_14,22:34:20,22:34:50,13869.8,1711.38,Possible DDoS
server_14,22:34:30,22:35:00,4690.56,1711.38,Possible DDoS
server_14,22:34:40,22:35:10,4690.56,1711.38,Possible DDoS
server_14,22:34:50,22:35:20,658.82,148.15,
server_14,22:35:00,22:35:30,658.82,124.92,
server_14,22:35:10,22:35:40,504.05,74.53,
server_14,22:35:20,22:35:50,858.86,84.73,
server_14,22:35:30,22:36:00,2094.64,1832.22,
server_14,22:35:40,22:36:10,2094.64,1832.22,
server_14,22:35:50,22:36:20,2094.64,1832.22,
server_14,22:36:00,22:36:30,17990.75,150.66,Possible DDoS
server_14,22:36:10,22:36:40,17990.75,150.66,Possible DDoS
server_14,22:36:20,22:36:50,17990.75,146.82,Possible DDoS
server_14,22:36:30,22:37:00,970.55,155.16,
server_14,22:36:40,22:37:10,3502.81,1134.07,
server_14,22:36:50,22:37:20,3502.81,1134.07,
server_14,22:37:00,22:37:30,3502.81,1356.71,
server_14,22:37:10,22:37:40,5164.99,1356.71,Possible DDoS
server_14,22:37:20,22:37:50,5164.99,1356.71,Possible DDoS
server_14,22:37:30,22:38:00,19311.03,1347.87,Possible DDoS
server_14,22:37:40,22:38:10,19311.03,121.69,Possible DDoS
server_14,22:37:50,22:38:20,19311.03,146.66,Possible DDoS
server_14,22:38:00,22:38:30,941.39,197.11,
server_14,22:38:10,22:38:40,5290.09,197.11,Possible DDoS
server_14,22:38:20,22:38:50,5687.1,197.11,Possible DDoS
server_14,22:38:30,22:39:00,5687.1,192.56,Possible DDoS
server_14,22:38:40,22:39:10,12551.93,97.0,Possible DDoS
server_14,22:38:50,22:39:20,19738.83,148.9,Possible DDoS
server_14,22:39:00,22:39:30,19738.83,6258.39,Network flood + Disk thrash suspected
server_14,22:39:10,22:39:40,19738.83,6258.39,Network flood + Disk thrash suspected
server_14,22:39:20,22:39:50,2819.59,6258.39,Disk thrash suspected
server_14,22:39:30,22:40:00,13970.11,5937.92,Network flood + Disk thrash suspected
server_14,22:39:40,22:40:10,13970.11,9634.08,Network flood + Disk thrash suspected
server_14,22:39:50,22:40:20,13970.11,9634.08,Network flood + Disk thrash suspected
server_14,22:40:00,22:40:30,1058.64,9634.08,Disk thrash suspected
server_14,22:40:10,22:40:40,1058.64,159.75,
server_14,22:40:20,22:40:50,19828.33,159.75,Possible DDoS
server_14,22:40:30,22:41:00,19828.33,3592.18,Network flood + Disk thrash suspected
server_14,22:40:40,22:41:10,19828.33,3592.18,Network flood + Disk thrash suspected
server_14,22:40:50,22:41:20,19198.75,3592.18,Network flood + Disk thrash suspected
server_14,22:41:00,22:41:30,19198.75,198.01,Possible DDoS
server_14,22:41:10,22:41:40,4443.81,1881.15,Possible DDoS
server_14,22:41:20,22:41:50,10597.74,1881.15,Possible DDoS
server_14,22:41:30,22:42:00,10597.74,1881.15,Possible DDoS
server_14,22:41:40,22:42:10,10597.74,1436.13,Possible DDoS
server_14,22:41:50,22:42:20,1261.74,4506.58,Disk thrash suspected
server_14,22:42:00,22:42:30,1261.74,4506.58,Disk thrash suspected
server_14,22:42:10,22:42:40,1729.62,4506.58,Disk thrash suspected
server_14,22:42:20,22:42:50,1729.62,3892.36,Disk thrash suspected
server_14,22:42:30,22:43:00,1729.62,1226.85,
server_14,22:42:40,22:43:10,1033.75,3028.99,
server_14,22:42:50,22:43:20,1033.75,3028.99,
server_14,22:43:00,22:43:30,965.62,3028.99,
server_14,22:43:10,22:43:40,17285.56,6788.23,Network flood + Disk thrash suspected
server_14,22:43:20,22:43:50,17285.56,6788.23,Network flood + Disk thrash suspected
server_14,22:43:30,22:44:00,17285.56,6788.23,Network flood + Disk thrash suspected
server_14,22:43:40,22:44:10,940.37,6698.92,Disk thrash suspected
server_14,22:43:50,22:44:20,940.37,6698.92,Disk thrash suspected
server_14,22:44:00,22:44:30,864.24,140.97,
server_14,22:44:10,22:44:40,5452.73,198.93,Possible DDoS
server_14,22:44:20,22:44:50,5452.73,198.93,Possible DDoS
server_14,22:44:30,22:45:00,5452.73,1097.35,Possible DDoS
server_14,22:44:40,22:45:10,3021.63,1097.35,
server_14,22:44:50,22:45:20,3471.36,1107.51,
server_14,22:45:00,22:45:30,3471.36,6924.41,Disk thrash suspected
server_14,22:45:10,22:45:40,3471.36,6924.41,Disk thrash suspected
server_14,22:45:20,22:45:50,890.49,6924.41,Disk thrash suspected
server_14,22:45:30,22:46:00,18087.61,3826.66,Network flood + Disk thrash suspected
server_14,22:45:40,22:46:10,18087.61,3826.66,Network flood + Disk thrash suspected
server_14,22:45:50,22:46:20,18087.61,3826.66,Network flood + Disk thrash suspected
server_14,22:46:00,22:46:30,938.02,4548.45,Disk thrash suspected
server_14,22:46:10,22:46:40,966.78,4548.45,Disk thrash suspected
server_14,22:46:20,22:46:50,966.78,6112.92,Disk thrash suspected
server_14,22:46:30,22:47:00,11574.89,6112.92,Network flood + Disk thrash suspected
server_14,22:46:40,22:47:10,11574.89,9975.17,Network flood + Disk thrash suspected
server_14,22:46:50,22:47:20,11574.89,9975.17,Network flood + Disk thrash suspected
server_14,22:47:00,22:47:30,3997.21,9975.17,Network flood + Disk thrash suspected
server_14,22:47:10,22:47:40,910.37,167.93,
server_14,22:47:20,22:47:50,910.37,167.93,
server_14,22:47:30,22:48:00,787.59,68.74,
server_14,22:47:40,22:48:10,1487.5,644.61,
server_14,22:47:50,22:48:20,1487.5,644.61,
server_14,22:48:00,22:48:30,1487.5,644.61,
server_14,22:48:10,22:48:40,18157.4,131.47,Possible DDoS
server_14,22:48:20,22:48:50,18157.4,131.47,Possible DDoS
server_14,22:48:30,22:49:00,18157.4,215.24,Possible DDoS
server_14,22:48:40,22:49:10,17090.72,215.24,Possible DDoS
server_14,22:48:50,22:49:20,17090.72,215.24,Possible DDoS
server_14,22:49:00,22:49:30,17090.72,160.31,Possible DDoS
server_14,22:49:10,22:49:40,9986.95,160.31,Possible DDoS
server_14,22:49:20,22:49:50,9986.95,1095.84,Possible DDoS
server_14,22:49:30,22:50:00,1563.45,1095.84,
server_14,22:49:40,22:50:10,1563.45,1095.84,
server_14,22:49:50,22:50:20,1710.96,1569.65,
server_14,22:50:00,22:50:30,1710.96,1569.65,
server_14,22:50:10,22:50:40,1710.96,1569.65,
server_14,22:50:20,22:50:50,985.59,113.87,
server_14,22:50:30,22:51:00,985.59,7141.93,Disk thrash suspected
server_14,22:50:40,22:51:10,10888.47,7141.93,Network flood + Disk thrash suspected
server_14,22:50:50,22:51:20,10888.47,7141.93,Network flood + Disk thrash suspected
server_14,22:51:00,22:51:30,10888.47,204.8,Possible DDoS
server_14,22:51:10,22:51:40,607.08,204.8,
server_14,22:51:20,22:51:50,17210.57,183.05,Possible DDoS
server_14,22:51:30,22:52:00,17210.57,183.05,Possible DDoS
server_14,22:51:40,22:52:10,17210.57,6811.96,Network flood + Disk thrash suspected
server_14,22:51:50,22:52:20,8350.51,6811.96,Network flood + Disk thrash suspected
server_14,22:52:00,22:52:30,5154.63,6811.96,Network flood + Disk thrash suspected
server_14,22:52:10,22:52:40,5154.63,1647.32,Possible DDoS
server_14,22:52:20,22:52:50,4751.67,6105.25,Network flood + Disk thrash suspected
server_14,22:52:30,22:53:00,4751.67,6105.25,Network flood + Disk thrash suspected
server_14,22:52:40,22:53:10,438.31,6105.25,Disk thrash suspected
server_14,22:52:50,22:53:20,438.31,18.07,
server_15,20:53:00,20:53:30,8422.3,6872.65,Network flood + Disk thrash suspected
server_15,20:53:10,20:53:40,3853.11,6872.65,Network flood + Disk thrash suspected
server_15,20:53:20,20:53:50,3853.11,7528.88,Network flood + Disk thrash suspected
server_15,20:53:30,20:54:00,3853.11,7528.88,Network flood + Disk thrash suspected
server_15,20:53:40,20:54:10,4647.83,7528.88,Network flood + Disk thrash suspected
server_15,20:53:50,20:54:20,4647.83,1601.35,Possible DDoS
server_15,20:54:00,20:54:30,6142.28,1601.35,Possible DDoS
server_15,20:54:10,20:54:40,6142.28,4296.32,Network flood + Disk thrash suspected
server_15,20:54:20,20:54:50,6142.28,4296.32,Network flood + Disk thrash suspected
server_15,20:54:30,20:55:00,12800.21,4296.32,Network flood + Disk thrash suspected
server_15,20:54:40,20:55:10,12800.21,999.8,Possible DDoS
server_15,20:54:50,20:55:20,12800.21,999.8,Possible DDoS
server_15,20:55:00,20:55:30,15162.49,112.96,Possible DDoS
server_15,20:55:10,20:55:40,15162.49,111.96,Possible DDoS
server_15,20:55:20,20:55:50,15162.49,71.32,Possible DDoS
server_15,20:55:30,20:56:00,3744.98,1691.44,Possible DDoS
server_15,20:55:40,20:56:10,3744.98,1691.44,Possible DDoS
server_15,20:55:50,20:56:20,3744.98,8427.37,Network flood + Disk thrash suspected
server_15,20:56:00,20:56:30,14595.35,8427.37,Network flood + Disk thrash suspected
server_15,20:56:10,20:56:40,14595.35,8427.37,Network flood + Disk thrash suspected
server_15,20:56:20,20:56:50,14595.35,4172.31,Network flood + Disk thrash suspected
server_15,20:56:30,20:57:00,14254.6,4172.31,Network flood + Disk thrash suspected
server_15,20:56:40,20:57:10,14254.6,955.95,Possible DDoS
server_15,20:56:50,20:57:20,14254.6,183.59,Possible DDoS
server_15,20:57:00,20:57:30,7645.88,155.63,Possible DDoS
server_15,20:57:10,20:57:40,7645.88,155.63,Possible DDoS
server_15,20:57:20,20:57:50,7645.88,177.88,Possible DDoS
server_15,20:57:30,20:58:00,12970.72,177.88,Possible DDoS
server_15,20:57:40,20:58:10,12970.72,177.88,Possible DDoS
server_15,20:57:50,20:58:20,12970.72,671.54,Possible DDoS
server_15,20:58:00,20:58:30,4942.16,1954.24,Possible DDoS
server_15,20:58:10,20:58:40,4942.16,1954.24,Possible DDoS
server_15,20:58:20,20:58:50,4942.16,1954.24,Possible DDoS
server_15,20:58:30,20:59:00,955.27,147.61,
server_15,20:58:40,20:59:10,955.27,8050.13,Disk thrash suspected
server_15,20:58:50,20:59:20,931.81,8050.13,Disk thrash suspected
server_15,20:59:00,20:59:30,17290.26,8050.13,Network flood + Disk thrash suspected
server_15,20:59:10,20:59:40,17290.26,3656.79,Network flood + Disk thrash suspected
server_15,20:59:20,20:59:50,17290.26,9255.2,Network flood + Disk thrash suspected
server_15,20:59:30,21:00:00,2220.89,9255.2,Disk thrash suspected
server_15,20:59:40,21:00:10,7108.65,9255.2,Network flood + Disk thrash suspected
server_15,20:59:50,21:00:20,12245.14,7205.11,Network flood + Disk thrash suspected
server_15,21:00:00,21:00:30,12245.14,1989.83,Possible DDoS
server_15,21:00:10,21:00:40,12245.14,7625.37,Network flood + Disk thrash suspected
server_15,21:00:20,21:00:50,13584.28,7625.37,Network flood + Disk thrash suspected
server_15,21:00:30,21:01:00,19340.97,7625.37,Network flood + Disk thrash suspected
server_15,21:00:40,21:01:10,19394.01,8323.82,Network flood + Disk thrash suspected
server_15,21:00:50,21:01:20,19394.01,8323.82,Network flood + Disk thrash suspected
server_15,21:01:00,21:01:30,19394.01,8323.82,Network flood + Disk thrash suspected
server_15,21:01:10,21:01:40,6810.3,3875.43,Network flood + Disk thrash suspected
server_15,21:01:20,21:01:50,16820.9,3875.43,Network flood + Disk thrash suspected
server_15,21:01:30,21:02:00,16820.9,3875.43,Network flood + Disk thrash suspected
server_15,21:01:40,21:02:10,16820.9,7159.72,Network flood + Disk thrash suspected
server_15,21:01:50,21:02:20,829.29,7159.72,Disk thrash suspected
server_15,21:02:00,21:02:30,874.7,7159.72,Disk thrash suspected
server_15,21:02:10,21:02:40,874.7,7501.55,Disk thrash suspected
server_15,21:02:20,21:02:50,7999.53,7501.55,Network flood + Disk thrash suspected
server_15,21:02:30,21:03:00,7999.53,7501.55,Network flood + Disk thrash suspected
server_15,21:02:40,21:03:10,7999.53,9987.71,Network flood + Disk thrash suspected
server_15,21:02:50,21:03:20,510.1,9987.71,Disk thrash suspected
server_15,21:03:00,21:03:30,648.16,9987.71,Disk thrash suspected
server_15,21:03:10,21:03:40,648.16,118.42,
server_15,21:03:20,21:03:50,648.16,4411.7,Disk thrash suspected
server_15,21:03:30,21:04:00,989.68,4411.7,Disk thrash suspected
server_15,21:03:40,21:04:10,989.68,4411.7,Disk thrash suspected
server_15,21:03:50,21:04:20,989.68,83.57,
server_15,21:04:00,21:04:30,908.7,87.25,
server_15,21:04:10,21:04:40,996.38,87.25,
server_15,21:04:20,21:04:50,996.38,87.25,
server_15,21:04:30,21:05:00,996.38,4778.16,Disk thrash suspected
server_15,21:04:40,21:05:10,911.05,4778.16,Disk thrash suspected
server_15,21:04:50,21:05:20,911.05,9024.57,Disk thrash suspected
server_15,21:05:00,21:05:30,911.05,9024.57,Disk thrash suspected
server_15,21:05:10,21:05:40,833.98,9024.57,Disk thrash suspected
server_15,21:05:20,21:05:50,846.3,7676.8,Disk thrash suspected
server_15,21:05:30,21:06:00,846.3,7676.8,Disk thrash suspected
server_15,21:05:40,21:06:10,6158.4,3295.69,Possible DDoS
server_15,21:05:50,21:06:20,6158.4,820.63,Possible DDoS
server_15,21:06:00,21:06:30,6158.4,820.63,Possible DDoS
server_15,21:06:10,21:06:40,4882.58,1426.69,Possible DDoS
server_15,21:06:20,21:06:50,4882.58,1426.69,Possible DDoS
server_15,21:06:30,21:07:00,4882.58,1816.76,Possible DDoS
server_15,21:06:40,21:07:10,1073.74,1816.76,
server_15,21:06:50,21:07:20,1073.74,8206.29,Disk thrash suspected
server_15,21:07:00,21:07:30,1033.66,8206.29,Disk thrash suspected
server_15,21:07:10,21:07:40,15964.57,8206.29,Network flood + Disk thrash suspected
server_15,21:07:20,21:07:50,15964.57,5541.35,Network flood + Disk thrash suspected
server_15,21:07:30,21:08:00,15964.57,5541.35,Network flood + Disk thrash suspected
server_15,21:07:40,21:08:10,1666.63,5541.35,Disk thrash suspected
server_15,21:07:50,21:08:20,1666.63,894.94,
server_15,21:08:00,21:08:30,1015.68,127.42,
server_15,21:08:10,21:08:40,1033.33,128.08,
server_15,21:08:20,21:08:50,1033.33,128.08,
server_15,21:08:30,21:09:00,1033.33,128.08,
server_15,21:08:40,21:09:10,846.58,71.18,
server_15,21:08:50,21:09:20,846.58,3561.46,Disk thrash suspected
server_15,21:09:00,21:09:30,846.58,3561.46,Disk thrash suspected
server_15,21:09:10,21:09:40,1228.51,3561.46,Disk thrash suspected
server_15,21:09:20,21:09:50,5231.76,1108.31,Possible DDoS
server_15,21:09:30,21:10:00,5231.76,1108.31,Possible DDoS
server_15,21:09:40,21:10:10,5231.76,7137.32,Network flood + Disk thrash suspected
server_15,21:09:50,21:10:20,1741.67,7137.32,Disk thrash suspected
server_15,21:10:00,21:10:30,1741.67,7137.32,Disk thrash suspected
server_15,21:10:10,21:10:40,1741.67,859.87,
server_15,21:10:20,21:10:50,912.18,111.06,
server_15,21:10:30,21:11:00,3789.17,1294.96,Possible DDoS
server_15,21:10:40,21:11:10,3789.17,1294.96,Possible DDoS
server_15,21:10:50,21:11:20,19451.94,1294.96,Possible DDoS
server_15,21:11:00,21:11:30,19451.94,81.7,Possible DDoS
server_15,21:11:10,21:11:40,19451.94,1182.06,Possible DDoS
server_15,21:11:20,21:11:50,11562.16,1182.06,Possible DDoS
server_15,21:11:30,21:12:00,11562.16,1182.06,Possible DDoS
server_15,21:11:40,21:12:10,13560.68,1467.22,Possible DDoS
server_15,21:11:50,21:12:20,18298.68,1467.22,Possible DDoS
server_15,21:12:00,21:12:30,18298.68,1467.22,Possible DDoS
server_15,21:12:10,21:12:40,18298.68,9223.58,Network flood + Disk thrash suspected
server_15,21:12:20,21:12:50,957.61,9223.58,Disk thrash suspected
server_15,21:12:30,21:13:00,951.62,9223.58,Disk thrash suspected
server_15,21:12:40,21:13:10,3591.93,6360.35,Network flood + Disk thrash suspected
server_15,21:12:50,21:13:20,8704.5,6360.35,Network flood + Disk thrash suspected
server_15,21:13:00,21:13:30,8704.5,3361.51,Possible DDoS
server_15,21:13:10,21:13:40,8704.5,83.46,Possible DDoS
server_15,21:13:20,21:13:50,19775.57,195.36,Possible DDoS
server_15,21:13:30,21:14:00,19775.57,195.36,Possible DDoS
server_15,21:13:40,21:14:10,19775.57,195.36,Possible DDoS
server_15,21:13:50,21:14:20,917.58,3680.16,Disk thrash suspected
server_15,21:14:00,21:14:30,18056.5,3680.16,Network flood + Disk thrash suspected
server_15,21:14:10,21:14:40,18056.5,3680.16,Network flood + Disk thrash suspected
server_15,21:14:20,21:14:50,18331.12,138.57,Possible DDoS
server_15,21:14:30,21:15:00,18331.12,1091.01,Possible DDoS
server_15,21:14:40,21:15:10,18331.12,1982.3,Possible DDoS
server_15,21:14:50,21:15:20,3779.67,1982.3,Possible DDoS
server_15,21:15:00,21:15:30,4204.52,1982.3,Possible DDoS
server_15,21:15:10,21:15:40,4204.52,1850.07,Possible DDoS
server_15,21:15:20,21:15:50,4204.52,1850.07,Possible DDoS
server_15,21:15:30,21:16:00,759.39,72.44,
server_15,21:15:40,21:16:10,780.15,8384.49,Disk thrash suspected
server_15,21:15:50,21:16:20,780.15,9516.53,Disk thrash suspected
server_15,21:16:00,21:16:30,780.15,9516.53,Disk thrash suspected
server_15,21:16:10,21:16:40,4467.81,9516.53,Network flood + Disk thrash suspected
server_15,21:16:20,21:16:50,13948.96,8194.45,Network flood + Disk thrash suspected
server_15,21:16:30,21:17:00,13948.96,3505.04,Network flood + Disk thrash suspected
server_15,21:16:40,21:17:10,13948.96,3505.04,Network flood + Disk thrash suspected
server_15,21:16:50,21:17:20,1011.58,112.49,
server_15,21:17:00,21:17:30,983.74,4771.65,Disk thrash suspected
server_15,21:17:10,21:17:40,983.74,7691.9,Disk thrash suspected
server_15,21:17:20,21:17:50,916.52,7691.9,Disk thrash suspected
server_15,21:17:30,21:18:00,15341.15,7691.9,Network flood + Disk thrash suspected
server_15,21:17:40,21:18:10,15341.15,4332.52,Network flood + Disk thrash suspected
server_15,21:17:50,21:18:20,15341.15,6528.99,Network flood + Disk thrash suspected
server_15,21:18:00,21:18:30,902.2,6528.99,Disk thrash suspected
server_15,21:18:10,21:18:40,934.01,6528.99,Disk thrash suspected
server_15,21:18:20,21:18:50,2005.83,4233.82,Disk thrash suspected
server_15,21:18:30,21:19:00,2005.83,4233.82,Disk thrash suspected
server_15,21:18:40,21:19:10,2005.83,1683.35,
server_15,21:18:50,21:19:20,918.79,119.44,
server_15,21:19:00,21:19:30,1965.54,1127.89,
server_15,21:19:10,21:19:40,9863.83,1127.89,Possible DDoS
server_15,21:19:20,21:19:50,9863.83,1127.89,Possible DDoS
server_15,21:19:30,21:20:00,9863.83,138.03,Possible DDoS
server_15,21:19:40,21:20:10,967.66,138.03,
server_15,21:19:50,21:20:20,16601.32,184.32,Possible DDoS
server_15,21:20:00,21:20:30,16601.32,7056.54,Network flood + Disk thrash suspected
server_15,21:20:10,21:20:40,16601.32,7056.54,Network flood + Disk thrash suspected
server_15,21:20:20,21:20:50,977.94,7056.54,Disk thrash suspected
server_15,21:20:30,21:21:00,977.94,125.67,
server_15,21:20:40,21:21:10,977.94,173.33,
server_15,21:20:50,21:21:20,598.45,173.33,
server_15,21:21:00,21:21:30,775.9,173.33,
server_15,21:21:10,21:21:40,1015.91,9295.87,Disk thrash suspected
server_15,21:21:20,21:21:50,1015.91,9295.87,Disk thrash suspected
server_15,21:21:30,21:22:00,2899.82,9295.87,Disk thrash suspected
server_15,21:21:40,21:22:10,2899.82,1951.9,
server_15,21:21:50,21:22:20,2899.82,1951.9,
server_15,21:22:00,21:22:30,938.44,3940.69,Disk thrash suspected
server_15,21:22:10,21:22:40,2696.27,3940.69,Disk thrash suspected
server_15,21:22:20,21:22:50,2696.27,3940.69,Disk thrash suspected
server_15,21:22:30,21:23:00,2696.27,1214.02,
server_15,21:22:40,21:23:10,1036.65,149.18,
server_15,21:22:50,21:23:20,5655.7,179.54,Possible DDoS
server_15,21:23:00,21:23:30,5655.7,1145.4,Possible DDoS
server_15,21:23:10,21:23:40,5655.7,3151.61,Possible DDoS
server_15,21:23:20,21:23:50,3491.02,3151.61,
server_15,21:23:30,21:24:00,4593.73,3151.61,Possible DDoS
server_15,21:23:40,21:24:10,4593.73,1869.47,Possible DDoS
server_15,21:23:50,21:24:20,10630.9,5662.08,Network flood + Disk thrash suspected
server_15,21:24:00,21:24:30,10630.9,5662.08,Network flood + Disk thrash suspected
server_15,21:24:10,21:24:40,10630.9,7168.45,Network flood + Disk thrash suspected
server_15,21:24:20,21:24:50,564.99,7168.45,Disk thrash suspected
server_15,21:24:30,21:25:00,5594.08,7168.45,Network flood + Disk thrash suspected
server_15,21:24:40,21:25:10,5594.08,3475.8,Network flood + Disk thrash suspected
server_15,21:24:50,21:25:20,5594.08,4710.34,Network flood + Disk thrash suspected
server_15,21:25:00,21:25:30,1003.91,4710.34,Disk thrash suspected
server_15,21:25:10,21:25:40,1003.91,4710.34,Disk thrash suspected
server_15,21:25:20,21:25:50,4883.97,1956.73,Possible DDoS
server_15,21:25:30,21:26:00,4883.97,1956.73,Possible DDoS
server_15,21:25:40,21:26:10,13568.6,1956.73,Possible DDoS
server_15,21:25:50,21:26:20,13568.6,1985.71,Possible DDoS
server_15,21:26:00,21:26:30,16456.39,1985.71,Possible DDoS
server_15,21:26:10,21:26:40,16456.39,1985.71,Possible DDoS
server_15,21:26:20,21:26:50,16456.39,756.16,Possible DDoS
server_15,21:26:30,21:27:00,7095.59,756.16,Possible DDoS
server_15,21:26:40,21:27:10,4093.93,1252.97,Possible DDoS
server_15,21:26:50,21:27:20,4093.93,1252.97,Possible DDoS
server_15,21:27:00,21:27:30,4093.93,5724.7,Network flood + Disk thrash suspected
server_15,21:27:10,21:27:40,19680.67,5724.7,Network flood + Disk thrash suspected
server_15,21:27:20,21:27:50,19680.67,5724.7,Network flood + Disk thrash suspected
server_15,21:27:30,21:28:00,19680.67,130.43,Possible DDoS
server_15,21:27:40,21:28:10,4794.54,1743.89,Possible DDoS
server_15,21:27:50,21:28:20,4794.54,1743.89,Possible DDoS
server_15,21:28:00,21:28:30,4794.54,1743.89,Possible DDoS
server_15,21:28:10,21:28:40,819.89,132.65,
server_15,21:28:20,21:28:50,819.89,159.2,
server_15,21:28:30,21:29:00,8553.15,159.2,Possible DDoS
server_15,21:28:40,21:29:10,8553.15,159.2,Possible DDoS
server_15,21:28:50,21:29:20,8553.15,5082.14,Network flood + Disk thrash suspected
server_15,21:29:00,21:29:30,2556.08,9432.83,Disk thrash suspected
server_15,21:29:10,21:29:40,2556.08,9432.83,Disk thrash suspected
server_15,21:29:20,21:29:50,1183.49,9432.83,Disk thrash suspected
server_15,21:29:30,21:30:00,1183.49,4738.68,Disk thrash suspected
server_15,21:29:40,21:30:10,2639.42,1441.76,
server_15,21:29:50,21:30:20,2639.42,6200.79,Disk thrash suspected
server_15,21:30:00,21:30:30,2639.42,6200.79,Disk thrash suspected
server_15,21:30:10,21:30:40,737.5,6455.74,Disk thrash suspected
server_15,21:30:20,21:30:50,4548.71,6455.74,Network flood + Disk thrash suspected
server_15,21:30:30,21:31:00,4548.71,6455.74,Network flood + Disk thrash suspected
server_15,21:30:40,21:31:10,4548.71,1100.4,Possible DDoS
server_15,21:30:50,21:31:20,4112.63,8889.49,Network flood + Disk thrash suspected
server_15,21:31:00,21:31:30,8234.37,8889.49,Network flood + Disk thrash suspected
server_15,21:31:10,21:31:40,8234.37,8889.49,Network flood + Disk thrash suspected
server_15,21:31:20,21:31:50,8234.37,1971.76,Possible DDoS
server_15,21:31:30,21:32:00,4316.84,1971.76,Possible DDoS
server_15,21:31:40,21:32:10,2116.26,1971.76,
server_15,21:31:50,21:32:20,996.17,107.01,
server_15,21:32:00,21:32:30,851.22,3727.11,Disk thrash suspected
server_15,21:32:10,21:32:40,4962.59,3727.11,Network flood + Disk thrash suspected
server_15,21:32:20,21:32:50,4962.59,3727.11,Network flood + Disk thrash suspected
server_15,21:32:30,21:33:00,4962.59,1129.5,Possible DDoS
server_15,21:32:40,21:33:10,3929.61,4536.35,Network flood + Disk thrash suspected
server_15,21:32:50,21:33:20,1007.61,9990.24,Disk thrash suspected
server_15,21:33:00,21:33:30,898.22,9990.24,Disk thrash suspected
server_15,21:33:10,21:33:40,932.59,9990.24,Disk thrash suspected
server_15,21:33:20,21:33:50,932.59,117.58,
server_15,21:33:30,21:34:00,932.59,7866.78,Disk thrash suspected
server_15,21:33:40,21:34:10,708.89,7866.78,Disk thrash suspected
server_15,21:33:50,21:34:20,708.89,7866.78,Disk thrash suspected
server_15,21:34:00,21:34:30,888.31,3170.71,
server_15,21:34:10,21:34:40,4680.72,3170.71,Possible DDoS
server_15,21:34:20,21:34:50,4680.72,1734.81,Possible DDoS
server_15,21:34:30,21:35:00,4680.72,1734.81,Possible DDoS
server_15,21:34:40,21:35:10,4460.01,1415.83,Possible DDoS
server_15,21:34:50,21:35:20,1442.8,505.71,
server_15,21:35:00,21:35:30,18266.14,158.22,Possible DDoS
server_15,21:35:10,21:35:40,18266.14,1333.51,Possible DDoS
server_15,21:35:20,21:35:50,18266.14,1333.51,Possible DDoS
server_15,21:35:30,21:36:00,18623.12,1333.51,Possible DDoS
server_15,21:35:40,21:36:10,18623.12,122.95,Possible DDoS
server_15,21:35:50,21:36:20,18623.12,215.82,Possible DDoS
server_15,21:36:00,21:36:30,1018.23,215.82,
server_15,21:36:10,21:36:40,1018.23,4511.86,Disk thrash suspected
server_15,21:36:20,21:36:50,1018.23,4511.86,Disk thrash suspected
server_15,21:36:30,21:37:00,2369.98,4511.86,Disk thrash suspected
server_15,21:36:40,21:37:10,2369.98,9319.5,Disk thrash suspected
server_15,21:36:50,21:37:20,2369.98,9319.5,Disk thrash suspected
server_15,21:37:00,21:37:30,6521.49,9319.5,Network flood + Disk thrash suspected
server_15,21:37:10,21:37:40,6521.49,5806.77,Network flood + Disk thrash suspected
server_15,21:37:20,21:37:50,6521.49,531.21,Possible DDoS
server_15,21:37:30,21:38:00,789.23,7911.59,Disk thrash suspected
server_15,21:37:40,21:38:10,945.67,7911.59,Disk thrash suspected
server_15,21:37:50,21:38:20,945.67,7911.59,Disk thrash suspected
server_15,21:38:00,21:38:30,945.67,117.65,
server_15,21:38:10,21:38:40,966.35,117.65,
server_15,21:38:20,21:38:50,966.35,117.65,
server_15,21:38:30,21:39:00,10134.97,165.06,Possible DDoS
server_15,21:38:40,21:39:10,10134.97,1157.68,Possible DDoS
server_15,21:38:50,21:39:20,10134.97,4617.42,Network flood + Disk thrash suspected
server_15,21:39:00,21:39:30,2177.17,4617.42,Disk thrash suspected
server_15,21:39:10,21:39:40,942.4,9937.61,Disk thrash suspected
server_15,21:39:20,21:39:50,780.13,9937.61,Disk thrash suspected
server_15,21:39:30,21:40:00,1760.68,9937.61,Disk thrash suspected
server_15,21:39:40,21:40:10,1760.68,1862.6,
server_15,21:39:50,21:40:20,1760.68,1862.6,
server_15,21:40:00,21:40:30,6726.74,1925.28,Possible DDoS
server_15,21:40:10,21:40:40,6726.74,1925.28,Possible DDoS
server_15,21:40:20,21:40:50,7789.69,3353.64,Possible DDoS
server_15,21:40:30,21:41:00,7789.69,4967.95,Network flood + Disk thrash suspected
server_15,21:40:40,21:41:10,7789.69,4967.95,Network flood + Disk thrash suspected
server_15,21:40:50,21:41:20,4393.18,4967.95,Network flood + Disk thrash suspected
server_15,21:41:00,21:41:30,4393.18,1523.93,Possible DDoS
server_15,21:41:10,21:41:40,2860.42,1077.32,
server_15,21:41:20,21:41:50,1079.07,706.37,
server_15,21:41:30,21:42:00,912.04,93.62,
server_15,21:41:40,21:42:10,4393.64,1356.71,Possible DDoS
server_15,21:41:50,21:42:20,7111.53,1356.71,Possible DDoS
server_15,21:42:00,21:42:30,7111.53,5374.48,Network flood + Disk thrash suspected
server_15,21:42:10,21:42:40,13173.24,5374.48,Network flood + Disk thrash suspected
server_15,21:42:20,21:42:50,13173.24,5374.48,Network flood + Disk thrash suspected
server_15,21:42:30,21:43:00,13173.24,117.86,Possible DDoS
server_15,21:42:40,21:43:10,1007.33,5939.77,Disk thrash suspected
server_15,21:42:50,21:43:20,1007.33,5939.77,Disk thrash suspected
server_15,21:43:00,21:43:30,966.5,5939.77,Disk thrash suspected
server_15,21:43:10,21:43:40,854.38,117.6,
server_15,21:43:20,21:43:50,854.38,117.6,
server_15,21:43:30,21:44:00,12111.47,117.6,Possible DDoS
server_15,21:43:40,21:44:10,12111.47,122.73,Possible DDoS
server_15,21:43:50,21:44:20,12111.47,6192.65,Network flood + Disk thrash suspected
server_15,21:44:00,21:44:30,2661.6,6192.65,Disk thrash suspected
server_15,21:44:10,21:44:40,5013.19,6192.65,Network flood + Disk thrash suspected
server_15,21:44:20,21:44:50,5013.19,1961.8,Possible DDoS
server_15,21:44:30,21:45:00,5013.19,1961.8,Possible DDoS
server_15,21:44:40,21:45:10,4833.11,1961.8,Possible DDoS
server_15,21:44:50,21:45:20,898.2,70.18,
server_15,21:45:00,21:45:30,3776.84,1730.75,Possible DDoS
server_15,21:45:10,21:45:40,3776.84,1730.75,Possible DDoS
server_15,21:45:20,21:45:50,3776.84,1730.75,Possible DDoS
server_15,21:45:30,21:46:00,2161.07,1729.55,
server_15,21:45:40,21:46:10,954.64,177.66,
server_15,21:45:50,21:46:20,7548.6,177.66,Possible DDoS
server_15,21:46:00,21:46:30,7548.6,168.3,Possible DDoS
server_15,21:46:10,21:46:40,7548.6,168.3,Possible DDoS
server_15,21:46:20,21:46:50,9632.45,8599.51,Network flood + Disk thrash suspected
server_15,21:46:30,21:47:00,9632.45,8599.51,Network flood + Disk thrash suspected
server_15,21:46:40,21:47:10,13254.46,8599.51,Network flood + Disk thrash suspected
server_15,21:46:50,21:47:20,13254.46,1097.13,Possible DDoS
server_15,21:47:00,21:47:30,15543.79,173.82,Possible DDoS
server_15,21:47:10,21:47:40,15543.79,173.82,Possible DDoS
server_15,21:47:20,21:47:50,17396.46,173.82,Possible DDoS
server_15,21:47:30,21:48:00,17396.46,190.02,Possible DDoS
server_15,21:47:40,21:48:10,17396.46,3160.75,Possible DDoS
server_15,21:47:50,21:48:20,8341.42,3160.75,Possible DDoS
server_15,21:48:00,21:48:30,13277.93,5664.41,Network flood + Disk thrash suspected
server_15,21:48:10,21:48:40,13277.93,8054.07,Network flood + Disk thrash suspected
server_15,21:48:20,21:48:50,13277.93,8054.07,Network flood + Disk thrash suspected
server_15,21:48:30,21:49:00,2154.33,8054.07,Disk thrash suspected
server_15,21:48:40,21:49:10,2609.75,3904.99,Disk thrash suspected
server_15,21:48:50,21:49:20,2609.75,4733.18,Disk thrash suspected
server_15,21:49:00,21:49:30,2609.75,4733.18,Disk thrash suspected
server_15,21:49:10,21:49:40,954.51,4733.18,Disk thrash suspected
server_15,21:49:20,21:49:50,19377.3,145.86,Possible DDoS
server_15,21:49:30,21:50:00,19377.3,7915.82,Network flood + Disk thrash suspected
server_15,21:49:40,21:50:10,19377.3,7915.82,Network flood + Disk thrash suspected
server_15,21:49:50,21:50:20,4875.24,7915.82,Network flood + Disk thrash suspected
server_15,21:50:00,21:50:30,4875.24,4123.54,Network flood + Disk thrash suspected
server_15,21:50:10,21:50:40,4875.24,8273.68,Network flood + Disk thrash suspected
server_15,21:50:20,21:50:50,607.94,8273.68,Disk thrash suspected
server_15,21:50:30,21:51:00,4272.59,8273.68,Network flood + Disk thrash suspected
server_15,21:50:40,21:51:10,11104.49,6759.65,Network flood + Disk thrash suspected
server_15,21:50:50,21:51:20,11104.49,1801.36,Possible DDoS
server_15,21:51:00,21:51:30,11104.49,191.89,Possible DDoS
server_15,21:51:10,21:51:40,6866.33,88.22,Possible DDoS
server_15,21:51:20,21:51:50,6866.33,88.22,Possible DDoS
server_15,21:51:30,21:52:00,6866.33,91.45,Possible DDoS
server_15,21:51:40,21:52:10,872.82,91.45,
server_15,21:51:50,21:52:20,12642.79,121.57,Possible DDoS
server_15,21:52:00,21:52:30,12642.79,1251.57,Possible DDoS
server_15,21:52:10,21:52:40,12642.79,1251.57,Possible DDoS
server_15,21:52:20,21:52:50,16853.25,1251.57,Possible DDoS
server_15,21:52:30,21:53:00,16853.25,8440.6,Network flood + Disk thrash suspected
server_15,21:52:40,21:53:10,19341.32,8440.6,Network flood + Disk thrash suspected
server_15,21:52:50,21:53:20,19341.32,8440.6,Network flood + Disk thrash suspected
server_15,21:53:00,21:53:30,19341.32,1913.67,Possible DDoS
server_15,21:53:10,21:53:40,2073.93,1913.67,
server_15,21:53:20,21:53:50,847.35,117.08,
server_15,21:53:30,21:54:00,16668.62,150.23,Possible DDoS
server_15,21:53:40,21:54:10,16668.62,150.23,Possible DDoS
server_15,21:53:50,21:54:20,16668.62,150.23,Possible DDoS
server_15,21:54:00,21:54:30,962.71,9410.7,Disk thrash suspected
server_15,21:54:10,21:54:40,962.71,9410.7,Disk thrash suspected
server_15,21:54:20,21:54:50,911.51,9410.7,Disk thrash suspected
server_15,21:54:30,21:55:00,852.02,148.04,
server_15,21:54:40,21:55:10,14462.59,189.6,Possible DDoS
server_15,21:54:50,21:55:20,14462.59,8987.05,Network flood + Disk thrash suspected
server_15,21:55:00,21:55:30,14462.59,8987.05,Network flood + Disk thrash suspected
server_15,21:55:10,21:55:40,5958.78,8987.05,Network flood + Disk thrash suspected
server_15,21:55:20,21:55:50,7176.39,1313.61,Possible DDoS
server_15,21:55:30,21:56:00,7176.39,1313.61,Possible DDoS
server_15,21:55:40,21:56:10,7176.39,3378.05,Possible DDoS
server_15,21:55:50,21:56:20,3895.66,3378.05,Possible DDoS
server_15,21:56:00,21:56:30,3575.77,3378.05,Possible DDoS
server_15,21:56:10,21:56:40,3575.77,6330.13,Network flood + Disk thrash suspected
server_15,21:56:20,21:56:50,9050.43,6330.13,Network flood + Disk thrash suspected
server_15,21:56:30,21:57:00,9050.43,8216.14,Network flood + Disk thrash suspected
server_15,21:56:40,21:57:10,9050.43,8216.14,Network flood + Disk thrash suspected
server_15,21:56:50,21:57:20,915.55,8216.14,Disk thrash suspected
server_15,21:57:00,21:57:30,1744.58,1109.12,
server_15,21:57:10,21:57:40,4395.15,1809.5,Possible DDoS
server_15,21:57:20,21:57:50,4395.15,9462.06,Network flood + Disk thrash suspected
server_15,21:57:30,21:58:00,4395.15,9462.06,Network flood + Disk thrash suspected
server_15,21:57:40,21:58:10,464.54,9462.06,Disk thrash suspected
server_15,21:57:50,21:58:20,3167.11,8340.03,Disk thrash suspected
server_15,21:58:00,21:58:30,9212.25,8340.03,Network flood + Disk thrash suspected
server_15,21:58:10,21:58:40,11625.01,1521.11,Possible DDoS
server_15,21:58:20,21:58:50,11625.01,9871.98,Network flood + Disk thrash suspected
server_15,21:58:30,21:59:00,11625.01,9871.98,Network flood + Disk thrash suspected
server_15,21:58:40,21:59:10,12379.33,9871.98,Network flood + Disk thrash suspected
server_15,21:58:50,21:59:20,14515.26,193.09,Possible DDoS
server_15,21:59:00,21:59:30,14515.26,193.09,Possible DDoS
server_15,21:59:10,21:59:40,14515.26,962.21,Possible DDoS
server_15,21:59:20,21:59:50,13570.05,8591.35,Network flood + Disk thrash suspected
server_15,21:59:30,22:00:00,13570.05,8591.35,Network flood + Disk thrash suspected
server_15,21:59:40,22:00:10,4633.41,8591.35,Network flood + Disk thrash suspected
server_15,21:59:50,22:00:20,4633.41,1545.97,Possible DDoS
server_15,22:00:00,22:00:30,4707.12,3344.69,Possible DDoS
server_15,22:00:10,22:00:40,4707.12,3344.69,Possible DDoS
server_15,22:00:20,22:00:50,4707.12,3344.69,Possible DDoS
server_15,22:00:30,22:01:00,12017.29,1772.1,Possible DDoS
server_15,22:00:40,22:01:10,12017.29,7336.11,Network flood + Disk thrash suspected
server_15,22:00:50,22:01:20,12017.29,8055.01,Network flood + Disk thrash suspected
server_15,22:01:00,22:01:30,812.65,8055.01,Disk thrash suspected
server_15,22:01:10,22:01:40,3103.81,8055.01,Disk thrash suspected
server_15,22:01:20,22:01:50,3103.81,7719.85,Disk thrash suspected
server_15,22:01:30,22:02:00,19411.94,1325.82,Possible DDoS
server_15,22:01:40,22:02:10,19411.94,120.38,Possible DDoS
server_15,22:01:50,22:02:20,19411.94,120.38,Possible DDoS
server_15,22:02:00,22:02:30,949.38,120.38,
server_15,22:02:10,22:02:40,17207.69,1592.88,Possible DDoS
server_15,22:02:20,22:02:50,17207.69,1592.88,Possible DDoS
server_15,22:02:30,22:03:00,17207.69,1592.88,Possible DDoS
server_15,22:02:40,22:03:10,905.01,101.99,
server_15,22:02:50,22:03:20,905.01,48.05,
server_15,22:03:00,22:03:30,881.22,4109.91,Disk thrash suspected
server_15,22:03:10,22:03:40,491.42,6300.93,Disk thrash suspected
server_15,22:03:20,22:03:50,997.47,6300.93,Disk thrash suspected
server_15,22:03:30,22:04:00,997.47,6300.93,Disk thrash suspected
server_15,22:03:40,22:04:10,997.47,8844.23,Disk thrash suspected
server_15,22:03:50,22:04:20,950.33,8844.23,Disk thrash suspected
server_15,22:04:00,22:04:30,2645.04,8844.23,Disk thrash suspected
server_15,22:04:10,22:04:40,11823.88,731.45,Possible DDoS
server_15,22:04:20,22:04:50,12564.9,731.45,Possible DDoS
server_15,22:04:30,22:05:00,18362.8,189.9,Possible DDoS
server_15,22:04:40,22:05:10,18362.8,189.9,Possible DDoS
server_15,22:04:50,22:05:20,18362.8,133.61,Possible DDoS
server_15,22:05:00,22:05:30,11916.41,139.22,Possible DDoS
server_15,22:05:10,22:05:40,11916.41,139.22,Possible DDoS
server_15,22:05:20,22:05:50,11916.41,139.22,Possible DDoS
server_15,22:05:30,22:06:00,3180.74,1047.08,
server_15,22:05:40,22:06:10,17668.81,1047.08,Possible DDoS
server_15,22:05:50,22:06:20,17668.81,1047.08,Possible DDoS
server_15,22:06:00,22:06:30,17668.81,8654.16,Network flood + Disk thrash suspected
server_15,22:06:10,22:06:40,926.17,8654.16,Disk thrash suspected
server_15,22:06:20,22:06:50,926.17,8654.16,Disk thrash suspected
server_15,22:06:30,22:07:00,10518.65,63.7,Possible DDoS
server_15,22:06:40,22:07:10,10518.65,62.41,Possible DDoS
server_15,22:06:50,22:07:20,10518.65,102.73,Possible DDoS
server_15,22:07:00,22:07:30,5817.34,140.87,Possible DDoS
server_15,22:07:10,22:07:40,13759.83,164.41,Possible DDoS
server_15,22:07:20,22:07:50,13759.83,7956.08,Network flood + Disk thrash suspected
server_15,22:07:30,22:08:00,13759.83,7956.08,Network flood + Disk thrash suspected
server_15,22:07:40,22:08:10,1087.28,7956.08,Disk thrash suspected
server_15,22:07:50,22:08:20,1087.28,7202.0,Disk thrash suspected
server_15,22:08:00,22:08:30,11358.85,7202.0,Network flood + Disk thrash suspected
server_15,22:08:10,22:08:40,11358.85,130.16,Possible DDoS
server_15,22:08:20,22:08:50,11358.85,71.5,Possible DDoS
server_15,22:08:30,22:09:00,898.87,112.31,
server_15,22:08:40,22:09:10,3643.86,872.41,Possible DDoS
server_15,22:08:50,22:09:20,3643.86,872.41,Possible DDoS
server_15,22:09:00,22:09:30,15608.32,872.41,Possible DDoS
server_15,22:09:10,22:09:40,15608.32,115.98,Possible DDoS
server_15,22:09:20,22:09:50,15608.32,8226.49,Network flood + Disk thrash suspected
server_15,22:09:30,22:10:00,4643.65,8226.49,Network flood + Disk thrash suspected
server_15,22:09:40,22:10:10,5041.18,8226.49,Network flood + Disk thrash suspected
server_15,22:09:50,22:10:20,5041.18,1117.15,Possible DDoS
server_15,22:10:00,22:10:30,5041.18,9881.33,Network flood + Disk thrash suspected
server_15,22:10:10,22:10:40,16853.28,9881.33,Network flood + Disk thrash suspected
server_15,22:10:20,22:10:50,16853.28,9881.33,Network flood + Disk thrash suspected
server_15,22:10:30,22:11:00,16853.28,143.1,Possible DDoS
server_15,22:10:40,22:11:10,12727.99,1795.07,Possible DDoS
server_15,22:10:50,22:11:20,10279.23,1801.41,Possible DDoS
server_15,22:11:00,22:11:30,10279.23,1801.41,Possible DDoS
server_15,22:11:10,22:11:40,4676.69,3422.3,Possible DDoS
server_15,22:11:20,22:11:50,4676.69,3422.3,Possible DDoS
server_15,22:11:30,22:12:00,4676.69,3422.3,Possible DDoS
server_15,22:11:40,22:12:10,901.89,51.32,
server_15,22:11:50,22:12:20,558.64,144.57,
server_15,22:12:00,22:12:30,605.3,144.57,
server_15,22:12:10,22:12:40,664.06,144.57,
server_15,22:12:20,22:12:50,8035.51,89.98,Possible DDoS
server_15,22:12:30,22:13:00,8035.51,120.49,Possible DDoS
server_15,22:12:40,22:13:10,8035.51,120.49,Possible DDoS
server_15,22:12:50,22:13:20,1860.3,1486.99,
server_15,22:13:00,22:13:30,1860.3,1486.99,
server_15,22:13:10,22:13:40,1860.3,7553.29,Disk thrash suspected
server_15,22:13:20,22:13:50,4491.23,7553.29,Network flood + Disk thrash suspected
server_15,22:13:30,22:14:00,4491.23,7553.29,Network flood + Disk thrash suspected
server_15,22:13:40,22:14:10,4491.23,1955.82,Possible DDoS
server_15,22:13:50,22:14:20,961.32,9339.61,Disk thrash suspected
server_15,22:14:00,22:14:30,961.32,9339.61,Disk thrash suspected
server_15,22:14:10,22:14:40,13423.56,9339.61,Network flood + Disk thrash suspected
server_15,22:14:20,22:14:50,13423.56,155.61,Possible DDoS
server_15,22:14:30,22:15:00,13423.56,177.9,Possible DDoS
server_15,22:14:40,22:15:10,910.91,177.9,
server_15,22:14:50,22:15:20,951.78,3536.38,Disk thrash suspected
server_15,22:15:00,22:15:30,951.78,3536.38,Disk thrash suspected
server_15,22:15:10,22:15:40,18833.0,3536.38,Network flood + Disk thrash suspected
server_15,22:15:20,22:15:50,18833.0,4756.63,Network flood + Disk thrash suspected
server_15,22:15:30,22:16:00,18833.0,4756.63,Network flood + Disk thrash suspected
server_15,22:15:40,22:16:10,1764.61,4756.63,Disk thrash suspected
server_15,22:15:50,22:16:20,2280.69,1872.13,
server_15,22:16:00,22:16:30,4966.15,1872.13,Possible DDoS
server_15,22:16:10,22:16:40,4966.15,1872.13,Possible DDoS
server_15,22:16:20,22:16:50,4966.15,1799.46,Possible DDoS
server_15,22:16:30,22:17:00,1711.79,1256.97,
server_15,22:16:40,22:17:10,926.92,6998.69,Disk thrash suspected
server_15,22:16:50,22:17:20,19172.95,6998.69,Network flood + Disk thrash suspected
server_15,22:17:00,22:17:30,19172.95,6998.69,Network flood + Disk thrash suspected
server_15,22:17:10,22:17:40,19172.95,123.64,Possible DDoS
server_15,22:17:20,22:17:50,3141.16,694.1,
server_15,22:17:30,22:18:00,3141.16,694.1,
server_15,22:17:40,22:18:10,3141.16,9984.68,Disk thrash suspected
server_15,22:17:50,22:18:20,5721.53,9984.68,Network flood + Disk thrash suspected
server_15,22:18:00,22:18:30,5721.53,9984.68,Network flood + Disk thrash suspected
server_15,22:18:10,22:18:40,19621.45,7837.3,Network flood + Disk thrash suspected
server_15,22:18:20,22:18:50,19621.45,7837.3,Network flood + Disk thrash suspected
server_15,22:18:30,22:19:00,19621.45,7705.33,Network flood + Disk thrash suspected
server_15,22:18:40,22:19:10,1548.79,7705.33,Disk thrash suspected
server_15,22:18:50,22:19:20,1548.79,5339.71,Disk thrash suspected
server_15,22:19:00,22:19:30,956.25,5339.71,Disk thrash suspected
server_15,22:19:10,22:19:40,935.91,5339.71,Disk thrash suspected
server_15,22:19:20,22:19:50,2445.48,1691.86,
server_15,22:19:30,22:20:00,2445.48,1691.86,
server_15,22:19:40,22:20:10,2445.48,1691.86,
server_15,22:19:50,22:20:20,992.49,122.1,
server_15,22:20:00,22:20:30,992.49,122.1,
server_15,22:20:10,22:20:40,1103.59,1036.44,
server_15,22:20:20,22:20:50,1103.59,1036.44,
server_15,22:20:30,22:21:00,1103.59,1036.44,
server_15,22:20:40,22:21:10,941.28,3501.09,Disk thrash suspected
server_15,22:20:50,22:21:20,942.56,3501.09,Disk thrash suspected
server_15,22:21:00,22:21:30,942.56,3501.09,Disk thrash suspected
server_15,22:21:10,22:21:40,942.56,121.39,
server_15,22:21:20,22:21:50,4408.59,6081.79,Network flood + Disk thrash suspected
server_15,22:21:30,22:22:00,10674.01,6081.79,Network flood + Disk thrash suspected
server_15,22:21:40,22:22:10,10674.01,6081.79,Network flood + Disk thrash suspected
server_15,22:21:50,22:22:20,10674.01,1111.62,Possible DDoS
server_15,22:22:00,22:22:30,1442.96,1111.62,
server_15,22:22:10,22:22:40,19467.23,198.78,Possible DDoS
server_15,22:22:20,22:22:50,19467.23,1022.53,Possible DDoS
server_15,22:22:30,22:23:00,19467.23,1022.53,Possible DDoS
server_15,22:22:40,22:23:10,1551.74,1022.53,
server_15,22:22:50,22:23:20,840.04,147.9,
server_15,22:23:00,22:23:30,12194.81,4428.86,Network flood + Disk thrash suspected
server_15,22:23:10,22:23:40,12194.81,8096.38,Network flood + Disk thrash suspected
server_15,22:23:20,22:23:50,12194.81,8096.38,Network flood + Disk thrash suspected
server_15,22:23:30,22:24:00,2538.33,8096.38,Disk thrash suspected
server_15,22:23:40,22:24:10,12575.57,1991.03,Possible DDoS
server_15,22:23:50,22:24:20,12575.57,113.92,Possible DDoS
server_15,22:24:00,22:24:30,17756.66,1890.67,Possible DDoS
server_15,22:24:10,22:24:40,17756.66,8921.96,Network flood + Disk thrash suspected
server_15,22:24:20,22:24:50,17756.66,8921.96,Network flood + Disk thrash suspected
server_15,22:24:30,22:25:00,1014.77,8921.96,Disk thrash suspected
server_15,22:24:40,22:25:10,1014.77,5252.97,Disk thrash suspected
server_15,22:24:50,22:25:20,4353.13,5252.97,Network flood + Disk thrash suspected
server_15,22:25:00,22:25:30,4353.13,5252.97,Network flood + Disk thrash suspected
server_15,22:25:10,22:25:40,4353.13,1012.27,Possible DDoS
server_15,22:25:20,22:25:50,1035.27,154.44,
server_15,22:25:30,22:26:00,1049.64,154.44,
server_15,22:25:40,22:26:10,11374.91,154.44,Possible DDoS
server_15,22:25:50,22:26:20,11374.91,154.03,Possible DDoS
server_15,22:26:00,22:26:30,11374.91,154.03,Possible DDoS
server_15,22:26:10,22:26:40,19149.46,844.29,Possible DDoS
server_15,22:26:20,22:26:50,19149.46,844.29,Possible DDoS
server_15,22:26:30,22:27:00,19149.46,844.29,Possible DDoS
server_15,22:26:40,22:27:10,987.02,137.82,
server_15,22:26:50,22:27:20,937.9,8897.37,Disk thrash suspected
server_15,22:27:00,22:27:30,444.96,8897.37,Disk thrash suspected
server_15,22:27:10,22:27:40,444.96,9067.97,Disk thrash suspected
server_15,22:27:20,22:27:50,2183.19,9067.97,Disk thrash suspected
server_15,22:27:30,22:28:00,8158.56,9067.97,Network flood + Disk thrash suspected
server_15,22:27:40,22:28:10,8158.56,1884.82,Possible DDoS
server_15,22:27:50,22:28:20,8158.56,188.9,Possible DDoS
server_15,22:28:00,22:28:30,6187.68,149.47,Possible DDoS
server_15,22:28:10,22:28:40,924.39,149.47,
server_15,22:28:20,22:28:50,821.47,149.47,
server_15,22:28:30,22:29:00,11371.15,125.98,Possible DDoS
server_15,22:28:40,22:29:10,11371.15,1966.86,Possible DDoS
server_15,22:28:50,22:29:20,15617.85,1966.86,Possible DDoS
server_15,22:29:00,22:29:30,15617.85,1966.86,Possible DDoS
server_15,22:29:10,22:29:40,15617.85,7225.32,Network flood + Disk thrash suspected
server_15,22:29:20,22:29:50,7015.38,7225.32,Network flood + Disk thrash suspected
server_15,22:29:30,22:30:00,7015.38,7225.32,Network flood + Disk thrash suspected
server_15,22:29:40,22:30:10,7015.38,901.51,Possible DDoS
server_15,22:29:50,22:30:20,5150.08,901.51,Possible DDoS
server_15,22:30:00,22:30:30,13358.53,901.51,Possible DDoS
server_15,22:30:10,22:30:40,13358.53,7845.24,Network flood + Disk thrash suspected
server_15,22:30:20,22:30:50,13358.53,7845.24,Network flood + Disk thrash suspected
server_15,22:30:30,22:31:00,898.17,7845.24,Disk thrash suspected
server_15,22:30:40,22:31:10,898.17,6119.66,Disk thrash suspected
server_15,22:30:50,22:31:20,19589.53,6119.66,Network flood + Disk thrash suspected
server_15,22:31:00,22:31:30,19589.53,5528.38,Network flood + Disk thrash suspected
server_15,22:31:10,22:31:40,19589.53,3976.96,Network flood + Disk thrash suspected
server_15,22:31:20,22:31:50,4446.34,3976.96,Network flood + Disk thrash suspected
server_15,22:31:30,22:32:00,4378.81,3976.96,Network flood + Disk thrash suspected
server_15,22:31:40,22:32:10,4378.81,1373.58,Possible DDoS
server_15,22:31:50,22:32:20,4378.81,3377.04,Possible DDoS
server_15,22:32:00,22:32:30,1026.17,3377.04,
server_15,22:32:10,22:32:40,952.67,3377.04,
server_15,22:32:20,22:32:50,8816.98,3882.53,Network flood + Disk thrash suspected
server_15,22:32:30,22:33:00,8816.98,3882.53,Network flood + Disk thrash suspected
server_15,22:32:40,22:33:10,8816.98,3882.53,Network flood + Disk thrash suspected
server_15,22:32:50,22:33:20,1005.75,147.72,
server_15,22:33:00,22:33:30,1005.75,183.82,
server_15,22:33:10,22:33:40,1005.75,7732.95,Disk thrash suspected
server_15,22:33:20,22:33:50,846.95,7732.95,Disk thrash suspected
server_15,22:33:30,22:34:00,1489.34,7732.95,Disk thrash suspected
server_15,22:33:40,22:34:10,18367.16,6203.53,Network flood + Disk thrash suspected
server_15,22:33:50,22:34:20,18367.16,6203.53,Network flood + Disk thrash suspected
server_15,22:34:00,22:34:30,18367.16,6203.53,Network flood + Disk thrash suspected
server_15,22:34:10,22:34:40,2426.58,3490.85,Disk thrash suspected
server_15,22:34:20,22:34:50,2426.58,3490.85,Disk thrash suspected
server_15,22:34:30,22:35:00,10648.32,780.56,Possible DDoS
server_15,22:34:40,22:35:10,10648.32,74.08,Possible DDoS
server_15,22:34:50,22:35:20,10648.32,92.95,Possible DDoS
server_15,22:35:00,22:35:30,1938.34,1057.56,
server_15,22:35:10,22:35:40,1938.34,1057.56,
server_15,22:35:20,22:35:50,1938.34,1057.56,
server_15,22:35:30,22:36:00,926.99,74.71,
server_15,22:35:40,22:36:10,926.99,6661.65,Disk thrash suspected
server_15,22:35:50,22:36:20,926.99,6684.61,Disk thrash suspected
server_15,22:36:00,22:36:30,545.41,6684.61,Disk thrash suspected
server_15,22:36:10,22:36:40,886.4,6684.61,Disk thrash suspected
server_15,22:36:20,22:36:50,886.4,124.08,
server_15,22:36:30,22:37:00,950.9,66.6,
server_15,22:36:40,22:37:10,4820.64,997.49,Possible DDoS
server_15,22:36:50,22:37:20,9205.09,997.49,Possible DDoS
server_15,22:37:00,22:37:30,9205.09,997.49,Possible DDoS
server_15,22:37:10,22:37:40,9205.09,69.96,Possible DDoS
server_15,22:37:20,22:37:50,4950.17,1002.09,Possible DDoS
server_15,22:37:30,22:38:00,5222.26,1002.09,Possible DDoS
server_15,22:37:40,22:38:10,5222.26,1002.09,Possible DDoS
server_15,22:37:50,22:38:20,5222.26,143.1,Possible DDoS
server_15,22:38:00,22:38:30,948.75,110.62,
server_15,22:38:10,22:38:40,17315.38,110.62,Possible DDoS
server_15,22:38:20,22:38:50,17315.38,790.58,Possible DDoS
server_15,22:38:30,22:39:00,17315.38,790.58,Possible DDoS
server_15,22:38:40,22:39:10,1280.84,6549.93,Disk thrash suspected
server_15,22:38:50,22:39:20,482.82,6549.93,Disk thrash suspected
server_15,22:39:00,22:39:30,949.83,6549.93,Disk thrash suspected
server_15,22:39:10,22:39:40,949.83,5985.26,Disk thrash suspected
server_15,22:39:20,22:39:50,15376.8,5985.26,Network flood + Disk thrash suspected
server_15,22:39:30,22:40:00,15376.8,675.52,Possible DDoS
server_15,22:39:40,22:40:10,15376.8,4161.71,Network flood + Disk thrash suspected
server_15,22:39:50,22:40:20,7025.76,4161.71,Network flood + Disk thrash suspected
server_15,22:40:00,22:40:30,3583.13,4161.71,Network flood + Disk thrash suspected
server_15,22:40:10,22:40:40,11644.08,752.3,Possible DDoS
server_15,22:40:20,22:40:50,11644.08,8658.01,Network flood + Disk thrash suspected
server_15,22:40:30,22:41:00,11644.08,8658.01,Network flood + Disk thrash suspected
server_15,22:40:40,22:41:10,7709.9,8658.01,Network flood + Disk thrash suspected
server_15,22:40:50,22:41:20,1016.58,108.21,
server_15,22:41:00,22:41:30,10210.11,192.49,Possible DDoS
server_15,22:41:10,22:41:40,10210.11,1283.41,Possible DDoS
server_15,22:41:20,22:41:50,10210.11,1283.41,Possible DDoS
server_15,22:41:30,22:42:00,2460.63,1283.41,
server_15,22:41:40,22:42:10,18641.35,130.95,Possible DDoS
server_15,22:41:50,22:42:20,18641.35,130.95,Possible DDoS
server_15,22:42:00,22:42:30,18641.35,111.27,Possible DDoS
server_15,22:42:10,22:42:40,4407.98,9458.85,Network flood + Disk thrash suspected
server_15,22:42:20,22:42:50,4407.98,9458.85,Network flood + Disk thrash suspected
server_15,22:42:30,22:43:00,4407.98,9458.85,Network flood + Disk thrash suspected
server_15,22:42:40,22:43:10,16941.68,103.4,Possible DDoS
server_15,22:42:50,22:43:20,16941.68,103.4,Possible DDoS
server_15,22:43:00,22:43:30,18640.66,81.37,Possible DDoS
server_15,22:43:10,22:43:40,18640.66,81.37,Possible DDoS
server_15,22:43:20,22:43:50,18640.66,135.8,Possible DDoS
server_15,22:43:30,22:44:00,17793.14,135.8,Possible DDoS
server_15,22:43:40,22:44:10,17793.14,135.8,Possible DDoS
server_15,22:43:50,22:44:20,2788.62,857.77,
server_15,22:44:00,22:44:30,2788.62,857.77,
server_15,22:44:10,22:44:40,2788.62,857.77,
server_15,22:44:20,22:44:50,10352.27,88.33,Possible DDoS
server_15,22:44:30,22:45:00,10352.27,5397.46,Network flood + Disk thrash suspected
server_15,22:44:40,22:45:10,16439.93,5397.46,Network flood + Disk thrash suspected
server_15,22:44:50,22:45:20,16439.93,5397.46,Network flood + Disk thrash suspected
server_15,22:45:00,22:45:30,16439.93,1698.1,Possible DDoS
server_15,22:45:10,22:45:40,13109.73,1698.1,Possible DDoS
server_15,22:45:20,22:45:50,13109.73,177.38,Possible DDoS
server_15,22:45:30,22:46:00,13109.73,177.38,Possible DDoS
server_15,22:45:40,22:46:10,899.11,52.23,
server_15,22:45:50,22:46:20,940.95,126.34,
server_15,22:46:00,22:46:30,2255.65,805.02,
server_15,22:46:10,22:46:40,2255.65,3881.42,Disk thrash suspected
server_15,22:46:20,22:46:50,14518.46,3881.42,Network flood + Disk thrash suspected
server_15,22:46:30,22:47:00,14518.46,3881.42,Network flood + Disk thrash suspected
server_15,22:46:40,22:47:10,14518.46,169.99,Possible DDoS
server_15,22:46:50,22:47:20,908.07,8761.41,Disk thrash suspected
server_15,22:47:00,22:47:30,5203.14,8761.41,Network flood + Disk thrash suspected
server_15,22:47:10,22:47:40,5203.14,8761.41,Network flood + Disk thrash suspected
server_15,22:47:20,22:47:50,5203.14,159.19,Possible DDoS
server_15,22:47:30,22:48:00,17801.49,90.08,Possible DDoS
server_15,22:47:40,22:48:10,17801.49,121.8,Possible DDoS
server_15,22:47:50,22:48:20,17801.49,710.47,Possible DDoS
server_15,22:48:00,22:48:30,1050.52,710.47,
server_15,22:48:10,22:48:40,1050.52,9947.06,Disk thrash suspected
server_15,22:48:20,22:48:50,9141.42,9947.06,Network flood + Disk thrash suspected
server_15,22:48:30,22:49:00,9141.42,9947.06,Network flood + Disk thrash suspected
server_15,22:48:40,22:49:10,9141.42,194.64,Possible DDoS
server_15,22:48:50,22:49:20,8291.85,99.93,Possible DDoS
server_15,22:49:00,22:49:30,12996.07,118.69,Possible DDoS
server_15,22:49:10,22:49:40,12996.07,1753.55,Possible DDoS
server_15,22:49:20,22:49:50,12996.07,1753.55,Possible DDoS
server_15,22:49:30,22:50:00,3126.67,1753.55,
server_15,22:49:40,22:50:10,3126.67,7154.24,Disk thrash suspected
server_15,22:49:50,22:50:20,860.79,7154.24,Disk thrash suspected
server_15,22:50:00,22:50:30,860.79,7154.24,Disk thrash suspected
server_15,22:50:10,22:50:40,938.47,5813.86,Disk thrash suspected
server_15,22:50:20,22:50:50,938.47,5813.86,Disk thrash suspected
server_15,22:50:30,22:51:00,10857.32,115.41,Possible DDoS
server_15,22:50:40,22:51:10,10857.32,115.41,Possible DDoS
server_15,22:50:50,22:51:20,10857.32,4417.36,Network flood + Disk thrash suspected
server_15,22:51:00,22:51:30,689.35,4417.36,Disk thrash suspected
server_15,22:51:10,22:51:40,10805.94,4417.36,Network flood + Disk thrash suspected
server_15,22:51:20,22:51:50,10805.94,5789.11,Network flood + Disk thrash suspected
server_15,22:51:30,22:52:00,10805.94,5789.11,Network flood + Disk thrash suspected
server_15,22:51:40,22:52:10,902.63,5789.11,Disk thrash suspected
server_15,22:51:50,22:52:20,902.63,9965.28,Disk thrash suspected
server_15,22:52:00,22:52:30,3789.62,9965.28,Network flood + Disk thrash suspected
server_15,22:52:10,22:52:40,3789.62,9965.28,Network flood + Disk thrash suspected
server_15,22:52:20,22:52:50,3789.62,1735.3,Possible DDoS
server_15,22:52:30,22:53:00,18761.41,1735.3,Possible DDoS
server_15,22:52:40,22:53:10,18761.41,1735.3,Possible DDoS
server_15,22:52:50,22:53:20,18761.41,130.71,Possible DDoS
server_16,20:53:00,20:53:30,3186.66,6004.68,Disk thrash suspected
server_16,20:53:10,20:53:40,905.24,6004.68,Disk thrash suspected
server_16,20:53:20,20:53:50,993.32,6004.68,Disk thrash suspected
server_16,20:53:30,20:54:00,993.32,105.3,
server_16,20:53:40,20:54:10,993.32,111.29,
server_16,20:53:50,20:54:20,1692.28,571.1,
server_16,20:54:00,20:54:30,1692.28,571.1,
server_16,20:54:10,20:54:40,1692.28,571.1,
server_16,20:54:20,20:54:50,664.76,7199.97,Disk thrash suspected
server_16,20:54:30,20:55:00,3236.47,7199.97,Disk thrash suspected
server_16,20:54:40,20:55:10,3236.47,7199.97,Disk thrash suspected
server_16,20:54:50,20:55:20,19618.98,1288.36,Possible DDoS
server_16,20:55:00,20:55:30,19618.98,109.21,Possible DDoS
server_16,20:55:10,20:55:40,19618.98,109.21,Possible DDoS
server_16,20:55:20,20:55:50,830.35,5874.62,Disk thrash suspected
server_16,20:55:30,20:56:00,956.93,5874.62,Disk thrash suspected
server_16,20:55:40,20:56:10,3261.83,5874.62,Disk thrash suspected
server_16,20:55:50,20:56:20,3261.83,1710.78,
server_16,20:56:00,20:56:30,3261.83,1710.78,
server_16,20:56:10,20:56:40,606.72,160.31,
server_16,20:56:20,20:56:50,606.72,128.61,
server_16,20:56:30,20:57:00,869.36,128.61,
server_16,20:56:40,20:57:10,3974.53,842.15,Possible DDoS
server_16,20:56:50,20:57:20,3974.53,842.15,Possible DDoS
server_16,20:57:00,20:57:30,3974.53,842.15,Possible DDoS
server_16,20:57:10,20:57:40,506.35,120.6,
server_16,20:57:20,20:57:50,934.06,120.6,
server_16,20:57:30,20:58:00,934.06,3357.16,
server_16,20:57:40,20:58:10,934.06,3357.16,
server_16,20:57:50,20:58:20,898.67,3357.16,
server_16,20:58:00,20:58:30,922.26,125.71,
server_16,20:58:10,20:58:40,922.26,125.71,
server_16,20:58:20,20:58:50,922.26,125.71,
server_16,20:58:30,20:59:00,10391.59,110.17,Possible DDoS
server_16,20:58:40,20:59:10,10391.59,1798.32,Possible DDoS
server_16,20:58:50,20:59:20,10391.59,5936.18,Network flood + Disk thrash suspected
server_16,20:59:00,20:59:30,9872.02,5936.18,Network flood + Disk thrash suspected
server_16,20:59:10,20:59:40,9872.02,5936.18,Network flood + Disk thrash suspected
server_16,20:59:20,20:59:50,14738.86,1467.86,Possible DDoS
server_16,20:59:30,21:00:00,14738.86,121.84,Possible DDoS
server_16,20:59:40,21:00:10,14738.86,121.84,Possible DDoS
server_16,20:59:50,21:00:20,4808.6,1428.34,Possible DDoS
server_16,21:00:00,21:00:30,15160.01,6406.48,Network flood + Disk thrash suspected
server_16,21:00:10,21:00:40,15160.01,6406.48,Network flood + Disk thrash suspected
server_16,21:00:20,21:00:50,15160.01,6406.48,Network flood + Disk thrash suspected
server_16,21:00:30,21:01:00,9719.86,1677.35,Possible DDoS
server_16,21:00:40,21:01:10,3720.49,1964.14,Possible DDoS
server_16,21:00:50,21:01:20,3720.49,1964.14,Possible DDoS
server_16,21:01:00,21:01:30,12284.55,1964.14,Possible DDoS
server_16,21:01:10,21:01:40,12284.55,574.77,Possible DDoS
server_16,21:01:20,21:01:50,17900.57,9073.88,Network flood + Disk thrash suspected
server_16,21:01:30,21:02:00,17900.57,9073.88,Network flood + Disk thrash suspected
server_16,21:01:40,21:02:10,17900.57,9073.88,Network flood + Disk thrash suspected
server_16,21:01:50,21:02:20,3845.0,1067.72,Possible DDoS
server_16,21:02:00,21:02:30,3845.0,1067.72,Possible DDoS
server_16,21:02:10,21:02:40,939.64,91.94,
server_16,21:02:20,21:02:50,939.64,8068.88,Disk thrash suspected
server_16,21:02:30,21:03:00,857.68,8068.88,Disk thrash suspected
server_16,21:02:40,21:03:10,857.68,8068.88,Disk thrash suspected
server_16,21:02:50,21:03:20,17167.63,149.0,Possible DDoS
server_16,21:03:00,21:03:30,17870.4,1776.82,Possible DDoS
server_16,21:03:10,21:03:40,17870.4,1776.82,Possible DDoS
server_16,21:03:20,21:03:50,17870.4,1776.82,Possible DDoS
server_16,21:03:30,21:04:00,7417.17,1785.69,Possible DDoS
server_16,21:03:40,21:04:10,7417.17,7562.97,Network flood + Disk thrash suspected
server_16,21:03:50,21:04:20,9340.51,7562.97,Network flood + Disk thrash suspected
server_16,21:04:00,21:04:30,9340.51,7562.97,Network flood + Disk thrash suspected
server_16,21:04:10,21:04:40,9340.51,1264.75,Possible DDoS
server_16,21:04:20,21:04:50,3421.15,1264.75,
server_16,21:04:30,21:05:00,15211.44,149.08,Possible DDoS
server_16,21:04:40,21:05:10,15211.44,149.08,Possible DDoS
server_16,21:04:50,21:05:20,15211.44,149.08,Possible DDoS
server_16,21:05:00,21:05:30,704.87,8971.74,Disk thrash suspected
server_16,21:05:10,21:05:40,589.41,8971.74,Disk thrash suspected
server_16,21:05:20,21:05:50,886.51,8971.74,Disk thrash suspected
server_16,21:05:30,21:06:00,976.04,131.97,
server_16,21:05:40,21:06:10,976.04,135.46,
server_16,21:05:50,21:06:20,11797.59,135.46,Possible DDoS
server_16,21:06:00,21:06:30,11797.59,170.63,Possible DDoS
server_16,21:06:10,21:06:40,11797.59,170.63,Possible DDoS
server_16,21:06:20,21:06:50,4928.22,1560.64,Possible DDoS
server_16,21:06:30,21:07:00,4928.22,1560.64,Possible DDoS
server_16,21:06:40,21:07:10,4928.22,1560.64,Possible DDoS
server_16,21:06:50,21:07:20,5612.51,877.81,Possible DDoS
server_16,21:07:00,21:07:30,5612.51,5250.71,Network flood + Disk thrash suspected
server_16,21:07:10,21:07:40,5612.51,5250.71,Network flood + Disk thrash suspected
server_16,21:07:20,21:07:50,643.37,9864.28,Disk thrash suspected
server_16,21:07:30,21:08:00,994.55,9864.28,Disk thrash suspected
server_16,21:07:40,21:08:10,994.55,9864.28,Disk thrash suspected
server_16,21:07:50,21:08:20,9877.11,9222.73,Network flood + Disk thrash suspected
server_16,21:08:00,21:08:30,18570.38,9875.94,Network flood + Disk thrash suspected
server_16,21:08:10,21:08:40,18570.38,9875.94,Network flood + Disk thrash suspected
server_16,21:08:20,21:08:50,18570.38,9875.94,Network flood + Disk thrash suspected
server_16,21:08:30,21:09:00,1139.38,9370.91,Disk thrash suspected
server_16,21:08:40,21:09:10,586.55,9370.91,Disk thrash suspected
server_16,21:08:50,21:09:20,831.53,9370.91,Disk thrash suspected
server_16,21:09:00,21:09:30,4178.86,5153.59,Network flood + Disk thrash suspected
server_16,21:09:10,21:09:40,4178.86,5153.59,Network flood + Disk thrash suspected
server_16,21:09:20,21:09:50,4178.86,1566.99,Possible DDoS
server_16,21:09:30,21:10:00,942.9,121.56,
server_16,21:09:40,21:10:10,942.9,4790.63,Disk thrash suspected
server_16,21:09:50,21:10:20,942.9,4790.63,Disk thrash suspected
server_16,21:10:00,21:10:30,4633.66,8506.44,Network flood + Disk thrash suspected
server_16,21:10:10,21:10:40,4633.66,8506.44,Network flood + Disk thrash suspected
server_16,21:10:20,21:10:50,4633.66,8506.44,Network flood + Disk thrash suspected
server_16,21:10:30,21:11:00,3515.88,4375.31,Disk thrash suspected
server_16,21:10:40,21:11:10,925.61,103.89,
server_16,21:10:50,21:11:20,925.61,103.89,
server_16,21:11:00,21:11:30,878.69,77.85,
server_16,21:11:10,21:11:40,3947.51,1755.44,Possible DDoS
server_16,21:11:20,21:11:50,3947.51,1755.44,Possible DDoS
server_16,21:11:30,21:12:00,3947.51,9528.3,Network flood + Disk thrash suspected
server_16,21:11:40,21:12:10,883.46,9528.3,Disk thrash suspected
server_16,21:11:50,21:12:20,19408.42,9528.3,Network flood + Disk thrash suspected
server_16,21:12:00,21:12:30,19408.42,162.84,Possible DDoS
server_16,21:12:10,21:12:40,19408.42,8898.21,Network flood + Disk thrash suspected
server_16,21:12:20,21:12:50,18918.17,8898.21,Network flood + Disk thrash suspected
server_16,21:12:30,21:13:00,14650.46,8898.21,Network flood + Disk thrash suspected
server_16,21:12:40,21:13:10,14650.46,7802.09,Network flood + Disk thrash suspected
server_16,21:12:50,21:13:20,969.78,7802.09,Disk thrash suspected
server_16,21:13:00,21:13:30,969.78,7802.09,Disk thrash suspected
server_16,21:13:10,21:13:40,878.55,7166.67,Disk thrash suspected
server_16,21:13:20,21:13:50,878.55,7166.67,Disk thrash suspected
server_16,21:13:30,21:14:00,13036.71,7166.67,Network flood + Disk thrash suspected
server_16,21:13:40,21:14:10,13036.71,985.29,Possible DDoS
server_16,21:13:50,21:14:20,13036.71,985.29,Possible DDoS
server_16,21:14:00,21:14:30,1043.52,109.54,
server_16,21:14:10,21:14:40,1043.52,119.41,
server_16,21:14:20,21:14:50,1043.52,119.41,
server_16,21:14:30,21:15:00,899.22,119.41,
server_16,21:14:40,21:15:10,899.22,5762.76,Disk thrash suspected
server_16,21:14:50,21:15:20,2474.93,5762.76,Disk thrash suspected
server_16,21:15:00,21:15:30,2474.93,5762.76,Disk thrash suspected
server_16,21:15:10,21:15:40,2474.93,3435.28,
server_16,21:15:20,21:15:50,2094.83,3972.73,Disk thrash suspected
server_16,21:15:30,21:16:00,947.6,3972.73,Disk thrash suspected
server_16,21:15:40,21:16:10,947.6,3972.73,Disk thrash suspected
server_16,21:15:50,21:16:20,947.6,7669.01,Disk thrash suspected
server_16,21:16:00,21:16:30,667.32,7669.01,Disk thrash suspected
server_16,21:16:10,21:16:40,667.32,7669.01,Disk thrash suspected
server_16,21:16:20,21:16:50,869.87,197.28,
server_16,21:16:30,21:17:00,869.87,197.28,
server_16,21:16:40,21:17:10,2528.63,1582.7,
server_16,21:16:50,21:17:20,2528.63,1582.7,
server_16,21:17:00,21:17:30,2528.63,1582.7,
server_16,21:17:10,21:17:40,1017.21,112.09,
server_16,21:17:20,21:17:50,1017.21,112.09,
server_16,21:17:30,21:18:00,950.64,9981.62,Disk thrash suspected
server_16,21:17:40,21:18:10,557.78,9981.62,Disk thrash suspected
server_16,21:17:50,21:18:20,998.8,9981.62,Disk thrash suspected
server_16,21:18:00,21:18:30,998.8,7581.0,Disk thrash suspected
server_16,21:18:10,21:18:40,998.8,7581.0,Disk thrash suspected
server_16,21:18:20,21:18:50,869.38,7581.0,Disk thrash suspected
server_16,21:18:30,21:19:00,2142.53,6234.53,Disk thrash suspected
server_16,21:18:40,21:19:10,2142.53,1188.05,
server_16,21:18:50,21:19:20,2142.53,1188.05,
server_16,21:19:00,21:19:30,9410.69,96.18,Possible DDoS
server_16,21:19:10,21:19:40,9410.69,5403.87,Network flood + Disk thrash suspected
server_16,21:19:20,21:19:50,9410.69,7374.8,Network flood + Disk thrash suspected
server_16,21:19:30,21:20:00,857.85,7374.8,Disk thrash suspected
server_16,21:19:40,21:20:10,907.11,7374.8,Disk thrash suspected
server_16,21:19:50,21:20:20,907.11,127.39,
server_16,21:20:00,21:20:30,11517.24,172.33,Possible DDoS
server_16,21:20:10,21:20:40,11517.24,172.33,Possible DDoS
server_16,21:20:20,21:20:50,11517.24,4412.29,Network flood + Disk thrash suspected
server_16,21:20:30,21:21:00,654.78,4412.29,Disk thrash suspected
server_16,21:20:40,21:21:10,10354.12,4412.29,Network flood + Disk thrash suspected
server_16,21:20:50,21:21:20,10354.12,138.61,Possible DDoS
server_16,21:21:00,21:21:30,10354.12,138.61,Possible DDoS
server_16,21:21:10,21:21:40,5245.64,110.21,Possible DDoS
server_16,21:21:20,21:21:50,2375.87,7768.87,Disk thrash suspected
server_16,21:21:30,21:22:00,2375.87,7768.87,Disk thrash suspected
server_16,21:21:40,21:22:10,10428.83,7768.87,Network flood + Disk thrash suspected
server_16,21:21:50,21:22:20,16473.95,191.15,Possible DDoS
server_16,21:22:00,21:22:30,16473.95,191.15,Possible DDoS
server_16,21:22:10,21:22:40,16473.95,9562.41,Network flood + Disk thrash suspected
server_16,21:22:20,21:22:50,1035.59,9562.41,Disk thrash suspected
server_16,21:22:30,21:23:00,666.66,9562.41,Disk thrash suspected
server_16,21:22:40,21:23:10,666.66,7015.26,Disk thrash suspected
server_16,21:22:50,21:23:20,13742.91,7015.26,Network flood + Disk thrash suspected
server_16,21:23:00,21:23:30,19737.96,7015.26,Network flood + Disk thrash suspected
server_16,21:23:10,21:23:40,19737.96,1510.35,Possible DDoS
server_16,21:23:20,21:23:50,19737.96,660.2,Possible DDoS
server_16,21:23:30,21:24:00,3269.39,660.2,
server_16,21:23:40,21:24:10,11705.74,157.99,Possible DDoS
server_16,21:23:50,21:24:20,16060.73,157.99,Possible DDoS
server_16,21:24:00,21:24:30,16060.73,157.99,Possible DDoS
server_16,21:24:10,21:24:40,16060.73,139.49,Possible DDoS
server_16,21:24:20,21:24:50,913.29,5148.44,Disk thrash suspected
server_16,21:24:30,21:25:00,913.29,5148.44,Disk thrash suspected
server_16,21:24:40,21:25:10,870.96,5148.44,Disk thrash suspected
server_16,21:24:50,21:25:20,870.96,207.59,
server_16,21:25:00,21:25:30,18313.55,1794.27,Possible DDoS
server_16,21:25:10,21:25:40,18313.55,1794.27,Possible DDoS
server_16,21:25:20,21:25:50,18313.55,1794.27,Possible DDoS
server_16,21:25:30,21:26:00,15244.98,1548.58,Possible DDoS
server_16,21:25:40,21:26:10,6983.45,1548.58,Possible DDoS
server_16,21:25:50,21:26:20,855.37,101.64,
server_16,21:26:00,21:26:30,942.02,107.57,
server_16,21:26:10,21:26:40,942.02,133.76,
server_16,21:26:20,21:26:50,942.02,133.76,
server_16,21:26:30,21:27:00,960.78,237.97,
server_16,21:26:40,21:27:10,11028.46,237.97,Possible DDoS
server_16,21:26:50,21:27:20,11028.46,1537.58,Possible DDoS
server_16,21:27:00,21:27:30,11028.46,1537.58,Possible DDoS
server_16,21:27:10,21:27:40,2683.36,7225.61,Disk thrash suspected
server_16,21:27:20,21:27:50,1028.24,7225.61,Disk thrash suspected
server_16,21:27:30,21:28:00,1028.24,7225.61,Disk thrash suspected
server_16,21:27:40,21:28:10,11832.65,737.32,Possible DDoS
server_16,21:27:50,21:28:20,11832.65,9041.49,Network flood + Disk thrash suspected
server_16,21:28:00,21:28:30,11832.65,9041.49,Network flood + Disk thrash suspected
server_16,21:28:10,21:28:40,632.83,9041.49,Disk thrash suspected
server_16,21:28:20,21:28:50,632.83,8256.57,Disk thrash suspected
server_16,21:28:30,21:29:00,1023.3,8256.57,Disk thrash suspected
server_16,21:28:40,21:29:10,1952.29,1370.33,
server_16,21:28:50,21:29:20,1952.29,1370.33,
server_16,21:29:00,21:29:30,1952.29,1370.33,
server_16,21:29:10,21:29:40,950.74,128.94,
server_16,21:29:20,21:29:50,10092.54,128.94,Possible DDoS
server_16,21:29:30,21:30:00,13407.07,175.09,Possible DDoS
server_16,21:29:40,21:30:10,13407.07,175.09,Possible DDoS
server_16,21:29:50,21:30:20,13407.07,175.09,Possible DDoS
server_16,21:30:00,21:30:30,989.24,125.33,
server_16,21:30:10,21:30:40,4334.04,1017.93,Possible DDoS
server_16,21:30:20,21:30:50,17269.95,1017.93,Possible DDoS
server_16,21:30:30,21:31:00,19155.19,1017.93,Possible DDoS
server_16,21:30:40,21:31:10,19155.19,159.99,Possible DDoS
server_16,21:30:50,21:31:20,19155.19,159.99,Possible DDoS
server_16,21:31:00,21:31:30,15195.28,3150.17,Possible DDoS
server_16,21:31:10,21:31:40,15195.28,3150.17,Possible DDoS
server_16,21:31:20,21:31:50,771.84,3150.17,
server_16,21:31:30,21:32:00,874.28,86.5,
server_16,21:31:40,21:32:10,888.41,5077.21,Disk thrash suspected
server_16,21:31:50,21:32:20,10898.98,5077.21,Network flood + Disk thrash suspected
server_16,21:32:00,21:32:30,10898.98,5077.21,Network flood + Disk thrash suspected
server_16,21:32:10,21:32:40,10898.98,1026.91,Possible DDoS
server_16,21:32:20,21:32:50,3915.12,8688.52,Network flood + Disk thrash suspected
server_16,21:32:30,21:33:00,14500.61,8688.52,Network flood + Disk thrash suspected
server_16,21:32:40,21:33:10,14500.61,8688.52,Network flood + Disk thrash suspected
server_16,21:32:50,21:33:20,14500.61,7468.62,Network flood + Disk thrash suspected
server_16,21:33:00,21:33:30,859.1,8595.77,Disk thrash suspected
server_16,21:33:10,21:33:40,692.02,8595.77,Disk thrash suspected
server_16,21:33:20,21:33:50,3749.94,8595.77,Network flood + Disk thrash suspected
server_16,21:33:30,21:34:00,3749.94,1717.23,Possible DDoS
server_16,21:33:40,21:34:10,3749.94,1717.23,Possible DDoS
server_16,21:33:50,21:34:20,897.4,103.83,
server_16,21:34:00,21:34:30,961.86,104.52,
server_16,21:34:10,21:34:40,972.47,104.52,
server_16,21:34:20,21:34:50,972.47,104.52,
server_16,21:34:30,21:35:00,972.47,130.71,
server_16,21:34:40,21:35:10,3652.85,1013.4,Possible DDoS
server_16,21:34:50,21:35:20,3652.85,1013.4,Possible DDoS
server_16,21:35:00,21:35:30,6081.66,1013.4,Possible DDoS
server_16,21:35:10,21:35:40,6081.66,100.48,Possible DDoS
server_16,21:35:20,21:35:50,6081.66,577.65,Possible DDoS
server_16,21:35:30,21:36:00,11435.47,577.65,Possible DDoS
server_16,21:35:40,21:36:10,11435.47,6816.32,Network flood + Disk thrash suspected
server_16,21:35:50,21:36:20,11435.47,6816.32,Network flood + Disk thrash suspected
server_16,21:36:00,21:36:30,781.01,9444.58,Disk thrash suspected
server_16,21:36:10,21:36:40,781.01,9444.58,Disk thrash suspected
server_16,21:36:20,21:36:50,733.8,9444.58,Disk thrash suspected
server_16,21:36:30,21:37:00,899.12,8980.5,Disk thrash suspected
server_16,21:36:40,21:37:10,899.12,8980.5,Disk thrash suspected
server_16,21:36:50,21:37:20,1461.73,4839.09,Disk thrash suspected
server_16,21:37:00,21:37:30,8168.86,605.5,Possible DDoS
server_16,21:37:10,21:37:40,8168.86,8242.54,Network flood + Disk thrash suspected
server_16,21:37:20,21:37:50,8168.86,8242.54,Network flood + Disk thrash suspected
server_16,21:37:30,21:38:00,2909.11,8242.54,Disk thrash suspected
server_16,21:37:40,21:38:10,2217.05,7673.22,Disk thrash suspected
server_16,21:37:50,21:38:20,2228.25,7673.22,Disk thrash suspected
server_16,21:38:00,21:38:30,4862.4,7673.22,Network flood + Disk thrash suspected
server_16,21:38:10,21:38:40,4862.4,1547.99,Possible DDoS
server_16,21:38:20,21:38:50,4862.4,865.34,Possible DDoS
server_16,21:38:30,21:39:00,4760.04,686.58,Possible DDoS
server_16,21:38:40,21:39:10,1003.12,99.88,
server_16,21:38:50,21:39:20,5922.11,103.31,Possible DDoS
server_16,21:39:00,21:39:30,5922.11,3309.32,Possible DDoS
server_16,21:39:10,21:39:40,13396.92,3309.32,Possible DDoS
server_16,21:39:20,21:39:50,13396.92,3309.32,Possible DDoS
server_16,21:39:30,21:40:00,13396.92,142.72,Possible DDoS
server_16,21:39:40,21:40:10,706.35,9529.21,Disk thrash suspected
server_16,21:39:50,21:40:20,864.47,9529.21,Disk thrash suspected
server_16,21:40:00,21:40:30,864.47,9529.21,Disk thrash suspected
server_16,21:40:10,21:40:40,864.47,9336.95,Disk thrash suspected
server_16,21:40:20,21:40:50,659.73,9481.39,Disk thrash suspected
server_16,21:40:30,21:41:00,985.49,9816.36,Disk thrash suspected
server_16,21:40:40,21:41:10,19100.78,9816.36,Network flood + Disk thrash suspected
server_16,21:40:50,21:41:20,19100.78,9816.36,Network flood + Disk thrash suspected
server_16,21:41:00,21:41:30,19100.78,7166.17,Network flood + Disk thrash suspected
server_16,21:41:10,21:41:40,12223.52,7166.17,Network flood + Disk thrash suspected
server_16,21:41:20,21:41:50,12223.52,7585.94,Network flood + Disk thrash suspected
server_16,21:41:30,21:42:00,8411.8,7585.94,Network flood + Disk thrash suspected
server_16,21:41:40,21:42:10,8411.8,7585.94,Network flood + Disk thrash suspected
server_16,21:41:50,21:42:20,3815.61,6822.59,Network flood + Disk thrash suspected
server_16,21:42:00,21:42:30,4813.9,6822.59,Network flood + Disk thrash suspected
server_16,21:42:10,21:42:40,4813.9,6822.59,Network flood + Disk thrash suspected
server_16,21:42:20,21:42:50,4813.9,6714.67,Network flood + Disk thrash suspected
server_16,21:42:30,21:43:00,596.43,4888.23,Disk thrash suspected
server_16,21:42:40,21:43:10,14589.27,118.4,Possible DDoS
server_16,21:42:50,21:43:20,14589.27,117.95,Possible DDoS
server_16,21:43:00,21:43:30,14589.27,130.82,Possible DDoS
server_16,21:43:10,21:43:40,774.73,130.82,
server_16,21:43:20,21:43:50,2040.02,1030.36,
server_16,21:43:30,21:44:00,2040.02,3772.56,Disk thrash suspected
server_16,21:43:40,21:44:10,7716.01,3772.56,Network flood + Disk thrash suspected
server_16,21:43:50,21:44:20,12726.33,3772.56,Network flood + Disk thrash suspected
server_16,21:44:00,21:44:30,12726.33,148.35,Possible DDoS
server_16,21:44:10,21:44:40,12726.33,1929.92,Possible DDoS
server_16,21:44:20,21:44:50,10420.95,1929.92,Possible DDoS
server_16,21:44:30,21:45:00,10420.95,1929.92,Possible DDoS
server_16,21:44:40,21:45:10,13622.07,195.34,Possible DDoS
server_16,21:44:50,21:45:20,13622.07,196.7,Possible DDoS
server_16,21:45:00,21:45:30,13622.07,6309.07,Network flood + Disk thrash suspected
server_16,21:45:10,21:45:40,744.1,6309.07,Disk thrash suspected
server_16,21:45:20,21:45:50,912.86,6309.07,Disk thrash suspected
server_16,21:45:30,21:46:00,19057.96,589.16,Possible DDoS
server_16,21:45:40,21:46:10,19057.96,589.16,Possible DDoS
server_16,21:45:50,21:46:20,19057.96,3026.78,Possible DDoS
server_16,21:46:00,21:46:30,974.1,3026.78,
server_16,21:46:10,21:46:40,590.6,3026.78,
server_16,21:46:20,21:46:50,608.66,77.72,
server_16,21:46:30,21:47:00,1029.85,72.09,
server_16,21:46:40,21:47:10,1029.85,86.73,
server_16,21:46:50,21:47:20,1029.85,86.73,
server_16,21:47:00,21:47:30,1022.04,103.63,
server_16,21:47:10,21:47:40,907.29,4819.67,Disk thrash suspected
server_16,21:47:20,21:47:50,7497.99,4819.67,Network flood + Disk thrash suspected
server_16,21:47:30,21:48:00,7497.99,4819.67,Network flood + Disk thrash suspected
server_16,21:47:40,21:48:10,7497.99,5477.01,Network flood + Disk thrash suspected
server_16,21:47:50,21:48:20,3041.01,5477.01,Disk thrash suspected
server_16,21:48:00,21:48:30,14423.91,5477.01,Network flood + Disk thrash suspected
server_16,21:48:10,21:48:40,14423.91,135.22,Possible DDoS
server_16,21:48:20,21:48:50,14423.91,767.32,Possible DDoS
server_16,21:48:30,21:49:00,4419.23,1615.77,Possible DDoS
server_16,21:48:40,21:49:10,4419.23,1615.77,Possible DDoS
server_16,21:48:50,21:49:20,1088.82,1615.77,
server_16,21:49:00,21:49:30,1004.12,155.67,
server_16,21:49:10,21:49:40,14080.41,69.31,Possible DDoS
server_16,21:49:20,21:49:50,14080.41,133.85,Possible DDoS
server_16,21:49:30,21:50:00,17004.41,133.85,Possible DDoS
server_16,21:49:40,21:50:10,17004.41,1780.86,Possible DDoS
server_16,21:49:50,21:50:20,17004.41,1780.86,Possible DDoS
server_16,21:50:00,21:50:30,2638.35,1780.86,
server_16,21:50:10,21:50:40,958.02,146.77,
server_16,21:50:20,21:50:50,958.02,82.84,
server_16,21:50:30,21:51:00,19215.21,82.84,Possible DDoS
server_16,21:50:40,21:51:10,19215.21,82.84,Possible DDoS
server_16,21:50:50,21:51:20,19215.21,123.02,Possible DDoS
server_16,21:51:00,21:51:30,3506.95,3820.59,Disk thrash suspected
server_16,21:51:10,21:51:40,3506.95,3820.59,Disk thrash suspected
server_16,21:51:20,21:51:50,3506.95,3820.59,Disk thrash suspected
server_16,21:51:30,21:52:00,4714.8,1087.68,Possible DDoS
server_16,21:51:40,21:52:10,4714.8,1087.68,Possible DDoS
server_16,21:51:50,21:52:20,4714.8,3455.81,Network flood + Disk thrash suspected
server_16,21:52:00,21:52:30,2615.3,3455.81,Disk thrash suspected
server_16,21:52:10,21:52:40,994.24,3455.81,Disk thrash suspected
server_16,21:52:20,21:52:50,994.24,112.5,
server_16,21:52:30,21:53:00,897.05,127.11,
server_16,21:52:40,21:53:10,897.05,141.53,
server_16,21:52:50,21:53:20,567.03,3886.58,Disk thrash suspected
server_16,21:53:00,21:53:30,482.73,3886.58,Disk thrash suspected
server_16,21:53:10,21:53:40,974.77,3886.58,Disk thrash suspected
server_16,21:53:20,21:53:50,974.77,104.79,
server_16,21:53:30,21:54:00,3649.53,582.36,Possible DDoS
server_16,21:53:40,21:54:10,3649.53,9910.91,Network flood + Disk thrash suspected
server_16,21:53:50,21:54:20,3649.53,9910.91,Network flood + Disk thrash suspected
server_16,21:54:00,21:54:30,2251.43,9910.91,Disk thrash suspected
server_16,21:54:10,21:54:40,894.92,140.79,
server_16,21:54:20,21:54:50,894.92,9255.16,Disk thrash suspected
server_16,21:54:30,21:55:00,1025.49,9255.16,Disk thrash suspected
server_16,21:54:40,21:55:10,5556.35,9255.16,Network flood + Disk thrash suspected
server_16,21:54:50,21:55:20,5556.35,3261.94,Possible DDoS
server_16,21:55:00,21:55:30,5556.35,3261.94,Possible DDoS
server_16,21:55:10,21:55:40,971.16,216.88,
server_16,21:55:20,21:55:50,4168.94,1430.11,Possible DDoS
server_16,21:55:30,21:56:00,4168.94,1430.11,Possible DDoS
server_16,21:55:40,21:56:10,4168.94,1430.11,Possible DDoS
server_16,21:55:50,21:56:20,6142.27,108.41,Possible DDoS
server_16,21:56:00,21:56:30,6142.27,65.39,Possible DDoS
server_16,21:56:10,21:56:40,6142.27,6252.42,Network flood + Disk thrash suspected
server_16,21:56:20,21:56:50,5467.38,6252.42,Network flood + Disk thrash suspected
server_16,21:56:30,21:57:00,5467.38,6252.42,Network flood + Disk thrash suspected
server_16,21:56:40,21:57:10,5467.38,183.57,Possible DDoS
server_16,21:56:50,21:57:20,868.56,183.57,
server_16,21:57:00,21:57:30,868.56,183.57,
server_16,21:57:10,21:57:40,944.1,79.73,
server_16,21:57:20,21:57:50,944.1,79.73,
server_16,21:57:30,21:58:00,18229.26,161.63,Possible DDoS
server_16,21:57:40,21:58:10,18229.26,5270.22,Network flood + Disk thrash suspected
server_16,21:57:50,21:58:20,18229.26,5270.22,Network flood + Disk thrash suspected
server_16,21:58:00,21:58:30,13625.52,5270.22,Network flood + Disk thrash suspected
server_16,21:58:10,21:58:40,13625.52,105.35,Possible DDoS
server_16,21:58:20,21:58:50,13625.52,90.82,Possible DDoS
server_16,21:58:30,21:59:00,2575.21,1336.2,
server_16,21:58:40,21:59:10,2575.21,1336.2,
server_16,21:58:50,21:59:20,2575.21,1336.2,
server_16,21:59:00,21:59:30,2189.91,1079.92,
server_16,21:59:10,21:59:40,16118.55,3070.6,Possible DDoS
server_16,21:59:20,21:59:50,16118.55,3070.6,Possible DDoS
server_16,21:59:30,22:00:00,16118.55,3070.6,Possible DDoS
server_16,21:59:40,22:00:10,851.68,7685.8,Disk thrash suspected
server_16,21:59:50,22:00:20,851.68,7685.8,Disk thrash suspected
server_16,22:00:00,22:00:30,11505.38,7685.8,Network flood + Disk thrash suspected
server_16,22:00:10,22:00:40,11505.38,1150.62,Possible DDoS
server_16,22:00:20,22:00:50,12981.87,1150.62,Possible DDoS
server_16,22:00:30,22:01:00,14060.63,85.56,Possible DDoS
server_16,22:00:40,22:01:10,14060.63,4848.45,Network flood + Disk thrash suspected
server_16,22:00:50,22:01:20,14060.63,4848.45,Network flood + Disk thrash suspected
server_16,22:01:00,22:01:30,5014.1,4848.45,Network flood + Disk thrash suspected
server_16,22:01:10,22:01:40,5014.1,167.92,Possible DDoS
server_16,22:01:20,22:01:50,2078.8,1681.22,
server_16,22:01:30,22:02:00,2078.8,6262.75,Disk thrash suspected
server_16,22:01:40,22:02:10,2078.8,7145.97,Disk thrash suspected
server_16,22:01:50,22:02:20,927.79,7145.97,Disk thrash suspected
server_16,22:02:00,22:02:30,927.79,7145.97,Disk thrash suspected
server_16,22:02:10,22:02:40,2150.62,1957.22,
server_16,22:02:20,22:02:50,2150.62,1957.22,
server_16,22:02:30,22:03:00,2150.62,1957.22,
server_16,22:02:40,22:03:10,1371.55,1334.99,
server_16,22:02:50,22:03:20,892.76,139.68,
server_16,22:03:00,22:03:30,1594.19,1949.79,
server_16,22:03:10,22:03:40,1594.19,1949.79,
server_16,22:03:20,22:03:50,1594.19,1949.79,
server_16,22:03:30,22:04:00,907.44,4552.53,Disk thrash suspected
server_16,22:03:40,22:04:10,894.83,4552.53,Disk thrash suspected
server_16,22:03:50,22:04:20,838.77,6375.95,Disk thrash suspected
server_16,22:04:00,22:04:30,3392.33,6375.95,Disk thrash suspected
server_16,22:04:10,22:04:40,3392.33,6896.19,Disk thrash suspected
server_16,22:04:20,22:04:50,3392.33,6896.19,Disk thrash suspected
server_16,22:04:30,22:05:00,604.01,6896.19,Disk thrash suspected
server_16,22:04:40,22:05:10,2093.01,1315.2,
server_16,22:04:50,22:05:20,2093.01,1315.2,
server_16,22:05:00,22:05:30,2093.01,1315.2,
server_16,22:05:10,22:05:40,8547.29,99.22,Possible DDoS
server_16,22:05:20,22:05:50,8547.29,99.22,Possible DDoS
server_16,22:05:30,22:06:00,8547.29,1258.36,Possible DDoS
server_16,22:05:40,22:06:10,1236.77,1258.36,
server_16,22:05:50,22:06:20,5352.42,1258.36,Possible DDoS
server_16,22:06:00,22:06:30,5352.42,609.6,Possible DDoS
server_16,22:06:10,22:06:40,5352.42,704.66,Possible DDoS
server_16,22:06:20,22:06:50,4771.95,1490.66,Possible DDoS
server_16,22:06:30,22:07:00,4771.95,1490.66,Possible DDoS
server_16,22:06:40,22:07:10,13245.23,1490.66,Possible DDoS
server_16,22:06:50,22:07:20,13245.23,184.24,Possible DDoS
server_16,22:07:00,22:07:30,16498.6,5373.25,Network flood + Disk thrash suspected
server_16,22:07:10,22:07:40,16498.6,5373.25,Network flood + Disk thrash suspected
server_16,22:07:20,22:07:50,16498.6,5373.25,Network flood + Disk thrash suspected
server_16,22:07:30,22:08:00,870.5,93.68,
server_16,22:07:40,22:08:10,960.18,93.68,
server_16,22:07:50,22:08:20,1043.93,1036.15,
server_16,22:08:00,22:08:30,1043.93,1036.15,
server_16,22:08:10,22:08:40,1043.93,1036.15,
server_16,22:08:20,22:08:50,923.71,171.46,
server_16,22:08:30,22:09:00,360.34,171.46,
server_16,22:08:40,22:09:10,558.02,112.39,
server_16,22:08:50,22:09:20,796.86,206.82,
server_16,22:09:00,22:09:30,796.86,9020.06,Disk thrash suspected
server_16,22:09:10,22:09:40,4855.81,9020.06,Network flood + Disk thrash suspected
server_16,22:09:20,22:09:50,4855.81,9020.06,Network flood + Disk thrash suspected
server_16,22:09:30,22:10:00,13463.28,8773.98,Network flood + Disk thrash suspected
server_16,22:09:40,22:10:10,13463.28,8773.98,Network flood + Disk thrash suspected
server_16,22:09:50,22:10:20,13463.28,6811.13,Network flood + Disk thrash suspected
server_16,22:10:00,22:10:30,1170.01,6811.13,Disk thrash suspected
server_16,22:10:10,22:10:40,1170.01,3268.13,
server_16,22:10:20,22:10:50,1170.01,3268.13,
server_16,22:10:30,22:11:00,919.6,3548.91,Disk thrash suspected
server_16,22:10:40,22:11:10,919.6,3548.91,Disk thrash suspected
server_16,22:10:50,22:11:20,878.7,4937.82,Disk thrash suspected
server_16,22:11:00,22:11:30,5647.08,4937.82,Network flood + Disk thrash suspected
server_16,22:11:10,22:11:40,5647.08,4937.82,Network flood + Disk thrash suspected
server_16,22:11:20,22:11:50,5647.08,1169.11,Possible DDoS
server_16,22:11:30,22:12:00,4080.52,1169.11,Possible DDoS
server_16,22:11:40,22:12:10,559.35,137.01,
server_16,22:11:50,22:12:20,559.35,147.07,
server_16,22:12:00,22:12:30,14704.47,147.07,Possible DDoS
server_16,22:12:10,22:12:40,14704.47,8793.41,Network flood + Disk thrash suspected
server_16,22:12:20,22:12:50,14704.47,8793.41,Network flood + Disk thrash suspected
server_16,22:12:30,22:13:00,10988.34,8793.41,Network flood + Disk thrash suspected
server_16,22:12:40,22:13:10,10988.34,4362.76,Network flood + Disk thrash suspected
server_16,22:12:50,22:13:20,15030.18,4362.76,Network flood + Disk thrash suspected
server_16,22:13:00,22:13:30,15030.18,5859.16,Network flood + Disk thrash suspected
server_16,22:13:10,22:13:40,15030.18,5859.16,Network flood + Disk thrash suspected
server_16,22:13:20,22:13:50,969.32,5859.16,Disk thrash suspected
server_16,22:13:30,22:14:00,969.32,7273.41,Disk thrash suspected
server_16,22:13:40,22:14:10,925.54,7273.41,Disk thrash suspected
server_16,22:13:50,22:14:20,925.54,7273.41,Disk thrash suspected
server_16,22:14:00,22:14:30,1018.73,5663.02,Disk thrash suspected
server_16,22:14:10,22:14:40,1018.73,5103.16,Disk thrash suspected
server_16,22:14:20,22:14:50,1018.73,4964.53,Disk thrash suspected
server_16,22:14:30,22:15:00,3186.78,4964.53,Disk thrash suspected
server_16,22:14:40,22:15:10,3186.78,4964.53,Disk thrash suspected
server_16,22:14:50,22:15:20,3186.78,720.72,
server_16,22:15:00,22:15:30,906.61,117.88,
server_16,22:15:10,22:15:40,906.61,117.88,
server_16,22:15:20,22:15:50,640.19,69.32,
server_16,22:15:30,22:16:00,624.41,115.18,
server_16,22:15:40,22:16:10,997.28,9309.59,Disk thrash suspected
server_16,22:15:50,22:16:20,1003.67,9309.59,Disk thrash suspected
server_16,22:16:00,22:16:30,10658.41,9309.59,Network flood + Disk thrash suspected
server_16,22:16:10,22:16:40,10658.41,211.13,Possible DDoS
server_16,22:16:20,22:16:50,10658.41,707.51,Possible DDoS
server_16,22:16:30,22:17:00,1445.11,9847.38,Disk thrash suspected
server_16,22:16:40,22:17:10,1445.11,9847.38,Disk thrash suspected
server_16,22:16:50,22:17:20,930.04,9847.38,Disk thrash suspected
server_16,22:17:00,22:17:30,927.86,3447.21,
server_16,22:17:10,22:17:40,946.35,3447.21,
server_16,22:17:20,22:17:50,946.35,4894.91,Disk thrash suspected
server_16,22:17:30,22:18:00,997.56,4894.91,Disk thrash suspected
server_16,22:17:40,22:18:10,2197.09,8958.28,Disk thrash suspected
server_16,22:17:50,22:18:20,2197.09,8958.28,Disk thrash suspected
server_16,22:18:00,22:18:30,2197.09,8958.28,Disk thrash suspected
server_16,22:18:10,22:18:40,621.93,128.75,
server_16,22:18:20,22:18:50,621.93,6292.45,Disk thrash suspected
server_16,22:18:30,22:19:00,660.45,6292.45,Disk thrash suspected
server_16,22:18:40,22:19:10,660.45,6292.45,Disk thrash suspected
server_16,22:18:50,22:19:20,884.02,5066.13,Disk thrash suspected
server_16,22:19:00,22:19:30,884.02,5631.79,Disk thrash suspected
server_16,22:19:10,22:19:40,13788.92,5631.79,Network flood + Disk thrash suspected
server_16,22:19:20,22:19:50,13788.92,5631.79,Network flood + Disk thrash suspected
server_16,22:19:30,22:20:00,13788.92,94.32,Possible DDoS
server_16,22:19:40,22:20:10,12396.95,94.93,Possible DDoS
server_16,22:19:50,22:20:20,12396.95,96.41,Possible DDoS
server_16,22:20:00,22:20:30,562.56,96.41,
server_16,22:20:10,22:20:40,862.28,122.29,
server_16,22:20:20,22:20:50,979.56,167.12,
server_16,22:20:30,22:21:00,1045.32,167.12,
server_16,22:20:40,22:21:10,13613.46,192.75,Possible DDoS
server_16,22:20:50,22:21:20,13613.46,192.75,Possible DDoS
server_16,22:21:00,22:21:30,13613.46,1492.51,Possible DDoS
server_16,22:21:10,22:21:40,3436.08,1492.51,
server_16,22:21:20,22:21:50,4003.38,1492.51,Possible DDoS
server_16,22:21:30,22:22:00,4003.38,1021.39,Possible DDoS
server_16,22:21:40,22:22:10,4003.38,1021.39,Possible DDoS
server_16,22:21:50,22:22:20,3372.34,1229.73,
server_16,22:22:00,22:22:30,3372.34,1229.73,
server_16,22:22:10,22:22:40,3372.34,1229.73,
server_16,22:22:20,22:22:50,1065.13,145.67,
server_16,22:22:30,22:23:00,927.22,116.49,
server_16,22:22:40,22:23:10,927.22,124.11,
server_16,22:22:50,22:23:20,927.22,124.11,
server_16,22:23:00,22:23:30,902.58,124.11,
server_16,22:23:10,22:23:40,19005.1,696.23,Possible DDoS
server_16,22:23:20,22:23:50,19005.1,696.23,Possible DDoS
server_16,22:23:30,22:24:00,19005.1,696.23,Possible DDoS
server_16,22:23:40,22:24:10,1022.99,202.13,
server_16,22:23:50,22:24:20,862.16,202.13,
server_16,22:24:00,22:24:30,578.72,110.61,
server_16,22:24:10,22:24:40,824.76,66.46,
server_16,22:24:20,22:24:50,9494.25,136.41,Possible DDoS
server_16,22:24:30,22:25:00,9494.25,7669.32,Network flood + Disk thrash suspected
server_16,22:24:40,22:25:10,9494.25,7669.32,Network flood + Disk thrash suspected
server_16,22:24:50,22:25:20,1485.39,7669.32,Disk thrash suspected
server_16,22:25:00,22:25:30,1485.39,1463.71,
server_16,22:25:10,22:25:40,1485.39,1463.71,
server_16,22:25:20,22:25:50,932.12,176.76,
server_16,22:25:30,22:26:00,914.5,6907.68,Disk thrash suspected
server_16,22:25:40,22:26:10,914.5,6907.68,Disk thrash suspected
server_16,22:25:50,22:26:20,12120.59,6907.68,Network flood + Disk thrash suspected
server_16,22:26:00,22:26:30,12120.59,5474.56,Network flood + Disk thrash suspected
server_16,22:26:10,22:26:40,12120.59,5474.56,Network flood + Disk thrash suspected
server_16,22:26:20,22:26:50,3465.03,5474.56,Disk thrash suspected
server_16,22:26:30,22:27:00,3465.03,1351.75,
server_16,22:26:40,22:27:10,3465.03,1351.75,
server_16,22:26:50,22:27:20,2500.06,3044.82,
server_16,22:27:00,22:27:30,2500.06,9351.22,Disk thrash suspected
server_16,22:27:10,22:27:40,3468.7,9351.22,Disk thrash suspected
server_16,22:27:20,22:27:50,3468.7,9351.22,Disk thrash suspected
server_16,22:27:30,22:28:00,3468.7,6418.6,Disk thrash suspected
server_16,22:27:40,22:28:10,18945.94,6418.6,Network flood + Disk thrash suspected
server_16,22:27:50,22:28:20,18945.94,1537.12,Possible DDoS
server_16,22:28:00,22:28:30,19564.6,180.41,Possible DDoS
server_16,22:28:10,22:28:40,19564.6,180.41,Possible DDoS
server_16,22:28:20,22:28:50,19564.6,180.41,Possible DDoS
server_16,22:28:30,22:29:00,8696.22,135.27,Possible DDoS
server_16,22:28:40,22:29:10,969.51,3009.5,
server_16,22:28:50,22:29:20,969.51,3009.5,
server_16,22:29:00,22:29:30,965.55,8159.01,Disk thrash suspected
server_16,22:29:10,22:29:40,4079.49,8159.01,Network flood + Disk thrash suspected
server_16,22:29:20,22:29:50,19199.69,8159.01,Network flood + Disk thrash suspected
server_16,22:29:30,22:30:00,19199.69,1395.9,Possible DDoS
server_16,22:29:40,22:30:10,19199.69,1581.76,Possible DDoS
server_16,22:29:50,22:30:20,5751.65,1581.76,Possible DDoS
server_16,22:30:00,22:30:30,2364.6,4405.11,Disk thrash suspected
server_16,22:30:10,22:30:40,586.63,4405.11,Disk thrash suspected
server_16,22:30:20,22:30:50,586.63,4405.11,Disk thrash suspected
server_16,22:30:30,22:31:00,910.34,153.38,
server_16,22:30:40,22:31:10,988.74,153.38,
server_16,22:30:50,22:31:20,988.74,153.38,
server_16,22:31:00,22:31:30,988.74,4972.41,Disk thrash suspected
server_16,22:31:10,22:31:40,4191.94,4972.41,Network flood + Disk thrash suspected
server_16,22:31:20,22:31:50,4191.94,4972.41,Network flood + Disk thrash suspected
server_16,22:31:30,22:32:00,4191.94,4905.22,Network flood + Disk thrash suspected
server_16,22:31:40,22:32:10,2378.16,4905.22,Disk thrash suspected
server_16,22:31:50,22:32:20,2378.16,4905.22,Disk thrash suspected
server_16,22:32:00,22:32:30,18078.37,6020.64,Network flood + Disk thrash suspected
server_16,22:32:10,22:32:40,18078.37,6020.64,Network flood + Disk thrash suspected
server_16,22:32:20,22:32:50,18078.37,6020.64,Network flood + Disk thrash suspected
server_16,22:32:30,22:33:00,673.68,83.27,
server_16,22:32:40,22:33:10,6804.13,177.15,Possible DDoS
server_16,22:32:50,22:33:20,14197.61,177.15,Possible DDoS
server_16,22:33:00,22:33:30,14197.61,177.15,Possible DDoS
server_16,22:33:10,22:33:40,14197.61,169.79,Possible DDoS
server_16,22:33:20,22:33:50,873.16,5991.62,Disk thrash suspected
server_16,22:33:30,22:34:00,921.58,5991.62,Disk thrash suspected
server_16,22:33:40,22:34:10,5772.08,5991.62,Network flood + Disk thrash suspected
server_16,22:33:50,22:34:20,5772.08,149.82,Possible DDoS
server_16,22:34:00,22:34:30,5772.08,3325.56,Possible DDoS
server_16,22:34:10,22:34:40,849.1,3325.56,
server_16,22:34:20,22:34:50,849.1,3325.56,
server_16,22:34:30,22:35:00,12377.44,107.86,Possible DDoS
server_16,22:34:40,22:35:10,12377.44,884.0,Possible DDoS
server_16,22:34:50,22:35:20,12377.44,884.0,Possible DDoS
server_16,22:35:00,22:35:30,3290.26,884.0,
server_16,22:35:10,22:35:40,945.51,115.74,
server_16,22:35:20,22:35:50,945.51,115.74,
server_16,22:35:30,22:36:00,630.93,3241.14,
server_16,22:35:40,22:36:10,10934.2,3241.14,Possible DDoS
server_16,22:35:50,22:36:20,10934.2,7708.92,Network flood + Disk thrash suspected
server_16,22:36:00,22:36:30,10934.2,7708.92,Network flood + Disk thrash suspected
server_16,22:36:10,22:36:40,275.35,7708.92,Disk thrash suspected
server_16,22:36:20,22:36:50,11564.81,7516.81,Network flood + Disk thrash suspected
server_16,22:36:30,22:37:00,11564.81,7516.81,Network flood + Disk thrash suspected
server_16,22:36:40,22:37:10,19128.42,166.86,Possible DDoS
server_16,22:36:50,22:37:20,19128.42,1056.68,Possible DDoS
server_16,22:37:00,22:37:30,19128.42,1056.68,Possible DDoS
server_16,22:37:10,22:37:40,4989.65,1056.68,Possible DDoS
server_16,22:37:20,22:37:50,997.55,106.94,
server_16,22:37:30,22:38:00,938.65,106.94,
server_16,22:37:40,22:38:10,15090.13,1542.45,Possible DDoS
server_16,22:37:50,22:38:20,15090.13,1542.45,Possible DDoS
server_16,22:38:00,22:38:30,15090.13,3945.34,Network flood + Disk thrash suspected
server_16,22:38:10,22:38:40,3687.11,3945.34,Network flood + Disk thrash suspected
server_16,22:38:20,22:38:50,3510.02,3945.34,Disk thrash suspected
server_16,22:38:30,22:39:00,3510.02,1501.25,
server_16,22:38:40,22:39:10,16597.97,171.58,Possible DDoS
server_16,22:38:50,22:39:20,16650.27,1351.46,Possible DDoS
server_16,22:39:00,22:39:30,16650.27,1351.46,Possible DDoS
server_16,22:39:10,22:39:40,16650.27,8171.32,Network flood + Disk thrash suspected
server_16,22:39:20,22:39:50,19912.6,8171.32,Network flood + Disk thrash suspected
server_16,22:39:30,22:40:00,19912.6,8171.32,Network flood + Disk thrash suspected
server_16,22:39:40,22:40:10,19912.6,119.19,Possible DDoS
server_16,22:39:50,22:40:20,4961.89,748.38,Possible DDoS
server_16,22:40:00,22:40:30,12014.35,748.38,Possible DDoS
server_16,22:40:10,22:40:40,16997.19,748.38,Possible DDoS
server_16,22:40:20,22:40:50,16997.19,98.44,Possible DDoS
server_16,22:40:30,22:41:00,16997.19,109.75,Possible DDoS
server_16,22:40:40,22:41:10,602.95,128.52,
server_16,22:40:50,22:41:20,2251.96,853.39,
server_16,22:41:00,22:41:30,2251.96,853.39,
server_16,22:41:10,22:41:40,9254.99,853.39,Possible DDoS
server_16,22:41:20,22:41:50,9254.99,9745.14,Network flood + Disk thrash suspected
server_16,22:41:30,22:42:00,9254.99,9745.14,Network flood + Disk thrash suspected
server_16,22:41:40,22:42:10,942.11,9745.14,Disk thrash suspected
server_16,22:41:50,22:42:20,7512.95,121.48,Possible DDoS
server_16,22:42:00,22:42:30,7512.95,121.48,Possible DDoS
server_16,22:42:10,22:42:40,16140.38,805.52,Possible DDoS
server_16,22:42:20,22:42:50,16140.38,7816.78,Network flood + Disk thrash suspected
server_16,22:42:30,22:43:00,16140.38,7870.67,Network flood + Disk thrash suspected
server_16,22:42:40,22:43:10,522.49,7870.67,Disk thrash suspected
server_16,22:42:50,22:43:20,3705.41,7870.67,Network flood + Disk thrash suspected
server_16,22:43:00,22:43:30,4078.47,1695.4,Possible DDoS
server_16,22:43:10,22:43:40,4078.47,1695.4,Possible DDoS
server_16,22:43:20,22:43:50,4078.47,1695.4,Possible DDoS
server_16,22:43:30,22:44:00,3326.97,1422.12,
server_16,22:43:40,22:44:10,2004.02,1273.21,
server_16,22:43:50,22:44:20,888.31,9224.08,Disk thrash suspected
server_16,22:44:00,22:44:30,859.39,9490.99,Disk thrash suspected
server_16,22:44:10,22:44:40,859.39,9490.99,Disk thrash suspected
server_16,22:44:20,22:44:50,2983.74,9490.99,Disk thrash suspected
server_16,22:44:30,22:45:00,2983.74,4594.06,Disk thrash suspected
server_16,22:44:40,22:45:10,2983.74,1728.11,
server_16,22:44:50,22:45:20,4190.71,1937.84,Possible DDoS
server_16,22:45:00,22:45:30,4190.71,1937.84,Possible DDoS
server_16,22:45:10,22:45:40,4190.71,1937.84,Possible DDoS
server_16,22:45:20,22:45:50,958.62,100.88,
server_16,22:45:30,22:46:00,958.62,9341.17,Disk thrash suspected
server_16,22:45:40,22:46:10,651.32,9341.17,Disk thrash suspected
server_16,22:45:50,22:46:20,3726.67,9341.17,Network flood + Disk thrash suspected
server_16,22:46:00,22:46:30,10484.29,1328.38,Possible DDoS
server_16,22:46:10,22:46:40,10484.29,4151.89,Network flood + Disk thrash suspected
server_16,22:46:20,22:46:50,10484.29,4151.89,Network flood + Disk thrash suspected
server_16,22:46:30,22:47:00,2921.1,4151.89,Disk thrash suspected
server_16,22:46:40,22:47:10,4312.69,1119.44,Possible DDoS
server_16,22:46:50,22:47:20,4312.69,6898.35,Network flood + Disk thrash suspected
server_16,22:47:00,22:47:30,4312.69,6898.35,Network flood + Disk thrash suspected
server_16,22:47:10,22:47:40,985.8,6898.35,Disk thrash suspected
server_16,22:47:20,22:47:50,16313.32,164.32,Possible DDoS
server_16,22:47:30,22:48:00,16313.32,164.32,Possible DDoS
server_16,22:47:40,22:48:10,16313.32,1843.02,Possible DDoS
server_16,22:47:50,22:48:20,4535.54,1843.02,Possible DDoS
server_16,22:48:00,22:48:30,4535.54,5147.36,Network flood + Disk thrash suspected
server_16,22:48:10,22:48:40,1014.57,5147.36,Disk thrash suspected
server_16,22:48:20,22:48:50,1008.0,5147.36,Disk thrash suspected
server_16,22:48:30,22:49:00,1008.0,155.22,
server_16,22:48:40,22:49:10,578.54,155.22,
server_16,22:48:50,22:49:20,863.16,111.62,
server_16,22:49:00,22:49:30,863.16,4308.66,Disk thrash suspected
server_16,22:49:10,22:49:40,5663.06,4308.66,Network flood + Disk thrash suspected
server_16,22:49:20,22:49:50,5663.06,4308.66,Network flood + Disk thrash suspected
server_16,22:49:30,22:50:00,5663.06,123.7,Possible DDoS
server_16,22:49:40,22:50:10,955.88,123.7,
server_16,22:49:50,22:50:20,957.79,123.7,
server_16,22:50:00,22:50:30,957.79,5581.31,Disk thrash suspected
server_16,22:50:10,22:50:40,957.79,5581.31,Disk thrash suspected
server_16,22:50:20,22:50:50,18642.86,5581.31,Network flood + Disk thrash suspected
server_16,22:50:30,22:51:00,18642.86,173.93,Possible DDoS
server_16,22:50:40,22:51:10,18642.86,173.93,Possible DDoS
server_16,22:50:50,22:51:20,15106.65,3200.79,Possible DDoS
server_16,22:51:00,22:51:30,15106.65,5871.97,Network flood + Disk thrash suspected
server_16,22:51:10,22:51:40,15106.65,5871.97,Network flood + Disk thrash suspected
server_16,22:51:20,22:51:50,799.62,5871.97,Disk thrash suspected
server_16,22:51:30,22:52:00,799.62,137.44,
server_16,22:51:40,22:52:10,972.54,7368.59,Disk thrash suspected
server_16,22:51:50,22:52:20,972.54,7368.59,Disk thrash suspected
server_16,22:52:00,22:52:30,972.54,7368.59,Disk thrash suspected
server_16,22:52:10,22:52:40,1384.47,1259.71,
server_16,22:52:20,22:52:50,3611.61,1479.93,Possible DDoS
server_16,22:52:30,22:53:00,3611.61,1479.93,Possible DDoS
server_16,22:52:40,22:53:10,3611.61,1479.93,Possible DDoS
server_16,22:52:50,22:53:20,328.38,58.06,
server_17,20:53:00,20:53:30,4434.2,5174.15,Network flood + Disk thrash suspected
server_17,20:53:10,20:53:40,3771.12,1318.4,Possible DDoS
server_17,20:53:20,20:53:50,3771.12,1318.4,Possible DDoS
server_17,20:53:30,20:54:00,1417.74,564.96,
server_17,20:53:40,20:54:10,15498.03,564.96,Possible DDoS
server_17,20:53:50,20:54:20,15498.03,1636.13,Possible DDoS
server_17,20:54:00,20:54:30,15498.03,1636.13,Possible DDoS
server_17,20:54:10,20:54:40,2588.79,1636.13,
server_17,20:54:20,20:54:50,1314.6,1578.41,
server_17,20:54:30,20:55:00,1314.6,1578.41,
server_17,20:54:40,20:55:10,1066.38,110.55,
server_17,20:54:50,20:55:20,6311.27,126.54,Possible DDoS
server_17,20:55:00,20:55:30,6311.27,126.54,Possible DDoS
server_17,20:55:10,20:55:40,6311.27,126.54,Possible DDoS
server_17,20:55:20,20:55:50,4934.2,978.41,Possible DDoS
server_17,20:55:30,20:56:00,4934.2,978.41,Possible DDoS
server_17,20:55:40,20:56:10,4934.2,1938.18,Possible DDoS
server_17,20:55:50,20:56:20,3242.27,1938.18,
server_17,20:56:00,20:56:30,18221.39,1938.18,Possible DDoS
server_17,20:56:10,20:56:40,18221.39,153.96,Possible DDoS
server_17,20:56:20,20:56:50,18221.39,5274.18,Network flood + Disk thrash suspected
server_17,20:56:30,20:57:00,8705.99,5274.18,Network flood + Disk thrash suspected
server_17,20:56:40,20:57:10,8705.99,5274.18,Network flood + Disk thrash suspected
server_17,20:56:50,20:57:20,8705.99,141.97,Possible DDoS
server_17,20:57:00,20:57:30,7633.04,172.79,Possible DDoS
server_17,20:57:10,20:57:40,7633.04,8954.98,Network flood + Disk thrash suspected
server_17,20:57:20,20:57:50,9095.28,8954.98,Network flood + Disk thrash suspected
server_17,20:57:30,20:58:00,9095.28,8954.98,Network flood + Disk thrash suspected
server_17,20:57:40,20:58:10,9095.28,1878.63,Possible DDoS
server_17,20:57:50,20:58:20,4659.4,1878.63,Possible DDoS
server_17,20:58:00,20:58:30,4659.4,1287.05,Possible DDoS
server_17,20:58:10,20:58:40,10777.06,1287.05,Possible DDoS
server_17,20:58:20,20:58:50,10777.06,9825.14,Network flood + Disk thrash suspected
server_17,20:58:30,20:59:00,10777.06,9825.14,Network flood + Disk thrash suspected
server_17,20:58:40,20:59:10,513.27,9825.14,Disk thrash suspected
server_17,20:58:50,20:59:20,3858.71,1501.02,Possible DDoS
server_17,20:59:00,20:59:30,3858.71,6240.01,Network flood + Disk thrash suspected
server_17,20:59:10,20:59:40,4724.96,6240.01,Network flood + Disk thrash suspected
server_17,20:59:20,20:59:50,18923.34,6240.01,Network flood + Disk thrash suspected
server_17,20:59:30,21:00:00,18923.34,3180.0,Possible DDoS
server_17,20:59:40,21:00:10,18923.34,3180.0,Possible DDoS
server_17,20:59:50,21:00:20,1006.18,3180.0,
server_17,21:00:00,21:00:30,2714.86,1519.09,
server_17,21:00:10,21:00:40,2714.86,6764.49,Disk thrash suspected
server_17,21:00:20,21:00:50,11784.09,6764.49,Network flood + Disk thrash suspected
server_17,21:00:30,21:01:00,11784.09,6764.49,Network flood + Disk thrash suspected
server_17,21:00:40,21:01:10,11784.09,1468.07,Possible DDoS
server_17,21:00:50,21:01:20,9962.97,1468.07,Possible DDoS
server_17,21:01:00,21:01:30,9962.97,94.54,Possible DDoS
server_17,21:01:10,21:01:40,933.38,94.54,
server_17,21:01:20,21:01:50,933.38,93.82,
server_17,21:01:30,21:02:00,9502.65,141.61,Possible DDoS
server_17,21:01:40,21:02:10,9502.65,141.61,Possible DDoS
server_17,21:01:50,21:02:20,9502.65,3872.01,Network flood + Disk thrash suspected
server_17,21:02:00,21:02:30,10610.71,3872.01,Network flood + Disk thrash suspected
server_17,21:02:10,21:02:40,10610.71,3872.01,Network flood + Disk thrash suspected
server_17,21:02:20,21:02:50,10610.71,6593.06,Network flood + Disk thrash suspected
server_17,21:02:30,21:03:00,18029.68,6593.06,Network flood + Disk thrash suspected
server_17,21:02:40,21:03:10,18029.68,6593.06,Network flood + Disk thrash suspected
server_17,21:02:50,21:03:20,18029.68,809.88,Possible DDoS
server_17,21:03:00,21:03:30,1008.89,809.88,
server_17,21:03:10,21:03:40,989.11,90.7,
server_17,21:03:20,21:03:50,989.11,90.7,
server_17,21:03:30,21:04:00,974.4,7790.11,Disk thrash suspected
server_17,21:03:40,21:04:10,974.4,7790.11,Disk thrash suspected
server_17,21:03:50,21:04:20,974.4,7790.11,Disk thrash suspected
server_17,21:04:00,21:04:30,903.36,112.91,
server_17,21:04:10,21:04:40,4839.75,1176.25,Possible DDoS
server_17,21:04:20,21:04:50,4839.75,1176.25,Possible DDoS
server_17,21:04:30,21:05:00,16611.74,1176.25,Possible DDoS
server_17,21:04:40,21:05:10,16611.74,1774.15,Possible DDoS
server_17,21:04:50,21:05:20,16611.74,1774.15,Possible DDoS
server_17,21:05:00,21:05:30,4024.97,1774.15,Possible DDoS
server_17,21:05:10,21:05:40,915.64,117.46,
server_17,21:05:20,21:05:50,10206.98,142.56,Possible DDoS
server_17,21:05:30,21:06:00,10206.98,515.63,Possible DDoS
server_17,21:05:40,21:06:10,10206.98,515.63,Possible DDoS
server_17,21:05:50,21:06:20,1138.64,515.63,
server_17,21:06:00,21:06:30,787.78,138.23,
server_17,21:06:10,21:06:40,787.78,138.23,
server_17,21:06:20,21:06:50,15195.43,179.09,Possible DDoS
server_17,21:06:30,21:07:00,15195.43,605.02,Possible DDoS
server_17,21:06:40,21:07:10,15195.43,605.02,Possible DDoS
server_17,21:06:50,21:07:20,7591.96,605.02,Possible DDoS
server_17,21:07:00,21:07:30,7591.96,108.89,Possible DDoS
server_17,21:07:10,21:07:40,926.42,6647.61,Disk thrash suspected
server_17,21:07:20,21:07:50,6678.64,6647.61,Network flood + Disk thrash suspected
server_17,21:07:30,21:08:00,6678.64,6647.61,Network flood + Disk thrash suspected
server_17,21:07:40,21:08:10,6678.64,728.77,Possible DDoS
server_17,21:07:50,21:08:20,3041.99,1206.03,
server_17,21:08:00,21:08:30,3041.99,1206.03,
server_17,21:08:10,21:08:40,2790.79,8210.32,Disk thrash suspected
server_17,21:08:20,21:08:50,9954.92,8210.32,Network flood + Disk thrash suspected
server_17,21:08:30,21:09:00,9954.92,8210.32,Network flood + Disk thrash suspected
server_17,21:08:40,21:09:10,19916.52,4401.41,Network flood + Disk thrash suspected
server_17,21:08:50,21:09:20,19916.52,172.87,Possible DDoS
server_17,21:09:00,21:09:30,19916.52,172.87,Possible DDoS
server_17,21:09:10,21:09:40,903.47,9121.68,Disk thrash suspected
server_17,21:09:20,21:09:50,919.4,9121.68,Disk thrash suspected
server_17,21:09:30,21:10:00,4816.47,9121.68,Network flood + Disk thrash suspected
server_17,21:09:40,21:10:10,4816.47,527.82,Possible DDoS
server_17,21:09:50,21:10:20,4816.47,527.82,Possible DDoS
server_17,21:10:00,21:10:30,856.09,5868.4,Disk thrash suspected
server_17,21:10:10,21:10:40,856.09,5868.4,Disk thrash suspected
server_17,21:10:20,21:10:50,856.09,5868.4,Disk thrash suspected
server_17,21:10:30,21:11:00,574.2,136.99,
server_17,21:10:40,21:11:10,849.76,126.78,
server_17,21:10:50,21:11:20,5176.99,89.92,Possible DDoS
server_17,21:11:00,21:11:30,5176.99,3804.75,Network flood + Disk thrash suspected
server_17,21:11:10,21:11:40,5176.99,3804.75,Network flood + Disk thrash suspected
server_17,21:11:20,21:11:50,8422.49,3804.75,Network flood + Disk thrash suspected
server_17,21:11:30,21:12:00,8422.49,7851.09,Network flood + Disk thrash suspected
server_17,21:11:40,21:12:10,8572.09,7851.09,Network flood + Disk thrash suspected
server_17,21:11:50,21:12:20,8572.09,7851.09,Network flood + Disk thrash suspected
server_17,21:12:00,21:12:30,13051.18,176.67,Possible DDoS
server_17,21:12:10,21:12:40,13051.18,3097.03,Possible DDoS
server_17,21:12:20,21:12:50,13051.18,3097.03,Possible DDoS
server_17,21:12:30,21:13:00,8882.27,3097.03,Possible DDoS
server_17,21:12:40,21:13:10,11226.17,171.45,Possible DDoS
server_17,21:12:50,21:13:20,11226.17,171.45,Possible DDoS
server_17,21:13:00,21:13:30,11226.17,5673.75,Network flood + Disk thrash suspected
server_17,21:13:10,21:13:40,1043.7,5673.75,Disk thrash suspected
server_17,21:13:20,21:13:50,19312.1,5673.75,Network flood + Disk thrash suspected
server_17,21:13:30,21:14:00,19312.1,123.98,Possible DDoS
server_17,21:13:40,21:14:10,19312.1,8248.35,Network flood + Disk thrash suspected
server_17,21:13:50,21:14:20,864.21,8248.35,Disk thrash suspected
server_17,21:14:00,21:14:30,864.21,8248.35,Disk thrash suspected
server_17,21:14:10,21:14:40,869.52,5525.37,Disk thrash suspected
server_17,21:14:20,21:14:50,869.52,5525.37,Disk thrash suspected
server_17,21:14:30,21:15:00,869.52,4156.01,Disk thrash suspected
server_17,21:14:40,21:15:10,846.12,214.51,
server_17,21:14:50,21:15:20,846.12,7097.17,Disk thrash suspected
server_17,21:15:00,21:15:30,2399.79,7097.17,Disk thrash suspected
server_17,21:15:10,21:15:40,2399.79,7097.17,Disk thrash suspected
server_17,21:15:20,21:15:50,17457.13,1993.51,Possible DDoS
server_17,21:15:30,21:16:00,17457.13,1775.92,Possible DDoS
server_17,21:15:40,21:16:10,17457.13,1775.92,Possible DDoS
server_17,21:15:50,21:16:20,14254.75,3814.93,Network flood + Disk thrash suspected
server_17,21:16:00,21:16:30,14254.75,3814.93,Network flood + Disk thrash suspected
server_17,21:16:10,21:16:40,15227.23,3814.93,Network flood + Disk thrash suspected
server_17,21:16:20,21:16:50,15227.23,9954.97,Network flood + Disk thrash suspected
server_17,21:16:30,21:17:00,16493.44,9954.97,Network flood + Disk thrash suspected
server_17,21:16:40,21:17:10,16493.44,9954.97,Network flood + Disk thrash suspected
server_17,21:16:50,21:17:20,16493.44,109.6,Possible DDoS
server_17,21:17:00,21:17:30,5092.24,97.32,Possible DDoS
server_17,21:17:10,21:17:40,1003.31,9282.82,Disk thrash suspected
server_17,21:17:20,21:17:50,5817.84,9282.82,Network flood + Disk thrash suspected
server_17,21:17:30,21:18:00,16093.48,9282.82,Network flood + Disk thrash suspected
server_17,21:17:40,21:18:10,16093.48,143.48,Possible DDoS
server_17,21:17:50,21:18:20,16093.48,143.48,Possible DDoS
server_17,21:18:00,21:18:30,743.23,51.23,
server_17,21:18:10,21:18:40,649.86,94.75,
server_17,21:18:20,21:18:50,560.7,94.75,
server_17,21:18:30,21:19:00,625.01,94.75,
server_17,21:18:40,21:19:10,625.01,7935.27,Disk thrash suspected
server_17,21:18:50,21:19:20,6598.11,7935.27,Network flood + Disk thrash suspected
server_17,21:19:00,21:19:30,6598.11,7935.27,Network flood + Disk thrash suspected
server_17,21:19:10,21:19:40,6598.11,1086.39,Possible DDoS
server_17,21:19:20,21:19:50,3895.1,1086.39,Possible DDoS
server_17,21:19:30,21:20:00,4769.87,988.06,Possible DDoS
server_17,21:19:40,21:20:10,4769.87,988.06,Possible DDoS
server_17,21:19:50,21:20:20,16177.1,988.06,Possible DDoS
server_17,21:20:00,21:20:30,16177.1,935.52,Possible DDoS
server_17,21:20:10,21:20:40,16177.1,935.52,Possible DDoS
server_17,21:20:20,21:20:50,928.48,127.39,
server_17,21:20:30,21:21:00,2396.55,1698.17,
server_17,21:20:40,21:21:10,2396.55,1698.17,
server_17,21:20:50,21:21:20,2396.55,4741.17,Disk thrash suspected
server_17,21:21:00,21:21:30,649.62,6038.21,Disk thrash suspected
server_17,21:21:10,21:21:40,611.02,6038.21,Disk thrash suspected
server_17,21:21:20,21:21:50,1063.1,6038.21,Disk thrash suspected
server_17,21:21:30,21:22:00,1063.1,147.78,
server_17,21:21:40,21:22:10,1063.1,40.55,
server_17,21:21:50,21:22:20,949.04,150.56,
server_17,21:22:00,21:22:30,949.04,150.56,
server_17,21:22:10,21:22:40,752.52,150.56,
server_17,21:22:20,21:22:50,1032.69,157.46,
server_17,21:22:30,21:23:00,1032.69,157.46,
server_17,21:22:40,21:23:10,1032.69,4438.12,Disk thrash suspected
server_17,21:22:50,21:23:20,951.49,4438.12,Disk thrash suspected
server_17,21:23:00,21:23:30,948.99,4438.12,Disk thrash suspected
server_17,21:23:10,21:23:40,1801.71,1858.3,
server_17,21:23:20,21:23:50,1801.71,1858.3,
server_17,21:23:30,21:24:00,1801.71,1858.3,
server_17,21:23:40,21:24:10,931.66,153.9,
server_17,21:23:50,21:24:20,7320.03,181.02,Possible DDoS
server_17,21:24:00,21:24:30,7320.03,181.02,Possible DDoS
server_17,21:24:10,21:24:40,7320.03,181.02,Possible DDoS
server_17,21:24:20,21:24:50,903.97,150.8,
server_17,21:24:30,21:25:00,975.19,5427.01,Disk thrash suspected
server_17,21:24:40,21:25:10,975.19,5427.01,Disk thrash suspected
server_17,21:24:50,21:25:20,975.19,5427.01,Disk thrash suspected
server_17,21:25:00,21:25:30,9026.38,129.6,Possible DDoS
server_17,21:25:10,21:25:40,9026.38,129.6,Possible DDoS
server_17,21:25:20,21:25:50,9026.38,1587.85,Possible DDoS
server_17,21:25:30,21:26:00,19653.76,1587.85,Possible DDoS
server_17,21:25:40,21:26:10,19653.76,3011.14,Possible DDoS
server_17,21:25:50,21:26:20,19653.76,3011.14,Possible DDoS
server_17,21:26:00,21:26:30,13273.8,3011.14,Possible DDoS
server_17,21:26:10,21:26:40,495.19,76.05,
server_17,21:26:20,21:26:50,3643.66,877.57,Possible DDoS
server_17,21:26:30,21:27:00,3643.66,877.57,Possible DDoS
server_17,21:26:40,21:27:10,3643.66,877.57,Possible DDoS
server_17,21:26:50,21:27:20,772.26,113.22,
server_17,21:27:00,21:27:30,3699.43,1390.9,Possible DDoS
server_17,21:27:10,21:27:40,3699.43,1390.9,Possible DDoS
server_17,21:27:20,21:27:50,3699.43,1390.9,Possible DDoS
server_17,21:27:30,21:28:00,1399.52,5032.02,Disk thrash suspected
server_17,21:27:40,21:28:10,1399.52,5032.02,Disk thrash suspected
server_17,21:27:50,21:28:20,4411.54,8671.56,Network flood + Disk thrash suspected
server_17,21:28:00,21:28:30,4411.54,8671.56,Network flood + Disk thrash suspected
server_17,21:28:10,21:28:40,4411.54,8671.56,Network flood + Disk thrash suspected
server_17,21:28:20,21:28:50,873.25,7097.27,Disk thrash suspected
server_17,21:28:30,21:29:00,873.25,7097.27,Disk thrash suspected
server_17,21:28:40,21:29:10,2182.31,7097.27,Disk thrash suspected
server_17,21:28:50,21:29:20,2182.31,1428.79,
server_17,21:29:00,21:29:30,2182.31,1428.79,
server_17,21:29:10,21:29:40,16656.78,182.86,Possible DDoS
server_17,21:29:20,21:29:50,16656.78,182.86,Possible DDoS
server_17,21:29:30,21:30:00,16656.78,182.86,Possible DDoS
server_17,21:29:40,21:30:10,14331.86,134.27,Possible DDoS
server_17,21:29:50,21:30:20,14331.86,134.27,Possible DDoS
server_17,21:30:00,21:30:30,14331.86,584.66,Possible DDoS
server_17,21:30:10,21:30:40,4471.03,584.66,Possible DDoS
server_17,21:30:20,21:30:50,4471.03,584.66,Possible DDoS
server_17,21:30:30,21:31:00,2781.05,534.62,
server_17,21:30:40,21:31:10,13544.69,735.27,Possible DDoS
server_17,21:30:50,21:31:20,13544.69,735.27,Possible DDoS
server_17,21:31:00,21:31:30,13544.69,735.27,Possible DDoS
server_17,21:31:10,21:31:40,13518.19,99.17,Possible DDoS
server_17,21:31:20,21:31:50,890.76,99.17,
server_17,21:31:30,21:32:00,890.76,99.88,
server_17,21:31:40,21:32:10,16866.97,1995.56,Possible DDoS
server_17,21:31:50,21:32:20,16866.97,1995.56,Possible DDoS
server_17,21:32:00,21:32:30,16866.97,1995.56,Possible DDoS
server_17,21:32:10,21:32:40,616.13,67.98,
server_17,21:32:20,21:32:50,13391.27,119.53,Possible DDoS
server_17,21:32:30,21:33:00,13391.27,120.44,Possible DDoS
server_17,21:32:40,21:33:10,13391.27,6352.24,Network flood + Disk thrash suspected
server_17,21:32:50,21:33:20,2001.98,6352.24,Disk thrash suspected
server_17,21:33:00,21:33:30,2001.98,6352.24,Disk thrash suspected
server_17,21:33:10,21:33:40,2001.98,1842.46,
server_17,21:33:20,21:33:50,958.04,102.46,
server_17,21:33:30,21:34:00,958.04,84.35,
server_17,21:33:40,21:34:10,18651.93,84.35,Possible DDoS
server_17,21:33:50,21:34:20,18651.93,7848.66,Network flood + Disk thrash suspected
server_17,21:34:00,21:34:30,18651.93,7848.66,Network flood + Disk thrash suspected
server_17,21:34:10,21:34:40,1053.77,7848.66,Disk thrash suspected
server_17,21:34:20,21:34:50,8084.22,109.5,Possible DDoS
server_17,21:34:30,21:35:00,8084.22,5522.73,Network flood + Disk thrash suspected
server_17,21:34:40,21:35:10,8084.22,5522.73,Network flood + Disk thrash suspected
server_17,21:34:50,21:35:20,2090.16,5522.73,Disk thrash suspected
server_17,21:35:00,21:35:30,2090.16,1017.01,
server_17,21:35:10,21:35:40,2090.16,1017.01,
server_17,21:35:20,21:35:50,982.32,48.83,
server_17,21:35:30,21:36:00,982.32,85.82,
server_17,21:35:40,21:36:10,842.76,85.82,
server_17,21:35:50,21:36:20,2789.74,9119.56,Disk thrash suspected
server_17,21:36:00,21:36:30,2789.74,9119.56,Disk thrash suspected
server_17,21:36:10,21:36:40,3012.73,9119.56,Disk thrash suspected
server_17,21:36:20,21:36:50,3012.73,639.64,
server_17,21:36:30,21:37:00,3012.73,639.64,
server_17,21:36:40,21:37:10,838.12,8372.95,Disk thrash suspected
server_17,21:36:50,21:37:20,960.53,8372.95,Disk thrash suspected
server_17,21:37:00,21:37:30,962.06,8372.95,Disk thrash suspected
server_17,21:37:10,21:37:40,962.06,84.22,
server_17,21:37:20,21:37:50,14764.86,135.09,Possible DDoS
server_17,21:37:30,21:38:00,19013.26,5243.8,Network flood + Disk thrash suspected
server_17,21:37:40,21:38:10,19013.26,5243.8,Network flood + Disk thrash suspected
server_17,21:37:50,21:38:20,19013.26,5243.8,Network flood + Disk thrash suspected
server_17,21:38:00,21:38:30,4719.95,1989.45,Possible DDoS
server_17,21:38:10,21:38:40,907.4,143.15,
server_17,21:38:20,21:38:50,3093.55,7453.5,Disk thrash suspected
server_17,21:38:30,21:39:00,3093.55,7453.5,Disk thrash suspected
server_17,21:38:40,21:39:10,3093.55,7453.5,Disk thrash suspected
server_17,21:38:50,21:39:20,2152.75,779.43,
server_17,21:39:00,21:39:30,2152.75,779.43,
server_17,21:39:10,21:39:40,1083.57,93.64,
server_17,21:39:20,21:39:50,1083.57,93.64,
server_17,21:39:30,21:40:00,5464.1,113.26,Possible DDoS
server_17,21:39:40,21:40:10,5464.1,8314.56,Network flood + Disk thrash suspected
server_17,21:39:50,21:40:20,5464.1,8314.56,Network flood + Disk thrash suspected
server_17,21:40:00,21:40:30,11257.24,8314.56,Network flood + Disk thrash suspected
server_17,21:40:10,21:40:40,11257.24,1310.39,Possible DDoS
server_17,21:40:20,21:40:50,11257.24,1383.02,Possible DDoS
server_17,21:40:30,21:41:00,4294.85,1383.02,Possible DDoS
server_17,21:40:40,21:41:10,4294.85,1383.02,Possible DDoS
server_17,21:40:50,21:41:20,18567.82,174.91,Possible DDoS
server_17,21:41:00,21:41:30,18567.82,3367.87,Possible DDoS
server_17,21:41:10,21:41:40,18567.82,3367.87,Possible DDoS
server_17,21:41:20,21:41:50,9900.49,3367.87,Possible DDoS
server_17,21:41:30,21:42:00,2999.25,958.06,
server_17,21:41:40,21:42:10,2999.25,8278.79,Disk thrash suspected
server_17,21:41:50,21:42:20,766.76,8278.79,Disk thrash suspected
server_17,21:42:00,21:42:30,1000.94,8278.79,Disk thrash suspected
server_17,21:42:10,21:42:40,19341.67,3460.86,Network flood + Disk thrash suspected
server_17,21:42:20,21:42:50,19341.67,8058.83,Network flood + Disk thrash suspected
server_17,21:42:30,21:43:00,19341.67,8058.83,Network flood + Disk thrash suspected
server_17,21:42:40,21:43:10,1947.0,8058.83,Disk thrash suspected
server_17,21:42:50,21:43:20,1947.0,4882.9,Disk thrash suspected
server_17,21:43:00,21:43:30,1947.0,4882.9,Disk thrash suspected
server_17,21:43:10,21:43:40,227.11,6069.29,Disk thrash suspected
server_17,21:43:20,21:43:50,976.22,6804.83,Disk thrash suspected
server_17,21:43:30,21:44:00,976.22,6804.83,Disk thrash suspected
server_17,21:43:40,21:44:10,976.22,8943.37,Disk thrash suspected
server_17,21:43:50,21:44:20,953.56,8943.37,Disk thrash suspected
server_17,21:44:00,21:44:30,953.56,8943.37,Disk thrash suspected
server_17,21:44:10,21:44:40,953.56,5131.02,Disk thrash suspected
server_17,21:44:20,21:44:50,994.91,5131.02,Disk thrash suspected
server_17,21:44:30,21:45:00,994.91,142.32,
server_17,21:44:40,21:45:10,994.91,142.32,
server_17,21:44:50,21:45:20,18791.5,104.31,Possible DDoS
server_17,21:45:00,21:45:30,18791.5,105.4,Possible DDoS
server_17,21:45:10,21:45:40,18791.5,105.4,Possible DDoS
server_17,21:45:20,21:45:50,1019.11,105.4,
server_17,21:45:30,21:46:00,944.51,173.56,
server_17,21:45:40,21:46:10,9003.05,173.56,Possible DDoS
server_17,21:45:50,21:46:20,9003.05,173.56,Possible DDoS
server_17,21:46:00,21:46:30,9003.05,143.13,Possible DDoS
server_17,21:46:10,21:46:40,973.19,143.13,
server_17,21:46:20,21:46:50,19948.18,143.13,Possible DDoS
server_17,21:46:30,21:47:00,19948.18,628.72,Possible DDoS
server_17,21:46:40,21:47:10,19948.18,628.72,Possible DDoS
server_17,21:46:50,21:47:20,3511.8,6717.03,Disk thrash suspected
server_17,21:47:00,21:47:30,914.34,6717.03,Disk thrash suspected
server_17,21:47:10,21:47:40,1013.45,6717.03,Disk thrash suspected
server_17,21:47:20,21:47:50,1013.45,90.68,
server_17,21:47:30,21:48:00,2475.79,947.13,
server_17,21:47:40,21:48:10,2475.79,947.13,
server_17,21:47:50,21:48:20,2475.79,1811.34,
server_17,21:48:00,21:48:30,19043.41,1811.34,Possible DDoS
server_17,21:48:10,21:48:40,19043.41,5113.29,Network flood + Disk thrash suspected
server_17,21:48:20,21:48:50,19043.41,5113.29,Network flood + Disk thrash suspected
server_17,21:48:30,21:49:00,13540.87,5113.29,Network flood + Disk thrash suspected
server_17,21:48:40,21:49:10,13540.87,8981.61,Network flood + Disk thrash suspected
server_17,21:48:50,21:49:20,7376.9,8981.61,Network flood + Disk thrash suspected
server_17,21:49:00,21:49:30,17192.37,8981.61,Network flood + Disk thrash suspected
server_17,21:49:10,21:49:40,17192.37,1141.22,Possible DDoS
server_17,21:49:20,21:49:50,17192.37,807.36,Possible DDoS
server_17,21:49:30,21:50:00,10703.92,182.77,Possible DDoS
server_17,21:49:40,21:50:10,10703.92,182.77,Possible DDoS
server_17,21:49:50,21:50:20,10703.92,8017.54,Network flood + Disk thrash suspected
server_17,21:50:00,21:50:30,1574.67,8017.54,Disk thrash suspected
server_17,21:50:10,21:50:40,7461.02,8017.54,Network flood + Disk thrash suspected
server_17,21:50:20,21:50:50,14708.53,197.73,Possible DDoS
server_17,21:50:30,21:51:00,14708.53,197.73,Possible DDoS
server_17,21:50:40,21:51:10,14708.53,197.73,Possible DDoS
server_17,21:50:50,21:51:20,945.12,157.2,
server_17,21:51:00,21:51:30,2529.99,578.84,
server_17,21:51:10,21:51:40,2529.99,578.84,
server_17,21:51:20,21:51:50,2529.99,578.84,
server_17,21:51:30,21:52:00,892.63,182.66,
server_17,21:51:40,21:52:10,892.63,182.66,
server_17,21:51:50,21:52:20,626.52,182.66,
server_17,21:52:00,21:52:30,879.62,115.43,
server_17,21:52:10,21:52:40,17474.44,190.71,Possible DDoS
server_17,21:52:20,21:52:50,17474.44,190.71,Possible DDoS
server_17,21:52:30,21:53:00,17474.44,1306.21,Possible DDoS
server_17,21:52:40,21:53:10,1964.17,1306.21,
server_17,21:52:50,21:53:20,1964.17,5214.14,Disk thrash suspected
server_17,21:53:00,21:53:30,754.06,5699.2,Disk thrash suspected
server_17,21:53:10,21:53:40,827.71,5699.2,Disk thrash suspected
server_17,21:53:20,21:53:50,13036.88,5699.2,Network flood + Disk thrash suspected
server_17,21:53:30,21:54:00,13036.88,6954.38,Network flood + Disk thrash suspected
server_17,21:53:40,21:54:10,13036.88,6954.38,Network flood + Disk thrash suspected
server_17,21:53:50,21:54:20,18931.7,6954.38,Network flood + Disk thrash suspected
server_17,21:54:00,21:54:30,18931.7,96.15,Possible DDoS
server_17,21:54:10,21:54:40,18931.7,113.39,Possible DDoS
server_17,21:54:20,21:54:50,11518.64,113.39,Possible DDoS
server_17,21:54:30,21:55:00,11518.64,1340.28,Possible DDoS
server_17,21:54:40,21:55:10,11518.64,3224.52,Possible DDoS
server_17,21:54:50,21:55:20,6546.31,3224.52,Possible DDoS
server_17,21:55:00,21:55:30,6546.31,3224.52,Possible DDoS
server_17,21:55:10,21:55:40,6546.31,170.85,Possible DDoS
server_17,21:55:20,21:55:50,4338.13,972.21,Possible DDoS
server_17,21:55:30,21:56:00,4338.13,972.21,Possible DDoS
server_17,21:55:40,21:56:10,4338.13,972.21,Possible DDoS
server_17,21:55:50,21:56:20,9173.68,166.92,Possible DDoS
server_17,21:56:00,21:56:30,14791.36,172.19,Possible DDoS
server_17,21:56:10,21:56:40,14791.36,3029.18,Possible DDoS
server_17,21:56:20,21:56:50,14791.36,3029.18,Possible DDoS
server_17,21:56:30,21:57:00,4899.68,3029.18,Possible DDoS
server_17,21:56:40,21:57:10,4899.68,1013.73,Possible DDoS
server_17,21:56:50,21:57:20,1941.12,536.71,
server_17,21:57:00,21:57:30,12374.76,536.71,Possible DDoS
server_17,21:57:10,21:57:40,12374.76,1284.64,Possible DDoS
server_17,21:57:20,21:57:50,12374.76,1284.64,Possible DDoS
server_17,21:57:30,21:58:00,4763.56,1284.64,Possible DDoS
server_17,21:57:40,21:58:10,1036.03,120.59,
server_17,21:57:50,21:58:20,13721.31,143.69,Possible DDoS
server_17,21:58:00,21:58:30,13721.31,143.69,Possible DDoS
server_17,21:58:10,21:58:40,13721.31,143.69,Possible DDoS
server_17,21:58:20,21:58:50,512.79,8658.3,Disk thrash suspected
server_17,21:58:30,21:59:00,14185.88,8658.3,Network flood + Disk thrash suspected
server_17,21:58:40,21:59:10,14185.88,8658.3,Network flood + Disk thrash suspected
server_17,21:58:50,21:59:20,14185.88,188.36,Possible DDoS
server_17,21:59:00,21:59:30,7756.45,135.97,Possible DDoS
server_17,21:59:10,21:59:40,17869.75,147.37,Possible DDoS
server_17,21:59:20,21:59:50,17869.75,147.37,Possible DDoS
server_17,21:59:30,22:00:00,17869.75,1055.16,Possible DDoS
server_17,21:59:40,22:00:10,10355.76,5131.33,Network flood + Disk thrash suspected
server_17,21:59:50,22:00:20,3572.46,5131.33,Network flood + Disk thrash suspected
server_17,22:00:00,22:00:30,3219.38,5131.33,Disk thrash suspected
server_17,22:00:10,22:00:40,13607.65,4109.32,Network flood + Disk thrash suspected
server_17,22:00:20,22:00:50,13607.65,1341.97,Possible DDoS
server_17,22:00:30,22:01:00,13607.65,194.08,Possible DDoS
server_17,22:00:40,22:01:10,8489.02,194.08,Possible DDoS
server_17,22:00:50,22:01:20,11044.27,194.08,Possible DDoS
server_17,22:01:00,22:01:30,11044.27,80.83,Possible DDoS
server_17,22:01:10,22:01:40,11044.27,159.85,Possible DDoS
server_17,22:01:20,22:01:50,3774.18,742.21,Possible DDoS
server_17,22:01:30,22:02:00,15101.6,742.21,Possible DDoS
server_17,22:01:40,22:02:10,15101.6,3719.96,Network flood + Disk thrash suspected
server_17,22:01:50,22:02:20,15101.6,3719.96,Network flood + Disk thrash suspected
server_17,22:02:00,22:02:30,10643.53,3719.96,Network flood + Disk thrash suspected
server_17,22:02:10,22:02:40,969.54,134.78,
server_17,22:02:20,22:02:50,1558.94,4205.18,Disk thrash suspected
server_17,22:02:30,22:03:00,1558.94,4205.18,Disk thrash suspected
server_17,22:02:40,22:03:10,1558.94,4205.18,Disk thrash suspected
server_17,22:02:50,22:03:20,627.14,94.87,
server_17,22:03:00,22:03:30,627.14,8637.5,Disk thrash suspected
server_17,22:03:10,22:03:40,911.15,8637.5,Disk thrash suspected
server_17,22:03:20,22:03:50,1042.19,8637.5,Disk thrash suspected
server_17,22:03:30,22:04:00,4161.36,6501.79,Network flood + Disk thrash suspected
server_17,22:03:40,22:04:10,4161.36,6501.79,Network flood + Disk thrash suspected
server_17,22:03:50,22:04:20,4161.36,7493.37,Network flood + Disk thrash suspected
server_17,22:04:00,22:04:30,962.63,7493.37,Disk thrash suspected
server_17,22:04:10,22:04:40,12024.02,7493.37,Network flood + Disk thrash suspected
server_17,22:04:20,22:04:50,17801.45,137.84,Possible DDoS
server_17,22:04:30,22:05:00,17801.45,137.84,Possible DDoS
server_17,22:04:40,22:05:10,17801.45,135.45,Possible DDoS
server_17,22:04:50,22:05:20,7934.2,135.45,Possible DDoS
server_17,22:05:00,22:05:30,7934.2,968.7,Possible DDoS
server_17,22:05:10,22:05:40,3231.5,968.7,
server_17,22:05:20,22:05:50,15140.66,968.7,Possible DDoS
server_17,22:05:30,22:06:00,15140.66,6916.33,Network flood + Disk thrash suspected
server_17,22:05:40,22:06:10,15140.66,6916.33,Network flood + Disk thrash suspected
server_17,22:05:50,22:06:20,10408.06,6916.33,Network flood + Disk thrash suspected
server_17,22:06:00,22:06:30,10408.06,1675.31,Possible DDoS
server_17,22:06:10,22:06:40,3376.96,1675.31,
server_17,22:06:20,22:06:50,3376.96,7327.98,Disk thrash suspected
server_17,22:06:30,22:07:00,835.19,7327.98,Disk thrash suspected
server_17,22:06:40,22:07:10,17071.24,7327.98,Network flood + Disk thrash suspected
server_17,22:06:50,22:07:20,17071.24,97.74,Possible DDoS
server_17,22:07:00,22:07:30,17071.24,107.06,Possible DDoS
server_17,22:07:10,22:07:40,847.28,107.06,
server_17,22:07:20,22:07:50,3085.14,1391.48,
server_17,22:07:30,22:08:00,3085.14,4399.25,Disk thrash suspected
server_17,22:07:40,22:08:10,9114.87,7477.84,Network flood + Disk thrash suspected
server_17,22:07:50,22:08:20,12295.54,7477.84,Network flood + Disk thrash suspected
server_17,22:08:00,22:08:30,12295.54,7477.84,Network flood + Disk thrash suspected
server_17,22:08:10,22:08:40,12295.54,3220.18,Possible DDoS
server_17,22:08:20,22:08:50,915.19,3220.18,
server_17,22:08:30,22:09:00,15283.09,1516.55,Possible DDoS
server_17,22:08:40,22:09:10,15283.09,1516.55,Possible DDoS
server_17,22:08:50,22:09:20,15283.09,1516.55,Possible DDoS
server_17,22:09:00,22:09:30,872.38,6446.42,Disk thrash suspected
server_17,22:09:10,22:09:40,13985.27,6446.42,Network flood + Disk thrash suspected
server_17,22:09:20,22:09:50,13985.27,6446.42,Network flood + Disk thrash suspected
server_17,22:09:30,22:10:00,13985.27,778.46,Possible DDoS
server_17,22:09:40,22:10:10,2815.73,1987.27,
server_17,22:09:50,22:10:20,13373.91,1987.27,Possible DDoS
server_17,22:10:00,22:10:30,13373.91,1987.27,Possible DDoS
server_17,22:10:10,22:10:40,13373.91,189.07,Possible DDoS
server_17,22:10:20,22:10:50,985.34,122.82,
server_17,22:10:30,22:11:00,6496.74,157.4,Possible DDoS
server_17,22:10:40,22:11:10,6496.74,157.4,Possible DDoS
server_17,22:10:50,22:11:20,6496.74,1147.74,Possible DDoS
server_17,22:11:00,22:11:30,1646.37,1147.74,
server_17,22:11:10,22:11:40,1646.37,1147.74,
server_17,22:11:20,22:11:50,10513.19,191.22,Possible DDoS
server_17,22:11:30,22:12:00,10513.19,1340.29,Possible DDoS
server_17,22:11:40,22:12:10,10513.19,7358.68,Network flood + Disk thrash suspected
server_17,22:11:50,22:12:20,2779.39,7358.68,Disk thrash suspected
server_17,22:12:00,22:12:30,2779.39,7358.68,Disk thrash suspected
server_17,22:12:10,22:12:40,1525.94,1764.93,
server_17,22:12:20,22:12:50,13212.8,1764.93,Possible DDoS
server_17,22:12:30,22:13:00,13212.8,165.11,Possible DDoS
server_17,22:12:40,22:13:10,13212.8,165.11,Possible DDoS
server_17,22:12:50,22:13:20,682.6,95.96,
server_17,22:13:00,22:13:30,1030.26,69.82,
server_17,22:13:10,22:13:40,1030.26,159.52,
server_17,22:13:20,22:13:50,1030.26,5997.23,Disk thrash suspected
server_17,22:13:30,22:14:00,894.91,5997.23,Disk thrash suspected
server_17,22:13:40,22:14:10,934.52,9441.66,Disk thrash suspected
server_17,22:13:50,22:14:20,8903.43,9441.66,Network flood + Disk thrash suspected
server_17,22:14:00,22:14:30,8903.43,9441.66,Network flood + Disk thrash suspected
server_17,22:14:10,22:14:40,12132.08,99.45,Possible DDoS
server_17,22:14:20,22:14:50,12132.08,8858.96,Network flood + Disk thrash suspected
server_17,22:14:30,22:15:00,12132.08,8858.96,Network flood + Disk thrash suspected
server_17,22:14:40,22:15:10,10720.63,8858.96,Network flood + Disk thrash suspected
server_17,22:14:50,22:15:20,10720.63,188.84,Possible DDoS
server_17,22:15:00,22:15:30,845.15,3168.7,
server_17,22:15:10,22:15:40,928.92,3168.7,
server_17,22:15:20,22:15:50,928.92,8914.41,Disk thrash suspected
server_17,22:15:30,22:16:00,4640.35,8914.41,Network flood + Disk thrash suspected
server_17,22:15:40,22:16:10,6047.55,8914.41,Network flood + Disk thrash suspected
server_17,22:15:50,22:16:20,6047.55,8493.77,Network flood + Disk thrash suspected
server_17,22:16:00,22:16:30,6047.55,6882.99,Network flood + Disk thrash suspected
server_17,22:16:10,22:16:40,4287.23,6882.99,Network flood + Disk thrash suspected
server_17,22:16:20,22:16:50,4287.23,6685.26,Network flood + Disk thrash suspected
server_17,22:16:30,22:17:00,925.51,6685.26,Disk thrash suspected
server_17,22:16:40,22:17:10,2994.47,6685.26,Disk thrash suspected
server_17,22:16:50,22:17:20,2994.47,6580.5,Disk thrash suspected
server_17,22:17:00,22:17:30,2994.47,6580.5,Disk thrash suspected
server_17,22:17:10,22:17:40,2603.29,6580.5,Disk thrash suspected
server_17,22:17:20,22:17:50,3419.59,5484.68,Disk thrash suspected
server_17,22:17:30,22:18:00,3419.59,5484.68,Disk thrash suspected
server_17,22:17:40,22:18:10,3419.59,6088.18,Disk thrash suspected
server_17,22:17:50,22:18:20,947.64,6088.18,Disk thrash suspected
server_17,22:18:00,22:18:30,947.64,6088.18,Disk thrash suspected
server_17,22:18:10,22:18:40,2042.7,1463.7,
server_17,22:18:20,22:18:50,15274.31,5600.1,Network flood + Disk thrash suspected
server_17,22:18:30,22:19:00,15274.31,8325.16,Network flood + Disk thrash suspected
server_17,22:18:40,22:19:10,15274.31,8325.16,Network flood + Disk thrash suspected
server_17,22:18:50,22:19:20,3343.88,8325.16,Disk thrash suspected
server_17,22:19:00,22:19:30,3343.88,1890.48,
server_17,22:19:10,22:19:40,7707.29,176.01,Possible DDoS
server_17,22:19:20,22:19:50,19066.03,195.37,Possible DDoS
server_17,22:19:30,22:20:00,19066.03,1775.27,Possible DDoS
server_17,22:19:40,22:20:10,19066.03,1775.27,Possible DDoS
server_17,22:19:50,22:20:20,4697.46,1775.27,Possible DDoS
server_17,22:20:00,22:20:30,4697.46,899.82,Possible DDoS
server_17,22:20:10,22:20:40,2838.25,3190.29,
server_17,22:20:20,22:20:50,837.66,4033.29,Disk thrash suspected
server_17,22:20:30,22:21:00,938.99,4033.29,Disk thrash suspected
server_17,22:20:40,22:21:10,12838.42,4033.29,Network flood + Disk thrash suspected
server_17,22:20:50,22:21:20,12838.42,89.36,Possible DDoS
server_17,22:21:00,22:21:30,12838.42,671.99,Possible DDoS
server_17,22:21:10,22:21:40,4732.97,1223.98,Possible DDoS
server_17,22:21:20,22:21:50,16089.44,1223.98,Possible DDoS
server_17,22:21:30,22:22:00,16089.44,9241.07,Network flood + Disk thrash suspected
server_17,22:21:40,22:22:10,16089.44,9241.07,Network flood + Disk thrash suspected
server_17,22:21:50,22:22:20,3768.51,9241.07,Network flood + Disk thrash suspected
server_17,22:22:00,22:22:30,3768.51,9768.04,Network flood + Disk thrash suspected
server_17,22:22:10,22:22:40,2014.58,9768.04,Disk thrash suspected
server_17,22:22:20,22:22:50,2014.58,9768.04,Disk thrash suspected
server_17,22:22:30,22:23:00,2014.58,8602.92,Disk thrash suspected
server_17,22:22:40,22:23:10,968.42,8602.92,Disk thrash suspected
server_17,22:22:50,22:23:20,9127.35,92.51,Possible DDoS
server_17,22:23:00,22:23:30,9127.35,95.08,Possible DDoS
server_17,22:23:10,22:23:40,9127.35,8564.2,Network flood + Disk thrash suspected
server_17,22:23:20,22:23:50,914.04,8564.2,Disk thrash suspected
server_17,22:23:30,22:24:00,16679.68,8564.2,Network flood + Disk thrash suspected
server_17,22:23:40,22:24:10,16679.68,1583.29,Possible DDoS
server_17,22:23:50,22:24:20,16679.68,1583.29,Possible DDoS
server_17,22:24:00,22:24:30,6581.85,4835.06,Network flood + Disk thrash suspected
server_17,22:24:10,22:24:40,1046.06,6425.76,Disk thrash suspected
server_17,22:24:20,22:24:50,400.7,8206.82,Disk thrash suspected
server_17,22:24:30,22:25:00,622.33,8206.82,Disk thrash suspected
server_17,22:24:40,22:25:10,679.5,8206.82,Disk thrash suspected
server_17,22:24:50,22:25:20,679.5,119.48,
server_17,22:25:00,22:25:30,705.51,4918.72,Disk thrash suspected
server_17,22:25:10,22:25:40,876.28,4918.72,Disk thrash suspected
server_17,22:25:20,22:25:50,15768.98,9549.7,Network flood + Disk thrash suspected
server_17,22:25:30,22:26:00,15768.98,9549.7,Network flood + Disk thrash suspected
server_17,22:25:40,22:26:10,15768.98,9549.7,Network flood + Disk thrash suspected
server_17,22:25:50,22:26:20,846.04,6187.05,Disk thrash suspected
server_17,22:26:00,22:26:30,11421.12,6187.05,Network flood + Disk thrash suspected
server_17,22:26:10,22:26:40,15351.05,7278.81,Network flood + Disk thrash suspected
server_17,22:26:20,22:26:50,15351.05,9610.21,Network flood + Disk thrash suspected
server_17,22:26:30,22:27:00,15351.05,9610.21,Network flood + Disk thrash suspected
server_17,22:26:40,22:27:10,10822.22,9610.21,Network flood + Disk thrash suspected
server_17,22:26:50,22:27:20,10822.22,512.64,Possible DDoS
server_17,22:27:00,22:27:30,10822.22,512.64,Possible DDoS
server_17,22:27:10,22:27:40,9830.25,648.78,Possible DDoS
server_17,22:27:20,22:27:50,9830.25,648.78,Possible DDoS
server_17,22:27:30,22:28:00,9830.25,648.78,Possible DDoS
server_17,22:27:40,22:28:10,6388.75,1720.75,Possible DDoS
server_17,22:27:50,22:28:20,18766.57,1720.75,Possible DDoS
server_17,22:28:00,22:28:30,18766.57,1720.75,Possible DDoS
server_17,22:28:10,22:28:40,18766.57,7860.17,Network flood + Disk thrash suspected
server_17,22:28:20,22:28:50,8266.45,7860.17,Network flood + Disk thrash suspected
server_17,22:28:30,22:29:00,8266.45,7860.17,Network flood + Disk thrash suspected
server_17,22:28:40,22:29:10,8266.45,65.44,Possible DDoS
server_17,22:28:50,22:29:20,922.25,130.68,
server_17,22:29:00,22:29:30,738.71,130.68,
server_17,22:29:10,22:29:40,2179.68,1284.33,
server_17,22:29:20,22:29:50,2179.68,1284.33,
server_17,22:29:30,22:30:00,2179.68,1284.33,
server_17,22:29:40,22:30:10,864.77,5771.08,Disk thrash suspected
server_17,22:29:50,22:30:20,17165.85,5771.08,Network flood + Disk thrash suspected
server_17,22:30:00,22:30:30,17165.85,5771.08,Network flood + Disk thrash suspected
server_17,22:30:10,22:30:40,17165.85,1414.9,Possible DDoS
server_17,22:30:20,22:30:50,2895.86,1414.9,
server_17,22:30:30,22:31:00,2895.86,1414.9,
server_17,22:30:40,22:31:10,1027.46,67.44,
server_17,22:30:50,22:31:20,1027.46,67.44,
server_17,22:31:00,22:31:30,1872.77,983.95,
server_17,22:31:10,22:31:40,1872.77,983.95,
server_17,22:31:20,22:31:50,1872.77,983.95,
server_17,22:31:30,22:32:00,4067.25,615.12,Possible DDoS
server_17,22:31:40,22:32:10,18217.31,615.12,Possible DDoS
server_17,22:31:50,22:32:20,18217.31,615.12,Possible DDoS
server_17,22:32:00,22:32:30,18217.31,1446.41,Possible DDoS
server_17,22:32:10,22:32:40,17753.96,1446.41,Possible DDoS
server_17,22:32:20,22:32:50,17753.96,1446.41,Possible DDoS
server_17,22:32:30,22:33:00,17753.96,127.54,Possible DDoS
server_17,22:32:40,22:33:10,12804.53,127.54,Possible DDoS
server_17,22:32:50,22:33:20,14527.12,1641.0,Possible DDoS
server_17,22:33:00,22:33:30,14527.12,5250.66,Network flood + Disk thrash suspected
server_17,22:33:10,22:33:40,14527.12,5250.66,Network flood + Disk thrash suspected
server_17,22:33:20,22:33:50,1877.39,5250.66,Disk thrash suspected
server_17,22:33:30,22:34:00,1877.39,1759.79,
server_17,22:33:40,22:34:10,1877.39,1759.79,
server_17,22:33:50,22:34:20,967.03,129.14,
server_17,22:34:00,22:34:30,967.03,91.16,
server_17,22:34:10,22:34:40,703.2,91.16,
server_17,22:34:20,22:34:50,703.2,78.91,
server_17,22:34:30,22:35:00,703.2,65.14,
server_17,22:34:40,22:35:10,790.81,55.15,
server_17,22:34:50,22:35:20,790.81,8619.76,Disk thrash suspected
server_17,22:35:00,22:35:30,895.92,8619.76,Disk thrash suspected
server_17,22:35:10,22:35:40,895.92,8619.76,Disk thrash suspected
server_17,22:35:20,22:35:50,13182.02,8529.78,Network flood + Disk thrash suspected
server_17,22:35:30,22:36:00,13182.02,8529.78,Network flood + Disk thrash suspected
server_17,22:35:40,22:36:10,13182.02,763.82,Possible DDoS
server_17,22:35:50,22:36:20,4516.9,1108.83,Possible DDoS
server_17,22:36:00,22:36:30,2786.48,1108.83,
server_17,22:36:10,22:36:40,2786.48,1108.83,
server_17,22:36:20,22:36:50,7743.28,98.99,Possible DDoS
server_17,22:36:30,22:37:00,7743.28,1365.63,Possible DDoS
server_17,22:36:40,22:37:10,7743.28,1365.63,Possible DDoS
server_17,22:36:50,22:37:20,2597.36,6542.58,Disk thrash suspected
server_17,22:37:00,22:37:30,1326.57,6542.58,Disk thrash suspected
server_17,22:37:10,22:37:40,1326.57,8689.09,Disk thrash suspected
server_17,22:37:20,22:37:50,1326.57,8689.09,Disk thrash suspected
server_17,22:37:30,22:38:00,3314.44,8689.09,Disk thrash suspected
server_17,22:37:40,22:38:10,13607.99,1360.48,Possible DDoS
server_17,22:37:50,22:38:20,13607.99,1360.48,Possible DDoS
server_17,22:38:00,22:38:30,13607.99,5835.27,Network flood + Disk thrash suspected
server_17,22:38:10,22:38:40,1033.27,5835.27,Disk thrash suspected
server_17,22:38:20,22:38:50,1033.27,5835.27,Disk thrash suspected
server_17,22:38:30,22:39:00,1033.27,9614.81,Disk thrash suspected
server_17,22:38:40,22:39:10,582.42,9614.81,Disk thrash suspected
server_17,22:38:50,22:39:20,831.68,9614.81,Disk thrash suspected
server_17,22:39:00,22:39:30,831.68,7803.33,Disk thrash suspected
server_17,22:39:10,22:39:40,831.68,7803.33,Disk thrash suspected
server_17,22:39:20,22:39:50,763.6,138.49,
server_17,22:39:30,22:40:00,892.81,147.53,
server_17,22:39:40,22:40:10,4801.06,1306.29,Possible DDoS
server_17,22:39:50,22:40:20,18584.74,1306.29,Possible DDoS
server_17,22:40:00,22:40:30,18584.74,1306.29,Possible DDoS
server_17,22:40:10,22:40:40,18584.74,198.2,Possible DDoS
server_17,22:40:20,22:40:50,14381.83,198.2,Possible DDoS
server_17,22:40:30,22:41:00,19052.13,198.2,Possible DDoS
server_17,22:40:40,22:41:10,19052.13,171.45,Possible DDoS
server_17,22:40:50,22:41:20,19052.13,171.45,Possible DDoS
server_17,22:41:00,22:41:30,8953.09,171.45,Possible DDoS
server_17,22:41:10,22:41:40,8953.09,3520.02,Network flood + Disk thrash suspected
server_17,22:41:20,22:41:50,8953.09,3520.02,Network flood + Disk thrash suspected
server_17,22:41:30,22:42:00,5297.26,3520.02,Network flood + Disk thrash suspected
server_17,22:41:40,22:42:10,5297.26,178.34,Possible DDoS
server_17,22:41:50,22:42:20,1004.48,109.41,
server_17,22:42:00,22:42:30,19720.29,130.3,Possible DDoS
server_17,22:42:10,22:42:40,19720.29,130.3,Possible DDoS
server_17,22:42:20,22:42:50,19720.29,1818.71,Possible DDoS
server_17,22:42:30,22:43:00,4103.42,1818.71,Possible DDoS
server_17,22:42:40,22:43:10,4103.42,1818.71,Possible DDoS
server_17,22:42:50,22:43:20,19173.13,165.43,Possible DDoS
server_17,22:43:00,22:43:30,19173.13,166.06,Possible DDoS
server_17,22:43:10,22:43:40,19173.13,1289.59,Possible DDoS
server_17,22:43:20,22:43:50,5254.9,1289.59,Possible DDoS
server_17,22:43:30,22:44:00,5254.9,1289.59,Possible DDoS
server_17,22:43:40,22:44:10,5254.9,80.49,Possible DDoS
server_17,22:43:50,22:44:20,13284.74,73.48,Possible DDoS
server_17,22:44:00,22:44:30,13284.74,75.85,Possible DDoS
server_17,22:44:10,22:44:40,13284.74,75.85,Possible DDoS
server_17,22:44:20,22:44:50,15999.07,75.85,Possible DDoS
server_17,22:44:30,22:45:00,15999.07,926.33,Possible DDoS
server_17,22:44:40,22:45:10,15999.07,1614.45,Possible DDoS
server_17,22:44:50,22:45:20,4317.09,3318.66,Possible DDoS
server_17,22:45:00,22:45:30,13576.0,3318.66,Possible DDoS
server_17,22:45:10,22:45:40,13576.0,3318.66,Possible DDoS
server_17,22:45:20,22:45:50,13576.0,168.71,Possible DDoS
server_17,22:45:30,22:46:00,525.99,7118.14,Disk thrash suspected
server_17,22:45:40,22:46:10,11431.94,7118.14,Network flood + Disk thrash suspected
server_17,22:45:50,22:46:20,11431.94,9429.53,Network flood + Disk thrash suspected
server_17,22:46:00,22:46:30,11431.94,9429.53,Network flood + Disk thrash suspected
server_17,22:46:10,22:46:40,999.77,9429.53,Disk thrash suspected
server_17,22:46:20,22:46:50,999.77,171.24,
server_17,22:46:30,22:47:00,3755.16,1569.58,Possible DDoS
server_17,22:46:40,22:47:10,3755.16,1569.58,Possible DDoS
server_17,22:46:50,22:47:20,10145.76,3432.17,Possible DDoS
server_17,22:47:00,22:47:30,10145.76,3432.17,Possible DDoS
server_17,22:47:10,22:47:40,10145.76,4294.91,Network flood + Disk thrash suspected
server_17,22:47:20,22:47:50,957.26,4294.91,Disk thrash suspected
server_17,22:47:30,22:48:00,681.21,4294.91,Disk thrash suspected
server_17,22:47:40,22:48:10,11906.93,62.16,Possible DDoS
server_17,22:47:50,22:48:20,11906.93,80.38,Possible DDoS
server_17,22:48:00,22:48:30,11906.93,3658.41,Network flood + Disk thrash suspected
server_17,22:48:10,22:48:40,979.92,3658.41,Disk thrash suspected
server_17,22:48:20,22:48:50,979.92,3658.41,Disk thrash suspected
server_17,22:48:30,22:49:00,979.92,186.21,
server_17,22:48:40,22:49:10,925.44,186.21,
server_17,22:48:50,22:49:20,649.11,127.63,
server_17,22:49:00,22:49:30,649.11,7174.56,Disk thrash suspected
server_17,22:49:10,22:49:40,1005.39,7174.56,Disk thrash suspected
server_17,22:49:20,22:49:50,1005.39,7174.56,Disk thrash suspected
server_17,22:49:30,22:50:00,17169.13,135.63,Possible DDoS
server_17,22:49:40,22:50:10,17169.13,1133.46,Possible DDoS
server_17,22:49:50,22:50:20,17169.13,9361.65,Network flood + Disk thrash suspected
server_17,22:50:00,22:50:30,2238.39,9361.65,Disk thrash suspected
server_17,22:50:10,22:50:40,18011.57,9361.65,Network flood + Disk thrash suspected
server_17,22:50:20,22:50:50,18011.57,6777.62,Network flood + Disk thrash suspected
server_17,22:50:30,22:51:00,18011.57,89.05,Possible DDoS
server_17,22:50:40,22:51:10,14043.15,99.79,Possible DDoS
server_17,22:50:50,22:51:20,14043.15,99.79,Possible DDoS
server_17,22:51:00,22:51:30,5789.79,99.79,Possible DDoS
server_17,22:51:10,22:51:40,854.33,8491.97,Disk thrash suspected
server_17,22:51:20,22:51:50,3076.72,8491.97,Disk thrash suspected
server_17,22:51:30,22:52:00,8004.2,8491.97,Network flood + Disk thrash suspected
server_17,22:51:40,22:52:10,13748.49,9260.18,Network flood + Disk thrash suspected
server_17,22:51:50,22:52:20,18630.96,9260.18,Network flood + Disk thrash suspected
server_17,22:52:00,22:52:30,18630.96,9260.18,Network flood + Disk thrash suspected
server_17,22:52:10,22:52:40,18630.96,8834.1,Network flood + Disk thrash suspected
server_17,22:52:20,22:52:50,12529.74,8834.1,Network flood + Disk thrash suspected
server_17,22:52:30,22:53:00,12529.74,4548.18,Network flood + Disk thrash suspected
server_17,22:52:40,22:53:10,547.77,4548.18,Disk thrash suspected
server_17,22:52:50,22:53:20,547.77,164.85,
server_18,20:53:00,20:53:30,18641.9,5012.67,Network flood + Disk thrash suspected
server_18,20:53:10,20:53:40,337.86,7364.69,Disk thrash suspected
server_18,20:53:20,20:53:50,955.0,7364.69,Disk thrash suspected
server_18,20:53:30,20:54:00,6255.3,7364.69,Network flood + Disk thrash suspected
server_18,20:53:40,20:54:10,6255.3,767.62,Possible DDoS
server_18,20:53:50,20:54:20,6255.3,5789.43,Network flood + Disk thrash suspected
server_18,20:54:00,20:54:30,4432.04,5789.43,Network flood + Disk thrash suspected
server_18,20:54:10,20:54:40,8665.45,5789.43,Network flood + Disk thrash suspected
server_18,20:54:20,20:54:50,8665.45,170.14,Possible DDoS
server_18,20:54:30,20:55:00,8665.45,145.69,Possible DDoS
server_18,20:54:40,20:55:10,986.43,5809.2,Disk thrash suspected
server_18,20:54:50,20:55:20,986.43,6690.87,Disk thrash suspected
server_18,20:55:00,20:55:30,986.43,8388.98,Disk thrash suspected
server_18,20:55:10,20:55:40,926.09,8388.98,Disk thrash suspected
server_18,20:55:20,20:55:50,4238.84,8388.98,Network flood + Disk thrash suspected
server_18,20:55:30,20:56:00,4238.84,869.13,Possible DDoS
server_18,20:55:40,20:56:10,7698.36,869.13,Possible DDoS
server_18,20:55:50,20:56:20,7698.36,156.62,Possible DDoS
server_18,20:56:00,20:56:30,18310.37,156.62,Possible DDoS
server_18,20:56:10,20:56:40,18310.37,167.24,Possible DDoS
server_18,20:56:20,20:56:50,18310.37,167.24,Possible DDoS
server_18,20:56:30,20:57:00,483.12,167.24,
server_18,20:56:40,20:57:10,1005.74,950.51,
server_18,20:56:50,20:57:20,4593.08,1156.57,Possible DDoS
server_18,20:57:00,20:57:30,4593.08,1156.57,Possible DDoS
server_18,20:57:10,20:57:40,7905.53,1156.57,Possible DDoS
server_18,20:57:20,20:57:50,7905.53,1478.87,Possible DDoS
server_18,20:57:30,20:58:00,7905.53,5013.03,Network flood + Disk thrash suspected
server_18,20:57:40,20:58:10,12982.71,5013.03,Network flood + Disk thrash suspected
server_18,20:57:50,20:58:20,12982.71,5013.03,Network flood + Disk thrash suspected
server_18,20:58:00,20:58:30,16604.44,199.12,Possible DDoS
server_18,20:58:10,20:58:40,16604.44,123.22,Possible DDoS
server_18,20:58:20,20:58:50,16604.44,123.22,Possible DDoS
server_18,20:58:30,20:59:00,6677.23,1980.03,Possible DDoS
server_18,20:58:40,20:59:10,6677.23,1980.03,Possible DDoS
server_18,20:58:50,20:59:20,6677.23,1980.03,Possible DDoS
server_18,20:59:00,20:59:30,882.27,9143.61,Disk thrash suspected
server_18,20:59:10,20:59:40,880.32,9143.61,Disk thrash suspected
server_18,20:59:20,20:59:50,678.91,9143.61,Disk thrash suspected
server_18,20:59:30,21:00:00,796.53,6562.77,Disk thrash suspected
server_18,20:59:40,21:00:10,4740.04,6562.77,Network flood + Disk thrash suspected
server_18,20:59:50,21:00:20,4740.04,6562.77,Network flood + Disk thrash suspected
server_18,21:00:00,21:00:30,4740.04,652.66,Possible DDoS
server_18,21:00:10,21:00:40,970.21,3229.96,
server_18,21:00:20,21:00:50,917.36,3229.96,
server_18,21:00:30,21:01:00,917.36,3229.96,
server_18,21:00:40,21:01:10,1034.81,93.17,
server_18,21:00:50,21:01:20,1471.16,1304.36,
server_18,21:01:00,21:01:30,1471.16,9815.76,Disk thrash suspected
server_18,21:01:10,21:01:40,1471.16,9815.76,Disk thrash suspected
server_18,21:01:20,21:01:50,11342.04,9815.76,Network flood + Disk thrash suspected
server_18,21:01:30,21:02:00,11342.04,134.05,Possible DDoS
server_18,21:01:40,21:02:10,13181.84,129.05,Possible DDoS
server_18,21:01:50,21:02:20,15415.87,129.05,Possible DDoS
server_18,21:02:00,21:02:30,15432.13,146.51,Possible DDoS
server_18,21:02:10,21:02:40,15432.13,146.51,Possible DDoS
server_18,21:02:20,21:02:50,15432.13,146.51,Possible DDoS
server_18,21:02:30,21:03:00,11741.94,70.31,Possible DDoS
server_18,21:02:40,21:03:10,11741.94,70.31,Possible DDoS
server_18,21:02:50,21:03:20,11741.94,60.56,Possible DDoS
server_18,21:03:00,21:03:30,903.67,128.63,
server_18,21:03:10,21:03:40,903.67,128.63,
server_18,21:03:20,21:03:50,890.41,128.63,
server_18,21:03:30,21:04:00,17097.73,126.13,Possible DDoS
server_18,21:03:40,21:04:10,17097.73,126.13,Possible DDoS
server_18,21:03:50,21:04:20,17097.73,112.53,Possible DDoS
server_18,21:04:00,21:04:30,948.36,141.22,
server_18,21:04:10,21:04:40,948.36,141.22,
server_18,21:04:20,21:04:50,919.15,3541.47,Disk thrash suspected
server_18,21:04:30,21:05:00,16724.17,3541.47,Network flood + Disk thrash suspected
server_18,21:04:40,21:05:10,16724.17,3541.47,Network flood + Disk thrash suspected
server_18,21:04:50,21:05:20,16724.17,8971.88,Network flood + Disk thrash suspected
server_18,21:05:00,21:05:30,4728.45,8971.88,Network flood + Disk thrash suspected
server_18,21:05:10,21:05:40,12279.68,8971.88,Network flood + Disk thrash suspected
server_18,21:05:20,21:05:50,14415.99,6986.61,Network flood + Disk thrash suspected
server_18,21:05:30,21:06:00,17963.1,184.15,Possible DDoS
server_18,21:05:40,21:06:10,17963.1,184.15,Possible DDoS
server_18,21:05:50,21:06:20,17963.1,184.15,Possible DDoS
server_18,21:06:00,21:06:30,600.16,9784.4,Disk thrash suspected
server_18,21:06:10,21:06:40,944.04,9784.4,Disk thrash suspected
server_18,21:06:20,21:06:50,956.01,9784.4,Disk thrash suspected
server_18,21:06:30,21:07:00,3870.09,753.17,Possible DDoS
server_18,21:06:40,21:07:10,3870.09,753.17,Possible DDoS
server_18,21:06:50,21:07:20,3870.09,5211.87,Network flood + Disk thrash suspected
server_18,21:07:00,21:07:30,849.79,7092.69,Disk thrash suspected
server_18,21:07:10,21:07:40,849.79,7092.69,Disk thrash suspected
server_18,21:07:20,21:07:50,849.79,7092.69,Disk thrash suspected
server_18,21:07:30,21:08:00,9789.26,5735.58,Network flood + Disk thrash suspected
server_18,21:07:40,21:08:10,19550.99,8644.98,Network flood + Disk thrash suspected
server_18,21:07:50,21:08:20,19550.99,8644.98,Network flood + Disk thrash suspected
server_18,21:08:00,21:08:30,19550.99,8644.98,Network flood + Disk thrash suspected
server_18,21:08:10,21:08:40,11414.09,9790.72,Network flood + Disk thrash suspected
server_18,21:08:20,21:08:50,4794.11,9790.72,Network flood + Disk thrash suspected
server_18,21:08:30,21:09:00,4794.11,9790.72,Network flood + Disk thrash suspected
server_18,21:08:40,21:09:10,4794.11,1199.66,Possible DDoS
server_18,21:08:50,21:09:20,4131.81,1199.66,Possible DDoS
server_18,21:09:00,21:09:30,4131.81,9520.13,Network flood + Disk thrash suspected
server_18,21:09:10,21:09:40,19309.12,9520.13,Network flood + Disk thrash suspected
server_18,21:09:20,21:09:50,19309.12,9520.13,Network flood + Disk thrash suspected
server_18,21:09:30,21:10:00,19309.12,901.69,Possible DDoS
server_18,21:09:40,21:10:10,11647.29,901.69,Possible DDoS
server_18,21:09:50,21:10:20,11647.29,111.02,Possible DDoS
server_18,21:10:00,21:10:30,10839.9,121.88,Possible DDoS
server_18,21:10:10,21:10:40,1028.01,3643.53,Disk thrash suspected
server_18,21:10:20,21:10:50,972.4,5682.17,Disk thrash suspected
server_18,21:10:30,21:11:00,992.72,5682.17,Disk thrash suspected
server_18,21:10:40,21:11:10,992.72,5682.17,Disk thrash suspected
server_18,21:10:50,21:11:20,6948.71,3748.82,Network flood + Disk thrash suspected
server_18,21:11:00,21:11:30,10206.6,3748.82,Network flood + Disk thrash suspected
server_18,21:11:10,21:11:40,18307.43,154.75,Possible DDoS
server_18,21:11:20,21:11:50,18307.43,840.63,Possible DDoS
server_18,21:11:30,21:12:00,18307.43,840.63,Possible DDoS
server_18,21:11:40,21:12:10,3484.62,840.63,
server_18,21:11:50,21:12:20,944.06,4486.05,Disk thrash suspected
server_18,21:12:00,21:12:30,944.06,4486.05,Disk thrash suspected
server_18,21:12:10,21:12:40,3585.6,4486.05,Network flood + Disk thrash suspected
server_18,21:12:20,21:12:50,12565.3,1250.26,Possible DDoS
server_18,21:12:30,21:13:00,12565.3,1250.26,Possible DDoS
server_18,21:12:40,21:13:10,14749.66,158.83,Possible DDoS
server_18,21:12:50,21:13:20,14749.66,9829.08,Network flood + Disk thrash suspected
server_18,21:13:00,21:13:30,14749.66,9829.08,Network flood + Disk thrash suspected
server_18,21:13:10,21:13:40,2981.75,9829.08,Disk thrash suspected
server_18,21:13:20,21:13:50,2981.75,1959.32,
server_18,21:13:30,21:14:00,2894.93,1796.9,
server_18,21:13:40,21:14:10,6172.87,1796.9,Possible DDoS
server_18,21:13:50,21:14:20,6172.87,172.78,Possible DDoS
server_18,21:14:00,21:14:30,6172.87,172.78,Possible DDoS
server_18,21:14:10,21:14:40,6478.63,117.4,Possible DDoS
server_18,21:14:20,21:14:50,6478.63,117.4,Possible DDoS
server_18,21:14:30,21:15:00,6478.63,3149.46,Possible DDoS
server_18,21:14:40,21:15:10,865.53,3149.46,
server_18,21:14:50,21:15:20,652.45,5724.59,Disk thrash suspected
server_18,21:15:00,21:15:30,652.45,5724.59,Disk thrash suspected
server_18,21:15:10,21:15:40,596.59,5724.59,Disk thrash suspected
server_18,21:15:20,21:15:50,17605.58,146.58,Possible DDoS
server_18,21:15:30,21:16:00,17605.58,146.58,Possible DDoS
server_18,21:15:40,21:16:10,17605.58,146.58,Possible DDoS
server_18,21:15:50,21:16:20,6253.97,4936.0,Network flood + Disk thrash suspected
server_18,21:16:00,21:16:30,4682.64,6954.33,Network flood + Disk thrash suspected
server_18,21:16:10,21:16:40,4682.64,6954.33,Network flood + Disk thrash suspected
server_18,21:16:20,21:16:50,10084.81,6954.33,Network flood + Disk thrash suspected
server_18,21:16:30,21:17:00,10084.81,3295.09,Possible DDoS
server_18,21:16:40,21:17:10,15772.02,128.35,Possible DDoS
server_18,21:16:50,21:17:20,15772.02,1314.6,Possible DDoS
server_18,21:17:00,21:17:30,15772.02,8766.95,Network flood + Disk thrash suspected
server_18,21:17:10,21:17:40,6419.78,8766.95,Network flood + Disk thrash suspected
server_18,21:17:20,21:17:50,611.02,9737.63,Disk thrash suspected
server_18,21:17:30,21:18:00,658.57,9737.63,Disk thrash suspected
server_18,21:17:40,21:18:10,658.57,9737.63,Disk thrash suspected
server_18,21:17:50,21:18:20,658.57,5693.99,Disk thrash suspected
server_18,21:18:00,21:18:30,9147.24,5693.99,Network flood + Disk thrash suspected
server_18,21:18:10,21:18:40,9147.24,148.83,Possible DDoS
server_18,21:18:20,21:18:50,9147.24,148.83,Possible DDoS
server_18,21:18:30,21:19:00,8063.65,1665.03,Possible DDoS
server_18,21:18:40,21:19:10,8063.65,1665.03,Possible DDoS
server_18,21:18:50,21:19:20,3193.84,1665.03,
server_18,21:19:00,21:19:30,3193.84,1180.21,
server_18,21:19:10,21:19:40,3193.84,1180.21,
server_18,21:19:20,21:19:50,8567.43,137.22,Possible DDoS
server_18,21:19:30,21:20:00,8567.43,6890.44,Network flood + Disk thrash suspected
server_18,21:19:40,21:20:10,16447.82,6890.44,Network flood + Disk thrash suspected
server_18,21:19:50,21:20:20,16447.82,6890.44,Network flood + Disk thrash suspected
server_18,21:20:00,21:20:30,16447.82,180.47,Possible DDoS
server_18,21:20:10,21:20:40,1019.25,180.47,
server_18,21:20:20,21:20:50,973.44,114.44,
server_18,21:20:30,21:21:00,4665.22,1326.54,Possible DDoS
server_18,21:20:40,21:21:10,4665.22,1326.54,Possible DDoS
server_18,21:20:50,21:21:20,4665.22,6653.06,Network flood + Disk thrash suspected
server_18,21:21:00,21:21:30,838.94,6653.06,Disk thrash suspected
server_18,21:21:10,21:21:40,990.71,6653.06,Disk thrash suspected
server_18,21:21:20,21:21:50,4207.57,589.41,Possible DDoS
server_18,21:21:30,21:22:00,4207.57,4589.33,Network flood + Disk thrash suspected
server_18,21:21:40,21:22:10,19875.74,4589.33,Network flood + Disk thrash suspected
server_18,21:21:50,21:22:20,19875.74,4589.33,Network flood + Disk thrash suspected
server_18,21:22:00,21:22:30,19875.74,96.5,Possible DDoS
server_18,21:22:10,21:22:40,927.15,96.5,
server_18,21:22:20,21:22:50,3047.27,879.45,
server_18,21:22:30,21:23:00,3047.27,879.45,
server_18,21:22:40,21:23:10,3047.27,879.45,
server_18,21:22:50,21:23:20,17958.17,186.84,Possible DDoS
server_18,21:23:00,21:23:30,17958.17,225.37,Possible DDoS
server_18,21:23:10,21:23:40,17958.17,685.06,Possible DDoS
server_18,21:23:20,21:23:50,4326.28,685.06,Possible DDoS
server_18,21:23:30,21:24:00,4326.28,685.06,Possible DDoS
server_18,21:23:40,21:24:10,1021.62,141.4,
server_18,21:23:50,21:24:20,13446.94,152.49,Possible DDoS
server_18,21:24:00,21:24:30,13446.94,152.49,Possible DDoS
server_18,21:24:10,21:24:40,13446.94,152.49,Possible DDoS
server_18,21:24:20,21:24:50,629.64,8235.55,Disk thrash suspected
server_18,21:24:30,21:25:00,629.64,8235.55,Disk thrash suspected
server_18,21:24:40,21:25:10,13336.33,8235.55,Network flood + Disk thrash suspected
server_18,21:24:50,21:25:20,18201.18,646.99,Possible DDoS
server_18,21:25:00,21:25:30,18201.18,646.99,Possible DDoS
server_18,21:25:10,21:25:40,18201.18,143.52,Possible DDoS
server_18,21:25:20,21:25:50,1077.64,143.52,
server_18,21:25:30,21:26:00,1077.64,8205.06,Disk thrash suspected
server_18,21:25:40,21:26:10,498.14,8205.06,Disk thrash suspected
server_18,21:25:50,21:26:20,963.61,8205.06,Disk thrash suspected
server_18,21:26:00,21:26:30,981.48,3256.43,
server_18,21:26:10,21:26:40,981.48,7455.77,Disk thrash suspected
server_18,21:26:20,21:26:50,981.48,7455.77,Disk thrash suspected
server_18,21:26:30,21:27:00,978.18,7455.77,Disk thrash suspected
server_18,21:26:40,21:27:10,998.31,3566.19,Disk thrash suspected
server_18,21:26:50,21:27:20,998.31,105.18,
server_18,21:27:00,21:27:30,19553.55,105.18,Possible DDoS
server_18,21:27:10,21:27:40,19553.55,149.51,Possible DDoS
server_18,21:27:20,21:27:50,19553.55,1229.47,Possible DDoS
server_18,21:27:30,21:28:00,2130.45,1229.47,
server_18,21:27:40,21:28:10,11046.22,7283.05,Network flood + Disk thrash suspected
server_18,21:27:50,21:28:20,11046.22,7283.05,Network flood + Disk thrash suspected
server_18,21:28:00,21:28:30,11046.22,7283.05,Network flood + Disk thrash suspected
server_18,21:28:10,21:28:40,4285.39,3198.1,Possible DDoS
server_18,21:28:20,21:28:50,4285.39,1104.87,Possible DDoS
server_18,21:28:30,21:29:00,4285.39,1104.87,Possible DDoS
server_18,21:28:40,21:29:10,945.61,8290.13,Disk thrash suspected
server_18,21:28:50,21:29:20,945.61,8290.13,Disk thrash suspected
server_18,21:29:00,21:29:30,980.39,8290.13,Disk thrash suspected
server_18,21:29:10,21:29:40,3316.73,4665.79,Disk thrash suspected
server_18,21:29:20,21:29:50,3316.73,4665.79,Disk thrash suspected
server_18,21:29:30,21:30:00,3316.73,4665.79,Disk thrash suspected
server_18,21:29:40,21:30:10,625.14,99.72,
server_18,21:29:50,21:30:20,3372.17,1848.23,
server_18,21:30:00,21:30:30,3372.17,1848.23,
server_18,21:30:10,21:30:40,3372.17,1848.23,
server_18,21:30:20,21:30:50,5285.61,172.7,Possible DDoS
server_18,21:30:30,21:31:00,5285.61,9870.14,Network flood + Disk thrash suspected
server_18,21:30:40,21:31:10,5285.61,9870.14,Network flood + Disk thrash suspected
server_18,21:30:50,21:31:20,1432.03,9870.14,Disk thrash suspected
server_18,21:31:00,21:31:30,1432.03,7839.46,Disk thrash suspected
server_18,21:31:10,21:31:40,1004.57,7839.46,Disk thrash suspected
server_18,21:31:20,21:31:50,3616.61,1023.83,Possible DDoS
server_18,21:31:30,21:32:00,3616.61,4476.68,Network flood + Disk thrash suspected
server_18,21:31:40,21:32:10,3616.61,4476.68,Network flood + Disk thrash suspected
server_18,21:31:50,21:32:20,1008.51,4476.68,Disk thrash suspected
server_18,21:32:00,21:32:30,826.89,5090.64,Disk thrash suspected
server_18,21:32:10,21:32:40,5074.4,5090.64,Network flood + Disk thrash suspected
server_18,21:32:20,21:32:50,5074.4,5090.64,Network flood + Disk thrash suspected
server_18,21:32:30,21:33:00,14181.94,119.8,Possible DDoS
server_18,21:32:40,21:33:10,14181.94,119.8,Possible DDoS
server_18,21:32:50,21:33:20,14181.94,119.8,Possible DDoS
server_18,21:33:00,21:33:30,1028.87,5400.03,Disk thrash suspected
server_18,21:33:10,21:33:40,1771.73,5400.03,Disk thrash suspected
server_18,21:33:20,21:33:50,1771.73,5400.03,Disk thrash suspected
server_18,21:33:30,21:34:00,1771.73,1507.64,
server_18,21:33:40,21:34:10,17562.59,1187.65,Possible DDoS
server_18,21:33:50,21:34:20,17562.59,6885.24,Network flood + Disk thrash suspected
server_18,21:34:00,21:34:30,17562.59,6885.24,Network flood + Disk thrash suspected
server_18,21:34:10,21:34:40,913.25,6885.24,Disk thrash suspected
server_18,21:34:20,21:34:50,913.25,6158.45,Disk thrash suspected
server_18,21:34:30,21:35:00,911.95,159.79,
server_18,21:34:40,21:35:10,3736.53,1511.28,Possible DDoS
server_18,21:34:50,21:35:20,3736.53,1511.28,Possible DDoS
server_18,21:35:00,21:35:30,3736.53,7208.45,Network flood + Disk thrash suspected
server_18,21:35:10,21:35:40,987.46,7208.45,Disk thrash suspected
server_18,21:35:20,21:35:50,987.46,7208.45,Disk thrash suspected
server_18,21:35:30,21:36:00,1596.52,1277.27,
server_18,21:35:40,21:36:10,1596.52,1277.27,
server_18,21:35:50,21:36:20,1596.52,1277.27,
server_18,21:36:00,21:36:30,18400.67,119.27,Possible DDoS
server_18,21:36:10,21:36:40,18400.67,119.27,Possible DDoS
server_18,21:36:20,21:36:50,18400.67,5070.39,Network flood + Disk thrash suspected
server_18,21:36:30,21:37:00,902.6,6296.58,Disk thrash suspected
server_18,21:36:40,21:37:10,761.3,6296.58,Disk thrash suspected
server_18,21:36:50,21:37:20,17242.69,6296.58,Network flood + Disk thrash suspected
server_18,21:37:00,21:37:30,17242.69,4177.31,Network flood + Disk thrash suspected
server_18,21:37:10,21:37:40,17242.69,8595.36,Network flood + Disk thrash suspected
server_18,21:37:20,21:37:50,13259.59,8595.36,Network flood + Disk thrash suspected
server_18,21:37:30,21:38:00,13259.59,8595.36,Network flood + Disk thrash suspected
server_18,21:37:40,21:38:10,13259.59,3926.88,Network flood + Disk thrash suspected
server_18,21:37:50,21:38:20,2523.06,3926.88,Disk thrash suspected
server_18,21:38:00,21:38:30,3852.17,3926.88,Network flood + Disk thrash suspected
server_18,21:38:10,21:38:40,3852.17,9655.08,Network flood + Disk thrash suspected
server_18,21:38:20,21:38:50,3852.17,9655.08,Network flood + Disk thrash suspected
server_18,21:38:30,21:39:00,3648.76,9655.08,Network flood + Disk thrash suspected
server_18,21:38:40,21:39:10,3648.76,6653.52,Network flood + Disk thrash suspected
server_18,21:38:50,21:39:20,676.12,6653.52,Disk thrash suspected
server_18,21:39:00,21:39:30,1080.99,6653.52,Disk thrash suspected
server_18,21:39:10,21:39:40,1080.99,4492.43,Disk thrash suspected
server_18,21:39:20,21:39:50,8214.25,9599.28,Network flood + Disk thrash suspected
server_18,21:39:30,21:40:00,8214.25,9599.28,Network flood + Disk thrash suspected
server_18,21:39:40,21:40:10,8214.25,9599.28,Network flood + Disk thrash suspected
server_18,21:39:50,21:40:20,19021.38,773.03,Possible DDoS
server_18,21:40:00,21:40:30,19021.38,773.03,Possible DDoS
server_18,21:40:10,21:40:40,19021.38,1235.29,Possible DDoS
server_18,21:40:20,21:40:50,16726.68,1277.27,Possible DDoS
server_18,21:40:30,21:41:00,16726.68,1277.27,Possible DDoS
server_18,21:40:40,21:41:10,2390.12,9246.74,Disk thrash suspected
server_18,21:40:50,21:41:20,2390.12,9246.74,Disk thrash suspected
server_18,21:41:00,21:41:30,2390.12,9246.74,Disk thrash suspected
server_18,21:41:10,21:41:40,3151.55,7246.85,Disk thrash suspected
server_18,21:41:20,21:41:50,3151.55,9644.66,Disk thrash suspected
server_18,21:41:30,21:42:00,3151.55,9644.66,Disk thrash suspected
server_18,21:41:40,21:42:10,1019.29,9644.66,Disk thrash suspected
server_18,21:41:50,21:42:20,17640.04,141.84,Possible DDoS
server_18,21:42:00,21:42:30,17640.04,141.84,Possible DDoS
server_18,21:42:10,21:42:40,17640.04,141.84,Possible DDoS
server_18,21:42:20,21:42:50,15637.17,121.87,Possible DDoS
server_18,21:42:30,21:43:00,15015.57,139.51,Possible DDoS
server_18,21:42:40,21:43:10,4120.33,9088.93,Network flood + Disk thrash suspected
server_18,21:42:50,21:43:20,4120.33,9088.93,Network flood + Disk thrash suspected
server_18,21:43:00,21:43:30,4120.33,9088.93,Network flood + Disk thrash suspected
server_18,21:43:10,21:43:40,951.15,251.0,
server_18,21:43:20,21:43:50,951.15,130.36,
server_18,21:43:30,21:44:00,961.42,116.3,
server_18,21:43:40,21:44:10,14261.41,129.2,Possible DDoS
server_18,21:43:50,21:44:20,14261.41,1498.84,Possible DDoS
server_18,21:44:00,21:44:30,14261.41,4101.66,Network flood + Disk thrash suspected
server_18,21:44:10,21:44:40,1482.79,4101.66,Disk thrash suspected
server_18,21:44:20,21:44:50,931.42,4101.66,Disk thrash suspected
server_18,21:44:30,21:45:00,931.42,122.28,
server_18,21:44:40,21:45:10,931.42,158.42,
server_18,21:44:50,21:45:20,905.98,158.42,
server_18,21:45:00,21:45:30,905.98,158.42,
server_18,21:45:10,21:45:40,991.6,77.51,
server_18,21:45:20,21:45:50,991.6,68.15,
server_18,21:45:30,21:46:00,7101.13,68.15,Possible DDoS
server_18,21:45:40,21:46:10,7101.13,111.16,Possible DDoS
server_18,21:45:50,21:46:20,7101.13,111.16,Possible DDoS
server_18,21:46:00,21:46:30,975.91,111.16,
server_18,21:46:10,21:46:40,8661.78,118.87,Possible DDoS
server_18,21:46:20,21:46:50,8661.78,118.87,Possible DDoS
server_18,21:46:30,21:47:00,8661.78,1019.61,Possible DDoS
server_18,21:46:40,21:47:10,8539.96,1019.61,Possible DDoS
server_18,21:46:50,21:47:20,3582.4,1019.61,Possible DDoS
server_18,21:47:00,21:47:30,728.41,5601.11,Disk thrash suspected
server_18,21:47:10,21:47:40,708.86,5601.11,Disk thrash suspected
server_18,21:47:20,21:47:50,690.32,5601.11,Disk thrash suspected
server_18,21:47:30,21:48:00,916.04,5587.56,Disk thrash suspected
server_18,21:47:40,21:48:10,916.04,8415.77,Disk thrash suspected
server_18,21:47:50,21:48:20,916.04,8415.77,Disk thrash suspected
server_18,21:48:00,21:48:30,872.46,8415.77,Disk thrash suspected
server_18,21:48:10,21:48:40,954.73,100.54,
server_18,21:48:20,21:48:50,11349.84,1047.3,Possible DDoS
server_18,21:48:30,21:49:00,11349.84,1047.3,Possible DDoS
server_18,21:48:40,21:49:10,13359.62,1047.3,Possible DDoS
server_18,21:48:50,21:49:20,13359.62,125.6,Possible DDoS
server_18,21:49:00,21:49:30,13359.62,125.6,Possible DDoS
server_18,21:49:10,21:49:40,964.57,125.6,
server_18,21:49:20,21:49:50,945.24,83.52,
server_18,21:49:30,21:50:00,3243.89,1065.7,
server_18,21:49:40,21:50:10,3243.89,1065.7,
server_18,21:49:50,21:50:20,3243.89,1065.7,
server_18,21:50:00,21:50:30,911.24,6674.17,Disk thrash suspected
server_18,21:50:10,21:50:40,844.18,6674.17,Disk thrash suspected
server_18,21:50:20,21:50:50,672.24,7413.89,Disk thrash suspected
server_18,21:50:30,21:51:00,1703.52,7413.89,Disk thrash suspected
server_18,21:50:40,21:51:10,16043.43,7413.89,Network flood + Disk thrash suspected
server_18,21:50:50,21:51:20,16043.43,1721.98,Possible DDoS
server_18,21:51:00,21:51:30,16043.43,150.43,Possible DDoS
server_18,21:51:10,21:51:40,19971.86,150.43,Possible DDoS
server_18,21:51:20,21:51:50,19971.86,5396.37,Network flood + Disk thrash suspected
server_18,21:51:30,21:52:00,19971.86,8298.61,Network flood + Disk thrash suspected
server_18,21:51:40,21:52:10,1042.66,8298.61,Disk thrash suspected
server_18,21:51:50,21:52:20,10528.19,8298.61,Network flood + Disk thrash suspected
server_18,21:52:00,21:52:30,10528.19,5075.35,Network flood + Disk thrash suspected
server_18,21:52:10,21:52:40,10528.19,5075.35,Network flood + Disk thrash suspected
server_18,21:52:20,21:52:50,1046.78,5075.35,Disk thrash suspected
server_18,21:52:30,21:53:00,3920.3,1582.48,Possible DDoS
server_18,21:52:40,21:53:10,4380.47,1582.48,Possible DDoS
server_18,21:52:50,21:53:20,6661.84,1582.48,Possible DDoS
server_18,21:53:00,21:53:30,6661.84,1080.58,Possible DDoS
server_18,21:53:10,21:53:40,6661.84,1439.16,Possible DDoS
server_18,21:53:20,21:53:50,4168.05,1439.16,Possible DDoS
server_18,21:53:30,21:54:00,4168.05,1723.98,Possible DDoS
server_18,21:53:40,21:54:10,19081.95,1723.98,Possible DDoS
server_18,21:53:50,21:54:20,19081.95,1723.98,Possible DDoS
server_18,21:54:00,21:54:30,19081.95,209.49,Possible DDoS
server_18,21:54:10,21:54:40,593.79,209.49,
server_18,21:54:20,21:54:50,677.17,6153.15,Disk thrash suspected
server_18,21:54:30,21:55:00,677.17,6153.15,Disk thrash suspected
server_18,21:54:40,21:55:10,3915.88,6153.15,Network flood + Disk thrash suspected
server_18,21:54:50,21:55:20,3915.88,1722.24,Possible DDoS
server_18,21:55:00,21:55:30,3915.88,4077.69,Network flood + Disk thrash suspected
server_18,21:55:10,21:55:40,807.53,8477.32,Disk thrash suspected
server_18,21:55:20,21:55:50,11607.86,8477.32,Network flood + Disk thrash suspected
server_18,21:55:30,21:56:00,11607.86,8477.32,Network flood + Disk thrash suspected
server_18,21:55:40,21:56:10,11607.86,183.16,Possible DDoS
server_18,21:55:50,21:56:20,936.05,183.16,
server_18,21:56:00,21:56:30,1829.62,737.81,
server_18,21:56:10,21:56:40,3196.62,1040.36,
server_18,21:56:20,21:56:50,3196.62,1040.36,
server_18,21:56:30,21:57:00,19552.23,1040.36,Possible DDoS
server_18,21:56:40,21:57:10,19552.23,4502.41,Network flood + Disk thrash suspected
server_18,21:56:50,21:57:20,19552.23,4502.41,Network flood + Disk thrash suspected
server_18,21:57:00,21:57:30,13244.21,4502.41,Network flood + Disk thrash suspected
server_18,21:57:10,21:57:40,5773.0,670.65,Possible DDoS
server_18,21:57:20,21:57:50,5773.0,670.65,Possible DDoS
server_18,21:57:30,21:58:00,15717.97,57.88,Possible DDoS
server_18,21:57:40,21:58:10,15717.97,8542.74,Network flood + Disk thrash suspected
server_18,21:57:50,21:58:20,15717.97,9855.65,Network flood + Disk thrash suspected
server_18,21:58:00,21:58:30,18085.39,9855.65,Network flood + Disk thrash suspected
server_18,21:58:10,21:58:40,18085.39,9855.65,Network flood + Disk thrash suspected
server_18,21:58:20,21:58:50,18085.39,944.2,Possible DDoS
server_18,21:58:30,21:59:00,4883.61,944.2,Possible DDoS
server_18,21:58:40,21:59:10,2597.11,1437.5,
server_18,21:58:50,21:59:20,2597.11,1437.5,
server_18,21:59:00,21:59:30,3022.16,1568.17,
server_18,21:59:10,21:59:40,3022.16,1568.17,
server_18,21:59:20,21:59:50,3022.16,8133.22,Disk thrash suspected
server_18,21:59:30,22:00:00,1013.71,8133.22,Disk thrash suspected
server_18,21:59:40,22:00:10,923.19,9053.96,Disk thrash suspected
server_18,21:59:50,22:00:20,7696.68,9053.96,Network flood + Disk thrash suspected
server_18,22:00:00,22:00:30,14671.4,9053.96,Network flood + Disk thrash suspected
server_18,22:00:10,22:00:40,14671.4,169.95,Possible DDoS
server_18,22:00:20,22:00:50,14671.4,7701.82,Network flood + Disk thrash suspected
server_18,22:00:30,22:01:00,2322.21,7701.82,Disk thrash suspected
server_18,22:00:40,22:01:10,11417.52,7701.82,Network flood + Disk thrash suspected
server_18,22:00:50,22:01:20,11417.52,99.94,Possible DDoS
server_18,22:01:00,22:01:30,11417.52,99.94,Possible DDoS
server_18,22:01:10,22:01:40,13179.83,99.94,Possible DDoS
server_18,22:01:20,22:01:50,13179.83,125.15,Possible DDoS
server_18,22:01:30,22:02:00,13179.83,190.56,Possible DDoS
server_18,22:01:40,22:02:10,11432.32,204.91,Possible DDoS
server_18,22:01:50,22:02:20,11432.32,204.91,Possible DDoS
server_18,22:02:00,22:02:30,927.02,204.91,
server_18,22:02:10,22:02:40,927.02,148.53,
server_18,22:02:20,22:02:50,1975.16,1441.9,
server_18,22:02:30,22:03:00,1975.16,1441.9,
server_18,22:02:40,22:03:10,4908.23,1441.9,Possible DDoS
server_18,22:02:50,22:03:20,4908.23,7543.34,Network flood + Disk thrash suspected
server_18,22:03:00,22:03:30,4908.23,7543.34,Network flood + Disk thrash suspected
server_18,22:03:10,22:03:40,832.68,7543.34,Disk thrash suspected
server_18,22:03:20,22:03:50,819.36,7061.03,Disk thrash suspected
server_18,22:03:30,22:04:00,819.36,132.7,
server_18,22:03:40,22:04:10,873.79,132.7,
server_18,22:03:50,22:04:20,992.9,132.7,
server_18,22:04:00,22:04:30,992.9,104.84,
server_18,22:04:10,22:04:40,7822.1,115.61,Possible DDoS
server_18,22:04:20,22:04:50,14769.95,157.37,Possible DDoS
server_18,22:04:30,22:05:00,14769.95,1299.89,Possible DDoS
server_18,22:04:40,22:05:10,15380.71,1299.89,Possible DDoS
server_18,22:04:50,22:05:20,15380.71,1299.89,Possible DDoS
server_18,22:05:00,22:05:30,15380.71,197.25,Possible DDoS
server_18,22:05:10,22:05:40,8230.08,6676.94,Network flood + Disk thrash suspected
server_18,22:05:20,22:05:50,931.58,6676.94,Disk thrash suspected
server_18,22:05:30,22:06:00,8944.96,6676.94,Network flood + Disk thrash suspected
server_18,22:05:40,22:06:10,8944.96,1542.24,Possible DDoS
server_18,22:05:50,22:06:20,8944.96,8712.27,Network flood + Disk thrash suspected
server_18,22:06:00,22:06:30,3072.83,8712.27,Disk thrash suspected
server_18,22:06:10,22:06:40,929.63,8712.27,Disk thrash suspected
server_18,22:06:20,22:06:50,929.63,6122.93,Disk thrash suspected
server_18,22:06:30,22:07:00,929.63,6122.93,Disk thrash suspected
server_18,22:06:40,22:07:10,16137.17,6122.93,Network flood + Disk thrash suspected
server_18,22:06:50,22:07:20,16137.17,4696.51,Network flood + Disk thrash suspected
server_18,22:07:00,22:07:30,16137.17,3269.17,Possible DDoS
server_18,22:07:10,22:07:40,10630.25,3269.17,Possible DDoS
server_18,22:07:20,22:07:50,10630.25,3269.17,Possible DDoS
server_18,22:07:30,22:08:00,5077.53,794.07,Possible DDoS
server_18,22:07:40,22:08:10,5077.53,1838.36,Possible DDoS
server_18,22:07:50,22:08:20,4871.89,1838.36,Possible DDoS
server_18,22:08:00,22:08:30,4871.89,1838.36,Possible DDoS
server_18,22:08:10,22:08:40,4871.89,1478.45,Possible DDoS
server_18,22:08:20,22:08:50,4111.8,531.04,Possible DDoS
server_18,22:08:30,22:09:00,4111.8,9041.72,Network flood + Disk thrash suspected
server_18,22:08:40,22:09:10,4111.8,9041.72,Network flood + Disk thrash suspected
server_18,22:08:50,22:09:20,482.89,9041.72,Disk thrash suspected
server_18,22:09:00,22:09:30,7238.76,7035.06,Network flood + Disk thrash suspected
server_18,22:09:10,22:09:40,7238.76,142.89,Possible DDoS
server_18,22:09:20,22:09:50,13588.89,142.89,Possible DDoS
server_18,22:09:30,22:10:00,17128.31,138.71,Possible DDoS
server_18,22:09:40,22:10:10,17128.31,1432.63,Possible DDoS
server_18,22:09:50,22:10:20,17128.31,1432.63,Possible DDoS
server_18,22:10:00,22:10:30,1044.8,1432.63,
server_18,22:10:10,22:10:40,952.77,98.36,
server_18,22:10:20,22:10:50,952.77,158.79,
server_18,22:10:30,22:11:00,952.77,158.79,
server_18,22:10:40,22:11:10,942.72,158.79,
server_18,22:10:50,22:11:20,17351.94,100.75,Possible DDoS
server_18,22:11:00,22:11:30,17351.94,1068.37,Possible DDoS
server_18,22:11:10,22:11:40,17351.94,1693.51,Possible DDoS
server_18,22:11:20,22:11:50,4353.55,1693.51,Possible DDoS
server_18,22:11:30,22:12:00,4334.56,1693.51,Possible DDoS
server_18,22:11:40,22:12:10,16617.14,9506.05,Network flood + Disk thrash suspected
server_18,22:11:50,22:12:20,16617.14,9506.05,Network flood + Disk thrash suspected
server_18,22:12:00,22:12:30,16617.14,9506.05,Network flood + Disk thrash suspected
server_18,22:12:10,22:12:40,4576.12,9050.83,Network flood + Disk thrash suspected
server_18,22:12:20,22:12:50,970.0,9050.83,Disk thrash suspected
server_18,22:12:30,22:13:00,1005.28,9050.83,Disk thrash suspected
server_18,22:12:40,22:13:10,1005.28,5543.58,Disk thrash suspected
server_18,22:12:50,22:13:20,4659.75,1785.13,Possible DDoS
server_18,22:13:00,22:13:30,4659.75,1785.13,Possible DDoS
server_18,22:13:10,22:13:40,17749.31,4401.31,Network flood + Disk thrash suspected
server_18,22:13:20,22:13:50,17749.31,4401.31,Network flood + Disk thrash suspected
server_18,22:13:30,22:14:00,17749.31,4401.31,Network flood + Disk thrash suspected
server_18,22:13:40,22:14:10,15475.44,132.11,Possible DDoS
server_18,22:13:50,22:14:20,894.83,7659.97,Disk thrash suspected
server_18,22:14:00,22:14:30,8888.15,7659.97,Network flood + Disk thrash suspected
server_18,22:14:10,22:14:40,8888.15,7659.97,Network flood + Disk thrash suspected
server_18,22:14:20,22:14:50,8888.15,122.26,Possible DDoS
server_18,22:14:30,22:15:00,920.7,5473.98,Disk thrash suspected
server_18,22:14:40,22:15:10,5207.84,5473.98,Network flood + Disk thrash suspected
server_18,22:14:50,22:15:20,5207.84,5473.98,Network flood + Disk thrash suspected
server_18,22:15:00,22:15:30,14552.2,994.81,Possible DDoS
server_18,22:15:10,22:15:40,14552.2,9810.45,Network flood + Disk thrash suspected
server_18,22:15:20,22:15:50,14552.2,9810.45,Network flood + Disk thrash suspected
server_18,22:15:30,22:16:00,877.14,9810.45,Disk thrash suspected
server_18,22:15:40,22:16:10,877.14,128.57,
server_18,22:15:50,22:16:20,877.14,128.57,
server_18,22:16:00,22:16:30,688.94,8203.37,Disk thrash suspected
server_18,22:16:10,22:16:40,3440.47,8203.37,Disk thrash suspected
server_18,22:16:20,22:16:50,3440.47,8203.37,Disk thrash suspected
server_18,22:16:30,22:17:00,3440.47,9388.56,Disk thrash suspected
server_18,22:16:40,22:17:10,581.55,9388.56,Disk thrash suspected
server_18,22:16:50,22:17:20,786.26,9388.56,Disk thrash suspected
server_18,22:17:00,22:17:30,933.35,155.51,
server_18,22:17:10,22:17:40,7834.26,155.51,Possible DDoS
server_18,22:17:20,22:17:50,7834.26,81.05,Possible DDoS
server_18,22:17:30,22:18:00,7834.26,163.48,Possible DDoS
server_18,22:17:40,22:18:10,1033.7,163.48,
server_18,22:17:50,22:18:20,14470.98,163.48,Possible DDoS
server_18,22:18:00,22:18:30,14470.98,9562.24,Network flood + Disk thrash suspected
server_18,22:18:10,22:18:40,14470.98,9562.24,Network flood + Disk thrash suspected
server_18,22:18:20,22:18:50,957.08,9562.24,Disk thrash suspected
server_18,22:18:30,22:19:00,957.08,8209.77,Disk thrash suspected
server_18,22:18:40,22:19:10,15432.96,8209.77,Network flood + Disk thrash suspected
server_18,22:18:50,22:19:20,15432.96,1486.57,Possible DDoS
server_18,22:19:00,22:19:30,15432.96,9553.76,Network flood + Disk thrash suspected
server_18,22:19:10,22:19:40,12438.24,9553.76,Network flood + Disk thrash suspected
server_18,22:19:20,22:19:50,2092.56,9553.76,Disk thrash suspected
server_18,22:19:30,22:20:00,2092.56,1115.97,
server_18,22:19:40,22:20:10,15603.17,1115.97,Possible DDoS
server_18,22:19:50,22:20:20,15603.17,122.26,Possible DDoS
server_18,22:20:00,22:20:30,15603.17,82.01,Possible DDoS
server_18,22:20:10,22:20:40,10143.24,105.06,Possible DDoS
server_18,22:20:20,22:20:50,980.75,111.96,
server_18,22:20:30,22:21:00,1019.07,111.96,
server_18,22:20:40,22:21:10,1019.07,119.86,
server_18,22:20:50,22:21:20,1019.07,119.86,
server_18,22:21:00,22:21:30,911.31,152.6,
server_18,22:21:10,22:21:40,13627.27,1073.24,Possible DDoS
server_18,22:21:20,22:21:50,13627.27,6658.71,Network flood + Disk thrash suspected
server_18,22:21:30,22:22:00,13627.27,8884.74,Network flood + Disk thrash suspected
server_18,22:21:40,22:22:10,16977.8,8884.74,Network flood + Disk thrash suspected
server_18,22:21:50,22:22:20,16977.8,8884.74,Network flood + Disk thrash suspected
server_18,22:22:00,22:22:30,16977.8,180.49,Possible DDoS
server_18,22:22:10,22:22:40,1216.16,4601.07,Disk thrash suspected
server_18,22:22:20,22:22:50,1216.16,4601.07,Disk thrash suspected
server_18,22:22:30,22:23:00,15372.99,4601.07,Network flood + Disk thrash suspected
server_18,22:22:40,22:23:10,15372.99,1986.06,Possible DDoS
server_18,22:22:50,22:23:20,16921.73,8449.53,Network flood + Disk thrash suspected
server_18,22:23:00,22:23:30,16921.73,8449.53,Network flood + Disk thrash suspected
server_18,22:23:10,22:23:40,16921.73,8449.53,Network flood + Disk thrash suspected
server_18,22:23:20,22:23:50,5013.9,6582.7,Network flood + Disk thrash suspected
server_18,22:23:30,22:24:00,4570.63,6429.62,Network flood + Disk thrash suspected
server_18,22:23:40,22:24:10,731.94,6429.62,Disk thrash suspected
server_18,22:23:50,22:24:20,5767.41,6402.99,Network flood + Disk thrash suspected
server_18,22:24:00,22:24:30,14054.9,907.89,Possible DDoS
server_18,22:24:10,22:24:40,14054.9,8205.26,Network flood + Disk thrash suspected
server_18,22:24:20,22:24:50,14054.9,8205.26,Network flood + Disk thrash suspected
server_18,22:24:30,22:25:00,1554.89,8205.26,Disk thrash suspected
server_18,22:24:40,22:25:10,1554.89,4021.61,Disk thrash suspected
server_18,22:24:50,22:25:20,1554.89,7529.32,Disk thrash suspected
server_18,22:25:00,22:25:30,583.21,7529.32,Disk thrash suspected
server_18,22:25:10,22:25:40,502.1,7529.32,Disk thrash suspected
server_18,22:25:20,22:25:50,5013.46,4410.55,Network flood + Disk thrash suspected
server_18,22:25:30,22:26:00,13477.27,152.93,Possible DDoS
server_18,22:25:40,22:26:10,13477.27,152.93,Possible DDoS
server_18,22:25:50,22:26:20,13477.27,6423.27,Network flood + Disk thrash suspected
server_18,22:26:00,22:26:30,936.16,6423.27,Disk thrash suspected
server_18,22:26:10,22:26:40,3249.28,6423.27,Disk thrash suspected
server_18,22:26:20,22:26:50,3249.28,607.66,
server_18,22:26:30,22:27:00,3249.28,607.66,
server_18,22:26:40,22:27:10,974.7,9935.9,Disk thrash suspected
server_18,22:26:50,22:27:20,3131.35,9935.9,Disk thrash suspected
server_18,22:27:00,22:27:30,17046.36,9935.9,Network flood + Disk thrash suspected
server_18,22:27:10,22:27:40,17046.36,7703.09,Network flood + Disk thrash suspected
server_18,22:27:20,22:27:50,17046.36,7703.09,Network flood + Disk thrash suspected
server_18,22:27:30,22:28:00,428.05,7703.09,Disk thrash suspected
server_18,22:27:40,22:28:10,2337.65,901.91,
server_18,22:27:50,22:28:20,15425.82,901.91,Possible DDoS
server_18,22:28:00,22:28:30,15425.82,901.91,Possible DDoS
server_18,22:28:10,22:28:40,15425.82,167.86,Possible DDoS
server_18,22:28:20,22:28:50,4421.68,1429.74,Possible DDoS
server_18,22:28:30,22:29:00,4421.68,1429.74,Possible DDoS
server_18,22:28:40,22:29:10,4421.68,1736.73,Possible DDoS
server_18,22:28:50,22:29:20,4087.04,1736.73,Possible DDoS
server_18,22:29:00,22:29:30,4087.04,5544.27,Network flood + Disk thrash suspected
server_18,22:29:10,22:29:40,1910.06,5544.27,Disk thrash suspected
server_18,22:29:20,22:29:50,11856.66,5544.27,Network flood + Disk thrash suspected
server_18,22:29:30,22:30:00,11856.66,796.4,Possible DDoS
server_18,22:29:40,22:30:10,11856.66,796.4,Possible DDoS
server_18,22:29:50,22:30:20,629.71,153.51,
server_18,22:30:00,22:30:30,629.71,153.51,
server_18,22:30:10,22:30:40,1391.07,1372.08,
server_18,22:30:20,22:30:50,1391.07,1372.08,
server_18,22:30:30,22:31:00,1391.07,6318.66,Disk thrash suspected
server_18,22:30:40,22:31:10,826.31,6318.66,Disk thrash suspected
server_18,22:30:50,22:31:20,14348.13,6318.66,Network flood + Disk thrash suspected
server_18,22:31:00,22:31:30,19476.69,1876.92,Possible DDoS
server_18,22:31:10,22:31:40,19476.69,1876.92,Possible DDoS
server_18,22:31:20,22:31:50,19476.69,958.6,Possible DDoS
server_18,22:31:30,22:32:00,17000.0,1476.85,Possible DDoS
server_18,22:31:40,22:32:10,17000.0,1476.85,Possible DDoS
server_18,22:31:50,22:32:20,17000.0,1476.85,Possible DDoS
server_18,22:32:00,22:32:30,9403.87,635.64,Possible DDoS
server_18,22:32:10,22:32:40,3593.17,635.64,Possible DDoS
server_18,22:32:20,22:32:50,1348.29,1564.57,
server_18,22:32:30,22:33:00,3967.96,1564.57,Possible DDoS
server_18,22:32:40,22:33:10,3967.96,1564.57,Possible DDoS
server_18,22:32:50,22:33:20,3967.96,1447.22,Possible DDoS
server_18,22:33:00,22:33:30,2607.17,4354.52,Disk thrash suspected
server_18,22:33:10,22:33:40,2607.17,4354.52,Disk thrash suspected
server_18,22:33:20,22:33:50,937.08,4354.52,Disk thrash suspected
server_18,22:33:30,22:34:00,937.08,152.35,
server_18,22:33:40,22:34:10,580.11,181.13,
server_18,22:33:50,22:34:20,580.11,181.13,
server_18,22:34:00,22:34:30,978.06,6012.17,Disk thrash suspected
server_18,22:34:10,22:34:40,978.06,6012.17,Disk thrash suspected
server_18,22:34:20,22:34:50,978.06,6012.17,Disk thrash suspected
server_18,22:34:30,22:35:00,4131.96,1738.53,Possible DDoS
server_18,22:34:40,22:35:10,4131.96,8522.47,Network flood + Disk thrash suspected
server_18,22:34:50,22:35:20,4131.96,8522.47,Network flood + Disk thrash suspected
server_18,22:35:00,22:35:30,570.59,8522.47,Disk thrash suspected
server_18,22:35:10,22:35:40,923.99,5271.55,Disk thrash suspected
server_18,22:35:20,22:35:50,13361.6,5271.55,Network flood + Disk thrash suspected
server_18,22:35:30,22:36:00,13361.6,102.6,Possible DDoS
server_18,22:35:40,22:36:10,13361.6,135.82,Possible DDoS
server_18,22:35:50,22:36:20,2704.89,794.49,
server_18,22:36:00,22:36:30,15206.08,794.49,Possible DDoS
server_18,22:36:10,22:36:40,15206.08,794.49,Possible DDoS
server_18,22:36:20,22:36:50,15206.08,546.74,Possible DDoS
server_18,22:36:30,22:37:00,1756.96,546.74,
server_18,22:36:40,22:37:10,3860.37,549.47,Possible DDoS
server_18,22:36:50,22:37:20,3860.37,549.47,Possible DDoS
server_18,22:37:00,22:37:30,13154.39,549.47,Possible DDoS
server_18,22:37:10,22:37:40,13154.39,5660.13,Network flood + Disk thrash suspected
server_18,22:37:20,22:37:50,13154.39,5660.13,Network flood + Disk thrash suspected
server_18,22:37:30,22:38:00,6505.35,5660.13,Network flood + Disk thrash suspected
server_18,22:37:40,22:38:10,6505.35,3377.58,Possible DDoS
server_18,22:37:50,22:38:20,929.37,3698.38,Disk thrash suspected
server_18,22:38:00,22:38:30,1016.58,3698.38,Disk thrash suspected
server_18,22:38:10,22:38:40,1016.58,3698.38,Disk thrash suspected
server_18,22:38:20,22:38:50,1273.69,542.25,
server_18,22:38:30,22:39:00,15419.02,542.25,Possible DDoS
server_18,22:38:40,22:39:10,15419.02,542.25,Possible DDoS
server_18,22:38:50,22:39:20,15419.02,1968.39,Possible DDoS
server_18,22:39:00,22:39:30,9118.59,1968.39,Possible DDoS
server_18,22:39:10,22:39:40,9118.59,7577.02,Network flood + Disk thrash suspected
server_18,22:39:20,22:39:50,16903.17,7577.02,Network flood + Disk thrash suspected
server_18,22:39:30,22:40:00,16903.17,7577.02,Network flood + Disk thrash suspected
server_18,22:39:40,22:40:10,19195.47,160.12,Possible DDoS
server_18,22:39:50,22:40:20,19195.47,5114.48,Network flood + Disk thrash suspected
server_18,22:40:00,22:40:30,19195.47,5114.48,Network flood + Disk thrash suspected
server_18,22:40:10,22:40:40,19349.98,5114.48,Network flood + Disk thrash suspected
server_18,22:40:20,22:40:50,19349.98,174.64,Possible DDoS
server_18,22:40:30,22:41:00,19349.98,263.74,Possible DDoS
server_18,22:40:40,22:41:10,14345.07,263.74,Possible DDoS
server_18,22:40:50,22:41:20,9017.53,263.74,Possible DDoS
server_18,22:41:00,22:41:30,9017.53,150.33,Possible DDoS
server_18,22:41:10,22:41:40,9017.53,143.57,Possible DDoS
server_18,22:41:20,22:41:50,957.48,129.0,
server_18,22:41:30,22:42:00,922.94,129.0,
server_18,22:41:40,22:42:10,10888.53,106.35,Possible DDoS
server_18,22:41:50,22:42:20,10888.53,1555.31,Possible DDoS
server_18,22:42:00,22:42:30,10888.53,1555.31,Possible DDoS
server_18,22:42:10,22:42:40,1835.63,1555.31,
server_18,22:42:20,22:42:50,967.66,98.75,
server_18,22:42:30,22:43:00,967.66,206.25,
server_18,22:42:40,22:43:10,4521.44,514.15,Possible DDoS
server_18,22:42:50,22:43:20,19799.48,514.15,Possible DDoS
server_18,22:43:00,22:43:30,19799.48,5263.32,Network flood + Disk thrash suspected
server_18,22:43:10,22:43:40,19799.48,5263.32,Network flood + Disk thrash suspected
server_18,22:43:20,22:43:50,424.03,8343.26,Disk thrash suspected
server_18,22:43:30,22:44:00,957.67,8343.26,Disk thrash suspected
server_18,22:43:40,22:44:10,17796.07,8343.26,Network flood + Disk thrash suspected
server_18,22:43:50,22:44:20,17796.07,1414.71,Possible DDoS
server_18,22:44:00,22:44:30,17796.07,1414.71,Possible DDoS
server_18,22:44:10,22:44:40,4804.44,1984.48,Possible DDoS
server_18,22:44:20,22:44:50,4804.44,1984.48,Possible DDoS
server_18,22:44:30,22:45:00,4804.44,1984.48,Possible DDoS
server_18,22:44:40,22:45:10,678.46,87.08,
server_18,22:44:50,22:45:20,5357.97,1413.37,Possible DDoS
server_18,22:45:00,22:45:30,7510.66,1413.37,Possible DDoS
server_18,22:45:10,22:45:40,7510.66,1413.37,Possible DDoS
server_18,22:45:20,22:45:50,7510.66,155.25,Possible DDoS
server_18,22:45:30,22:46:00,898.49,107.99,
server_18,22:45:40,22:46:10,19205.11,107.99,Possible DDoS
server_18,22:45:50,22:46:20,19205.11,155.59,Possible DDoS
server_18,22:46:00,22:46:30,19205.11,155.59,Possible DDoS
server_18,22:46:10,22:46:40,1044.67,155.59,
server_18,22:46:20,22:46:50,2190.81,1922.82,
server_18,22:46:30,22:47:00,2190.81,1922.82,
server_18,22:46:40,22:47:10,2190.81,3446.58,
server_18,22:46:50,22:47:20,1382.01,3446.58,
server_18,22:47:00,22:47:30,1382.01,3446.58,
server_18,22:47:10,22:47:40,18832.52,728.37,Possible DDoS
server_18,22:47:20,22:47:50,18832.52,158.36,Possible DDoS
server_18,22:47:30,22:48:00,18832.52,521.87,Possible DDoS
server_18,22:47:40,22:48:10,19795.52,521.87,Possible DDoS
server_18,22:47:50,22:48:20,19795.52,8073.81,Network flood + Disk thrash suspected
server_18,22:48:00,22:48:30,19795.52,8073.81,Network flood + Disk thrash suspected
server_18,22:48:10,22:48:40,774.4,8180.05,Disk thrash suspected
server_18,22:48:20,22:48:50,676.15,8180.05,Disk thrash suspected
server_18,22:48:30,22:49:00,889.8,8180.05,Disk thrash suspected
server_18,22:48:40,22:49:10,998.41,103.88,
server_18,22:48:50,22:49:20,16114.57,131.01,Possible DDoS
server_18,22:49:00,22:49:30,16114.57,1612.38,Possible DDoS
server_18,22:49:10,22:49:40,16114.57,1612.38,Possible DDoS
server_18,22:49:20,22:49:50,8949.89,1612.38,Possible DDoS
server_18,22:49:30,22:50:00,860.91,179.0,
server_18,22:49:40,22:50:10,1021.59,89.18,
server_18,22:49:50,22:50:20,1021.59,82.02,
server_18,22:50:00,22:50:30,1021.59,82.02,
server_18,22:50:10,22:50:40,19119.61,129.15,Possible DDoS
server_18,22:50:20,22:50:50,19119.61,9021.91,Network flood + Disk thrash suspected
server_18,22:50:30,22:51:00,19119.61,9021.91,Network flood + Disk thrash suspected
server_18,22:50:40,22:51:10,12515.39,9021.91,Network flood + Disk thrash suspected
server_18,22:50:50,22:51:20,12515.39,3986.43,Network flood + Disk thrash suspected
server_18,22:51:00,22:51:30,7051.41,5976.83,Network flood + Disk thrash suspected
server_18,22:51:10,22:51:40,6047.73,8372.92,Network flood + Disk thrash suspected
server_18,22:51:20,22:51:50,4599.99,8372.92,Network flood + Disk thrash suspected
server_18,22:51:30,22:52:00,4599.99,8372.92,Network flood + Disk thrash suspected
server_18,22:51:40,22:52:10,4599.99,1051.64,Possible DDoS
server_18,22:51:50,22:52:20,928.13,148.58,
server_18,22:52:00,22:52:30,928.13,4592.82,Disk thrash suspected
server_18,22:52:10,22:52:40,15439.66,4592.82,Network flood + Disk thrash suspected
server_18,22:52:20,22:52:50,15439.66,4592.82,Network flood + Disk thrash suspected
server_18,22:52:30,22:53:00,15439.66,3871.6,Network flood + Disk thrash suspected
server_18,22:52:40,22:53:10,8407.32,3871.6,Network flood + Disk thrash suspected
server_18,22:52:50,22:53:20,8407.32,198.04,Possible DDoS
server_19,20:53:00,20:53:30,966.9,8739.67,Disk thrash suspected
server_19,20:53:10,20:53:40,966.9,8739.67,Disk thrash suspected
server_19,20:53:20,20:53:50,966.9,5257.33,Disk thrash suspected
server_19,20:53:30,20:54:00,469.73,7256.53,Disk thrash suspected
server_19,20:53:40,20:54:10,167.0,8513.89,Disk thrash suspected
server_19,20:53:50,20:54:20,7335.38,8513.89,Network flood + Disk thrash suspected
server_19,20:54:00,20:54:30,7335.38,8513.89,Network flood + Disk thrash suspected
server_19,20:54:10,20:54:40,7335.38,187.43,Possible DDoS
server_19,20:54:20,20:54:50,9837.74,164.48,Possible DDoS
server_19,20:54:30,20:55:00,9837.74,9397.7,Network flood + Disk thrash suspected
server_19,20:54:40,20:55:10,9837.74,9397.7,Network flood + Disk thrash suspected
server_19,20:54:50,20:55:20,912.82,9397.7,Disk thrash suspected
server_19,20:55:00,20:55:30,912.82,4790.31,Disk thrash suspected
server_19,20:55:10,20:55:40,4015.19,4790.31,Network flood + Disk thrash suspected
server_19,20:55:20,20:55:50,4015.19,7188.33,Network flood + Disk thrash suspected
server_19,20:55:30,20:56:00,4015.19,7188.33,Network flood + Disk thrash suspected
server_19,20:55:40,20:56:10,1798.83,7188.33,Disk thrash suspected
server_19,20:55:50,20:56:20,7189.28,1778.04,Possible DDoS
server_19,20:56:00,20:56:30,7189.28,1778.04,Possible DDoS
server_19,20:56:10,20:56:40,7189.28,88.0,Possible DDoS
server_19,20:56:20,20:56:50,903.65,88.0,
server_19,20:56:30,20:57:00,13479.79,136.44,Possible DDoS
server_19,20:56:40,20:57:10,13479.79,136.44,Possible DDoS
server_19,20:56:50,20:57:20,13479.79,136.44,Possible DDoS
server_19,20:57:00,20:57:30,7424.75,177.64,Possible DDoS
server_19,20:57:10,20:57:40,7424.75,177.64,Possible DDoS
server_19,20:57:20,20:57:50,7424.75,6315.86,Network flood + Disk thrash suspected
server_19,20:57:30,20:58:00,5492.9,6315.86,Network flood + Disk thrash suspected
server_19,20:57:40,20:58:10,5492.9,6315.86,Network flood + Disk thrash suspected
server_19,20:57:50,20:58:20,7133.1,919.17,Possible DDoS
server_19,20:58:00,20:58:30,7133.1,6335.56,Network flood + Disk thrash suspected
server_19,20:58:10,20:58:40,15046.6,6335.56,Network flood + Disk thrash suspected
server_19,20:58:20,20:58:50,15046.6,6335.56,Network flood + Disk thrash suspected
server_19,20:58:30,20:59:00,16508.74,165.53,Possible DDoS
server_19,20:58:40,20:59:10,16508.74,165.53,Possible DDoS
server_19,20:58:50,20:59:20,16508.74,165.53,Possible DDoS
server_19,20:59:00,20:59:30,16130.11,147.68,Possible DDoS
server_19,20:59:10,20:59:40,15963.19,114.76,Possible DDoS
server_19,20:59:20,20:59:50,949.66,128.36,
server_19,20:59:30,21:00:00,949.66,128.36,
server_19,20:59:40,21:00:10,2063.11,1356.03,
server_19,20:59:50,21:00:20,2063.11,1356.03,
server_19,21:00:00,21:00:30,2063.11,6797.89,Disk thrash suspected
server_19,21:00:10,21:00:40,4392.73,6797.89,Network flood + Disk thrash suspected
server_19,21:00:20,21:00:50,4392.73,6797.89,Network flood + Disk thrash suspected
server_19,21:00:30,21:01:00,4392.73,1831.39,Possible DDoS
server_19,21:00:40,21:01:10,972.6,142.33,
server_19,21:00:50,21:01:20,4285.46,1455.04,Possible DDoS
server_19,21:01:00,21:01:30,4285.46,5193.86,Network flood + Disk thrash suspected
server_19,21:01:10,21:01:40,4285.46,5193.86,Network flood + Disk thrash suspected
server_19,21:01:20,21:01:50,2251.39,8147.65,Disk thrash suspected
server_19,21:01:30,21:02:00,2251.39,8147.65,Disk thrash suspected
server_19,21:01:40,21:02:10,2251.39,8147.65,Disk thrash suspected
server_19,21:01:50,21:02:20,1956.78,8733.79,Disk thrash suspected
server_19,21:02:00,21:02:30,1956.78,8733.79,Disk thrash suspected
server_19,21:02:10,21:02:40,4183.95,8733.79,Network flood + Disk thrash suspected
server_19,21:02:20,21:02:50,4183.95,3009.73,Possible DDoS
server_19,21:02:30,21:03:00,4183.95,1756.23,Possible DDoS
server_19,21:02:40,21:03:10,16182.57,857.63,Possible DDoS
server_19,21:02:50,21:03:20,16182.57,857.63,Possible DDoS
server_19,21:03:00,21:03:30,16182.57,4223.64,Network flood + Disk thrash suspected
server_19,21:03:10,21:03:40,14874.39,4223.64,Network flood + Disk thrash suspected
server_19,21:03:20,21:03:50,584.94,4223.64,Disk thrash suspected
server_19,21:03:30,21:04:00,4217.09,1745.92,Possible DDoS
server_19,21:03:40,21:04:10,14701.61,1745.92,Possible DDoS
server_19,21:03:50,21:04:20,14701.61,8006.46,Network flood + Disk thrash suspected
server_19,21:04:00,21:04:30,14701.61,8006.46,Network flood + Disk thrash suspected
server_19,21:04:10,21:04:40,1352.02,8006.46,Disk thrash suspected
server_19,21:04:20,21:04:50,1352.02,3240.57,
server_19,21:04:30,21:05:00,4480.45,1591.92,Possible DDoS
server_19,21:04:40,21:05:10,4480.45,5568.08,Network flood + Disk thrash suspected
server_19,21:04:50,21:05:20,4480.45,5568.08,Network flood + Disk thrash suspected
server_19,21:05:00,21:05:30,14794.88,5568.08,Network flood + Disk thrash suspected
server_19,21:05:10,21:05:40,14794.88,4062.79,Network flood + Disk thrash suspected
server_19,21:05:20,21:05:50,14794.88,8752.09,Network flood + Disk thrash suspected
server_19,21:05:30,21:06:00,984.09,8752.09,Disk thrash suspected
server_19,21:05:40,21:06:10,4493.45,8752.09,Network flood + Disk thrash suspected
server_19,21:05:50,21:06:20,4493.45,4061.95,Network flood + Disk thrash suspected
server_19,21:06:00,21:06:30,7185.83,4061.95,Network flood + Disk thrash suspected
server_19,21:06:10,21:06:40,7185.83,185.64,Possible DDoS
server_19,21:06:20,21:06:50,7185.83,185.64,Possible DDoS
server_19,21:06:30,21:07:00,6745.52,137.16,Possible DDoS
server_19,21:06:40,21:07:10,1060.49,123.39,
server_19,21:06:50,21:07:20,1060.49,106.03,
server_19,21:07:00,21:07:30,1060.49,5987.45,Disk thrash suspected
server_19,21:07:10,21:07:40,577.96,7932.0,Disk thrash suspected
server_19,21:07:20,21:07:50,4709.02,7932.0,Network flood + Disk thrash suspected
server_19,21:07:30,21:08:00,4709.02,7932.0,Network flood + Disk thrash suspected
server_19,21:07:40,21:08:10,4709.02,1282.91,Possible DDoS
server_19,21:07:50,21:08:20,932.59,6705.68,Disk thrash suspected
server_19,21:08:00,21:08:30,932.59,6705.68,Disk thrash suspected
server_19,21:08:10,21:08:40,932.59,6705.68,Disk thrash suspected
server_19,21:08:20,21:08:50,19441.39,164.2,Possible DDoS
server_19,21:08:30,21:09:00,19441.39,112.84,Possible DDoS
server_19,21:08:40,21:09:10,19441.39,4535.77,Network flood + Disk thrash suspected
server_19,21:08:50,21:09:20,14584.06,4535.77,Network flood + Disk thrash suspected
server_19,21:09:00,21:09:30,3564.33,4535.77,Network flood + Disk thrash suspected
server_19,21:09:10,21:09:40,8217.63,1054.15,Possible DDoS
server_19,21:09:20,21:09:50,8217.63,1054.15,Possible DDoS
server_19,21:09:30,21:10:00,8217.63,157.2,Possible DDoS
server_19,21:09:40,21:10:10,4050.06,1318.96,Possible DDoS
server_19,21:09:50,21:10:20,4050.06,1318.96,Possible DDoS
server_19,21:10:00,21:10:30,4696.86,1318.96,Possible DDoS
server_19,21:10:10,21:10:40,4696.86,7480.68,Network flood + Disk thrash suspected
server_19,21:10:20,21:10:50,11048.76,7480.68,Network flood + Disk thrash suspected
server_19,21:10:30,21:11:00,11048.76,7480.68,Network flood + Disk thrash suspected
server_19,21:10:40,21:11:10,11048.76,1830.34,Possible DDoS
server_19,21:10:50,21:11:20,9502.44,8242.03,Network flood + Disk thrash suspected
server_19,21:11:00,21:11:30,9502.44,8242.03,Network flood + Disk thrash suspected
server_19,21:11:10,21:11:40,907.84,8242.03,Disk thrash suspected
server_19,21:11:20,21:11:50,566.87,3012.86,
server_19,21:11:30,21:12:00,3772.27,6991.77,Network flood + Disk thrash suspected
server_19,21:11:40,21:12:10,3772.27,6991.77,Network flood + Disk thrash suspected
server_19,21:11:50,21:12:20,3772.27,6991.77,Network flood + Disk thrash suspected
server_19,21:12:00,21:12:30,973.74,5322.99,Disk thrash suspected
server_19,21:12:10,21:12:40,15016.24,5322.99,Network flood + Disk thrash suspected
server_19,21:12:20,21:12:50,15016.24,5322.99,Network flood + Disk thrash suspected
server_19,21:12:30,21:13:00,15016.24,181.2,Possible DDoS
server_19,21:12:40,21:13:10,12368.73,181.2,Possible DDoS
server_19,21:12:50,21:13:20,10017.91,1414.19,Possible DDoS
server_19,21:13:00,21:13:30,3498.68,1414.19,
server_19,21:13:10,21:13:40,19997.03,1414.19,Possible DDoS
server_19,21:13:20,21:13:50,19997.03,142.36,Possible DDoS
server_19,21:13:30,21:14:00,19997.03,142.36,Possible DDoS
server_19,21:13:40,21:14:10,3459.08,5425.83,Disk thrash suspected
server_19,21:13:50,21:14:20,3459.08,5425.83,Disk thrash suspected
server_19,21:14:00,21:14:30,3459.08,5425.83,Disk thrash suspected
server_19,21:14:10,21:14:40,849.06,75.11,
server_19,21:14:20,21:14:50,849.06,4302.33,Disk thrash suspected
server_19,21:14:30,21:15:00,16486.97,4302.33,Network flood + Disk thrash suspected
server_19,21:14:40,21:15:10,16486.97,4302.33,Network flood + Disk thrash suspected
server_19,21:14:50,21:15:20,16486.97,1248.85,Possible DDoS
server_19,21:15:00,21:15:30,13057.6,1515.03,Possible DDoS
server_19,21:15:10,21:15:40,13057.6,1515.03,Possible DDoS
server_19,21:15:20,21:15:50,13057.6,1515.03,Possible DDoS
server_19,21:15:30,21:16:00,10267.05,7475.74,Network flood + Disk thrash suspected
server_19,21:15:40,21:16:10,18197.37,7475.74,Network flood + Disk thrash suspected
server_19,21:15:50,21:16:20,18197.37,7475.74,Network flood + Disk thrash suspected
server_19,21:16:00,21:16:30,18197.37,7138.87,Network flood + Disk thrash suspected
server_19,21:16:10,21:16:40,9514.68,82.26,Possible DDoS
server_19,21:16:20,21:16:50,4948.28,1026.42,Possible DDoS
server_19,21:16:30,21:17:00,11360.16,9798.56,Network flood + Disk thrash suspected
server_19,21:16:40,21:17:10,11360.16,9798.56,Network flood + Disk thrash suspected
server_19,21:16:50,21:17:20,11360.16,9798.56,Network flood + Disk thrash suspected
server_19,21:17:00,21:17:30,893.09,3982.15,Disk thrash suspected
server_19,21:17:10,21:17:40,893.09,89.51,
server_19,21:17:20,21:17:50,10948.09,3347.47,Possible DDoS
server_19,21:17:30,21:18:00,10948.09,3347.47,Possible DDoS
server_19,21:17:40,21:18:10,10948.09,3347.47,Possible DDoS
server_19,21:17:50,21:18:20,914.79,4841.37,Disk thrash suspected
server_19,21:18:00,21:18:30,4411.3,4841.37,Network flood + Disk thrash suspected
server_19,21:18:10,21:18:40,4411.3,4841.37,Network flood + Disk thrash suspected
server_19,21:18:20,21:18:50,4411.3,6496.62,Network flood + Disk thrash suspected
server_19,21:18:30,21:19:00,2230.32,6496.62,Disk thrash suspected
server_19,21:18:40,21:19:10,2230.32,6496.62,Disk thrash suspected
server_19,21:18:50,21:19:20,969.96,3726.37,Disk thrash suspected
server_19,21:19:00,21:19:30,3040.58,9205.38,Disk thrash suspected
server_19,21:19:10,21:19:40,3040.58,9205.38,Disk thrash suspected
server_19,21:19:20,21:19:50,3040.58,9205.38,Disk thrash suspected
server_19,21:19:30,21:20:00,1006.98,6352.42,Disk thrash suspected
server_19,21:19:40,21:20:10,1006.98,6352.42,Disk thrash suspected
server_19,21:19:50,21:20:20,993.1,6352.42,Disk thrash suspected
server_19,21:20:00,21:20:30,857.65,127.71,
server_19,21:20:10,21:20:40,4648.61,1342.8,Possible DDoS
server_19,21:20:20,21:20:50,4648.61,1342.8,Possible DDoS
server_19,21:20:30,21:21:00,4648.61,1342.8,Possible DDoS
server_19,21:20:40,21:21:10,3557.62,1512.39,Possible DDoS
server_19,21:20:50,21:21:20,3557.62,1512.39,Possible DDoS
server_19,21:21:00,21:21:30,3557.62,1512.39,Possible DDoS
server_19,21:21:10,21:21:40,873.66,107.56,
server_19,21:21:20,21:21:50,1074.78,98.47,
server_19,21:21:30,21:22:00,15278.13,98.47,Possible DDoS
server_19,21:21:40,21:22:10,15278.13,108.79,Possible DDoS
server_19,21:21:50,21:22:20,15278.13,140.71,Possible DDoS
server_19,21:22:00,21:22:30,6928.58,140.71,Possible DDoS
server_19,21:22:10,21:22:40,996.11,140.71,
server_19,21:22:20,21:22:50,18862.08,123.34,Possible DDoS
server_19,21:22:30,21:23:00,18862.08,127.59,Possible DDoS
server_19,21:22:40,21:23:10,18862.08,144.49,Possible DDoS
server_19,21:22:50,21:23:20,631.2,3259.29,
server_19,21:23:00,21:23:30,1023.78,3259.29,
server_19,21:23:10,21:23:40,1023.78,5570.11,Disk thrash suspected
server_19,21:23:20,21:23:50,6164.29,5570.11,Network flood + Disk thrash suspected
server_19,21:23:30,21:24:00,6164.29,6354.12,Network flood + Disk thrash suspected
server_19,21:23:40,21:24:10,6164.29,6354.12,Network flood + Disk thrash suspected
server_19,21:23:50,21:24:20,1179.33,6354.12,Disk thrash suspected
server_19,21:24:00,21:24:30,10933.45,1543.81,Possible DDoS
server_19,21:24:10,21:24:40,14042.3,168.87,Possible DDoS
server_19,21:24:20,21:24:50,14042.3,6057.06,Network flood + Disk thrash suspected
server_19,21:24:30,21:25:00,14042.3,6057.06,Network flood + Disk thrash suspected
server_19,21:24:40,21:25:10,889.81,6057.06,Disk thrash suspected
server_19,21:24:50,21:25:20,364.75,157.22,
server_19,21:25:00,21:25:30,903.98,157.22,
server_19,21:25:10,21:25:40,17684.66,4394.4,Network flood + Disk thrash suspected
server_19,21:25:20,21:25:50,17684.66,7572.25,Network flood + Disk thrash suspected
server_19,21:25:30,21:26:00,17684.66,7572.25,Network flood + Disk thrash suspected
server_19,21:25:40,21:26:10,13120.66,7572.25,Network flood + Disk thrash suspected
server_19,21:25:50,21:26:20,13120.66,6334.67,Network flood + Disk thrash suspected
server_19,21:26:00,21:26:30,10094.42,6334.67,Network flood + Disk thrash suspected
server_19,21:26:10,21:26:40,10094.42,6334.67,Network flood + Disk thrash suspected
server_19,21:26:20,21:26:50,4884.85,1405.72,Possible DDoS
server_19,21:26:30,21:27:00,14391.59,1142.28,Possible DDoS
server_19,21:26:40,21:27:10,14391.59,1142.28,Possible DDoS
server_19,21:26:50,21:27:20,14391.59,144.87,Possible DDoS
server_19,21:27:00,21:27:30,925.6,77.12,
server_19,21:27:10,21:27:40,899.21,6680.63,Disk thrash suspected
server_19,21:27:20,21:27:50,899.21,6680.63,Disk thrash suspected
server_19,21:27:30,21:28:00,899.21,6680.63,Disk thrash suspected
server_19,21:27:40,21:28:10,4018.26,4293.31,Network flood + Disk thrash suspected
server_19,21:27:50,21:28:20,4018.26,4293.31,Network flood + Disk thrash suspected
server_19,21:28:00,21:28:30,4018.26,1388.68,Possible DDoS
server_19,21:28:10,21:28:40,6173.73,1014.34,Possible DDoS
server_19,21:28:20,21:28:50,13818.08,970.07,Possible DDoS
server_19,21:28:30,21:29:00,13818.08,135.91,Possible DDoS
server_19,21:28:40,21:29:10,13818.08,6467.85,Network flood + Disk thrash suspected
server_19,21:28:50,21:29:20,4097.83,6467.85,Network flood + Disk thrash suspected
server_19,21:29:00,21:29:30,4097.83,6467.85,Network flood + Disk thrash suspected
server_19,21:29:10,21:29:40,866.45,86.92,
server_19,21:29:20,21:29:50,866.45,21.28,
server_19,21:29:30,21:30:00,866.45,155.05,
server_19,21:29:40,21:30:10,4846.54,1211.78,Possible DDoS
server_19,21:29:50,21:30:20,4846.54,8771.35,Network flood + Disk thrash suspected
server_19,21:30:00,21:30:30,4846.54,8771.35,Network flood + Disk thrash suspected
server_19,21:30:10,21:30:40,5452.45,8771.35,Network flood + Disk thrash suspected
server_19,21:30:20,21:30:50,5452.45,869.46,Possible DDoS
server_19,21:30:30,21:31:00,5452.45,8958.49,Network flood + Disk thrash suspected
server_19,21:30:40,21:31:10,2162.23,8958.49,Disk thrash suspected
server_19,21:30:50,21:31:20,2162.23,8958.49,Disk thrash suspected
server_19,21:31:00,21:31:30,12441.3,4107.2,Network flood + Disk thrash suspected
server_19,21:31:10,21:31:40,12441.3,5452.82,Network flood + Disk thrash suspected
server_19,21:31:20,21:31:50,12441.3,5452.82,Network flood + Disk thrash suspected
server_19,21:31:30,21:32:00,807.42,5452.82,Disk thrash suspected
server_19,21:31:40,21:32:10,527.35,128.44,
server_19,21:31:50,21:32:20,522.83,128.44,
server_19,21:32:00,21:32:30,14138.02,128.44,Possible DDoS
server_19,21:32:10,21:32:40,14138.02,108.19,Possible DDoS
server_19,21:32:20,21:32:50,14138.02,78.36,Possible DDoS
server_19,21:32:30,21:33:00,992.38,4854.12,Disk thrash suspected
server_19,21:32:40,21:33:10,992.38,4854.12,Disk thrash suspected
server_19,21:32:50,21:33:20,3718.26,4854.12,Network flood + Disk thrash suspected
server_19,21:33:00,21:33:30,3718.26,855.39,Possible DDoS
server_19,21:33:10,21:33:40,3718.26,855.39,Possible DDoS
server_19,21:33:20,21:33:50,682.01,99.9,
server_19,21:33:30,21:34:00,8830.02,8582.33,Network flood + Disk thrash suspected
server_19,21:33:40,21:34:10,12639.49,8582.33,Network flood + Disk thrash suspected
server_19,21:33:50,21:34:20,12639.49,8582.33,Network flood + Disk thrash suspected
server_19,21:34:00,21:34:30,12639.49,652.13,Possible DDoS
server_19,21:34:10,21:34:40,12264.67,849.4,Possible DDoS
server_19,21:34:20,21:34:50,12264.67,849.4,Possible DDoS
server_19,21:34:30,21:35:00,3699.75,849.4,Possible DDoS
server_19,21:34:40,21:35:10,935.2,95.7,
server_19,21:34:50,21:35:20,935.2,4101.99,Disk thrash suspected
server_19,21:35:00,21:35:30,4623.93,4101.99,Network flood + Disk thrash suspected
server_19,21:35:10,21:35:40,4623.93,4101.99,Network flood + Disk thrash suspected
server_19,21:35:20,21:35:50,11302.42,1694.63,Possible DDoS
server_19,21:35:30,21:36:00,11302.42,111.84,Possible DDoS
server_19,21:35:40,21:36:10,11302.42,1390.02,Possible DDoS
server_19,21:35:50,21:36:20,4978.17,1390.02,Possible DDoS
server_19,21:36:00,21:36:30,4978.17,1578.09,Possible DDoS
server_19,21:36:10,21:36:40,4808.9,1578.09,Possible DDoS
server_19,21:36:20,21:36:50,4808.9,8743.75,Network flood + Disk thrash suspected
server_19,21:36:30,21:37:00,3962.32,8743.75,Network flood + Disk thrash suspected
server_19,21:36:40,21:37:10,3962.32,8743.75,Network flood + Disk thrash suspected
server_19,21:36:50,21:37:20,3962.32,982.2,Possible DDoS
server_19,21:37:00,21:37:30,14834.21,95.97,Possible DDoS
server_19,21:37:10,21:37:40,14834.21,1812.37,Possible DDoS
server_19,21:37:20,21:37:50,14834.21,1812.37,Possible DDoS
server_19,21:37:30,21:38:00,4295.56,1812.37,Possible DDoS
server_19,21:37:40,21:38:10,4295.56,530.2,Possible DDoS
server_19,21:37:50,21:38:20,4295.56,530.2,Possible DDoS
server_19,21:38:00,21:38:30,1554.39,1564.36,
server_19,21:38:10,21:38:40,7278.64,5361.03,Network flood + Disk thrash suspected
server_19,21:38:20,21:38:50,7278.64,5361.03,Network flood + Disk thrash suspected
server_19,21:38:30,21:39:00,17362.04,5361.03,Network flood + Disk thrash suspected
server_19,21:38:40,21:39:10,17362.04,1128.92,Possible DDoS
server_19,21:38:50,21:39:20,17362.04,1128.92,Possible DDoS
server_19,21:39:00,21:39:30,4848.39,1128.92,Possible DDoS
server_19,21:39:10,21:39:40,991.84,187.5,
server_19,21:39:20,21:39:50,1059.4,231.39,
server_19,21:39:30,21:40:00,11525.8,7935.29,Network flood + Disk thrash suspected
server_19,21:39:40,21:40:10,11525.8,7935.29,Network flood + Disk thrash suspected
server_19,21:39:50,21:40:20,12085.51,7935.29,Network flood + Disk thrash suspected
server_19,21:40:00,21:40:30,12085.51,4881.7,Network flood + Disk thrash suspected
server_19,21:40:10,21:40:40,12085.51,187.4,Possible DDoS
server_19,21:40:20,21:40:50,983.84,3023.4,
server_19,21:40:30,21:41:00,1768.41,3023.4,
server_19,21:40:40,21:41:10,1768.41,3023.4,
server_19,21:40:50,21:41:20,1768.41,1106.2,
server_19,21:41:00,21:41:30,14924.04,118.97,Possible DDoS
server_19,21:41:10,21:41:40,14924.04,94.09,Possible DDoS
server_19,21:41:20,21:41:50,14924.04,94.09,Possible DDoS
server_19,21:41:30,21:42:00,749.19,114.08,
server_19,21:41:40,21:42:10,4682.6,840.28,Possible DDoS
server_19,21:41:50,21:42:20,4682.6,840.28,Possible DDoS
server_19,21:42:00,21:42:30,4682.6,1317.68,Possible DDoS
server_19,21:42:10,21:42:40,8982.78,1317.68,Possible DDoS
server_19,21:42:20,21:42:50,8982.78,1317.68,Possible DDoS
server_19,21:42:30,21:43:00,8982.78,186.87,Possible DDoS
server_19,21:42:40,21:43:10,13698.83,113.23,Possible DDoS
server_19,21:42:50,21:43:20,13698.83,125.59,Possible DDoS
server_19,21:43:00,21:43:30,13698.83,1244.42,Possible DDoS
server_19,21:43:10,21:43:40,5508.2,1244.42,Possible DDoS
server_19,21:43:20,21:43:50,5508.2,1244.42,Possible DDoS
server_19,21:43:30,21:44:00,5508.2,64.37,Possible DDoS
server_19,21:43:40,21:44:10,966.76,5011.15,Disk thrash suspected
server_19,21:43:50,21:44:20,9864.65,5011.15,Network flood + Disk thrash suspected
server_19,21:44:00,21:44:30,9864.65,5011.15,Network flood + Disk thrash suspected
server_19,21:44:10,21:44:40,9864.65,194.84,Possible DDoS
server_19,21:44:20,21:44:50,8923.27,194.84,Possible DDoS
server_19,21:44:30,21:45:00,8923.27,1886.98,Possible DDoS
server_19,21:44:40,21:45:10,2544.24,1886.98,
server_19,21:44:50,21:45:20,2544.24,1886.98,
server_19,21:45:00,21:45:30,930.01,100.24,
server_19,21:45:10,21:45:40,1281.58,1914.08,
server_19,21:45:20,21:45:50,1281.58,1914.08,
server_19,21:45:30,21:46:00,4207.3,6598.95,Network flood + Disk thrash suspected
server_19,21:45:40,21:46:10,4207.3,6598.95,Network flood + Disk thrash suspected
server_19,21:45:50,21:46:20,4469.83,6598.95,Network flood + Disk thrash suspected
server_19,21:46:00,21:46:30,4469.83,1229.19,Possible DDoS
server_19,21:46:10,21:46:40,4469.83,7429.89,Network flood + Disk thrash suspected
server_19,21:46:20,21:46:50,887.69,7429.89,Disk thrash suspected
server_19,21:46:30,21:47:00,14727.99,7429.89,Network flood + Disk thrash suspected
server_19,21:46:40,21:47:10,14727.99,6246.63,Network flood + Disk thrash suspected
server_19,21:46:50,21:47:20,14727.99,6246.63,Network flood + Disk thrash suspected
server_19,21:47:00,21:47:30,1218.92,6246.63,Disk thrash suspected
server_19,21:47:10,21:47:40,1790.47,3341.75,
server_19,21:47:20,21:47:50,1790.47,1284.04,
server_19,21:47:30,21:48:00,1790.47,1284.04,
server_19,21:47:40,21:48:10,710.27,90.07,
server_19,21:47:50,21:48:20,640.88,5233.48,Disk thrash suspected
server_19,21:48:00,21:48:30,1003.89,5233.48,Disk thrash suspected
server_19,21:48:10,21:48:40,1003.89,5233.48,Disk thrash suspected
server_19,21:48:20,21:48:50,1003.89,131.86,
server_19,21:48:30,21:49:00,892.22,131.86,
server_19,21:48:40,21:49:10,906.87,4844.46,Disk thrash suspected
server_19,21:48:50,21:49:20,906.87,4844.46,Disk thrash suspected
server_19,21:49:00,21:49:30,3202.82,4844.46,Disk thrash suspected
server_19,21:49:10,21:49:40,3202.82,1004.0,
server_19,21:49:20,21:49:50,3202.82,1004.0,
server_19,21:49:30,21:50:00,329.35,9301.41,Disk thrash suspected
server_19,21:49:40,21:50:10,17080.08,9301.41,Network flood + Disk thrash suspected
server_19,21:49:50,21:50:20,17080.08,9301.41,Network flood + Disk thrash suspected
server_19,21:50:00,21:50:30,17080.08,1521.32,Possible DDoS
server_19,21:50:10,21:50:40,9615.07,9422.49,Network flood + Disk thrash suspected
server_19,21:50:20,21:50:50,2788.91,9422.49,Disk thrash suspected
server_19,21:50:30,21:51:00,2788.91,9422.49,Disk thrash suspected
server_19,21:50:40,21:51:10,2788.91,1414.65,
server_19,21:50:50,21:51:20,1079.06,186.98,
server_19,21:51:00,21:51:30,1079.06,9972.2,Disk thrash suspected
server_19,21:51:10,21:51:40,2914.99,9972.2,Disk thrash suspected
server_19,21:51:20,21:51:50,9570.0,9972.2,Network flood + Disk thrash suspected
server_19,21:51:30,21:52:00,9570.0,683.66,Possible DDoS
server_19,21:51:40,21:52:10,9570.0,168.16,Possible DDoS
server_19,21:51:50,21:52:20,1009.39,199.88,
server_19,21:52:00,21:52:30,1009.39,5310.05,Disk thrash suspected
server_19,21:52:10,21:52:40,1047.67,5310.05,Disk thrash suspected
server_19,21:52:20,21:52:50,1047.67,5310.05,Disk thrash suspected
server_19,21:52:30,21:53:00,6395.37,185.55,Possible DDoS
server_19,21:52:40,21:53:10,6395.37,5138.15,Network flood + Disk thrash suspected
server_19,21:52:50,21:53:20,6395.37,5138.15,Network flood + Disk thrash suspected
server_19,21:53:00,21:53:30,704.73,5138.15,Disk thrash suspected
server_19,21:53:10,21:53:40,704.73,3551.57,Disk thrash suspected
server_19,21:53:20,21:53:50,704.73,6164.0,Disk thrash suspected
server_19,21:53:30,21:54:00,1952.14,6164.0,Disk thrash suspected
server_19,21:53:40,21:54:10,1952.14,6164.0,Disk thrash suspected
server_19,21:53:50,21:54:20,1952.14,4655.57,Disk thrash suspected
server_19,21:54:00,21:54:30,11383.89,4655.57,Network flood + Disk thrash suspected
server_19,21:54:10,21:54:40,14814.32,3457.95,Network flood + Disk thrash suspected
server_19,21:54:20,21:54:50,14814.32,3457.95,Network flood + Disk thrash suspected
server_19,21:54:30,21:55:00,14814.32,3457.95,Network flood + Disk thrash suspected
server_19,21:54:40,21:55:10,3496.12,796.09,
server_19,21:54:50,21:55:20,9728.55,133.52,Possible DDoS
server_19,21:55:00,21:55:30,14531.83,133.52,Possible DDoS
server_19,21:55:10,21:55:40,14531.83,7252.91,Network flood + Disk thrash suspected
server_19,21:55:20,21:55:50,14531.83,7252.91,Network flood + Disk thrash suspected
server_19,21:55:30,21:56:00,3185.72,7252.91,Disk thrash suspected
server_19,21:55:40,21:56:10,11890.58,1040.79,Possible DDoS
server_19,21:55:50,21:56:20,11890.58,1040.79,Possible DDoS
server_19,21:56:00,21:56:30,11890.58,141.35,Possible DDoS
server_19,21:56:10,21:56:40,630.33,4828.88,Disk thrash suspected
server_19,21:56:20,21:56:50,4781.78,4828.88,Network flood + Disk thrash suspected
server_19,21:56:30,21:57:00,10079.14,4828.88,Network flood + Disk thrash suspected
server_19,21:56:40,21:57:10,10079.14,1656.89,Possible DDoS
server_19,21:56:50,21:57:20,10079.14,1656.89,Possible DDoS
server_19,21:57:00,21:57:30,1752.0,1656.89,
server_19,21:57:10,21:57:40,1003.47,6261.59,Disk thrash suspected
server_19,21:57:20,21:57:50,1003.47,6261.59,Disk thrash suspected
server_19,21:57:30,21:58:00,561.32,6261.59,Disk thrash suspected
server_19,21:57:40,21:58:10,561.32,9676.58,Disk thrash suspected
server_19,21:57:50,21:58:20,5243.0,9676.58,Network flood + Disk thrash suspected
server_19,21:58:00,21:58:30,5243.0,9676.58,Network flood + Disk thrash suspected
server_19,21:58:10,21:58:40,9595.01,3726.14,Network flood + Disk thrash suspected
server_19,21:58:20,21:58:50,9595.01,3726.14,Network flood + Disk thrash suspected
server_19,21:58:30,21:59:00,9595.01,142.46,Possible DDoS
server_19,21:58:40,21:59:10,11093.68,108.19,Possible DDoS
server_19,21:58:50,21:59:20,11093.68,7176.11,Network flood + Disk thrash suspected
server_19,21:59:00,21:59:30,11093.68,7176.11,Network flood + Disk thrash suspected
server_19,21:59:10,21:59:40,1431.08,7176.11,Disk thrash suspected
server_19,21:59:20,21:59:50,1431.08,6968.16,Disk thrash suspected
server_19,21:59:30,22:00:00,1039.29,6968.16,Disk thrash suspected
server_19,21:59:40,22:00:10,599.81,6968.16,Disk thrash suspected
server_19,21:59:50,22:00:20,599.81,82.72,
server_19,22:00:00,22:00:30,685.65,3347.67,
server_19,22:00:10,22:00:40,685.65,3347.67,
server_19,22:00:20,22:00:50,900.8,3347.67,
server_19,22:00:30,22:01:00,908.24,163.77,
server_19,22:00:40,22:01:10,908.24,131.23,
server_19,22:00:50,22:01:20,980.61,116.35,
server_19,22:01:00,22:01:30,980.61,5175.52,Disk thrash suspected
server_19,22:01:10,22:01:40,980.61,5175.52,Disk thrash suspected
server_19,22:01:20,22:01:50,1001.25,5175.52,Disk thrash suspected
server_19,22:01:30,22:02:00,1794.69,1115.81,
server_19,22:01:40,22:02:10,4003.92,1956.05,Possible DDoS
server_19,22:01:50,22:02:20,4003.92,9694.96,Network flood + Disk thrash suspected
server_19,22:02:00,22:02:30,4003.92,9694.96,Network flood + Disk thrash suspected
server_19,22:02:10,22:02:40,866.14,9694.96,Disk thrash suspected
server_19,22:02:20,22:02:50,3041.36,912.95,
server_19,22:02:30,22:03:00,3041.36,912.95,
server_19,22:02:40,22:03:10,3041.36,912.95,
server_19,22:02:50,22:03:20,15159.12,866.78,Possible DDoS
server_19,22:03:00,22:03:30,15159.12,182.82,Possible DDoS
server_19,22:03:10,22:03:40,15159.12,8552.07,Network flood + Disk thrash suspected
server_19,22:03:20,22:03:50,913.59,8552.07,Disk thrash suspected
server_19,22:03:30,22:04:00,913.59,8552.07,Disk thrash suspected
server_19,22:03:40,22:04:10,913.59,183.95,
server_19,22:03:50,22:04:20,776.11,106.47,
server_19,22:04:00,22:04:30,776.11,106.47,
server_19,22:04:10,22:04:40,776.11,8878.44,Disk thrash suspected
server_19,22:04:20,22:04:50,940.6,8878.44,Disk thrash suspected
server_19,22:04:30,22:05:00,940.6,8878.44,Disk thrash suspected
server_19,22:04:40,22:05:10,11652.69,164.95,Possible DDoS
server_19,22:04:50,22:05:20,11652.69,4349.44,Network flood + Disk thrash suspected
server_19,22:05:00,22:05:30,11652.69,4349.44,Network flood + Disk thrash suspected
server_19,22:05:10,22:05:40,3020.69,9292.61,Disk thrash suspected
server_19,22:05:20,22:05:50,3020.69,9292.61,Disk thrash suspected
server_19,22:05:30,22:06:00,629.85,9403.6,Disk thrash suspected
server_19,22:05:40,22:06:10,629.85,9403.6,Disk thrash suspected
server_19,22:05:50,22:06:20,951.11,9403.6,Disk thrash suspected
server_19,22:06:00,22:06:30,1183.02,875.04,
server_19,22:06:10,22:06:40,1183.02,875.04,
server_19,22:06:20,22:06:50,2128.28,875.04,
server_19,22:06:30,22:07:00,15941.98,9917.6,Network flood + Disk thrash suspected
server_19,22:06:40,22:07:10,15941.98,9917.6,Network flood + Disk thrash suspected
server_19,22:06:50,22:07:20,15941.98,9917.6,Network flood + Disk thrash suspected
server_19,22:07:00,22:07:30,890.15,162.07,
server_19,22:07:10,22:07:40,17914.12,162.07,Possible DDoS
server_19,22:07:20,22:07:50,17914.12,162.07,Possible DDoS
server_19,22:07:30,22:08:00,17914.12,9120.53,Network flood + Disk thrash suspected
server_19,22:07:40,22:08:10,1050.67,9120.53,Disk thrash suspected
server_19,22:07:50,22:08:20,985.7,9120.53,Disk thrash suspected
server_19,22:08:00,22:08:30,2014.81,6473.58,Disk thrash suspected
server_19,22:08:10,22:08:40,2014.81,1358.7,
server_19,22:08:20,22:08:50,4851.72,1987.54,Possible DDoS
server_19,22:08:30,22:09:00,4851.72,1987.54,Possible DDoS
server_19,22:08:40,22:09:10,4851.72,1987.54,Possible DDoS
server_19,22:08:50,22:09:20,9959.85,126.13,Possible DDoS
server_19,22:09:00,22:09:30,9959.85,126.13,Possible DDoS
server_19,22:09:10,22:09:40,15225.33,131.28,Possible DDoS
server_19,22:09:20,22:09:50,19976.95,170.46,Possible DDoS
server_19,22:09:30,22:10:00,19976.95,170.46,Possible DDoS
server_19,22:09:40,22:10:10,19976.95,170.46,Possible DDoS
server_19,22:09:50,22:10:20,935.66,138.32,
server_19,22:10:00,22:10:30,964.43,138.32,
server_19,22:10:10,22:10:40,964.43,138.32,
server_19,22:10:20,22:10:50,8088.31,100.3,Possible DDoS
server_19,22:10:30,22:11:00,8088.31,100.3,Possible DDoS
server_19,22:10:40,22:11:10,8088.31,113.59,Possible DDoS
server_19,22:10:50,22:11:20,405.67,7877.61,Disk thrash suspected
server_19,22:11:00,22:11:30,405.67,7887.84,Disk thrash suspected
server_19,22:11:10,22:11:40,891.6,7887.84,Disk thrash suspected
server_19,22:11:20,22:11:50,933.18,7887.84,Disk thrash suspected
server_19,22:11:30,22:12:00,16435.93,179.7,Possible DDoS
server_19,22:11:40,22:12:10,16435.93,155.04,Possible DDoS
server_19,22:11:50,22:12:20,16435.93,4774.29,Network flood + Disk thrash suspected
server_19,22:12:00,22:12:30,638.75,4774.29,Disk thrash suspected
server_19,22:12:10,22:12:40,961.86,5432.16,Disk thrash suspected
server_19,22:12:20,22:12:50,961.86,5432.16,Disk thrash suspected
server_19,22:12:30,22:13:00,961.86,5432.16,Disk thrash suspected
server_19,22:12:40,22:13:10,4786.02,5533.83,Network flood + Disk thrash suspected
server_19,22:12:50,22:13:20,8740.17,5533.83,Network flood + Disk thrash suspected
server_19,22:13:00,22:13:30,11579.35,5533.83,Network flood + Disk thrash suspected
server_19,22:13:10,22:13:40,11579.35,112.58,Possible DDoS
server_19,22:13:20,22:13:50,11579.35,112.58,Possible DDoS
server_19,22:13:30,22:14:00,18132.93,170.38,Possible DDoS
server_19,22:13:40,22:14:10,18132.93,170.38,Possible DDoS
server_19,22:13:50,22:14:20,18132.93,761.86,Possible DDoS
server_19,22:14:00,22:14:30,4360.21,1449.68,Possible DDoS
server_19,22:14:10,22:14:40,4360.21,1449.68,Possible DDoS
server_19,22:14:20,22:14:50,4360.21,1449.68,Possible DDoS
server_19,22:14:30,22:15:00,2135.8,947.35,
server_19,22:14:40,22:15:10,9336.07,947.35,Possible DDoS
server_19,22:14:50,22:15:20,9336.07,806.05,Possible DDoS
server_19,22:15:00,22:15:30,9336.07,806.05,Possible DDoS
server_19,22:15:10,22:15:40,688.55,97.7,
server_19,22:15:20,22:15:50,12361.33,192.58,Possible DDoS
server_19,22:15:30,22:16:00,12361.33,192.58,Possible DDoS
server_19,22:15:40,22:16:10,12361.33,192.58,Possible DDoS
server_19,22:15:50,22:16:20,17001.45,62.15,Possible DDoS
server_19,22:16:00,22:16:30,17001.45,109.78,Possible DDoS
server_19,22:16:10,22:16:40,17001.45,8590.91,Network flood + Disk thrash suspected
server_19,22:16:20,22:16:50,4799.99,8590.91,Network flood + Disk thrash suspected
server_19,22:16:30,22:17:00,4799.99,8590.91,Network flood + Disk thrash suspected
server_19,22:16:40,22:17:10,4799.99,1820.33,Possible DDoS
server_19,22:16:50,22:17:20,2415.77,1820.33,
server_19,22:17:00,22:17:30,2415.77,1820.33,
server_19,22:17:10,22:17:40,1017.64,144.26,
server_19,22:17:20,22:17:50,1017.64,144.26,
server_19,22:17:30,22:18:00,4167.87,1702.46,Possible DDoS
server_19,22:17:40,22:18:10,4167.87,1702.46,Possible DDoS
server_19,22:17:50,22:18:20,4167.87,4343.11,Network flood + Disk thrash suspected
server_19,22:18:00,22:18:30,927.56,4343.11,Disk thrash suspected
server_19,22:18:10,22:18:40,16789.5,4343.11,Network flood + Disk thrash suspected
server_19,22:18:20,22:18:50,16789.5,71.89,Possible DDoS
server_19,22:18:30,22:19:00,16789.5,141.92,Possible DDoS
server_19,22:18:40,22:19:10,7988.08,141.92,Possible DDoS
server_19,22:18:50,22:19:20,7988.08,1079.14,Possible DDoS
server_19,22:19:00,22:19:30,4660.75,1802.47,Possible DDoS
server_19,22:19:10,22:19:40,4660.75,1802.47,Possible DDoS
server_19,22:19:20,22:19:50,1216.9,1802.47,
server_19,22:19:30,22:20:00,990.84,122.58,
server_19,22:19:40,22:20:10,9064.06,122.58,Possible DDoS
server_19,22:19:50,22:20:20,9064.06,81.75,Possible DDoS
server_19,22:20:00,22:20:30,9064.06,1605.19,Possible DDoS
server_19,22:20:10,22:20:40,5234.8,1605.19,Possible DDoS
server_19,22:20:20,22:20:50,3755.18,1605.19,Possible DDoS
server_19,22:20:30,22:21:00,3171.49,6161.69,Disk thrash suspected
server_19,22:20:40,22:21:10,3171.49,9409.05,Disk thrash suspected
server_19,22:20:50,22:21:20,3171.49,9409.05,Disk thrash suspected
server_19,22:21:00,22:21:30,461.17,9409.05,Disk thrash suspected
server_19,22:21:10,22:21:40,461.17,121.17,
server_19,22:21:20,22:21:50,391.45,9401.3,Disk thrash suspected
server_19,22:21:30,22:22:00,873.59,9401.3,Disk thrash suspected
server_19,22:21:40,22:22:10,873.59,9401.3,Disk thrash suspected
server_19,22:21:50,22:22:20,873.59,8539.67,Disk thrash suspected
server_19,22:22:00,22:22:30,850.2,8539.67,Disk thrash suspected
server_19,22:22:10,22:22:40,820.67,188.34,
server_19,22:22:20,22:22:50,990.29,95.62,
server_19,22:22:30,22:23:00,990.29,95.62,
server_19,22:22:40,22:23:10,990.29,95.62,
server_19,22:22:50,22:23:20,937.1,78.97,
server_19,22:23:00,22:23:30,932.23,78.67,
server_19,22:23:10,22:23:40,4653.09,1125.49,Possible DDoS
server_19,22:23:20,22:23:50,6668.85,1125.49,Possible DDoS
server_19,22:23:30,22:24:00,8013.0,7534.02,Network flood + Disk thrash suspected
server_19,22:23:40,22:24:10,14715.64,7534.02,Network flood + Disk thrash suspected
server_19,22:23:50,22:24:20,14715.64,7534.02,Network flood + Disk thrash suspected
server_19,22:24:00,22:24:30,14715.64,1606.15,Possible DDoS
server_19,22:24:10,22:24:40,4182.88,1606.15,Possible DDoS
server_19,22:24:20,22:24:50,17855.73,1606.15,Possible DDoS
server_19,22:24:30,22:25:00,17855.73,1355.58,Possible DDoS
server_19,22:24:40,22:25:10,17855.73,1355.58,Possible DDoS
server_19,22:24:50,22:25:20,2959.86,1355.58,
server_19,22:25:00,22:25:30,18910.84,74.25,Possible DDoS
server_19,22:25:10,22:25:40,18910.84,97.86,Possible DDoS
server_19,22:25:20,22:25:50,18910.84,3925.36,Network flood + Disk thrash suspected
server_19,22:25:30,22:26:00,2457.86,3925.36,Disk thrash suspected
server_19,22:25:40,22:26:10,3675.77,3925.36,Network flood + Disk thrash suspected
server_19,22:25:50,22:26:20,3675.77,3777.71,Network flood + Disk thrash suspected
server_19,22:26:00,22:26:30,3675.77,1245.96,Possible DDoS
server_19,22:26:10,22:26:40,1656.64,744.88,
server_19,22:26:20,22:26:50,4969.09,1315.43,Possible DDoS
server_19,22:26:30,22:27:00,4969.09,1315.43,Possible DDoS
server_19,22:26:40,22:27:10,17316.67,7540.12,Network flood + Disk thrash suspected
server_19,22:26:50,22:27:20,17316.67,7540.12,Network flood + Disk thrash suspected
server_19,22:27:00,22:27:30,17316.67,7540.12,Network flood + Disk thrash suspected
server_19,22:27:10,22:27:40,6980.71,1372.29,Possible DDoS
server_19,22:27:20,22:27:50,3227.7,1372.29,
server_19,22:27:30,22:28:00,16409.4,163.84,Possible DDoS
server_19,22:27:40,22:28:10,16409.4,163.84,Possible DDoS
server_19,22:27:50,22:28:20,16409.4,163.84,Possible DDoS
server_19,22:28:00,22:28:30,892.13,135.88,
server_19,22:28:10,22:28:40,892.13,162.88,
server_19,22:28:20,22:28:50,694.07,6437.41,Disk thrash suspected
server_19,22:28:30,22:29:00,520.91,6437.41,Disk thrash suspected
server_19,22:28:40,22:29:10,921.05,6437.41,Disk thrash suspected
server_19,22:28:50,22:29:20,921.05,9818.65,Disk thrash suspected
server_19,22:29:00,22:29:30,921.05,9818.65,Disk thrash suspected
server_19,22:29:10,22:29:40,10858.46,9818.65,Network flood + Disk thrash suspected
server_19,22:29:20,22:29:50,10858.46,137.82,Possible DDoS
server_19,22:29:30,22:30:00,10858.46,1114.44,Possible DDoS
server_19,22:29:40,22:30:10,4151.92,1114.44,Possible DDoS
server_19,22:29:50,22:30:20,4151.92,1114.44,Possible DDoS
server_19,22:30:00,22:30:30,5089.05,167.94,Possible DDoS
server_19,22:30:10,22:30:40,5089.05,132.79,Possible DDoS
server_19,22:30:20,22:30:50,5089.05,8426.62,Network flood + Disk thrash suspected
server_19,22:30:30,22:31:00,14695.88,8426.62,Network flood + Disk thrash suspected
server_19,22:30:40,22:31:10,14695.88,8426.62,Network flood + Disk thrash suspected
server_19,22:30:50,22:31:20,14695.88,6629.02,Network flood + Disk thrash suspected
server_19,22:31:00,22:31:30,7005.98,6629.02,Network flood + Disk thrash suspected
server_19,22:31:10,22:31:40,7005.98,658.86,Possible DDoS
server_19,22:31:20,22:31:50,7005.98,658.86,Possible DDoS
server_19,22:31:30,22:32:00,15880.2,511.83,Possible DDoS
server_19,22:31:40,22:32:10,15948.54,5734.96,Network flood + Disk thrash suspected
server_19,22:31:50,22:32:20,15948.54,5734.96,Network flood + Disk thrash suspected
server_19,22:32:00,22:32:30,15948.54,5734.96,Network flood + Disk thrash suspected
server_19,22:32:10,22:32:40,4289.8,930.28,Possible DDoS
server_19,22:32:20,22:32:50,17497.34,6199.56,Network flood + Disk thrash suspected
server_19,22:32:30,22:33:00,17497.34,6199.56,Network flood + Disk thrash suspected
server_19,22:32:40,22:33:10,17497.34,6199.56,Network flood + Disk thrash suspected
server_19,22:32:50,22:33:20,11169.86,4345.65,Network flood + Disk thrash suspected
server_19,22:33:00,22:33:30,11169.86,4615.57,Network flood + Disk thrash suspected
server_19,22:33:10,22:33:40,1138.44,8079.01,Disk thrash suspected
server_19,22:33:20,22:33:50,979.97,9743.26,Disk thrash suspected
server_19,22:33:30,22:34:00,6036.25,9743.26,Network flood + Disk thrash suspected
server_19,22:33:40,22:34:10,6036.25,9743.26,Network flood + Disk thrash suspected
server_19,22:33:50,22:34:20,6036.25,98.94,Possible DDoS
server_19,22:34:00,22:34:30,2459.41,1494.59,
server_19,22:34:10,22:34:40,10862.8,1494.59,Possible DDoS
server_19,22:34:20,22:34:50,10862.8,1494.59,Possible DDoS
server_19,22:34:30,22:35:00,10862.8,1812.48,Possible DDoS
server_19,22:34:40,22:35:10,10024.52,9757.07,Network flood + Disk thrash suspected
server_19,22:34:50,22:35:20,1321.74,9757.07,Disk thrash suspected
server_19,22:35:00,22:35:30,672.83,9757.07,Disk thrash suspected
server_19,22:35:10,22:35:40,1199.2,7484.19,Disk thrash suspected
server_19,22:35:20,22:35:50,1199.2,7484.19,Disk thrash suspected
server_19,22:35:30,22:36:00,1199.2,7484.19,Disk thrash suspected
server_19,22:35:40,22:36:10,806.26,6678.24,Disk thrash suspected
server_19,22:35:50,22:36:20,651.93,6678.24,Disk thrash suspected
server_19,22:36:00,22:36:30,974.51,129.63,
server_19,22:36:10,22:36:40,12891.51,4225.68,Network flood + Disk thrash suspected
server_19,22:36:20,22:36:50,12891.51,4225.68,Network flood + Disk thrash suspected
server_19,22:36:30,22:37:00,12891.51,8476.92,Network flood + Disk thrash suspected
server_19,22:36:40,22:37:10,16684.74,8476.92,Network flood + Disk thrash suspected
server_19,22:36:50,22:37:20,16684.74,8476.92,Network flood + Disk thrash suspected
server_19,22:37:00,22:37:30,16684.74,8304.53,Network flood + Disk thrash suspected
server_19,22:37:10,22:37:40,15511.75,8304.53,Network flood + Disk thrash suspected
server_19,22:37:20,22:37:50,12837.99,189.47,Possible DDoS
server_19,22:37:30,22:38:00,954.44,135.28,
server_19,22:37:40,22:38:10,929.3,135.28,
server_19,22:37:50,22:38:20,13053.23,89.2,Possible DDoS
server_19,22:38:00,22:38:30,13053.23,152.63,Possible DDoS
server_19,22:38:10,22:38:40,13053.23,1747.65,Possible DDoS
server_19,22:38:20,22:38:50,7827.08,7559.84,Network flood + Disk thrash suspected
server_19,22:38:30,22:39:00,19777.81,7559.84,Network flood + Disk thrash suspected
server_19,22:38:40,22:39:10,19777.81,7559.84,Network flood + Disk thrash suspected
server_19,22:38:50,22:39:20,19777.81,1854.06,Possible DDoS
server_19,22:39:00,22:39:30,2274.14,1854.06,
server_19,22:39:10,22:39:40,2274.14,1854.06,
server_19,22:39:20,22:39:50,944.11,3386.02,
server_19,22:39:30,22:40:00,4345.96,9617.73,Network flood + Disk thrash suspected
server_19,22:39:40,22:40:10,4345.96,9617.73,Network flood + Disk thrash suspected
server_19,22:39:50,22:40:20,4345.96,9617.73,Network flood + Disk thrash suspected
server_19,22:40:00,22:40:30,975.46,6089.75,Disk thrash suspected
server_19,22:40:10,22:40:40,975.46,6089.75,Disk thrash suspected
server_19,22:40:20,22:40:50,1015.4,6089.75,Disk thrash suspected
server_19,22:40:30,22:41:00,1015.4,69.22,
server_19,22:40:40,22:41:10,1015.4,69.22,
server_19,22:40:50,22:41:20,4862.17,5885.86,Network flood + Disk thrash suspected
server_19,22:41:00,22:41:30,4862.17,5885.86,Network flood + Disk thrash suspected
server_19,22:41:10,22:41:40,4862.17,5885.86,Network flood + Disk thrash suspected
server_19,22:41:20,22:41:50,889.98,4298.59,Disk thrash suspected
server_19,22:41:30,22:42:00,679.39,4298.59,Disk thrash suspected
server_19,22:41:40,22:42:10,15017.04,4298.59,Network flood + Disk thrash suspected
server_19,22:41:50,22:42:20,15017.04,117.93,Possible DDoS
server_19,22:42:00,22:42:30,15017.04,101.92,Possible DDoS
server_19,22:42:10,22:42:40,796.71,5248.65,Disk thrash suspected
server_19,22:42:20,22:42:50,713.39,5248.65,Disk thrash suspected
server_19,22:42:30,22:43:00,917.81,5248.65,Disk thrash suspected
server_19,22:42:40,22:43:10,917.81,99.2,
server_19,22:42:50,22:43:20,917.81,99.2,
server_19,22:43:00,22:43:30,7385.8,99.2,Possible DDoS
server_19,22:43:10,22:43:40,7385.8,79.13,Possible DDoS
server_19,22:43:20,22:43:50,7385.8,90.72,Possible DDoS
server_19,22:43:30,22:44:00,984.67,9536.34,Disk thrash suspected
server_19,22:43:40,22:44:10,984.67,9536.34,Disk thrash suspected
server_19,22:43:50,22:44:20,961.53,9536.34,Disk thrash suspected
server_19,22:44:00,22:44:30,17016.41,129.01,Possible DDoS
server_19,22:44:10,22:44:40,17016.41,94.21,Possible DDoS
server_19,22:44:20,22:44:50,17016.41,143.35,Possible DDoS
server_19,22:44:30,22:45:00,557.31,143.35,
server_19,22:44:40,22:45:10,557.31,143.35,
server_19,22:44:50,22:45:20,4476.75,1313.58,Possible DDoS
server_19,22:45:00,22:45:30,4476.75,5117.49,Network flood + Disk thrash suspected
server_19,22:45:10,22:45:40,4476.75,5117.49,Network flood + Disk thrash suspected
server_19,22:45:20,22:45:50,4655.2,5117.49,Network flood + Disk thrash suspected
server_19,22:45:30,22:46:00,4655.2,1645.82,Possible DDoS
server_19,22:45:40,22:46:10,4655.2,1645.82,Possible DDoS
server_19,22:45:50,22:46:20,3605.24,1535.76,Possible DDoS
server_19,22:46:00,22:46:30,3605.24,7772.45,Network flood + Disk thrash suspected
server_19,22:46:10,22:46:40,3605.24,7772.45,Network flood + Disk thrash suspected
server_19,22:46:20,22:46:50,1004.06,7772.45,Disk thrash suspected
server_19,22:46:30,22:47:00,4028.38,1628.56,Possible DDoS
server_19,22:46:40,22:47:10,4028.38,1628.56,Possible DDoS
server_19,22:46:50,22:47:20,4028.38,1628.56,Possible DDoS
server_19,22:47:00,22:47:30,986.05,153.15,
server_19,22:47:10,22:47:40,986.05,4928.58,Disk thrash suspected
server_19,22:47:20,22:47:50,19352.77,4928.58,Network flood + Disk thrash suspected
server_19,22:47:30,22:48:00,19352.77,4928.58,Network flood + Disk thrash suspected
server_19,22:47:40,22:48:10,19352.77,84.51,Possible DDoS
server_19,22:47:50,22:48:20,13894.28,1116.44,Possible DDoS
server_19,22:48:00,22:48:30,13894.28,1116.44,Possible DDoS
server_19,22:48:10,22:48:40,4689.77,5615.84,Network flood + Disk thrash suspected
server_19,22:48:20,22:48:50,1021.04,5615.84,Disk thrash suspected
server_19,22:48:30,22:49:00,825.63,5615.84,Disk thrash suspected
server_19,22:48:40,22:49:10,825.63,100.41,
server_19,22:48:50,22:49:20,919.12,9308.35,Disk thrash suspected
server_19,22:49:00,22:49:30,919.12,9308.35,Disk thrash suspected
server_19,22:49:10,22:49:40,919.12,9308.35,Disk thrash suspected
server_19,22:49:20,22:49:50,4044.09,6662.3,Network flood + Disk thrash suspected
server_19,22:49:30,22:50:00,4044.09,1446.75,Possible DDoS
server_19,22:49:40,22:50:10,7609.97,1446.75,Possible DDoS
server_19,22:49:50,22:50:20,10225.72,129.88,Possible DDoS
server_19,22:50:00,22:50:30,10225.72,105.36,Possible DDoS
server_19,22:50:10,22:50:40,10225.72,1891.55,Possible DDoS
server_19,22:50:20,22:50:50,3512.51,1891.55,
server_19,22:50:30,22:51:00,3512.51,7735.76,Disk thrash suspected
server_19,22:50:40,22:51:10,600.1,7735.76,Disk thrash suspected
server_19,22:50:50,22:51:20,987.06,7735.76,Disk thrash suspected
server_19,22:51:00,22:51:30,13838.7,7436.34,Network flood + Disk thrash suspected
server_19,22:51:10,22:51:40,13838.7,139.09,Possible DDoS
server_19,22:51:20,22:51:50,13838.7,139.09,Possible DDoS
server_19,22:51:30,22:52:00,1099.33,139.09,
server_19,22:51:40,22:52:10,1099.33,26.62,
server_19,22:51:50,22:52:20,898.76,8401.74,Disk thrash suspected
server_19,22:52:00,22:52:30,527.49,8401.74,Disk thrash suspected
server_19,22:52:10,22:52:40,670.49,8401.74,Disk thrash suspected
server_19,22:52:20,22:52:50,857.86,86.79,
server_19,22:52:30,22:53:00,1045.36,86.79,
server_19,22:52:40,22:53:10,1045.36,70.75,
server_19,22:52:50,22:53:20,1045.36,70.75,
server_2,20:53:00,20:53:30,15785.33,673.93,Possible DDoS
server_2,20:53:10,20:53:40,15785.33,7489.48,Network flood + Disk thrash suspected
server_2,20:53:20,20:53:50,15785.33,7489.48,Network flood + Disk thrash suspected
server_2,20:53:30,20:54:00,4338.51,7489.48,Network flood + Disk thrash suspected
server_2,20:53:40,20:54:10,9335.06,857.97,Possible DDoS
server_2,20:53:50,20:54:20,9335.06,857.97,Possible DDoS
server_2,20:54:00,20:54:30,9335.06,197.88,Possible DDoS
server_2,20:54:10,20:54:40,964.0,187.63,
server_2,20:54:20,20:54:50,964.0,6141.01,Disk thrash suspected
server_2,20:54:30,20:55:00,16648.09,6141.01,Network flood + Disk thrash suspected
server_2,20:54:40,20:55:10,16648.09,8896.8,Network flood + Disk thrash suspected
server_2,20:54:50,20:55:20,16648.09,8896.8,Network flood + Disk thrash suspected
server_2,20:55:00,20:55:30,1947.11,8896.8,Disk thrash suspected
server_2,20:55:10,20:55:40,1947.11,6499.57,Disk thrash suspected
server_2,20:55:20,20:55:50,1000.79,150.72,
server_2,20:55:30,20:56:00,3808.37,1812.85,Possible DDoS
server_2,20:55:40,20:56:10,3808.37,1860.6,Possible DDoS
server_2,20:55:50,20:56:20,7901.46,1860.6,Possible DDoS
server_2,20:56:00,20:56:30,7901.46,1860.6,Possible DDoS
server_2,20:56:10,20:56:40,12242.7,5261.73,Network flood + Disk thrash suspected
server_2,20:56:20,20:56:50,12242.7,5261.73,Network flood + Disk thrash suspected
server_2,20:56:30,20:57:00,12242.7,5261.73,Network flood + Disk thrash suspected
server_2,20:56:40,20:57:10,6982.22,120.29,Possible DDoS
server_2,20:56:50,20:57:20,18371.81,100.34,Possible DDoS
server_2,20:57:00,20:57:30,18371.81,182.83,Possible DDoS
server_2,20:57:10,20:57:40,18371.81,7123.06,Network flood + Disk thrash suspected
server_2,20:57:20,20:57:50,9251.02,7123.06,Network flood + Disk thrash suspected
server_2,20:57:30,20:58:00,7440.99,7123.06,Network flood + Disk thrash suspected
server_2,20:57:40,20:58:10,7440.99,9500.38,Network flood + Disk thrash suspected
server_2,20:57:50,20:58:20,763.92,9500.38,Disk thrash suspected
server_2,20:58:00,20:58:30,763.92,9500.38,Disk thrash suspected
server_2,20:58:10,20:58:40,627.99,113.89,
server_2,20:58:20,20:58:50,1780.8,1248.95,
server_2,20:58:30,20:59:00,1780.8,1248.95,
server_2,20:58:40,20:59:10,1780.8,1248.95,
server_2,20:58:50,20:59:20,894.79,8775.9,Disk thrash suspected
server_2,20:59:00,20:59:30,17486.54,8775.9,Network flood + Disk thrash suspected
server_2,20:59:10,20:59:40,17486.54,8775.9,Network flood + Disk thrash suspected
server_2,20:59:20,20:59:50,17486.54,190.39,Possible DDoS
server_2,20:59:30,21:00:00,585.65,190.39,
server_2,20:59:40,21:00:10,449.91,74.87,
server_2,20:59:50,21:00:20,619.86,74.87,
server_2,21:00:00,21:00:30,619.86,74.87,
server_2,21:00:10,21:00:40,2385.54,8740.09,Disk thrash suspected
server_2,21:00:20,21:00:50,9663.06,8740.09,Network flood + Disk thrash suspected
server_2,21:00:30,21:01:00,18530.46,8740.09,Network flood + Disk thrash suspected
server_2,21:00:40,21:01:10,18530.46,144.04,Possible DDoS
server_2,21:00:50,21:01:20,18530.46,144.04,Possible DDoS
server_2,21:01:00,21:01:30,1041.58,77.18,
server_2,21:01:10,21:01:40,1002.54,115.35,
server_2,21:01:20,21:01:50,1002.54,115.35,
server_2,21:01:30,21:02:00,1002.54,115.35,
server_2,21:01:40,21:02:10,7677.38,190.78,Possible DDoS
server_2,21:01:50,21:02:20,7677.38,190.78,Possible DDoS
server_2,21:02:00,21:02:30,7677.38,190.78,Possible DDoS
server_2,21:02:10,21:02:40,14016.03,9487.71,Network flood + Disk thrash suspected
server_2,21:02:20,21:02:50,14016.03,9487.71,Network flood + Disk thrash suspected
server_2,21:02:30,21:03:00,14016.03,9487.71,Network flood + Disk thrash suspected
server_2,21:02:40,21:03:10,1006.21,8523.72,Disk thrash suspected
server_2,21:02:50,21:03:20,3188.85,8523.72,Disk thrash suspected
server_2,21:03:00,21:03:30,3188.85,852.05,
server_2,21:03:10,21:03:40,16513.11,8037.53,Network flood + Disk thrash suspected
server_2,21:03:20,21:03:50,16513.11,8037.53,Network flood + Disk thrash suspected
server_2,21:03:30,21:04:00,16513.11,8037.53,Network flood + Disk thrash suspected
server_2,21:03:40,21:04:10,5211.85,4500.33,Network flood + Disk thrash suspected
server_2,21:03:50,21:04:20,5211.85,8116.3,Network flood + Disk thrash suspected
server_2,21:04:00,21:04:30,14594.8,8116.3,Network flood + Disk thrash suspected
server_2,21:04:10,21:04:40,14594.8,9754.7,Network flood + Disk thrash suspected
server_2,21:04:20,21:04:50,14594.8,9754.7,Network flood + Disk thrash suspected
server_2,21:04:30,21:05:00,12598.69,9754.7,Network flood + Disk thrash suspected
server_2,21:04:40,21:05:10,951.87,132.01,
server_2,21:04:50,21:05:20,2364.6,747.6,
server_2,21:05:00,21:05:30,3283.03,1591.49,
server_2,21:05:10,21:05:40,3283.03,1591.49,
server_2,21:05:20,21:05:50,3283.03,5798.98,Disk thrash suspected
server_2,21:05:30,21:06:00,833.68,9347.57,Disk thrash suspected
server_2,21:05:40,21:06:10,3930.03,9347.57,Network flood + Disk thrash suspected
server_2,21:05:50,21:06:20,3930.03,9347.57,Network flood + Disk thrash suspected
server_2,21:06:00,21:06:30,3930.03,4386.33,Network flood + Disk thrash suspected
server_2,21:06:10,21:06:40,19120.87,4386.33,Network flood + Disk thrash suspected
server_2,21:06:20,21:06:50,19120.87,151.36,Possible DDoS
server_2,21:06:30,21:07:00,19120.87,1550.42,Possible DDoS
server_2,21:06:40,21:07:10,13557.03,1550.42,Possible DDoS
server_2,21:06:50,21:07:20,12409.48,1550.42,Possible DDoS
server_2,21:07:00,21:07:30,3327.84,1953.0,
server_2,21:07:10,21:07:40,4917.6,1953.0,Possible DDoS
server_2,21:07:20,21:07:50,13281.59,1953.0,Possible DDoS
server_2,21:07:30,21:08:00,13281.59,1079.76,Possible DDoS
server_2,21:07:40,21:08:10,14602.08,880.3,Possible DDoS
server_2,21:07:50,21:08:20,14602.08,880.3,Possible DDoS
server_2,21:08:00,21:08:30,14602.08,1694.6,Possible DDoS
server_2,21:08:10,21:08:40,3748.03,1694.6,Possible DDoS
server_2,21:08:20,21:08:50,1442.9,1694.6,
server_2,21:08:30,21:09:00,874.38,83.74,
server_2,21:08:40,21:09:10,874.38,111.73,
server_2,21:08:50,21:09:20,981.25,111.73,
server_2,21:09:00,21:09:30,981.25,182.44,
server_2,21:09:10,21:09:40,981.25,182.44,
server_2,21:09:20,21:09:50,914.2,4119.57,Disk thrash suspected
server_2,21:09:30,21:10:00,893.27,4119.57,Disk thrash suspected
server_2,21:09:40,21:10:10,18571.84,4119.57,Network flood + Disk thrash suspected
server_2,21:09:50,21:10:20,18571.84,1568.56,Possible DDoS
server_2,21:10:00,21:10:30,18571.84,1568.56,Possible DDoS
server_2,21:10:10,21:10:40,1593.16,1568.56,
server_2,21:10:20,21:10:50,7514.6,106.23,Possible DDoS
server_2,21:10:30,21:11:00,7514.6,775.05,Possible DDoS
server_2,21:10:40,21:11:10,14314.11,775.05,Possible DDoS
server_2,21:10:50,21:11:20,14314.11,1673.62,Possible DDoS
server_2,21:11:00,21:11:30,14314.11,1673.62,Possible DDoS
server_2,21:11:10,21:11:40,3683.58,1673.62,Possible DDoS
server_2,21:11:20,21:11:50,1031.91,230.97,
server_2,21:11:30,21:12:00,3904.44,1461.99,Possible DDoS
server_2,21:11:40,21:12:10,4698.34,1994.28,Possible DDoS
server_2,21:11:50,21:12:20,4698.34,1994.28,Possible DDoS
server_2,21:12:00,21:12:30,6877.82,1994.28,Possible DDoS
server_2,21:12:10,21:12:40,6877.82,110.44,Possible DDoS
server_2,21:12:20,21:12:50,6877.82,109.91,Possible DDoS
server_2,21:12:30,21:13:00,1046.38,109.91,
server_2,21:12:40,21:13:10,11131.53,109.91,Possible DDoS
server_2,21:12:50,21:13:20,13031.89,7440.52,Network flood + Disk thrash suspected
server_2,21:13:00,21:13:30,13031.89,9755.21,Network flood + Disk thrash suspected
server_2,21:13:10,21:13:40,13031.89,9755.21,Network flood + Disk thrash suspected
server_2,21:13:20,21:13:50,4355.28,9755.21,Network flood + Disk thrash suspected
server_2,21:13:30,21:14:00,7294.15,1377.62,Possible DDoS
server_2,21:13:40,21:14:10,7294.15,1377.62,Possible DDoS
server_2,21:13:50,21:14:20,7294.15,6122.33,Network flood + Disk thrash suspected
server_2,21:14:00,21:14:30,14104.03,6122.33,Network flood + Disk thrash suspected
server_2,21:14:10,21:14:40,14104.03,6122.33,Network flood + Disk thrash suspected
server_2,21:14:20,21:14:50,14104.03,4706.82,Network flood + Disk thrash suspected
server_2,21:14:30,21:15:00,11762.85,4706.82,Network flood + Disk thrash suspected
server_2,21:14:40,21:15:10,11762.85,4706.82,Network flood + Disk thrash suspected
server_2,21:14:50,21:15:20,11762.85,87.54,Possible DDoS
server_2,21:15:00,21:15:30,5795.77,62.72,Possible DDoS
server_2,21:15:10,21:15:40,15451.02,139.33,Possible DDoS
server_2,21:15:20,21:15:50,15451.02,139.33,Possible DDoS
server_2,21:15:30,21:16:00,15451.02,9144.6,Network flood + Disk thrash suspected
server_2,21:15:40,21:16:10,1052.98,9144.6,Disk thrash suspected
server_2,21:15:50,21:16:20,3642.4,9144.6,Network flood + Disk thrash suspected
server_2,21:16:00,21:16:30,18114.55,680.49,Possible DDoS
server_2,21:16:10,21:16:40,18114.55,6750.36,Network flood + Disk thrash suspected
server_2,21:16:20,21:16:50,18114.55,6750.36,Network flood + Disk thrash suspected
server_2,21:16:30,21:17:00,4944.63,6750.36,Network flood + Disk thrash suspected
server_2,21:16:40,21:17:10,4944.63,1292.38,Possible DDoS
server_2,21:16:50,21:17:20,4944.63,1292.38,Possible DDoS
server_2,21:17:00,21:17:30,15826.49,1292.38,Possible DDoS
server_2,21:17:10,21:17:40,15826.49,104.27,Possible DDoS
server_2,21:17:20,21:17:50,15826.49,7747.16,Network flood + Disk thrash suspected
server_2,21:17:30,21:18:00,922.92,7747.16,Disk thrash suspected
server_2,21:17:40,21:18:10,922.92,7747.16,Disk thrash suspected
server_2,21:17:50,21:18:20,9095.99,6002.25,Network flood + Disk thrash suspected
server_2,21:18:00,21:18:30,14505.14,132.05,Possible DDoS
server_2,21:18:10,21:18:40,14505.14,132.05,Possible DDoS
server_2,21:18:20,21:18:50,14505.14,132.05,Possible DDoS
server_2,21:18:30,21:19:00,6449.64,103.91,Possible DDoS
server_2,21:18:40,21:19:10,14095.84,4290.25,Network flood + Disk thrash suspected
server_2,21:18:50,21:19:20,14095.84,4290.25,Network flood + Disk thrash suspected
server_2,21:19:00,21:19:30,14095.84,4290.25,Network flood + Disk thrash suspected
server_2,21:19:10,21:19:40,989.7,137.43,
server_2,21:19:20,21:19:50,986.66,132.39,
server_2,21:19:30,21:20:00,986.66,132.92,
server_2,21:19:40,21:20:10,1795.46,1060.43,
server_2,21:19:50,21:20:20,1795.46,1060.43,
server_2,21:20:00,21:20:30,1795.46,1060.43,
server_2,21:20:10,21:20:40,893.95,136.13,
server_2,21:20:20,21:20:50,1024.81,113.25,
server_2,21:20:30,21:21:00,1024.81,5149.41,Disk thrash suspected
server_2,21:20:40,21:21:10,1024.81,5149.41,Disk thrash suspected
server_2,21:20:50,21:21:20,839.03,5149.41,Disk thrash suspected
server_2,21:21:00,21:21:30,965.78,177.69,
server_2,21:21:10,21:21:40,965.78,177.69,
server_2,21:21:20,21:21:50,15185.63,139.53,Possible DDoS
server_2,21:21:30,21:22:00,15185.63,1424.75,Possible DDoS
server_2,21:21:40,21:22:10,16253.24,1424.75,Possible DDoS
server_2,21:21:50,21:22:20,16253.24,1424.75,Possible DDoS
server_2,21:22:00,21:22:30,16253.24,162.85,Possible DDoS
server_2,21:22:10,21:22:40,8899.53,557.64,Possible DDoS
server_2,21:22:20,21:22:50,8899.53,557.64,Possible DDoS
server_2,21:22:30,21:23:00,8132.46,557.64,Possible DDoS
server_2,21:22:40,21:23:10,18275.52,127.48,Possible DDoS
server_2,21:22:50,21:23:20,18275.52,116.66,Possible DDoS
server_2,21:23:00,21:23:30,18275.52,116.66,Possible DDoS
server_2,21:23:10,21:23:40,5305.97,1512.43,Possible DDoS
server_2,21:23:20,21:23:50,1810.01,1512.43,
server_2,21:23:30,21:24:00,1810.01,1512.43,
server_2,21:23:40,21:24:10,13916.25,837.95,Possible DDoS
server_2,21:23:50,21:24:20,13916.25,837.95,Possible DDoS
server_2,21:24:00,21:24:30,13916.25,837.95,Possible DDoS
server_2,21:24:10,21:24:40,3649.51,1528.11,Possible DDoS
server_2,21:24:20,21:24:50,3649.51,9624.54,Network flood + Disk thrash suspected
server_2,21:24:30,21:25:00,3649.51,9624.54,Network flood + Disk thrash suspected
server_2,21:24:40,21:25:10,848.99,9624.54,Disk thrash suspected
server_2,21:24:50,21:25:20,4194.66,9019.39,Network flood + Disk thrash suspected
server_2,21:25:00,21:25:30,4194.66,9019.39,Network flood + Disk thrash suspected
server_2,21:25:10,21:25:40,4194.66,1398.76,Possible DDoS
server_2,21:25:20,21:25:50,2040.63,1248.1,
server_2,21:25:30,21:26:00,2040.63,1248.1,
server_2,21:25:40,21:26:10,15316.19,1248.1,Possible DDoS
server_2,21:25:50,21:26:20,15316.19,5874.93,Network flood + Disk thrash suspected
server_2,21:26:00,21:26:30,15316.19,5874.93,Network flood + Disk thrash suspected
server_2,21:26:10,21:26:40,13268.62,5874.93,Network flood + Disk thrash suspected
server_2,21:26:20,21:26:50,13268.62,1421.62,Possible DDoS
server_2,21:26:30,21:27:00,19193.74,52.36,Possible DDoS
server_2,21:26:40,21:27:10,19193.74,1814.2,Possible DDoS
server_2,21:26:50,21:27:20,19193.74,1814.2,Possible DDoS
server_2,21:27:00,21:27:30,4636.85,1814.2,Possible DDoS
server_2,21:27:10,21:27:40,2222.26,679.63,
server_2,21:27:20,21:27:50,2222.26,679.63,
server_2,21:27:30,21:28:00,4039.69,1573.5,Possible DDoS
server_2,21:27:40,21:28:10,4039.69,1573.5,Possible DDoS
server_2,21:27:50,21:28:20,8351.28,4690.36,Network flood + Disk thrash suspected
server_2,21:28:00,21:28:30,8351.28,4690.36,Network flood + Disk thrash suspected
server_2,21:28:10,21:28:40,8351.28,6022.4,Network flood + Disk thrash suspected
server_2,21:28:20,21:28:50,6004.68,6022.4,Network flood + Disk thrash suspected
server_2,21:28:30,21:29:00,6004.68,6521.86,Network flood + Disk thrash suspected
server_2,21:28:40,21:29:10,6004.68,6521.86,Network flood + Disk thrash suspected
server_2,21:28:50,21:29:20,434.66,6521.86,Disk thrash suspected
server_2,21:29:00,21:29:30,2360.25,989.53,
server_2,21:29:10,21:29:40,2360.25,989.53,
server_2,21:29:20,21:29:50,2360.25,989.53,
server_2,21:29:30,21:30:00,1924.32,1760.93,
server_2,21:29:40,21:30:10,2681.66,1760.93,
server_2,21:29:50,21:30:20,2681.66,1760.93,
server_2,21:30:00,21:30:30,2681.66,1083.71,
server_2,21:30:10,21:30:40,967.97,161.45,
server_2,21:30:20,21:30:50,2870.39,1118.56,
server_2,21:30:30,21:31:00,2870.39,1118.56,
server_2,21:30:40,21:31:10,13452.49,1118.56,Possible DDoS
server_2,21:30:50,21:31:20,13452.49,104.21,Possible DDoS
server_2,21:31:00,21:31:30,13452.49,8053.28,Network flood + Disk thrash suspected
server_2,21:31:10,21:31:40,978.03,8053.28,Disk thrash suspected
server_2,21:31:20,21:31:50,538.17,8053.28,Disk thrash suspected
server_2,21:31:30,21:32:00,4787.25,5602.11,Network flood + Disk thrash suspected
server_2,21:31:40,21:32:10,4787.25,7070.57,Network flood + Disk thrash suspected
server_2,21:31:50,21:32:20,4787.25,7070.57,Network flood + Disk thrash suspected
server_2,21:32:00,21:32:30,7231.48,7070.57,Network flood + Disk thrash suspected
server_2,21:32:10,21:32:40,7231.48,186.98,Possible DDoS
server_2,21:32:20,21:32:50,7231.48,186.98,Possible DDoS
server_2,21:32:30,21:33:00,1006.48,186.98,
server_2,21:32:40,21:33:10,875.58,111.22,
server_2,21:32:50,21:33:20,19876.85,163.84,Possible DDoS
server_2,21:33:00,21:33:30,19876.85,3687.83,Network flood + Disk thrash suspected
server_2,21:33:10,21:33:40,19876.85,5921.97,Network flood + Disk thrash suspected
server_2,21:33:20,21:33:50,927.44,5921.97,Disk thrash suspected
server_2,21:33:30,21:34:00,863.84,5921.97,Disk thrash suspected
server_2,21:33:40,21:34:10,863.84,161.95,
server_2,21:33:50,21:34:20,1002.81,9933.61,Disk thrash suspected
server_2,21:34:00,21:34:30,12157.91,9933.61,Network flood + Disk thrash suspected
server_2,21:34:10,21:34:40,12157.91,9933.61,Network flood + Disk thrash suspected
server_2,21:34:20,21:34:50,12157.91,5451.85,Network flood + Disk thrash suspected
server_2,21:34:30,21:35:00,3282.4,5451.85,Disk thrash suspected
server_2,21:34:40,21:35:10,7832.77,4180.16,Network flood + Disk thrash suspected
server_2,21:34:50,21:35:20,7832.77,984.14,Possible DDoS
server_2,21:35:00,21:35:30,7832.77,954.35,Possible DDoS
server_2,21:35:10,21:35:40,3251.77,8226.75,Disk thrash suspected
server_2,21:35:20,21:35:50,3251.77,8226.75,Disk thrash suspected
server_2,21:35:30,21:36:00,989.47,8226.75,Disk thrash suspected
server_2,21:35:40,21:36:10,10191.2,106.13,Possible DDoS
server_2,21:35:50,21:36:20,10191.2,67.62,Possible DDoS
server_2,21:36:00,21:36:30,10191.2,979.83,Possible DDoS
server_2,21:36:10,21:36:40,4782.27,979.83,Possible DDoS
server_2,21:36:20,21:36:50,4782.27,979.83,Possible DDoS
server_2,21:36:30,21:37:00,941.98,6588.07,Disk thrash suspected
server_2,21:36:40,21:37:10,1102.91,6588.07,Disk thrash suspected
server_2,21:36:50,21:37:20,1102.91,6957.98,Disk thrash suspected
server_2,21:37:00,21:37:30,13293.55,6957.98,Network flood + Disk thrash suspected
server_2,21:37:10,21:37:40,13293.55,6957.98,Network flood + Disk thrash suspected
server_2,21:37:20,21:37:50,13293.55,3926.92,Network flood + Disk thrash suspected
server_2,21:37:30,21:38:00,4668.2,3319.6,Possible DDoS
server_2,21:37:40,21:38:10,5013.77,1527.55,Possible DDoS
server_2,21:37:50,21:38:20,5013.77,1527.55,Possible DDoS
server_2,21:38:00,21:38:30,11599.59,159.05,Possible DDoS
server_2,21:38:10,21:38:40,11599.59,137.98,Possible DDoS
server_2,21:38:20,21:38:50,11599.59,7891.84,Network flood + Disk thrash suspected
server_2,21:38:30,21:39:00,1003.36,7891.84,Disk thrash suspected
server_2,21:38:40,21:39:10,896.1,7891.84,Disk thrash suspected
server_2,21:38:50,21:39:20,896.1,111.16,
server_2,21:39:00,21:39:30,7433.6,195.92,Possible DDoS
server_2,21:39:10,21:39:40,7433.6,195.92,Possible DDoS
server_2,21:39:20,21:39:50,7433.6,195.92,Possible DDoS
server_2,21:39:30,21:40:00,969.06,6826.22,Disk thrash suspected
server_2,21:39:40,21:40:10,3340.93,6826.22,Disk thrash suspected
server_2,21:39:50,21:40:20,12064.97,6826.22,Network flood + Disk thrash suspected
server_2,21:40:00,21:40:30,12064.97,1030.7,Possible DDoS
server_2,21:40:10,21:40:40,12064.97,87.81,Possible DDoS
server_2,21:40:20,21:40:50,4803.04,979.49,Possible DDoS
server_2,21:40:30,21:41:00,4803.04,3313.48,Possible DDoS
server_2,21:40:40,21:41:10,4803.04,3313.48,Possible DDoS
server_2,21:40:50,21:41:20,9018.13,5405.74,Network flood + Disk thrash suspected
server_2,21:41:00,21:41:30,9018.13,5405.74,Network flood + Disk thrash suspected
server_2,21:41:10,21:41:40,13092.54,5405.74,Network flood + Disk thrash suspected
server_2,21:41:20,21:41:50,13092.54,182.44,Possible DDoS
server_2,21:41:30,21:42:00,13092.54,182.44,Possible DDoS
server_2,21:41:40,21:42:10,9017.64,182.44,Possible DDoS
server_2,21:41:50,21:42:20,4364.17,719.5,Possible DDoS
server_2,21:42:00,21:42:30,17827.14,719.5,Possible DDoS
server_2,21:42:10,21:42:40,17827.14,719.5,Possible DDoS
server_2,21:42:20,21:42:50,17827.14,3717.84,Network flood + Disk thrash suspected
server_2,21:42:30,21:43:00,1990.21,3717.84,Disk thrash suspected
server_2,21:42:40,21:43:10,18914.35,3717.84,Network flood + Disk thrash suspected
server_2,21:42:50,21:43:20,18914.35,3260.57,Possible DDoS
server_2,21:43:00,21:43:30,18914.35,3260.57,Possible DDoS
server_2,21:43:10,21:43:40,4248.39,3260.57,Possible DDoS
server_2,21:43:20,21:43:50,838.74,124.2,
server_2,21:43:30,21:44:00,1029.03,129.32,
server_2,21:43:40,21:44:10,1029.03,129.32,
server_2,21:43:50,21:44:20,1029.03,129.32,
server_2,21:44:00,21:44:30,2952.98,1084.28,
server_2,21:44:10,21:44:40,15223.49,1084.28,Possible DDoS
server_2,21:44:20,21:44:50,15223.49,1084.28,Possible DDoS
server_2,21:44:30,21:45:00,15223.49,559.58,Possible DDoS
server_2,21:44:40,21:45:10,10003.68,559.58,Possible DDoS
server_2,21:44:50,21:45:20,10003.68,9294.08,Network flood + Disk thrash suspected
server_2,21:45:00,21:45:30,10003.68,9294.08,Network flood + Disk thrash suspected
server_2,21:45:10,21:45:40,576.67,9294.08,Disk thrash suspected
server_2,21:45:20,21:45:50,576.67,8640.1,Disk thrash suspected
server_2,21:45:30,21:46:00,9674.1,8640.1,Network flood + Disk thrash suspected
server_2,21:45:40,21:46:10,9674.1,8640.1,Network flood + Disk thrash suspected
server_2,21:45:50,21:46:20,15760.61,501.21,Possible DDoS
server_2,21:46:00,21:46:30,15760.61,501.21,Possible DDoS
server_2,21:46:10,21:46:40,16866.84,4039.8,Network flood + Disk thrash suspected
server_2,21:46:20,21:46:50,16866.84,4039.8,Network flood + Disk thrash suspected
server_2,21:46:30,21:47:00,16866.84,4039.8,Network flood + Disk thrash suspected
server_2,21:46:40,21:47:10,10921.52,5609.54,Network flood + Disk thrash suspected
server_2,21:46:50,21:47:20,1931.81,5609.54,Disk thrash suspected
server_2,21:47:00,21:47:30,403.63,5609.54,Disk thrash suspected
server_2,21:47:10,21:47:40,9463.3,1570.16,Possible DDoS
server_2,21:47:20,21:47:50,9463.3,1570.16,Possible DDoS
server_2,21:47:30,21:48:00,9463.3,1570.16,Possible DDoS
server_2,21:47:40,21:48:10,4120.62,1400.81,Possible DDoS
server_2,21:47:50,21:48:20,15856.87,1400.81,Possible DDoS
server_2,21:48:00,21:48:30,16421.16,1400.81,Possible DDoS
server_2,21:48:10,21:48:40,16421.16,177.98,Possible DDoS
server_2,21:48:20,21:48:50,16421.16,1752.18,Possible DDoS
server_2,21:48:30,21:49:00,2403.69,1752.18,
server_2,21:48:40,21:49:10,3247.67,1752.18,
server_2,21:48:50,21:49:20,7037.7,1484.32,Possible DDoS
server_2,21:49:00,21:49:30,9490.85,3784.61,Network flood + Disk thrash suspected
server_2,21:49:10,21:49:40,9490.85,3784.61,Network flood + Disk thrash suspected
server_2,21:49:20,21:49:50,9490.85,3784.61,Network flood + Disk thrash suspected
server_2,21:49:30,21:50:00,987.03,167.56,
server_2,21:49:40,21:50:10,5670.56,99.45,Possible DDoS
server_2,21:49:50,21:50:20,5670.56,38.38,Possible DDoS
server_2,21:50:00,21:50:30,9021.5,101.84,Possible DDoS
server_2,21:50:10,21:50:40,9021.5,101.84,Possible DDoS
server_2,21:50:20,21:50:50,9021.5,1249.89,Possible DDoS
server_2,21:50:30,21:51:00,3309.19,1249.89,
server_2,21:50:40,21:51:10,3309.19,1703.63,
server_2,21:50:50,21:51:20,5460.91,1703.63,Possible DDoS
server_2,21:51:00,21:51:30,5460.91,8786.19,Network flood + Disk thrash suspected
server_2,21:51:10,21:51:40,6219.75,8786.19,Network flood + Disk thrash suspected
server_2,21:51:20,21:51:50,6219.75,8786.19,Network flood + Disk thrash suspected
server_2,21:51:30,21:52:00,6219.75,935.51,Possible DDoS
server_2,21:51:40,21:52:10,1227.74,935.51,
server_2,21:51:50,21:52:20,1227.74,6627.26,Disk thrash suspected
server_2,21:52:00,21:52:30,1227.74,6627.26,Disk thrash suspected
server_2,21:52:10,21:52:40,19490.17,6627.26,Network flood + Disk thrash suspected
server_2,21:52:20,21:52:50,19490.17,161.97,Possible DDoS
server_2,21:52:30,21:53:00,19490.17,3310.99,Possible DDoS
server_2,21:52:40,21:53:10,825.68,3310.99,
server_2,21:52:50,21:53:20,825.68,3310.99,
server_2,21:53:00,21:53:30,825.68,153.45,
server_2,21:53:10,21:53:40,626.47,3304.66,
server_2,21:53:20,21:53:50,1013.37,3304.66,
server_2,21:53:30,21:54:00,15909.73,3304.66,Possible DDoS
server_2,21:53:40,21:54:10,15909.73,1789.98,Possible DDoS
server_2,21:53:50,21:54:20,15909.73,1922.98,Possible DDoS
server_2,21:54:00,21:54:30,4926.42,1922.98,Possible DDoS
server_2,21:54:10,21:54:40,4637.29,1922.98,Possible DDoS
server_2,21:54:20,21:54:50,1023.05,104.08,
server_2,21:54:30,21:55:00,834.45,135.99,
server_2,21:54:40,21:55:10,834.45,135.99,
server_2,21:54:50,21:55:20,651.88,135.99,
server_2,21:55:00,21:55:30,1519.71,3907.41,Disk thrash suspected
server_2,21:55:10,21:55:40,6852.28,3907.41,Network flood + Disk thrash suspected
server_2,21:55:20,21:55:50,12419.34,3907.41,Network flood + Disk thrash suspected
server_2,21:55:30,21:56:00,12419.34,5948.9,Network flood + Disk thrash suspected
server_2,21:55:40,21:56:10,12419.34,5948.9,Network flood + Disk thrash suspected
server_2,21:55:50,21:56:20,889.86,5948.9,Disk thrash suspected
server_2,21:56:00,21:56:30,953.78,87.49,
server_2,21:56:10,21:56:40,972.16,175.33,
server_2,21:56:20,21:56:50,1214.98,4653.55,Disk thrash suspected
server_2,21:56:30,21:57:00,8349.55,4653.55,Network flood + Disk thrash suspected
server_2,21:56:40,21:57:10,8349.55,4653.55,Network flood + Disk thrash suspected
server_2,21:56:50,21:57:20,8349.55,999.3,Possible DDoS
server_2,21:57:00,21:57:30,4103.66,999.3,Possible DDoS
server_2,21:57:10,21:57:40,1024.83,7227.26,Disk thrash suspected
server_2,21:57:20,21:57:50,1024.83,7227.26,Disk thrash suspected
server_2,21:57:30,21:58:00,1024.83,7227.26,Disk thrash suspected
server_2,21:57:40,21:58:10,977.11,117.73,
server_2,21:57:50,21:58:20,977.11,7411.3,Disk thrash suspected
server_2,21:58:00,21:58:30,977.11,7411.3,Disk thrash suspected
server_2,21:58:10,21:58:40,946.42,7411.3,Disk thrash suspected
server_2,21:58:20,21:58:50,4759.63,5856.27,Network flood + Disk thrash suspected
server_2,21:58:30,21:59:00,4759.63,1600.26,Possible DDoS
server_2,21:58:40,21:59:10,16032.89,1600.26,Possible DDoS
server_2,21:58:50,21:59:20,16032.89,550.72,Possible DDoS
server_2,21:59:00,21:59:30,16032.89,1383.42,Possible DDoS
server_2,21:59:10,21:59:40,2013.0,1383.42,
server_2,21:59:20,21:59:50,2013.0,1383.42,
server_2,21:59:30,22:00:00,998.8,116.85,
server_2,21:59:40,22:00:10,998.8,135.33,
server_2,21:59:50,22:00:20,2912.3,906.67,
server_2,22:00:00,22:00:30,2912.3,906.67,
server_2,22:00:10,22:00:40,2912.3,9824.74,Disk thrash suspected
server_2,22:00:20,22:00:50,639.48,9824.74,Disk thrash suspected
server_2,22:00:30,22:01:00,999.17,9824.74,Disk thrash suspected
server_2,22:00:40,22:01:10,999.17,9436.87,Disk thrash suspected
server_2,22:00:50,22:01:20,999.17,86.66,
server_2,22:01:00,22:01:30,10156.89,69.96,Possible DDoS
server_2,22:01:10,22:01:40,14333.37,104.82,Possible DDoS
server_2,22:01:20,22:01:50,14333.37,104.82,Possible DDoS
server_2,22:01:30,22:02:00,14333.37,143.38,Possible DDoS
server_2,22:01:40,22:02:10,5310.49,143.38,Possible DDoS
server_2,22:01:50,22:02:20,5310.49,143.38,Possible DDoS
server_2,22:02:00,22:02:30,2301.64,1490.28,
server_2,22:02:10,22:02:40,2301.64,1490.28,
server_2,22:02:20,22:02:50,2301.64,1490.28,
server_2,22:02:30,22:03:00,882.16,3006.24,
server_2,22:02:40,22:03:10,6144.29,3006.24,Possible DDoS
server_2,22:02:50,22:03:20,6144.29,3006.24,Possible DDoS
server_2,22:03:00,22:03:30,8886.37,148.36,Possible DDoS
server_2,22:03:10,22:03:40,8886.37,148.36,Possible DDoS
server_2,22:03:20,22:03:50,8886.37,148.36,Possible DDoS
server_2,22:03:30,22:04:00,1023.51,132.88,
server_2,22:03:40,22:04:10,1023.51,132.88,
server_2,22:03:50,22:04:20,1023.51,126.84,
server_2,22:04:00,22:04:30,3504.38,1555.35,
server_2,22:04:10,22:04:40,3504.38,1555.35,
server_2,22:04:20,22:04:50,3504.38,1555.35,
server_2,22:04:30,22:05:00,18497.08,98.03,Possible DDoS
server_2,22:04:40,22:05:10,18497.08,4558.6,Network flood + Disk thrash suspected
server_2,22:04:50,22:05:20,18497.08,4558.6,Network flood + Disk thrash suspected
server_2,22:05:00,22:05:30,14040.23,4558.6,Network flood + Disk thrash suspected
server_2,22:05:10,22:05:40,10679.15,124.85,Possible DDoS
server_2,22:05:20,22:05:50,640.78,124.85,
server_2,22:05:30,22:06:00,640.78,7159.17,Disk thrash suspected
server_2,22:05:40,22:06:10,868.18,7159.17,Disk thrash suspected
server_2,22:05:50,22:06:20,868.18,7159.17,Disk thrash suspected
server_2,22:06:00,22:06:30,868.18,81.3,
server_2,22:06:10,22:06:40,5834.84,155.14,Possible DDoS
server_2,22:06:20,22:06:50,5834.84,4771.14,Network flood + Disk thrash suspected
server_2,22:06:30,22:07:00,5834.84,4771.14,Network flood + Disk thrash suspected
server_2,22:06:40,22:07:10,808.14,4771.14,Disk thrash suspected
server_2,22:06:50,22:07:20,16474.16,179.84,Possible DDoS
server_2,22:07:00,22:07:30,16474.16,7951.91,Network flood + Disk thrash suspected
server_2,22:07:10,22:07:40,16474.16,7951.91,Network flood + Disk thrash suspected
server_2,22:07:20,22:07:50,11657.42,7951.91,Network flood + Disk thrash suspected
server_2,22:07:30,22:08:00,12468.03,1702.82,Possible DDoS
server_2,22:07:40,22:08:10,14671.1,1702.82,Possible DDoS
server_2,22:07:50,22:08:20,14671.1,1437.44,Possible DDoS
server_2,22:08:00,22:08:30,14671.1,7500.67,Network flood + Disk thrash suspected
server_2,22:08:10,22:08:40,3919.06,7500.67,Network flood + Disk thrash suspected
server_2,22:08:20,22:08:50,647.66,7500.67,Disk thrash suspected
server_2,22:08:30,22:09:00,4566.31,5488.34,Network flood + Disk thrash suspected
server_2,22:08:40,22:09:10,4566.31,918.53,Possible DDoS
server_2,22:08:50,22:09:20,4566.31,918.53,Possible DDoS
server_2,22:09:00,22:09:30,486.94,7882.88,Disk thrash suspected
server_2,22:09:10,22:09:40,486.94,7882.88,Disk thrash suspected
server_2,22:09:20,22:09:50,4830.26,7882.88,Network flood + Disk thrash suspected
server_2,22:09:30,22:10:00,4830.26,732.04,Possible DDoS
server_2,22:09:40,22:10:10,9684.51,732.04,Possible DDoS
server_2,22:09:50,22:10:20,9684.51,5906.98,Network flood + Disk thrash suspected
server_2,22:10:00,22:10:30,10813.64,5906.98,Network flood + Disk thrash suspected
server_2,22:10:10,22:10:40,18826.81,5906.98,Network flood + Disk thrash suspected
server_2,22:10:20,22:10:50,18826.81,190.74,Possible DDoS
server_2,22:10:30,22:11:00,18826.81,158.9,Possible DDoS
server_2,22:10:40,22:11:10,852.98,125.03,
server_2,22:10:50,22:11:20,3793.62,1902.68,Possible DDoS
server_2,22:11:00,22:11:30,3793.62,1902.68,Possible DDoS
server_2,22:11:10,22:11:40,3793.62,1902.68,Possible DDoS
server_2,22:11:20,22:11:50,3883.48,599.58,Possible DDoS
server_2,22:11:30,22:12:00,3883.48,7236.1,Network flood + Disk thrash suspected
server_2,22:11:40,22:12:10,3883.48,7236.1,Network flood + Disk thrash suspected
server_2,22:11:50,22:12:20,1885.17,7236.1,Disk thrash suspected
server_2,22:12:00,22:12:30,1885.17,1771.06,
server_2,22:12:10,22:12:40,7372.46,1771.06,Possible DDoS
server_2,22:12:20,22:12:50,7372.46,7185.57,Network flood + Disk thrash suspected
server_2,22:12:30,22:13:00,18680.6,7185.57,Network flood + Disk thrash suspected
server_2,22:12:40,22:13:10,18680.6,7185.57,Network flood + Disk thrash suspected
server_2,22:12:50,22:13:20,18680.6,8690.59,Network flood + Disk thrash suspected
server_2,22:13:00,22:13:30,18266.5,8690.59,Network flood + Disk thrash suspected
server_2,22:13:10,22:13:40,18266.5,8690.59,Network flood + Disk thrash suspected
server_2,22:13:20,22:13:50,18266.5,714.84,Possible DDoS
server_2,22:13:30,22:14:00,11465.89,714.84,Possible DDoS
server_2,22:13:40,22:14:10,15711.26,714.84,Possible DDoS
server_2,22:13:50,22:14:20,15711.26,73.35,Possible DDoS
server_2,22:14:00,22:14:30,15711.26,52.16,Possible DDoS
server_2,22:14:10,22:14:40,12158.62,9644.21,Network flood + Disk thrash suspected
server_2,22:14:20,22:14:50,12158.62,9651.01,Network flood + Disk thrash suspected
server_2,22:14:30,22:15:00,12158.62,9651.01,Network flood + Disk thrash suspected
server_2,22:14:40,22:15:10,1144.18,9651.01,Disk thrash suspected
server_2,22:14:50,22:15:20,11031.04,1828.28,Possible DDoS
server_2,22:15:00,22:15:30,11031.04,9149.09,Network flood + Disk thrash suspected
server_2,22:15:10,22:15:40,11031.04,9149.09,Network flood + Disk thrash suspected
server_2,22:15:20,22:15:50,1066.75,9149.09,Disk thrash suspected
server_2,22:15:30,22:16:00,1066.75,95.54,
server_2,22:15:40,22:16:10,1066.75,76.56,
server_2,22:15:50,22:16:20,18764.05,107.73,Possible DDoS
server_2,22:16:00,22:16:30,18764.05,107.73,Possible DDoS
server_2,22:16:10,22:16:40,18764.05,8124.99,Network flood + Disk thrash suspected
server_2,22:16:20,22:16:50,586.08,8124.99,Disk thrash suspected
server_2,22:16:30,22:17:00,856.44,8124.99,Disk thrash suspected
server_2,22:16:40,22:17:10,2386.0,1610.34,
server_2,22:16:50,22:17:20,2386.0,1610.34,
server_2,22:17:00,22:17:30,2386.0,1610.34,
server_2,22:17:10,22:17:40,2387.98,3868.59,Disk thrash suspected
server_2,22:17:20,22:17:50,13208.02,3868.59,Network flood + Disk thrash suspected
server_2,22:17:30,22:18:00,13208.02,3868.59,Network flood + Disk thrash suspected
server_2,22:17:40,22:18:10,13208.02,5882.28,Network flood + Disk thrash suspected
server_2,22:17:50,22:18:20,4556.98,5882.28,Network flood + Disk thrash suspected
server_2,22:18:00,22:18:30,996.25,5882.28,Disk thrash suspected
server_2,22:18:10,22:18:40,5221.33,167.57,Possible DDoS
server_2,22:18:20,22:18:50,5221.33,585.4,Possible DDoS
server_2,22:18:30,22:19:00,5221.33,585.4,Possible DDoS
server_2,22:18:40,22:19:10,4377.8,585.4,Possible DDoS
server_2,22:18:50,22:19:20,988.44,140.4,
server_2,22:19:00,22:19:30,988.44,87.6,
server_2,22:19:10,22:19:40,2462.76,8184.96,Disk thrash suspected
server_2,22:19:20,22:19:50,2462.76,8184.96,Disk thrash suspected
server_2,22:19:30,22:20:00,2462.76,8184.96,Disk thrash suspected
server_2,22:19:40,22:20:10,687.23,4437.45,Disk thrash suspected
server_2,22:19:50,22:20:20,981.75,219.13,
server_2,22:20:00,22:20:30,19703.39,632.45,Possible DDoS
server_2,22:20:10,22:20:40,19703.39,632.45,Possible DDoS
server_2,22:20:20,22:20:50,19703.39,9013.8,Network flood + Disk thrash suspected
server_2,22:20:30,22:21:00,3920.16,9013.8,Network flood + Disk thrash suspected
server_2,22:20:40,22:21:10,3920.16,9013.8,Network flood + Disk thrash suspected
server_2,22:20:50,22:21:20,3920.16,7246.17,Network flood + Disk thrash suspected
server_2,22:21:00,22:21:30,14072.02,7246.17,Network flood + Disk thrash suspected
server_2,22:21:10,22:21:40,14072.02,1776.28,Possible DDoS
server_2,22:21:20,22:21:50,14072.02,133.9,Possible DDoS
server_2,22:21:30,22:22:00,2981.92,1110.09,
server_2,22:21:40,22:22:10,2981.92,1110.09,
server_2,22:21:50,22:22:20,2981.92,1110.09,
server_2,22:22:00,22:22:30,4528.54,1745.4,Possible DDoS
server_2,22:22:10,22:22:40,4528.54,1745.4,Possible DDoS
server_2,22:22:20,22:22:50,4528.54,3105.98,Possible DDoS
server_2,22:22:30,22:23:00,3020.68,3105.98,
server_2,22:22:40,22:23:10,6521.72,3105.98,Possible DDoS
server_2,22:22:50,22:23:20,6521.72,1309.75,Possible DDoS
server_2,22:23:00,22:23:30,6521.72,1309.75,Possible DDoS
server_2,22:23:10,22:23:40,3331.08,1309.75,
server_2,22:23:20,22:23:50,1111.83,503.08,
server_2,22:23:30,22:24:00,918.17,180.44,
server_2,22:23:40,22:24:10,918.17,180.44,
server_2,22:23:50,22:24:20,918.17,180.44,
server_2,22:24:00,22:24:30,983.72,7435.5,Disk thrash suspected
server_2,22:24:10,22:24:40,983.72,7435.5,Disk thrash suspected
server_2,22:24:20,22:24:50,983.72,7435.5,Disk thrash suspected
server_2,22:24:30,22:25:00,701.46,88.75,
server_2,22:24:40,22:25:10,701.46,88.75,
server_2,22:24:50,22:25:20,615.59,118.21,
server_2,22:25:00,22:25:30,15215.54,155.9,Possible DDoS
server_2,22:25:10,22:25:40,15215.54,155.9,Possible DDoS
server_2,22:25:20,22:25:50,15215.54,1244.38,Possible DDoS
server_2,22:25:30,22:26:00,3961.64,1244.38,Possible DDoS
server_2,22:25:40,22:26:10,3961.64,1244.38,Possible DDoS
server_2,22:25:50,22:26:20,923.83,125.95,
server_2,22:26:00,22:26:30,896.32,137.61,
server_2,22:26:10,22:26:40,1019.26,146.63,
server_2,22:26:20,22:26:50,1019.26,146.63,
server_2,22:26:30,22:27:00,10279.35,4899.61,Network flood + Disk thrash suspected
server_2,22:26:40,22:27:10,10279.35,4899.61,Network flood + Disk thrash suspected
server_2,22:26:50,22:27:20,10279.35,4899.61,Network flood + Disk thrash suspected
server_2,22:27:00,22:27:30,11928.52,1002.16,Possible DDoS
server_2,22:27:10,22:27:40,11928.52,182.08,Possible DDoS
server_2,22:27:20,22:27:50,11928.52,182.08,Possible DDoS
server_2,22:27:30,22:28:00,8619.52,182.08,Possible DDoS
server_2,22:27:40,22:28:10,11145.12,153.35,Possible DDoS
server_2,22:27:50,22:28:20,11145.12,153.35,Possible DDoS
server_2,22:28:00,22:28:30,11145.12,153.35,Possible DDoS
server_2,22:28:10,22:28:40,6313.49,6884.17,Network flood + Disk thrash suspected
server_2,22:28:20,22:28:50,6313.49,6884.17,Network flood + Disk thrash suspected
server_2,22:28:30,22:29:00,4492.57,6884.17,Network flood + Disk thrash suspected
server_2,22:28:40,22:29:10,16591.9,4202.2,Network flood + Disk thrash suspected
server_2,22:28:50,22:29:20,16591.9,5110.15,Network flood + Disk thrash suspected
server_2,22:29:00,22:29:30,16591.9,5110.15,Network flood + Disk thrash suspected
server_2,22:29:10,22:29:40,903.08,5110.15,Disk thrash suspected
server_2,22:29:20,22:29:50,880.2,4014.85,Disk thrash suspected
server_2,22:29:30,22:30:00,854.14,119.15,
server_2,22:29:40,22:30:10,854.14,4582.96,Disk thrash suspected
server_2,22:29:50,22:30:20,9914.75,4582.96,Network flood + Disk thrash suspected
server_2,22:30:00,22:30:30,9914.75,4582.96,Network flood + Disk thrash suspected
server_2,22:30:10,22:30:40,9914.75,130.04,Possible DDoS
server_2,22:30:20,22:30:50,919.59,3929.55,Disk thrash suspected
server_2,22:30:30,22:31:00,2614.28,3929.55,Disk thrash suspected
server_2,22:30:40,22:31:10,2614.28,3929.55,Disk thrash suspected
server_2,22:30:50,22:31:20,2614.28,758.18,
server_2,22:31:00,22:31:30,1332.2,677.4,
server_2,22:31:10,22:31:40,1332.2,7461.52,Disk thrash suspected
server_2,22:31:20,22:31:50,19738.87,7461.52,Network flood + Disk thrash suspected
server_2,22:31:30,22:32:00,19738.87,7461.52,Network flood + Disk thrash suspected
server_2,22:31:40,22:32:10,19738.87,1883.33,Possible DDoS
server_2,22:31:50,22:32:20,4743.6,1883.33,Possible DDoS
server_2,22:32:00,22:32:30,4743.6,1431.61,Possible DDoS
server_2,22:32:10,22:32:40,4743.6,1431.61,Possible DDoS
server_2,22:32:20,22:32:50,18437.88,879.65,Possible DDoS
server_2,22:32:30,22:33:00,18437.88,879.65,Possible DDoS
server_2,22:32:40,22:33:10,18437.88,879.65,Possible DDoS
server_2,22:32:50,22:33:20,655.28,106.05,
server_2,22:33:00,22:33:30,10636.39,157.81,Possible DDoS
server_2,22:33:10,22:33:40,10636.39,1310.03,Possible DDoS
server_2,22:33:20,22:33:50,10636.39,1310.03,Possible DDoS
server_2,22:33:30,22:34:00,13234.71,1310.03,Possible DDoS
server_2,22:33:40,22:34:10,13234.71,150.55,Possible DDoS
server_2,22:33:50,22:34:20,13234.71,4887.73,Network flood + Disk thrash suspected
server_2,22:34:00,22:34:30,953.75,5455.83,Disk thrash suspected
server_2,22:34:10,22:34:40,772.64,5455.83,Disk thrash suspected
server_2,22:34:20,22:34:50,772.64,5455.83,Disk thrash suspected
server_2,22:34:30,22:35:00,8537.58,1768.98,Possible DDoS
server_2,22:34:40,22:35:10,8537.58,1768.98,Possible DDoS
server_2,22:34:50,22:35:20,8764.04,1768.98,Possible DDoS
server_2,22:35:00,22:35:30,8764.04,1481.28,Possible DDoS
server_2,22:35:10,22:35:40,8764.04,3736.74,Network flood + Disk thrash suspected
server_2,22:35:20,22:35:50,546.68,3736.74,Disk thrash suspected
server_2,22:35:30,22:36:00,931.75,3736.74,Disk thrash suspected
server_2,22:35:40,22:36:10,1886.18,540.7,
server_2,22:35:50,22:36:20,1886.18,883.19,
server_2,22:36:00,22:36:30,1886.18,883.19,
server_2,22:36:10,22:36:40,1999.05,1420.67,
server_2,22:36:20,22:36:50,9082.73,1420.67,Possible DDoS
server_2,22:36:30,22:37:00,9082.73,4700.33,Network flood + Disk thrash suspected
server_2,22:36:40,22:37:10,9082.73,4700.33,Network flood + Disk thrash suspected
server_2,22:36:50,22:37:20,967.18,4700.33,Disk thrash suspected
server_2,22:37:00,22:37:30,4474.67,596.43,Possible DDoS
server_2,22:37:10,22:37:40,7347.1,596.43,Possible DDoS
server_2,22:37:20,22:37:50,7347.1,596.43,Possible DDoS
server_2,22:37:30,22:38:00,7347.1,193.39,Possible DDoS
server_2,22:37:40,22:38:10,4124.99,1052.12,Possible DDoS
server_2,22:37:50,22:38:20,4124.99,1052.12,Possible DDoS
server_2,22:38:00,22:38:30,4124.99,1052.12,Possible DDoS
server_2,22:38:10,22:38:40,868.99,5455.62,Disk thrash suspected
server_2,22:38:20,22:38:50,9051.84,5455.62,Network flood + Disk thrash suspected
server_2,22:38:30,22:39:00,9051.84,5455.62,Network flood + Disk thrash suspected
server_2,22:38:40,22:39:10,9051.84,8067.44,Network flood + Disk thrash suspected
server_2,22:38:50,22:39:20,3510.63,8067.44,Disk thrash suspected
server_2,22:39:00,22:39:30,19615.36,8067.44,Network flood + Disk thrash suspected
server_2,22:39:10,22:39:40,19615.36,9590.92,Network flood + Disk thrash suspected
server_2,22:39:20,22:39:50,19615.36,9590.92,Network flood + Disk thrash suspected
server_2,22:39:30,22:40:00,1388.71,9590.92,Disk thrash suspected
server_2,22:39:40,22:40:10,1388.71,1818.06,
server_2,22:39:50,22:40:20,843.14,183.51,
server_2,22:40:00,22:40:30,778.76,5407.18,Disk thrash suspected
server_2,22:40:10,22:40:40,936.99,5407.18,Disk thrash suspected
server_2,22:40:20,22:40:50,936.99,5407.18,Disk thrash suspected
server_2,22:40:30,22:41:00,936.99,129.7,
server_2,22:40:40,22:41:10,887.11,129.7,
server_2,22:40:50,22:41:20,8716.53,139.18,Possible DDoS
server_2,22:41:00,22:41:30,8716.53,139.18,Possible DDoS
server_2,22:41:10,22:41:40,8716.53,139.18,Possible DDoS
server_2,22:41:20,22:41:50,5652.48,129.02,Possible DDoS
server_2,22:41:30,22:42:00,574.49,152.33,
server_2,22:41:40,22:42:10,574.49,4679.03,Disk thrash suspected
server_2,22:41:50,22:42:20,19405.13,4679.03,Network flood + Disk thrash suspected
server_2,22:42:00,22:42:30,19405.13,9053.56,Network flood + Disk thrash suspected
server_2,22:42:10,22:42:40,19405.13,9053.56,Network flood + Disk thrash suspected
server_2,22:42:20,22:42:50,1017.32,9053.56,Disk thrash suspected
server_2,22:42:30,22:43:00,1017.32,9530.2,Disk thrash suspected
server_2,22:42:40,22:43:10,1017.32,9530.2,Disk thrash suspected
server_2,22:42:50,22:43:20,17162.52,9530.2,Network flood + Disk thrash suspected
server_2,22:43:00,22:43:30,17162.52,6163.16,Network flood + Disk thrash suspected
server_2,22:43:10,22:43:40,17162.52,1485.87,Possible DDoS
server_2,22:43:20,22:43:50,1010.87,109.47,
server_2,22:43:30,22:44:00,11617.09,163.66,Possible DDoS
server_2,22:43:40,22:44:10,11617.09,163.66,Possible DDoS
server_2,22:43:50,22:44:20,11617.09,4185.91,Network flood + Disk thrash suspected
server_2,22:44:00,22:44:30,835.12,4185.91,Disk thrash suspected
server_2,22:44:10,22:44:40,835.12,4185.91,Disk thrash suspected
server_2,22:44:20,22:44:50,835.12,5134.06,Disk thrash suspected
server_2,22:44:30,22:45:00,19959.5,5134.06,Network flood + Disk thrash suspected
server_2,22:44:40,22:45:10,19959.5,5134.06,Network flood + Disk thrash suspected
server_2,22:44:50,22:45:20,19959.5,130.5,Possible DDoS
server_2,22:45:00,22:45:30,19542.34,609.88,Possible DDoS
server_2,22:45:10,22:45:40,19542.34,1075.09,Possible DDoS
server_2,22:45:20,22:45:50,19542.34,5076.4,Network flood + Disk thrash suspected
server_2,22:45:30,22:46:00,4599.77,5076.4,Network flood + Disk thrash suspected
server_2,22:45:40,22:46:10,855.86,8534.9,Disk thrash suspected
server_2,22:45:50,22:46:20,855.86,8534.9,Disk thrash suspected
server_2,22:46:00,22:46:30,1027.78,8534.9,Disk thrash suspected
server_2,22:46:10,22:46:40,14754.38,139.26,Possible DDoS
server_2,22:46:20,22:46:50,14754.38,139.26,Possible DDoS
server_2,22:46:30,22:47:00,17183.64,136.23,Possible DDoS
server_2,22:46:40,22:47:10,17183.64,160.39,Possible DDoS
server_2,22:46:50,22:47:20,17183.64,4883.4,Network flood + Disk thrash suspected
server_2,22:47:00,22:47:30,13495.96,5250.44,Network flood + Disk thrash suspected
server_2,22:47:10,22:47:40,13495.96,7355.01,Network flood + Disk thrash suspected
server_2,22:47:20,22:47:50,16211.42,8345.84,Network flood + Disk thrash suspected
server_2,22:47:30,22:48:00,16211.42,8345.84,Network flood + Disk thrash suspected
server_2,22:47:40,22:48:10,16211.42,8345.84,Network flood + Disk thrash suspected
server_2,22:47:50,22:48:20,12673.12,8140.92,Network flood + Disk thrash suspected
server_2,22:48:00,22:48:30,12673.12,9263.52,Network flood + Disk thrash suspected
server_2,22:48:10,22:48:40,939.04,9263.52,Disk thrash suspected
server_2,22:48:20,22:48:50,15136.94,9263.52,Network flood + Disk thrash suspected
server_2,22:48:30,22:49:00,15136.94,734.45,Possible DDoS
server_2,22:48:40,22:49:10,15136.94,734.45,Possible DDoS
server_2,22:48:50,22:49:20,3193.16,734.45,
server_2,22:49:00,22:49:30,3676.97,1444.06,Possible DDoS
server_2,22:49:10,22:49:40,14779.45,1444.06,Possible DDoS
server_2,22:49:20,22:49:50,14779.45,1444.06,Possible DDoS
server_2,22:49:30,22:50:00,14779.45,953.65,Possible DDoS
server_2,22:49:40,22:50:10,11714.81,953.65,Possible DDoS
server_2,22:49:50,22:50:20,11714.81,1143.0,Possible DDoS
server_2,22:50:00,22:50:30,4861.68,1398.94,Possible DDoS
server_2,22:50:10,22:50:40,16789.36,1398.94,Possible DDoS
server_2,22:50:20,22:50:50,16789.36,1398.94,Possible DDoS
server_2,22:50:30,22:51:00,16789.36,100.79,Possible DDoS
server_2,22:50:40,22:51:10,914.44,6381.55,Disk thrash suspected
server_2,22:50:50,22:51:20,680.72,6381.55,Disk thrash suspected
server_2,22:51:00,22:51:30,954.65,6381.55,Disk thrash suspected
server_2,22:51:10,22:51:40,954.65,172.82,
server_2,22:51:20,22:51:50,958.9,172.82,
server_2,22:51:30,22:52:00,958.9,8429.17,Disk thrash suspected
server_2,22:51:40,22:52:10,8104.72,8429.17,Network flood + Disk thrash suspected
server_2,22:51:50,22:52:20,8104.72,8429.17,Network flood + Disk thrash suspected
server_2,22:52:00,22:52:30,8104.72,4157.82,Network flood + Disk thrash suspected
server_2,22:52:10,22:52:40,2452.64,4157.82,Disk thrash suspected
server_2,22:52:20,22:52:50,2452.64,1014.5,
server_2,22:52:30,22:53:00,890.1,156.15,
server_2,22:52:40,22:53:10,863.13,129.42,
server_2,22:52:50,22:53:20,649.61,46.16,
server_20,20:53:00,20:53:30,889.84,7054.87,Disk thrash suspected
server_20,20:53:10,20:53:40,14198.87,966.61,Possible DDoS
server_20,20:53:20,20:53:50,14198.87,966.61,Possible DDoS
server_20,20:53:30,20:54:00,14198.87,966.61,Possible DDoS
server_20,20:53:40,20:54:10,13441.59,127.29,Possible DDoS
server_20,20:53:50,20:54:20,853.87,116.55,
server_20,20:54:00,20:54:30,604.0,116.29,
server_20,20:54:10,20:54:40,708.07,5356.31,Disk thrash suspected
server_20,20:54:20,20:54:50,708.07,5356.31,Disk thrash suspected
server_20,20:54:30,20:55:00,3125.83,5356.31,Disk thrash suspected
server_20,20:54:40,20:55:10,9402.27,1878.39,Possible DDoS
server_20,20:54:50,20:55:20,9402.27,1878.39,Possible DDoS
server_20,20:55:00,20:55:30,9402.27,730.12,Possible DDoS
server_20,20:55:10,20:55:40,2873.95,1686.54,
server_20,20:55:20,20:55:50,14997.14,1686.54,Possible DDoS
server_20,20:55:30,20:56:00,14997.14,1813.85,Possible DDoS
server_20,20:55:40,20:56:10,14997.14,1813.85,Possible DDoS
server_20,20:55:50,20:56:20,13255.78,1813.85,Possible DDoS
server_20,20:56:00,20:56:30,13255.78,1578.39,Possible DDoS
server_20,20:56:10,20:56:40,13255.78,7323.37,Network flood + Disk thrash suspected
server_20,20:56:20,20:56:50,9960.67,7323.37,Network flood + Disk thrash suspected
server_20,20:56:30,20:57:00,9960.67,7323.37,Network flood + Disk thrash suspected
server_20,20:56:40,20:57:10,9960.67,123.33,Possible DDoS
server_20,20:56:50,20:57:20,1025.01,121.27,
server_20,20:57:00,20:57:30,988.24,121.27,
server_20,20:57:10,20:57:40,8125.45,3383.03,Possible DDoS
server_20,20:57:20,20:57:50,8125.45,3383.03,Possible DDoS
server_20,20:57:30,20:58:00,8972.19,3383.03,Possible DDoS
server_20,20:57:40,20:58:10,8972.19,116.54,Possible DDoS
server_20,20:57:50,20:58:20,8972.19,7370.25,Network flood + Disk thrash suspected
server_20,20:58:00,20:58:30,861.83,7370.25,Disk thrash suspected
server_20,20:58:10,20:58:40,993.2,7370.25,Disk thrash suspected
server_20,20:58:20,20:58:50,993.2,191.07,
server_20,20:58:30,20:59:00,993.2,191.07,
server_20,20:58:40,20:59:10,968.46,50.98,
server_20,20:58:50,20:59:20,846.39,46.16,
server_20,20:59:00,20:59:30,3370.24,1000.25,
server_20,20:59:10,20:59:40,3370.24,1000.25,
server_20,20:59:20,20:59:50,3370.24,1000.25,
server_20,20:59:30,21:00:00,2069.6,9723.35,Disk thrash suspected
server_20,20:59:40,21:00:10,2069.6,9723.35,Disk thrash suspected
server_20,20:59:50,21:00:20,4647.36,9723.35,Network flood + Disk thrash suspected
server_20,21:00:00,21:00:30,4647.36,1049.32,Possible DDoS
server_20,21:00:10,21:00:40,4647.36,1049.32,Possible DDoS
server_20,21:00:20,21:00:50,15175.68,167.57,Possible DDoS
server_20,21:00:30,21:01:00,15175.68,116.75,Possible DDoS
server_20,21:00:40,21:01:10,15175.68,122.58,Possible DDoS
server_20,21:00:50,21:01:20,909.26,122.58,
server_20,21:01:00,21:01:30,1086.05,1156.48,
server_20,21:01:10,21:01:40,5165.71,1156.48,Possible DDoS
server_20,21:01:20,21:01:50,5165.71,1156.48,Possible DDoS
server_20,21:01:30,21:02:00,5165.71,9402.02,Network flood + Disk thrash suspected
server_20,21:01:40,21:02:10,12125.99,9402.02,Network flood + Disk thrash suspected
server_20,21:01:50,21:02:20,12125.99,9402.02,Network flood + Disk thrash suspected
server_20,21:02:00,21:02:30,12125.99,140.69,Possible DDoS
server_20,21:02:10,21:02:40,905.35,123.43,
server_20,21:02:20,21:02:50,833.61,123.43,
server_20,21:02:30,21:03:00,833.61,119.39,
server_20,21:02:40,21:03:10,833.61,44.25,
server_20,21:02:50,21:03:20,9930.47,9982.43,Network flood + Disk thrash suspected
server_20,21:03:00,21:03:30,9930.47,9982.43,Network flood + Disk thrash suspected
server_20,21:03:10,21:03:40,9930.47,9982.43,Network flood + Disk thrash suspected
server_20,21:03:20,21:03:50,933.56,4930.09,Disk thrash suspected
server_20,21:03:30,21:04:00,1581.87,4930.09,Disk thrash suspected
server_20,21:03:40,21:04:10,1581.87,1012.94,
server_20,21:03:50,21:04:20,1733.84,1012.94,
server_20,21:04:00,21:04:30,1733.84,5461.97,Disk thrash suspected
server_20,21:04:10,21:04:40,18080.29,5461.97,Network flood + Disk thrash suspected
server_20,21:04:20,21:04:50,18080.29,5461.97,Network flood + Disk thrash suspected
server_20,21:04:30,21:05:00,18080.29,4431.05,Network flood + Disk thrash suspected
server_20,21:04:40,21:05:10,2584.31,4431.05,Disk thrash suspected
server_20,21:04:50,21:05:20,2584.31,880.63,
server_20,21:05:00,21:05:30,704.42,62.12,
server_20,21:05:10,21:05:40,704.42,86.79,
server_20,21:05:20,21:05:50,16007.87,6414.85,Network flood + Disk thrash suspected
server_20,21:05:30,21:06:00,16007.87,6414.85,Network flood + Disk thrash suspected
server_20,21:05:40,21:06:10,16007.87,6414.85,Network flood + Disk thrash suspected
server_20,21:05:50,21:06:20,5138.49,133.31,Possible DDoS
server_20,21:06:00,21:06:30,14836.93,133.31,Possible DDoS
server_20,21:06:10,21:06:40,19707.37,182.64,Possible DDoS
server_20,21:06:20,21:06:50,19707.37,182.64,Possible DDoS
server_20,21:06:30,21:07:00,19707.37,182.64,Possible DDoS
server_20,21:06:40,21:07:10,989.31,55.27,
server_20,21:06:50,21:07:20,10454.94,101.35,Possible DDoS
server_20,21:07:00,21:07:30,10454.94,266.59,Possible DDoS
server_20,21:07:10,21:07:40,10454.94,266.59,Possible DDoS
server_20,21:07:20,21:07:50,962.29,3741.38,Disk thrash suspected
server_20,21:07:30,21:08:00,962.29,3741.38,Disk thrash suspected
server_20,21:07:40,21:08:10,4738.9,3741.38,Network flood + Disk thrash suspected
server_20,21:07:50,21:08:20,4738.9,1901.23,Possible DDoS
server_20,21:08:00,21:08:30,4986.7,1901.23,Possible DDoS
server_20,21:08:10,21:08:40,4986.7,1159.47,Possible DDoS
server_20,21:08:20,21:08:50,19496.51,1159.47,Possible DDoS
server_20,21:08:30,21:09:00,19496.51,1159.47,Possible DDoS
server_20,21:08:40,21:09:10,19496.51,178.59,Possible DDoS
server_20,21:08:50,21:09:20,13421.25,164.28,Possible DDoS
server_20,21:09:00,21:09:30,13421.25,164.28,Possible DDoS
server_20,21:09:10,21:09:40,13421.25,1119.77,Possible DDoS
server_20,21:09:20,21:09:50,3169.21,4084.37,Disk thrash suspected
server_20,21:09:30,21:10:00,3169.21,4084.37,Disk thrash suspected
server_20,21:09:40,21:10:10,2465.11,4084.37,Disk thrash suspected
server_20,21:09:50,21:10:20,13769.15,1516.69,Possible DDoS
server_20,21:10:00,21:10:30,13769.15,1516.69,Possible DDoS
server_20,21:10:10,21:10:40,13769.15,533.97,Possible DDoS
server_20,21:10:20,21:10:50,5643.44,533.97,Possible DDoS
server_20,21:10:30,21:11:00,933.89,100.33,
server_20,21:10:40,21:11:10,13958.51,123.7,Possible DDoS
server_20,21:10:50,21:11:20,13958.51,4235.96,Network flood + Disk thrash suspected
server_20,21:11:00,21:11:30,13958.51,4235.96,Network flood + Disk thrash suspected
server_20,21:11:10,21:11:40,7202.68,4235.96,Network flood + Disk thrash suspected
server_20,21:11:20,21:11:50,12595.29,177.11,Possible DDoS
server_20,21:11:30,21:12:00,12595.29,177.11,Possible DDoS
server_20,21:11:40,21:12:10,12595.29,771.53,Possible DDoS
server_20,21:11:50,21:12:20,4137.18,771.53,Possible DDoS
server_20,21:12:00,21:12:30,4137.18,771.53,Possible DDoS
server_20,21:12:10,21:12:40,955.23,126.52,
server_20,21:12:20,21:12:50,2762.31,1016.77,
server_20,21:12:30,21:13:00,6137.27,1016.77,Possible DDoS
server_20,21:12:40,21:13:10,13299.15,1016.77,Possible DDoS
server_20,21:12:50,21:13:20,13299.15,197.96,Possible DDoS
server_20,21:13:00,21:13:30,13299.15,121.38,Possible DDoS
server_20,21:13:10,21:13:40,11050.68,164.46,Possible DDoS
server_20,21:13:20,21:13:50,11050.68,164.46,Possible DDoS
server_20,21:13:30,21:14:00,7237.51,5524.27,Network flood + Disk thrash suspected
server_20,21:13:40,21:14:10,3068.85,5524.27,Disk thrash suspected
server_20,21:13:50,21:14:20,3068.85,5524.27,Disk thrash suspected
server_20,21:14:00,21:14:30,3068.85,941.66,
server_20,21:14:10,21:14:40,923.36,114.0,
server_20,21:14:20,21:14:50,19712.16,140.08,Possible DDoS
server_20,21:14:30,21:15:00,19712.16,140.08,Possible DDoS
server_20,21:14:40,21:15:10,19712.16,140.08,Possible DDoS
server_20,21:14:50,21:15:20,918.64,85.88,
server_20,21:15:00,21:15:30,918.64,6343.52,Disk thrash suspected
server_20,21:15:10,21:15:40,918.64,9662.55,Disk thrash suspected
server_20,21:15:20,21:15:50,10865.31,9662.55,Network flood + Disk thrash suspected
server_20,21:15:30,21:16:00,10865.31,9662.55,Network flood + Disk thrash suspected
server_20,21:15:40,21:16:10,10865.31,4397.64,Network flood + Disk thrash suspected
server_20,21:15:50,21:16:20,2589.69,4397.64,Disk thrash suspected
server_20,21:16:00,21:16:30,2589.69,4397.64,Disk thrash suspected
server_20,21:16:10,21:16:40,2589.69,630.92,
server_20,21:16:20,21:16:50,996.07,123.91,
server_20,21:16:30,21:17:00,996.07,98.95,
server_20,21:16:40,21:17:10,996.07,90.61,
server_20,21:16:50,21:17:20,935.03,6691.02,Disk thrash suspected
server_20,21:17:00,21:17:30,536.45,6691.02,Disk thrash suspected
server_20,21:17:10,21:17:40,890.73,9366.03,Disk thrash suspected
server_20,21:17:20,21:17:50,978.86,9366.03,Disk thrash suspected
server_20,21:17:30,21:18:00,3956.57,9366.03,Network flood + Disk thrash suspected
server_20,21:17:40,21:18:10,3956.57,6111.77,Network flood + Disk thrash suspected
server_20,21:17:50,21:18:20,3956.57,6111.77,Network flood + Disk thrash suspected
server_20,21:18:00,21:18:30,4121.86,6111.77,Network flood + Disk thrash suspected
server_20,21:18:10,21:18:40,4121.86,1667.56,Possible DDoS
server_20,21:18:20,21:18:50,4121.86,9969.66,Network flood + Disk thrash suspected
server_20,21:18:30,21:19:00,6700.83,9969.66,Network flood + Disk thrash suspected
server_20,21:18:40,21:19:10,6700.83,9969.66,Network flood + Disk thrash suspected
server_20,21:18:50,21:19:20,6700.83,111.33,Possible DDoS
server_20,21:19:00,21:19:30,908.33,86.9,
server_20,21:19:10,21:19:40,998.36,135.73,
server_20,21:19:20,21:19:50,998.36,7639.19,Disk thrash suspected
server_20,21:19:30,21:20:00,9342.91,7728.53,Network flood + Disk thrash suspected
server_20,21:19:40,21:20:10,14768.83,7728.53,Network flood + Disk thrash suspected
server_20,21:19:50,21:20:20,14768.83,7728.53,Network flood + Disk thrash suspected
server_20,21:20:00,21:20:30,14768.83,1680.5,Possible DDoS
server_20,21:20:10,21:20:40,4518.54,1680.5,Possible DDoS
server_20,21:20:20,21:20:50,4518.54,8827.75,Network flood + Disk thrash suspected
server_20,21:20:30,21:21:00,737.55,8827.75,Disk thrash suspected
server_20,21:20:40,21:21:10,2972.03,8827.75,Disk thrash suspected
server_20,21:20:50,21:21:20,2972.03,1189.81,
server_20,21:21:00,21:21:30,2972.03,1189.81,
server_20,21:21:10,21:21:40,908.75,4977.29,Disk thrash suspected
server_20,21:21:20,21:21:50,9457.32,4977.29,Network flood + Disk thrash suspected
server_20,21:21:30,21:22:00,9781.75,4977.29,Network flood + Disk thrash suspected
server_20,21:21:40,21:22:10,9781.75,197.83,Possible DDoS
server_20,21:21:50,21:22:20,9781.75,4898.22,Network flood + Disk thrash suspected
server_20,21:22:00,21:22:30,936.47,4898.22,Disk thrash suspected
server_20,21:22:10,21:22:40,879.34,7646.52,Disk thrash suspected
server_20,21:22:20,21:22:50,879.34,7646.52,Disk thrash suspected
server_20,21:22:30,21:23:00,18526.81,7646.52,Network flood + Disk thrash suspected
server_20,21:22:40,21:23:10,18526.81,3450.55,Network flood + Disk thrash suspected
server_20,21:22:50,21:23:20,18526.81,235.38,Possible DDoS
server_20,21:23:00,21:23:30,10133.41,199.75,Possible DDoS
server_20,21:23:10,21:23:40,8850.92,140.11,Possible DDoS
server_20,21:23:20,21:23:50,13316.46,8381.34,Network flood + Disk thrash suspected
server_20,21:23:30,21:24:00,13316.46,8381.34,Network flood + Disk thrash suspected
server_20,21:23:40,21:24:10,13316.46,8381.34,Network flood + Disk thrash suspected
server_20,21:23:50,21:24:20,4751.34,1062.19,Possible DDoS
server_20,21:24:00,21:24:30,4116.62,9901.95,Network flood + Disk thrash suspected
server_20,21:24:10,21:24:40,4258.61,9901.95,Network flood + Disk thrash suspected
server_20,21:24:20,21:24:50,4258.61,9901.95,Network flood + Disk thrash suspected
server_20,21:24:30,21:25:00,4258.61,6410.78,Network flood + Disk thrash suspected
server_20,21:24:40,21:25:10,18381.55,6410.78,Network flood + Disk thrash suspected
server_20,21:24:50,21:25:20,18381.55,6410.78,Network flood + Disk thrash suspected
server_20,21:25:00,21:25:30,18381.55,1943.78,Possible DDoS
server_20,21:25:10,21:25:40,11771.03,5992.87,Network flood + Disk thrash suspected
server_20,21:25:20,21:25:50,11771.03,5992.87,Network flood + Disk thrash suspected
server_20,21:25:30,21:26:00,960.95,5992.87,Disk thrash suspected
server_20,21:25:40,21:26:10,960.95,3539.51,Disk thrash suspected
server_20,21:25:50,21:26:20,960.95,3539.51,Disk thrash suspected
server_20,21:26:00,21:26:30,637.88,8977.21,Disk thrash suspected
server_20,21:26:10,21:26:40,637.88,8977.21,Disk thrash suspected
server_20,21:26:20,21:26:50,705.96,8977.21,Disk thrash suspected
server_20,21:26:30,21:27:00,705.96,68.87,
server_20,21:26:40,21:27:10,14872.22,981.43,Possible DDoS
server_20,21:26:50,21:27:20,14872.22,8993.84,Network flood + Disk thrash suspected
server_20,21:27:00,21:27:30,14872.22,8993.84,Network flood + Disk thrash suspected
server_20,21:27:10,21:27:40,879.45,8993.84,Disk thrash suspected
server_20,21:27:20,21:27:50,914.82,6514.09,Disk thrash suspected
server_20,21:27:30,21:28:00,2466.08,1511.91,
server_20,21:27:40,21:28:10,2466.08,1741.9,
server_20,21:27:50,21:28:20,2466.08,1741.9,
server_20,21:28:00,21:28:30,2556.99,1741.9,
server_20,21:28:10,21:28:40,4218.42,4852.37,Network flood + Disk thrash suspected
server_20,21:28:20,21:28:50,4218.42,4852.37,Network flood + Disk thrash suspected
server_20,21:28:30,21:29:00,9618.36,4852.37,Network flood + Disk thrash suspected
server_20,21:28:40,21:29:10,9618.36,9415.95,Network flood + Disk thrash suspected
server_20,21:28:50,21:29:20,9618.36,9415.95,Network flood + Disk thrash suspected
server_20,21:29:00,21:29:30,3154.28,9415.95,Disk thrash suspected
server_20,21:29:10,21:29:40,3154.28,1854.42,
server_20,21:29:20,21:29:50,857.97,143.84,
server_20,21:29:30,21:30:00,3090.39,716.29,
server_20,21:29:40,21:30:10,5401.18,716.29,Possible DDoS
server_20,21:29:50,21:30:20,5401.18,791.9,Possible DDoS
server_20,21:30:00,21:30:30,16378.5,1373.83,Possible DDoS
server_20,21:30:10,21:30:40,16378.5,1373.83,Possible DDoS
server_20,21:30:20,21:30:50,16378.5,1373.83,Possible DDoS
server_20,21:30:30,21:31:00,918.17,160.63,
server_20,21:30:40,21:31:10,918.17,147.72,
server_20,21:30:50,21:31:20,512.56,128.96,
server_20,21:31:00,21:31:30,512.56,6607.89,Disk thrash suspected
server_20,21:31:10,21:31:40,923.48,6607.89,Disk thrash suspected
server_20,21:31:20,21:31:50,923.48,7679.85,Disk thrash suspected
server_20,21:31:30,21:32:00,946.04,7679.85,Disk thrash suspected
server_20,21:31:40,21:32:10,3214.81,7679.85,Disk thrash suspected
server_20,21:31:50,21:32:20,3214.81,1121.12,
server_20,21:32:00,21:32:30,15055.32,8744.34,Network flood + Disk thrash suspected
server_20,21:32:10,21:32:40,15055.32,8744.34,Network flood + Disk thrash suspected
server_20,21:32:20,21:32:50,15055.32,8744.34,Network flood + Disk thrash suspected
server_20,21:32:30,21:33:00,1701.79,3967.01,Disk thrash suspected
server_20,21:32:40,21:33:10,1701.79,1985.49,
server_20,21:32:50,21:33:20,13247.2,139.48,Possible DDoS
server_20,21:33:00,21:33:30,13247.2,139.48,Possible DDoS
server_20,21:33:10,21:33:40,13247.2,162.13,Possible DDoS
server_20,21:33:20,21:33:50,16727.93,177.5,Possible DDoS
server_20,21:33:30,21:34:00,16727.93,177.5,Possible DDoS
server_20,21:33:40,21:34:10,16727.93,177.5,Possible DDoS
server_20,21:33:50,21:34:20,4272.54,1176.56,Possible DDoS
server_20,21:34:00,21:34:30,17112.55,1176.56,Possible DDoS
server_20,21:34:10,21:34:40,17112.55,1176.56,Possible DDoS
server_20,21:34:20,21:34:50,17112.55,70.58,Possible DDoS
server_20,21:34:30,21:35:00,11678.28,162.87,Possible DDoS
server_20,21:34:40,21:35:10,11678.28,6608.18,Network flood + Disk thrash suspected
server_20,21:34:50,21:35:20,11678.28,6608.18,Network flood + Disk thrash suspected
server_20,21:35:00,21:35:30,4896.01,6608.18,Network flood + Disk thrash suspected
server_20,21:35:10,21:35:40,4896.01,838.59,Possible DDoS
server_20,21:35:20,21:35:50,4896.01,838.59,Possible DDoS
server_20,21:35:30,21:36:00,898.51,7729.15,Disk thrash suspected
server_20,21:35:40,21:36:10,898.51,7729.15,Disk thrash suspected
server_20,21:35:50,21:36:20,2872.2,7729.15,Disk thrash suspected
server_20,21:36:00,21:36:30,4168.45,1968.33,Possible DDoS
server_20,21:36:10,21:36:40,12861.92,1968.33,Possible DDoS
server_20,21:36:20,21:36:50,12861.92,1580.84,Possible DDoS
server_20,21:36:30,21:37:00,17441.89,173.57,Possible DDoS
server_20,21:36:40,21:37:10,17441.89,173.57,Possible DDoS
server_20,21:36:50,21:37:20,17441.89,634.35,Possible DDoS
server_20,21:37:00,21:37:30,4044.64,634.35,Possible DDoS
server_20,21:37:10,21:37:40,8666.32,5294.13,Network flood + Disk thrash suspected
server_20,21:37:20,21:37:50,14279.36,5294.13,Network flood + Disk thrash suspected
server_20,21:37:30,21:38:00,14279.36,5294.13,Network flood + Disk thrash suspected
server_20,21:37:40,21:38:10,14279.36,115.08,Possible DDoS
server_20,21:37:50,21:38:20,9470.57,9711.44,Network flood + Disk thrash suspected
server_20,21:38:00,21:38:30,7462.87,9711.44,Network flood + Disk thrash suspected
server_20,21:38:10,21:38:40,7462.87,9711.44,Network flood + Disk thrash suspected
server_20,21:38:20,21:38:50,7462.87,9555.27,Network flood + Disk thrash suspected
server_20,21:38:30,21:39:00,908.05,9555.27,Disk thrash suspected
server_20,21:38:40,21:39:10,908.05,9555.27,Disk thrash suspected
server_20,21:38:50,21:39:20,908.05,7406.56,Disk thrash suspected
server_20,21:39:00,21:39:30,4554.04,7406.56,Network flood + Disk thrash suspected
server_20,21:39:10,21:39:40,4554.04,1755.41,Possible DDoS
server_20,21:39:20,21:39:50,4554.04,1755.41,Possible DDoS
server_20,21:39:30,21:40:00,3700.6,1610.53,Possible DDoS
server_20,21:39:40,21:40:10,3700.6,6685.52,Network flood + Disk thrash suspected
server_20,21:39:50,21:40:20,2095.54,9279.31,Disk thrash suspected
server_20,21:40:00,21:40:30,2095.54,9279.31,Disk thrash suspected
server_20,21:40:10,21:40:40,18682.87,9279.31,Network flood + Disk thrash suspected
server_20,21:40:20,21:40:50,18682.87,4230.22,Network flood + Disk thrash suspected
server_20,21:40:30,21:41:00,18682.87,4230.22,Network flood + Disk thrash suspected
server_20,21:40:40,21:41:10,16362.93,1918.25,Possible DDoS
server_20,21:40:50,21:41:20,16362.93,1918.25,Possible DDoS
server_20,21:41:00,21:41:30,16362.93,3960.12,Network flood + Disk thrash suspected
server_20,21:41:10,21:41:40,520.3,9902.85,Disk thrash suspected
server_20,21:41:20,21:41:50,520.3,9902.85,Disk thrash suspected
server_20,21:41:30,21:42:00,485.75,9902.85,Disk thrash suspected
server_20,21:41:40,21:42:10,2811.2,981.94,
server_20,21:41:50,21:42:20,2811.2,981.94,
server_20,21:42:00,21:42:30,2811.2,981.94,
server_20,21:42:10,21:42:40,1032.67,80.26,
server_20,21:42:20,21:42:50,19992.37,176.47,Possible DDoS
server_20,21:42:30,21:43:00,19992.37,176.47,Possible DDoS
server_20,21:42:40,21:43:10,19992.37,176.47,Possible DDoS
server_20,21:42:50,21:43:20,4967.14,934.1,Possible DDoS
server_20,21:43:00,21:43:30,10398.14,934.1,Possible DDoS
server_20,21:43:10,21:43:40,10398.14,3544.07,Network flood + Disk thrash suspected
server_20,21:43:20,21:43:50,10398.14,3544.07,Network flood + Disk thrash suspected
server_20,21:43:30,21:44:00,6567.59,3544.07,Network flood + Disk thrash suspected
server_20,21:43:40,21:44:10,6567.59,5696.39,Network flood + Disk thrash suspected
server_20,21:43:50,21:44:20,19780.71,5696.39,Network flood + Disk thrash suspected
server_20,21:44:00,21:44:30,19780.71,5696.39,Network flood + Disk thrash suspected
server_20,21:44:10,21:44:40,19780.71,4673.77,Network flood + Disk thrash suspected
server_20,21:44:20,21:44:50,13577.46,4673.77,Network flood + Disk thrash suspected
server_20,21:44:30,21:45:00,4170.02,4673.77,Network flood + Disk thrash suspected
server_20,21:44:40,21:45:10,4170.02,637.47,Possible DDoS
server_20,21:44:50,21:45:20,4170.02,5340.95,Network flood + Disk thrash suspected
server_20,21:45:00,21:45:30,590.19,5340.95,Disk thrash suspected
server_20,21:45:10,21:45:40,880.78,5340.95,Disk thrash suspected
server_20,21:45:20,21:45:50,880.78,3057.93,
server_20,21:45:30,21:46:00,880.78,3057.93,
server_20,21:45:40,21:46:10,700.09,3057.93,
server_20,21:45:50,21:46:20,700.09,145.52,
server_20,21:46:00,21:46:30,8262.6,197.46,Possible DDoS
server_20,21:46:10,21:46:40,8262.6,197.46,Possible DDoS
server_20,21:46:20,21:46:50,8262.6,197.46,Possible DDoS
server_20,21:46:30,21:47:00,947.42,3902.71,Disk thrash suspected
server_20,21:46:40,21:47:10,6594.48,3902.71,Network flood + Disk thrash suspected
server_20,21:46:50,21:47:20,6594.48,5937.34,Network flood + Disk thrash suspected
server_20,21:47:00,21:47:30,6594.48,5937.34,Network flood + Disk thrash suspected
server_20,21:47:10,21:47:40,601.72,9279.49,Disk thrash suspected
server_20,21:47:20,21:47:50,515.48,9279.49,Disk thrash suspected
server_20,21:47:30,21:48:00,768.33,9279.49,Disk thrash suspected
server_20,21:47:40,21:48:10,768.33,6457.6,Disk thrash suspected
server_20,21:47:50,21:48:20,1072.31,6457.6,Disk thrash suspected
server_20,21:48:00,21:48:30,1072.31,170.99,
server_20,21:48:10,21:48:40,1072.31,5774.58,Disk thrash suspected
server_20,21:48:20,21:48:50,3797.97,5774.58,Network flood + Disk thrash suspected
server_20,21:48:30,21:49:00,15341.6,5774.58,Network flood + Disk thrash suspected
server_20,21:48:40,21:49:10,15341.6,1348.3,Possible DDoS
server_20,21:48:50,21:49:20,15341.6,4304.33,Network flood + Disk thrash suspected
server_20,21:49:00,21:49:30,2484.39,4304.33,Disk thrash suspected
server_20,21:49:10,21:49:40,2316.65,4304.33,Disk thrash suspected
server_20,21:49:20,21:49:50,916.39,7137.99,Disk thrash suspected
server_20,21:49:30,21:50:00,577.06,7137.99,Disk thrash suspected
server_20,21:49:40,21:50:10,10734.67,7137.99,Network flood + Disk thrash suspected
server_20,21:49:50,21:50:20,10734.67,5679.8,Network flood + Disk thrash suspected
server_20,21:50:00,21:50:30,10734.67,5679.8,Network flood + Disk thrash suspected
server_20,21:50:10,21:50:40,952.39,5679.8,Disk thrash suspected
server_20,21:50:20,21:50:50,841.85,5230.6,Disk thrash suspected
server_20,21:50:30,21:51:00,1744.93,5230.6,Disk thrash suspected
server_20,21:50:40,21:51:10,1744.93,5230.6,Disk thrash suspected
server_20,21:50:50,21:51:20,19847.49,1220.33,Possible DDoS
server_20,21:51:00,21:51:30,19847.49,1248.74,Possible DDoS
server_20,21:51:10,21:51:40,19847.49,9186.08,Network flood + Disk thrash suspected
server_20,21:51:20,21:51:50,1752.75,9186.08,Disk thrash suspected
server_20,21:51:30,21:52:00,645.34,9186.08,Disk thrash suspected
server_20,21:51:40,21:52:10,15833.87,9094.87,Network flood + Disk thrash suspected
server_20,21:51:50,21:52:20,15833.87,192.86,Possible DDoS
server_20,21:52:00,21:52:30,15833.87,6274.4,Network flood + Disk thrash suspected
server_20,21:52:10,21:52:40,13727.85,6274.4,Network flood + Disk thrash suspected
server_20,21:52:20,21:52:50,958.97,6274.4,Disk thrash suspected
server_20,21:52:30,21:53:00,2118.64,825.97,
server_20,21:52:40,21:53:10,2118.64,1829.78,
server_20,21:52:50,21:53:20,2118.64,1829.78,
server_20,21:53:00,21:53:30,1147.34,1829.78,
server_20,21:53:10,21:53:40,931.24,79.43,
server_20,21:53:20,21:53:50,2770.1,725.07,
server_20,21:53:30,21:54:00,2770.1,4159.34,Disk thrash suspected
server_20,21:53:40,21:54:10,16369.07,4159.34,Network flood + Disk thrash suspected
server_20,21:53:50,21:54:20,16369.07,4159.34,Network flood + Disk thrash suspected
server_20,21:54:00,21:54:30,16369.07,185.08,Possible DDoS
server_20,21:54:10,21:54:40,874.78,105.78,
server_20,21:54:20,21:54:50,17947.44,148.61,Possible DDoS
server_20,21:54:30,21:55:00,17947.44,148.61,Possible DDoS
server_20,21:54:40,21:55:10,17947.44,148.61,Possible DDoS
server_20,21:54:50,21:55:20,982.78,108.93,
server_20,21:55:00,21:55:30,3479.78,1321.75,
server_20,21:55:10,21:55:40,3479.78,6845.27,Disk thrash suspected
server_20,21:55:20,21:55:50,3479.78,6845.27,Disk thrash suspected
server_20,21:55:30,21:56:00,2588.64,6845.27,Disk thrash suspected
server_20,21:55:40,21:56:10,3000.98,1182.55,
server_20,21:55:50,21:56:20,3000.98,1182.55,
server_20,21:56:00,21:56:30,3000.98,1097.09,
server_20,21:56:10,21:56:40,974.14,200.82,
server_20,21:56:20,21:56:50,18384.43,5711.08,Network flood + Disk thrash suspected
server_20,21:56:30,21:57:00,18384.43,9222.47,Network flood + Disk thrash suspected
server_20,21:56:40,21:57:10,18384.43,9222.47,Network flood + Disk thrash suspected
server_20,21:56:50,21:57:20,12337.54,9222.47,Network flood + Disk thrash suspected
server_20,21:57:00,21:57:30,10696.98,4259.92,Network flood + Disk thrash suspected
server_20,21:57:10,21:57:40,10696.98,1797.27,Possible DDoS
server_20,21:57:20,21:57:50,9311.05,1797.27,Possible DDoS
server_20,21:57:30,21:58:00,9311.05,115.41,Possible DDoS
server_20,21:57:40,21:58:10,18730.81,119.7,Possible DDoS
server_20,21:57:50,21:58:20,18730.81,119.7,Possible DDoS
server_20,21:58:00,21:58:30,18730.81,119.7,Possible DDoS
server_20,21:58:10,21:58:40,18616.63,196.83,Possible DDoS
server_20,21:58:20,21:58:50,18616.63,7614.66,Network flood + Disk thrash suspected
server_20,21:58:30,21:59:00,18616.63,7614.66,Network flood + Disk thrash suspected
server_20,21:58:40,21:59:10,5908.07,7614.66,Network flood + Disk thrash suspected
server_20,21:58:50,21:59:20,5908.07,1562.51,Possible DDoS
server_20,21:59:00,21:59:30,2412.44,9754.61,Disk thrash suspected
server_20,21:59:10,21:59:40,973.33,9754.61,Disk thrash suspected
server_20,21:59:20,21:59:50,973.33,9754.61,Disk thrash suspected
server_20,21:59:30,22:00:00,1114.64,6010.59,Disk thrash suspected
server_20,21:59:40,22:00:10,3176.78,6010.59,Disk thrash suspected
server_20,21:59:50,22:00:20,3176.78,5648.32,Disk thrash suspected
server_20,22:00:00,22:00:30,13932.2,5648.32,Network flood + Disk thrash suspected
server_20,22:00:10,22:00:40,13932.2,5648.32,Network flood + Disk thrash suspected
server_20,22:00:20,22:00:50,13932.2,6708.36,Network flood + Disk thrash suspected
server_20,22:00:30,22:01:00,2921.49,6708.36,Disk thrash suspected
server_20,22:00:40,22:01:10,951.92,6708.36,Disk thrash suspected
server_20,22:00:50,22:01:20,3693.81,6693.85,Network flood + Disk thrash suspected
server_20,22:01:00,22:01:30,3693.81,6693.85,Network flood + Disk thrash suspected
server_20,22:01:10,22:01:40,3693.81,777.03,Possible DDoS
server_20,22:01:20,22:01:50,1025.89,141.87,
server_20,22:01:30,22:02:00,1025.89,100.47,
server_20,22:01:40,22:02:10,971.5,96.18,
server_20,22:01:50,22:02:20,4884.2,551.26,Possible DDoS
server_20,22:02:00,22:02:30,4884.2,551.26,Possible DDoS
server_20,22:02:10,22:02:40,4884.2,551.26,Possible DDoS
server_20,22:02:20,22:02:50,964.02,138.42,
server_20,22:02:30,22:03:00,582.0,138.42,
server_20,22:02:40,22:03:10,4464.77,558.95,Possible DDoS
server_20,22:02:50,22:03:20,17072.87,558.95,Possible DDoS
server_20,22:03:00,22:03:30,17072.87,558.95,Possible DDoS
server_20,22:03:10,22:03:40,17072.87,171.94,Possible DDoS
server_20,22:03:20,22:03:50,894.93,124.37,
server_20,22:03:30,22:04:00,1011.16,124.37,
server_20,22:03:40,22:04:10,1011.16,113.93,
server_20,22:03:50,22:04:20,1011.16,113.93,
server_20,22:04:00,22:04:30,14668.47,113.93,Possible DDoS
server_20,22:04:10,22:04:40,14668.47,84.85,Possible DDoS
server_20,22:04:20,22:04:50,14668.47,84.85,Possible DDoS
server_20,22:04:30,22:05:00,949.73,83.85,
server_20,22:04:40,22:05:10,968.71,122.15,
server_20,22:04:50,22:05:20,1443.08,1536.72,
server_20,22:05:00,22:05:30,1443.08,1536.72,
server_20,22:05:10,22:05:40,1443.08,1536.72,
server_20,22:05:20,22:05:50,3061.77,1309.89,
server_20,22:05:30,22:06:00,3061.77,1309.89,
server_20,22:05:40,22:06:10,5539.29,1309.89,Possible DDoS
server_20,22:05:50,22:06:20,5539.29,126.88,Possible DDoS
server_20,22:06:00,22:06:30,5539.29,126.88,Possible DDoS
server_20,22:06:10,22:06:40,17273.23,151.75,Possible DDoS
server_20,22:06:20,22:06:50,17273.23,151.75,Possible DDoS
server_20,22:06:30,22:07:00,17273.23,1300.46,Possible DDoS
server_20,22:06:40,22:07:10,2576.62,1300.46,
server_20,22:06:50,22:07:20,17925.06,1300.46,Possible DDoS
server_20,22:07:00,22:07:30,17925.06,993.26,Possible DDoS
server_20,22:07:10,22:07:40,17925.06,1429.54,Possible DDoS
server_20,22:07:20,22:07:50,16696.06,1429.54,Possible DDoS
server_20,22:07:30,22:08:00,16696.06,4840.37,Network flood + Disk thrash suspected
server_20,22:07:40,22:08:10,16696.06,4840.37,Network flood + Disk thrash suspected
server_20,22:07:50,22:08:20,5686.97,4840.37,Network flood + Disk thrash suspected
server_20,22:08:00,22:08:30,5686.97,1135.52,Possible DDoS
server_20,22:08:10,22:08:40,4770.98,1135.52,Possible DDoS
server_20,22:08:20,22:08:50,1799.24,3293.67,
server_20,22:08:30,22:09:00,1799.24,3293.67,
server_20,22:08:40,22:09:10,834.94,3293.67,
server_20,22:08:50,22:09:20,2052.16,1978.99,
server_20,22:09:00,22:09:30,4455.73,1978.99,Possible DDoS
server_20,22:09:10,22:09:40,4455.73,1978.99,Possible DDoS
server_20,22:09:20,22:09:50,4455.73,5229.27,Network flood + Disk thrash suspected
server_20,22:09:30,22:10:00,864.71,5229.27,Disk thrash suspected
server_20,22:09:40,22:10:10,18060.85,5229.27,Network flood + Disk thrash suspected
server_20,22:09:50,22:10:20,18060.85,161.61,Possible DDoS
server_20,22:10:00,22:10:30,18060.85,4376.14,Network flood + Disk thrash suspected
server_20,22:10:10,22:10:40,13517.55,4376.14,Network flood + Disk thrash suspected
server_20,22:10:20,22:10:50,1658.16,4376.14,Disk thrash suspected
server_20,22:10:30,22:11:00,1658.16,3599.74,Disk thrash suspected
server_20,22:10:40,22:11:10,984.58,3123.37,
server_20,22:10:50,22:11:20,3279.08,6316.31,Disk thrash suspected
server_20,22:11:00,22:11:30,3279.08,6316.31,Disk thrash suspected
server_20,22:11:10,22:11:40,3279.08,6316.31,Disk thrash suspected
server_20,22:11:20,22:11:50,929.67,4302.75,Disk thrash suspected
server_20,22:11:30,22:12:00,3604.06,3593.02,Network flood + Disk thrash suspected
server_20,22:11:40,22:12:10,3604.06,3593.02,Network flood + Disk thrash suspected
server_20,22:11:50,22:12:20,3604.06,1469.89,Possible DDoS
server_20,22:12:00,22:12:30,963.49,129.12,
server_20,22:12:10,22:12:40,5795.44,166.2,Possible DDoS
server_20,22:12:20,22:12:50,5795.44,1328.63,Possible DDoS
server_20,22:12:30,22:13:00,5795.44,9899.64,Network flood + Disk thrash suspected
server_20,22:12:40,22:13:10,3591.96,9899.64,Network flood + Disk thrash suspected
server_20,22:12:50,22:13:20,904.8,9899.64,Disk thrash suspected
server_20,22:13:00,22:13:30,13185.6,5120.18,Network flood + Disk thrash suspected
server_20,22:13:10,22:13:40,13185.6,9640.96,Network flood + Disk thrash suspected
server_20,22:13:20,22:13:50,13185.6,9640.96,Network flood + Disk thrash suspected
server_20,22:13:30,22:14:00,4770.16,9640.96,Network flood + Disk thrash suspected
server_20,22:13:40,22:14:10,4770.16,603.65,Possible DDoS
server_20,22:13:50,22:14:20,4770.16,5062.52,Network flood + Disk thrash suspected
server_20,22:14:00,22:14:30,881.33,5062.52,Disk thrash suspected
server_20,22:14:10,22:14:40,11880.16,5062.52,Network flood + Disk thrash suspected
server_20,22:14:20,22:14:50,11880.16,169.23,Possible DDoS
server_20,22:14:30,22:15:00,12295.68,169.23,Possible DDoS
server_20,22:14:40,22:15:10,12295.68,158.65,Possible DDoS
server_20,22:14:50,22:15:20,12295.68,158.65,Possible DDoS
server_20,22:15:00,22:15:30,934.48,6826.33,Disk thrash suspected
server_20,22:15:10,22:15:40,620.36,6826.33,Disk thrash suspected
server_20,22:15:20,22:15:50,679.25,6826.33,Disk thrash suspected
server_20,22:15:30,22:16:00,679.25,85.46,
server_20,22:15:40,22:16:10,954.76,85.46,
server_20,22:15:50,22:16:20,954.76,161.36,
server_20,22:16:00,22:16:30,1002.7,161.36,
server_20,22:16:10,22:16:40,1002.7,161.36,
server_20,22:16:20,22:16:50,1002.7,141.74,
server_20,22:16:30,22:17:00,920.94,8176.75,Disk thrash suspected
server_20,22:16:40,22:17:10,2023.46,8176.75,Disk thrash suspected
server_20,22:16:50,22:17:20,2023.46,8176.75,Disk thrash suspected
server_20,22:17:00,22:17:30,15595.2,4225.28,Network flood + Disk thrash suspected
server_20,22:17:10,22:17:40,15595.2,4225.28,Network flood + Disk thrash suspected
server_20,22:17:20,22:17:50,15595.2,4225.28,Network flood + Disk thrash suspected
server_20,22:17:30,22:18:00,908.34,8346.2,Disk thrash suspected
server_20,22:17:40,22:18:10,908.34,8346.2,Disk thrash suspected
server_20,22:17:50,22:18:20,536.91,8504.2,Disk thrash suspected
server_20,22:18:00,22:18:30,952.76,8504.2,Disk thrash suspected
server_20,22:18:10,22:18:40,952.76,8504.2,Disk thrash suspected
server_20,22:18:20,22:18:50,2080.02,5798.63,Disk thrash suspected
server_20,22:18:30,22:19:00,3631.12,5798.63,Network flood + Disk thrash suspected
server_20,22:18:40,22:19:10,3631.12,7013.37,Network flood + Disk thrash suspected
server_20,22:18:50,22:19:20,18604.44,7013.37,Network flood + Disk thrash suspected
server_20,22:19:00,22:19:30,18604.44,7013.37,Network flood + Disk thrash suspected
server_20,22:19:10,22:19:40,18604.44,125.16,Possible DDoS
server_20,22:19:20,22:19:50,1045.0,103.01,
server_20,22:19:30,22:20:00,16241.13,1483.77,Possible DDoS
server_20,22:19:40,22:20:10,16241.13,7261.29,Network flood + Disk thrash suspected
server_20,22:19:50,22:20:20,16241.13,7261.29,Network flood + Disk thrash suspected
server_20,22:20:00,22:20:30,14002.9,7261.29,Network flood + Disk thrash suspected
server_20,22:20:10,22:20:40,14002.9,150.04,Possible DDoS
server_20,22:20:20,22:20:50,14002.9,1869.71,Possible DDoS
server_20,22:20:30,22:21:00,11616.21,1869.71,Possible DDoS
server_20,22:20:40,22:21:10,4107.21,1869.71,Possible DDoS
server_20,22:20:50,22:21:20,1041.96,71.54,
server_20,22:21:00,22:21:30,930.36,6969.02,Disk thrash suspected
server_20,22:21:10,22:21:40,851.51,6969.02,Disk thrash suspected
server_20,22:21:20,22:21:50,9113.25,6969.02,Network flood + Disk thrash suspected
server_20,22:21:30,22:22:00,9113.25,164.77,Possible DDoS
server_20,22:21:40,22:22:10,17592.7,164.77,Possible DDoS
server_20,22:21:50,22:22:20,17592.7,114.55,Possible DDoS
server_20,22:22:00,22:22:30,17592.7,7145.53,Network flood + Disk thrash suspected
server_20,22:22:10,22:22:40,940.83,7145.53,Disk thrash suspected
server_20,22:22:20,22:22:50,7329.93,7145.53,Network flood + Disk thrash suspected
server_20,22:22:30,22:23:00,16701.62,777.8,Possible DDoS
server_20,22:22:40,22:23:10,16701.62,777.8,Possible DDoS
server_20,22:22:50,22:23:20,16701.62,777.8,Possible DDoS
server_20,22:23:00,22:23:30,949.36,5614.2,Disk thrash suspected
server_20,22:23:10,22:23:40,17894.93,5614.2,Network flood + Disk thrash suspected
server_20,22:23:20,22:23:50,17894.93,5614.2,Network flood + Disk thrash suspected
server_20,22:23:30,22:24:00,17894.93,1693.72,Possible DDoS
server_20,22:23:40,22:24:10,1832.67,1207.89,
server_20,22:23:50,22:24:20,880.84,173.04,
server_20,22:24:00,22:24:30,880.84,3974.24,Disk thrash suspected
server_20,22:24:10,22:24:40,674.04,3974.24,Disk thrash suspected
server_20,22:24:20,22:24:50,11481.93,3974.24,Network flood + Disk thrash suspected
server_20,22:24:30,22:25:00,11481.93,6812.84,Network flood + Disk thrash suspected
server_20,22:24:40,22:25:10,11481.93,6812.84,Network flood + Disk thrash suspected
server_20,22:24:50,22:25:20,10864.74,6812.84,Network flood + Disk thrash suspected
server_20,22:25:00,22:25:30,1007.69,5106.18,Disk thrash suspected
server_20,22:25:10,22:25:40,758.96,5106.18,Disk thrash suspected
server_20,22:25:20,22:25:50,1047.14,5106.18,Disk thrash suspected
server_20,22:25:30,22:26:00,1047.14,98.64,
server_20,22:25:40,22:26:10,4333.68,8397.58,Network flood + Disk thrash suspected
server_20,22:25:50,22:26:20,4333.68,8397.58,Network flood + Disk thrash suspected
server_20,22:26:00,22:26:30,4333.68,8397.58,Network flood + Disk thrash suspected
server_20,22:26:10,22:26:40,980.93,4815.92,Disk thrash suspected
server_20,22:26:20,22:26:50,2881.18,4815.92,Disk thrash suspected
server_20,22:26:30,22:27:00,2881.18,4219.18,Disk thrash suspected
server_20,22:26:40,22:27:10,2881.18,4219.18,Disk thrash suspected
server_20,22:26:50,22:27:20,8325.35,137.71,Possible DDoS
server_20,22:27:00,22:27:30,8325.35,137.71,Possible DDoS
server_20,22:27:10,22:27:40,8325.35,4103.8,Network flood + Disk thrash suspected
server_20,22:27:20,22:27:50,889.52,4103.8,Disk thrash suspected
server_20,22:27:30,22:28:00,866.11,4103.8,Disk thrash suspected
server_20,22:27:40,22:28:10,585.79,3526.38,Disk thrash suspected
server_20,22:27:50,22:28:20,268.71,6719.52,Disk thrash suspected
server_20,22:28:00,22:28:30,1133.15,6719.52,Disk thrash suspected
server_20,22:28:10,22:28:40,1133.15,6719.52,Disk thrash suspected
server_20,22:28:20,22:28:50,1133.15,1376.26,
server_20,22:28:30,22:29:00,651.13,116.62,
server_20,22:28:40,22:29:10,1618.2,593.64,
server_20,22:28:50,22:29:20,1618.2,8258.28,Disk thrash suspected
server_20,22:29:00,22:29:30,4830.73,8258.28,Network flood + Disk thrash suspected
server_20,22:29:10,22:29:40,13079.3,8258.28,Network flood + Disk thrash suspected
server_20,22:29:20,22:29:50,13079.3,1624.43,Possible DDoS
server_20,22:29:30,22:30:00,13079.3,143.32,Possible DDoS
server_20,22:29:40,22:30:10,18333.52,123.52,Possible DDoS
server_20,22:29:50,22:30:20,18333.52,974.91,Possible DDoS
server_20,22:30:00,22:30:30,18333.52,9795.66,Network flood + Disk thrash suspected
server_20,22:30:10,22:30:40,2156.4,9795.66,Disk thrash suspected
server_20,22:30:20,22:30:50,323.02,9795.66,Disk thrash suspected
server_20,22:30:30,22:31:00,2346.69,8396.19,Disk thrash suspected
server_20,22:30:40,22:31:10,2346.69,810.17,
server_20,22:30:50,22:31:20,2346.69,3299.12,
server_20,22:31:00,22:31:30,10063.45,3299.12,Possible DDoS
server_20,22:31:10,22:31:40,10063.45,3299.12,Possible DDoS
server_20,22:31:20,22:31:50,10063.45,9832.06,Network flood + Disk thrash suspected
server_20,22:31:30,22:32:00,1987.8,9832.06,Disk thrash suspected
server_20,22:31:40,22:32:10,2692.06,9832.06,Disk thrash suspected
server_20,22:31:50,22:32:20,2692.06,1777.29,
server_20,22:32:00,22:32:30,2692.06,1777.29,
server_20,22:32:10,22:32:40,2672.11,1277.88,
server_20,22:32:20,22:32:50,3998.3,1277.88,Possible DDoS
server_20,22:32:30,22:33:00,3998.3,1277.88,Possible DDoS
server_20,22:32:40,22:33:10,18463.99,1011.07,Possible DDoS
server_20,22:32:50,22:33:20,18463.99,974.74,Possible DDoS
server_20,22:33:00,22:33:30,18463.99,170.81,Possible DDoS
server_20,22:33:10,22:33:40,893.69,109.81,
server_20,22:33:20,22:33:50,991.85,109.81,
server_20,22:33:30,22:34:00,9965.82,109.81,Possible DDoS
server_20,22:33:40,22:34:10,9965.82,116.05,Possible DDoS
server_20,22:33:50,22:34:20,9965.82,116.05,Possible DDoS
server_20,22:34:00,22:34:30,908.13,9720.21,Disk thrash suspected
server_20,22:34:10,22:34:40,1911.44,9720.21,Disk thrash suspected
server_20,22:34:20,22:34:50,1911.44,9720.21,Disk thrash suspected
server_20,22:34:30,22:35:00,1911.44,701.49,
server_20,22:34:40,22:35:10,1018.44,126.6,
server_20,22:34:50,22:35:20,1018.44,4925.32,Disk thrash suspected
server_20,22:35:00,22:35:30,956.1,7459.68,Disk thrash suspected
server_20,22:35:10,22:35:40,866.31,7459.68,Disk thrash suspected
server_20,22:35:20,22:35:50,3242.07,7459.68,Disk thrash suspected
server_20,22:35:30,22:36:00,3242.07,1783.13,
server_20,22:35:40,22:36:10,3242.07,1783.13,
server_20,22:35:50,22:36:20,2000.26,1527.4,
server_20,22:36:00,22:36:30,960.45,82.08,
server_20,22:36:10,22:36:40,960.45,82.08,
server_20,22:36:20,22:36:50,960.45,97.62,
server_20,22:36:30,22:37:00,926.21,97.62,
server_20,22:36:40,22:37:10,926.21,97.62,
server_20,22:36:50,22:37:20,3905.55,1827.69,Possible DDoS
server_20,22:37:00,22:37:30,3905.55,1827.69,Possible DDoS
server_20,22:37:10,22:37:40,3905.55,1828.48,Possible DDoS
server_20,22:37:20,22:37:50,2246.67,1828.48,
server_20,22:37:30,22:38:00,4459.77,1948.32,Possible DDoS
server_20,22:37:40,22:38:10,4459.77,7851.44,Network flood + Disk thrash suspected
server_20,22:37:50,22:38:20,4459.77,9943.98,Network flood + Disk thrash suspected
server_20,22:38:00,22:38:30,569.06,9943.98,Disk thrash suspected
server_20,22:38:10,22:38:40,569.06,9943.98,Disk thrash suspected
server_20,22:38:20,22:38:50,1021.26,7651.39,Disk thrash suspected
server_20,22:38:30,22:39:00,1021.26,7651.39,Disk thrash suspected
server_20,22:38:40,22:39:10,14170.31,7651.39,Network flood + Disk thrash suspected
server_20,22:38:50,22:39:20,14170.31,1308.77,Possible DDoS
server_20,22:39:00,22:39:30,14170.31,1308.77,Possible DDoS
server_20,22:39:10,22:39:40,12894.82,101.94,Possible DDoS
server_20,22:39:20,22:39:50,12894.82,89.48,Possible DDoS
server_20,22:39:30,22:40:00,869.39,89.48,
server_20,22:39:40,22:40:10,1742.24,1355.38,
server_20,22:39:50,22:40:20,1742.24,1355.38,
server_20,22:40:00,22:40:30,1742.24,9500.92,Disk thrash suspected
server_20,22:40:10,22:40:40,1249.61,9500.92,Disk thrash suspected
server_20,22:40:20,22:40:50,1249.61,9500.92,Disk thrash suspected
server_20,22:40:30,22:41:00,1051.07,87.62,
server_20,22:40:40,22:41:10,15361.47,172.99,Possible DDoS
server_20,22:40:50,22:41:20,15361.47,190.91,Possible DDoS
server_20,22:41:00,22:41:30,15361.47,190.91,Possible DDoS
server_20,22:41:10,22:41:40,8975.48,4203.53,Network flood + Disk thrash suspected
server_20,22:41:20,22:41:50,509.57,4203.53,Disk thrash suspected
server_20,22:41:30,22:42:00,509.57,4203.53,Disk thrash suspected
server_20,22:41:40,22:42:10,1066.72,126.24,
server_20,22:41:50,22:42:20,2692.25,9862.69,Disk thrash suspected
server_20,22:42:00,22:42:30,9475.5,9862.69,Network flood + Disk thrash suspected
server_20,22:42:10,22:42:40,9475.5,9862.69,Network flood + Disk thrash suspected
server_20,22:42:20,22:42:50,9475.5,5962.69,Network flood + Disk thrash suspected
server_20,22:42:30,22:43:00,810.18,5962.69,Disk thrash suspected
server_20,22:42:40,22:43:10,550.13,5962.69,Disk thrash suspected
server_20,22:42:50,22:43:20,457.79,5357.61,Disk thrash suspected
server_20,22:43:00,22:43:30,762.87,3246.53,
server_20,22:43:10,22:43:40,762.87,9868.77,Disk thrash suspected
server_20,22:43:20,22:43:50,17059.82,9868.77,Network flood + Disk thrash suspected
server_20,22:43:30,22:44:00,17059.82,9868.77,Network flood + Disk thrash suspected
server_20,22:43:40,22:44:10,17059.82,1947.4,Possible DDoS
server_20,22:43:50,22:44:20,14310.11,165.94,Possible DDoS
server_20,22:44:00,22:44:30,964.35,9944.39,Disk thrash suspected
server_20,22:44:10,22:44:40,2616.97,9944.39,Disk thrash suspected
server_20,22:44:20,22:44:50,2616.97,9944.39,Disk thrash suspected
server_20,22:44:30,22:45:00,2616.97,1035.89,
server_20,22:44:40,22:45:10,4747.43,1825.22,Possible DDoS
server_20,22:44:50,22:45:20,4747.43,1825.22,Possible DDoS
server_20,22:45:00,22:45:30,4747.43,1825.22,Possible DDoS
server_20,22:45:10,22:45:40,4399.39,8242.5,Network flood + Disk thrash suspected
server_20,22:45:20,22:45:50,18135.86,8242.5,Network flood + Disk thrash suspected
server_20,22:45:30,22:46:00,18135.86,8242.5,Network flood + Disk thrash suspected
server_20,22:45:40,22:46:10,18135.86,931.46,Possible DDoS
server_20,22:45:50,22:46:20,4344.04,7355.38,Network flood + Disk thrash suspected
server_20,22:46:00,22:46:30,4344.04,7355.38,Network flood + Disk thrash suspected
server_20,22:46:10,22:46:40,973.13,7355.38,Disk thrash suspected
server_20,22:46:20,22:46:50,11749.29,190.69,Possible DDoS
server_20,22:46:30,22:47:00,11749.29,190.69,Possible DDoS
server_20,22:46:40,22:47:10,19433.98,190.69,Possible DDoS
server_20,22:46:50,22:47:20,19433.98,147.68,Possible DDoS
server_20,22:47:00,22:47:30,19433.98,147.68,Possible DDoS
server_20,22:47:10,22:47:40,10361.77,9126.4,Network flood + Disk thrash suspected
server_20,22:47:20,22:47:50,2916.82,9126.4,Disk thrash suspected
server_20,22:47:30,22:48:00,13161.97,9126.4,Network flood + Disk thrash suspected
server_20,22:47:40,22:48:10,13161.97,1625.52,Possible DDoS
server_20,22:47:50,22:48:20,17557.16,1228.34,Possible DDoS
server_20,22:48:00,22:48:30,17557.16,1228.34,Possible DDoS
server_20,22:48:10,22:48:40,17557.16,6048.09,Network flood + Disk thrash suspected
server_20,22:48:20,22:48:50,11324.57,6048.09,Network flood + Disk thrash suspected
server_20,22:48:30,22:49:00,11324.57,6048.09,Network flood + Disk thrash suspected
server_20,22:48:40,22:49:10,11324.57,1892.22,Possible DDoS
server_20,22:48:50,22:49:20,3848.5,1892.22,Possible DDoS
server_20,22:49:00,22:49:30,3848.5,4174.59,Network flood + Disk thrash suspected
server_20,22:49:10,22:49:40,845.36,4174.59,Disk thrash suspected
server_20,22:49:20,22:49:50,912.73,4425.3,Disk thrash suspected
server_20,22:49:30,22:50:00,912.73,4425.3,Disk thrash suspected
server_20,22:49:40,22:50:10,1017.5,4425.3,Disk thrash suspected
server_20,22:49:50,22:50:20,1017.5,144.84,
server_20,22:50:00,22:50:30,1017.5,144.84,
server_20,22:50:10,22:50:40,963.98,65.86,
server_20,22:50:20,22:50:50,963.98,65.86,
server_20,22:50:30,22:51:00,932.81,107.52,
server_20,22:50:40,22:51:10,932.81,107.52,
server_20,22:50:50,22:51:20,998.56,107.52,
server_20,22:51:00,22:51:30,14911.81,155.07,Possible DDoS
server_20,22:51:10,22:51:40,14911.81,180.79,Possible DDoS
server_20,22:51:20,22:51:50,14911.81,180.79,Possible DDoS
server_20,22:51:30,22:52:00,14412.23,180.79,Possible DDoS
server_20,22:51:40,22:52:10,13540.12,779.44,Possible DDoS
server_20,22:51:50,22:52:20,6159.7,779.44,Possible DDoS
server_20,22:52:00,22:52:30,6159.7,779.44,Possible DDoS
server_20,22:52:10,22:52:40,14661.3,719.59,Possible DDoS
server_20,22:52:20,22:52:50,14661.3,719.59,Possible DDoS
server_20,22:52:30,22:53:00,14661.3,3849.4,Network flood + Disk thrash suspected
server_20,22:52:40,22:53:10,953.3,3849.4,Disk thrash suspected
server_20,22:52:50,22:53:20,653.47,3849.4,Disk thrash suspected
server_3,20:53:00,20:53:30,958.87,152.56,
server_3,20:53:10,20:53:40,958.87,152.56,
server_3,20:53:20,20:53:50,983.48,100.15,
server_3,20:53:30,20:54:00,983.48,100.15,
server_3,20:53:40,20:54:10,983.48,148.47,
server_3,20:53:50,20:54:20,912.02,148.47,
server_3,20:54:00,20:54:30,972.83,148.47,
server_3,20:54:10,20:54:40,13864.46,138.6,Possible DDoS
server_3,20:54:20,20:54:50,13864.46,138.6,Possible DDoS
server_3,20:54:30,20:55:00,13864.46,138.6,Possible DDoS
server_3,20:54:40,20:55:10,933.55,121.72,
server_3,20:54:50,20:55:20,6896.33,121.72,Possible DDoS
server_3,20:55:00,20:55:30,6896.33,114.47,Possible DDoS
server_3,20:55:10,20:55:40,6896.33,114.47,Possible DDoS
server_3,20:55:20,20:55:50,991.76,112.46,
server_3,20:55:30,20:56:00,991.76,170.74,
server_3,20:55:40,20:56:10,592.53,8181.5,Disk thrash suspected
server_3,20:55:50,20:56:20,568.09,8181.5,Disk thrash suspected
server_3,20:56:00,20:56:30,18729.71,8181.5,Network flood + Disk thrash suspected
server_3,20:56:10,20:56:40,18729.71,109.93,Possible DDoS
server_3,20:56:20,20:56:50,18729.71,1872.62,Possible DDoS
server_3,20:56:30,20:57:00,19002.09,1872.62,Possible DDoS
server_3,20:56:40,20:57:10,19002.09,1872.62,Possible DDoS
server_3,20:56:50,20:57:20,19002.09,1173.02,Possible DDoS
server_3,20:57:00,20:57:30,4374.38,1230.18,Possible DDoS
server_3,20:57:10,20:57:40,4374.38,1230.18,Possible DDoS
server_3,20:57:20,20:57:50,4374.38,1230.18,Possible DDoS
server_3,20:57:30,20:58:00,4313.59,1983.33,Possible DDoS
server_3,20:57:40,20:58:10,11668.37,1983.33,Possible DDoS
server_3,20:57:50,20:58:20,11668.37,1983.33,Possible DDoS
server_3,20:58:00,20:58:30,11668.37,5820.13,Network flood + Disk thrash suspected
server_3,20:58:10,20:58:40,949.48,5820.13,Disk thrash suspected
server_3,20:58:20,20:58:50,949.48,5820.13,Disk thrash suspected
server_3,20:58:30,20:59:00,11636.56,6903.79,Network flood + Disk thrash suspected
server_3,20:58:40,20:59:10,11636.56,6903.79,Network flood + Disk thrash suspected
server_3,20:58:50,20:59:20,15216.4,6903.79,Network flood + Disk thrash suspected
server_3,20:59:00,20:59:30,15216.4,1838.34,Possible DDoS
server_3,20:59:10,20:59:40,15216.4,1838.34,Possible DDoS
server_3,20:59:20,20:59:50,4956.16,1838.34,Possible DDoS
server_3,20:59:30,21:00:00,4956.16,963.59,Possible DDoS
server_3,20:59:40,21:00:10,3339.74,1074.11,
server_3,20:59:50,21:00:20,3339.74,1074.11,
server_3,21:00:00,21:00:30,3339.74,1074.11,
server_3,21:00:10,21:00:40,645.98,8894.67,Disk thrash suspected
server_3,21:00:20,21:00:50,13678.15,8894.67,Network flood + Disk thrash suspected
server_3,21:00:30,21:01:00,13678.15,8894.67,Network flood + Disk thrash suspected
server_3,21:00:40,21:01:10,13678.15,6288.18,Network flood + Disk thrash suspected
server_3,21:00:50,21:01:20,827.07,6288.18,Disk thrash suspected
server_3,21:01:00,21:01:30,932.62,67.27,
server_3,21:01:10,21:01:40,932.62,5874.16,Disk thrash suspected
server_3,21:01:20,21:01:50,932.62,9566.1,Disk thrash suspected
server_3,21:01:30,21:02:00,901.05,9566.1,Disk thrash suspected
server_3,21:01:40,21:02:10,901.05,9566.1,Disk thrash suspected
server_3,21:01:50,21:02:20,901.05,5793.59,Disk thrash suspected
server_3,21:02:00,21:02:30,2712.5,5793.59,Disk thrash suspected
server_3,21:02:10,21:02:40,8705.69,1476.32,Possible DDoS
server_3,21:02:20,21:02:50,8705.69,1476.32,Possible DDoS
server_3,21:02:30,21:03:00,8705.69,4255.39,Network flood + Disk thrash suspected
server_3,21:02:40,21:03:10,4524.42,4255.39,Network flood + Disk thrash suspected
server_3,21:02:50,21:03:20,2313.48,8930.08,Disk thrash suspected
server_3,21:03:00,21:03:30,2313.48,8930.08,Disk thrash suspected
server_3,21:03:10,21:03:40,952.24,8930.08,Disk thrash suspected
server_3,21:03:20,21:03:50,13294.48,95.01,Possible DDoS
server_3,21:03:30,21:04:00,13294.48,97.51,Possible DDoS
server_3,21:03:40,21:04:10,13294.48,7165.18,Network flood + Disk thrash suspected
server_3,21:03:50,21:04:20,770.92,7165.18,Disk thrash suspected
server_3,21:04:00,21:04:30,5452.64,7165.18,Network flood + Disk thrash suspected
server_3,21:04:10,21:04:40,5452.64,8616.41,Network flood + Disk thrash suspected
server_3,21:04:20,21:04:50,5452.64,8616.41,Network flood + Disk thrash suspected
server_3,21:04:30,21:05:00,3698.01,8616.41,Network flood + Disk thrash suspected
server_3,21:04:40,21:05:10,3698.01,1212.95,Possible DDoS
server_3,21:04:50,21:05:20,3698.01,1212.95,Possible DDoS
server_3,21:05:00,21:05:30,12527.03,5554.47,Network flood + Disk thrash suspected
server_3,21:05:10,21:05:40,12527.03,5554.47,Network flood + Disk thrash suspected
server_3,21:05:20,21:05:50,12527.03,7622.42,Network flood + Disk thrash suspected
server_3,21:05:30,21:06:00,2976.49,7622.42,Disk thrash suspected
server_3,21:05:40,21:06:10,2976.49,7622.42,Disk thrash suspected
server_3,21:05:50,21:06:20,997.19,5336.56,Disk thrash suspected
server_3,21:06:00,21:06:30,997.19,5336.56,Disk thrash suspected
server_3,21:06:10,21:06:40,997.19,5336.56,Disk thrash suspected
server_3,21:06:20,21:06:50,967.36,120.17,
server_3,21:06:30,21:07:00,957.2,120.17,
server_3,21:06:40,21:07:10,957.2,120.17,
server_3,21:06:50,21:07:20,663.6,97.54,
server_3,21:07:00,21:07:30,645.16,101.84,
server_3,21:07:10,21:07:40,888.08,6023.23,Disk thrash suspected
server_3,21:07:20,21:07:50,985.37,6023.23,Disk thrash suspected
server_3,21:07:30,21:08:00,13545.14,6023.23,Network flood + Disk thrash suspected
server_3,21:07:40,21:08:10,13545.14,9623.25,Network flood + Disk thrash suspected
server_3,21:07:50,21:08:20,13545.14,9623.25,Network flood + Disk thrash suspected
server_3,21:08:00,21:08:30,4736.46,9623.25,Network flood + Disk thrash suspected
server_3,21:08:10,21:08:40,11918.76,7300.44,Network flood + Disk thrash suspected
server_3,21:08:20,21:08:50,11918.76,125.9,Possible DDoS
server_3,21:08:30,21:09:00,11918.76,119.83,Possible DDoS
server_3,21:08:40,21:09:10,6848.42,119.83,Possible DDoS
server_3,21:08:50,21:09:20,6848.42,95.91,Possible DDoS
server_3,21:09:00,21:09:30,2698.23,1690.05,
server_3,21:09:10,21:09:40,14115.49,9937.29,Network flood + Disk thrash suspected
server_3,21:09:20,21:09:50,14115.49,9937.29,Network flood + Disk thrash suspected
server_3,21:09:30,21:10:00,14115.49,9937.29,Network flood + Disk thrash suspected
server_3,21:09:40,21:10:10,3855.49,9867.19,Network flood + Disk thrash suspected
server_3,21:09:50,21:10:20,419.55,9867.19,Disk thrash suspected
server_3,21:10:00,21:10:30,946.4,7910.49,Disk thrash suspected
server_3,21:10:10,21:10:40,1060.53,7910.49,Disk thrash suspected
server_3,21:10:20,21:10:50,1060.53,143.73,
server_3,21:10:30,21:11:00,17807.21,143.73,Possible DDoS
server_3,21:10:40,21:11:10,17807.21,158.0,Possible DDoS
server_3,21:10:50,21:11:20,18975.19,158.0,Possible DDoS
server_3,21:11:00,21:11:30,18975.19,1665.74,Possible DDoS
server_3,21:11:10,21:11:40,18975.19,6347.07,Network flood + Disk thrash suspected
server_3,21:11:20,21:11:50,4756.7,6347.07,Network flood + Disk thrash suspected
server_3,21:11:30,21:12:00,3998.89,6347.07,Network flood + Disk thrash suspected
server_3,21:11:40,21:12:10,3998.89,1716.41,Possible DDoS
server_3,21:11:50,21:12:20,3998.89,1716.41,Possible DDoS
server_3,21:12:00,21:12:30,3049.02,1049.81,
server_3,21:12:10,21:12:40,6834.49,1049.81,Possible DDoS
server_3,21:12:20,21:12:50,10450.01,1049.81,Possible DDoS
server_3,21:12:30,21:13:00,10450.01,152.41,Possible DDoS
server_3,21:12:40,21:13:10,10450.01,133.87,Possible DDoS
server_3,21:12:50,21:13:20,6988.9,1383.89,Possible DDoS
server_3,21:13:00,21:13:30,6988.9,1383.89,Possible DDoS
server_3,21:13:10,21:13:40,3090.34,1383.89,
server_3,21:13:20,21:13:50,900.85,136.94,
server_3,21:13:30,21:14:00,900.85,130.67,
server_3,21:13:40,21:14:10,18342.32,973.17,Possible DDoS
server_3,21:13:50,21:14:20,18342.32,973.17,Possible DDoS
server_3,21:14:00,21:14:30,18342.32,5388.39,Network flood + Disk thrash suspected
server_3,21:14:10,21:14:40,549.93,5388.39,Disk thrash suspected
server_3,21:14:20,21:14:50,16933.88,5388.39,Network flood + Disk thrash suspected
server_3,21:14:30,21:15:00,16933.88,570.99,Possible DDoS
server_3,21:14:40,21:15:10,16933.88,570.99,Possible DDoS
server_3,21:14:50,21:15:20,17779.44,570.99,Possible DDoS
server_3,21:15:00,21:15:30,17779.44,5980.09,Network flood + Disk thrash suspected
server_3,21:15:10,21:15:40,17779.44,5980.09,Network flood + Disk thrash suspected
server_3,21:15:20,21:15:50,981.71,5980.09,Disk thrash suspected
server_3,21:15:30,21:16:00,981.71,147.29,
server_3,21:15:40,21:16:10,4370.26,1450.41,Possible DDoS
server_3,21:15:50,21:16:20,4370.26,5579.92,Network flood + Disk thrash suspected
server_3,21:16:00,21:16:30,4370.26,5579.92,Network flood + Disk thrash suspected
server_3,21:16:10,21:16:40,945.84,5579.92,Disk thrash suspected
server_3,21:16:20,21:16:50,945.84,4577.96,Disk thrash suspected
server_3,21:16:30,21:17:00,939.84,4577.96,Disk thrash suspected
server_3,21:16:40,21:17:10,939.84,4577.96,Disk thrash suspected
server_3,21:16:50,21:17:20,939.84,125.58,
server_3,21:17:00,21:17:30,905.95,117.09,
server_3,21:17:10,21:17:40,676.58,42.77,
server_3,21:17:20,21:17:50,905.16,113.02,
server_3,21:17:30,21:18:00,905.16,113.02,
server_3,21:17:40,21:18:10,905.16,147.71,
server_3,21:17:50,21:18:20,608.27,147.71,
server_3,21:18:00,21:18:30,18875.38,147.71,Possible DDoS
server_3,21:18:10,21:18:40,18875.38,8098.41,Network flood + Disk thrash suspected
server_3,21:18:20,21:18:50,18875.38,8098.41,Network flood + Disk thrash suspected
server_3,21:18:30,21:19:00,13673.59,8098.41,Network flood + Disk thrash suspected
server_3,21:18:40,21:19:10,4550.5,9421.65,Network flood + Disk thrash suspected
server_3,21:18:50,21:19:20,7088.55,9421.65,Network flood + Disk thrash suspected
server_3,21:19:00,21:19:30,7088.55,9421.65,Network flood + Disk thrash suspected
server_3,21:19:10,21:19:40,7088.55,1772.87,Possible DDoS
server_3,21:19:20,21:19:50,1062.09,7252.3,Disk thrash suspected
server_3,21:19:30,21:20:00,888.25,8559.8,Disk thrash suspected
server_3,21:19:40,21:20:10,888.25,8559.8,Disk thrash suspected
server_3,21:19:50,21:20:20,3330.76,8559.8,Disk thrash suspected
server_3,21:20:00,21:20:30,3330.76,6770.3,Disk thrash suspected
server_3,21:20:10,21:20:40,14617.56,1582.41,Possible DDoS
server_3,21:20:20,21:20:50,14617.56,1582.41,Possible DDoS
server_3,21:20:30,21:21:00,19609.63,155.11,Possible DDoS
server_3,21:20:40,21:21:10,19609.63,164.13,Possible DDoS
server_3,21:20:50,21:21:20,19609.63,164.83,Possible DDoS
server_3,21:21:00,21:21:30,14670.37,1480.21,Possible DDoS
server_3,21:21:10,21:21:40,14670.37,6146.49,Network flood + Disk thrash suspected
server_3,21:21:20,21:21:50,4220.08,6146.49,Network flood + Disk thrash suspected
server_3,21:21:30,21:22:00,6073.01,6742.45,Network flood + Disk thrash suspected
server_3,21:21:40,21:22:10,6073.01,6742.45,Network flood + Disk thrash suspected
server_3,21:21:50,21:22:20,6073.01,7483.88,Network flood + Disk thrash suspected
server_3,21:22:00,21:22:30,3454.5,7483.88,Disk thrash suspected
server_3,21:22:10,21:22:40,2373.27,7483.88,Disk thrash suspected
server_3,21:22:20,21:22:50,2373.27,952.36,
server_3,21:22:30,21:23:00,2277.49,838.31,
server_3,21:22:40,21:23:10,7847.61,5817.01,Network flood + Disk thrash suspected
server_3,21:22:50,21:23:20,7847.61,5817.01,Network flood + Disk thrash suspected
server_3,21:23:00,21:23:30,7847.61,5817.01,Network flood + Disk thrash suspected
server_3,21:23:10,21:23:40,1439.74,1152.68,
server_3,21:23:20,21:23:50,1439.74,1152.68,
server_3,21:23:30,21:24:00,1439.74,1152.68,
server_3,21:23:40,21:24:10,2001.26,1318.77,
server_3,21:23:50,21:24:20,2001.26,1318.77,
server_3,21:24:00,21:24:30,14434.57,1318.77,Possible DDoS
server_3,21:24:10,21:24:40,16161.63,71.26,Possible DDoS
server_3,21:24:20,21:24:50,16161.63,81.6,Possible DDoS
server_3,21:24:30,21:25:00,16161.63,84.96,Possible DDoS
server_3,21:24:40,21:25:10,10872.94,118.17,Possible DDoS
server_3,21:24:50,21:25:20,10872.94,118.17,Possible DDoS
server_3,21:25:00,21:25:30,10872.94,140.81,Possible DDoS
server_3,21:25:10,21:25:40,1095.99,6949.94,Disk thrash suspected
server_3,21:25:20,21:25:50,994.91,6949.94,Disk thrash suspected
server_3,21:25:30,21:26:00,947.76,6949.94,Disk thrash suspected
server_3,21:25:40,21:26:10,966.3,83.56,
server_3,21:25:50,21:26:20,966.3,100.47,
server_3,21:26:00,21:26:30,966.3,129.92,
server_3,21:26:10,21:26:40,5121.26,129.92,Possible DDoS
server_3,21:26:20,21:26:50,5121.26,8698.52,Network flood + Disk thrash suspected
server_3,21:26:30,21:27:00,5121.26,8698.52,Network flood + Disk thrash suspected
server_3,21:26:40,21:27:10,1589.49,8698.52,Disk thrash suspected
server_3,21:26:50,21:27:20,1589.49,5673.0,Disk thrash suspected
server_3,21:27:00,21:27:30,896.85,5673.0,Disk thrash suspected
server_3,21:27:10,21:27:40,986.76,5673.0,Disk thrash suspected
server_3,21:27:20,21:27:50,1616.39,5313.19,Disk thrash suspected
server_3,21:27:30,21:28:00,1616.39,5313.19,Disk thrash suspected
server_3,21:27:40,21:28:10,5266.17,1335.85,Possible DDoS
server_3,21:27:50,21:28:20,5266.17,8712.92,Network flood + Disk thrash suspected
server_3,21:28:00,21:28:30,5266.17,8712.92,Network flood + Disk thrash suspected
server_3,21:28:10,21:28:40,2348.61,8712.92,Disk thrash suspected
server_3,21:28:20,21:28:50,2348.61,1083.81,
server_3,21:28:30,21:29:00,3750.35,1929.43,Possible DDoS
server_3,21:28:40,21:29:10,3750.35,1929.43,Possible DDoS
server_3,21:28:50,21:29:20,3750.35,1929.43,Possible DDoS
server_3,21:29:00,21:29:30,1090.33,1876.39,
server_3,21:29:10,21:29:40,1090.33,1876.39,
server_3,21:29:20,21:29:50,2569.04,1987.51,
server_3,21:29:30,21:30:00,4561.74,1987.51,Possible DDoS
server_3,21:29:40,21:30:10,4561.74,1987.51,Possible DDoS
server_3,21:29:50,21:30:20,4561.74,1800.54,Possible DDoS
server_3,21:30:00,21:30:30,15875.58,1572.59,Possible DDoS
server_3,21:30:10,21:30:40,15875.58,1572.59,Possible DDoS
server_3,21:30:20,21:30:50,15875.58,160.99,Possible DDoS
server_3,21:30:30,21:31:00,981.99,160.99,
server_3,21:30:40,21:31:10,1898.06,1460.15,
server_3,21:30:50,21:31:20,2687.4,1460.15,
server_3,21:31:00,21:31:30,2687.4,1460.15,
server_3,21:31:10,21:31:40,3173.26,767.54,
server_3,21:31:20,21:31:50,3173.26,767.54,
server_3,21:31:30,21:32:00,3173.26,767.54,
server_3,21:31:40,21:32:10,935.07,4739.63,Disk thrash suspected
server_3,21:31:50,21:32:20,935.67,4739.63,Disk thrash suspected
server_3,21:32:00,21:32:30,3843.29,4739.63,Network flood + Disk thrash suspected
server_3,21:32:10,21:32:40,3843.29,1383.77,Possible DDoS
server_3,21:32:20,21:32:50,3843.29,1393.81,Possible DDoS
server_3,21:32:30,21:33:00,3232.36,1581.98,
server_3,21:32:40,21:33:10,3945.6,1870.02,Possible DDoS
server_3,21:32:50,21:33:20,3945.6,1870.02,Possible DDoS
server_3,21:33:00,21:33:30,4012.35,5364.51,Network flood + Disk thrash suspected
server_3,21:33:10,21:33:40,4012.35,5364.51,Network flood + Disk thrash suspected
server_3,21:33:20,21:33:50,10557.66,5364.51,Network flood + Disk thrash suspected
server_3,21:33:30,21:34:00,10557.66,8584.13,Network flood + Disk thrash suspected
server_3,21:33:40,21:34:10,10557.66,8584.13,Network flood + Disk thrash suspected
server_3,21:33:50,21:34:20,994.63,8584.13,Disk thrash suspected
server_3,21:34:00,21:34:30,994.63,147.25,
server_3,21:34:10,21:34:40,14262.99,5692.32,Network flood + Disk thrash suspected
server_3,21:34:20,21:34:50,14262.99,5692.32,Network flood + Disk thrash suspected
server_3,21:34:30,21:35:00,14262.99,5692.32,Network flood + Disk thrash suspected
server_3,21:34:40,21:35:10,3805.94,1651.94,Possible DDoS
server_3,21:34:50,21:35:20,1408.53,7431.48,Disk thrash suspected
server_3,21:35:00,21:35:30,1408.53,7431.48,Disk thrash suspected
server_3,21:35:10,21:35:40,4659.72,7431.48,Network flood + Disk thrash suspected
server_3,21:35:20,21:35:50,15164.3,5239.12,Network flood + Disk thrash suspected
server_3,21:35:30,21:36:00,15164.3,5239.12,Network flood + Disk thrash suspected
server_3,21:35:40,21:36:10,15164.3,5520.64,Network flood + Disk thrash suspected
server_3,21:35:50,21:36:20,10607.56,5520.64,Network flood + Disk thrash suspected
server_3,21:36:00,21:36:30,10607.56,5520.64,Network flood + Disk thrash suspected
server_3,21:36:10,21:36:40,2985.33,1803.38,
server_3,21:36:20,21:36:50,13038.53,143.22,Possible DDoS
server_3,21:36:30,21:37:00,16553.37,143.22,Possible DDoS
server_3,21:36:40,21:37:10,16553.37,143.22,Possible DDoS
server_3,21:36:50,21:37:20,16553.37,112.05,Possible DDoS
server_3,21:37:00,21:37:30,5874.17,154.03,Possible DDoS
server_3,21:37:10,21:37:40,5874.17,1788.24,Possible DDoS
server_3,21:37:20,21:37:50,5874.17,1788.24,Possible DDoS
server_3,21:37:30,21:38:00,4860.76,1788.24,Possible DDoS
server_3,21:37:40,21:38:10,4860.76,1632.32,Possible DDoS
server_3,21:37:50,21:38:20,4860.76,1632.32,Possible DDoS
server_3,21:38:00,21:38:30,953.39,198.18,
server_3,21:38:10,21:38:40,953.39,198.18,
server_3,21:38:20,21:38:50,503.98,6334.55,Disk thrash suspected
server_3,21:38:30,21:39:00,10094.76,6334.55,Network flood + Disk thrash suspected
server_3,21:38:40,21:39:10,10094.76,6334.55,Network flood + Disk thrash suspected
server_3,21:38:50,21:39:20,13828.7,5483.69,Network flood + Disk thrash suspected
server_3,21:39:00,21:39:30,13828.7,5483.69,Network flood + Disk thrash suspected
server_3,21:39:10,21:39:40,13828.7,1188.88,Possible DDoS
server_3,21:39:20,21:39:50,1805.04,1188.88,
server_3,21:39:30,21:40:00,1805.04,4479.28,Disk thrash suspected
server_3,21:39:40,21:40:10,898.2,4479.28,Disk thrash suspected
server_3,21:39:50,21:40:20,956.43,4479.28,Disk thrash suspected
server_3,21:40:00,21:40:30,956.43,123.37,
server_3,21:40:10,21:40:40,956.43,123.37,
server_3,21:40:20,21:40:50,869.3,151.28,
server_3,21:40:30,21:41:00,869.3,7142.53,Disk thrash suspected
server_3,21:40:40,21:41:10,2874.79,7142.53,Disk thrash suspected
server_3,21:40:50,21:41:20,2874.79,7142.53,Disk thrash suspected
server_3,21:41:00,21:41:30,2874.79,517.83,
server_3,21:41:10,21:41:40,6471.19,149.19,Possible DDoS
server_3,21:41:20,21:41:50,6471.19,7810.75,Network flood + Disk thrash suspected
server_3,21:41:30,21:42:00,6471.19,9789.49,Network flood + Disk thrash suspected
server_3,21:41:40,21:42:10,747.01,9789.49,Disk thrash suspected
server_3,21:41:50,21:42:20,1331.98,9789.49,Disk thrash suspected
server_3,21:42:00,21:42:30,1331.98,638.83,
server_3,21:42:10,21:42:40,13317.32,638.83,Possible DDoS
server_3,21:42:20,21:42:50,13317.32,111.55,Possible DDoS
server_3,21:42:30,21:43:00,13317.32,113.75,Possible DDoS
server_3,21:42:40,21:43:10,883.78,113.75,
server_3,21:42:50,21:43:20,18674.55,158.48,Possible DDoS
server_3,21:43:00,21:43:30,18674.55,163.04,Possible DDoS
server_3,21:43:10,21:43:40,18674.55,163.04,Possible DDoS
server_3,21:43:20,21:43:50,874.67,163.04,
server_3,21:43:30,21:44:00,874.67,72.26,
server_3,21:43:40,21:44:10,4019.46,1725.96,Possible DDoS
server_3,21:43:50,21:44:20,4019.46,5508.95,Network flood + Disk thrash suspected
server_3,21:44:00,21:44:30,6426.83,5508.95,Network flood + Disk thrash suspected
server_3,21:44:10,21:44:40,6426.83,5508.95,Network flood + Disk thrash suspected
server_3,21:44:20,21:44:50,8707.37,167.46,Possible DDoS
server_3,21:44:30,21:45:00,8707.37,167.46,Possible DDoS
server_3,21:44:40,21:45:10,8707.37,167.46,Possible DDoS
server_3,21:44:50,21:45:20,14329.12,113.37,Possible DDoS
server_3,21:45:00,21:45:30,14329.12,113.37,Possible DDoS
server_3,21:45:10,21:45:40,14329.12,8525.09,Network flood + Disk thrash suspected
server_3,21:45:20,21:45:50,900.76,8525.09,Disk thrash suspected
server_3,21:45:30,21:46:00,900.76,8525.09,Disk thrash suspected
server_3,21:45:40,21:46:10,900.76,120.94,
server_3,21:45:50,21:46:20,2821.35,578.61,
server_3,21:46:00,21:46:30,2821.35,578.61,
server_3,21:46:10,21:46:40,2821.35,578.61,
server_3,21:46:20,21:46:50,11596.57,142.87,Possible DDoS
server_3,21:46:30,21:47:00,11596.57,150.83,Possible DDoS
server_3,21:46:40,21:47:10,11596.57,3341.44,Possible DDoS
server_3,21:46:50,21:47:20,12103.52,9396.23,Network flood + Disk thrash suspected
server_3,21:47:00,21:47:30,12103.52,9396.23,Network flood + Disk thrash suspected
server_3,21:47:10,21:47:40,12103.52,9396.23,Network flood + Disk thrash suspected
server_3,21:47:20,21:47:50,11342.14,4829.42,Network flood + Disk thrash suspected
server_3,21:47:30,21:48:00,11342.14,4829.42,Network flood + Disk thrash suspected
server_3,21:47:40,21:48:10,11342.14,75.43,Possible DDoS
server_3,21:47:50,21:48:20,678.11,93.69,
server_3,21:48:00,21:48:30,678.11,7281.5,Disk thrash suspected
server_3,21:48:10,21:48:40,601.67,7281.5,Disk thrash suspected
server_3,21:48:20,21:48:50,6439.19,9652.5,Network flood + Disk thrash suspected
server_3,21:48:30,21:49:00,6439.19,9652.5,Network flood + Disk thrash suspected
server_3,21:48:40,21:49:10,6439.19,9652.5,Network flood + Disk thrash suspected
server_3,21:48:50,21:49:20,10855.73,255.08,Possible DDoS
server_3,21:49:00,21:49:30,10855.73,255.08,Possible DDoS
server_3,21:49:10,21:49:40,17796.13,255.08,Possible DDoS
server_3,21:49:20,21:49:50,17796.13,147.14,Possible DDoS
server_3,21:49:30,21:50:00,17796.13,147.14,Possible DDoS
server_3,21:49:40,21:50:10,9826.37,91.21,Possible DDoS
server_3,21:49:50,21:50:20,973.6,6646.64,Disk thrash suspected
server_3,21:50:00,21:50:30,973.6,6646.64,Disk thrash suspected
server_3,21:50:10,21:50:40,5447.22,6646.64,Network flood + Disk thrash suspected
server_3,21:50:20,21:50:50,5447.22,1737.66,Possible DDoS
server_3,21:50:30,21:51:00,19699.12,1737.66,Possible DDoS
server_3,21:50:40,21:51:10,19699.12,1737.66,Possible DDoS
server_3,21:50:50,21:51:20,19699.12,1661.47,Possible DDoS
server_3,21:51:00,21:51:30,2181.53,1661.47,
server_3,21:51:10,21:51:40,507.23,142.17,
server_3,21:51:20,21:51:50,13388.96,9213.96,Network flood + Disk thrash suspected
server_3,21:51:30,21:52:00,13388.96,9213.96,Network flood + Disk thrash suspected
server_3,21:51:40,21:52:10,13388.96,9213.96,Network flood + Disk thrash suspected
server_3,21:51:50,21:52:20,7795.49,1991.1,Possible DDoS
server_3,21:52:00,21:52:30,7795.49,1604.6,Possible DDoS
server_3,21:52:10,21:52:40,12659.37,1604.6,Possible DDoS
server_3,21:52:20,21:52:50,12659.37,1604.6,Possible DDoS
server_3,21:52:30,21:53:00,12659.37,107.79,Possible DDoS
server_3,21:52:40,21:53:10,960.23,107.79,
server_3,21:52:50,21:53:20,1482.25,1983.41,
server_3,21:53:00,21:53:30,4609.43,1983.41,Possible DDoS
server_3,21:53:10,21:53:40,4609.43,8631.64,Network flood + Disk thrash suspected
server_3,21:53:20,21:53:50,4609.43,8631.64,Network flood + Disk thrash suspected
server_3,21:53:30,21:54:00,2677.17,8631.64,Disk thrash suspected
server_3,21:53:40,21:54:10,2716.39,1760.81,
server_3,21:53:50,21:54:20,2716.39,6585.34,Disk thrash suspected
server_3,21:54:00,21:54:30,2716.39,6585.34,Disk thrash suspected
server_3,21:54:10,21:54:40,12394.85,6585.34,Network flood + Disk thrash suspected
server_3,21:54:20,21:54:50,12394.85,127.98,Possible DDoS
server_3,21:54:30,21:55:00,12394.85,127.98,Possible DDoS
server_3,21:54:40,21:55:10,15139.99,179.31,Possible DDoS
server_3,21:54:50,21:55:20,15139.99,179.31,Possible DDoS
server_3,21:55:00,21:55:30,15139.99,4106.43,Network flood + Disk thrash suspected
server_3,21:55:10,21:55:40,3064.25,8977.6,Disk thrash suspected
server_3,21:55:20,21:55:50,3064.25,8977.6,Disk thrash suspected
server_3,21:55:30,21:56:00,751.53,8977.6,Disk thrash suspected
server_3,21:55:40,21:56:10,611.24,8200.72,Disk thrash suspected
server_3,21:55:50,21:56:20,793.98,8200.72,Disk thrash suspected
server_3,21:56:00,21:56:30,868.71,8200.72,Disk thrash suspected
server_3,21:56:10,21:56:40,14440.48,135.07,Possible DDoS
server_3,21:56:20,21:56:50,14440.48,5712.96,Network flood + Disk thrash suspected
server_3,21:56:30,21:57:00,14440.48,5712.96,Network flood + Disk thrash suspected
server_3,21:56:40,21:57:10,881.45,5712.96,Disk thrash suspected
server_3,21:56:50,21:57:20,4548.01,885.73,Possible DDoS
server_3,21:57:00,21:57:30,4548.01,1730.51,Possible DDoS
server_3,21:57:10,21:57:40,4548.01,1730.51,Possible DDoS
server_3,21:57:20,21:57:50,19233.52,1730.51,Possible DDoS
server_3,21:57:30,21:58:00,19233.52,623.77,Possible DDoS
server_3,21:57:40,21:58:10,19233.52,9283.15,Network flood + Disk thrash suspected
server_3,21:57:50,21:58:20,2267.58,9283.15,Disk thrash suspected
server_3,21:58:00,21:58:30,17442.68,9283.15,Network flood + Disk thrash suspected
server_3,21:58:10,21:58:40,17442.68,179.12,Possible DDoS
server_3,21:58:20,21:58:50,17442.68,179.12,Possible DDoS
server_3,21:58:30,21:59:00,16781.41,170.17,Possible DDoS
server_3,21:58:40,21:59:10,942.09,135.85,
server_3,21:58:50,21:59:20,942.09,135.85,
server_3,21:59:00,21:59:30,4554.82,4306.83,Network flood + Disk thrash suspected
server_3,21:59:10,21:59:40,16304.69,4306.83,Network flood + Disk thrash suspected
server_3,21:59:20,21:59:50,16304.69,4306.83,Network flood + Disk thrash suspected
server_3,21:59:30,22:00:00,16304.69,812.1,Possible DDoS
server_3,21:59:40,22:00:10,5142.57,111.17,Possible DDoS
server_3,21:59:50,22:00:20,5142.57,111.17,Possible DDoS
server_3,22:00:00,22:00:30,861.76,111.17,
server_3,22:00:10,22:00:40,997.81,79.07,
server_3,22:00:20,22:00:50,5996.37,6191.85,Network flood + Disk thrash suspected
server_3,22:00:30,22:01:00,5996.37,6191.85,Network flood + Disk thrash suspected
server_3,22:00:40,22:01:10,5996.37,6191.85,Network flood + Disk thrash suspected
server_3,22:00:50,22:01:20,3603.78,1708.43,Possible DDoS
server_3,22:01:00,22:01:30,3603.78,1708.43,Possible DDoS
server_3,22:01:10,22:01:40,18304.3,1693.24,Possible DDoS
server_3,22:01:20,22:01:50,18304.3,73.39,Possible DDoS
server_3,22:01:30,22:02:00,18304.3,56.96,Possible DDoS
server_3,22:01:40,22:02:10,15469.04,88.07,Possible DDoS
server_3,22:01:50,22:02:20,15469.04,5146.18,Network flood + Disk thrash suspected
server_3,22:02:00,22:02:30,15469.04,5146.18,Network flood + Disk thrash suspected
server_3,22:02:10,22:02:40,1920.41,5146.18,Disk thrash suspected
server_3,22:02:20,22:02:50,3077.18,1882.98,
server_3,22:02:30,22:03:00,3077.18,1882.98,
server_3,22:02:40,22:03:10,6717.57,1786.12,Possible DDoS
server_3,22:02:50,22:03:20,6717.57,1456.92,Possible DDoS
server_3,22:03:00,22:03:30,6717.57,1456.92,Possible DDoS
server_3,22:03:10,22:03:40,14959.0,168.85,Possible DDoS
server_3,22:03:20,22:03:50,14959.0,4096.74,Network flood + Disk thrash suspected
server_3,22:03:30,22:04:00,14959.0,4096.74,Network flood + Disk thrash suspected
server_3,22:03:40,22:04:10,13073.14,4096.74,Network flood + Disk thrash suspected
server_3,22:03:50,22:04:20,5905.1,1420.15,Possible DDoS
server_3,22:04:00,22:04:30,5905.1,1420.15,Possible DDoS
server_3,22:04:10,22:04:40,3658.63,1420.15,Possible DDoS
server_3,22:04:20,22:04:50,2513.86,1425.3,
server_3,22:04:30,22:05:00,2513.86,1425.3,
server_3,22:04:40,22:05:10,19163.92,1425.3,Possible DDoS
server_3,22:04:50,22:05:20,19163.92,179.09,Possible DDoS
server_3,22:05:00,22:05:30,19163.92,179.09,Possible DDoS
server_3,22:05:10,22:05:40,13807.87,120.13,Possible DDoS
server_3,22:05:20,22:05:50,937.43,120.13,
server_3,22:05:30,22:06:00,937.43,152.55,
server_3,22:05:40,22:06:10,991.17,152.55,
server_3,22:05:50,22:06:20,991.17,152.55,
server_3,22:06:00,22:06:30,991.17,147.8,
server_3,22:06:10,22:06:40,3797.91,5442.86,Network flood + Disk thrash suspected
server_3,22:06:20,22:06:50,3797.91,9714.9,Network flood + Disk thrash suspected
server_3,22:06:30,22:07:00,3797.91,9714.9,Network flood + Disk thrash suspected
server_3,22:06:40,22:07:10,19016.51,9714.9,Network flood + Disk thrash suspected
server_3,22:06:50,22:07:20,19016.51,6925.03,Network flood + Disk thrash suspected
server_3,22:07:00,22:07:30,19016.51,6925.03,Network flood + Disk thrash suspected
server_3,22:07:10,22:07:40,3542.68,6925.03,Disk thrash suspected
server_3,22:07:20,22:07:50,3542.68,1422.51,
server_3,22:07:30,22:08:00,3542.68,879.71,
server_3,22:07:40,22:08:10,3468.33,4147.66,Disk thrash suspected
server_3,22:07:50,22:08:20,3468.33,8880.3,Disk thrash suspected
server_3,22:08:00,22:08:30,4682.04,8880.3,Network flood + Disk thrash suspected
server_3,22:08:10,22:08:40,12998.11,8880.3,Network flood + Disk thrash suspected
server_3,22:08:20,22:08:50,12998.11,1241.85,Possible DDoS
server_3,22:08:30,22:09:00,13488.73,198.16,Possible DDoS
server_3,22:08:40,22:09:10,13488.73,128.69,Possible DDoS
server_3,22:08:50,22:09:20,13488.73,128.69,Possible DDoS
server_3,22:09:00,22:09:30,1030.34,8032.29,Disk thrash suspected
server_3,22:09:10,22:09:40,846.38,8032.29,Disk thrash suspected
server_3,22:09:20,22:09:50,890.05,8032.29,Disk thrash suspected
server_3,22:09:30,22:10:00,14656.92,168.99,Possible DDoS
server_3,22:09:40,22:10:10,14656.92,9266.86,Network flood + Disk thrash suspected
server_3,22:09:50,22:10:20,14656.92,9266.86,Network flood + Disk thrash suspected
server_3,22:10:00,22:10:30,11367.72,9266.86,Network flood + Disk thrash suspected
server_3,22:10:10,22:10:40,11367.72,168.14,Possible DDoS
server_3,22:10:20,22:10:50,11367.72,168.14,Possible DDoS
server_3,22:10:30,22:11:00,969.19,123.11,
server_3,22:10:40,22:11:10,969.19,123.11,
server_3,22:10:50,22:11:20,1011.34,123.11,
server_3,22:11:00,22:11:30,1011.34,99.85,
server_3,22:11:10,22:11:40,1011.34,99.85,
server_3,22:11:20,22:11:50,985.84,140.89,
server_3,22:11:30,22:12:00,985.84,140.89,
server_3,22:11:40,22:12:10,985.84,140.89,
server_3,22:11:50,22:12:20,1694.26,515.16,
server_3,22:12:00,22:12:30,1694.26,515.16,
server_3,22:12:10,22:12:40,1694.26,515.16,
server_3,22:12:20,22:12:50,956.13,175.76,
server_3,22:12:30,22:13:00,847.33,9370.48,Disk thrash suspected
server_3,22:12:40,22:13:10,4770.41,9370.48,Network flood + Disk thrash suspected
server_3,22:12:50,22:13:20,4770.41,9370.48,Network flood + Disk thrash suspected
server_3,22:13:00,22:13:30,4770.41,1011.27,Possible DDoS
server_3,22:13:10,22:13:40,683.23,165.38,
server_3,22:13:20,22:13:50,7588.4,1867.4,Possible DDoS
server_3,22:13:30,22:14:00,7588.4,1867.4,Possible DDoS
server_3,22:13:40,22:14:10,7588.4,1867.4,Possible DDoS
server_3,22:13:50,22:14:20,4811.84,1809.78,Possible DDoS
server_3,22:14:00,22:14:30,4811.84,783.41,Possible DDoS
server_3,22:14:10,22:14:40,1017.84,152.04,
server_3,22:14:20,22:14:50,1017.84,152.04,
server_3,22:14:30,22:15:00,1017.84,152.04,
server_3,22:14:40,22:15:10,835.78,122.36,
server_3,22:14:50,22:15:20,735.9,122.36,
server_3,22:15:00,22:15:30,735.9,122.36,
server_3,22:15:10,22:15:40,987.59,102.49,
server_3,22:15:20,22:15:50,15833.0,121.17,Possible DDoS
server_3,22:15:30,22:16:00,15833.0,121.17,Possible DDoS
server_3,22:15:40,22:16:10,15833.0,1122.76,Possible DDoS
server_3,22:15:50,22:16:20,1579.32,1122.76,
server_3,22:16:00,22:16:30,1579.32,1122.76,
server_3,22:16:10,22:16:40,602.46,55.44,
server_3,22:16:20,22:16:50,13128.93,3721.59,Network flood + Disk thrash suspected
server_3,22:16:30,22:17:00,13128.93,3721.59,Network flood + Disk thrash suspected
server_3,22:16:40,22:17:10,13128.93,3721.59,Network flood + Disk thrash suspected
server_3,22:16:50,22:17:20,5676.6,136.88,Possible DDoS
server_3,22:17:00,22:17:30,7235.3,93.08,Possible DDoS
server_3,22:17:10,22:17:40,7235.3,570.19,Possible DDoS
server_3,22:17:20,22:17:50,7235.3,5930.7,Network flood + Disk thrash suspected
server_3,22:17:30,22:18:00,4809.59,5930.7,Network flood + Disk thrash suspected
server_3,22:17:40,22:18:10,4263.95,5930.7,Network flood + Disk thrash suspected
server_3,22:17:50,22:18:20,12741.6,1108.6,Possible DDoS
server_3,22:18:00,22:18:30,18400.32,815.13,Possible DDoS
server_3,22:18:10,22:18:40,18400.32,199.74,Possible DDoS
server_3,22:18:20,22:18:50,18400.32,199.74,Possible DDoS
server_3,22:18:30,22:19:00,932.73,145.56,
server_3,22:18:40,22:19:10,7539.26,9055.5,Network flood + Disk thrash suspected
server_3,22:18:50,22:19:20,7539.26,9055.5,Network flood + Disk thrash suspected
server_3,22:19:00,22:19:30,13377.34,9055.5,Network flood + Disk thrash suspected
server_3,22:19:10,22:19:40,13377.34,1851.29,Possible DDoS
server_3,22:19:20,22:19:50,13377.34,5156.69,Network flood + Disk thrash suspected
server_3,22:19:30,22:20:00,2860.4,5156.69,Disk thrash suspected
server_3,22:19:40,22:20:10,886.87,5156.69,Disk thrash suspected
server_3,22:19:50,22:20:20,10875.37,145.89,Possible DDoS
server_3,22:20:00,22:20:30,19234.8,145.89,Possible DDoS
server_3,22:20:10,22:20:40,19234.8,145.89,Possible DDoS
server_3,22:20:20,22:20:50,19734.05,132.92,Possible DDoS
server_3,22:20:30,22:21:00,19734.05,132.92,Possible DDoS
server_3,22:20:40,22:21:10,19734.05,136.36,Possible DDoS
server_3,22:20:50,22:21:20,12352.98,4300.48,Network flood + Disk thrash suspected
server_3,22:21:00,22:21:30,12352.98,4300.48,Network flood + Disk thrash suspected
server_3,22:21:10,22:21:40,12352.98,4300.48,Network flood + Disk thrash suspected
server_3,22:21:20,22:21:50,1000.52,4192.12,Disk thrash suspected
server_3,22:21:30,22:22:00,1000.52,4109.67,Disk thrash suspected
server_3,22:21:40,22:22:10,5330.05,5484.19,Network flood + Disk thrash suspected
server_3,22:21:50,22:22:20,5330.05,8462.19,Network flood + Disk thrash suspected
server_3,22:22:00,22:22:30,16123.74,8462.19,Network flood + Disk thrash suspected
server_3,22:22:10,22:22:40,16123.74,8462.19,Network flood + Disk thrash suspected
server_3,22:22:20,22:22:50,16123.74,6925.26,Network flood + Disk thrash suspected
server_3,22:22:30,22:23:00,12413.44,6925.26,Network flood + Disk thrash suspected
server_3,22:22:40,22:23:10,12413.44,821.47,Possible DDoS
server_3,22:22:50,22:23:20,2518.38,821.47,
server_3,22:23:00,22:23:30,1117.19,821.47,
server_3,22:23:10,22:23:40,2903.87,746.17,
server_3,22:23:20,22:23:50,12088.42,746.17,Possible DDoS
server_3,22:23:30,22:24:00,12088.42,746.17,Possible DDoS
server_3,22:23:40,22:24:10,12088.42,117.04,Possible DDoS
server_3,22:23:50,22:24:20,933.86,3004.04,
server_3,22:24:00,22:24:30,933.86,3004.04,
server_3,22:24:10,22:24:40,933.86,3004.04,
server_3,22:24:20,22:24:50,770.39,150.22,
server_3,22:24:30,22:25:00,770.39,138.47,
server_3,22:24:40,22:25:10,536.37,3509.51,Disk thrash suspected
server_3,22:24:50,22:25:20,3904.2,3509.51,Network flood + Disk thrash suspected
server_3,22:25:00,22:25:30,3904.2,3509.51,Network flood + Disk thrash suspected
server_3,22:25:10,22:25:40,3904.2,1135.06,Possible DDoS
server_3,22:25:20,22:25:50,961.73,4761.67,Disk thrash suspected
server_3,22:25:30,22:26:00,961.73,4761.67,Disk thrash suspected
server_3,22:25:40,22:26:10,961.73,5871.16,Disk thrash suspected
server_3,22:25:50,22:26:20,4719.52,5871.16,Network flood + Disk thrash suspected
server_3,22:26:00,22:26:30,4719.52,5871.16,Network flood + Disk thrash suspected
server_3,22:26:10,22:26:40,16993.31,1351.38,Possible DDoS
server_3,22:26:20,22:26:50,16993.31,1160.08,Possible DDoS
server_3,22:26:30,22:27:00,16993.31,660.26,Possible DDoS
server_3,22:26:40,22:27:10,8393.37,3238.87,Possible DDoS
server_3,22:26:50,22:27:20,8393.37,3238.87,Possible DDoS
server_3,22:27:00,22:27:30,4031.49,3238.87,Possible DDoS
server_3,22:27:10,22:27:40,4031.49,6529.69,Network flood + Disk thrash suspected
server_3,22:27:20,22:27:50,12219.22,6927.1,Network flood + Disk thrash suspected
server_3,22:27:30,22:28:00,12219.22,6927.1,Network flood + Disk thrash suspected
server_3,22:27:40,22:28:10,12219.22,7761.96,Network flood + Disk thrash suspected
server_3,22:27:50,22:28:20,2782.65,7761.96,Disk thrash suspected
server_3,22:28:00,22:28:30,2782.65,7761.96,Disk thrash suspected
server_3,22:28:10,22:28:40,2782.65,1565.52,
server_3,22:28:20,22:28:50,751.18,107.54,
server_3,22:28:30,22:29:00,459.85,3917.18,Disk thrash suspected
server_3,22:28:40,22:29:10,4476.73,3917.18,Network flood + Disk thrash suspected
server_3,22:28:50,22:29:20,4476.73,3917.18,Network flood + Disk thrash suspected
server_3,22:29:00,22:29:30,4476.73,1571.45,Possible DDoS
server_3,22:29:10,22:29:40,1044.39,135.09,
server_3,22:29:20,22:29:50,8346.42,155.97,Possible DDoS
server_3,22:29:30,22:30:00,8346.42,155.97,Possible DDoS
server_3,22:29:40,22:30:10,8346.42,1285.97,Possible DDoS
server_3,22:29:50,22:30:20,11597.94,1285.97,Possible DDoS
server_3,22:30:00,22:30:30,11597.94,1285.97,Possible DDoS
server_3,22:30:10,22:30:40,17581.02,88.44,Possible DDoS
server_3,22:30:20,22:30:50,17581.02,88.44,Possible DDoS
server_3,22:30:30,22:31:00,17581.02,88.44,Possible DDoS
server_3,22:30:40,22:31:10,14733.74,7106.16,Network flood + Disk thrash suspected
server_3,22:30:50,22:31:20,14733.74,7106.16,Network flood + Disk thrash suspected
server_3,22:31:00,22:31:30,1017.0,7106.16,Disk thrash suspected
server_3,22:31:10,22:31:40,1017.0,97.41,
server_3,22:31:20,22:31:50,1017.0,61.92,
server_3,22:31:30,22:32:00,955.72,61.92,
server_3,22:31:40,22:32:10,1325.93,1404.06,
server_3,22:31:50,22:32:20,5527.46,1404.06,Possible DDoS
server_3,22:32:00,22:32:30,5527.46,1404.06,Possible DDoS
server_3,22:32:10,22:32:40,5527.46,124.64,Possible DDoS
server_3,22:32:20,22:32:50,971.28,7834.55,Disk thrash suspected
server_3,22:32:30,22:33:00,971.28,7834.55,Disk thrash suspected
server_3,22:32:40,22:33:10,971.28,7834.55,Disk thrash suspected
server_3,22:32:50,22:33:20,3137.76,738.08,
server_3,22:33:00,22:33:30,3137.76,738.08,
server_3,22:33:10,22:33:40,16594.39,738.08,Possible DDoS
server_3,22:33:20,22:33:50,16594.39,850.36,Possible DDoS
server_3,22:33:30,22:34:00,16594.39,850.36,Possible DDoS
server_3,22:33:40,22:34:10,2402.34,7202.02,Disk thrash suspected
server_3,22:33:50,22:34:20,923.29,7202.02,Disk thrash suspected
server_3,22:34:00,22:34:30,923.29,7202.02,Disk thrash suspected
server_3,22:34:10,22:34:40,18624.1,86.76,Possible DDoS
server_3,22:34:20,22:34:50,18624.1,78.86,Possible DDoS
server_3,22:34:30,22:35:00,18624.1,3295.32,Possible DDoS
server_3,22:34:40,22:35:10,15240.71,3295.32,Possible DDoS
server_3,22:34:50,22:35:20,15240.71,3295.32,Possible DDoS
server_3,22:35:00,22:35:30,15240.71,640.89,Possible DDoS
server_3,22:35:10,22:35:40,394.04,125.02,
server_3,22:35:20,22:35:50,1016.34,1244.09,
server_3,22:35:30,22:36:00,14838.33,1244.09,Possible DDoS
server_3,22:35:40,22:36:10,14838.33,1244.09,Possible DDoS
server_3,22:35:50,22:36:20,14838.33,8001.75,Network flood + Disk thrash suspected
server_3,22:36:00,22:36:30,4266.99,8001.75,Network flood + Disk thrash suspected
server_3,22:36:10,22:36:40,4266.99,8001.75,Network flood + Disk thrash suspected
server_3,22:36:20,22:36:50,1018.69,5965.67,Disk thrash suspected
server_3,22:36:30,22:37:00,1018.69,5965.67,Disk thrash suspected
server_3,22:36:40,22:37:10,3524.33,5965.67,Disk thrash suspected
server_3,22:36:50,22:37:20,4605.95,3732.69,Network flood + Disk thrash suspected
server_3,22:37:00,22:37:30,4605.95,3732.69,Network flood + Disk thrash suspected
server_3,22:37:10,22:37:40,4605.95,1720.99,Possible DDoS
server_3,22:37:20,22:37:50,1506.01,1720.99,
server_3,22:37:30,22:38:00,4524.11,1843.23,Possible DDoS
server_3,22:37:40,22:38:10,4524.11,1843.23,Possible DDoS
server_3,22:37:50,22:38:20,4524.11,1843.23,Possible DDoS
server_3,22:38:00,22:38:30,2240.41,825.33,
server_3,22:38:10,22:38:40,833.61,3604.25,Disk thrash suspected
server_3,22:38:20,22:38:50,643.21,4907.67,Disk thrash suspected
server_3,22:38:30,22:39:00,809.43,4907.67,Disk thrash suspected
server_3,22:38:40,22:39:10,5293.08,4907.67,Network flood + Disk thrash suspected
server_3,22:38:50,22:39:20,5293.08,112.21,Possible DDoS
server_3,22:39:00,22:39:30,5293.08,5043.92,Network flood + Disk thrash suspected
server_3,22:39:10,22:39:40,924.81,5043.92,Disk thrash suspected
server_3,22:39:20,22:39:50,3332.74,5043.92,Disk thrash suspected
server_3,22:39:30,22:40:00,3332.74,1138.13,
server_3,22:39:40,22:40:10,3332.74,1138.13,
server_3,22:39:50,22:40:20,903.54,163.97,
server_3,22:40:00,22:40:30,903.54,115.46,
server_3,22:40:10,22:40:40,929.21,156.47,
server_3,22:40:20,22:40:50,1005.16,156.47,
server_3,22:40:30,22:41:00,18825.25,182.23,Possible DDoS
server_3,22:40:40,22:41:10,18825.25,182.23,Possible DDoS
server_3,22:40:50,22:41:20,18825.25,182.23,Possible DDoS
server_3,22:41:00,22:41:30,13172.5,779.43,Possible DDoS
server_3,22:41:10,22:41:40,13172.5,779.43,Possible DDoS
server_3,22:41:20,22:41:50,13172.5,779.43,Possible DDoS
server_3,22:41:30,22:42:00,965.68,8495.18,Disk thrash suspected
server_3,22:41:40,22:42:10,924.93,8671.5,Disk thrash suspected
server_3,22:41:50,22:42:20,924.93,8671.5,Disk thrash suspected
server_3,22:42:00,22:42:30,17780.9,8671.5,Network flood + Disk thrash suspected
server_3,22:42:10,22:42:40,17780.9,3915.5,Network flood + Disk thrash suspected
server_3,22:42:20,22:42:50,17780.9,3915.5,Network flood + Disk thrash suspected
server_3,22:42:30,22:43:00,19299.31,4128.36,Network flood + Disk thrash suspected
server_3,22:42:40,22:43:10,19299.31,9330.4,Network flood + Disk thrash suspected
server_3,22:42:50,22:43:20,19299.31,9330.4,Network flood + Disk thrash suspected
server_3,22:43:00,22:43:30,4749.5,9330.4,Network flood + Disk thrash suspected
server_3,22:43:10,22:43:40,4749.5,9920.73,Network flood + Disk thrash suspected
server_3,22:43:20,22:43:50,11478.51,9920.73,Network flood + Disk thrash suspected
server_3,22:43:30,22:44:00,15914.2,9920.73,Network flood + Disk thrash suspected
server_3,22:43:40,22:44:10,15914.2,98.89,Possible DDoS
server_3,22:43:50,22:44:20,15914.2,84.99,Possible DDoS
server_3,22:44:00,22:44:30,15180.5,1557.15,Possible DDoS
server_3,22:44:10,22:44:40,15180.5,7886.99,Network flood + Disk thrash suspected
server_3,22:44:20,22:44:50,15180.5,7886.99,Network flood + Disk thrash suspected
server_3,22:44:30,22:45:00,8815.08,7886.99,Network flood + Disk thrash suspected
server_3,22:44:40,22:45:10,8815.08,594.68,Possible DDoS
server_3,22:44:50,22:45:20,10092.14,594.68,Possible DDoS
server_3,22:45:00,22:45:30,10092.14,594.68,Possible DDoS
server_3,22:45:10,22:45:40,10092.14,177.71,Possible DDoS
server_3,22:45:20,22:45:50,1051.34,6813.92,Disk thrash suspected
server_3,22:45:30,22:46:00,1051.34,6813.92,Disk thrash suspected
server_3,22:45:40,22:46:10,19817.09,6813.92,Network flood + Disk thrash suspected
server_3,22:45:50,22:46:20,19817.09,137.62,Possible DDoS
server_3,22:46:00,22:46:30,19817.09,7441.3,Network flood + Disk thrash suspected
server_3,22:46:10,22:46:40,934.39,7441.3,Disk thrash suspected
server_3,22:46:20,22:46:50,933.52,7441.3,Disk thrash suspected
server_3,22:46:30,22:47:00,933.52,3090.18,
server_3,22:46:40,22:47:10,933.52,4208.1,Disk thrash suspected
server_3,22:46:50,22:47:20,988.48,4208.1,Disk thrash suspected
server_3,22:47:00,22:47:30,988.48,4208.1,Disk thrash suspected
server_3,22:47:10,22:47:40,14144.03,115.62,Possible DDoS
server_3,22:47:20,22:47:50,14144.03,159.96,Possible DDoS
server_3,22:47:30,22:48:00,14144.03,159.96,Possible DDoS
server_3,22:47:40,22:48:10,5063.48,159.96,Possible DDoS
server_3,22:47:50,22:48:20,955.27,107.15,
server_3,22:48:00,22:48:30,19418.79,107.15,Possible DDoS
server_3,22:48:10,22:48:40,19418.79,5920.35,Network flood + Disk thrash suspected
server_3,22:48:20,22:48:50,19418.79,5920.35,Network flood + Disk thrash suspected
server_3,22:48:30,22:49:00,964.51,5920.35,Disk thrash suspected
server_3,22:48:40,22:49:10,964.51,8675.34,Disk thrash suspected
server_3,22:48:50,22:49:20,19760.48,8675.34,Network flood + Disk thrash suspected
server_3,22:49:00,22:49:30,19760.48,8675.34,Network flood + Disk thrash suspected
server_3,22:49:10,22:49:40,19760.48,4467.61,Network flood + Disk thrash suspected
server_3,22:49:20,22:49:50,12165.86,4467.61,Network flood + Disk thrash suspected
server_3,22:49:30,22:50:00,12165.86,4467.61,Network flood + Disk thrash suspected
server_3,22:49:40,22:50:10,1916.02,9014.52,Disk thrash suspected
server_3,22:49:50,22:50:20,1916.02,9014.52,Disk thrash suspected
server_3,22:50:00,22:50:30,1033.65,9014.52,Disk thrash suspected
server_3,22:50:10,22:50:40,1033.65,95.05,
server_3,22:50:20,22:50:50,407.26,5899.62,Disk thrash suspected
server_3,22:50:30,22:51:00,2603.3,5899.62,Disk thrash suspected
server_3,22:50:40,22:51:10,2603.3,5899.62,Disk thrash suspected
server_3,22:50:50,22:51:20,2603.3,1388.05,
server_3,22:51:00,22:51:30,834.62,110.62,
server_3,22:51:10,22:51:40,834.62,78.26,
server_3,22:51:20,22:51:50,962.48,112.48,
server_3,22:51:30,22:52:00,8477.39,180.23,Possible DDoS
server_3,22:51:40,22:52:10,8477.39,180.23,Possible DDoS
server_3,22:51:50,22:52:20,8477.39,180.23,Possible DDoS
server_3,22:52:00,22:52:30,899.62,8451.4,Disk thrash suspected
server_3,22:52:10,22:52:40,12711.54,8451.4,Network flood + Disk thrash suspected
server_3,22:52:20,22:52:50,12711.54,8451.4,Network flood + Disk thrash suspected
server_3,22:52:30,22:53:00,12711.54,187.06,Possible DDoS
server_3,22:52:40,22:53:10,925.94,103.58,
server_3,22:52:50,22:53:20,458.92,91.44,
server_4,20:53:00,20:53:30,8033.2,97.55,Possible DDoS
server_4,20:53:10,20:53:40,8033.2,3592.47,Network flood + Disk thrash suspected
server_4,20:53:20,20:53:50,942.34,3592.47,Disk thrash suspected
server_4,20:53:30,20:54:00,942.34,3592.47,Disk thrash suspected
server_4,20:53:40,20:54:10,19901.28,4965.77,Network flood + Disk thrash suspected
server_4,20:53:50,20:54:20,19901.28,4965.77,Network flood + Disk thrash suspected
server_4,20:54:00,20:54:30,19901.28,4965.77,Network flood + Disk thrash suspected
server_4,20:54:10,20:54:40,4879.98,1224.77,Possible DDoS
server_4,20:54:20,20:54:50,4879.98,1224.77,Possible DDoS
server_4,20:54:30,20:55:00,6174.64,145.94,Possible DDoS
server_4,20:54:40,20:55:10,6174.64,127.18,Possible DDoS
server_4,20:54:50,20:55:20,6174.64,121.69,Possible DDoS
server_4,20:55:00,20:55:30,975.17,121.69,
server_4,20:55:10,20:55:40,975.17,121.69,
server_4,20:55:20,20:55:50,2773.0,6857.24,Disk thrash suspected
server_4,20:55:30,20:56:00,4349.28,6857.24,Network flood + Disk thrash suspected
server_4,20:55:40,20:56:10,4349.28,6857.24,Network flood + Disk thrash suspected
server_4,20:55:50,20:56:20,4349.28,1865.46,Possible DDoS
server_4,20:56:00,20:56:30,2870.14,1865.46,
server_4,20:56:10,20:56:40,2870.14,5690.47,Disk thrash suspected
server_4,20:56:20,20:56:50,860.78,5690.47,Disk thrash suspected
server_4,20:56:30,20:57:00,5605.15,5690.47,Network flood + Disk thrash suspected
server_4,20:56:40,20:57:10,5605.15,161.0,Possible DDoS
server_4,20:56:50,20:57:20,5605.15,1811.78,Possible DDoS
server_4,20:57:00,20:57:30,1585.36,1811.78,
server_4,20:57:10,20:57:40,1585.36,1811.78,
server_4,20:57:20,20:57:50,1014.83,1600.55,
server_4,20:57:30,20:58:00,2216.51,1873.41,
server_4,20:57:40,20:58:10,9509.42,1873.41,Possible DDoS
server_4,20:57:50,20:58:20,9509.42,1873.41,Possible DDoS
server_4,20:58:00,20:58:30,9509.42,544.58,Possible DDoS
server_4,20:58:10,20:58:40,3919.36,544.58,Possible DDoS
server_4,20:58:20,20:58:50,14987.65,544.58,Possible DDoS
server_4,20:58:30,20:59:00,14987.65,125.19,Possible DDoS
server_4,20:58:40,20:59:10,14987.65,8323.6,Network flood + Disk thrash suspected
server_4,20:58:50,20:59:20,2619.79,8323.6,Disk thrash suspected
server_4,20:59:00,20:59:30,2619.79,8323.6,Disk thrash suspected
server_4,20:59:10,20:59:40,7884.28,703.31,Possible DDoS
server_4,20:59:20,20:59:50,7884.28,244.87,Possible DDoS
server_4,20:59:30,21:00:00,7884.28,9055.45,Network flood + Disk thrash suspected
server_4,20:59:40,21:00:10,921.17,9055.45,Disk thrash suspected
server_4,20:59:50,21:00:20,19176.79,9055.45,Network flood + Disk thrash suspected
server_4,21:00:00,21:00:30,19176.79,174.85,Possible DDoS
server_4,21:00:10,21:00:40,19176.79,3398.24,Possible DDoS
server_4,21:00:20,21:00:50,16540.13,3398.24,Possible DDoS
server_4,21:00:30,21:01:00,18162.1,3398.24,Possible DDoS
server_4,21:00:40,21:01:10,18162.1,169.59,Possible DDoS
server_4,21:00:50,21:01:20,18162.1,165.22,Possible DDoS
server_4,21:01:00,21:01:30,11551.23,160.23,Possible DDoS
server_4,21:01:10,21:01:40,10484.5,211.08,Possible DDoS
server_4,21:01:20,21:01:50,10484.5,211.08,Possible DDoS
server_4,21:01:30,21:02:00,975.96,211.08,
server_4,21:01:40,21:02:10,975.96,149.45,
server_4,21:01:50,21:02:20,8858.0,149.45,Possible DDoS
server_4,21:02:00,21:02:30,8858.0,548.6,Possible DDoS
server_4,21:02:10,21:02:40,14954.35,548.6,Possible DDoS
server_4,21:02:20,21:02:50,14954.35,548.6,Possible DDoS
server_4,21:02:30,21:03:00,16832.48,84.33,Possible DDoS
server_4,21:02:40,21:03:10,16832.48,84.33,Possible DDoS
server_4,21:02:50,21:03:20,16832.48,1066.64,Possible DDoS
server_4,21:03:00,21:03:30,12534.71,3327.97,Possible DDoS
server_4,21:03:10,21:03:40,2875.47,9516.12,Disk thrash suspected
server_4,21:03:20,21:03:50,850.49,9516.12,Disk thrash suspected
server_4,21:03:30,21:04:00,850.49,9516.12,Disk thrash suspected
server_4,21:03:40,21:04:10,859.86,7674.65,Disk thrash suspected
server_4,21:03:50,21:04:20,3904.74,1063.58,Possible DDoS
server_4,21:04:00,21:04:30,3904.74,1063.58,Possible DDoS
server_4,21:04:10,21:04:40,3904.74,1964.46,Possible DDoS
server_4,21:04:20,21:04:50,3851.75,1964.46,Possible DDoS
server_4,21:04:30,21:05:00,15429.95,1964.46,Possible DDoS
server_4,21:04:40,21:05:10,15429.95,4711.68,Network flood + Disk thrash suspected
server_4,21:04:50,21:05:20,15429.95,4711.68,Network flood + Disk thrash suspected
server_4,21:05:00,21:05:30,983.78,4711.68,Disk thrash suspected
server_4,21:05:10,21:05:40,587.91,88.98,
server_4,21:05:20,21:05:50,13901.04,133.52,Possible DDoS
server_4,21:05:30,21:06:00,13901.04,133.52,Possible DDoS
server_4,21:05:40,21:06:10,13901.04,7810.01,Network flood + Disk thrash suspected
server_4,21:05:50,21:06:20,5325.83,7810.01,Network flood + Disk thrash suspected
server_4,21:06:00,21:06:30,5325.83,7810.01,Network flood + Disk thrash suspected
server_4,21:06:10,21:06:40,5325.83,1083.86,Possible DDoS
server_4,21:06:20,21:06:50,2028.43,1101.27,
server_4,21:06:30,21:07:00,1106.04,1101.27,
server_4,21:06:40,21:07:10,1106.04,1101.27,
server_4,21:06:50,21:07:20,539.38,130.06,
server_4,21:07:00,21:07:30,2310.07,889.19,
server_4,21:07:10,21:07:40,7274.74,889.19,Possible DDoS
server_4,21:07:20,21:07:50,7274.74,889.19,Possible DDoS
server_4,21:07:30,21:08:00,7274.74,145.11,Possible DDoS
server_4,21:07:40,21:08:10,5401.88,145.11,Possible DDoS
server_4,21:07:50,21:08:20,1036.3,90.53,
server_4,21:08:00,21:08:30,1036.3,90.53,
server_4,21:08:10,21:08:40,1884.79,4979.93,Disk thrash suspected
server_4,21:08:20,21:08:50,1884.79,4979.93,Disk thrash suspected
server_4,21:08:30,21:09:00,1884.79,4979.93,Disk thrash suspected
server_4,21:08:40,21:09:10,17772.97,156.51,Possible DDoS
server_4,21:08:50,21:09:20,17772.97,156.51,Possible DDoS
server_4,21:09:00,21:09:30,17772.97,8928.75,Network flood + Disk thrash suspected
server_4,21:09:10,21:09:40,597.35,9599.57,Disk thrash suspected
server_4,21:09:20,21:09:50,954.49,9599.57,Disk thrash suspected
server_4,21:09:30,21:10:00,1024.13,9599.57,Disk thrash suspected
server_4,21:09:40,21:10:10,4224.73,5298.15,Network flood + Disk thrash suspected
server_4,21:09:50,21:10:20,4224.73,7852.86,Network flood + Disk thrash suspected
server_4,21:10:00,21:10:30,4224.73,7852.86,Network flood + Disk thrash suspected
server_4,21:10:10,21:10:40,953.36,7852.86,Disk thrash suspected
server_4,21:10:20,21:10:50,953.36,159.59,
server_4,21:10:30,21:11:00,953.36,159.59,
server_4,21:10:40,21:11:10,1022.66,126.34,
server_4,21:10:50,21:11:20,6642.8,126.34,Possible DDoS
server_4,21:11:00,21:11:30,13817.75,181.61,Possible DDoS
server_4,21:11:10,21:11:40,13817.75,181.61,Possible DDoS
server_4,21:11:20,21:11:50,13817.75,181.61,Possible DDoS
server_4,21:11:30,21:12:00,10987.27,189.61,Possible DDoS
server_4,21:11:40,21:12:10,10565.48,189.61,Possible DDoS
server_4,21:11:50,21:12:20,907.35,189.61,
server_4,21:12:00,21:12:30,18158.35,925.13,Possible DDoS
server_4,21:12:10,21:12:40,18158.35,925.13,Possible DDoS
server_4,21:12:20,21:12:50,18158.35,925.13,Possible DDoS
server_4,21:12:30,21:13:00,17919.77,151.23,Possible DDoS
server_4,21:12:40,21:13:10,17919.77,151.23,Possible DDoS
server_4,21:12:50,21:13:20,8528.89,119.33,Possible DDoS
server_4,21:13:00,21:13:30,8528.89,95.26,Possible DDoS
server_4,21:13:10,21:13:40,8528.89,3913.64,Network flood + Disk thrash suspected
server_4,21:13:20,21:13:50,3866.57,9691.11,Network flood + Disk thrash suspected
server_4,21:13:30,21:14:00,9951.7,9691.11,Network flood + Disk thrash suspected
server_4,21:13:40,21:14:10,9951.7,9691.11,Network flood + Disk thrash suspected
server_4,21:13:50,21:14:20,9951.7,3395.87,Possible DDoS
server_4,21:14:00,21:14:30,9358.93,3395.87,Possible DDoS
server_4,21:14:10,21:14:40,1040.14,142.92,
server_4,21:14:20,21:14:50,9452.41,140.98,Possible DDoS
server_4,21:14:30,21:15:00,14380.97,140.98,Possible DDoS
server_4,21:14:40,21:15:10,14380.97,140.98,Possible DDoS
server_4,21:14:50,21:15:20,14380.97,98.93,Possible DDoS
server_4,21:15:00,21:15:30,2269.08,1830.61,
server_4,21:15:10,21:15:40,2269.08,9279.02,Disk thrash suspected
server_4,21:15:20,21:15:50,2269.08,9279.02,Disk thrash suspected
server_4,21:15:30,21:16:00,621.3,9279.02,Disk thrash suspected
server_4,21:15:40,21:16:10,12756.85,4479.2,Network flood + Disk thrash suspected
server_4,21:15:50,21:16:20,12756.85,4479.2,Network flood + Disk thrash suspected
server_4,21:16:00,21:16:30,12756.85,3352.64,Possible DDoS
server_4,21:16:10,21:16:40,2261.08,3352.64,
server_4,21:16:20,21:16:50,2261.08,1731.27,
server_4,21:16:30,21:17:00,2261.08,1731.27,
server_4,21:16:40,21:17:10,842.84,72.61,
server_4,21:16:50,21:17:20,1020.69,131.93,
server_4,21:17:00,21:17:30,2206.57,700.38,
server_4,21:17:10,21:17:40,2206.57,700.38,
server_4,21:17:20,21:17:50,15966.03,700.38,Possible DDoS
server_4,21:17:30,21:18:00,15966.03,193.17,Possible DDoS
server_4,21:17:40,21:18:10,15966.03,170.59,Possible DDoS
server_4,21:17:50,21:18:20,13896.29,109.39,Possible DDoS
server_4,21:18:00,21:18:30,13896.29,116.03,Possible DDoS
server_4,21:18:10,21:18:40,903.72,134.8,
server_4,21:18:20,21:18:50,998.12,137.78,
server_4,21:18:30,21:19:00,998.12,137.78,
server_4,21:18:40,21:19:10,998.12,137.78,
server_4,21:18:50,21:19:20,808.0,102.74,
server_4,21:19:00,21:19:30,4244.93,978.66,Possible DDoS
server_4,21:19:10,21:19:40,4244.93,6776.51,Network flood + Disk thrash suspected
server_4,21:19:20,21:19:50,4577.17,6776.51,Network flood + Disk thrash suspected
server_4,21:19:30,21:20:00,4577.17,6776.51,Network flood + Disk thrash suspected
server_4,21:19:40,21:20:10,4577.17,780.01,Possible DDoS
server_4,21:19:50,21:20:20,968.43,209.4,
server_4,21:20:00,21:20:30,3891.71,1912.66,Possible DDoS
server_4,21:20:10,21:20:40,3891.71,1912.66,Possible DDoS
server_4,21:20:20,21:20:50,16390.11,1912.66,Possible DDoS
server_4,21:20:30,21:21:00,16390.11,8307.83,Network flood + Disk thrash suspected
server_4,21:20:40,21:21:10,16390.11,8307.83,Network flood + Disk thrash suspected
server_4,21:20:50,21:21:20,14422.39,8307.83,Network flood + Disk thrash suspected
server_4,21:21:00,21:21:30,14422.39,5996.62,Network flood + Disk thrash suspected
server_4,21:21:10,21:21:40,14422.39,5996.62,Network flood + Disk thrash suspected
server_4,21:21:20,21:21:50,14457.19,5996.62,Network flood + Disk thrash suspected
server_4,21:21:30,21:22:00,14457.19,6709.29,Network flood + Disk thrash suspected
server_4,21:21:40,21:22:10,14457.19,6709.29,Network flood + Disk thrash suspected
server_4,21:21:50,21:22:20,660.88,6709.29,Disk thrash suspected
server_4,21:22:00,21:22:30,2258.15,4725.19,Disk thrash suspected
server_4,21:22:10,21:22:40,2258.15,6482.04,Disk thrash suspected
server_4,21:22:20,21:22:50,9790.29,6482.04,Network flood + Disk thrash suspected
server_4,21:22:30,21:23:00,9790.29,6482.04,Network flood + Disk thrash suspected
server_4,21:22:40,21:23:10,9790.29,5368.41,Network flood + Disk thrash suspected
server_4,21:22:50,21:23:20,16586.2,5368.41,Network flood + Disk thrash suspected
server_4,21:23:00,21:23:30,16586.2,4137.21,Network flood + Disk thrash suspected
server_4,21:23:10,21:23:40,16586.2,4137.21,Network flood + Disk thrash suspected
server_4,21:23:20,21:23:50,4310.75,4137.21,Network flood + Disk thrash suspected
server_4,21:23:30,21:24:00,4310.75,1699.1,Possible DDoS
server_4,21:23:40,21:24:10,648.27,7498.99,Disk thrash suspected
server_4,21:23:50,21:24:20,3955.59,7498.99,Network flood + Disk thrash suspected
server_4,21:24:00,21:24:30,4037.1,7498.99,Network flood + Disk thrash suspected
server_4,21:24:10,21:24:40,4037.1,1520.47,Possible DDoS
server_4,21:24:20,21:24:50,8418.98,1115.73,Possible DDoS
server_4,21:24:30,21:25:00,9718.83,163.43,Possible DDoS
server_4,21:24:40,21:25:10,9718.83,163.43,Possible DDoS
server_4,21:24:50,21:25:20,9718.83,6116.13,Network flood + Disk thrash suspected
server_4,21:25:00,21:25:30,7637.35,6116.13,Network flood + Disk thrash suspected
server_4,21:25:10,21:25:40,7637.35,6116.13,Network flood + Disk thrash suspected
server_4,21:25:20,21:25:50,18745.83,3405.13,Possible DDoS
server_4,21:25:30,21:26:00,18745.83,3806.55,Network flood + Disk thrash suspected
server_4,21:25:40,21:26:10,18745.83,3806.55,Network flood + Disk thrash suspected
server_4,21:25:50,21:26:20,849.53,3806.55,Disk thrash suspected
server_4,21:26:00,21:26:30,15501.35,999.03,Possible DDoS
server_4,21:26:10,21:26:40,15501.35,999.03,Possible DDoS
server_4,21:26:20,21:26:50,15501.35,999.03,Possible DDoS
server_4,21:26:30,21:27:00,924.58,97.12,
server_4,21:26:40,21:27:10,939.96,138.96,
server_4,21:26:50,21:27:20,3846.26,965.44,Possible DDoS
server_4,21:27:00,21:27:30,3846.26,965.44,Possible DDoS
server_4,21:27:10,21:27:40,3846.26,965.44,Possible DDoS
server_4,21:27:20,21:27:50,774.87,6880.74,Disk thrash suspected
server_4,21:27:30,21:28:00,932.85,6880.74,Disk thrash suspected
server_4,21:27:40,21:28:10,4111.58,6880.74,Network flood + Disk thrash suspected
server_4,21:27:50,21:28:20,4111.58,6341.78,Network flood + Disk thrash suspected
server_4,21:28:00,21:28:30,4111.58,6341.78,Network flood + Disk thrash suspected
server_4,21:28:10,21:28:40,4503.4,6341.78,Network flood + Disk thrash suspected
server_4,21:28:20,21:28:50,4503.4,6203.62,Network flood + Disk thrash suspected
server_4,21:28:30,21:29:00,4503.4,9133.08,Network flood + Disk thrash suspected
server_4,21:28:40,21:29:10,1100.79,9133.08,Disk thrash suspected
server_4,21:28:50,21:29:20,1100.79,9133.08,Disk thrash suspected
server_4,21:29:00,21:29:30,3958.14,1576.47,Possible DDoS
server_4,21:29:10,21:29:40,3958.14,1576.47,Possible DDoS
server_4,21:29:20,21:29:50,3958.14,1576.47,Possible DDoS
server_4,21:29:30,21:30:00,918.23,88.41,
server_4,21:29:40,21:30:10,918.23,88.41,
server_4,21:29:50,21:30:20,867.53,134.93,
server_4,21:30:00,21:30:30,882.64,134.93,
server_4,21:30:10,21:30:40,3770.59,661.01,Possible DDoS
server_4,21:30:20,21:30:50,3770.59,661.01,Possible DDoS
server_4,21:30:30,21:31:00,4076.93,3364.34,Possible DDoS
server_4,21:30:40,21:31:10,4076.93,3364.34,Possible DDoS
server_4,21:30:50,21:31:20,8748.14,3364.34,Possible DDoS
server_4,21:31:00,21:31:30,8748.14,1597.58,Possible DDoS
server_4,21:31:10,21:31:40,8748.14,1597.58,Possible DDoS
server_4,21:31:20,21:31:50,2321.74,1597.58,
server_4,21:31:30,21:32:00,941.78,173.26,
server_4,21:31:40,21:32:10,941.78,173.26,
server_4,21:31:50,21:32:20,2238.46,1704.27,
server_4,21:32:00,21:32:30,2238.46,1704.27,
server_4,21:32:10,21:32:40,2867.7,5711.62,Disk thrash suspected
server_4,21:32:20,21:32:50,2867.7,5711.62,Disk thrash suspected
server_4,21:32:30,21:33:00,2971.19,5711.62,Disk thrash suspected
server_4,21:32:40,21:33:10,2971.19,3731.39,Disk thrash suspected
server_4,21:32:50,21:33:20,2971.19,775.62,
server_4,21:33:00,21:33:30,964.61,74.33,
server_4,21:33:10,21:33:40,964.61,132.33,
server_4,21:33:20,21:33:50,666.55,132.33,
server_4,21:33:30,21:34:00,2217.89,1818.49,
server_4,21:33:40,21:34:10,2217.89,1818.49,
server_4,21:33:50,21:34:20,2217.89,1818.49,
server_4,21:34:00,21:34:30,999.55,93.37,
server_4,21:34:10,21:34:40,7703.96,93.37,Possible DDoS
server_4,21:34:20,21:34:50,7703.96,88.61,Possible DDoS
server_4,21:34:30,21:35:00,7703.96,88.61,Possible DDoS
server_4,21:34:40,21:35:10,6040.68,1435.2,Possible DDoS
server_4,21:34:50,21:35:20,6040.68,1435.2,Possible DDoS
server_4,21:35:00,21:35:30,6040.68,1435.2,Possible DDoS
server_4,21:35:10,21:35:40,948.31,118.09,
server_4,21:35:20,21:35:50,948.31,5082.88,Disk thrash suspected
server_4,21:35:30,21:36:00,698.91,5082.88,Disk thrash suspected
server_4,21:35:40,21:36:10,2580.04,7392.02,Disk thrash suspected
server_4,21:35:50,21:36:20,2580.04,7392.02,Disk thrash suspected
server_4,21:36:00,21:36:30,2580.04,7392.02,Disk thrash suspected
server_4,21:36:10,21:36:40,13270.54,179.52,Possible DDoS
server_4,21:36:20,21:36:50,13270.54,179.52,Possible DDoS
server_4,21:36:30,21:37:00,13270.54,179.52,Possible DDoS
server_4,21:36:40,21:37:10,968.76,136.98,
server_4,21:36:50,21:37:20,968.76,136.98,
server_4,21:37:00,21:37:30,968.76,5195.07,Disk thrash suspected
server_4,21:37:10,21:37:40,926.99,5195.07,Disk thrash suspected
server_4,21:37:20,21:37:50,634.58,5195.07,Disk thrash suspected
server_4,21:37:30,21:38:00,658.9,198.89,
server_4,21:37:40,21:38:10,833.35,198.89,
server_4,21:37:50,21:38:20,834.36,89.76,
server_4,21:38:00,21:38:30,1003.84,117.23,
server_4,21:38:10,21:38:40,1003.84,146.18,
server_4,21:38:20,21:38:50,1003.84,7155.93,Disk thrash suspected
server_4,21:38:30,21:39:00,961.66,7155.93,Disk thrash suspected
server_4,21:38:40,21:39:10,15632.77,7155.93,Network flood + Disk thrash suspected
server_4,21:38:50,21:39:20,15632.77,105.86,Possible DDoS
server_4,21:39:00,21:39:30,15632.77,7959.48,Network flood + Disk thrash suspected
server_4,21:39:10,21:39:40,1266.21,7959.48,Disk thrash suspected
server_4,21:39:20,21:39:50,12998.37,7959.48,Network flood + Disk thrash suspected
server_4,21:39:30,21:40:00,12998.37,4216.37,Network flood + Disk thrash suspected
server_4,21:39:40,21:40:10,12998.37,4216.37,Network flood + Disk thrash suspected
server_4,21:39:50,21:40:20,5709.75,4216.37,Network flood + Disk thrash suspected
server_4,21:40:00,21:40:30,5834.18,539.46,Possible DDoS
server_4,21:40:10,21:40:40,11726.95,1668.59,Possible DDoS
server_4,21:40:20,21:40:50,15455.55,1668.59,Possible DDoS
server_4,21:40:30,21:41:00,15455.55,1668.59,Possible DDoS
server_4,21:40:40,21:41:10,15455.55,3015.29,Possible DDoS
server_4,21:40:50,21:41:20,4619.08,3015.29,Possible DDoS
server_4,21:41:00,21:41:30,10591.71,3015.29,Possible DDoS
server_4,21:41:10,21:41:40,10591.71,3411.85,Possible DDoS
server_4,21:41:20,21:41:50,10591.71,3411.85,Possible DDoS
server_4,21:41:30,21:42:00,2553.01,4620.71,Disk thrash suspected
server_4,21:41:40,21:42:10,2553.01,4620.71,Disk thrash suspected
server_4,21:41:50,21:42:20,750.68,4620.71,Disk thrash suspected
server_4,21:42:00,21:42:30,16252.4,3926.19,Network flood + Disk thrash suspected
server_4,21:42:10,21:42:40,17862.08,3926.19,Network flood + Disk thrash suspected
server_4,21:42:20,21:42:50,17862.08,3926.19,Network flood + Disk thrash suspected
server_4,21:42:30,21:43:00,17862.08,1763.1,Possible DDoS
server_4,21:42:40,21:43:10,11266.8,8481.7,Network flood + Disk thrash suspected
server_4,21:42:50,21:43:20,11266.8,8481.7,Network flood + Disk thrash suspected
server_4,21:43:00,21:43:30,11266.8,8481.7,Network flood + Disk thrash suspected
server_4,21:43:10,21:43:40,3010.81,1135.14,
server_4,21:43:20,21:43:50,3010.81,1135.14,
server_4,21:43:30,21:44:00,3360.47,1135.14,
server_4,21:43:40,21:44:10,3360.47,852.2,
server_4,21:43:50,21:44:20,3360.47,852.2,
server_4,21:44:00,21:44:30,18319.23,146.29,Possible DDoS
server_4,21:44:10,21:44:40,18319.23,146.29,Possible DDoS
server_4,21:44:20,21:44:50,18319.23,165.44,Possible DDoS
server_4,21:44:30,21:45:00,3278.94,1877.39,
server_4,21:44:40,21:45:10,3278.94,1877.39,
server_4,21:44:50,21:45:20,3278.94,1877.39,
server_4,21:45:00,21:45:30,2347.43,1727.15,
server_4,21:45:10,21:45:40,2347.43,1727.15,
server_4,21:45:20,21:45:50,2237.5,1490.58,
server_4,21:45:30,21:46:00,2237.5,1490.58,
server_4,21:45:40,21:46:10,2237.5,1490.58,
server_4,21:45:50,21:46:20,2211.16,972.17,
server_4,21:46:00,21:46:30,2211.16,772.17,
server_4,21:46:10,21:46:40,16071.35,772.17,Possible DDoS
server_4,21:46:20,21:46:50,16071.35,182.34,Possible DDoS
server_4,21:46:30,21:47:00,16071.35,182.34,Possible DDoS
server_4,21:46:40,21:47:10,10319.64,163.0,Possible DDoS
server_4,21:46:50,21:47:20,9037.26,163.0,Possible DDoS
server_4,21:47:00,21:47:30,11927.42,163.0,Possible DDoS
server_4,21:47:10,21:47:40,11927.42,96.79,Possible DDoS
server_4,21:47:20,21:47:50,16294.44,952.43,Possible DDoS
server_4,21:47:30,21:48:00,16294.44,952.43,Possible DDoS
server_4,21:47:40,21:48:10,16294.44,952.43,Possible DDoS
server_4,21:47:50,21:48:20,872.75,7850.28,Disk thrash suspected
server_4,21:48:00,21:48:30,1005.32,7850.28,Disk thrash suspected
server_4,21:48:10,21:48:40,1005.32,7850.28,Disk thrash suspected
server_4,21:48:20,21:48:50,1025.24,3428.53,
server_4,21:48:30,21:49:00,1025.24,3428.53,
server_4,21:48:40,21:49:10,3597.0,1115.35,Possible DDoS
server_4,21:48:50,21:49:20,3597.0,3187.29,Possible DDoS
server_4,21:49:00,21:49:30,7298.83,9872.7,Network flood + Disk thrash suspected
server_4,21:49:10,21:49:40,7298.83,9872.7,Network flood + Disk thrash suspected
server_4,21:49:20,21:49:50,8633.22,9872.7,Network flood + Disk thrash suspected
server_4,21:49:30,21:50:00,8633.22,7625.4,Network flood + Disk thrash suspected
server_4,21:49:40,21:50:10,8633.22,7625.4,Network flood + Disk thrash suspected
server_4,21:49:50,21:50:20,982.48,5553.21,Disk thrash suspected
server_4,21:50:00,21:50:30,982.48,5553.21,Disk thrash suspected
server_4,21:50:10,21:50:40,17753.75,5553.21,Network flood + Disk thrash suspected
server_4,21:50:20,21:50:50,19689.8,9848.6,Network flood + Disk thrash suspected
server_4,21:50:30,21:51:00,19689.8,9848.6,Network flood + Disk thrash suspected
server_4,21:50:40,21:51:10,19689.8,9848.6,Network flood + Disk thrash suspected
server_4,21:50:50,21:51:20,11582.58,167.07,Possible DDoS
server_4,21:51:00,21:51:30,11582.58,167.07,Possible DDoS
server_4,21:51:10,21:51:40,966.73,80.3,
server_4,21:51:20,21:51:50,966.73,7111.77,Disk thrash suspected
server_4,21:51:30,21:52:00,966.73,8558.93,Disk thrash suspected
server_4,21:51:40,21:52:10,983.69,8558.93,Disk thrash suspected
server_4,21:51:50,21:52:20,2301.24,8558.93,Disk thrash suspected
server_4,21:52:00,21:52:30,7532.61,1937.78,Possible DDoS
server_4,21:52:10,21:52:40,7532.61,1937.78,Possible DDoS
server_4,21:52:20,21:52:50,7532.61,1658.36,Possible DDoS
server_4,21:52:30,21:53:00,9541.71,112.14,Possible DDoS
server_4,21:52:40,21:53:10,9541.71,9105.22,Network flood + Disk thrash suspected
server_4,21:52:50,21:53:20,9541.71,9105.22,Network flood + Disk thrash suspected
server_4,21:53:00,21:53:30,2242.07,9105.22,Disk thrash suspected
server_4,21:53:10,21:53:40,8511.08,1503.46,Possible DDoS
server_4,21:53:20,21:53:50,10069.1,157.13,Possible DDoS
server_4,21:53:30,21:54:00,10069.1,157.13,Possible DDoS
server_4,21:53:40,21:54:10,10069.1,657.22,Possible DDoS
server_4,21:53:50,21:54:20,15518.46,657.22,Possible DDoS
server_4,21:54:00,21:54:30,16984.62,1355.78,Possible DDoS
server_4,21:54:10,21:54:40,16984.62,1355.78,Possible DDoS
server_4,21:54:20,21:54:50,16984.62,1355.78,Possible DDoS
server_4,21:54:30,21:55:00,6086.77,133.76,Possible DDoS
server_4,21:54:40,21:55:10,6086.77,133.76,Possible DDoS
server_4,21:54:50,21:55:20,962.06,133.76,
server_4,21:55:00,21:55:30,953.89,104.3,
server_4,21:55:10,21:55:40,570.73,104.24,
server_4,21:55:20,21:55:50,570.73,130.69,
server_4,21:55:30,21:56:00,570.73,9711.21,Disk thrash suspected
server_4,21:55:40,21:56:10,903.12,9711.21,Disk thrash suspected
server_4,21:55:50,21:56:20,903.12,9711.21,Disk thrash suspected
server_4,21:56:00,21:56:30,4728.25,1490.67,Possible DDoS
server_4,21:56:10,21:56:40,4728.25,1490.67,Possible DDoS
server_4,21:56:20,21:56:50,4728.25,1490.67,Possible DDoS
server_4,21:56:30,21:57:00,2003.89,1006.53,
server_4,21:56:40,21:57:10,2003.89,1006.53,
server_4,21:56:50,21:57:20,4318.41,1734.95,Possible DDoS
server_4,21:57:00,21:57:30,4318.41,1734.95,Possible DDoS
server_4,21:57:10,21:57:40,4318.41,1734.95,Possible DDoS
server_4,21:57:20,21:57:50,7087.23,186.35,Possible DDoS
server_4,21:57:30,21:58:00,7087.23,645.67,Possible DDoS
server_4,21:57:40,21:58:10,7087.23,6380.25,Network flood + Disk thrash suspected
server_4,21:57:50,21:58:20,1644.13,6380.25,Disk thrash suspected
server_4,21:58:00,21:58:30,863.64,6380.25,Disk thrash suspected
server_4,21:58:10,21:58:40,863.64,56.41,
server_4,21:58:20,21:58:50,19869.75,77.56,Possible DDoS
server_4,21:58:30,21:59:00,19869.75,8829.52,Network flood + Disk thrash suspected
server_4,21:58:40,21:59:10,19869.75,8829.52,Network flood + Disk thrash suspected
server_4,21:58:50,21:59:20,841.76,8829.52,Disk thrash suspected
server_4,21:59:00,21:59:30,1030.77,5894.72,Disk thrash suspected
server_4,21:59:10,21:59:40,1030.77,3397.98,
server_4,21:59:20,21:59:50,1030.77,9347.88,Disk thrash suspected
server_4,21:59:30,22:00:00,881.93,9347.88,Disk thrash suspected
server_4,21:59:40,22:00:10,601.66,9347.88,Disk thrash suspected
server_4,21:59:50,22:00:20,601.66,8321.85,Disk thrash suspected
server_4,22:00:00,22:00:30,1020.45,3194.53,
server_4,22:00:10,22:00:40,1020.45,115.22,
server_4,22:00:20,22:00:50,3150.2,797.03,
server_4,22:00:30,22:01:00,3150.2,979.95,
server_4,22:00:40,22:01:10,12496.44,979.95,Possible DDoS
server_4,22:00:50,22:01:20,12496.44,1904.02,Possible DDoS
server_4,22:01:00,22:01:30,12496.44,1904.02,Possible DDoS
server_4,22:01:10,22:01:40,4854.33,1904.02,Possible DDoS
server_4,22:01:20,22:01:50,4854.33,885.47,Possible DDoS
server_4,22:01:30,22:02:00,2515.14,1552.18,
server_4,22:01:40,22:02:10,2515.14,1552.18,
server_4,22:01:50,22:02:20,2515.14,1552.18,
server_4,22:02:00,22:02:30,12196.59,89.56,Possible DDoS
server_4,22:02:10,22:02:40,12196.59,89.56,Possible DDoS
server_4,22:02:20,22:02:50,12196.59,1490.15,Possible DDoS
server_4,22:02:30,22:03:00,4258.57,1490.15,Possible DDoS
server_4,22:02:40,22:03:10,4258.57,1490.15,Possible DDoS
server_4,22:02:50,22:03:20,981.11,118.98,
server_4,22:03:00,22:03:30,16171.05,118.98,Possible DDoS
server_4,22:03:10,22:03:40,16171.05,694.51,Possible DDoS
server_4,22:03:20,22:03:50,16171.05,694.51,Possible DDoS
server_4,22:03:30,22:04:00,1593.1,694.51,
server_4,22:03:40,22:04:10,1023.94,116.53,
server_4,22:03:50,22:04:20,4729.52,1653.21,Possible DDoS
server_4,22:04:00,22:04:30,4729.52,1653.21,Possible DDoS
server_4,22:04:10,22:04:40,4729.52,1653.21,Possible DDoS
server_4,22:04:20,22:04:50,1583.45,1605.87,
server_4,22:04:30,22:05:00,9445.68,1605.87,Possible DDoS
server_4,22:04:40,22:05:10,9445.68,1155.98,Possible DDoS
server_4,22:04:50,22:05:20,9445.68,1155.98,Possible DDoS
server_4,22:05:00,22:05:30,2072.29,1155.98,
server_4,22:05:10,22:05:40,854.55,9168.67,Disk thrash suspected
server_4,22:05:20,22:05:50,15010.17,9168.67,Network flood + Disk thrash suspected
server_4,22:05:30,22:06:00,15010.17,9168.67,Network flood + Disk thrash suspected
server_4,22:05:40,22:06:10,15010.17,133.48,Possible DDoS
server_4,22:05:50,22:06:20,12592.06,5218.73,Network flood + Disk thrash suspected
server_4,22:06:00,22:06:30,14046.52,5218.73,Network flood + Disk thrash suspected
server_4,22:06:10,22:06:40,14046.52,9076.98,Network flood + Disk thrash suspected
server_4,22:06:20,22:06:50,14046.52,9076.98,Network flood + Disk thrash suspected
server_4,22:06:30,22:07:00,8390.6,9076.98,Network flood + Disk thrash suspected
server_4,22:06:40,22:07:10,4798.35,697.07,Possible DDoS
server_4,22:06:50,22:07:20,4798.35,1351.46,Possible DDoS
server_4,22:07:00,22:07:30,12106.57,1351.46,Possible DDoS
server_4,22:07:10,22:07:40,12106.57,1351.46,Possible DDoS
server_4,22:07:20,22:07:50,12106.57,5480.02,Network flood + Disk thrash suspected
server_4,22:07:30,22:08:00,2000.69,5480.02,Disk thrash suspected
server_4,22:07:40,22:08:10,16144.1,5480.02,Network flood + Disk thrash suspected
server_4,22:07:50,22:08:20,17954.83,4094.46,Network flood + Disk thrash suspected
server_4,22:08:00,22:08:30,17954.83,4094.46,Network flood + Disk thrash suspected
server_4,22:08:10,22:08:40,17954.83,7165.43,Network flood + Disk thrash suspected
server_4,22:08:20,22:08:50,13794.78,7165.43,Network flood + Disk thrash suspected
server_4,22:08:30,22:09:00,13794.78,7430.02,Network flood + Disk thrash suspected
server_4,22:08:40,22:09:10,958.07,7430.02,Disk thrash suspected
server_4,22:08:50,22:09:20,11936.29,7430.02,Network flood + Disk thrash suspected
server_4,22:09:00,22:09:30,18186.18,116.42,Possible DDoS
server_4,22:09:10,22:09:40,18186.18,98.81,Possible DDoS
server_4,22:09:20,22:09:50,18186.18,83.52,Possible DDoS
server_4,22:09:30,22:10:00,10162.47,4898.24,Network flood + Disk thrash suspected
server_4,22:09:40,22:10:10,10162.47,4898.24,Network flood + Disk thrash suspected
server_4,22:09:50,22:10:20,4587.28,4898.24,Network flood + Disk thrash suspected
server_4,22:10:00,22:10:30,4587.28,4113.52,Network flood + Disk thrash suspected
server_4,22:10:10,22:10:40,4587.28,4113.52,Network flood + Disk thrash suspected
server_4,22:10:20,22:10:50,904.94,8925.21,Disk thrash suspected
server_4,22:10:30,22:11:00,904.94,8925.21,Disk thrash suspected
server_4,22:10:40,22:11:10,865.96,8925.21,Disk thrash suspected
server_4,22:10:50,22:11:20,865.96,6655.98,Disk thrash suspected
server_4,22:11:00,22:11:30,865.96,6655.98,Disk thrash suspected
server_4,22:11:10,22:11:40,864.46,151.74,
server_4,22:11:20,22:11:50,846.17,151.74,
server_4,22:11:30,22:12:00,4004.08,715.93,Possible DDoS
server_4,22:11:40,22:12:10,4004.08,715.93,Possible DDoS
server_4,22:11:50,22:12:20,4004.08,715.93,Possible DDoS
server_4,22:12:00,22:12:30,1010.99,151.73,
server_4,22:12:10,22:12:40,1010.99,151.73,
server_4,22:12:20,22:12:50,889.36,97.89,
server_4,22:12:30,22:13:00,987.88,137.13,
server_4,22:12:40,22:13:10,4004.66,795.92,Possible DDoS
server_4,22:12:50,22:13:20,4004.66,795.92,Possible DDoS
server_4,22:13:00,22:13:30,4004.66,795.92,Possible DDoS
server_4,22:13:10,22:13:40,15039.03,622.16,Possible DDoS
server_4,22:13:20,22:13:50,15039.03,932.07,Possible DDoS
server_4,22:13:30,22:14:00,15039.03,932.07,Possible DDoS
server_4,22:13:40,22:14:10,6762.88,932.07,Possible DDoS
server_4,22:13:50,22:14:20,6762.88,192.62,Possible DDoS
server_4,22:14:00,22:14:30,6762.88,192.62,Possible DDoS
server_4,22:14:10,22:14:40,678.32,192.62,
server_4,22:14:20,22:14:50,19487.58,126.67,Possible DDoS
server_4,22:14:30,22:15:00,19487.58,3882.71,Network flood + Disk thrash suspected
server_4,22:14:40,22:15:10,19487.58,3882.71,Network flood + Disk thrash suspected
server_4,22:14:50,22:15:20,983.7,3882.71,Disk thrash suspected
server_4,22:15:00,22:15:30,983.7,5526.64,Disk thrash suspected
server_4,22:15:10,22:15:40,909.32,6393.46,Disk thrash suspected
server_4,22:15:20,22:15:50,421.73,6393.46,Disk thrash suspected
server_4,22:15:30,22:16:00,889.61,6393.46,Disk thrash suspected
server_4,22:15:40,22:16:10,889.61,9569.9,Disk thrash suspected
server_4,22:15:50,22:16:20,889.61,9569.9,Disk thrash suspected
server_4,22:16:00,22:16:30,862.85,9569.9,Disk thrash suspected
server_4,22:16:10,22:16:40,8215.38,149.4,Possible DDoS
server_4,22:16:20,22:16:50,8215.38,149.4,Possible DDoS
server_4,22:16:30,22:17:00,8215.38,6728.38,Network flood + Disk thrash suspected
server_4,22:16:40,22:17:10,641.97,6728.38,Disk thrash suspected
server_4,22:16:50,22:17:20,734.08,6728.38,Disk thrash suspected
server_4,22:17:00,22:17:30,18451.47,1697.21,Possible DDoS
server_4,22:17:10,22:17:40,18451.47,1697.21,Possible DDoS
server_4,22:17:20,22:17:50,18451.47,1697.21,Possible DDoS
server_4,22:17:30,22:18:00,17037.02,151.19,Possible DDoS
server_4,22:17:40,22:18:10,17037.02,151.19,Possible DDoS
server_4,22:17:50,22:18:20,17037.02,146.87,Possible DDoS
server_4,22:18:00,22:18:30,883.61,146.87,
server_4,22:18:10,22:18:40,883.61,9865.96,Disk thrash suspected
server_4,22:18:20,22:18:50,10638.75,9865.96,Network flood + Disk thrash suspected
server_4,22:18:30,22:19:00,10638.75,9865.96,Network flood + Disk thrash suspected
server_4,22:18:40,22:19:10,10638.75,1416.6,Possible DDoS
server_4,22:18:50,22:19:20,4463.4,8812.61,Network flood + Disk thrash suspected
server_4,22:19:00,22:19:30,3253.22,8812.61,Disk thrash suspected
server_4,22:19:10,22:19:40,4233.29,8812.61,Network flood + Disk thrash suspected
server_4,22:19:20,22:19:50,17635.24,1256.67,Possible DDoS
server_4,22:19:30,22:20:00,17635.24,7341.03,Network flood + Disk thrash suspected
server_4,22:19:40,22:20:10,17635.24,7341.03,Network flood + Disk thrash suspected
server_4,22:19:50,22:20:20,930.05,7341.03,Disk thrash suspected
server_4,22:20:00,22:20:30,930.05,8645.59,Disk thrash suspected
server_4,22:20:10,22:20:40,1003.52,8645.59,Disk thrash suspected
server_4,22:20:20,22:20:50,1366.01,8645.59,Disk thrash suspected
server_4,22:20:30,22:21:00,1366.01,1931.59,
server_4,22:20:40,22:21:10,1366.01,1931.59,
server_4,22:20:50,22:21:20,11417.84,176.94,Possible DDoS
server_4,22:21:00,22:21:30,11417.84,197.05,Possible DDoS
server_4,22:21:10,22:21:40,11417.84,197.05,Possible DDoS
server_4,22:21:20,22:21:50,8176.37,1878.19,Possible DDoS
server_4,22:21:30,22:22:00,4994.89,1878.19,Possible DDoS
server_4,22:21:40,22:22:10,12501.89,1878.19,Possible DDoS
server_4,22:21:50,22:22:20,12501.89,1552.45,Possible DDoS
server_4,22:22:00,22:22:30,12501.89,758.74,Possible DDoS
server_4,22:22:10,22:22:40,1312.96,9090.98,Disk thrash suspected
server_4,22:22:20,22:22:50,978.45,9090.98,Disk thrash suspected
server_4,22:22:30,22:23:00,18128.65,9090.98,Network flood + Disk thrash suspected
server_4,22:22:40,22:23:10,18128.65,185.42,Possible DDoS
server_4,22:22:50,22:23:20,18128.65,185.42,Possible DDoS
server_4,22:23:00,22:23:30,10762.81,144.58,Possible DDoS
server_4,22:23:10,22:23:40,10762.81,144.58,Possible DDoS
server_4,22:23:20,22:23:50,10762.81,144.58,Possible DDoS
server_4,22:23:30,22:24:00,458.62,9126.05,Disk thrash suspected
server_4,22:23:40,22:24:10,2885.35,9126.05,Disk thrash suspected
server_4,22:23:50,22:24:20,2885.35,9126.05,Disk thrash suspected
server_4,22:24:00,22:24:30,2885.35,8276.62,Disk thrash suspected
server_4,22:24:10,22:24:40,3317.4,8276.62,Disk thrash suspected
server_4,22:24:20,22:24:50,3317.4,745.97,
server_4,22:24:30,22:25:00,3317.4,745.97,
server_4,22:24:40,22:25:10,4253.92,1103.26,Possible DDoS
server_4,22:24:50,22:25:20,4253.92,5291.61,Network flood + Disk thrash suspected
server_4,22:25:00,22:25:30,4253.92,5291.61,Network flood + Disk thrash suspected
server_4,22:25:10,22:25:40,4901.4,5291.61,Network flood + Disk thrash suspected
server_4,22:25:20,22:25:50,4901.4,1750.13,Possible DDoS
server_4,22:25:30,22:26:00,4901.4,9493.51,Network flood + Disk thrash suspected
server_4,22:25:40,22:26:10,894.72,9493.51,Disk thrash suspected
server_4,22:25:50,22:26:20,17518.23,9493.51,Network flood + Disk thrash suspected
server_4,22:26:00,22:26:30,17518.23,8862.09,Network flood + Disk thrash suspected
server_4,22:26:10,22:26:40,17518.23,154.38,Possible DDoS
server_4,22:26:20,22:26:50,14723.73,176.5,Possible DDoS
server_4,22:26:30,22:27:00,12660.13,176.5,Possible DDoS
server_4,22:26:40,22:27:10,12660.13,9365.39,Network flood + Disk thrash suspected
server_4,22:26:50,22:27:20,912.26,9365.39,Disk thrash suspected
server_4,22:27:00,22:27:30,3978.95,9365.39,Network flood + Disk thrash suspected
server_4,22:27:10,22:27:40,19913.17,1263.34,Possible DDoS
server_4,22:27:20,22:27:50,19913.17,8933.29,Network flood + Disk thrash suspected
server_4,22:27:30,22:28:00,19913.17,8933.29,Network flood + Disk thrash suspected
server_4,22:27:40,22:28:10,15812.1,8933.29,Network flood + Disk thrash suspected
server_4,22:27:50,22:28:20,15812.1,79.31,Possible DDoS
server_4,22:28:00,22:28:30,975.34,9931.29,Disk thrash suspected
server_4,22:28:10,22:28:40,975.34,9931.29,Disk thrash suspected
server_4,22:28:20,22:28:50,956.19,9931.29,Disk thrash suspected
server_4,22:28:30,22:29:00,956.19,147.03,
server_4,22:28:40,22:29:10,956.19,147.03,
server_4,22:28:50,22:29:20,1981.04,1097.14,
server_4,22:29:00,22:29:30,1981.04,7637.68,Disk thrash suspected
server_4,22:29:10,22:29:40,12106.64,7637.68,Network flood + Disk thrash suspected
server_4,22:29:20,22:29:50,12106.64,7637.68,Network flood + Disk thrash suspected
server_4,22:29:30,22:30:00,17604.5,151.93,Possible DDoS
server_4,22:29:40,22:30:10,17604.5,141.44,Possible DDoS
server_4,22:29:50,22:30:20,17604.5,141.44,Possible DDoS
server_4,22:30:00,22:30:30,17511.17,141.44,Possible DDoS
server_4,22:30:10,22:30:40,17511.17,134.65,Possible DDoS
server_4,22:30:20,22:30:50,17511.17,157.6,Possible DDoS
server_4,22:30:30,22:31:00,917.38,157.6,
server_4,22:30:40,22:31:10,1418.54,1570.0,
server_4,22:30:50,22:31:20,1418.54,1570.0,
server_4,22:31:00,22:31:30,1418.54,1570.0,
server_4,22:31:10,22:31:40,3504.01,1626.29,
server_4,22:31:20,22:31:50,3504.01,1626.29,
server_4,22:31:30,22:32:00,16827.97,1626.29,Possible DDoS
server_4,22:31:40,22:32:10,16827.97,97.14,Possible DDoS
server_4,22:31:50,22:32:20,16827.97,91.51,Possible DDoS
server_4,22:32:00,22:32:30,18760.5,151.19,Possible DDoS
server_4,22:32:10,22:32:40,18760.5,179.61,Possible DDoS
server_4,22:32:20,22:32:50,18760.5,179.61,Possible DDoS
server_4,22:32:30,22:33:00,911.29,9900.52,Disk thrash suspected
server_4,22:32:40,22:33:10,669.51,9900.52,Disk thrash suspected
server_4,22:32:50,22:33:20,570.42,9900.52,Disk thrash suspected
server_4,22:33:00,22:33:30,570.42,114.41,
server_4,22:33:10,22:33:40,725.93,188.88,
server_4,22:33:20,22:33:50,9330.25,8506.78,Network flood + Disk thrash suspected
server_4,22:33:30,22:34:00,9330.25,8506.78,Network flood + Disk thrash suspected
server_4,22:33:40,22:34:10,9330.25,8506.78,Network flood + Disk thrash suspected
server_4,22:33:50,22:34:20,10513.46,192.49,Possible DDoS
server_4,22:34:00,22:34:30,10513.46,995.07,Possible DDoS
server_4,22:34:10,22:34:40,10513.46,995.07,Possible DDoS
server_4,22:34:20,22:34:50,10446.85,995.07,Possible DDoS
server_4,22:34:30,22:35:00,10446.85,164.37,Possible DDoS
server_4,22:34:40,22:35:10,10446.85,164.37,Possible DDoS
server_4,22:34:50,22:35:20,952.0,99.04,
server_4,22:35:00,22:35:30,952.0,106.41,
server_4,22:35:10,22:35:40,877.25,138.85,
server_4,22:35:20,22:35:50,877.25,3730.41,Disk thrash suspected
server_4,22:35:30,22:36:00,662.71,3730.41,Disk thrash suspected
server_4,22:35:40,22:36:10,945.78,3730.41,Disk thrash suspected
server_4,22:35:50,22:36:20,17347.44,9461.63,Network flood + Disk thrash suspected
server_4,22:36:00,22:36:30,17347.44,9461.63,Network flood + Disk thrash suspected
server_4,22:36:10,22:36:40,17347.44,9461.63,Network flood + Disk thrash suspected
server_4,22:36:20,22:36:50,555.94,7615.26,Disk thrash suspected
server_4,22:36:30,22:37:00,16017.02,88.38,Possible DDoS
server_4,22:36:40,22:37:10,16017.02,139.39,Possible DDoS
server_4,22:36:50,22:37:20,16017.02,9757.87,Network flood + Disk thrash suspected
server_4,22:37:00,22:37:30,969.98,9757.87,Disk thrash suspected
server_4,22:37:10,22:37:40,969.98,9757.87,Disk thrash suspected
server_4,22:37:20,22:37:50,943.75,158.09,
server_4,22:37:30,22:38:00,943.75,158.09,
server_4,22:37:40,22:38:10,705.14,87.12,
server_4,22:37:50,22:38:20,7220.67,170.71,Possible DDoS
server_4,22:38:00,22:38:30,7220.67,5486.83,Network flood + Disk thrash suspected
server_4,22:38:10,22:38:40,7220.67,5486.83,Network flood + Disk thrash suspected
server_4,22:38:20,22:38:50,612.56,8368.52,Disk thrash suspected
server_4,22:38:30,22:39:00,952.38,8368.52,Disk thrash suspected
server_4,22:38:40,22:39:10,952.38,8368.52,Disk thrash suspected
server_4,22:38:50,22:39:20,4387.37,1376.49,Possible DDoS
server_4,22:39:00,22:39:30,10563.9,1376.49,Possible DDoS
server_4,22:39:10,22:39:40,10563.9,1376.49,Possible DDoS
server_4,22:39:20,22:39:50,10563.9,9667.68,Network flood + Disk thrash suspected
server_4,22:39:30,22:40:00,5357.65,9667.68,Network flood + Disk thrash suspected
server_4,22:39:40,22:40:10,5357.65,9667.68,Network flood + Disk thrash suspected
server_4,22:39:50,22:40:20,3204.01,1777.08,
server_4,22:40:00,22:40:30,12965.99,832.98,Possible DDoS
server_4,22:40:10,22:40:40,12965.99,63.91,Possible DDoS
server_4,22:40:20,22:40:50,12965.99,135.04,Possible DDoS
server_4,22:40:30,22:41:00,7047.41,135.04,Possible DDoS
server_4,22:40:40,22:41:10,7047.41,1658.24,Possible DDoS
server_4,22:40:50,22:41:20,1949.03,1658.24,
server_4,22:41:00,22:41:30,1949.03,6229.37,Disk thrash suspected
server_4,22:41:10,22:41:40,19350.05,6229.37,Network flood + Disk thrash suspected
server_4,22:41:20,22:41:50,19350.05,6229.37,Network flood + Disk thrash suspected
server_4,22:41:30,22:42:00,19350.05,4771.48,Network flood + Disk thrash suspected
server_4,22:41:40,22:42:10,10034.12,9869.69,Network flood + Disk thrash suspected
server_4,22:41:50,22:42:20,10034.12,9869.69,Network flood + Disk thrash suspected
server_4,22:42:00,22:42:30,453.15,9869.69,Disk thrash suspected
server_4,22:42:10,22:42:40,4761.68,1385.01,Possible DDoS
server_4,22:42:20,22:42:50,11749.28,6700.11,Network flood + Disk thrash suspected
server_4,22:42:30,22:43:00,11749.28,6700.11,Network flood + Disk thrash suspected
server_4,22:42:40,22:43:10,11749.28,6700.11,Network flood + Disk thrash suspected
server_4,22:42:50,22:43:20,4997.81,7755.15,Network flood + Disk thrash suspected
server_4,22:43:00,22:43:30,4997.81,7755.15,Network flood + Disk thrash suspected
server_4,22:43:10,22:43:40,4997.81,7755.15,Network flood + Disk thrash suspected
server_4,22:43:20,22:43:50,568.89,5190.42,Disk thrash suspected
server_4,22:43:30,22:44:00,11885.1,195.59,Possible DDoS
server_4,22:43:40,22:44:10,11885.1,195.59,Possible DDoS
server_4,22:43:50,22:44:20,11885.1,1483.38,Possible DDoS
server_4,22:44:00,22:44:30,4377.54,1664.55,Possible DDoS
server_4,22:44:10,22:44:40,4718.11,1664.55,Possible DDoS
server_4,22:44:20,22:44:50,4718.11,1753.92,Possible DDoS
server_4,22:44:30,22:45:00,4718.11,1753.92,Possible DDoS
server_4,22:44:40,22:45:10,3004.14,1753.92,
server_4,22:44:50,22:45:20,1135.44,8894.86,Disk thrash suspected
server_4,22:45:00,22:45:30,18890.68,8894.86,Network flood + Disk thrash suspected
server_4,22:45:10,22:45:40,18890.68,8894.86,Network flood + Disk thrash suspected
server_4,22:45:20,22:45:50,18890.68,8347.34,Network flood + Disk thrash suspected
server_4,22:45:30,22:46:00,10310.33,8347.34,Network flood + Disk thrash suspected
server_4,22:45:40,22:46:10,1033.97,8347.34,Disk thrash suspected
server_4,22:45:50,22:46:20,1033.97,8313.25,Disk thrash suspected
server_4,22:46:00,22:46:30,4789.99,8313.25,Network flood + Disk thrash suspected
server_4,22:46:10,22:46:40,4789.99,8313.25,Network flood + Disk thrash suspected
server_4,22:46:20,22:46:50,4789.99,1951.45,Possible DDoS
server_4,22:46:30,22:47:00,954.72,85.46,
server_4,22:46:40,22:47:10,954.72,85.46,
server_4,22:46:50,22:47:20,16857.45,132.77,Possible DDoS
server_4,22:47:00,22:47:30,16857.45,1940.39,Possible DDoS
server_4,22:47:10,22:47:40,16857.45,1940.39,Possible DDoS
server_4,22:47:20,22:47:50,16754.73,1940.39,Possible DDoS
server_4,22:47:30,22:48:00,16754.73,138.92,Possible DDoS
server_4,22:47:40,22:48:10,16754.73,3284.02,Possible DDoS
server_4,22:47:50,22:48:20,2641.5,7380.87,Disk thrash suspected
server_4,22:48:00,22:48:30,2641.5,7380.87,Disk thrash suspected
server_4,22:48:10,22:48:40,2641.5,7380.87,Disk thrash suspected
server_4,22:48:20,22:48:50,14273.83,171.03,Possible DDoS
server_4,22:48:30,22:49:00,18379.11,171.03,Possible DDoS
server_4,22:48:40,22:49:10,18379.11,171.03,Possible DDoS
server_4,22:48:50,22:49:20,18379.11,4133.4,Network flood + Disk thrash suspected
server_4,22:49:00,22:49:30,6231.94,4341.77,Network flood + Disk thrash suspected
server_4,22:49:10,22:49:40,881.38,7880.9,Disk thrash suspected
server_4,22:49:20,22:49:50,881.38,7880.9,Disk thrash suspected
server_4,22:49:30,22:50:00,744.63,7880.9,Disk thrash suspected
server_4,22:49:40,22:50:10,800.67,60.92,
server_4,22:49:50,22:50:20,1183.28,1315.73,
server_4,22:50:00,22:50:30,1183.28,5669.75,Disk thrash suspected
server_4,22:50:10,22:50:40,1183.28,5669.75,Disk thrash suspected
server_4,22:50:20,22:50:50,989.03,5669.75,Disk thrash suspected
server_4,22:50:30,22:51:00,989.03,4312.61,Disk thrash suspected
server_4,22:50:40,22:51:10,897.29,3144.52,
server_4,22:50:50,22:51:20,897.29,4708.65,Disk thrash suspected
server_4,22:51:00,22:51:30,897.29,4708.65,Disk thrash suspected
server_4,22:51:10,22:51:40,683.35,8865.4,Disk thrash suspected
server_4,22:51:20,22:51:50,15546.64,8865.4,Network flood + Disk thrash suspected
server_4,22:51:30,22:52:00,15546.64,8865.4,Network flood + Disk thrash suspected
server_4,22:51:40,22:52:10,15546.64,71.59,Possible DDoS
server_4,22:51:50,22:52:20,12793.96,71.59,Possible DDoS
server_4,22:52:00,22:52:30,3021.98,1898.5,
server_4,22:52:10,22:52:40,5046.06,1898.5,Possible DDoS
server_4,22:52:20,22:52:50,5046.06,1898.5,Possible DDoS
server_4,22:52:30,22:53:00,5046.06,187.16,Possible DDoS
server_4,22:52:40,22:53:10,887.22,130.58,
server_4,22:52:50,22:53:20,519.85,130.58,
server_5,20:53:00,20:53:30,989.4,214.11,
server_5,20:53:10,20:53:40,989.4,214.11,
server_5,20:53:20,20:53:50,13715.01,183.29,Possible DDoS
server_5,20:53:30,20:54:00,13715.01,159.67,Possible DDoS
server_5,20:53:40,20:54:10,13715.01,159.67,Possible DDoS
server_5,20:53:50,20:54:20,975.55,107.69,
server_5,20:54:00,20:54:30,12289.44,92.74,Possible DDoS
server_5,20:54:10,20:54:40,12289.44,103.44,Possible DDoS
server_5,20:54:20,20:54:50,12289.44,149.8,Possible DDoS
server_5,20:54:30,20:55:00,1024.38,149.8,
server_5,20:54:40,20:55:10,17300.16,149.8,Possible DDoS
server_5,20:54:50,20:55:20,17300.16,1968.35,Possible DDoS
server_5,20:55:00,20:55:30,19845.25,1968.35,Possible DDoS
server_5,20:55:10,20:55:40,19845.25,1968.35,Possible DDoS
server_5,20:55:20,20:55:50,19845.25,116.11,Possible DDoS
server_5,20:55:30,20:56:00,4349.42,1778.74,Possible DDoS
server_5,20:55:40,20:56:10,4349.42,1778.74,Possible DDoS
server_5,20:55:50,20:56:20,4349.42,1778.74,Possible DDoS
server_5,20:56:00,20:56:30,935.25,109.49,
server_5,20:56:10,20:56:40,15640.76,138.0,Possible DDoS
server_5,20:56:20,20:56:50,15640.76,138.0,Possible DDoS
server_5,20:56:30,20:57:00,15640.76,138.0,Possible DDoS
server_5,20:56:40,20:57:10,7780.62,1043.8,Possible DDoS
server_5,20:56:50,20:57:20,1935.86,1043.8,
server_5,20:57:00,20:57:30,1935.86,1043.8,
server_5,20:57:10,20:57:40,958.84,154.33,
server_5,20:57:20,20:57:50,3140.15,7088.95,Disk thrash suspected
server_5,20:57:30,20:58:00,3140.15,7088.95,Disk thrash suspected
server_5,20:57:40,20:58:10,3140.15,7088.95,Disk thrash suspected
server_5,20:57:50,20:58:20,1039.59,134.53,
server_5,20:58:00,20:58:30,1039.59,95.71,
server_5,20:58:10,20:58:40,3841.88,1904.49,Possible DDoS
server_5,20:58:20,20:58:50,3841.88,5463.47,Network flood + Disk thrash suspected
server_5,20:58:30,20:59:00,3841.88,5463.47,Network flood + Disk thrash suspected
server_5,20:58:40,20:59:10,19371.65,5463.47,Network flood + Disk thrash suspected
server_5,20:58:50,20:59:20,19371.65,1782.36,Possible DDoS
server_5,20:59:00,20:59:30,19371.65,7590.47,Network flood + Disk thrash suspected
server_5,20:59:10,20:59:40,17368.01,7590.47,Network flood + Disk thrash suspected
server_5,20:59:20,20:59:50,17368.01,7590.47,Network flood + Disk thrash suspected
server_5,20:59:30,21:00:00,17368.01,5801.53,Network flood + Disk thrash suspected
server_5,20:59:40,21:00:10,940.83,5801.53,Disk thrash suspected
server_5,20:59:50,21:00:20,940.83,6702.19,Disk thrash suspected
server_5,21:00:00,21:00:30,940.83,6702.19,Disk thrash suspected
server_5,21:00:10,21:00:40,949.42,6944.52,Disk thrash suspected
server_5,21:00:20,21:00:50,974.78,6944.52,Disk thrash suspected
server_5,21:00:30,21:01:00,974.78,6944.52,Disk thrash suspected
server_5,21:00:40,21:01:10,1001.35,109.53,
server_5,21:00:50,21:01:20,1031.07,138.05,
server_5,21:01:00,21:01:30,1031.07,152.77,
server_5,21:01:10,21:01:40,1031.07,152.77,
server_5,21:01:20,21:01:50,783.36,8093.09,Disk thrash suspected
server_5,21:01:30,21:02:00,3865.55,8093.09,Network flood + Disk thrash suspected
server_5,21:01:40,21:02:10,3865.55,8093.09,Network flood + Disk thrash suspected
server_5,21:01:50,21:02:20,3865.55,7297.26,Network flood + Disk thrash suspected
server_5,21:02:00,21:02:30,923.28,7297.26,Disk thrash suspected
server_5,21:02:10,21:02:40,923.28,146.9,
server_5,21:02:20,21:02:50,3571.44,1563.3,Possible DDoS
server_5,21:02:30,21:03:00,3571.44,1953.32,Possible DDoS
server_5,21:02:40,21:03:10,19149.35,1953.32,Possible DDoS
server_5,21:02:50,21:03:20,19149.35,9096.61,Network flood + Disk thrash suspected
server_5,21:03:00,21:03:30,19149.35,9096.61,Network flood + Disk thrash suspected
server_5,21:03:10,21:03:40,6910.71,9096.61,Network flood + Disk thrash suspected
server_5,21:03:20,21:03:50,6910.71,150.58,Possible DDoS
server_5,21:03:30,21:04:00,6639.03,115.22,Possible DDoS
server_5,21:03:40,21:04:10,4428.41,1205.07,Possible DDoS
server_5,21:03:50,21:04:20,4428.41,1205.07,Possible DDoS
server_5,21:04:00,21:04:30,4428.41,1205.07,Possible DDoS
server_5,21:04:10,21:04:40,4383.16,1127.98,Possible DDoS
server_5,21:04:20,21:04:50,4383.16,1127.98,Possible DDoS
server_5,21:04:30,21:05:00,593.88,147.77,
server_5,21:04:40,21:05:10,593.21,147.77,
server_5,21:04:50,21:05:20,1052.36,6939.15,Disk thrash suspected
server_5,21:05:00,21:05:30,8503.07,6939.15,Network flood + Disk thrash suspected
server_5,21:05:10,21:05:40,8503.07,6939.15,Network flood + Disk thrash suspected
server_5,21:05:20,21:05:50,8503.07,991.69,Possible DDoS
server_5,21:05:30,21:06:00,3992.59,7407.16,Network flood + Disk thrash suspected
server_5,21:05:40,21:06:10,863.91,7919.18,Disk thrash suspected
server_5,21:05:50,21:06:20,535.71,7919.18,Disk thrash suspected
server_5,21:06:00,21:06:30,17352.9,7919.18,Network flood + Disk thrash suspected
server_5,21:06:10,21:06:40,17352.9,524.14,Possible DDoS
server_5,21:06:20,21:06:50,17352.9,524.14,Possible DDoS
server_5,21:06:30,21:07:00,2893.83,1759.44,
server_5,21:06:40,21:07:10,2893.83,1759.44,
server_5,21:06:50,21:07:20,2893.83,7092.99,Disk thrash suspected
server_5,21:07:00,21:07:30,3074.42,7092.99,Disk thrash suspected
server_5,21:07:10,21:07:40,3074.42,7092.99,Disk thrash suspected
server_5,21:07:20,21:07:50,15814.27,750.15,Possible DDoS
server_5,21:07:30,21:08:00,15814.27,102.35,Possible DDoS
server_5,21:07:40,21:08:10,15814.27,1895.44,Possible DDoS
server_5,21:07:50,21:08:20,11633.81,5798.69,Network flood + Disk thrash suspected
server_5,21:08:00,21:08:30,11633.81,6217.43,Network flood + Disk thrash suspected
server_5,21:08:10,21:08:40,3847.96,6217.43,Network flood + Disk thrash suspected
server_5,21:08:20,21:08:50,4906.99,6217.43,Network flood + Disk thrash suspected
server_5,21:08:30,21:09:00,4906.99,1983.35,Possible DDoS
server_5,21:08:40,21:09:10,14682.23,1375.67,Possible DDoS
server_5,21:08:50,21:09:20,14682.23,90.71,Possible DDoS
server_5,21:09:00,21:09:30,14682.23,181.9,Possible DDoS
server_5,21:09:10,21:09:40,8847.18,181.9,Possible DDoS
server_5,21:09:20,21:09:50,8847.18,788.55,Possible DDoS
server_5,21:09:30,21:10:00,2607.72,9593.98,Disk thrash suspected
server_5,21:09:40,21:10:10,10225.02,9593.98,Network flood + Disk thrash suspected
server_5,21:09:50,21:10:20,10225.02,9593.98,Network flood + Disk thrash suspected
server_5,21:10:00,21:10:30,10225.02,108.75,Possible DDoS
server_5,21:10:10,21:10:40,5951.93,106.01,Possible DDoS
server_5,21:10:20,21:10:50,5951.93,1475.02,Possible DDoS
server_5,21:10:30,21:11:00,4613.01,1475.02,Possible DDoS
server_5,21:10:40,21:11:10,4613.01,3616.87,Network flood + Disk thrash suspected
server_5,21:10:50,21:11:20,16480.3,3616.87,Network flood + Disk thrash suspected
server_5,21:11:00,21:11:30,16480.3,4098.64,Network flood + Disk thrash suspected
server_5,21:11:10,21:11:40,16480.3,4098.64,Network flood + Disk thrash suspected
server_5,21:11:20,21:11:50,917.55,4098.64,Disk thrash suspected
server_5,21:11:30,21:12:00,917.55,3233.75,
server_5,21:11:40,21:12:10,3947.12,3233.75,Possible DDoS
server_5,21:11:50,21:12:20,8372.95,3233.75,Possible DDoS
server_5,21:12:00,21:12:30,9030.82,1515.28,Possible DDoS
server_5,21:12:10,21:12:40,9030.82,177.37,Possible DDoS
server_5,21:12:20,21:12:50,10121.3,188.22,Possible DDoS
server_5,21:12:30,21:13:00,10121.3,188.22,Possible DDoS
server_5,21:12:40,21:13:10,10121.3,188.22,Possible DDoS
server_5,21:12:50,21:13:20,17725.65,128.7,Possible DDoS
server_5,21:13:00,21:13:30,17725.65,128.7,Possible DDoS
server_5,21:13:10,21:13:40,17725.65,117.98,Possible DDoS
server_5,21:13:20,21:13:50,950.48,4117.12,Disk thrash suspected
server_5,21:13:30,21:14:00,13400.97,4117.12,Network flood + Disk thrash suspected
server_5,21:13:40,21:14:10,13400.97,4117.12,Network flood + Disk thrash suspected
server_5,21:13:50,21:14:20,13400.97,4164.76,Network flood + Disk thrash suspected
server_5,21:14:00,21:14:30,17938.82,4164.76,Network flood + Disk thrash suspected
server_5,21:14:10,21:14:40,17938.82,4164.76,Network flood + Disk thrash suspected
server_5,21:14:20,21:14:50,17938.82,8752.4,Network flood + Disk thrash suspected
server_5,21:14:30,21:15:00,13378.72,8752.4,Network flood + Disk thrash suspected
server_5,21:14:40,21:15:10,11603.82,8752.4,Network flood + Disk thrash suspected
server_5,21:14:50,21:15:20,11603.82,1785.37,Possible DDoS
server_5,21:15:00,21:15:30,11603.82,1785.37,Possible DDoS
server_5,21:15:10,21:15:40,1062.26,173.64,
server_5,21:15:20,21:15:50,4184.37,792.5,Possible DDoS
server_5,21:15:30,21:16:00,4184.37,792.5,Possible DDoS
server_5,21:15:40,21:16:10,4184.37,792.5,Possible DDoS
server_5,21:15:50,21:16:20,976.6,81.62,
server_5,21:16:00,21:16:30,976.6,4256.85,Disk thrash suspected
server_5,21:16:10,21:16:40,982.02,4256.85,Disk thrash suspected
server_5,21:16:20,21:16:50,982.02,4256.85,Disk thrash suspected
server_5,21:16:30,21:17:00,982.02,117.91,
server_5,21:16:40,21:17:10,11289.89,110.01,Possible DDoS
server_5,21:16:50,21:17:20,11289.89,3393.19,Possible DDoS
server_5,21:17:00,21:17:30,11289.89,3393.19,Possible DDoS
server_5,21:17:10,21:17:40,19647.12,6965.43,Network flood + Disk thrash suspected
server_5,21:17:20,21:17:50,19647.12,6965.43,Network flood + Disk thrash suspected
server_5,21:17:30,21:18:00,19647.12,6965.43,Network flood + Disk thrash suspected
server_5,21:17:40,21:18:10,2915.56,628.93,
server_5,21:17:50,21:18:20,4001.59,1725.36,Possible DDoS
server_5,21:18:00,21:18:30,4001.59,1725.36,Possible DDoS
server_5,21:18:10,21:18:40,4001.59,1725.36,Possible DDoS
server_5,21:18:20,21:18:50,13537.24,129.97,Possible DDoS
server_5,21:18:30,21:19:00,13537.24,1611.48,Possible DDoS
server_5,21:18:40,21:19:10,13537.24,1611.48,Possible DDoS
server_5,21:18:50,21:19:20,1721.55,1611.48,
server_5,21:19:00,21:19:30,18452.96,59.11,Possible DDoS
server_5,21:19:10,21:19:40,18452.96,192.37,Possible DDoS
server_5,21:19:20,21:19:50,18452.96,192.37,Possible DDoS
server_5,21:19:30,21:20:00,6163.63,580.07,Possible DDoS
server_5,21:19:40,21:20:10,4081.08,580.07,Possible DDoS
server_5,21:19:50,21:20:20,4081.08,580.07,Possible DDoS
server_5,21:20:00,21:20:30,10274.32,5506.14,Network flood + Disk thrash suspected
server_5,21:20:10,21:20:40,10274.32,5506.14,Network flood + Disk thrash suspected
server_5,21:20:20,21:20:50,10274.32,5506.14,Network flood + Disk thrash suspected
server_5,21:20:30,21:21:00,9790.42,111.06,Possible DDoS
server_5,21:20:40,21:21:10,943.84,111.06,
server_5,21:20:50,21:21:20,18223.06,105.77,Possible DDoS
server_5,21:21:00,21:21:30,18223.06,105.77,Possible DDoS
server_5,21:21:10,21:21:40,18223.06,1904.16,Possible DDoS
server_5,21:21:20,21:21:50,4070.1,1904.16,Possible DDoS
server_5,21:21:30,21:22:00,4070.1,1904.16,Possible DDoS
server_5,21:21:40,21:22:10,1022.71,104.69,
server_5,21:21:50,21:22:20,1487.88,1590.6,
server_5,21:22:00,21:22:30,1487.88,1958.99,
server_5,21:22:10,21:22:40,1487.88,1958.99,
server_5,21:22:20,21:22:50,1321.1,1958.99,
server_5,21:22:30,21:23:00,1551.31,1770.79,
server_5,21:22:40,21:23:10,1551.31,7406.36,Disk thrash suspected
server_5,21:22:50,21:23:20,1551.31,7406.36,Disk thrash suspected
server_5,21:23:00,21:23:30,353.62,7406.36,Disk thrash suspected
server_5,21:23:10,21:23:40,3842.42,4319.95,Network flood + Disk thrash suspected
server_5,21:23:20,21:23:50,3842.42,1093.48,Possible DDoS
server_5,21:23:30,21:24:00,3842.42,1093.48,Possible DDoS
server_5,21:23:40,21:24:10,1007.0,8261.02,Disk thrash suspected
server_5,21:23:50,21:24:20,6449.71,8279.8,Network flood + Disk thrash suspected
server_5,21:24:00,21:24:30,6449.71,8279.8,Network flood + Disk thrash suspected
server_5,21:24:10,21:24:40,6449.71,9067.46,Network flood + Disk thrash suspected
server_5,21:24:20,21:24:50,2641.03,9067.46,Disk thrash suspected
server_5,21:24:30,21:25:00,2641.03,9067.46,Disk thrash suspected
server_5,21:24:40,21:25:10,1009.06,6637.4,Disk thrash suspected
server_5,21:24:50,21:25:20,846.01,6637.4,Disk thrash suspected
server_5,21:25:00,21:25:30,846.64,167.17,
server_5,21:25:10,21:25:40,2389.38,4560.7,Disk thrash suspected
server_5,21:25:20,21:25:50,2445.05,4560.7,Disk thrash suspected
server_5,21:25:30,21:26:00,2445.05,4560.7,Disk thrash suspected
server_5,21:25:40,21:26:10,2445.05,523.19,
server_5,21:25:50,21:26:20,1057.15,120.54,
server_5,21:26:00,21:26:30,917.75,107.3,
server_5,21:26:10,21:26:40,5323.23,107.3,Possible DDoS
server_5,21:26:20,21:26:50,5323.23,104.58,Possible DDoS
server_5,21:26:30,21:27:00,5323.23,8698.31,Network flood + Disk thrash suspected
server_5,21:26:40,21:27:10,991.98,8698.31,Disk thrash suspected
server_5,21:26:50,21:27:20,19237.09,8698.31,Network flood + Disk thrash suspected
server_5,21:27:00,21:27:30,19237.09,5890.88,Network flood + Disk thrash suspected
server_5,21:27:10,21:27:40,19237.09,5890.88,Network flood + Disk thrash suspected
server_5,21:27:20,21:27:50,18698.43,5890.88,Network flood + Disk thrash suspected
server_5,21:27:30,21:28:00,18698.43,1813.21,Possible DDoS
server_5,21:27:40,21:28:10,18698.43,813.45,Possible DDoS
server_5,21:27:50,21:28:20,1496.88,813.45,
server_5,21:28:00,21:28:30,983.86,136.98,
server_5,21:28:10,21:28:40,983.86,149.65,
server_5,21:28:20,21:28:50,3118.05,1935.74,
server_5,21:28:30,21:29:00,3925.82,1988.57,Possible DDoS
server_5,21:28:40,21:29:10,3925.82,1988.57,Possible DDoS
server_5,21:28:50,21:29:20,3925.82,8964.7,Network flood + Disk thrash suspected
server_5,21:29:00,21:29:30,1119.21,8964.7,Disk thrash suspected
server_5,21:29:10,21:29:40,917.7,8964.7,Disk thrash suspected
server_5,21:29:20,21:29:50,7607.08,3567.69,Network flood + Disk thrash suspected
server_5,21:29:30,21:30:00,7607.08,4488.09,Network flood + Disk thrash suspected
server_5,21:29:40,21:30:10,7607.08,4488.09,Network flood + Disk thrash suspected
server_5,21:29:50,21:30:20,4294.6,5948.54,Network flood + Disk thrash suspected
server_5,21:30:00,21:30:30,4294.6,5948.54,Network flood + Disk thrash suspected
server_5,21:30:10,21:30:40,4294.6,5948.54,Network flood + Disk thrash suspected
server_5,21:30:20,21:30:50,3720.42,1874.08,Possible DDoS
server_5,21:30:30,21:31:00,3720.42,1874.08,Possible DDoS
server_5,21:30:40,21:31:10,3720.42,1874.08,Possible DDoS
server_5,21:30:50,21:31:20,4794.66,860.51,Possible DDoS
server_5,21:31:00,21:31:30,4794.66,6197.22,Network flood + Disk thrash suspected
server_5,21:31:10,21:31:40,4794.66,6197.22,Network flood + Disk thrash suspected
server_5,21:31:20,21:31:50,3232.38,6197.22,Disk thrash suspected
server_5,21:31:30,21:32:00,813.64,50.17,
server_5,21:31:40,21:32:10,4555.51,950.25,Possible DDoS
server_5,21:31:50,21:32:20,4555.51,950.25,Possible DDoS
server_5,21:32:00,21:32:30,4555.51,950.25,Possible DDoS
server_5,21:32:10,21:32:40,5795.12,170.72,Possible DDoS
server_5,21:32:20,21:32:50,12584.23,1911.27,Possible DDoS
server_5,21:32:30,21:33:00,12584.23,8840.38,Network flood + Disk thrash suspected
server_5,21:32:40,21:33:10,12584.23,8840.38,Network flood + Disk thrash suspected
server_5,21:32:50,21:33:20,923.48,8840.38,Disk thrash suspected
server_5,21:33:00,21:33:30,923.48,6349.42,Disk thrash suspected
server_5,21:33:10,21:33:40,3608.38,1052.24,Possible DDoS
server_5,21:33:20,21:33:50,19051.55,1052.24,Possible DDoS
server_5,21:33:30,21:34:00,19051.55,1052.24,Possible DDoS
server_5,21:33:40,21:34:10,19051.55,54.57,Possible DDoS
server_5,21:33:50,21:34:20,2867.28,1551.02,
server_5,21:34:00,21:34:30,2867.28,1551.02,
server_5,21:34:10,21:34:40,2867.28,1551.02,
server_5,21:34:20,21:34:50,975.35,137.43,
server_5,21:34:30,21:35:00,975.35,88.37,
server_5,21:34:40,21:35:10,975.35,6163.93,Disk thrash suspected
server_5,21:34:50,21:35:20,951.67,6163.93,Disk thrash suspected
server_5,21:35:00,21:35:30,951.67,6163.93,Disk thrash suspected
server_5,21:35:10,21:35:40,15953.27,4790.52,Network flood + Disk thrash suspected
server_5,21:35:20,21:35:50,15953.27,4790.52,Network flood + Disk thrash suspected
server_5,21:35:30,21:36:00,15953.27,1769.01,Possible DDoS
server_5,21:35:40,21:36:10,4258.98,1769.01,Possible DDoS
server_5,21:35:50,21:36:20,4258.98,1769.01,Possible DDoS
server_5,21:36:00,21:36:30,4149.63,1192.88,Possible DDoS
server_5,21:36:10,21:36:40,4149.63,1192.88,Possible DDoS
server_5,21:36:20,21:36:50,4149.63,1927.46,Possible DDoS
server_5,21:36:30,21:37:00,2912.39,1927.46,
server_5,21:36:40,21:37:10,2912.39,1927.46,
server_5,21:36:50,21:37:20,3195.22,1618.13,
server_5,21:37:00,21:37:30,3195.22,1618.13,
server_5,21:37:10,21:37:40,3195.22,1618.13,
server_5,21:37:20,21:37:50,892.84,109.25,
server_5,21:37:30,21:38:00,892.84,107.47,
server_5,21:37:40,21:38:10,599.8,75.06,
server_5,21:37:50,21:38:20,630.3,7249.83,Disk thrash suspected
server_5,21:38:00,21:38:30,920.48,7249.83,Disk thrash suspected
server_5,21:38:10,21:38:40,920.48,7249.83,Disk thrash suspected
server_5,21:38:20,21:38:50,920.48,138.51,
server_5,21:38:30,21:39:00,658.91,88.83,
server_5,21:38:40,21:39:10,854.26,125.52,
server_5,21:38:50,21:39:20,1064.22,125.52,
server_5,21:39:00,21:39:30,1064.22,7772.71,Disk thrash suspected
server_5,21:39:10,21:39:40,1064.22,7772.71,Disk thrash suspected
server_5,21:39:20,21:39:50,1180.26,7772.71,Disk thrash suspected
server_5,21:39:30,21:40:00,13937.81,737.79,Possible DDoS
server_5,21:39:40,21:40:10,13937.81,737.79,Possible DDoS
server_5,21:39:50,21:40:20,13937.81,89.32,Possible DDoS
server_5,21:40:00,21:40:30,978.71,71.16,
server_5,21:40:10,21:40:40,679.42,100.38,
server_5,21:40:20,21:40:50,679.42,6832.03,Disk thrash suspected
server_5,21:40:30,21:41:00,992.81,6832.03,Disk thrash suspected
server_5,21:40:40,21:41:10,992.81,6832.03,Disk thrash suspected
server_5,21:40:50,21:41:20,4496.6,720.99,Possible DDoS
server_5,21:41:00,21:41:30,4496.6,4487.57,Network flood + Disk thrash suspected
server_5,21:41:10,21:41:40,4496.6,4487.57,Network flood + Disk thrash suspected
server_5,21:41:20,21:41:50,886.41,4487.57,Disk thrash suspected
server_5,21:41:30,21:42:00,1814.58,1833.9,
server_5,21:41:40,21:42:10,1814.58,1833.9,
server_5,21:41:50,21:42:20,1814.58,1833.9,
server_5,21:42:00,21:42:30,954.28,137.26,
server_5,21:42:10,21:42:40,954.28,137.26,
server_5,21:42:20,21:42:50,680.62,126.77,
server_5,21:42:30,21:43:00,5334.68,3992.38,Network flood + Disk thrash suspected
server_5,21:42:40,21:43:10,8646.52,3992.38,Network flood + Disk thrash suspected
server_5,21:42:50,21:43:20,8646.52,3992.38,Network flood + Disk thrash suspected
server_5,21:43:00,21:43:30,8646.52,901.07,Possible DDoS
server_5,21:43:10,21:43:40,15033.65,901.07,Possible DDoS
server_5,21:43:20,21:43:50,15033.65,901.07,Possible DDoS
server_5,21:43:30,21:44:00,15033.65,1148.52,Possible DDoS
server_5,21:43:40,21:44:10,15438.84,1148.52,Possible DDoS
server_5,21:43:50,21:44:20,15438.84,1148.52,Possible DDoS
server_5,21:44:00,21:44:30,15438.84,9094.62,Network flood + Disk thrash suspected
server_5,21:44:10,21:44:40,2853.38,9094.62,Disk thrash suspected
server_5,21:44:20,21:44:50,2853.38,9094.62,Disk thrash suspected
server_5,21:44:30,21:45:00,3219.14,1410.37,
server_5,21:44:40,21:45:10,3219.14,4251.14,Disk thrash suspected
server_5,21:44:50,21:45:20,10334.48,4251.14,Network flood + Disk thrash suspected
server_5,21:45:00,21:45:30,19319.65,9651.13,Network flood + Disk thrash suspected
server_5,21:45:10,21:45:40,19319.65,9651.13,Network flood + Disk thrash suspected
server_5,21:45:20,21:45:50,19319.65,9651.13,Network flood + Disk thrash suspected
server_5,21:45:30,21:46:00,15654.04,661.31,Possible DDoS
server_5,21:45:40,21:46:10,15654.04,992.66,Possible DDoS
server_5,21:45:50,21:46:20,15654.04,992.66,Possible DDoS
server_5,21:46:00,21:46:30,1696.15,5557.1,Disk thrash suspected
server_5,21:46:10,21:46:40,11208.44,5557.1,Network flood + Disk thrash suspected
server_5,21:46:20,21:46:50,11208.44,5557.1,Network flood + Disk thrash suspected
server_5,21:46:30,21:47:00,11208.44,3806.18,Network flood + Disk thrash suspected
server_5,21:46:40,21:47:10,786.3,9925.81,Disk thrash suspected
server_5,21:46:50,21:47:20,879.45,9925.81,Disk thrash suspected
server_5,21:47:00,21:47:30,10153.57,9925.81,Network flood + Disk thrash suspected
server_5,21:47:10,21:47:40,10153.57,8215.31,Network flood + Disk thrash suspected
server_5,21:47:20,21:47:50,10153.57,8215.31,Network flood + Disk thrash suspected
server_5,21:47:30,21:48:00,14610.33,145.96,Possible DDoS
server_5,21:47:40,21:48:10,14610.33,964.75,Possible DDoS
server_5,21:47:50,21:48:20,14610.33,964.75,Possible DDoS
server_5,21:48:00,21:48:30,4565.8,964.75,Possible DDoS
server_5,21:48:10,21:48:40,2294.37,633.31,
server_5,21:48:20,21:48:50,6973.32,96.96,Possible DDoS
server_5,21:48:30,21:49:00,6973.32,96.96,Possible DDoS
server_5,21:48:40,21:49:10,7628.73,96.96,Possible DDoS
server_5,21:48:50,21:49:20,7628.73,1099.15,Possible DDoS
server_5,21:49:00,21:49:30,7628.73,1099.15,Possible DDoS
server_5,21:49:10,21:49:40,3127.32,1099.15,
server_5,21:49:20,21:49:50,18100.11,177.02,Possible DDoS
server_5,21:49:30,21:50:00,18100.11,8409.66,Network flood + Disk thrash suspected
server_5,21:49:40,21:50:10,18100.11,8409.66,Network flood + Disk thrash suspected
server_5,21:49:50,21:50:20,15450.01,8409.66,Network flood + Disk thrash suspected
server_5,21:50:00,21:50:30,15450.01,1588.3,Possible DDoS
server_5,21:50:10,21:50:40,15450.01,6046.25,Network flood + Disk thrash suspected
server_5,21:50:20,21:50:50,4224.37,9150.38,Network flood + Disk thrash suspected
server_5,21:50:30,21:51:00,618.21,9150.38,Disk thrash suspected
server_5,21:50:40,21:51:10,873.09,9150.38,Disk thrash suspected
server_5,21:50:50,21:51:20,972.81,7211.54,Disk thrash suspected
server_5,21:51:00,21:51:30,972.81,5846.24,Disk thrash suspected
server_5,21:51:10,21:51:40,972.81,134.61,
server_5,21:51:20,21:51:50,7207.22,176.93,Possible DDoS
server_5,21:51:30,21:52:00,14961.8,183.12,Possible DDoS
server_5,21:51:40,21:52:10,14961.8,183.12,Possible DDoS
server_5,21:51:50,21:52:20,14961.8,782.64,Possible DDoS
server_5,21:52:00,21:52:30,13277.5,1646.37,Possible DDoS
server_5,21:52:10,21:52:40,13277.5,1646.37,Possible DDoS
server_5,21:52:20,21:52:50,9816.08,1646.37,Possible DDoS
server_5,21:52:30,21:53:00,9816.08,177.24,Possible DDoS
server_5,21:52:40,21:53:10,9816.08,177.24,Possible DDoS
server_5,21:52:50,21:53:20,959.14,7179.45,Disk thrash suspected
server_5,21:53:00,21:53:30,621.52,7179.45,Disk thrash suspected
server_5,21:53:10,21:53:40,621.52,9071.04,Disk thrash suspected
server_5,21:53:20,21:53:50,950.39,9703.56,Disk thrash suspected
server_5,21:53:30,21:54:00,950.39,9703.56,Disk thrash suspected
server_5,21:53:40,21:54:10,950.39,9703.56,Disk thrash suspected
server_5,21:53:50,21:54:20,905.73,7926.23,Disk thrash suspected
server_5,21:54:00,21:54:30,738.8,7926.23,Disk thrash suspected
server_5,21:54:10,21:54:40,4349.16,681.69,Possible DDoS
server_5,21:54:20,21:54:50,4349.16,681.69,Possible DDoS
server_5,21:54:30,21:55:00,4349.16,6545.15,Network flood + Disk thrash suspected
server_5,21:54:40,21:55:10,14040.12,6545.15,Network flood + Disk thrash suspected
server_5,21:54:50,21:55:20,14040.12,6545.15,Network flood + Disk thrash suspected
server_5,21:55:00,21:55:30,14040.12,9185.61,Network flood + Disk thrash suspected
server_5,21:55:10,21:55:40,932.68,9185.61,Disk thrash suspected
server_5,21:55:20,21:55:50,999.14,9185.61,Disk thrash suspected
server_5,21:55:30,21:56:00,999.14,150.52,
server_5,21:55:40,21:56:10,3193.46,1769.21,
server_5,21:55:50,21:56:20,5704.32,1769.21,Possible DDoS
server_5,21:56:00,21:56:30,5704.32,1769.21,Possible DDoS
server_5,21:56:10,21:56:40,5704.32,1050.03,Possible DDoS
server_5,21:56:20,21:56:50,2894.21,7877.13,Disk thrash suspected
server_5,21:56:30,21:57:00,3815.71,7877.13,Network flood + Disk thrash suspected
server_5,21:56:40,21:57:10,3815.71,7877.13,Network flood + Disk thrash suspected
server_5,21:56:50,21:57:20,3815.71,1036.02,Possible DDoS
server_5,21:57:00,21:57:30,1047.29,93.61,
server_5,21:57:10,21:57:40,12347.41,141.38,Possible DDoS
server_5,21:57:20,21:57:50,19566.97,141.38,Possible DDoS
server_5,21:57:30,21:58:00,19566.97,1763.63,Possible DDoS
server_5,21:57:40,21:58:10,19566.97,1763.63,Possible DDoS
server_5,21:57:50,21:58:20,4603.88,8918.05,Network flood + Disk thrash suspected
server_5,21:58:00,21:58:30,894.68,8918.05,Disk thrash suspected
server_5,21:58:10,21:58:40,894.68,8918.05,Disk thrash suspected
server_5,21:58:20,21:58:50,894.68,7154.51,Disk thrash suspected
server_5,21:58:30,21:59:00,17769.59,7154.51,Network flood + Disk thrash suspected
server_5,21:58:40,21:59:10,17769.59,7154.51,Network flood + Disk thrash suspected
server_5,21:58:50,21:59:20,17769.59,626.27,Possible DDoS
server_5,21:59:00,21:59:30,5186.11,626.27,Possible DDoS
server_5,21:59:10,21:59:40,2889.66,626.27,
server_5,21:59:20,21:59:50,1039.81,4515.69,Disk thrash suspected
server_5,21:59:30,22:00:00,1039.81,4515.69,Disk thrash suspected
server_5,21:59:40,22:00:10,950.33,4515.69,Disk thrash suspected
server_5,21:59:50,22:00:20,2913.5,8497.74,Disk thrash suspected
server_5,22:00:00,22:00:30,2913.5,9398.29,Disk thrash suspected
server_5,22:00:10,22:00:40,2913.5,9398.29,Disk thrash suspected
server_5,22:00:20,22:00:50,2442.47,9398.29,Disk thrash suspected
server_5,22:00:30,22:01:00,994.41,143.12,
server_5,22:00:40,22:01:10,2066.3,570.5,
server_5,22:00:50,22:01:20,2700.99,1684.39,
server_5,22:01:00,22:01:30,2700.99,1961.01,
server_5,22:01:10,22:01:40,2700.99,8808.32,Disk thrash suspected
server_5,22:01:20,22:01:50,2527.24,8808.32,Disk thrash suspected
server_5,22:01:30,22:02:00,3978.97,8808.32,Network flood + Disk thrash suspected
server_5,22:01:40,22:02:10,3978.97,1189.95,Possible DDoS
server_5,22:01:50,22:02:20,3978.97,1189.95,Possible DDoS
server_5,22:02:00,22:02:30,895.13,122.04,
server_5,22:02:10,22:02:40,1024.1,629.9,
server_5,22:02:20,22:02:50,1024.1,629.9,
server_5,22:02:30,22:03:00,1024.1,5383.38,Disk thrash suspected
server_5,22:02:40,22:03:10,932.64,5383.38,Disk thrash suspected
server_5,22:02:50,22:03:20,932.64,5383.38,Disk thrash suspected
server_5,22:03:00,22:03:30,932.64,154.86,
server_5,22:03:10,22:03:40,954.58,154.86,
server_5,22:03:20,22:03:50,954.58,100.6,
server_5,22:03:30,22:04:00,954.58,117.76,
server_5,22:03:40,22:04:10,886.83,117.76,
server_5,22:03:50,22:04:20,3151.49,713.77,
server_5,22:04:00,22:04:30,8788.78,713.77,Possible DDoS
server_5,22:04:10,22:04:40,8788.78,1783.83,Possible DDoS
server_5,22:04:20,22:04:50,8788.78,1783.83,Possible DDoS
server_5,22:04:30,22:05:00,2555.63,1783.83,
server_5,22:04:40,22:05:10,1033.13,6783.94,Disk thrash suspected
server_5,22:04:50,22:05:20,1033.13,6783.94,Disk thrash suspected
server_5,22:05:00,22:05:30,12322.53,6783.94,Network flood + Disk thrash suspected
server_5,22:05:10,22:05:40,12322.53,194.05,Possible DDoS
server_5,22:05:20,22:05:50,12322.53,5763.39,Network flood + Disk thrash suspected
server_5,22:05:30,22:06:00,1250.51,5763.39,Disk thrash suspected
server_5,22:05:40,22:06:10,1250.51,8536.3,Disk thrash suspected
server_5,22:05:50,22:06:20,905.0,8536.3,Disk thrash suspected
server_5,22:06:00,22:06:30,905.0,8536.3,Disk thrash suspected
server_5,22:06:10,22:06:40,905.0,7416.66,Disk thrash suspected
server_5,22:06:20,22:06:50,1455.34,7416.66,Disk thrash suspected
server_5,22:06:30,22:07:00,4129.88,7416.66,Network flood + Disk thrash suspected
server_5,22:06:40,22:07:10,4129.88,4461.5,Network flood + Disk thrash suspected
server_5,22:06:50,22:07:20,19984.04,4461.5,Network flood + Disk thrash suspected
server_5,22:07:00,22:07:30,19984.04,4461.5,Network flood + Disk thrash suspected
server_5,22:07:10,22:07:40,19984.04,711.6,Possible DDoS
server_5,22:07:20,22:07:50,12226.14,711.6,Possible DDoS
server_5,22:07:30,22:08:00,12226.14,711.6,Possible DDoS
server_5,22:07:40,22:08:10,971.02,71.6,
server_5,22:07:50,22:08:20,772.39,71.6,
server_5,22:08:00,22:08:30,772.39,70.1,
server_5,22:08:10,22:08:40,482.03,7292.68,Disk thrash suspected
server_5,22:08:20,22:08:50,1028.22,7292.68,Disk thrash suspected
server_5,22:08:30,22:09:00,3965.42,7292.68,Network flood + Disk thrash suspected
server_5,22:08:40,22:09:10,3965.42,1816.73,Possible DDoS
server_5,22:08:50,22:09:20,3965.42,1816.73,Possible DDoS
server_5,22:09:00,22:09:30,10240.64,124.58,Possible DDoS
server_5,22:09:10,22:09:40,10240.64,8042.27,Network flood + Disk thrash suspected
server_5,22:09:20,22:09:50,10240.64,8042.27,Network flood + Disk thrash suspected
server_5,22:09:30,22:10:00,7107.94,8042.27,Network flood + Disk thrash suspected
server_5,22:09:40,22:10:10,7107.94,1008.44,Possible DDoS
server_5,22:09:50,22:10:20,7107.94,4882.84,Network flood + Disk thrash suspected
server_5,22:10:00,22:10:30,3176.8,4882.84,Disk thrash suspected
server_5,22:10:10,22:10:40,944.9,4882.84,Disk thrash suspected
server_5,22:10:20,22:10:50,944.9,5654.99,Disk thrash suspected
server_5,22:10:30,22:11:00,3413.45,5654.99,Disk thrash suspected
server_5,22:10:40,22:11:10,3413.45,5654.99,Disk thrash suspected
server_5,22:10:50,22:11:20,3413.45,1951.05,
server_5,22:11:00,22:11:30,4606.54,4988.58,Network flood + Disk thrash suspected
server_5,22:11:10,22:11:40,4850.81,4988.58,Network flood + Disk thrash suspected
server_5,22:11:20,22:11:50,4850.81,4988.58,Network flood + Disk thrash suspected
server_5,22:11:30,22:12:00,4850.81,1720.31,Possible DDoS
server_5,22:11:40,22:12:10,856.61,139.63,
server_5,22:11:50,22:12:20,1794.34,1514.64,
server_5,22:12:00,22:12:30,1794.34,1514.64,
server_5,22:12:10,22:12:40,11281.67,9659.28,Network flood + Disk thrash suspected
server_5,22:12:20,22:12:50,11281.67,9659.28,Network flood + Disk thrash suspected
server_5,22:12:30,22:13:00,11281.67,9659.28,Network flood + Disk thrash suspected
server_5,22:12:40,22:13:10,949.26,4916.59,Disk thrash suspected
server_5,22:12:50,22:13:20,529.24,4916.59,Disk thrash suspected
server_5,22:13:00,22:13:30,555.46,111.92,
server_5,22:13:10,22:13:40,912.63,79.43,
server_5,22:13:20,22:13:50,912.63,84.28,
server_5,22:13:30,22:14:00,912.63,84.28,
server_5,22:13:40,22:14:10,881.73,84.28,
server_5,22:13:50,22:14:20,825.25,115.04,
server_5,22:14:00,22:14:30,14271.67,1961.45,Possible DDoS
server_5,22:14:10,22:14:40,14271.67,1961.45,Possible DDoS
server_5,22:14:20,22:14:50,14609.15,5828.52,Network flood + Disk thrash suspected
server_5,22:14:30,22:15:00,14609.15,5828.52,Network flood + Disk thrash suspected
server_5,22:14:40,22:15:10,14609.15,5828.52,Network flood + Disk thrash suspected
server_5,22:14:50,22:15:20,5966.41,4201.65,Network flood + Disk thrash suspected
server_5,22:15:00,22:15:30,3982.03,4201.65,Network flood + Disk thrash suspected
server_5,22:15:10,22:15:40,3982.03,9102.25,Network flood + Disk thrash suspected
server_5,22:15:20,22:15:50,12274.25,9102.25,Network flood + Disk thrash suspected
server_5,22:15:30,22:16:00,12274.25,9102.25,Network flood + Disk thrash suspected
server_5,22:15:40,22:16:10,12274.25,1614.48,Possible DDoS
server_5,22:15:50,22:16:20,630.93,8773.12,Disk thrash suspected
server_5,22:16:00,22:16:30,941.34,8773.12,Disk thrash suspected
server_5,22:16:10,22:16:40,941.34,8773.12,Disk thrash suspected
server_5,22:16:20,22:16:50,5219.69,9629.39,Network flood + Disk thrash suspected
server_5,22:16:30,22:17:00,5219.69,9629.39,Network flood + Disk thrash suspected
server_5,22:16:40,22:17:10,5219.69,9629.39,Network flood + Disk thrash suspected
server_5,22:16:50,22:17:20,17790.08,8853.58,Network flood + Disk thrash suspected
server_5,22:17:00,22:17:30,17790.08,8853.58,Network flood + Disk thrash suspected
server_5,22:17:10,22:17:40,17790.08,8100.65,Network flood + Disk thrash suspected
server_5,22:17:20,22:17:50,19014.74,8100.65,Network flood + Disk thrash suspected
server_5,22:17:30,22:18:00,19014.74,8100.65,Network flood + Disk thrash suspected
server_5,22:17:40,22:18:10,19014.74,169.01,Possible DDoS
server_5,22:17:50,22:18:20,15505.93,6394.11,Network flood + Disk thrash suspected
server_5,22:18:00,22:18:30,15113.22,6394.11,Network flood + Disk thrash suspected
server_5,22:18:10,22:18:40,16854.49,6394.11,Network flood + Disk thrash suspected
server_5,22:18:20,22:18:50,16854.49,195.13,Possible DDoS
server_5,22:18:30,22:19:00,16854.49,98.46,Possible DDoS
server_5,22:18:40,22:19:10,16972.1,98.94,Possible DDoS
server_5,22:18:50,22:19:20,16972.1,194.31,Possible DDoS
server_5,22:19:00,22:19:30,16972.1,194.31,Possible DDoS
server_5,22:19:10,22:19:40,973.45,194.31,
server_5,22:19:20,22:19:50,11287.59,145.08,Possible DDoS
server_5,22:19:30,22:20:00,11287.59,145.08,Possible DDoS
server_5,22:19:40,22:20:10,11287.59,1933.47,Possible DDoS
server_5,22:19:50,22:20:20,3712.36,1933.47,Possible DDoS
server_5,22:20:00,22:20:30,3712.36,1933.47,Possible DDoS
server_5,22:20:10,22:20:40,941.34,112.18,
server_5,22:20:20,22:20:50,15701.17,126.12,Possible DDoS
server_5,22:20:30,22:21:00,15701.17,5106.79,Network flood + Disk thrash suspected
server_5,22:20:40,22:21:10,15701.17,5106.79,Network flood + Disk thrash suspected
server_5,22:20:50,22:21:20,676.83,5106.79,Disk thrash suspected
server_5,22:21:00,22:21:30,507.25,3113.31,
server_5,22:21:10,22:21:40,1014.8,3113.31,
server_5,22:21:20,22:21:50,2054.01,3113.31,
server_5,22:21:30,22:22:00,3428.07,5270.7,Disk thrash suspected
server_5,22:21:40,22:22:10,3428.07,5270.7,Disk thrash suspected
server_5,22:21:50,22:22:20,3428.07,8103.05,Disk thrash suspected
server_5,22:22:00,22:22:30,953.22,8103.05,Disk thrash suspected
server_5,22:22:10,22:22:40,953.22,8103.05,Disk thrash suspected
server_5,22:22:20,22:22:50,1274.61,1950.16,
server_5,22:22:30,22:23:00,7631.72,1950.16,Possible DDoS
server_5,22:22:40,22:23:10,7631.72,1950.16,Possible DDoS
server_5,22:22:50,22:23:20,7631.72,4661.23,Network flood + Disk thrash suspected
server_5,22:23:00,22:23:30,566.62,4661.23,Disk thrash suspected
server_5,22:23:10,22:23:40,471.35,4661.23,Disk thrash suspected
server_5,22:23:20,22:23:50,482.8,3786.79,Disk thrash suspected
server_5,22:23:30,22:24:00,13728.62,3786.79,Network flood + Disk thrash suspected
server_5,22:23:40,22:24:10,13728.62,173.4,Possible DDoS
server_5,22:23:50,22:24:20,13728.62,752.35,Possible DDoS
server_5,22:24:00,22:24:30,4850.17,752.35,Possible DDoS
server_5,22:24:10,22:24:40,4850.17,965.3,Possible DDoS
server_5,22:24:20,22:24:50,1986.72,5006.03,Disk thrash suspected
server_5,22:24:30,22:25:00,9268.15,5006.03,Network flood + Disk thrash suspected
server_5,22:24:40,22:25:10,9268.15,5006.03,Network flood + Disk thrash suspected
server_5,22:24:50,22:25:20,12327.67,3438.0,Possible DDoS
server_5,22:25:00,22:25:30,19298.69,3438.0,Possible DDoS
server_5,22:25:10,22:25:40,19298.69,5498.44,Network flood + Disk thrash suspected
server_5,22:25:20,22:25:50,19298.69,5498.44,Network flood + Disk thrash suspected
server_5,22:25:30,22:26:00,8877.58,5498.44,Network flood + Disk thrash suspected
server_5,22:25:40,22:26:10,8877.58,127.65,Possible DDoS
server_5,22:25:50,22:26:20,997.57,127.65,
server_5,22:26:00,22:26:30,997.57,131.41,
server_5,22:26:10,22:26:40,470.43,131.41,
server_5,22:26:20,22:26:50,507.01,8863.02,Disk thrash suspected
server_5,22:26:30,22:27:00,17775.33,8863.02,Network flood + Disk thrash suspected
server_5,22:26:40,22:27:10,17775.33,8863.02,Network flood + Disk thrash suspected
server_5,22:26:50,22:27:20,17775.33,5835.54,Network flood + Disk thrash suspected
server_5,22:27:00,22:27:30,10629.91,5835.54,Network flood + Disk thrash suspected
server_5,22:27:10,22:27:40,18429.59,1677.6,Possible DDoS
server_5,22:27:20,22:27:50,18429.59,1677.6,Possible DDoS
server_5,22:27:30,22:28:00,18429.59,9899.63,Network flood + Disk thrash suspected
server_5,22:27:40,22:28:10,961.34,9899.63,Disk thrash suspected
server_5,22:27:50,22:28:20,874.38,9899.63,Disk thrash suspected
server_5,22:28:00,22:28:30,1044.67,7754.71,Disk thrash suspected
server_5,22:28:10,22:28:40,2893.67,7754.71,Disk thrash suspected
server_5,22:28:20,22:28:50,2893.67,1577.83,
server_5,22:28:30,22:29:00,2893.67,9966.69,Disk thrash suspected
server_5,22:28:40,22:29:10,1091.69,9966.69,Disk thrash suspected
server_5,22:28:50,22:29:20,773.92,9966.69,Disk thrash suspected
server_5,22:29:00,22:29:30,773.92,169.58,
server_5,22:29:10,22:29:40,881.76,119.41,
server_5,22:29:20,22:29:50,881.76,119.41,
server_5,22:29:30,22:30:00,1080.58,119.41,
server_5,22:29:40,22:30:10,18584.76,70.25,Possible DDoS
server_5,22:29:50,22:30:20,18584.76,163.65,Possible DDoS
server_5,22:30:00,22:30:30,18584.76,163.65,Possible DDoS
server_5,22:30:10,22:30:40,984.78,5235.94,Disk thrash suspected
server_5,22:30:20,22:30:50,968.25,5235.94,Disk thrash suspected
server_5,22:30:30,22:31:00,968.25,5235.94,Disk thrash suspected
server_5,22:30:40,22:31:10,1680.26,3906.7,Disk thrash suspected
server_5,22:30:50,22:31:20,3294.5,3906.7,Disk thrash suspected
server_5,22:31:00,22:31:30,3294.5,1199.29,
server_5,22:31:10,22:31:40,3294.5,657.03,
server_5,22:31:20,22:31:50,4449.78,1129.17,Possible DDoS
server_5,22:31:30,22:32:00,4449.78,1129.17,Possible DDoS
server_5,22:31:40,22:32:10,4449.78,1129.17,Possible DDoS
server_5,22:31:50,22:32:20,935.27,160.44,
server_5,22:32:00,22:32:30,12524.14,160.19,Possible DDoS
server_5,22:32:10,22:32:40,12524.14,1220.93,Possible DDoS
server_5,22:32:20,22:32:50,12524.14,1220.93,Possible DDoS
server_5,22:32:30,22:33:00,2328.06,1220.93,
server_5,22:32:40,22:33:10,1794.36,806.45,
server_5,22:32:50,22:33:20,1794.36,8648.91,Disk thrash suspected
server_5,22:33:00,22:33:30,7668.22,8648.91,Network flood + Disk thrash suspected
server_5,22:33:10,22:33:40,7668.22,8648.91,Network flood + Disk thrash suspected
server_5,22:33:20,22:33:50,7668.22,123.73,Possible DDoS
server_5,22:33:30,22:34:00,895.67,121.93,
server_5,22:33:40,22:34:10,9175.66,9027.63,Network flood + Disk thrash suspected
server_5,22:33:50,22:34:20,11804.65,9027.63,Network flood + Disk thrash suspected
server_5,22:34:00,22:34:30,11804.65,9027.63,Network flood + Disk thrash suspected
server_5,22:34:10,22:34:40,11804.65,111.74,Possible DDoS
server_5,22:34:20,22:34:50,3231.43,1800.35,
server_5,22:34:30,22:35:00,3231.43,1800.35,
server_5,22:34:40,22:35:10,3231.43,5029.94,Disk thrash suspected
server_5,22:34:50,22:35:20,998.66,5029.94,Disk thrash suspected
server_5,22:35:00,22:35:30,998.66,5029.94,Disk thrash suspected
server_5,22:35:10,22:35:40,998.66,115.69,
server_5,22:35:20,22:35:50,829.16,126.95,
server_5,22:35:30,22:36:00,3656.08,1415.4,Possible DDoS
server_5,22:35:40,22:36:10,3656.08,5742.96,Network flood + Disk thrash suspected
server_5,22:35:50,22:36:20,3656.08,7402.12,Network flood + Disk thrash suspected
server_5,22:36:00,22:36:30,1174.8,7402.12,Disk thrash suspected
server_5,22:36:10,22:36:40,2491.81,7402.12,Disk thrash suspected
server_5,22:36:20,22:36:50,2491.81,1265.03,
server_5,22:36:30,22:37:00,2491.81,1265.03,
server_5,22:36:40,22:37:10,959.36,7120.11,Disk thrash suspected
server_5,22:36:50,22:37:20,1033.86,7120.11,Disk thrash suspected
server_5,22:37:00,22:37:30,1033.86,7120.11,Disk thrash suspected
server_5,22:37:10,22:37:40,1033.86,135.58,
server_5,22:37:20,22:37:50,916.76,91.06,
server_5,22:37:30,22:38:00,916.76,3630.14,Disk thrash suspected
server_5,22:37:40,22:38:10,2742.54,3630.14,Disk thrash suspected
server_5,22:37:50,22:38:20,2742.54,3630.14,Disk thrash suspected
server_5,22:38:00,22:38:30,2742.54,1629.32,
server_5,22:38:10,22:38:40,931.92,129.16,
server_5,22:38:20,22:38:50,971.97,3759.35,Disk thrash suspected
server_5,22:38:30,22:39:00,971.97,3759.35,Disk thrash suspected
server_5,22:38:40,22:39:10,971.97,9792.12,Disk thrash suspected
server_5,22:38:50,22:39:20,4147.79,9792.12,Network flood + Disk thrash suspected
server_5,22:39:00,22:39:30,16342.71,9792.12,Network flood + Disk thrash suspected
server_5,22:39:10,22:39:40,16342.71,563.92,Possible DDoS
server_5,22:39:20,22:39:50,16342.71,168.26,Possible DDoS
server_5,22:39:30,22:40:00,9304.99,168.26,Possible DDoS
server_5,22:39:40,22:40:10,9304.99,168.26,Possible DDoS
server_5,22:39:50,22:40:20,967.73,127.8,
server_5,22:40:00,22:40:30,7973.47,104.56,Possible DDoS
server_5,22:40:10,22:40:40,7973.47,104.56,Possible DDoS
server_5,22:40:20,22:40:50,7973.47,9406.71,Network flood + Disk thrash suspected
server_5,22:40:30,22:41:00,15728.82,9406.71,Network flood + Disk thrash suspected
server_5,22:40:40,22:41:10,15728.82,9406.71,Network flood + Disk thrash suspected
server_5,22:40:50,22:41:20,15728.82,1699.24,Possible DDoS
server_5,22:41:00,22:41:30,1726.13,1926.88,
server_5,22:41:10,22:41:40,1726.13,1926.88,
server_5,22:41:20,22:41:50,1726.13,1926.88,
server_5,22:41:30,22:42:00,934.31,5162.67,Disk thrash suspected
server_5,22:41:40,22:42:10,2305.36,5162.67,Disk thrash suspected
server_5,22:41:50,22:42:20,2305.36,5162.67,Disk thrash suspected
server_5,22:42:00,22:42:30,14790.03,842.18,Possible DDoS
server_5,22:42:10,22:42:40,14790.03,835.28,Possible DDoS
server_5,22:42:20,22:42:50,14790.03,1968.57,Possible DDoS
server_5,22:42:30,22:43:00,4107.47,8833.53,Network flood + Disk thrash suspected
server_5,22:42:40,22:43:10,4107.47,8833.53,Network flood + Disk thrash suspected
server_5,22:42:50,22:43:20,810.78,8833.53,Disk thrash suspected
server_5,22:43:00,22:43:30,18003.96,108.93,Possible DDoS
server_5,22:43:10,22:43:40,18003.96,8469.61,Network flood + Disk thrash suspected
server_5,22:43:20,22:43:50,18003.96,8469.61,Network flood + Disk thrash suspected
server_5,22:43:30,22:44:00,1014.85,8469.61,Disk thrash suspected
server_5,22:43:40,22:44:10,1014.85,6615.39,Disk thrash suspected
server_5,22:43:50,22:44:20,2018.29,7791.3,Disk thrash suspected
server_5,22:44:00,22:44:30,2018.29,7791.3,Disk thrash suspected
server_5,22:44:10,22:44:40,2018.29,7791.3,Disk thrash suspected
server_5,22:44:20,22:44:50,4971.61,1998.21,Possible DDoS
server_5,22:44:30,22:45:00,4971.61,1998.21,Possible DDoS
server_5,22:44:40,22:45:10,8822.15,1998.21,Possible DDoS
server_5,22:44:50,22:45:20,9580.25,198.7,Possible DDoS
server_5,22:45:00,22:45:30,11373.6,198.7,Possible DDoS
server_5,22:45:10,22:45:40,11373.6,1092.63,Possible DDoS
server_5,22:45:20,22:45:50,11373.6,3315.68,Possible DDoS
server_5,22:45:30,22:46:00,4951.69,4072.86,Network flood + Disk thrash suspected
server_5,22:45:40,22:46:10,10983.4,4072.86,Network flood + Disk thrash suspected
server_5,22:45:50,22:46:20,10983.4,4072.86,Network flood + Disk thrash suspected
server_5,22:46:00,22:46:30,10983.4,51.56,Possible DDoS
server_5,22:46:10,22:46:40,1616.29,901.25,
server_5,22:46:20,22:46:50,1616.29,901.25,
server_5,22:46:30,22:47:00,1616.29,901.25,
server_5,22:46:40,22:47:10,832.44,107.79,
server_5,22:46:50,22:47:20,829.3,3617.38,Disk thrash suspected
server_5,22:47:00,22:47:30,1021.94,3617.38,Disk thrash suspected
server_5,22:47:10,22:47:40,1021.94,3617.38,Disk thrash suspected
server_5,22:47:20,22:47:50,4305.97,1261.98,Possible DDoS
server_5,22:47:30,22:48:00,4305.97,1261.98,Possible DDoS
server_5,22:47:40,22:48:10,4305.97,1261.98,Possible DDoS
server_5,22:47:50,22:48:20,9842.65,127.27,Possible DDoS
server_5,22:48:00,22:48:30,9842.65,127.27,Possible DDoS
server_5,22:48:10,22:48:40,15596.3,6476.27,Network flood + Disk thrash suspected
server_5,22:48:20,22:48:50,15596.3,6476.27,Network flood + Disk thrash suspected
server_5,22:48:30,22:49:00,15596.3,6476.27,Network flood + Disk thrash suspected
server_5,22:48:40,22:49:10,8123.75,4020.28,Network flood + Disk thrash suspected
server_5,22:48:50,22:49:20,8123.75,4020.28,Network flood + Disk thrash suspected
server_5,22:49:00,22:49:30,3720.42,1283.35,Possible DDoS
server_5,22:49:10,22:49:40,999.08,120.82,
server_5,22:49:20,22:49:50,999.08,120.82,
server_5,22:49:30,22:50:00,555.75,85.27,
server_5,22:49:40,22:50:10,555.75,4749.55,Disk thrash suspected
server_5,22:49:50,22:50:20,896.19,4749.55,Disk thrash suspected
server_5,22:50:00,22:50:30,11332.8,4749.55,Network flood + Disk thrash suspected
server_5,22:50:10,22:50:40,11332.8,189.58,Possible DDoS
server_5,22:50:20,22:50:50,11332.8,189.58,Possible DDoS
server_5,22:50:30,22:51:00,338.85,9008.9,Disk thrash suspected
server_5,22:50:40,22:51:10,6950.01,9008.9,Network flood + Disk thrash suspected
server_5,22:50:50,22:51:20,6950.01,9008.9,Network flood + Disk thrash suspected
server_5,22:51:00,22:51:30,6950.01,141.39,Possible DDoS
server_5,22:51:10,22:51:40,1786.15,677.31,
server_5,22:51:20,22:51:50,1786.15,677.31,
server_5,22:51:30,22:52:00,1786.15,677.31,
server_5,22:51:40,22:52:10,415.41,92.25,
server_5,22:51:50,22:52:20,415.41,6084.85,Disk thrash suspected
server_5,22:52:00,22:52:30,1599.58,6084.85,Disk thrash suspected
server_5,22:52:10,22:52:40,1599.58,8976.74,Disk thrash suspected
server_5,22:52:20,22:52:50,1599.58,8976.74,Disk thrash suspected
server_5,22:52:30,22:53:00,588.04,8976.74,Disk thrash suspected
server_5,22:52:40,22:53:10,588.04,137.96,
server_5,22:52:50,22:53:20,260.06,137.96,
server_6,20:53:00,20:53:30,14409.77,7265.78,Network flood + Disk thrash suspected
server_6,20:53:10,20:53:40,14409.77,7265.78,Network flood + Disk thrash suspected
server_6,20:53:20,20:53:50,988.38,7265.78,Disk thrash suspected
server_6,20:53:30,20:54:00,15026.99,3794.29,Network flood + Disk thrash suspected
server_6,20:53:40,20:54:10,15026.99,3794.29,Network flood + Disk thrash suspected
server_6,20:53:50,20:54:20,15026.99,3794.29,Network flood + Disk thrash suspected
server_6,20:54:00,20:54:30,11855.73,136.71,Possible DDoS
server_6,20:54:10,20:54:40,11855.73,138.9,Possible DDoS
server_6,20:54:20,20:54:50,11855.73,138.9,Possible DDoS
server_6,20:54:30,20:55:00,1176.76,1772.63,
server_6,20:54:40,20:55:10,1176.76,1772.63,
server_6,20:54:50,20:55:20,1176.76,1772.63,
server_6,20:55:00,20:55:30,4093.72,913.31,Possible DDoS
server_6,20:55:10,20:55:40,14512.64,913.31,Possible DDoS
server_6,20:55:20,20:55:50,14512.64,913.31,Possible DDoS
server_6,20:55:30,20:56:00,14512.64,4633.15,Network flood + Disk thrash suspected
server_6,20:55:40,20:56:10,11833.6,4633.15,Network flood + Disk thrash suspected
server_6,20:55:50,20:56:20,916.12,4633.15,Disk thrash suspected
server_6,20:56:00,20:56:30,2048.55,1229.7,
server_6,20:56:10,20:56:40,2048.55,1229.7,
server_6,20:56:20,20:56:50,2048.55,1229.7,
server_6,20:56:30,20:57:00,1057.99,4086.17,Disk thrash suspected
server_6,20:56:40,20:57:10,19523.05,4086.17,Network flood + Disk thrash suspected
server_6,20:56:50,20:57:20,19523.05,4086.17,Network flood + Disk thrash suspected
server_6,20:57:00,20:57:30,19523.05,1716.29,Possible DDoS
server_6,20:57:10,20:57:40,4746.52,1716.29,Possible DDoS
server_6,20:57:20,20:57:50,2257.65,1716.29,
server_6,20:57:30,20:58:00,903.56,110.5,
server_6,20:57:40,20:58:10,16531.77,59.95,Possible DDoS
server_6,20:57:50,20:58:20,16531.77,55.98,Possible DDoS
server_6,20:58:00,20:58:30,16531.77,89.34,Possible DDoS
server_6,20:58:10,20:58:40,1014.48,89.34,
server_6,20:58:20,20:58:50,1014.48,89.34,
server_6,20:58:30,20:59:00,1014.48,4580.23,Disk thrash suspected
server_6,20:58:40,20:59:10,794.95,4580.23,Disk thrash suspected
server_6,20:58:50,20:59:20,832.41,4580.23,Disk thrash suspected
server_6,20:59:00,20:59:30,832.41,4102.37,Disk thrash suspected
server_6,20:59:10,20:59:40,14806.42,4102.37,Network flood + Disk thrash suspected
server_6,20:59:20,20:59:50,14806.42,4102.37,Network flood + Disk thrash suspected
server_6,20:59:30,21:00:00,14806.42,102.47,Possible DDoS
server_6,20:59:40,21:00:10,1035.69,102.47,
server_6,20:59:50,21:00:20,1035.69,5271.35,Disk thrash suspected
server_6,21:00:00,21:00:30,16429.7,5271.35,Network flood + Disk thrash suspected
server_6,21:00:10,21:00:40,16429.7,5271.35,Network flood + Disk thrash suspected
server_6,21:00:20,21:00:50,16429.7,1291.82,Possible DDoS
server_6,21:00:30,21:01:00,12223.38,1291.82,Possible DDoS
server_6,21:00:40,21:01:10,16088.14,118.73,Possible DDoS
server_6,21:00:50,21:01:20,16088.14,114.23,Possible DDoS
server_6,21:01:00,21:01:30,16088.14,114.23,Possible DDoS
server_6,21:01:10,21:01:40,8727.6,7515.38,Network flood + Disk thrash suspected
server_6,21:01:20,21:01:50,7778.59,7515.38,Network flood + Disk thrash suspected
server_6,21:01:30,21:02:00,7778.59,7515.38,Network flood + Disk thrash suspected
server_6,21:01:40,21:02:10,7778.59,159.03,Possible DDoS
server_6,21:01:50,21:02:20,1044.87,1857.9,
server_6,21:02:00,21:02:30,1044.87,4460.67,Disk thrash suspected
server_6,21:02:10,21:02:40,17401.49,4460.67,Network flood + Disk thrash suspected
server_6,21:02:20,21:02:50,19119.15,4460.67,Network flood + Disk thrash suspected
server_6,21:02:30,21:03:00,19119.15,152.92,Possible DDoS
server_6,21:02:40,21:03:10,19119.15,935.01,Possible DDoS
server_6,21:02:50,21:03:20,3572.81,935.01,Possible DDoS
server_6,21:03:00,21:03:30,5537.16,935.01,Possible DDoS
server_6,21:03:10,21:03:40,5537.16,203.47,Possible DDoS
server_6,21:03:20,21:03:50,5537.16,131.56,Possible DDoS
server_6,21:03:30,21:04:00,916.84,138.4,
server_6,21:03:40,21:04:10,4934.08,545.39,Possible DDoS
server_6,21:03:50,21:04:20,4934.08,545.39,Possible DDoS
server_6,21:04:00,21:04:30,4934.08,6093.42,Network flood + Disk thrash suspected
server_6,21:04:10,21:04:40,924.86,7302.66,Disk thrash suspected
server_6,21:04:20,21:04:50,957.46,7302.66,Disk thrash suspected
server_6,21:04:30,21:05:00,16221.33,7302.66,Network flood + Disk thrash suspected
server_6,21:04:40,21:05:10,16221.33,137.08,Possible DDoS
server_6,21:04:50,21:05:20,16221.33,137.08,Possible DDoS
server_6,21:05:00,21:05:30,1018.97,136.63,
server_6,21:05:10,21:05:40,1018.97,136.63,
server_6,21:05:20,21:05:50,1018.97,78.75,
server_6,21:05:30,21:06:00,13197.06,89.95,Possible DDoS
server_6,21:05:40,21:06:10,13197.06,104.67,Possible DDoS
server_6,21:05:50,21:06:20,13197.06,8991.88,Network flood + Disk thrash suspected
server_6,21:06:00,21:06:30,10090.41,8991.88,Network flood + Disk thrash suspected
server_6,21:06:10,21:06:40,1486.9,8991.88,Disk thrash suspected
server_6,21:06:20,21:06:50,1486.9,8724.82,Disk thrash suspected
server_6,21:06:30,21:07:00,1486.9,8724.82,Disk thrash suspected
server_6,21:06:40,21:07:10,15585.0,108.22,Possible DDoS
server_6,21:06:50,21:07:20,15585.0,7571.01,Network flood + Disk thrash suspected
server_6,21:07:00,21:07:30,15585.0,7571.01,Network flood + Disk thrash suspected
server_6,21:07:10,21:07:40,4268.32,7571.01,Network flood + Disk thrash suspected
server_6,21:07:20,21:07:50,4268.32,7576.91,Network flood + Disk thrash suspected
server_6,21:07:30,21:08:00,879.85,7576.91,Disk thrash suspected
server_6,21:07:40,21:08:10,879.85,8629.92,Disk thrash suspected
server_6,21:07:50,21:08:20,879.85,9774.04,Disk thrash suspected
server_6,21:08:00,21:08:30,619.82,9774.04,Disk thrash suspected
server_6,21:08:10,21:08:40,14446.22,9774.04,Network flood + Disk thrash suspected
server_6,21:08:20,21:08:50,14446.22,8407.3,Network flood + Disk thrash suspected
server_6,21:08:30,21:09:00,14446.22,4141.36,Network flood + Disk thrash suspected
server_6,21:08:40,21:09:10,454.11,4141.36,Disk thrash suspected
server_6,21:08:50,21:09:20,18444.93,190.05,Possible DDoS
server_6,21:09:00,21:09:30,18444.93,190.05,Possible DDoS
server_6,21:09:10,21:09:40,18444.93,190.05,Possible DDoS
server_6,21:09:20,21:09:50,9574.46,120.27,Possible DDoS
server_6,21:09:30,21:10:00,9574.46,120.27,Possible DDoS
server_6,21:09:40,21:10:10,19129.58,196.6,Possible DDoS
server_6,21:09:50,21:10:20,19129.58,196.6,Possible DDoS
server_6,21:10:00,21:10:30,19129.58,196.6,Possible DDoS
server_6,21:10:10,21:10:40,12332.21,1999.04,Possible DDoS
server_6,21:10:20,21:10:50,3868.31,1999.04,Possible DDoS
server_6,21:10:30,21:11:00,7662.47,1999.04,Possible DDoS
server_6,21:10:40,21:11:10,7662.47,759.59,Possible DDoS
server_6,21:10:50,21:11:20,7662.47,759.59,Possible DDoS
server_6,21:11:00,21:11:30,3552.77,759.59,Possible DDoS
server_6,21:11:10,21:11:40,14222.38,726.15,Possible DDoS
server_6,21:11:20,21:11:50,14222.38,726.15,Possible DDoS
server_6,21:11:30,21:12:00,14222.38,105.75,Possible DDoS
server_6,21:11:40,21:12:10,815.11,125.36,
server_6,21:11:50,21:12:20,815.11,132.94,
server_6,21:12:00,21:12:30,890.52,132.94,
server_6,21:12:10,21:12:40,890.52,7518.2,Disk thrash suspected
server_6,21:12:20,21:12:50,890.52,7518.2,Disk thrash suspected
server_6,21:12:30,21:13:00,15507.44,7518.2,Network flood + Disk thrash suspected
server_6,21:12:40,21:13:10,15507.44,114.08,Possible DDoS
server_6,21:12:50,21:13:20,15507.44,114.08,Possible DDoS
server_6,21:13:00,21:13:30,847.38,5737.33,Disk thrash suspected
server_6,21:13:10,21:13:40,779.14,5737.33,Disk thrash suspected
server_6,21:13:20,21:13:50,895.07,5737.33,Disk thrash suspected
server_6,21:13:30,21:14:00,895.07,74.13,
server_6,21:13:40,21:14:10,895.07,93.87,
server_6,21:13:50,21:14:20,831.66,110.77,
server_6,21:14:00,21:14:30,4538.76,1779.79,Possible DDoS
server_6,21:14:10,21:14:40,7653.62,1779.79,Possible DDoS
server_6,21:14:20,21:14:50,15423.4,1779.79,Possible DDoS
server_6,21:14:30,21:15:00,15423.4,514.72,Possible DDoS
server_6,21:14:40,21:15:10,15423.4,132.15,Possible DDoS
server_6,21:14:50,21:15:20,2898.49,1063.43,
server_6,21:15:00,21:15:30,2898.49,1358.32,
server_6,21:15:10,21:15:40,2898.49,1358.32,
server_6,21:15:20,21:15:50,1868.75,4948.1,Disk thrash suspected
server_6,21:15:30,21:16:00,4252.52,4948.1,Network flood + Disk thrash suspected
server_6,21:15:40,21:16:10,4252.52,4948.1,Network flood + Disk thrash suspected
server_6,21:15:50,21:16:20,4252.52,930.3,Possible DDoS
server_6,21:16:00,21:16:30,12555.45,173.75,Possible DDoS
server_6,21:16:10,21:16:40,12555.45,173.75,Possible DDoS
server_6,21:16:20,21:16:50,12555.45,173.75,Possible DDoS
server_6,21:16:30,21:17:00,1034.58,79.26,
server_6,21:16:40,21:17:10,12805.34,1092.73,Possible DDoS
server_6,21:16:50,21:17:20,16856.8,1092.73,Possible DDoS
server_6,21:17:00,21:17:30,16856.8,1092.73,Possible DDoS
server_6,21:17:10,21:17:40,16856.8,118.79,Possible DDoS
server_6,21:17:20,21:17:50,1039.99,118.79,
server_6,21:17:30,21:18:00,1039.99,118.79,
server_6,21:17:40,21:18:10,933.53,130.85,
server_6,21:17:50,21:18:20,933.53,130.85,
server_6,21:18:00,21:18:30,846.58,130.85,
server_6,21:18:10,21:18:40,846.58,122.08,
server_6,21:18:20,21:18:50,4940.23,1891.57,Possible DDoS
server_6,21:18:30,21:19:00,13946.66,3199.71,Possible DDoS
server_6,21:18:40,21:19:10,13946.66,3199.71,Possible DDoS
server_6,21:18:50,21:19:20,13946.66,3199.71,Possible DDoS
server_6,21:19:00,21:19:30,2221.01,1689.27,
server_6,21:19:10,21:19:40,1005.68,90.82,
server_6,21:19:20,21:19:50,1005.68,8331.52,Disk thrash suspected
server_6,21:19:30,21:20:00,996.83,8331.52,Disk thrash suspected
server_6,21:19:40,21:20:10,19131.03,9837.4,Network flood + Disk thrash suspected
server_6,21:19:50,21:20:20,19131.03,9837.4,Network flood + Disk thrash suspected
server_6,21:20:00,21:20:30,19131.03,9837.4,Network flood + Disk thrash suspected
server_6,21:20:10,21:20:40,4511.25,883.07,Possible DDoS
server_6,21:20:20,21:20:50,4511.25,883.07,Possible DDoS
server_6,21:20:30,21:21:00,1072.77,127.41,
server_6,21:20:40,21:21:10,1072.77,144.95,
server_6,21:20:50,21:21:20,2506.54,928.82,
server_6,21:21:00,21:21:30,2506.54,928.82,
server_6,21:21:10,21:21:40,2506.54,1942.13,
server_6,21:21:20,21:21:50,3030.54,1942.13,
server_6,21:21:30,21:22:00,3030.54,5014.09,Disk thrash suspected
server_6,21:21:40,21:22:10,3030.54,5014.09,Disk thrash suspected
server_6,21:21:50,21:22:20,892.21,5014.09,Disk thrash suspected
server_6,21:22:00,21:22:30,892.21,5606.45,Disk thrash suspected
server_6,21:22:10,21:22:40,892.21,5606.45,Disk thrash suspected
server_6,21:22:20,21:22:50,1000.93,5606.45,Disk thrash suspected
server_6,21:22:30,21:23:00,1000.93,8036.95,Disk thrash suspected
server_6,21:22:40,21:23:10,12674.16,8036.95,Network flood + Disk thrash suspected
server_6,21:22:50,21:23:20,12674.16,8036.95,Network flood + Disk thrash suspected
server_6,21:23:00,21:23:30,12674.16,4636.66,Network flood + Disk thrash suspected
server_6,21:23:10,21:23:40,888.26,4636.66,Disk thrash suspected
server_6,21:23:20,21:23:50,9975.35,167.48,Possible DDoS
server_6,21:23:30,21:24:00,9975.35,167.48,Possible DDoS
server_6,21:23:40,21:24:10,9975.35,103.9,Possible DDoS
server_6,21:23:50,21:24:20,964.53,103.9,
server_6,21:24:00,21:24:30,3927.23,1142.21,Possible DDoS
server_6,21:24:10,21:24:40,3927.23,1142.21,Possible DDoS
server_6,21:24:20,21:24:50,3927.23,8778.88,Network flood + Disk thrash suspected
server_6,21:24:30,21:25:00,15442.38,8778.88,Network flood + Disk thrash suspected
server_6,21:24:40,21:25:10,15442.38,8778.88,Network flood + Disk thrash suspected
server_6,21:24:50,21:25:20,15442.38,137.57,Possible DDoS
server_6,21:25:00,21:25:30,915.02,136.09,
server_6,21:25:10,21:25:40,882.48,136.09,
server_6,21:25:20,21:25:50,562.8,4854.95,Disk thrash suspected
server_6,21:25:30,21:26:00,605.88,4854.95,Disk thrash suspected
server_6,21:25:40,21:26:10,875.89,4854.95,Disk thrash suspected
server_6,21:25:50,21:26:20,942.91,144.28,
server_6,21:26:00,21:26:30,942.91,9059.07,Disk thrash suspected
server_6,21:26:10,21:26:40,7395.38,9059.07,Network flood + Disk thrash suspected
server_6,21:26:20,21:26:50,7395.38,9059.07,Network flood + Disk thrash suspected
server_6,21:26:30,21:27:00,7395.38,1501.94,Possible DDoS
server_6,21:26:40,21:27:10,3100.71,5557.8,Disk thrash suspected
server_6,21:26:50,21:27:20,3559.77,5557.8,Network flood + Disk thrash suspected
server_6,21:27:00,21:27:30,3559.77,5557.8,Network flood + Disk thrash suspected
server_6,21:27:10,21:27:40,3559.77,1504.85,Possible DDoS
server_6,21:27:20,21:27:50,914.34,107.01,
server_6,21:27:30,21:28:00,3988.54,977.12,Possible DDoS
server_6,21:27:40,21:28:10,4933.29,1273.72,Possible DDoS
server_6,21:27:50,21:28:20,4933.29,1273.72,Possible DDoS
server_6,21:28:00,21:28:30,4933.29,8621.1,Network flood + Disk thrash suspected
server_6,21:28:10,21:28:40,736.31,8621.1,Disk thrash suspected
server_6,21:28:20,21:28:50,827.99,8621.1,Disk thrash suspected
server_6,21:28:30,21:29:00,827.99,150.1,
server_6,21:28:40,21:29:10,827.99,150.1,
server_6,21:28:50,21:29:20,1000.14,7907.42,Disk thrash suspected
server_6,21:29:00,21:29:30,1000.14,7907.42,Disk thrash suspected
server_6,21:29:10,21:29:40,1000.14,7907.42,Disk thrash suspected
server_6,21:29:20,21:29:50,810.27,9437.3,Disk thrash suspected
server_6,21:29:30,21:30:00,10076.99,9437.3,Network flood + Disk thrash suspected
server_6,21:29:40,21:30:10,10076.99,9437.3,Network flood + Disk thrash suspected
server_6,21:29:50,21:30:20,10076.99,3089.6,Possible DDoS
server_6,21:30:00,21:30:30,904.02,3089.6,
server_6,21:30:10,21:30:40,877.05,8329.2,Disk thrash suspected
server_6,21:30:20,21:30:50,1033.73,8329.2,Disk thrash suspected
server_6,21:30:30,21:31:00,1033.73,8329.2,Disk thrash suspected
server_6,21:30:40,21:31:10,1033.73,147.28,
server_6,21:30:50,21:31:20,3859.01,852.94,Possible DDoS
server_6,21:31:00,21:31:30,3859.01,6180.06,Network flood + Disk thrash suspected
server_6,21:31:10,21:31:40,3859.01,6180.06,Network flood + Disk thrash suspected
server_6,21:31:20,21:31:50,9782.1,6180.06,Network flood + Disk thrash suspected
server_6,21:31:30,21:32:00,9782.1,184.38,Possible DDoS
server_6,21:31:40,21:32:10,9782.1,999.96,Possible DDoS
server_6,21:31:50,21:32:20,1711.98,999.96,
server_6,21:32:00,21:32:30,18079.26,999.96,Possible DDoS
server_6,21:32:10,21:32:40,18079.26,121.33,Possible DDoS
server_6,21:32:20,21:32:50,18079.26,3420.0,Possible DDoS
server_6,21:32:30,21:33:00,18359.93,3420.0,Possible DDoS
server_6,21:32:40,21:33:10,18359.93,4993.82,Network flood + Disk thrash suspected
server_6,21:32:50,21:33:20,18359.93,4993.82,Network flood + Disk thrash suspected
server_6,21:33:00,21:33:30,12085.21,4993.82,Network flood + Disk thrash suspected
server_6,21:33:10,21:33:40,12085.21,3899.83,Network flood + Disk thrash suspected
server_6,21:33:20,21:33:50,12085.21,3899.83,Network flood + Disk thrash suspected
server_6,21:33:30,21:34:00,10022.26,3899.83,Network flood + Disk thrash suspected
server_6,21:33:40,21:34:10,10022.26,980.52,Possible DDoS
server_6,21:33:50,21:34:20,10022.26,1679.12,Possible DDoS
server_6,21:34:00,21:34:30,4683.87,3793.7,Network flood + Disk thrash suspected
server_6,21:34:10,21:34:40,4683.87,3793.7,Network flood + Disk thrash suspected
server_6,21:34:20,21:34:50,2762.62,3793.7,Disk thrash suspected
server_6,21:34:30,21:35:00,2762.62,7707.72,Disk thrash suspected
server_6,21:34:40,21:35:10,3841.12,7707.72,Network flood + Disk thrash suspected
server_6,21:34:50,21:35:20,3841.12,7707.72,Network flood + Disk thrash suspected
server_6,21:35:00,21:35:30,3841.12,1909.34,Possible DDoS
server_6,21:35:10,21:35:40,1810.02,1909.34,
server_6,21:35:20,21:35:50,655.58,166.9,
server_6,21:35:30,21:36:00,14919.7,1748.64,Possible DDoS
server_6,21:35:40,21:36:10,14919.7,1748.64,Possible DDoS
server_6,21:35:50,21:36:20,14919.7,1896.68,Possible DDoS
server_6,21:36:00,21:36:30,2906.16,1896.68,
server_6,21:36:10,21:36:40,14699.09,1896.68,Possible DDoS
server_6,21:36:20,21:36:50,14699.09,146.02,Possible DDoS
server_6,21:36:30,21:37:00,14699.09,788.09,Possible DDoS
server_6,21:36:40,21:37:10,2212.67,6059.95,Disk thrash suspected
server_6,21:36:50,21:37:20,2212.67,6059.95,Disk thrash suspected
server_6,21:37:00,21:37:30,15915.62,6059.95,Network flood + Disk thrash suspected
server_6,21:37:10,21:37:40,17777.35,147.75,Possible DDoS
server_6,21:37:20,21:37:50,17777.35,1554.86,Possible DDoS
server_6,21:37:30,21:38:00,17777.35,1554.86,Possible DDoS
server_6,21:37:40,21:38:10,12406.03,9954.27,Network flood + Disk thrash suspected
server_6,21:37:50,21:38:20,12406.03,9954.27,Network flood + Disk thrash suspected
server_6,21:38:00,21:38:30,973.62,9954.27,Disk thrash suspected
server_6,21:38:10,21:38:40,2183.17,1141.7,
server_6,21:38:20,21:38:50,2954.19,1141.7,
server_6,21:38:30,21:39:00,2954.19,1141.7,
server_6,21:38:40,21:39:10,3130.38,1436.89,
server_6,21:38:50,21:39:20,19528.76,1436.89,Possible DDoS
server_6,21:39:00,21:39:30,19528.76,7551.21,Network flood + Disk thrash suspected
server_6,21:39:10,21:39:40,19528.76,7551.21,Network flood + Disk thrash suspected
server_6,21:39:20,21:39:50,2551.6,7551.21,Disk thrash suspected
server_6,21:39:30,21:40:00,2551.6,7051.27,Disk thrash suspected
server_6,21:39:40,21:40:10,930.92,7051.27,Disk thrash suspected
server_6,21:39:50,21:40:20,979.02,113.14,
server_6,21:40:00,21:40:30,979.02,5847.36,Disk thrash suspected
server_6,21:40:10,21:40:40,979.02,5847.36,Disk thrash suspected
server_6,21:40:20,21:40:50,873.04,5847.36,Disk thrash suspected
server_6,21:40:30,21:41:00,13957.05,104.94,Possible DDoS
server_6,21:40:40,21:41:10,13957.05,5966.4,Network flood + Disk thrash suspected
server_6,21:40:50,21:41:20,13957.05,5966.4,Network flood + Disk thrash suspected
server_6,21:41:00,21:41:30,8848.14,5966.4,Network flood + Disk thrash suspected
server_6,21:41:10,21:41:40,8848.14,702.75,Possible DDoS
server_6,21:41:20,21:41:50,8848.14,9254.4,Network flood + Disk thrash suspected
server_6,21:41:30,21:42:00,2908.69,9254.4,Disk thrash suspected
server_6,21:41:40,21:42:10,14623.27,9254.4,Network flood + Disk thrash suspected
server_6,21:41:50,21:42:20,14623.27,1868.07,Possible DDoS
server_6,21:42:00,21:42:30,14623.27,1660.57,Possible DDoS
server_6,21:42:10,21:42:40,5978.93,685.31,Possible DDoS
server_6,21:42:20,21:42:50,4994.16,745.83,Possible DDoS
server_6,21:42:30,21:43:00,4994.16,745.83,Possible DDoS
server_6,21:42:40,21:43:10,17833.78,745.83,Possible DDoS
server_6,21:42:50,21:43:20,17833.78,1844.63,Possible DDoS
server_6,21:43:00,21:43:30,17833.78,1844.63,Possible DDoS
server_6,21:43:10,21:43:40,3260.04,1844.63,
server_6,21:43:20,21:43:50,3260.04,9204.32,Disk thrash suspected
server_6,21:43:30,21:44:00,541.99,9204.32,Disk thrash suspected
server_6,21:43:40,21:44:10,541.99,9204.32,Disk thrash suspected
server_6,21:43:50,21:44:20,896.74,4218.2,Disk thrash suspected
server_6,21:44:00,21:44:30,5134.25,4218.2,Network flood + Disk thrash suspected
server_6,21:44:10,21:44:40,5134.25,4218.2,Network flood + Disk thrash suspected
server_6,21:44:20,21:44:50,13588.13,91.38,Possible DDoS
server_6,21:44:30,21:45:00,13588.13,161.48,Possible DDoS
server_6,21:44:40,21:45:10,13588.13,161.48,Possible DDoS
server_6,21:44:50,21:45:20,985.54,161.48,
server_6,21:45:00,21:45:30,1203.47,1974.44,
server_6,21:45:10,21:45:40,1203.47,1974.44,
server_6,21:45:20,21:45:50,1203.47,1974.44,
server_6,21:45:30,21:46:00,987.7,94.75,
server_6,21:45:40,21:46:10,987.7,94.75,
server_6,21:45:50,21:46:20,3842.99,1352.75,Possible DDoS
server_6,21:46:00,21:46:30,3842.99,1352.75,Possible DDoS
server_6,21:46:10,21:46:40,7999.19,1352.75,Possible DDoS
server_6,21:46:20,21:46:50,7999.19,5073.68,Network flood + Disk thrash suspected
server_6,21:46:30,21:47:00,7999.19,5073.68,Network flood + Disk thrash suspected
server_6,21:46:40,21:47:10,5084.65,6061.32,Network flood + Disk thrash suspected
server_6,21:46:50,21:47:20,5084.65,6061.32,Network flood + Disk thrash suspected
server_6,21:47:00,21:47:30,5084.65,6061.32,Network flood + Disk thrash suspected
server_6,21:47:10,21:47:40,4759.81,1957.23,Possible DDoS
server_6,21:47:20,21:47:50,4759.81,1602.59,Possible DDoS
server_6,21:47:30,21:48:00,4716.13,1602.59,Possible DDoS
server_6,21:47:40,21:48:10,10460.59,1602.59,Possible DDoS
server_6,21:47:50,21:48:20,10460.59,1134.67,Possible DDoS
server_6,21:48:00,21:48:30,11949.46,1134.67,Possible DDoS
server_6,21:48:10,21:48:40,12891.86,1134.67,Possible DDoS
server_6,21:48:20,21:48:50,12891.86,810.92,Possible DDoS
server_6,21:48:30,21:49:00,17374.48,810.92,Possible DDoS
server_6,21:48:40,21:49:10,17374.48,159.41,Possible DDoS
server_6,21:48:50,21:49:20,17374.48,1333.34,Possible DDoS
server_6,21:49:00,21:49:30,2133.37,1333.34,
server_6,21:49:10,21:49:40,2133.37,1333.34,
server_6,21:49:20,21:49:50,621.49,125.05,
server_6,21:49:30,21:50:00,621.49,125.05,
server_6,21:49:40,21:50:10,879.99,9833.23,Disk thrash suspected
server_6,21:49:50,21:50:20,966.31,9833.23,Disk thrash suspected
server_6,21:50:00,21:50:30,966.31,9833.23,Disk thrash suspected
server_6,21:50:10,21:50:40,966.31,87.17,
server_6,21:50:20,21:50:50,874.92,3454.86,Disk thrash suspected
server_6,21:50:30,21:51:00,565.19,3454.86,Disk thrash suspected
server_6,21:50:40,21:51:10,945.67,4018.38,Disk thrash suspected
server_6,21:50:50,21:51:20,945.67,4018.38,Disk thrash suspected
server_6,21:51:00,21:51:30,945.67,4018.38,Disk thrash suspected
server_6,21:51:10,21:51:40,927.85,111.47,
server_6,21:51:20,21:51:50,927.85,7970.24,Disk thrash suspected
server_6,21:51:30,21:52:00,4716.58,7970.24,Network flood + Disk thrash suspected
server_6,21:51:40,21:52:10,19943.38,7970.24,Network flood + Disk thrash suspected
server_6,21:51:50,21:52:20,19943.38,1538.78,Possible DDoS
server_6,21:52:00,21:52:30,19943.38,1116.55,Possible DDoS
server_6,21:52:10,21:52:40,3999.03,1654.4,Possible DDoS
server_6,21:52:20,21:52:50,3999.03,1654.4,Possible DDoS
server_6,21:52:30,21:53:00,1803.77,1654.4,
server_6,21:52:40,21:53:10,542.17,68.35,
server_6,21:52:50,21:53:20,1152.91,1399.57,
server_6,21:53:00,21:53:30,3861.3,9312.75,Network flood + Disk thrash suspected
server_6,21:53:10,21:53:40,6250.24,9312.75,Network flood + Disk thrash suspected
server_6,21:53:20,21:53:50,8698.0,9312.75,Network flood + Disk thrash suspected
server_6,21:53:30,21:54:00,8698.0,149.71,Possible DDoS
server_6,21:53:40,21:54:10,8698.0,149.71,Possible DDoS
server_6,21:53:50,21:54:20,1012.46,149.71,
server_6,21:54:00,21:54:30,925.81,4530.72,Disk thrash suspected
server_6,21:54:10,21:54:40,925.81,4530.72,Disk thrash suspected
server_6,21:54:20,21:54:50,558.89,4530.72,Disk thrash suspected
server_6,21:54:30,21:55:00,3820.59,658.81,Possible DDoS
server_6,21:54:40,21:55:10,3820.59,658.81,Possible DDoS
server_6,21:54:50,21:55:20,3820.59,9481.59,Network flood + Disk thrash suspected
server_6,21:55:00,21:55:30,4931.11,9481.59,Network flood + Disk thrash suspected
server_6,21:55:10,21:55:40,4931.11,9481.59,Network flood + Disk thrash suspected
server_6,21:55:20,21:55:50,4931.11,9473.2,Network flood + Disk thrash suspected
server_6,21:55:30,21:56:00,962.94,9473.2,Disk thrash suspected
server_6,21:55:40,21:56:10,3996.65,985.26,Possible DDoS
server_6,21:55:50,21:56:20,3996.65,1979.18,Possible DDoS
server_6,21:56:00,21:56:30,3996.65,3412.55,Possible DDoS
server_6,21:56:10,21:56:40,3889.0,3753.55,Network flood + Disk thrash suspected
server_6,21:56:20,21:56:50,12405.35,3753.55,Network flood + Disk thrash suspected
server_6,21:56:30,21:57:00,12405.35,9743.0,Network flood + Disk thrash suspected
server_6,21:56:40,21:57:10,12405.35,9743.0,Network flood + Disk thrash suspected
server_6,21:56:50,21:57:20,501.23,9743.0,Disk thrash suspected
server_6,21:57:00,21:57:30,2830.55,7932.23,Disk thrash suspected
server_6,21:57:10,21:57:40,2830.55,1816.27,
server_6,21:57:20,21:57:50,2830.55,1816.27,
server_6,21:57:30,21:58:00,2420.54,1816.27,
server_6,21:57:40,21:58:10,983.95,5081.43,Disk thrash suspected
server_6,21:57:50,21:58:20,983.95,5081.43,Disk thrash suspected
server_6,21:58:00,21:58:30,6422.21,5081.43,Network flood + Disk thrash suspected
server_6,21:58:10,21:58:40,6422.21,116.41,Possible DDoS
server_6,21:58:20,21:58:50,6422.21,1761.23,Possible DDoS
server_6,21:58:30,21:59:00,5171.45,3861.58,Network flood + Disk thrash suspected
server_6,21:58:40,21:59:10,12544.34,3861.58,Network flood + Disk thrash suspected
server_6,21:58:50,21:59:20,12544.34,3861.58,Network flood + Disk thrash suspected
server_6,21:59:00,21:59:30,12544.34,3429.98,Possible DDoS
server_6,21:59:10,21:59:40,3992.15,3429.98,Possible DDoS
server_6,21:59:20,21:59:50,14748.35,6828.31,Network flood + Disk thrash suspected
server_6,21:59:30,22:00:00,14748.35,6828.31,Network flood + Disk thrash suspected
server_6,21:59:40,22:00:10,14748.35,6828.31,Network flood + Disk thrash suspected
server_6,21:59:50,22:00:20,5033.57,184.22,Possible DDoS
server_6,22:00:00,22:00:30,1005.89,69.53,
server_6,22:00:10,22:00:40,929.9,60.73,
server_6,22:00:20,22:00:50,17749.94,60.73,Possible DDoS
server_6,22:00:30,22:01:00,17749.94,63.96,Possible DDoS
server_6,22:00:40,22:01:10,17749.94,190.18,Possible DDoS
server_6,22:00:50,22:01:20,9273.83,4802.68,Network flood + Disk thrash suspected
server_6,22:01:00,22:01:30,1007.71,4802.68,Disk thrash suspected
server_6,22:01:10,22:01:40,3054.09,4802.68,Disk thrash suspected
server_6,22:01:20,22:01:50,3054.09,823.99,
server_6,22:01:30,22:02:00,11920.1,823.99,Possible DDoS
server_6,22:01:40,22:02:10,11920.1,111.4,Possible DDoS
server_6,22:01:50,22:02:20,11920.1,118.79,Possible DDoS
server_6,22:02:00,22:02:30,811.63,4778.14,Disk thrash suspected
server_6,22:02:10,22:02:40,811.63,5393.25,Disk thrash suspected
server_6,22:02:20,22:02:50,717.41,5393.25,Disk thrash suspected
server_6,22:02:30,22:03:00,1080.2,8706.47,Disk thrash suspected
server_6,22:02:40,22:03:10,1080.2,8706.47,Disk thrash suspected
server_6,22:02:50,22:03:20,12265.33,8706.47,Network flood + Disk thrash suspected
server_6,22:03:00,22:03:30,12265.33,6228.2,Network flood + Disk thrash suspected
server_6,22:03:10,22:03:40,12265.33,89.55,Possible DDoS
server_6,22:03:20,22:03:50,860.72,4712.8,Disk thrash suspected
server_6,22:03:30,22:04:00,860.72,4712.8,Disk thrash suspected
server_6,22:03:40,22:04:10,3779.24,4712.8,Network flood + Disk thrash suspected
server_6,22:03:50,22:04:20,3779.24,1882.68,Possible DDoS
server_6,22:04:00,22:04:30,3779.24,9304.55,Network flood + Disk thrash suspected
server_6,22:04:10,22:04:40,9029.37,9304.55,Network flood + Disk thrash suspected
server_6,22:04:20,22:04:50,9029.37,9304.55,Network flood + Disk thrash suspected
server_6,22:04:30,22:05:00,9029.37,4648.57,Network flood + Disk thrash suspected
server_6,22:04:40,22:05:10,992.08,7808.97,Disk thrash suspected
server_6,22:04:50,22:05:20,8179.45,7808.97,Network flood + Disk thrash suspected
server_6,22:05:00,22:05:30,8179.45,7808.97,Network flood + Disk thrash suspected
server_6,22:05:10,22:05:40,8179.45,106.37,Possible DDoS
server_6,22:05:20,22:05:50,1068.82,145.75,
server_6,22:05:30,22:06:00,1068.82,8923.73,Disk thrash suspected
server_6,22:05:40,22:06:10,1068.82,8923.73,Disk thrash suspected
server_6,22:05:50,22:06:20,891.65,8923.73,Disk thrash suspected
server_6,22:06:00,22:06:30,1056.32,1537.97,
server_6,22:06:10,22:06:40,1056.32,1537.97,
server_6,22:06:20,22:06:50,1056.32,1537.97,
server_6,22:06:30,22:07:00,1009.93,166.35,
server_6,22:06:40,22:07:10,6979.13,166.35,Possible DDoS
server_6,22:06:50,22:07:20,6979.13,5689.92,Network flood + Disk thrash suspected
server_6,22:07:00,22:07:30,6979.13,5689.92,Network flood + Disk thrash suspected
server_6,22:07:10,22:07:40,699.64,5689.92,Disk thrash suspected
server_6,22:07:20,22:07:50,699.64,4019.02,Disk thrash suspected
server_6,22:07:30,22:08:00,628.57,8486.09,Disk thrash suspected
server_6,22:07:40,22:08:10,770.19,8486.09,Disk thrash suspected
server_6,22:07:50,22:08:20,770.19,8486.09,Disk thrash suspected
server_6,22:08:00,22:08:30,13991.78,5767.97,Network flood + Disk thrash suspected
server_6,22:08:10,22:08:40,13991.78,5767.97,Network flood + Disk thrash suspected
server_6,22:08:20,22:08:50,15580.79,5767.97,Network flood + Disk thrash suspected
server_6,22:08:30,22:09:00,15580.79,129.97,Possible DDoS
server_6,22:08:40,22:09:10,15580.79,129.97,Possible DDoS
server_6,22:08:50,22:09:20,765.89,5099.96,Disk thrash suspected
server_6,22:09:00,22:09:30,718.37,5099.96,Disk thrash suspected
server_6,22:09:10,22:09:40,718.37,5099.96,Disk thrash suspected
server_6,22:09:20,22:09:50,7640.59,3258.91,Possible DDoS
server_6,22:09:30,22:10:00,13084.02,3258.91,Possible DDoS
server_6,22:09:40,22:10:10,13084.02,1410.56,Possible DDoS
server_6,22:09:50,22:10:20,13084.02,134.32,Possible DDoS
server_6,22:10:00,22:10:30,814.5,7845.98,Disk thrash suspected
server_6,22:10:10,22:10:40,463.77,7845.98,Disk thrash suspected
server_6,22:10:20,22:10:50,573.43,8659.65,Disk thrash suspected
server_6,22:10:30,22:11:00,15773.11,8659.65,Network flood + Disk thrash suspected
server_6,22:10:40,22:11:10,15773.11,8659.65,Network flood + Disk thrash suspected
server_6,22:10:50,22:11:20,15773.11,8727.64,Network flood + Disk thrash suspected
server_6,22:11:00,22:11:30,443.79,8727.64,Disk thrash suspected
server_6,22:11:10,22:11:40,443.79,8943.46,Disk thrash suspected
server_6,22:11:20,22:11:50,4165.66,8943.46,Network flood + Disk thrash suspected
server_6,22:11:30,22:12:00,8316.74,8943.46,Network flood + Disk thrash suspected
server_6,22:11:40,22:12:10,8316.74,1715.35,Possible DDoS
server_6,22:11:50,22:12:20,8316.74,130.39,Possible DDoS
server_6,22:12:00,22:12:30,6322.82,130.39,Possible DDoS
server_6,22:12:10,22:12:40,6322.82,91.59,Possible DDoS
server_6,22:12:20,22:12:50,6322.82,91.59,Possible DDoS
server_6,22:12:30,22:13:00,1050.4,3165.74,
server_6,22:12:40,22:13:10,911.57,3165.74,
server_6,22:12:50,22:13:20,664.7,3165.74,
server_6,22:13:00,22:13:30,914.61,41.64,
server_6,22:13:10,22:13:40,932.79,191.31,
server_6,22:13:20,22:13:50,932.79,191.31,
server_6,22:13:30,22:14:00,932.79,8176.16,Disk thrash suspected
server_6,22:13:40,22:14:10,14230.82,8176.16,Network flood + Disk thrash suspected
server_6,22:13:50,22:14:20,14230.82,8176.16,Network flood + Disk thrash suspected
server_6,22:14:00,22:14:30,14230.82,109.09,Possible DDoS
server_6,22:14:10,22:14:40,9708.21,114.21,Possible DDoS
server_6,22:14:20,22:14:50,9708.21,114.21,Possible DDoS
server_6,22:14:30,22:15:00,9708.21,1612.36,Possible DDoS
server_6,22:14:40,22:15:10,2146.06,1612.36,
server_6,22:14:50,22:15:20,2146.06,1612.36,
server_6,22:15:00,22:15:30,926.29,124.2,
server_6,22:15:10,22:15:40,926.29,124.2,
server_6,22:15:20,22:15:50,19937.84,1655.22,Possible DDoS
server_6,22:15:30,22:16:00,19937.84,1655.22,Possible DDoS
server_6,22:15:40,22:16:10,19937.84,1655.22,Possible DDoS
server_6,22:15:50,22:16:20,2644.01,9122.12,Disk thrash suspected
server_6,22:16:00,22:16:30,2644.01,9122.12,Disk thrash suspected
server_6,22:16:10,22:16:40,869.82,9122.12,Disk thrash suspected
server_6,22:16:20,22:16:50,983.79,6019.63,Disk thrash suspected
server_6,22:16:30,22:17:00,16133.82,6019.63,Network flood + Disk thrash suspected
server_6,22:16:40,22:17:10,16133.82,1069.72,Possible DDoS
server_6,22:16:50,22:17:20,16133.82,9391.34,Network flood + Disk thrash suspected
server_6,22:17:00,22:17:30,2313.35,9391.34,Disk thrash suspected
server_6,22:17:10,22:17:40,861.8,9391.34,Disk thrash suspected
server_6,22:17:20,22:17:50,4408.85,1408.93,Possible DDoS
server_6,22:17:30,22:18:00,4408.85,1408.93,Possible DDoS
server_6,22:17:40,22:18:10,4408.85,8460.26,Network flood + Disk thrash suspected
server_6,22:17:50,22:18:20,908.26,8460.26,Disk thrash suspected
server_6,22:18:00,22:18:30,769.46,8460.26,Disk thrash suspected
server_6,22:18:10,22:18:40,3663.39,5335.48,Network flood + Disk thrash suspected
server_6,22:18:20,22:18:50,3663.39,5335.48,Network flood + Disk thrash suspected
server_6,22:18:30,22:19:00,3663.39,1463.63,Possible DDoS
server_6,22:18:40,22:19:10,920.56,145.22,
server_6,22:18:50,22:19:20,920.56,145.22,
server_6,22:19:00,22:19:30,16013.72,145.22,Possible DDoS
server_6,22:19:10,22:19:40,16013.72,171.36,Possible DDoS
server_6,22:19:20,22:19:50,16013.72,171.36,Possible DDoS
server_6,22:19:30,22:20:00,14030.09,4009.64,Network flood + Disk thrash suspected
server_6,22:19:40,22:20:10,954.5,8352.48,Disk thrash suspected
server_6,22:19:50,22:20:20,954.5,8352.48,Disk thrash suspected
server_6,22:20:00,22:20:30,956.24,8352.48,Disk thrash suspected
server_6,22:20:10,22:20:40,17175.02,175.48,Possible DDoS
server_6,22:20:20,22:20:50,17175.02,175.48,Possible DDoS
server_6,22:20:30,22:21:00,17175.02,175.48,Possible DDoS
server_6,22:20:40,22:21:10,18174.9,186.74,Possible DDoS
server_6,22:20:50,22:21:20,19970.48,186.74,Possible DDoS
server_6,22:21:00,22:21:30,19970.48,186.74,Possible DDoS
server_6,22:21:10,22:21:40,19970.48,128.91,Possible DDoS
server_6,22:21:20,22:21:50,653.15,128.91,
server_6,22:21:30,22:22:00,653.15,128.91,
server_6,22:21:40,22:22:10,871.61,6061.01,Disk thrash suspected
server_6,22:21:50,22:22:20,2294.9,6061.01,Disk thrash suspected
server_6,22:22:00,22:22:30,2294.9,6061.01,Disk thrash suspected
server_6,22:22:10,22:22:40,2294.9,5848.53,Disk thrash suspected
server_6,22:22:20,22:22:50,11801.84,5848.53,Network flood + Disk thrash suspected
server_6,22:22:30,22:23:00,11801.84,6116.6,Network flood + Disk thrash suspected
server_6,22:22:40,22:23:10,11801.84,6116.6,Network flood + Disk thrash suspected
server_6,22:22:50,22:23:20,2111.86,6116.6,Disk thrash suspected
server_6,22:23:00,22:23:30,5551.48,7115.96,Network flood + Disk thrash suspected
server_6,22:23:10,22:23:40,5551.48,7115.96,Network flood + Disk thrash suspected
server_6,22:23:20,22:23:50,5551.48,7115.96,Network flood + Disk thrash suspected
server_6,22:23:30,22:24:00,861.93,4143.65,Disk thrash suspected
server_6,22:23:40,22:24:10,1005.01,1906.51,
server_6,22:23:50,22:24:20,1005.01,3989.33,Disk thrash suspected
server_6,22:24:00,22:24:30,14806.85,8728.44,Network flood + Disk thrash suspected
server_6,22:24:10,22:24:40,14806.85,8728.44,Network flood + Disk thrash suspected
server_6,22:24:20,22:24:50,14806.85,8728.44,Network flood + Disk thrash suspected
server_6,22:24:30,22:25:00,13898.34,72.66,Possible DDoS
server_6,22:24:40,22:25:10,13632.88,98.62,Possible DDoS
server_6,22:24:50,22:25:20,13632.88,98.62,Possible DDoS
server_6,22:25:00,22:25:30,13632.88,98.62,Possible DDoS
server_6,22:25:10,22:25:40,477.08,5663.33,Disk thrash suspected
server_6,22:25:20,22:25:50,481.57,5663.33,Disk thrash suspected
server_6,22:25:30,22:26:00,800.66,5663.33,Disk thrash suspected
server_6,22:25:40,22:26:10,4483.21,1328.02,Possible DDoS
server_6,22:25:50,22:26:20,11347.41,1328.02,Possible DDoS
server_6,22:26:00,22:26:30,11347.41,1328.02,Possible DDoS
server_6,22:26:10,22:26:40,15630.69,148.33,Possible DDoS
server_6,22:26:20,22:26:50,15630.69,1047.22,Possible DDoS
server_6,22:26:30,22:27:00,15630.69,1862.01,Possible DDoS
server_6,22:26:40,22:27:10,3693.42,1862.01,Possible DDoS
server_6,22:26:50,22:27:20,12263.28,1862.01,Possible DDoS
server_6,22:27:00,22:27:30,12263.28,1279.06,Possible DDoS
server_6,22:27:10,22:27:40,12263.28,1279.06,Possible DDoS
server_6,22:27:20,22:27:50,706.68,84.33,
server_6,22:27:30,22:28:00,16290.16,84.33,Possible DDoS
server_6,22:27:40,22:28:10,16290.16,9836.8,Network flood + Disk thrash suspected
server_6,22:27:50,22:28:20,16290.16,9836.8,Network flood + Disk thrash suspected
server_6,22:28:00,22:28:30,6485.97,9836.8,Network flood + Disk thrash suspected
server_6,22:28:10,22:28:40,6485.97,145.02,Possible DDoS
server_6,22:28:20,22:28:50,679.72,145.02,
server_6,22:28:30,22:29:00,826.99,139.72,
server_6,22:28:40,22:29:10,847.42,139.72,
server_6,22:28:50,22:29:20,847.42,9934.97,Disk thrash suspected
server_6,22:29:00,22:29:30,18929.66,9934.97,Network flood + Disk thrash suspected
server_6,22:29:10,22:29:40,18929.66,9934.97,Network flood + Disk thrash suspected
server_6,22:29:20,22:29:50,18929.66,129.44,Possible DDoS
server_6,22:29:30,22:30:00,16810.69,197.93,Possible DDoS
server_6,22:29:40,22:30:10,16810.69,3300.03,Possible DDoS
server_6,22:29:50,22:30:20,16810.69,3300.03,Possible DDoS
server_6,22:30:00,22:30:30,4073.31,3300.03,Possible DDoS
server_6,22:30:10,22:30:40,934.81,160.96,
server_6,22:30:20,22:30:50,934.81,160.96,
server_6,22:30:30,22:31:00,925.79,120.25,
server_6,22:30:40,22:31:10,925.79,7073.16,Disk thrash suspected
server_6,22:30:50,22:31:20,2193.07,7073.16,Disk thrash suspected
server_6,22:31:00,22:31:30,2193.07,9295.85,Disk thrash suspected
server_6,22:31:10,22:31:40,2193.07,9295.85,Disk thrash suspected
server_6,22:31:20,22:31:50,1068.92,9295.85,Disk thrash suspected
server_6,22:31:30,22:32:00,4765.86,538.59,Possible DDoS
server_6,22:31:40,22:32:10,4765.86,538.59,Possible DDoS
server_6,22:31:50,22:32:20,14576.93,538.59,Possible DDoS
server_6,22:32:00,22:32:30,14576.93,1270.23,Possible DDoS
server_6,22:32:10,22:32:40,14576.93,1270.23,Possible DDoS
server_6,22:32:20,22:32:50,4695.11,1896.36,Possible DDoS
server_6,22:32:30,22:33:00,2663.29,7159.99,Disk thrash suspected
server_6,22:32:40,22:33:10,7236.72,7159.99,Network flood + Disk thrash suspected
server_6,22:32:50,22:33:20,7236.72,9772.53,Network flood + Disk thrash suspected
server_6,22:33:00,22:33:30,10001.92,9772.53,Network flood + Disk thrash suspected
server_6,22:33:10,22:33:40,10001.92,9772.53,Network flood + Disk thrash suspected
server_6,22:33:20,22:33:50,10001.92,1473.26,Possible DDoS
server_6,22:33:30,22:34:00,3452.87,4152.56,Disk thrash suspected
server_6,22:33:40,22:34:10,17793.52,4152.56,Network flood + Disk thrash suspected
server_6,22:33:50,22:34:20,17793.52,4152.56,Network flood + Disk thrash suspected
server_6,22:34:00,22:34:30,17793.52,153.5,Possible DDoS
server_6,22:34:10,22:34:40,11249.76,153.5,Possible DDoS
server_6,22:34:20,22:34:50,15706.53,1275.8,Possible DDoS
server_6,22:34:30,22:35:00,15706.53,1275.8,Possible DDoS
server_6,22:34:40,22:35:10,15706.53,1275.8,Possible DDoS
server_6,22:34:50,22:35:20,966.15,9988.66,Disk thrash suspected
server_6,22:35:00,22:35:30,966.15,9988.66,Disk thrash suspected
server_6,22:35:10,22:35:40,16786.54,9988.66,Network flood + Disk thrash suspected
server_6,22:35:20,22:35:50,16786.54,1463.51,Possible DDoS
server_6,22:35:30,22:36:00,16786.54,1463.51,Possible DDoS
server_6,22:35:40,22:36:10,13335.52,1462.84,Possible DDoS
server_6,22:35:50,22:36:20,4537.16,1462.84,Possible DDoS
server_6,22:36:00,22:36:30,4322.28,1462.84,Possible DDoS
server_6,22:36:10,22:36:40,2541.88,1043.94,
server_6,22:36:20,22:36:50,6469.6,4125.29,Network flood + Disk thrash suspected
server_6,22:36:30,22:37:00,6469.6,4125.29,Network flood + Disk thrash suspected
server_6,22:36:40,22:37:10,6469.6,4125.29,Network flood + Disk thrash suspected
server_6,22:36:50,22:37:20,1011.57,3814.15,Disk thrash suspected
server_6,22:37:00,22:37:30,1011.57,3814.15,Disk thrash suspected
server_6,22:37:10,22:37:40,1011.57,155.96,
server_6,22:37:20,22:37:50,555.9,6765.26,Disk thrash suspected
server_6,22:37:30,22:38:00,951.1,6765.26,Disk thrash suspected
server_6,22:37:40,22:38:10,951.1,6765.26,Disk thrash suspected
server_6,22:37:50,22:38:20,951.1,5957.86,Disk thrash suspected
server_6,22:38:00,22:38:30,849.17,166.34,
server_6,22:38:10,22:38:40,849.17,75.49,
server_6,22:38:20,22:38:50,912.58,8039.64,Disk thrash suspected
server_6,22:38:30,22:39:00,912.58,8039.64,Disk thrash suspected
server_6,22:38:40,22:39:10,912.58,8039.64,Disk thrash suspected
server_6,22:38:50,22:39:20,873.75,7995.83,Disk thrash suspected
server_6,22:39:00,22:39:30,12429.94,141.5,Possible DDoS
server_6,22:39:10,22:39:40,12429.94,76.57,Possible DDoS
server_6,22:39:20,22:39:50,12429.94,62.94,Possible DDoS
server_6,22:39:30,22:40:00,6609.82,94.14,Possible DDoS
server_6,22:39:40,22:40:10,17173.62,99.51,Possible DDoS
server_6,22:39:50,22:40:20,17173.62,5318.42,Network flood + Disk thrash suspected
server_6,22:40:00,22:40:30,17173.62,5318.42,Network flood + Disk thrash suspected
server_6,22:40:10,22:40:40,1007.46,5318.42,Disk thrash suspected
server_6,22:40:20,22:40:50,8083.0,168.16,Possible DDoS
server_6,22:40:30,22:41:00,13149.22,164.63,Possible DDoS
server_6,22:40:40,22:41:10,13149.22,138.24,Possible DDoS
server_6,22:40:50,22:41:20,13149.22,9458.74,Network flood + Disk thrash suspected
server_6,22:41:00,22:41:30,5650.48,9458.74,Network flood + Disk thrash suspected
server_6,22:41:10,22:41:40,874.18,9458.74,Disk thrash suspected
server_6,22:41:20,22:41:50,874.18,171.45,
server_6,22:41:30,22:42:00,874.18,171.45,
server_6,22:41:40,22:42:10,814.6,86.85,
server_6,22:41:50,22:42:20,4986.47,1304.97,Possible DDoS
server_6,22:42:00,22:42:30,4986.47,1304.97,Possible DDoS
server_6,22:42:10,22:42:40,4986.47,1304.97,Possible DDoS
server_6,22:42:20,22:42:50,881.19,6896.61,Disk thrash suspected
server_6,22:42:30,22:43:00,15551.15,6896.61,Network flood + Disk thrash suspected
server_6,22:42:40,22:43:10,15551.15,6896.61,Network flood + Disk thrash suspected
server_6,22:42:50,22:43:20,15551.15,1328.56,Possible DDoS
server_6,22:43:00,22:43:30,1243.69,1328.56,
server_6,22:43:10,22:43:40,1243.69,1328.56,
server_6,22:43:20,22:43:50,2400.79,1515.1,
server_6,22:43:30,22:44:00,10309.08,1515.1,Possible DDoS
server_6,22:43:40,22:44:10,10309.08,1515.1,Possible DDoS
server_6,22:43:50,22:44:20,10309.08,177.92,Possible DDoS
server_6,22:44:00,22:44:30,13763.11,156.78,Possible DDoS
server_6,22:44:10,22:44:40,13763.11,136.85,Possible DDoS
server_6,22:44:20,22:44:50,14217.97,193.02,Possible DDoS
server_6,22:44:30,22:45:00,14217.97,1090.11,Possible DDoS
server_6,22:44:40,22:45:10,14217.97,1090.11,Possible DDoS
server_6,22:44:50,22:45:20,3091.99,1090.11,
server_6,22:45:00,22:45:30,3091.99,998.07,
server_6,22:45:10,22:45:40,4963.22,1205.38,Possible DDoS
server_6,22:45:20,22:45:50,4963.22,4191.51,Network flood + Disk thrash suspected
server_6,22:45:30,22:46:00,4963.22,4191.51,Network flood + Disk thrash suspected
server_6,22:45:40,22:46:10,1148.92,4703.06,Disk thrash suspected
server_6,22:45:50,22:46:20,1148.92,8246.92,Disk thrash suspected
server_6,22:46:00,22:46:30,991.47,8246.92,Disk thrash suspected
server_6,22:46:10,22:46:40,3836.93,8246.92,Network flood + Disk thrash suspected
server_6,22:46:20,22:46:50,3836.93,1942.37,Possible DDoS
server_6,22:46:30,22:47:00,3836.93,1942.37,Possible DDoS
server_6,22:46:40,22:47:10,945.34,161.34,
server_6,22:46:50,22:47:20,945.34,7618.1,Disk thrash suspected
server_6,22:47:00,22:47:30,945.34,9245.43,Disk thrash suspected
server_6,22:47:10,22:47:40,842.9,9245.43,Disk thrash suspected
server_6,22:47:20,22:47:50,4629.51,9245.43,Network flood + Disk thrash suspected
server_6,22:47:30,22:48:00,4629.51,7471.55,Network flood + Disk thrash suspected
server_6,22:47:40,22:48:10,4629.51,1947.62,Possible DDoS
server_6,22:47:50,22:48:20,1829.98,1947.62,
server_6,22:48:00,22:48:30,386.88,103.0,
server_6,22:48:10,22:48:40,6765.77,1098.7,Possible DDoS
server_6,22:48:20,22:48:50,6765.77,1098.7,Possible DDoS
server_6,22:48:30,22:49:00,6765.77,1098.7,Possible DDoS
server_6,22:48:40,22:49:10,4466.24,734.83,Possible DDoS
server_6,22:48:50,22:49:20,4466.24,1731.69,Possible DDoS
server_6,22:49:00,22:49:30,4466.24,1731.69,Possible DDoS
server_6,22:49:10,22:49:40,4835.07,1731.69,Possible DDoS
server_6,22:49:20,22:49:50,4835.07,1447.29,Possible DDoS
server_6,22:49:30,22:50:00,11953.0,1447.29,Possible DDoS
server_6,22:49:40,22:50:10,11953.0,106.28,Possible DDoS
server_6,22:49:50,22:50:20,11953.0,129.27,Possible DDoS
server_6,22:50:00,22:50:30,6624.56,166.86,Possible DDoS
server_6,22:50:10,22:50:40,6624.56,4669.38,Network flood + Disk thrash suspected
server_6,22:50:20,22:50:50,5555.19,4669.38,Network flood + Disk thrash suspected
server_6,22:50:30,22:51:00,640.19,4669.38,Disk thrash suspected
server_6,22:50:40,22:51:10,4596.71,1407.17,Possible DDoS
server_6,22:50:50,22:51:20,4596.71,1407.17,Possible DDoS
server_6,22:51:00,22:51:30,4596.71,1407.17,Possible DDoS
server_6,22:51:10,22:51:40,961.35,8765.8,Disk thrash suspected
server_6,22:51:20,22:51:50,986.58,8765.8,Disk thrash suspected
server_6,22:51:30,22:52:00,5800.34,8765.8,Network flood + Disk thrash suspected
server_6,22:51:40,22:52:10,5800.34,184.37,Possible DDoS
server_6,22:51:50,22:52:20,5800.34,1770.2,Possible DDoS
server_6,22:52:00,22:52:30,4505.54,1770.2,Possible DDoS
server_6,22:52:10,22:52:40,18235.5,1770.2,Possible DDoS
server_6,22:52:20,22:52:50,18235.5,1364.8,Possible DDoS
server_6,22:52:30,22:53:00,18235.5,181.67,Possible DDoS
server_6,22:52:40,22:53:10,15688.25,181.67,Possible DDoS
server_6,22:52:50,22:53:20,15688.25,160.19,Possible DDoS
server_7,20:53:00,20:53:30,15791.68,5490.29,Network flood + Disk thrash suspected
server_7,20:53:10,20:53:40,2248.45,595.73,
server_7,20:53:20,20:53:50,2248.45,1936.98,
server_7,20:53:30,20:54:00,1038.74,1936.98,
server_7,20:53:40,20:54:10,1038.74,1936.98,
server_7,20:53:50,20:54:20,4902.8,4784.42,Network flood + Disk thrash suspected
server_7,20:54:00,20:54:30,12550.79,4784.42,Network flood + Disk thrash suspected
server_7,20:54:10,20:54:40,12550.79,4784.42,Network flood + Disk thrash suspected
server_7,20:54:20,20:54:50,12550.79,1386.76,Possible DDoS
server_7,20:54:30,20:55:00,19356.38,220.23,Possible DDoS
server_7,20:54:40,20:55:10,19356.38,220.23,Possible DDoS
server_7,20:54:50,20:55:20,19356.38,6358.82,Network flood + Disk thrash suspected
server_7,20:55:00,20:55:30,15386.57,6358.82,Network flood + Disk thrash suspected
server_7,20:55:10,20:55:40,15386.57,6358.82,Network flood + Disk thrash suspected
server_7,20:55:20,20:55:50,15386.57,1693.31,Possible DDoS
server_7,20:55:30,20:56:00,7166.58,1693.31,Possible DDoS
server_7,20:55:40,20:56:10,1002.6,1693.31,
server_7,20:55:50,20:56:20,825.98,4423.3,Disk thrash suspected
server_7,20:56:00,20:56:30,15529.23,4423.3,Network flood + Disk thrash suspected
server_7,20:56:10,20:56:40,15529.23,4423.3,Network flood + Disk thrash suspected
server_7,20:56:20,20:56:50,15529.23,197.94,Possible DDoS
server_7,20:56:30,20:57:00,600.26,109.87,
server_7,20:56:40,20:57:10,625.39,9564.64,Disk thrash suspected
server_7,20:56:50,20:57:20,17260.95,9564.64,Network flood + Disk thrash suspected
server_7,20:57:00,20:57:30,17260.95,9564.64,Network flood + Disk thrash suspected
server_7,20:57:10,20:57:40,17260.95,6289.71,Network flood + Disk thrash suspected
server_7,20:57:20,20:57:50,3058.07,6289.71,Disk thrash suspected
server_7,20:57:30,20:58:00,2876.02,6289.71,Disk thrash suspected
server_7,20:57:40,20:58:10,2876.02,1812.09,
server_7,20:57:50,20:58:20,2876.02,1812.09,
server_7,20:58:00,20:58:30,2135.38,1288.67,
server_7,20:58:10,20:58:40,2135.38,1288.67,
server_7,20:58:20,20:58:50,457.95,56.17,
server_7,20:58:30,20:59:00,17672.24,146.87,Possible DDoS
server_7,20:58:40,20:59:10,17672.24,1155.52,Possible DDoS
server_7,20:58:50,20:59:20,17672.24,1155.52,Possible DDoS
server_7,20:59:00,20:59:30,3339.35,1155.52,
server_7,20:59:10,20:59:40,2769.13,1571.6,
server_7,20:59:20,20:59:50,2769.13,1571.6,
server_7,20:59:30,21:00:00,2769.13,6381.62,Disk thrash suspected
server_7,20:59:40,21:00:10,891.85,6381.62,Disk thrash suspected
server_7,20:59:50,21:00:20,891.85,9611.29,Disk thrash suspected
server_7,21:00:00,21:00:30,1282.5,9611.29,Disk thrash suspected
server_7,21:00:10,21:00:40,4232.89,9611.29,Network flood + Disk thrash suspected
server_7,21:00:20,21:00:50,4232.89,4802.05,Network flood + Disk thrash suspected
server_7,21:00:30,21:01:00,4232.89,905.68,Possible DDoS
server_7,21:00:40,21:01:10,4009.9,905.68,Possible DDoS
server_7,21:00:50,21:01:20,855.98,117.22,
server_7,21:01:00,21:01:30,923.03,117.22,
server_7,21:01:10,21:01:40,923.03,4654.19,Disk thrash suspected
server_7,21:01:20,21:01:50,923.03,4654.19,Disk thrash suspected
server_7,21:01:30,21:02:00,892.36,4654.19,Disk thrash suspected
server_7,21:01:40,21:02:10,958.2,121.95,
server_7,21:01:50,21:02:20,958.2,103.56,
server_7,21:02:00,21:02:30,958.2,85.95,
server_7,21:02:10,21:02:40,19644.81,566.69,Possible DDoS
server_7,21:02:20,21:02:50,19644.81,566.69,Possible DDoS
server_7,21:02:30,21:03:00,19644.81,566.69,Possible DDoS
server_7,21:02:40,21:03:10,931.19,119.69,
server_7,21:02:50,21:03:20,5445.1,93.57,Possible DDoS
server_7,21:03:00,21:03:30,5445.1,93.57,Possible DDoS
server_7,21:03:10,21:03:40,5445.1,59.34,Possible DDoS
server_7,21:03:20,21:03:50,19389.12,59.34,Possible DDoS
server_7,21:03:30,21:04:00,19389.12,41.04,Possible DDoS
server_7,21:03:40,21:04:10,19389.12,162.84,Possible DDoS
server_7,21:03:50,21:04:20,6362.62,162.84,Possible DDoS
server_7,21:04:00,21:04:30,19368.01,196.99,Possible DDoS
server_7,21:04:10,21:04:40,19368.01,1244.55,Possible DDoS
server_7,21:04:20,21:04:50,19368.01,1244.55,Possible DDoS
server_7,21:04:30,21:05:00,3440.77,1244.55,
server_7,21:04:40,21:05:10,3440.77,630.69,
server_7,21:04:50,21:05:20,6256.31,630.69,Possible DDoS
server_7,21:05:00,21:05:30,10168.01,630.69,Possible DDoS
server_7,21:05:10,21:05:40,10168.01,3773.45,Network flood + Disk thrash suspected
server_7,21:05:20,21:05:50,10168.01,5224.78,Network flood + Disk thrash suspected
server_7,21:05:30,21:06:00,927.6,5480.86,Disk thrash suspected
server_7,21:05:40,21:06:10,954.36,8225.72,Disk thrash suspected
server_7,21:05:50,21:06:20,954.36,8225.72,Disk thrash suspected
server_7,21:06:00,21:06:30,954.36,8225.72,Disk thrash suspected
server_7,21:06:10,21:06:40,649.45,152.17,
server_7,21:06:20,21:06:50,857.26,152.17,
server_7,21:06:30,21:07:00,15363.02,122.61,Possible DDoS
server_7,21:06:40,21:07:10,15363.02,191.17,Possible DDoS
server_7,21:06:50,21:07:20,15363.02,191.17,Possible DDoS
server_7,21:07:00,21:07:30,892.2,8991.45,Disk thrash suspected
server_7,21:07:10,21:07:40,4019.23,8991.45,Network flood + Disk thrash suspected
server_7,21:07:20,21:07:50,13810.23,8991.45,Network flood + Disk thrash suspected
server_7,21:07:30,21:08:00,13810.23,1381.72,Possible DDoS
server_7,21:07:40,21:08:10,13810.23,6826.1,Network flood + Disk thrash suspected
server_7,21:07:50,21:08:20,1790.78,6826.1,Disk thrash suspected
server_7,21:08:00,21:08:30,1790.78,6826.1,Disk thrash suspected
server_7,21:08:10,21:08:40,11049.74,63.48,Possible DDoS
server_7,21:08:20,21:08:50,11049.74,49.77,Possible DDoS
server_7,21:08:30,21:09:00,11049.74,44.0,Possible DDoS
server_7,21:08:40,21:09:10,4496.81,1256.82,Possible DDoS
server_7,21:08:50,21:09:20,4496.81,1866.08,Possible DDoS
server_7,21:09:00,21:09:30,11642.34,1866.08,Possible DDoS
server_7,21:09:10,21:09:40,11642.34,1866.08,Possible DDoS
server_7,21:09:20,21:09:50,11642.34,195.45,Possible DDoS
server_7,21:09:30,21:10:00,1042.95,5664.94,Disk thrash suspected
server_7,21:09:40,21:10:10,1042.95,5664.94,Disk thrash suspected
server_7,21:09:50,21:10:20,617.03,5664.94,Disk thrash suspected
server_7,21:10:00,21:10:30,617.03,3057.89,
server_7,21:10:10,21:10:40,5231.72,3057.89,Possible DDoS
server_7,21:10:20,21:10:50,18998.96,190.05,Possible DDoS
server_7,21:10:30,21:11:00,18998.96,190.05,Possible DDoS
server_7,21:10:40,21:11:10,18998.96,4130.71,Network flood + Disk thrash suspected
server_7,21:10:50,21:11:20,637.2,4130.71,Disk thrash suspected
server_7,21:11:00,21:11:30,637.2,4130.71,Disk thrash suspected
server_7,21:11:10,21:11:40,610.56,151.3,
server_7,21:11:20,21:11:50,5646.06,5636.65,Network flood + Disk thrash suspected
server_7,21:11:30,21:12:00,5646.06,5636.65,Network flood + Disk thrash suspected
server_7,21:11:40,21:12:10,5646.06,5636.65,Network flood + Disk thrash suspected
server_7,21:11:50,21:12:20,10957.48,113.89,Possible DDoS
server_7,21:12:00,21:12:30,10957.48,184.89,Possible DDoS
server_7,21:12:10,21:12:40,10957.48,5607.65,Network flood + Disk thrash suspected
server_7,21:12:20,21:12:50,5029.19,5607.65,Network flood + Disk thrash suspected
server_7,21:12:30,21:13:00,452.71,5607.65,Disk thrash suspected
server_7,21:12:40,21:13:10,3732.08,3956.96,Network flood + Disk thrash suspected
server_7,21:12:50,21:13:20,11235.63,3956.96,Network flood + Disk thrash suspected
server_7,21:13:00,21:13:30,11235.63,1580.62,Possible DDoS
server_7,21:13:10,21:13:40,11235.63,184.36,Possible DDoS
server_7,21:13:20,21:13:50,870.78,117.92,
server_7,21:13:30,21:14:00,8066.26,187.44,Possible DDoS
server_7,21:13:40,21:14:10,8066.26,187.44,Possible DDoS
server_7,21:13:50,21:14:20,8066.26,995.59,Possible DDoS
server_7,21:14:00,21:14:30,3966.04,7723.02,Network flood + Disk thrash suspected
server_7,21:14:10,21:14:40,9758.13,7723.02,Network flood + Disk thrash suspected
server_7,21:14:20,21:14:50,9758.13,7723.02,Network flood + Disk thrash suspected
server_7,21:14:30,21:15:00,9758.13,909.71,Possible DDoS
server_7,21:14:40,21:15:10,4766.56,909.71,Possible DDoS
server_7,21:14:50,21:15:20,4766.56,1661.25,Possible DDoS
server_7,21:15:00,21:15:30,4405.79,1661.25,Possible DDoS
server_7,21:15:10,21:15:40,4405.79,1799.76,Possible DDoS
server_7,21:15:20,21:15:50,16147.9,1799.76,Possible DDoS
server_7,21:15:30,21:16:00,16147.9,1799.76,Possible DDoS
server_7,21:15:40,21:16:10,16147.9,962.74,Possible DDoS
server_7,21:15:50,21:16:20,2231.63,962.74,
server_7,21:16:00,21:16:30,12973.52,962.74,Possible DDoS
server_7,21:16:10,21:16:40,12973.52,124.6,Possible DDoS
server_7,21:16:20,21:16:50,12973.52,124.6,Possible DDoS
server_7,21:16:30,21:17:00,611.72,6394.53,Disk thrash suspected
server_7,21:16:40,21:17:10,929.72,6394.53,Disk thrash suspected
server_7,21:16:50,21:17:20,1367.69,6394.53,Disk thrash suspected
server_7,21:17:00,21:17:30,1367.69,1068.01,
server_7,21:17:10,21:17:40,3673.67,6951.96,Network flood + Disk thrash suspected
server_7,21:17:20,21:17:50,15458.66,6951.96,Network flood + Disk thrash suspected
server_7,21:17:30,21:18:00,15458.66,6951.96,Network flood + Disk thrash suspected
server_7,21:17:40,21:18:10,15458.66,5119.06,Network flood + Disk thrash suspected
server_7,21:17:50,21:18:20,8640.41,5119.06,Network flood + Disk thrash suspected
server_7,21:18:00,21:18:30,971.88,5119.06,Disk thrash suspected
server_7,21:18:10,21:18:40,12455.93,5030.8,Network flood + Disk thrash suspected
server_7,21:18:20,21:18:50,12455.93,5030.8,Network flood + Disk thrash suspected
server_7,21:18:30,21:19:00,12455.93,5030.8,Network flood + Disk thrash suspected
server_7,21:18:40,21:19:10,3944.34,1592.5,Possible DDoS
server_7,21:18:50,21:19:20,3944.34,1592.5,Possible DDoS
server_7,21:19:00,21:19:30,19255.62,8309.24,Network flood + Disk thrash suspected
server_7,21:19:10,21:19:40,19255.62,8309.24,Network flood + Disk thrash suspected
server_7,21:19:20,21:19:50,19255.62,8309.24,Network flood + Disk thrash suspected
server_7,21:19:30,21:20:00,18270.68,5747.02,Network flood + Disk thrash suspected
server_7,21:19:40,21:20:10,970.13,5747.02,Disk thrash suspected
server_7,21:19:50,21:20:20,2254.53,5747.02,Disk thrash suspected
server_7,21:20:00,21:20:30,2254.53,1643.71,
server_7,21:20:10,21:20:40,2254.53,1643.71,
server_7,21:20:20,21:20:50,1394.16,910.46,
server_7,21:20:30,21:21:00,1394.16,910.46,
server_7,21:20:40,21:21:10,930.28,132.52,
server_7,21:20:50,21:21:20,6821.43,151.32,Possible DDoS
server_7,21:21:00,21:21:30,6821.43,151.32,Possible DDoS
server_7,21:21:10,21:21:40,8889.56,167.08,Possible DDoS
server_7,21:21:20,21:21:50,8889.56,167.08,Possible DDoS
server_7,21:21:30,21:22:00,8889.56,167.08,Possible DDoS
server_7,21:21:40,21:22:10,3132.61,1797.53,
server_7,21:21:50,21:22:20,3132.61,6751.71,Disk thrash suspected
server_7,21:22:00,21:22:30,3132.61,6751.71,Disk thrash suspected
server_7,21:22:10,21:22:40,6744.53,6751.71,Network flood + Disk thrash suspected
server_7,21:22:20,21:22:50,6744.53,5929.89,Network flood + Disk thrash suspected
server_7,21:22:30,21:23:00,17379.35,117.12,Possible DDoS
server_7,21:22:40,21:23:10,17379.35,150.66,Possible DDoS
server_7,21:22:50,21:23:20,17379.35,9809.02,Network flood + Disk thrash suspected
server_7,21:23:00,21:23:30,2089.36,9809.02,Disk thrash suspected
server_7,21:23:10,21:23:40,2089.36,9809.02,Disk thrash suspected
server_7,21:23:20,21:23:50,2089.36,1768.81,
server_7,21:23:30,21:24:00,4186.84,1541.55,Possible DDoS
server_7,21:23:40,21:24:10,4186.84,1541.55,Possible DDoS
server_7,21:23:50,21:24:20,4186.84,1681.24,Possible DDoS
server_7,21:24:00,21:24:30,2552.17,1681.24,
server_7,21:24:10,21:24:40,15433.16,1681.24,Possible DDoS
server_7,21:24:20,21:24:50,15433.16,653.36,Possible DDoS
server_7,21:24:30,21:25:00,15433.16,1081.92,Possible DDoS
server_7,21:24:40,21:25:10,17092.03,1126.02,Possible DDoS
server_7,21:24:50,21:25:20,17092.03,1126.02,Possible DDoS
server_7,21:25:00,21:25:30,17092.03,5086.66,Network flood + Disk thrash suspected
server_7,21:25:10,21:25:40,962.17,5086.66,Disk thrash suspected
server_7,21:25:20,21:25:50,962.17,8121.75,Disk thrash suspected
server_7,21:25:30,21:26:00,8180.44,8121.75,Network flood + Disk thrash suspected
server_7,21:25:40,21:26:10,8180.44,8121.75,Network flood + Disk thrash suspected
server_7,21:25:50,21:26:20,8180.44,107.29,Possible DDoS
server_7,21:26:00,21:26:30,1031.41,101.84,
server_7,21:26:10,21:26:40,4279.25,511.21,Possible DDoS
server_7,21:26:20,21:26:50,4279.25,511.21,Possible DDoS
server_7,21:26:30,21:27:00,4279.25,9378.59,Network flood + Disk thrash suspected
server_7,21:26:40,21:27:10,6526.66,9378.59,Network flood + Disk thrash suspected
server_7,21:26:50,21:27:20,6526.66,9378.59,Network flood + Disk thrash suspected
server_7,21:27:00,21:27:30,6526.66,6062.29,Network flood + Disk thrash suspected
server_7,21:27:10,21:27:40,3837.15,6062.29,Network flood + Disk thrash suspected
server_7,21:27:20,21:27:50,1154.04,6062.29,Disk thrash suspected
server_7,21:27:30,21:28:00,953.78,159.99,
server_7,21:27:40,21:28:10,11747.35,184.59,Possible DDoS
server_7,21:27:50,21:28:20,11747.35,8899.65,Network flood + Disk thrash suspected
server_7,21:28:00,21:28:30,11747.35,8899.65,Network flood + Disk thrash suspected
server_7,21:28:10,21:28:40,651.66,8899.65,Disk thrash suspected
server_7,21:28:20,21:28:50,935.31,7289.88,Disk thrash suspected
server_7,21:28:30,21:29:00,13973.21,87.55,Possible DDoS
server_7,21:28:40,21:29:10,13973.21,87.55,Possible DDoS
server_7,21:28:50,21:29:20,13973.21,87.14,Possible DDoS
server_7,21:29:00,21:29:30,13786.37,184.55,Possible DDoS
server_7,21:29:10,21:29:40,13786.37,184.55,Possible DDoS
server_7,21:29:20,21:29:50,13786.37,184.55,Possible DDoS
server_7,21:29:30,21:30:00,14271.32,100.48,Possible DDoS
server_7,21:29:40,21:30:10,14271.32,555.44,Possible DDoS
server_7,21:29:50,21:30:20,14271.32,555.44,Possible DDoS
server_7,21:30:00,21:30:30,2714.1,7622.97,Disk thrash suspected
server_7,21:30:10,21:30:40,973.25,7622.97,Disk thrash suspected
server_7,21:30:20,21:30:50,918.82,7622.97,Disk thrash suspected
server_7,21:30:30,21:31:00,918.82,106.77,
server_7,21:30:40,21:31:10,19414.36,111.96,Possible DDoS
server_7,21:30:50,21:31:20,19414.36,111.96,Possible DDoS
server_7,21:31:00,21:31:30,19414.36,111.96,Possible DDoS
server_7,21:31:10,21:31:40,3098.43,1707.11,
server_7,21:31:20,21:31:50,3098.43,1707.11,
server_7,21:31:30,21:32:00,3098.43,5563.54,Disk thrash suspected
server_7,21:31:40,21:32:10,1435.53,5563.54,Disk thrash suspected
server_7,21:31:50,21:32:20,1435.53,5563.54,Disk thrash suspected
server_7,21:32:00,21:32:30,13656.96,1744.41,Possible DDoS
server_7,21:32:10,21:32:40,13656.96,185.72,Possible DDoS
server_7,21:32:20,21:32:50,13656.96,185.72,Possible DDoS
server_7,21:32:30,21:33:00,1026.27,106.95,
server_7,21:32:40,21:33:10,1018.97,106.95,
server_7,21:32:50,21:33:20,4508.82,850.92,Possible DDoS
server_7,21:33:00,21:33:30,4508.82,7804.38,Network flood + Disk thrash suspected
server_7,21:33:10,21:33:40,4508.82,7804.38,Network flood + Disk thrash suspected
server_7,21:33:20,21:33:50,1000.05,7804.38,Disk thrash suspected
server_7,21:33:30,21:34:00,2071.94,1566.13,
server_7,21:33:40,21:34:10,2071.94,1566.13,
server_7,21:33:50,21:34:20,2071.94,1566.13,
server_7,21:34:00,21:34:30,4782.36,815.48,Possible DDoS
server_7,21:34:10,21:34:40,4782.36,1780.17,Possible DDoS
server_7,21:34:20,21:34:50,4782.36,1780.17,Possible DDoS
server_7,21:34:30,21:35:00,4613.9,1780.17,Possible DDoS
server_7,21:34:40,21:35:10,4613.9,8627.5,Network flood + Disk thrash suspected
server_7,21:34:50,21:35:20,307.72,8627.5,Disk thrash suspected
server_7,21:35:00,21:35:30,2996.35,8627.5,Disk thrash suspected
server_7,21:35:10,21:35:40,2996.35,1500.79,
server_7,21:35:20,21:35:50,2996.35,1500.79,
server_7,21:35:30,21:36:00,997.86,199.36,
server_7,21:35:40,21:36:10,997.86,112.7,
server_7,21:35:50,21:36:20,801.1,146.19,
server_7,21:36:00,21:36:30,4146.87,1251.52,Possible DDoS
server_7,21:36:10,21:36:40,4146.87,1841.25,Possible DDoS
server_7,21:36:20,21:36:50,4146.87,7900.44,Network flood + Disk thrash suspected
server_7,21:36:30,21:37:00,1554.65,7900.44,Disk thrash suspected
server_7,21:36:40,21:37:10,1022.05,9291.81,Disk thrash suspected
server_7,21:36:50,21:37:20,1022.05,9291.81,Disk thrash suspected
server_7,21:37:00,21:37:30,1022.05,9291.81,Disk thrash suspected
server_7,21:37:10,21:37:40,1040.86,71.86,
server_7,21:37:20,21:37:50,1040.86,189.07,
server_7,21:37:30,21:38:00,1040.86,189.07,
server_7,21:37:40,21:38:10,1002.31,7673.49,Disk thrash suspected
server_7,21:37:50,21:38:20,13050.04,7673.49,Network flood + Disk thrash suspected
server_7,21:38:00,21:38:30,13050.04,7673.49,Network flood + Disk thrash suspected
server_7,21:38:10,21:38:40,18817.94,155.76,Possible DDoS
server_7,21:38:20,21:38:50,18817.94,155.76,Possible DDoS
server_7,21:38:30,21:39:00,18817.94,9727.57,Network flood + Disk thrash suspected
server_7,21:38:40,21:39:10,915.73,9727.57,Disk thrash suspected
server_7,21:38:50,21:39:20,767.78,9727.57,Disk thrash suspected
server_7,21:39:00,21:39:30,971.0,102.1,
server_7,21:39:10,21:39:40,971.0,102.1,
server_7,21:39:20,21:39:50,971.0,5451.01,Disk thrash suspected
server_7,21:39:30,21:40:00,872.05,5451.01,Disk thrash suspected
server_7,21:39:40,21:40:10,6047.32,5451.01,Network flood + Disk thrash suspected
server_7,21:39:50,21:40:20,6860.19,755.62,Possible DDoS
server_7,21:40:00,21:40:30,17219.13,755.62,Possible DDoS
server_7,21:40:10,21:40:40,17219.13,167.66,Possible DDoS
server_7,21:40:20,21:40:50,17219.13,9871.07,Network flood + Disk thrash suspected
server_7,21:40:30,21:41:00,1080.19,9871.07,Disk thrash suspected
server_7,21:40:40,21:41:10,1179.11,9871.07,Disk thrash suspected
server_7,21:40:50,21:41:20,1179.11,4158.64,Disk thrash suspected
server_7,21:41:00,21:41:30,6306.45,4158.64,Network flood + Disk thrash suspected
server_7,21:41:10,21:41:40,6306.45,9440.35,Network flood + Disk thrash suspected
server_7,21:41:20,21:41:50,6306.45,9440.35,Network flood + Disk thrash suspected
server_7,21:41:30,21:42:00,10674.9,9440.35,Network flood + Disk thrash suspected
server_7,21:41:40,21:42:10,10674.9,130.07,Possible DDoS
server_7,21:41:50,21:42:20,13674.26,110.94,Possible DDoS
server_7,21:42:00,21:42:30,13674.26,110.94,Possible DDoS
server_7,21:42:10,21:42:40,13674.26,82.81,Possible DDoS
server_7,21:42:20,21:42:50,1082.23,1797.42,
server_7,21:42:30,21:43:00,1082.23,1797.42,
server_7,21:42:40,21:43:10,1082.23,1797.42,
server_7,21:42:50,21:43:20,939.3,6176.79,Disk thrash suspected
server_7,21:43:00,21:43:30,942.91,6176.79,Disk thrash suspected
server_7,21:43:10,21:43:40,942.91,6176.79,Disk thrash suspected
server_7,21:43:20,21:43:50,4823.66,6395.98,Network flood + Disk thrash suspected
server_7,21:43:30,21:44:00,10103.86,6395.98,Network flood + Disk thrash suspected
server_7,21:43:40,21:44:10,10103.86,6395.98,Network flood + Disk thrash suspected
server_7,21:43:50,21:44:20,10103.86,6779.6,Network flood + Disk thrash suspected
server_7,21:44:00,21:44:30,3218.2,6779.6,Disk thrash suspected
server_7,21:44:10,21:44:40,3218.2,6779.6,Disk thrash suspected
server_7,21:44:20,21:44:50,892.42,3987.73,Disk thrash suspected
server_7,21:44:30,21:45:00,1000.23,3987.73,Disk thrash suspected
server_7,21:44:40,21:45:10,18451.01,3987.73,Network flood + Disk thrash suspected
server_7,21:44:50,21:45:20,18451.01,579.9,Possible DDoS
server_7,21:45:00,21:45:30,18827.83,579.9,Possible DDoS
server_7,21:45:10,21:45:40,18827.83,579.9,Possible DDoS
server_7,21:45:20,21:45:50,18827.83,99.41,Possible DDoS
server_7,21:45:30,21:46:00,948.57,109.81,
server_7,21:45:40,21:46:10,3808.66,1745.6,Possible DDoS
server_7,21:45:50,21:46:20,3808.66,1745.6,Possible DDoS
server_7,21:46:00,21:46:30,3808.66,1745.6,Possible DDoS
server_7,21:46:10,21:46:40,1014.37,9570.42,Disk thrash suspected
server_7,21:46:20,21:46:50,1014.37,9570.42,Disk thrash suspected
server_7,21:46:30,21:47:00,3354.04,9570.42,Disk thrash suspected
server_7,21:46:40,21:47:10,4648.53,4168.94,Network flood + Disk thrash suspected
server_7,21:46:50,21:47:20,13569.61,4168.94,Network flood + Disk thrash suspected
server_7,21:47:00,21:47:30,13569.61,4168.94,Network flood + Disk thrash suspected
server_7,21:47:10,21:47:40,13569.61,1380.68,Possible DDoS
server_7,21:47:20,21:47:50,6241.69,111.23,Possible DDoS
server_7,21:47:30,21:48:00,6241.69,1931.48,Possible DDoS
server_7,21:47:40,21:48:10,11038.24,1931.48,Possible DDoS
server_7,21:47:50,21:48:20,11038.24,1931.48,Possible DDoS
server_7,21:48:00,21:48:30,11038.24,3194.07,Possible DDoS
server_7,21:48:10,21:48:40,1213.88,3194.07,
server_7,21:48:20,21:48:50,1213.88,3194.07,
server_7,21:48:30,21:49:00,975.7,95.67,
server_7,21:48:40,21:49:10,975.7,95.67,
server_7,21:48:50,21:49:20,593.82,95.67,
server_7,21:49:00,21:49:30,4897.4,1419.88,Possible DDoS
server_7,21:49:10,21:49:40,4897.4,1419.88,Possible DDoS
server_7,21:49:20,21:49:50,8001.04,5202.6,Network flood + Disk thrash suspected
server_7,21:49:30,21:50:00,8001.04,5202.6,Network flood + Disk thrash suspected
server_7,21:49:40,21:50:10,8001.04,5202.6,Network flood + Disk thrash suspected
server_7,21:49:50,21:50:20,5761.61,994.06,Possible DDoS
server_7,21:50:00,21:50:30,15465.05,191.01,Possible DDoS
server_7,21:50:10,21:50:40,15465.05,7013.83,Network flood + Disk thrash suspected
server_7,21:50:20,21:50:50,15465.05,7013.83,Network flood + Disk thrash suspected
server_7,21:50:30,21:51:00,6954.47,9348.44,Network flood + Disk thrash suspected
server_7,21:50:40,21:51:10,6954.47,9348.44,Network flood + Disk thrash suspected
server_7,21:50:50,21:51:20,1013.66,9348.44,Disk thrash suspected
server_7,21:51:00,21:51:30,870.43,8689.17,Disk thrash suspected
server_7,21:51:10,21:51:40,7250.85,9977.09,Network flood + Disk thrash suspected
server_7,21:51:20,21:51:50,7250.85,9977.09,Network flood + Disk thrash suspected
server_7,21:51:30,21:52:00,7250.85,9977.09,Network flood + Disk thrash suspected
server_7,21:51:40,21:52:10,5791.82,143.83,Possible DDoS
server_7,21:51:50,21:52:20,898.38,3679.53,Disk thrash suspected
server_7,21:52:00,21:52:30,898.38,3679.53,Disk thrash suspected
server_7,21:52:10,21:52:40,898.38,3679.53,Disk thrash suspected
server_7,21:52:20,21:52:50,843.16,6458.93,Disk thrash suspected
server_7,21:52:30,21:53:00,927.74,6458.93,Disk thrash suspected
server_7,21:52:40,21:53:10,927.74,6458.93,Disk thrash suspected
server_7,21:52:50,21:53:20,927.74,7093.45,Disk thrash suspected
server_7,21:53:00,21:53:30,972.5,7093.45,Disk thrash suspected
server_7,21:53:10,21:53:40,7168.02,7093.45,Network flood + Disk thrash suspected
server_7,21:53:20,21:53:50,7168.02,119.7,Possible DDoS
server_7,21:53:30,21:54:00,7168.02,91.37,Possible DDoS
server_7,21:53:40,21:54:10,6585.32,80.54,Possible DDoS
server_7,21:53:50,21:54:20,13933.62,151.57,Possible DDoS
server_7,21:54:00,21:54:30,13933.62,151.57,Possible DDoS
server_7,21:54:10,21:54:40,13933.62,8720.03,Network flood + Disk thrash suspected
server_7,21:54:20,21:54:50,7278.6,8720.03,Network flood + Disk thrash suspected
server_7,21:54:30,21:55:00,7278.6,8720.03,Network flood + Disk thrash suspected
server_7,21:54:40,21:55:10,15676.04,196.73,Possible DDoS
server_7,21:54:50,21:55:20,15676.04,146.07,Possible DDoS
server_7,21:55:00,21:55:30,15676.04,1288.37,Possible DDoS
server_7,21:55:10,21:55:40,4078.29,1288.37,Possible DDoS
server_7,21:55:20,21:55:50,4078.29,8450.88,Network flood + Disk thrash suspected
server_7,21:55:30,21:56:00,19692.43,8892.15,Network flood + Disk thrash suspected
server_7,21:55:40,21:56:10,19692.43,8892.15,Network flood + Disk thrash suspected
server_7,21:55:50,21:56:20,19692.43,8892.15,Network flood + Disk thrash suspected
server_7,21:56:00,21:56:30,5682.84,153.16,Possible DDoS
server_7,21:56:10,21:56:40,5682.84,4734.48,Network flood + Disk thrash suspected
server_7,21:56:20,21:56:50,794.17,4734.48,Disk thrash suspected
server_7,21:56:30,21:57:00,979.68,4734.48,Disk thrash suspected
server_7,21:56:40,21:57:10,1108.02,3333.67,
server_7,21:56:50,21:57:20,1108.02,3333.67,
server_7,21:57:00,21:57:30,4125.74,3333.67,Possible DDoS
server_7,21:57:10,21:57:40,4125.74,875.85,Possible DDoS
server_7,21:57:20,21:57:50,13351.2,4922.95,Network flood + Disk thrash suspected
server_7,21:57:30,21:58:00,13351.2,4922.95,Network flood + Disk thrash suspected
server_7,21:57:40,21:58:10,13351.2,4922.95,Network flood + Disk thrash suspected
server_7,21:57:50,21:58:20,14841.25,918.32,Possible DDoS
server_7,21:58:00,21:58:30,14841.25,918.32,Possible DDoS
server_7,21:58:10,21:58:40,19148.75,131.8,Possible DDoS
server_7,21:58:20,21:58:50,19148.75,142.44,Possible DDoS
server_7,21:58:30,21:59:00,19148.75,142.44,Possible DDoS
server_7,21:58:40,21:59:10,7266.48,192.63,Possible DDoS
server_7,21:58:50,21:59:20,7266.48,192.63,Possible DDoS
server_7,21:59:00,21:59:30,7266.48,1809.38,Possible DDoS
server_7,21:59:10,21:59:40,1009.01,1809.38,
server_7,21:59:20,21:59:50,1140.47,1809.38,
server_7,21:59:30,22:00:00,2095.83,1446.39,
server_7,21:59:40,22:00:10,2095.83,1446.39,
server_7,21:59:50,22:00:20,2095.83,9884.18,Disk thrash suspected
server_7,22:00:00,22:00:30,915.09,9884.18,Disk thrash suspected
server_7,22:00:10,22:00:40,947.38,9884.18,Disk thrash suspected
server_7,22:00:20,22:00:50,986.11,128.31,
server_7,22:00:30,22:01:00,986.11,128.31,
server_7,22:00:40,22:01:10,986.11,4983.48,Disk thrash suspected
server_7,22:00:50,22:01:20,2484.89,4983.48,Disk thrash suspected
server_7,22:01:00,22:01:30,2484.89,4983.48,Disk thrash suspected
server_7,22:01:10,22:01:40,2484.89,4590.37,Disk thrash suspected
server_7,22:01:20,22:01:50,2324.5,4590.37,Disk thrash suspected
server_7,22:01:30,22:02:00,2592.32,4590.37,Disk thrash suspected
server_7,22:01:40,22:02:10,2592.32,687.73,
server_7,22:01:50,22:02:20,4684.76,1924.56,Possible DDoS
server_7,22:02:00,22:02:30,4684.76,1924.56,Possible DDoS
server_7,22:02:10,22:02:40,4684.76,6011.05,Network flood + Disk thrash suspected
server_7,22:02:20,22:02:50,429.86,8181.21,Disk thrash suspected
server_7,22:02:30,22:03:00,953.89,9128.68,Disk thrash suspected
server_7,22:02:40,22:03:10,4590.51,9128.68,Network flood + Disk thrash suspected
server_7,22:02:50,22:03:20,4590.51,9128.68,Network flood + Disk thrash suspected
server_7,22:03:00,22:03:30,4590.51,8342.76,Network flood + Disk thrash suspected
server_7,22:03:10,22:03:40,4019.93,8342.76,Network flood + Disk thrash suspected
server_7,22:03:20,22:03:50,1030.08,8342.76,Disk thrash suspected
server_7,22:03:30,22:04:00,2225.05,6369.63,Disk thrash suspected
server_7,22:03:40,22:04:10,2225.05,8649.87,Disk thrash suspected
server_7,22:03:50,22:04:20,3048.38,8649.87,Disk thrash suspected
server_7,22:04:00,22:04:30,3048.38,8649.87,Disk thrash suspected
server_7,22:04:10,22:04:40,3048.38,7540.96,Disk thrash suspected
server_7,22:04:20,22:04:50,1771.64,1531.2,
server_7,22:04:30,22:05:00,1771.64,1531.2,
server_7,22:04:40,22:05:10,973.7,154.3,
server_7,22:04:50,22:05:20,964.47,154.3,
server_7,22:05:00,22:05:30,1346.45,581.56,
server_7,22:05:10,22:05:40,1346.45,1265.75,
server_7,22:05:20,22:05:50,1346.45,7208.2,Disk thrash suspected
server_7,22:05:30,22:06:00,1343.88,7208.2,Disk thrash suspected
server_7,22:05:40,22:06:10,871.13,7208.2,Disk thrash suspected
server_7,22:05:50,22:06:20,1074.77,640.72,
server_7,22:06:00,22:06:30,1074.77,640.72,
server_7,22:06:10,22:06:40,1074.77,640.72,
server_7,22:06:20,22:06:50,7542.28,9536.7,Network flood + Disk thrash suspected
server_7,22:06:30,22:07:00,7542.28,9536.7,Network flood + Disk thrash suspected
server_7,22:06:40,22:07:10,7542.28,9536.7,Network flood + Disk thrash suspected
server_7,22:06:50,22:07:20,3021.91,1206.34,
server_7,22:07:00,22:07:30,12138.55,1206.34,Possible DDoS
server_7,22:07:10,22:07:40,12138.55,1577.06,Possible DDoS
server_7,22:07:20,22:07:50,12326.47,1577.06,Possible DDoS
server_7,22:07:30,22:08:00,12326.47,1577.06,Possible DDoS
server_7,22:07:40,22:08:10,12326.47,6143.36,Network flood + Disk thrash suspected
server_7,22:07:50,22:08:20,3857.22,6143.36,Network flood + Disk thrash suspected
server_7,22:08:00,22:08:30,3857.22,6143.36,Network flood + Disk thrash suspected
server_7,22:08:10,22:08:40,3857.22,1359.43,Possible DDoS
server_7,22:08:20,22:08:50,864.43,3807.34,Disk thrash suspected
server_7,22:08:30,22:09:00,574.01,3807.34,Disk thrash suspected
server_7,22:08:40,22:09:10,574.01,3807.34,Disk thrash suspected
server_7,22:08:50,22:09:20,585.84,3257.73,
server_7,22:09:00,22:09:30,1021.58,85.95,
server_7,22:09:10,22:09:40,1021.58,85.95,
server_7,22:09:20,22:09:50,1021.58,8540.19,Disk thrash suspected
server_7,22:09:30,22:10:00,19127.77,8540.19,Network flood + Disk thrash suspected
server_7,22:09:40,22:10:10,19127.77,9043.29,Network flood + Disk thrash suspected
server_7,22:09:50,22:10:20,19127.77,9043.29,Network flood + Disk thrash suspected
server_7,22:10:00,22:10:30,11112.92,9043.29,Network flood + Disk thrash suspected
server_7,22:10:10,22:10:40,3783.5,911.91,Possible DDoS
server_7,22:10:20,22:10:50,3783.5,911.91,Possible DDoS
server_7,22:10:30,22:11:00,3783.5,911.91,Possible DDoS
server_7,22:10:40,22:11:10,943.4,5538.88,Disk thrash suspected
server_7,22:10:50,22:11:20,871.96,5538.88,Disk thrash suspected
server_7,22:11:00,22:11:30,17847.98,5538.88,Network flood + Disk thrash suspected
server_7,22:11:10,22:11:40,17847.98,141.47,Possible DDoS
server_7,22:11:20,22:11:50,17847.98,114.73,Possible DDoS
server_7,22:11:30,22:12:00,849.29,112.55,
server_7,22:11:40,22:12:10,1009.76,112.55,
server_7,22:11:50,22:12:20,1009.76,112.55,
server_7,22:12:00,22:12:30,1016.6,9561.58,Disk thrash suspected
server_7,22:12:10,22:12:40,3966.66,9561.58,Network flood + Disk thrash suspected
server_7,22:12:20,22:12:50,3966.66,9561.58,Network flood + Disk thrash suspected
server_7,22:12:30,22:13:00,12469.74,3043.83,Possible DDoS
server_7,22:12:40,22:13:10,12469.74,3043.83,Possible DDoS
server_7,22:12:50,22:13:20,12469.74,3485.09,Network flood + Disk thrash suspected
server_7,22:13:00,22:13:30,12011.83,3485.09,Network flood + Disk thrash suspected
server_7,22:13:10,22:13:40,12011.83,3485.09,Network flood + Disk thrash suspected
server_7,22:13:20,22:13:50,7487.49,3455.25,Network flood + Disk thrash suspected
server_7,22:13:30,22:14:00,7487.49,3455.25,Network flood + Disk thrash suspected
server_7,22:13:40,22:14:10,849.31,155.15,
server_7,22:13:50,22:14:20,849.31,155.15,
server_7,22:14:00,22:14:30,16940.9,127.45,Possible DDoS
server_7,22:14:10,22:14:40,16940.9,127.45,Possible DDoS
server_7,22:14:20,22:14:50,16940.9,127.45,Possible DDoS
server_7,22:14:30,22:15:00,509.52,109.79,
server_7,22:14:40,22:15:10,14619.31,181.4,Possible DDoS
server_7,22:14:50,22:15:20,14619.31,5536.43,Network flood + Disk thrash suspected
server_7,22:15:00,22:15:30,14619.31,5536.43,Network flood + Disk thrash suspected
server_7,22:15:10,22:15:40,389.54,8756.34,Disk thrash suspected
server_7,22:15:20,22:15:50,913.46,8756.34,Disk thrash suspected
server_7,22:15:30,22:16:00,913.46,8756.34,Disk thrash suspected
server_7,22:15:40,22:16:10,8384.54,113.13,Possible DDoS
server_7,22:15:50,22:16:20,8384.54,106.35,Possible DDoS
server_7,22:16:00,22:16:30,8384.54,106.35,Possible DDoS
server_7,22:16:10,22:16:40,6658.36,152.33,Possible DDoS
server_7,22:16:20,22:16:50,6658.36,9194.95,Network flood + Disk thrash suspected
server_7,22:16:30,22:17:00,6658.36,9194.95,Network flood + Disk thrash suspected
server_7,22:16:40,22:17:10,4587.84,9194.95,Network flood + Disk thrash suspected
server_7,22:16:50,22:17:20,4587.84,1705.56,Possible DDoS
server_7,22:17:00,22:17:30,4587.84,4032.22,Network flood + Disk thrash suspected
server_7,22:17:10,22:17:40,1982.07,4032.22,Disk thrash suspected
server_7,22:17:20,22:17:50,1982.07,4032.22,Disk thrash suspected
server_7,22:17:30,22:18:00,13848.68,1074.0,Possible DDoS
server_7,22:17:40,22:18:10,19809.86,113.02,Possible DDoS
server_7,22:17:50,22:18:20,19809.86,174.96,Possible DDoS
server_7,22:18:00,22:18:30,19809.86,174.96,Possible DDoS
server_7,22:18:10,22:18:40,10678.19,174.96,Possible DDoS
server_7,22:18:20,22:18:50,869.06,3663.69,Disk thrash suspected
server_7,22:18:30,22:19:00,687.21,3663.69,Disk thrash suspected
server_7,22:18:40,22:19:10,939.95,3663.69,Disk thrash suspected
server_7,22:18:50,22:19:20,12329.99,1487.82,Possible DDoS
server_7,22:19:00,22:19:30,12329.99,1487.82,Possible DDoS
server_7,22:19:10,22:19:40,12329.99,1487.82,Possible DDoS
server_7,22:19:20,22:19:50,5315.55,1418.66,Possible DDoS
server_7,22:19:30,22:20:00,5315.55,1418.66,Possible DDoS
server_7,22:19:40,22:20:10,4632.81,1130.05,Possible DDoS
server_7,22:19:50,22:20:20,4632.81,9254.78,Network flood + Disk thrash suspected
server_7,22:20:00,22:20:30,4632.81,9254.78,Network flood + Disk thrash suspected
server_7,22:20:10,22:20:40,1752.94,9254.78,Disk thrash suspected
server_7,22:20:20,22:20:50,1752.94,7477.01,Disk thrash suspected
server_7,22:20:30,22:21:00,2523.96,7477.01,Disk thrash suspected
server_7,22:20:40,22:21:10,2523.96,1383.3,
server_7,22:20:50,22:21:20,4032.22,1388.27,Possible DDoS
server_7,22:21:00,22:21:30,4032.22,1388.27,Possible DDoS
server_7,22:21:10,22:21:40,11388.91,1388.27,Possible DDoS
server_7,22:21:20,22:21:50,11388.91,838.81,Possible DDoS
server_7,22:21:30,22:22:00,11388.91,838.81,Possible DDoS
server_7,22:21:40,22:22:10,4016.93,838.81,Possible DDoS
server_7,22:21:50,22:22:20,940.15,162.68,
server_7,22:22:00,22:22:30,940.15,99.85,
server_7,22:22:10,22:22:40,610.82,86.58,
server_7,22:22:20,22:22:50,962.33,141.92,
server_7,22:22:30,22:23:00,962.33,5830.69,Disk thrash suspected
server_7,22:22:40,22:23:10,962.33,5830.69,Disk thrash suspected
server_7,22:22:50,22:23:20,2532.41,5830.69,Disk thrash suspected
server_7,22:23:00,22:23:30,17371.86,1537.42,Possible DDoS
server_7,22:23:10,22:23:40,17371.86,1537.42,Possible DDoS
server_7,22:23:20,22:23:50,17371.86,1295.7,Possible DDoS
server_7,22:23:30,22:24:00,19626.01,1295.7,Possible DDoS
server_7,22:23:40,22:24:10,19626.01,1104.06,Possible DDoS
server_7,22:23:50,22:24:20,19626.01,5492.53,Network flood + Disk thrash suspected
server_7,22:24:00,22:24:30,798.59,5492.53,Disk thrash suspected
server_7,22:24:10,22:24:40,995.66,5492.53,Disk thrash suspected
server_7,22:24:20,22:24:50,11034.94,83.78,Possible DDoS
server_7,22:24:30,22:25:00,11034.94,119.66,Possible DDoS
server_7,22:24:40,22:25:10,11034.94,169.88,Possible DDoS
server_7,22:24:50,22:25:20,13602.0,169.88,Possible DDoS
server_7,22:25:00,22:25:30,13602.0,169.88,Possible DDoS
server_7,22:25:10,22:25:40,13602.0,1083.27,Possible DDoS
server_7,22:25:20,22:25:50,4116.64,1083.27,Possible DDoS
server_7,22:25:30,22:26:00,4116.64,1083.27,Possible DDoS
server_7,22:25:40,22:26:10,10206.73,55.21,Possible DDoS
server_7,22:25:50,22:26:20,10604.36,89.05,Possible DDoS
server_7,22:26:00,22:26:30,10604.36,6163.6,Network flood + Disk thrash suspected
server_7,22:26:10,22:26:40,10604.36,6163.6,Network flood + Disk thrash suspected
server_7,22:26:20,22:26:50,942.76,6163.6,Disk thrash suspected
server_7,22:26:30,22:27:00,2494.77,1361.78,
server_7,22:26:40,22:27:10,16610.46,1361.78,Possible DDoS
server_7,22:26:50,22:27:20,16610.46,7668.41,Network flood + Disk thrash suspected
server_7,22:27:00,22:27:30,18697.71,7668.41,Network flood + Disk thrash suspected
server_7,22:27:10,22:27:40,18697.71,7668.41,Network flood + Disk thrash suspected
server_7,22:27:20,22:27:50,18697.71,1371.44,Possible DDoS
server_7,22:27:30,22:28:00,3887.39,4873.27,Network flood + Disk thrash suspected
server_7,22:27:40,22:28:10,3887.39,4873.27,Network flood + Disk thrash suspected
server_7,22:27:50,22:28:20,2558.37,4873.27,Disk thrash suspected
server_7,22:28:00,22:28:30,2558.37,3865.44,Disk thrash suspected
server_7,22:28:10,22:28:40,4027.74,1918.61,Possible DDoS
server_7,22:28:20,22:28:50,4027.74,1918.61,Possible DDoS
server_7,22:28:30,22:29:00,9943.28,1706.45,Possible DDoS
server_7,22:28:40,22:29:10,9943.28,129.74,Possible DDoS
server_7,22:28:50,22:29:20,9943.28,129.74,Possible DDoS
server_7,22:29:00,22:29:30,994.05,134.16,
server_7,22:29:10,22:29:40,12025.57,134.16,Possible DDoS
server_7,22:29:20,22:29:50,12025.57,134.16,Possible DDoS
server_7,22:29:30,22:30:00,12025.57,4637.78,Network flood + Disk thrash suspected
server_7,22:29:40,22:30:10,910.22,4637.78,Disk thrash suspected
server_7,22:29:50,22:30:20,11650.19,6004.79,Network flood + Disk thrash suspected
server_7,22:30:00,22:30:30,11650.19,6004.79,Network flood + Disk thrash suspected
server_7,22:30:10,22:30:40,11650.19,6004.79,Network flood + Disk thrash suspected
server_7,22:30:20,22:30:50,2619.87,1725.19,
server_7,22:30:30,22:31:00,927.51,3721.64,Disk thrash suspected
server_7,22:30:40,22:31:10,885.97,3721.64,Disk thrash suspected
server_7,22:30:50,22:31:20,18337.36,3721.64,Network flood + Disk thrash suspected
server_7,22:31:00,22:31:30,18337.36,723.46,Possible DDoS
server_7,22:31:10,22:31:40,18337.36,723.46,Possible DDoS
server_7,22:31:20,22:31:50,7118.39,3655.71,Network flood + Disk thrash suspected
server_7,22:31:30,22:32:00,1020.5,9209.08,Disk thrash suspected
server_7,22:31:40,22:32:10,1082.36,9209.08,Disk thrash suspected
server_7,22:31:50,22:32:20,18549.07,9209.08,Network flood + Disk thrash suspected
server_7,22:32:00,22:32:30,18549.07,146.15,Possible DDoS
server_7,22:32:10,22:32:40,18549.07,146.15,Possible DDoS
server_7,22:32:20,22:32:50,875.59,123.63,
server_7,22:32:30,22:33:00,875.59,123.63,
server_7,22:32:40,22:33:10,923.05,5833.52,Disk thrash suspected
server_7,22:32:50,22:33:20,923.05,5833.52,Disk thrash suspected
server_7,22:33:00,22:33:30,923.05,5833.52,Disk thrash suspected
server_7,22:33:10,22:33:40,2203.2,9223.95,Disk thrash suspected
server_7,22:33:20,22:33:50,2203.2,9223.95,Disk thrash suspected
server_7,22:33:30,22:34:00,2203.2,9223.95,Disk thrash suspected
server_7,22:33:40,22:34:10,861.36,126.74,
server_7,22:33:50,22:34:20,861.36,126.74,
server_7,22:34:00,22:34:30,645.59,9324.32,Disk thrash suspected
server_7,22:34:10,22:34:40,617.19,9324.32,Disk thrash suspected
server_7,22:34:20,22:34:50,1094.29,9324.32,Disk thrash suspected
server_7,22:34:30,22:35:00,1094.29,109.99,
server_7,22:34:40,22:35:10,1094.29,4342.6,Disk thrash suspected
server_7,22:34:50,22:35:20,683.74,4342.6,Disk thrash suspected
server_7,22:35:00,22:35:30,2054.3,4342.6,Disk thrash suspected
server_7,22:35:10,22:35:40,2054.3,5325.49,Disk thrash suspected
server_7,22:35:20,22:35:50,2054.3,5325.49,Disk thrash suspected
server_7,22:35:30,22:36:00,603.42,5325.49,Disk thrash suspected
server_7,22:35:40,22:36:10,725.84,184.17,
server_7,22:35:50,22:36:20,725.84,8010.22,Disk thrash suspected
server_7,22:36:00,22:36:30,17965.67,8010.22,Network flood + Disk thrash suspected
server_7,22:36:10,22:36:40,17965.67,8010.22,Network flood + Disk thrash suspected
server_7,22:36:20,22:36:50,17965.67,4560.71,Network flood + Disk thrash suspected
server_7,22:36:30,22:37:00,3800.96,1699.53,Possible DDoS
server_7,22:36:40,22:37:10,3800.96,1699.53,Possible DDoS
server_7,22:36:50,22:37:20,3800.96,1699.53,Possible DDoS
server_7,22:37:00,22:37:30,571.16,69.07,
server_7,22:37:10,22:37:40,571.16,7997.3,Disk thrash suspected
server_7,22:37:20,22:37:50,19126.76,7997.3,Network flood + Disk thrash suspected
server_7,22:37:30,22:38:00,19126.76,7997.3,Network flood + Disk thrash suspected
server_7,22:37:40,22:38:10,19126.76,6540.86,Network flood + Disk thrash suspected
server_7,22:37:50,22:38:20,5861.6,6540.86,Network flood + Disk thrash suspected
server_7,22:38:00,22:38:30,15872.32,983.3,Possible DDoS
server_7,22:38:10,22:38:40,15872.32,983.3,Possible DDoS
server_7,22:38:20,22:38:50,15872.32,1000.34,Possible DDoS
server_7,22:38:30,22:39:00,4183.26,1000.34,Possible DDoS
server_7,22:38:40,22:39:10,4183.26,1000.34,Possible DDoS
server_7,22:38:50,22:39:20,3766.28,1813.19,Possible DDoS
server_7,22:39:00,22:39:30,3766.28,4548.8,Network flood + Disk thrash suspected
server_7,22:39:10,22:39:40,3766.28,8102.13,Network flood + Disk thrash suspected
server_7,22:39:20,22:39:50,4199.08,8102.13,Network flood + Disk thrash suspected
server_7,22:39:30,22:40:00,4199.08,8102.13,Network flood + Disk thrash suspected
server_7,22:39:40,22:40:10,4199.08,605.36,Possible DDoS
server_7,22:39:50,22:40:20,450.25,46.16,
server_7,22:40:00,22:40:30,582.04,36.04,
server_7,22:40:10,22:40:40,3095.64,1788.83,
server_7,22:40:20,22:40:50,3095.64,1788.83,
server_7,22:40:30,22:41:00,3095.64,1788.83,
server_7,22:40:40,22:41:10,929.09,4038.52,Disk thrash suspected
server_7,22:40:50,22:41:20,5058.75,4038.52,Network flood + Disk thrash suspected
server_7,22:41:00,22:41:30,5058.75,4038.52,Network flood + Disk thrash suspected
server_7,22:41:10,22:41:40,19234.02,1518.41,Possible DDoS
server_7,22:41:20,22:41:50,19234.02,1518.41,Possible DDoS
server_7,22:41:30,22:42:00,19234.02,765.94,Possible DDoS
server_7,22:41:40,22:42:10,16409.47,6585.13,Network flood + Disk thrash suspected
server_7,22:41:50,22:42:20,4839.2,6585.13,Network flood + Disk thrash suspected
server_7,22:42:00,22:42:30,4839.2,6585.13,Network flood + Disk thrash suspected
server_7,22:42:10,22:42:40,4839.2,4195.9,Network flood + Disk thrash suspected
server_7,22:42:20,22:42:50,8135.76,744.28,Possible DDoS
server_7,22:42:30,22:43:00,8135.76,109.42,Possible DDoS
server_7,22:42:40,22:43:10,8135.76,110.23,Possible DDoS
server_7,22:42:50,22:43:20,949.55,110.23,
server_7,22:43:00,22:43:30,10249.55,171.25,Possible DDoS
server_7,22:43:10,22:43:40,10249.55,171.25,Possible DDoS
server_7,22:43:20,22:43:50,10249.55,5336.88,Network flood + Disk thrash suspected
server_7,22:43:30,22:44:00,1015.74,5336.88,Disk thrash suspected
server_7,22:43:40,22:44:10,17122.07,5336.88,Network flood + Disk thrash suspected
server_7,22:43:50,22:44:20,17122.07,70.73,Possible DDoS
server_7,22:44:00,22:44:30,17122.07,1404.17,Possible DDoS
server_7,22:44:10,22:44:40,3622.29,5756.56,Network flood + Disk thrash suspected
server_7,22:44:20,22:44:50,3622.29,5756.56,Network flood + Disk thrash suspected
server_7,22:44:30,22:45:00,513.94,5756.56,Disk thrash suspected
server_7,22:44:40,22:45:10,961.64,9598.01,Disk thrash suspected
server_7,22:44:50,22:45:20,961.64,9598.01,Disk thrash suspected
server_7,22:45:00,22:45:30,961.64,9598.01,Disk thrash suspected
server_7,22:45:10,22:45:40,15572.49,95.62,Possible DDoS
server_7,22:45:20,22:45:50,15572.49,134.38,Possible DDoS
server_7,22:45:30,22:46:00,15572.49,134.38,Possible DDoS
server_7,22:45:40,22:46:10,13117.75,134.38,Possible DDoS
server_7,22:45:50,22:46:20,13117.75,129.11,Possible DDoS
server_7,22:46:00,22:46:30,13117.75,1340.05,Possible DDoS
server_7,22:46:10,22:46:40,2461.16,1340.05,
server_7,22:46:20,22:46:50,17587.59,1340.05,Possible DDoS
server_7,22:46:30,22:47:00,17587.59,88.05,Possible DDoS
server_7,22:46:40,22:47:10,17587.59,9079.43,Network flood + Disk thrash suspected
server_7,22:46:50,22:47:20,4790.57,9079.43,Network flood + Disk thrash suspected
server_7,22:47:00,22:47:30,4790.57,9079.43,Network flood + Disk thrash suspected
server_7,22:47:10,22:47:40,350.28,8576.55,Disk thrash suspected
server_7,22:47:20,22:47:50,990.14,8576.55,Disk thrash suspected
server_7,22:47:30,22:48:00,990.14,6115.7,Disk thrash suspected
server_7,22:47:40,22:48:10,990.14,6115.7,Disk thrash suspected
server_7,22:47:50,22:48:20,931.63,8002.07,Disk thrash suspected
server_7,22:48:00,22:48:30,931.63,8002.07,Disk thrash suspected
server_7,22:48:10,22:48:40,861.3,9893.54,Disk thrash suspected
server_7,22:48:20,22:48:50,1007.95,9893.54,Disk thrash suspected
server_7,22:48:30,22:49:00,10565.23,9893.54,Network flood + Disk thrash suspected
server_7,22:48:40,22:49:10,10565.23,3052.09,Possible DDoS
server_7,22:48:50,22:49:20,10565.23,3052.09,Possible DDoS
server_7,22:49:00,22:49:30,967.19,3052.09,
server_7,22:49:10,22:49:40,543.75,9865.74,Disk thrash suspected
server_7,22:49:20,22:49:50,758.24,9865.74,Disk thrash suspected
server_7,22:49:30,22:50:00,758.24,9865.74,Disk thrash suspected
server_7,22:49:40,22:50:10,15799.67,119.84,Possible DDoS
server_7,22:49:50,22:50:20,15799.67,62.31,Possible DDoS
server_7,22:50:00,22:50:30,15799.67,62.31,Possible DDoS
server_7,22:50:10,22:50:40,1021.23,87.21,
server_7,22:50:20,22:50:50,954.25,87.21,
server_7,22:50:30,22:51:00,868.47,5388.88,Disk thrash suspected
server_7,22:50:40,22:51:10,871.55,6677.77,Disk thrash suspected
server_7,22:50:50,22:51:20,871.55,9422.31,Disk thrash suspected
server_7,22:51:00,22:51:30,13121.03,9422.31,Network flood + Disk thrash suspected
server_7,22:51:10,22:51:40,17588.75,9422.31,Network flood + Disk thrash suspected
server_7,22:51:20,22:51:50,17588.75,7429.93,Network flood + Disk thrash suspected
server_7,22:51:30,22:52:00,17588.75,7429.93,Network flood + Disk thrash suspected
server_7,22:51:40,22:52:10,19460.59,1891.77,Possible DDoS
server_7,22:51:50,22:52:20,19460.59,1891.77,Possible DDoS
server_7,22:52:00,22:52:30,19460.59,884.06,Possible DDoS
server_7,22:52:10,22:52:40,9011.38,139.21,Possible DDoS
server_7,22:52:20,22:52:50,9011.38,1684.9,Possible DDoS
server_7,22:52:30,22:53:00,11077.02,1684.9,Possible DDoS
server_7,22:52:40,22:53:10,11077.02,1684.9,Possible DDoS
server_7,22:52:50,22:53:20,11077.02,63.83,Possible DDoS
server_8,20:53:00,20:53:30,4211.73,5150.99,Network flood + Disk thrash suspected
server_8,20:53:10,20:53:40,7287.52,949.37,Possible DDoS
server_8,20:53:20,20:53:50,7287.52,949.37,Possible DDoS
server_8,20:53:30,20:54:00,7287.52,9109.41,Network flood + Disk thrash suspected
server_8,20:53:40,20:54:10,858.71,9109.41,Disk thrash suspected
server_8,20:53:50,20:54:20,2088.83,9109.41,Disk thrash suspected
server_8,20:54:00,20:54:30,2088.83,6242.41,Disk thrash suspected
server_8,20:54:10,20:54:40,5912.4,6242.41,Network flood + Disk thrash suspected
server_8,20:54:20,20:54:50,5912.4,1283.31,Possible DDoS
server_8,20:54:30,20:55:00,5912.4,1283.31,Possible DDoS
server_8,20:54:40,20:55:10,4170.0,1601.92,Possible DDoS
server_8,20:54:50,20:55:20,1474.5,1601.92,
server_8,20:55:00,20:55:30,1474.5,8803.22,Disk thrash suspected
server_8,20:55:10,20:55:40,14902.13,8803.22,Network flood + Disk thrash suspected
server_8,20:55:20,20:55:50,14902.13,8803.22,Network flood + Disk thrash suspected
server_8,20:55:30,20:56:00,14902.13,7335.08,Network flood + Disk thrash suspected
server_8,20:55:40,20:56:10,946.78,7335.08,Disk thrash suspected
server_8,20:55:50,20:56:20,946.78,111.34,
server_8,20:56:00,20:56:30,946.78,8344.57,Disk thrash suspected
server_8,20:56:10,20:56:40,724.98,8344.57,Disk thrash suspected
server_8,20:56:20,20:56:50,17600.45,8344.57,Network flood + Disk thrash suspected
server_8,20:56:30,20:57:00,17600.45,100.38,Possible DDoS
server_8,20:56:40,20:57:10,17600.45,118.66,Possible DDoS
server_8,20:56:50,20:57:20,986.6,125.02,
server_8,20:57:00,20:57:30,944.27,125.02,
server_8,20:57:10,20:57:40,13355.3,3773.01,Network flood + Disk thrash suspected
server_8,20:57:20,20:57:50,13355.3,3773.01,Network flood + Disk thrash suspected
server_8,20:57:30,20:58:00,14945.67,3773.01,Network flood + Disk thrash suspected
server_8,20:57:40,20:58:10,14945.67,134.89,Possible DDoS
server_8,20:57:50,20:58:20,14945.67,1723.88,Possible DDoS
server_8,20:58:00,20:58:30,2397.38,1723.88,
server_8,20:58:10,20:58:40,4619.53,1723.88,Possible DDoS
server_8,20:58:20,20:58:50,4619.53,1667.64,Possible DDoS
server_8,20:58:30,20:59:00,4619.53,1667.64,Possible DDoS
server_8,20:58:40,20:59:10,5533.06,77.15,Possible DDoS
server_8,20:58:50,20:59:20,5533.06,77.15,Possible DDoS
server_8,20:59:00,20:59:30,5533.06,111.29,Possible DDoS
server_8,20:59:10,20:59:40,4180.19,6438.33,Network flood + Disk thrash suspected
server_8,20:59:20,20:59:50,4180.19,6438.33,Network flood + Disk thrash suspected
server_8,20:59:30,21:00:00,4180.19,6438.33,Network flood + Disk thrash suspected
server_8,20:59:40,21:00:10,3339.97,582.64,
server_8,20:59:50,21:00:20,3339.97,582.64,
server_8,21:00:00,21:00:30,3416.66,1082.15,
server_8,21:00:10,21:00:40,14285.55,1082.15,Possible DDoS
server_8,21:00:20,21:00:50,14285.55,1082.15,Possible DDoS
server_8,21:00:30,21:01:00,14285.55,145.06,Possible DDoS
server_8,21:00:40,21:01:10,6971.95,8179.59,Network flood + Disk thrash suspected
server_8,21:00:50,21:01:20,6971.95,8179.59,Network flood + Disk thrash suspected
server_8,21:01:00,21:01:30,5754.66,8179.59,Network flood + Disk thrash suspected
server_8,21:01:10,21:01:40,14972.44,1184.61,Possible DDoS
server_8,21:01:20,21:01:50,14972.44,1184.61,Possible DDoS
server_8,21:01:30,21:02:00,14972.44,179.54,Possible DDoS
server_8,21:01:40,21:02:10,12078.71,179.54,Possible DDoS
server_8,21:01:50,21:02:20,12078.71,179.54,Possible DDoS
server_8,21:02:00,21:02:30,1782.69,955.56,
server_8,21:02:10,21:02:40,1782.69,955.56,
server_8,21:02:20,21:02:50,1782.69,955.56,
server_8,21:02:30,21:03:00,946.36,5313.13,Disk thrash suspected
server_8,21:02:40,21:03:10,894.41,9553.99,Disk thrash suspected
server_8,21:02:50,21:03:20,3858.94,9553.99,Network flood + Disk thrash suspected
server_8,21:03:00,21:03:30,3858.94,9553.99,Network flood + Disk thrash suspected
server_8,21:03:10,21:03:40,3858.94,774.87,Possible DDoS
server_8,21:03:20,21:03:50,900.63,159.33,
server_8,21:03:30,21:04:00,2675.65,1223.8,
server_8,21:03:40,21:04:10,2675.65,1223.8,
server_8,21:03:50,21:04:20,2675.65,1223.8,
server_8,21:04:00,21:04:30,883.92,119.7,
server_8,21:04:10,21:04:40,3755.2,1823.35,Possible DDoS
server_8,21:04:20,21:04:50,3755.2,1823.35,Possible DDoS
server_8,21:04:30,21:05:00,3755.2,1823.35,Possible DDoS
server_8,21:04:40,21:05:10,888.46,88.09,
server_8,21:04:50,21:05:20,888.46,121.21,
server_8,21:05:00,21:05:30,917.54,121.21,
server_8,21:05:10,21:05:40,917.54,121.21,
server_8,21:05:20,21:05:50,917.54,6697.26,Disk thrash suspected
server_8,21:05:30,21:06:00,847.07,6697.26,Disk thrash suspected
server_8,21:05:40,21:06:10,847.07,6697.26,Disk thrash suspected
server_8,21:05:50,21:06:20,8886.14,8418.07,Network flood + Disk thrash suspected
server_8,21:06:00,21:06:30,8886.14,8418.07,Network flood + Disk thrash suspected
server_8,21:06:10,21:06:40,8886.14,8418.07,Network flood + Disk thrash suspected
server_8,21:06:20,21:06:50,2739.75,1978.75,
server_8,21:06:30,21:07:00,2739.75,1978.75,
server_8,21:06:40,21:07:10,8893.36,8541.15,Network flood + Disk thrash suspected
server_8,21:06:50,21:07:20,8893.36,8541.15,Network flood + Disk thrash suspected
server_8,21:07:00,21:07:30,8893.36,8541.15,Network flood + Disk thrash suspected
server_8,21:07:10,21:07:40,1008.28,116.33,
server_8,21:07:20,21:07:50,1008.28,71.62,
server_8,21:07:30,21:08:00,4640.85,1867.58,Possible DDoS
server_8,21:07:40,21:08:10,4640.85,4470.67,Network flood + Disk thrash suspected
server_8,21:07:50,21:08:20,4640.85,9798.28,Network flood + Disk thrash suspected
server_8,21:08:00,21:08:30,2791.06,9798.28,Disk thrash suspected
server_8,21:08:10,21:08:40,13285.69,9798.28,Network flood + Disk thrash suspected
server_8,21:08:20,21:08:50,13285.69,94.94,Possible DDoS
server_8,21:08:30,21:09:00,13285.69,4764.27,Network flood + Disk thrash suspected
server_8,21:08:40,21:09:10,942.48,4764.27,Disk thrash suspected
server_8,21:08:50,21:09:20,942.48,4764.27,Disk thrash suspected
server_8,21:09:00,21:09:30,2355.69,1773.36,
server_8,21:09:10,21:09:40,15100.2,1773.36,Possible DDoS
server_8,21:09:20,21:09:50,15100.2,9911.3,Network flood + Disk thrash suspected
server_8,21:09:30,21:10:00,15100.2,9911.3,Network flood + Disk thrash suspected
server_8,21:09:40,21:10:10,14021.83,9911.3,Network flood + Disk thrash suspected
server_8,21:09:50,21:10:20,603.82,122.3,
server_8,21:10:00,21:10:30,3577.92,945.13,Possible DDoS
server_8,21:10:10,21:10:40,3577.92,945.13,Possible DDoS
server_8,21:10:20,21:10:50,3577.92,5555.96,Network flood + Disk thrash suspected
server_8,21:10:30,21:11:00,2147.02,5555.96,Disk thrash suspected
server_8,21:10:40,21:11:10,945.74,6273.25,Disk thrash suspected
server_8,21:10:50,21:11:20,945.74,6273.25,Disk thrash suspected
server_8,21:11:00,21:11:30,3891.74,6273.25,Network flood + Disk thrash suspected
server_8,21:11:10,21:11:40,3891.74,4920.86,Network flood + Disk thrash suspected
server_8,21:11:20,21:11:50,3891.74,4920.86,Network flood + Disk thrash suspected
server_8,21:11:30,21:12:00,2478.2,7837.3,Disk thrash suspected
server_8,21:11:40,21:12:10,2478.2,7837.3,Disk thrash suspected
server_8,21:11:50,21:12:20,758.56,7837.3,Disk thrash suspected
server_8,21:12:00,21:12:30,886.28,5095.12,Disk thrash suspected
server_8,21:12:10,21:12:40,888.06,5095.12,Disk thrash suspected
server_8,21:12:20,21:12:50,3137.47,1167.41,
server_8,21:12:30,21:13:00,3686.58,1167.41,Possible DDoS
server_8,21:12:40,21:13:10,3686.58,1167.41,Possible DDoS
server_8,21:12:50,21:13:20,3686.58,612.86,Possible DDoS
server_8,21:13:00,21:13:30,8751.38,99.01,Possible DDoS
server_8,21:13:10,21:13:40,8751.38,84.98,Possible DDoS
server_8,21:13:20,21:13:50,8751.38,84.98,Possible DDoS
server_8,21:13:30,21:14:00,10171.35,6589.86,Network flood + Disk thrash suspected
server_8,21:13:40,21:14:10,10171.35,6589.86,Network flood + Disk thrash suspected
server_8,21:13:50,21:14:20,11779.73,6589.86,Network flood + Disk thrash suspected
server_8,21:14:00,21:14:30,11779.73,3024.35,Possible DDoS
server_8,21:14:10,21:14:40,11779.73,3024.35,Possible DDoS
server_8,21:14:20,21:14:50,1034.51,3024.35,
server_8,21:14:30,21:15:00,4902.67,570.6,Possible DDoS
server_8,21:14:40,21:15:10,4902.67,570.6,Possible DDoS
server_8,21:14:50,21:15:20,4902.67,570.6,Possible DDoS
server_8,21:15:00,21:15:30,989.63,8546.44,Disk thrash suspected
server_8,21:15:10,21:15:40,888.49,8546.44,Disk thrash suspected
server_8,21:15:20,21:15:50,656.06,8546.44,Disk thrash suspected
server_8,21:15:30,21:16:00,656.06,4090.6,Disk thrash suspected
server_8,21:15:40,21:16:10,4533.03,1925.32,Possible DDoS
server_8,21:15:50,21:16:20,4533.03,1925.32,Possible DDoS
server_8,21:16:00,21:16:30,4533.03,5779.86,Network flood + Disk thrash suspected
server_8,21:16:10,21:16:40,892.95,5779.86,Disk thrash suspected
server_8,21:16:20,21:16:50,892.95,5779.86,Disk thrash suspected
server_8,21:16:30,21:17:00,892.95,79.75,
server_8,21:16:40,21:17:10,4001.05,726.09,Possible DDoS
server_8,21:16:50,21:17:20,4001.05,726.09,Possible DDoS
server_8,21:17:00,21:17:30,4001.05,5900.97,Network flood + Disk thrash suspected
server_8,21:17:10,21:17:40,1584.95,5900.97,Disk thrash suspected
server_8,21:17:20,21:17:50,1584.95,5900.97,Disk thrash suspected
server_8,21:17:30,21:18:00,18305.44,5891.74,Network flood + Disk thrash suspected
server_8,21:17:40,21:18:10,18305.44,5891.74,Network flood + Disk thrash suspected
server_8,21:17:50,21:18:20,19085.94,4535.34,Network flood + Disk thrash suspected
server_8,21:18:00,21:18:30,19085.94,4535.34,Network flood + Disk thrash suspected
server_8,21:18:10,21:18:40,19085.94,5056.32,Network flood + Disk thrash suspected
server_8,21:18:20,21:18:50,2415.26,5056.32,Disk thrash suspected
server_8,21:18:30,21:19:00,898.9,5056.32,Disk thrash suspected
server_8,21:18:40,21:19:10,942.46,82.79,
server_8,21:18:50,21:19:20,942.46,3717.13,Disk thrash suspected
server_8,21:19:00,21:19:30,2669.31,3717.13,Disk thrash suspected
server_8,21:19:10,21:19:40,2669.31,3717.13,Disk thrash suspected
server_8,21:19:20,21:19:50,2669.31,8419.37,Disk thrash suspected
server_8,21:19:30,21:20:00,2923.49,8419.37,Disk thrash suspected
server_8,21:19:40,21:20:10,2923.49,8419.37,Disk thrash suspected
server_8,21:19:50,21:20:20,2923.49,1767.96,
server_8,21:20:00,21:20:30,2453.82,1811.34,
server_8,21:20:10,21:20:40,2453.82,1811.34,
server_8,21:20:20,21:20:50,1838.37,5707.1,Disk thrash suspected
server_8,21:20:30,21:21:00,10636.44,5707.1,Network flood + Disk thrash suspected
server_8,21:20:40,21:21:10,10636.44,5707.1,Network flood + Disk thrash suspected
server_8,21:20:50,21:21:20,10636.44,1548.02,Possible DDoS
server_8,21:21:00,21:21:30,5557.17,1548.02,Possible DDoS
server_8,21:21:10,21:21:40,4437.3,1977.39,Possible DDoS
server_8,21:21:20,21:21:50,4437.3,1977.39,Possible DDoS
server_8,21:21:30,21:22:00,4437.3,1977.39,Possible DDoS
server_8,21:21:40,21:22:10,8619.81,1321.98,Possible DDoS
server_8,21:21:50,21:22:20,8619.81,3457.07,Network flood + Disk thrash suspected
server_8,21:22:00,21:22:30,8619.81,3457.07,Network flood + Disk thrash suspected
server_8,21:22:10,21:22:40,927.26,3457.07,Disk thrash suspected
server_8,21:22:20,21:22:50,15846.97,187.44,Possible DDoS
server_8,21:22:30,21:23:00,15846.97,187.44,Possible DDoS
server_8,21:22:40,21:23:10,15886.0,187.44,Possible DDoS
server_8,21:22:50,21:23:20,15886.0,1201.81,Possible DDoS
server_8,21:23:00,21:23:30,15886.0,1201.81,Possible DDoS
server_8,21:23:10,21:23:40,3614.19,1201.81,Possible DDoS
server_8,21:23:20,21:23:50,881.31,152.32,
server_8,21:23:30,21:24:00,542.06,6070.36,Disk thrash suspected
server_8,21:23:40,21:24:10,16078.89,6070.36,Network flood + Disk thrash suspected
server_8,21:23:50,21:24:20,16667.32,6070.36,Network flood + Disk thrash suspected
server_8,21:24:00,21:24:30,16667.32,1489.95,Possible DDoS
server_8,21:24:10,21:24:40,16667.32,1489.95,Possible DDoS
server_8,21:24:20,21:24:50,13571.7,1489.95,Possible DDoS
server_8,21:24:30,21:25:00,13571.7,135.85,Possible DDoS
server_8,21:24:40,21:25:10,934.46,135.85,
server_8,21:24:50,21:25:20,934.46,135.85,
server_8,21:25:00,21:25:30,934.46,146.45,
server_8,21:25:10,21:25:40,832.94,6301.66,Disk thrash suspected
server_8,21:25:20,21:25:50,19364.58,6301.66,Network flood + Disk thrash suspected
server_8,21:25:30,21:26:00,19364.58,6301.66,Network flood + Disk thrash suspected
server_8,21:25:40,21:26:10,19364.58,1239.88,Possible DDoS
server_8,21:25:50,21:26:20,6697.43,1239.88,Possible DDoS
server_8,21:26:00,21:26:30,16129.76,165.8,Possible DDoS
server_8,21:26:10,21:26:40,16129.76,7362.19,Network flood + Disk thrash suspected
server_8,21:26:20,21:26:50,16129.76,7362.19,Network flood + Disk thrash suspected
server_8,21:26:30,21:27:00,937.64,9707.18,Disk thrash suspected
server_8,21:26:40,21:27:10,670.17,9707.18,Disk thrash suspected
server_8,21:26:50,21:27:20,3559.51,9707.18,Network flood + Disk thrash suspected
server_8,21:27:00,21:27:30,3559.51,4871.56,Network flood + Disk thrash suspected
server_8,21:27:10,21:27:40,7864.29,4871.56,Network flood + Disk thrash suspected
server_8,21:27:20,21:27:50,7864.29,4871.56,Network flood + Disk thrash suspected
server_8,21:27:30,21:28:00,7864.29,1852.65,Possible DDoS
server_8,21:27:40,21:28:10,3882.84,3339.13,Possible DDoS
server_8,21:27:50,21:28:20,9822.22,3339.13,Possible DDoS
server_8,21:28:00,21:28:30,9822.22,3339.13,Possible DDoS
server_8,21:28:10,21:28:40,9822.22,6966.8,Network flood + Disk thrash suspected
server_8,21:28:20,21:28:50,732.06,6966.8,Disk thrash suspected
server_8,21:28:30,21:29:00,11791.2,6966.8,Network flood + Disk thrash suspected
server_8,21:28:40,21:29:10,11791.2,72.87,Possible DDoS
server_8,21:28:50,21:29:20,11791.2,93.49,Possible DDoS
server_8,21:29:00,21:29:30,850.64,93.49,
server_8,21:29:10,21:29:40,832.52,93.49,
server_8,21:29:20,21:29:50,783.56,87.19,
server_8,21:29:30,21:30:00,4688.89,1966.72,Possible DDoS
server_8,21:29:40,21:30:10,12329.32,1966.72,Possible DDoS
server_8,21:29:50,21:30:20,18524.93,1966.72,Possible DDoS
server_8,21:30:00,21:30:30,18524.93,1717.24,Possible DDoS
server_8,21:30:10,21:30:40,18524.93,156.41,Possible DDoS
server_8,21:30:20,21:30:50,17391.28,199.94,Possible DDoS
server_8,21:30:30,21:31:00,17391.28,199.94,Possible DDoS
server_8,21:30:40,21:31:10,17391.28,199.94,Possible DDoS
server_8,21:30:50,21:31:20,2146.14,1270.37,
server_8,21:31:00,21:31:30,2146.14,1270.37,
server_8,21:31:10,21:31:40,19456.01,1270.37,Possible DDoS
server_8,21:31:20,21:31:50,19456.01,56.01,Possible DDoS
server_8,21:31:30,21:32:00,19456.01,6908.51,Network flood + Disk thrash suspected
server_8,21:31:40,21:32:10,7571.13,6908.51,Network flood + Disk thrash suspected
server_8,21:31:50,21:32:20,7571.13,7256.54,Network flood + Disk thrash suspected
server_8,21:32:00,21:32:30,7571.13,7256.54,Network flood + Disk thrash suspected
server_8,21:32:10,21:32:40,3363.05,7256.54,Disk thrash suspected
server_8,21:32:20,21:32:50,3363.05,520.31,
server_8,21:32:30,21:33:00,3363.05,5004.0,Disk thrash suspected
server_8,21:32:40,21:33:10,927.75,7699.92,Disk thrash suspected
server_8,21:32:50,21:33:20,867.82,7699.92,Disk thrash suspected
server_8,21:33:00,21:33:30,867.82,7699.92,Disk thrash suspected
server_8,21:33:10,21:33:40,867.82,7781.01,Disk thrash suspected
server_8,21:33:20,21:33:50,17362.63,7781.01,Network flood + Disk thrash suspected
server_8,21:33:30,21:34:00,17362.63,7781.01,Network flood + Disk thrash suspected
server_8,21:33:40,21:34:10,17362.63,4248.3,Network flood + Disk thrash suspected
server_8,21:33:50,21:34:20,857.07,138.28,
server_8,21:34:00,21:34:30,857.07,138.28,
server_8,21:34:10,21:34:40,612.64,138.28,
server_8,21:34:20,21:34:50,12031.51,90.43,Possible DDoS
server_8,21:34:30,21:35:00,12031.51,74.88,Possible DDoS
server_8,21:34:40,21:35:10,12031.51,126.86,Possible DDoS
server_8,21:34:50,21:35:20,16349.8,126.86,Possible DDoS
server_8,21:35:00,21:35:30,16349.8,126.86,Possible DDoS
server_8,21:35:10,21:35:40,16349.8,5846.74,Network flood + Disk thrash suspected
server_8,21:35:20,21:35:50,1029.62,5846.74,Disk thrash suspected
server_8,21:35:30,21:36:00,1029.62,5846.74,Disk thrash suspected
server_8,21:35:40,21:36:10,8166.45,161.1,Possible DDoS
server_8,21:35:50,21:36:20,8166.45,168.36,Possible DDoS
server_8,21:36:00,21:36:30,8166.45,168.36,Possible DDoS
server_8,21:36:10,21:36:40,887.53,168.36,
server_8,21:36:20,21:36:50,4832.74,4622.81,Network flood + Disk thrash suspected
server_8,21:36:30,21:37:00,4832.74,4622.81,Network flood + Disk thrash suspected
server_8,21:36:40,21:37:10,18865.49,4622.81,Network flood + Disk thrash suspected
server_8,21:36:50,21:37:20,18865.49,100.52,Possible DDoS
server_8,21:37:00,21:37:30,18865.49,1108.94,Possible DDoS
server_8,21:37:10,21:37:40,4067.38,1108.94,Possible DDoS
server_8,21:37:20,21:37:50,4067.38,1108.94,Possible DDoS
server_8,21:37:30,21:38:00,4067.38,1070.58,Possible DDoS
server_8,21:37:40,21:38:10,1143.62,3821.16,Disk thrash suspected
server_8,21:37:50,21:38:20,892.15,3821.16,Disk thrash suspected
server_8,21:38:00,21:38:30,11739.64,3821.16,Network flood + Disk thrash suspected
server_8,21:38:10,21:38:40,11739.64,133.58,Possible DDoS
server_8,21:38:20,21:38:50,11739.64,133.58,Possible DDoS
server_8,21:38:30,21:39:00,10242.91,149.89,Possible DDoS
server_8,21:38:40,21:39:10,8608.71,149.89,Possible DDoS
server_8,21:38:50,21:39:20,8608.71,152.44,Possible DDoS
server_8,21:39:00,21:39:30,8608.71,152.44,Possible DDoS
server_8,21:39:10,21:39:40,868.09,152.44,
server_8,21:39:20,21:39:50,1042.97,99.79,
server_8,21:39:30,21:40:00,1042.97,173.9,
server_8,21:39:40,21:40:10,15554.8,173.9,Possible DDoS
server_8,21:39:50,21:40:20,15554.8,1676.99,Possible DDoS
server_8,21:40:00,21:40:30,15554.8,1676.99,Possible DDoS
server_8,21:40:10,21:40:40,11611.27,6433.92,Network flood + Disk thrash suspected
server_8,21:40:20,21:40:50,11611.27,6433.92,Network flood + Disk thrash suspected
server_8,21:40:30,21:41:00,894.89,6433.92,Disk thrash suspected
server_8,21:40:40,21:41:10,894.89,119.5,
server_8,21:40:50,21:41:20,894.89,119.5,
server_8,21:41:00,21:41:30,929.45,123.56,
server_8,21:41:10,21:41:40,931.37,127.02,
server_8,21:41:20,21:41:50,940.18,127.02,
server_8,21:41:30,21:42:00,940.18,138.51,
server_8,21:41:40,21:42:10,4839.35,1656.6,Possible DDoS
server_8,21:41:50,21:42:20,4839.35,1656.6,Possible DDoS
server_8,21:42:00,21:42:30,4839.35,1656.6,Possible DDoS
server_8,21:42:10,21:42:40,3776.46,1878.68,Possible DDoS
server_8,21:42:20,21:42:50,11185.86,1878.68,Possible DDoS
server_8,21:42:30,21:43:00,11185.86,1878.68,Possible DDoS
server_8,21:42:40,21:43:10,11185.86,1011.99,Possible DDoS
server_8,21:42:50,21:43:20,3885.44,1011.99,Possible DDoS
server_8,21:43:00,21:43:30,5760.96,1011.99,Possible DDoS
server_8,21:43:10,21:43:40,5760.96,74.67,Possible DDoS
server_8,21:43:20,21:43:50,5760.96,109.39,Possible DDoS
server_8,21:43:30,21:44:00,3640.76,1424.31,Possible DDoS
server_8,21:43:40,21:44:10,3640.76,1424.31,Possible DDoS
server_8,21:43:50,21:44:20,5210.12,9407.96,Network flood + Disk thrash suspected
server_8,21:44:00,21:44:30,18918.56,9407.96,Network flood + Disk thrash suspected
server_8,21:44:10,21:44:40,18918.56,9407.96,Network flood + Disk thrash suspected
server_8,21:44:20,21:44:50,18918.56,178.86,Possible DDoS
server_8,21:44:30,21:45:00,1044.82,178.86,
server_8,21:44:40,21:45:10,1044.82,134.76,
server_8,21:44:50,21:45:20,624.96,134.76,
server_8,21:45:00,21:45:30,4699.61,1406.39,Possible DDoS
server_8,21:45:10,21:45:40,4699.61,1406.39,Possible DDoS
server_8,21:45:20,21:45:50,19909.65,1406.39,Possible DDoS
server_8,21:45:30,21:46:00,19909.65,829.94,Possible DDoS
server_8,21:45:40,21:46:10,19909.65,829.94,Possible DDoS
server_8,21:45:50,21:46:20,18956.47,8943.6,Network flood + Disk thrash suspected
server_8,21:46:00,21:46:30,18956.47,8943.6,Network flood + Disk thrash suspected
server_8,21:46:10,21:46:40,13389.34,8943.6,Network flood + Disk thrash suspected
server_8,21:46:20,21:46:50,13389.34,112.19,Possible DDoS
server_8,21:46:30,21:47:00,939.02,112.19,
server_8,21:46:40,21:47:10,939.02,112.19,
server_8,21:46:50,21:47:20,1040.75,72.05,
server_8,21:47:00,21:47:30,2854.25,1778.32,
server_8,21:47:10,21:47:40,2854.25,1778.32,
server_8,21:47:20,21:47:50,11512.61,1778.32,Possible DDoS
server_8,21:47:30,21:48:00,11512.61,8423.32,Network flood + Disk thrash suspected
server_8,21:47:40,21:48:10,11512.61,8423.32,Network flood + Disk thrash suspected
server_8,21:47:50,21:48:20,954.55,8423.32,Disk thrash suspected
server_8,21:48:00,21:48:30,659.68,7306.91,Disk thrash suspected
server_8,21:48:10,21:48:40,659.68,6535.94,Disk thrash suspected
server_8,21:48:20,21:48:50,932.5,6535.94,Disk thrash suspected
server_8,21:48:30,21:49:00,932.5,6535.94,Disk thrash suspected
server_8,21:48:40,21:49:10,980.51,4673.88,Disk thrash suspected
server_8,21:48:50,21:49:20,994.58,4673.88,Disk thrash suspected
server_8,21:49:00,21:49:30,1038.9,4673.88,Disk thrash suspected
server_8,21:49:10,21:49:40,1038.9,159.0,
server_8,21:49:20,21:49:50,1038.9,7285.5,Disk thrash suspected
server_8,21:49:30,21:50:00,906.62,7285.5,Disk thrash suspected
server_8,21:49:40,21:50:10,831.98,8220.29,Disk thrash suspected
server_8,21:49:50,21:50:20,447.63,8220.29,Disk thrash suspected
server_8,21:50:00,21:50:30,874.84,8220.29,Disk thrash suspected
server_8,21:50:10,21:50:40,874.84,170.67,
server_8,21:50:20,21:50:50,874.84,180.86,
server_8,21:50:30,21:51:00,4636.37,707.59,Possible DDoS
server_8,21:50:40,21:51:10,4636.37,707.59,Possible DDoS
server_8,21:50:50,21:51:20,9774.87,707.59,Possible DDoS
server_8,21:51:00,21:51:30,9774.87,1526.17,Possible DDoS
server_8,21:51:10,21:51:40,9774.87,7100.06,Network flood + Disk thrash suspected
server_8,21:51:20,21:51:50,9434.31,7100.06,Network flood + Disk thrash suspected
server_8,21:51:30,21:52:00,12904.58,7100.06,Network flood + Disk thrash suspected
server_8,21:51:40,21:52:10,12904.58,128.68,Possible DDoS
server_8,21:51:50,21:52:20,19053.47,187.07,Possible DDoS
server_8,21:52:00,21:52:30,19053.47,187.07,Possible DDoS
server_8,21:52:10,21:52:40,19053.47,187.07,Possible DDoS
server_8,21:52:20,21:52:50,857.75,180.34,
server_8,21:52:30,21:53:00,857.75,5172.96,Disk thrash suspected
server_8,21:52:40,21:53:10,4960.7,5172.96,Network flood + Disk thrash suspected
server_8,21:52:50,21:53:20,4960.7,5172.96,Network flood + Disk thrash suspected
server_8,21:53:00,21:53:30,4960.7,1415.62,Possible DDoS
server_8,21:53:10,21:53:40,3141.61,1942.94,
server_8,21:53:20,21:53:50,3141.61,1942.94,
server_8,21:53:30,21:54:00,12141.84,1942.94,Possible DDoS
server_8,21:53:40,21:54:10,12141.84,150.6,Possible DDoS
server_8,21:53:50,21:54:20,12141.84,175.01,Possible DDoS
server_8,21:54:00,21:54:30,11249.46,4836.97,Network flood + Disk thrash suspected
server_8,21:54:10,21:54:40,11249.46,4836.97,Network flood + Disk thrash suspected
server_8,21:54:20,21:54:50,1024.85,4836.97,Disk thrash suspected
server_8,21:54:30,21:55:00,1024.85,3340.16,
server_8,21:54:40,21:55:10,6588.85,3340.16,Possible DDoS
server_8,21:54:50,21:55:20,6588.85,9412.23,Network flood + Disk thrash suspected
server_8,21:55:00,21:55:30,6588.85,9412.23,Network flood + Disk thrash suspected
server_8,21:55:10,21:55:40,4049.41,9412.23,Network flood + Disk thrash suspected
server_8,21:55:20,21:55:50,18687.47,1337.45,Possible DDoS
server_8,21:55:30,21:56:00,18687.47,1337.45,Possible DDoS
server_8,21:55:40,21:56:10,18687.47,126.75,Possible DDoS
server_8,21:55:50,21:56:20,14374.15,123.24,Possible DDoS
server_8,21:56:00,21:56:30,3687.35,4534.43,Network flood + Disk thrash suspected
server_8,21:56:10,21:56:40,3687.35,4534.43,Network flood + Disk thrash suspected
server_8,21:56:20,21:56:50,3687.35,4534.43,Network flood + Disk thrash suspected
server_8,21:56:30,21:57:00,935.98,4500.38,Disk thrash suspected
server_8,21:56:40,21:57:10,2286.82,8118.21,Disk thrash suspected
server_8,21:56:50,21:57:20,2286.82,8118.21,Disk thrash suspected
server_8,21:57:00,21:57:30,8675.23,8118.21,Network flood + Disk thrash suspected
server_8,21:57:10,21:57:40,8675.23,67.68,Possible DDoS
server_8,21:57:20,21:57:50,8675.23,1669.48,Possible DDoS
server_8,21:57:30,21:58:00,1383.98,1669.48,
server_8,21:57:40,21:58:10,16671.41,1669.48,Possible DDoS
server_8,21:57:50,21:58:20,16671.41,124.46,Possible DDoS
server_8,21:58:00,21:58:30,16671.41,148.33,Possible DDoS
server_8,21:58:10,21:58:40,6019.93,1908.17,Possible DDoS
server_8,21:58:20,21:58:50,2397.43,1908.17,
server_8,21:58:30,21:59:00,14020.65,7554.03,Network flood + Disk thrash suspected
server_8,21:58:40,21:59:10,14020.65,7554.03,Network flood + Disk thrash suspected
server_8,21:58:50,21:59:20,14020.65,7554.03,Network flood + Disk thrash suspected
server_8,21:59:00,21:59:30,1953.96,540.47,
server_8,21:59:10,21:59:40,1953.96,540.47,
server_8,21:59:20,21:59:50,816.47,7596.56,Disk thrash suspected
server_8,21:59:30,22:00:00,14243.27,7596.56,Network flood + Disk thrash suspected
server_8,21:59:40,22:00:10,14243.27,7596.56,Network flood + Disk thrash suspected
server_8,21:59:50,22:00:20,14243.27,187.08,Possible DDoS
server_8,22:00:00,22:00:30,969.19,9372.5,Disk thrash suspected
server_8,22:00:10,22:00:40,510.63,9372.5,Disk thrash suspected
server_8,22:00:20,22:00:50,12306.12,9372.5,Network flood + Disk thrash suspected
server_8,22:00:30,22:01:00,12306.12,7220.24,Network flood + Disk thrash suspected
server_8,22:00:40,22:01:10,14619.02,107.52,Possible DDoS
server_8,22:00:50,22:01:20,14619.02,107.52,Possible DDoS
server_8,22:01:00,22:01:30,14619.02,110.15,Possible DDoS
server_8,22:01:10,22:01:40,11345.76,110.15,Possible DDoS
server_8,22:01:20,22:01:50,11345.76,110.15,Possible DDoS
server_8,22:01:30,22:02:00,913.62,137.34,
server_8,22:01:40,22:02:10,676.73,137.34,
server_8,22:01:50,22:02:20,3913.85,1781.06,Possible DDoS
server_8,22:02:00,22:02:30,3913.85,1781.06,Possible DDoS
server_8,22:02:10,22:02:40,7176.05,1781.06,Possible DDoS
server_8,22:02:20,22:02:50,7176.05,4215.13,Network flood + Disk thrash suspected
server_8,22:02:30,22:03:00,7176.05,4215.13,Network flood + Disk thrash suspected
server_8,22:02:40,22:03:10,2966.26,4215.13,Disk thrash suspected
server_8,22:02:50,22:03:20,2966.26,1607.17,
server_8,22:03:00,22:03:30,1258.11,961.52,
server_8,22:03:10,22:03:40,1258.11,961.52,
server_8,22:03:20,22:03:50,4803.78,961.52,Possible DDoS
server_8,22:03:30,22:04:00,4803.78,651.38,Possible DDoS
server_8,22:03:40,22:04:10,4803.78,684.77,Possible DDoS
server_8,22:03:50,22:04:20,1052.81,684.77,
server_8,22:04:00,22:04:30,11144.14,684.77,Possible DDoS
server_8,22:04:10,22:04:40,11144.14,176.57,Possible DDoS
server_8,22:04:20,22:04:50,11144.14,159.65,Possible DDoS
server_8,22:04:30,22:05:00,9646.2,1000.49,Possible DDoS
server_8,22:04:40,22:05:10,9646.2,1000.49,Possible DDoS
server_8,22:04:50,22:05:20,9646.2,1000.49,Possible DDoS
server_8,22:05:00,22:05:30,14282.87,151.63,Possible DDoS
server_8,22:05:10,22:05:40,14282.87,8851.92,Network flood + Disk thrash suspected
server_8,22:05:20,22:05:50,14282.87,9984.06,Network flood + Disk thrash suspected
server_8,22:05:30,22:06:00,546.56,9984.06,Disk thrash suspected
server_8,22:05:40,22:06:10,15145.39,9984.06,Network flood + Disk thrash suspected
server_8,22:05:50,22:06:20,15145.39,1132.24,Possible DDoS
server_8,22:06:00,22:06:30,15145.39,3479.27,Network flood + Disk thrash suspected
server_8,22:06:10,22:06:40,12049.04,3479.27,Network flood + Disk thrash suspected
server_8,22:06:20,22:06:50,12049.04,3479.27,Network flood + Disk thrash suspected
server_8,22:06:30,22:07:00,12049.04,4593.35,Network flood + Disk thrash suspected
server_8,22:06:40,22:07:10,588.59,4593.35,Disk thrash suspected
server_8,22:06:50,22:07:20,710.98,4593.35,Disk thrash suspected
server_8,22:07:00,22:07:30,876.9,88.75,
server_8,22:07:10,22:07:40,18176.32,176.82,Possible DDoS
server_8,22:07:20,22:07:50,18176.32,8841.75,Network flood + Disk thrash suspected
server_8,22:07:30,22:08:00,18176.32,8841.75,Network flood + Disk thrash suspected
server_8,22:07:40,22:08:10,7420.92,8841.75,Network flood + Disk thrash suspected
server_8,22:07:50,22:08:20,4606.78,6771.05,Network flood + Disk thrash suspected
server_8,22:08:00,22:08:30,13409.73,1975.5,Possible DDoS
server_8,22:08:10,22:08:40,13409.73,1975.5,Possible DDoS
server_8,22:08:20,22:08:50,13409.73,1130.91,Possible DDoS
server_8,22:08:30,22:09:00,3746.72,1130.91,Possible DDoS
server_8,22:08:40,22:09:10,3746.72,1130.91,Possible DDoS
server_8,22:08:50,22:09:20,19798.14,73.28,Possible DDoS
server_8,22:09:00,22:09:30,19798.14,86.97,Possible DDoS
server_8,22:09:10,22:09:40,19798.14,1076.27,Possible DDoS
server_8,22:09:20,22:09:50,15722.11,1076.27,Possible DDoS
server_8,22:09:30,22:10:00,15722.11,1076.27,Possible DDoS
server_8,22:09:40,22:10:10,15722.11,162.45,Possible DDoS
server_8,22:09:50,22:10:20,802.48,9577.05,Disk thrash suspected
server_8,22:10:00,22:10:30,883.01,9577.05,Disk thrash suspected
server_8,22:10:10,22:10:40,18345.39,9577.05,Network flood + Disk thrash suspected
server_8,22:10:20,22:10:50,18345.39,4736.46,Network flood + Disk thrash suspected
server_8,22:10:30,22:11:00,18345.39,4736.46,Network flood + Disk thrash suspected
server_8,22:10:40,22:11:10,13916.58,870.24,Possible DDoS
server_8,22:10:50,22:11:20,13916.58,7938.94,Network flood + Disk thrash suspected
server_8,22:11:00,22:11:30,5298.21,7938.94,Network flood + Disk thrash suspected
server_8,22:11:10,22:11:40,5298.21,7938.94,Network flood + Disk thrash suspected
server_8,22:11:20,22:11:50,19002.5,158.51,Possible DDoS
server_8,22:11:30,22:12:00,19002.5,82.07,Possible DDoS
server_8,22:11:40,22:12:10,19002.5,863.34,Possible DDoS
server_8,22:11:50,22:12:20,1462.45,863.34,
server_8,22:12:00,22:12:30,1462.45,863.34,
server_8,22:12:10,22:12:40,890.06,4185.9,Disk thrash suspected
server_8,22:12:20,22:12:50,18723.65,4185.9,Network flood + Disk thrash suspected
server_8,22:12:30,22:13:00,19246.55,4185.9,Network flood + Disk thrash suspected
server_8,22:12:40,22:13:10,19246.55,168.29,Possible DDoS
server_8,22:12:50,22:13:20,19246.55,1700.12,Possible DDoS
server_8,22:13:00,22:13:30,2500.76,1700.12,
server_8,22:13:10,22:13:40,11701.64,1700.12,Possible DDoS
server_8,22:13:20,22:13:50,11701.64,164.79,Possible DDoS
server_8,22:13:30,22:14:00,11701.64,787.15,Possible DDoS
server_8,22:13:40,22:14:10,5881.14,787.15,Possible DDoS
server_8,22:13:50,22:14:20,3742.24,7571.77,Network flood + Disk thrash suspected
server_8,22:14:00,22:14:30,9586.49,7571.77,Network flood + Disk thrash suspected
server_8,22:14:10,22:14:40,9586.49,7571.77,Network flood + Disk thrash suspected
server_8,22:14:20,22:14:50,9586.49,3633.2,Network flood + Disk thrash suspected
server_8,22:14:30,22:15:00,16006.09,3633.2,Network flood + Disk thrash suspected
server_8,22:14:40,22:15:10,16006.09,3633.2,Network flood + Disk thrash suspected
server_8,22:14:50,22:15:20,16006.09,154.38,Possible DDoS
server_8,22:15:00,22:15:30,14006.52,178.52,Possible DDoS
server_8,22:15:10,22:15:40,14006.52,979.93,Possible DDoS
server_8,22:15:20,22:15:50,14006.52,979.93,Possible DDoS
server_8,22:15:30,22:16:00,9929.13,979.93,Possible DDoS
server_8,22:15:40,22:16:10,9929.13,726.96,Possible DDoS
server_8,22:15:50,22:16:20,9929.13,726.96,Possible DDoS
server_8,22:16:00,22:16:30,12414.7,726.96,Possible DDoS
server_8,22:16:10,22:16:40,12414.7,1054.09,Possible DDoS
server_8,22:16:20,22:16:50,12414.7,7223.34,Network flood + Disk thrash suspected
server_8,22:16:30,22:17:00,3306.35,7223.34,Disk thrash suspected
server_8,22:16:40,22:17:10,1683.76,7223.34,Disk thrash suspected
server_8,22:16:50,22:17:20,1683.76,1240.04,
server_8,22:17:00,22:17:30,7190.41,1240.04,Possible DDoS
server_8,22:17:10,22:17:40,7190.41,1970.47,Possible DDoS
server_8,22:17:20,22:17:50,7190.41,6078.86,Network flood + Disk thrash suspected
server_8,22:17:30,22:18:00,12646.53,6078.86,Network flood + Disk thrash suspected
server_8,22:17:40,22:18:10,12646.53,8889.05,Network flood + Disk thrash suspected
server_8,22:17:50,22:18:20,12646.53,8889.05,Network flood + Disk thrash suspected
server_8,22:18:00,22:18:30,5496.38,8889.05,Network flood + Disk thrash suspected
server_8,22:18:10,22:18:40,1211.58,1263.88,
server_8,22:18:20,22:18:50,1211.58,1263.88,
server_8,22:18:30,22:19:00,1211.58,1263.88,
server_8,22:18:40,22:19:10,8157.07,170.33,Possible DDoS
server_8,22:18:50,22:19:20,8157.07,7346.62,Network flood + Disk thrash suspected
server_8,22:19:00,22:19:30,8157.07,7346.62,Network flood + Disk thrash suspected
server_8,22:19:10,22:19:40,6755.69,7346.62,Network flood + Disk thrash suspected
server_8,22:19:20,22:19:50,6755.69,1550.44,Possible DDoS
server_8,22:19:30,22:20:00,6755.69,1550.44,Possible DDoS
server_8,22:19:40,22:20:10,791.1,80.92,
server_8,22:19:50,22:20:20,464.11,80.92,
server_8,22:20:00,22:20:30,680.21,8231.48,Disk thrash suspected
server_8,22:20:10,22:20:40,16182.87,8231.48,Network flood + Disk thrash suspected
server_8,22:20:20,22:20:50,16182.87,8231.48,Network flood + Disk thrash suspected
server_8,22:20:30,22:21:00,16182.87,9346.76,Network flood + Disk thrash suspected
server_8,22:20:40,22:21:10,18489.58,9346.76,Network flood + Disk thrash suspected
server_8,22:20:50,22:21:20,18489.58,9346.76,Network flood + Disk thrash suspected
server_8,22:21:00,22:21:30,18489.58,127.59,Possible DDoS
server_8,22:21:10,22:21:40,693.22,127.59,
server_8,22:21:20,22:21:50,4589.63,756.49,Possible DDoS
server_8,22:21:30,22:22:00,4589.63,1335.25,Possible DDoS
server_8,22:21:40,22:22:10,4589.63,1335.25,Possible DDoS
server_8,22:21:50,22:22:20,3412.13,1335.25,
server_8,22:22:00,22:22:30,2100.41,1093.64,
server_8,22:22:10,22:22:40,2345.1,1093.64,
server_8,22:22:20,22:22:50,2345.1,1093.64,
server_8,22:22:30,22:23:00,2345.1,714.41,
server_8,22:22:40,22:23:10,17975.44,144.28,Possible DDoS
server_8,22:22:50,22:23:20,17975.44,144.28,Possible DDoS
server_8,22:23:00,22:23:30,17975.44,790.42,Possible DDoS
server_8,22:23:10,22:23:40,1214.82,790.42,
server_8,22:23:20,22:23:50,1214.82,790.42,
server_8,22:23:30,22:24:00,874.99,149.35,
server_8,22:23:40,22:24:10,14771.54,1719.04,Possible DDoS
server_8,22:23:50,22:24:20,14771.54,1719.04,Possible DDoS
server_8,22:24:00,22:24:30,14771.54,1719.04,Possible DDoS
server_8,22:24:10,22:24:40,1314.71,8210.92,Disk thrash suspected
server_8,22:24:20,22:24:50,1314.71,8210.92,Disk thrash suspected
server_8,22:24:30,22:25:00,3871.35,8210.92,Network flood + Disk thrash suspected
server_8,22:24:40,22:25:10,3871.35,860.1,Possible DDoS
server_8,22:24:50,22:25:20,3871.35,860.1,Possible DDoS
server_8,22:25:00,22:25:30,996.21,5175.01,Disk thrash suspected
server_8,22:25:10,22:25:40,996.21,5175.01,Disk thrash suspected
server_8,22:25:20,22:25:50,3868.49,8522.83,Network flood + Disk thrash suspected
server_8,22:25:30,22:26:00,3868.49,8522.83,Network flood + Disk thrash suspected
server_8,22:25:40,22:26:10,3868.49,8522.83,Network flood + Disk thrash suspected
server_8,22:25:50,22:26:20,3735.92,1834.93,Possible DDoS
server_8,22:26:00,22:26:30,4566.03,1951.03,Possible DDoS
server_8,22:26:10,22:26:40,4566.03,1951.03,Possible DDoS
server_8,22:26:20,22:26:50,4566.03,1951.03,Possible DDoS
server_8,22:26:30,22:27:00,14295.3,129.82,Possible DDoS
server_8,22:26:40,22:27:10,14295.3,133.88,Possible DDoS
server_8,22:26:50,22:27:20,14295.3,1375.35,Possible DDoS
server_8,22:27:00,22:27:30,1174.83,9223.4,Disk thrash suspected
server_8,22:27:10,22:27:40,1174.83,9223.4,Disk thrash suspected
server_8,22:27:20,22:27:50,697.58,9223.4,Disk thrash suspected
server_8,22:27:30,22:28:00,892.58,156.98,
server_8,22:27:40,22:28:10,922.66,9911.81,Disk thrash suspected
server_8,22:27:50,22:28:20,4850.99,9911.81,Network flood + Disk thrash suspected
server_8,22:28:00,22:28:30,4850.99,9911.81,Network flood + Disk thrash suspected
server_8,22:28:10,22:28:40,5573.54,1847.75,Possible DDoS
server_8,22:28:20,22:28:50,5573.54,8756.14,Network flood + Disk thrash suspected
server_8,22:28:30,22:29:00,5573.54,8756.14,Network flood + Disk thrash suspected
server_8,22:28:40,22:29:10,15945.17,8756.14,Network flood + Disk thrash suspected
server_8,22:28:50,22:29:20,15945.17,825.06,Possible DDoS
server_8,22:29:00,22:29:30,15945.17,64.63,Possible DDoS
server_8,22:29:10,22:29:40,13685.48,77.92,Possible DDoS
server_8,22:29:20,22:29:50,13685.48,1656.41,Possible DDoS
server_8,22:29:30,22:30:00,13685.48,1656.41,Possible DDoS
server_8,22:29:40,22:30:10,3397.69,1656.41,
server_8,22:29:50,22:30:20,2978.06,890.27,
server_8,22:30:00,22:30:30,7919.74,890.27,Possible DDoS
server_8,22:30:10,22:30:40,7919.74,890.27,Possible DDoS
server_8,22:30:20,22:30:50,7919.74,192.72,Possible DDoS
server_8,22:30:30,22:31:00,3406.33,1142.66,
server_8,22:30:40,22:31:10,3406.33,1142.66,
server_8,22:30:50,22:31:20,17412.6,1142.66,Possible DDoS
server_8,22:31:00,22:31:30,17412.6,7306.85,Network flood + Disk thrash suspected
server_8,22:31:10,22:31:40,17412.6,7306.85,Network flood + Disk thrash suspected
server_8,22:31:20,22:31:50,3627.49,7306.85,Network flood + Disk thrash suspected
server_8,22:31:30,22:32:00,4979.84,3615.59,Network flood + Disk thrash suspected
server_8,22:31:40,22:32:10,11014.86,3615.59,Network flood + Disk thrash suspected
server_8,22:31:50,22:32:20,11014.86,3615.59,Network flood + Disk thrash suspected
server_8,22:32:00,22:32:30,11014.86,150.61,Possible DDoS
server_8,22:32:10,22:32:40,10849.59,7998.69,Network flood + Disk thrash suspected
server_8,22:32:20,22:32:50,10849.59,7998.69,Network flood + Disk thrash suspected
server_8,22:32:30,22:33:00,10849.59,8962.58,Network flood + Disk thrash suspected
server_8,22:32:40,22:33:10,2399.37,8962.58,Disk thrash suspected
server_8,22:32:50,22:33:20,1769.09,8962.58,Disk thrash suspected
server_8,22:33:00,22:33:30,9544.64,939.5,Possible DDoS
server_8,22:33:10,22:33:40,9544.64,9751.63,Network flood + Disk thrash suspected
server_8,22:33:20,22:33:50,9544.64,9751.63,Network flood + Disk thrash suspected
server_8,22:33:30,22:34:00,7521.85,9751.63,Network flood + Disk thrash suspected
server_8,22:33:40,22:34:10,7521.85,3335.92,Possible DDoS
server_8,22:33:50,22:34:20,10894.27,1356.2,Possible DDoS
server_8,22:34:00,22:34:30,10894.27,9444.96,Network flood + Disk thrash suspected
server_8,22:34:10,22:34:40,10894.27,9444.96,Network flood + Disk thrash suspected
server_8,22:34:20,22:34:50,15472.64,9444.96,Network flood + Disk thrash suspected
server_8,22:34:30,22:35:00,15472.64,1295.16,Possible DDoS
server_8,22:34:40,22:35:10,15472.64,1295.16,Possible DDoS
server_8,22:34:50,22:35:20,4823.3,1295.16,Possible DDoS
server_8,22:35:00,22:35:30,1048.63,6308.01,Disk thrash suspected
server_8,22:35:10,22:35:40,995.36,8294.32,Disk thrash suspected
server_8,22:35:20,22:35:50,995.36,8294.32,Disk thrash suspected
server_8,22:35:30,22:36:00,995.36,8294.32,Disk thrash suspected
server_8,22:35:40,22:36:10,620.59,5325.18,Disk thrash suspected
server_8,22:35:50,22:36:20,920.27,5325.18,Disk thrash suspected
server_8,22:36:00,22:36:30,8559.37,148.54,Possible DDoS
server_8,22:36:10,22:36:40,8559.37,1015.88,Possible DDoS
server_8,22:36:20,22:36:50,8559.37,4478.57,Network flood + Disk thrash suspected
server_8,22:36:30,22:37:00,4665.98,4478.57,Network flood + Disk thrash suspected
server_8,22:36:40,22:37:10,2042.93,4478.57,Disk thrash suspected
server_8,22:36:50,22:37:20,15359.67,1307.84,Possible DDoS
server_8,22:37:00,22:37:30,15359.67,130.84,Possible DDoS
server_8,22:37:10,22:37:40,15359.67,122.61,Possible DDoS
server_8,22:37:20,22:37:50,999.69,5247.56,Disk thrash suspected
server_8,22:37:30,22:38:00,974.91,5247.56,Disk thrash suspected
server_8,22:37:40,22:38:10,865.66,5247.56,Disk thrash suspected
server_8,22:37:50,22:38:20,865.66,127.9,
server_8,22:38:00,22:38:30,1015.76,61.2,
server_8,22:38:10,22:38:40,2192.77,630.33,
server_8,22:38:20,22:38:50,2192.77,7702.39,Disk thrash suspected
server_8,22:38:30,22:39:00,2192.77,7702.39,Disk thrash suspected
server_8,22:38:40,22:39:10,2040.33,7702.39,Disk thrash suspected
server_8,22:38:50,22:39:20,3271.76,1216.47,
server_8,22:39:00,22:39:30,4751.76,1216.47,Possible DDoS
server_8,22:39:10,22:39:40,4751.76,1012.55,Possible DDoS
server_8,22:39:20,22:39:50,4751.76,1012.55,Possible DDoS
server_8,22:39:30,22:40:00,15930.46,160.13,Possible DDoS
server_8,22:39:40,22:40:10,15930.46,160.13,Possible DDoS
server_8,22:39:50,22:40:20,15930.46,160.13,Possible DDoS
server_8,22:40:00,22:40:30,586.97,3331.17,
server_8,22:40:10,22:40:40,9844.38,3331.17,Possible DDoS
server_8,22:40:20,22:40:50,9844.38,3331.17,Possible DDoS
server_8,22:40:30,22:41:00,9844.38,1747.29,Possible DDoS
server_8,22:40:40,22:41:10,4521.56,1747.29,Possible DDoS
server_8,22:40:50,22:41:20,4521.56,1747.29,Possible DDoS
server_8,22:41:00,22:41:30,2490.41,1743.37,
server_8,22:41:10,22:41:40,2490.41,1743.37,
server_8,22:41:20,22:41:50,969.21,7841.74,Disk thrash suspected
server_8,22:41:30,22:42:00,892.23,7841.74,Disk thrash suspected
server_8,22:41:40,22:42:10,900.91,7841.74,Disk thrash suspected
server_8,22:41:50,22:42:20,1608.77,1002.5,
server_8,22:42:00,22:42:30,1608.77,1002.5,
server_8,22:42:10,22:42:40,11717.56,1002.5,Possible DDoS
server_8,22:42:20,22:42:50,11717.56,169.26,Possible DDoS
server_8,22:42:30,22:43:00,11717.56,3245.59,Possible DDoS
server_8,22:42:40,22:43:10,14180.01,5531.0,Network flood + Disk thrash suspected
server_8,22:42:50,22:43:20,14180.01,5531.0,Network flood + Disk thrash suspected
server_8,22:43:00,22:43:30,14180.01,5531.0,Network flood + Disk thrash suspected
server_8,22:43:10,22:43:40,711.64,129.29,
server_8,22:43:20,22:43:50,858.8,161.32,
server_8,22:43:30,22:44:00,2508.13,1826.09,
server_8,22:43:40,22:44:10,2508.13,7645.09,Disk thrash suspected
server_8,22:43:50,22:44:20,2508.13,7645.09,Disk thrash suspected
server_8,22:44:00,22:44:30,664.67,7645.09,Disk thrash suspected
server_8,22:44:10,22:44:40,664.67,151.54,
server_8,22:44:20,22:44:50,2270.47,1755.74,
server_8,22:44:30,22:45:00,12807.01,1755.74,Possible DDoS
server_8,22:44:40,22:45:10,12807.01,1755.74,Possible DDoS
server_8,22:44:50,22:45:20,12807.01,9781.35,Network flood + Disk thrash suspected
server_8,22:45:00,22:45:30,9666.12,9781.35,Network flood + Disk thrash suspected
server_8,22:45:10,22:45:40,935.15,9781.35,Disk thrash suspected
server_8,22:45:20,22:45:50,4731.62,878.87,Possible DDoS
server_8,22:45:30,22:46:00,4731.62,5246.0,Network flood + Disk thrash suspected
server_8,22:45:40,22:46:10,4731.62,7786.31,Network flood + Disk thrash suspected
server_8,22:45:50,22:46:20,18794.07,7786.31,Network flood + Disk thrash suspected
server_8,22:46:00,22:46:30,18794.07,7786.31,Network flood + Disk thrash suspected
server_8,22:46:10,22:46:40,18794.07,104.03,Possible DDoS
server_8,22:46:20,22:46:50,13949.78,103.96,Possible DDoS
server_8,22:46:30,22:47:00,13949.78,103.96,Possible DDoS
server_8,22:46:40,22:47:10,930.79,4113.93,Disk thrash suspected
server_8,22:46:50,22:47:20,928.4,4113.93,Disk thrash suspected
server_8,22:47:00,22:47:30,930.87,6152.2,Disk thrash suspected
server_8,22:47:10,22:47:40,13890.73,6152.2,Network flood + Disk thrash suspected
server_8,22:47:20,22:47:50,13890.73,6152.2,Network flood + Disk thrash suspected
server_8,22:47:30,22:48:00,13890.73,5183.31,Network flood + Disk thrash suspected
server_8,22:47:40,22:48:10,1230.95,5183.31,Disk thrash suspected
server_8,22:47:50,22:48:20,1230.95,5183.31,Disk thrash suspected
server_8,22:48:00,22:48:30,1230.95,4680.38,Disk thrash suspected
server_8,22:48:10,22:48:40,844.9,4680.38,Disk thrash suspected
server_8,22:48:20,22:48:50,17889.13,6541.64,Network flood + Disk thrash suspected
server_8,22:48:30,22:49:00,17889.13,6541.64,Network flood + Disk thrash suspected
server_8,22:48:40,22:49:10,17889.13,6541.64,Network flood + Disk thrash suspected
server_8,22:48:50,22:49:20,934.16,146.45,
server_8,22:49:00,22:49:30,934.16,188.75,
server_8,22:49:10,22:49:40,934.16,5360.43,Disk thrash suspected
server_8,22:49:20,22:49:50,889.67,5360.43,Disk thrash suspected
server_8,22:49:30,22:50:00,574.01,5360.43,Disk thrash suspected
server_8,22:49:40,22:50:10,999.99,89.19,
server_8,22:49:50,22:50:20,8094.64,8842.72,Network flood + Disk thrash suspected
server_8,22:50:00,22:50:30,8094.64,8842.72,Network flood + Disk thrash suspected
server_8,22:50:10,22:50:40,8094.64,8842.72,Network flood + Disk thrash suspected
server_8,22:50:20,22:50:50,11831.07,5806.04,Network flood + Disk thrash suspected
server_8,22:50:30,22:51:00,11831.07,9403.29,Network flood + Disk thrash suspected
server_8,22:50:40,22:51:10,11831.07,9403.29,Network flood + Disk thrash suspected
server_8,22:50:50,22:51:20,7614.88,9403.29,Network flood + Disk thrash suspected
server_8,22:51:00,22:51:30,7614.88,132.09,Possible DDoS
server_8,22:51:10,22:51:40,19675.75,918.32,Possible DDoS
server_8,22:51:20,22:51:50,19675.75,918.32,Possible DDoS
server_8,22:51:30,22:52:00,19675.75,918.32,Possible DDoS
server_8,22:51:40,22:52:10,938.52,91.79,
server_8,22:51:50,22:52:20,2503.05,722.18,
server_8,22:52:00,22:52:30,2503.05,722.18,
server_8,22:52:10,22:52:40,3160.58,1811.91,
server_8,22:52:20,22:52:50,6200.52,1811.91,Possible DDoS
server_8,22:52:30,22:53:00,6200.52,1811.91,Possible DDoS
server_8,22:52:40,22:53:10,6200.52,1481.61,Possible DDoS
server_8,22:52:50,22:53:20,1006.32,82.12,
server_9,20:53:00,20:53:30,1044.09,5898.82,Disk thrash suspected
server_9,20:53:10,20:53:40,1044.09,5898.82,Disk thrash suspected
server_9,20:53:20,20:53:50,1345.1,5898.82,Disk thrash suspected
server_9,20:53:30,20:54:00,1345.1,617.89,
server_9,20:53:40,20:54:10,1345.1,617.89,
server_9,20:53:50,20:54:20,2776.58,1604.88,
server_9,20:54:00,20:54:30,2776.58,1604.88,
server_9,20:54:10,20:54:40,2776.58,1604.88,
server_9,20:54:20,20:54:50,976.76,69.21,
server_9,20:54:30,20:55:00,1029.22,46.52,
server_9,20:54:40,20:55:10,13966.99,117.55,Possible DDoS
server_9,20:54:50,20:55:20,13966.99,117.55,Possible DDoS
server_9,20:55:00,20:55:30,13966.99,117.55,Possible DDoS
server_9,20:55:10,20:55:40,12661.43,96.68,Possible DDoS
server_9,20:55:20,20:55:50,12661.43,99.48,Possible DDoS
server_9,20:55:30,20:56:00,654.44,99.48,
server_9,20:55:40,20:56:10,833.35,102.07,
server_9,20:55:50,20:56:20,833.35,102.07,
server_9,20:56:00,20:56:30,833.35,115.08,
server_9,20:56:10,20:56:40,712.15,115.08,
server_9,20:56:20,20:56:50,631.82,115.08,
server_9,20:56:30,20:57:00,631.82,58.94,
server_9,20:56:40,20:57:10,631.82,7041.44,Disk thrash suspected
server_9,20:56:50,20:57:20,930.01,7041.44,Disk thrash suspected
server_9,20:57:00,20:57:30,965.03,7041.44,Disk thrash suspected
server_9,20:57:10,20:57:40,4449.68,1972.75,Possible DDoS
server_9,20:57:20,20:57:50,7515.95,1972.75,Possible DDoS
server_9,20:57:30,20:58:00,7515.95,1972.75,Possible DDoS
server_9,20:57:40,20:58:10,7515.95,1549.14,Possible DDoS
server_9,20:57:50,20:58:20,1608.11,1549.14,
server_9,20:58:00,20:58:30,1608.11,1549.14,
server_9,20:58:10,20:58:40,748.31,3057.22,
server_9,20:58:20,20:58:50,16361.3,3057.22,Possible DDoS
server_9,20:58:30,20:59:00,16361.3,3057.22,Possible DDoS
server_9,20:58:40,20:59:10,16361.3,73.86,Possible DDoS
server_9,20:58:50,20:59:20,19980.16,7616.32,Network flood + Disk thrash suspected
server_9,20:59:00,20:59:30,19980.16,7616.32,Network flood + Disk thrash suspected
server_9,20:59:10,20:59:40,19980.16,7616.32,Network flood + Disk thrash suspected
server_9,20:59:20,20:59:50,17304.3,184.08,Possible DDoS
server_9,20:59:30,21:00:00,17304.3,642.04,Possible DDoS
server_9,20:59:40,21:00:10,17304.3,642.04,Possible DDoS
server_9,20:59:50,21:00:20,9345.38,642.04,Possible DDoS
server_9,21:00:00,21:00:30,9345.38,169.39,Possible DDoS
server_9,21:00:10,21:00:40,870.5,104.09,
server_9,21:00:20,21:00:50,7225.98,138.44,Possible DDoS
server_9,21:00:30,21:01:00,17021.53,138.44,Possible DDoS
server_9,21:00:40,21:01:10,17021.53,196.75,Possible DDoS
server_9,21:00:50,21:01:20,17021.53,196.75,Possible DDoS
server_9,21:01:00,21:01:30,13483.6,8410.97,Network flood + Disk thrash suspected
server_9,21:01:10,21:01:40,9031.31,8410.97,Network flood + Disk thrash suspected
server_9,21:01:20,21:01:50,9031.31,8410.97,Network flood + Disk thrash suspected
server_9,21:01:30,21:02:00,1554.92,1492.99,
server_9,21:01:40,21:02:10,12384.13,1492.99,Possible DDoS
server_9,21:01:50,21:02:20,12384.13,154.62,Possible DDoS
server_9,21:02:00,21:02:30,12384.13,154.62,Possible DDoS
server_9,21:02:10,21:02:40,971.14,215.8,
server_9,21:02:20,21:02:50,2410.61,1315.6,
server_9,21:02:30,21:03:00,2410.61,1315.6,
server_9,21:02:40,21:03:10,2410.61,1315.6,
server_9,21:02:50,21:03:20,966.81,110.03,
server_9,21:03:00,21:03:30,966.81,107.47,
server_9,21:03:10,21:03:40,757.99,102.19,
server_9,21:03:20,21:03:50,8101.66,183.86,Possible DDoS
server_9,21:03:30,21:04:00,14438.18,183.86,Possible DDoS
server_9,21:03:40,21:04:10,14438.18,183.86,Possible DDoS
server_9,21:03:50,21:04:20,14438.18,131.38,Possible DDoS
server_9,21:04:00,21:04:30,975.79,122.19,
server_9,21:04:10,21:04:40,975.79,122.19,
server_9,21:04:20,21:04:50,941.6,88.18,
server_9,21:04:30,21:05:00,911.13,5978.16,Disk thrash suspected
server_9,21:04:40,21:05:10,981.51,5978.16,Disk thrash suspected
server_9,21:04:50,21:05:20,10689.33,7657.75,Network flood + Disk thrash suspected
server_9,21:05:00,21:05:30,10689.33,7657.75,Network flood + Disk thrash suspected
server_9,21:05:10,21:05:40,10689.33,7657.75,Network flood + Disk thrash suspected
server_9,21:05:20,21:05:50,4953.66,1060.64,Possible DDoS
server_9,21:05:30,21:06:00,4953.66,1060.64,Possible DDoS
server_9,21:05:40,21:06:10,996.43,5567.94,Disk thrash suspected
server_9,21:05:50,21:06:20,9566.52,5567.94,Network flood + Disk thrash suspected
server_9,21:06:00,21:06:30,9566.52,5567.94,Network flood + Disk thrash suspected
server_9,21:06:10,21:06:40,19964.05,806.7,Possible DDoS
server_9,21:06:20,21:06:50,19964.05,195.76,Possible DDoS
server_9,21:06:30,21:07:00,19964.05,195.76,Possible DDoS
server_9,21:06:40,21:07:10,1036.42,121.89,
server_9,21:06:50,21:07:20,906.01,121.89,
server_9,21:07:00,21:07:30,906.01,8547.37,Disk thrash suspected
server_9,21:07:10,21:07:40,17461.16,8547.37,Network flood + Disk thrash suspected
server_9,21:07:20,21:07:50,17461.16,8547.37,Network flood + Disk thrash suspected
server_9,21:07:30,21:08:00,17461.16,154.04,Possible DDoS
server_9,21:07:40,21:08:10,1030.88,112.01,
server_9,21:07:50,21:08:20,1010.97,112.01,
server_9,21:08:00,21:08:30,1049.44,112.01,
server_9,21:08:10,21:08:40,1049.44,119.1,
server_9,21:08:20,21:08:50,1299.46,1312.23,
server_9,21:08:30,21:09:00,4909.38,1312.23,Possible DDoS
server_9,21:08:40,21:09:10,4909.38,1312.23,Possible DDoS
server_9,21:08:50,21:09:20,4909.38,784.42,Possible DDoS
server_9,21:09:00,21:09:30,3710.68,709.96,Possible DDoS
server_9,21:09:10,21:09:40,8751.08,142.77,Possible DDoS
server_9,21:09:20,21:09:50,8751.08,94.13,Possible DDoS
server_9,21:09:30,21:10:00,8751.08,98.79,Possible DDoS
server_9,21:09:40,21:10:10,1479.8,1623.46,
server_9,21:09:50,21:10:20,1479.8,1623.46,
server_9,21:10:00,21:10:30,3785.01,1772.41,Possible DDoS
server_9,21:10:10,21:10:40,5916.03,1772.41,Possible DDoS
server_9,21:10:20,21:10:50,5916.03,1772.41,Possible DDoS
server_9,21:10:30,21:11:00,5916.03,672.41,Possible DDoS
server_9,21:10:40,21:11:10,5114.53,672.41,Possible DDoS
server_9,21:10:50,21:11:20,3970.76,672.41,Possible DDoS
server_9,21:11:00,21:11:30,12442.61,5911.89,Network flood + Disk thrash suspected
server_9,21:11:10,21:11:40,12442.61,5932.26,Network flood + Disk thrash suspected
server_9,21:11:20,21:11:50,12442.61,5932.26,Network flood + Disk thrash suspected
server_9,21:11:30,21:12:00,5325.48,5932.26,Network flood + Disk thrash suspected
server_9,21:11:40,21:12:10,3829.06,3448.91,Network flood + Disk thrash suspected
server_9,21:11:50,21:12:20,19925.09,3448.91,Network flood + Disk thrash suspected
server_9,21:12:00,21:12:30,19925.09,1290.47,Possible DDoS
server_9,21:12:10,21:12:40,19925.09,523.35,Possible DDoS
server_9,21:12:20,21:12:50,3340.52,523.35,
server_9,21:12:30,21:13:00,3340.52,7356.56,Disk thrash suspected
server_9,21:12:40,21:13:10,14239.26,7356.56,Network flood + Disk thrash suspected
server_9,21:12:50,21:13:20,14239.26,7356.56,Network flood + Disk thrash suspected
server_9,21:13:00,21:13:30,14239.26,5797.66,Network flood + Disk thrash suspected
server_9,21:13:10,21:13:40,16988.18,5797.66,Network flood + Disk thrash suspected
server_9,21:13:20,21:13:50,16988.18,5797.66,Network flood + Disk thrash suspected
server_9,21:13:30,21:14:00,16988.18,9356.35,Network flood + Disk thrash suspected
server_9,21:13:40,21:14:10,14113.33,9356.35,Network flood + Disk thrash suspected
server_9,21:13:50,21:14:20,14113.33,9356.35,Network flood + Disk thrash suspected
server_9,21:14:00,21:14:30,14113.33,4766.01,Network flood + Disk thrash suspected
server_9,21:14:10,21:14:40,12890.09,4721.18,Network flood + Disk thrash suspected
server_9,21:14:20,21:14:50,10667.64,4721.18,Network flood + Disk thrash suspected
server_9,21:14:30,21:15:00,19454.06,138.62,Possible DDoS
server_9,21:14:40,21:15:10,19454.06,4507.78,Network flood + Disk thrash suspected
server_9,21:14:50,21:15:20,19454.06,4507.78,Network flood + Disk thrash suspected
server_9,21:15:00,21:15:30,11472.52,4507.78,Network flood + Disk thrash suspected
server_9,21:15:10,21:15:40,19345.76,1791.14,Possible DDoS
server_9,21:15:20,21:15:50,19345.76,6411.62,Network flood + Disk thrash suspected
server_9,21:15:30,21:16:00,19345.76,6411.62,Network flood + Disk thrash suspected
server_9,21:15:40,21:16:10,952.71,6411.62,Disk thrash suspected
server_9,21:15:50,21:16:20,952.71,152.7,
server_9,21:16:00,21:16:30,968.23,152.7,
server_9,21:16:10,21:16:40,4803.16,1533.59,Possible DDoS
server_9,21:16:20,21:16:50,4803.16,1533.59,Possible DDoS
server_9,21:16:30,21:17:00,4803.16,1533.59,Possible DDoS
server_9,21:16:40,21:17:10,5668.74,108.22,Possible DDoS
server_9,21:16:50,21:17:20,5668.74,108.22,Possible DDoS
server_9,21:17:00,21:17:30,5668.74,68.03,Possible DDoS
server_9,21:17:10,21:17:40,762.03,130.94,
server_9,21:17:20,21:17:50,4522.72,1548.73,Possible DDoS
server_9,21:17:30,21:18:00,4522.72,1548.73,Possible DDoS
server_9,21:17:40,21:18:10,4522.72,1548.73,Possible DDoS
server_9,21:17:50,21:18:20,926.15,143.85,
server_9,21:18:00,21:18:30,17885.03,168.76,Possible DDoS
server_9,21:18:10,21:18:40,17885.03,7427.27,Network flood + Disk thrash suspected
server_9,21:18:20,21:18:50,17885.03,7427.27,Network flood + Disk thrash suspected
server_9,21:18:30,21:19:00,8884.37,7427.27,Network flood + Disk thrash suspected
server_9,21:18:40,21:19:10,8884.37,1083.62,Possible DDoS
server_9,21:18:50,21:19:20,8884.37,6401.55,Network flood + Disk thrash suspected
server_9,21:19:00,21:19:30,928.97,8322.49,Disk thrash suspected
server_9,21:19:10,21:19:40,928.97,8322.49,Disk thrash suspected
server_9,21:19:20,21:19:50,928.97,8322.49,Disk thrash suspected
server_9,21:19:30,21:20:00,3629.91,1860.26,Possible DDoS
server_9,21:19:40,21:20:10,4618.65,1860.26,Possible DDoS
server_9,21:19:50,21:20:20,4618.65,1860.26,Possible DDoS
server_9,21:20:00,21:20:30,4618.65,1417.43,Possible DDoS
server_9,21:20:10,21:20:40,1021.82,140.64,
server_9,21:20:20,21:20:50,1021.82,104.25,
server_9,21:20:30,21:21:00,883.26,134.11,
server_9,21:20:40,21:21:10,883.26,8884.93,Disk thrash suspected
server_9,21:20:50,21:21:20,868.3,8884.93,Disk thrash suspected
server_9,21:21:00,21:21:30,2709.24,8884.93,Disk thrash suspected
server_9,21:21:10,21:21:40,2709.24,1004.52,
server_9,21:21:20,21:21:50,4754.78,1336.93,Possible DDoS
server_9,21:21:30,21:22:00,4754.78,1336.93,Possible DDoS
server_9,21:21:40,21:22:10,4754.78,4853.49,Network flood + Disk thrash suspected
server_9,21:21:50,21:22:20,803.06,4853.49,Disk thrash suspected
server_9,21:22:00,21:22:30,952.04,6637.02,Disk thrash suspected
server_9,21:22:10,21:22:40,952.04,6637.02,Disk thrash suspected
server_9,21:22:20,21:22:50,952.04,6637.02,Disk thrash suspected
server_9,21:22:30,21:23:00,825.83,119.74,
server_9,21:22:40,21:23:10,565.27,4870.08,Disk thrash suspected
server_9,21:22:50,21:23:20,565.27,4870.08,Disk thrash suspected
server_9,21:23:00,21:23:30,1983.45,4870.08,Disk thrash suspected
server_9,21:23:10,21:23:40,1983.45,1774.78,
server_9,21:23:20,21:23:50,1983.45,1774.78,
server_9,21:23:30,21:24:00,871.24,162.57,
server_9,21:23:40,21:24:10,871.24,162.57,
server_9,21:23:50,21:24:20,590.63,162.57,
server_9,21:24:00,21:24:30,823.59,132.1,
server_9,21:24:10,21:24:40,2667.93,1060.72,
server_9,21:24:20,21:24:50,11370.22,9201.07,Network flood + Disk thrash suspected
server_9,21:24:30,21:25:00,11370.22,9201.07,Network flood + Disk thrash suspected
server_9,21:24:40,21:25:10,11370.22,9201.07,Network flood + Disk thrash suspected
server_9,21:24:50,21:25:20,5333.18,8456.55,Network flood + Disk thrash suspected
server_9,21:25:00,21:25:30,5333.18,8456.55,Network flood + Disk thrash suspected
server_9,21:25:10,21:25:40,5333.18,8456.55,Network flood + Disk thrash suspected
server_9,21:25:20,21:25:50,550.65,5566.91,Disk thrash suspected
server_9,21:25:30,21:26:00,592.43,5566.91,Disk thrash suspected
server_9,21:25:40,21:26:10,11884.6,3631.12,Network flood + Disk thrash suspected
server_9,21:25:50,21:26:20,11884.6,91.8,Possible DDoS
server_9,21:26:00,21:26:30,16876.24,162.53,Possible DDoS
server_9,21:26:10,21:26:40,16876.24,513.92,Possible DDoS
server_9,21:26:20,21:26:50,16876.24,513.92,Possible DDoS
server_9,21:26:30,21:27:00,3326.71,513.92,
server_9,21:26:40,21:27:10,912.12,117.27,
server_9,21:26:50,21:27:20,912.12,133.5,
server_9,21:27:00,21:27:30,781.32,133.5,
server_9,21:27:10,21:27:40,526.77,133.5,
server_9,21:27:20,21:27:50,635.35,154.66,
server_9,21:27:30,21:28:00,681.74,154.66,
server_9,21:27:40,21:28:10,681.74,154.66,
server_9,21:27:50,21:28:20,7034.71,173.07,Possible DDoS
server_9,21:28:00,21:28:30,7034.71,173.07,Possible DDoS
server_9,21:28:10,21:28:40,7034.71,173.07,Possible DDoS
server_9,21:28:20,21:28:50,9617.61,3613.51,Network flood + Disk thrash suspected
server_9,21:28:30,21:29:00,9617.61,3613.51,Network flood + Disk thrash suspected
server_9,21:28:40,21:29:10,9617.61,5727.23,Network flood + Disk thrash suspected
server_9,21:28:50,21:29:20,848.87,5727.23,Disk thrash suspected
server_9,21:29:00,21:29:30,848.87,5727.23,Disk thrash suspected
server_9,21:29:10,21:29:40,986.25,7249.31,Disk thrash suspected
server_9,21:29:20,21:29:50,986.25,7249.31,Disk thrash suspected
server_9,21:29:30,21:30:00,986.25,7249.31,Disk thrash suspected
server_9,21:29:40,21:30:10,2311.98,1191.48,
server_9,21:29:50,21:30:20,9118.02,1191.48,Possible DDoS
server_9,21:30:00,21:30:30,10095.33,1542.66,Possible DDoS
server_9,21:30:10,21:30:40,10095.33,1542.66,Possible DDoS
server_9,21:30:20,21:30:50,10095.33,1542.66,Possible DDoS
server_9,21:30:30,21:31:00,392.54,125.65,
server_9,21:30:40,21:31:10,433.67,125.65,
server_9,21:30:50,21:31:20,999.43,142.76,
server_9,21:31:00,21:31:30,999.43,142.76,
server_9,21:31:10,21:31:40,999.43,142.76,
server_9,21:31:20,21:31:50,894.23,103.01,
server_9,21:31:30,21:32:00,4099.81,1653.2,Possible DDoS
server_9,21:31:40,21:32:10,4099.81,1653.2,Possible DDoS
server_9,21:31:50,21:32:20,4099.81,1653.2,Possible DDoS
server_9,21:32:00,21:32:30,1179.8,1471.5,
server_9,21:32:10,21:32:40,1179.8,1471.5,
server_9,21:32:20,21:32:50,1095.15,831.63,
server_9,21:32:30,21:33:00,1095.15,831.63,
server_9,21:32:40,21:33:10,1095.15,6759.31,Disk thrash suspected
server_9,21:32:50,21:33:20,14218.76,6759.31,Network flood + Disk thrash suspected
server_9,21:33:00,21:33:30,14218.76,6759.31,Network flood + Disk thrash suspected
server_9,21:33:10,21:33:40,14218.76,1926.19,Possible DDoS
server_9,21:33:20,21:33:50,3726.96,7872.24,Network flood + Disk thrash suspected
server_9,21:33:30,21:34:00,3726.96,7872.24,Network flood + Disk thrash suspected
server_9,21:33:40,21:34:10,549.64,7872.24,Disk thrash suspected
server_9,21:33:50,21:34:20,19958.91,199.05,Possible DDoS
server_9,21:34:00,21:34:30,19958.91,199.05,Possible DDoS
server_9,21:34:10,21:34:40,19958.91,199.05,Possible DDoS
server_9,21:34:20,21:34:50,980.55,122.57,
server_9,21:34:30,21:35:00,15286.66,698.88,Possible DDoS
server_9,21:34:40,21:35:10,15286.66,698.88,Possible DDoS
server_9,21:34:50,21:35:20,15286.66,698.88,Possible DDoS
server_9,21:35:00,21:35:30,5453.11,91.79,Possible DDoS
server_9,21:35:10,21:35:40,15592.37,175.56,Possible DDoS
server_9,21:35:20,21:35:50,15592.37,6386.36,Network flood + Disk thrash suspected
server_9,21:35:30,21:36:00,15592.37,6386.36,Network flood + Disk thrash suspected
server_9,21:35:40,21:36:10,15728.54,6386.36,Network flood + Disk thrash suspected
server_9,21:35:50,21:36:20,15728.54,4953.76,Network flood + Disk thrash suspected
server_9,21:36:00,21:36:30,15728.54,4929.66,Network flood + Disk thrash suspected
server_9,21:36:10,21:36:40,7262.07,4929.66,Network flood + Disk thrash suspected
server_9,21:36:20,21:36:50,7262.07,101.62,Possible DDoS
server_9,21:36:30,21:37:00,7262.07,1691.72,Possible DDoS
server_9,21:36:40,21:37:10,17843.01,1691.72,Possible DDoS
server_9,21:36:50,21:37:20,17843.01,1691.72,Possible DDoS
server_9,21:37:00,21:37:30,17843.01,157.27,Possible DDoS
server_9,21:37:10,21:37:40,9975.16,157.27,Possible DDoS
server_9,21:37:20,21:37:50,9975.16,111.34,Possible DDoS
server_9,21:37:30,21:38:00,2946.51,1104.99,
server_9,21:37:40,21:38:10,2946.51,1104.99,
server_9,21:37:50,21:38:20,2946.51,1104.99,
server_9,21:38:00,21:38:30,934.95,82.61,
server_9,21:38:10,21:38:40,934.95,82.61,
server_9,21:38:20,21:38:50,912.27,82.61,
server_9,21:38:30,21:39:00,912.27,53.83,
server_9,21:38:40,21:39:10,897.01,79.96,
server_9,21:38:50,21:39:20,497.13,131.8,
server_9,21:39:00,21:39:30,900.35,131.8,
server_9,21:39:10,21:39:40,900.35,3422.08,
server_9,21:39:20,21:39:50,900.35,3422.08,
server_9,21:39:30,21:40:00,941.62,3422.08,
server_9,21:39:40,21:40:10,941.62,59.52,
server_9,21:39:50,21:40:20,3025.46,7130.22,Disk thrash suspected
server_9,21:40:00,21:40:30,14320.4,7130.22,Network flood + Disk thrash suspected
server_9,21:40:10,21:40:40,14320.4,7130.22,Network flood + Disk thrash suspected
server_9,21:40:20,21:40:50,14320.4,5589.13,Network flood + Disk thrash suspected
server_9,21:40:30,21:41:00,8011.05,5589.13,Network flood + Disk thrash suspected
server_9,21:40:40,21:41:10,959.18,5589.13,Disk thrash suspected
server_9,21:40:50,21:41:20,959.18,7497.98,Disk thrash suspected
server_9,21:41:00,21:41:30,652.36,7497.98,Disk thrash suspected
server_9,21:41:10,21:41:40,608.96,7497.98,Disk thrash suspected
server_9,21:41:20,21:41:50,649.8,4570.51,Disk thrash suspected
server_9,21:41:30,21:42:00,826.72,4570.51,Disk thrash suspected
server_9,21:41:40,21:42:10,12645.45,56.88,Possible DDoS
server_9,21:41:50,21:42:20,17472.84,45.45,Possible DDoS
server_9,21:42:00,21:42:30,17472.84,54.17,Possible DDoS
server_9,21:42:10,21:42:40,17472.84,62.79,Possible DDoS
server_9,21:42:20,21:42:50,9263.96,3937.43,Network flood + Disk thrash suspected
server_9,21:42:30,21:43:00,9263.96,3937.43,Network flood + Disk thrash suspected
server_9,21:42:40,21:43:10,9263.96,3937.43,Network flood + Disk thrash suspected
server_9,21:42:50,21:43:20,13405.0,115.18,Possible DDoS
server_9,21:43:00,21:43:30,13405.0,3600.97,Network flood + Disk thrash suspected
server_9,21:43:10,21:43:40,14614.39,3600.97,Network flood + Disk thrash suspected
server_9,21:43:20,21:43:50,14614.39,3600.97,Network flood + Disk thrash suspected
server_9,21:43:30,21:44:00,16096.43,1696.85,Possible DDoS
server_9,21:43:40,21:44:10,16096.43,160.15,Possible DDoS
server_9,21:43:50,21:44:20,16096.43,9133.67,Network flood + Disk thrash suspected
server_9,21:44:00,21:44:30,13416.84,9133.67,Network flood + Disk thrash suspected
server_9,21:44:10,21:44:40,13416.84,9133.67,Network flood + Disk thrash suspected
server_9,21:44:20,21:44:50,13416.84,7389.79,Network flood + Disk thrash suspected
server_9,21:44:30,21:45:00,13453.28,7389.79,Network flood + Disk thrash suspected
server_9,21:44:40,21:45:10,13453.28,7389.79,Network flood + Disk thrash suspected
server_9,21:44:50,21:45:20,13453.28,162.34,Possible DDoS
server_9,21:45:00,21:45:30,956.27,64.05,
server_9,21:45:10,21:45:40,956.27,113.45,
server_9,21:45:20,21:45:50,4585.33,1571.69,Possible DDoS
server_9,21:45:30,21:46:00,4585.33,5870.88,Network flood + Disk thrash suspected
server_9,21:45:40,21:46:10,4585.33,8887.04,Network flood + Disk thrash suspected
server_9,21:45:50,21:46:20,880.1,8887.04,Disk thrash suspected
server_9,21:46:00,21:46:30,3142.59,8887.04,Disk thrash suspected
server_9,21:46:10,21:46:40,3142.59,1930.38,
server_9,21:46:20,21:46:50,3142.59,1930.38,
server_9,21:46:30,21:47:00,2747.04,1163.68,
server_9,21:46:40,21:47:10,2747.04,3179.35,
server_9,21:46:50,21:47:20,1574.52,3179.35,
server_9,21:47:00,21:47:30,1574.52,4965.68,Disk thrash suspected
server_9,21:47:10,21:47:40,980.18,4965.68,Disk thrash suspected
server_9,21:47:20,21:47:50,980.18,6279.57,Disk thrash suspected
server_9,21:47:30,21:48:00,10404.02,6279.57,Network flood + Disk thrash suspected
server_9,21:47:40,21:48:10,16636.22,6279.57,Network flood + Disk thrash suspected
server_9,21:47:50,21:48:20,16636.22,7871.36,Network flood + Disk thrash suspected
server_9,21:48:00,21:48:30,19788.51,7871.36,Network flood + Disk thrash suspected
server_9,21:48:10,21:48:40,19788.51,9792.1,Network flood + Disk thrash suspected
server_9,21:48:20,21:48:50,19788.51,9792.1,Network flood + Disk thrash suspected
server_9,21:48:30,21:49:00,19022.6,9792.1,Network flood + Disk thrash suspected
server_9,21:48:40,21:49:10,19022.6,9811.79,Network flood + Disk thrash suspected
server_9,21:48:50,21:49:20,2769.39,9811.79,Disk thrash suspected
server_9,21:49:00,21:49:30,5485.12,9811.79,Network flood + Disk thrash suspected
server_9,21:49:10,21:49:40,5485.12,197.33,Possible DDoS
server_9,21:49:20,21:49:50,5485.12,197.33,Possible DDoS
server_9,21:49:30,21:50:00,959.7,139.74,
server_9,21:49:40,21:50:10,959.7,139.74,
server_9,21:49:50,21:50:20,959.7,87.31,
server_9,21:50:00,21:50:30,958.15,98.7,
server_9,21:50:10,21:50:40,958.15,98.7,
server_9,21:50:20,21:50:50,2234.91,9777.48,Disk thrash suspected
server_9,21:50:30,21:51:00,4598.55,9777.48,Network flood + Disk thrash suspected
server_9,21:50:40,21:51:10,4598.55,9777.48,Network flood + Disk thrash suspected
server_9,21:50:50,21:51:20,4598.55,5861.45,Network flood + Disk thrash suspected
server_9,21:51:00,21:51:30,981.82,5861.45,Disk thrash suspected
server_9,21:51:10,21:51:40,16229.66,5832.18,Network flood + Disk thrash suspected
server_9,21:51:20,21:51:50,16229.66,7077.38,Network flood + Disk thrash suspected
server_9,21:51:30,21:52:00,16229.66,7077.38,Network flood + Disk thrash suspected
server_9,21:51:40,21:52:10,16024.3,7077.38,Network flood + Disk thrash suspected
server_9,21:51:50,21:52:20,16024.3,1595.58,Possible DDoS
server_9,21:52:00,21:52:30,16024.3,4981.86,Network flood + Disk thrash suspected
server_9,21:52:10,21:52:40,914.83,5224.87,Disk thrash suspected
server_9,21:52:20,21:52:50,1032.61,5224.87,Disk thrash suspected
server_9,21:52:30,21:53:00,1032.61,5224.87,Disk thrash suspected
server_9,21:52:40,21:53:10,13811.34,172.18,Possible DDoS
server_9,21:52:50,21:53:20,13811.34,1828.07,Possible DDoS
server_9,21:53:00,21:53:30,13811.34,1828.07,Possible DDoS
server_9,21:53:10,21:53:40,10935.95,1828.07,Possible DDoS
server_9,21:53:20,21:53:50,10935.95,132.97,Possible DDoS
server_9,21:53:30,21:54:00,3651.84,742.08,Possible DDoS
server_9,21:53:40,21:54:10,18540.38,742.08,Possible DDoS
server_9,21:53:50,21:54:20,18540.38,742.08,Possible DDoS
server_9,21:54:00,21:54:30,18540.38,5232.84,Network flood + Disk thrash suspected
server_9,21:54:10,21:54:40,1003.95,9515.02,Disk thrash suspected
server_9,21:54:20,21:54:50,1003.95,9515.02,Disk thrash suspected
server_9,21:54:30,21:55:00,4251.07,9515.02,Network flood + Disk thrash suspected
server_9,21:54:40,21:55:10,4251.07,7727.96,Network flood + Disk thrash suspected
server_9,21:54:50,21:55:20,4251.07,7727.96,Network flood + Disk thrash suspected
server_9,21:55:00,21:55:30,1009.21,7727.96,Disk thrash suspected
server_9,21:55:10,21:55:40,7708.69,144.07,Possible DDoS
server_9,21:55:20,21:55:50,7708.69,144.07,Possible DDoS
server_9,21:55:30,21:56:00,7708.69,144.07,Possible DDoS
server_9,21:55:40,21:56:10,931.46,137.91,
server_9,21:55:50,21:56:20,931.46,5085.1,Disk thrash suspected
server_9,21:56:00,21:56:30,931.46,5085.1,Disk thrash suspected
server_9,21:56:10,21:56:40,881.34,7922.43,Disk thrash suspected
server_9,21:56:20,21:56:50,10351.38,7922.43,Network flood + Disk thrash suspected
server_9,21:56:30,21:57:00,10351.38,7922.43,Network flood + Disk thrash suspected
server_9,21:56:40,21:57:10,10351.38,75.36,Possible DDoS
server_9,21:56:50,21:57:20,988.09,75.36,
server_9,21:57:00,21:57:30,6098.2,144.96,Possible DDoS
server_9,21:57:10,21:57:40,6098.2,1323.7,Possible DDoS
server_9,21:57:20,21:57:50,6098.2,1323.7,Possible DDoS
server_9,21:57:30,21:58:00,3455.24,1323.7,
server_9,21:57:40,21:58:10,953.76,5733.68,Disk thrash suspected
server_9,21:57:50,21:58:20,953.76,5733.68,Disk thrash suspected
server_9,21:58:00,21:58:30,4867.2,6380.32,Network flood + Disk thrash suspected
server_9,21:58:10,21:58:40,4867.2,6380.32,Network flood + Disk thrash suspected
server_9,21:58:20,21:58:50,4867.2,6380.32,Network flood + Disk thrash suspected
server_9,21:58:30,21:59:00,597.56,175.22,
server_9,21:58:40,21:59:10,4778.46,1923.31,Possible DDoS
server_9,21:58:50,21:59:20,4778.46,1923.31,Possible DDoS
server_9,21:59:00,21:59:30,4778.46,8961.46,Network flood + Disk thrash suspected
server_9,21:59:10,21:59:40,942.2,8961.46,Disk thrash suspected
server_9,21:59:20,21:59:50,3166.61,8961.46,Disk thrash suspected
server_9,21:59:30,22:00:00,3619.29,1871.02,Possible DDoS
server_9,21:59:40,22:00:10,3676.39,1871.02,Possible DDoS
server_9,21:59:50,22:00:20,3676.39,1206.63,Possible DDoS
server_9,22:00:00,22:00:30,3676.39,890.07,Possible DDoS
server_9,22:00:10,22:00:40,874.12,182.13,
server_9,22:00:20,22:00:50,1000.8,182.13,
server_9,22:00:30,22:01:00,16648.92,183.01,Possible DDoS
server_9,22:00:40,22:01:10,16648.92,3826.14,Network flood + Disk thrash suspected
server_9,22:00:50,22:01:20,16648.92,3826.14,Network flood + Disk thrash suspected
server_9,22:01:00,22:01:30,968.84,3826.14,Disk thrash suspected
server_9,22:01:10,22:01:40,968.84,122.44,
server_9,22:01:20,22:01:50,2062.91,1661.94,
server_9,22:01:30,22:02:00,2062.91,6775.98,Disk thrash suspected
server_9,22:01:40,22:02:10,2062.91,9404.29,Disk thrash suspected
server_9,22:01:50,22:02:20,747.36,9404.29,Disk thrash suspected
server_9,22:02:00,22:02:30,747.36,9404.29,Disk thrash suspected
server_9,22:02:10,22:02:40,1536.08,9105.4,Disk thrash suspected
server_9,22:02:20,22:02:50,15737.58,9105.4,Network flood + Disk thrash suspected
server_9,22:02:30,22:03:00,15737.58,4411.31,Network flood + Disk thrash suspected
server_9,22:02:40,22:03:10,15737.58,4411.31,Network flood + Disk thrash suspected
server_9,22:02:50,22:03:20,987.69,154.63,
server_9,22:03:00,22:03:30,11939.6,154.63,Possible DDoS
server_9,22:03:10,22:03:40,11939.6,140.54,Possible DDoS
server_9,22:03:20,22:03:50,11939.6,143.96,Possible DDoS
server_9,22:03:30,22:04:00,989.08,143.96,
server_9,22:03:40,22:04:10,3534.44,928.96,
server_9,22:03:50,22:04:20,19946.78,928.96,Possible DDoS
server_9,22:04:00,22:04:30,19946.78,928.96,Possible DDoS
server_9,22:04:10,22:04:40,19946.78,3230.87,Possible DDoS
server_9,22:04:20,22:04:50,19928.35,3230.87,Possible DDoS
server_9,22:04:30,22:05:00,13971.45,3230.87,Possible DDoS
server_9,22:04:40,22:05:10,13971.45,6336.18,Network flood + Disk thrash suspected
server_9,22:04:50,22:05:20,13971.45,6336.18,Network flood + Disk thrash suspected
server_9,22:05:00,22:05:30,10354.55,6336.18,Network flood + Disk thrash suspected
server_9,22:05:10,22:05:40,17358.14,124.6,Possible DDoS
server_9,22:05:20,22:05:50,17358.14,107.47,Possible DDoS
server_9,22:05:30,22:06:00,17358.14,929.95,Possible DDoS
server_9,22:05:40,22:06:10,4410.99,929.95,Possible DDoS
server_9,22:05:50,22:06:20,4410.99,929.95,Possible DDoS
server_9,22:06:00,22:06:30,1385.61,821.36,
server_9,22:06:10,22:06:40,16758.27,1840.17,Possible DDoS
server_9,22:06:20,22:06:50,16758.27,1840.17,Possible DDoS
server_9,22:06:30,22:07:00,19504.73,1840.17,Possible DDoS
server_9,22:06:40,22:07:10,19504.73,118.79,Possible DDoS
server_9,22:06:50,22:07:20,19504.73,190.53,Possible DDoS
server_9,22:07:00,22:07:30,18387.78,1783.52,Possible DDoS
server_9,22:07:10,22:07:40,18387.78,1783.52,Possible DDoS
server_9,22:07:20,22:07:50,19334.78,1783.52,Possible DDoS
server_9,22:07:30,22:08:00,19334.78,104.6,Possible DDoS
server_9,22:07:40,22:08:10,19334.78,8821.2,Network flood + Disk thrash suspected
server_9,22:07:50,22:08:20,1023.5,8821.2,Disk thrash suspected
server_9,22:08:00,22:08:30,511.49,9052.46,Disk thrash suspected
server_9,22:08:10,22:08:40,9575.56,9052.46,Network flood + Disk thrash suspected
server_9,22:08:20,22:08:50,9575.56,9052.46,Network flood + Disk thrash suspected
server_9,22:08:30,22:09:00,9575.56,1398.27,Possible DDoS
server_9,22:08:40,22:09:10,2250.92,9671.72,Disk thrash suspected
server_9,22:08:50,22:09:20,12438.59,9671.72,Network flood + Disk thrash suspected
server_9,22:09:00,22:09:30,12438.59,9671.72,Network flood + Disk thrash suspected
server_9,22:09:10,22:09:40,12438.59,9022.4,Network flood + Disk thrash suspected
server_9,22:09:20,22:09:50,598.16,9279.29,Disk thrash suspected
server_9,22:09:30,22:10:00,14579.47,9891.77,Network flood + Disk thrash suspected
server_9,22:09:40,22:10:10,14579.47,9891.77,Network flood + Disk thrash suspected
server_9,22:09:50,22:10:20,18015.37,9891.77,Network flood + Disk thrash suspected
server_9,22:10:00,22:10:30,18015.37,1335.24,Possible DDoS
server_9,22:10:10,22:10:40,18015.37,144.64,Possible DDoS
server_9,22:10:20,22:10:50,958.78,3929.01,Disk thrash suspected
server_9,22:10:30,22:11:00,972.41,3929.01,Disk thrash suspected
server_9,22:10:40,22:11:10,972.41,7040.07,Disk thrash suspected
server_9,22:10:50,22:11:20,972.41,7040.07,Disk thrash suspected
server_9,22:11:00,22:11:30,522.75,7040.07,Disk thrash suspected
server_9,22:11:10,22:11:40,1895.41,5382.97,Disk thrash suspected
server_9,22:11:20,22:11:50,4951.19,5382.97,Network flood + Disk thrash suspected
server_9,22:11:30,22:12:00,4951.19,1485.84,Possible DDoS
server_9,22:11:40,22:12:10,13454.7,845.53,Possible DDoS
server_9,22:11:50,22:12:20,13454.7,175.42,Possible DDoS
server_9,22:12:00,22:12:30,13454.7,195.6,Possible DDoS
server_9,22:12:10,22:12:40,8249.63,3604.61,Network flood + Disk thrash suspected
server_9,22:12:20,22:12:50,8249.63,3604.61,Network flood + Disk thrash suspected
server_9,22:12:30,22:13:00,12039.22,3604.61,Network flood + Disk thrash suspected
server_9,22:12:40,22:13:10,12039.22,9640.23,Network flood + Disk thrash suspected
server_9,22:12:50,22:13:20,12039.22,9640.23,Network flood + Disk thrash suspected
server_9,22:13:00,22:13:30,1634.91,9640.23,Disk thrash suspected
server_9,22:13:10,22:13:40,1634.91,1212.0,
server_9,22:13:20,22:13:50,1634.91,1212.0,
server_9,22:13:30,22:14:00,18324.7,147.31,Possible DDoS
server_9,22:13:40,22:14:10,18324.7,79.09,Possible DDoS
server_9,22:13:50,22:14:20,18324.7,56.55,Possible DDoS
server_9,22:14:00,22:14:30,547.22,58.51,
server_9,22:14:10,22:14:40,928.54,70.37,
server_9,22:14:20,22:14:50,928.54,7060.18,Disk thrash suspected
server_9,22:14:30,22:15:00,928.54,7060.18,Disk thrash suspected
server_9,22:14:40,22:15:10,14792.77,7060.18,Network flood + Disk thrash suspected
server_9,22:14:50,22:15:20,14792.77,4675.86,Network flood + Disk thrash suspected
server_9,22:15:00,22:15:30,14792.77,940.52,Possible DDoS
server_9,22:15:10,22:15:40,547.09,153.33,
server_9,22:15:20,22:15:50,547.09,48.1,
server_9,22:15:30,22:16:00,822.64,71.56,
server_9,22:15:40,22:16:10,886.81,140.3,
server_9,22:15:50,22:16:20,886.81,7530.36,Disk thrash suspected
server_9,22:16:00,22:16:30,886.81,7958.93,Disk thrash suspected
server_9,22:16:10,22:16:40,809.5,7958.93,Disk thrash suspected
server_9,22:16:20,22:16:50,16333.16,7958.93,Network flood + Disk thrash suspected
server_9,22:16:30,22:17:00,16333.16,4661.92,Network flood + Disk thrash suspected
server_9,22:16:40,22:17:10,16333.16,1990.76,Possible DDoS
server_9,22:16:50,22:17:20,2110.06,1990.76,
server_9,22:17:00,22:17:30,918.5,93.36,
server_9,22:17:10,22:17:40,918.5,66.03,
server_9,22:17:20,22:17:50,4078.74,829.26,Possible DDoS
server_9,22:17:30,22:18:00,4078.74,829.26,Possible DDoS
server_9,22:17:40,22:18:10,4078.74,829.26,Possible DDoS
server_9,22:17:50,22:18:20,880.36,168.55,
server_9,22:18:00,22:18:30,722.54,66.09,
server_9,22:18:10,22:18:40,694.1,66.09,
server_9,22:18:20,22:18:50,3944.31,6067.43,Network flood + Disk thrash suspected
server_9,22:18:30,22:19:00,3944.31,6067.43,Network flood + Disk thrash suspected
server_9,22:18:40,22:19:10,3944.31,6067.43,Network flood + Disk thrash suspected
server_9,22:18:50,22:19:20,915.11,170.02,
server_9,22:19:00,22:19:30,915.11,170.02,
server_9,22:19:10,22:19:40,4651.61,958.84,Possible DDoS
server_9,22:19:20,22:19:50,4651.61,958.84,Possible DDoS
server_9,22:19:30,22:20:00,9002.09,958.84,Possible DDoS
server_9,22:19:40,22:20:10,9002.09,154.17,Possible DDoS
server_9,22:19:50,22:20:20,9277.06,1460.67,Possible DDoS
server_9,22:20:00,22:20:30,9277.06,9963.19,Network flood + Disk thrash suspected
server_9,22:20:10,22:20:40,9277.06,9963.19,Network flood + Disk thrash suspected
server_9,22:20:20,22:20:50,3496.8,9963.19,Disk thrash suspected
server_9,22:20:30,22:21:00,970.82,9088.16,Disk thrash suspected
server_9,22:20:40,22:21:10,970.82,143.18,
server_9,22:20:50,22:21:20,724.27,143.18,
server_9,22:21:00,22:21:30,724.27,143.18,
server_9,22:21:10,22:21:40,810.47,161.35,
server_9,22:21:20,22:21:50,810.47,161.35,
server_9,22:21:30,22:22:00,1775.7,1908.31,
server_9,22:21:40,22:22:10,1775.7,1908.31,
server_9,22:21:50,22:22:20,15675.75,1908.31,Possible DDoS
server_9,22:22:00,22:22:30,15675.75,794.91,Possible DDoS
server_9,22:22:10,22:22:40,15675.75,1091.3,Possible DDoS
server_9,22:22:20,22:22:50,4482.23,1091.3,Possible DDoS
server_9,22:22:30,22:23:00,4482.23,3059.35,Possible DDoS
server_9,22:22:40,22:23:10,915.3,3059.35,
server_9,22:22:50,22:23:20,915.3,3059.35,
server_9,22:23:00,22:23:30,831.57,107.67,
server_9,22:23:10,22:23:40,831.57,44.86,
server_9,22:23:20,22:23:50,16168.92,177.5,Possible DDoS
server_9,22:23:30,22:24:00,16168.92,3769.1,Network flood + Disk thrash suspected
server_9,22:23:40,22:24:10,16168.92,3769.1,Network flood + Disk thrash suspected
server_9,22:23:50,22:24:20,929.61,3769.1,Disk thrash suspected
server_9,22:24:00,22:24:30,11879.39,266.12,Possible DDoS
server_9,22:24:10,22:24:40,11879.39,266.12,Possible DDoS
server_9,22:24:20,22:24:50,11879.39,1746.85,Possible DDoS
server_9,22:24:30,22:25:00,2160.84,1746.85,
server_9,22:24:40,22:25:10,2160.84,1746.85,
server_9,22:24:50,22:25:20,6466.14,1637.56,Possible DDoS
server_9,22:25:00,22:25:30,6466.14,1637.56,Possible DDoS
server_9,22:25:10,22:25:40,6466.14,5582.22,Network flood + Disk thrash suspected
server_9,22:25:20,22:25:50,914.64,7164.86,Disk thrash suspected
server_9,22:25:30,22:26:00,17342.04,7164.86,Network flood + Disk thrash suspected
server_9,22:25:40,22:26:10,17342.04,7164.86,Network flood + Disk thrash suspected
server_9,22:25:50,22:26:20,17342.04,773.72,Possible DDoS
server_9,22:26:00,22:26:30,998.65,108.12,
server_9,22:26:10,22:26:40,14379.21,173.36,Possible DDoS
server_9,22:26:20,22:26:50,14379.21,173.36,Possible DDoS
server_9,22:26:30,22:27:00,14379.21,908.77,Possible DDoS
server_9,22:26:40,22:27:10,8638.16,5722.49,Network flood + Disk thrash suspected
server_9,22:26:50,22:27:20,3101.29,7836.57,Disk thrash suspected
server_9,22:27:00,22:27:30,940.45,7836.57,Disk thrash suspected
server_9,22:27:10,22:27:40,4498.25,7836.57,Network flood + Disk thrash suspected
server_9,22:27:20,22:27:50,4498.25,1203.22,Possible DDoS
server_9,22:27:30,22:28:00,4498.25,1203.22,Possible DDoS
server_9,22:27:40,22:28:10,8220.06,921.54,Possible DDoS
server_9,22:27:50,22:28:20,11606.91,186.11,Possible DDoS
server_9,22:28:00,22:28:30,11606.91,186.11,Possible DDoS
server_9,22:28:10,22:28:40,11606.91,133.95,Possible DDoS
server_9,22:28:20,22:28:50,985.11,65.32,
server_9,22:28:30,22:29:00,943.62,65.32,
server_9,22:28:40,22:29:10,3530.42,1166.95,
server_9,22:28:50,22:29:20,3530.42,1166.95,
server_9,22:29:00,22:29:30,3530.42,1166.95,
server_9,22:29:10,22:29:40,483.15,6711.08,Disk thrash suspected
server_9,22:29:20,22:29:50,2266.95,6711.08,Disk thrash suspected
server_9,22:29:30,22:30:00,9313.74,6711.08,Network flood + Disk thrash suspected
server_9,22:29:40,22:30:10,9313.74,880.35,Possible DDoS
server_9,22:29:50,22:30:20,9313.74,1451.35,Possible DDoS
server_9,22:30:00,22:30:30,3774.2,1451.35,Possible DDoS
server_9,22:30:10,22:30:40,3774.2,1512.74,Possible DDoS
server_9,22:30:20,22:30:50,5207.68,1512.74,Possible DDoS
server_9,22:30:30,22:31:00,9126.73,1512.74,Possible DDoS
server_9,22:30:40,22:31:10,16130.55,196.72,Possible DDoS
server_9,22:30:50,22:31:20,17528.49,196.72,Possible DDoS
server_9,22:31:00,22:31:30,17528.49,196.72,Possible DDoS
server_9,22:31:10,22:31:40,17528.49,128.23,Possible DDoS
server_9,22:31:20,22:31:50,3427.83,1724.09,
server_9,22:31:30,22:32:00,3427.83,4863.79,Disk thrash suspected
server_9,22:31:40,22:32:10,16115.59,4863.79,Network flood + Disk thrash suspected
server_9,22:31:50,22:32:20,16115.59,4863.79,Network flood + Disk thrash suspected
server_9,22:32:00,22:32:30,18169.42,115.54,Possible DDoS
server_9,22:32:10,22:32:40,18169.42,1611.59,Possible DDoS
server_9,22:32:20,22:32:50,18169.42,1611.59,Possible DDoS
server_9,22:32:30,22:33:00,11470.42,1681.77,Possible DDoS
server_9,22:32:40,22:33:10,11470.42,1681.77,Possible DDoS
server_9,22:32:50,22:33:20,11470.42,1681.77,Possible DDoS
server_9,22:33:00,22:33:30,1723.35,1239.66,
server_9,22:33:10,22:33:40,1723.35,1239.66,
server_9,22:33:20,22:33:50,2500.75,1319.39,
server_9,22:33:30,22:34:00,2500.75,1319.39,
server_9,22:33:40,22:34:10,2500.75,1319.39,
server_9,22:33:50,22:34:20,2160.98,927.09,
server_9,22:34:00,22:34:30,2160.98,927.09,
server_9,22:34:10,22:34:40,10441.95,188.63,Possible DDoS
server_9,22:34:20,22:34:50,10441.95,188.63,Possible DDoS
server_9,22:34:30,22:35:00,10441.95,169.29,Possible DDoS
server_9,22:34:40,22:35:10,13979.46,112.86,Possible DDoS
server_9,22:34:50,22:35:20,13979.46,112.86,Possible DDoS
server_9,22:35:00,22:35:30,17238.57,166.07,Possible DDoS
server_9,22:35:10,22:35:40,17238.57,640.9,Possible DDoS
server_9,22:35:20,22:35:50,17238.57,640.9,Possible DDoS
server_9,22:35:30,22:36:00,8751.7,4862.73,Network flood + Disk thrash suspected
server_9,22:35:40,22:36:10,13856.44,4862.73,Network flood + Disk thrash suspected
server_9,22:35:50,22:36:20,13856.44,4862.73,Network flood + Disk thrash suspected
server_9,22:36:00,22:36:30,13856.44,1940.37,Possible DDoS
server_9,22:36:10,22:36:40,11625.55,120.31,Possible DDoS
server_9,22:36:20,22:36:50,837.21,8171.91,Disk thrash suspected
server_9,22:36:30,22:37:00,2164.79,8171.91,Disk thrash suspected
server_9,22:36:40,22:37:10,2164.79,8171.91,Disk thrash suspected
server_9,22:36:50,22:37:20,2164.79,1294.02,
server_9,22:37:00,22:37:30,510.07,109.23,
server_9,22:37:10,22:37:40,10262.82,96.12,Possible DDoS
server_9,22:37:20,22:37:50,10262.82,6824.85,Network flood + Disk thrash suspected
server_9,22:37:30,22:38:00,10262.82,6824.85,Network flood + Disk thrash suspected
server_9,22:37:40,22:38:10,539.04,6824.85,Disk thrash suspected
server_9,22:37:50,22:38:20,4659.95,3296.05,Possible DDoS
server_9,22:38:00,22:38:30,9740.9,3296.05,Possible DDoS
server_9,22:38:10,22:38:40,9740.9,3296.05,Possible DDoS
server_9,22:38:20,22:38:50,9740.9,169.18,Possible DDoS
server_9,22:38:30,22:39:00,19634.71,169.18,Possible DDoS
server_9,22:38:40,22:39:10,19634.71,3724.65,Network flood + Disk thrash suspected
server_9,22:38:50,22:39:20,19634.71,3724.65,Network flood + Disk thrash suspected
server_9,22:39:00,22:39:30,1309.71,3724.65,Disk thrash suspected
server_9,22:39:10,22:39:40,6803.07,3221.52,Possible DDoS
server_9,22:39:20,22:39:50,6803.07,3221.52,Possible DDoS
server_9,22:39:30,22:40:00,6803.07,96.46,Possible DDoS
server_9,22:39:40,22:40:10,16513.5,96.46,Possible DDoS
server_9,22:39:50,22:40:20,16513.5,96.46,Possible DDoS
server_9,22:40:00,22:40:30,16513.5,117.38,Possible DDoS
server_9,22:40:10,22:40:40,14365.48,168.85,Possible DDoS
server_9,22:40:20,22:40:50,14365.48,1654.88,Possible DDoS
server_9,22:40:30,22:41:00,13653.34,3379.73,Possible DDoS
server_9,22:40:40,22:41:10,4996.16,9948.59,Network flood + Disk thrash suspected
server_9,22:40:50,22:41:20,879.02,9948.59,Disk thrash suspected
server_9,22:41:00,22:41:30,879.02,9948.59,Disk thrash suspected
server_9,22:41:10,22:41:40,863.18,6639.53,Disk thrash suspected
server_9,22:41:20,22:41:50,863.18,146.72,
server_9,22:41:30,22:42:00,969.14,146.72,
server_9,22:41:40,22:42:10,969.14,118.71,
server_9,22:41:50,22:42:20,1075.17,9426.11,Disk thrash suspected
server_9,22:42:00,22:42:30,11849.59,9426.11,Network flood + Disk thrash suspected
server_9,22:42:10,22:42:40,11849.59,9426.11,Network flood + Disk thrash suspected
server_9,22:42:20,22:42:50,11849.59,111.21,Possible DDoS
server_9,22:42:30,22:43:00,505.42,94.15,
server_9,22:42:40,22:43:10,978.52,94.15,
server_9,22:42:50,22:43:20,16854.51,3662.0,Network flood + Disk thrash suspected
server_9,22:43:00,22:43:30,16854.51,3662.0,Network flood + Disk thrash suspected
server_9,22:43:10,22:43:40,16854.51,9429.55,Network flood + Disk thrash suspected
server_9,22:43:20,22:43:50,3276.08,9429.55,Disk thrash suspected
server_9,22:43:30,22:44:00,3276.08,9429.55,Disk thrash suspected
server_9,22:43:40,22:44:10,3276.08,1840.36,
server_9,22:43:50,22:44:20,873.17,9692.71,Disk thrash suspected
server_9,22:44:00,22:44:30,2369.96,9692.71,Disk thrash suspected
server_9,22:44:10,22:44:40,2369.96,9692.71,Disk thrash suspected
server_9,22:44:20,22:44:50,4056.8,1980.46,Possible DDoS
server_9,22:44:30,22:45:00,13035.79,1980.46,Possible DDoS
server_9,22:44:40,22:45:10,13035.79,3883.91,Network flood + Disk thrash suspected
server_9,22:44:50,22:45:20,13035.79,3883.91,Network flood + Disk thrash suspected
server_9,22:45:00,22:45:30,15998.02,3883.91,Network flood + Disk thrash suspected
server_9,22:45:10,22:45:40,15998.02,1948.19,Possible DDoS
server_9,22:45:20,22:45:50,15998.02,81.79,Possible DDoS
server_9,22:45:30,22:46:00,1017.21,98.3,
server_9,22:45:40,22:46:10,8420.78,7708.45,Network flood + Disk thrash suspected
server_9,22:45:50,22:46:20,8420.78,7708.45,Network flood + Disk thrash suspected
server_9,22:46:00,22:46:30,19049.97,7708.45,Network flood + Disk thrash suspected
server_9,22:46:10,22:46:40,19049.97,179.85,Possible DDoS
server_9,22:46:20,22:46:50,19049.97,179.85,Possible DDoS
server_9,22:46:30,22:47:00,1048.26,133.6,
server_9,22:46:40,22:47:10,1048.26,3907.32,Disk thrash suspected
server_9,22:46:50,22:47:20,994.57,3907.32,Disk thrash suspected
server_9,22:47:00,22:47:30,936.86,6077.83,Disk thrash suspected
server_9,22:47:10,22:47:40,936.86,6077.83,Disk thrash suspected
server_9,22:47:20,22:47:50,896.43,6077.83,Disk thrash suspected
server_9,22:47:30,22:48:00,896.43,5467.95,Disk thrash suspected
server_9,22:47:40,22:48:10,4538.66,1226.62,Possible DDoS
server_9,22:47:50,22:48:20,4538.66,1226.62,Possible DDoS
server_9,22:48:00,22:48:30,8861.56,1226.62,Possible DDoS
server_9,22:48:10,22:48:40,8861.56,9971.0,Network flood + Disk thrash suspected
server_9,22:48:20,22:48:50,8861.56,9971.0,Network flood + Disk thrash suspected
server_9,22:48:30,22:49:00,961.75,9971.0,Disk thrash suspected
server_9,22:48:40,22:49:10,961.75,149.72,
server_9,22:48:50,22:49:20,961.75,149.72,
server_9,22:49:00,22:49:30,873.03,144.68,
server_9,22:49:10,22:49:40,3663.2,1667.91,Possible DDoS
server_9,22:49:20,22:49:50,19831.08,9356.58,Network flood + Disk thrash suspected
server_9,22:49:30,22:50:00,19831.08,9356.58,Network flood + Disk thrash suspected
server_9,22:49:40,22:50:10,19831.08,9356.58,Network flood + Disk thrash suspected
server_9,22:49:50,22:50:20,12336.48,844.69,Possible DDoS
server_9,22:50:00,22:50:30,12336.48,844.69,Possible DDoS
server_9,22:50:10,22:50:40,12336.48,5027.89,Network flood + Disk thrash suspected
server_9,22:50:20,22:50:50,9426.69,5027.89,Network flood + Disk thrash suspected
server_9,22:50:30,22:51:00,9426.69,5027.89,Network flood + Disk thrash suspected
server_9,22:50:40,22:51:10,9426.69,1935.27,Possible DDoS
server_9,22:50:50,22:51:20,3446.23,9786.24,Disk thrash suspected
server_9,22:51:00,22:51:30,10009.44,9786.24,Network flood + Disk thrash suspected
server_9,22:51:10,22:51:40,10009.44,9786.24,Network flood + Disk thrash suspected
server_9,22:51:20,22:51:50,10009.44,3851.88,Network flood + Disk thrash suspected
server_9,22:51:30,22:52:00,3962.39,3851.88,Network flood + Disk thrash suspected
server_9,22:51:40,22:52:10,4398.11,1232.0,Possible DDoS
server_9,22:51:50,22:52:20,11678.78,1232.0,Possible DDoS
server_9,22:52:00,22:52:30,11678.78,3089.93,Possible DDoS
server_9,22:52:10,22:52:40,11678.78,7940.79,Network flood + Disk thrash suspected
server_9,22:52:20,22:52:50,531.24,7940.79,Disk thrash suspected
server_9,22:52:30,22:53:00,13623.06,7940.79,Network flood + Disk thrash suspected
server_9,22:52:40,22:53:10,13623.06,148.36,Possible DDoS
server_9,22:52:50,22:53:20,13623.06,148.36,Possible DDoS
