server_id,window_start,window_end,avg_cpu,avg_mem,alert
server_1,20:53:00,20:53:30,61.52,33.78,
server_1,20:53:10,20:53:40,39.85,44.28,
server_1,20:53:20,20:53:50,55.56,40.17,
server_1,20:53:30,20:54:00,63.42,27.12,
server_1,20:53:40,20:54:10,73.75,27.1,
server_1,20:53:50,20:54:20,71.74,36.3,
server_1,20:54:00,20:54:30,68.55,43.85,
server_1,20:54:10,20:54:40,63.03,44.64,
server_1,20:54:20,20:54:50,57.27,44.8,
server_1,20:54:30,20:55:00,41.4,52.73,
server_1,20:54:40,20:55:10,39.51,46.66,
server_1,20:54:50,20:55:20,30.59,44.68,
server_1,20:55:00,20:55:30,46.72,37.62,
server_1,20:55:10,20:55:40,60.95,36.49,
server_1,20:55:20,20:55:50,58.78,44.1,
server_1,20:55:30,20:56:00,49.95,63.83,
server_1,20:55:40,20:56:10,51.45,68.04,
server_1,20:55:50,20:56:20,64.38,54.96,
server_1,20:56:00,20:56:30,64.66,42.0,
server_1,20:56:10,20:56:40,53.74,46.97,
server_1,20:56:20,20:56:50,48.86,50.59,
server_1,20:56:30,20:57:00,43.16,59.59,
server_1,20:56:40,20:57:10,31.02,62.22,
server_1,20:56:50,20:57:20,23.61,63.06,
server_1,20:57:00,20:57:30,36.44,59.98,
server_1,20:57:10,20:57:40,53.76,57.96,
server_1,20:57:20,20:57:50,60.89,58.27,
server_1,20:57:30,20:58:00,58.22,48.29,
server_1,20:57:40,20:58:10,63.2,44.68,
server_1,20:57:50,20:58:20,66.4,47.12,
server_1,20:58:00,20:58:30,59.91,49.5,
server_1,20:58:10,20:58:40,57.9,43.79,
server_1,20:58:20,20:58:50,54.18,40.7,
server_1,20:58:30,20:59:00,49.51,29.75,
server_1,20:58:40,20:59:10,54.98,38.62,
server_1,20:58:50,20:59:20,58.5,54.81,
server_1,20:59:00,20:59:30,67.53,66.66,
server_1,20:59:10,20:59:40,57.99,55.91,
server_1,20:59:20,20:59:50,62.49,37.32,
server_1,20:59:30,21:00:00,55.77,41.1,
server_1,20:59:40,21:00:10,48.6,58.82,
server_1,20:59:50,21:00:20,46.18,54.1,
server_1,21:00:00,21:00:30,40.85,54.25,
server_1,21:00:10,21:00:40,50.31,33.76,
server_1,21:00:20,21:00:50,44.57,42.98,
server_1,21:00:30,21:01:00,65.66,23.39,
server_1,21:00:40,21:01:10,56.83,34.46,
server_1,21:00:50,21:01:20,58.9,37.66,
server_1,21:01:00,21:01:30,38.08,55.53,
server_1,21:01:10,21:01:40,28.6,66.67,
server_1,21:01:20,21:01:50,22.76,61.31,
server_1,21:01:30,21:02:00,41.02,53.27,
server_1,21:01:40,21:02:10,42.5,47.84,
server_1,21:01:50,21:02:20,47.24,50.02,
server_1,21:02:00,21:02:30,45.88,43.28,
server_1,21:02:10,21:02:40,65.05,49.46,
server_1,21:02:20,21:02:50,69.98,47.7,
server_1,21:02:30,21:03:00,59.95,68.66,
server_1,21:02:40,21:03:10,58.23,51.03,
server_1,21:02:50,21:03:20,49.49,49.4,
server_1,21:03:00,21:03:30,44.62,48.99,
server_1,21:03:10,21:03:40,37.03,57.11,
server_1,21:03:20,21:03:50,43.61,64.5,
server_1,21:03:30,21:04:00,56.32,48.26,
server_1,21:03:40,21:04:10,59.8,35.92,
server_1,21:03:50,21:04:20,55.56,46.13,
server_1,21:04:00,21:04:30,45.84,61.7,
server_1,21:04:10,21:04:40,51.01,70.85,
server_1,21:04:20,21:04:50,47.09,62.99,
server_1,21:04:30,21:05:00,45.65,57.64,
server_1,21:04:40,21:05:10,37.25,58.42,
server_1,21:04:50,21:05:20,52.8,60.09,
server_1,21:05:00,21:05:30,61.34,56.05,
server_1,21:05:10,21:05:40,65.39,47.9,
server_1,21:05:20,21:05:50,69.76,29.86,
server_1,21:05:30,21:06:00,58.84,21.05,
server_1,21:05:40,21:06:10,64.1,33.84,
server_1,21:05:50,21:06:20,45.99,45.28,
server_1,21:06:00,21:06:30,47.06,50.12,
server_1,21:06:10,21:06:40,34.93,42.77,
server_1,21:06:20,21:06:50,28.81,46.6,
server_1,21:06:30,21:07:00,39.2,53.51,
server_1,21:06:40,21:07:10,43.43,46.54,
server_1,21:06:50,21:07:20,59.51,36.59,
server_1,21:07:00,21:07:30,70.61,24.88,
server_1,21:07:10,21:07:40,76.8,40.02,
server_1,21:07:20,21:07:50,70.05,44.51,
server_1,21:07:30,21:08:00,68.24,44.41,
server_1,21:07:40,21:08:10,54.86,33.2,
server_1,21:07:50,21:08:20,64.03,32.58,
server_1,21:08:00,21:08:30,66.12,28.54,
server_1,21:08:10,21:08:40,68.77,29.98,
server_1,21:08:20,21:08:50,57.98,30.89,
server_1,21:08:30,21:09:00,53.47,51.55,
server_1,21:08:40,21:09:10,56.52,52.76,
server_1,21:08:50,21:09:20,49.22,58.55,
server_1,21:09:00,21:09:30,36.72,61.42,
server_1,21:09:10,21:09:40,37.34,75.61,
server_1,21:09:20,21:09:50,61.3,71.72,
server_1,21:09:30,21:10:00,65.58,60.39,
server_1,21:09:40,21:10:10,71.65,54.02,
server_1,21:09:50,21:10:20,60.02,58.49,
server_1,21:10:00,21:10:30,60.96,63.79,
server_1,21:10:10,21:10:40,59.65,51.86,
server_1,21:10:20,21:10:50,54.31,48.39,
server_1,21:10:30,21:11:00,49.37,45.58,
server_1,21:10:40,21:11:10,47.06,54.24,
server_1,21:10:50,21:11:20,49.02,49.04,
server_1,21:11:00,21:11:30,61.04,53.72,
server_1,21:11:10,21:11:40,53.93,52.16,
server_1,21:11:20,21:11:50,59.29,50.31,
server_1,21:11:30,21:12:00,51.26,37.4,
server_1,21:11:40,21:12:10,59.44,28.69,
server_1,21:11:50,21:12:20,57.08,36.31,
server_1,21:12:00,21:12:30,57.52,55.84,
server_1,21:12:10,21:12:40,48.84,60.5,
server_1,21:12:20,21:12:50,43.82,53.45,
server_1,21:12:30,21:13:00,48.36,47.95,
server_1,21:12:40,21:13:10,63.47,59.59,
server_1,21:12:50,21:13:20,63.97,61.71,
server_1,21:13:00,21:13:30,66.88,66.99,
server_1,21:13:10,21:13:40,53.33,57.33,
server_1,21:13:20,21:13:50,54.6,66.94,
server_1,21:13:30,21:14:00,52.2,52.57,
server_1,21:13:40,21:14:10,55.33,54.34,
server_1,21:13:50,21:14:20,59.54,45.12,
server_1,21:14:00,21:14:30,50.23,41.86,
server_1,21:14:10,21:14:40,54.43,43.52,
server_1,21:14:20,21:14:50,49.54,42.23,
server_1,21:14:30,21:15:00,59.48,44.2,
server_1,21:14:40,21:15:10,61.18,35.04,
server_1,21:14:50,21:15:20,71.01,46.78,
server_1,21:15:00,21:15:30,58.36,52.7,
server_1,21:15:10,21:15:40,54.82,65.56,
server_1,21:15:20,21:15:50,51.04,52.88,
server_1,21:15:30,21:16:00,58.65,54.74,
server_1,21:15:40,21:16:10,54.09,48.32,
server_1,21:15:50,21:16:20,40.18,47.3,
server_1,21:16:00,21:16:30,29.81,50.06,
server_1,21:16:10,21:16:40,36.32,58.8,
server_1,21:16:20,21:16:50,51.53,71.77,
server_1,21:16:30,21:17:00,55.3,72.97,
server_1,21:16:40,21:17:10,50.48,61.75,
server_1,21:16:50,21:17:20,40.55,62.5,
server_1,21:17:00,21:17:30,51.5,59.74,
server_1,21:17:10,21:17:40,55.91,61.45,
server_1,21:17:20,21:17:50,62.34,54.09,
server_1,21:17:30,21:18:00,59.62,57.55,
server_1,21:17:40,21:18:10,56.78,57.22,
server_1,21:17:50,21:18:20,54.18,56.4,
server_1,21:18:00,21:18:30,51.72,52.13,
server_1,21:18:10,21:18:40,54.75,59.28,
server_1,21:18:20,21:18:50,53.01,68.23,
server_1,21:18:30,21:19:00,54.19,58.13,
server_1,21:18:40,21:19:10,54.99,53.36,
server_1,21:18:50,21:19:20,63.13,38.53,
server_1,21:19:00,21:19:30,63.56,51.45,
server_1,21:19:10,21:19:40,55.29,57.95,
server_1,21:19:20,21:19:50,51.87,58.41,
server_1,21:19:30,21:20:00,40.87,52.43,
server_1,21:19:40,21:20:10,47.52,44.61,
server_1,21:19:50,21:20:20,46.88,49.02,
server_1,21:20:00,21:20:30,55.75,61.54,
server_1,21:20:10,21:20:40,49.53,63.82,
server_1,21:20:20,21:20:50,52.31,68.24,
server_1,21:20:30,21:21:00,50.43,53.04,
server_1,21:20:40,21:21:10,54.59,57.71,
server_1,21:20:50,21:21:20,54.84,58.05,
server_1,21:21:00,21:21:30,48.38,63.3,
server_1,21:21:10,21:21:40,49.53,56.42,
server_1,21:21:20,21:21:50,43.88,50.61,
server_1,21:21:30,21:22:00,41.87,51.28,
server_1,21:21:40,21:22:10,46.85,60.41,
server_1,21:21:50,21:22:20,63.77,52.29,
server_1,21:22:00,21:22:30,61.56,60.04,
server_1,21:22:10,21:22:40,57.29,55.58,
server_1,21:22:20,21:22:50,42.28,65.23,
server_1,21:22:30,21:23:00,54.18,67.88,
server_1,21:22:40,21:23:10,59.37,71.46,
server_1,21:22:50,21:23:20,63.83,68.85,
server_1,21:23:00,21:23:30,59.9,49.28,
server_1,21:23:10,21:23:40,48.67,49.3,
server_1,21:23:20,21:23:50,48.2,46.2,
server_1,21:23:30,21:24:00,42.85,57.92,
server_1,21:23:40,21:24:10,41.91,46.49,
server_1,21:23:50,21:24:20,32.55,51.18,
server_1,21:24:00,21:24:30,41.34,43.68,
server_1,21:24:10,21:24:40,45.96,50.0,
server_1,21:24:20,21:24:50,45.17,57.23,
server_1,21:24:30,21:25:00,49.36,55.86,
server_1,21:24:40,21:25:10,59.04,65.79,
server_1,21:24:50,21:25:20,61.99,55.74,
server_1,21:25:00,21:25:30,58.61,60.36,
server_1,21:25:10,21:25:40,47.47,56.18,
server_1,21:25:20,21:25:50,55.28,65.5,
server_1,21:25:30,21:26:00,56.52,64.27,
server_1,21:25:40,21:26:10,61.72,70.79,
server_1,21:25:50,21:26:20,50.27,62.87,
server_1,21:26:00,21:26:30,52.64,67.69,
server_1,21:26:10,21:26:40,59.33,52.72,
server_1,21:26:20,21:26:50,67.33,70.62,
server_1,21:26:30,21:27:00,62.38,60.89,
server_1,21:26:40,21:27:10,59.15,56.68,
server_1,21:26:50,21:27:20,55.44,40.42,
server_1,21:27:00,21:27:30,54.1,50.77,
server_1,21:27:10,21:27:40,47.52,58.55,
server_1,21:27:20,21:27:50,51.45,56.19,
server_1,21:27:30,21:28:00,54.31,52.32,
server_1,21:27:40,21:28:10,65.2,39.89,
server_1,21:27:50,21:28:20,65.53,45.36,
server_1,21:28:00,21:28:30,60.91,48.36,
server_1,21:28:10,21:28:40,49.86,56.38,
server_1,21:28:20,21:28:50,49.01,46.96,
server_1,21:28:30,21:29:00,54.25,31.56,
server_1,21:28:40,21:29:10,55.76,24.16,
server_1,21:28:50,21:29:20,47.12,35.23,
server_1,21:29:00,21:29:30,41.9,53.76,
server_1,21:29:10,21:29:40,42.19,60.54,
server_1,21:29:20,21:29:50,49.01,60.81,
server_1,21:29:30,21:30:00,55.58,48.11,
server_1,21:29:40,21:30:10,54.91,58.35,
server_1,21:29:50,21:30:20,61.71,51.8,
server_1,21:30:00,21:30:30,54.87,50.46,
server_1,21:30:10,21:30:40,56.32,43.7,
server_1,21:30:20,21:30:50,49.39,44.17,
server_1,21:30:30,21:31:00,58.4,44.88,
server_1,21:30:40,21:31:10,62.18,35.39,
server_1,21:30:50,21:31:20,57.58,34.59,
server_1,21:31:00,21:31:30,63.91,31.4,
server_1,21:31:10,21:31:40,52.46,34.96,
server_1,21:31:20,21:31:50,56.21,44.02,
server_1,21:31:30,21:32:00,43.12,49.74,
server_1,21:31:40,21:32:10,46.86,51.34,
server_1,21:31:50,21:32:20,47.67,39.69,
server_1,21:32:00,21:32:30,58.97,56.29,
server_1,21:32:10,21:32:40,58.97,68.02,
server_1,21:32:20,21:32:50,55.6,74.22,
server_1,21:32:30,21:33:00,50.24,59.53,
server_1,21:32:40,21:33:10,45.08,59.67,
server_1,21:32:50,21:33:20,45.5,65.71,
server_1,21:33:00,21:33:30,53.8,64.13,
server_1,21:33:10,21:33:40,61.81,56.55,
server_1,21:33:20,21:33:50,57.82,55.22,
server_1,21:33:30,21:34:00,44.19,55.96,
server_1,21:33:40,21:34:10,32.75,60.55,
server_1,21:33:50,21:34:20,37.2,55.49,
server_1,21:34:00,21:34:30,34.1,53.0,
server_1,21:34:10,21:34:40,50.65,40.79,
server_1,21:34:20,21:34:50,49.41,37.81,
server_1,21:34:30,21:35:00,57.74,43.46,
server_1,21:34:40,21:35:10,55.02,38.71,
server_1,21:34:50,21:35:20,68.48,40.94,
server_1,21:35:00,21:35:30,62.09,39.09,
server_1,21:35:10,21:35:40,61.75,48.32,
server_1,21:35:20,21:35:50,58.64,46.74,
server_1,21:35:30,21:36:00,59.2,51.29,
server_1,21:35:40,21:36:10,57.62,56.97,
server_1,21:35:50,21:36:20,53.12,62.02,
server_1,21:36:00,21:36:30,61.76,49.6,
server_1,21:36:10,21:36:40,58.53,44.93,
server_1,21:36:20,21:36:50,55.15,42.65,
server_1,21:36:30,21:37:00,43.54,56.26,
server_1,21:36:40,21:37:10,44.07,56.65,
server_1,21:36:50,21:37:20,33.76,60.72,
server_1,21:37:00,21:37:30,41.77,54.1,
server_1,21:37:10,21:37:40,39.78,54.64,
server_1,21:37:20,21:37:50,59.19,46.19,
server_1,21:37:30,21:38:00,50.52,40.66,
server_1,21:37:40,21:38:10,46.24,50.12,
server_1,21:37:50,21:38:20,41.3,59.25,
server_1,21:38:00,21:38:30,47.88,67.2,
server_1,21:38:10,21:38:40,59.76,52.85,
server_1,21:38:20,21:38:50,64.03,58.05,
server_1,21:38:30,21:39:00,65.66,46.35,
server_1,21:38:40,21:39:10,61.12,53.37,
server_1,21:38:50,21:39:20,54.21,55.3,
server_1,21:39:00,21:39:30,51.03,64.71,
server_1,21:39:10,21:39:40,52.52,74.54,
server_1,21:39:20,21:39:50,59.48,71.03,
server_1,21:39:30,21:40:00,68.16,77.86,
server_1,21:39:40,21:40:10,71.02,73.54,
server_1,21:39:50,21:40:20,63.03,67.45,
server_1,21:40:00,21:40:30,54.85,73.89,
server_1,21:40:10,21:40:40,47.38,67.19,
server_1,21:40:20,21:40:50,46.84,65.24,
server_1,21:40:30,21:41:00,34.91,54.82,
server_1,21:40:40,21:41:10,40.07,58.91,
server_1,21:40:50,21:41:20,39.02,57.44,
server_1,21:41:00,21:41:30,54.35,60.08,
server_1,21:41:10,21:41:40,47.54,51.86,
server_1,21:41:20,21:41:50,43.83,46.44,
server_1,21:41:30,21:42:00,39.59,41.69,
server_1,21:41:40,21:42:10,48.53,45.61,
server_1,21:41:50,21:42:20,54.4,53.96,
server_1,21:42:00,21:42:30,60.51,54.05,
server_1,21:42:10,21:42:40,55.88,55.31,
server_1,21:42:20,21:42:50,49.96,44.5,
server_1,21:42:30,21:43:00,53.48,49.87,
server_1,21:42:40,21:43:10,61.81,60.08,
server_1,21:42:50,21:43:20,73.59,66.63,
server_1,21:43:00,21:43:30,59.22,57.42,
server_1,21:43:10,21:43:40,42.45,47.55,
server_1,21:43:20,21:43:50,38.84,38.31,
server_1,21:43:30,21:44:00,49.26,37.71,
server_1,21:43:40,21:44:10,48.5,41.19,
server_1,21:43:50,21:44:20,50.51,45.58,
server_1,21:44:00,21:44:30,54.45,48.59,
server_1,21:44:10,21:44:40,60.33,51.68,
server_1,21:44:20,21:44:50,56.46,59.56,
server_1,21:44:30,21:45:00,43.76,62.24,
server_1,21:44:40,21:45:10,38.92,61.37,
server_1,21:44:50,21:45:20,41.94,64.01,
server_1,21:45:00,21:45:30,48.66,63.12,
server_1,21:45:10,21:45:40,53.24,50.76,
server_1,21:45:20,21:45:50,46.29,43.91,
server_1,21:45:30,21:46:00,47.66,40.99,
server_1,21:45:40,21:46:10,56.21,47.73,
server_1,21:45:50,21:46:20,61.22,46.39,
server_1,21:46:00,21:46:30,61.6,50.8,
server_1,21:46:10,21:46:40,48.63,52.87,
server_1,21:46:20,21:46:50,53.54,62.5,
server_1,21:46:30,21:47:00,43.24,68.2,
server_1,21:46:40,21:47:10,50.66,61.33,
server_1,21:46:50,21:47:20,48.86,61.43,
server_1,21:47:00,21:47:30,68.11,39.31,
server_1,21:47:10,21:47:40,67.08,42.29,
server_1,21:47:20,21:47:50,60.51,49.64,
server_1,21:47:30,21:48:00,42.47,59.0,
server_1,21:47:40,21:48:10,47.36,54.32,
server_1,21:47:50,21:48:20,52.29,45.9,
server_1,21:48:00,21:48:30,55.84,50.12,
server_1,21:48:10,21:48:40,60.78,65.55,
server_1,21:48:20,21:48:50,52.19,53.8,
server_1,21:48:30,21:49:00,59.91,47.14,
server_1,21:48:40,21:49:10,41.7,38.86,
server_1,21:48:50,21:49:20,39.84,48.15,
server_1,21:49:00,21:49:30,34.93,44.73,
server_1,21:49:10,21:49:40,51.73,39.58,
server_1,21:49:20,21:49:50,72.93,35.21,
server_1,21:49:30,21:50:00,69.61,45.69,
server_1,21:49:40,21:50:10,69.03,40.24,
server_1,21:49:50,21:50:20,55.34,46.97,
server_1,21:50:00,21:50:30,46.61,50.4,
server_1,21:50:10,21:50:40,35.91,54.23,
server_1,21:50:20,21:50:50,34.59,46.73,
server_1,21:50:30,21:51:00,38.52,48.88,
server_1,21:50:40,21:51:10,34.6,45.27,
server_1,21:50:50,21:51:20,40.75,40.14,
server_1,21:51:00,21:51:30,59.74,45.37,
server_1,21:51:10,21:51:40,82.89,50.73,
server_1,21:51:20,21:51:50,77.55,61.81,
server_1,21:51:30,21:52:00,59.04,60.32,
server_1,21:51:40,21:52:10,50.96,69.13,
server_1,21:51:50,21:52:20,43.05,58.29,
server_1,21:52:00,21:52:30,50.2,51.42,
server_1,21:52:10,21:52:40,44.95,47.56,
server_1,21:52:20,21:52:50,48.04,61.65,
server_1,21:52:30,21:53:00,44.62,58.6,
server_1,21:52:40,21:53:10,54.65,46.04,
server_1,21:52:50,21:53:20,60.71,42.98,
server_1,21:53:00,21:53:30,72.7,54.38,
server_1,21:53:10,21:53:40,53.47,56.37,
server_1,21:53:20,21:53:50,48.59,54.5,
server_1,21:53:30,21:54:00,45.19,49.51,
server_1,21:53:40,21:54:10,63.65,64.69,
server_1,21:53:50,21:54:20,82.49,79.47,
server_1,21:54:00,21:54:30,72.1,82.89,
server_1,21:54:10,21:54:40,70.03,81.82,
server_1,21:54:20,21:54:50,52.43,69.06,
server_1,21:54:30,21:55:00,52.71,58.98,
server_1,21:54:40,21:55:10,49.02,57.56,
server_1,21:54:50,21:55:20,51.61,54.41,
server_1,21:55:00,21:55:30,53.8,58.51,
server_1,21:55:10,21:55:40,43.33,46.07,
server_1,21:55:20,21:55:50,45.6,51.49,
server_1,21:55:30,21:56:00,55.92,47.86,
server_1,21:55:40,21:56:10,61.11,54.1,
server_1,21:55:50,21:56:20,62.69,53.12,
server_1,21:56:00,21:56:30,44.15,56.08,
server_1,21:56:10,21:56:40,49.58,49.56,
server_1,21:56:20,21:56:50,46.3,57.94,
server_1,21:56:30,21:57:00,46.16,69.75,
server_1,21:56:40,21:57:10,42.02,74.57,
server_1,21:56:50,21:57:20,34.6,67.59,
server_1,21:57:00,21:57:30,35.73,59.03,
server_1,21:57:10,21:57:40,37.38,62.95,
server_1,21:57:20,21:57:50,46.11,56.12,
server_1,21:57:30,21:58:00,60.89,58.19,
server_1,21:57:40,21:58:10,57.62,58.2,
server_1,21:57:50,21:58:20,44.11,62.3,
server_1,21:58:00,21:58:30,38.9,68.21,
server_1,21:58:10,21:58:40,38.61,64.65,
server_1,21:58:20,21:58:50,53.16,63.75,
server_1,21:58:30,21:59:00,49.45,48.1,
server_1,21:58:40,21:59:10,49.44,51.54,
server_1,21:58:50,21:59:20,54.1,44.3,
server_1,21:59:00,21:59:30,48.57,51.22,
server_1,21:59:10,21:59:40,53.51,54.99,
server_1,21:59:20,21:59:50,53.66,48.04,
server_1,21:59:30,22:00:00,62.22,42.77,
server_1,21:59:40,22:00:10,65.13,32.51,
server_1,21:59:50,22:00:20,64.15,34.89,
server_1,22:00:00,22:00:30,59.69,34.75,
server_1,22:00:10,22:00:40,53.05,34.76,
server_1,22:00:20,22:00:50,44.7,43.9,
server_1,22:00:30,22:01:00,53.12,51.04,
server_1,22:00:40,22:01:10,48.53,65.89,
server_1,22:00:50,22:01:20,50.14,76.41,
server_1,22:01:00,22:01:30,54.63,76.82,
server_1,22:01:10,22:01:40,58.84,67.88,
server_1,22:01:20,22:01:50,62.83,52.78,
server_1,22:01:30,22:02:00,60.25,39.57,
server_1,22:01:40,22:02:10,49.37,45.25,
server_1,22:01:50,22:02:20,42.7,48.03,
server_1,22:02:00,22:02:30,39.76,47.43,
server_1,22:02:10,22:02:40,48.52,39.58,
server_1,22:02:20,22:02:50,61.58,35.25,
server_1,22:02:30,22:03:00,64.0,34.94,
server_1,22:02:40,22:03:10,57.75,40.07,
server_1,22:02:50,22:03:20,42.53,44.02,
server_1,22:03:00,22:03:30,38.21,55.84,
server_1,22:03:10,22:03:40,41.79,53.34,
server_1,22:03:20,22:03:50,44.35,53.41,
server_1,22:03:30,22:04:00,40.76,51.1,
server_1,22:03:40,22:04:10,47.07,48.81,
server_1,22:03:50,22:04:20,49.42,58.13,
server_1,22:04:00,22:04:30,56.11,60.66,
server_1,22:04:10,22:04:40,55.03,76.46,
server_1,22:04:20,22:04:50,61.9,78.62,
server_1,22:04:30,22:05:00,63.1,79.99,
server_1,22:04:40,22:05:10,70.11,74.9,
server_1,22:04:50,22:05:20,63.33,76.98,
server_1,22:05:00,22:05:30,57.61,65.15,
server_1,22:05:10,22:05:40,52.34,61.44,
server_1,22:05:20,22:05:50,42.57,55.44,
server_1,22:05:30,22:06:00,42.72,62.72,
server_1,22:05:40,22:06:10,41.26,55.51,
server_1,22:05:50,22:06:20,48.12,59.55,
server_1,22:06:00,22:06:30,42.35,55.92,
server_1,22:06:10,22:06:40,46.13,54.81,
server_1,22:06:20,22:06:50,51.15,43.19,
server_1,22:06:30,22:07:00,60.71,48.96,
server_1,22:06:40,22:07:10,49.36,43.07,
server_1,22:06:50,22:07:20,51.88,51.61,
server_1,22:07:00,22:07:30,56.24,42.09,
server_1,22:07:10,22:07:40,58.41,51.6,
server_1,22:07:20,22:07:50,52.88,42.59,
server_1,22:07:30,22:08:00,38.92,54.29,
server_1,22:07:40,22:08:10,48.58,62.44,
server_1,22:07:50,22:08:20,49.59,63.8,
server_1,22:08:00,22:08:30,59.35,62.31,
server_1,22:08:10,22:08:40,59.4,51.9,
server_1,22:08:20,22:08:50,48.7,64.94,
server_1,22:08:30,22:09:00,34.19,67.62,
server_1,22:08:40,22:09:10,25.37,65.89,
server_1,22:08:50,22:09:20,38.76,59.5,
server_1,22:09:00,22:09:30,45.62,49.71,
server_1,22:09:10,22:09:40,42.09,56.31,
server_1,22:09:20,22:09:50,43.48,51.21,
server_1,22:09:30,22:10:00,49.23,55.35,
server_1,22:09:40,22:10:10,63.52,44.72,
server_1,22:09:50,22:10:20,61.73,43.84,
server_1,22:10:00,22:10:30,56.13,37.48,
server_1,22:10:10,22:10:40,42.97,40.64,
server_1,22:10:20,22:10:50,28.82,56.13,
server_1,22:10:30,22:11:00,30.52,69.78,
server_1,22:10:40,22:11:10,49.73,72.23,
server_1,22:10:50,22:11:20,64.02,55.17,
server_1,22:11:00,22:11:30,79.39,33.05,
server_1,22:11:10,22:11:40,64.46,36.49,
server_1,22:11:20,22:11:50,57.14,38.59,
server_1,22:11:30,22:12:00,51.33,44.94,
server_1,22:11:40,22:12:10,60.67,55.85,
server_1,22:11:50,22:12:20,66.39,59.7,
server_1,22:12:00,22:12:30,63.12,73.49,
server_1,22:12:10,22:12:40,50.79,71.05,
server_1,22:12:20,22:12:50,55.23,70.15,
server_1,22:12:30,22:13:00,39.26,68.41,
server_1,22:12:40,22:13:10,42.74,59.41,
server_1,22:12:50,22:13:20,35.87,51.82,
server_1,22:13:00,22:13:30,45.41,47.99,
server_1,22:13:10,22:13:40,41.8,53.65,
server_1,22:13:20,22:13:50,32.3,60.25,
server_1,22:13:30,22:14:00,37.37,60.31,
server_1,22:13:40,22:14:10,51.4,63.28,
server_1,22:13:50,22:14:20,58.66,55.59,
server_1,22:14:00,22:14:30,62.96,59.27,
server_1,22:14:10,22:14:40,57.8,52.71,
server_1,22:14:20,22:14:50,49.88,61.99,
server_1,22:14:30,22:15:00,36.95,52.45,
server_1,22:14:40,22:15:10,25.55,56.55,
server_1,22:14:50,22:15:20,34.17,52.45,
server_1,22:15:00,22:15:30,44.18,68.53,
server_1,22:15:10,22:15:40,55.3,50.61,
server_1,22:15:20,22:15:50,57.75,48.68,
server_1,22:15:30,22:16:00,57.42,38.26,
server_1,22:15:40,22:16:10,60.71,48.47,
server_1,22:15:50,22:16:20,64.53,52.89,
server_1,22:16:00,22:16:30,66.98,48.28,
server_1,22:16:10,22:16:40,56.77,46.41,
server_1,22:16:20,22:16:50,52.85,42.99,
server_1,22:16:30,22:17:00,44.69,46.47,
server_1,22:16:40,22:17:10,47.96,46.93,
server_1,22:16:50,22:17:20,45.09,43.38,
server_1,22:17:00,22:17:30,47.24,41.22,
server_1,22:17:10,22:17:40,47.38,45.83,
server_1,22:17:20,22:17:50,56.15,57.0,
server_1,22:17:30,22:18:00,54.88,55.62,
server_1,22:17:40,22:18:10,51.9,61.22,
server_1,22:17:50,22:18:20,42.3,66.42,
server_1,22:18:00,22:18:30,59.1,60.1,
server_1,22:18:10,22:18:40,60.77,51.07,
server_1,22:18:20,22:18:50,64.47,41.22,
server_1,22:18:30,22:19:00,51.39,42.03,
server_1,22:18:40,22:19:10,51.05,58.04,
server_1,22:18:50,22:19:20,49.51,55.38,
server_1,22:19:00,22:19:30,42.14,60.18,
server_1,22:19:10,22:19:40,41.89,41.93,
server_1,22:19:20,22:19:50,47.02,50.34,
server_1,22:19:30,22:20:00,54.29,45.04,
server_1,22:19:40,22:20:10,55.34,46.98,
server_1,22:19:50,22:20:20,50.43,40.1,
server_1,22:20:00,22:20:30,41.04,52.16,
server_1,22:20:10,22:20:40,47.65,58.2,
server_1,22:20:20,22:20:50,44.45,53.16,
server_1,22:20:30,22:21:00,53.67,55.49,
server_1,22:20:40,22:21:10,52.06,56.12,
server_1,22:20:50,22:21:20,48.38,63.74,
server_1,22:21:00,22:21:30,50.95,49.81,
server_1,22:21:10,22:21:40,52.25,42.19,
server_1,22:21:20,22:21:50,58.11,34.84,
server_1,22:21:30,22:22:00,64.25,47.01,
server_1,22:21:40,22:22:10,71.88,37.71,
server_1,22:21:50,22:22:20,70.93,40.52,
server_1,22:22:00,22:22:30,54.01,46.0,
server_1,22:22:10,22:22:40,29.01,70.72,
server_1,22:22:20,22:22:50,28.9,72.22,
server_1,22:22:30,22:23:00,33.0,63.72,
server_1,22:22:40,22:23:10,43.15,46.77,
server_1,22:22:50,22:23:20,42.72,53.0,
server_1,22:23:00,22:23:30,53.65,50.58,
server_1,22:23:10,22:23:40,50.35,56.26,
server_1,22:23:20,22:23:50,60.57,40.69,
server_1,22:23:30,22:24:00,47.32,47.52,
server_1,22:23:40,22:24:10,52.63,50.22,
server_1,22:23:50,22:24:20,49.35,59.87,
server_1,22:24:00,22:24:30,50.91,51.97,
server_1,22:24:10,22:24:40,49.38,43.24,
server_1,22:24:20,22:24:50,48.3,36.07,
server_1,22:24:30,22:25:00,47.88,36.71,
server_1,22:24:40,22:25:10,38.52,45.88,
server_1,22:24:50,22:25:20,43.66,60.5,
server_1,22:25:00,22:25:30,49.43,63.29,
server_1,22:25:10,22:25:40,58.5,56.65,
server_1,22:25:20,22:25:50,68.27,63.9,
server_1,22:25:30,22:26:00,57.64,71.55,
server_1,22:25:40,22:26:10,51.52,68.66,
server_1,22:25:50,22:26:20,43.36,61.24,
server_1,22:26:00,22:26:30,52.85,40.62,
server_1,22:26:10,22:26:40,68.21,51.13,
server_1,22:26:20,22:26:50,70.3,39.51,
server_1,22:26:30,22:27:00,64.45,53.72,
server_1,22:26:40,22:27:10,62.33,54.69,
server_1,22:26:50,22:27:20,49.66,60.41,
server_1,22:27:00,22:27:30,52.28,59.44,
server_1,22:27:10,22:27:40,51.56,47.37,
server_1,22:27:20,22:27:50,56.76,48.02,
server_1,22:27:30,22:28:00,66.98,51.99,
server_1,22:27:40,22:28:10,59.15,59.0,
server_1,22:27:50,22:28:20,64.16,50.01,
server_1,22:28:00,22:28:30,62.49,42.45,
server_1,22:28:10,22:28:40,57.66,45.16,
server_1,22:28:20,22:28:50,44.35,48.21,
server_1,22:28:30,22:29:00,43.43,56.03,
server_1,22:28:40,22:29:10,60.91,58.55,
server_1,22:28:50,22:29:20,61.16,72.47,
server_1,22:29:00,22:29:30,49.77,60.67,
server_1,22:29:10,22:29:40,38.32,56.66,
server_1,22:29:20,22:29:50,36.87,55.6,
server_1,22:29:30,22:30:00,45.2,59.15,
server_1,22:29:40,22:30:10,47.37,50.89,
server_1,22:29:50,22:30:20,57.8,48.66,
server_1,22:30:00,22:30:30,62.95,48.0,
server_1,22:30:10,22:30:40,58.55,54.19,
server_1,22:30:20,22:30:50,51.17,44.16,
server_1,22:30:30,22:31:00,49.0,40.17,
server_1,22:30:40,22:31:10,65.79,52.88,
server_1,22:30:50,22:31:20,71.33,53.74,
server_1,22:31:00,22:31:30,73.34,52.28,
server_1,22:31:10,22:31:40,62.83,35.66,
server_1,22:31:20,22:31:50,58.85,37.07,
server_1,22:31:30,22:32:00,46.38,52.58,
server_1,22:31:40,22:32:10,54.31,59.85,
server_1,22:31:50,22:32:20,54.37,60.22,
server_1,22:32:00,22:32:30,58.93,54.91,
server_1,22:32:10,22:32:40,53.6,55.67,
server_1,22:32:20,22:32:50,57.33,56.42,
server_1,22:32:30,22:33:00,55.91,57.02,
server_1,22:32:40,22:33:10,50.55,52.37,
server_1,22:32:50,22:33:20,50.73,53.26,
server_1,22:33:00,22:33:30,43.48,52.28,
server_1,22:33:10,22:33:40,54.53,47.21,
server_1,22:33:20,22:33:50,41.79,47.43,
server_1,22:33:30,22:34:00,53.43,47.23,
server_1,22:33:40,22:34:10,40.95,58.65,
server_1,22:33:50,22:34:20,49.84,55.87,
server_1,22:34:00,22:34:30,48.61,46.98,
server_1,22:34:10,22:34:40,60.16,38.89,
server_1,22:34:20,22:34:50,55.39,34.14,
server_1,22:34:30,22:35:00,58.37,37.81,
server_1,22:34:40,22:35:10,45.52,35.2,
server_1,22:34:50,22:35:20,45.86,48.1,
server_1,22:35:00,22:35:30,39.19,52.73,
server_1,22:35:10,22:35:40,41.63,57.2,
server_1,22:35:20,22:35:50,48.47,56.29,
server_1,22:35:30,22:36:00,46.09,53.06,
server_1,22:35:40,22:36:10,45.69,51.09,
server_1,22:35:50,22:36:20,58.01,59.04,
server_1,22:36:00,22:36:30,66.93,67.76,
server_1,22:36:10,22:36:40,81.06,71.38,
server_1,22:36:20,22:36:50,72.02,51.03,
server_1,22:36:30,22:37:00,68.1,46.59,
server_1,22:36:40,22:37:10,64.2,50.09,
server_1,22:36:50,22:37:20,74.95,45.46,
server_1,22:37:00,22:37:30,72.11,45.45,
server_1,22:37:10,22:37:40,69.05,30.29,
server_1,22:37:20,22:37:50,59.34,46.8,
server_1,22:37:30,22:38:00,61.17,45.6,
server_1,22:37:40,22:38:10,63.23,64.72,
server_1,22:37:50,22:38:20,60.17,61.59,
server_1,22:38:00,22:38:30,50.99,69.23,
server_1,22:38:10,22:38:40,38.66,57.91,
server_1,22:38:20,22:38:50,29.77,63.23,
server_1,22:38:30,22:39:00,41.18,43.54,
server_1,22:38:40,22:39:10,46.17,48.07,
server_1,22:38:50,22:39:20,58.43,38.77,
server_1,22:39:00,22:39:30,57.55,53.48,
server_1,22:39:10,22:39:40,57.16,49.4,
server_1,22:39:20,22:39:50,52.16,52.21,
server_1,22:39:30,22:40:00,42.14,43.94,
server_1,22:39:40,22:40:10,41.08,42.78,
server_1,22:39:50,22:40:20,37.3,44.84,
server_1,22:40:00,22:40:30,40.57,46.83,
server_1,22:40:10,22:40:40,37.36,57.92,
server_1,22:40:20,22:40:50,45.26,54.7,
server_1,22:40:30,22:41:00,47.71,56.92,
server_1,22:40:40,22:41:10,54.12,51.09,
server_1,22:40:50,22:41:20,53.28,54.93,
server_1,22:41:00,22:41:30,56.14,60.27,
server_1,22:41:10,22:41:40,57.62,60.12,
server_1,22:41:20,22:41:50,49.03,54.02,
server_1,22:41:30,22:42:00,48.38,64.27,
server_1,22:41:40,22:42:10,33.01,62.42,
server_1,22:41:50,22:42:20,44.29,71.85,
server_1,22:42:00,22:42:30,51.07,51.96,
server_1,22:42:10,22:42:40,75.66,64.72,
server_1,22:42:20,22:42:50,76.19,67.71,
server_1,22:42:30,22:43:00,62.79,67.52,
server_1,22:42:40,22:43:10,41.43,57.39,
server_1,22:42:50,22:43:20,50.16,46.64,
server_1,22:43:00,22:43:30,60.72,57.34,
server_1,22:43:10,22:43:40,65.49,50.65,
server_1,22:43:20,22:43:50,46.27,46.09,
server_1,22:43:30,22:44:00,31.45,45.85,
server_1,22:43:40,22:44:10,33.23,49.34,
server_1,22:43:50,22:44:20,40.81,59.06,
server_1,22:44:00,22:44:30,45.29,60.93,
server_1,22:44:10,22:44:40,48.76,55.02,
server_1,22:44:20,22:44:50,44.07,64.11,
server_1,22:44:30,22:45:00,43.88,51.7,
server_1,22:44:40,22:45:10,38.75,53.11,
server_1,22:44:50,22:45:20,35.79,32.11,
server_1,22:45:00,22:45:30,51.99,37.88,
server_1,22:45:10,22:45:40,59.96,47.41,
server_1,22:45:20,22:45:50,57.4,47.33,
server_1,22:45:30,22:46:00,44.04,47.7,
server_1,22:45:40,22:46:10,39.3,38.97,
server_1,22:45:50,22:46:20,42.02,49.63,
server_1,22:46:00,22:46:30,46.62,47.64,
server_1,22:46:10,22:46:40,45.96,54.5,
server_1,22:46:20,22:46:50,48.64,59.16,
server_1,22:46:30,22:47:00,51.79,55.31,
server_1,22:46:40,22:47:10,63.21,48.2,
server_1,22:46:50,22:47:20,59.71,47.0,
server_1,22:47:00,22:47:30,59.64,46.23,
server_1,22:47:10,22:47:40,58.04,43.9,
server_1,22:47:20,22:47:50,59.81,34.61,
server_1,22:47:30,22:48:00,50.0,48.88,
server_1,22:47:40,22:48:10,41.94,47.51,
server_1,22:47:50,22:48:20,47.02,42.63,
server_1,22:48:00,22:48:30,54.46,46.55,
server_1,22:48:10,22:48:40,53.97,55.01,
server_1,22:48:20,22:48:50,56.06,59.01,
server_1,22:48:30,22:49:00,58.69,43.7,
server_1,22:48:40,22:49:10,51.22,40.03,
server_1,22:48:50,22:49:20,49.36,37.55,
server_1,22:49:00,22:49:30,38.48,49.58,
server_1,22:49:10,22:49:40,47.95,54.26,
server_1,22:49:20,22:49:50,44.4,66.75,
server_1,22:49:30,22:50:00,55.68,50.7,
server_1,22:49:40,22:50:10,61.4,58.5,
server_1,22:49:50,22:50:20,68.95,57.24,
server_1,22:50:00,22:50:30,62.77,63.13,
server_1,22:50:10,22:50:40,53.26,51.83,
server_1,22:50:20,22:50:50,39.31,41.49,
server_1,22:50:30,22:51:00,31.86,43.32,
server_1,22:50:40,22:51:10,35.01,42.05,
server_1,22:50:50,22:51:20,48.29,43.68,
server_1,22:51:00,22:51:30,53.34,43.85,
server_1,22:51:10,22:51:40,55.88,38.99,
server_1,22:51:20,22:51:50,44.48,41.79,
server_1,22:51:30,22:52:00,43.57,36.36,
server_1,22:51:40,22:52:10,40.9,35.06,
server_1,22:51:50,22:52:20,58.74,39.72,
server_1,22:52:00,22:52:30,72.93,53.53,
server_1,22:52:10,22:52:40,77.65,64.55,
server_1,22:52:20,22:52:50,63.53,73.28,
server_1,22:52:30,22:53:00,62.02,72.51,
server_1,22:52:40,22:53:10,58.12,79.86,
server_1,22:52:50,22:53:20,72.5,72.56,
server_10,20:53:00,20:53:30,58.65,73.62,
server_10,20:53:10,20:53:40,49.97,71.66,
server_10,20:53:20,20:53:50,43.31,61.81,
server_10,20:53:30,20:54:00,45.89,49.55,
server_10,20:53:40,20:54:10,56.27,61.19,
server_10,20:53:50,20:54:20,59.86,68.18,
server_10,20:54:00,20:54:30,63.98,64.12,
server_10,20:54:10,20:54:40,65.69,50.02,
server_10,20:54:20,20:54:50,56.08,37.18,
server_10,20:54:30,20:55:00,57.21,44.84,
server_10,20:54:40,20:55:10,56.98,39.27,
server_10,20:54:50,20:55:20,62.56,44.84,
server_10,20:55:00,20:55:30,59.31,44.12,
server_10,20:55:10,20:55:40,55.58,54.14,
server_10,20:55:20,20:55:50,63.79,61.08,
server_10,20:55:30,20:56:00,67.94,50.77,
server_10,20:55:40,20:56:10,56.84,52.28,
server_10,20:55:50,20:56:20,46.59,50.84,
server_10,20:56:00,20:56:30,43.27,61.51,
server_10,20:56:10,20:56:40,54.2,65.44,
server_10,20:56:20,20:56:50,62.27,63.06,
server_10,20:56:30,20:57:00,59.86,63.69,
server_10,20:56:40,20:57:10,52.32,54.22,
server_10,20:56:50,20:57:20,44.47,49.26,
server_10,20:57:00,20:57:30,39.23,54.52,
server_10,20:57:10,20:57:40,51.34,65.38,
server_10,20:57:20,20:57:50,49.44,67.41,
server_10,20:57:30,20:58:00,57.96,63.84,
server_10,20:57:40,20:58:10,43.29,48.23,
server_10,20:57:50,20:58:20,51.68,47.52,
server_10,20:58:00,20:58:30,48.27,44.95,
server_10,20:58:10,20:58:40,57.31,65.48,
server_10,20:58:20,20:58:50,63.55,66.52,
server_10,20:58:30,20:59:00,72.24,73.62,
server_10,20:58:40,20:59:10,69.77,65.77,
server_10,20:58:50,20:59:20,59.1,65.95,
server_10,20:59:00,20:59:30,57.5,49.87,
server_10,20:59:10,20:59:40,45.21,46.14,
server_10,20:59:20,20:59:50,31.37,55.92,
server_10,20:59:30,21:00:00,24.58,69.92,
server_10,20:59:40,21:00:10,41.71,62.76,
server_10,20:59:50,21:00:20,64.11,45.63,
server_10,21:00:00,21:00:30,78.89,48.99,
server_10,21:00:10,21:00:40,82.52,46.83,
server_10,21:00:20,21:00:50,75.48,47.14,
server_10,21:00:30,21:01:00,68.04,31.07,
server_10,21:00:40,21:01:10,61.59,37.65,
server_10,21:00:50,21:01:20,49.52,48.29,
server_10,21:01:00,21:01:30,44.22,67.65,
server_10,21:01:10,21:01:40,41.81,73.15,
server_10,21:01:20,21:01:50,56.21,72.75,
server_10,21:01:30,21:02:00,58.12,61.1,
server_10,21:01:40,21:02:10,52.24,49.22,
server_10,21:01:50,21:02:20,54.89,47.19,
server_10,21:02:00,21:02:30,61.99,41.73,
server_10,21:02:10,21:02:40,63.06,40.94,
server_10,21:02:20,21:02:50,55.88,39.83,
server_10,21:02:30,21:03:00,52.51,45.24,
server_10,21:02:40,21:03:10,57.53,48.8,
server_10,21:02:50,21:03:20,51.52,41.21,
server_10,21:03:00,21:03:30,50.33,39.41,
server_10,21:03:10,21:03:40,47.35,36.3,
server_10,21:03:20,21:03:50,58.79,44.82,
server_10,21:03:30,21:04:00,53.25,54.01,
server_10,21:03:40,21:04:10,51.84,69.4,
server_10,21:03:50,21:04:20,39.67,70.7,
server_10,21:04:00,21:04:30,39.12,62.37,
server_10,21:04:10,21:04:40,41.3,51.51,
server_10,21:04:20,21:04:50,44.53,42.37,
server_10,21:04:30,21:05:00,46.35,48.51,
server_10,21:04:40,21:05:10,49.54,53.12,
server_10,21:04:50,21:05:20,41.23,64.13,
server_10,21:05:00,21:05:30,38.14,60.67,
server_10,21:05:10,21:05:40,43.62,53.6,
server_10,21:05:20,21:05:50,55.72,53.83,
server_10,21:05:30,21:06:00,70.14,59.4,
server_10,21:05:40,21:06:10,65.32,52.1,
server_10,21:05:50,21:06:20,71.25,37.79,
server_10,21:06:00,21:06:30,71.05,38.95,
server_10,21:06:10,21:06:40,70.54,38.94,
server_10,21:06:20,21:06:50,60.84,43.65,
server_10,21:06:30,21:07:00,43.18,25.87,
server_10,21:06:40,21:07:10,48.49,31.71,
server_10,21:06:50,21:07:20,48.02,33.32,
server_10,21:07:00,21:07:30,47.1,44.87,
server_10,21:07:10,21:07:40,37.97,52.54,
server_10,21:07:20,21:07:50,47.32,44.18,
server_10,21:07:30,21:08:00,49.84,55.14,
server_10,21:07:40,21:08:10,48.08,47.1,
server_10,21:07:50,21:08:20,35.81,51.91,
server_10,21:08:00,21:08:30,48.75,36.11,
server_10,21:08:10,21:08:40,51.05,44.85,
server_10,21:08:20,21:08:50,54.91,44.66,
server_10,21:08:30,21:09:00,48.27,49.13,
server_10,21:08:40,21:09:10,48.0,53.13,
server_10,21:08:50,21:09:20,56.11,53.68,
server_10,21:09:00,21:09:30,47.77,55.35,
server_10,21:09:10,21:09:40,47.06,50.02,
server_10,21:09:20,21:09:50,48.76,46.64,
server_10,21:09:30,21:10:00,56.95,43.51,
server_10,21:09:40,21:10:10,68.3,49.14,
server_10,21:09:50,21:10:20,58.62,67.06,
server_10,21:10:00,21:10:30,61.73,67.38,
server_10,21:10:10,21:10:40,52.51,56.56,
server_10,21:10:20,21:10:50,50.19,57.86,
server_10,21:10:30,21:11:00,50.86,63.65,
server_10,21:10:40,21:11:10,51.93,68.14,
server_10,21:10:50,21:11:20,61.21,53.02,
server_10,21:11:00,21:11:30,51.0,42.71,
server_10,21:11:10,21:11:40,44.62,51.92,
server_10,21:11:20,21:11:50,30.04,51.24,
server_10,21:11:30,21:12:00,30.35,64.2,
server_10,21:11:40,21:12:10,29.28,62.44,
server_10,21:11:50,21:12:20,31.95,70.08,
server_10,21:12:00,21:12:30,36.08,59.18,
server_10,21:12:10,21:12:40,53.5,52.21,
server_10,21:12:20,21:12:50,64.1,39.43,
server_10,21:12:30,21:13:00,74.94,52.07,
server_10,21:12:40,21:13:10,72.25,48.18,
server_10,21:12:50,21:13:20,75.45,56.5,
server_10,21:13:00,21:13:30,72.92,55.66,
server_10,21:13:10,21:13:40,63.53,57.21,
server_10,21:13:20,21:13:50,46.15,62.23,
server_10,21:13:30,21:14:00,40.38,60.03,
server_10,21:13:40,21:14:10,48.81,52.51,
server_10,21:13:50,21:14:20,56.54,49.92,
server_10,21:14:00,21:14:30,60.25,44.79,
server_10,21:14:10,21:14:40,50.14,59.94,
server_10,21:14:20,21:14:50,67.62,72.33,
server_10,21:14:30,21:15:00,54.56,75.96,
server_10,21:14:40,21:15:10,67.01,58.96,
server_10,21:14:50,21:15:20,53.12,34.11,
server_10,21:15:00,21:15:30,53.71,23.75,
server_10,21:15:10,21:15:40,42.12,34.33,
server_10,21:15:20,21:15:50,43.02,48.5,
server_10,21:15:30,21:16:00,47.68,52.16,
server_10,21:15:40,21:16:10,58.69,46.92,
server_10,21:15:50,21:16:20,49.4,56.11,
server_10,21:16:00,21:16:30,38.06,70.25,
server_10,21:16:10,21:16:40,40.3,80.18,
server_10,21:16:20,21:16:50,48.63,64.0,
server_10,21:16:30,21:17:00,68.96,44.68,
server_10,21:16:40,21:17:10,64.82,48.27,
server_10,21:16:50,21:17:20,71.8,46.63,
server_10,21:17:00,21:17:30,62.85,50.99,
server_10,21:17:10,21:17:40,53.37,45.88,
server_10,21:17:20,21:17:50,40.6,58.71,
server_10,21:17:30,21:18:00,51.21,57.33,
server_10,21:17:40,21:18:10,49.96,57.03,
server_10,21:17:50,21:18:20,51.71,61.15,
server_10,21:18:00,21:18:30,49.91,62.41,
server_10,21:18:10,21:18:40,60.23,50.3,
server_10,21:18:20,21:18:50,64.05,33.64,
server_10,21:18:30,21:19:00,60.13,32.08,
server_10,21:18:40,21:19:10,61.63,48.14,
server_10,21:18:50,21:19:20,68.63,63.42,
server_10,21:19:00,21:19:30,68.23,64.68,
server_10,21:19:10,21:19:40,67.96,65.39,
server_10,21:19:20,21:19:50,51.09,58.79,
server_10,21:19:30,21:20:00,54.09,50.48,
server_10,21:19:40,21:20:10,49.3,37.79,
server_10,21:19:50,21:20:20,55.92,37.6,
server_10,21:20:00,21:20:30,49.55,42.93,
server_10,21:20:10,21:20:40,53.81,41.37,
server_10,21:20:20,21:20:50,64.13,43.78,
server_10,21:20:30,21:21:00,62.91,55.08,
server_10,21:20:40,21:21:10,51.75,59.87,
server_10,21:20:50,21:21:20,46.65,51.44,
server_10,21:21:00,21:21:30,51.26,47.63,
server_10,21:21:10,21:21:40,60.05,52.34,
server_10,21:21:20,21:21:50,64.07,54.88,
server_10,21:21:30,21:22:00,70.11,58.31,
server_10,21:21:40,21:22:10,63.29,54.92,
server_10,21:21:50,21:22:20,62.03,50.96,
server_10,21:22:00,21:22:30,49.9,53.99,
server_10,21:22:10,21:22:40,50.23,57.44,
server_10,21:22:20,21:22:50,49.07,67.19,
server_10,21:22:30,21:23:00,50.32,56.66,
server_10,21:22:40,21:23:10,41.23,60.69,
server_10,21:22:50,21:23:20,41.04,62.76,
server_10,21:23:00,21:23:30,39.4,66.05,
server_10,21:23:10,21:23:40,59.53,66.69,
server_10,21:23:20,21:23:50,57.34,51.43,
server_10,21:23:30,21:24:00,56.53,44.23,
server_10,21:23:40,21:24:10,47.6,47.89,
server_10,21:23:50,21:24:20,48.06,55.96,
server_10,21:24:00,21:24:30,53.98,64.08,
server_10,21:24:10,21:24:40,49.16,49.44,
server_10,21:24:20,21:24:50,44.35,51.65,
server_10,21:24:30,21:25:00,46.63,50.41,
server_10,21:24:40,21:25:10,43.93,56.86,
server_10,21:24:50,21:25:20,49.21,52.95,
server_10,21:25:00,21:25:30,49.8,64.17,
server_10,21:25:10,21:25:40,56.84,58.27,
server_10,21:25:20,21:25:50,48.65,62.86,
server_10,21:25:30,21:26:00,44.75,50.12,
server_10,21:25:40,21:26:10,47.72,58.59,
server_10,21:25:50,21:26:20,51.41,56.25,
server_10,21:26:00,21:26:30,52.02,64.02,
server_10,21:26:10,21:26:40,54.7,53.4,
server_10,21:26:20,21:26:50,52.59,57.07,
server_10,21:26:30,21:27:00,45.42,53.21,
server_10,21:26:40,21:27:10,49.64,66.91,
server_10,21:26:50,21:27:20,45.49,57.68,
server_10,21:27:00,21:27:30,53.41,50.29,
server_10,21:27:10,21:27:40,41.81,41.35,
server_10,21:27:20,21:27:50,49.36,45.74,
server_10,21:27:30,21:28:00,52.33,55.9,
server_10,21:27:40,21:28:10,50.36,51.65,
server_10,21:27:50,21:28:20,48.64,49.78,
server_10,21:28:00,21:28:30,47.16,31.82,
server_10,21:28:10,21:28:40,52.37,25.24,
server_10,21:28:20,21:28:50,49.95,26.59,
server_10,21:28:30,21:29:00,43.69,46.73,
server_10,21:28:40,21:29:10,47.41,48.9,
server_10,21:28:50,21:29:20,55.38,51.45,
server_10,21:29:00,21:29:30,69.06,39.82,
server_10,21:29:10,21:29:40,67.91,64.32,
server_10,21:29:20,21:29:50,62.36,57.58,
server_10,21:29:30,21:30:00,60.07,53.38,
server_10,21:29:40,21:30:10,51.91,38.1,
server_10,21:29:50,21:30:20,60.85,34.63,
server_10,21:30:00,21:30:30,64.54,51.44,
server_10,21:30:10,21:30:40,73.0,42.2,
server_10,21:30:20,21:30:50,71.78,50.34,
server_10,21:30:30,21:31:00,56.98,44.7,
server_10,21:30:40,21:31:10,66.95,65.23,
server_10,21:30:50,21:31:20,46.75,76.72,
server_10,21:31:00,21:31:30,47.98,71.12,
server_10,21:31:10,21:31:40,44.0,66.74,
server_10,21:31:20,21:31:50,60.3,70.0,
server_10,21:31:30,21:32:00,68.19,67.01,
server_10,21:31:40,21:32:10,62.1,70.84,
server_10,21:31:50,21:32:20,59.51,57.49,
server_10,21:32:00,21:32:30,60.8,54.01,
server_10,21:32:10,21:32:40,49.71,40.7,
server_10,21:32:20,21:32:50,46.14,41.68,
server_10,21:32:30,21:33:00,37.31,55.5,
server_10,21:32:40,21:33:10,40.54,65.34,
server_10,21:32:50,21:33:20,36.49,59.41,
server_10,21:33:00,21:33:30,39.88,51.87,
server_10,21:33:10,21:33:40,48.43,50.78,
server_10,21:33:20,21:33:50,68.47,38.95,
server_10,21:33:30,21:34:00,73.98,37.8,
server_10,21:33:40,21:34:10,67.89,36.48,
server_10,21:33:50,21:34:20,52.34,46.99,
server_10,21:34:00,21:34:30,48.11,61.52,
server_10,21:34:10,21:34:40,53.72,59.74,
server_10,21:34:20,21:34:50,58.79,64.32,
server_10,21:34:30,21:35:00,57.21,53.65,
server_10,21:34:40,21:35:10,43.09,44.37,
server_10,21:34:50,21:35:20,39.48,48.27,
server_10,21:35:00,21:35:30,45.84,41.88,
server_10,21:35:10,21:35:40,43.57,53.92,
server_10,21:35:20,21:35:50,38.84,59.64,
server_10,21:35:30,21:36:00,33.57,77.05,
server_10,21:35:40,21:36:10,40.52,64.84,
server_10,21:35:50,21:36:20,56.98,47.23,
server_10,21:36:00,21:36:30,48.74,37.38,
server_10,21:36:10,21:36:40,37.9,56.1,
server_10,21:36:20,21:36:50,34.96,58.07,
server_10,21:36:30,21:37:00,43.97,53.97,
server_10,21:36:40,21:37:10,63.72,39.47,
server_10,21:36:50,21:37:20,57.3,45.07,
server_10,21:37:00,21:37:30,65.96,43.92,
server_10,21:37:10,21:37:40,54.05,53.0,
server_10,21:37:20,21:37:50,45.84,58.9,
server_10,21:37:30,21:38:00,37.72,61.78,
server_10,21:37:40,21:38:10,48.57,60.32,
server_10,21:37:50,21:38:20,59.04,64.1,
server_10,21:38:00,21:38:30,51.56,58.51,
server_10,21:38:10,21:38:40,41.7,60.54,
server_10,21:38:20,21:38:50,33.88,56.86,
server_10,21:38:30,21:39:00,47.51,71.19,
server_10,21:38:40,21:39:10,54.27,68.16,
server_10,21:38:50,21:39:20,56.58,58.68,
server_10,21:39:00,21:39:30,50.31,42.62,
server_10,21:39:10,21:39:40,61.75,40.6,
server_10,21:39:20,21:39:50,71.27,40.76,
server_10,21:39:30,21:40:00,72.05,39.22,
server_10,21:39:40,21:40:10,61.93,30.88,
server_10,21:39:50,21:40:20,57.63,42.46,
server_10,21:40:00,21:40:30,52.79,51.22,
server_10,21:40:10,21:40:40,44.26,65.67,
server_10,21:40:20,21:40:50,56.38,74.34,
server_10,21:40:30,21:41:00,57.9,70.57,
server_10,21:40:40,21:41:10,62.8,55.05,
server_10,21:40:50,21:41:20,55.12,48.81,
server_10,21:41:00,21:41:30,62.13,56.07,
server_10,21:41:10,21:41:40,64.11,60.9,
server_10,21:41:20,21:41:50,52.83,49.53,
server_10,21:41:30,21:42:00,35.9,51.2,
server_10,21:41:40,21:42:10,41.05,57.12,
server_10,21:41:50,21:42:20,51.12,67.01,
server_10,21:42:00,21:42:30,61.47,60.82,
server_10,21:42:10,21:42:40,67.22,62.29,
server_10,21:42:20,21:42:50,53.22,60.1,
server_10,21:42:30,21:43:00,56.0,67.38,
server_10,21:42:40,21:43:10,54.2,68.33,
server_10,21:42:50,21:43:20,62.31,59.22,
server_10,21:43:00,21:43:30,54.69,50.54,
server_10,21:43:10,21:43:40,44.32,43.65,
server_10,21:43:20,21:43:50,39.2,39.13,
server_10,21:43:30,21:44:00,35.89,46.52,
server_10,21:43:40,21:44:10,36.79,49.45,
server_10,21:43:50,21:44:20,31.99,64.7,
server_10,21:44:00,21:44:30,41.38,52.96,
server_10,21:44:10,21:44:40,38.91,44.53,
server_10,21:44:20,21:44:50,53.55,50.88,
server_10,21:44:30,21:45:00,57.03,51.65,
server_10,21:44:40,21:45:10,50.71,62.42,
server_10,21:44:50,21:45:20,42.12,60.77,
server_10,21:45:00,21:45:30,33.48,68.44,
server_10,21:45:10,21:45:40,46.16,71.23,
server_10,21:45:20,21:45:50,57.72,65.81,
server_10,21:45:30,21:46:00,60.29,67.77,
server_10,21:45:40,21:46:10,56.65,58.4,
server_10,21:45:50,21:46:20,46.83,53.64,
server_10,21:46:00,21:46:30,54.4,48.39,
server_10,21:46:10,21:46:40,61.22,48.22,
server_10,21:46:20,21:46:50,68.89,54.61,
server_10,21:46:30,21:47:00,65.68,58.2,
server_10,21:46:40,21:47:10,53.24,67.83,
server_10,21:46:50,21:47:20,41.28,58.82,
server_10,21:47:00,21:47:30,30.31,53.97,
server_10,21:47:10,21:47:40,33.76,44.63,
server_10,21:47:20,21:47:50,34.49,55.87,
server_10,21:47:30,21:48:00,35.2,52.74,
server_10,21:47:40,21:48:10,50.34,43.92,
server_10,21:47:50,21:48:20,64.51,42.8,
server_10,21:48:00,21:48:30,75.67,43.41,
server_10,21:48:10,21:48:40,60.3,51.76,
server_10,21:48:20,21:48:50,56.18,37.34,
server_10,21:48:30,21:49:00,47.45,38.25,
server_10,21:48:40,21:49:10,48.35,36.81,
server_10,21:48:50,21:49:20,42.73,43.09,
server_10,21:49:00,21:49:30,42.64,43.86,
server_10,21:49:10,21:49:40,40.4,46.32,
server_10,21:49:20,21:49:50,36.08,39.08,
server_10,21:49:30,21:50:00,42.05,47.81,
server_10,21:49:40,21:50:10,52.91,40.96,
server_10,21:49:50,21:50:20,66.67,39.54,
server_10,21:50:00,21:50:30,66.15,29.57,
server_10,21:50:10,21:50:40,67.71,32.8,
server_10,21:50:20,21:50:50,55.25,43.17,
server_10,21:50:30,21:51:00,57.3,51.91,
server_10,21:50:40,21:51:10,44.57,67.85,
server_10,21:50:50,21:51:20,57.59,70.93,
server_10,21:51:00,21:51:30,55.59,68.62,
server_10,21:51:10,21:51:40,56.54,56.32,
server_10,21:51:20,21:51:50,62.28,51.65,
server_10,21:51:30,21:52:00,66.82,42.47,
server_10,21:51:40,21:52:10,72.17,43.22,
server_10,21:51:50,21:52:20,66.86,47.01,
server_10,21:52:00,21:52:30,63.68,54.91,
server_10,21:52:10,21:52:40,53.04,64.22,
server_10,21:52:20,21:52:50,38.76,66.2,
server_10,21:52:30,21:53:00,24.96,79.18,
server_10,21:52:40,21:53:10,27.81,68.88,
server_10,21:52:50,21:53:20,35.61,59.61,
server_10,21:53:00,21:53:30,45.07,42.4,
server_10,21:53:10,21:53:40,41.61,38.46,
server_10,21:53:20,21:53:50,41.78,43.98,
server_10,21:53:30,21:54:00,51.3,41.93,
server_10,21:53:40,21:54:10,64.74,42.72,
server_10,21:53:50,21:54:20,61.32,44.51,
server_10,21:54:00,21:54:30,60.39,57.2,
server_10,21:54:10,21:54:40,51.31,56.98,
server_10,21:54:20,21:54:50,52.16,55.76,
server_10,21:54:30,21:55:00,41.21,45.52,
server_10,21:54:40,21:55:10,52.21,41.3,
server_10,21:54:50,21:55:20,47.24,36.18,
server_10,21:55:00,21:55:30,60.04,31.34,
server_10,21:55:10,21:55:40,64.32,50.62,
server_10,21:55:20,21:55:50,67.92,50.58,
server_10,21:55:30,21:56:00,53.28,54.23,
server_10,21:55:40,21:56:10,39.75,43.35,
server_10,21:55:50,21:56:20,48.91,37.73,
server_10,21:56:00,21:56:30,50.36,40.54,
server_10,21:56:10,21:56:40,56.38,44.05,
server_10,21:56:20,21:56:50,48.44,53.99,
server_10,21:56:30,21:57:00,54.85,58.63,
server_10,21:56:40,21:57:10,61.77,49.1,
server_10,21:56:50,21:57:20,53.23,35.79,
server_10,21:57:00,21:57:30,53.75,26.83,
server_10,21:57:10,21:57:40,45.13,24.52,
server_10,21:57:20,21:57:50,55.0,28.55,
server_10,21:57:30,21:58:00,50.44,38.37,
server_10,21:57:40,21:58:10,45.62,43.54,
server_10,21:57:50,21:58:20,51.01,43.16,
server_10,21:58:00,21:58:30,61.94,48.25,
server_10,21:58:10,21:58:40,64.3,52.15,
server_10,21:58:20,21:58:50,55.22,57.17,
server_10,21:58:30,21:59:00,48.51,45.5,
server_10,21:58:40,21:59:10,43.55,35.35,
server_10,21:58:50,21:59:20,45.13,46.28,
server_10,21:59:00,21:59:30,52.77,56.62,
server_10,21:59:10,21:59:40,52.84,56.62,
server_10,21:59:20,21:59:50,58.07,47.22,
server_10,21:59:30,22:00:00,60.23,34.87,
server_10,21:59:40,22:00:10,75.02,40.13,
server_10,21:59:50,22:00:20,76.15,41.44,
server_10,22:00:00,22:00:30,68.36,52.79,
server_10,22:00:10,22:00:40,65.96,49.8,
server_10,22:00:20,22:00:50,60.45,47.74,
server_10,22:00:30,22:01:00,65.32,46.7,
server_10,22:00:40,22:01:10,56.12,51.39,
server_10,22:00:50,22:01:20,57.34,52.49,
server_10,22:01:00,22:01:30,45.28,46.35,
server_10,22:01:10,22:01:40,55.58,48.3,
server_10,22:01:20,22:01:50,62.67,42.46,
server_10,22:01:30,22:02:00,58.04,50.11,
server_10,22:01:40,22:02:10,44.28,54.13,
server_10,22:01:50,22:02:20,27.59,64.5,
server_10,22:02:00,22:02:30,34.96,60.0,
server_10,22:02:10,22:02:40,43.9,63.0,
server_10,22:02:20,22:02:50,62.05,70.97,
server_10,22:02:30,22:03:00,60.87,60.98,
server_10,22:02:40,22:03:10,61.53,57.72,
server_10,22:02:50,22:03:20,54.71,59.26,
server_10,22:03:00,22:03:30,58.79,67.2,
server_10,22:03:10,22:03:40,46.55,66.75,
server_10,22:03:20,22:03:50,43.54,51.64,
server_10,22:03:30,22:04:00,44.3,56.51,
server_10,22:03:40,22:04:10,53.53,67.73,
server_10,22:03:50,22:04:20,60.71,76.67,
server_10,22:04:00,22:04:30,56.84,70.41,
server_10,22:04:10,22:04:40,71.47,45.4,
server_10,22:04:20,22:04:50,67.1,43.4,
server_10,22:04:30,22:05:00,60.86,36.54,
server_10,22:04:40,22:05:10,41.28,54.21,
server_10,22:04:50,22:05:20,43.95,54.61,
server_10,22:05:00,22:05:30,50.59,63.17,
server_10,22:05:10,22:05:40,55.01,54.98,
server_10,22:05:20,22:05:50,53.22,46.78,
server_10,22:05:30,22:06:00,62.95,42.44,
server_10,22:05:40,22:06:10,69.55,53.79,
server_10,22:05:50,22:06:20,57.25,57.94,
server_10,22:06:00,22:06:30,43.66,61.52,
server_10,22:06:10,22:06:40,45.07,60.24,
server_10,22:06:20,22:06:50,52.54,58.72,
server_10,22:06:30,22:07:00,61.31,63.99,
server_10,22:06:40,22:07:10,61.73,59.29,
server_10,22:06:50,22:07:20,60.35,53.77,
server_10,22:07:00,22:07:30,61.85,41.26,
server_10,22:07:10,22:07:40,64.58,46.07,
server_10,22:07:20,22:07:50,60.52,56.96,
server_10,22:07:30,22:08:00,49.43,68.02,
server_10,22:07:40,22:08:10,39.8,60.06,
server_10,22:07:50,22:08:20,54.41,63.52,
server_10,22:08:00,22:08:30,63.05,61.68,
server_10,22:08:10,22:08:40,69.21,55.02,
server_10,22:08:20,22:08:50,59.84,39.84,
server_10,22:08:30,22:09:00,58.87,39.08,
server_10,22:08:40,22:09:10,49.28,55.08,
server_10,22:08:50,22:09:20,44.91,57.62,
server_10,22:09:00,22:09:30,42.78,58.02,
server_10,22:09:10,22:09:40,49.16,43.92,
server_10,22:09:20,22:09:50,54.75,51.64,
server_10,22:09:30,22:10:00,52.37,51.35,
server_10,22:09:40,22:10:10,52.02,54.93,
server_10,22:09:50,22:10:20,61.78,59.96,
server_10,22:10:00,22:10:30,64.11,59.25,
server_10,22:10:10,22:10:40,50.68,64.67,
server_10,22:10:20,22:10:50,35.36,52.36,
server_10,22:10:30,22:11:00,38.48,53.55,
server_10,22:10:40,22:11:10,55.72,52.15,
server_10,22:10:50,22:11:20,64.05,58.85,
server_10,22:11:00,22:11:30,62.73,48.76,
server_10,22:11:10,22:11:40,62.92,56.15,
server_10,22:11:20,22:11:50,52.85,58.8,
server_10,22:11:30,22:12:00,65.72,69.72,
server_10,22:11:40,22:12:10,55.88,63.53,
server_10,22:11:50,22:12:20,53.89,63.85,
server_10,22:12:00,22:12:30,44.48,59.23,
server_10,22:12:10,22:12:40,52.27,63.98,
server_10,22:12:20,22:12:50,64.64,59.56,
server_10,22:12:30,22:13:00,65.47,59.2,
server_10,22:12:40,22:13:10,53.78,46.74,
server_10,22:12:50,22:13:20,39.76,44.92,
server_10,22:13:00,22:13:30,27.34,60.66,
server_10,22:13:10,22:13:40,25.79,68.78,
server_10,22:13:20,22:13:50,33.58,69.12,
server_10,22:13:30,22:14:00,42.44,63.09,
server_10,22:13:40,22:14:10,53.49,62.06,
server_10,22:13:50,22:14:20,49.26,57.28,
server_10,22:14:00,22:14:30,59.89,48.17,
server_10,22:14:10,22:14:40,45.51,47.66,
server_10,22:14:20,22:14:50,49.89,48.15,
server_10,22:14:30,22:15:00,41.14,39.84,
server_10,22:14:40,22:15:10,57.12,32.95,
server_10,22:14:50,22:15:20,61.36,34.48,
server_10,22:15:00,22:15:30,52.42,41.71,
server_10,22:15:10,22:15:40,47.23,44.98,
server_10,22:15:20,22:15:50,49.79,50.87,
server_10,22:15:30,22:16:00,59.74,46.01,
server_10,22:15:40,22:16:10,64.04,35.54,
server_10,22:15:50,22:16:20,54.25,27.66,
server_10,22:16:00,22:16:30,56.67,29.91,
server_10,22:16:10,22:16:40,52.04,38.35,
server_10,22:16:20,22:16:50,54.5,38.98,
server_10,22:16:30,22:17:00,50.93,53.74,
server_10,22:16:40,22:17:10,46.86,56.54,
server_10,22:16:50,22:17:20,52.17,63.67,
server_10,22:17:00,22:17:30,38.11,61.75,
server_10,22:17:10,22:17:40,43.99,64.5,
server_10,22:17:20,22:17:50,44.56,73.5,
server_10,22:17:30,22:18:00,53.37,68.89,
server_10,22:17:40,22:18:10,48.67,68.61,
server_10,22:17:50,22:18:20,48.25,59.56,
server_10,22:18:00,22:18:30,58.82,50.68,
server_10,22:18:10,22:18:40,61.01,51.27,
server_10,22:18:20,22:18:50,60.84,51.68,
server_10,22:18:30,22:19:00,44.38,64.73,
server_10,22:18:40,22:19:10,50.44,69.29,
server_10,22:18:50,22:19:20,55.74,65.98,
server_10,22:19:00,22:19:30,69.63,50.85,
server_10,22:19:10,22:19:40,62.37,46.38,
server_10,22:19:20,22:19:50,60.96,44.26,
server_10,22:19:30,22:20:00,62.45,62.84,
server_10,22:19:40,22:20:10,74.74,68.15,
server_10,22:19:50,22:20:20,68.5,71.03,
server_10,22:20:00,22:20:30,51.73,67.97,
server_10,22:20:10,22:20:40,39.96,66.74,
server_10,22:20:20,22:20:50,49.92,74.8,
server_10,22:20:30,22:21:00,73.38,69.25,
server_10,22:20:40,22:21:10,77.0,59.73,
server_10,22:20:50,22:21:20,64.26,43.12,
server_10,22:21:00,22:21:30,62.03,43.15,
server_10,22:21:10,22:21:40,60.69,39.87,
server_10,22:21:20,22:21:50,64.25,44.21,
server_10,22:21:30,22:22:00,52.45,42.49,
server_10,22:21:40,22:22:10,57.37,51.76,
server_10,22:21:50,22:22:20,62.49,52.91,
server_10,22:22:00,22:22:30,53.04,60.96,
server_10,22:22:10,22:22:40,49.15,58.14,
server_10,22:22:20,22:22:50,38.82,58.35,
server_10,22:22:30,22:23:00,45.5,49.37,
server_10,22:22:40,22:23:10,42.53,50.88,
server_10,22:22:50,22:23:20,42.53,47.23,
server_10,22:23:00,22:23:30,44.81,47.51,
server_10,22:23:10,22:23:40,42.93,55.27,
server_10,22:23:20,22:23:50,54.5,55.68,
server_10,22:23:30,22:24:00,59.24,52.3,
server_10,22:23:40,22:24:10,56.01,45.34,
server_10,22:23:50,22:24:20,57.23,42.18,
server_10,22:24:00,22:24:30,46.59,41.46,
server_10,22:24:10,22:24:40,51.96,38.85,
server_10,22:24:20,22:24:50,49.83,47.51,
server_10,22:24:30,22:25:00,58.16,61.3,
server_10,22:24:40,22:25:10,65.58,54.54,
server_10,22:24:50,22:25:20,56.79,59.92,
server_10,22:25:00,22:25:30,41.17,66.23,
server_10,22:25:10,22:25:40,35.81,75.89,
server_10,22:25:20,22:25:50,43.82,73.41,
server_10,22:25:30,22:26:00,62.03,61.98,
server_10,22:25:40,22:26:10,62.62,63.08,
server_10,22:25:50,22:26:20,61.07,58.17,
server_10,22:26:00,22:26:30,65.03,43.88,
server_10,22:26:10,22:26:40,61.58,41.25,
server_10,22:26:20,22:26:50,48.2,47.31,
server_10,22:26:30,22:27:00,40.87,62.71,
server_10,22:26:40,22:27:10,52.11,66.66,
server_10,22:26:50,22:27:20,58.02,57.81,
server_10,22:27:00,22:27:30,45.07,55.2,
server_10,22:27:10,22:27:40,41.81,53.56,
server_10,22:27:20,22:27:50,55.67,52.88,
server_10,22:27:30,22:28:00,57.28,53.16,
server_10,22:27:40,22:28:10,58.6,41.86,
server_10,22:27:50,22:28:20,49.02,45.65,
server_10,22:28:00,22:28:30,58.85,45.62,
server_10,22:28:10,22:28:40,62.98,52.16,
server_10,22:28:20,22:28:50,57.3,45.47,
server_10,22:28:30,22:29:00,55.92,41.91,
server_10,22:28:40,22:29:10,58.41,40.37,
server_10,22:28:50,22:29:20,62.3,47.35,
server_10,22:29:00,22:29:30,66.39,48.63,
server_10,22:29:10,22:29:40,61.23,51.99,
server_10,22:29:20,22:29:50,59.48,48.81,
server_10,22:29:30,22:30:00,48.93,42.45,
server_10,22:29:40,22:30:10,41.88,39.47,
server_10,22:29:50,22:30:20,49.99,39.87,
server_10,22:30:00,22:30:30,59.6,48.85,
server_10,22:30:10,22:30:40,58.38,43.94,
server_10,22:30:20,22:30:50,57.66,41.89,
server_10,22:30:30,22:31:00,61.2,39.43,
server_10,22:30:40,22:31:10,45.03,57.88,
server_10,22:30:50,22:31:20,37.22,72.64,
server_10,22:31:00,22:31:30,40.36,83.5,
server_10,22:31:10,22:31:40,63.3,68.9,
server_10,22:31:20,22:31:50,63.85,66.32,
server_10,22:31:30,22:32:00,38.01,69.09,
server_10,22:31:40,22:32:10,25.05,66.56,
server_10,22:31:50,22:32:20,37.27,68.89,
server_10,22:32:00,22:32:30,56.54,47.16,
server_10,22:32:10,22:32:40,75.0,53.34,
server_10,22:32:20,22:32:50,72.62,35.78,
server_10,22:32:30,22:33:00,81.22,38.01,
server_10,22:32:40,22:33:10,75.32,32.05,
server_10,22:32:50,22:33:20,68.62,40.94,
server_10,22:33:00,22:33:30,50.56,46.66,
server_10,22:33:10,22:33:40,38.37,52.68,
server_10,22:33:20,22:33:50,40.3,63.94,
server_10,22:33:30,22:34:00,54.14,73.11,
server_10,22:33:40,22:34:10,65.52,74.11,
server_10,22:33:50,22:34:20,77.96,72.92,
server_10,22:34:00,22:34:30,68.01,59.59,
server_10,22:34:10,22:34:40,58.0,58.44,
server_10,22:34:20,22:34:50,37.4,43.71,
server_10,22:34:30,22:35:00,43.41,52.15,
server_10,22:34:40,22:35:10,54.96,42.73,
server_10,22:34:50,22:35:20,72.89,38.74,
server_10,22:35:00,22:35:30,62.85,38.75,
server_10,22:35:10,22:35:40,65.76,58.07,
server_10,22:35:20,22:35:50,53.55,67.19,
server_10,22:35:30,22:36:00,48.43,66.52,
server_10,22:35:40,22:36:10,40.31,53.07,
server_10,22:35:50,22:36:20,49.68,46.31,
server_10,22:36:00,22:36:30,63.24,36.55,
server_10,22:36:10,22:36:40,68.73,44.4,
server_10,22:36:20,22:36:50,68.2,54.54,
server_10,22:36:30,22:37:00,67.64,63.95,
server_10,22:36:40,22:37:10,63.77,63.88,
server_10,22:36:50,22:37:20,68.78,58.63,
server_10,22:37:00,22:37:30,63.54,52.37,
server_10,22:37:10,22:37:40,61.62,40.74,
server_10,22:37:20,22:37:50,56.5,47.67,
server_10,22:37:30,22:38:00,60.8,53.22,
server_10,22:37:40,22:38:10,62.11,62.94,
server_10,22:37:50,22:38:20,53.28,59.98,
server_10,22:38:00,22:38:30,47.15,61.49,
server_10,22:38:10,22:38:40,38.15,62.42,
server_10,22:38:20,22:38:50,45.22,62.9,
server_10,22:38:30,22:39:00,49.11,57.97,
server_10,22:38:40,22:39:10,52.99,53.57,
server_10,22:38:50,22:39:20,43.75,58.04,
server_10,22:39:00,22:39:30,46.32,57.29,
server_10,22:39:10,22:39:40,61.76,58.48,
server_10,22:39:20,22:39:50,74.16,57.77,
server_10,22:39:30,22:40:00,64.88,60.42,
server_10,22:39:40,22:40:10,51.85,67.89,
server_10,22:39:50,22:40:20,38.39,56.51,
server_10,22:40:00,22:40:30,56.56,68.16,
server_10,22:40:10,22:40:40,58.52,54.8,
server_10,22:40:20,22:40:50,61.22,62.68,
server_10,22:40:30,22:41:00,52.76,39.69,
server_10,22:40:40,22:41:10,43.49,52.9,
server_10,22:40:50,22:41:20,33.67,59.67,
server_10,22:41:00,22:41:30,31.14,74.18,
server_10,22:41:10,22:41:40,39.84,64.27,
server_10,22:41:20,22:41:50,47.95,52.59,
server_10,22:41:30,22:42:00,55.9,55.46,
server_10,22:41:40,22:42:10,51.31,54.19,
server_10,22:41:50,22:42:20,62.54,62.22,
server_10,22:42:00,22:42:30,51.04,51.54,
server_10,22:42:10,22:42:40,56.81,52.98,
server_10,22:42:20,22:42:50,39.61,53.82,
server_10,22:42:30,22:43:00,38.94,55.88,
server_10,22:42:40,22:43:10,34.53,62.72,
server_10,22:42:50,22:43:20,37.18,60.37,
server_10,22:43:00,22:43:30,32.8,70.65,
server_10,22:43:10,22:43:40,34.75,68.52,
server_10,22:43:20,22:43:50,51.19,62.32,
server_10,22:43:30,22:44:00,73.62,52.51,
server_10,22:43:40,22:44:10,77.04,55.34,
server_10,22:43:50,22:44:20,75.56,65.08,
server_10,22:44:00,22:44:30,73.76,72.59,
server_10,22:44:10,22:44:40,65.94,62.61,
server_10,22:44:20,22:44:50,49.08,54.09,
server_10,22:44:30,22:45:00,32.67,53.47,
server_10,22:44:40,22:45:10,38.57,57.26,
server_10,22:44:50,22:45:20,48.54,45.46,
server_10,22:45:00,22:45:30,48.18,36.8,
server_10,22:45:10,22:45:40,43.27,36.96,
server_10,22:45:20,22:45:50,50.07,41.76,
server_10,22:45:30,22:46:00,65.82,52.96,
server_10,22:45:40,22:46:10,72.56,46.16,
server_10,22:45:50,22:46:20,69.28,57.75,
server_10,22:46:00,22:46:30,58.05,47.66,
server_10,22:46:10,22:46:40,55.87,47.81,
server_10,22:46:20,22:46:50,46.6,52.7,
server_10,22:46:30,22:47:00,61.84,54.66,
server_10,22:46:40,22:47:10,51.08,63.93,
server_10,22:46:50,22:47:20,53.8,48.85,
server_10,22:47:00,22:47:30,42.48,42.8,
server_10,22:47:10,22:47:40,53.42,42.26,
server_10,22:47:20,22:47:50,47.08,49.32,
server_10,22:47:30,22:48:00,35.84,50.74,
server_10,22:47:40,22:48:10,37.0,45.6,
server_10,22:47:50,22:48:20,42.04,45.7,
server_10,22:48:00,22:48:30,44.17,58.04,
server_10,22:48:10,22:48:40,42.3,48.55,
server_10,22:48:20,22:48:50,48.92,51.52,
server_10,22:48:30,22:49:00,51.96,44.49,
server_10,22:48:40,22:49:10,47.75,57.16,
server_10,22:48:50,22:49:20,49.89,43.43,
server_10,22:49:00,22:49:30,52.43,42.93,
server_10,22:49:10,22:49:40,61.01,47.79,
server_10,22:49:20,22:49:50,68.72,68.3,
server_10,22:49:30,22:50:00,73.69,73.58,
server_10,22:49:40,22:50:10,78.02,73.82,
server_10,22:49:50,22:50:20,66.3,56.81,
server_10,22:50:00,22:50:30,60.3,64.28,
server_10,22:50:10,22:50:40,54.7,58.7,
server_10,22:50:20,22:50:50,54.04,58.57,
server_10,22:50:30,22:51:00,59.97,47.01,
server_10,22:50:40,22:51:10,63.87,53.72,
server_10,22:50:50,22:51:20,56.96,56.56,
server_10,22:51:00,22:51:30,42.37,54.12,
server_10,22:51:10,22:51:40,32.48,45.54,
server_10,22:51:20,22:51:50,33.92,44.32,
server_10,22:51:30,22:52:00,53.11,42.65,
server_10,22:51:40,22:52:10,51.16,51.24,
server_10,22:51:50,22:52:20,43.97,58.02,
server_10,22:52:00,22:52:30,31.36,60.2,
server_10,22:52:10,22:52:40,39.87,61.57,
server_10,22:52:20,22:52:50,48.17,66.0,
server_10,22:52:30,22:53:00,51.51,63.33,
server_10,22:52:40,22:53:10,44.06,57.52,
server_10,22:52:50,22:53:20,47.49,41.32,
server_11,20:53:00,20:53:30,42.23,61.92,
server_11,20:53:10,20:53:40,49.24,59.06,
server_11,20:53:20,20:53:50,55.23,48.62,
server_11,20:53:30,20:54:00,66.64,57.97,
server_11,20:53:40,20:54:10,50.79,57.9,
server_11,20:53:50,20:54:20,46.51,67.94,
server_11,20:54:00,20:54:30,22.27,62.03,
server_11,20:54:10,20:54:40,28.29,65.95,
server_11,20:54:20,20:54:50,30.86,61.53,
server_11,20:54:30,20:55:00,37.74,58.85,
server_11,20:54:40,20:55:10,48.09,47.45,
server_11,20:54:50,20:55:20,47.36,43.77,
server_11,20:55:00,20:55:30,54.9,40.82,
server_11,20:55:10,20:55:40,39.62,60.06,
server_11,20:55:20,20:55:50,48.74,63.51,
server_11,20:55:30,20:56:00,53.5,74.14,
server_11,20:55:40,20:56:10,66.76,66.76,
server_11,20:55:50,20:56:20,52.8,71.45,
server_11,20:56:00,20:56:30,46.96,69.03,
server_11,20:56:10,20:56:40,40.31,73.12,
server_11,20:56:20,20:56:50,45.28,66.54,
server_11,20:56:30,20:57:00,38.33,55.62,
server_11,20:56:40,20:57:10,41.8,45.08,
server_11,20:56:50,20:57:20,39.65,48.55,
server_11,20:57:00,20:57:30,42.7,43.81,
server_11,20:57:10,20:57:40,39.91,46.34,
server_11,20:57:20,20:57:50,48.96,46.92,
server_11,20:57:30,20:58:00,49.14,53.69,
server_11,20:57:40,20:58:10,57.75,48.26,
server_11,20:57:50,20:58:20,55.98,51.13,
server_11,20:58:00,20:58:30,56.82,42.65,
server_11,20:58:10,20:58:40,53.53,61.38,
server_11,20:58:20,20:58:50,65.67,70.64,
server_11,20:58:30,20:59:00,50.83,95.33,Memory saturation suspected
server_11,20:58:40,20:59:10,48.6,82.67,
server_11,20:58:50,20:59:20,46.61,72.7,
server_11,20:59:00,20:59:30,59.46,56.68,
server_11,20:59:10,20:59:40,68.4,60.91,
server_11,20:59:20,20:59:50,59.59,51.87,
server_11,20:59:30,21:00:00,62.71,56.5,
server_11,20:59:40,21:00:10,64.78,62.09,
server_11,20:59:50,21:00:20,59.31,63.55,
server_11,21:00:00,21:00:30,59.51,60.39,
server_11,21:00:10,21:00:40,38.49,62.67,
server_11,21:00:20,21:00:50,47.9,60.93,
server_11,21:00:30,21:01:00,47.43,58.73,
server_11,21:00:40,21:01:10,65.14,54.71,
server_11,21:00:50,21:01:20,63.85,62.34,
server_11,21:01:00,21:01:30,57.58,62.91,
server_11,21:01:10,21:01:40,51.63,52.52,
server_11,21:01:20,21:01:50,42.68,49.65,
server_11,21:01:30,21:02:00,40.84,49.29,
server_11,21:01:40,21:02:10,43.59,53.76,
server_11,21:01:50,21:02:20,59.81,53.82,
server_11,21:02:00,21:02:30,61.02,50.0,
server_11,21:02:10,21:02:40,60.78,59.23,
server_11,21:02:20,21:02:50,47.31,59.66,
server_11,21:02:30,21:03:00,56.96,70.73,
server_11,21:02:40,21:03:10,45.49,63.73,
server_11,21:02:50,21:03:20,51.02,66.69,
server_11,21:03:00,21:03:30,42.82,56.79,
server_11,21:03:10,21:03:40,48.4,46.25,
server_11,21:03:20,21:03:50,46.55,43.52,
server_11,21:03:30,21:04:00,45.17,54.2,
server_11,21:03:40,21:04:10,35.41,71.5,
server_11,21:03:50,21:04:20,40.54,64.63,
server_11,21:04:00,21:04:30,45.01,65.42,
server_11,21:04:10,21:04:40,66.91,61.81,
server_11,21:04:20,21:04:50,59.96,68.7,
server_11,21:04:30,21:05:00,68.11,59.45,
server_11,21:04:40,21:05:10,61.29,48.05,
server_11,21:04:50,21:05:20,60.59,48.64,
server_11,21:05:00,21:05:30,62.15,56.6,
server_11,21:05:10,21:05:40,57.23,55.83,
server_11,21:05:20,21:05:50,60.02,69.3,
server_11,21:05:30,21:06:00,55.53,54.51,
server_11,21:05:40,21:06:10,66.72,52.53,
server_11,21:05:50,21:06:20,62.06,39.17,
server_11,21:06:00,21:06:30,57.02,50.63,
server_11,21:06:10,21:06:40,37.85,51.91,
server_11,21:06:20,21:06:50,33.88,56.78,
server_11,21:06:30,21:07:00,23.67,64.87,
server_11,21:06:40,21:07:10,42.56,78.88,
server_11,21:06:50,21:07:20,54.25,73.26,
server_11,21:07:00,21:07:30,74.19,67.0,
server_11,21:07:10,21:07:40,64.67,54.71,
server_11,21:07:20,21:07:50,58.71,56.3,
server_11,21:07:30,21:08:00,51.13,64.26,
server_11,21:07:40,21:08:10,55.28,66.89,
server_11,21:07:50,21:08:20,52.49,60.27,
server_11,21:08:00,21:08:30,48.04,42.46,
server_11,21:08:10,21:08:40,43.66,39.38,
server_11,21:08:20,21:08:50,55.91,37.11,
server_11,21:08:30,21:09:00,56.18,38.54,
server_11,21:08:40,21:09:10,53.26,38.62,
server_11,21:08:50,21:09:20,49.18,53.3,
server_11,21:09:00,21:09:30,61.7,52.73,
server_11,21:09:10,21:09:40,66.11,52.48,
server_11,21:09:20,21:09:50,65.93,49.35,
server_11,21:09:30,21:10:00,51.82,53.39,
server_11,21:09:40,21:10:10,51.3,52.31,
server_11,21:09:50,21:10:20,50.04,47.59,
server_11,21:10:00,21:10:30,59.07,37.33,
server_11,21:10:10,21:10:40,53.0,29.65,
server_11,21:10:20,21:10:50,44.18,23.8,
server_11,21:10:30,21:11:00,31.47,29.91,
server_11,21:10:40,21:11:10,32.65,37.49,
server_11,21:10:50,21:11:20,43.32,38.95,
server_11,21:11:00,21:11:30,51.33,41.99,
server_11,21:11:10,21:11:40,60.09,39.44,
server_11,21:11:20,21:11:50,50.29,41.14,
server_11,21:11:30,21:12:00,60.67,34.68,
server_11,21:11:40,21:12:10,71.27,51.8,
server_11,21:11:50,21:12:20,72.85,54.2,
server_11,21:12:00,21:12:30,72.13,70.53,
server_11,21:12:10,21:12:40,55.66,59.37,
server_11,21:12:20,21:12:50,56.47,58.41,
server_11,21:12:30,21:13:00,56.08,41.69,
server_11,21:12:40,21:13:10,54.69,41.49,
server_11,21:12:50,21:13:20,62.46,51.49,
server_11,21:13:00,21:13:30,47.46,55.51,
server_11,21:13:10,21:13:40,49.52,51.62,
server_11,21:13:20,21:13:50,42.29,34.48,
server_11,21:13:30,21:14:00,54.7,37.55,
server_11,21:13:40,21:14:10,48.78,35.74,
server_11,21:13:50,21:14:20,48.3,43.45,
server_11,21:14:00,21:14:30,39.37,37.58,
server_11,21:14:10,21:14:40,50.11,37.71,
server_11,21:14:20,21:14:50,57.06,44.79,
server_11,21:14:30,21:15:00,58.65,51.65,
server_11,21:14:40,21:15:10,47.7,49.27,
server_11,21:14:50,21:15:20,37.2,50.1,
server_11,21:15:00,21:15:30,40.51,55.64,
server_11,21:15:10,21:15:40,51.64,70.53,
server_11,21:15:20,21:15:50,56.95,65.3,
server_11,21:15:30,21:16:00,62.84,52.27,
server_11,21:15:40,21:16:10,72.62,46.02,
server_11,21:15:50,21:16:20,77.08,49.62,
server_11,21:16:00,21:16:30,66.23,62.92,
server_11,21:16:10,21:16:40,53.2,61.53,
server_11,21:16:20,21:16:50,45.07,49.32,
server_11,21:16:30,21:17:00,56.33,51.73,
server_11,21:16:40,21:17:10,49.97,63.57,
server_11,21:16:50,21:17:20,52.77,82.22,
server_11,21:17:00,21:17:30,42.74,82.63,
server_11,21:17:10,21:17:40,47.37,75.61,
server_11,21:17:20,21:17:50,58.27,58.45,
server_11,21:17:30,21:18:00,51.01,52.5,
server_11,21:17:40,21:18:10,48.96,46.91,
server_11,21:17:50,21:18:20,43.21,37.6,
server_11,21:18:00,21:18:30,52.68,26.32,
server_11,21:18:10,21:18:40,51.97,20.66,
server_11,21:18:20,21:18:50,49.98,34.27,
server_11,21:18:30,21:19:00,46.19,40.8,
server_11,21:18:40,21:19:10,50.24,46.77,
server_11,21:18:50,21:19:20,57.0,42.21,
server_11,21:19:00,21:19:30,72.69,30.05,
server_11,21:19:10,21:19:40,81.02,28.27,
server_11,21:19:20,21:19:50,71.07,32.82,
server_11,21:19:30,21:20:00,56.51,49.17,
server_11,21:19:40,21:20:10,52.9,58.7,
server_11,21:19:50,21:20:20,67.42,59.2,
server_11,21:20:00,21:20:30,72.14,62.83,
server_11,21:20:10,21:20:40,56.84,58.75,
server_11,21:20:20,21:20:50,49.69,53.36,
server_11,21:20:30,21:21:00,46.98,47.06,
server_11,21:20:40,21:21:10,56.74,50.34,
server_11,21:20:50,21:21:20,56.92,65.25,
server_11,21:21:00,21:21:30,57.69,64.84,
server_11,21:21:10,21:21:40,53.52,55.12,
server_11,21:21:20,21:21:50,47.48,40.57,
server_11,21:21:30,21:22:00,56.88,46.29,
server_11,21:21:40,21:22:10,60.17,64.5,
server_11,21:21:50,21:22:20,63.37,70.8,
server_11,21:22:00,21:22:30,51.55,64.37,
server_11,21:22:10,21:22:40,51.38,51.73,
server_11,21:22:20,21:22:50,48.87,50.45,
server_11,21:22:30,21:23:00,47.89,50.69,
server_11,21:22:40,21:23:10,41.83,43.91,
server_11,21:22:50,21:23:20,50.04,52.3,
server_11,21:23:00,21:23:30,61.93,59.57,
server_11,21:23:10,21:23:40,71.34,67.76,
server_11,21:23:20,21:23:50,70.2,52.0,
server_11,21:23:30,21:24:00,56.43,53.54,
server_11,21:23:40,21:24:10,47.64,44.99,
server_11,21:23:50,21:24:20,38.49,57.0,
server_11,21:24:00,21:24:30,37.9,44.89,
server_11,21:24:10,21:24:40,46.57,52.04,
server_11,21:24:20,21:24:50,38.29,52.88,
server_11,21:24:30,21:25:00,45.01,59.92,
server_11,21:24:40,21:25:10,46.48,61.03,
server_11,21:24:50,21:25:20,59.4,51.71,
server_11,21:25:00,21:25:30,51.74,47.4,
server_11,21:25:10,21:25:40,51.22,48.29,
server_11,21:25:20,21:25:50,48.41,42.23,
server_11,21:25:30,21:26:00,51.56,38.46,
server_11,21:25:40,21:26:10,53.1,36.55,
server_11,21:25:50,21:26:20,45.13,52.94,
server_11,21:26:00,21:26:30,45.83,59.1,
server_11,21:26:10,21:26:40,45.47,55.12,
server_11,21:26:20,21:26:50,43.73,49.6,
server_11,21:26:30,21:27:00,34.63,52.38,
server_11,21:26:40,21:27:10,22.69,48.94,
server_11,21:26:50,21:27:20,42.51,35.33,
server_11,21:27:00,21:27:30,57.35,34.61,
server_11,21:27:10,21:27:40,66.44,36.88,
server_11,21:27:20,21:27:50,46.48,54.92,
server_11,21:27:30,21:28:00,47.14,45.46,
server_11,21:27:40,21:28:10,52.98,56.83,
server_11,21:27:50,21:28:20,70.82,58.51,
server_11,21:28:00,21:28:30,71.75,61.68,
server_11,21:28:10,21:28:40,64.42,69.36,
server_11,21:28:20,21:28:50,71.47,73.3,
server_11,21:28:30,21:29:00,60.09,82.57,
server_11,21:28:40,21:29:10,72.08,74.51,
server_11,21:28:50,21:29:20,63.95,61.26,
server_11,21:29:00,21:29:30,61.47,52.9,
server_11,21:29:10,21:29:40,52.25,36.06,
server_11,21:29:20,21:29:50,43.12,36.75,
server_11,21:29:30,21:30:00,48.15,44.37,
server_11,21:29:40,21:30:10,48.82,55.33,
server_11,21:29:50,21:30:20,52.86,61.25,
server_11,21:30:00,21:30:30,66.19,50.79,
server_11,21:30:10,21:30:40,65.22,53.42,
server_11,21:30:20,21:30:50,57.57,44.58,
server_11,21:30:30,21:31:00,50.04,51.09,
server_11,21:30:40,21:31:10,58.42,45.46,
server_11,21:30:50,21:31:20,64.74,54.66,
server_11,21:31:00,21:31:30,66.14,46.45,
server_11,21:31:10,21:31:40,61.71,55.18,
server_11,21:31:20,21:31:50,69.65,57.42,
server_11,21:31:30,21:32:00,73.09,72.57,
server_11,21:31:40,21:32:10,60.69,72.66,
server_11,21:31:50,21:32:20,53.34,64.05,
server_11,21:32:00,21:32:30,31.36,70.79,
server_11,21:32:10,21:32:40,26.8,68.21,
server_11,21:32:20,21:32:50,37.61,57.09,
server_11,21:32:30,21:33:00,48.02,43.22,
server_11,21:32:40,21:33:10,57.26,35.89,
server_11,21:32:50,21:33:20,43.0,48.26,
server_11,21:33:00,21:33:30,44.14,46.57,
server_11,21:33:10,21:33:40,50.14,51.77,
server_11,21:33:20,21:33:50,46.88,43.91,
server_11,21:33:30,21:34:00,50.12,58.98,
server_11,21:33:40,21:34:10,41.41,55.52,
server_11,21:33:50,21:34:20,44.74,56.71,
server_11,21:34:00,21:34:30,45.59,42.95,
server_11,21:34:10,21:34:40,57.48,39.16,
server_11,21:34:20,21:34:50,55.45,44.7,
server_11,21:34:30,21:35:00,41.74,48.31,
server_11,21:34:40,21:35:10,33.76,56.61,
server_11,21:34:50,21:35:20,40.09,62.6,
server_11,21:35:00,21:35:30,62.87,69.64,
server_11,21:35:10,21:35:40,64.36,73.12,
server_11,21:35:20,21:35:50,64.49,69.65,
server_11,21:35:30,21:36:00,57.17,59.33,
server_11,21:35:40,21:36:10,61.19,41.96,
server_11,21:35:50,21:36:20,48.22,43.59,
server_11,21:36:00,21:36:30,60.78,31.73,
server_11,21:36:10,21:36:40,55.48,39.7,
server_11,21:36:20,21:36:50,68.74,34.02,
server_11,21:36:30,21:37:00,57.69,42.37,
server_11,21:36:40,21:37:10,58.69,46.36,
server_11,21:36:50,21:37:20,60.0,52.56,
server_11,21:37:00,21:37:30,52.83,51.68,
server_11,21:37:10,21:37:40,53.25,46.69,
server_11,21:37:20,21:37:50,46.19,43.12,
server_11,21:37:30,21:38:00,46.77,38.88,
server_11,21:37:40,21:38:10,52.85,37.78,
server_11,21:37:50,21:38:20,56.96,35.51,
server_11,21:38:00,21:38:30,51.31,46.49,
server_11,21:38:10,21:38:40,52.45,43.15,
server_11,21:38:20,21:38:50,51.65,47.55,
server_11,21:38:30,21:39:00,60.23,32.93,
server_11,21:38:40,21:39:10,53.49,35.44,
server_11,21:38:50,21:39:20,56.72,38.15,
server_11,21:39:00,21:39:30,65.54,44.8,
server_11,21:39:10,21:39:40,57.55,55.77,
server_11,21:39:20,21:39:50,59.43,44.09,
server_11,21:39:30,21:40:00,50.99,38.63,
server_11,21:39:40,21:40:10,56.4,33.57,
server_11,21:39:50,21:40:20,37.94,41.34,
server_11,21:40:00,21:40:30,49.63,51.35,
server_11,21:40:10,21:40:40,53.44,52.51,
server_11,21:40:20,21:40:50,58.52,54.56,
server_11,21:40:30,21:41:00,34.93,57.95,
server_11,21:40:40,21:41:10,21.5,68.61,
server_11,21:40:50,21:41:20,17.95,71.1,
server_11,21:41:00,21:41:30,27.92,76.62,
server_11,21:41:10,21:41:40,35.74,59.88,
server_11,21:41:20,21:41:50,55.88,64.29,
server_11,21:41:30,21:42:00,65.56,53.49,
server_11,21:41:40,21:42:10,60.51,61.63,
server_11,21:41:50,21:42:20,49.96,50.11,
server_11,21:42:00,21:42:30,42.22,54.15,
server_11,21:42:10,21:42:40,54.43,43.49,
server_11,21:42:20,21:42:50,57.43,47.0,
server_11,21:42:30,21:43:00,66.73,51.4,
server_11,21:42:40,21:43:10,57.14,50.73,
server_11,21:42:50,21:43:20,59.57,40.45,
server_11,21:43:00,21:43:30,52.62,39.09,
server_11,21:43:10,21:43:40,58.5,44.72,
server_11,21:43:20,21:43:50,63.76,52.13,
server_11,21:43:30,21:44:00,54.24,42.4,
server_11,21:43:40,21:44:10,49.68,47.3,
server_11,21:43:50,21:44:20,41.21,48.38,
server_11,21:44:00,21:44:30,39.25,59.81,
server_11,21:44:10,21:44:40,51.98,52.9,
server_11,21:44:20,21:44:50,50.97,58.27,
server_11,21:44:30,21:45:00,52.99,59.39,
server_11,21:44:40,21:45:10,48.56,55.79,
server_11,21:44:50,21:45:20,33.79,63.21,
server_11,21:45:00,21:45:30,37.35,58.06,
server_11,21:45:10,21:45:40,42.98,72.55,
server_11,21:45:20,21:45:50,61.15,61.35,
server_11,21:45:30,21:46:00,67.23,64.06,
server_11,21:45:40,21:46:10,64.8,50.34,
server_11,21:45:50,21:46:20,57.72,49.49,
server_11,21:46:00,21:46:30,49.91,40.51,
server_11,21:46:10,21:46:40,45.98,37.96,
server_11,21:46:20,21:46:50,48.38,37.15,
server_11,21:46:30,21:47:00,49.58,41.21,
server_11,21:46:40,21:47:10,53.19,49.35,
server_11,21:46:50,21:47:20,56.1,51.06,
server_11,21:47:00,21:47:30,60.5,49.31,
server_11,21:47:10,21:47:40,59.41,56.5,
server_11,21:47:20,21:47:50,55.05,51.05,
server_11,21:47:30,21:48:00,52.11,50.34,
server_11,21:47:40,21:48:10,44.21,54.61,
server_11,21:47:50,21:48:20,41.71,64.62,
server_11,21:48:00,21:48:30,43.28,64.04,
server_11,21:48:10,21:48:40,47.0,56.0,
server_11,21:48:20,21:48:50,60.6,60.19,
server_11,21:48:30,21:49:00,60.9,62.72,
server_11,21:48:40,21:49:10,52.65,54.24,
server_11,21:48:50,21:49:20,45.59,33.24,
server_11,21:49:00,21:49:30,55.21,28.33,
server_11,21:49:10,21:49:40,66.12,28.8,
server_11,21:49:20,21:49:50,63.07,36.91,
server_11,21:49:30,21:50:00,56.69,46.67,
server_11,21:49:40,21:50:10,53.52,53.61,
server_11,21:49:50,21:50:20,55.16,54.86,
server_11,21:50:00,21:50:30,55.37,55.36,
server_11,21:50:10,21:50:40,56.06,55.4,
server_11,21:50:20,21:50:50,55.53,52.75,
server_11,21:50:30,21:51:00,54.43,51.43,
server_11,21:50:40,21:51:10,57.58,58.34,
server_11,21:50:50,21:51:20,56.15,60.07,
server_11,21:51:00,21:51:30,60.06,54.24,
server_11,21:51:10,21:51:40,66.43,47.69,
server_11,21:51:20,21:51:50,74.11,53.04,
server_11,21:51:30,21:52:00,76.45,61.19,
server_11,21:51:40,21:52:10,58.92,69.27,
server_11,21:51:50,21:52:20,63.7,72.01,
server_11,21:52:00,21:52:30,48.51,70.99,
server_11,21:52:10,21:52:40,46.53,57.51,
server_11,21:52:20,21:52:50,27.83,54.58,
server_11,21:52:30,21:53:00,38.18,52.47,
server_11,21:52:40,21:53:10,49.73,53.56,
server_11,21:52:50,21:53:20,66.7,48.03,
server_11,21:53:00,21:53:30,62.82,44.34,
server_11,21:53:10,21:53:40,62.92,38.67,
server_11,21:53:20,21:53:50,62.1,49.13,
server_11,21:53:30,21:54:00,62.03,45.54,
server_11,21:53:40,21:54:10,69.49,43.34,
server_11,21:53:50,21:54:20,67.22,43.38,
server_11,21:54:00,21:54:30,73.64,52.06,
server_11,21:54:10,21:54:40,59.38,60.35,
server_11,21:54:20,21:54:50,52.71,50.19,
server_11,21:54:30,21:55:00,44.8,46.39,
server_11,21:54:40,21:55:10,47.62,54.47,
server_11,21:54:50,21:55:20,45.07,59.3,
server_11,21:55:00,21:55:30,46.2,58.83,
server_11,21:55:10,21:55:40,46.57,57.24,
server_11,21:55:20,21:55:50,59.34,64.23,
server_11,21:55:30,21:56:00,65.52,69.14,
server_11,21:55:40,21:56:10,58.66,60.16,
server_11,21:55:50,21:56:20,60.8,50.8,
server_11,21:56:00,21:56:30,59.92,39.26,
server_11,21:56:10,21:56:40,66.54,47.03,
server_11,21:56:20,21:56:50,54.34,48.39,
server_11,21:56:30,21:57:00,52.88,59.47,
server_11,21:56:40,21:57:10,54.2,45.18,
server_11,21:56:50,21:57:20,45.43,49.0,
server_11,21:57:00,21:57:30,38.4,42.42,
server_11,21:57:10,21:57:40,35.32,56.77,
server_11,21:57:20,21:57:50,38.82,48.02,
server_11,21:57:30,21:58:00,38.41,48.75,
server_11,21:57:40,21:58:10,48.31,51.43,
server_11,21:57:50,21:58:20,50.98,65.05,
server_11,21:58:00,21:58:30,48.16,62.73,
server_11,21:58:10,21:58:40,41.26,57.53,
server_11,21:58:20,21:58:50,53.24,54.98,
server_11,21:58:30,21:59:00,54.12,64.23,
server_11,21:58:40,21:59:10,51.7,60.67,
server_11,21:58:50,21:59:20,52.04,57.04,
server_11,21:59:00,21:59:30,71.85,50.05,
server_11,21:59:10,21:59:40,67.88,60.09,
server_11,21:59:20,21:59:50,61.2,57.39,
server_11,21:59:30,22:00:00,54.95,54.3,
server_11,21:59:40,22:00:10,67.5,46.99,
server_11,21:59:50,22:00:20,55.93,49.02,
server_11,22:00:00,22:00:30,50.88,57.18,
server_11,22:00:10,22:00:40,45.21,58.97,
server_11,22:00:20,22:00:50,61.73,49.46,
server_11,22:00:30,22:01:00,55.45,43.28,
server_11,22:00:40,22:01:10,53.32,55.56,
server_11,22:00:50,22:01:20,52.68,61.3,
server_11,22:01:00,22:01:30,57.02,75.39,
server_11,22:01:10,22:01:40,61.3,73.99,
server_11,22:01:20,22:01:50,62.42,66.17,
server_11,22:01:30,22:02:00,62.35,57.08,
server_11,22:01:40,22:02:10,46.19,47.87,
server_11,22:01:50,22:02:20,38.72,51.08,
server_11,22:02:00,22:02:30,34.81,56.58,
server_11,22:02:10,22:02:40,52.96,53.11,
server_11,22:02:20,22:02:50,54.75,56.35,
server_11,22:02:30,22:03:00,65.86,57.43,
server_11,22:02:40,22:03:10,61.45,59.23,
server_11,22:02:50,22:03:20,56.12,65.05,
server_11,22:03:00,22:03:30,47.93,58.25,
server_11,22:03:10,22:03:40,45.58,69.19,
server_11,22:03:20,22:03:50,49.98,67.77,
server_11,22:03:30,22:04:00,53.99,64.91,
server_11,22:03:40,22:04:10,67.74,53.17,
server_11,22:03:50,22:04:20,64.79,50.3,
server_11,22:04:00,22:04:30,60.97,55.09,
server_11,22:04:10,22:04:40,52.24,55.65,
server_11,22:04:20,22:04:50,49.23,49.2,
server_11,22:04:30,22:05:00,46.39,51.53,
server_11,22:04:40,22:05:10,38.43,48.55,
server_11,22:04:50,22:05:20,36.19,50.03,
server_11,22:05:00,22:05:30,44.37,43.53,
server_11,22:05:10,22:05:40,57.84,53.23,
server_11,22:05:20,22:05:50,62.56,60.48,
server_11,22:05:30,22:06:00,55.49,61.36,
server_11,22:05:40,22:06:10,45.89,43.98,
server_11,22:05:50,22:06:20,51.14,43.25,
server_11,22:06:00,22:06:30,43.15,47.25,
server_11,22:06:10,22:06:40,44.66,60.41,
server_11,22:06:20,22:06:50,55.58,44.28,
server_11,22:06:30,22:07:00,65.49,34.69,
server_11,22:06:40,22:07:10,53.02,35.34,
server_11,22:06:50,22:07:20,43.93,54.11,
server_11,22:07:00,22:07:30,43.3,55.79,
server_11,22:07:10,22:07:40,49.52,46.46,
server_11,22:07:20,22:07:50,60.05,43.01,
server_11,22:07:30,22:08:00,55.93,46.76,
server_11,22:07:40,22:08:10,60.01,56.3,
server_11,22:07:50,22:08:20,59.54,57.46,
server_11,22:08:00,22:08:30,69.52,45.93,
server_11,22:08:10,22:08:40,76.46,50.45,
server_11,22:08:20,22:08:50,63.64,47.46,
server_11,22:08:30,22:09:00,58.89,56.3,
server_11,22:08:40,22:09:10,47.7,42.96,
server_11,22:08:50,22:09:20,51.53,39.79,
server_11,22:09:00,22:09:30,46.86,40.42,
server_11,22:09:10,22:09:40,47.21,40.34,
server_11,22:09:20,22:09:50,45.53,47.08,
server_11,22:09:30,22:10:00,53.97,47.8,
server_11,22:09:40,22:10:10,51.13,46.28,
server_11,22:09:50,22:10:20,45.81,46.26,
server_11,22:10:00,22:10:30,48.1,37.91,
server_11,22:10:10,22:10:40,59.44,52.34,
server_11,22:10:20,22:10:50,54.12,52.99,
server_11,22:10:30,22:11:00,50.14,65.75,
server_11,22:10:40,22:11:10,40.47,50.71,
server_11,22:10:50,22:11:20,48.53,45.78,
server_11,22:11:00,22:11:30,56.98,39.41,
server_11,22:11:10,22:11:40,60.33,42.03,
server_11,22:11:20,22:11:50,52.48,40.81,
server_11,22:11:30,22:12:00,42.75,47.48,
server_11,22:11:40,22:12:10,45.97,47.65,
server_11,22:11:50,22:12:20,53.39,51.18,
server_11,22:12:00,22:12:30,65.4,32.76,
server_11,22:12:10,22:12:40,67.81,38.67,
server_11,22:12:20,22:12:50,80.29,35.86,
server_11,22:12:30,22:13:00,75.08,58.74,
server_11,22:12:40,22:13:10,69.7,64.75,
server_11,22:12:50,22:13:20,51.37,61.63,
server_11,22:13:00,22:13:30,33.9,59.67,
server_11,22:13:10,22:13:40,50.68,51.99,
server_11,22:13:20,22:13:50,52.57,64.41,
server_11,22:13:30,22:14:00,62.94,59.36,
server_11,22:13:40,22:14:10,51.19,57.32,
server_11,22:13:50,22:14:20,63.73,56.31,
server_11,22:14:00,22:14:30,60.55,57.17,
server_11,22:14:10,22:14:40,53.21,60.31,
server_11,22:14:20,22:14:50,52.66,50.21,
server_11,22:14:30,22:15:00,58.0,37.52,
server_11,22:14:40,22:15:10,64.96,38.06,
server_11,22:14:50,22:15:20,59.66,47.27,
server_11,22:15:00,22:15:30,60.66,66.68,
server_11,22:15:10,22:15:40,54.71,59.95,
server_11,22:15:20,22:15:50,46.5,63.92,
server_11,22:15:30,22:16:00,41.36,50.73,
server_11,22:15:40,22:16:10,41.32,64.08,
server_11,22:15:50,22:16:20,46.37,50.56,
server_11,22:16:00,22:16:30,54.27,42.34,
server_11,22:16:10,22:16:40,56.62,31.58,
server_11,22:16:20,22:16:50,56.07,37.16,
server_11,22:16:30,22:17:00,50.12,47.16,
server_11,22:16:40,22:17:10,55.68,45.55,
server_11,22:16:50,22:17:20,54.59,49.96,
server_11,22:17:00,22:17:30,65.42,58.74,
server_11,22:17:10,22:17:40,55.4,71.02,
server_11,22:17:20,22:17:50,54.25,67.47,
server_11,22:17:30,22:18:00,37.98,57.28,
server_11,22:17:40,22:18:10,40.06,43.69,
server_11,22:17:50,22:18:20,48.34,38.74,
server_11,22:18:00,22:18:30,45.0,47.81,
server_11,22:18:10,22:18:40,51.89,56.53,
server_11,22:18:20,22:18:50,44.44,58.65,
server_11,22:18:30,22:19:00,46.12,62.49,
server_11,22:18:40,22:19:10,44.21,55.94,
server_11,22:18:50,22:19:20,41.53,53.09,
server_11,22:19:00,22:19:30,57.34,38.78,
server_11,22:19:10,22:19:40,53.59,37.34,
server_11,22:19:20,22:19:50,54.54,36.29,
server_11,22:19:30,22:20:00,47.29,49.02,
server_11,22:19:40,22:20:10,54.57,56.07,
server_11,22:19:50,22:20:20,63.13,57.91,
server_11,22:20:00,22:20:30,56.38,50.71,
server_11,22:20:10,22:20:40,52.94,63.63,
server_11,22:20:20,22:20:50,52.08,65.94,
server_11,22:20:30,22:21:00,56.53,69.27,
server_11,22:20:40,22:21:10,54.3,52.01,
server_11,22:20:50,22:21:20,56.51,46.42,
server_11,22:21:00,22:21:30,52.01,39.31,
server_11,22:21:10,22:21:40,65.56,52.51,
server_11,22:21:20,22:21:50,66.09,68.73,
server_11,22:21:30,22:22:00,67.44,70.75,
server_11,22:21:40,22:22:10,62.58,56.62,
server_11,22:21:50,22:22:20,64.04,38.97,
server_11,22:22:00,22:22:30,70.5,44.84,
server_11,22:22:10,22:22:40,63.72,47.44,
server_11,22:22:20,22:22:50,48.8,46.87,
server_11,22:22:30,22:23:00,39.18,40.59,
server_11,22:22:40,22:23:10,44.47,34.29,
server_11,22:22:50,22:23:20,48.42,37.68,
server_11,22:23:00,22:23:30,58.04,43.55,
server_11,22:23:10,22:23:40,51.55,50.68,
server_11,22:23:20,22:23:50,67.39,68.65,
server_11,22:23:30,22:24:00,71.77,58.28,
server_11,22:23:40,22:24:10,85.8,71.4,
server_11,22:23:50,22:24:20,70.94,59.0,
server_11,22:24:00,22:24:30,58.16,72.13,
server_11,22:24:10,22:24:40,37.72,61.69,
server_11,22:24:20,22:24:50,33.77,68.06,
server_11,22:24:30,22:25:00,40.4,58.04,
server_11,22:24:40,22:25:10,41.87,66.75,
server_11,22:24:50,22:25:20,46.25,59.13,
server_11,22:25:00,22:25:30,59.88,64.4,
server_11,22:25:10,22:25:40,63.4,51.1,
server_11,22:25:20,22:25:50,61.11,58.55,
server_11,22:25:30,22:26:00,46.57,70.88,
server_11,22:25:40,22:26:10,52.58,65.37,
server_11,22:25:50,22:26:20,53.99,54.75,
server_11,22:26:00,22:26:30,59.42,42.31,
server_11,22:26:10,22:26:40,64.94,54.46,
server_11,22:26:20,22:26:50,81.02,70.66,
server_11,22:26:30,22:27:00,77.77,65.5,
server_11,22:26:40,22:27:10,72.41,58.94,
server_11,22:26:50,22:27:20,63.11,46.79,
server_11,22:27:00,22:27:30,63.21,42.51,
server_11,22:27:10,22:27:40,57.45,45.22,
server_11,22:27:20,22:27:50,46.08,43.71,
server_11,22:27:30,22:28:00,48.6,44.36,
server_11,22:27:40,22:28:10,46.62,43.43,
server_11,22:27:50,22:28:20,54.83,48.0,
server_11,22:28:00,22:28:30,48.67,56.11,
server_11,22:28:10,22:28:40,46.14,53.0,
server_11,22:28:20,22:28:50,40.23,57.31,
server_11,22:28:30,22:29:00,49.8,63.78,
server_11,22:28:40,22:29:10,57.86,72.53,
server_11,22:28:50,22:29:20,73.17,55.38,
server_11,22:29:00,22:29:30,70.99,49.47,
server_11,22:29:10,22:29:40,64.81,41.57,
server_11,22:29:20,22:29:50,57.22,41.13,
server_11,22:29:30,22:30:00,54.47,34.88,
server_11,22:29:40,22:30:10,62.67,32.57,
server_11,22:29:50,22:30:20,62.65,47.32,
server_11,22:30:00,22:30:30,59.18,51.01,
server_11,22:30:10,22:30:40,52.29,50.96,
server_11,22:30:20,22:30:50,43.2,45.3,
server_11,22:30:30,22:31:00,45.96,37.28,
server_11,22:30:40,22:31:10,40.08,37.92,
server_11,22:30:50,22:31:20,40.9,34.32,
server_11,22:31:00,22:31:30,34.65,34.36,
server_11,22:31:10,22:31:40,49.6,45.76,
server_11,22:31:20,22:31:50,51.65,52.42,
server_11,22:31:30,22:32:00,48.55,67.29,
server_11,22:31:40,22:32:10,31.05,59.0,
server_11,22:31:50,22:32:20,29.4,52.06,
server_11,22:32:00,22:32:30,29.6,41.32,
server_11,22:32:10,22:32:40,46.87,40.34,
server_11,22:32:20,22:32:50,48.26,58.39,
server_11,22:32:30,22:33:00,48.63,56.41,
server_11,22:32:40,22:33:10,35.29,53.22,
server_11,22:32:50,22:33:20,43.54,32.85,
server_11,22:33:00,22:33:30,48.28,41.53,
server_11,22:33:10,22:33:40,65.77,57.44,
server_11,22:33:20,22:33:50,68.74,62.61,
server_11,22:33:30,22:34:00,79.47,68.39,
server_11,22:33:40,22:34:10,64.22,62.79,
server_11,22:33:50,22:34:20,53.46,65.46,
server_11,22:34:00,22:34:30,51.21,50.88,
server_11,22:34:10,22:34:40,63.93,54.05,
server_11,22:34:20,22:34:50,69.31,44.83,
server_11,22:34:30,22:35:00,63.9,58.96,
server_11,22:34:40,22:35:10,57.59,51.15,
server_11,22:34:50,22:35:20,54.27,53.89,
server_11,22:35:00,22:35:30,53.88,41.41,
server_11,22:35:10,22:35:40,53.24,42.32,
server_11,22:35:20,22:35:50,45.56,51.3,
server_11,22:35:30,22:36:00,34.52,59.6,
server_11,22:35:40,22:36:10,33.7,59.76,
server_11,22:35:50,22:36:20,43.0,70.14,
server_11,22:36:00,22:36:30,52.35,64.29,
server_11,22:36:10,22:36:40,56.82,59.75,
server_11,22:36:20,22:36:50,55.03,46.6,
server_11,22:36:30,22:37:00,50.75,43.63,
server_11,22:36:40,22:37:10,53.05,36.23,
server_11,22:36:50,22:37:20,68.18,49.66,
server_11,22:37:00,22:37:30,77.83,59.88,
server_11,22:37:10,22:37:40,69.03,66.49,
server_11,22:37:20,22:37:50,56.12,46.68,
server_11,22:37:30,22:38:00,64.88,53.29,
server_11,22:37:40,22:38:10,69.51,60.11,
server_11,22:37:50,22:38:20,56.94,70.76,
server_11,22:38:00,22:38:30,35.79,69.45,
server_11,22:38:10,22:38:40,41.29,60.27,
server_11,22:38:20,22:38:50,53.48,58.68,
server_11,22:38:30,22:39:00,53.99,49.32,
server_11,22:38:40,22:39:10,47.49,52.86,
server_11,22:38:50,22:39:20,53.57,55.66,
server_11,22:39:00,22:39:30,51.05,61.96,
server_11,22:39:10,22:39:40,47.61,65.05,
server_11,22:39:20,22:39:50,38.26,68.1,
server_11,22:39:30,22:40:00,38.51,64.64,
server_11,22:39:40,22:40:10,43.52,64.4,
server_11,22:39:50,22:40:20,53.0,63.06,
server_11,22:40:00,22:40:30,58.29,50.56,
server_11,22:40:10,22:40:40,52.79,44.9,
server_11,22:40:20,22:40:50,46.67,41.66,
server_11,22:40:30,22:41:00,57.28,46.51,
server_11,22:40:40,22:41:10,67.26,62.08,
server_11,22:40:50,22:41:20,64.88,58.75,
server_11,22:41:00,22:41:30,69.62,62.96,
server_11,22:41:10,22:41:40,63.24,44.76,
server_11,22:41:20,22:41:50,56.96,48.11,
server_11,22:41:30,22:42:00,33.9,49.49,
server_11,22:41:40,22:42:10,24.53,48.28,
server_11,22:41:50,22:42:20,28.73,39.53,
server_11,22:42:00,22:42:30,33.85,44.75,
server_11,22:42:10,22:42:40,56.23,38.07,
server_11,22:42:20,22:42:50,57.57,42.42,
server_11,22:42:30,22:43:00,67.27,35.98,
server_11,22:42:40,22:43:10,61.3,56.7,
server_11,22:42:50,22:43:20,59.78,66.07,
server_11,22:43:00,22:43:30,63.12,63.48,
server_11,22:43:10,22:43:40,62.67,48.14,
server_11,22:43:20,22:43:50,68.57,39.49,
server_11,22:43:30,22:44:00,63.58,43.71,
server_11,22:43:40,22:44:10,53.46,51.97,
server_11,22:43:50,22:44:20,59.16,57.4,
server_11,22:44:00,22:44:30,48.93,64.49,
server_11,22:44:10,22:44:40,48.31,62.93,
server_11,22:44:20,22:44:50,45.25,66.03,
server_11,22:44:30,22:45:00,60.95,64.22,
server_11,22:44:40,22:45:10,57.47,70.66,
server_11,22:44:50,22:45:20,42.93,67.08,
server_11,22:45:00,22:45:30,32.81,64.08,
server_11,22:45:10,22:45:40,29.81,63.38,
server_11,22:45:20,22:45:50,43.99,55.15,
server_11,22:45:30,22:46:00,50.19,56.17,
server_11,22:45:40,22:46:10,56.09,59.18,
server_11,22:45:50,22:46:20,56.46,60.31,
server_11,22:46:00,22:46:30,54.12,49.94,
server_11,22:46:10,22:46:40,53.36,42.76,
server_11,22:46:20,22:46:50,55.79,38.37,
server_11,22:46:30,22:47:00,52.72,46.81,
server_11,22:46:40,22:47:10,56.11,43.27,
server_11,22:46:50,22:47:20,44.7,43.52,
server_11,22:47:00,22:47:30,44.15,32.93,
server_11,22:47:10,22:47:40,50.55,31.81,
server_11,22:47:20,22:47:50,56.3,33.84,
server_11,22:47:30,22:48:00,66.56,37.37,
server_11,22:47:40,22:48:10,61.42,48.96,
server_11,22:47:50,22:48:20,70.13,63.2,
server_11,22:48:00,22:48:30,64.63,58.25,
server_11,22:48:10,22:48:40,65.81,65.67,
server_11,22:48:20,22:48:50,51.95,54.78,
server_11,22:48:30,22:49:00,51.85,77.04,
server_11,22:48:40,22:49:10,47.99,71.77,
server_11,22:48:50,22:49:20,50.56,71.47,
server_11,22:49:00,22:49:30,58.38,66.75,
server_11,22:49:10,22:49:40,58.14,59.52,
server_11,22:49:20,22:49:50,55.36,62.37,
server_11,22:49:30,22:50:00,47.35,52.8,
server_11,22:49:40,22:50:10,45.16,48.56,
server_11,22:49:50,22:50:20,55.93,53.08,
server_11,22:50:00,22:50:30,55.58,57.28,
server_11,22:50:10,22:50:40,59.44,59.45,
server_11,22:50:20,22:50:50,51.68,54.59,
server_11,22:50:30,22:51:00,55.19,49.59,
server_11,22:50:40,22:51:10,55.3,46.48,
server_11,22:50:50,22:51:20,54.35,44.05,
server_11,22:51:00,22:51:30,56.82,43.49,
server_11,22:51:10,22:51:40,47.74,57.24,
server_11,22:51:20,22:51:50,52.28,59.36,
server_11,22:51:30,22:52:00,45.88,69.33,
server_11,22:51:40,22:52:10,54.22,57.12,
server_11,22:51:50,22:52:20,53.55,46.18,
server_11,22:52:00,22:52:30,56.67,42.34,
server_11,22:52:10,22:52:40,66.24,41.88,
server_11,22:52:20,22:52:50,63.67,56.02,
server_11,22:52:30,22:53:00,62.85,55.84,
server_11,22:52:40,22:53:10,56.13,63.41,
server_11,22:52:50,22:53:20,62.22,62.02,
server_12,20:53:00,20:53:30,62.74,49.18,
server_12,20:53:10,20:53:40,62.2,52.13,
server_12,20:53:20,20:53:50,67.1,61.72,
server_12,20:53:30,20:54:00,55.15,53.7,
server_12,20:53:40,20:54:10,46.08,45.78,
server_12,20:53:50,20:54:20,39.88,36.27,
server_12,20:54:00,20:54:30,47.9,45.04,
server_12,20:54:10,20:54:40,64.94,45.18,
server_12,20:54:20,20:54:50,65.65,39.87,
server_12,20:54:30,20:55:00,51.19,42.21,
server_12,20:54:40,20:55:10,41.8,43.59,
server_12,20:54:50,20:55:20,42.74,54.49,
server_12,20:55:00,20:55:30,54.02,47.73,
server_12,20:55:10,20:55:40,53.93,50.85,
server_12,20:55:20,20:55:50,60.12,53.25,
server_12,20:55:30,20:56:00,64.88,53.43,
server_12,20:55:40,20:56:10,64.43,57.2,
server_12,20:55:50,20:56:20,50.64,49.49,
server_12,20:56:00,20:56:30,48.69,53.8,
server_12,20:56:10,20:56:40,49.13,56.04,
server_12,20:56:20,20:56:50,55.55,57.38,
server_12,20:56:30,20:57:00,53.24,57.01,
server_12,20:56:40,20:57:10,60.74,51.46,
server_12,20:56:50,20:57:20,57.2,48.57,
server_12,20:57:00,20:57:30,57.3,43.01,
server_12,20:57:10,20:57:40,44.0,39.52,
server_12,20:57:20,20:57:50,55.59,53.95,
server_12,20:57:30,20:58:00,57.55,60.76,
server_12,20:57:40,20:58:10,57.63,64.39,
server_12,20:57:50,20:58:20,46.37,54.04,
server_12,20:58:00,20:58:30,50.58,57.28,
server_12,20:58:10,20:58:40,60.69,64.99,
server_12,20:58:20,20:58:50,62.19,66.12,
server_12,20:58:30,20:59:00,66.06,55.17,
server_12,20:58:40,20:59:10,58.08,45.19,
server_12,20:58:50,20:59:20,56.86,45.83,
server_12,20:59:00,20:59:30,55.11,58.96,
server_12,20:59:10,20:59:40,63.61,53.96,
server_12,20:59:20,20:59:50,53.26,51.73,
server_12,20:59:30,21:00:00,44.53,39.26,
server_12,20:59:40,21:00:10,41.88,46.38,
server_12,20:59:50,21:00:20,53.99,46.29,
server_12,21:00:00,21:00:30,61.27,57.76,
server_12,21:00:10,21:00:40,60.72,63.34,
server_12,21:00:20,21:00:50,64.35,55.86,
server_12,21:00:30,21:01:00,59.4,48.82,
server_12,21:00:40,21:01:10,53.86,42.45,
server_12,21:00:50,21:01:20,50.92,50.66,
server_12,21:01:00,21:01:30,49.2,55.38,
server_12,21:01:10,21:01:40,47.96,53.68,
server_12,21:01:20,21:01:50,61.09,54.77,
server_12,21:01:30,21:02:00,56.31,47.82,
server_12,21:01:40,21:02:10,57.55,55.65,
server_12,21:01:50,21:02:20,49.64,55.88,
server_12,21:02:00,21:02:30,53.16,57.97,
server_12,21:02:10,21:02:40,65.16,59.38,
server_12,21:02:20,21:02:50,68.48,49.86,
server_12,21:02:30,21:03:00,70.51,40.47,
server_12,21:02:40,21:03:10,55.44,31.2,
server_12,21:02:50,21:03:20,54.63,36.35,
server_12,21:03:00,21:03:30,58.98,52.59,
server_12,21:03:10,21:03:40,64.6,57.85,
server_12,21:03:20,21:03:50,62.94,53.0,
server_12,21:03:30,21:04:00,52.05,43.3,
server_12,21:03:40,21:04:10,59.01,50.85,
server_12,21:03:50,21:04:20,52.94,60.1,
server_12,21:04:00,21:04:30,55.59,66.12,
server_12,21:04:10,21:04:40,47.42,60.96,
server_12,21:04:20,21:04:50,48.94,46.95,
server_12,21:04:30,21:05:00,59.44,48.3,
server_12,21:04:40,21:05:10,64.49,43.08,
server_12,21:04:50,21:05:20,68.97,51.99,
server_12,21:05:00,21:05:30,58.78,42.75,
server_12,21:05:10,21:05:40,49.29,47.85,
server_12,21:05:20,21:05:50,56.27,38.66,
server_12,21:05:30,21:06:00,53.37,41.58,
server_12,21:05:40,21:06:10,60.44,40.66,
server_12,21:05:50,21:06:20,53.12,44.69,
server_12,21:06:00,21:06:30,66.55,48.45,
server_12,21:06:10,21:06:40,70.49,40.17,
server_12,21:06:20,21:06:50,68.09,43.39,
server_12,21:06:30,21:07:00,53.22,47.82,
server_12,21:06:40,21:07:10,46.2,53.91,
server_12,21:06:50,21:07:20,43.48,48.5,
server_12,21:07:00,21:07:30,53.9,35.4,
server_12,21:07:10,21:07:40,40.08,47.71,
server_12,21:07:20,21:07:50,37.96,59.64,
server_12,21:07:30,21:08:00,42.29,60.73,
server_12,21:07:40,21:08:10,57.19,44.72,
server_12,21:07:50,21:08:20,56.3,53.16,
server_12,21:08:00,21:08:30,51.29,59.34,
server_12,21:08:10,21:08:40,43.48,64.7,
server_12,21:08:20,21:08:50,45.86,52.87,
server_12,21:08:30,21:09:00,30.25,57.47,
server_12,21:08:40,21:09:10,39.73,49.91,
server_12,21:08:50,21:09:20,32.69,47.7,
server_12,21:09:00,21:09:30,39.95,51.87,
server_12,21:09:10,21:09:40,35.16,52.53,
server_12,21:09:20,21:09:50,34.62,60.56,
server_12,21:09:30,21:10:00,35.96,48.85,
server_12,21:09:40,21:10:10,41.79,66.43,
server_12,21:09:50,21:10:20,45.3,64.45,
server_12,21:10:00,21:10:30,57.79,64.4,
server_12,21:10:10,21:10:40,55.18,49.59,
server_12,21:10:20,21:10:50,61.6,59.77,
server_12,21:10:30,21:11:00,55.34,64.18,
server_12,21:10:40,21:11:10,56.31,66.23,
server_12,21:10:50,21:11:20,60.68,64.61,
server_12,21:11:00,21:11:30,56.87,62.48,
server_12,21:11:10,21:11:40,50.37,66.15,
server_12,21:11:20,21:11:50,45.85,53.42,
server_12,21:11:30,21:12:00,45.47,56.09,
server_12,21:11:40,21:12:10,57.92,54.52,
server_12,21:11:50,21:12:20,51.41,54.96,
server_12,21:12:00,21:12:30,61.14,60.58,
server_12,21:12:10,21:12:40,54.43,54.24,
server_12,21:12:20,21:12:50,54.55,58.44,
server_12,21:12:30,21:13:00,48.94,54.1,
server_12,21:12:40,21:13:10,45.53,60.78,
server_12,21:12:50,21:13:20,58.96,64.05,
server_12,21:13:00,21:13:30,52.99,63.01,
server_12,21:13:10,21:13:40,64.75,54.99,
server_12,21:13:20,21:13:50,51.98,45.49,
server_12,21:13:30,21:14:00,60.32,47.57,
server_12,21:13:40,21:14:10,45.66,61.43,
server_12,21:13:50,21:14:20,41.9,59.62,
server_12,21:14:00,21:14:30,38.23,58.5,
server_12,21:14:10,21:14:40,43.79,45.24,
server_12,21:14:20,21:14:50,62.6,50.96,
server_12,21:14:30,21:15:00,57.23,46.55,
server_12,21:14:40,21:15:10,55.91,51.25,
server_12,21:14:50,21:15:20,51.67,52.95,
server_12,21:15:00,21:15:30,53.76,55.47,
server_12,21:15:10,21:15:40,64.77,62.85,
server_12,21:15:20,21:15:50,56.44,61.41,
server_12,21:15:30,21:16:00,53.0,68.16,
server_12,21:15:40,21:16:10,39.29,51.36,
server_12,21:15:50,21:16:20,37.42,48.91,
server_12,21:16:00,21:16:30,53.28,44.53,
server_12,21:16:10,21:16:40,67.5,65.32,
server_12,21:16:20,21:16:50,74.84,69.52,
server_12,21:16:30,21:17:00,67.46,69.94,
server_12,21:16:40,21:17:10,59.99,56.12,
server_12,21:16:50,21:17:20,48.39,61.34,
server_12,21:17:00,21:17:30,52.01,49.52,
server_12,21:17:10,21:17:40,55.42,43.73,
server_12,21:17:20,21:17:50,66.71,30.69,
server_12,21:17:30,21:18:00,69.36,43.08,
server_12,21:17:40,21:18:10,64.2,50.45,
server_12,21:17:50,21:18:20,53.91,56.71,
server_12,21:18:00,21:18:30,51.12,44.41,
server_12,21:18:10,21:18:40,42.66,48.45,
server_12,21:18:20,21:18:50,47.06,53.49,
server_12,21:18:30,21:19:00,39.1,52.71,
server_12,21:18:40,21:19:10,50.47,55.08,
server_12,21:18:50,21:19:20,61.09,58.67,
server_12,21:19:00,21:19:30,69.34,69.62,
server_12,21:19:10,21:19:40,66.2,60.74,
server_12,21:19:20,21:19:50,58.16,47.74,
server_12,21:19:30,21:20:00,60.82,44.9,
server_12,21:19:40,21:20:10,73.32,51.35,
server_12,21:19:50,21:20:20,65.71,48.32,
server_12,21:20:00,21:20:30,59.78,48.71,
server_12,21:20:10,21:20:40,50.14,47.46,
server_12,21:20:20,21:20:50,58.85,55.16,
server_12,21:20:30,21:21:00,56.16,55.4,
server_12,21:20:40,21:21:10,58.22,42.41,
server_12,21:20:50,21:21:20,52.75,39.12,
server_12,21:21:00,21:21:30,49.6,45.95,
server_12,21:21:10,21:21:40,48.79,48.18,
server_12,21:21:20,21:21:50,57.1,52.68,
server_12,21:21:30,21:22:00,61.98,45.8,
server_12,21:21:40,21:22:10,68.59,47.2,
server_12,21:21:50,21:22:20,56.66,52.01,
server_12,21:22:00,21:22:30,54.98,55.58,
server_12,21:22:10,21:22:40,40.22,54.87,
server_12,21:22:20,21:22:50,53.28,45.32,
server_12,21:22:30,21:23:00,59.73,46.89,
server_12,21:22:40,21:23:10,67.51,53.6,
server_12,21:22:50,21:23:20,54.03,49.87,
server_12,21:23:00,21:23:30,46.62,44.55,
server_12,21:23:10,21:23:40,46.12,35.84,
server_12,21:23:20,21:23:50,55.92,44.59,
server_12,21:23:30,21:24:00,47.83,50.76,
server_12,21:23:40,21:24:10,54.32,66.65,
server_12,21:23:50,21:24:20,52.5,59.78,
server_12,21:24:00,21:24:30,56.69,48.24,
server_12,21:24:10,21:24:40,40.74,35.15,
server_12,21:24:20,21:24:50,47.72,45.44,
server_12,21:24:30,21:25:00,49.87,49.86,
server_12,21:24:40,21:25:10,63.71,54.4,
server_12,21:24:50,21:25:20,56.6,47.98,
server_12,21:25:00,21:25:30,51.94,54.38,
server_12,21:25:10,21:25:40,53.69,50.0,
server_12,21:25:20,21:25:50,56.64,50.28,
server_12,21:25:30,21:26:00,69.03,46.3,
server_12,21:25:40,21:26:10,70.12,62.3,
server_12,21:25:50,21:26:20,75.24,75.73,
server_12,21:26:00,21:26:30,67.94,74.44,
server_12,21:26:10,21:26:40,52.09,70.39,
server_12,21:26:20,21:26:50,50.41,53.17,
server_12,21:26:30,21:27:00,54.53,59.73,
server_12,21:26:40,21:27:10,54.26,47.46,
server_12,21:26:50,21:27:20,44.1,43.33,
server_12,21:27:00,21:27:30,38.83,35.82,
server_12,21:27:10,21:27:40,38.18,36.73,
server_12,21:27:20,21:27:50,31.64,44.23,
server_12,21:27:30,21:28:00,40.26,49.54,
server_12,21:27:40,21:28:10,48.31,61.0,
server_12,21:27:50,21:28:20,52.53,58.93,
server_12,21:28:00,21:28:30,54.8,49.01,
server_12,21:28:10,21:28:40,51.51,39.02,
server_12,21:28:20,21:28:50,54.77,42.9,
server_12,21:28:30,21:29:00,39.46,41.27,
server_12,21:28:40,21:29:10,44.07,41.58,
server_12,21:28:50,21:29:20,45.74,51.96,
server_12,21:29:00,21:29:30,50.84,68.15,
server_12,21:29:10,21:29:40,36.47,77.25,
server_12,21:29:20,21:29:50,48.19,60.12,
server_12,21:29:30,21:30:00,53.8,50.75,
server_12,21:29:40,21:30:10,77.1,32.22,
server_12,21:29:50,21:30:20,61.2,29.59,
server_12,21:30:00,21:30:30,55.7,24.28,
server_12,21:30:10,21:30:40,51.53,30.28,
server_12,21:30:20,21:30:50,52.85,32.38,
server_12,21:30:30,21:31:00,54.72,39.14,
server_12,21:30:40,21:31:10,52.35,48.8,
server_12,21:30:50,21:31:20,58.46,50.09,
server_12,21:31:00,21:31:30,62.83,38.15,
server_12,21:31:10,21:31:40,53.8,46.83,
server_12,21:31:20,21:31:50,52.45,54.81,
server_12,21:31:30,21:32:00,54.45,72.79,
server_12,21:31:40,21:32:10,61.23,51.23,
server_12,21:31:50,21:32:20,59.12,40.79,
server_12,21:32:00,21:32:30,44.17,38.63,
server_12,21:32:10,21:32:40,32.74,53.03,
server_12,21:32:20,21:32:50,36.95,57.19,
server_12,21:32:30,21:33:00,53.29,54.66,
server_12,21:32:40,21:33:10,72.51,63.0,
server_12,21:32:50,21:33:20,71.86,59.81,
server_12,21:33:00,21:33:30,73.93,49.07,
server_12,21:33:10,21:33:40,65.5,41.13,
server_12,21:33:20,21:33:50,65.6,45.58,
server_12,21:33:30,21:34:00,45.78,59.59,
server_12,21:33:40,21:34:10,47.1,53.31,
server_12,21:33:50,21:34:20,48.06,58.85,
server_12,21:34:00,21:34:30,61.33,54.07,
server_12,21:34:10,21:34:40,62.95,58.4,
server_12,21:34:20,21:34:50,49.9,45.29,
server_12,21:34:30,21:35:00,47.75,48.12,
server_12,21:34:40,21:35:10,42.33,48.3,
server_12,21:34:50,21:35:20,45.86,51.53,
server_12,21:35:00,21:35:30,46.6,49.91,
server_12,21:35:10,21:35:40,46.7,56.58,
server_12,21:35:20,21:35:50,47.48,56.98,
server_12,21:35:30,21:36:00,43.76,55.17,
server_12,21:35:40,21:36:10,43.44,46.15,
server_12,21:35:50,21:36:20,51.47,44.54,
server_12,21:36:00,21:36:30,63.79,37.66,
server_12,21:36:10,21:36:40,74.27,48.87,
server_12,21:36:20,21:36:50,68.15,58.66,
server_12,21:36:30,21:37:00,56.75,62.98,
server_12,21:36:40,21:37:10,41.54,42.36,
server_12,21:36:50,21:37:20,51.74,40.28,
server_12,21:37:00,21:37:30,54.79,43.13,
server_12,21:37:10,21:37:40,58.11,47.5,
server_12,21:37:20,21:37:50,42.2,45.35,
server_12,21:37:30,21:38:00,43.1,48.84,
server_12,21:37:40,21:38:10,41.02,63.28,
server_12,21:37:50,21:38:20,55.08,72.17,
server_12,21:38:00,21:38:30,61.03,60.56,
server_12,21:38:10,21:38:40,78.68,63.24,
server_12,21:38:20,21:38:50,69.45,49.65,
server_12,21:38:30,21:39:00,57.98,59.22,
server_12,21:38:40,21:39:10,51.58,54.24,
server_12,21:38:50,21:39:20,51.1,60.07,
server_12,21:39:00,21:39:30,47.87,67.26,
server_12,21:39:10,21:39:40,41.63,59.84,
server_12,21:39:20,21:39:50,46.49,55.81,
server_12,21:39:30,21:40:00,44.93,38.53,
server_12,21:39:40,21:40:10,53.73,47.62,
server_12,21:39:50,21:40:20,53.65,54.01,
server_12,21:40:00,21:40:30,62.44,67.38,
server_12,21:40:10,21:40:40,56.07,51.21,
server_12,21:40:20,21:40:50,62.29,53.45,
server_12,21:40:30,21:41:00,65.27,40.75,
server_12,21:40:40,21:41:10,64.41,52.36,
server_12,21:40:50,21:41:20,52.96,59.5,
server_12,21:41:00,21:41:30,56.06,71.06,
server_12,21:41:10,21:41:40,65.33,68.58,
server_12,21:41:20,21:41:50,69.43,70.36,
server_12,21:41:30,21:42:00,53.31,57.71,
server_12,21:41:40,21:42:10,37.13,51.9,
server_12,21:41:50,21:42:20,31.98,47.27,
server_12,21:42:00,21:42:30,43.62,63.09,
server_12,21:42:10,21:42:40,51.75,58.12,
server_12,21:42:20,21:42:50,64.6,47.81,
server_12,21:42:30,21:43:00,69.26,40.94,
server_12,21:42:40,21:43:10,69.48,54.97,
server_12,21:42:50,21:43:20,69.95,64.17,
server_12,21:43:00,21:43:30,59.19,60.41,
server_12,21:43:10,21:43:40,54.07,50.9,
server_12,21:43:20,21:43:50,42.18,51.71,
server_12,21:43:30,21:44:00,55.79,65.26,
server_12,21:43:40,21:44:10,69.43,67.31,
server_12,21:43:50,21:44:20,79.02,54.19,
server_12,21:44:00,21:44:30,59.19,57.7,
server_12,21:44:10,21:44:40,38.99,53.21,
server_12,21:44:20,21:44:50,34.53,56.66,
server_12,21:44:30,21:45:00,38.12,41.59,
server_12,21:44:40,21:45:10,39.99,51.75,
server_12,21:44:50,21:45:20,34.81,47.99,
server_12,21:45:00,21:45:30,37.55,43.43,
server_12,21:45:10,21:45:40,52.88,32.66,
server_12,21:45:20,21:45:50,47.1,40.94,
server_12,21:45:30,21:46:00,54.3,58.24,
server_12,21:45:40,21:46:10,39.37,58.25,
server_12,21:45:50,21:46:20,47.79,54.23,
server_12,21:46:00,21:46:30,44.8,41.22,
server_12,21:46:10,21:46:40,52.05,48.27,
server_12,21:46:20,21:46:50,55.77,50.13,
server_12,21:46:30,21:47:00,60.51,55.73,
server_12,21:46:40,21:47:10,67.27,60.94,
server_12,21:46:50,21:47:20,64.22,55.78,
server_12,21:47:00,21:47:30,58.79,51.13,
server_12,21:47:10,21:47:40,52.84,46.93,
server_12,21:47:20,21:47:50,51.74,50.8,
server_12,21:47:30,21:48:00,44.98,43.29,
server_12,21:47:40,21:48:10,37.63,39.52,
server_12,21:47:50,21:48:20,47.31,36.84,
server_12,21:48:00,21:48:30,54.17,47.38,
server_12,21:48:10,21:48:40,57.9,46.03,
server_12,21:48:20,21:48:50,58.09,57.77,
server_12,21:48:30,21:49:00,60.81,65.64,
server_12,21:48:40,21:49:10,63.97,71.08,
server_12,21:48:50,21:49:20,61.71,53.6,
server_12,21:49:00,21:49:30,66.57,43.41,
server_12,21:49:10,21:49:40,59.54,49.93,
server_12,21:49:20,21:49:50,53.44,62.38,
server_12,21:49:30,21:50:00,44.8,62.78,
server_12,21:49:40,21:50:10,59.26,50.38,
server_12,21:49:50,21:50:20,62.53,51.06,
server_12,21:50:00,21:50:30,60.67,50.23,
server_12,21:50:10,21:50:40,52.41,68.17,
server_12,21:50:20,21:50:50,37.43,70.25,
server_12,21:50:30,21:51:00,41.43,63.46,
server_12,21:50:40,21:51:10,33.59,55.38,
server_12,21:50:50,21:51:20,39.98,52.93,
server_12,21:51:00,21:51:30,45.08,68.5,
server_12,21:51:10,21:51:40,55.69,69.08,
server_12,21:51:20,21:51:50,57.29,72.87,
server_12,21:51:30,21:52:00,53.25,66.36,
server_12,21:51:40,21:52:10,48.8,60.08,
server_12,21:51:50,21:52:20,50.87,45.78,
server_12,21:52:00,21:52:30,41.3,49.13,
server_12,21:52:10,21:52:40,51.66,60.6,
server_12,21:52:20,21:52:50,57.33,59.09,
server_12,21:52:30,21:53:00,70.51,60.72,
server_12,21:52:40,21:53:10,55.36,41.87,
server_12,21:52:50,21:53:20,44.63,44.22,
server_12,21:53:00,21:53:30,36.41,40.43,
server_12,21:53:10,21:53:40,43.4,47.2,
server_12,21:53:20,21:53:50,54.59,60.97,
server_12,21:53:30,21:54:00,62.07,59.15,
server_12,21:53:40,21:54:10,63.8,61.72,
server_12,21:53:50,21:54:20,57.49,55.57,
server_12,21:54:00,21:54:30,42.77,61.7,
server_12,21:54:10,21:54:40,39.97,63.95,
server_12,21:54:20,21:54:50,48.62,51.34,
server_12,21:54:30,21:55:00,43.07,56.42,
server_12,21:54:40,21:55:10,38.11,57.77,
server_12,21:54:50,21:55:20,33.7,73.36,
server_12,21:55:00,21:55:30,47.55,63.82,
server_12,21:55:10,21:55:40,59.85,61.97,
server_12,21:55:20,21:55:50,64.36,63.78,
server_12,21:55:30,21:56:00,64.64,62.09,
server_12,21:55:40,21:56:10,58.21,62.11,
server_12,21:55:50,21:56:20,60.84,50.87,
server_12,21:56:00,21:56:30,59.58,46.54,
server_12,21:56:10,21:56:40,51.6,38.57,
server_12,21:56:20,21:56:50,45.36,38.16,
server_12,21:56:30,21:57:00,49.79,31.5,
server_12,21:56:40,21:57:10,48.37,38.62,
server_12,21:56:50,21:57:20,47.62,45.77,
server_12,21:57:00,21:57:30,42.22,51.66,
server_12,21:57:10,21:57:40,47.38,45.54,
server_12,21:57:20,21:57:50,37.93,36.17,
server_12,21:57:30,21:58:00,33.07,33.8,
server_12,21:57:40,21:58:10,44.25,33.73,
server_12,21:57:50,21:58:20,44.91,34.18,
server_12,21:58:00,21:58:30,45.25,43.81,
server_12,21:58:10,21:58:40,39.74,39.44,
server_12,21:58:20,21:58:50,47.13,48.91,
server_12,21:58:30,21:59:00,49.58,39.52,
server_12,21:58:40,21:59:10,44.13,46.29,
server_12,21:58:50,21:59:20,39.33,42.78,
server_12,21:59:00,21:59:30,45.47,52.41,
server_12,21:59:10,21:59:40,57.22,54.02,
server_12,21:59:20,21:59:50,68.02,46.99,
server_12,21:59:30,22:00:00,71.97,39.28,
server_12,21:59:40,22:00:10,64.65,38.65,
server_12,21:59:50,22:00:20,61.73,49.4,
server_12,22:00:00,22:00:30,54.02,51.45,
server_12,22:00:10,22:00:40,55.05,44.57,
server_12,22:00:20,22:00:50,66.5,43.43,
server_12,22:00:30,22:01:00,71.38,47.02,
server_12,22:00:40,22:01:10,70.71,56.35,
server_12,22:00:50,22:01:20,46.62,46.0,
server_12,22:01:00,22:01:30,44.49,46.17,
server_12,22:01:10,22:01:40,37.96,45.01,
server_12,22:01:20,22:01:50,41.05,51.61,
server_12,22:01:30,22:02:00,43.31,50.89,
server_12,22:01:40,22:02:10,47.65,56.0,
server_12,22:01:50,22:02:20,68.25,57.71,
server_12,22:02:00,22:02:30,61.15,54.39,
server_12,22:02:10,22:02:40,61.8,47.37,
server_12,22:02:20,22:02:50,49.4,50.5,
server_12,22:02:30,22:03:00,51.3,54.48,
server_12,22:02:40,22:03:10,45.62,60.87,
server_12,22:02:50,22:03:20,53.18,66.0,
server_12,22:03:00,22:03:30,54.05,64.39,
server_12,22:03:10,22:03:40,50.81,69.96,
server_12,22:03:20,22:03:50,45.23,52.41,
server_12,22:03:30,22:04:00,37.81,55.26,
server_12,22:03:40,22:04:10,45.32,43.94,
server_12,22:03:50,22:04:20,49.07,56.49,
server_12,22:04:00,22:04:30,56.02,51.01,
server_12,22:04:10,22:04:40,49.26,55.45,
server_12,22:04:20,22:04:50,52.45,52.6,
server_12,22:04:30,22:05:00,57.95,49.22,
server_12,22:04:40,22:05:10,63.33,43.02,
server_12,22:04:50,22:05:20,50.18,40.69,
server_12,22:05:00,22:05:30,49.14,56.67,
server_12,22:05:10,22:05:40,59.13,67.61,
server_12,22:05:20,22:05:50,56.5,73.39,
server_12,22:05:30,22:06:00,57.97,69.2,
server_12,22:05:40,22:06:10,59.05,69.63,
server_12,22:05:50,22:06:20,68.8,58.23,
server_12,22:06:00,22:06:30,69.74,51.91,
server_12,22:06:10,22:06:40,70.12,37.75,
server_12,22:06:20,22:06:50,68.48,50.68,
server_12,22:06:30,22:07:00,77.05,49.35,
server_12,22:06:40,22:07:10,71.81,64.28,
server_12,22:06:50,22:07:20,65.51,55.54,
server_12,22:07:00,22:07:30,49.88,57.73,
server_12,22:07:10,22:07:40,34.39,50.85,
server_12,22:07:20,22:07:50,31.79,53.6,
server_12,22:07:30,22:08:00,33.57,56.72,
server_12,22:07:40,22:08:10,39.77,51.16,
server_12,22:07:50,22:08:20,42.69,49.18,
server_12,22:08:00,22:08:30,43.08,46.8,
server_12,22:08:10,22:08:40,46.66,51.73,
server_12,22:08:20,22:08:50,45.22,55.76,
server_12,22:08:30,22:09:00,47.92,61.74,
server_12,22:08:40,22:09:10,64.31,60.83,
server_12,22:08:50,22:09:20,60.47,55.46,
server_12,22:09:00,22:09:30,61.88,51.52,
server_12,22:09:10,22:09:40,51.31,53.11,
server_12,22:09:20,22:09:50,66.01,52.65,
server_12,22:09:30,22:10:00,70.91,41.74,
server_12,22:09:40,22:10:10,61.14,50.18,
server_12,22:09:50,22:10:20,45.98,48.63,
server_12,22:10:00,22:10:30,38.77,53.53,
server_12,22:10:10,22:10:40,48.88,47.9,
server_12,22:10:20,22:10:50,59.32,54.99,
server_12,22:10:30,22:11:00,55.93,57.57,
server_12,22:10:40,22:11:10,47.62,53.25,
server_12,22:10:50,22:11:20,48.63,47.92,
server_12,22:11:00,22:11:30,53.52,49.49,
server_12,22:11:10,22:11:40,64.4,56.59,
server_12,22:11:20,22:11:50,60.61,60.97,
server_12,22:11:30,22:12:00,60.75,69.4,
server_12,22:11:40,22:12:10,52.28,70.42,
server_12,22:11:50,22:12:20,48.74,68.49,
server_12,22:12:00,22:12:30,38.88,62.71,
server_12,22:12:10,22:12:40,36.7,51.15,
server_12,22:12:20,22:12:50,40.87,51.71,
server_12,22:12:30,22:13:00,52.52,52.68,
server_12,22:12:40,22:13:10,47.88,46.86,
server_12,22:12:50,22:13:20,41.51,44.0,
server_12,22:13:00,22:13:30,47.62,40.54,
server_12,22:13:10,22:13:40,65.32,55.64,
server_12,22:13:20,22:13:50,71.09,62.34,
server_12,22:13:30,22:14:00,55.86,58.25,
server_12,22:13:40,22:14:10,44.76,45.65,
server_12,22:13:50,22:14:20,52.59,51.28,
server_12,22:14:00,22:14:30,60.96,56.26,
server_12,22:14:10,22:14:40,54.59,64.37,
server_12,22:14:20,22:14:50,51.4,62.59,
server_12,22:14:30,22:15:00,44.92,59.22,
server_12,22:14:40,22:15:10,64.34,53.1,
server_12,22:14:50,22:15:20,64.96,39.13,
server_12,22:15:00,22:15:30,62.4,36.14,
server_12,22:15:10,22:15:40,41.43,44.35,
server_12,22:15:20,22:15:50,42.11,41.79,
server_12,22:15:30,22:16:00,47.11,48.71,
server_12,22:15:40,22:16:10,54.4,42.49,
server_12,22:15:50,22:16:20,49.7,52.55,
server_12,22:16:00,22:16:30,48.07,60.82,
server_12,22:16:10,22:16:40,54.84,56.11,
server_12,22:16:20,22:16:50,46.28,54.74,
server_12,22:16:30,22:17:00,47.91,49.6,
server_12,22:16:40,22:17:10,44.12,52.71,
server_12,22:16:50,22:17:20,60.23,61.65,
server_12,22:17:00,22:17:30,54.57,53.7,
server_12,22:17:10,22:17:40,51.93,58.05,
server_12,22:17:20,22:17:50,40.47,46.56,
server_12,22:17:30,22:18:00,51.38,54.63,
server_12,22:17:40,22:18:10,62.02,55.91,
server_12,22:17:50,22:18:20,59.83,58.59,
server_12,22:18:00,22:18:30,58.57,63.04,
server_12,22:18:10,22:18:40,53.4,62.28,
server_12,22:18:20,22:18:50,60.84,63.97,
server_12,22:18:30,22:19:00,56.85,52.8,
server_12,22:18:40,22:19:10,51.02,47.41,
server_12,22:18:50,22:19:20,47.72,45.33,
server_12,22:19:00,22:19:30,51.59,37.21,
server_12,22:19:10,22:19:40,58.01,39.69,
server_12,22:19:20,22:19:50,65.33,30.42,
server_12,22:19:30,22:20:00,66.91,43.03,
server_12,22:19:40,22:20:10,76.41,30.32,
server_12,22:19:50,22:20:20,69.98,56.57,
server_12,22:20:00,22:20:30,70.33,48.57,
server_12,22:20:10,22:20:40,61.75,55.73,
server_12,22:20:20,22:20:50,60.71,41.46,
server_12,22:20:30,22:21:00,52.15,45.45,
server_12,22:20:40,22:21:10,54.56,49.86,
server_12,22:20:50,22:21:20,59.32,40.2,
server_12,22:21:00,22:21:30,68.94,34.23,
server_12,22:21:10,22:21:40,66.23,40.16,
server_12,22:21:20,22:21:50,58.52,41.73,
server_12,22:21:30,22:22:00,45.36,54.31,
server_12,22:21:40,22:22:10,46.4,43.28,
server_12,22:21:50,22:22:20,50.26,51.33,
server_12,22:22:00,22:22:30,59.9,44.81,
server_12,22:22:10,22:22:40,54.95,53.54,
server_12,22:22:20,22:22:50,41.73,65.8,
server_12,22:22:30,22:23:00,29.21,70.14,
server_12,22:22:40,22:23:10,39.23,76.54,
server_12,22:22:50,22:23:20,60.83,70.43,
server_12,22:23:00,22:23:30,71.58,71.62,
server_12,22:23:10,22:23:40,62.89,62.57,
server_12,22:23:20,22:23:50,54.52,57.54,
server_12,22:23:30,22:24:00,61.18,55.78,
server_12,22:23:40,22:24:10,52.43,53.57,
server_12,22:23:50,22:24:20,55.94,56.75,
server_12,22:24:00,22:24:30,43.39,50.91,
server_12,22:24:10,22:24:40,43.74,51.38,
server_12,22:24:20,22:24:50,43.57,46.94,
server_12,22:24:30,22:25:00,50.66,42.05,
server_12,22:24:40,22:25:10,59.0,41.06,
server_12,22:24:50,22:25:20,56.01,42.73,
server_12,22:25:00,22:25:30,46.89,55.41,
server_12,22:25:10,22:25:40,48.4,64.74,
server_12,22:25:20,22:25:50,55.56,57.75,
server_12,22:25:30,22:26:00,60.42,51.93,
server_12,22:25:40,22:26:10,55.77,43.61,
server_12,22:25:50,22:26:20,41.94,41.62,
server_12,22:26:00,22:26:30,44.55,43.73,
server_12,22:26:10,22:26:40,34.31,62.14,
server_12,22:26:20,22:26:50,39.17,67.72,
server_12,22:26:30,22:27:00,41.28,69.01,
server_12,22:26:40,22:27:10,46.15,56.12,
server_12,22:26:50,22:27:20,39.9,49.89,
server_12,22:27:00,22:27:30,37.66,43.08,
server_12,22:27:10,22:27:40,38.31,46.38,
server_12,22:27:20,22:27:50,43.74,53.12,
server_12,22:27:30,22:28:00,33.18,68.48,
server_12,22:27:40,22:28:10,39.67,64.37,
server_12,22:27:50,22:28:20,34.08,59.31,
server_12,22:28:00,22:28:30,48.32,43.02,
server_12,22:28:10,22:28:40,37.85,44.63,
server_12,22:28:20,22:28:50,44.21,45.03,
server_12,22:28:30,22:29:00,40.11,47.96,
server_12,22:28:40,22:29:10,57.07,54.46,
server_12,22:28:50,22:29:20,48.25,61.23,
server_12,22:29:00,22:29:30,39.41,56.76,
server_12,22:29:10,22:29:40,28.75,44.76,
server_12,22:29:20,22:29:50,43.69,37.87,
server_12,22:29:30,22:30:00,44.9,37.67,
server_12,22:29:40,22:30:10,50.46,52.21,
server_12,22:29:50,22:30:20,39.45,50.18,
server_12,22:30:00,22:30:30,41.24,49.38,
server_12,22:30:10,22:30:40,43.2,35.2,
server_12,22:30:20,22:30:50,45.15,41.23,
server_12,22:30:30,22:31:00,58.9,45.94,
server_12,22:30:40,22:31:10,59.79,47.54,
server_12,22:30:50,22:31:20,64.58,51.75,
server_12,22:31:00,22:31:30,59.27,53.77,
server_12,22:31:10,22:31:40,57.24,57.5,
server_12,22:31:20,22:31:50,44.21,56.07,
server_12,22:31:30,22:32:00,37.12,63.79,
server_12,22:31:40,22:32:10,38.67,50.73,
server_12,22:31:50,22:32:20,63.76,37.42,
server_12,22:32:00,22:32:30,71.45,33.73,
server_12,22:32:10,22:32:40,78.45,39.57,
server_12,22:32:20,22:32:50,61.87,58.26,
server_12,22:32:30,22:33:00,50.82,43.82,
server_12,22:32:40,22:33:10,48.55,41.98,
server_12,22:32:50,22:33:20,50.73,34.92,
server_12,22:33:00,22:33:30,60.84,49.39,
server_12,22:33:10,22:33:40,53.33,48.47,
server_12,22:33:20,22:33:50,48.26,54.74,
server_12,22:33:30,22:34:00,51.25,57.0,
server_12,22:33:40,22:34:10,51.16,63.91,
server_12,22:33:50,22:34:20,66.64,63.63,
server_12,22:34:00,22:34:30,56.34,56.88,
server_12,22:34:10,22:34:40,55.16,62.56,
server_12,22:34:20,22:34:50,50.81,60.66,
server_12,22:34:30,22:35:00,46.84,56.34,
server_12,22:34:40,22:35:10,39.1,55.15,
server_12,22:34:50,22:35:20,29.7,57.02,
server_12,22:35:00,22:35:30,41.93,64.42,
server_12,22:35:10,22:35:40,47.2,57.48,
server_12,22:35:20,22:35:50,62.95,59.92,
server_12,22:35:30,22:36:00,52.44,49.53,
server_12,22:35:40,22:36:10,49.96,53.69,
server_12,22:35:50,22:36:20,30.74,34.7,
server_12,22:36:00,22:36:30,38.35,44.01,
server_12,22:36:10,22:36:40,35.6,35.88,
server_12,22:36:20,22:36:50,46.01,47.64,
server_12,22:36:30,22:37:00,39.8,53.02,
server_12,22:36:40,22:37:10,52.65,59.39,
server_12,22:36:50,22:37:20,48.46,58.8,
server_12,22:37:00,22:37:30,50.09,48.65,
server_12,22:37:10,22:37:40,57.16,61.48,
server_12,22:37:20,22:37:50,48.41,73.92,
server_12,22:37:30,22:38:00,49.97,75.64,
server_12,22:37:40,22:38:10,28.96,65.69,
server_12,22:37:50,22:38:20,39.34,63.32,
server_12,22:38:00,22:38:30,44.44,70.49,
server_12,22:38:10,22:38:40,48.55,65.08,
server_12,22:38:20,22:38:50,43.91,47.87,
server_12,22:38:30,22:39:00,36.16,38.77,
server_12,22:38:40,22:39:10,41.66,42.45,
server_12,22:38:50,22:39:20,47.71,50.48,
server_12,22:39:00,22:39:30,51.11,47.69,
server_12,22:39:10,22:39:40,48.54,42.14,
server_12,22:39:20,22:39:50,46.85,44.39,
server_12,22:39:30,22:40:00,48.95,47.8,
server_12,22:39:40,22:40:10,59.52,47.75,
server_12,22:39:50,22:40:20,56.21,41.44,
server_12,22:40:00,22:40:30,60.17,49.05,
server_12,22:40:10,22:40:40,60.27,62.33,
server_12,22:40:20,22:40:50,71.8,75.48,
server_12,22:40:30,22:41:00,74.01,66.85,
server_12,22:40:40,22:41:10,71.14,59.41,
server_12,22:40:50,22:41:20,63.65,59.15,
server_12,22:41:00,22:41:30,46.05,69.1,
server_12,22:41:10,22:41:40,37.45,69.54,
server_12,22:41:20,22:41:50,36.49,64.96,
server_12,22:41:30,22:42:00,46.96,57.52,
server_12,22:41:40,22:42:10,49.96,56.25,
server_12,22:41:50,22:42:20,47.6,46.86,
server_12,22:42:00,22:42:30,46.98,51.33,
server_12,22:42:10,22:42:40,38.6,53.77,
server_12,22:42:20,22:42:50,34.92,62.29,
server_12,22:42:30,22:43:00,41.4,64.0,
server_12,22:42:40,22:43:10,45.97,55.7,
server_12,22:42:50,22:43:20,62.72,48.1,
server_12,22:43:00,22:43:30,62.14,41.09,
server_12,22:43:10,22:43:40,73.65,54.27,
server_12,22:43:20,22:43:50,66.0,46.37,
server_12,22:43:30,22:44:00,61.12,49.95,
server_12,22:43:40,22:44:10,42.59,48.2,
server_12,22:43:50,22:44:20,44.4,60.38,
server_12,22:44:00,22:44:30,39.52,68.27,
server_12,22:44:10,22:44:40,38.6,65.45,
server_12,22:44:20,22:44:50,31.54,59.74,
server_12,22:44:30,22:45:00,41.11,38.45,
server_12,22:44:40,22:45:10,46.29,41.5,
server_12,22:44:50,22:45:20,52.21,44.18,
server_12,22:45:00,22:45:30,56.97,63.08,
server_12,22:45:10,22:45:40,56.78,66.99,
server_12,22:45:20,22:45:50,59.96,70.28,
server_12,22:45:30,22:46:00,46.47,72.65,
server_12,22:45:40,22:46:10,56.32,58.5,
server_12,22:45:50,22:46:20,45.43,52.33,
server_12,22:46:00,22:46:30,48.19,49.28,
server_12,22:46:10,22:46:40,50.91,51.81,
server_12,22:46:20,22:46:50,55.71,70.95,
server_12,22:46:30,22:47:00,57.77,65.72,
server_12,22:46:40,22:47:10,46.68,67.36,
server_12,22:46:50,22:47:20,48.56,55.12,
server_12,22:47:00,22:47:30,47.89,55.13,
server_12,22:47:10,22:47:40,51.5,55.97,
server_12,22:47:20,22:47:50,55.95,57.71,
server_12,22:47:30,22:48:00,57.9,51.27,
server_12,22:47:40,22:48:10,60.64,52.69,
server_12,22:47:50,22:48:20,58.21,54.51,
server_12,22:48:00,22:48:30,57.04,59.69,
server_12,22:48:10,22:48:40,55.76,69.94,
server_12,22:48:20,22:48:50,66.64,54.88,
server_12,22:48:30,22:49:00,64.77,51.88,
server_12,22:48:40,22:49:10,76.39,40.38,
server_12,22:48:50,22:49:20,61.06,48.36,
server_12,22:49:00,22:49:30,63.06,53.37,
server_12,22:49:10,22:49:40,48.03,55.06,
server_12,22:49:20,22:49:50,55.56,49.94,
server_12,22:49:30,22:50:00,42.08,52.83,
server_12,22:49:40,22:50:10,51.77,60.54,
server_12,22:49:50,22:50:20,48.84,71.74,
server_12,22:50:00,22:50:30,55.02,64.25,
server_12,22:50:10,22:50:40,52.59,60.2,
server_12,22:50:20,22:50:50,41.41,59.92,
server_12,22:50:30,22:51:00,53.6,63.69,
server_12,22:50:40,22:51:10,51.11,55.27,
server_12,22:50:50,22:51:20,62.57,54.04,
server_12,22:51:00,22:51:30,49.96,52.14,
server_12,22:51:10,22:51:40,43.75,48.59,
server_12,22:51:20,22:51:50,29.62,46.1,
server_12,22:51:30,22:52:00,39.28,60.29,
server_12,22:51:40,22:52:10,50.11,56.26,
server_12,22:51:50,22:52:20,56.83,58.81,
server_12,22:52:00,22:52:30,56.56,35.74,
server_12,22:52:10,22:52:40,52.02,45.23,
server_12,22:52:20,22:52:50,51.53,49.68,
server_12,22:52:30,22:53:00,52.48,64.82,
server_12,22:52:40,22:53:10,50.26,71.36,
server_12,22:52:50,22:53:20,62.49,67.09,
server_13,20:53:00,20:53:30,66.95,35.19,
server_13,20:53:10,20:53:40,54.24,40.23,
server_13,20:53:20,20:53:50,51.2,53.36,
server_13,20:53:30,20:54:00,52.5,55.85,
server_13,20:53:40,20:54:10,53.02,54.91,
server_13,20:53:50,20:54:20,49.38,48.45,
server_13,20:54:00,20:54:30,48.26,36.04,
server_13,20:54:10,20:54:40,65.4,37.99,
server_13,20:54:20,20:54:50,61.51,38.91,
server_13,20:54:30,20:55:00,51.14,52.46,
server_13,20:54:40,20:55:10,38.67,56.93,
server_13,20:54:50,20:55:20,48.52,63.13,
server_13,20:55:00,20:55:30,57.23,60.75,
server_13,20:55:10,20:55:40,55.98,58.55,
server_13,20:55:20,20:55:50,48.87,61.36,
server_13,20:55:30,20:56:00,53.12,66.27,
server_13,20:55:40,20:56:10,45.56,59.7,
server_13,20:55:50,20:56:20,40.68,60.25,
server_13,20:56:00,20:56:30,27.22,59.05,
server_13,20:56:10,20:56:40,41.06,61.2,
server_13,20:56:20,20:56:50,52.33,57.71,
server_13,20:56:30,20:57:00,60.77,55.0,
server_13,20:56:40,20:57:10,47.16,62.2,
server_13,20:56:50,20:57:20,37.74,52.01,
server_13,20:57:00,20:57:30,32.7,42.62,
server_13,20:57:10,20:57:40,49.23,50.48,
server_13,20:57:20,20:57:50,61.76,64.12,
server_13,20:57:30,20:58:00,51.79,79.8,
server_13,20:57:40,20:58:10,41.27,73.1,
server_13,20:57:50,20:58:20,40.38,74.96,
server_13,20:58:00,20:58:30,53.02,61.08,
server_13,20:58:10,20:58:40,55.61,65.53,
server_13,20:58:20,20:58:50,46.1,64.09,
server_13,20:58:30,20:59:00,63.87,66.59,
server_13,20:58:40,20:59:10,58.06,58.21,
server_13,20:58:50,20:59:20,63.84,51.78,
server_13,20:59:00,20:59:30,55.44,47.38,
server_13,20:59:10,20:59:40,58.72,48.78,
server_13,20:59:20,20:59:50,59.61,39.91,
server_13,20:59:30,21:00:00,48.81,56.18,
server_13,20:59:40,21:00:10,47.3,50.52,
server_13,20:59:50,21:00:20,48.31,44.18,
server_13,21:00:00,21:00:30,51.34,37.0,
server_13,21:00:10,21:00:40,53.71,41.92,
server_13,21:00:20,21:00:50,56.6,55.87,
server_13,21:00:30,21:01:00,51.57,59.29,
server_13,21:00:40,21:01:10,46.44,48.88,
server_13,21:00:50,21:01:20,40.78,52.67,
server_13,21:01:00,21:01:30,50.89,51.73,
server_13,21:01:10,21:01:40,64.02,52.23,
server_13,21:01:20,21:01:50,54.35,52.95,
server_13,21:01:30,21:02:00,39.02,59.63,
server_13,21:01:40,21:02:10,30.98,70.2,
server_13,21:01:50,21:02:20,44.12,69.46,
server_13,21:02:00,21:02:30,51.55,54.42,
server_13,21:02:10,21:02:40,50.84,50.31,
server_13,21:02:20,21:02:50,51.73,50.41,
server_13,21:02:30,21:03:00,51.31,61.29,
server_13,21:02:40,21:03:10,45.34,58.33,
server_13,21:02:50,21:03:20,32.4,45.57,
server_13,21:03:00,21:03:30,38.23,34.38,
server_13,21:03:10,21:03:40,42.81,38.97,
server_13,21:03:20,21:03:50,47.54,46.43,
server_13,21:03:30,21:04:00,49.52,50.11,
server_13,21:03:40,21:04:10,57.23,61.25,
server_13,21:03:50,21:04:20,69.86,73.69,
server_13,21:04:00,21:04:30,62.18,76.59,
server_13,21:04:10,21:04:40,60.45,58.85,
server_13,21:04:20,21:04:50,57.49,45.11,
server_13,21:04:30,21:05:00,65.91,43.3,
server_13,21:04:40,21:05:10,68.65,57.45,
server_13,21:04:50,21:05:20,64.33,57.46,
server_13,21:05:00,21:05:30,61.41,54.81,
server_13,21:05:10,21:05:40,61.73,57.47,
server_13,21:05:20,21:05:50,53.03,68.83,
server_13,21:05:30,21:06:00,55.23,71.23,
server_13,21:05:40,21:06:10,41.63,70.9,
server_13,21:05:50,21:06:20,49.95,59.98,
server_13,21:06:00,21:06:30,43.37,64.75,
server_13,21:06:10,21:06:40,42.76,62.72,
server_13,21:06:20,21:06:50,34.11,66.26,
server_13,21:06:30,21:07:00,45.54,57.53,
server_13,21:06:40,21:07:10,51.48,51.93,
server_13,21:06:50,21:07:20,65.79,60.31,
server_13,21:07:00,21:07:30,58.04,58.78,
server_13,21:07:10,21:07:40,58.07,59.64,
server_13,21:07:20,21:07:50,53.45,50.18,
server_13,21:07:30,21:08:00,55.73,51.79,
server_13,21:07:40,21:08:10,56.28,50.98,
server_13,21:07:50,21:08:20,53.7,48.83,
server_13,21:08:00,21:08:30,46.48,43.69,
server_13,21:08:10,21:08:40,41.83,46.94,
server_13,21:08:20,21:08:50,43.88,51.84,
server_13,21:08:30,21:09:00,54.5,55.78,
server_13,21:08:40,21:09:10,52.64,46.08,
server_13,21:08:50,21:09:20,61.37,30.31,
server_13,21:09:00,21:09:30,53.31,34.58,
server_13,21:09:10,21:09:40,60.8,41.12,
server_13,21:09:20,21:09:50,47.75,47.08,
server_13,21:09:30,21:10:00,49.54,40.46,
server_13,21:09:40,21:10:10,46.1,40.08,
server_13,21:09:50,21:10:20,54.85,55.88,
server_13,21:10:00,21:10:30,50.67,55.09,
server_13,21:10:10,21:10:40,44.78,69.57,
server_13,21:10:20,21:10:50,33.91,60.91,
server_13,21:10:30,21:11:00,35.15,61.99,
server_13,21:10:40,21:11:10,35.76,51.0,
server_13,21:10:50,21:11:20,52.77,62.59,
server_13,21:11:00,21:11:30,63.43,67.56,
server_13,21:11:10,21:11:40,86.84,74.39,
server_13,21:11:20,21:11:50,74.23,62.49,
server_13,21:11:30,21:12:00,70.76,61.43,
server_13,21:11:40,21:12:10,52.74,45.66,
server_13,21:11:50,21:12:20,54.25,45.05,
server_13,21:12:00,21:12:30,58.98,40.31,
server_13,21:12:10,21:12:40,57.31,39.45,
server_13,21:12:20,21:12:50,65.2,35.55,
server_13,21:12:30,21:13:00,64.52,52.44,
server_13,21:12:40,21:13:10,70.14,59.09,
server_13,21:12:50,21:13:20,53.91,74.09,
server_13,21:13:00,21:13:30,42.03,61.79,
server_13,21:13:10,21:13:40,38.53,60.96,
server_13,21:13:20,21:13:50,41.89,43.4,
server_13,21:13:30,21:14:00,40.09,49.05,
server_13,21:13:40,21:14:10,32.48,52.24,
server_13,21:13:50,21:14:20,45.68,63.88,
server_13,21:14:00,21:14:30,59.06,54.1,
server_13,21:14:10,21:14:40,67.01,44.94,
server_13,21:14:20,21:14:50,60.11,41.06,
server_13,21:14:30,21:15:00,56.89,41.28,
server_13,21:14:40,21:15:10,63.14,49.77,
server_13,21:14:50,21:15:20,51.68,53.53,
server_13,21:15:00,21:15:30,38.74,65.42,
server_13,21:15:10,21:15:40,48.49,60.82,
server_13,21:15:20,21:15:50,52.19,62.35,
server_13,21:15:30,21:16:00,51.57,68.46,
server_13,21:15:40,21:16:10,45.55,65.97,
server_13,21:15:50,21:16:20,61.24,59.18,
server_13,21:16:00,21:16:30,84.9,34.94,
server_13,21:16:10,21:16:40,68.99,31.39,
server_13,21:16:20,21:16:50,60.0,29.68,
server_13,21:16:30,21:17:00,45.52,38.78,
server_13,21:16:40,21:17:10,61.82,38.32,
server_13,21:16:50,21:17:20,58.26,44.8,
server_13,21:17:00,21:17:30,61.92,52.28,
server_13,21:17:10,21:17:40,61.84,67.88,
server_13,21:17:20,21:17:50,70.58,60.85,
server_13,21:17:30,21:18:00,75.52,64.31,
server_13,21:17:40,21:18:10,70.47,48.34,
server_13,21:17:50,21:18:20,65.12,44.38,
server_13,21:18:00,21:18:30,59.48,33.3,
server_13,21:18:10,21:18:40,57.93,45.93,
server_13,21:18:20,21:18:50,49.44,48.41,
server_13,21:18:30,21:19:00,50.06,54.11,
server_13,21:18:40,21:19:10,50.51,39.44,
server_13,21:18:50,21:19:20,51.85,43.36,
server_13,21:19:00,21:19:30,45.88,52.2,
server_13,21:19:10,21:19:40,50.17,62.55,
server_13,21:19:20,21:19:50,56.35,58.95,
server_13,21:19:30,21:20:00,53.43,50.98,
server_13,21:19:40,21:20:10,44.91,49.7,
server_13,21:19:50,21:20:20,38.62,51.55,
server_13,21:20:00,21:20:30,41.63,53.61,
server_13,21:20:10,21:20:40,32.28,67.01,
server_13,21:20:20,21:20:50,35.1,73.79,
server_13,21:20:30,21:21:00,40.32,59.16,
server_13,21:20:40,21:21:10,46.85,56.61,
server_13,21:20:50,21:21:20,62.53,65.77,
server_13,21:21:00,21:21:30,64.87,78.21,
server_13,21:21:10,21:21:40,73.87,75.99,
server_13,21:21:20,21:21:50,61.26,61.53,
server_13,21:21:30,21:22:00,54.1,60.09,
server_13,21:21:40,21:22:10,57.29,63.0,
server_13,21:21:50,21:22:20,49.8,68.0,
server_13,21:22:00,21:22:30,47.31,72.21,
server_13,21:22:10,21:22:40,39.1,56.99,
server_13,21:22:20,21:22:50,50.87,44.0,
server_13,21:22:30,21:23:00,52.14,33.44,
server_13,21:22:40,21:23:10,49.26,50.05,
server_13,21:22:50,21:23:20,40.09,64.04,
server_13,21:23:00,21:23:30,34.62,73.62,
server_13,21:23:10,21:23:40,32.76,67.45,
server_13,21:23:20,21:23:50,46.14,65.67,
server_13,21:23:30,21:24:00,55.25,60.55,
server_13,21:23:40,21:24:10,67.95,67.25,
server_13,21:23:50,21:24:20,48.72,69.29,
server_13,21:24:00,21:24:30,37.72,72.43,
server_13,21:24:10,21:24:40,34.71,62.02,
server_13,21:24:20,21:24:50,46.01,43.96,
server_13,21:24:30,21:25:00,53.94,37.38,
server_13,21:24:40,21:25:10,59.27,42.52,
server_13,21:24:50,21:25:20,72.85,51.55,
server_13,21:25:00,21:25:30,72.73,52.39,
server_13,21:25:10,21:25:40,65.23,46.78,
server_13,21:25:20,21:25:50,54.03,42.35,
server_13,21:25:30,21:26:00,52.81,39.99,
server_13,21:25:40,21:26:10,51.8,36.2,
server_13,21:25:50,21:26:20,42.65,44.52,
server_13,21:26:00,21:26:30,37.65,53.31,
server_13,21:26:10,21:26:40,36.66,56.23,
server_13,21:26:20,21:26:50,51.54,49.78,
server_13,21:26:30,21:27:00,73.51,30.74,
server_13,21:26:40,21:27:10,71.93,38.53,
server_13,21:26:50,21:27:20,67.76,42.9,
server_13,21:27:00,21:27:30,54.11,51.41,
server_13,21:27:10,21:27:40,51.94,41.01,
server_13,21:27:20,21:27:50,41.14,54.27,
server_13,21:27:30,21:28:00,34.81,63.28,
server_13,21:27:40,21:28:10,43.83,64.13,
server_13,21:27:50,21:28:20,45.35,47.43,
server_13,21:28:00,21:28:30,57.67,51.98,
server_13,21:28:10,21:28:40,49.17,55.13,
server_13,21:28:20,21:28:50,57.67,51.04,
server_13,21:28:30,21:29:00,44.74,45.46,
server_13,21:28:40,21:29:10,49.78,45.59,
server_13,21:28:50,21:29:20,43.35,57.57,
server_13,21:29:00,21:29:30,58.74,50.81,
server_13,21:29:10,21:29:40,52.49,47.0,
server_13,21:29:20,21:29:50,56.26,40.87,
server_13,21:29:30,21:30:00,50.51,47.87,
server_13,21:29:40,21:30:10,58.41,58.04,
server_13,21:29:50,21:30:20,57.67,52.52,
server_13,21:30:00,21:30:30,56.94,47.46,
server_13,21:30:10,21:30:40,53.3,38.15,
server_13,21:30:20,21:30:50,50.91,43.36,
server_13,21:30:30,21:31:00,55.0,42.11,
server_13,21:30:40,21:31:10,61.69,40.46,
server_13,21:30:50,21:31:20,71.68,51.42,
server_13,21:31:00,21:31:30,67.43,57.77,
server_13,21:31:10,21:31:40,65.61,65.57,
server_13,21:31:20,21:31:50,55.98,59.15,
server_13,21:31:30,21:32:00,60.75,53.27,
server_13,21:31:40,21:32:10,56.99,46.27,
server_13,21:31:50,21:32:20,59.55,48.6,
server_13,21:32:00,21:32:30,51.94,50.91,
server_13,21:32:10,21:32:40,58.96,58.53,
server_13,21:32:20,21:32:50,68.48,55.41,
server_13,21:32:30,21:33:00,72.7,68.55,
server_13,21:32:40,21:33:10,63.85,65.15,
server_13,21:32:50,21:33:20,60.35,58.6,
server_13,21:33:00,21:33:30,57.77,48.07,
server_13,21:33:10,21:33:40,58.88,44.24,
server_13,21:33:20,21:33:50,45.87,45.69,
server_13,21:33:30,21:34:00,37.31,52.27,
server_13,21:33:40,21:34:10,43.64,44.91,
server_13,21:33:50,21:34:20,50.01,49.35,
server_13,21:34:00,21:34:30,54.76,50.81,
server_13,21:34:10,21:34:40,51.95,62.79,
server_13,21:34:20,21:34:50,51.5,63.66,
server_13,21:34:30,21:35:00,46.66,45.16,
server_13,21:34:40,21:35:10,37.9,38.81,
server_13,21:34:50,21:35:20,45.46,45.83,
server_13,21:35:00,21:35:30,49.83,52.87,
server_13,21:35:10,21:35:40,55.33,59.19,
server_13,21:35:20,21:35:50,52.5,56.83,
server_13,21:35:30,21:36:00,51.01,56.09,
server_13,21:35:40,21:36:10,43.7,45.04,
server_13,21:35:50,21:36:20,37.1,37.83,
server_13,21:36:00,21:36:30,48.12,42.4,
server_13,21:36:10,21:36:40,53.45,54.32,
server_13,21:36:20,21:36:50,57.24,59.5,
server_13,21:36:30,21:37:00,49.21,59.41,
server_13,21:36:40,21:37:10,42.2,60.33,
server_13,21:36:50,21:37:20,36.64,56.4,
server_13,21:37:00,21:37:30,38.92,55.01,
server_13,21:37:10,21:37:40,52.56,53.69,
server_13,21:37:20,21:37:50,59.45,54.82,
server_13,21:37:30,21:38:00,69.92,52.25,
server_13,21:37:40,21:38:10,65.12,44.87,
server_13,21:37:50,21:38:20,64.73,44.02,
server_13,21:38:00,21:38:30,51.18,44.59,
server_13,21:38:10,21:38:40,49.68,50.17,
server_13,21:38:20,21:38:50,41.55,52.8,
server_13,21:38:30,21:39:00,47.2,45.75,
server_13,21:38:40,21:39:10,57.36,51.15,
server_13,21:38:50,21:39:20,59.01,44.86,
server_13,21:39:00,21:39:30,50.63,49.79,
server_13,21:39:10,21:39:40,35.99,42.12,
server_13,21:39:20,21:39:50,35.6,45.98,
server_13,21:39:30,21:40:00,35.28,54.42,
server_13,21:39:40,21:40:10,43.81,46.65,
server_13,21:39:50,21:40:20,52.43,44.41,
server_13,21:40:00,21:40:30,69.67,35.96,
server_13,21:40:10,21:40:40,59.88,52.51,
server_13,21:40:20,21:40:50,54.94,53.82,
server_13,21:40:30,21:41:00,58.95,58.15,
server_13,21:40:40,21:41:10,68.76,40.14,
server_13,21:40:50,21:41:20,60.98,46.79,
server_13,21:41:00,21:41:30,43.68,44.59,
server_13,21:41:10,21:41:40,47.38,63.48,
server_13,21:41:20,21:41:50,47.5,51.91,
server_13,21:41:30,21:42:00,57.64,49.29,
server_13,21:41:40,21:42:10,59.21,36.12,
server_13,21:41:50,21:42:20,65.0,37.41,
server_13,21:42:00,21:42:30,60.91,47.33,
server_13,21:42:10,21:42:40,57.28,47.95,
server_13,21:42:20,21:42:50,58.92,52.75,
server_13,21:42:30,21:43:00,63.63,38.81,
server_13,21:42:40,21:43:10,63.75,46.46,
server_13,21:42:50,21:43:20,70.9,54.75,
server_13,21:43:00,21:43:30,57.78,60.5,
server_13,21:43:10,21:43:40,51.29,49.9,
server_13,21:43:20,21:43:50,46.11,39.45,
server_13,21:43:30,21:44:00,55.91,42.65,
server_13,21:43:40,21:44:10,58.19,48.62,
server_13,21:43:50,21:44:20,62.14,41.1,
server_13,21:44:00,21:44:30,57.01,39.68,
server_13,21:44:10,21:44:40,46.69,54.32,
server_13,21:44:20,21:44:50,48.82,61.13,
server_13,21:44:30,21:45:00,48.22,63.09,
server_13,21:44:40,21:45:10,53.98,57.28,
server_13,21:44:50,21:45:20,44.42,62.24,
server_13,21:45:00,21:45:30,47.96,57.69,
server_13,21:45:10,21:45:40,45.93,38.09,
server_13,21:45:20,21:45:50,43.89,36.8,
server_13,21:45:30,21:46:00,39.06,46.51,
server_13,21:45:40,21:46:10,43.27,57.25,
server_13,21:45:50,21:46:20,48.21,61.33,
server_13,21:46:00,21:46:30,52.7,59.14,
server_13,21:46:10,21:46:40,54.57,59.65,
server_13,21:46:20,21:46:50,51.48,48.25,
server_13,21:46:30,21:47:00,52.44,45.48,
server_13,21:46:40,21:47:10,61.48,37.59,
server_13,21:46:50,21:47:20,65.67,33.02,
server_13,21:47:00,21:47:30,59.48,28.67,
server_13,21:47:10,21:47:40,49.77,38.67,
server_13,21:47:20,21:47:50,49.38,41.54,
server_13,21:47:30,21:48:00,56.9,35.68,
server_13,21:47:40,21:48:10,50.99,32.6,
server_13,21:47:50,21:48:20,42.4,35.35,
server_13,21:48:00,21:48:30,32.68,42.66,
server_13,21:48:10,21:48:40,35.06,40.6,
server_13,21:48:20,21:48:50,47.36,53.12,
server_13,21:48:30,21:49:00,46.37,63.56,
server_13,21:48:40,21:49:10,62.88,61.81,
server_13,21:48:50,21:49:20,55.65,60.55,
server_13,21:49:00,21:49:30,57.4,57.41,
server_13,21:49:10,21:49:40,38.38,58.31,
server_13,21:49:20,21:49:50,44.62,47.35,
server_13,21:49:30,21:50:00,57.0,34.6,
server_13,21:49:40,21:50:10,67.35,41.53,
server_13,21:49:50,21:50:20,63.49,48.33,
server_13,21:50:00,21:50:30,61.13,61.21,
server_13,21:50:10,21:50:40,54.72,62.88,
server_13,21:50:20,21:50:50,58.31,64.85,
server_13,21:50:30,21:51:00,47.92,54.28,
server_13,21:50:40,21:51:10,63.66,62.56,
server_13,21:50:50,21:51:20,59.21,59.16,
server_13,21:51:00,21:51:30,62.27,72.47,
server_13,21:51:10,21:51:40,47.16,66.84,
server_13,21:51:20,21:51:50,38.52,73.91,
server_13,21:51:30,21:52:00,46.5,62.59,
server_13,21:51:40,21:52:10,60.64,51.15,
server_13,21:51:50,21:52:20,80.38,48.4,
server_13,21:52:00,21:52:30,66.45,41.62,
server_13,21:52:10,21:52:40,69.12,59.33,
server_13,21:52:20,21:52:50,54.47,50.19,
server_13,21:52:30,21:53:00,63.37,63.22,
server_13,21:52:40,21:53:10,45.75,45.99,
server_13,21:52:50,21:53:20,53.52,50.39,
server_13,21:53:00,21:53:30,46.2,39.28,
server_13,21:53:10,21:53:40,44.38,42.42,
server_13,21:53:20,21:53:50,36.44,51.0,
server_13,21:53:30,21:54:00,29.44,60.16,
server_13,21:53:40,21:54:10,22.61,61.96,
server_13,21:53:50,21:54:20,24.25,50.45,
server_13,21:54:00,21:54:30,40.31,53.42,
server_13,21:54:10,21:54:40,65.25,66.5,
server_13,21:54:20,21:54:50,64.85,64.69,
server_13,21:54:30,21:55:00,77.12,72.15,
server_13,21:54:40,21:55:10,79.79,44.4,
server_13,21:54:50,21:55:20,82.45,50.68,
server_13,21:55:00,21:55:30,72.32,43.64,
server_13,21:55:10,21:55:40,60.81,44.04,
server_13,21:55:20,21:55:50,64.15,45.75,
server_13,21:55:30,21:56:00,57.37,39.66,
server_13,21:55:40,21:56:10,59.55,44.23,
server_13,21:55:50,21:56:20,57.59,43.71,
server_13,21:56:00,21:56:30,63.96,48.91,
server_13,21:56:10,21:56:40,59.12,56.74,
server_13,21:56:20,21:56:50,61.12,59.25,
server_13,21:56:30,21:57:00,56.87,55.29,
server_13,21:56:40,21:57:10,68.27,69.27,
server_13,21:56:50,21:57:20,78.65,51.95,
server_13,21:57:00,21:57:30,90.6,54.12,
server_13,21:57:10,21:57:40,72.55,36.49,
server_13,21:57:20,21:57:50,57.28,49.93,
server_13,21:57:30,21:58:00,47.19,49.02,
server_13,21:57:40,21:58:10,59.61,63.03,
server_13,21:57:50,21:58:20,61.81,60.2,
server_13,21:58:00,21:58:30,54.61,71.46,
server_13,21:58:10,21:58:40,43.61,56.25,
server_13,21:58:20,21:58:50,33.54,54.61,
server_13,21:58:30,21:59:00,43.0,33.8,
server_13,21:58:40,21:59:10,42.09,46.35,
server_13,21:58:50,21:59:20,52.44,54.52,
server_13,21:59:00,21:59:30,50.59,67.22,
server_13,21:59:10,21:59:40,55.88,63.44,
server_13,21:59:20,21:59:50,52.12,58.11,
server_13,21:59:30,22:00:00,39.23,56.5,
server_13,21:59:40,22:00:10,35.96,52.55,
server_13,21:59:50,22:00:20,37.53,50.9,
server_13,22:00:00,22:00:30,44.46,46.42,
server_13,22:00:10,22:00:40,48.68,41.14,
server_13,22:00:20,22:00:50,39.98,45.03,
server_13,22:00:30,22:01:00,38.01,54.56,
server_13,22:00:40,22:01:10,43.29,56.64,
server_13,22:00:50,22:01:20,61.52,65.42,
server_13,22:01:00,22:01:30,58.45,52.44,
server_13,22:01:10,22:01:40,56.28,66.35,
server_13,22:01:20,22:01:50,53.56,62.95,
server_13,22:01:30,22:02:00,69.69,65.0,
server_13,22:01:40,22:02:10,66.92,46.25,
server_13,22:01:50,22:02:20,73.37,41.48,
server_13,22:02:00,22:02:30,69.62,46.22,
server_13,22:02:10,22:02:40,65.26,55.07,
server_13,22:02:20,22:02:50,55.03,57.18,
server_13,22:02:30,22:03:00,60.01,50.94,
server_13,22:02:40,22:03:10,72.94,48.41,
server_13,22:02:50,22:03:20,69.15,37.2,
server_13,22:03:00,22:03:30,60.93,44.75,
server_13,22:03:10,22:03:40,64.5,57.44,
server_13,22:03:20,22:03:50,71.83,69.06,
server_13,22:03:30,22:04:00,81.21,56.58,
server_13,22:03:40,22:04:10,60.73,43.77,
server_13,22:03:50,22:04:20,68.6,49.91,
server_13,22:04:00,22:04:30,54.5,61.95,
server_13,22:04:10,22:04:40,54.31,56.72,
server_13,22:04:20,22:04:50,39.39,43.41,
server_13,22:04:30,22:05:00,43.71,36.55,
server_13,22:04:40,22:05:10,46.75,42.15,
server_13,22:04:50,22:05:20,51.1,48.93,
server_13,22:05:00,22:05:30,51.26,55.53,
server_13,22:05:10,22:05:40,47.75,63.67,
server_13,22:05:20,22:05:50,43.55,60.6,
server_13,22:05:30,22:06:00,53.57,55.42,
server_13,22:05:40,22:06:10,58.16,51.83,
server_13,22:05:50,22:06:20,62.53,54.85,
server_13,22:06:00,22:06:30,60.5,52.68,
server_13,22:06:10,22:06:40,60.59,52.82,
server_13,22:06:20,22:06:50,60.62,49.13,
server_13,22:06:30,22:07:00,55.36,59.02,
server_13,22:06:40,22:07:10,52.27,51.34,
server_13,22:06:50,22:07:20,51.89,56.91,
server_13,22:07:00,22:07:30,47.84,53.91,
server_13,22:07:10,22:07:40,47.23,65.25,
server_13,22:07:20,22:07:50,45.42,61.44,
server_13,22:07:30,22:08:00,49.48,46.97,
server_13,22:07:40,22:08:10,61.57,31.41,
server_13,22:07:50,22:08:20,62.98,28.72,
server_13,22:08:00,22:08:30,64.27,44.07,
server_13,22:08:10,22:08:40,57.83,52.94,
server_13,22:08:20,22:08:50,58.26,62.0,
server_13,22:08:30,22:09:00,53.14,60.55,
server_13,22:08:40,22:09:10,52.81,62.79,
server_13,22:08:50,22:09:20,51.15,52.32,
server_13,22:09:00,22:09:30,48.66,53.97,
server_13,22:09:10,22:09:40,63.55,64.27,
server_13,22:09:20,22:09:50,62.28,63.2,
server_13,22:09:30,22:10:00,70.41,54.04,
server_13,22:09:40,22:10:10,59.01,42.75,
server_13,22:09:50,22:10:20,53.61,51.68,
server_13,22:10:00,22:10:30,44.65,61.58,
server_13,22:10:10,22:10:40,44.92,62.71,
server_13,22:10:20,22:10:50,57.23,48.7,
server_13,22:10:30,22:11:00,60.9,46.5,
server_13,22:10:40,22:11:10,54.79,42.83,
server_13,22:10:50,22:11:20,55.34,42.85,
server_13,22:11:00,22:11:30,56.83,39.93,
server_13,22:11:10,22:11:40,54.29,35.54,
server_13,22:11:20,22:11:50,43.55,43.91,
server_13,22:11:30,22:12:00,43.72,41.99,
server_13,22:11:40,22:12:10,55.59,51.17,
server_13,22:11:50,22:12:20,55.74,42.63,
server_13,22:12:00,22:12:30,60.78,39.27,
server_13,22:12:10,22:12:40,59.77,34.02,
server_13,22:12:20,22:12:50,58.11,50.76,
server_13,22:12:30,22:13:00,54.5,59.06,
server_13,22:12:40,22:13:10,42.92,71.01,
server_13,22:12:50,22:13:20,58.02,61.93,
server_13,22:13:00,22:13:30,48.93,53.66,
server_13,22:13:10,22:13:40,55.75,50.57,
server_13,22:13:20,22:13:50,52.51,42.49,
server_13,22:13:30,22:14:00,63.09,40.88,
server_13,22:13:40,22:14:10,76.42,23.23,
server_13,22:13:50,22:14:20,64.76,36.92,
server_13,22:14:00,22:14:30,52.44,52.54,
server_13,22:14:10,22:14:40,47.39,60.85,
server_13,22:14:20,22:14:50,41.56,58.82,
server_13,22:14:30,22:15:00,45.38,46.25,
server_13,22:14:40,22:15:10,46.39,41.57,
server_13,22:14:50,22:15:20,58.82,39.65,
server_13,22:15:00,22:15:30,68.92,39.32,
server_13,22:15:10,22:15:40,71.45,50.43,
server_13,22:15:20,22:15:50,57.47,51.98,
server_13,22:15:30,22:16:00,43.72,64.84,
server_13,22:15:40,22:16:10,33.57,64.92,
server_13,22:15:50,22:16:20,52.8,67.71,
server_13,22:16:00,22:16:30,57.0,60.26,
server_13,22:16:10,22:16:40,41.46,72.4,
server_13,22:16:20,22:16:50,37.02,64.34,
server_13,22:16:30,22:17:00,31.96,57.01,
server_13,22:16:40,22:17:10,50.33,41.17,
server_13,22:16:50,22:17:20,52.82,48.76,
server_13,22:17:00,22:17:30,58.81,54.2,
server_13,22:17:10,22:17:40,43.51,56.41,
server_13,22:17:20,22:17:50,52.93,60.93,
server_13,22:17:30,22:18:00,57.22,64.55,
server_13,22:17:40,22:18:10,63.63,74.0,
server_13,22:17:50,22:18:20,46.79,55.16,
server_13,22:18:00,22:18:30,56.6,57.85,
server_13,22:18:10,22:18:40,54.8,45.49,
server_13,22:18:20,22:18:50,55.46,55.81,
server_13,22:18:30,22:19:00,36.4,55.07,
server_13,22:18:40,22:19:10,54.85,44.25,
server_13,22:18:50,22:19:20,50.34,40.15,
server_13,22:19:00,22:19:30,61.59,30.58,
server_13,22:19:10,22:19:40,48.32,39.62,
server_13,22:19:20,22:19:50,59.49,46.46,
server_13,22:19:30,22:20:00,51.26,59.25,
server_13,22:19:40,22:20:10,43.12,67.37,
server_13,22:19:50,22:20:20,34.79,62.59,
server_13,22:20:00,22:20:30,33.68,63.44,
server_13,22:20:10,22:20:40,51.54,58.09,
server_13,22:20:20,22:20:50,62.04,58.56,
server_13,22:20:30,22:21:00,72.26,58.06,
server_13,22:20:40,22:21:10,66.27,60.97,
server_13,22:20:50,22:21:20,52.02,59.8,
server_13,22:21:00,22:21:30,37.98,58.03,
server_13,22:21:10,22:21:40,32.05,49.92,
server_13,22:21:20,22:21:50,47.05,57.88,
server_13,22:21:30,22:22:00,67.4,58.65,
server_13,22:21:40,22:22:10,83.52,76.66,
server_13,22:21:50,22:22:20,75.9,73.6,
server_13,22:22:00,22:22:30,66.42,70.9,
server_13,22:22:10,22:22:40,50.86,59.11,
server_13,22:22:20,22:22:50,51.68,55.26,
server_13,22:22:30,22:23:00,44.15,46.27,
server_13,22:22:40,22:23:10,48.48,41.27,
server_13,22:22:50,22:23:20,54.97,40.14,
server_13,22:23:00,22:23:30,56.46,54.08,
server_13,22:23:10,22:23:40,56.39,62.26,
server_13,22:23:20,22:23:50,51.56,63.14,
server_13,22:23:30,22:24:00,55.0,49.91,
server_13,22:23:40,22:24:10,46.5,40.27,
server_13,22:23:50,22:24:20,44.06,40.81,
server_13,22:24:00,22:24:30,34.45,51.23,
server_13,22:24:10,22:24:40,42.15,64.8,
server_13,22:24:20,22:24:50,39.45,64.78,
server_13,22:24:30,22:25:00,52.42,56.21,
server_13,22:24:40,22:25:10,45.68,42.75,
server_13,22:24:50,22:25:20,43.68,49.45,
server_13,22:25:00,22:25:30,43.98,43.9,
server_13,22:25:10,22:25:40,53.6,38.4,
server_13,22:25:20,22:25:50,58.7,31.0,
server_13,22:25:30,22:26:00,52.3,39.57,
server_13,22:25:40,22:26:10,39.38,56.15,
server_13,22:25:50,22:26:20,47.73,67.81,
server_13,22:26:00,22:26:30,45.13,60.78,
server_13,22:26:10,22:26:40,53.35,54.65,
server_13,22:26:20,22:26:50,42.52,39.4,
server_13,22:26:30,22:27:00,42.27,39.05,
server_13,22:26:40,22:27:10,53.29,28.46,
server_13,22:26:50,22:27:20,60.27,36.66,
server_13,22:27:00,22:27:30,65.57,44.02,
server_13,22:27:10,22:27:40,50.79,63.72,
server_13,22:27:20,22:27:50,43.63,60.58,
server_13,22:27:30,22:28:00,46.32,63.29,
server_13,22:27:40,22:28:10,55.82,52.52,
server_13,22:27:50,22:28:20,55.43,60.58,
server_13,22:28:00,22:28:30,69.33,59.9,
server_13,22:28:10,22:28:40,56.72,54.98,
server_13,22:28:20,22:28:50,55.72,44.67,
server_13,22:28:30,22:29:00,30.91,36.34,
server_13,22:28:40,22:29:10,44.77,53.81,
server_13,22:28:50,22:29:20,35.67,59.83,
server_13,22:29:00,22:29:30,40.22,62.69,
server_13,22:29:10,22:29:40,33.71,50.51,
server_13,22:29:20,22:29:50,45.65,43.86,
server_13,22:29:30,22:30:00,60.31,60.69,
server_13,22:29:40,22:30:10,70.57,58.91,
server_13,22:29:50,22:30:20,77.68,55.03,
server_13,22:30:00,22:30:30,75.3,39.68,
server_13,22:30:10,22:30:40,59.55,41.0,
server_13,22:30:20,22:30:50,47.65,39.41,
server_13,22:30:30,22:31:00,42.11,40.12,
server_13,22:30:40,22:31:10,57.99,49.82,
server_13,22:30:50,22:31:20,55.44,64.15,
server_13,22:31:00,22:31:30,66.0,65.39,
server_13,22:31:10,22:31:40,60.58,51.96,
server_13,22:31:20,22:31:50,64.49,43.06,
server_13,22:31:30,22:32:00,51.27,46.33,
server_13,22:31:40,22:32:10,53.11,48.23,
server_13,22:31:50,22:32:20,63.75,57.3,
server_13,22:32:00,22:32:30,60.73,53.72,
server_13,22:32:10,22:32:40,57.47,58.49,
server_13,22:32:20,22:32:50,59.41,63.58,
server_13,22:32:30,22:33:00,68.98,70.39,
server_13,22:32:40,22:33:10,58.44,77.67,
server_13,22:32:50,22:33:20,54.94,69.67,
server_13,22:33:00,22:33:30,48.49,60.35,
server_13,22:33:10,22:33:40,59.03,40.02,
server_13,22:33:20,22:33:50,45.44,26.49,
server_13,22:33:30,22:34:00,44.01,28.45,
server_13,22:33:40,22:34:10,50.31,46.42,
server_13,22:33:50,22:34:20,52.95,64.26,
server_13,22:34:00,22:34:30,50.7,64.2,
server_13,22:34:10,22:34:40,41.77,57.46,
server_13,22:34:20,22:34:50,34.09,52.1,
server_13,22:34:30,22:35:00,39.11,58.94,
server_13,22:34:40,22:35:10,35.74,55.28,
server_13,22:34:50,22:35:20,49.58,53.31,
server_13,22:35:00,22:35:30,42.36,42.75,
server_13,22:35:10,22:35:40,43.55,43.63,
server_13,22:35:20,22:35:50,40.47,42.86,
server_13,22:35:30,22:36:00,42.02,46.82,
server_13,22:35:40,22:36:10,46.9,40.08,
server_13,22:35:50,22:36:20,47.52,42.29,
server_13,22:36:00,22:36:30,58.03,49.53,
server_13,22:36:10,22:36:40,54.13,56.5,
server_13,22:36:20,22:36:50,51.23,52.73,
server_13,22:36:30,22:37:00,44.84,40.96,
server_13,22:36:40,22:37:10,43.81,43.6,
server_13,22:36:50,22:37:20,41.33,40.55,
server_13,22:37:00,22:37:30,44.55,46.65,
server_13,22:37:10,22:37:40,50.23,50.7,
server_13,22:37:20,22:37:50,57.09,69.23,
server_13,22:37:30,22:38:00,53.03,74.1,
server_13,22:37:40,22:38:10,54.64,65.25,
server_13,22:37:50,22:38:20,65.84,51.97,
server_13,22:38:00,22:38:30,67.77,43.86,
server_13,22:38:10,22:38:40,54.5,40.64,
server_13,22:38:20,22:38:50,40.73,40.34,
server_13,22:38:30,22:39:00,37.93,44.47,
server_13,22:38:40,22:39:10,46.84,46.28,
server_13,22:38:50,22:39:20,43.46,41.9,
server_13,22:39:00,22:39:30,43.86,39.56,
server_13,22:39:10,22:39:40,48.39,48.7,
server_13,22:39:20,22:39:50,54.43,66.24,
server_13,22:39:30,22:40:00,46.15,72.98,
server_13,22:39:40,22:40:10,44.35,61.97,
server_13,22:39:50,22:40:20,41.02,55.93,
server_13,22:40:00,22:40:30,60.18,57.53,
server_13,22:40:10,22:40:40,62.79,62.29,
server_13,22:40:20,22:40:50,69.36,43.99,
server_13,22:40:30,22:41:00,59.09,43.12,
server_13,22:40:40,22:41:10,49.84,50.39,
server_13,22:40:50,22:41:20,46.91,61.88,
server_13,22:41:00,22:41:30,46.8,52.24,
server_13,22:41:10,22:41:40,50.8,38.12,
server_13,22:41:20,22:41:50,43.8,30.08,
server_13,22:41:30,22:42:00,49.06,37.53,
server_13,22:41:40,22:42:10,45.74,43.11,
server_13,22:41:50,22:42:20,41.85,54.58,
server_13,22:42:00,22:42:30,35.35,50.02,
server_13,22:42:10,22:42:40,45.52,56.71,
server_13,22:42:20,22:42:50,48.5,45.63,
server_13,22:42:30,22:43:00,52.34,43.06,
server_13,22:42:40,22:43:10,44.94,42.58,
server_13,22:42:50,22:43:20,59.62,47.01,
server_13,22:43:00,22:43:30,64.27,51.55,
server_13,22:43:10,22:43:40,73.89,41.69,
server_13,22:43:20,22:43:50,63.55,40.79,
server_13,22:43:30,22:44:00,55.69,39.64,
server_13,22:43:40,22:44:10,43.53,43.69,
server_13,22:43:50,22:44:20,54.94,42.08,
server_13,22:44:00,22:44:30,53.53,41.65,
server_13,22:44:10,22:44:40,48.76,44.35,
server_13,22:44:20,22:44:50,39.09,49.36,
server_13,22:44:30,22:45:00,47.92,39.77,
server_13,22:44:40,22:45:10,65.86,33.76,
server_13,22:44:50,22:45:20,58.55,39.55,
server_13,22:45:00,22:45:30,65.08,42.3,
server_13,22:45:10,22:45:40,62.53,60.99,
server_13,22:45:20,22:45:50,74.5,42.91,
server_13,22:45:30,22:46:00,50.41,62.61,
server_13,22:45:40,22:46:10,34.89,47.13,
server_13,22:45:50,22:46:20,40.99,60.41,
server_13,22:46:00,22:46:30,47.84,41.4,
server_13,22:46:10,22:46:40,52.83,45.88,
server_13,22:46:20,22:46:50,43.93,36.57,
server_13,22:46:30,22:47:00,46.41,40.07,
server_13,22:46:40,22:47:10,47.77,44.51,
server_13,22:46:50,22:47:20,48.82,54.59,
server_13,22:47:00,22:47:30,55.09,50.72,
server_13,22:47:10,22:47:40,54.5,48.78,
server_13,22:47:20,22:47:50,61.33,53.12,
server_13,22:47:30,22:48:00,57.56,55.17,
server_13,22:47:40,22:48:10,48.89,54.08,
server_13,22:47:50,22:48:20,41.98,56.57,
server_13,22:48:00,22:48:30,43.09,60.1,
server_13,22:48:10,22:48:40,49.21,57.69,
server_13,22:48:20,22:48:50,47.09,51.19,
server_13,22:48:30,22:49:00,54.34,58.11,
server_13,22:48:40,22:49:10,55.99,58.01,
server_13,22:48:50,22:49:20,57.61,56.93,
server_13,22:49:00,22:49:30,49.38,52.86,
server_13,22:49:10,22:49:40,54.57,51.28,
server_13,22:49:20,22:49:50,58.21,36.19,
server_13,22:49:30,22:50:00,64.23,32.52,
server_13,22:49:40,22:50:10,61.49,40.1,
server_13,22:49:50,22:50:20,55.01,61.77,
server_13,22:50:00,22:50:30,43.67,69.19,
server_13,22:50:10,22:50:40,42.77,63.46,
server_13,22:50:20,22:50:50,44.31,52.07,
server_13,22:50:30,22:51:00,53.48,50.74,
server_13,22:50:40,22:51:10,45.38,45.63,
server_13,22:50:50,22:51:20,48.09,39.8,
server_13,22:51:00,22:51:30,54.3,27.46,
server_13,22:51:10,22:51:40,56.93,38.81,
server_13,22:51:20,22:51:50,55.44,48.69,
server_13,22:51:30,22:52:00,47.08,57.07,
server_13,22:51:40,22:52:10,62.1,58.56,
server_13,22:51:50,22:52:20,57.62,51.44,
server_13,22:52:00,22:52:30,60.67,53.12,
server_13,22:52:10,22:52:40,56.68,42.43,
server_13,22:52:20,22:52:50,56.84,52.51,
server_13,22:52:30,22:53:00,48.32,43.75,
server_13,22:52:40,22:53:10,38.29,46.71,
server_13,22:52:50,22:53:20,36.62,31.97,
server_14,20:53:00,20:53:30,33.76,36.41,
server_14,20:53:10,20:53:40,51.0,27.8,
server_14,20:53:20,20:53:50,63.6,39.4,
server_14,20:53:30,20:54:00,68.43,45.42,
server_14,20:53:40,20:54:10,52.53,44.72,
server_14,20:53:50,20:54:20,45.63,41.52,
server_14,20:54:00,20:54:30,54.78,27.24,
server_14,20:54:10,20:54:40,51.87,40.64,
server_14,20:54:20,20:54:50,53.63,42.14,
server_14,20:54:30,20:55:00,31.49,56.23,
server_14,20:54:40,20:55:10,47.11,55.25,
server_14,20:54:50,20:55:20,46.66,50.26,
server_14,20:55:00,20:55:30,45.42,55.65,
server_14,20:55:10,20:55:40,53.68,68.2,
server_14,20:55:20,20:55:50,64.06,73.69,
server_14,20:55:30,20:56:00,84.22,65.07,
server_14,20:55:40,20:56:10,65.88,49.63,
server_14,20:55:50,20:56:20,55.54,36.74,
server_14,20:56:00,20:56:30,39.47,34.42,
server_14,20:56:10,20:56:40,52.23,44.0,
server_14,20:56:20,20:56:50,57.27,57.75,
server_14,20:56:30,20:57:00,60.8,62.75,
server_14,20:56:40,20:57:10,53.6,50.09,
server_14,20:56:50,20:57:20,49.81,47.71,
server_14,20:57:00,20:57:30,42.55,55.16,
server_14,20:57:10,20:57:40,46.03,51.88,
server_14,20:57:20,20:57:50,50.43,45.57,
server_14,20:57:30,20:58:00,63.69,37.16,
server_14,20:57:40,20:58:10,74.1,55.65,
server_14,20:57:50,20:58:20,72.0,53.85,
server_14,20:58:00,20:58:30,74.64,61.03,
server_14,20:58:10,20:58:40,61.08,51.25,
server_14,20:58:20,20:58:50,51.73,51.55,
server_14,20:58:30,20:59:00,40.03,43.12,
server_14,20:58:40,20:59:10,37.1,42.06,
server_14,20:58:50,20:59:20,36.12,59.71,
server_14,20:59:00,20:59:30,38.34,56.37,
server_14,20:59:10,20:59:40,35.47,62.01,
server_14,20:59:20,20:59:50,57.48,66.7,
server_14,20:59:30,21:00:00,64.84,76.73,
server_14,20:59:40,21:00:10,68.21,68.85,
server_14,20:59:50,21:00:20,50.72,63.16,
server_14,21:00:00,21:00:30,40.2,59.19,
server_14,21:00:10,21:00:40,50.3,68.2,
server_14,21:00:20,21:00:50,47.47,55.35,
server_14,21:00:30,21:01:00,56.89,55.56,
server_14,21:00:40,21:01:10,44.69,46.15,
server_14,21:00:50,21:01:20,38.9,52.85,
server_14,21:01:00,21:01:30,28.88,56.9,
server_14,21:01:10,21:01:40,43.26,62.72,
server_14,21:01:20,21:01:50,56.7,60.61,
server_14,21:01:30,21:02:00,77.03,58.32,
server_14,21:01:40,21:02:10,62.05,53.28,
server_14,21:01:50,21:02:20,46.8,65.02,
server_14,21:02:00,21:02:30,36.51,62.51,
server_14,21:02:10,21:02:40,33.76,68.82,
server_14,21:02:20,21:02:50,44.89,51.12,
server_14,21:02:30,21:03:00,42.13,51.46,
server_14,21:02:40,21:03:10,46.79,45.29,
server_14,21:02:50,21:03:20,57.11,47.14,
server_14,21:03:00,21:03:30,60.13,47.31,
server_14,21:03:10,21:03:40,74.46,49.14,
server_14,21:03:20,21:03:50,65.0,50.34,
server_14,21:03:30,21:04:00,58.58,49.21,
server_14,21:03:40,21:04:10,44.89,50.45,
server_14,21:03:50,21:04:20,44.34,49.46,
server_14,21:04:00,21:04:30,57.02,58.58,
server_14,21:04:10,21:04:40,57.69,59.39,
server_14,21:04:20,21:04:50,56.77,60.39,
server_14,21:04:30,21:05:00,61.4,40.45,
server_14,21:04:40,21:05:10,63.42,52.14,
server_14,21:04:50,21:05:20,69.98,52.74,
server_14,21:05:00,21:05:30,71.29,51.71,
server_14,21:05:10,21:05:40,75.59,29.54,
server_14,21:05:20,21:05:50,75.23,45.35,
server_14,21:05:30,21:06:00,60.87,63.25,
server_14,21:05:40,21:06:10,48.35,74.83,
server_14,21:05:50,21:06:20,49.78,56.88,
server_14,21:06:00,21:06:30,49.47,64.11,
server_14,21:06:10,21:06:40,49.25,64.0,
server_14,21:06:20,21:06:50,57.5,69.33,
server_14,21:06:30,21:07:00,63.47,47.48,
server_14,21:06:40,21:07:10,62.77,42.88,
server_14,21:06:50,21:07:20,52.26,49.4,
server_14,21:07:00,21:07:30,55.9,60.91,
server_14,21:07:10,21:07:40,52.78,67.59,
server_14,21:07:20,21:07:50,52.5,60.68,
server_14,21:07:30,21:08:00,36.06,62.68,
server_14,21:07:40,21:08:10,41.17,50.7,
server_14,21:07:50,21:08:20,36.13,45.04,
server_14,21:08:00,21:08:30,36.91,37.47,
server_14,21:08:10,21:08:40,50.98,40.31,
server_14,21:08:20,21:08:50,45.06,49.06,
server_14,21:08:30,21:09:00,44.71,58.34,
server_14,21:08:40,21:09:10,49.18,61.58,
server_14,21:08:50,21:09:20,63.28,62.92,
server_14,21:09:00,21:09:30,67.66,54.33,
server_14,21:09:10,21:09:40,60.7,57.75,
server_14,21:09:20,21:09:50,70.73,56.11,
server_14,21:09:30,21:10:00,75.38,69.12,
server_14,21:09:40,21:10:10,75.62,59.66,
server_14,21:09:50,21:10:20,72.48,54.85,
server_14,21:10:00,21:10:30,79.63,44.23,
server_14,21:10:10,21:10:40,82.44,57.08,
server_14,21:10:20,21:10:50,63.39,64.22,
server_14,21:10:30,21:11:00,65.07,68.09,
server_14,21:10:40,21:11:10,52.57,58.2,
server_14,21:10:50,21:11:20,54.82,47.32,
server_14,21:11:00,21:11:30,56.17,43.24,
server_14,21:11:10,21:11:40,55.02,52.41,
server_14,21:11:20,21:11:50,48.29,61.81,
server_14,21:11:30,21:12:00,36.82,63.62,
server_14,21:11:40,21:12:10,48.02,66.31,
server_14,21:11:50,21:12:20,63.34,53.09,
server_14,21:12:00,21:12:30,70.97,60.71,
server_14,21:12:10,21:12:40,77.26,66.05,
server_14,21:12:20,21:12:50,78.69,73.39,
server_14,21:12:30,21:13:00,71.0,54.07,
server_14,21:12:40,21:13:10,56.57,46.06,
server_14,21:12:50,21:13:20,51.57,60.78,
server_14,21:13:00,21:13:30,44.78,64.84,
server_14,21:13:10,21:13:40,36.45,65.09,
server_14,21:13:20,21:13:50,32.97,47.52,
server_14,21:13:30,21:14:00,52.83,52.76,
server_14,21:13:40,21:14:10,72.92,51.49,
server_14,21:13:50,21:14:20,76.7,52.28,
server_14,21:14:00,21:14:30,64.5,57.58,
server_14,21:14:10,21:14:40,50.69,50.44,
server_14,21:14:20,21:14:50,53.14,59.78,
server_14,21:14:30,21:15:00,51.4,62.1,
server_14,21:14:40,21:15:10,56.62,68.08,
server_14,21:14:50,21:15:20,64.99,56.32,
server_14,21:15:00,21:15:30,75.29,39.72,
server_14,21:15:10,21:15:40,87.83,49.07,
server_14,21:15:20,21:15:50,74.97,51.54,
server_14,21:15:30,21:16:00,72.94,66.2,
server_14,21:15:40,21:16:10,62.67,56.1,
server_14,21:15:50,21:16:20,58.11,67.93,
server_14,21:16:00,21:16:30,50.01,65.05,
server_14,21:16:10,21:16:40,53.81,63.63,
server_14,21:16:20,21:16:50,56.57,50.41,
server_14,21:16:30,21:17:00,53.33,47.39,
server_14,21:16:40,21:17:10,41.1,40.87,
server_14,21:16:50,21:17:20,38.64,40.42,
server_14,21:17:00,21:17:30,35.85,49.51,
server_14,21:17:10,21:17:40,36.15,49.69,
server_14,21:17:20,21:17:50,46.87,60.17,
server_14,21:17:30,21:18:00,50.47,50.65,
server_14,21:17:40,21:18:10,67.03,57.94,
server_14,21:17:50,21:18:20,61.11,52.17,
server_14,21:18:00,21:18:30,70.8,60.41,
server_14,21:18:10,21:18:40,59.79,45.41,
server_14,21:18:20,21:18:50,69.5,54.04,
server_14,21:18:30,21:19:00,70.08,42.59,
server_14,21:18:40,21:19:10,63.28,52.62,
server_14,21:18:50,21:19:20,57.32,46.99,
server_14,21:19:00,21:19:30,47.06,52.69,
server_14,21:19:10,21:19:40,46.26,51.08,
server_14,21:19:20,21:19:50,37.19,43.49,
server_14,21:19:30,21:20:00,44.0,45.66,
server_14,21:19:40,21:20:10,53.17,50.73,
server_14,21:19:50,21:20:20,51.1,48.55,
server_14,21:20:00,21:20:30,49.65,38.76,
server_14,21:20:10,21:20:40,45.11,49.7,
server_14,21:20:20,21:20:50,51.88,58.08,
server_14,21:20:30,21:21:00,55.71,62.98,
server_14,21:20:40,21:21:10,56.61,47.2,
server_14,21:20:50,21:21:20,50.68,39.93,
server_14,21:21:00,21:21:30,39.98,37.6,
server_14,21:21:10,21:21:40,37.54,40.06,
server_14,21:21:20,21:21:50,39.7,44.09,
server_14,21:21:30,21:22:00,45.43,38.71,
server_14,21:21:40,21:22:10,56.05,44.29,
server_14,21:21:50,21:22:20,67.07,42.31,
server_14,21:22:00,21:22:30,78.53,52.64,
server_14,21:22:10,21:22:40,74.45,52.53,
server_14,21:22:20,21:22:50,61.39,48.79,
server_14,21:22:30,21:23:00,60.36,63.22,
server_14,21:22:40,21:23:10,58.65,62.79,
server_14,21:22:50,21:23:20,71.04,67.07,
server_14,21:23:00,21:23:30,62.55,54.89,
server_14,21:23:10,21:23:40,63.81,51.09,
server_14,21:23:20,21:23:50,63.84,49.26,
server_14,21:23:30,21:24:00,60.3,49.92,
server_14,21:23:40,21:24:10,67.12,58.01,
server_14,21:23:50,21:24:20,62.66,52.57,
server_14,21:24:00,21:24:30,57.69,41.96,
server_14,21:24:10,21:24:40,47.01,37.35,
server_14,21:24:20,21:24:50,48.87,50.53,
server_14,21:24:30,21:25:00,54.47,56.32,
server_14,21:24:40,21:25:10,53.33,61.4,
server_14,21:24:50,21:25:20,44.95,70.09,
server_14,21:25:00,21:25:30,40.8,71.86,
server_14,21:25:10,21:25:40,37.55,59.05,
server_14,21:25:20,21:25:50,51.11,56.44,
server_14,21:25:30,21:26:00,44.31,63.84,
server_14,21:25:40,21:26:10,40.67,71.95,
server_14,21:25:50,21:26:20,26.16,69.37,
server_14,21:26:00,21:26:30,39.57,50.99,
server_14,21:26:10,21:26:40,55.4,51.84,
server_14,21:26:20,21:26:50,67.87,40.54,
server_14,21:26:30,21:27:00,54.2,55.61,
server_14,21:26:40,21:27:10,51.05,42.97,
server_14,21:26:50,21:27:20,48.24,51.24,
server_14,21:27:00,21:27:30,54.92,45.75,
server_14,21:27:10,21:27:40,57.75,58.65,
server_14,21:27:20,21:27:50,53.16,58.11,
server_14,21:27:30,21:28:00,58.89,51.35,
server_14,21:27:40,21:28:10,57.04,49.56,
server_14,21:27:50,21:28:20,72.05,46.74,
server_14,21:28:00,21:28:30,75.12,57.84,
server_14,21:28:10,21:28:40,76.2,47.0,
server_14,21:28:20,21:28:50,66.42,53.33,
server_14,21:28:30,21:29:00,70.6,37.72,
server_14,21:28:40,21:29:10,72.4,40.31,
server_14,21:28:50,21:29:20,68.54,31.33,
server_14,21:29:00,21:29:30,58.72,51.74,
server_14,21:29:10,21:29:40,55.48,62.49,
server_14,21:29:20,21:29:50,49.28,57.24,
server_14,21:29:30,21:30:00,47.41,45.72,
server_14,21:29:40,21:30:10,44.69,44.03,
server_14,21:29:50,21:30:20,57.15,49.33,
server_14,21:30:00,21:30:30,64.38,43.13,
server_14,21:30:10,21:30:40,55.73,30.95,
server_14,21:30:20,21:30:50,52.65,48.59,
server_14,21:30:30,21:31:00,39.79,62.29,
server_14,21:30:40,21:31:10,52.22,65.22,
server_14,21:30:50,21:31:20,56.89,57.38,
server_14,21:31:00,21:31:30,64.74,53.97,
server_14,21:31:10,21:31:40,59.17,60.82,
server_14,21:31:20,21:31:50,55.92,55.11,
server_14,21:31:30,21:32:00,47.66,50.57,
server_14,21:31:40,21:32:10,49.0,63.43,
server_14,21:31:50,21:32:20,49.71,62.5,
server_14,21:32:00,21:32:30,57.82,66.7,
server_14,21:32:10,21:32:40,60.64,53.48,
server_14,21:32:20,21:32:50,47.15,47.38,
server_14,21:32:30,21:33:00,45.56,46.73,
server_14,21:32:40,21:33:10,51.78,51.88,
server_14,21:32:50,21:33:20,65.5,49.09,
server_14,21:33:00,21:33:30,61.0,43.94,
server_14,21:33:10,21:33:40,57.72,43.98,
server_14,21:33:20,21:33:50,47.91,49.78,
server_14,21:33:30,21:34:00,52.46,53.79,
server_14,21:33:40,21:34:10,44.47,49.79,
server_14,21:33:50,21:34:20,42.89,58.51,
server_14,21:34:00,21:34:30,43.28,55.49,
server_14,21:34:10,21:34:40,46.72,47.86,
server_14,21:34:20,21:34:50,41.23,44.1,
server_14,21:34:30,21:35:00,38.45,47.6,
server_14,21:34:40,21:35:10,34.84,59.69,
server_14,21:34:50,21:35:20,49.78,44.44,
server_14,21:35:00,21:35:30,49.64,51.98,
server_14,21:35:10,21:35:40,49.5,46.51,
server_14,21:35:20,21:35:50,41.13,58.02,
server_14,21:35:30,21:36:00,41.04,45.8,
server_14,21:35:40,21:36:10,39.29,40.54,
server_14,21:35:50,21:36:20,54.1,55.04,
server_14,21:36:00,21:36:30,62.38,51.05,
server_14,21:36:10,21:36:40,51.96,69.05,
server_14,21:36:20,21:36:50,51.13,62.21,
server_14,21:36:30,21:37:00,41.27,79.28,
server_14,21:36:40,21:37:10,49.04,74.64,
server_14,21:36:50,21:37:20,45.2,62.58,
server_14,21:37:00,21:37:30,46.95,53.59,
server_14,21:37:10,21:37:40,54.9,31.34,
server_14,21:37:20,21:37:50,51.32,37.7,
server_14,21:37:30,21:38:00,64.4,47.52,
server_14,21:37:40,21:38:10,61.43,75.45,
server_14,21:37:50,21:38:20,59.83,74.68,
server_14,21:38:00,21:38:30,54.69,68.46,
server_14,21:38:10,21:38:40,69.26,54.69,
server_14,21:38:20,21:38:50,70.43,55.62,
server_14,21:38:30,21:39:00,66.28,59.32,
server_14,21:38:40,21:39:10,49.15,68.67,
server_14,21:38:50,21:39:20,53.25,76.83,
server_14,21:39:00,21:39:30,64.48,64.71,
server_14,21:39:10,21:39:40,67.22,52.07,
server_14,21:39:20,21:39:50,63.83,49.1,
server_14,21:39:30,21:40:00,53.84,56.45,
server_14,21:39:40,21:40:10,55.37,59.74,
server_14,21:39:50,21:40:20,63.12,51.75,
server_14,21:40:00,21:40:30,58.97,44.59,
server_14,21:40:10,21:40:40,55.57,40.65,
server_14,21:40:20,21:40:50,43.26,44.21,
server_14,21:40:30,21:41:00,46.6,44.6,
server_14,21:40:40,21:41:10,51.82,46.48,
server_14,21:40:50,21:41:20,52.84,55.83,
server_14,21:41:00,21:41:30,49.32,65.2,
server_14,21:41:10,21:41:40,52.23,60.78,
server_14,21:41:20,21:41:50,56.44,55.9,
server_14,21:41:30,21:42:00,66.17,61.47,
server_14,21:41:40,21:42:10,60.36,67.19,
server_14,21:41:50,21:42:20,52.68,70.88,
server_14,21:42:00,21:42:30,45.69,62.31,
server_14,21:42:10,21:42:40,41.66,69.49,
server_14,21:42:20,21:42:50,49.93,62.06,
server_14,21:42:30,21:43:00,44.2,54.91,
server_14,21:42:40,21:43:10,51.62,41.59,
server_14,21:42:50,21:43:20,57.18,31.94,
server_14,21:43:00,21:43:30,72.29,30.83,
server_14,21:43:10,21:43:40,77.76,44.59,
server_14,21:43:20,21:43:50,64.5,48.21,
server_14,21:43:30,21:44:00,59.03,52.03,
server_14,21:43:40,21:44:10,46.02,41.34,
server_14,21:43:50,21:44:20,45.31,41.74,
server_14,21:44:00,21:44:30,38.99,37.49,
server_14,21:44:10,21:44:40,46.53,43.75,
server_14,21:44:20,21:44:50,45.84,57.47,
server_14,21:44:30,21:45:00,57.78,72.97,
server_14,21:44:40,21:45:10,51.71,67.28,
server_14,21:44:50,21:45:20,60.85,56.8,
server_14,21:45:00,21:45:30,47.94,45.33,
server_14,21:45:10,21:45:40,46.74,40.24,
server_14,21:45:20,21:45:50,36.36,47.64,
server_14,21:45:30,21:46:00,47.25,44.62,
server_14,21:45:40,21:46:10,44.81,56.86,
server_14,21:45:50,21:46:20,44.57,59.12,
server_14,21:46:00,21:46:30,39.41,64.83,
server_14,21:46:10,21:46:40,51.41,64.2,
server_14,21:46:20,21:46:50,63.44,55.93,
server_14,21:46:30,21:47:00,62.43,60.98,
server_14,21:46:40,21:47:10,58.17,51.68,
server_14,21:46:50,21:47:20,56.12,53.33,
server_14,21:47:00,21:47:30,66.81,41.4,
server_14,21:47:10,21:47:40,59.05,53.01,
server_14,21:47:20,21:47:50,55.26,50.9,
server_14,21:47:30,21:48:00,36.24,68.92,
server_14,21:47:40,21:48:10,38.6,58.51,
server_14,21:47:50,21:48:20,38.6,57.67,
server_14,21:48:00,21:48:30,48.9,52.02,
server_14,21:48:10,21:48:40,50.95,50.14,
server_14,21:48:20,21:48:50,45.92,49.94,
server_14,21:48:30,21:49:00,41.64,47.5,
server_14,21:48:40,21:49:10,46.29,43.76,
server_14,21:48:50,21:49:20,44.72,42.75,
server_14,21:49:00,21:49:30,40.32,44.82,
server_14,21:49:10,21:49:40,35.99,51.2,
server_14,21:49:20,21:49:50,43.12,55.63,
server_14,21:49:30,21:50:00,44.06,58.85,
server_14,21:49:40,21:50:10,51.16,66.39,
server_14,21:49:50,21:50:20,54.06,57.85,
server_14,21:50:00,21:50:30,51.02,52.93,
server_14,21:50:10,21:50:40,42.44,44.49,
server_14,21:50:20,21:50:50,39.54,63.53,
server_14,21:50:30,21:51:00,49.31,60.15,
server_14,21:50:40,21:51:10,52.36,58.94,
server_14,21:50:50,21:51:20,47.68,54.23,
server_14,21:51:00,21:51:30,46.26,51.81,
server_14,21:51:10,21:51:40,40.59,54.73,
server_14,21:51:20,21:51:50,51.87,39.81,
server_14,21:51:30,21:52:00,61.97,47.41,
server_14,21:51:40,21:52:10,70.48,50.11,
server_14,21:51:50,21:52:20,66.4,57.51,
server_14,21:52:00,21:52:30,51.52,50.87,
server_14,21:52:10,21:52:40,46.56,49.31,
server_14,21:52:20,21:52:50,36.04,55.65,
server_14,21:52:30,21:53:00,33.45,63.51,
server_14,21:52:40,21:53:10,35.39,71.86,
server_14,21:52:50,21:53:20,38.37,60.4,
server_14,21:53:00,21:53:30,45.33,52.47,
server_14,21:53:10,21:53:40,51.15,52.94,
server_14,21:53:20,21:53:50,70.17,57.3,
server_14,21:53:30,21:54:00,71.59,62.62,
server_14,21:53:40,21:54:10,69.12,54.71,
server_14,21:53:50,21:54:20,54.03,55.96,
server_14,21:54:00,21:54:30,52.39,58.9,
server_14,21:54:10,21:54:40,65.79,60.09,
server_14,21:54:20,21:54:50,68.23,63.53,
server_14,21:54:30,21:55:00,73.71,55.24,
server_14,21:54:40,21:55:10,49.23,58.35,
server_14,21:54:50,21:55:20,49.17,43.62,
server_14,21:55:00,21:55:30,40.68,48.24,
server_14,21:55:10,21:55:40,58.81,43.43,
server_14,21:55:20,21:55:50,70.02,56.26,
server_14,21:55:30,21:56:00,64.46,50.55,
server_14,21:55:40,21:56:10,56.34,51.65,
server_14,21:55:50,21:56:20,38.71,47.44,
server_14,21:56:00,21:56:30,59.06,53.71,
server_14,21:56:10,21:56:40,54.55,50.76,
server_14,21:56:20,21:56:50,61.1,44.08,
server_14,21:56:30,21:57:00,42.89,38.15,
server_14,21:56:40,21:57:10,40.0,36.03,
server_14,21:56:50,21:57:20,44.12,51.76,
server_14,21:57:00,21:57:30,53.6,59.8,
server_14,21:57:10,21:57:40,75.53,65.75,
server_14,21:57:20,21:57:50,73.43,65.01,
server_14,21:57:30,21:58:00,70.0,58.87,
server_14,21:57:40,21:58:10,56.38,57.91,
server_14,21:57:50,21:58:20,55.38,53.17,
server_14,21:58:00,21:58:30,47.39,56.02,
server_14,21:58:10,21:58:40,55.74,61.78,
server_14,21:58:20,21:58:50,46.76,56.69,
server_14,21:58:30,21:59:00,60.09,45.26,
server_14,21:58:40,21:59:10,46.91,34.61,
server_14,21:58:50,21:59:20,55.41,28.09,
server_14,21:59:00,21:59:30,54.04,27.63,
server_14,21:59:10,21:59:40,58.29,34.4,
server_14,21:59:20,21:59:50,59.67,42.25,
server_14,21:59:30,22:00:00,61.96,47.63,
server_14,21:59:40,22:00:10,59.7,44.23,
server_14,21:59:50,22:00:20,58.06,40.23,
server_14,22:00:00,22:00:30,43.38,49.07,
server_14,22:00:10,22:00:40,35.49,53.18,
server_14,22:00:20,22:00:50,37.9,64.02,
server_14,22:00:30,22:01:00,41.41,54.35,
server_14,22:00:40,22:01:10,42.9,50.34,
server_14,22:00:50,22:01:20,49.32,52.0,
server_14,22:01:00,22:01:30,40.84,70.24,
server_14,22:01:10,22:01:40,39.3,75.56,
server_14,22:01:20,22:01:50,20.78,74.78,
server_14,22:01:30,22:02:00,40.15,70.08,
server_14,22:01:40,22:02:10,53.98,73.19,
server_14,22:01:50,22:02:20,76.42,80.09,
server_14,22:02:00,22:02:30,78.8,66.85,
server_14,22:02:10,22:02:40,77.17,51.95,
server_14,22:02:20,22:02:50,78.05,25.52,
server_14,22:02:30,22:03:00,75.17,27.07,
server_14,22:02:40,22:03:10,78.65,29.96,
server_14,22:02:50,22:03:20,70.45,37.09,
server_14,22:03:00,22:03:30,54.78,53.41,
server_14,22:03:10,22:03:40,52.53,45.94,
server_14,22:03:20,22:03:50,42.07,50.6,
server_14,22:03:30,22:04:00,47.83,40.27,
server_14,22:03:40,22:04:10,47.79,54.73,
server_14,22:03:50,22:04:20,58.45,57.7,
server_14,22:04:00,22:04:30,65.28,56.47,
server_14,22:04:10,22:04:40,60.54,51.57,
server_14,22:04:20,22:04:50,49.48,56.33,
server_14,22:04:30,22:05:00,44.58,59.89,
server_14,22:04:40,22:05:10,48.71,66.1,
server_14,22:04:50,22:05:20,52.82,59.13,
server_14,22:05:00,22:05:30,58.79,61.54,
server_14,22:05:10,22:05:40,50.22,54.72,
server_14,22:05:20,22:05:50,47.11,50.49,
server_14,22:05:30,22:06:00,43.23,46.68,
server_14,22:05:40,22:06:10,42.94,44.6,
server_14,22:05:50,22:06:20,58.68,60.61,
server_14,22:06:00,22:06:30,66.91,65.83,
server_14,22:06:10,22:06:40,62.71,75.18,
server_14,22:06:20,22:06:50,53.2,58.64,
server_14,22:06:30,22:07:00,45.12,44.38,
server_14,22:06:40,22:07:10,46.47,45.0,
server_14,22:06:50,22:07:20,42.4,48.59,
server_14,22:07:00,22:07:30,51.29,50.4,
server_14,22:07:10,22:07:40,66.6,35.47,
server_14,22:07:20,22:07:50,70.25,42.8,
server_14,22:07:30,22:08:00,64.6,37.23,
server_14,22:07:40,22:08:10,54.46,45.11,
server_14,22:07:50,22:08:20,50.74,36.09,
server_14,22:08:00,22:08:30,51.89,49.79,
server_14,22:08:10,22:08:40,41.5,53.98,
server_14,22:08:20,22:08:50,45.54,61.45,
server_14,22:08:30,22:09:00,44.43,61.85,
server_14,22:08:40,22:09:10,52.7,69.06,
server_14,22:08:50,22:09:20,44.12,69.42,
server_14,22:09:00,22:09:30,38.27,61.23,
server_14,22:09:10,22:09:40,42.13,50.01,
server_14,22:09:20,22:09:50,56.75,52.04,
server_14,22:09:30,22:10:00,53.66,52.1,
server_14,22:09:40,22:10:10,51.95,57.32,
server_14,22:09:50,22:10:20,44.24,53.28,
server_14,22:10:00,22:10:30,52.2,68.76,
server_14,22:10:10,22:10:40,63.23,72.23,
server_14,22:10:20,22:10:50,65.08,60.0,
server_14,22:10:30,22:11:00,65.49,40.9,
server_14,22:10:40,22:11:10,52.18,41.02,
server_14,22:10:50,22:11:20,55.84,53.13,
server_14,22:11:00,22:11:30,42.02,73.52,
server_14,22:11:10,22:11:40,38.49,73.5,
server_14,22:11:20,22:11:50,29.19,79.61,
server_14,22:11:30,22:12:00,41.73,67.17,
server_14,22:11:40,22:12:10,52.65,52.23,
server_14,22:11:50,22:12:20,56.26,40.7,
server_14,22:12:00,22:12:30,69.38,52.3,
server_14,22:12:10,22:12:40,67.2,73.94,
server_14,22:12:20,22:12:50,66.47,80.79,
server_14,22:12:30,22:13:00,62.67,61.34,
server_14,22:12:40,22:13:10,63.06,48.59,
server_14,22:12:50,22:13:20,58.02,50.57,
server_14,22:13:00,22:13:30,38.94,68.62,
server_14,22:13:10,22:13:40,34.87,68.2,
server_14,22:13:20,22:13:50,42.57,63.63,
server_14,22:13:30,22:14:00,60.53,48.68,
server_14,22:13:40,22:14:10,63.75,52.63,
server_14,22:13:50,22:14:20,67.57,61.18,
server_14,22:14:00,22:14:30,56.28,65.35,
server_14,22:14:10,22:14:40,57.96,62.75,
server_14,22:14:20,22:14:50,60.93,44.84,
server_14,22:14:30,22:15:00,61.67,40.82,
server_14,22:14:40,22:15:10,54.81,46.95,
server_14,22:14:50,22:15:20,45.33,57.27,
server_14,22:15:00,22:15:30,43.08,55.46,
server_14,22:15:10,22:15:40,54.65,43.22,
server_14,22:15:20,22:15:50,54.21,44.14,
server_14,22:15:30,22:16:00,61.84,42.9,
server_14,22:15:40,22:16:10,68.36,47.66,
server_14,22:15:50,22:16:20,70.18,37.03,
server_14,22:16:00,22:16:30,63.94,43.73,
server_14,22:16:10,22:16:40,60.26,50.79,
server_14,22:16:20,22:16:50,51.48,55.19,
server_14,22:16:30,22:17:00,57.83,47.55,
server_14,22:16:40,22:17:10,56.61,51.57,
server_14,22:16:50,22:17:20,60.4,52.38,
server_14,22:17:00,22:17:30,69.04,57.82,
server_14,22:17:10,22:17:40,64.8,38.16,
server_14,22:17:20,22:17:50,64.32,40.83,
server_14,22:17:30,22:18:00,54.98,37.94,
server_14,22:17:40,22:18:10,52.63,59.47,
server_14,22:17:50,22:18:20,56.0,60.41,
server_14,22:18:00,22:18:30,62.05,60.29,
server_14,22:18:10,22:18:40,59.98,40.62,
server_14,22:18:20,22:18:50,66.53,31.01,
server_14,22:18:30,22:19:00,64.4,40.7,
server_14,22:18:40,22:19:10,66.71,46.68,
server_14,22:18:50,22:19:20,63.5,68.42,
server_14,22:19:00,22:19:30,55.24,76.21,
server_14,22:19:10,22:19:40,60.45,74.73,
server_14,22:19:20,22:19:50,57.25,51.9,
server_14,22:19:30,22:20:00,63.49,45.62,
server_14,22:19:40,22:20:10,46.54,61.39,
server_14,22:19:50,22:20:20,48.07,64.7,
server_14,22:20:00,22:20:30,44.42,58.29,
server_14,22:20:10,22:20:40,51.88,40.04,
server_14,22:20:20,22:20:50,59.74,60.0,
server_14,22:20:30,22:21:00,57.9,57.09,
server_14,22:20:40,22:21:10,71.92,49.37,
server_14,22:20:50,22:21:20,75.02,38.13,
server_14,22:21:00,22:21:30,73.64,43.32,
server_14,22:21:10,22:21:40,65.78,54.3,
server_14,22:21:20,22:21:50,53.49,48.95,
server_14,22:21:30,22:22:00,51.22,48.73,
server_14,22:21:40,22:22:10,46.04,49.1,
server_14,22:21:50,22:22:20,43.75,53.19,
server_14,22:22:00,22:22:30,52.86,47.59,
server_14,22:22:10,22:22:40,44.79,51.85,
server_14,22:22:20,22:22:50,59.24,36.36,
server_14,22:22:30,22:23:00,54.19,45.66,
server_14,22:22:40,22:23:10,58.34,48.15,
server_14,22:22:50,22:23:20,38.24,65.39,
server_14,22:23:00,22:23:30,37.46,56.56,
server_14,22:23:10,22:23:40,40.48,51.91,
server_14,22:23:20,22:23:50,48.95,50.97,
server_14,22:23:30,22:24:00,39.21,58.54,
server_14,22:23:40,22:24:10,45.88,63.07,
server_14,22:23:50,22:24:20,54.34,73.06,
server_14,22:24:00,22:24:30,58.74,78.38,
server_14,22:24:10,22:24:40,58.7,77.6,
server_14,22:24:20,22:24:50,55.63,64.66,
server_14,22:24:30,22:25:00,65.04,57.82,
server_14,22:24:40,22:25:10,63.11,56.5,
server_14,22:24:50,22:25:20,52.88,53.93,
server_14,22:25:00,22:25:30,50.0,38.23,
server_14,22:25:10,22:25:40,42.89,28.7,
server_14,22:25:20,22:25:50,49.26,21.1,
server_14,22:25:30,22:26:00,52.47,30.83,
server_14,22:25:40,22:26:10,50.5,39.57,
server_14,22:25:50,22:26:20,50.11,45.22,
server_14,22:26:00,22:26:30,41.63,44.55,
server_14,22:26:10,22:26:40,44.94,34.88,
server_14,22:26:20,22:26:50,39.12,38.55,
server_14,22:26:30,22:27:00,36.55,45.28,
server_14,22:26:40,22:27:10,42.64,40.85,
server_14,22:26:50,22:27:20,54.88,39.47,
server_14,22:27:00,22:27:30,66.06,30.52,
server_14,22:27:10,22:27:40,58.09,40.67,
server_14,22:27:20,22:27:50,56.93,47.59,
server_14,22:27:30,22:28:00,55.38,46.48,
server_14,22:27:40,22:28:10,62.37,40.67,
server_14,22:27:50,22:28:20,64.0,30.31,
server_14,22:28:00,22:28:30,54.41,32.21,
server_14,22:28:10,22:28:40,60.26,33.44,
server_14,22:28:20,22:28:50,57.95,49.86,
server_14,22:28:30,22:29:00,69.51,62.74,
server_14,22:28:40,22:29:10,69.28,77.61,
server_14,22:28:50,22:29:20,64.12,69.76,
server_14,22:29:00,22:29:30,57.52,59.74,
server_14,22:29:10,22:29:40,44.61,47.76,
server_14,22:29:20,22:29:50,39.37,44.3,
server_14,22:29:30,22:30:00,51.09,41.21,
server_14,22:29:40,22:30:10,54.19,45.69,
server_14,22:29:50,22:30:20,66.03,52.74,
server_14,22:30:00,22:30:30,55.16,59.98,
server_14,22:30:10,22:30:40,59.22,64.81,
server_14,22:30:20,22:30:50,49.5,57.07,
server_14,22:30:30,22:31:00,53.11,56.64,
server_14,22:30:40,22:31:10,61.37,57.31,
server_14,22:30:50,22:31:20,75.19,60.78,
server_14,22:31:00,22:31:30,75.12,63.28,
server_14,22:31:10,22:31:40,63.31,55.02,
server_14,22:31:20,22:31:50,52.69,41.12,
server_14,22:31:30,22:32:00,42.57,27.37,
server_14,22:31:40,22:32:10,56.69,42.3,
server_14,22:31:50,22:32:20,64.17,61.68,
server_14,22:32:00,22:32:30,80.83,66.26,
server_14,22:32:10,22:32:40,64.66,45.65,
server_14,22:32:20,22:32:50,56.38,36.58,
server_14,22:32:30,22:33:00,51.62,42.11,
server_14,22:32:40,22:33:10,50.06,48.02,
server_14,22:32:50,22:33:20,53.66,52.8,
server_14,22:33:00,22:33:30,42.3,50.23,
server_14,22:33:10,22:33:40,49.62,52.79,
server_14,22:33:20,22:33:50,48.45,53.69,
server_14,22:33:30,22:34:00,48.71,52.68,
server_14,22:33:40,22:34:10,42.18,48.02,
server_14,22:33:50,22:34:20,28.25,46.6,
server_14,22:34:00,22:34:30,45.81,40.04,
server_14,22:34:10,22:34:40,41.23,50.46,
server_14,22:34:20,22:34:50,52.79,52.52,
server_14,22:34:30,22:35:00,30.17,75.97,
server_14,22:34:40,22:35:10,36.04,76.08,
server_14,22:34:50,22:35:20,27.61,79.79,
server_14,22:35:00,22:35:30,33.93,73.77,
server_14,22:35:10,22:35:40,31.89,62.19,
server_14,22:35:20,22:35:50,46.2,49.4,
server_14,22:35:30,22:36:00,58.91,38.37,
server_14,22:35:40,22:36:10,55.43,53.19,
server_14,22:35:50,22:36:20,46.0,55.99,
server_14,22:36:00,22:36:30,37.91,55.79,
server_14,22:36:10,22:36:40,54.03,49.52,
server_14,22:36:20,22:36:50,53.62,57.76,
server_14,22:36:30,22:37:00,56.3,65.11,
server_14,22:36:40,22:37:10,49.54,61.37,
server_14,22:36:50,22:37:20,49.79,56.4,
server_14,22:37:00,22:37:30,44.43,51.13,
server_14,22:37:10,22:37:40,43.22,45.48,
server_14,22:37:20,22:37:50,37.84,48.54,
server_14,22:37:30,22:38:00,49.16,57.01,
server_14,22:37:40,22:38:10,52.84,61.92,
server_14,22:37:50,22:38:20,63.95,59.7,
server_14,22:38:00,22:38:30,59.99,54.87,
server_14,22:38:10,22:38:40,57.27,48.34,
server_14,22:38:20,22:38:50,63.53,42.27,
server_14,22:38:30,22:39:00,62.21,42.34,
server_14,22:38:40,22:39:10,69.59,51.38,
server_14,22:38:50,22:39:20,71.05,60.66,
server_14,22:39:00,22:39:30,64.36,54.1,
server_14,22:39:10,22:39:40,57.1,50.12,
server_14,22:39:20,22:39:50,40.67,38.57,
server_14,22:39:30,22:40:00,47.58,45.77,
server_14,22:39:40,22:40:10,38.2,50.02,
server_14,22:39:50,22:40:20,46.72,61.27,
server_14,22:40:00,22:40:30,48.59,72.1,
server_14,22:40:10,22:40:40,52.37,70.64,
server_14,22:40:20,22:40:50,48.97,71.75,
server_14,22:40:30,22:41:00,40.28,59.56,
server_14,22:40:40,22:41:10,43.74,58.67,
server_14,22:40:50,22:41:20,48.25,44.48,
server_14,22:41:00,22:41:30,47.75,42.57,
server_14,22:41:10,22:41:40,48.22,42.77,
server_14,22:41:20,22:41:50,43.47,54.14,
server_14,22:41:30,22:42:00,54.97,62.77,
server_14,22:41:40,22:42:10,55.09,60.3,
server_14,22:41:50,22:42:20,53.58,60.18,
server_14,22:42:00,22:42:30,40.39,56.12,
server_14,22:42:10,22:42:40,49.84,52.27,
server_14,22:42:20,22:42:50,41.24,53.75,
server_14,22:42:30,22:43:00,61.29,53.43,
server_14,22:42:40,22:43:10,54.6,63.82,
server_14,22:42:50,22:43:20,68.23,61.19,
server_14,22:43:00,22:43:30,65.37,68.66,
server_14,22:43:10,22:43:40,63.71,62.59,
server_14,22:43:20,22:43:50,57.96,71.68,
server_14,22:43:30,22:44:00,52.33,63.79,
server_14,22:43:40,22:44:10,48.07,62.0,
server_14,22:43:50,22:44:20,47.34,51.48,
server_14,22:44:00,22:44:30,46.62,51.88,
server_14,22:44:10,22:44:40,52.12,50.53,
server_14,22:44:20,22:44:50,51.71,49.5,
server_14,22:44:30,22:45:00,54.28,45.07,
server_14,22:44:40,22:45:10,66.18,50.21,
server_14,22:44:50,22:45:20,70.36,53.59,
server_14,22:45:00,22:45:30,61.94,52.37,
server_14,22:45:10,22:45:40,51.79,40.23,
server_14,22:45:20,22:45:50,51.4,47.32,
server_14,22:45:30,22:46:00,50.28,46.31,
server_14,22:45:40,22:46:10,59.94,69.19,
server_14,22:45:50,22:46:20,49.84,73.77,
server_14,22:46:00,22:46:30,56.89,81.67,
server_14,22:46:10,22:46:40,44.25,72.29,
server_14,22:46:20,22:46:50,51.05,54.36,
server_14,22:46:30,22:47:00,45.36,45.99,
server_14,22:46:40,22:47:10,39.71,41.22,
server_14,22:46:50,22:47:20,50.94,42.33,
server_14,22:47:00,22:47:30,55.12,49.46,
server_14,22:47:10,22:47:40,52.54,57.75,
server_14,22:47:20,22:47:50,46.1,50.21,
server_14,22:47:30,22:48:00,44.91,37.59,
server_14,22:47:40,22:48:10,56.65,27.03,
server_14,22:47:50,22:48:20,54.72,36.06,
server_14,22:48:00,22:48:30,40.45,56.76,
server_14,22:48:10,22:48:40,36.98,58.6,
server_14,22:48:20,22:48:50,39.71,61.08,
server_14,22:48:30,22:49:00,47.14,59.34,
server_14,22:48:40,22:49:10,47.02,63.2,
server_14,22:48:50,22:49:20,49.34,65.26,
server_14,22:49:00,22:49:30,57.08,55.77,
server_14,22:49:10,22:49:40,60.89,57.97,
server_14,22:49:20,22:49:50,60.56,59.77,
server_14,22:49:30,22:50:00,58.37,62.28,
server_14,22:49:40,22:50:10,47.33,64.5,
server_14,22:49:50,22:50:20,41.82,57.62,
server_14,22:50:00,22:50:30,46.36,59.07,
server_14,22:50:10,22:50:40,58.08,57.66,
server_14,22:50:20,22:50:50,66.9,54.64,
server_14,22:50:30,22:51:00,55.27,55.39,
server_14,22:50:40,22:51:10,62.1,57.31,
server_14,22:50:50,22:51:20,50.98,68.71,
server_14,22:51:00,22:51:30,50.96,54.55,
server_14,22:51:10,22:51:40,44.69,55.0,
server_14,22:51:20,22:51:50,48.33,45.9,
server_14,22:51:30,22:52:00,51.78,52.3,
server_14,22:51:40,22:52:10,44.31,45.7,
server_14,22:51:50,22:52:20,40.49,53.97,
server_14,22:52:00,22:52:30,54.49,56.91,
server_14,22:52:10,22:52:40,54.99,56.54,
server_14,22:52:20,22:52:50,51.71,53.08,
server_14,22:52:30,22:53:00,35.33,46.5,
server_14,22:52:40,22:53:10,30.48,44.78,
server_14,22:52:50,22:53:20,33.41,31.06,
server_15,20:53:00,20:53:30,35.7,47.91,
server_15,20:53:10,20:53:40,45.13,44.62,
server_15,20:53:20,20:53:50,52.6,48.98,
server_15,20:53:30,20:54:00,50.74,50.44,
server_15,20:53:40,20:54:10,54.43,56.63,
server_15,20:53:50,20:54:20,53.19,65.0,
server_15,20:54:00,20:54:30,54.32,71.92,
server_15,20:54:10,20:54:40,40.34,59.01,
server_15,20:54:20,20:54:50,33.12,57.41,
server_15,20:54:30,20:55:00,36.15,50.85,
server_15,20:54:40,20:55:10,38.21,63.15,
server_15,20:54:50,20:55:20,53.48,56.69,
server_15,20:55:00,20:55:30,61.69,51.03,
server_15,20:55:10,20:55:40,72.82,52.5,
server_15,20:55:20,20:55:50,80.08,37.98,
server_15,20:55:30,20:56:00,71.01,48.92,
server_15,20:55:40,20:56:10,70.02,48.68,
server_15,20:55:50,20:56:20,48.25,59.73,
server_15,20:56:00,20:56:30,48.36,51.91,
server_15,20:56:10,20:56:40,36.5,47.01,
server_15,20:56:20,20:56:50,40.97,50.64,
server_15,20:56:30,20:57:00,47.84,60.16,
server_15,20:56:40,20:57:10,45.34,59.01,
server_15,20:56:50,20:57:20,61.34,44.78,
server_15,20:57:00,20:57:30,64.27,45.48,
server_15,20:57:10,20:57:40,63.93,48.3,
server_15,20:57:20,20:57:50,49.97,59.6,
server_15,20:57:30,20:58:00,40.96,51.49,
server_15,20:57:40,20:58:10,48.73,55.4,
server_15,20:57:50,20:58:20,57.4,49.18,
server_15,20:58:00,20:58:30,54.02,50.88,
server_15,20:58:10,20:58:40,53.72,57.97,
server_15,20:58:20,20:58:50,59.25,67.32,
server_15,20:58:30,20:59:00,69.96,74.57,
server_15,20:58:40,20:59:10,78.88,61.34,
server_15,20:58:50,20:59:20,80.97,75.08,
server_15,20:59:00,20:59:30,73.72,67.23,
server_15,20:59:10,20:59:40,60.29,73.52,
server_15,20:59:20,20:59:50,45.88,55.3,
server_15,20:59:30,21:00:00,41.29,52.18,
server_15,20:59:40,21:00:10,51.41,45.82,
server_15,20:59:50,21:00:20,56.06,49.27,
server_15,21:00:00,21:00:30,58.28,50.14,
server_15,21:00:10,21:00:40,47.57,44.25,
server_15,21:00:20,21:00:50,40.32,37.44,
server_15,21:00:30,21:01:00,38.8,34.46,
server_15,21:00:40,21:01:10,47.01,34.27,
server_15,21:00:50,21:01:20,51.2,44.29,
server_15,21:01:00,21:01:30,58.57,51.88,
server_15,21:01:10,21:01:40,53.46,53.97,
server_15,21:01:20,21:01:50,52.61,50.23,
server_15,21:01:30,21:02:00,54.48,53.17,
server_15,21:01:40,21:02:10,62.84,51.24,
server_15,21:01:50,21:02:20,58.44,50.62,
server_15,21:02:00,21:02:30,66.53,58.91,
server_15,21:02:10,21:02:40,61.0,64.32,
server_15,21:02:20,21:02:50,69.61,66.21,
server_15,21:02:30,21:03:00,47.99,46.07,
server_15,21:02:40,21:03:10,44.28,43.21,
server_15,21:02:50,21:03:20,38.11,42.24,
server_15,21:03:00,21:03:30,44.42,54.09,
server_15,21:03:10,21:03:40,42.96,61.02,
server_15,21:03:20,21:03:50,37.87,57.66,
server_15,21:03:30,21:04:00,49.0,50.12,
server_15,21:03:40,21:04:10,59.95,39.12,
server_15,21:03:50,21:04:20,60.36,48.7,
server_15,21:04:00,21:04:30,53.34,44.33,
server_15,21:04:10,21:04:40,50.55,37.12,
server_15,21:04:20,21:04:50,53.21,29.15,
server_15,21:04:30,21:05:00,51.34,27.08,
server_15,21:04:40,21:05:10,58.72,35.65,
server_15,21:04:50,21:05:20,52.7,32.12,
server_15,21:05:00,21:05:30,50.74,41.01,
server_15,21:05:10,21:05:40,44.68,49.02,
server_15,21:05:20,21:05:50,58.04,44.67,
server_15,21:05:30,21:06:00,48.96,47.51,
server_15,21:05:40,21:06:10,48.71,40.84,
server_15,21:05:50,21:06:20,38.71,47.83,
server_15,21:06:00,21:06:30,46.37,58.69,
server_15,21:06:10,21:06:40,39.65,68.52,
server_15,21:06:20,21:06:50,46.39,72.21,
server_15,21:06:30,21:07:00,47.12,54.41,
server_15,21:06:40,21:07:10,59.46,50.98,
server_15,21:06:50,21:07:20,52.08,43.47,
server_15,21:07:00,21:07:30,51.04,46.51,
server_15,21:07:10,21:07:40,38.78,38.89,
server_15,21:07:20,21:07:50,50.38,33.31,
server_15,21:07:30,21:08:00,56.81,40.83,
server_15,21:07:40,21:08:10,63.73,48.2,
server_15,21:07:50,21:08:20,74.0,48.79,
server_15,21:08:00,21:08:30,66.45,45.4,
server_15,21:08:10,21:08:40,70.8,49.97,
server_15,21:08:20,21:08:50,59.28,69.65,
server_15,21:08:30,21:09:00,64.51,70.12,
server_15,21:08:40,21:09:10,61.06,56.33,
server_15,21:08:50,21:09:20,48.22,52.71,
server_15,21:09:00,21:09:30,39.97,54.09,
server_15,21:09:10,21:09:40,33.83,54.68,
server_15,21:09:20,21:09:50,45.48,55.73,
server_15,21:09:30,21:10:00,47.26,44.37,
server_15,21:09:40,21:10:10,52.77,42.58,
server_15,21:09:50,21:10:20,48.13,38.74,
server_15,21:10:00,21:10:30,49.53,44.74,
server_15,21:10:10,21:10:40,51.69,47.26,
server_15,21:10:20,21:10:50,58.15,36.68,
server_15,21:10:30,21:11:00,66.58,44.17,
server_15,21:10:40,21:11:10,53.7,58.57,
server_15,21:10:50,21:11:20,45.77,67.57,
server_15,21:11:00,21:11:30,37.49,55.51,
server_15,21:11:10,21:11:40,46.47,44.6,
server_15,21:11:20,21:11:50,59.4,39.05,
server_15,21:11:30,21:12:00,69.48,39.36,
server_15,21:11:40,21:12:10,72.88,41.04,
server_15,21:11:50,21:12:20,62.25,45.86,
server_15,21:12:00,21:12:30,63.55,44.73,
server_15,21:12:10,21:12:40,52.59,37.12,
server_15,21:12:20,21:12:50,51.61,36.56,
server_15,21:12:30,21:13:00,48.45,47.49,
server_15,21:12:40,21:13:10,48.41,51.6,
server_15,21:12:50,21:13:20,48.95,51.67,
server_15,21:13:00,21:13:30,39.71,44.25,
server_15,21:13:10,21:13:40,45.42,43.77,
server_15,21:13:20,21:13:50,43.94,39.68,
server_15,21:13:30,21:14:00,47.76,43.55,
server_15,21:13:40,21:14:10,51.44,47.55,
server_15,21:13:50,21:14:20,55.13,52.55,
server_15,21:14:00,21:14:30,64.69,44.66,
server_15,21:14:10,21:14:40,60.74,44.53,
server_15,21:14:20,21:14:50,68.73,37.09,
server_15,21:14:30,21:15:00,62.7,45.6,
server_15,21:14:40,21:15:10,57.23,43.93,
server_15,21:14:50,21:15:20,47.95,53.93,
server_15,21:15:00,21:15:30,42.59,51.79,
server_15,21:15:10,21:15:40,47.42,56.42,
server_15,21:15:20,21:15:50,50.87,60.81,
server_15,21:15:30,21:16:00,47.23,56.85,
server_15,21:15:40,21:16:10,50.51,41.45,
server_15,21:15:50,21:16:20,45.11,38.59,
server_15,21:16:00,21:16:30,52.04,29.55,
server_15,21:16:10,21:16:40,58.72,51.0,
server_15,21:16:20,21:16:50,60.37,39.72,
server_15,21:16:30,21:17:00,72.89,67.44,
server_15,21:16:40,21:17:10,55.57,62.91,
server_15,21:16:50,21:17:20,56.01,83.3,
server_15,21:17:00,21:17:30,44.21,64.29,
server_15,21:17:10,21:17:40,55.57,62.29,
server_15,21:17:20,21:17:50,53.46,44.73,
server_15,21:17:30,21:18:00,57.62,40.43,
server_15,21:17:40,21:18:10,55.6,34.58,
server_15,21:17:50,21:18:20,63.34,29.98,
server_15,21:18:00,21:18:30,71.45,38.64,
server_15,21:18:10,21:18:40,71.53,47.91,
server_15,21:18:20,21:18:50,58.49,65.66,
server_15,21:18:30,21:19:00,47.44,77.51,
server_15,21:18:40,21:19:10,52.38,79.88,
server_15,21:18:50,21:19:20,59.05,74.44,
server_15,21:19:00,21:19:30,55.62,62.41,
server_15,21:19:10,21:19:40,52.51,52.7,
server_15,21:19:20,21:19:50,61.51,59.22,
server_15,21:19:30,21:20:00,73.68,61.15,
server_15,21:19:40,21:20:10,68.25,60.97,
server_15,21:19:50,21:20:20,56.1,59.06,
server_15,21:20:00,21:20:30,34.87,64.91,
server_15,21:20:10,21:20:40,38.79,77.89,
server_15,21:20:20,21:20:50,49.21,66.29,
server_15,21:20:30,21:21:00,56.78,56.19,
server_15,21:20:40,21:21:10,49.8,52.38,
server_15,21:20:50,21:21:20,42.15,60.16,
server_15,21:21:00,21:21:30,48.79,59.52,
server_15,21:21:10,21:21:40,58.48,53.88,
server_15,21:21:20,21:21:50,51.2,53.34,
server_15,21:21:30,21:22:00,44.48,64.33,
server_15,21:21:40,21:22:10,45.28,57.44,
server_15,21:21:50,21:22:20,54.78,47.75,
server_15,21:22:00,21:22:30,51.09,43.42,
server_15,21:22:10,21:22:40,43.47,50.81,
server_15,21:22:20,21:22:50,46.61,62.83,
server_15,21:22:30,21:23:00,68.29,73.3,
server_15,21:22:40,21:23:10,81.14,66.67,
server_15,21:22:50,21:23:20,86.99,54.68,
server_15,21:23:00,21:23:30,69.8,40.09,
server_15,21:23:10,21:23:40,60.15,33.12,
server_15,21:23:20,21:23:50,58.24,35.47,
server_15,21:23:30,21:24:00,61.55,39.19,
server_15,21:23:40,21:24:10,58.16,47.34,
server_15,21:23:50,21:24:20,49.55,50.42,
server_15,21:24:00,21:24:30,43.22,45.5,
server_15,21:24:10,21:24:40,35.59,42.64,
server_15,21:24:20,21:24:50,32.88,40.75,
server_15,21:24:30,21:25:00,40.49,39.65,
server_15,21:24:40,21:25:10,44.74,54.9,
server_15,21:24:50,21:25:20,46.75,59.83,
server_15,21:25:00,21:25:30,58.12,75.2,
server_15,21:25:10,21:25:40,54.8,59.12,
server_15,21:25:20,21:25:50,63.54,52.52,
server_15,21:25:30,21:26:00,56.75,38.82,
server_15,21:25:40,21:26:10,64.08,39.32,
server_15,21:25:50,21:26:20,52.06,54.03,
server_15,21:26:00,21:26:30,45.55,59.15,
server_15,21:26:10,21:26:40,57.97,70.45,
server_15,21:26:20,21:26:50,71.21,66.42,
server_15,21:26:30,21:27:00,65.63,58.99,
server_15,21:26:40,21:27:10,59.63,55.26,
server_15,21:26:50,21:27:20,56.0,43.21,
server_15,21:27:00,21:27:30,65.43,37.64,
server_15,21:27:10,21:27:40,66.88,38.41,
server_15,21:27:20,21:27:50,61.2,59.9,
server_15,21:27:30,21:28:00,72.0,57.01,
server_15,21:27:40,21:28:10,62.81,47.01,
server_15,21:27:50,21:28:20,58.07,24.85,
server_15,21:28:00,21:28:30,41.22,37.91,
server_15,21:28:10,21:28:40,53.69,43.01,
server_15,21:28:20,21:28:50,62.43,53.72,
server_15,21:28:30,21:29:00,70.11,50.61,
server_15,21:28:40,21:29:10,60.6,52.71,
server_15,21:28:50,21:29:20,56.47,43.38,
server_15,21:29:00,21:29:30,37.33,52.47,
server_15,21:29:10,21:29:40,31.07,59.22,
server_15,21:29:20,21:29:50,33.32,66.08,
server_15,21:29:30,21:30:00,47.68,54.31,
server_15,21:29:40,21:30:10,55.53,48.45,
server_15,21:29:50,21:30:20,48.83,41.57,
server_15,21:30:00,21:30:30,47.24,46.68,
server_15,21:30:10,21:30:40,43.1,41.48,
server_15,21:30:20,21:30:50,57.34,41.92,
server_15,21:30:30,21:31:00,55.33,42.66,
server_15,21:30:40,21:31:10,52.78,45.03,
server_15,21:30:50,21:31:20,47.97,54.94,
server_15,21:31:00,21:31:30,50.11,51.47,
server_15,21:31:10,21:31:40,63.9,46.61,
server_15,21:31:20,21:31:50,68.86,47.45,
server_15,21:31:30,21:32:00,82.73,60.2,
server_15,21:31:40,21:32:10,74.79,55.81,
server_15,21:31:50,21:32:20,61.57,48.22,
server_15,21:32:00,21:32:30,45.4,35.41,
server_15,21:32:10,21:32:40,52.81,51.86,
server_15,21:32:20,21:32:50,64.35,61.55,
server_15,21:32:30,21:33:00,72.33,66.89,
server_15,21:32:40,21:33:10,63.49,58.35,
server_15,21:32:50,21:33:20,57.66,41.12,
server_15,21:33:00,21:33:30,56.81,45.81,
server_15,21:33:10,21:33:40,72.26,35.63,
server_15,21:33:20,21:33:50,71.42,44.8,
server_15,21:33:30,21:34:00,65.8,40.1,
server_15,21:33:40,21:34:10,40.94,64.13,
server_15,21:33:50,21:34:20,41.95,65.02,
server_15,21:34:00,21:34:30,51.23,60.26,
server_15,21:34:10,21:34:40,59.93,45.25,
server_15,21:34:20,21:34:50,61.77,47.11,
server_15,21:34:30,21:35:00,62.64,46.04,
server_15,21:34:40,21:35:10,60.34,61.87,
server_15,21:34:50,21:35:20,55.79,60.72,
server_15,21:35:00,21:35:30,50.34,60.94,
server_15,21:35:10,21:35:40,52.27,47.74,
server_15,21:35:20,21:35:50,52.73,43.48,
server_15,21:35:30,21:36:00,58.37,41.68,
server_15,21:35:40,21:36:10,66.37,47.25,
server_15,21:35:50,21:36:20,68.03,65.23,
server_15,21:36:00,21:36:30,66.24,68.73,
server_15,21:36:10,21:36:40,49.87,67.0,
server_15,21:36:20,21:36:50,44.84,58.4,
server_15,21:36:30,21:37:00,42.35,56.71,
server_15,21:36:40,21:37:10,50.33,55.78,
server_15,21:36:50,21:37:20,50.37,49.72,
server_15,21:37:00,21:37:30,48.05,53.68,
server_15,21:37:10,21:37:40,55.37,59.43,
server_15,21:37:20,21:37:50,61.14,64.06,
server_15,21:37:30,21:38:00,52.96,58.18,
server_15,21:37:40,21:38:10,62.02,40.45,
server_15,21:37:50,21:38:20,68.07,32.35,
server_15,21:38:00,21:38:30,70.04,44.42,
server_15,21:38:10,21:38:40,64.27,48.41,
server_15,21:38:20,21:38:50,57.43,51.1,
server_15,21:38:30,21:39:00,62.2,41.94,
server_15,21:38:40,21:39:10,51.54,45.06,
server_15,21:38:50,21:39:20,54.18,45.12,
server_15,21:39:00,21:39:30,38.87,58.52,
server_15,21:39:10,21:39:40,46.8,51.03,
server_15,21:39:20,21:39:50,40.01,48.31,
server_15,21:39:30,21:40:00,55.42,38.9,
server_15,21:39:40,21:40:10,59.72,46.98,
server_15,21:39:50,21:40:20,69.46,56.6,
server_15,21:40:00,21:40:30,68.98,55.02,
server_15,21:40:10,21:40:40,57.65,60.97,
server_15,21:40:20,21:40:50,52.1,51.37,
server_15,21:40:30,21:41:00,41.76,49.19,
server_15,21:40:40,21:41:10,48.99,53.36,
server_15,21:40:50,21:41:20,43.43,64.85,
server_15,21:41:00,21:41:30,53.05,69.09,
server_15,21:41:10,21:41:40,50.0,65.25,
server_15,21:41:20,21:41:50,57.22,60.6,
server_15,21:41:30,21:42:00,56.47,59.07,
server_15,21:41:40,21:42:10,58.6,62.68,
server_15,21:41:50,21:42:20,56.08,49.59,
server_15,21:42:00,21:42:30,53.64,46.45,
server_15,21:42:10,21:42:40,51.68,35.1,
server_15,21:42:20,21:42:50,45.02,52.36,
server_15,21:42:30,21:43:00,55.67,62.22,
server_15,21:42:40,21:43:10,59.46,60.24,
server_15,21:42:50,21:43:20,64.17,54.01,
server_15,21:43:00,21:43:30,57.59,49.98,
server_15,21:43:10,21:43:40,55.72,51.44,
server_15,21:43:20,21:43:50,58.73,61.9,
server_15,21:43:30,21:44:00,56.51,52.91,
server_15,21:43:40,21:44:10,48.86,56.24,
server_15,21:43:50,21:44:20,45.0,39.26,
server_15,21:44:00,21:44:30,43.46,44.13,
server_15,21:44:10,21:44:40,52.0,47.37,
server_15,21:44:20,21:44:50,49.46,59.74,
server_15,21:44:30,21:45:00,63.75,74.95,
server_15,21:44:40,21:45:10,52.06,82.32,
server_15,21:44:50,21:45:20,49.74,81.47,
server_15,21:45:00,21:45:30,37.95,65.96,
server_15,21:45:10,21:45:40,37.09,65.75,
server_15,21:45:20,21:45:50,39.77,54.78,
server_15,21:45:30,21:46:00,53.41,69.3,
server_15,21:45:40,21:46:10,68.22,54.13,
server_15,21:45:50,21:46:20,71.09,53.08,
server_15,21:46:00,21:46:30,61.3,41.54,
server_15,21:46:10,21:46:40,53.41,52.17,
server_15,21:46:20,21:46:50,57.61,51.75,
server_15,21:46:30,21:47:00,54.96,50.66,
server_15,21:46:40,21:47:10,55.06,54.61,
server_15,21:46:50,21:47:20,51.26,60.21,
server_15,21:47:00,21:47:30,47.99,58.72,
server_15,21:47:10,21:47:40,48.81,52.28,
server_15,21:47:20,21:47:50,52.19,56.23,
server_15,21:47:30,21:48:00,53.66,53.09,
server_15,21:47:40,21:48:10,55.12,53.09,
server_15,21:47:50,21:48:20,56.79,54.01,
server_15,21:48:00,21:48:30,58.86,56.8,
server_15,21:48:10,21:48:40,54.36,52.92,
server_15,21:48:20,21:48:50,42.76,39.28,
server_15,21:48:30,21:49:00,44.28,40.48,
server_15,21:48:40,21:49:10,47.03,40.79,
server_15,21:48:50,21:49:20,48.17,50.31,
server_15,21:49:00,21:49:30,37.79,41.73,
server_15,21:49:10,21:49:40,41.3,45.18,
server_15,21:49:20,21:49:50,58.33,48.27,
server_15,21:49:30,21:50:00,62.33,58.43,
server_15,21:49:40,21:50:10,66.07,64.05,
server_15,21:49:50,21:50:20,54.16,63.17,
server_15,21:50:00,21:50:30,50.98,58.09,
server_15,21:50:10,21:50:40,35.96,55.32,
server_15,21:50:20,21:50:50,33.78,49.88,
server_15,21:50:30,21:51:00,38.34,53.0,
server_15,21:50:40,21:51:10,53.44,53.54,
server_15,21:50:50,21:51:20,59.65,56.43,
server_15,21:51:00,21:51:30,62.32,69.34,
server_15,21:51:10,21:51:40,49.31,58.0,
server_15,21:51:20,21:51:50,38.82,55.3,
server_15,21:51:30,21:52:00,36.01,39.96,
server_15,21:51:40,21:52:10,40.98,58.8,
server_15,21:51:50,21:52:20,52.34,62.39,
server_15,21:52:00,21:52:30,56.92,66.49,
server_15,21:52:10,21:52:40,60.81,63.04,
server_15,21:52:20,21:52:50,64.97,51.03,
server_15,21:52:30,21:53:00,57.08,47.43,
server_15,21:52:40,21:53:10,65.23,32.35,
server_15,21:52:50,21:53:20,56.31,39.59,
server_15,21:53:00,21:53:30,59.19,45.26,
server_15,21:53:10,21:53:40,45.17,61.69,
server_15,21:53:20,21:53:50,44.12,78.44,
server_15,21:53:30,21:54:00,54.25,77.73,
server_15,21:53:40,21:54:10,58.5,54.59,
server_15,21:53:50,21:54:20,70.99,37.8,
server_15,21:54:00,21:54:30,68.77,36.3,
server_15,21:54:10,21:54:40,69.2,50.07,
server_15,21:54:20,21:54:50,63.77,56.05,
server_15,21:54:30,21:55:00,51.59,51.48,
server_15,21:54:40,21:55:10,51.93,51.98,
server_15,21:54:50,21:55:20,40.99,54.27,
server_15,21:55:00,21:55:30,53.53,49.47,
server_15,21:55:10,21:55:40,51.95,47.3,
server_15,21:55:20,21:55:50,59.74,38.21,
server_15,21:55:30,21:56:00,59.0,40.34,
server_15,21:55:40,21:56:10,50.78,39.78,
server_15,21:55:50,21:56:20,52.31,45.99,
server_15,21:56:00,21:56:30,54.74,49.84,
server_15,21:56:10,21:56:40,60.05,48.85,
server_15,21:56:20,21:56:50,59.3,44.49,
server_15,21:56:30,21:57:00,52.7,46.12,
server_15,21:56:40,21:57:10,46.21,41.72,
server_15,21:56:50,21:57:20,44.77,32.11,
server_15,21:57:00,21:57:30,39.45,41.04,
server_15,21:57:10,21:57:40,45.22,49.6,
server_15,21:57:20,21:57:50,34.83,63.49,
server_15,21:57:30,21:58:00,36.62,57.31,
server_15,21:57:40,21:58:10,33.31,50.86,
server_15,21:57:50,21:58:20,53.6,43.98,
server_15,21:58:00,21:58:30,59.46,42.68,
server_15,21:58:10,21:58:40,67.09,46.98,
server_15,21:58:20,21:58:50,53.57,49.87,
server_15,21:58:30,21:59:00,46.88,47.3,
server_15,21:58:40,21:59:10,55.54,52.4,
server_15,21:58:50,21:59:20,70.45,47.78,
server_15,21:59:00,21:59:30,61.59,53.11,
server_15,21:59:10,21:59:40,54.05,51.7,
server_15,21:59:20,21:59:50,44.68,50.16,
server_15,21:59:30,22:00:00,52.19,41.36,
server_15,21:59:40,22:00:10,47.63,35.24,
server_15,21:59:50,22:00:20,44.8,55.45,
server_15,22:00:00,22:00:30,47.56,57.12,
server_15,22:00:10,22:00:40,41.03,63.61,
server_15,22:00:20,22:00:50,39.45,48.33,
server_15,22:00:30,22:01:00,39.87,44.56,
server_15,22:00:40,22:01:10,51.41,31.03,
server_15,22:00:50,22:01:20,44.31,37.51,
server_15,22:01:00,22:01:30,46.53,44.01,
server_15,22:01:10,22:01:40,48.23,58.52,
server_15,22:01:20,22:01:50,59.97,42.84,
server_15,22:01:30,22:02:00,59.87,39.46,
server_15,22:01:40,22:02:10,45.5,39.26,
server_15,22:01:50,22:02:20,44.12,55.94,
server_15,22:02:00,22:02:30,48.81,53.32,
server_15,22:02:10,22:02:40,60.84,51.28,
server_15,22:02:20,22:02:50,68.15,43.23,
server_15,22:02:30,22:03:00,71.2,59.06,
server_15,22:02:40,22:03:10,66.61,71.36,
server_15,22:02:50,22:03:20,57.34,75.82,
server_15,22:03:00,22:03:30,45.57,64.09,
server_15,22:03:10,22:03:40,38.23,43.79,
server_15,22:03:20,22:03:50,52.96,42.46,
server_15,22:03:30,22:04:00,70.97,35.83,
server_15,22:03:40,22:04:10,72.44,36.34,
server_15,22:03:50,22:04:20,55.3,39.01,
server_15,22:04:00,22:04:30,43.73,48.68,
server_15,22:04:10,22:04:40,51.88,55.41,
server_15,22:04:20,22:04:50,62.35,51.05,
server_15,22:04:30,22:05:00,62.46,51.96,
server_15,22:04:40,22:05:10,68.17,45.0,
server_15,22:04:50,22:05:20,69.26,55.3,
server_15,22:05:00,22:05:30,69.34,52.48,
server_15,22:05:10,22:05:40,74.27,46.59,
server_15,22:05:20,22:05:50,66.15,25.59,
server_15,22:05:30,22:06:00,66.2,25.24,
server_15,22:05:40,22:06:10,48.0,43.25,
server_15,22:05:50,22:06:20,46.78,57.53,
server_15,22:06:00,22:06:30,49.24,51.31,
server_15,22:06:10,22:06:40,53.55,43.14,
server_15,22:06:20,22:06:50,46.71,31.57,
server_15,22:06:30,22:07:00,37.32,46.34,
server_15,22:06:40,22:07:10,35.27,41.5,
server_15,22:06:50,22:07:20,46.84,54.73,
server_15,22:07:00,22:07:30,50.31,49.89,
server_15,22:07:10,22:07:40,56.48,58.81,
server_15,22:07:20,22:07:50,47.5,60.25,
server_15,22:07:30,22:08:00,51.63,62.95,
server_15,22:07:40,22:08:10,52.71,63.01,
server_15,22:07:50,22:08:20,52.92,69.01,
server_15,22:08:00,22:08:30,46.36,59.75,
server_15,22:08:10,22:08:40,52.6,50.88,
server_15,22:08:20,22:08:50,58.14,54.17,
server_15,22:08:30,22:09:00,61.46,59.29,
server_15,22:08:40,22:09:10,60.45,63.58,
server_15,22:08:50,22:09:20,60.94,54.22,
server_15,22:09:00,22:09:30,58.61,55.41,
server_15,22:09:10,22:09:40,58.97,53.9,
server_15,22:09:20,22:09:50,52.05,47.51,
server_15,22:09:30,22:10:00,58.64,39.91,
server_15,22:09:40,22:10:10,53.95,50.42,
server_15,22:09:50,22:10:20,63.52,59.01,
server_15,22:10:00,22:10:30,56.74,68.63,
server_15,22:10:10,22:10:40,50.44,61.91,
server_15,22:10:20,22:10:50,43.84,58.03,
server_15,22:10:30,22:11:00,49.68,59.64,
server_15,22:10:40,22:11:10,59.66,61.69,
server_15,22:10:50,22:11:20,63.64,61.82,
server_15,22:11:00,22:11:30,55.71,52.76,
server_15,22:11:10,22:11:40,46.38,50.7,
server_15,22:11:20,22:11:50,44.13,47.68,
server_15,22:11:30,22:12:00,43.72,52.32,
server_15,22:11:40,22:12:10,40.36,49.09,
server_15,22:11:50,22:12:20,29.43,60.6,
server_15,22:12:00,22:12:30,32.46,60.11,
server_15,22:12:10,22:12:40,31.08,74.15,
server_15,22:12:20,22:12:50,53.26,65.08,
server_15,22:12:30,22:13:00,50.08,66.31,
server_15,22:12:40,22:13:10,61.75,60.21,
server_15,22:12:50,22:13:20,53.24,65.24,
server_15,22:13:00,22:13:30,52.76,56.46,
server_15,22:13:10,22:13:40,38.65,46.89,
server_15,22:13:20,22:13:50,44.65,42.71,
server_15,22:13:30,22:14:00,56.81,41.76,
server_15,22:13:40,22:14:10,79.17,48.5,
server_15,22:13:50,22:14:20,74.13,47.41,
server_15,22:14:00,22:14:30,71.05,56.66,
server_15,22:14:10,22:14:40,59.18,52.42,
server_15,22:14:20,22:14:50,68.54,50.5,
server_15,22:14:30,22:15:00,58.08,59.99,
server_15,22:14:40,22:15:10,59.59,68.17,
server_15,22:14:50,22:15:20,50.96,71.98,
server_15,22:15:00,22:15:30,58.87,61.91,
server_15,22:15:10,22:15:40,65.33,62.32,
server_15,22:15:20,22:15:50,56.07,54.38,
server_15,22:15:30,22:16:00,50.18,62.58,
server_15,22:15:40,22:16:10,36.07,51.14,
server_15,22:15:50,22:16:20,43.65,56.44,
server_15,22:16:00,22:16:30,54.61,56.27,
server_15,22:16:10,22:16:40,67.63,71.86,
server_15,22:16:20,22:16:50,69.85,60.94,
server_15,22:16:30,22:17:00,60.17,50.61,
server_15,22:16:40,22:17:10,42.7,33.96,
server_15,22:16:50,22:17:20,38.64,42.46,
server_15,22:17:00,22:17:30,38.81,42.75,
server_15,22:17:10,22:17:40,42.47,56.59,
server_15,22:17:20,22:17:50,38.1,62.78,
server_15,22:17:30,22:18:00,36.8,72.86,
server_15,22:17:40,22:18:10,36.76,59.09,
server_15,22:17:50,22:18:20,46.04,56.17,
server_15,22:18:00,22:18:30,55.73,41.32,
server_15,22:18:10,22:18:40,68.0,47.7,
server_15,22:18:20,22:18:50,65.77,35.94,
server_15,22:18:30,22:19:00,61.36,38.6,
server_15,22:18:40,22:19:10,68.06,51.42,
server_15,22:18:50,22:19:20,60.28,54.72,
server_15,22:19:00,22:19:30,61.32,59.24,
server_15,22:19:10,22:19:40,54.96,55.98,
server_15,22:19:20,22:19:50,63.59,69.69,
server_15,22:19:30,22:20:00,61.1,65.74,
server_15,22:19:40,22:20:10,53.45,53.21,
server_15,22:19:50,22:20:20,53.7,43.4,
server_15,22:20:00,22:20:30,41.33,60.45,
server_15,22:20:10,22:20:40,49.48,73.31,
server_15,22:20:20,22:20:50,49.18,68.31,
server_15,22:20:30,22:21:00,55.97,49.61,
server_15,22:20:40,22:21:10,47.67,40.01,
server_15,22:20:50,22:21:20,43.39,59.19,
server_15,22:21:00,22:21:30,60.82,61.97,
server_15,22:21:10,22:21:40,63.27,64.13,
server_15,22:21:20,22:21:50,65.11,47.79,
server_15,22:21:30,22:22:00,56.08,47.28,
server_15,22:21:40,22:22:10,49.33,42.33,
server_15,22:21:50,22:22:20,45.3,55.44,
server_15,22:22:00,22:22:30,41.19,53.47,
server_15,22:22:10,22:22:40,53.01,61.07,
server_15,22:22:20,22:22:50,62.57,61.8,
server_15,22:22:30,22:23:00,60.77,67.36,
server_15,22:22:40,22:23:10,54.68,74.99,
server_15,22:22:50,22:23:20,45.41,65.59,
server_15,22:23:00,22:23:30,48.66,61.99,
server_15,22:23:10,22:23:40,47.17,46.41,
server_15,22:23:20,22:23:50,52.82,56.85,
server_15,22:23:30,22:24:00,49.56,70.05,
server_15,22:23:40,22:24:10,54.65,74.55,
server_15,22:23:50,22:24:20,50.31,63.98,
server_15,22:24:00,22:24:30,58.84,48.59,
server_15,22:24:10,22:24:40,54.85,47.22,
server_15,22:24:20,22:24:50,68.3,35.66,
server_15,22:24:30,22:25:00,77.6,39.98,
server_15,22:24:40,22:25:10,82.41,32.91,
server_15,22:24:50,22:25:20,76.36,54.23,
server_15,22:25:00,22:25:30,70.04,47.15,
server_15,22:25:10,22:25:40,62.86,51.05,
server_15,22:25:20,22:25:50,71.91,41.73,
server_15,22:25:30,22:26:00,73.61,58.79,
server_15,22:25:40,22:26:10,76.37,64.38,
server_15,22:25:50,22:26:20,69.72,72.35,
server_15,22:26:00,22:26:30,49.82,65.7,
server_15,22:26:10,22:26:40,52.18,63.89,
server_15,22:26:20,22:26:50,56.72,42.08,
server_15,22:26:30,22:27:00,77.1,33.67,
server_15,22:26:40,22:27:10,67.62,20.09,
server_15,22:26:50,22:27:20,47.77,28.28,
server_15,22:27:00,22:27:30,27.54,42.46,
server_15,22:27:10,22:27:40,28.12,58.09,
server_15,22:27:20,22:27:50,37.73,66.56,
server_15,22:27:30,22:28:00,46.53,55.98,
server_15,22:27:40,22:28:10,45.91,57.72,
server_15,22:27:50,22:28:20,54.31,43.73,
server_15,22:28:00,22:28:30,59.47,45.47,
server_15,22:28:10,22:28:40,64.21,38.02,
server_15,22:28:20,22:28:50,54.06,37.54,
server_15,22:28:30,22:29:00,54.95,39.06,
server_15,22:28:40,22:29:10,66.1,37.86,
server_15,22:28:50,22:29:20,65.58,47.29,
server_15,22:29:00,22:29:30,45.3,57.7,
server_15,22:29:10,22:29:40,34.3,62.95,
server_15,22:29:20,22:29:50,44.62,71.21,
server_15,22:29:30,22:30:00,70.13,65.86,
server_15,22:29:40,22:30:10,80.67,70.14,
server_15,22:29:50,22:30:20,83.68,75.62,
server_15,22:30:00,22:30:30,73.44,63.79,
server_15,22:30:10,22:30:40,67.5,52.63,
server_15,22:30:20,22:30:50,54.22,43.81,
server_15,22:30:30,22:31:00,55.54,52.81,
server_15,22:30:40,22:31:10,47.15,50.97,
server_15,22:30:50,22:31:20,45.78,51.81,
server_15,22:31:00,22:31:30,43.31,45.41,
server_15,22:31:10,22:31:40,39.16,45.53,
server_15,22:31:20,22:31:50,42.02,43.12,
server_15,22:31:30,22:32:00,45.84,45.63,
server_15,22:31:40,22:32:10,60.03,45.87,
server_15,22:31:50,22:32:20,63.73,48.15,
server_15,22:32:00,22:32:30,74.25,32.91,
server_15,22:32:10,22:32:40,69.85,41.67,
server_15,22:32:20,22:32:50,66.59,36.05,
server_15,22:32:30,22:33:00,67.39,63.12,
server_15,22:32:40,22:33:10,60.91,67.64,
server_15,22:32:50,22:33:20,66.59,65.58,
server_15,22:33:00,22:33:30,55.61,54.83,
server_15,22:33:10,22:33:40,49.99,50.93,
server_15,22:33:20,22:33:50,39.21,56.56,
server_15,22:33:30,22:34:00,44.07,53.28,
server_15,22:33:40,22:34:10,55.81,46.58,
server_15,22:33:50,22:34:20,66.4,40.4,
server_15,22:34:00,22:34:30,51.44,47.78,
server_15,22:34:10,22:34:40,58.96,44.47,
server_15,22:34:20,22:34:50,65.38,61.7,
server_15,22:34:30,22:35:00,69.47,50.95,
server_15,22:34:40,22:35:10,66.15,49.4,
server_15,22:34:50,22:35:20,44.93,26.23,
server_15,22:35:00,22:35:30,55.5,39.02,
server_15,22:35:10,22:35:40,64.85,59.34,
server_15,22:35:20,22:35:50,73.38,59.82,
server_15,22:35:30,22:36:00,73.72,48.89,
server_15,22:35:40,22:36:10,60.05,35.29,
server_15,22:35:50,22:36:20,50.73,40.99,
server_15,22:36:00,22:36:30,30.99,58.81,
server_15,22:36:10,22:36:40,36.24,50.64,
server_15,22:36:20,22:36:50,45.83,59.47,
server_15,22:36:30,22:37:00,66.54,52.68,
server_15,22:36:40,22:37:10,70.33,70.02,
server_15,22:36:50,22:37:20,72.03,66.88,
server_15,22:37:00,22:37:30,55.73,69.47,
server_15,22:37:10,22:37:40,42.49,55.84,
server_15,22:37:20,22:37:50,44.7,49.77,
server_15,22:37:30,22:38:00,63.72,34.15,
server_15,22:37:40,22:38:10,67.35,40.37,
server_15,22:37:50,22:38:20,75.65,44.27,
server_15,22:38:00,22:38:30,78.48,64.51,
server_15,22:38:10,22:38:40,81.13,61.9,
server_15,22:38:20,22:38:50,63.43,57.68,
server_15,22:38:30,22:39:00,39.12,47.34,
server_15,22:38:40,22:39:10,26.46,55.71,
server_15,22:38:50,22:39:20,24.0,57.22,
server_15,22:39:00,22:39:30,40.65,41.67,
server_15,22:39:10,22:39:40,47.33,31.87,
server_15,22:39:20,22:39:50,51.59,31.29,
server_15,22:39:30,22:40:00,47.1,43.34,
server_15,22:39:40,22:40:10,55.16,54.54,
server_15,22:39:50,22:40:20,50.62,65.38,
server_15,22:40:00,22:40:30,43.46,72.88,
server_15,22:40:10,22:40:40,41.9,70.73,
server_15,22:40:20,22:40:50,51.58,60.29,
server_15,22:40:30,22:41:00,61.76,44.59,
server_15,22:40:40,22:41:10,65.65,47.31,
server_15,22:40:50,22:41:20,76.17,61.77,
server_15,22:41:00,22:41:30,72.94,68.72,
server_15,22:41:10,22:41:40,77.29,59.12,
server_15,22:41:20,22:41:50,71.25,47.3,
server_15,22:41:30,22:42:00,60.36,51.54,
server_15,22:41:40,22:42:10,58.33,49.32,
server_15,22:41:50,22:42:20,54.89,43.85,
server_15,22:42:00,22:42:30,61.63,42.12,
server_15,22:42:10,22:42:40,47.66,41.93,
server_15,22:42:20,22:42:50,43.78,45.89,
server_15,22:42:30,22:43:00,38.45,39.06,
server_15,22:42:40,22:43:10,42.11,39.43,
server_15,22:42:50,22:43:20,45.18,42.86,
server_15,22:43:00,22:43:30,53.88,46.34,
server_15,22:43:10,22:43:40,44.62,53.5,
server_15,22:43:20,22:43:50,44.38,51.62,
server_15,22:43:30,22:44:00,52.13,53.75,
server_15,22:43:40,22:44:10,61.57,58.76,
server_15,22:43:50,22:44:20,55.63,62.49,
server_15,22:44:00,22:44:30,44.7,61.58,
server_15,22:44:10,22:44:40,35.73,55.7,
server_15,22:44:20,22:44:50,37.1,48.38,
server_15,22:44:30,22:45:00,44.19,52.26,
server_15,22:44:40,22:45:10,51.03,54.82,
server_15,22:44:50,22:45:20,47.39,65.57,
server_15,22:45:00,22:45:30,48.6,54.64,
server_15,22:45:10,22:45:40,51.02,47.37,
server_15,22:45:20,22:45:50,57.26,41.88,
server_15,22:45:30,22:46:00,41.74,42.11,
server_15,22:45:40,22:46:10,43.61,46.46,
server_15,22:45:50,22:46:20,48.05,40.76,
server_15,22:46:00,22:46:30,61.95,50.33,
server_15,22:46:10,22:46:40,66.36,38.93,
server_15,22:46:20,22:46:50,62.48,40.15,
server_15,22:46:30,22:47:00,48.59,46.44,
server_15,22:46:40,22:47:10,58.23,69.63,
server_15,22:46:50,22:47:20,48.46,76.42,
server_15,22:47:00,22:47:30,69.24,73.49,
server_15,22:47:10,22:47:40,68.36,59.2,
server_15,22:47:20,22:47:50,71.7,53.67,
server_15,22:47:30,22:48:00,68.83,39.83,
server_15,22:47:40,22:48:10,51.08,39.3,
server_15,22:47:50,22:48:20,56.24,40.75,
server_15,22:48:00,22:48:30,44.28,47.4,
server_15,22:48:10,22:48:40,46.04,47.1,
server_15,22:48:20,22:48:50,44.28,44.32,
server_15,22:48:30,22:49:00,61.75,44.4,
server_15,22:48:40,22:49:10,71.23,37.25,
server_15,22:48:50,22:49:20,71.16,39.17,
server_15,22:49:00,22:49:30,60.2,42.95,
server_15,22:49:10,22:49:40,53.88,51.74,
server_15,22:49:20,22:49:50,57.75,56.14,
server_15,22:49:30,22:50:00,48.77,49.76,
server_15,22:49:40,22:50:10,50.49,51.27,
server_15,22:49:50,22:50:20,51.52,51.76,
server_15,22:50:00,22:50:30,57.03,55.23,
server_15,22:50:10,22:50:40,63.39,46.0,
server_15,22:50:20,22:50:50,53.23,55.46,
server_15,22:50:30,22:51:00,57.64,56.72,
server_15,22:50:40,22:51:10,46.85,63.62,
server_15,22:50:50,22:51:20,49.02,50.72,
server_15,22:51:00,22:51:30,43.12,47.49,
server_15,22:51:10,22:51:40,47.07,47.18,
server_15,22:51:20,22:51:50,45.54,54.14,
server_15,22:51:30,22:52:00,52.18,61.19,
server_15,22:51:40,22:52:10,53.18,73.1,
server_15,22:51:50,22:52:20,57.08,63.56,
server_15,22:52:00,22:52:30,45.23,68.25,
server_15,22:52:10,22:52:40,51.7,67.88,
server_15,22:52:20,22:52:50,49.55,67.5,
server_15,22:52:30,22:53:00,58.34,53.18,
server_15,22:52:40,22:53:10,47.88,38.79,
server_15,22:52:50,22:53:20,56.8,37.04,
server_16,20:53:00,20:53:30,65.48,56.58,
server_16,20:53:10,20:53:40,59.66,47.07,
server_16,20:53:20,20:53:50,57.74,44.21,
server_16,20:53:30,20:54:00,46.34,39.41,
server_16,20:53:40,20:54:10,47.68,41.44,
server_16,20:53:50,20:54:20,43.03,48.64,
server_16,20:54:00,20:54:30,45.83,47.75,
server_16,20:54:10,20:54:40,46.97,49.36,
server_16,20:54:20,20:54:50,46.42,47.47,
server_16,20:54:30,20:55:00,50.99,51.72,
server_16,20:54:40,20:55:10,51.17,49.08,
server_16,20:54:50,20:55:20,46.12,55.51,
server_16,20:55:00,20:55:30,52.95,63.91,
server_16,20:55:10,20:55:40,47.8,61.8,
server_16,20:55:20,20:55:50,48.5,55.16,
server_16,20:55:30,20:56:00,43.66,49.61,
server_16,20:55:40,20:56:10,59.38,51.9,
server_16,20:55:50,20:56:20,58.71,50.88,
server_16,20:56:00,20:56:30,53.44,45.88,
server_16,20:56:10,20:56:40,38.64,58.21,
server_16,20:56:20,20:56:50,41.5,58.81,
server_16,20:56:30,20:57:00,48.88,66.29,
server_16,20:56:40,20:57:10,58.07,60.13,
server_16,20:56:50,20:57:20,51.33,69.37,
server_16,20:57:00,20:57:30,41.33,60.21,
server_16,20:57:10,20:57:40,30.66,49.18,
server_16,20:57:20,20:57:50,47.6,37.23,
server_16,20:57:30,20:58:00,49.5,34.89,
server_16,20:57:40,20:58:10,54.3,40.98,
server_16,20:57:50,20:58:20,52.38,53.03,
server_16,20:58:00,20:58:30,61.17,65.2,
server_16,20:58:10,20:58:40,66.63,70.07,
server_16,20:58:20,20:58:50,52.05,68.53,
server_16,20:58:30,20:59:00,53.33,62.6,
server_16,20:58:40,20:59:10,52.59,60.05,
server_16,20:58:50,20:59:20,63.26,48.27,
server_16,20:59:00,20:59:30,52.94,54.53,
server_16,20:59:10,20:59:40,55.15,58.39,
server_16,20:59:20,20:59:50,55.53,64.2,
server_16,20:59:30,21:00:00,56.54,69.56,
server_16,20:59:40,21:00:10,45.53,67.97,
server_16,20:59:50,21:00:20,44.78,67.02,
server_16,21:00:00,21:00:30,44.24,51.78,
server_16,21:00:10,21:00:40,53.02,48.28,
server_16,21:00:20,21:00:50,56.16,43.15,
server_16,21:00:30,21:01:00,60.53,45.67,
server_16,21:00:40,21:01:10,66.25,39.3,
server_16,21:00:50,21:01:20,62.21,46.98,
server_16,21:01:00,21:01:30,61.54,47.17,
server_16,21:01:10,21:01:40,59.77,48.72,
server_16,21:01:20,21:01:50,60.25,43.7,
server_16,21:01:30,21:02:00,57.63,43.56,
server_16,21:01:40,21:02:10,59.77,57.1,
server_16,21:01:50,21:02:20,53.95,61.63,
server_16,21:02:00,21:02:30,63.33,53.52,
server_16,21:02:10,21:02:40,57.0,35.93,
server_16,21:02:20,21:02:50,60.21,35.65,
server_16,21:02:30,21:03:00,55.65,33.96,
server_16,21:02:40,21:03:10,46.87,35.82,
server_16,21:02:50,21:03:20,54.43,29.16,
server_16,21:03:00,21:03:30,54.04,41.82,
server_16,21:03:10,21:03:40,75.94,38.5,
server_16,21:03:20,21:03:50,76.7,36.27,
server_16,21:03:30,21:04:00,76.01,37.16,
server_16,21:03:40,21:04:10,68.36,39.05,
server_16,21:03:50,21:04:20,55.11,55.46,
server_16,21:04:00,21:04:30,50.55,46.16,
server_16,21:04:10,21:04:40,46.81,45.29,
server_16,21:04:20,21:04:50,56.16,41.73,
server_16,21:04:30,21:05:00,66.88,51.75,
server_16,21:04:40,21:05:10,64.91,64.39,
server_16,21:04:50,21:05:20,57.84,59.81,
server_16,21:05:00,21:05:30,40.55,57.22,
server_16,21:05:10,21:05:40,37.22,62.28,
server_16,21:05:20,21:05:50,46.58,70.94,
server_16,21:05:30,21:06:00,69.54,68.21,
server_16,21:05:40,21:06:10,86.89,44.89,
server_16,21:05:50,21:06:20,73.7,40.43,
server_16,21:06:00,21:06:30,58.09,42.58,
server_16,21:06:10,21:06:40,39.87,57.14,
server_16,21:06:20,21:06:50,53.27,60.8,
server_16,21:06:30,21:07:00,50.6,57.56,
server_16,21:06:40,21:07:10,45.98,60.78,
server_16,21:06:50,21:07:20,44.21,55.35,
server_16,21:07:00,21:07:30,48.85,56.32,
server_16,21:07:10,21:07:40,60.36,59.62,
server_16,21:07:20,21:07:50,49.68,50.69,
server_16,21:07:30,21:08:00,54.0,45.77,
server_16,21:07:40,21:08:10,59.12,40.13,
server_16,21:07:50,21:08:20,58.8,52.37,
server_16,21:08:00,21:08:30,55.88,54.58,
server_16,21:08:10,21:08:40,42.38,61.6,
server_16,21:08:20,21:08:50,45.26,52.52,
server_16,21:08:30,21:09:00,36.31,51.65,
server_16,21:08:40,21:09:10,41.41,43.69,
server_16,21:08:50,21:09:20,46.18,34.81,
server_16,21:09:00,21:09:30,50.25,39.67,
server_16,21:09:10,21:09:40,53.91,34.51,
server_16,21:09:20,21:09:50,55.16,47.79,
server_16,21:09:30,21:10:00,71.89,36.83,
server_16,21:09:40,21:10:10,55.82,46.89,
server_16,21:09:50,21:10:20,54.82,48.8,
server_16,21:10:00,21:10:30,36.04,56.51,
server_16,21:10:10,21:10:40,44.13,48.39,
server_16,21:10:20,21:10:50,41.78,45.07,
server_16,21:10:30,21:11:00,58.68,61.7,
server_16,21:10:40,21:11:10,64.36,57.95,
server_16,21:10:50,21:11:20,55.97,63.18,
server_16,21:11:00,21:11:30,42.64,43.57,
server_16,21:11:10,21:11:40,39.46,51.93,
server_16,21:11:20,21:11:50,52.75,39.13,
server_16,21:11:30,21:12:00,46.42,40.46,
server_16,21:11:40,21:12:10,46.62,48.19,
server_16,21:11:50,21:12:20,51.6,60.27,
server_16,21:12:00,21:12:30,69.25,70.27,
server_16,21:12:10,21:12:40,62.81,56.18,
server_16,21:12:20,21:12:50,57.38,53.55,
server_16,21:12:30,21:13:00,43.06,45.48,
server_16,21:12:40,21:13:10,55.99,54.55,
server_16,21:12:50,21:13:20,50.21,66.45,
server_16,21:13:00,21:13:30,51.08,65.1,
server_16,21:13:10,21:13:40,50.27,52.82,
server_16,21:13:20,21:13:50,51.44,38.49,
server_16,21:13:30,21:14:00,55.33,39.76,
server_16,21:13:40,21:14:10,55.79,40.26,
server_16,21:13:50,21:14:20,51.17,44.76,
server_16,21:14:00,21:14:30,58.94,55.3,
server_16,21:14:10,21:14:40,49.3,73.89,
server_16,21:14:20,21:14:50,61.49,60.72,
server_16,21:14:30,21:15:00,50.71,50.59,
server_16,21:14:40,21:15:10,53.74,44.25,
server_16,21:14:50,21:15:20,40.76,59.6,
server_16,21:15:00,21:15:30,48.34,55.78,
server_16,21:15:10,21:15:40,46.8,49.09,
server_16,21:15:20,21:15:50,49.78,42.9,
server_16,21:15:30,21:16:00,51.77,57.78,
server_16,21:15:40,21:16:10,49.56,57.44,
server_16,21:15:50,21:16:20,49.33,58.14,
server_16,21:16:00,21:16:30,42.94,53.75,
server_16,21:16:10,21:16:40,37.58,60.08,
server_16,21:16:20,21:16:50,49.16,70.58,
server_16,21:16:30,21:17:00,49.69,67.42,
server_16,21:16:40,21:17:10,60.6,66.48,
server_16,21:16:50,21:17:20,52.92,56.27,
server_16,21:17:00,21:17:30,59.79,48.86,
server_16,21:17:10,21:17:40,74.88,33.24,
server_16,21:17:20,21:17:50,69.91,27.94,
server_16,21:17:30,21:18:00,58.63,34.81,
server_16,21:17:40,21:18:10,35.25,45.36,
server_16,21:17:50,21:18:20,49.59,42.39,
server_16,21:18:00,21:18:30,46.44,34.65,
server_16,21:18:10,21:18:40,48.61,32.03,
server_16,21:18:20,21:18:50,41.35,28.8,
server_16,21:18:30,21:19:00,53.0,44.18,
server_16,21:18:40,21:19:10,50.21,51.22,
server_16,21:18:50,21:19:20,41.14,68.82,
server_16,21:19:00,21:19:30,33.98,67.86,
server_16,21:19:10,21:19:40,39.84,61.66,
server_16,21:19:20,21:19:50,37.26,56.97,
server_16,21:19:30,21:20:00,40.41,48.92,
server_16,21:19:40,21:20:10,48.48,50.1,
server_16,21:19:50,21:20:20,56.23,48.62,
server_16,21:20:00,21:20:30,60.46,46.72,
server_16,21:20:10,21:20:40,58.56,55.5,
server_16,21:20:20,21:20:50,56.11,48.59,
server_16,21:20:30,21:21:00,52.08,50.35,
server_16,21:20:40,21:21:10,44.75,51.28,
server_16,21:20:50,21:21:20,54.39,61.83,
server_16,21:21:00,21:21:30,54.5,54.01,
server_16,21:21:10,21:21:40,51.62,43.67,
server_16,21:21:20,21:21:50,39.27,35.51,
server_16,21:21:30,21:22:00,33.57,51.79,
server_16,21:21:40,21:22:10,50.49,49.38,
server_16,21:21:50,21:22:20,57.91,48.88,
server_16,21:22:00,21:22:30,75.58,30.42,
server_16,21:22:10,21:22:40,61.31,35.74,
server_16,21:22:20,21:22:50,61.32,39.14,
server_16,21:22:30,21:23:00,40.98,46.93,
server_16,21:22:40,21:23:10,36.94,48.96,
server_16,21:22:50,21:23:20,40.37,48.47,
server_16,21:23:00,21:23:30,44.91,47.76,
server_16,21:23:10,21:23:40,54.08,49.99,
server_16,21:23:20,21:23:50,63.31,51.61,
server_16,21:23:30,21:24:00,66.98,56.86,
server_16,21:23:40,21:24:10,76.92,60.99,
server_16,21:23:50,21:24:20,64.01,57.57,
server_16,21:24:00,21:24:30,60.88,54.64,
server_16,21:24:10,21:24:40,52.32,47.06,
server_16,21:24:20,21:24:50,38.56,51.45,
server_16,21:24:30,21:25:00,52.3,50.15,
server_16,21:24:40,21:25:10,38.66,54.68,
server_16,21:24:50,21:25:20,63.81,55.8,
server_16,21:25:00,21:25:30,56.4,58.8,
server_16,21:25:10,21:25:40,69.94,51.0,
server_16,21:25:20,21:25:50,60.92,51.59,
server_16,21:25:30,21:26:00,51.8,57.69,
server_16,21:25:40,21:26:10,52.19,51.05,
server_16,21:25:50,21:26:20,41.47,51.1,
server_16,21:26:00,21:26:30,52.65,53.16,
server_16,21:26:10,21:26:40,62.87,62.63,
server_16,21:26:20,21:26:50,66.25,56.05,
server_16,21:26:30,21:27:00,74.47,49.19,
server_16,21:26:40,21:27:10,65.99,48.43,
server_16,21:26:50,21:27:20,64.07,57.35,
server_16,21:27:00,21:27:30,51.16,59.44,
server_16,21:27:10,21:27:40,42.5,63.55,
server_16,21:27:20,21:27:50,52.26,47.48,
server_16,21:27:30,21:28:00,38.24,56.93,
server_16,21:27:40,21:28:10,48.59,53.97,
server_16,21:27:50,21:28:20,39.85,57.64,
server_16,21:28:00,21:28:30,52.03,47.31,
server_16,21:28:10,21:28:40,41.26,45.21,
server_16,21:28:20,21:28:50,30.45,64.91,
server_16,21:28:30,21:29:00,43.57,60.81,
server_16,21:28:40,21:29:10,57.62,58.0,
server_16,21:28:50,21:29:20,77.92,50.23,
server_16,21:29:00,21:29:30,71.17,56.71,
server_16,21:29:10,21:29:40,62.76,64.55,
server_16,21:29:20,21:29:50,57.79,67.43,
server_16,21:29:30,21:30:00,50.1,60.51,
server_16,21:29:40,21:30:10,51.3,49.75,
server_16,21:29:50,21:30:20,40.57,55.94,
server_16,21:30:00,21:30:30,40.82,56.34,
server_16,21:30:10,21:30:40,43.34,66.75,
server_16,21:30:20,21:30:50,60.47,52.78,
server_16,21:30:30,21:31:00,66.3,50.9,
server_16,21:30:40,21:31:10,50.52,53.24,
server_16,21:30:50,21:31:20,49.11,51.89,
server_16,21:31:00,21:31:30,47.75,46.27,
server_16,21:31:10,21:31:40,54.36,39.2,
server_16,21:31:20,21:31:50,44.69,51.23,
server_16,21:31:30,21:32:00,40.07,72.12,
server_16,21:31:40,21:32:10,48.75,76.21,
server_16,21:31:50,21:32:20,51.43,72.67,
server_16,21:32:00,21:32:30,50.25,58.08,
server_16,21:32:10,21:32:40,48.02,54.66,
server_16,21:32:20,21:32:50,54.47,40.51,
server_16,21:32:30,21:33:00,64.61,37.28,
server_16,21:32:40,21:33:10,67.02,34.43,
server_16,21:32:50,21:33:20,53.75,45.38,
server_16,21:33:00,21:33:30,37.57,45.04,
server_16,21:33:10,21:33:40,35.91,52.95,
server_16,21:33:20,21:33:50,52.4,44.18,
server_16,21:33:30,21:34:00,63.66,55.16,
server_16,21:33:40,21:34:10,66.33,41.01,
server_16,21:33:50,21:34:20,66.44,37.82,
server_16,21:34:00,21:34:30,71.87,41.57,
server_16,21:34:10,21:34:40,67.31,50.1,
server_16,21:34:20,21:34:50,51.01,63.19,
server_16,21:34:30,21:35:00,57.06,66.72,
server_16,21:34:40,21:35:10,55.59,67.99,
server_16,21:34:50,21:35:20,67.59,53.59,
server_16,21:35:00,21:35:30,60.29,32.59,
server_16,21:35:10,21:35:40,66.79,27.71,
server_16,21:35:20,21:35:50,67.4,40.98,
server_16,21:35:30,21:36:00,60.46,49.76,
server_16,21:35:40,21:36:10,50.62,59.76,
server_16,21:35:50,21:36:20,50.16,58.83,
server_16,21:36:00,21:36:30,48.31,61.09,
server_16,21:36:10,21:36:40,42.93,58.21,
server_16,21:36:20,21:36:50,38.85,55.01,
server_16,21:36:30,21:37:00,42.87,55.63,
server_16,21:36:40,21:37:10,55.0,45.26,
server_16,21:36:50,21:37:20,53.83,53.36,
server_16,21:37:00,21:37:30,62.27,45.03,
server_16,21:37:10,21:37:40,59.99,48.51,
server_16,21:37:20,21:37:50,64.49,48.97,
server_16,21:37:30,21:38:00,62.41,64.76,
server_16,21:37:40,21:38:10,59.17,66.52,
server_16,21:37:50,21:38:20,54.75,56.39,
server_16,21:38:00,21:38:30,41.16,54.04,
server_16,21:38:10,21:38:40,46.94,55.92,
server_16,21:38:20,21:38:50,57.51,68.17,
server_16,21:38:30,21:39:00,76.84,60.31,
server_16,21:38:40,21:39:10,78.86,69.41,
server_16,21:38:50,21:39:20,78.67,54.61,
server_16,21:39:00,21:39:30,62.58,53.25,
server_16,21:39:10,21:39:40,61.03,43.52,
server_16,21:39:20,21:39:50,45.71,56.66,
server_16,21:39:30,21:40:00,41.31,66.71,
server_16,21:39:40,21:40:10,28.58,61.52,
server_16,21:39:50,21:40:20,41.64,60.1,
server_16,21:40:00,21:40:30,46.56,47.53,
server_16,21:40:10,21:40:40,49.6,51.19,
server_16,21:40:20,21:40:50,40.58,43.46,
server_16,21:40:30,21:41:00,44.0,47.97,
server_16,21:40:40,21:41:10,52.94,52.17,
server_16,21:40:50,21:41:20,59.27,50.16,
server_16,21:41:00,21:41:30,62.39,50.27,
server_16,21:41:10,21:41:40,60.37,49.0,
server_16,21:41:20,21:41:50,58.5,46.65,
server_16,21:41:30,21:42:00,52.63,51.91,
server_16,21:41:40,21:42:10,57.83,60.97,
server_16,21:41:50,21:42:20,58.35,64.47,
server_16,21:42:00,21:42:30,53.91,58.17,
server_16,21:42:10,21:42:40,39.38,55.32,
server_16,21:42:20,21:42:50,38.21,59.57,
server_16,21:42:30,21:43:00,29.97,73.12,
server_16,21:42:40,21:43:10,46.04,60.72,
server_16,21:42:50,21:43:20,50.81,67.21,
server_16,21:43:00,21:43:30,52.94,55.69,
server_16,21:43:10,21:43:40,44.21,65.23,
server_16,21:43:20,21:43:50,47.54,54.41,
server_16,21:43:30,21:44:00,61.39,44.4,
server_16,21:43:40,21:44:10,57.59,47.0,
server_16,21:43:50,21:44:20,46.4,39.84,
server_16,21:44:00,21:44:30,48.78,52.96,
server_16,21:44:10,21:44:40,54.79,46.33,
server_16,21:44:20,21:44:50,60.37,46.45,
server_16,21:44:30,21:45:00,58.35,42.92,
server_16,21:44:40,21:45:10,55.72,39.82,
server_16,21:44:50,21:45:20,49.02,59.08,
server_16,21:45:00,21:45:30,38.62,53.79,
server_16,21:45:10,21:45:40,29.43,71.51,
server_16,21:45:20,21:45:50,42.17,67.56,
server_16,21:45:30,21:46:00,52.74,68.91,
server_16,21:45:40,21:46:10,77.5,45.41,
server_16,21:45:50,21:46:20,59.86,42.62,
server_16,21:46:00,21:46:30,49.5,37.85,
server_16,21:46:10,21:46:40,36.09,51.41,
server_16,21:46:20,21:46:50,39.19,61.3,
server_16,21:46:30,21:47:00,55.94,76.9,
server_16,21:46:40,21:47:10,59.39,77.47,
server_16,21:46:50,21:47:20,66.6,75.51,
server_16,21:47:00,21:47:30,63.73,76.36,
server_16,21:47:10,21:47:40,54.74,64.14,
server_16,21:47:20,21:47:50,59.55,52.31,
server_16,21:47:30,21:48:00,49.96,39.72,
server_16,21:47:40,21:48:10,59.0,41.49,
server_16,21:47:50,21:48:20,51.36,42.74,
server_16,21:48:00,21:48:30,46.9,53.47,
server_16,21:48:10,21:48:40,47.54,62.69,
server_16,21:48:20,21:48:50,50.25,65.42,
server_16,21:48:30,21:49:00,66.6,65.88,
server_16,21:48:40,21:49:10,69.62,56.64,
server_16,21:48:50,21:49:20,58.91,58.29,
server_16,21:49:00,21:49:30,46.73,47.1,
server_16,21:49:10,21:49:40,47.03,60.95,
server_16,21:49:20,21:49:50,57.75,47.34,
server_16,21:49:30,21:50:00,60.09,53.53,
server_16,21:49:40,21:50:10,48.68,45.56,
server_16,21:49:50,21:50:20,50.68,59.4,
server_16,21:50:00,21:50:30,59.69,49.7,
server_16,21:50:10,21:50:40,72.88,45.15,
server_16,21:50:20,21:50:50,62.19,46.36,
server_16,21:50:30,21:51:00,56.92,55.47,
server_16,21:50:40,21:51:10,47.87,62.31,
server_16,21:50:50,21:51:20,60.32,59.97,
server_16,21:51:00,21:51:30,55.83,55.88,
server_16,21:51:10,21:51:40,60.09,60.97,
server_16,21:51:20,21:51:50,50.6,51.61,
server_16,21:51:30,21:52:00,46.17,61.29,
server_16,21:51:40,21:52:10,45.82,57.48,
server_16,21:51:50,21:52:20,51.2,65.34,
server_16,21:52:00,21:52:30,63.19,53.56,
server_16,21:52:10,21:52:40,61.57,50.69,
server_16,21:52:20,21:52:50,61.71,57.6,
server_16,21:52:30,21:53:00,53.52,64.34,
server_16,21:52:40,21:53:10,50.93,63.9,
server_16,21:52:50,21:53:20,44.1,51.64,
server_16,21:53:00,21:53:30,44.08,49.99,
server_16,21:53:10,21:53:40,50.42,57.15,
server_16,21:53:20,21:53:50,59.95,59.98,
server_16,21:53:30,21:54:00,70.38,52.31,
server_16,21:53:40,21:54:10,65.02,47.4,
server_16,21:53:50,21:54:20,56.16,40.08,
server_16,21:54:00,21:54:30,35.93,47.34,
server_16,21:54:10,21:54:40,39.28,50.96,
server_16,21:54:20,21:54:50,41.08,50.46,
server_16,21:54:30,21:55:00,56.33,61.21,
server_16,21:54:40,21:55:10,50.71,53.45,
server_16,21:54:50,21:55:20,48.7,73.95,
server_16,21:55:00,21:55:30,57.69,75.59,
server_16,21:55:10,21:55:40,67.17,89.25,Memory saturation suspected
server_16,21:55:20,21:55:50,70.41,75.13,
server_16,21:55:30,21:56:00,70.86,74.72,
server_16,21:55:40,21:56:10,53.05,76.37,
server_16,21:55:50,21:56:20,58.39,77.62,
server_16,21:56:00,21:56:30,52.62,60.46,
server_16,21:56:10,21:56:40,58.01,48.53,
server_16,21:56:20,21:56:50,54.89,47.16,
server_16,21:56:30,21:57:00,45.5,60.75,
server_16,21:56:40,21:57:10,54.8,63.35,
server_16,21:56:50,21:57:20,52.75,63.61,
server_16,21:57:00,21:57:30,51.69,62.02,
server_16,21:57:10,21:57:40,47.02,60.75,
server_16,21:57:20,21:57:50,42.86,56.47,
server_16,21:57:30,21:58:00,55.54,55.25,
server_16,21:57:40,21:58:10,49.92,48.2,
server_16,21:57:50,21:58:20,53.76,50.81,
server_16,21:58:00,21:58:30,52.58,38.23,
server_16,21:58:10,21:58:40,58.04,58.08,
server_16,21:58:20,21:58:50,55.57,65.31,
server_16,21:58:30,21:59:00,46.09,69.18,
server_16,21:58:40,21:59:10,38.63,51.26,
server_16,21:58:50,21:59:20,47.47,55.86,
server_16,21:59:00,21:59:30,45.71,53.35,
server_16,21:59:10,21:59:40,52.5,55.63,
server_16,21:59:20,21:59:50,50.38,49.37,
server_16,21:59:30,22:00:00,64.11,42.23,
server_16,21:59:40,22:00:10,61.09,34.4,
server_16,21:59:50,22:00:20,52.76,27.96,
server_16,22:00:00,22:00:30,48.17,38.5,
server_16,22:00:10,22:00:40,59.53,41.88,
server_16,22:00:20,22:00:50,61.69,52.96,
server_16,22:00:30,22:01:00,60.59,55.49,
server_16,22:00:40,22:01:10,54.96,61.9,
server_16,22:00:50,22:01:20,57.43,51.37,
server_16,22:01:00,22:01:30,44.97,56.54,
server_16,22:01:10,22:01:40,50.24,62.68,
server_16,22:01:20,22:01:50,48.36,64.59,
server_16,22:01:30,22:02:00,49.53,62.75,
server_16,22:01:40,22:02:10,45.96,46.8,
server_16,22:01:50,22:02:20,38.15,51.17,
server_16,22:02:00,22:02:30,36.46,40.27,
server_16,22:02:10,22:02:40,37.1,51.0,
server_16,22:02:20,22:02:50,52.7,48.9,
server_16,22:02:30,22:03:00,73.73,67.91,
server_16,22:02:40,22:03:10,76.48,75.82,
server_16,22:02:50,22:03:20,73.55,78.75,
server_16,22:03:00,22:03:30,54.15,74.1,
server_16,22:03:10,22:03:40,46.03,66.49,
server_16,22:03:20,22:03:50,52.83,69.08,
server_16,22:03:30,22:04:00,61.05,63.62,
server_16,22:03:40,22:04:10,54.29,54.44,
server_16,22:03:50,22:04:20,40.78,40.93,
server_16,22:04:00,22:04:30,45.89,46.2,
server_16,22:04:10,22:04:40,47.9,46.87,
server_16,22:04:20,22:04:50,51.94,50.76,
server_16,22:04:30,22:05:00,42.91,41.19,
server_16,22:04:40,22:05:10,50.29,50.66,
server_16,22:04:50,22:05:20,44.54,59.86,
server_16,22:05:00,22:05:30,34.94,62.44,
server_16,22:05:10,22:05:40,28.98,66.61,
server_16,22:05:20,22:05:50,35.32,61.34,
server_16,22:05:30,22:06:00,48.45,64.99,
server_16,22:05:40,22:06:10,40.15,62.42,
server_16,22:05:50,22:06:20,51.25,65.81,
server_16,22:06:00,22:06:30,52.51,64.61,
server_16,22:06:10,22:06:40,59.04,67.68,
server_16,22:06:20,22:06:50,51.98,64.45,
server_16,22:06:30,22:07:00,49.35,62.46,
server_16,22:06:40,22:07:10,58.63,53.82,
server_16,22:06:50,22:07:20,56.16,65.17,
server_16,22:07:00,22:07:30,54.3,56.54,
server_16,22:07:10,22:07:40,54.15,49.87,
server_16,22:07:20,22:07:50,45.63,30.44,
server_16,22:07:30,22:08:00,55.99,45.3,
server_16,22:07:40,22:08:10,58.04,47.82,
server_16,22:07:50,22:08:20,70.97,57.75,
server_16,22:08:00,22:08:30,65.11,38.64,
server_16,22:08:10,22:08:40,47.0,56.63,
server_16,22:08:20,22:08:50,33.43,63.19,
server_16,22:08:30,22:09:00,25.23,67.37,
server_16,22:08:40,22:09:10,33.72,49.12,
server_16,22:08:50,22:09:20,44.98,33.26,
server_16,22:09:00,22:09:30,45.43,32.58,
server_16,22:09:10,22:09:40,58.45,47.01,
server_16,22:09:20,22:09:50,50.97,48.74,
server_16,22:09:30,22:10:00,61.12,56.9,
server_16,22:09:40,22:10:10,46.45,39.77,
server_16,22:09:50,22:10:20,59.44,41.28,
server_16,22:10:00,22:10:30,57.34,45.37,
server_16,22:10:10,22:10:40,53.65,57.47,
server_16,22:10:20,22:10:50,54.58,69.75,
server_16,22:10:30,22:11:00,45.41,62.55,
server_16,22:10:40,22:11:10,67.7,57.01,
server_16,22:10:50,22:11:20,52.78,40.59,
server_16,22:11:00,22:11:30,66.13,43.51,
server_16,22:11:10,22:11:40,46.74,51.55,
server_16,22:11:20,22:11:50,50.89,60.07,
server_16,22:11:30,22:12:00,43.16,59.13,
server_16,22:11:40,22:12:10,38.64,55.67,
server_16,22:11:50,22:12:20,36.06,50.77,
server_16,22:12:00,22:12:30,36.72,59.7,
server_16,22:12:10,22:12:40,50.33,48.2,
server_16,22:12:20,22:12:50,60.45,49.04,
server_16,22:12:30,22:13:00,59.48,38.1,
server_16,22:12:40,22:13:10,53.84,45.98,
server_16,22:12:50,22:13:20,50.49,48.4,
server_16,22:13:00,22:13:30,48.78,54.14,
server_16,22:13:10,22:13:40,53.83,69.53,
server_16,22:13:20,22:13:50,45.5,80.46,
server_16,22:13:30,22:14:00,43.97,72.04,
server_16,22:13:40,22:14:10,46.25,62.61,
server_16,22:13:50,22:14:20,54.27,42.1,
server_16,22:14:00,22:14:30,71.9,57.95,
server_16,22:14:10,22:14:40,60.76,49.68,
server_16,22:14:20,22:14:50,53.6,52.23,
server_16,22:14:30,22:15:00,46.89,48.99,
server_16,22:14:40,22:15:10,49.02,61.6,
server_16,22:14:50,22:15:20,61.11,76.34,
server_16,22:15:00,22:15:30,48.21,76.81,
server_16,22:15:10,22:15:40,46.77,64.73,
server_16,22:15:20,22:15:50,33.72,63.53,
server_16,22:15:30,22:16:00,38.43,55.06,
server_16,22:15:40,22:16:10,50.24,61.8,
server_16,22:15:50,22:16:20,66.51,62.67,
server_16,22:16:00,22:16:30,67.72,66.7,
server_16,22:16:10,22:16:40,61.02,62.36,
server_16,22:16:20,22:16:50,51.95,55.96,
server_16,22:16:30,22:17:00,55.23,44.41,
server_16,22:16:40,22:17:10,59.1,50.12,
server_16,22:16:50,22:17:20,65.02,46.07,
server_16,22:17:00,22:17:30,61.1,53.81,
server_16,22:17:10,22:17:40,67.34,54.75,
server_16,22:17:20,22:17:50,53.64,62.94,
server_16,22:17:30,22:18:00,56.12,55.6,
server_16,22:17:40,22:18:10,47.42,48.12,
server_16,22:17:50,22:18:20,44.6,34.35,
server_16,22:18:00,22:18:30,41.82,42.53,
server_16,22:18:10,22:18:40,32.44,44.93,
server_16,22:18:20,22:18:50,35.32,41.09,
server_16,22:18:30,22:19:00,38.54,44.54,
server_16,22:18:40,22:19:10,42.56,46.3,
server_16,22:18:50,22:19:20,52.26,63.77,
server_16,22:19:00,22:19:30,44.26,56.75,
server_16,22:19:10,22:19:40,56.03,58.93,
server_16,22:19:20,22:19:50,58.95,59.83,
server_16,22:19:30,22:20:00,73.53,56.41,
server_16,22:19:40,22:20:10,63.44,47.95,
server_16,22:19:50,22:20:20,50.27,47.59,
server_16,22:20:00,22:20:30,30.98,56.07,
server_16,22:20:10,22:20:40,39.63,65.17,
server_16,22:20:20,22:20:50,47.49,73.66,
server_16,22:20:30,22:21:00,67.98,72.0,
server_16,22:20:40,22:21:10,64.25,63.32,
server_16,22:20:50,22:21:20,77.31,47.13,
server_16,22:21:00,22:21:30,60.6,44.91,
server_16,22:21:10,22:21:40,53.69,47.34,
server_16,22:21:20,22:21:50,45.38,46.31,
server_16,22:21:30,22:22:00,66.67,47.22,
server_16,22:21:40,22:22:10,73.77,50.96,
server_16,22:21:50,22:22:20,73.61,48.7,
server_16,22:22:00,22:22:30,66.2,58.24,
server_16,22:22:10,22:22:40,52.03,56.41,
server_16,22:22:20,22:22:50,41.23,69.03,
server_16,22:22:30,22:23:00,35.79,50.7,
server_16,22:22:40,22:23:10,54.17,44.16,
server_16,22:22:50,22:23:20,61.14,40.59,
server_16,22:23:00,22:23:30,65.79,42.87,
server_16,22:23:10,22:23:40,64.07,46.88,
server_16,22:23:20,22:23:50,72.08,51.83,
server_16,22:23:30,22:24:00,73.01,67.79,
server_16,22:23:40,22:24:10,65.59,68.27,
server_16,22:23:50,22:24:20,56.34,63.48,
server_16,22:24:00,22:24:30,47.73,55.87,
server_16,22:24:10,22:24:40,51.0,68.66,
server_16,22:24:20,22:24:50,54.66,62.99,
server_16,22:24:30,22:25:00,48.7,66.28,
server_16,22:24:40,22:25:10,62.4,50.59,
server_16,22:24:50,22:25:20,52.37,56.66,
server_16,22:25:00,22:25:30,61.02,42.66,
server_16,22:25:10,22:25:40,50.6,48.92,
server_16,22:25:20,22:25:50,48.01,51.5,
server_16,22:25:30,22:26:00,50.0,50.68,
server_16,22:25:40,22:26:10,53.22,54.18,
server_16,22:25:50,22:26:20,60.42,43.27,
server_16,22:26:00,22:26:30,48.86,46.09,
server_16,22:26:10,22:26:40,46.97,39.66,
server_16,22:26:20,22:26:50,45.82,47.04,
server_16,22:26:30,22:27:00,68.61,42.29,
server_16,22:26:40,22:27:10,66.39,45.53,
server_16,22:26:50,22:27:20,74.16,46.73,
server_16,22:27:00,22:27:30,50.22,54.85,
server_16,22:27:10,22:27:40,48.27,52.4,
server_16,22:27:20,22:27:50,35.38,43.9,
server_16,22:27:30,22:28:00,40.28,55.72,
server_16,22:27:40,22:28:10,38.9,56.84,
server_16,22:27:50,22:28:20,44.67,58.04,
server_16,22:28:00,22:28:30,55.73,45.89,
server_16,22:28:10,22:28:40,63.83,51.53,
server_16,22:28:20,22:28:50,49.3,66.56,
server_16,22:28:30,22:29:00,45.7,73.53,
server_16,22:28:40,22:29:10,32.41,65.39,
server_16,22:28:50,22:29:20,37.79,55.93,
server_16,22:29:00,22:29:30,39.6,55.51,
server_16,22:29:10,22:29:40,44.13,50.96,
server_16,22:29:20,22:29:50,63.23,44.41,
server_16,22:29:30,22:30:00,55.8,39.39,
server_16,22:29:40,22:30:10,60.87,40.74,
server_16,22:29:50,22:30:20,44.43,38.86,
server_16,22:30:00,22:30:30,40.23,40.69,
server_16,22:30:10,22:30:40,35.19,52.15,
server_16,22:30:20,22:30:50,31.71,57.68,
server_16,22:30:30,22:31:00,50.92,45.35,
server_16,22:30:40,22:31:10,57.67,30.62,
server_16,22:30:50,22:31:20,71.91,35.07,
server_16,22:31:00,22:31:30,58.66,47.98,
server_16,22:31:10,22:31:40,63.67,48.57,
server_16,22:31:20,22:31:50,71.77,34.03,
server_16,22:31:30,22:32:00,70.42,30.23,
server_16,22:31:40,22:32:10,57.75,35.99,
server_16,22:31:50,22:32:20,52.01,48.61,
server_16,22:32:00,22:32:30,54.52,46.98,
server_16,22:32:10,22:32:40,59.5,48.27,
server_16,22:32:20,22:32:50,54.3,46.95,
server_16,22:32:30,22:33:00,47.66,62.5,
server_16,22:32:40,22:33:10,53.61,53.78,
server_16,22:32:50,22:33:20,49.88,55.38,
server_16,22:33:00,22:33:30,54.16,42.19,
server_16,22:33:10,22:33:40,53.47,61.66,
server_16,22:33:20,22:33:50,48.86,52.34,
server_16,22:33:30,22:34:00,54.09,58.54,
server_16,22:33:40,22:34:10,47.52,46.73,
server_16,22:33:50,22:34:20,44.84,55.7,
server_16,22:34:00,22:34:30,36.3,49.62,
server_16,22:34:10,22:34:40,37.65,43.19,
server_16,22:34:20,22:34:50,41.09,34.33,
server_16,22:34:30,22:35:00,47.2,39.38,
server_16,22:34:40,22:35:10,45.61,46.7,
server_16,22:34:50,22:35:20,45.06,59.55,
server_16,22:35:00,22:35:30,48.05,65.86,
server_16,22:35:10,22:35:40,43.49,63.5,
server_16,22:35:20,22:35:50,53.16,59.83,
server_16,22:35:30,22:36:00,42.18,46.22,
server_16,22:35:40,22:36:10,54.17,49.8,
server_16,22:35:50,22:36:20,47.06,43.59,
server_16,22:36:00,22:36:30,42.93,51.07,
server_16,22:36:10,22:36:40,28.8,44.1,
server_16,22:36:20,22:36:50,44.6,53.09,
server_16,22:36:30,22:37:00,51.91,63.72,
server_16,22:36:40,22:37:10,69.52,74.07,
server_16,22:36:50,22:37:20,59.43,69.27,
server_16,22:37:00,22:37:30,68.68,63.38,
server_16,22:37:10,22:37:40,64.36,55.92,
server_16,22:37:20,22:37:50,73.75,64.36,
server_16,22:37:30,22:38:00,73.38,64.42,
server_16,22:37:40,22:38:10,67.48,67.5,
server_16,22:37:50,22:38:20,62.79,57.18,
server_16,22:38:00,22:38:30,55.81,45.9,
server_16,22:38:10,22:38:40,52.72,44.18,
server_16,22:38:20,22:38:50,61.06,37.21,
server_16,22:38:30,22:39:00,67.32,47.9,
server_16,22:38:40,22:39:10,74.76,50.66,
server_16,22:38:50,22:39:20,64.3,58.35,
server_16,22:39:00,22:39:30,57.05,52.35,
server_16,22:39:10,22:39:40,56.92,52.86,
server_16,22:39:20,22:39:50,57.47,51.1,
server_16,22:39:30,22:40:00,56.66,48.78,
server_16,22:39:40,22:40:10,48.02,41.71,
server_16,22:39:50,22:40:20,47.57,47.68,
server_16,22:40:00,22:40:30,48.1,53.04,
server_16,22:40:10,22:40:40,58.55,57.81,
server_16,22:40:20,22:40:50,45.1,56.12,
server_16,22:40:30,22:41:00,37.11,54.72,
server_16,22:40:40,22:41:10,26.96,53.54,
server_16,22:40:50,22:41:20,36.34,52.5,
server_16,22:41:00,22:41:30,40.25,61.73,
server_16,22:41:10,22:41:40,41.59,61.91,
server_16,22:41:20,22:41:50,47.56,63.24,
server_16,22:41:30,22:42:00,60.5,41.77,
server_16,22:41:40,22:42:10,56.66,50.45,
server_16,22:41:50,22:42:20,49.26,56.5,
server_16,22:42:00,22:42:30,50.03,73.53,
server_16,22:42:10,22:42:40,59.61,69.1,
server_16,22:42:20,22:42:50,52.87,62.04,
server_16,22:42:30,22:43:00,37.91,50.54,
server_16,22:42:40,22:43:10,30.74,45.05,
server_16,22:42:50,22:43:20,40.43,44.21,
server_16,22:43:00,22:43:30,58.81,56.92,
server_16,22:43:10,22:43:40,56.97,56.35,
server_16,22:43:20,22:43:50,60.56,49.82,
server_16,22:43:30,22:44:00,55.57,47.68,
server_16,22:43:40,22:44:10,52.04,55.73,
server_16,22:43:50,22:44:20,53.43,53.34,
server_16,22:44:00,22:44:30,46.45,47.39,
server_16,22:44:10,22:44:40,52.48,44.62,
server_16,22:44:20,22:44:50,48.54,56.18,
server_16,22:44:30,22:45:00,48.57,53.19,
server_16,22:44:40,22:45:10,48.23,50.28,
server_16,22:44:50,22:45:20,53.53,42.15,
server_16,22:45:00,22:45:30,51.63,54.94,
server_16,22:45:10,22:45:40,60.89,50.11,
server_16,22:45:20,22:45:50,50.59,64.98,
server_16,22:45:30,22:46:00,55.29,55.54,
server_16,22:45:40,22:46:10,48.48,60.94,
server_16,22:45:50,22:46:20,48.2,54.82,
server_16,22:46:00,22:46:30,50.43,53.71,
server_16,22:46:10,22:46:40,55.37,41.67,
server_16,22:46:20,22:46:50,57.81,39.55,
server_16,22:46:30,22:47:00,58.44,32.8,
server_16,22:46:40,22:47:10,54.93,49.01,
server_16,22:46:50,22:47:20,52.63,46.08,
server_16,22:47:00,22:47:30,52.53,57.15,
server_16,22:47:10,22:47:40,39.15,54.07,
server_16,22:47:20,22:47:50,49.96,58.24,
server_16,22:47:30,22:48:00,45.34,54.02,
server_16,22:47:40,22:48:10,56.1,53.5,
server_16,22:47:50,22:48:20,53.07,53.23,
server_16,22:48:00,22:48:30,56.57,57.48,
server_16,22:48:10,22:48:40,71.89,42.56,
server_16,22:48:20,22:48:50,60.42,45.63,
server_16,22:48:30,22:49:00,50.85,47.85,
server_16,22:48:40,22:49:10,34.77,60.34,
server_16,22:48:50,22:49:20,54.28,53.14,
server_16,22:49:00,22:49:30,61.88,47.29,
server_16,22:49:10,22:49:40,59.8,56.98,
server_16,22:49:20,22:49:50,49.76,69.51,
server_16,22:49:30,22:50:00,56.31,80.32,
server_16,22:49:40,22:50:10,58.89,72.53,
server_16,22:49:50,22:50:20,70.22,60.97,
server_16,22:50:00,22:50:30,66.44,53.65,
server_16,22:50:10,22:50:40,65.58,55.72,
server_16,22:50:20,22:50:50,63.95,57.81,
server_16,22:50:30,22:51:00,49.39,62.06,
server_16,22:50:40,22:51:10,55.36,60.26,
server_16,22:50:50,22:51:20,41.2,51.09,
server_16,22:51:00,22:51:30,45.48,51.38,
server_16,22:51:10,22:51:40,38.93,49.01,
server_16,22:51:20,22:51:50,48.16,67.08,
server_16,22:51:30,22:52:00,45.89,64.69,
server_16,22:51:40,22:52:10,52.69,54.62,
server_16,22:51:50,22:52:20,49.22,37.63,
server_16,22:52:00,22:52:30,59.4,40.34,
server_16,22:52:10,22:52:40,59.65,44.25,
server_16,22:52:20,22:52:50,56.99,51.11,
server_16,22:52:30,22:53:00,45.24,44.3,
server_16,22:52:40,22:53:10,35.82,52.88,
server_16,22:52:50,22:53:20,18.22,52.72,
server_17,20:53:00,20:53:30,48.24,49.62,
server_17,20:53:10,20:53:40,58.79,65.55,
server_17,20:53:20,20:53:50,69.47,69.39,
server_17,20:53:30,20:54:00,64.52,70.28,
server_17,20:53:40,20:54:10,61.7,56.45,
server_17,20:53:50,20:54:20,54.2,54.92,
server_17,20:54:00,20:54:30,52.59,63.02,
server_17,20:54:10,20:54:40,39.63,69.98,
server_17,20:54:20,20:54:50,51.91,74.78,
server_17,20:54:30,20:55:00,60.28,67.49,
server_17,20:54:40,20:55:10,65.95,62.31,
server_17,20:54:50,20:55:20,53.11,47.7,
server_17,20:55:00,20:55:30,48.26,44.51,
server_17,20:55:10,20:55:40,41.42,53.25,
server_17,20:55:20,20:55:50,42.96,55.0,
server_17,20:55:30,20:56:00,45.69,60.75,
server_17,20:55:40,20:56:10,57.6,57.2,
server_17,20:55:50,20:56:20,53.03,58.23,
server_17,20:56:00,20:56:30,59.99,60.8,
server_17,20:56:10,20:56:40,55.04,55.45,
server_17,20:56:20,20:56:50,47.26,60.29,
server_17,20:56:30,20:57:00,46.77,44.17,
server_17,20:56:40,20:57:10,49.98,50.36,
server_17,20:56:50,20:57:20,61.16,35.76,
server_17,20:57:00,20:57:30,52.95,45.32,
server_17,20:57:10,20:57:40,50.98,43.75,
server_17,20:57:20,20:57:50,45.95,59.6,
server_17,20:57:30,20:58:00,56.25,69.3,
server_17,20:57:40,20:58:10,52.56,65.53,
server_17,20:57:50,20:58:20,55.96,56.33,
server_17,20:58:00,20:58:30,36.16,51.29,
server_17,20:58:10,20:58:40,48.08,41.76,
server_17,20:58:20,20:58:50,42.75,44.46,
server_17,20:58:30,20:59:00,51.79,40.32,
server_17,20:58:40,20:59:10,36.87,44.52,
server_17,20:58:50,20:59:20,36.69,51.46,
server_17,20:59:00,20:59:30,43.94,56.0,
server_17,20:59:10,20:59:40,46.34,56.78,
server_17,20:59:20,20:59:50,55.68,49.36,
server_17,20:59:30,21:00:00,49.06,47.07,
server_17,20:59:40,21:00:10,66.12,52.27,
server_17,20:59:50,21:00:20,75.52,53.81,
server_17,21:00:00,21:00:30,79.2,54.82,
server_17,21:00:10,21:00:40,58.05,48.42,
server_17,21:00:20,21:00:50,53.88,38.46,
server_17,21:00:30,21:01:00,51.43,39.22,
server_17,21:00:40,21:01:10,59.61,41.44,
server_17,21:00:50,21:01:20,52.63,53.42,
server_17,21:01:00,21:01:30,54.2,62.38,
server_17,21:01:10,21:01:40,53.81,65.56,
server_17,21:01:20,21:01:50,41.7,76.09,
server_17,21:01:30,21:02:00,49.19,66.26,
server_17,21:01:40,21:02:10,53.22,55.78,
server_17,21:01:50,21:02:20,61.16,36.19,
server_17,21:02:00,21:02:30,52.89,31.73,
server_17,21:02:10,21:02:40,48.75,55.43,
server_17,21:02:20,21:02:50,57.22,54.98,
server_17,21:02:30,21:03:00,52.94,53.27,
server_17,21:02:40,21:03:10,49.6,38.73,
server_17,21:02:50,21:03:20,47.43,48.88,
server_17,21:03:00,21:03:30,55.73,56.32,
server_17,21:03:10,21:03:40,57.41,72.22,
server_17,21:03:20,21:03:50,42.17,69.51,
server_17,21:03:30,21:04:00,42.59,69.75,
server_17,21:03:40,21:04:10,39.63,54.56,
server_17,21:03:50,21:04:20,49.85,53.08,
server_17,21:04:00,21:04:30,53.98,60.48,
server_17,21:04:10,21:04:40,53.96,58.75,
server_17,21:04:20,21:04:50,56.6,64.09,
server_17,21:04:30,21:05:00,57.67,59.57,
server_17,21:04:40,21:05:10,60.22,61.84,
server_17,21:04:50,21:05:20,44.85,68.79,
server_17,21:05:00,21:05:30,30.57,58.51,
server_17,21:05:10,21:05:40,46.71,72.72,
server_17,21:05:20,21:05:50,64.88,59.48,
server_17,21:05:30,21:06:00,70.28,64.41,
server_17,21:05:40,21:06:10,59.51,54.22,
server_17,21:05:50,21:06:20,56.68,57.1,
server_17,21:06:00,21:06:30,48.95,49.11,
server_17,21:06:10,21:06:40,42.58,42.15,
server_17,21:06:20,21:06:50,46.85,37.95,
server_17,21:06:30,21:07:00,51.58,46.44,
server_17,21:06:40,21:07:10,59.64,50.34,
server_17,21:06:50,21:07:20,47.48,47.52,
server_17,21:07:00,21:07:30,56.09,36.32,
server_17,21:07:10,21:07:40,54.97,40.16,
server_17,21:07:20,21:07:50,59.63,40.9,
server_17,21:07:30,21:08:00,61.78,44.13,
server_17,21:07:40,21:08:10,50.91,48.6,
server_17,21:07:50,21:08:20,43.05,61.53,
server_17,21:08:00,21:08:30,38.21,70.83,
server_17,21:08:10,21:08:40,49.52,55.79,
server_17,21:08:20,21:08:50,59.6,43.71,
server_17,21:08:30,21:09:00,55.45,42.15,
server_17,21:08:40,21:09:10,52.5,51.48,
server_17,21:08:50,21:09:20,54.29,58.16,
server_17,21:09:00,21:09:30,51.16,54.05,
server_17,21:09:10,21:09:40,53.8,43.05,
server_17,21:09:20,21:09:50,64.34,39.72,
server_17,21:09:30,21:10:00,72.56,33.38,
server_17,21:09:40,21:10:10,69.52,42.76,
server_17,21:09:50,21:10:20,55.54,43.67,
server_17,21:10:00,21:10:30,56.99,43.0,
server_17,21:10:10,21:10:40,52.87,39.45,
server_17,21:10:20,21:10:50,44.83,41.55,
server_17,21:10:30,21:11:00,37.71,52.85,
server_17,21:10:40,21:11:10,50.74,51.97,
server_17,21:10:50,21:11:20,68.73,44.89,
server_17,21:11:00,21:11:30,68.06,38.67,
server_17,21:11:10,21:11:40,57.69,37.08,
server_17,21:11:20,21:11:50,60.52,35.54,
server_17,21:11:30,21:12:00,54.18,42.56,
server_17,21:11:40,21:12:10,64.55,54.93,
server_17,21:11:50,21:12:20,61.34,61.11,
server_17,21:12:00,21:12:30,78.36,64.52,
server_17,21:12:10,21:12:40,65.62,52.73,
server_17,21:12:20,21:12:50,59.08,53.99,
server_17,21:12:30,21:13:00,45.89,55.65,
server_17,21:12:40,21:13:10,49.88,59.99,
server_17,21:12:50,21:13:20,45.62,56.04,
server_17,21:13:00,21:13:30,41.64,44.33,
server_17,21:13:10,21:13:40,54.6,43.04,
server_17,21:13:20,21:13:50,68.29,37.8,
server_17,21:13:30,21:14:00,84.78,41.06,
server_17,21:13:40,21:14:10,62.84,34.39,
server_17,21:13:50,21:14:20,51.86,42.86,
server_17,21:14:00,21:14:30,39.73,39.04,
server_17,21:14:10,21:14:40,50.51,51.69,
server_17,21:14:20,21:14:50,44.13,47.73,
server_17,21:14:30,21:15:00,56.63,52.25,
server_17,21:14:40,21:15:10,51.71,47.29,
server_17,21:14:50,21:15:20,52.64,41.2,
server_17,21:15:00,21:15:30,42.21,43.15,
server_17,21:15:10,21:15:40,45.45,55.49,
server_17,21:15:20,21:15:50,61.33,68.44,
server_17,21:15:30,21:16:00,64.99,64.27,
server_17,21:15:40,21:16:10,65.14,47.01,
server_17,21:15:50,21:16:20,56.58,44.79,
server_17,21:16:00,21:16:30,57.78,39.19,
server_17,21:16:10,21:16:40,63.73,43.59,
server_17,21:16:20,21:16:50,55.19,37.43,
server_17,21:16:30,21:17:00,50.14,41.2,
server_17,21:16:40,21:17:10,36.58,46.39,
server_17,21:16:50,21:17:20,45.81,54.11,
server_17,21:17:00,21:17:30,50.15,66.6,
server_17,21:17:10,21:17:40,60.16,65.13,
server_17,21:17:20,21:17:50,65.84,57.21,
server_17,21:17:30,21:18:00,71.86,38.85,
server_17,21:17:40,21:18:10,66.93,34.11,
server_17,21:17:50,21:18:20,55.56,36.0,
server_17,21:18:00,21:18:30,43.68,54.06,
server_17,21:18:10,21:18:40,37.18,50.77,
server_17,21:18:20,21:18:50,29.21,67.71,
server_17,21:18:30,21:19:00,27.69,71.29,
server_17,21:18:40,21:19:10,32.71,71.73,
server_17,21:18:50,21:19:20,54.41,51.37,
server_17,21:19:00,21:19:30,64.75,36.57,
server_17,21:19:10,21:19:40,67.69,42.66,
server_17,21:19:20,21:19:50,52.68,57.33,
server_17,21:19:30,21:20:00,42.68,66.46,
server_17,21:19:40,21:20:10,40.15,62.94,
server_17,21:19:50,21:20:20,44.49,53.31,
server_17,21:20:00,21:20:30,40.97,62.81,
server_17,21:20:10,21:20:40,52.48,69.95,
server_17,21:20:20,21:20:50,60.96,82.79,
server_17,21:20:30,21:21:00,62.43,75.86,
server_17,21:20:40,21:21:10,50.24,71.63,
server_17,21:20:50,21:21:20,40.52,61.08,
server_17,21:21:00,21:21:30,46.11,48.63,
server_17,21:21:10,21:21:40,42.86,53.85,
server_17,21:21:20,21:21:50,47.57,38.33,
server_17,21:21:30,21:22:00,49.02,40.38,
server_17,21:21:40,21:22:10,70.23,20.11,
server_17,21:21:50,21:22:20,67.15,35.73,
server_17,21:22:00,21:22:30,66.68,41.59,
server_17,21:22:10,21:22:40,50.53,56.16,
server_17,21:22:20,21:22:50,65.02,54.25,
server_17,21:22:30,21:23:00,77.86,62.03,
server_17,21:22:40,21:23:10,73.71,56.07,
server_17,21:22:50,21:23:20,54.1,64.43,
server_17,21:23:00,21:23:30,54.53,66.31,
server_17,21:23:10,21:23:40,64.02,65.68,
server_17,21:23:20,21:23:50,74.87,65.48,
server_17,21:23:30,21:24:00,64.76,59.61,
server_17,21:23:40,21:24:10,57.16,66.58,
server_17,21:23:50,21:24:20,56.35,57.97,
server_17,21:24:00,21:24:30,58.86,60.04,
server_17,21:24:10,21:24:40,64.21,59.38,
server_17,21:24:20,21:24:50,58.44,73.0,
server_17,21:24:30,21:25:00,58.32,67.54,
server_17,21:24:40,21:25:10,60.39,74.62,
server_17,21:24:50,21:25:20,67.15,53.51,
server_17,21:25:00,21:25:30,67.06,47.67,
server_17,21:25:10,21:25:40,58.97,39.36,
server_17,21:25:20,21:25:50,55.98,46.52,
server_17,21:25:30,21:26:00,61.34,42.08,
server_17,21:25:40,21:26:10,65.51,37.57,
server_17,21:25:50,21:26:20,61.22,41.43,
server_17,21:26:00,21:26:30,43.62,50.5,
server_17,21:26:10,21:26:40,35.86,51.48,
server_17,21:26:20,21:26:50,37.59,50.14,
server_17,21:26:30,21:27:00,43.71,47.64,
server_17,21:26:40,21:27:10,62.41,37.43,
server_17,21:26:50,21:27:20,54.52,28.53,
server_17,21:27:00,21:27:30,52.36,33.26,
server_17,21:27:10,21:27:40,47.97,55.59,
server_17,21:27:20,21:27:50,46.8,73.19,
server_17,21:27:30,21:28:00,55.2,56.44,
server_17,21:27:40,21:28:10,46.45,49.72,
server_17,21:27:50,21:28:20,51.82,40.43,
server_17,21:28:00,21:28:30,39.19,46.94,
server_17,21:28:10,21:28:40,32.38,41.95,
server_17,21:28:20,21:28:50,36.15,31.95,
server_17,21:28:30,21:29:00,30.64,41.8,
server_17,21:28:40,21:29:10,38.66,48.63,
server_17,21:28:50,21:29:20,39.38,57.67,
server_17,21:29:00,21:29:30,39.52,57.17,
server_17,21:29:10,21:29:40,48.96,59.27,
server_17,21:29:20,21:29:50,40.76,53.23,
server_17,21:29:30,21:30:00,48.76,44.16,
server_17,21:29:40,21:30:10,40.41,41.57,
server_17,21:29:50,21:30:20,37.6,60.48,
server_17,21:30:00,21:30:30,43.36,66.22,
server_17,21:30:10,21:30:40,43.81,62.29,
server_17,21:30:20,21:30:50,53.58,56.99,
server_17,21:30:30,21:31:00,51.08,70.95,
server_17,21:30:40,21:31:10,54.01,74.87,
server_17,21:30:50,21:31:20,58.85,70.54,
server_17,21:31:00,21:31:30,55.62,51.82,
server_17,21:31:10,21:31:40,54.17,61.86,
server_17,21:31:20,21:31:50,52.0,52.37,
server_17,21:31:30,21:32:00,52.71,66.42,
server_17,21:31:40,21:32:10,55.58,52.17,
server_17,21:31:50,21:32:20,49.04,56.55,
server_17,21:32:00,21:32:30,53.74,44.54,
server_17,21:32:10,21:32:40,43.98,41.74,
server_17,21:32:20,21:32:50,53.85,47.55,
server_17,21:32:30,21:33:00,40.07,54.58,
server_17,21:32:40,21:33:10,37.93,59.65,
server_17,21:32:50,21:33:20,29.75,58.45,
server_17,21:33:00,21:33:30,47.32,48.29,
server_17,21:33:10,21:33:40,57.01,50.16,
server_17,21:33:20,21:33:50,61.21,49.95,
server_17,21:33:30,21:34:00,59.08,69.63,
server_17,21:33:40,21:34:10,59.22,72.89,
server_17,21:33:50,21:34:20,61.15,60.89,
server_17,21:34:00,21:34:30,69.71,44.16,
server_17,21:34:10,21:34:40,63.24,37.66,
server_17,21:34:20,21:34:50,63.2,45.68,
server_17,21:34:30,21:35:00,57.54,39.37,
server_17,21:34:40,21:35:10,70.79,50.86,
server_17,21:34:50,21:35:20,76.46,60.68,
server_17,21:35:00,21:35:30,69.73,69.88,
server_17,21:35:10,21:35:40,67.84,57.64,
server_17,21:35:20,21:35:50,56.02,61.37,
server_17,21:35:30,21:36:00,59.79,63.54,
server_17,21:35:40,21:36:10,48.28,60.2,
server_17,21:35:50,21:36:20,47.22,44.95,
server_17,21:36:00,21:36:30,51.85,33.41,
server_17,21:36:10,21:36:40,55.13,38.89,
server_17,21:36:20,21:36:50,49.91,35.88,
server_17,21:36:30,21:37:00,48.07,48.34,
server_17,21:36:40,21:37:10,45.73,46.91,
server_17,21:36:50,21:37:20,52.16,55.57,
server_17,21:37:00,21:37:30,52.58,59.91,
server_17,21:37:10,21:37:40,52.99,62.26,
server_17,21:37:20,21:37:50,54.67,54.28,
server_17,21:37:30,21:38:00,52.23,45.57,
server_17,21:37:40,21:38:10,50.13,53.72,
server_17,21:37:50,21:38:20,51.72,64.56,
server_17,21:38:00,21:38:30,44.94,60.37,
server_17,21:38:10,21:38:40,60.03,60.26,
server_17,21:38:20,21:38:50,52.67,55.64,
server_17,21:38:30,21:39:00,52.53,54.47,
server_17,21:38:40,21:39:10,45.58,45.07,
server_17,21:38:50,21:39:20,51.48,37.12,
server_17,21:39:00,21:39:30,62.32,38.66,
server_17,21:39:10,21:39:40,50.45,43.97,
server_17,21:39:20,21:39:50,64.06,63.67,
server_17,21:39:30,21:40:00,61.6,57.94,
server_17,21:39:40,21:40:10,62.69,48.28,
server_17,21:39:50,21:40:20,52.23,40.44,
server_17,21:40:00,21:40:30,54.47,47.1,
server_17,21:40:10,21:40:40,51.12,56.38,
server_17,21:40:20,21:40:50,51.88,56.96,
server_17,21:40:30,21:41:00,52.47,58.26,
server_17,21:40:40,21:41:10,65.58,55.17,
server_17,21:40:50,21:41:20,64.1,56.0,
server_17,21:41:00,21:41:30,55.84,56.85,
server_17,21:41:10,21:41:40,56.23,55.02,
server_17,21:41:20,21:41:50,56.87,58.13,
server_17,21:41:30,21:42:00,48.18,67.62,
server_17,21:41:40,21:42:10,37.26,65.83,
server_17,21:41:50,21:42:20,43.02,68.0,
server_17,21:42:00,21:42:30,57.94,66.47,
server_17,21:42:10,21:42:40,66.38,64.37,
server_17,21:42:20,21:42:50,53.9,49.75,
server_17,21:42:30,21:43:00,40.82,48.81,
server_17,21:42:40,21:43:10,49.31,58.89,
server_17,21:42:50,21:43:20,43.39,65.48,
server_17,21:43:00,21:43:30,34.84,74.3,
server_17,21:43:10,21:43:40,16.24,70.16,
server_17,21:43:20,21:43:50,29.28,68.24,
server_17,21:43:30,21:44:00,51.38,58.15,
server_17,21:43:40,21:44:10,60.97,59.81,
server_17,21:43:50,21:44:20,70.51,70.52,
server_17,21:44:00,21:44:30,63.81,67.9,
server_17,21:44:10,21:44:40,63.25,64.36,
server_17,21:44:20,21:44:50,50.65,67.01,
server_17,21:44:30,21:45:00,65.22,61.31,
server_17,21:44:40,21:45:10,67.34,60.81,
server_17,21:44:50,21:45:20,72.0,42.08,
server_17,21:45:00,21:45:30,73.49,33.13,
server_17,21:45:10,21:45:40,76.49,40.1,
server_17,21:45:20,21:45:50,74.06,35.08,
server_17,21:45:30,21:46:00,71.83,58.49,
server_17,21:45:40,21:46:10,65.23,57.92,
server_17,21:45:50,21:46:20,61.15,79.39,
server_17,21:46:00,21:46:30,49.66,73.01,
server_17,21:46:10,21:46:40,42.91,70.95,
server_17,21:46:20,21:46:50,43.17,54.65,
server_17,21:46:30,21:47:00,40.48,46.83,
server_17,21:46:40,21:47:10,54.58,39.65,
server_17,21:46:50,21:47:20,58.63,35.45,
server_17,21:47:00,21:47:30,61.35,43.66,
server_17,21:47:10,21:47:40,71.9,46.94,
server_17,21:47:20,21:47:50,60.89,49.85,
server_17,21:47:30,21:48:00,64.69,37.93,
server_17,21:47:40,21:48:10,41.79,48.3,
server_17,21:47:50,21:48:20,43.49,60.01,
server_17,21:48:00,21:48:30,44.85,73.96,
server_17,21:48:10,21:48:40,48.91,61.69,
server_17,21:48:20,21:48:50,54.04,59.57,
server_17,21:48:30,21:49:00,54.46,53.08,
server_17,21:48:40,21:49:10,59.9,52.35,
server_17,21:48:50,21:49:20,63.11,54.02,
server_17,21:49:00,21:49:30,59.89,48.69,
server_17,21:49:10,21:49:40,69.46,63.3,
server_17,21:49:20,21:49:50,71.05,50.07,
server_17,21:49:30,21:50:00,77.44,61.55,
server_17,21:49:40,21:50:10,79.69,39.6,
server_17,21:49:50,21:50:20,74.45,43.06,
server_17,21:50:00,21:50:30,62.54,36.05,
server_17,21:50:10,21:50:40,49.57,43.86,
server_17,21:50:20,21:50:50,51.27,45.9,
server_17,21:50:30,21:51:00,52.29,45.84,
server_17,21:50:40,21:51:10,59.41,46.49,
server_17,21:50:50,21:51:20,70.68,48.05,
server_17,21:51:00,21:51:30,73.24,53.26,
server_17,21:51:10,21:51:40,57.05,47.24,
server_17,21:51:20,21:51:50,54.13,44.0,
server_17,21:51:30,21:52:00,49.39,39.11,
server_17,21:51:40,21:52:10,54.93,45.32,
server_17,21:51:50,21:52:20,44.65,56.96,
server_17,21:52:00,21:52:30,60.0,68.79,
server_17,21:52:10,21:52:40,60.34,66.31,
server_17,21:52:20,21:52:50,59.86,68.83,
server_17,21:52:30,21:53:00,42.48,51.98,
server_17,21:52:40,21:53:10,41.75,58.98,
server_17,21:52:50,21:53:20,40.04,46.52,
server_17,21:53:00,21:53:30,43.17,59.34,
server_17,21:53:10,21:53:40,45.8,72.29,
server_17,21:53:20,21:53:50,48.8,67.46,
server_17,21:53:30,21:54:00,38.3,60.66,
server_17,21:53:40,21:54:10,41.31,49.59,
server_17,21:53:50,21:54:20,54.23,49.24,
server_17,21:54:00,21:54:30,75.34,44.59,
server_17,21:54:10,21:54:40,74.0,43.38,
server_17,21:54:20,21:54:50,67.95,41.53,
server_17,21:54:30,21:55:00,58.28,47.41,
server_17,21:54:40,21:55:10,46.14,47.59,
server_17,21:54:50,21:55:20,38.92,54.19,
server_17,21:55:00,21:55:30,32.19,46.9,
server_17,21:55:10,21:55:40,41.19,45.95,
server_17,21:55:20,21:55:50,47.47,54.69,
server_17,21:55:30,21:56:00,43.69,71.26,
server_17,21:55:40,21:56:10,51.54,69.29,
server_17,21:55:50,21:56:20,45.86,61.21,
server_17,21:56:00,21:56:30,62.49,48.17,
server_17,21:56:10,21:56:40,55.71,51.29,
server_17,21:56:20,21:56:50,55.81,51.99,
server_17,21:56:30,21:57:00,51.94,55.57,
server_17,21:56:40,21:57:10,53.97,51.51,
server_17,21:56:50,21:57:20,61.16,43.68,
server_17,21:57:00,21:57:30,55.89,32.76,
server_17,21:57:10,21:57:40,56.37,33.61,
server_17,21:57:20,21:57:50,47.9,52.28,
server_17,21:57:30,21:58:00,59.27,59.21,
server_17,21:57:40,21:58:10,72.94,70.46,
server_17,21:57:50,21:58:20,74.88,59.45,
server_17,21:58:00,21:58:30,59.72,69.0,
server_17,21:58:10,21:58:40,43.37,57.85,
server_17,21:58:20,21:58:50,37.42,56.93,
server_17,21:58:30,21:59:00,47.31,51.12,
server_17,21:58:40,21:59:10,51.41,39.15,
server_17,21:58:50,21:59:20,49.73,44.88,
server_17,21:59:00,21:59:30,47.87,45.88,
server_17,21:59:10,21:59:40,53.44,63.41,
server_17,21:59:20,21:59:50,70.61,65.16,
server_17,21:59:30,22:00:00,67.69,57.97,
server_17,21:59:40,22:00:10,61.18,54.51,
server_17,21:59:50,22:00:20,54.82,40.33,
server_17,22:00:00,22:00:30,53.06,51.56,
server_17,22:00:10,22:00:40,52.06,49.8,
server_17,22:00:20,22:00:50,38.45,59.64,
server_17,22:00:30,22:01:00,51.69,41.66,
server_17,22:00:40,22:01:10,54.48,36.34,
server_17,22:00:50,22:01:20,60.63,42.93,
server_17,22:01:00,22:01:30,56.83,47.37,
server_17,22:01:10,22:01:40,49.59,60.79,
server_17,22:01:20,22:01:50,48.69,59.35,
server_17,22:01:30,22:02:00,54.66,69.79,
server_17,22:01:40,22:02:10,56.82,57.75,
server_17,22:01:50,22:02:20,75.45,52.2,
server_17,22:02:00,22:02:30,63.5,46.08,
server_17,22:02:10,22:02:40,62.91,51.1,
server_17,22:02:20,22:02:50,48.28,47.44,
server_17,22:02:30,22:03:00,38.91,53.99,
server_17,22:02:40,22:03:10,39.97,51.37,
server_17,22:02:50,22:03:20,33.4,61.57,
server_17,22:03:00,22:03:30,42.3,52.43,
server_17,22:03:10,22:03:40,43.65,52.88,
server_17,22:03:20,22:03:50,45.45,42.68,
server_17,22:03:30,22:04:00,39.9,41.2,
server_17,22:03:40,22:04:10,39.67,38.76,
server_17,22:03:50,22:04:20,40.16,41.16,
server_17,22:04:00,22:04:30,61.13,33.81,
server_17,22:04:10,22:04:40,67.87,38.53,
server_17,22:04:20,22:04:50,73.51,40.58,
server_17,22:04:30,22:05:00,55.13,62.91,
server_17,22:04:40,22:05:10,51.6,64.46,
server_17,22:04:50,22:05:20,60.38,60.16,
server_17,22:05:00,22:05:30,66.29,53.43,
server_17,22:05:10,22:05:40,52.57,55.41,
server_17,22:05:20,22:05:50,53.33,65.41,
server_17,22:05:30,22:06:00,51.56,67.07,
server_17,22:05:40,22:06:10,64.55,62.12,
server_17,22:05:50,22:06:20,50.56,50.75,
server_17,22:06:00,22:06:30,51.22,44.79,
server_17,22:06:10,22:06:40,48.37,56.59,
server_17,22:06:20,22:06:50,49.39,60.79,
server_17,22:06:30,22:07:00,41.23,56.23,
server_17,22:06:40,22:07:10,44.06,43.22,
server_17,22:06:50,22:07:20,43.14,39.88,
server_17,22:07:00,22:07:30,51.98,47.33,
server_17,22:07:10,22:07:40,37.86,61.69,
server_17,22:07:20,22:07:50,41.09,63.82,
server_17,22:07:30,22:08:00,40.94,69.07,
server_17,22:07:40,22:08:10,50.65,50.11,
server_17,22:07:50,22:08:20,51.25,51.3,
server_17,22:08:00,22:08:30,55.81,50.72,
server_17,22:08:10,22:08:40,55.7,58.57,
server_17,22:08:20,22:08:50,58.28,63.25,
server_17,22:08:30,22:09:00,55.77,57.78,
server_17,22:08:40,22:09:10,53.96,63.12,
server_17,22:08:50,22:09:20,57.89,54.27,
server_17,22:09:00,22:09:30,56.6,61.49,
server_17,22:09:10,22:09:40,67.39,49.49,
server_17,22:09:20,22:09:50,60.86,52.47,
server_17,22:09:30,22:10:00,60.25,47.64,
server_17,22:09:40,22:10:10,57.18,53.95,
server_17,22:09:50,22:10:20,66.85,48.56,
server_17,22:10:00,22:10:30,77.98,34.23,
server_17,22:10:10,22:10:40,74.06,31.78,
server_17,22:10:20,22:10:50,71.5,35.42,
server_17,22:10:30,22:11:00,55.57,42.77,
server_17,22:10:40,22:11:10,63.84,55.71,
server_17,22:10:50,22:11:20,55.06,58.54,
server_17,22:11:00,22:11:30,61.63,64.67,
server_17,22:11:10,22:11:40,66.17,52.46,
server_17,22:11:20,22:11:50,72.55,51.39,
server_17,22:11:30,22:12:00,74.0,54.65,
server_17,22:11:40,22:12:10,59.72,54.68,
server_17,22:11:50,22:12:20,43.96,69.64,
server_17,22:12:00,22:12:30,35.36,66.97,
server_17,22:12:10,22:12:40,41.77,73.34,
server_17,22:12:20,22:12:50,64.89,63.84,
server_17,22:12:30,22:13:00,66.36,71.5,
server_17,22:12:40,22:13:10,62.28,68.06,
server_17,22:12:50,22:13:20,46.32,64.95,
server_17,22:13:00,22:13:30,53.02,48.23,
server_17,22:13:10,22:13:40,57.86,34.76,
server_17,22:13:20,22:13:50,52.43,28.52,
server_17,22:13:30,22:14:00,43.38,32.2,
server_17,22:13:40,22:14:10,43.61,36.62,
server_17,22:13:50,22:14:20,56.34,45.27,
server_17,22:14:00,22:14:30,59.2,48.93,
server_17,22:14:10,22:14:40,49.64,47.88,
server_17,22:14:20,22:14:50,40.18,43.79,
server_17,22:14:30,22:15:00,49.63,35.94,
server_17,22:14:40,22:15:10,50.76,39.33,
server_17,22:14:50,22:15:20,62.56,39.11,
server_17,22:15:00,22:15:30,43.64,48.73,
server_17,22:15:10,22:15:40,54.66,49.08,
server_17,22:15:20,22:15:50,47.7,41.39,
server_17,22:15:30,22:16:00,58.2,36.61,
server_17,22:15:40,22:16:10,49.29,35.77,
server_17,22:15:50,22:16:20,44.72,40.51,
server_17,22:16:00,22:16:30,53.32,38.09,
server_17,22:16:10,22:16:40,67.09,32.69,
server_17,22:16:20,22:16:50,64.79,38.84,
server_17,22:16:30,22:17:00,57.55,58.85,
server_17,22:16:40,22:17:10,52.53,75.77,
server_17,22:16:50,22:17:20,58.78,73.78,
server_17,22:17:00,22:17:30,56.91,61.73,
server_17,22:17:10,22:17:40,46.36,50.25,
server_17,22:17:20,22:17:50,49.55,49.78,
server_17,22:17:30,22:18:00,49.16,49.09,
server_17,22:17:40,22:18:10,56.4,53.87,
server_17,22:17:50,22:18:20,49.68,50.21,
server_17,22:18:00,22:18:30,41.46,38.09,
server_17,22:18:10,22:18:40,39.08,38.54,
server_17,22:18:20,22:18:50,39.8,41.76,
server_17,22:18:30,22:19:00,45.8,45.74,
server_17,22:18:40,22:19:10,40.62,48.53,
server_17,22:18:50,22:19:20,45.08,52.08,
server_17,22:19:00,22:19:30,42.81,55.75,
server_17,22:19:10,22:19:40,44.66,49.72,
server_17,22:19:20,22:19:50,47.0,44.96,
server_17,22:19:30,22:20:00,58.18,53.1,
server_17,22:19:40,22:20:10,57.11,55.73,
server_17,22:19:50,22:20:20,61.79,62.19,
server_17,22:20:00,22:20:30,50.34,62.31,
server_17,22:20:10,22:20:40,55.25,50.05,
server_17,22:20:20,22:20:50,44.98,41.05,
server_17,22:20:30,22:21:00,63.15,21.92,
server_17,22:20:40,22:21:10,66.39,31.79,
server_17,22:20:50,22:21:20,67.56,36.29,
server_17,22:21:00,22:21:30,54.36,57.97,
server_17,22:21:10,22:21:40,42.19,55.25,
server_17,22:21:20,22:21:50,53.93,46.76,
server_17,22:21:30,22:22:00,53.25,39.34,
server_17,22:21:40,22:22:10,58.71,43.12,
server_17,22:21:50,22:22:20,56.05,61.0,
server_17,22:22:00,22:22:30,54.66,59.84,
server_17,22:22:10,22:22:40,55.13,57.95,
server_17,22:22:20,22:22:50,46.79,51.35,
server_17,22:22:30,22:23:00,54.53,46.07,
server_17,22:22:40,22:23:10,59.02,53.69,
server_17,22:22:50,22:23:20,56.52,55.88,
server_17,22:23:00,22:23:30,56.25,52.32,
server_17,22:23:10,22:23:40,44.29,41.39,
server_17,22:23:20,22:23:50,48.64,36.09,
server_17,22:23:30,22:24:00,48.0,46.29,
server_17,22:23:40,22:24:10,50.18,56.34,
server_17,22:23:50,22:24:20,57.07,52.75,
server_17,22:24:00,22:24:30,46.25,56.66,
server_17,22:24:10,22:24:40,44.56,47.77,
server_17,22:24:20,22:24:50,26.53,53.62,
server_17,22:24:30,22:25:00,33.32,51.96,
server_17,22:24:40,22:25:10,37.77,67.69,
server_17,22:24:50,22:25:20,47.62,64.84,
server_17,22:25:00,22:25:30,49.17,63.72,
server_17,22:25:10,22:25:40,52.9,46.59,
server_17,22:25:20,22:25:50,53.3,44.58,
server_17,22:25:30,22:26:00,54.34,45.04,
server_17,22:25:40,22:26:10,55.58,41.52,
server_17,22:25:50,22:26:20,47.81,41.88,
server_17,22:26:00,22:26:30,50.69,41.05,
server_17,22:26:10,22:26:40,46.94,47.54,
server_17,22:26:20,22:26:50,61.2,39.75,
server_17,22:26:30,22:27:00,48.43,34.5,
server_17,22:26:40,22:27:10,51.41,34.22,
server_17,22:26:50,22:27:20,52.21,49.27,
server_17,22:27:00,22:27:30,52.86,64.5,
server_17,22:27:10,22:27:40,54.24,67.24,
server_17,22:27:20,22:27:50,48.14,70.1,
server_17,22:27:30,22:28:00,50.61,54.85,
server_17,22:27:40,22:28:10,45.38,50.91,
server_17,22:27:50,22:28:20,46.16,42.07,
server_17,22:28:00,22:28:30,51.9,46.06,
server_17,22:28:10,22:28:40,54.06,48.29,
server_17,22:28:20,22:28:50,56.42,50.28,
server_17,22:28:30,22:29:00,57.09,38.93,
server_17,22:28:40,22:29:10,49.45,34.95,
server_17,22:28:50,22:29:20,42.62,34.46,
server_17,22:29:00,22:29:30,36.27,43.36,
server_17,22:29:10,22:29:40,39.4,58.35,
server_17,22:29:20,22:29:50,44.47,48.49,
server_17,22:29:30,22:30:00,45.46,45.65,
server_17,22:29:40,22:30:10,49.33,40.53,
server_17,22:29:50,22:30:20,46.53,49.59,
server_17,22:30:00,22:30:30,44.9,51.01,
server_17,22:30:10,22:30:40,45.78,44.75,
server_17,22:30:20,22:30:50,46.33,43.65,
server_17,22:30:30,22:31:00,54.88,50.9,
server_17,22:30:40,22:31:10,53.83,55.36,
server_17,22:30:50,22:31:20,56.4,44.87,
server_17,22:31:00,22:31:30,61.62,33.29,
server_17,22:31:10,22:31:40,70.56,41.35,
server_17,22:31:20,22:31:50,63.96,49.92,
server_17,22:31:30,22:32:00,65.71,65.92,
server_17,22:31:40,22:32:10,53.59,62.95,
server_17,22:31:50,22:32:20,55.72,74.2,
server_17,22:32:00,22:32:30,51.54,60.01,
server_17,22:32:10,22:32:40,56.91,48.89,
server_17,22:32:20,22:32:50,62.67,43.44,
server_17,22:32:30,22:33:00,57.41,38.95,
server_17,22:32:40,22:33:10,65.69,44.94,
server_17,22:32:50,22:33:20,60.97,42.98,
server_17,22:33:00,22:33:30,58.78,50.93,
server_17,22:33:10,22:33:40,53.94,54.08,
server_17,22:33:20,22:33:50,55.55,58.31,
server_17,22:33:30,22:34:00,60.2,54.16,
server_17,22:33:40,22:34:10,57.89,41.95,
server_17,22:33:50,22:34:20,52.39,44.92,
server_17,22:34:00,22:34:30,42.57,58.98,
server_17,22:34:10,22:34:40,41.55,72.25,
server_17,22:34:20,22:34:50,37.6,68.47,
server_17,22:34:30,22:35:00,36.86,68.36,
server_17,22:34:40,22:35:10,35.72,66.86,
server_17,22:34:50,22:35:20,43.54,67.06,
server_17,22:35:00,22:35:30,48.76,59.07,
server_17,22:35:10,22:35:40,51.57,42.98,
server_17,22:35:20,22:35:50,55.59,41.35,
server_17,22:35:30,22:36:00,64.67,49.12,
server_17,22:35:40,22:36:10,67.11,63.67,
server_17,22:35:50,22:36:20,62.2,62.02,
server_17,22:36:00,22:36:30,57.25,58.83,
server_17,22:36:10,22:36:40,52.01,62.37,
server_17,22:36:20,22:36:50,64.24,69.36,
server_17,22:36:30,22:37:00,63.0,65.34,
server_17,22:36:40,22:37:10,55.28,52.37,
server_17,22:36:50,22:37:20,37.25,40.22,
server_17,22:37:00,22:37:30,43.59,49.56,
server_17,22:37:10,22:37:40,46.74,52.36,
server_17,22:37:20,22:37:50,67.1,60.22,
server_17,22:37:30,22:38:00,67.54,58.03,
server_17,22:37:40,22:38:10,77.73,64.55,
server_17,22:37:50,22:38:20,67.98,65.42,
server_17,22:38:00,22:38:30,55.24,65.4,
server_17,22:38:10,22:38:40,51.59,62.91,
server_17,22:38:20,22:38:50,45.28,58.66,
server_17,22:38:30,22:39:00,48.91,49.93,
server_17,22:38:40,22:39:10,45.85,53.44,
server_17,22:38:50,22:39:20,50.67,47.23,
server_17,22:39:00,22:39:30,49.24,50.84,
server_17,22:39:10,22:39:40,47.16,43.67,
server_17,22:39:20,22:39:50,51.08,46.35,
server_17,22:39:30,22:40:00,56.19,56.02,
server_17,22:39:40,22:40:10,58.41,60.1,
server_17,22:39:50,22:40:20,56.11,66.9,
server_17,22:40:00,22:40:30,67.8,54.66,
server_17,22:40:10,22:40:40,66.21,52.25,
server_17,22:40:20,22:40:50,68.47,54.87,
server_17,22:40:30,22:41:00,48.69,61.67,
server_17,22:40:40,22:41:10,45.47,68.84,
server_17,22:40:50,22:41:20,36.45,59.92,
server_17,22:41:00,22:41:30,51.72,49.0,
server_17,22:41:10,22:41:40,59.13,45.52,
server_17,22:41:20,22:41:50,72.73,42.27,
server_17,22:41:30,22:42:00,74.64,57.22,
server_17,22:41:40,22:42:10,78.3,61.25,
server_17,22:41:50,22:42:20,70.14,80.86,
server_17,22:42:00,22:42:30,52.6,76.77,
server_17,22:42:10,22:42:40,43.39,68.43,
server_17,22:42:20,22:42:50,40.38,52.89,
server_17,22:42:30,22:43:00,55.77,53.36,
server_17,22:42:40,22:43:10,60.62,56.31,
server_17,22:42:50,22:43:20,68.72,51.4,
server_17,22:43:00,22:43:30,67.26,54.37,
server_17,22:43:10,22:43:40,67.02,54.14,
server_17,22:43:20,22:43:50,56.43,66.37,
server_17,22:43:30,22:44:00,49.02,53.25,
server_17,22:43:40,22:44:10,53.78,44.78,
server_17,22:43:50,22:44:20,57.47,35.55,
server_17,22:44:00,22:44:30,52.26,47.45,
server_17,22:44:10,22:44:40,45.82,57.89,
server_17,22:44:20,22:44:50,54.23,52.55,
server_17,22:44:30,22:45:00,53.15,37.92,
server_17,22:44:40,22:45:10,61.36,41.15,
server_17,22:44:50,22:45:20,51.75,50.12,
server_17,22:45:00,22:45:30,59.39,55.06,
server_17,22:45:10,22:45:40,39.96,54.9,
server_17,22:45:20,22:45:50,35.79,61.91,
server_17,22:45:30,22:46:00,28.34,55.67,
server_17,22:45:40,22:46:10,42.35,48.02,
server_17,22:45:50,22:46:20,54.75,44.71,
server_17,22:46:00,22:46:30,60.56,54.23,
server_17,22:46:10,22:46:40,69.25,55.84,
server_17,22:46:20,22:46:50,63.51,55.63,
server_17,22:46:30,22:47:00,62.66,51.55,
server_17,22:46:40,22:47:10,46.57,49.2,
server_17,22:46:50,22:47:20,47.83,41.23,
server_17,22:47:00,22:47:30,56.02,51.7,
server_17,22:47:10,22:47:40,53.07,59.47,
server_17,22:47:20,22:47:50,42.45,57.05,
server_17,22:47:30,22:48:00,39.94,53.64,
server_17,22:47:40,22:48:10,45.08,42.87,
server_17,22:47:50,22:48:20,44.5,53.17,
server_17,22:48:00,22:48:30,35.42,44.47,
server_17,22:48:10,22:48:40,44.14,55.66,
server_17,22:48:20,22:48:50,63.35,61.37,
server_17,22:48:30,22:49:00,64.31,73.06,
server_17,22:48:40,22:49:10,53.27,75.0,
server_17,22:48:50,22:49:20,42.56,64.43,
server_17,22:49:00,22:49:30,39.86,51.44,
server_17,22:49:10,22:49:40,47.65,35.89,
server_17,22:49:20,22:49:50,54.73,42.04,
server_17,22:49:30,22:50:00,61.84,46.46,
server_17,22:49:40,22:50:10,66.52,60.65,
server_17,22:49:50,22:50:20,55.09,52.38,
server_17,22:50:00,22:50:30,49.16,53.9,
server_17,22:50:10,22:50:40,41.13,40.47,
server_17,22:50:20,22:50:50,40.77,39.52,
server_17,22:50:30,22:51:00,51.38,36.37,
server_17,22:50:40,22:51:10,52.77,42.05,
server_17,22:50:50,22:51:20,59.62,51.23,
server_17,22:51:00,22:51:30,54.94,56.38,
server_17,22:51:10,22:51:40,57.01,61.78,
server_17,22:51:20,22:51:50,59.95,52.11,
server_17,22:51:30,22:52:00,58.26,43.41,
server_17,22:51:40,22:52:10,53.52,35.04,
server_17,22:51:50,22:52:20,51.68,42.89,
server_17,22:52:00,22:52:30,53.26,45.97,
server_17,22:52:10,22:52:40,59.99,47.74,
server_17,22:52:20,22:52:50,51.16,41.97,
server_17,22:52:30,22:53:00,48.71,45.72,
server_17,22:52:40,22:53:10,39.58,46.89,
server_17,22:52:50,22:53:20,46.19,54.03,
server_18,20:53:00,20:53:30,39.1,51.89,
server_18,20:53:10,20:53:40,27.69,46.15,
server_18,20:53:20,20:53:50,36.13,39.25,
server_18,20:53:30,20:54:00,53.89,52.35,
server_18,20:53:40,20:54:10,63.15,62.69,
server_18,20:53:50,20:54:20,63.39,62.44,
server_18,20:54:00,20:54:30,48.78,61.54,
server_18,20:54:10,20:54:40,50.48,65.78,
server_18,20:54:20,20:54:50,51.54,68.62,
server_18,20:54:30,20:55:00,57.53,61.3,
server_18,20:54:40,20:55:10,58.36,61.9,
server_18,20:54:50,20:55:20,57.01,61.3,
server_18,20:55:00,20:55:30,58.6,49.45,
server_18,20:55:10,20:55:40,60.97,47.08,
server_18,20:55:20,20:55:50,62.23,43.19,
server_18,20:55:30,20:56:00,57.8,69.38,
server_18,20:55:40,20:56:10,45.08,70.43,
server_18,20:55:50,20:56:20,48.41,63.96,
server_18,20:56:00,20:56:30,60.46,53.41,
server_18,20:56:10,20:56:40,62.33,45.58,
server_18,20:56:20,20:56:50,44.6,55.74,
server_18,20:56:30,20:57:00,29.56,49.7,
server_18,20:56:40,20:57:10,28.64,49.53,
server_18,20:56:50,20:57:20,48.46,40.09,
server_18,20:57:00,20:57:30,42.15,44.42,
server_18,20:57:10,20:57:40,44.83,51.98,
server_18,20:57:20,20:57:50,35.2,56.85,
server_18,20:57:30,20:58:00,39.57,60.01,
server_18,20:57:40,20:58:10,39.76,49.92,
server_18,20:57:50,20:58:20,40.54,48.19,
server_18,20:58:00,20:58:30,46.12,35.58,
server_18,20:58:10,20:58:40,46.69,45.91,
server_18,20:58:20,20:58:50,50.8,43.11,
server_18,20:58:30,20:59:00,57.72,46.69,
server_18,20:58:40,20:59:10,65.42,47.12,
server_18,20:58:50,20:59:20,73.23,50.62,
server_18,20:59:00,20:59:30,64.16,54.04,
server_18,20:59:10,20:59:40,59.88,52.47,
server_18,20:59:20,20:59:50,42.58,63.76,
server_18,20:59:30,21:00:00,46.02,60.42,
server_18,20:59:40,21:00:10,45.57,55.53,
server_18,20:59:50,21:00:20,50.34,60.17,
server_18,21:00:00,21:00:30,55.49,70.12,
server_18,21:00:10,21:00:40,54.79,66.94,
server_18,21:00:20,21:00:50,58.81,45.52,
server_18,21:00:30,21:01:00,44.85,42.91,
server_18,21:00:40,21:01:10,48.78,49.37,
server_18,21:00:50,21:01:20,44.9,58.15,
server_18,21:01:00,21:01:30,52.59,54.06,
server_18,21:01:10,21:01:40,51.55,55.72,
server_18,21:01:20,21:01:50,59.21,50.96,
server_18,21:01:30,21:02:00,55.43,50.69,
server_18,21:01:40,21:02:10,63.45,49.34,
server_18,21:01:50,21:02:20,54.38,47.85,
server_18,21:02:00,21:02:30,58.19,48.75,
server_18,21:02:10,21:02:40,41.1,39.38,
server_18,21:02:20,21:02:50,37.59,53.0,
server_18,21:02:30,21:03:00,41.52,51.44,
server_18,21:02:40,21:03:10,43.0,53.53,
server_18,21:02:50,21:03:20,53.03,38.76,
server_18,21:03:00,21:03:30,58.83,51.04,
server_18,21:03:10,21:03:40,72.97,57.71,
server_18,21:03:20,21:03:50,69.19,64.72,
server_18,21:03:30,21:04:00,68.01,61.43,
server_18,21:03:40,21:04:10,49.45,62.58,
server_18,21:03:50,21:04:20,56.99,56.64,
server_18,21:04:00,21:04:30,53.08,55.61,
server_18,21:04:10,21:04:40,61.17,51.54,
server_18,21:04:20,21:04:50,54.22,55.98,
server_18,21:04:30,21:05:00,44.65,58.59,
server_18,21:04:40,21:05:10,49.8,56.47,
server_18,21:04:50,21:05:20,46.1,51.78,
server_18,21:05:00,21:05:30,45.89,47.29,
server_18,21:05:10,21:05:40,44.96,52.68,
server_18,21:05:20,21:05:50,60.25,47.83,
server_18,21:05:30,21:06:00,72.46,46.83,
server_18,21:05:40,21:06:10,64.73,48.33,
server_18,21:05:50,21:06:20,48.29,55.24,
server_18,21:06:00,21:06:30,38.19,50.26,
server_18,21:06:10,21:06:40,51.13,46.59,
server_18,21:06:20,21:06:50,57.79,65.51,
server_18,21:06:30,21:07:00,58.93,75.21,
server_18,21:06:40,21:07:10,43.27,78.93,
server_18,21:06:50,21:07:20,31.19,67.94,
server_18,21:07:00,21:07:30,39.75,66.46,
server_18,21:07:10,21:07:40,47.52,61.39,
server_18,21:07:20,21:07:50,52.95,52.9,
server_18,21:07:30,21:08:00,57.6,50.38,
server_18,21:07:40,21:08:10,57.41,45.26,
server_18,21:07:50,21:08:20,61.08,45.43,
server_18,21:08:00,21:08:30,52.46,41.47,
server_18,21:08:10,21:08:40,48.56,47.29,
server_18,21:08:20,21:08:50,45.14,58.27,
server_18,21:08:30,21:09:00,42.57,57.16,
server_18,21:08:40,21:09:10,42.75,53.83,
server_18,21:08:50,21:09:20,48.79,38.04,
server_18,21:09:00,21:09:30,50.29,30.73,
server_18,21:09:10,21:09:40,51.87,29.86,
server_18,21:09:20,21:09:50,51.82,41.84,
server_18,21:09:30,21:10:00,49.02,54.9,
server_18,21:09:40,21:10:10,48.56,57.11,
server_18,21:09:50,21:10:20,50.35,57.09,
server_18,21:10:00,21:10:30,62.82,49.97,
server_18,21:10:10,21:10:40,70.38,44.3,
server_18,21:10:20,21:10:50,63.43,40.92,
server_18,21:10:30,21:11:00,66.33,56.43,
server_18,21:10:40,21:11:10,55.47,61.38,
server_18,21:10:50,21:11:20,55.0,67.69,
server_18,21:11:00,21:11:30,39.4,47.51,
server_18,21:11:10,21:11:40,54.09,42.09,
server_18,21:11:20,21:11:50,54.19,38.6,
server_18,21:11:30,21:12:00,57.92,33.94,
server_18,21:11:40,21:12:10,46.57,51.05,
server_18,21:11:50,21:12:20,54.93,51.01,
server_18,21:12:00,21:12:30,53.99,56.73,
server_18,21:12:10,21:12:40,61.09,44.26,
server_18,21:12:20,21:12:50,66.16,47.98,
server_18,21:12:30,21:13:00,70.69,58.83,
server_18,21:12:40,21:13:10,61.85,70.76,
server_18,21:12:50,21:13:20,47.37,64.81,
server_18,21:13:00,21:13:30,39.52,58.03,
server_18,21:13:10,21:13:40,56.97,36.51,
server_18,21:13:20,21:13:50,59.72,32.96,
server_18,21:13:30,21:14:00,72.24,28.72,
server_18,21:13:40,21:14:10,67.34,47.75,
server_18,21:13:50,21:14:20,69.31,53.82,
server_18,21:14:00,21:14:30,63.92,61.68,
server_18,21:14:10,21:14:40,66.03,48.95,
server_18,21:14:20,21:14:50,68.54,47.1,
server_18,21:14:30,21:15:00,61.82,44.61,
server_18,21:14:40,21:15:10,52.28,51.17,
server_18,21:14:50,21:15:20,45.44,41.43,
server_18,21:15:00,21:15:30,37.46,32.08,
server_18,21:15:10,21:15:40,32.51,29.11,
server_18,21:15:20,21:15:50,38.05,36.38,
server_18,21:15:30,21:16:00,45.03,40.79,
server_18,21:15:40,21:16:10,62.76,36.58,
server_18,21:15:50,21:16:20,60.04,37.75,
server_18,21:16:00,21:16:30,58.76,41.53,
server_18,21:16:10,21:16:40,39.7,43.63,
server_18,21:16:20,21:16:50,38.35,43.86,
server_18,21:16:30,21:17:00,44.34,43.52,
server_18,21:16:40,21:17:10,57.28,53.23,
server_18,21:16:50,21:17:20,60.41,52.27,
server_18,21:17:00,21:17:30,54.18,48.24,
server_18,21:17:10,21:17:40,43.49,42.92,
server_18,21:17:20,21:17:50,38.13,45.31,
server_18,21:17:30,21:18:00,39.9,51.65,
server_18,21:17:40,21:18:10,36.6,59.23,
server_18,21:17:50,21:18:20,38.62,57.38,
server_18,21:18:00,21:18:30,51.39,50.1,
server_18,21:18:10,21:18:40,59.29,45.33,
server_18,21:18:20,21:18:50,72.99,54.85,
server_18,21:18:30,21:19:00,62.27,63.07,
server_18,21:18:40,21:19:10,65.38,53.01,
server_18,21:18:50,21:19:20,61.11,50.02,
server_18,21:19:00,21:19:30,57.35,47.45,
server_18,21:19:10,21:19:40,58.42,47.08,
server_18,21:19:20,21:19:50,63.24,36.27,
server_18,21:19:30,21:20:00,70.01,41.87,
server_18,21:19:40,21:20:10,66.05,45.91,
server_18,21:19:50,21:20:20,55.38,52.76,
server_18,21:20:00,21:20:30,45.49,50.78,
server_18,21:20:10,21:20:40,43.32,57.41,
server_18,21:20:20,21:20:50,57.46,56.43,
server_18,21:20:30,21:21:00,73.4,46.63,
server_18,21:20:40,21:21:10,79.25,34.13,
server_18,21:20:50,21:21:20,65.56,31.05,
server_18,21:21:00,21:21:30,58.8,37.78,
server_18,21:21:10,21:21:40,56.42,39.9,
server_18,21:21:20,21:21:50,63.76,36.04,
server_18,21:21:30,21:22:00,52.6,32.12,
server_18,21:21:40,21:22:10,46.48,35.04,
server_18,21:21:50,21:22:20,40.91,26.18,
server_18,21:22:00,21:22:30,46.29,42.2,
server_18,21:22:10,21:22:40,61.95,45.84,
server_18,21:22:20,21:22:50,52.79,55.76,
server_18,21:22:30,21:23:00,71.9,45.45,
server_18,21:22:40,21:23:10,66.08,59.04,
server_18,21:22:50,21:23:20,73.17,64.11,
server_18,21:23:00,21:23:30,58.93,63.51,
server_18,21:23:10,21:23:40,52.39,53.23,
server_18,21:23:20,21:23:50,51.29,50.86,
server_18,21:23:30,21:24:00,58.01,49.65,
server_18,21:23:40,21:24:10,63.89,54.34,
server_18,21:23:50,21:24:20,70.82,47.66,
server_18,21:24:00,21:24:30,55.71,46.77,
server_18,21:24:10,21:24:40,50.7,44.2,
server_18,21:24:20,21:24:50,40.18,51.33,
server_18,21:24:30,21:25:00,49.02,54.3,
server_18,21:24:40,21:25:10,51.92,51.96,
server_18,21:24:50,21:25:20,50.82,46.9,
server_18,21:25:00,21:25:30,41.24,51.2,
server_18,21:25:10,21:25:40,52.48,63.04,
server_18,21:25:20,21:25:50,54.5,68.17,
server_18,21:25:30,21:26:00,59.7,58.97,
server_18,21:25:40,21:26:10,35.7,48.32,
server_18,21:25:50,21:26:20,37.76,49.9,
server_18,21:26:00,21:26:30,40.74,53.6,
server_18,21:26:10,21:26:40,44.97,52.8,
server_18,21:26:20,21:26:50,39.43,48.85,
server_18,21:26:30,21:27:00,53.33,62.33,
server_18,21:26:40,21:27:10,61.95,52.07,
server_18,21:26:50,21:27:20,68.0,59.81,
server_18,21:27:00,21:27:30,53.35,41.28,
server_18,21:27:10,21:27:40,51.77,53.62,
server_18,21:27:20,21:27:50,50.88,46.51,
server_18,21:27:30,21:28:00,49.45,57.82,
server_18,21:27:40,21:28:10,50.09,50.52,
server_18,21:27:50,21:28:20,52.94,44.0,
server_18,21:28:00,21:28:30,64.27,45.34,
server_18,21:28:10,21:28:40,62.66,54.6,
server_18,21:28:20,21:28:50,64.56,60.69,
server_18,21:28:30,21:29:00,58.69,43.32,
server_18,21:28:40,21:29:10,60.48,29.73,
server_18,21:28:50,21:29:20,64.17,29.86,
server_18,21:29:00,21:29:30,69.78,29.54,
server_18,21:29:10,21:29:40,64.48,36.19,
server_18,21:29:20,21:29:50,49.9,34.07,
server_18,21:29:30,21:30:00,38.36,53.41,
server_18,21:29:40,21:30:10,27.18,69.65,
server_18,21:29:50,21:30:20,30.65,81.33,
server_18,21:30:00,21:30:30,38.68,75.47,
server_18,21:30:10,21:30:40,42.26,64.58,
server_18,21:30:20,21:30:50,50.76,58.03,
server_18,21:30:30,21:31:00,45.41,53.25,
server_18,21:30:40,21:31:10,65.14,43.32,
server_18,21:30:50,21:31:20,67.45,51.08,
server_18,21:31:00,21:31:30,72.96,47.8,
server_18,21:31:10,21:31:40,77.29,55.5,
server_18,21:31:20,21:31:50,72.82,51.15,
server_18,21:31:30,21:32:00,75.02,63.33,
server_18,21:31:40,21:32:10,59.38,60.16,
server_18,21:31:50,21:32:20,56.9,45.73,
server_18,21:32:00,21:32:30,48.89,36.05,
server_18,21:32:10,21:32:40,45.97,31.77,
server_18,21:32:20,21:32:50,44.34,42.84,
server_18,21:32:30,21:33:00,48.57,48.47,
server_18,21:32:40,21:33:10,49.6,54.39,
server_18,21:32:50,21:33:20,60.21,63.93,
server_18,21:33:00,21:33:30,60.37,54.88,
server_18,21:33:10,21:33:40,67.78,51.98,
server_18,21:33:20,21:33:50,52.14,34.74,
server_18,21:33:30,21:34:00,46.64,37.96,
server_18,21:33:40,21:34:10,45.94,38.35,
server_18,21:33:50,21:34:20,45.43,40.96,
server_18,21:34:00,21:34:30,48.1,35.6,
server_18,21:34:10,21:34:40,47.51,32.92,
server_18,21:34:20,21:34:50,62.51,47.73,
server_18,21:34:30,21:35:00,71.72,50.85,
server_18,21:34:40,21:35:10,74.29,58.12,
server_18,21:34:50,21:35:20,63.73,48.32,
server_18,21:35:00,21:35:30,56.92,45.75,
server_18,21:35:10,21:35:40,59.26,51.18,
server_18,21:35:20,21:35:50,61.77,52.97,
server_18,21:35:30,21:36:00,68.5,66.29,
server_18,21:35:40,21:36:10,61.16,58.95,
server_18,21:35:50,21:36:20,58.33,67.26,
server_18,21:36:00,21:36:30,52.41,64.27,
server_18,21:36:10,21:36:40,58.74,58.07,
server_18,21:36:20,21:36:50,56.52,54.27,
server_18,21:36:30,21:37:00,56.45,41.68,
server_18,21:36:40,21:37:10,47.78,49.09,
server_18,21:36:50,21:37:20,55.8,43.38,
server_18,21:37:00,21:37:30,44.99,62.74,
server_18,21:37:10,21:37:40,40.14,64.93,
server_18,21:37:20,21:37:50,45.05,61.78,
server_18,21:37:30,21:38:00,50.7,55.87,
server_18,21:37:40,21:38:10,53.89,47.55,
server_18,21:37:50,21:38:20,46.93,37.66,
server_18,21:38:00,21:38:30,53.67,36.34,
server_18,21:38:10,21:38:40,48.04,31.3,
server_18,21:38:20,21:38:50,52.23,50.23,
server_18,21:38:30,21:39:00,41.85,55.9,
server_18,21:38:40,21:39:10,52.54,65.94,
server_18,21:38:50,21:39:20,43.12,51.1,
server_18,21:39:00,21:39:30,54.22,48.16,
server_18,21:39:10,21:39:40,50.55,42.58,
server_18,21:39:20,21:39:50,52.76,48.42,
server_18,21:39:30,21:40:00,50.94,46.43,
server_18,21:39:40,21:40:10,59.58,57.04,
server_18,21:39:50,21:40:20,61.95,59.67,
server_18,21:40:00,21:40:30,54.92,52.27,
server_18,21:40:10,21:40:40,55.48,48.64,
server_18,21:40:20,21:40:50,63.47,55.34,
server_18,21:40:30,21:41:00,64.49,57.62,
server_18,21:40:40,21:41:10,57.08,52.13,
server_18,21:40:50,21:41:20,56.04,38.46,
server_18,21:41:00,21:41:30,48.24,43.96,
server_18,21:41:10,21:41:40,47.45,41.68,
server_18,21:41:20,21:41:50,46.28,56.2,
server_18,21:41:30,21:42:00,53.42,53.13,
server_18,21:41:40,21:42:10,57.85,66.31,
server_18,21:41:50,21:42:20,51.7,57.11,
server_18,21:42:00,21:42:30,48.75,62.98,
server_18,21:42:10,21:42:40,43.95,50.81,
server_18,21:42:20,21:42:50,42.72,54.7,
server_18,21:42:30,21:43:00,51.53,53.18,
server_18,21:42:40,21:43:10,51.33,56.7,
server_18,21:42:50,21:43:20,61.08,66.48,
server_18,21:43:00,21:43:30,70.78,49.66,
server_18,21:43:10,21:43:40,77.32,52.64,
server_18,21:43:20,21:43:50,73.35,35.27,
server_18,21:43:30,21:44:00,59.66,61.3,
server_18,21:43:40,21:44:10,56.82,62.81,
server_18,21:43:50,21:44:20,52.88,73.23,
server_18,21:44:00,21:44:30,50.77,55.4,
server_18,21:44:10,21:44:40,52.3,58.57,
server_18,21:44:20,21:44:50,53.66,56.47,
server_18,21:44:30,21:45:00,46.36,66.51,
server_18,21:44:40,21:45:10,41.12,55.84,
server_18,21:44:50,21:45:20,53.63,64.94,
server_18,21:45:00,21:45:30,51.51,60.23,
server_18,21:45:10,21:45:40,57.39,67.02,
server_18,21:45:20,21:45:50,44.07,57.45,
server_18,21:45:30,21:46:00,64.26,48.81,
server_18,21:45:40,21:46:10,69.36,57.1,
server_18,21:45:50,21:46:20,67.93,69.23,
server_18,21:46:00,21:46:30,63.78,84.04,
server_18,21:46:10,21:46:40,55.68,72.54,
server_18,21:46:20,21:46:50,64.13,50.64,
server_18,21:46:30,21:47:00,65.18,37.61,
server_18,21:46:40,21:47:10,66.23,44.27,
server_18,21:46:50,21:47:20,56.91,64.52,
server_18,21:47:00,21:47:30,51.32,71.65,
server_18,21:47:10,21:47:40,43.23,59.68,
server_18,21:47:20,21:47:50,43.88,51.21,
server_18,21:47:30,21:48:00,43.76,51.85,
server_18,21:47:40,21:48:10,52.54,61.69,
server_18,21:47:50,21:48:20,56.31,61.08,
server_18,21:48:00,21:48:30,56.75,71.51,
server_18,21:48:10,21:48:40,56.26,69.7,
server_18,21:48:20,21:48:50,59.67,69.85,
server_18,21:48:30,21:49:00,49.6,59.2,
server_18,21:48:40,21:49:10,51.84,59.23,
server_18,21:48:50,21:49:20,51.93,62.12,
server_18,21:49:00,21:49:30,74.44,58.35,
server_18,21:49:10,21:49:40,68.02,52.71,
server_18,21:49:20,21:49:50,55.83,51.02,
server_18,21:49:30,21:50:00,50.41,46.48,
server_18,21:49:40,21:50:10,53.62,64.88,
server_18,21:49:50,21:50:20,60.23,44.98,
server_18,21:50:00,21:50:30,55.01,52.19,
server_18,21:50:10,21:50:40,42.91,53.72,
server_18,21:50:20,21:50:50,35.42,60.79,
server_18,21:50:30,21:51:00,33.79,61.62,
server_18,21:50:40,21:51:10,53.22,40.48,
server_18,21:50:50,21:51:20,66.86,43.52,
server_18,21:51:00,21:51:30,69.86,55.31,
server_18,21:51:10,21:51:40,59.14,64.12,
server_18,21:51:20,21:51:50,58.55,73.73,
server_18,21:51:30,21:52:00,57.7,65.61,
server_18,21:51:40,21:52:10,47.0,63.22,
server_18,21:51:50,21:52:20,40.49,55.68,
server_18,21:52:00,21:52:30,42.45,51.83,
server_18,21:52:10,21:52:40,61.75,51.34,
server_18,21:52:20,21:52:50,61.5,56.78,
server_18,21:52:30,21:53:00,63.63,47.69,
server_18,21:52:40,21:53:10,63.25,42.55,
server_18,21:52:50,21:53:20,62.94,35.82,
server_18,21:53:00,21:53:30,61.61,48.05,
server_18,21:53:10,21:53:40,54.73,52.96,
server_18,21:53:20,21:53:50,54.9,59.26,
server_18,21:53:30,21:54:00,47.26,53.86,
server_18,21:53:40,21:54:10,43.15,47.85,
server_18,21:53:50,21:54:20,39.1,50.18,
server_18,21:54:00,21:54:30,39.4,53.01,
server_18,21:54:10,21:54:40,38.76,52.89,
server_18,21:54:20,21:54:50,40.58,46.37,
server_18,21:54:30,21:55:00,37.73,36.69,
server_18,21:54:40,21:55:10,40.37,42.46,
server_18,21:54:50,21:55:20,35.34,40.4,
server_18,21:55:00,21:55:30,42.12,39.1,
server_18,21:55:10,21:55:40,46.9,31.54,
server_18,21:55:20,21:55:50,65.16,40.38,
server_18,21:55:30,21:56:00,65.75,36.83,
server_18,21:55:40,21:56:10,65.22,42.9,
server_18,21:55:50,21:56:20,57.7,25.04,
server_18,21:56:00,21:56:30,61.37,42.47,
server_18,21:56:10,21:56:40,65.2,42.09,
server_18,21:56:20,21:56:50,66.43,62.79,
server_18,21:56:30,21:57:00,61.22,54.2,
server_18,21:56:40,21:57:10,54.17,53.04,
server_18,21:56:50,21:57:20,55.93,34.05,
server_18,21:57:00,21:57:30,65.05,42.83,
server_18,21:57:10,21:57:40,71.63,43.5,
server_18,21:57:20,21:57:50,59.22,61.08,
server_18,21:57:30,21:58:00,56.89,44.22,
server_18,21:57:40,21:58:10,54.66,37.32,
server_18,21:57:50,21:58:20,57.02,31.5,
server_18,21:58:00,21:58:30,49.25,37.91,
server_18,21:58:10,21:58:40,51.39,45.02,
server_18,21:58:20,21:58:50,58.11,48.31,
server_18,21:58:30,21:59:00,60.28,55.52,
server_18,21:58:40,21:59:10,54.82,58.56,
server_18,21:58:50,21:59:20,50.37,60.0,
server_18,21:59:00,21:59:30,47.78,56.23,
server_18,21:59:10,21:59:40,58.34,49.38,
server_18,21:59:20,21:59:50,58.11,42.24,
server_18,21:59:30,22:00:00,71.12,45.38,
server_18,21:59:40,22:00:10,59.11,44.33,
server_18,21:59:50,22:00:20,67.65,43.2,
server_18,22:00:00,22:00:30,49.36,46.31,
server_18,22:00:10,22:00:40,59.16,48.02,
server_18,22:00:20,22:00:50,46.15,46.73,
server_18,22:00:30,22:01:00,48.29,39.71,
server_18,22:00:40,22:01:10,38.19,43.63,
server_18,22:00:50,22:01:20,44.0,48.52,
server_18,22:01:00,22:01:30,49.55,51.97,
server_18,22:01:10,22:01:40,58.49,54.95,
server_18,22:01:20,22:01:50,67.4,59.67,
server_18,22:01:30,22:02:00,68.8,59.75,
server_18,22:01:40,22:02:10,63.21,62.75,
server_18,22:01:50,22:02:20,54.72,59.92,
server_18,22:02:00,22:02:30,61.61,55.85,
server_18,22:02:10,22:02:40,48.54,65.44,
server_18,22:02:20,22:02:50,56.95,56.44,
server_18,22:02:30,22:03:00,59.99,49.42,
server_18,22:02:40,22:03:10,69.43,30.98,
server_18,22:02:50,22:03:20,65.71,28.07,
server_18,22:03:00,22:03:30,48.29,34.01,
server_18,22:03:10,22:03:40,47.23,36.65,
server_18,22:03:20,22:03:50,51.62,44.07,
server_18,22:03:30,22:04:00,58.97,52.34,
server_18,22:03:40,22:04:10,62.65,55.23,
server_18,22:03:50,22:04:20,63.66,59.98,
server_18,22:04:00,22:04:30,64.97,50.8,
server_18,22:04:10,22:04:40,61.64,54.4,
server_18,22:04:20,22:04:50,56.5,55.95,
server_18,22:04:30,22:05:00,55.04,63.4,
server_18,22:04:40,22:05:10,60.79,61.17,
server_18,22:04:50,22:05:20,66.52,61.45,
server_18,22:05:00,22:05:30,68.23,54.34,
server_18,22:05:10,22:05:40,60.57,42.41,
server_18,22:05:20,22:05:50,52.97,39.34,
server_18,22:05:30,22:06:00,58.96,51.53,
server_18,22:05:40,22:06:10,62.49,59.17,
server_18,22:05:50,22:06:20,62.25,49.45,
server_18,22:06:00,22:06:30,57.63,46.17,
server_18,22:06:10,22:06:40,66.21,42.38,
server_18,22:06:20,22:06:50,61.64,51.4,
server_18,22:06:30,22:07:00,49.35,48.26,
server_18,22:06:40,22:07:10,45.36,53.05,
server_18,22:06:50,22:07:20,53.94,55.25,
server_18,22:07:00,22:07:30,57.8,47.35,
server_18,22:07:10,22:07:40,61.58,53.95,
server_18,22:07:20,22:07:50,59.23,52.49,
server_18,22:07:30,22:08:00,55.63,65.15,
server_18,22:07:40,22:08:10,45.46,52.93,
server_18,22:07:50,22:08:20,37.84,48.21,
server_18,22:08:00,22:08:30,48.9,38.64,
server_18,22:08:10,22:08:40,51.79,41.41,
server_18,22:08:20,22:08:50,50.52,49.94,
server_18,22:08:30,22:09:00,39.67,47.82,
server_18,22:08:40,22:09:10,35.58,49.09,
server_18,22:08:50,22:09:20,35.98,42.52,
server_18,22:09:00,22:09:30,46.73,48.76,
server_18,22:09:10,22:09:40,59.83,60.72,
server_18,22:09:20,22:09:50,71.84,55.7,
server_18,22:09:30,22:10:00,65.19,50.03,
server_18,22:09:40,22:10:10,59.5,42.53,
server_18,22:09:50,22:10:20,49.99,49.34,
server_18,22:10:00,22:10:30,48.26,55.43,
server_18,22:10:10,22:10:40,58.48,68.56,
server_18,22:10:20,22:10:50,58.35,77.37,
server_18,22:10:30,22:11:00,67.89,67.66,
server_18,22:10:40,22:11:10,51.26,58.54,
server_18,22:10:50,22:11:20,58.54,52.47,
server_18,22:11:00,22:11:30,53.98,64.61,
server_18,22:11:10,22:11:40,66.73,67.67,
server_18,22:11:20,22:11:50,56.9,62.27,
server_18,22:11:30,22:12:00,50.93,57.48,
server_18,22:11:40,22:12:10,42.55,41.26,
server_18,22:11:50,22:12:20,44.72,42.34,
server_18,22:12:00,22:12:30,51.24,44.31,
server_18,22:12:10,22:12:40,51.66,52.81,
server_18,22:12:20,22:12:50,46.0,56.66,
server_18,22:12:30,22:13:00,42.82,70.3,
server_18,22:12:40,22:13:10,56.48,82.23,
server_18,22:12:50,22:13:20,59.68,85.83,
server_18,22:13:00,22:13:30,69.67,79.05,
server_18,22:13:10,22:13:40,55.4,63.22,
server_18,22:13:20,22:13:50,63.26,57.31,
server_18,22:13:30,22:14:00,48.66,57.55,
server_18,22:13:40,22:14:10,54.13,53.93,
server_18,22:13:50,22:14:20,40.98,47.88,
server_18,22:14:00,22:14:30,56.54,31.72,
server_18,22:14:10,22:14:40,52.5,27.57,
server_18,22:14:20,22:14:50,67.92,40.76,
server_18,22:14:30,22:15:00,57.29,46.37,
server_18,22:14:40,22:15:10,57.68,57.91,
server_18,22:14:50,22:15:20,62.41,59.09,
server_18,22:15:00,22:15:30,58.43,63.85,
server_18,22:15:10,22:15:40,52.74,60.02,
server_18,22:15:20,22:15:50,35.81,45.31,
server_18,22:15:30,22:16:00,43.73,38.98,
server_18,22:15:40,22:16:10,46.44,43.29,
server_18,22:15:50,22:16:20,45.28,50.5,
server_18,22:16:00,22:16:30,37.99,49.53,
server_18,22:16:10,22:16:40,39.59,49.25,
server_18,22:16:20,22:16:50,47.06,47.04,
server_18,22:16:30,22:17:00,46.97,54.01,
server_18,22:16:40,22:17:10,46.59,54.82,
server_18,22:16:50,22:17:20,44.71,57.91,
server_18,22:17:00,22:17:30,60.37,55.88,
server_18,22:17:10,22:17:40,54.32,60.15,
server_18,22:17:20,22:17:50,50.82,51.02,
server_18,22:17:30,22:18:00,41.22,57.63,
server_18,22:17:40,22:18:10,56.79,59.17,
server_18,22:17:50,22:18:20,67.14,63.39,
server_18,22:18:00,22:18:30,56.05,52.37,
server_18,22:18:10,22:18:40,60.28,43.24,
server_18,22:18:20,22:18:50,52.99,44.66,
server_18,22:18:30,22:19:00,66.96,52.7,
server_18,22:18:40,22:19:10,56.25,51.21,
server_18,22:18:50,22:19:20,59.17,50.45,
server_18,22:19:00,22:19:30,49.06,47.13,
server_18,22:19:10,22:19:40,54.53,46.82,
server_18,22:19:20,22:19:50,63.71,38.66,
server_18,22:19:30,22:20:00,66.77,35.88,
server_18,22:19:40,22:20:10,60.0,39.15,
server_18,22:19:50,22:20:20,60.43,40.16,
server_18,22:20:00,22:20:30,64.58,47.25,
server_18,22:20:10,22:20:40,63.62,59.33,
server_18,22:20:20,22:20:50,67.88,82.13,
server_18,22:20:30,22:21:00,78.73,81.44,
server_18,22:20:40,22:21:10,86.91,78.18,
server_18,22:20:50,22:21:20,74.22,70.9,
server_18,22:21:00,22:21:30,66.25,70.64,
server_18,22:21:10,22:21:40,60.33,60.82,
server_18,22:21:20,22:21:50,57.48,53.02,
server_18,22:21:30,22:22:00,58.93,54.51,
server_18,22:21:40,22:22:10,59.35,59.37,
server_18,22:21:50,22:22:20,69.69,70.25,
server_18,22:22:00,22:22:30,66.14,67.81,
server_18,22:22:10,22:22:40,57.96,64.92,
server_18,22:22:20,22:22:50,62.84,45.56,
server_18,22:22:30,22:23:00,61.78,42.34,
server_18,22:22:40,22:23:10,71.94,45.4,
server_18,22:22:50,22:23:20,58.42,49.08,
server_18,22:23:00,22:23:30,58.3,43.84,
server_18,22:23:10,22:23:40,53.9,40.81,
server_18,22:23:20,22:23:50,55.92,48.18,
server_18,22:23:30,22:24:00,51.02,51.57,
server_18,22:23:40,22:24:10,42.52,43.94,
server_18,22:23:50,22:24:20,42.61,44.94,
server_18,22:24:00,22:24:30,41.77,51.47,
server_18,22:24:10,22:24:40,49.77,58.24,
server_18,22:24:20,22:24:50,39.27,50.08,
server_18,22:24:30,22:25:00,43.2,46.94,
server_18,22:24:40,22:25:10,37.58,50.02,
server_18,22:24:50,22:25:20,43.63,55.08,
server_18,22:25:00,22:25:30,40.5,47.59,
server_18,22:25:10,22:25:40,39.3,48.34,
server_18,22:25:20,22:25:50,40.64,45.38,
server_18,22:25:30,22:26:00,42.59,51.47,
server_18,22:25:40,22:26:10,40.1,41.88,
server_18,22:25:50,22:26:20,44.63,50.28,
server_18,22:26:00,22:26:30,45.71,53.34,
server_18,22:26:10,22:26:40,58.27,65.45,
server_18,22:26:20,22:26:50,45.72,51.7,
server_18,22:26:30,22:27:00,59.71,60.82,
server_18,22:26:40,22:27:10,58.32,56.22,
server_18,22:26:50,22:27:20,67.49,70.27,
server_18,22:27:00,22:27:30,54.31,54.14,
server_18,22:27:10,22:27:40,48.34,47.62,
server_18,22:27:20,22:27:50,42.66,50.54,
server_18,22:27:30,22:28:00,36.33,59.44,
server_18,22:27:40,22:28:10,44.7,60.4,
server_18,22:27:50,22:28:20,60.29,43.02,
server_18,22:28:00,22:28:30,81.49,51.94,
server_18,22:28:10,22:28:40,70.47,50.9,
server_18,22:28:20,22:28:50,70.36,69.86,
server_18,22:28:30,22:29:00,53.47,54.92,
server_18,22:28:40,22:29:10,54.4,62.13,
server_18,22:28:50,22:29:20,50.27,56.75,
server_18,22:29:00,22:29:30,49.92,53.93,
server_18,22:29:10,22:29:40,52.05,50.21,
server_18,22:29:20,22:29:50,50.62,43.77,
server_18,22:29:30,22:30:00,55.95,53.6,
server_18,22:29:40,22:30:10,53.55,64.38,
server_18,22:29:50,22:30:20,52.12,73.0,
server_18,22:30:00,22:30:30,46.3,67.42,
server_18,22:30:10,22:30:40,57.39,51.57,
server_18,22:30:20,22:30:50,48.83,39.63,
server_18,22:30:30,22:31:00,48.46,35.09,
server_18,22:30:40,22:31:10,43.0,37.9,
server_18,22:30:50,22:31:20,48.78,41.82,
server_18,22:31:00,22:31:30,57.74,45.62,
server_18,22:31:10,22:31:40,62.54,39.7,
server_18,22:31:20,22:31:50,67.17,47.9,
server_18,22:31:30,22:32:00,63.71,48.28,
server_18,22:31:40,22:32:10,61.12,54.0,
server_18,22:31:50,22:32:20,49.65,51.79,
server_18,22:32:00,22:32:30,40.36,58.05,
server_18,22:32:10,22:32:40,44.21,70.57,
server_18,22:32:20,22:32:50,58.73,74.15,
server_18,22:32:30,22:33:00,65.79,69.03,
server_18,22:32:40,22:33:10,56.8,60.95,
server_18,22:32:50,22:33:20,47.3,53.27,
server_18,22:33:00,22:33:30,51.46,52.6,
server_18,22:33:10,22:33:40,57.91,41.67,
server_18,22:33:20,22:33:50,58.28,43.14,
server_18,22:33:30,22:34:00,50.98,46.15,
server_18,22:33:40,22:34:10,35.59,61.57,
server_18,22:33:50,22:34:20,27.06,64.52,
server_18,22:34:00,22:34:30,36.48,52.16,
server_18,22:34:10,22:34:40,37.39,49.97,
server_18,22:34:20,22:34:50,55.45,58.35,
server_18,22:34:30,22:35:00,53.51,73.49,
server_18,22:34:40,22:35:10,56.3,59.71,
server_18,22:34:50,22:35:20,40.97,52.87,
server_18,22:35:00,22:35:30,36.36,45.7,
server_18,22:35:10,22:35:40,46.19,47.9,
server_18,22:35:20,22:35:50,62.0,47.69,
server_18,22:35:30,22:36:00,63.34,50.86,
server_18,22:35:40,22:36:10,60.27,58.03,
server_18,22:35:50,22:36:20,52.1,53.62,
server_18,22:36:00,22:36:30,53.63,51.91,
server_18,22:36:10,22:36:40,56.96,59.68,
server_18,22:36:20,22:36:50,71.92,57.99,
server_18,22:36:30,22:37:00,76.09,67.75,
server_18,22:36:40,22:37:10,76.29,62.67,
server_18,22:36:50,22:37:20,55.57,60.35,
server_18,22:37:00,22:37:30,48.77,49.66,
server_18,22:37:10,22:37:40,46.69,44.01,
server_18,22:37:20,22:37:50,60.81,37.71,
server_18,22:37:30,22:38:00,64.01,41.41,
server_18,22:37:40,22:38:10,59.34,44.47,
server_18,22:37:50,22:38:20,51.5,56.95,
server_18,22:38:00,22:38:30,58.32,52.3,
server_18,22:38:10,22:38:40,68.31,58.99,
server_18,22:38:20,22:38:50,61.32,63.5,
server_18,22:38:30,22:39:00,53.93,62.81,
server_18,22:38:40,22:39:10,48.29,68.88,
server_18,22:38:50,22:39:20,55.19,67.12,
server_18,22:39:00,22:39:30,49.08,63.43,
server_18,22:39:10,22:39:40,50.86,56.23,
server_18,22:39:20,22:39:50,52.31,49.61,
server_18,22:39:30,22:40:00,50.13,64.75,
server_18,22:39:40,22:40:10,44.03,62.8,
server_18,22:39:50,22:40:20,39.36,63.24,
server_18,22:40:00,22:40:30,49.69,52.34,
server_18,22:40:10,22:40:40,49.15,53.09,
server_18,22:40:20,22:40:50,48.47,46.91,
server_18,22:40:30,22:41:00,32.48,63.72,
server_18,22:40:40,22:41:10,35.41,60.49,
server_18,22:40:50,22:41:20,45.75,61.8,
server_18,22:41:00,22:41:30,63.52,51.8,
server_18,22:41:10,22:41:40,68.13,65.02,
server_18,22:41:20,22:41:50,72.24,71.71,
server_18,22:41:30,22:42:00,66.87,78.17,
server_18,22:41:40,22:42:10,61.61,59.94,
server_18,22:41:50,22:42:20,45.75,64.11,
server_18,22:42:00,22:42:30,43.08,53.57,
server_18,22:42:10,22:42:40,60.55,47.65,
server_18,22:42:20,22:42:50,67.69,43.97,
server_18,22:42:30,22:43:00,76.29,50.85,
server_18,22:42:40,22:43:10,62.73,61.56,
server_18,22:42:50,22:43:20,53.66,64.96,
server_18,22:43:00,22:43:30,38.82,50.24,
server_18,22:43:10,22:43:40,33.29,49.42,
server_18,22:43:20,22:43:50,32.46,50.73,
server_18,22:43:30,22:44:00,45.55,50.81,
server_18,22:43:40,22:44:10,60.85,58.29,
server_18,22:43:50,22:44:20,59.99,58.44,
server_18,22:44:00,22:44:30,62.41,73.9,
server_18,22:44:10,22:44:40,55.88,64.0,
server_18,22:44:20,22:44:50,59.62,67.18,
server_18,22:44:30,22:45:00,51.14,58.44,
server_18,22:44:40,22:45:10,48.67,65.27,
server_18,22:44:50,22:45:20,56.61,56.22,
server_18,22:45:00,22:45:30,59.51,53.64,
server_18,22:45:10,22:45:40,65.67,42.88,
server_18,22:45:20,22:45:50,60.13,40.71,
server_18,22:45:30,22:46:00,55.56,44.72,
server_18,22:45:40,22:46:10,50.52,48.01,
server_18,22:45:50,22:46:20,60.75,55.74,
server_18,22:46:00,22:46:30,73.33,53.43,
server_18,22:46:10,22:46:40,68.36,52.04,
server_18,22:46:20,22:46:50,56.0,43.23,
server_18,22:46:30,22:47:00,50.2,54.94,
server_18,22:46:40,22:47:10,45.92,57.91,
server_18,22:46:50,22:47:20,54.81,66.23,
server_18,22:47:00,22:47:30,49.68,67.87,
server_18,22:47:10,22:47:40,52.02,72.87,
server_18,22:47:20,22:47:50,52.57,64.3,
server_18,22:47:30,22:48:00,52.34,50.69,
server_18,22:47:40,22:48:10,60.98,45.62,
server_18,22:47:50,22:48:20,57.63,54.0,
server_18,22:48:00,22:48:30,46.58,59.22,
server_18,22:48:10,22:48:40,33.27,62.76,
server_18,22:48:20,22:48:50,27.34,62.85,
server_18,22:48:30,22:49:00,48.97,59.96,
server_18,22:48:40,22:49:10,67.79,69.32,
server_18,22:48:50,22:49:20,70.06,59.58,
server_18,22:49:00,22:49:30,59.81,59.69,
server_18,22:49:10,22:49:40,51.4,49.88,
server_18,22:49:20,22:49:50,49.98,48.45,
server_18,22:49:30,22:50:00,47.1,44.51,
server_18,22:49:40,22:50:10,58.49,43.54,
server_18,22:49:50,22:50:20,65.21,42.73,
server_18,22:50:00,22:50:30,63.77,54.16,
server_18,22:50:10,22:50:40,53.91,54.24,
server_18,22:50:20,22:50:50,50.0,54.24,
server_18,22:50:30,22:51:00,52.27,40.72,
server_18,22:50:40,22:51:10,52.76,41.67,
server_18,22:50:50,22:51:20,55.91,43.68,
server_18,22:51:00,22:51:30,64.85,43.05,
server_18,22:51:10,22:51:40,49.0,46.61,
server_18,22:51:20,22:51:50,47.81,50.23,
server_18,22:51:30,22:52:00,42.06,57.62,
server_18,22:51:40,22:52:10,55.59,52.84,
server_18,22:51:50,22:52:20,51.22,54.99,
server_18,22:52:00,22:52:30,48.56,55.2,
server_18,22:52:10,22:52:40,43.47,52.82,
server_18,22:52:20,22:52:50,35.87,48.44,
server_18,22:52:30,22:53:00,45.82,37.98,
server_18,22:52:40,22:53:10,48.1,34.79,
server_18,22:52:50,22:53:20,74.97,25.32,
server_19,20:53:00,20:53:30,54.93,47.15,
server_19,20:53:10,20:53:40,59.71,45.26,
server_19,20:53:20,20:53:50,49.77,52.87,
server_19,20:53:30,20:54:00,39.62,52.38,
server_19,20:53:40,20:54:10,31.94,53.4,
server_19,20:53:50,20:54:20,40.29,56.89,
server_19,20:54:00,20:54:30,53.1,51.42,
server_19,20:54:10,20:54:40,78.26,38.47,
server_19,20:54:20,20:54:50,78.74,36.23,
server_19,20:54:30,20:55:00,65.48,35.42,
server_19,20:54:40,20:55:10,41.52,46.84,
server_19,20:54:50,20:55:20,48.52,31.07,
server_19,20:55:00,20:55:30,51.05,29.05,
server_19,20:55:10,20:55:40,65.85,24.8,
server_19,20:55:20,20:55:50,53.65,34.96,
server_19,20:55:30,20:56:00,61.26,32.13,
server_19,20:55:40,20:56:10,49.8,41.97,
server_19,20:55:50,20:56:20,49.46,46.56,
server_19,20:56:00,20:56:30,53.2,64.65,
server_19,20:56:10,20:56:40,63.29,47.08,
server_19,20:56:20,20:56:50,66.11,55.34,
server_19,20:56:30,20:57:00,61.44,43.38,
server_19,20:56:40,20:57:10,66.89,64.5,
server_19,20:56:50,20:57:20,54.01,62.65,
server_19,20:57:00,20:57:30,47.66,63.02,
server_19,20:57:10,20:57:40,36.67,54.43,
server_19,20:57:20,20:57:50,35.84,54.36,
server_19,20:57:30,20:58:00,39.28,54.37,
server_19,20:57:40,20:58:10,36.0,49.3,
server_19,20:57:50,20:58:20,50.63,40.74,
server_19,20:58:00,20:58:30,46.81,41.13,
server_19,20:58:10,20:58:40,50.56,45.01,
server_19,20:58:20,20:58:50,53.44,54.06,
server_19,20:58:30,20:59:00,62.82,56.3,
server_19,20:58:40,20:59:10,74.38,61.02,
server_19,20:58:50,20:59:20,66.61,51.17,
server_19,20:59:00,20:59:30,65.35,57.73,
server_19,20:59:10,20:59:40,58.61,44.46,
server_19,20:59:20,20:59:50,71.2,48.79,
server_19,20:59:30,21:00:00,71.62,43.38,
server_19,20:59:40,21:00:10,69.58,56.54,
server_19,20:59:50,21:00:20,53.41,60.03,
server_19,21:00:00,21:00:30,55.19,65.71,
server_19,21:00:10,21:00:40,56.17,65.11,
server_19,21:00:20,21:00:50,66.94,66.92,
server_19,21:00:30,21:01:00,58.94,60.34,
server_19,21:00:40,21:01:10,55.08,59.92,
server_19,21:00:50,21:01:20,52.03,54.63,
server_19,21:01:00,21:01:30,50.78,50.52,
server_19,21:01:10,21:01:40,58.84,54.18,
server_19,21:01:20,21:01:50,53.71,52.21,
server_19,21:01:30,21:02:00,56.76,61.49,
server_19,21:01:40,21:02:10,50.68,57.93,
server_19,21:01:50,21:02:20,57.13,50.92,
server_19,21:02:00,21:02:30,56.42,43.1,
server_19,21:02:10,21:02:40,54.75,44.26,
server_19,21:02:20,21:02:50,40.43,42.84,
server_19,21:02:30,21:03:00,42.34,44.02,
server_19,21:02:40,21:03:10,50.16,39.73,
server_19,21:02:50,21:03:20,66.33,51.74,
server_19,21:03:00,21:03:30,62.73,49.21,
server_19,21:03:10,21:03:40,54.35,51.49,
server_19,21:03:20,21:03:50,50.25,50.07,
server_19,21:03:30,21:04:00,50.84,48.93,
server_19,21:03:40,21:04:10,54.24,48.13,
server_19,21:03:50,21:04:20,51.91,49.16,
server_19,21:04:00,21:04:30,47.55,50.66,
server_19,21:04:10,21:04:40,44.84,52.57,
server_19,21:04:20,21:04:50,41.28,58.56,
server_19,21:04:30,21:05:00,37.76,68.9,
server_19,21:04:40,21:05:10,36.46,66.43,
server_19,21:04:50,21:05:20,36.61,56.54,
server_19,21:05:00,21:05:30,48.34,51.51,
server_19,21:05:10,21:05:40,52.38,54.88,
server_19,21:05:20,21:05:50,58.81,47.79,
server_19,21:05:30,21:06:00,53.29,43.79,
server_19,21:05:40,21:06:10,47.19,37.47,
server_19,21:05:50,21:06:20,40.91,44.67,
server_19,21:06:00,21:06:30,41.83,52.82,
server_19,21:06:10,21:06:40,49.11,56.13,
server_19,21:06:20,21:06:50,55.73,52.51,
server_19,21:06:30,21:07:00,59.73,43.73,
server_19,21:06:40,21:07:10,64.94,39.05,
server_19,21:06:50,21:07:20,58.18,55.97,
server_19,21:07:00,21:07:30,50.03,54.12,
server_19,21:07:10,21:07:40,36.94,56.22,
server_19,21:07:20,21:07:50,40.97,40.67,
server_19,21:07:30,21:08:00,51.73,48.9,
server_19,21:07:40,21:08:10,69.78,38.1,
server_19,21:07:50,21:08:20,75.12,44.86,
server_19,21:08:00,21:08:30,79.98,47.62,
server_19,21:08:10,21:08:40,62.76,59.03,
server_19,21:08:20,21:08:50,60.0,54.61,
server_19,21:08:30,21:09:00,45.66,53.67,
server_19,21:08:40,21:09:10,43.48,50.26,
server_19,21:08:50,21:09:20,40.35,54.98,
server_19,21:09:00,21:09:30,48.32,50.2,
server_19,21:09:10,21:09:40,61.45,59.16,
server_19,21:09:20,21:09:50,64.18,70.5,
server_19,21:09:30,21:10:00,63.75,72.7,
server_19,21:09:40,21:10:10,59.28,72.66,
server_19,21:09:50,21:10:20,67.73,61.51,
server_19,21:10:00,21:10:30,60.56,54.95,
server_19,21:10:10,21:10:40,54.97,43.75,
server_19,21:10:20,21:10:50,44.44,36.49,
server_19,21:10:30,21:11:00,57.81,37.75,
server_19,21:10:40,21:11:10,67.32,50.87,
server_19,21:10:50,21:11:20,70.88,43.49,
server_19,21:11:00,21:11:30,56.07,39.1,
server_19,21:11:10,21:11:40,47.2,32.38,
server_19,21:11:20,21:11:50,39.26,41.75,
server_19,21:11:30,21:12:00,44.96,46.23,
server_19,21:11:40,21:12:10,51.67,53.41,
server_19,21:11:50,21:12:20,61.75,46.65,
server_19,21:12:00,21:12:30,66.52,37.4,
server_19,21:12:10,21:12:40,61.78,25.61,
server_19,21:12:20,21:12:50,65.35,42.78,
server_19,21:12:30,21:13:00,58.29,60.34,
server_19,21:12:40,21:13:10,54.15,73.35,
server_19,21:12:50,21:13:20,39.43,65.67,
server_19,21:13:00,21:13:30,39.21,66.88,
server_19,21:13:10,21:13:40,48.01,57.01,
server_19,21:13:20,21:13:50,45.55,51.44,
server_19,21:13:30,21:14:00,51.87,36.87,
server_19,21:13:40,21:14:10,44.46,37.67,
server_19,21:13:50,21:14:20,42.9,50.36,
server_19,21:14:00,21:14:30,39.11,58.08,
server_19,21:14:10,21:14:40,51.2,57.54,
server_19,21:14:20,21:14:50,62.57,38.09,
server_19,21:14:30,21:15:00,62.09,32.13,
server_19,21:14:40,21:15:10,50.63,33.4,
server_19,21:14:50,21:15:20,45.26,49.69,
server_19,21:15:00,21:15:30,49.04,53.37,
server_19,21:15:10,21:15:40,53.71,52.36,
server_19,21:15:20,21:15:50,46.24,51.57,
server_19,21:15:30,21:16:00,41.01,48.76,
server_19,21:15:40,21:16:10,36.8,46.1,
server_19,21:15:50,21:16:20,47.65,36.2,
server_19,21:16:00,21:16:30,56.32,36.71,
server_19,21:16:10,21:16:40,54.52,37.25,
server_19,21:16:20,21:16:50,44.02,49.84,
server_19,21:16:30,21:17:00,36.42,52.6,
server_19,21:16:40,21:17:10,32.67,50.1,
server_19,21:16:50,21:17:20,38.68,48.84,
server_19,21:17:00,21:17:30,44.95,53.34,
server_19,21:17:10,21:17:40,47.26,68.68,
server_19,21:17:20,21:17:50,54.8,62.53,
server_19,21:17:30,21:18:00,46.79,61.1,
server_19,21:17:40,21:18:10,57.0,45.66,
server_19,21:17:50,21:18:20,45.9,44.94,
server_19,21:18:00,21:18:30,50.22,47.58,
server_19,21:18:10,21:18:40,52.78,62.33,
server_19,21:18:20,21:18:50,57.94,60.3,
server_19,21:18:30,21:19:00,52.18,49.73,
server_19,21:18:40,21:19:10,38.35,45.2,
server_19,21:18:50,21:19:20,50.03,58.83,
server_19,21:19:00,21:19:30,53.78,60.3,
server_19,21:19:10,21:19:40,49.97,56.96,
server_19,21:19:20,21:19:50,40.8,59.95,
server_19,21:19:30,21:20:00,44.81,57.31,
server_19,21:19:40,21:20:10,56.03,55.03,
server_19,21:19:50,21:20:20,49.94,35.99,
server_19,21:20:00,21:20:30,49.1,35.08,
server_19,21:20:10,21:20:40,45.36,32.49,
server_19,21:20:20,21:20:50,53.52,23.88,
server_19,21:20:30,21:21:00,55.98,40.34,
server_19,21:20:40,21:21:10,59.02,45.73,
server_19,21:20:50,21:21:20,66.12,70.44,
server_19,21:21:00,21:21:30,52.41,68.08,
server_19,21:21:10,21:21:40,41.84,72.44,
server_19,21:21:20,21:21:50,41.1,69.37,
server_19,21:21:30,21:22:00,53.5,66.17,
server_19,21:21:40,21:22:10,60.96,57.71,
server_19,21:21:50,21:22:20,55.35,66.02,
server_19,21:22:00,21:22:30,64.96,76.67,
server_19,21:22:10,21:22:40,76.83,88.31,Memory saturation suspected
server_19,21:22:20,21:22:50,83.07,79.73,
server_19,21:22:30,21:23:00,65.52,79.08,
server_19,21:22:40,21:23:10,55.2,73.88,
server_19,21:22:50,21:23:20,46.49,66.44,
server_19,21:23:00,21:23:30,55.39,42.59,
server_19,21:23:10,21:23:40,55.78,38.4,
server_19,21:23:20,21:23:50,51.3,34.59,
server_19,21:23:30,21:24:00,42.2,40.18,
server_19,21:23:40,21:24:10,44.2,45.05,
server_19,21:23:50,21:24:20,56.06,52.47,
server_19,21:24:00,21:24:30,64.7,55.44,
server_19,21:24:10,21:24:40,74.36,53.79,
server_19,21:24:20,21:24:50,71.56,42.95,
server_19,21:24:30,21:25:00,59.76,47.94,
server_19,21:24:40,21:25:10,37.87,48.72,
server_19,21:24:50,21:25:20,25.01,60.74,
server_19,21:25:00,21:25:30,33.37,70.71,
server_19,21:25:10,21:25:40,41.46,61.35,
server_19,21:25:20,21:25:50,42.98,49.37,
server_19,21:25:30,21:26:00,42.33,34.09,
server_19,21:25:40,21:26:10,49.43,44.49,
server_19,21:25:50,21:26:20,54.94,49.04,
server_19,21:26:00,21:26:30,53.93,55.98,
server_19,21:26:10,21:26:40,55.65,54.85,
server_19,21:26:20,21:26:50,66.42,63.82,
server_19,21:26:30,21:27:00,75.78,66.3,
server_19,21:26:40,21:27:10,76.86,58.01,
server_19,21:26:50,21:27:20,53.76,66.06,
server_19,21:27:00,21:27:30,46.44,61.16,
server_19,21:27:10,21:27:40,43.76,68.0,
server_19,21:27:20,21:27:50,61.6,50.19,
server_19,21:27:30,21:28:00,61.85,50.66,
server_19,21:27:40,21:28:10,57.06,50.92,
server_19,21:27:50,21:28:20,46.6,52.59,
server_19,21:28:00,21:28:30,46.19,54.86,
server_19,21:28:10,21:28:40,51.69,53.75,
server_19,21:28:20,21:28:50,64.45,55.71,
server_19,21:28:30,21:29:00,70.61,57.14,
server_19,21:28:40,21:29:10,60.82,57.8,
server_19,21:28:50,21:29:20,39.85,71.52,
server_19,21:29:00,21:29:30,33.97,65.76,
server_19,21:29:10,21:29:40,49.45,50.85,
server_19,21:29:20,21:29:50,52.91,40.7,
server_19,21:29:30,21:30:00,36.55,53.47,
server_19,21:29:40,21:30:10,22.45,66.04,
server_19,21:29:50,21:30:20,30.4,62.65,
server_19,21:30:00,21:30:30,45.48,54.23,
server_19,21:30:10,21:30:40,53.65,53.09,
server_19,21:30:20,21:30:50,56.51,54.61,
server_19,21:30:30,21:31:00,52.36,44.79,
server_19,21:30:40,21:31:10,44.41,42.56,
server_19,21:30:50,21:31:20,48.92,36.91,
server_19,21:31:00,21:31:30,65.71,36.14,
server_19,21:31:10,21:31:40,71.73,31.93,
server_19,21:31:20,21:31:50,60.95,44.17,
server_19,21:31:30,21:32:00,38.74,58.81,
server_19,21:31:40,21:32:10,26.98,72.23,
server_19,21:31:50,21:32:20,25.72,69.81,
server_19,21:32:00,21:32:30,47.22,68.66,
server_19,21:32:10,21:32:40,59.0,68.35,
server_19,21:32:20,21:32:50,80.37,63.09,
server_19,21:32:30,21:33:00,63.76,53.54,
server_19,21:32:40,21:33:10,54.94,40.38,
server_19,21:32:50,21:33:20,36.99,39.81,
server_19,21:33:00,21:33:30,43.56,45.81,
server_19,21:33:10,21:33:40,43.66,60.59,
server_19,21:33:20,21:33:50,43.16,68.39,
server_19,21:33:30,21:34:00,41.11,60.68,
server_19,21:33:40,21:34:10,46.24,47.44,
server_19,21:33:50,21:34:20,61.07,31.67,
server_19,21:34:00,21:34:30,66.69,32.23,
server_19,21:34:10,21:34:40,66.7,40.84,
server_19,21:34:20,21:34:50,56.75,61.53,
server_19,21:34:30,21:35:00,58.76,68.06,
server_19,21:34:40,21:35:10,64.4,75.73,
server_19,21:34:50,21:35:20,61.32,59.26,
server_19,21:35:00,21:35:30,55.15,56.53,
server_19,21:35:10,21:35:40,45.85,58.28,
server_19,21:35:20,21:35:50,56.48,56.43,
server_19,21:35:30,21:36:00,51.72,61.99,
server_19,21:35:40,21:36:10,62.71,46.92,
server_19,21:35:50,21:36:20,52.57,52.66,
server_19,21:36:00,21:36:30,63.46,52.53,
server_19,21:36:10,21:36:40,63.28,50.33,
server_19,21:36:20,21:36:50,60.14,46.47,
server_19,21:36:30,21:37:00,46.57,48.91,
server_19,21:36:40,21:37:10,47.27,46.57,
server_19,21:36:50,21:37:20,52.97,39.79,
server_19,21:37:00,21:37:30,57.77,26.86,
server_19,21:37:10,21:37:40,60.95,42.61,
server_19,21:37:20,21:37:50,63.98,52.65,
server_19,21:37:30,21:38:00,60.17,57.91,
server_19,21:37:40,21:38:10,54.39,61.26,
server_19,21:37:50,21:38:20,62.06,60.14,
server_19,21:38:00,21:38:30,70.05,61.99,
server_19,21:38:10,21:38:40,64.55,46.07,
server_19,21:38:20,21:38:50,45.6,57.26,
server_19,21:38:30,21:39:00,47.25,52.46,
server_19,21:38:40,21:39:10,52.17,53.62,
server_19,21:38:50,21:39:20,65.72,53.15,
server_19,21:39:00,21:39:30,74.74,44.56,
server_19,21:39:10,21:39:40,68.6,50.15,
server_19,21:39:20,21:39:50,69.92,49.04,
server_19,21:39:30,21:40:00,56.56,57.27,
server_19,21:39:40,21:40:10,57.93,53.34,
server_19,21:39:50,21:40:20,57.96,51.69,
server_19,21:40:00,21:40:30,64.59,64.76,
server_19,21:40:10,21:40:40,74.76,75.16,
server_19,21:40:20,21:40:50,65.73,70.13,
server_19,21:40:30,21:41:00,59.84,58.78,
server_19,21:40:40,21:41:10,41.54,55.7,
server_19,21:40:50,21:41:20,34.06,60.52,
server_19,21:41:00,21:41:30,29.69,68.79,
server_19,21:41:10,21:41:40,42.84,72.91,
server_19,21:41:20,21:41:50,50.88,69.66,
server_19,21:41:30,21:42:00,59.02,65.12,
server_19,21:41:40,21:42:10,56.29,56.49,
server_19,21:41:50,21:42:20,66.47,67.4,
server_19,21:42:00,21:42:30,67.5,60.62,
server_19,21:42:10,21:42:40,74.6,64.62,
server_19,21:42:20,21:42:50,62.53,48.82,
server_19,21:42:30,21:43:00,59.53,56.38,
server_19,21:42:40,21:43:10,47.78,46.67,
server_19,21:42:50,21:43:20,64.12,52.33,
server_19,21:43:00,21:43:30,66.92,49.16,
server_19,21:43:10,21:43:40,67.77,58.64,
server_19,21:43:20,21:43:50,52.68,65.5,
server_19,21:43:30,21:44:00,56.35,62.55,
server_19,21:43:40,21:44:10,55.75,58.03,
server_19,21:43:50,21:44:20,58.94,44.19,
server_19,21:44:00,21:44:30,53.43,51.88,
server_19,21:44:10,21:44:40,66.71,54.85,
server_19,21:44:20,21:44:50,65.5,72.09,
server_19,21:44:30,21:45:00,59.65,65.75,
server_19,21:44:40,21:45:10,57.38,70.59,
server_19,21:44:50,21:45:20,57.12,60.41,
server_19,21:45:00,21:45:30,66.38,69.59,
server_19,21:45:10,21:45:40,56.65,65.49,
server_19,21:45:20,21:45:50,51.43,59.33,
server_19,21:45:30,21:46:00,41.84,50.34,
server_19,21:45:40,21:46:10,50.11,42.45,
server_19,21:45:50,21:46:20,62.13,55.14,
server_19,21:46:00,21:46:30,72.3,55.82,
server_19,21:46:10,21:46:40,59.73,54.52,
server_19,21:46:20,21:46:50,49.63,39.23,
server_19,21:46:30,21:47:00,50.53,49.01,
server_19,21:46:40,21:47:10,52.52,56.74,
server_19,21:46:50,21:47:20,53.07,58.59,
server_19,21:47:00,21:47:30,47.99,56.12,
server_19,21:47:10,21:47:40,58.75,60.19,
server_19,21:47:20,21:47:50,57.54,74.92,
server_19,21:47:30,21:48:00,50.33,67.43,
server_19,21:47:40,21:48:10,36.26,64.45,
server_19,21:47:50,21:48:20,39.92,53.69,
server_19,21:48:00,21:48:30,59.86,55.34,
server_19,21:48:10,21:48:40,68.54,55.86,
server_19,21:48:20,21:48:50,62.93,63.62,
server_19,21:48:30,21:49:00,46.19,78.71,
server_19,21:48:40,21:49:10,49.38,75.43,
server_19,21:48:50,21:49:20,48.72,64.91,
server_19,21:49:00,21:49:30,47.78,42.88,
server_19,21:49:10,21:49:40,31.34,48.15,
server_19,21:49:20,21:49:50,30.58,47.81,
server_19,21:49:30,21:50:00,26.31,54.1,
server_19,21:49:40,21:50:10,46.29,44.57,
server_19,21:49:50,21:50:20,53.65,45.38,
server_19,21:50:00,21:50:30,64.25,51.11,
server_19,21:50:10,21:50:40,49.25,44.76,
server_19,21:50:20,21:50:50,51.65,45.31,
server_19,21:50:30,21:51:00,43.27,39.23,
server_19,21:50:40,21:51:10,58.75,45.59,
server_19,21:50:50,21:51:20,70.83,47.38,
server_19,21:51:00,21:51:30,80.31,50.69,
server_19,21:51:10,21:51:40,72.47,56.73,
server_19,21:51:20,21:51:50,57.58,55.29,
server_19,21:51:30,21:52:00,61.0,62.0,
server_19,21:51:40,21:52:10,68.55,68.2,
server_19,21:51:50,21:52:20,79.61,68.37,
server_19,21:52:00,21:52:30,63.83,61.44,
server_19,21:52:10,21:52:40,70.17,53.01,
server_19,21:52:20,21:52:50,67.88,50.35,
server_19,21:52:30,21:53:00,72.26,45.31,
server_19,21:52:40,21:53:10,53.43,44.17,
server_19,21:52:50,21:53:20,45.0,52.32,
server_19,21:53:00,21:53:30,53.34,65.11,
server_19,21:53:10,21:53:40,50.41,57.44,
server_19,21:53:20,21:53:50,51.95,57.62,
server_19,21:53:30,21:54:00,45.79,46.16,
server_19,21:53:40,21:54:10,56.39,58.93,
server_19,21:53:50,21:54:20,61.74,47.49,
server_19,21:54:00,21:54:30,71.37,50.59,
server_19,21:54:10,21:54:40,69.5,41.54,
server_19,21:54:20,21:54:50,69.46,40.55,
server_19,21:54:30,21:55:00,64.55,28.11,
server_19,21:54:40,21:55:10,57.73,30.25,
server_19,21:54:50,21:55:20,62.47,43.75,
server_19,21:55:00,21:55:30,66.0,47.98,
server_19,21:55:10,21:55:40,62.91,47.43,
server_19,21:55:20,21:55:50,48.61,44.45,
server_19,21:55:30,21:56:00,41.28,54.65,
server_19,21:55:40,21:56:10,45.8,51.82,
server_19,21:55:50,21:56:20,48.36,51.71,
server_19,21:56:00,21:56:30,46.91,42.48,
server_19,21:56:10,21:56:40,39.12,52.17,
server_19,21:56:20,21:56:50,39.7,52.62,
server_19,21:56:30,21:57:00,44.55,58.95,
server_19,21:56:40,21:57:10,56.3,52.19,
server_19,21:56:50,21:57:20,65.06,44.72,
server_19,21:57:00,21:57:30,76.66,27.93,
server_19,21:57:10,21:57:40,69.19,22.46,
server_19,21:57:20,21:57:50,53.45,31.38,
server_19,21:57:30,21:58:00,37.59,52.84,
server_19,21:57:40,21:58:10,40.95,59.24,
server_19,21:57:50,21:58:20,44.41,63.44,
server_19,21:58:00,21:58:30,37.37,53.25,
server_19,21:58:10,21:58:40,44.34,59.03,
server_19,21:58:20,21:58:50,46.03,49.84,
server_19,21:58:30,21:59:00,48.25,61.82,
server_19,21:58:40,21:59:10,41.58,65.06,
server_19,21:58:50,21:59:20,36.54,65.15,
server_19,21:59:00,21:59:30,43.19,58.62,
server_19,21:59:10,21:59:40,49.12,53.23,
server_19,21:59:20,21:59:50,48.37,47.68,
server_19,21:59:30,22:00:00,42.8,40.42,
server_19,21:59:40,22:00:10,38.34,36.56,
server_19,21:59:50,22:00:20,39.39,49.0,
server_19,22:00:00,22:00:30,45.96,58.04,
server_19,22:00:10,22:00:40,38.2,73.48,
server_19,22:00:20,22:00:50,52.86,77.39,
server_19,22:00:30,22:01:00,56.15,69.7,
server_19,22:00:40,22:01:10,71.02,52.82,
server_19,22:00:50,22:01:20,68.52,47.56,
server_19,22:01:00,22:01:30,62.8,50.24,
server_19,22:01:10,22:01:40,50.79,52.9,
server_19,22:01:20,22:01:50,55.24,45.63,
server_19,22:01:30,22:02:00,52.99,48.62,
server_19,22:01:40,22:02:10,68.75,46.34,
server_19,22:01:50,22:02:20,51.44,43.68,
server_19,22:02:00,22:02:30,64.6,42.76,
server_19,22:02:10,22:02:40,51.59,39.67,
server_19,22:02:20,22:02:50,52.93,52.94,
server_19,22:02:30,22:03:00,35.49,57.94,
server_19,22:02:40,22:03:10,47.47,70.89,
server_19,22:02:50,22:03:20,63.01,67.03,
server_19,22:03:00,22:03:30,77.95,56.87,
server_19,22:03:10,22:03:40,64.8,48.06,
server_19,22:03:20,22:03:50,60.27,49.6,
server_19,22:03:30,22:04:00,46.7,66.11,
server_19,22:03:40,22:04:10,50.68,71.96,
server_19,22:03:50,22:04:20,50.05,72.72,
server_19,22:04:00,22:04:30,45.48,54.91,
server_19,22:04:10,22:04:40,45.5,50.17,
server_19,22:04:20,22:04:50,42.62,55.42,
server_19,22:04:30,22:05:00,59.14,71.58,
server_19,22:04:40,22:05:10,65.5,72.34,
server_19,22:04:50,22:05:20,57.59,58.49,
server_19,22:05:00,22:05:30,54.26,51.43,
server_19,22:05:10,22:05:40,43.86,47.69,
server_19,22:05:20,22:05:50,46.25,59.9,
server_19,22:05:30,22:06:00,37.16,52.71,
server_19,22:05:40,22:06:10,36.44,49.04,
server_19,22:05:50,22:06:20,53.63,40.47,
server_19,22:06:00,22:06:30,60.35,44.72,
server_19,22:06:10,22:06:40,61.09,58.23,
server_19,22:06:20,22:06:50,41.09,51.58,
server_19,22:06:30,22:07:00,39.03,47.88,
server_19,22:06:40,22:07:10,36.51,46.43,
server_19,22:06:50,22:07:20,48.96,45.05,
server_19,22:07:00,22:07:30,47.11,49.1,
server_19,22:07:10,22:07:40,58.77,44.38,
server_19,22:07:20,22:07:50,66.43,52.32,
server_19,22:07:30,22:08:00,63.78,48.73,
server_19,22:07:40,22:08:10,49.4,41.5,
server_19,22:07:50,22:08:20,44.28,47.12,
server_19,22:08:00,22:08:30,50.06,52.09,
server_19,22:08:10,22:08:40,59.97,73.87,
server_19,22:08:20,22:08:50,59.57,62.15,
server_19,22:08:30,22:09:00,55.52,59.88,
server_19,22:08:40,22:09:10,58.91,51.1,
server_19,22:08:50,22:09:20,57.28,59.89,
server_19,22:09:00,22:09:30,52.94,53.02,
server_19,22:09:10,22:09:40,50.21,45.81,
server_19,22:09:20,22:09:50,50.64,42.64,
server_19,22:09:30,22:10:00,59.99,52.34,
server_19,22:09:40,22:10:10,72.17,67.44,
server_19,22:09:50,22:10:20,63.39,64.12,
server_19,22:10:00,22:10:30,66.98,57.4,
server_19,22:10:10,22:10:40,53.3,49.27,
server_19,22:10:20,22:10:50,56.86,51.06,
server_19,22:10:30,22:11:00,47.08,51.64,
server_19,22:10:40,22:11:10,38.24,50.99,
server_19,22:10:50,22:11:20,31.09,49.72,
server_19,22:11:00,22:11:30,31.64,47.49,
server_19,22:11:10,22:11:40,46.24,53.14,
server_19,22:11:20,22:11:50,49.86,54.26,
server_19,22:11:30,22:12:00,50.92,57.75,
server_19,22:11:40,22:12:10,48.22,52.11,
server_19,22:11:50,22:12:20,47.02,48.98,
server_19,22:12:00,22:12:30,44.73,44.6,
server_19,22:12:10,22:12:40,45.41,30.67,
server_19,22:12:20,22:12:50,39.86,39.14,
server_19,22:12:30,22:13:00,37.27,36.71,
server_19,22:12:40,22:13:10,31.08,44.21,
server_19,22:12:50,22:13:20,48.8,29.36,
server_19,22:13:00,22:13:30,56.74,33.57,
server_19,22:13:10,22:13:40,63.7,28.07,
server_19,22:13:20,22:13:50,54.3,36.83,
server_19,22:13:30,22:14:00,51.03,51.0,
server_19,22:13:40,22:14:10,49.72,61.32,
server_19,22:13:50,22:14:20,58.32,71.83,
server_19,22:14:00,22:14:30,67.8,54.34,
server_19,22:14:10,22:14:40,66.61,53.14,
server_19,22:14:20,22:14:50,49.75,50.34,
server_19,22:14:30,22:15:00,50.64,67.0,
server_19,22:14:40,22:15:10,51.79,68.67,
server_19,22:14:50,22:15:20,56.35,72.74,
server_19,22:15:00,22:15:30,34.55,76.87,
server_19,22:15:10,22:15:40,30.44,72.77,
server_19,22:15:20,22:15:50,29.84,62.03,
server_19,22:15:30,22:16:00,37.29,44.56,
server_19,22:15:40,22:16:10,42.7,33.59,
server_19,22:15:50,22:16:20,55.07,37.49,
server_19,22:16:00,22:16:30,70.95,52.55,
server_19,22:16:10,22:16:40,61.69,62.75,
server_19,22:16:20,22:16:50,51.91,59.47,
server_19,22:16:30,22:17:00,56.75,49.06,
server_19,22:16:40,22:17:10,68.04,57.98,
server_19,22:16:50,22:17:20,66.88,56.84,
server_19,22:17:00,22:17:30,67.11,55.56,
server_19,22:17:10,22:17:40,54.65,55.91,
server_19,22:17:20,22:17:50,54.48,58.6,
server_19,22:17:30,22:18:00,43.28,62.89,
server_19,22:17:40,22:18:10,55.1,52.72,
server_19,22:17:50,22:18:20,61.95,41.42,
server_19,22:18:00,22:18:30,47.64,42.03,
server_19,22:18:10,22:18:40,51.43,38.11,
server_19,22:18:20,22:18:50,49.73,56.15,
server_19,22:18:30,22:19:00,68.07,45.91,
server_19,22:18:40,22:19:10,51.01,60.62,
server_19,22:18:50,22:19:20,45.64,48.98,
server_19,22:19:00,22:19:30,38.54,55.65,
server_19,22:19:10,22:19:40,55.59,56.73,
server_19,22:19:20,22:19:50,62.13,72.95,
server_19,22:19:30,22:20:00,62.75,84.81,
server_19,22:19:40,22:20:10,61.81,78.86,
server_19,22:19:50,22:20:20,64.93,56.86,
server_19,22:20:00,22:20:30,73.67,41.34,
server_19,22:20:10,22:20:40,74.61,43.49,
server_19,22:20:20,22:20:50,67.64,52.25,
server_19,22:20:30,22:21:00,54.35,50.78,
server_19,22:20:40,22:21:10,42.79,39.38,
server_19,22:20:50,22:21:20,37.9,43.71,
server_19,22:21:00,22:21:30,33.2,56.97,
server_19,22:21:10,22:21:40,27.94,50.34,
server_19,22:21:20,22:21:50,27.0,38.98,
server_19,22:21:30,22:22:00,42.27,40.8,
server_19,22:21:40,22:22:10,52.73,55.22,
server_19,22:21:50,22:22:20,56.78,65.23,
server_19,22:22:00,22:22:30,41.8,59.27,
server_19,22:22:10,22:22:40,33.34,64.91,
server_19,22:22:20,22:22:50,39.81,52.13,
server_19,22:22:30,22:23:00,48.6,47.71,
server_19,22:22:40,22:23:10,53.51,38.16,
server_19,22:22:50,22:23:20,63.31,48.76,
server_19,22:23:00,22:23:30,61.71,54.29,
server_19,22:23:10,22:23:40,55.34,60.96,
server_19,22:23:20,22:23:50,43.87,61.12,
server_19,22:23:30,22:24:00,43.87,51.83,
server_19,22:23:40,22:24:10,50.96,41.0,
server_19,22:23:50,22:24:20,44.66,47.51,
server_19,22:24:00,22:24:30,57.34,45.69,
server_19,22:24:10,22:24:40,52.94,56.22,
server_19,22:24:20,22:24:50,59.43,47.23,
server_19,22:24:30,22:25:00,49.58,56.53,
server_19,22:24:40,22:25:10,51.56,49.17,
server_19,22:24:50,22:25:20,51.98,54.27,
server_19,22:25:00,22:25:30,61.85,47.64,
server_19,22:25:10,22:25:40,65.46,55.23,
server_19,22:25:20,22:25:50,60.69,53.39,
server_19,22:25:30,22:26:00,48.98,61.47,
server_19,22:25:40,22:26:10,46.51,55.69,
server_19,22:25:50,22:26:20,46.32,50.91,
server_19,22:26:00,22:26:30,41.5,45.66,
server_19,22:26:10,22:26:40,53.1,57.84,
server_19,22:26:20,22:26:50,54.59,62.05,
server_19,22:26:30,22:27:00,67.43,67.68,
server_19,22:26:40,22:27:10,58.16,53.66,
server_19,22:26:50,22:27:20,57.38,56.66,
server_19,22:27:00,22:27:30,53.63,54.45,
server_19,22:27:10,22:27:40,54.75,56.36,
server_19,22:27:20,22:27:50,54.59,56.63,
server_19,22:27:30,22:28:00,50.29,50.35,
server_19,22:27:40,22:28:10,38.02,57.19,
server_19,22:27:50,22:28:20,44.48,61.12,
server_19,22:28:00,22:28:30,43.21,64.53,
server_19,22:28:10,22:28:40,54.97,66.45,
server_19,22:28:20,22:28:50,40.68,53.05,
server_19,22:28:30,22:29:00,37.38,57.2,
server_19,22:28:40,22:29:10,51.23,51.42,
server_19,22:28:50,22:29:20,57.01,50.75,
server_19,22:29:00,22:29:30,59.99,55.1,
server_19,22:29:10,22:29:40,51.25,54.3,
server_19,22:29:20,22:29:50,55.04,73.11,
server_19,22:29:30,22:30:00,55.05,66.21,
server_19,22:29:40,22:30:10,54.72,60.84,
server_19,22:29:50,22:30:20,62.54,58.48,
server_19,22:30:00,22:30:30,71.93,62.97,
server_19,22:30:10,22:30:40,62.56,64.71,
server_19,22:30:20,22:30:50,58.34,42.14,
server_19,22:30:30,22:31:00,58.93,39.82,
server_19,22:30:40,22:31:10,54.42,34.55,
server_19,22:30:50,22:31:20,51.03,60.89,
server_19,22:31:00,22:31:30,46.4,57.94,
server_19,22:31:10,22:31:40,51.12,65.35,
server_19,22:31:20,22:31:50,44.02,64.28,
server_19,22:31:30,22:32:00,37.08,68.08,
server_19,22:31:40,22:32:10,40.57,63.8,
server_19,22:31:50,22:32:20,55.02,59.65,
server_19,22:32:00,22:32:30,75.14,55.45,
server_19,22:32:10,22:32:40,66.61,67.5,
server_19,22:32:20,22:32:50,54.29,53.45,
server_19,22:32:30,22:33:00,27.24,68.18,
server_19,22:32:40,22:33:10,39.56,59.22,
server_19,22:32:50,22:33:20,42.26,60.01,
server_19,22:33:00,22:33:30,58.83,46.0,
server_19,22:33:10,22:33:40,55.28,45.39,
server_19,22:33:20,22:33:50,50.52,42.88,
server_19,22:33:30,22:34:00,43.03,47.66,
server_19,22:33:40,22:34:10,45.67,56.07,
server_19,22:33:50,22:34:20,44.96,55.36,
server_19,22:34:00,22:34:30,41.15,56.73,
server_19,22:34:10,22:34:40,40.74,53.2,
server_19,22:34:20,22:34:50,45.49,56.0,
server_19,22:34:30,22:35:00,48.29,50.61,
server_19,22:34:40,22:35:10,35.59,55.29,
server_19,22:34:50,22:35:20,34.14,55.7,
server_19,22:35:00,22:35:30,36.89,57.09,
server_19,22:35:10,22:35:40,48.31,43.93,
server_19,22:35:20,22:35:50,52.07,50.72,
server_19,22:35:30,22:36:00,46.78,41.64,
server_19,22:35:40,22:36:10,39.41,60.21,
server_19,22:35:50,22:36:20,36.73,58.29,
server_19,22:36:00,22:36:30,55.25,66.97,
server_19,22:36:10,22:36:40,57.3,51.08,
server_19,22:36:20,22:36:50,62.49,54.66,
server_19,22:36:30,22:37:00,51.93,42.4,
server_19,22:36:40,22:37:10,50.98,48.9,
server_19,22:36:50,22:37:20,48.18,38.41,
server_19,22:37:00,22:37:30,38.6,54.44,
server_19,22:37:10,22:37:40,42.09,63.05,
server_19,22:37:20,22:37:50,43.94,81.81,
server_19,22:37:30,22:38:00,65.02,75.37,
server_19,22:37:40,22:38:10,58.49,71.15,
server_19,22:37:50,22:38:20,56.06,54.79,
server_19,22:38:00,22:38:30,39.27,50.78,
server_19,22:38:10,22:38:40,54.51,35.57,
server_19,22:38:20,22:38:50,45.8,33.19,
server_19,22:38:30,22:39:00,52.67,38.27,
server_19,22:38:40,22:39:10,46.12,36.43,
server_19,22:38:50,22:39:20,56.49,40.13,
server_19,22:39:00,22:39:30,38.48,52.25,
server_19,22:39:10,22:39:40,43.91,54.81,
server_19,22:39:20,22:39:50,35.75,49.13,
server_19,22:39:30,22:40:00,48.16,34.08,
server_19,22:39:40,22:40:10,47.63,29.28,
server_19,22:39:50,22:40:20,52.04,47.05,
server_19,22:40:00,22:40:30,56.96,51.12,
server_19,22:40:10,22:40:40,54.58,63.42,
server_19,22:40:20,22:40:50,63.67,43.82,
server_19,22:40:30,22:41:00,65.92,47.62,
server_19,22:40:40,22:41:10,53.7,56.46,
server_19,22:40:50,22:41:20,42.57,65.54,
server_19,22:41:00,22:41:30,40.2,63.06,
server_19,22:41:10,22:41:40,43.93,55.66,
server_19,22:41:20,22:41:50,45.99,55.4,
server_19,22:41:30,22:42:00,41.63,50.57,
server_19,22:41:40,22:42:10,45.44,45.37,
server_19,22:41:50,22:42:20,51.71,41.78,
server_19,22:42:00,22:42:30,43.05,46.99,
server_19,22:42:10,22:42:40,40.13,42.79,
server_19,22:42:20,22:42:50,43.85,46.32,
server_19,22:42:30,22:43:00,53.13,58.12,
server_19,22:42:40,22:43:10,58.38,66.19,
server_19,22:42:50,22:43:20,50.31,81.24,
server_19,22:43:00,22:43:30,47.91,72.21,
server_19,22:43:10,22:43:40,39.86,63.34,
server_19,22:43:20,22:43:50,43.56,43.06,
server_19,22:43:30,22:44:00,40.48,33.63,
server_19,22:43:40,22:44:10,54.66,50.74,
server_19,22:43:50,22:44:20,50.4,55.83,
server_19,22:44:00,22:44:30,54.84,53.49,
server_19,22:44:10,22:44:40,43.94,42.54,
server_19,22:44:20,22:44:50,47.96,49.31,
server_19,22:44:30,22:45:00,43.68,63.11,
server_19,22:44:40,22:45:10,42.02,61.81,
server_19,22:44:50,22:45:20,46.52,49.08,
server_19,22:45:00,22:45:30,45.9,35.97,
server_19,22:45:10,22:45:40,56.92,36.55,
server_19,22:45:20,22:45:50,51.3,43.43,
server_19,22:45:30,22:46:00,64.84,44.05,
server_19,22:45:40,22:46:10,65.38,52.88,
server_19,22:45:50,22:46:20,68.44,55.98,
server_19,22:46:00,22:46:30,65.12,47.29,
server_19,22:46:10,22:46:40,53.77,45.69,
server_19,22:46:20,22:46:50,55.84,51.27,
server_19,22:46:30,22:47:00,51.02,61.21,
server_19,22:46:40,22:47:10,55.94,59.21,
server_19,22:46:50,22:47:20,48.04,52.59,
server_19,22:47:00,22:47:30,61.99,44.35,
server_19,22:47:10,22:47:40,59.07,38.34,
server_19,22:47:20,22:47:50,71.75,29.46,
server_19,22:47:30,22:48:00,54.38,40.66,
server_19,22:47:40,22:48:10,58.87,41.88,
server_19,22:47:50,22:48:20,41.17,44.63,
server_19,22:48:00,22:48:30,60.02,31.6,
server_19,22:48:10,22:48:40,51.25,39.6,
server_19,22:48:20,22:48:50,65.63,50.39,
server_19,22:48:30,22:49:00,44.87,60.34,
server_19,22:48:40,22:49:10,60.34,48.52,
server_19,22:48:50,22:49:20,58.93,45.89,
server_19,22:49:00,22:49:30,69.39,50.38,
server_19,22:49:10,22:49:40,55.48,52.37,
server_19,22:49:20,22:49:50,47.62,44.79,
server_19,22:49:30,22:50:00,45.34,47.22,
server_19,22:49:40,22:50:10,50.13,48.41,
server_19,22:49:50,22:50:20,57.6,57.14,
server_19,22:50:00,22:50:30,57.6,56.68,
server_19,22:50:10,22:50:40,53.15,66.93,
server_19,22:50:20,22:50:50,43.53,59.91,
server_19,22:50:30,22:51:00,32.63,58.55,
server_19,22:50:40,22:51:10,36.19,42.34,
server_19,22:50:50,22:51:20,52.35,57.46,
server_19,22:51:00,22:51:30,70.55,47.74,
server_19,22:51:10,22:51:40,70.72,70.94,
server_19,22:51:20,22:51:50,68.23,56.98,
server_19,22:51:30,22:52:00,64.48,57.01,
server_19,22:51:40,22:52:10,62.04,51.73,
server_19,22:51:50,22:52:20,48.18,48.44,
server_19,22:52:00,22:52:30,34.07,60.72,
server_19,22:52:10,22:52:40,41.12,59.42,
server_19,22:52:20,22:52:50,57.3,63.01,
server_19,22:52:30,22:53:00,81.17,61.12,
server_19,22:52:40,22:53:10,92.34,54.51,CPU spike suspected
server_19,22:52:50,22:53:20,96.66,59.8,CPU spike suspected
server_2,20:53:00,20:53:30,52.2,61.15,
server_2,20:53:10,20:53:40,66.87,63.19,
server_2,20:53:20,20:53:50,63.82,49.28,
server_2,20:53:30,20:54:00,66.61,44.63,
server_2,20:53:40,20:54:10,70.99,34.12,
server_2,20:53:50,20:54:20,69.61,52.16,
server_2,20:54:00,20:54:30,66.59,60.02,
server_2,20:54:10,20:54:40,49.62,61.13,
server_2,20:54:20,20:54:50,40.97,52.07,
server_2,20:54:30,20:55:00,48.06,54.23,
server_2,20:54:40,20:55:10,49.65,52.75,
server_2,20:54:50,20:55:20,52.09,50.19,
server_2,20:55:00,20:55:30,46.53,47.63,
server_2,20:55:10,20:55:40,43.9,58.74,
server_2,20:55:20,20:55:50,36.41,70.22,
server_2,20:55:30,20:56:00,31.32,69.2,
server_2,20:55:40,20:56:10,42.49,64.56,
server_2,20:55:50,20:56:20,63.86,45.27,
server_2,20:56:00,20:56:30,66.19,46.36,
server_2,20:56:10,20:56:40,61.11,44.21,
server_2,20:56:20,20:56:50,66.1,63.27,
server_2,20:56:30,20:57:00,66.3,50.1,
server_2,20:56:40,20:57:10,67.93,43.91,
server_2,20:56:50,20:57:20,59.78,34.18,
server_2,20:57:00,20:57:30,60.94,44.65,
server_2,20:57:10,20:57:40,56.83,50.75,
server_2,20:57:20,20:57:50,46.56,54.08,
server_2,20:57:30,20:58:00,36.74,51.8,
server_2,20:57:40,20:58:10,42.95,42.22,
server_2,20:57:50,20:58:20,43.54,35.05,
server_2,20:58:00,20:58:30,49.38,39.81,
server_2,20:58:10,20:58:40,51.21,55.03,
server_2,20:58:20,20:58:50,55.91,59.34,
server_2,20:58:30,20:59:00,63.54,54.8,
server_2,20:58:40,20:59:10,49.88,61.3,
server_2,20:58:50,20:59:20,47.17,60.67,
server_2,20:59:00,20:59:30,37.46,57.16,
server_2,20:59:10,20:59:40,46.26,58.77,
server_2,20:59:20,20:59:50,39.44,48.64,
server_2,20:59:30,21:00:00,36.49,57.03,
server_2,20:59:40,21:00:10,31.45,39.17,
server_2,20:59:50,21:00:20,40.67,49.45,
server_2,21:00:00,21:00:30,38.94,43.36,
server_2,21:00:10,21:00:40,42.69,44.34,
server_2,21:00:20,21:00:50,47.15,41.94,
server_2,21:00:30,21:01:00,64.91,35.15,
server_2,21:00:40,21:01:10,72.42,28.04,
server_2,21:00:50,21:01:20,66.41,30.36,
server_2,21:01:00,21:01:30,57.13,44.03,
server_2,21:01:10,21:01:40,61.96,64.75,
server_2,21:01:20,21:01:50,57.05,53.64,
server_2,21:01:30,21:02:00,64.74,46.85,
server_2,21:01:40,21:02:10,66.62,34.28,
server_2,21:01:50,21:02:20,73.32,35.68,
server_2,21:02:00,21:02:30,66.14,43.0,
server_2,21:02:10,21:02:40,53.87,44.12,
server_2,21:02:20,21:02:50,61.4,49.03,
server_2,21:02:30,21:03:00,60.21,38.99,
server_2,21:02:40,21:03:10,60.63,40.83,
server_2,21:02:50,21:03:20,62.45,53.07,
server_2,21:03:00,21:03:30,73.55,47.55,
server_2,21:03:10,21:03:40,73.64,47.35,
server_2,21:03:20,21:03:50,72.35,33.94,
server_2,21:03:30,21:04:00,62.41,48.14,
server_2,21:03:40,21:04:10,67.03,49.4,
server_2,21:03:50,21:04:20,65.17,55.39,
server_2,21:04:00,21:04:30,65.74,53.22,
server_2,21:04:10,21:04:40,59.9,48.37,
server_2,21:04:20,21:04:50,52.45,48.59,
server_2,21:04:30,21:05:00,52.7,56.46,
server_2,21:04:40,21:05:10,62.79,70.36,
server_2,21:04:50,21:05:20,66.57,72.74,
server_2,21:05:00,21:05:30,61.54,68.46,
server_2,21:05:10,21:05:40,59.23,56.25,
server_2,21:05:20,21:05:50,56.69,49.49,
server_2,21:05:30,21:06:00,55.56,47.92,
server_2,21:05:40,21:06:10,46.23,47.71,
server_2,21:05:50,21:06:20,48.46,55.51,
server_2,21:06:00,21:06:30,53.38,66.28,
server_2,21:06:10,21:06:40,58.48,67.29,
server_2,21:06:20,21:06:50,59.28,64.0,
server_2,21:06:30,21:07:00,62.12,52.87,
server_2,21:06:40,21:07:10,54.29,61.99,
server_2,21:06:50,21:07:20,42.59,54.71,
server_2,21:07:00,21:07:30,35.87,60.34,
server_2,21:07:10,21:07:40,46.17,46.48,
server_2,21:07:20,21:07:50,52.54,45.16,
server_2,21:07:30,21:08:00,50.73,37.92,
server_2,21:07:40,21:08:10,43.06,42.7,
server_2,21:07:50,21:08:20,52.68,54.01,
server_2,21:08:00,21:08:30,57.05,52.93,
server_2,21:08:10,21:08:40,57.89,55.18,
server_2,21:08:20,21:08:50,54.2,42.98,
server_2,21:08:30,21:09:00,51.58,55.27,
server_2,21:08:40,21:09:10,51.67,56.18,
server_2,21:08:50,21:09:20,50.94,66.93,
server_2,21:09:00,21:09:30,54.1,55.25,
server_2,21:09:10,21:09:40,67.82,58.1,
server_2,21:09:20,21:09:50,55.54,47.14,
server_2,21:09:30,21:10:00,57.6,53.45,
server_2,21:09:40,21:10:10,53.27,42.87,
server_2,21:09:50,21:10:20,68.71,56.31,
server_2,21:10:00,21:10:30,58.5,54.59,
server_2,21:10:10,21:10:40,45.35,56.94,
server_2,21:10:20,21:10:50,48.61,54.96,
server_2,21:10:30,21:11:00,60.81,43.41,
server_2,21:10:40,21:11:10,64.57,56.27,
server_2,21:10:50,21:11:20,59.04,56.86,
server_2,21:11:00,21:11:30,42.74,66.07,
server_2,21:11:10,21:11:40,53.5,63.22,
server_2,21:11:20,21:11:50,60.9,69.31,
server_2,21:11:30,21:12:00,79.78,77.05,
server_2,21:11:40,21:12:10,71.48,73.12,
server_2,21:11:50,21:12:20,69.68,72.0,
server_2,21:12:00,21:12:30,58.78,53.91,
server_2,21:12:10,21:12:40,61.15,59.78,
server_2,21:12:20,21:12:50,47.03,47.95,
server_2,21:12:30,21:13:00,56.23,53.71,
server_2,21:12:40,21:13:10,54.8,42.02,
server_2,21:12:50,21:13:20,57.15,39.76,
server_2,21:13:00,21:13:30,49.49,39.31,
server_2,21:13:10,21:13:40,39.58,47.32,
server_2,21:13:20,21:13:50,41.79,50.91,
server_2,21:13:30,21:14:00,45.51,54.65,
server_2,21:13:40,21:14:10,49.71,44.96,
server_2,21:13:50,21:14:20,48.36,46.02,
server_2,21:14:00,21:14:30,46.93,41.82,
server_2,21:14:10,21:14:40,49.27,47.39,
server_2,21:14:20,21:14:50,52.28,50.6,
server_2,21:14:30,21:15:00,51.81,54.91,
server_2,21:14:40,21:15:10,45.12,56.59,
server_2,21:14:50,21:15:20,57.79,65.37,
server_2,21:15:00,21:15:30,60.43,67.64,
server_2,21:15:10,21:15:40,65.63,64.97,
server_2,21:15:20,21:15:50,45.12,45.06,
server_2,21:15:30,21:16:00,46.88,35.48,
server_2,21:15:40,21:16:10,64.15,40.16,
server_2,21:15:50,21:16:20,67.86,45.99,
server_2,21:16:00,21:16:30,73.58,58.87,
server_2,21:16:10,21:16:40,62.46,62.44,
server_2,21:16:20,21:16:50,66.63,66.4,
server_2,21:16:30,21:17:00,57.7,66.96,
server_2,21:16:40,21:17:10,48.59,68.89,
server_2,21:16:50,21:17:20,42.32,62.81,
server_2,21:17:00,21:17:30,39.28,60.0,
server_2,21:17:10,21:17:40,51.09,59.5,
server_2,21:17:20,21:17:50,60.34,53.41,
server_2,21:17:30,21:18:00,65.86,40.05,
server_2,21:17:40,21:18:10,58.5,40.05,
server_2,21:17:50,21:18:20,52.9,44.02,
server_2,21:18:00,21:18:30,47.6,51.07,
server_2,21:18:10,21:18:40,53.4,40.21,
server_2,21:18:20,21:18:50,56.06,48.56,
server_2,21:18:30,21:19:00,53.7,54.04,
server_2,21:18:40,21:19:10,50.15,50.37,
server_2,21:18:50,21:19:20,60.81,49.35,
server_2,21:19:00,21:19:30,62.48,56.52,
server_2,21:19:10,21:19:40,71.42,63.38,
server_2,21:19:20,21:19:50,63.1,63.39,
server_2,21:19:30,21:20:00,79.2,66.44,
server_2,21:19:40,21:20:10,70.53,67.14,
server_2,21:19:50,21:20:20,77.72,78.92,
server_2,21:20:00,21:20:30,57.34,61.08,
server_2,21:20:10,21:20:40,62.2,55.61,
server_2,21:20:20,21:20:50,55.68,33.46,
server_2,21:20:30,21:21:00,65.62,30.89,
server_2,21:20:40,21:21:10,62.55,29.2,
server_2,21:20:50,21:21:20,53.89,37.04,
server_2,21:21:00,21:21:30,54.07,50.5,
server_2,21:21:10,21:21:40,44.83,52.92,
server_2,21:21:20,21:21:50,41.6,61.18,
server_2,21:21:30,21:22:00,30.48,60.18,
server_2,21:21:40,21:22:10,41.77,66.7,
server_2,21:21:50,21:22:20,46.62,56.28,
server_2,21:22:00,21:22:30,64.26,45.48,
server_2,21:22:10,21:22:40,67.37,35.8,
server_2,21:22:20,21:22:50,63.09,45.38,
server_2,21:22:30,21:23:00,53.39,52.25,
server_2,21:22:40,21:23:10,47.62,60.5,
server_2,21:22:50,21:23:20,55.32,53.24,
server_2,21:23:00,21:23:30,53.75,54.15,
server_2,21:23:10,21:23:40,50.71,58.22,
server_2,21:23:20,21:23:50,46.76,58.91,
server_2,21:23:30,21:24:00,57.71,67.14,
server_2,21:23:40,21:24:10,61.0,58.43,
server_2,21:23:50,21:24:20,64.58,65.94,
server_2,21:24:00,21:24:30,48.35,61.23,
server_2,21:24:10,21:24:40,46.15,64.22,
server_2,21:24:20,21:24:50,39.4,52.53,
server_2,21:24:30,21:25:00,40.5,55.72,
server_2,21:24:40,21:25:10,43.54,60.16,
server_2,21:24:50,21:25:20,59.76,55.84,
server_2,21:25:00,21:25:30,67.55,34.54,
server_2,21:25:10,21:25:40,77.75,31.97,
server_2,21:25:20,21:25:50,65.03,44.25,
server_2,21:25:30,21:26:00,59.73,55.54,
server_2,21:25:40,21:26:10,48.52,52.0,
server_2,21:25:50,21:26:20,48.91,49.2,
server_2,21:26:00,21:26:30,54.08,49.45,
server_2,21:26:10,21:26:40,63.09,46.91,
server_2,21:26:20,21:26:50,72.78,43.76,
server_2,21:26:30,21:27:00,68.66,43.23,
server_2,21:26:40,21:27:10,54.48,46.62,
server_2,21:26:50,21:27:20,34.16,52.99,
server_2,21:27:00,21:27:30,36.71,49.5,
server_2,21:27:10,21:27:40,44.81,60.14,
server_2,21:27:20,21:27:50,65.69,49.64,
server_2,21:27:30,21:28:00,74.54,60.76,
server_2,21:27:40,21:28:10,71.38,51.19,
server_2,21:27:50,21:28:20,61.66,56.48,
server_2,21:28:00,21:28:30,51.08,46.8,
server_2,21:28:10,21:28:40,51.73,35.98,
server_2,21:28:20,21:28:50,53.05,34.52,
server_2,21:28:30,21:29:00,50.04,31.97,
server_2,21:28:40,21:29:10,40.52,37.05,
server_2,21:28:50,21:29:20,34.7,39.45,
server_2,21:29:00,21:29:30,40.7,47.58,
server_2,21:29:10,21:29:40,42.95,48.62,
server_2,21:29:20,21:29:50,43.76,45.58,
server_2,21:29:30,21:30:00,46.85,40.45,
server_2,21:29:40,21:30:10,52.04,45.62,
server_2,21:29:50,21:30:20,67.97,51.44,
server_2,21:30:00,21:30:30,71.13,48.49,
server_2,21:30:10,21:30:40,74.07,41.12,
server_2,21:30:20,21:30:50,67.85,31.84,
server_2,21:30:30,21:31:00,46.52,50.41,
server_2,21:30:40,21:31:10,40.83,54.07,
server_2,21:30:50,21:31:20,43.25,67.59,
server_2,21:31:00,21:31:30,55.34,55.63,
server_2,21:31:10,21:31:40,51.28,61.77,
server_2,21:31:20,21:31:50,37.84,53.46,
server_2,21:31:30,21:32:00,41.41,55.45,
server_2,21:31:40,21:32:10,46.82,51.1,
server_2,21:31:50,21:32:20,55.34,53.83,
server_2,21:32:00,21:32:30,58.95,56.81,
server_2,21:32:10,21:32:40,61.88,70.59,
server_2,21:32:20,21:32:50,61.99,81.67,
server_2,21:32:30,21:33:00,54.13,76.56,
server_2,21:32:40,21:33:10,56.53,67.01,
server_2,21:32:50,21:33:20,52.07,51.66,
server_2,21:33:00,21:33:30,60.6,52.19,
server_2,21:33:10,21:33:40,52.48,42.6,
server_2,21:33:20,21:33:50,48.34,41.69,
server_2,21:33:30,21:34:00,47.93,38.87,
server_2,21:33:40,21:34:10,54.03,60.07,
server_2,21:33:50,21:34:20,66.2,70.28,
server_2,21:34:00,21:34:30,56.29,74.77,
server_2,21:34:10,21:34:40,53.15,61.71,
server_2,21:34:20,21:34:50,51.76,60.8,
server_2,21:34:30,21:35:00,48.69,51.06,
server_2,21:34:40,21:35:10,57.12,53.62,
server_2,21:34:50,21:35:20,48.66,43.26,
server_2,21:35:00,21:35:30,62.74,55.86,
server_2,21:35:10,21:35:40,55.74,44.74,
server_2,21:35:20,21:35:50,74.85,51.0,
server_2,21:35:30,21:36:00,56.71,48.02,
server_2,21:35:40,21:36:10,56.27,57.54,
server_2,21:35:50,21:36:20,39.4,64.22,
server_2,21:36:00,21:36:30,47.54,62.91,
server_2,21:36:10,21:36:40,56.18,54.11,
server_2,21:36:20,21:36:50,51.1,53.64,
server_2,21:36:30,21:37:00,47.54,49.25,
server_2,21:36:40,21:37:10,42.49,67.81,
server_2,21:36:50,21:37:20,47.62,60.68,
server_2,21:37:00,21:37:30,55.43,62.63,
server_2,21:37:10,21:37:40,50.54,48.71,
server_2,21:37:20,21:37:50,52.52,53.27,
server_2,21:37:30,21:38:00,48.75,55.81,
server_2,21:37:40,21:38:10,51.71,56.35,
server_2,21:37:50,21:38:20,53.84,61.56,
server_2,21:38:00,21:38:30,56.53,62.87,
server_2,21:38:10,21:38:40,63.61,61.93,
server_2,21:38:20,21:38:50,50.75,57.56,
server_2,21:38:30,21:39:00,46.4,53.19,
server_2,21:38:40,21:39:10,28.33,59.77,
server_2,21:38:50,21:39:20,45.86,49.17,
server_2,21:39:00,21:39:30,55.05,58.42,
server_2,21:39:10,21:39:40,57.56,61.75,
server_2,21:39:20,21:39:50,49.8,69.94,
server_2,21:39:30,21:40:00,36.53,57.08,
server_2,21:39:40,21:40:10,42.7,50.85,
server_2,21:39:50,21:40:20,42.93,45.5,
server_2,21:40:00,21:40:30,62.76,47.12,
server_2,21:40:10,21:40:40,61.4,44.07,
server_2,21:40:20,21:40:50,67.25,38.78,
server_2,21:40:30,21:41:00,44.66,43.03,
server_2,21:40:40,21:41:10,48.51,36.81,
server_2,21:40:50,21:41:20,42.35,43.26,
server_2,21:41:00,21:41:30,42.96,47.4,
server_2,21:41:10,21:41:40,40.74,51.55,
server_2,21:41:20,21:41:50,48.23,41.85,
server_2,21:41:30,21:42:00,47.72,40.06,
server_2,21:41:40,21:42:10,51.84,35.38,
server_2,21:41:50,21:42:20,52.14,56.9,
server_2,21:42:00,21:42:30,67.25,49.38,
server_2,21:42:10,21:42:40,66.05,72.0,
server_2,21:42:20,21:42:50,47.91,66.18,
server_2,21:42:30,21:43:00,44.0,74.67,
server_2,21:42:40,21:43:10,51.3,65.01,
server_2,21:42:50,21:43:20,59.34,60.37,
server_2,21:43:00,21:43:30,64.69,54.24,
server_2,21:43:10,21:43:40,53.18,46.75,
server_2,21:43:20,21:43:50,56.78,32.27,
server_2,21:43:30,21:44:00,54.49,39.38,
server_2,21:43:40,21:44:10,64.48,43.0,
server_2,21:43:50,21:44:20,65.19,61.68,
server_2,21:44:00,21:44:30,61.63,58.9,
server_2,21:44:10,21:44:40,56.46,58.77,
server_2,21:44:20,21:44:50,68.53,55.14,
server_2,21:44:30,21:45:00,62.01,58.6,
server_2,21:44:40,21:45:10,63.15,57.88,
server_2,21:44:50,21:45:20,46.23,54.84,
server_2,21:45:00,21:45:30,41.81,46.33,
server_2,21:45:10,21:45:40,32.72,43.34,
server_2,21:45:20,21:45:50,28.62,34.38,
server_2,21:45:30,21:46:00,37.55,32.98,
server_2,21:45:40,21:46:10,45.26,34.4,
server_2,21:45:50,21:46:20,61.66,43.15,
server_2,21:46:00,21:46:30,59.45,48.67,
server_2,21:46:10,21:46:40,56.08,46.32,
server_2,21:46:20,21:46:50,55.69,43.61,
server_2,21:46:30,21:47:00,65.08,52.21,
server_2,21:46:40,21:47:10,58.51,51.27,
server_2,21:46:50,21:47:20,46.0,53.79,
server_2,21:47:00,21:47:30,32.54,36.36,
server_2,21:47:10,21:47:40,44.02,39.72,
server_2,21:47:20,21:47:50,45.55,41.3,
server_2,21:47:30,21:48:00,49.34,47.5,
server_2,21:47:40,21:48:10,42.22,47.64,
server_2,21:47:50,21:48:20,52.38,40.41,
server_2,21:48:00,21:48:30,53.44,39.3,
server_2,21:48:10,21:48:40,50.63,42.71,
server_2,21:48:20,21:48:50,50.32,58.59,
server_2,21:48:30,21:49:00,50.2,60.6,
server_2,21:48:40,21:49:10,55.17,59.31,
server_2,21:48:50,21:49:20,49.54,49.28,
server_2,21:49:00,21:49:30,52.14,47.01,
server_2,21:49:10,21:49:40,52.52,58.9,
server_2,21:49:20,21:49:50,52.75,65.38,
server_2,21:49:30,21:50:00,50.24,67.77,
server_2,21:49:40,21:50:10,55.01,57.21,
server_2,21:49:50,21:50:20,46.9,56.35,
server_2,21:50:00,21:50:30,55.78,60.43,
server_2,21:50:10,21:50:40,38.91,60.79,
server_2,21:50:20,21:50:50,45.04,55.51,
server_2,21:50:30,21:51:00,41.6,40.38,
server_2,21:50:40,21:51:10,53.66,42.05,
server_2,21:50:50,21:51:20,61.77,36.45,
server_2,21:51:00,21:51:30,59.53,49.74,
server_2,21:51:10,21:51:40,67.64,38.28,
server_2,21:51:20,21:51:50,46.87,47.79,
server_2,21:51:30,21:52:00,44.67,53.19,
server_2,21:51:40,21:52:10,35.17,63.27,
server_2,21:51:50,21:52:20,42.77,57.77,
server_2,21:52:00,21:52:30,41.1,48.7,
server_2,21:52:10,21:52:40,47.38,47.65,
server_2,21:52:20,21:52:50,46.21,56.2,
server_2,21:52:30,21:53:00,49.65,58.85,
server_2,21:52:40,21:53:10,53.96,66.8,
server_2,21:52:50,21:53:20,60.66,68.25,
server_2,21:53:00,21:53:30,57.65,75.01,
server_2,21:53:10,21:53:40,43.18,56.77,
server_2,21:53:20,21:53:50,54.08,51.86,
server_2,21:53:30,21:54:00,59.89,43.77,
server_2,21:53:40,21:54:10,60.87,59.95,
server_2,21:53:50,21:54:20,52.7,60.61,
server_2,21:54:00,21:54:30,50.33,59.71,
server_2,21:54:10,21:54:40,50.02,59.37,
server_2,21:54:20,21:54:50,50.37,47.92,
server_2,21:54:30,21:55:00,36.0,60.23,
server_2,21:54:40,21:55:10,32.26,58.35,
server_2,21:54:50,21:55:20,27.39,71.83,
server_2,21:55:00,21:55:30,39.92,58.96,
server_2,21:55:10,21:55:40,48.39,49.87,
server_2,21:55:20,21:55:50,46.75,43.35,
server_2,21:55:30,21:56:00,47.06,43.76,
server_2,21:55:40,21:56:10,46.12,47.79,
server_2,21:55:50,21:56:20,51.15,53.4,
server_2,21:56:00,21:56:30,57.02,58.96,
server_2,21:56:10,21:56:40,61.29,63.03,
server_2,21:56:20,21:56:50,57.85,59.0,
server_2,21:56:30,21:57:00,56.73,56.02,
server_2,21:56:40,21:57:10,50.97,49.88,
server_2,21:56:50,21:57:20,50.1,63.7,
server_2,21:57:00,21:57:30,36.36,51.98,
server_2,21:57:10,21:57:40,45.37,46.62,
server_2,21:57:20,21:57:50,50.08,36.05,
server_2,21:57:30,21:58:00,73.36,33.24,
server_2,21:57:40,21:58:10,72.99,30.56,
server_2,21:57:50,21:58:20,76.18,19.7,
server_2,21:58:00,21:58:30,68.38,37.44,
server_2,21:58:10,21:58:40,55.23,38.58,
server_2,21:58:20,21:58:50,44.31,40.92,
server_2,21:58:30,21:59:00,40.58,42.72,
server_2,21:58:40,21:59:10,54.72,48.36,
server_2,21:58:50,21:59:20,65.35,59.68,
server_2,21:59:00,21:59:30,57.73,50.25,
server_2,21:59:10,21:59:40,54.4,44.33,
server_2,21:59:20,21:59:50,48.08,39.95,
server_2,21:59:30,22:00:00,54.42,57.02,
server_2,21:59:40,22:00:10,54.16,70.06,
server_2,21:59:50,22:00:20,50.9,75.1,
server_2,22:00:00,22:00:30,45.68,71.77,
server_2,22:00:10,22:00:40,39.89,67.84,
server_2,22:00:20,22:00:50,38.05,55.49,
server_2,22:00:30,22:01:00,49.69,41.62,
server_2,22:00:40,22:01:10,50.78,44.64,
server_2,22:00:50,22:01:20,45.55,64.66,
server_2,22:01:00,22:01:30,48.69,63.25,
server_2,22:01:10,22:01:40,60.41,51.91,
server_2,22:01:20,22:01:50,80.53,35.02,
server_2,22:01:30,22:02:00,78.98,42.84,
server_2,22:01:40,22:02:10,71.32,54.37,
server_2,22:01:50,22:02:20,65.38,63.45,
server_2,22:02:00,22:02:30,64.17,56.55,
server_2,22:02:10,22:02:40,54.2,46.87,
server_2,22:02:20,22:02:50,51.26,38.83,
server_2,22:02:30,22:03:00,49.94,47.28,
server_2,22:02:40,22:03:10,61.75,59.65,
server_2,22:02:50,22:03:20,68.68,69.63,
server_2,22:03:00,22:03:30,67.02,63.15,
server_2,22:03:10,22:03:40,70.66,68.44,
server_2,22:03:20,22:03:50,67.88,47.79,
server_2,22:03:30,22:04:00,77.17,51.13,
server_2,22:03:40,22:04:10,84.27,43.02,
server_2,22:03:50,22:04:20,78.32,57.06,
server_2,22:04:00,22:04:30,69.69,60.32,
server_2,22:04:10,22:04:40,66.55,46.75,
server_2,22:04:20,22:04:50,72.21,51.29,
server_2,22:04:30,22:05:00,75.53,50.91,
server_2,22:04:40,22:05:10,61.75,56.5,
server_2,22:04:50,22:05:20,62.05,49.88,
server_2,22:05:00,22:05:30,46.18,52.67,
server_2,22:05:10,22:05:40,48.83,58.68,
server_2,22:05:20,22:05:50,43.92,70.91,
server_2,22:05:30,22:06:00,45.54,55.56,
server_2,22:05:40,22:06:10,56.91,38.12,
server_2,22:05:50,22:06:20,62.47,30.04,
server_2,22:06:00,22:06:30,57.97,38.0,
server_2,22:06:10,22:06:40,42.89,58.4,
server_2,22:06:20,22:06:50,39.56,59.13,
server_2,22:06:30,22:07:00,44.69,56.54,
server_2,22:06:40,22:07:10,41.4,57.46,
server_2,22:06:50,22:07:20,48.14,43.96,
server_2,22:07:00,22:07:30,52.57,45.74,
server_2,22:07:10,22:07:40,56.15,51.54,
server_2,22:07:20,22:07:50,49.76,61.93,
server_2,22:07:30,22:08:00,54.31,62.9,
server_2,22:07:40,22:08:10,60.04,51.01,
server_2,22:07:50,22:08:20,60.72,52.73,
server_2,22:08:00,22:08:30,52.47,46.39,
server_2,22:08:10,22:08:40,48.14,51.96,
server_2,22:08:20,22:08:50,47.58,56.88,
server_2,22:08:30,22:09:00,58.41,57.04,
server_2,22:08:40,22:09:10,53.29,49.26,
server_2,22:08:50,22:09:20,41.34,47.04,
server_2,22:09:00,22:09:30,34.61,51.43,
server_2,22:09:10,22:09:40,35.75,53.5,
server_2,22:09:20,22:09:50,43.95,50.29,
server_2,22:09:30,22:10:00,51.99,49.47,
server_2,22:09:40,22:10:10,59.22,53.62,
server_2,22:09:50,22:10:20,55.58,45.5,
server_2,22:10:00,22:10:30,47.92,44.38,
server_2,22:10:10,22:10:40,50.97,38.9,
server_2,22:10:20,22:10:50,54.0,52.08,
server_2,22:10:30,22:11:00,55.91,58.25,
server_2,22:10:40,22:11:10,47.04,57.69,
server_2,22:10:50,22:11:20,44.26,57.69,
server_2,22:11:00,22:11:30,52.35,54.37,
server_2,22:11:10,22:11:40,70.27,58.89,
server_2,22:11:20,22:11:50,74.49,49.8,
server_2,22:11:30,22:12:00,59.29,42.3,
server_2,22:11:40,22:12:10,46.96,45.39,
server_2,22:11:50,22:12:20,48.25,48.82,
server_2,22:12:00,22:12:30,56.11,67.87,
server_2,22:12:10,22:12:40,55.34,65.33,
server_2,22:12:20,22:12:50,50.85,54.91,
server_2,22:12:30,22:13:00,43.76,48.58,
server_2,22:12:40,22:13:10,48.19,51.08,
server_2,22:12:50,22:13:20,50.14,59.63,
server_2,22:13:00,22:13:30,61.59,59.92,
server_2,22:13:10,22:13:40,54.1,61.38,
server_2,22:13:20,22:13:50,49.69,56.88,
server_2,22:13:30,22:14:00,34.36,58.09,
server_2,22:13:40,22:14:10,46.22,55.14,
server_2,22:13:50,22:14:20,44.34,66.64,
server_2,22:14:00,22:14:30,54.39,62.15,
server_2,22:14:10,22:14:40,42.05,54.24,
server_2,22:14:20,22:14:50,42.31,50.7,
server_2,22:14:30,22:15:00,42.0,39.47,
server_2,22:14:40,22:15:10,36.62,49.97,
server_2,22:14:50,22:15:20,49.17,48.49,
server_2,22:15:00,22:15:30,45.94,54.23,
server_2,22:15:10,22:15:40,49.84,46.53,
server_2,22:15:20,22:15:50,48.97,39.39,
server_2,22:15:30,22:16:00,44.95,38.54,
server_2,22:15:40,22:16:10,49.84,41.81,
server_2,22:15:50,22:16:20,50.49,47.96,
server_2,22:16:00,22:16:30,54.21,56.71,
server_2,22:16:10,22:16:40,46.12,51.5,
server_2,22:16:20,22:16:50,30.41,53.38,
server_2,22:16:30,22:17:00,40.05,45.06,
server_2,22:16:40,22:17:10,49.87,51.99,
server_2,22:16:50,22:17:20,69.11,53.14,
server_2,22:17:00,22:17:30,62.33,60.68,
server_2,22:17:10,22:17:40,56.13,58.71,
server_2,22:17:20,22:17:50,51.11,56.0,
server_2,22:17:30,22:18:00,45.6,47.75,
server_2,22:17:40,22:18:10,40.89,49.55,
server_2,22:17:50,22:18:20,40.85,48.15,
server_2,22:18:00,22:18:30,50.35,45.84,
server_2,22:18:10,22:18:40,61.5,44.04,
server_2,22:18:20,22:18:50,64.37,54.47,
server_2,22:18:30,22:19:00,57.7,61.81,
server_2,22:18:40,22:19:10,61.1,70.14,
server_2,22:18:50,22:19:20,66.01,69.45,
server_2,22:19:00,22:19:30,64.3,78.73,
server_2,22:19:10,22:19:40,54.1,67.58,
server_2,22:19:20,22:19:50,40.79,53.5,
server_2,22:19:30,22:20:00,46.34,46.6,
server_2,22:19:40,22:20:10,44.42,43.96,
server_2,22:19:50,22:20:20,53.29,42.8,
server_2,22:20:00,22:20:30,51.86,36.84,
server_2,22:20:10,22:20:40,58.59,53.86,
server_2,22:20:20,22:20:50,47.97,54.24,
server_2,22:20:30,22:21:00,50.18,61.69,
server_2,22:20:40,22:21:10,39.23,52.57,
server_2,22:20:50,22:21:20,40.13,60.66,
server_2,22:21:00,22:21:30,45.61,54.74,
server_2,22:21:10,22:21:40,56.66,54.73,
server_2,22:21:20,22:21:50,64.19,48.31,
server_2,22:21:30,22:22:00,54.73,52.64,
server_2,22:21:40,22:22:10,60.56,47.58,
server_2,22:21:50,22:22:20,47.87,59.75,
server_2,22:22:00,22:22:30,49.97,60.12,
server_2,22:22:10,22:22:40,54.05,62.98,
server_2,22:22:20,22:22:50,59.66,51.83,
server_2,22:22:30,22:23:00,54.33,43.88,
server_2,22:22:40,22:23:10,46.54,43.08,
server_2,22:22:50,22:23:20,50.56,49.18,
server_2,22:23:00,22:23:30,51.34,60.15,
server_2,22:23:10,22:23:40,46.35,60.13,
server_2,22:23:20,22:23:50,36.38,59.76,
server_2,22:23:30,22:24:00,44.8,48.37,
server_2,22:23:40,22:24:10,38.81,40.27,
server_2,22:23:50,22:24:20,47.33,39.74,
server_2,22:24:00,22:24:30,49.71,47.91,
server_2,22:24:10,22:24:40,46.85,61.0,
server_2,22:24:20,22:24:50,45.87,68.36,
server_2,22:24:30,22:25:00,34.17,61.39,
server_2,22:24:40,22:25:10,42.09,57.02,
server_2,22:24:50,22:25:20,44.45,47.28,
server_2,22:25:00,22:25:30,48.48,48.89,
server_2,22:25:10,22:25:40,56.13,37.76,
server_2,22:25:20,22:25:50,58.19,42.88,
server_2,22:25:30,22:26:00,58.59,48.67,
server_2,22:25:40,22:26:10,50.04,58.2,
server_2,22:25:50,22:26:20,39.62,44.47,
server_2,22:26:00,22:26:30,49.34,42.06,
server_2,22:26:10,22:26:40,66.38,56.13,
server_2,22:26:20,22:26:50,79.4,57.71,
server_2,22:26:30,22:27:00,68.6,52.38,
server_2,22:26:40,22:27:10,54.99,45.39,
server_2,22:26:50,22:27:20,59.73,47.52,
server_2,22:27:00,22:27:30,61.43,48.34,
server_2,22:27:10,22:27:40,63.98,56.64,
server_2,22:27:20,22:27:50,60.44,56.29,
server_2,22:27:30,22:28:00,57.65,63.97,
server_2,22:27:40,22:28:10,67.88,55.96,
server_2,22:27:50,22:28:20,50.57,66.81,
server_2,22:28:00,22:28:30,57.68,62.32,
server_2,22:28:10,22:28:40,40.42,56.23,
server_2,22:28:20,22:28:50,47.21,52.09,
server_2,22:28:30,22:29:00,38.29,43.36,
server_2,22:28:40,22:29:10,41.12,45.81,
server_2,22:28:50,22:29:20,47.34,39.61,
server_2,22:29:00,22:29:30,53.45,40.67,
server_2,22:29:10,22:29:40,57.61,36.6,
server_2,22:29:20,22:29:50,57.89,48.54,
server_2,22:29:30,22:30:00,52.41,50.99,
server_2,22:29:40,22:30:10,50.03,55.6,
server_2,22:29:50,22:30:20,48.86,46.17,
server_2,22:30:00,22:30:30,59.99,45.6,
server_2,22:30:10,22:30:40,49.56,44.45,
server_2,22:30:20,22:30:50,53.57,52.88,
server_2,22:30:30,22:31:00,52.6,67.15,
server_2,22:30:40,22:31:10,70.39,75.04,
server_2,22:30:50,22:31:20,62.98,73.95,
server_2,22:31:00,22:31:30,57.54,68.33,
server_2,22:31:10,22:31:40,39.32,61.34,
server_2,22:31:20,22:31:50,48.45,55.38,
server_2,22:31:30,22:32:00,49.64,60.1,
server_2,22:31:40,22:32:10,60.31,53.71,
server_2,22:31:50,22:32:20,58.68,53.17,
server_2,22:32:00,22:32:30,56.01,53.21,
server_2,22:32:10,22:32:40,50.08,54.88,
server_2,22:32:20,22:32:50,51.46,56.72,
server_2,22:32:30,22:33:00,47.21,57.9,
server_2,22:32:40,22:33:10,46.14,66.64,
server_2,22:32:50,22:33:20,38.68,65.98,
server_2,22:33:00,22:33:30,51.81,63.5,
server_2,22:33:10,22:33:40,58.44,53.77,
server_2,22:33:20,22:33:50,55.77,48.38,
server_2,22:33:30,22:34:00,45.92,40.35,
server_2,22:33:40,22:34:10,48.64,32.81,
server_2,22:33:50,22:34:20,41.85,43.49,
server_2,22:34:00,22:34:30,37.58,37.91,
server_2,22:34:10,22:34:40,41.87,56.6,
server_2,22:34:20,22:34:50,46.44,47.55,
server_2,22:34:30,22:35:00,55.4,56.6,
server_2,22:34:40,22:35:10,57.23,42.38,
server_2,22:34:50,22:35:20,72.56,50.93,
server_2,22:35:00,22:35:30,68.41,54.4,
server_2,22:35:10,22:35:40,50.96,59.98,
server_2,22:35:20,22:35:50,34.99,61.26,
server_2,22:35:30,22:36:00,37.92,58.09,
server_2,22:35:40,22:36:10,44.63,58.88,
server_2,22:35:50,22:36:20,51.53,53.26,
server_2,22:36:00,22:36:30,47.88,53.82,
server_2,22:36:10,22:36:40,51.19,54.93,
server_2,22:36:20,22:36:50,58.79,47.14,
server_2,22:36:30,22:37:00,67.17,36.32,
server_2,22:36:40,22:37:10,61.27,40.58,
server_2,22:36:50,22:37:20,39.79,58.9,
server_2,22:37:00,22:37:30,35.33,64.79,
server_2,22:37:10,22:37:40,43.56,56.17,
server_2,22:37:20,22:37:50,71.99,48.89,
server_2,22:37:30,22:38:00,84.16,53.79,
server_2,22:37:40,22:38:10,91.51,62.44,CPU spike suspected
server_2,22:37:50,22:38:20,77.05,73.97,
server_2,22:38:00,22:38:30,71.45,65.41,
server_2,22:38:10,22:38:40,57.59,55.42,
server_2,22:38:20,22:38:50,66.85,33.63,
server_2,22:38:30,22:39:00,52.04,37.57,
server_2,22:38:40,22:39:10,58.18,29.79,
server_2,22:38:50,22:39:20,58.82,47.18,
server_2,22:39:00,22:39:30,67.53,50.68,
server_2,22:39:10,22:39:40,62.62,62.08,
server_2,22:39:20,22:39:50,46.66,57.06,
server_2,22:39:30,22:40:00,48.58,60.75,
server_2,22:39:40,22:40:10,56.79,65.6,
server_2,22:39:50,22:40:20,60.53,62.3,
server_2,22:40:00,22:40:30,53.0,53.15,
server_2,22:40:10,22:40:40,49.53,41.68,
server_2,22:40:20,22:40:50,53.97,44.89,
server_2,22:40:30,22:41:00,61.59,57.8,
server_2,22:40:40,22:41:10,49.82,79.98,
server_2,22:40:50,22:41:20,51.7,77.72,
server_2,22:41:00,22:41:30,51.74,72.82,
server_2,22:41:10,22:41:40,54.38,54.49,
server_2,22:41:20,22:41:50,41.64,43.09,
server_2,22:41:30,22:42:00,32.79,40.9,
server_2,22:41:40,22:42:10,34.8,38.25,
server_2,22:41:50,22:42:20,50.03,44.22,
server_2,22:42:00,22:42:30,47.5,39.84,
server_2,22:42:10,22:42:40,46.59,55.64,
server_2,22:42:20,22:42:50,54.53,70.55,
server_2,22:42:30,22:43:00,67.56,78.63,
server_2,22:42:40,22:43:10,65.0,64.09,
server_2,22:42:50,22:43:20,48.42,56.05,
server_2,22:43:00,22:43:30,56.38,49.07,
server_2,22:43:10,22:43:40,57.34,46.79,
server_2,22:43:20,22:43:50,66.55,48.75,
server_2,22:43:30,22:44:00,49.82,50.78,
server_2,22:43:40,22:44:10,57.01,60.06,
server_2,22:43:50,22:44:20,45.82,45.73,
server_2,22:44:00,22:44:30,50.19,35.01,
server_2,22:44:10,22:44:40,49.31,35.6,
server_2,22:44:20,22:44:50,51.44,46.83,
server_2,22:44:30,22:45:00,59.23,65.33,
server_2,22:44:40,22:45:10,50.92,64.33,
server_2,22:44:50,22:45:20,42.95,64.34,
server_2,22:45:00,22:45:30,35.51,58.52,
server_2,22:45:10,22:45:40,40.94,66.59,
server_2,22:45:20,22:45:50,44.88,56.58,
server_2,22:45:30,22:46:00,52.97,44.3,
server_2,22:45:40,22:46:10,57.0,30.02,
server_2,22:45:50,22:46:20,61.93,37.26,
server_2,22:46:00,22:46:30,59.92,56.38,
server_2,22:46:10,22:46:40,60.27,60.56,
server_2,22:46:20,22:46:50,67.78,58.63,
server_2,22:46:30,22:47:00,70.21,42.7,
server_2,22:46:40,22:47:10,78.7,35.18,
server_2,22:46:50,22:47:20,65.08,32.05,
server_2,22:47:00,22:47:30,51.0,34.72,
server_2,22:47:10,22:47:40,46.16,45.57,
server_2,22:47:20,22:47:50,50.84,46.55,
server_2,22:47:30,22:48:00,52.16,48.04,
server_2,22:47:40,22:48:10,43.35,50.69,
server_2,22:47:50,22:48:20,36.47,50.57,
server_2,22:48:00,22:48:30,44.2,59.59,
server_2,22:48:10,22:48:40,51.64,58.72,
server_2,22:48:20,22:48:50,58.49,68.62,
server_2,22:48:30,22:49:00,51.3,60.12,
server_2,22:48:40,22:49:10,56.66,48.88,
server_2,22:48:50,22:49:20,63.16,50.98,
server_2,22:49:00,22:49:30,63.01,53.67,
server_2,22:49:10,22:49:40,53.03,55.98,
server_2,22:49:20,22:49:50,57.56,41.26,
server_2,22:49:30,22:50:00,63.41,44.18,
server_2,22:49:40,22:50:10,54.96,53.31,
server_2,22:49:50,22:50:20,39.19,63.7,
server_2,22:50:00,22:50:30,43.14,56.72,
server_2,22:50:10,22:50:40,60.35,44.13,
server_2,22:50:20,22:50:50,72.3,46.87,
server_2,22:50:30,22:51:00,62.23,53.43,
server_2,22:50:40,22:51:10,47.04,54.34,
server_2,22:50:50,22:51:20,37.68,57.09,
server_2,22:51:00,22:51:30,47.46,58.73,
server_2,22:51:10,22:51:40,48.21,69.72,
server_2,22:51:20,22:51:50,56.53,54.79,
server_2,22:51:30,22:52:00,42.38,43.88,
server_2,22:51:40,22:52:10,53.81,41.85,
server_2,22:51:50,22:52:20,39.7,40.65,
server_2,22:52:00,22:52:30,44.89,48.1,
server_2,22:52:10,22:52:40,54.86,59.3,
server_2,22:52:20,22:52:50,69.76,72.03,
server_2,22:52:30,22:53:00,72.44,79.33,
server_2,22:52:40,22:53:10,61.89,72.21,
server_2,22:52:50,22:53:20,56.89,75.05,
server_20,20:53:00,20:53:30,35.33,61.3,
server_20,20:53:10,20:53:40,40.44,56.76,
server_20,20:53:20,20:53:50,44.96,49.55,
server_20,20:53:30,20:54:00,62.05,52.44,
server_20,20:53:40,20:54:10,51.16,52.12,
server_20,20:53:50,20:54:20,52.07,48.77,
server_20,20:54:00,20:54:30,36.4,51.79,
server_20,20:54:10,20:54:40,40.02,51.97,
server_20,20:54:20,20:54:50,42.91,60.06,
server_20,20:54:30,20:55:00,62.44,61.02,
server_20,20:54:40,20:55:10,58.63,67.11,
server_20,20:54:50,20:55:20,52.35,74.72,
server_20,20:55:00,20:55:30,33.68,63.4,
server_20,20:55:10,20:55:40,37.5,55.12,
server_20,20:55:20,20:55:50,51.75,37.45,
server_20,20:55:30,20:56:00,63.15,40.94,
server_20,20:55:40,20:56:10,60.26,45.32,
server_20,20:55:50,20:56:20,53.27,53.56,
server_20,20:56:00,20:56:30,56.57,49.94,
server_20,20:56:10,20:56:40,61.92,50.19,
server_20,20:56:20,20:56:50,63.76,47.66,
server_20,20:56:30,20:57:00,64.53,59.02,
server_20,20:56:40,20:57:10,57.73,64.37,
server_20,20:56:50,20:57:20,56.61,78.89,
server_20,20:57:00,20:57:30,41.95,85.36,
server_20,20:57:10,20:57:40,47.71,76.02,
server_20,20:57:20,20:57:50,47.26,70.55,
server_20,20:57:30,20:58:00,61.2,56.51,
server_20,20:57:40,20:58:10,59.12,61.4,
server_20,20:57:50,20:58:20,60.76,54.35,
server_20,20:58:00,20:58:30,50.12,49.92,
server_20,20:58:10,20:58:40,53.19,47.57,
server_20,20:58:20,20:58:50,51.44,36.49,
server_20,20:58:30,20:59:00,54.88,40.15,
server_20,20:58:40,20:59:10,58.75,29.41,
server_20,20:58:50,20:59:20,49.85,33.74,
server_20,20:59:00,20:59:30,56.27,32.47,
server_20,20:59:10,20:59:40,48.15,45.41,
server_20,20:59:20,20:59:50,57.21,60.74,
server_20,20:59:30,21:00:00,49.1,61.17,
server_20,20:59:40,21:00:10,49.84,63.02,
server_20,20:59:50,21:00:20,50.26,59.68,
server_20,21:00:00,21:00:30,66.77,77.79,
server_20,21:00:10,21:00:40,75.45,81.68,
server_20,21:00:20,21:00:50,76.43,75.93,
server_20,21:00:30,21:01:00,65.89,51.05,
server_20,21:00:40,21:01:10,66.69,51.81,
server_20,21:00:50,21:01:20,64.86,42.17,
server_20,21:01:00,21:01:30,64.27,53.0,
server_20,21:01:10,21:01:40,63.9,32.46,
server_20,21:01:20,21:01:50,61.7,46.48,
server_20,21:01:30,21:02:00,54.29,37.93,
server_20,21:01:40,21:02:10,52.89,43.46,
server_20,21:01:50,21:02:20,64.38,27.8,
server_20,21:02:00,21:02:30,78.61,44.09,
server_20,21:02:10,21:02:40,67.11,56.07,
server_20,21:02:20,21:02:50,62.8,63.48,
server_20,21:02:30,21:03:00,54.04,54.56,
server_20,21:02:40,21:03:10,58.17,48.27,
server_20,21:02:50,21:03:20,53.43,47.32,
server_20,21:03:00,21:03:30,65.09,47.55,
server_20,21:03:10,21:03:40,61.06,40.91,
server_20,21:03:20,21:03:50,52.68,53.64,
server_20,21:03:30,21:04:00,43.84,56.38,
server_20,21:03:40,21:04:10,53.66,69.85,
server_20,21:03:50,21:04:20,64.67,69.68,
server_20,21:04:00,21:04:30,58.16,62.71,
server_20,21:04:10,21:04:40,61.68,51.16,
server_20,21:04:20,21:04:50,50.66,42.88,
server_20,21:04:30,21:05:00,52.54,48.22,
server_20,21:04:40,21:05:10,41.06,47.3,
server_20,21:04:50,21:05:20,41.85,47.89,
server_20,21:05:00,21:05:30,49.74,50.61,
server_20,21:05:10,21:05:40,46.33,50.83,
server_20,21:05:20,21:05:50,54.43,48.64,
server_20,21:05:30,21:06:00,63.78,31.68,
server_20,21:05:40,21:06:10,70.64,29.4,
server_20,21:05:50,21:06:20,66.56,35.73,
server_20,21:06:00,21:06:30,60.84,44.04,
server_20,21:06:10,21:06:40,63.44,54.77,
server_20,21:06:20,21:06:50,68.55,44.67,
server_20,21:06:30,21:07:00,73.69,47.56,
server_20,21:06:40,21:07:10,61.82,45.53,
server_20,21:06:50,21:07:20,55.53,49.46,
server_20,21:07:00,21:07:30,44.74,54.4,
server_20,21:07:10,21:07:40,58.02,55.56,
server_20,21:07:20,21:07:50,56.27,54.56,
server_20,21:07:30,21:08:00,44.13,56.86,
server_20,21:07:40,21:08:10,40.35,54.08,
server_20,21:07:50,21:08:20,46.71,50.75,
server_20,21:08:00,21:08:30,62.95,52.77,
server_20,21:08:10,21:08:40,69.17,48.08,
server_20,21:08:20,21:08:50,74.07,61.85,
server_20,21:08:30,21:09:00,73.83,48.31,
server_20,21:08:40,21:09:10,68.34,56.67,
server_20,21:08:50,21:09:20,69.38,57.94,
server_20,21:09:00,21:09:30,64.16,62.4,
server_20,21:09:10,21:09:40,64.72,55.02,
server_20,21:09:20,21:09:50,48.82,40.59,
server_20,21:09:30,21:10:00,46.43,39.49,
server_20,21:09:40,21:10:10,42.53,43.82,
server_20,21:09:50,21:10:20,54.02,54.48,
server_20,21:10:00,21:10:30,59.99,58.14,
server_20,21:10:10,21:10:40,59.71,57.93,
server_20,21:10:20,21:10:50,61.26,60.62,
server_20,21:10:30,21:11:00,57.32,52.24,
server_20,21:10:40,21:11:10,59.61,49.56,
server_20,21:10:50,21:11:20,57.4,47.82,
server_20,21:11:00,21:11:30,62.19,59.89,
server_20,21:11:10,21:11:40,75.2,75.67,
server_20,21:11:20,21:11:50,70.61,64.54,
server_20,21:11:30,21:12:00,55.29,65.61,
server_20,21:11:40,21:12:10,41.21,44.04,
server_20,21:11:50,21:12:20,55.63,60.93,
server_20,21:12:00,21:12:30,63.61,53.98,
server_20,21:12:10,21:12:40,59.02,56.3,
server_20,21:12:20,21:12:50,45.02,46.32,
server_20,21:12:30,21:13:00,41.2,43.87,
server_20,21:12:40,21:13:10,51.3,53.46,
server_20,21:12:50,21:13:20,47.41,51.21,
server_20,21:13:00,21:13:30,47.09,58.71,
server_20,21:13:10,21:13:40,37.04,59.37,
server_20,21:13:20,21:13:50,42.41,64.46,
server_20,21:13:30,21:14:00,51.72,62.36,
server_20,21:13:40,21:14:10,56.77,57.62,
server_20,21:13:50,21:14:20,58.15,42.57,
server_20,21:14:00,21:14:30,50.38,37.57,
server_20,21:14:10,21:14:40,52.9,50.77,
server_20,21:14:20,21:14:50,47.26,66.77,
server_20,21:14:30,21:15:00,36.59,82.7,
server_20,21:14:40,21:15:10,28.25,63.71,
server_20,21:14:50,21:15:20,38.0,67.05,
server_20,21:15:00,21:15:30,44.98,45.95,
server_20,21:15:10,21:15:40,47.5,42.88,
server_20,21:15:20,21:15:50,44.59,36.57,
server_20,21:15:30,21:16:00,43.21,48.81,
server_20,21:15:40,21:16:10,49.15,49.69,
server_20,21:15:50,21:16:20,46.24,47.66,
server_20,21:16:00,21:16:30,58.15,37.89,
server_20,21:16:10,21:16:40,45.8,48.97,
server_20,21:16:20,21:16:50,50.45,45.23,
server_20,21:16:30,21:17:00,51.41,44.25,
server_20,21:16:40,21:17:10,53.92,48.41,
server_20,21:16:50,21:17:20,44.63,49.14,
server_20,21:17:00,21:17:30,33.37,60.17,
server_20,21:17:10,21:17:40,44.26,58.23,
server_20,21:17:20,21:17:50,62.29,73.82,
server_20,21:17:30,21:18:00,69.14,71.48,
server_20,21:17:40,21:18:10,66.78,55.57,
server_20,21:17:50,21:18:20,64.16,41.5,
server_20,21:18:00,21:18:30,70.24,48.65,
server_20,21:18:10,21:18:40,83.73,47.13,
server_20,21:18:20,21:18:50,68.81,44.19,
server_20,21:18:30,21:19:00,64.91,33.81,
server_20,21:18:40,21:19:10,47.7,44.46,
server_20,21:18:50,21:19:20,59.14,57.71,
server_20,21:19:00,21:19:30,67.59,45.31,
server_20,21:19:10,21:19:40,78.27,40.41,
server_20,21:19:20,21:19:50,60.99,24.94,
server_20,21:19:30,21:20:00,47.78,33.83,
server_20,21:19:40,21:20:10,48.72,48.74,
server_20,21:19:50,21:20:20,68.92,64.31,
server_20,21:20:00,21:20:30,70.3,73.12,
server_20,21:20:10,21:20:40,60.71,73.46,
server_20,21:20:20,21:20:50,49.37,67.77,
server_20,21:20:30,21:21:00,48.37,64.27,
server_20,21:20:40,21:21:10,53.31,57.23,
server_20,21:20:50,21:21:20,60.6,59.44,
server_20,21:21:00,21:21:30,49.06,71.34,
server_20,21:21:10,21:21:40,39.15,62.46,
server_20,21:21:20,21:21:50,41.49,63.5,
server_20,21:21:30,21:22:00,57.73,48.6,
server_20,21:21:40,21:22:10,71.45,62.74,
server_20,21:21:50,21:22:20,63.4,58.36,
server_20,21:22:00,21:22:30,62.23,63.85,
server_20,21:22:10,21:22:40,45.1,63.8,
server_20,21:22:20,21:22:50,49.68,56.06,
server_20,21:22:30,21:23:00,57.3,56.0,
server_20,21:22:40,21:23:10,69.8,49.58,
server_20,21:22:50,21:23:20,65.32,58.25,
server_20,21:23:00,21:23:30,63.25,54.75,
server_20,21:23:10,21:23:40,60.93,67.62,
server_20,21:23:20,21:23:50,58.68,60.58,
server_20,21:23:30,21:24:00,51.49,61.28,
server_20,21:23:40,21:24:10,58.95,55.44,
server_20,21:23:50,21:24:20,69.45,69.27,
server_20,21:24:00,21:24:30,62.57,72.53,
server_20,21:24:10,21:24:40,49.1,62.64,
server_20,21:24:20,21:24:50,35.32,48.99,
server_20,21:24:30,21:25:00,38.8,37.62,
server_20,21:24:40,21:25:10,45.29,39.84,
server_20,21:24:50,21:25:20,44.82,53.91,
server_20,21:25:00,21:25:30,48.42,60.72,
server_20,21:25:10,21:25:40,43.74,58.92,
server_20,21:25:20,21:25:50,50.71,41.18,
server_20,21:25:30,21:26:00,59.44,35.26,
server_20,21:25:40,21:26:10,62.79,37.78,
server_20,21:25:50,21:26:20,58.29,45.09,
server_20,21:26:00,21:26:30,43.6,45.47,
server_20,21:26:10,21:26:40,41.32,44.99,
server_20,21:26:20,21:26:50,43.26,45.54,
server_20,21:26:30,21:27:00,40.09,55.87,
server_20,21:26:40,21:27:10,48.05,57.0,
server_20,21:26:50,21:27:20,52.09,48.78,
server_20,21:27:00,21:27:30,58.23,44.95,
server_20,21:27:10,21:27:40,46.92,51.68,
server_20,21:27:20,21:27:50,46.87,65.16,
server_20,21:27:30,21:28:00,51.52,70.54,
server_20,21:27:40,21:28:10,53.09,61.29,
server_20,21:27:50,21:28:20,46.01,51.16,
server_20,21:28:00,21:28:30,45.52,47.28,
server_20,21:28:10,21:28:40,46.78,44.89,
server_20,21:28:20,21:28:50,63.5,39.69,
server_20,21:28:30,21:29:00,71.55,42.48,
server_20,21:28:40,21:29:10,67.28,39.43,
server_20,21:28:50,21:29:20,63.1,45.32,
server_20,21:29:00,21:29:30,51.45,38.46,
server_20,21:29:10,21:29:40,66.53,52.71,
server_20,21:29:20,21:29:50,53.43,62.23,
server_20,21:29:30,21:30:00,63.39,70.57,
server_20,21:29:40,21:30:10,55.81,59.27,
server_20,21:29:50,21:30:20,51.62,63.0,
server_20,21:30:00,21:30:30,48.86,55.84,
server_20,21:30:10,21:30:40,50.95,65.37,
server_20,21:30:20,21:30:50,62.22,53.89,
server_20,21:30:30,21:31:00,50.85,63.52,
server_20,21:30:40,21:31:10,47.12,56.3,
server_20,21:30:50,21:31:20,39.38,64.3,
server_20,21:31:00,21:31:30,40.82,56.23,
server_20,21:31:10,21:31:40,49.14,56.72,
server_20,21:31:20,21:31:50,49.74,53.81,
server_20,21:31:30,21:32:00,60.36,45.75,
server_20,21:31:40,21:32:10,47.54,45.5,
server_20,21:31:50,21:32:20,62.13,41.62,
server_20,21:32:00,21:32:30,56.17,41.76,
server_20,21:32:10,21:32:40,56.68,33.58,
server_20,21:32:20,21:32:50,46.12,34.35,
server_20,21:32:30,21:33:00,44.85,41.63,
server_20,21:32:40,21:33:10,59.16,46.79,
server_20,21:32:50,21:33:20,54.27,52.28,
server_20,21:33:00,21:33:30,58.67,65.47,
server_20,21:33:10,21:33:40,63.34,67.78,
server_20,21:33:20,21:33:50,75.2,54.73,
server_20,21:33:30,21:34:00,80.39,50.08,
server_20,21:33:40,21:34:10,64.28,46.59,
server_20,21:33:50,21:34:20,66.88,60.71,
server_20,21:34:00,21:34:30,62.99,57.42,
server_20,21:34:10,21:34:40,55.53,66.42,
server_20,21:34:20,21:34:50,42.58,70.8,
server_20,21:34:30,21:35:00,40.77,64.94,
server_20,21:34:40,21:35:10,55.34,52.34,
server_20,21:34:50,21:35:20,58.55,44.03,
server_20,21:35:00,21:35:30,52.24,43.75,
server_20,21:35:10,21:35:40,55.78,63.23,
server_20,21:35:20,21:35:50,62.57,56.54,
server_20,21:35:30,21:36:00,65.66,53.5,
server_20,21:35:40,21:36:10,48.91,49.2,
server_20,21:35:50,21:36:20,33.48,63.78,
server_20,21:36:00,21:36:30,41.12,74.53,
server_20,21:36:10,21:36:40,58.84,73.27,
server_20,21:36:20,21:36:50,73.63,71.61,
server_20,21:36:30,21:37:00,60.79,72.61,
server_20,21:36:40,21:37:10,53.07,80.42,
server_20,21:36:50,21:37:20,48.32,74.74,
server_20,21:37:00,21:37:30,49.98,63.4,
server_20,21:37:10,21:37:40,49.04,49.2,
server_20,21:37:20,21:37:50,48.8,43.13,
server_20,21:37:30,21:38:00,57.15,46.18,
server_20,21:37:40,21:38:10,42.72,60.58,
server_20,21:37:50,21:38:20,43.17,65.72,
server_20,21:38:00,21:38:30,43.98,70.8,
server_20,21:38:10,21:38:40,62.3,49.68,
server_20,21:38:20,21:38:50,53.78,42.43,
server_20,21:38:30,21:39:00,54.09,46.62,
server_20,21:38:40,21:39:10,40.57,57.23,
server_20,21:38:50,21:39:20,36.39,76.11,
server_20,21:39:00,21:39:30,33.72,66.16,
server_20,21:39:10,21:39:40,36.88,70.74,
server_20,21:39:20,21:39:50,42.37,68.07,
server_20,21:39:30,21:40:00,45.65,79.89,
server_20,21:39:40,21:40:10,51.28,68.17,
server_20,21:39:50,21:40:20,57.02,54.69,
server_20,21:40:00,21:40:30,51.47,47.94,
server_20,21:40:10,21:40:40,53.49,50.95,
server_20,21:40:20,21:40:50,49.4,60.36,
server_20,21:40:30,21:41:00,57.29,50.92,
server_20,21:40:40,21:41:10,58.95,51.95,
server_20,21:40:50,21:41:20,57.03,42.55,
server_20,21:41:00,21:41:30,48.24,46.31,
server_20,21:41:10,21:41:40,39.44,42.43,
server_20,21:41:20,21:41:50,39.41,52.37,
server_20,21:41:30,21:42:00,35.06,54.66,
server_20,21:41:40,21:42:10,49.36,67.26,
server_20,21:41:50,21:42:20,64.06,53.96,
server_20,21:42:00,21:42:30,68.09,64.99,
server_20,21:42:10,21:42:40,67.16,48.32,
server_20,21:42:20,21:42:50,61.21,54.54,
server_20,21:42:30,21:43:00,59.53,42.87,
server_20,21:42:40,21:43:10,48.62,50.14,
server_20,21:42:50,21:43:20,45.01,44.09,
server_20,21:43:00,21:43:30,47.21,48.21,
server_20,21:43:10,21:43:40,44.94,46.64,
server_20,21:43:20,21:43:50,47.82,67.44,
server_20,21:43:30,21:44:00,48.38,61.18,
server_20,21:43:40,21:44:10,50.37,60.55,
server_20,21:43:50,21:44:20,49.5,47.25,
server_20,21:44:00,21:44:30,49.37,46.59,
server_20,21:44:10,21:44:40,53.94,42.06,
server_20,21:44:20,21:44:50,66.14,27.34,
server_20,21:44:30,21:45:00,64.53,31.01,
server_20,21:44:40,21:45:10,63.62,41.46,
server_20,21:44:50,21:45:20,41.19,60.01,
server_20,21:45:00,21:45:30,35.18,73.44,
server_20,21:45:10,21:45:40,40.89,63.15,
server_20,21:45:20,21:45:50,48.91,55.87,
server_20,21:45:30,21:46:00,60.32,47.89,
server_20,21:45:40,21:46:10,51.57,52.49,
server_20,21:45:50,21:46:20,46.24,61.2,
server_20,21:46:00,21:46:30,50.73,60.46,
server_20,21:46:10,21:46:40,52.57,63.83,
server_20,21:46:20,21:46:50,58.42,58.87,
server_20,21:46:30,21:47:00,52.01,59.85,
server_20,21:46:40,21:47:10,52.21,65.55,
server_20,21:46:50,21:47:20,49.78,62.14,
server_20,21:47:00,21:47:30,44.94,52.2,
server_20,21:47:10,21:47:40,40.37,38.82,
server_20,21:47:20,21:47:50,39.99,38.18,
server_20,21:47:30,21:48:00,43.96,33.65,
server_20,21:47:40,21:48:10,36.18,52.7,
server_20,21:47:50,21:48:20,47.36,60.3,
server_20,21:48:00,21:48:30,38.97,61.05,
server_20,21:48:10,21:48:40,56.54,51.25,
server_20,21:48:20,21:48:50,49.95,51.7,
server_20,21:48:30,21:49:00,58.41,61.02,
server_20,21:48:40,21:49:10,63.06,66.21,
server_20,21:48:50,21:49:20,59.17,63.04,
server_20,21:49:00,21:49:30,67.61,59.94,
server_20,21:49:10,21:49:40,56.9,52.77,
server_20,21:49:20,21:49:50,54.14,44.05,
server_20,21:49:30,21:50:00,36.83,48.41,
server_20,21:49:40,21:50:10,38.81,48.86,
server_20,21:49:50,21:50:20,49.56,60.0,
server_20,21:50:00,21:50:30,57.05,69.2,
server_20,21:50:10,21:50:40,64.16,67.31,
server_20,21:50:20,21:50:50,49.01,54.91,
server_20,21:50:30,21:51:00,56.72,50.53,
server_20,21:50:40,21:51:10,62.3,52.56,
server_20,21:50:50,21:51:20,75.38,61.77,
server_20,21:51:00,21:51:30,75.59,59.36,
server_20,21:51:10,21:51:40,55.68,52.65,
server_20,21:51:20,21:51:50,51.72,48.1,
server_20,21:51:30,21:52:00,44.38,46.34,
server_20,21:51:40,21:52:10,57.75,44.31,
server_20,21:51:50,21:52:20,57.91,40.17,
server_20,21:52:00,21:52:30,53.21,28.18,
server_20,21:52:10,21:52:40,42.96,47.29,
server_20,21:52:20,21:52:50,59.03,55.42,
server_20,21:52:30,21:53:00,72.2,55.35,
server_20,21:52:40,21:53:10,83.54,51.34,
server_20,21:52:50,21:53:20,62.12,57.7,
server_20,21:53:00,21:53:30,59.08,73.84,
server_20,21:53:10,21:53:40,56.39,59.82,
server_20,21:53:20,21:53:50,65.41,53.81,
server_20,21:53:30,21:54:00,64.98,50.85,
server_20,21:53:40,21:54:10,62.09,56.8,
server_20,21:53:50,21:54:20,67.25,52.36,
server_20,21:54:00,21:54:30,69.36,54.02,
server_20,21:54:10,21:54:40,70.72,61.2,
server_20,21:54:20,21:54:50,69.05,66.47,
server_20,21:54:30,21:55:00,72.77,53.91,
server_20,21:54:40,21:55:10,67.12,46.6,
server_20,21:54:50,21:55:20,66.42,42.49,
server_20,21:55:00,21:55:30,56.2,51.37,
server_20,21:55:10,21:55:40,50.43,44.49,
server_20,21:55:20,21:55:50,45.98,50.85,
server_20,21:55:30,21:56:00,50.77,57.23,
server_20,21:55:40,21:56:10,62.53,69.03,
server_20,21:55:50,21:56:20,62.79,63.2,
server_20,21:56:00,21:56:30,57.66,67.77,
server_20,21:56:10,21:56:40,54.95,76.14,
server_20,21:56:20,21:56:50,54.78,70.04,
server_20,21:56:30,21:57:00,52.62,52.46,
server_20,21:56:40,21:57:10,48.3,38.69,
server_20,21:56:50,21:57:20,56.69,51.3,
server_20,21:57:00,21:57:30,57.26,53.0,
server_20,21:57:10,21:57:40,55.8,51.55,
server_20,21:57:20,21:57:50,60.73,58.89,
server_20,21:57:30,21:58:00,65.22,54.76,
server_20,21:57:40,21:58:10,73.68,64.25,
server_20,21:57:50,21:58:20,64.55,58.81,
server_20,21:58:00,21:58:30,62.63,68.04,
server_20,21:58:10,21:58:40,60.06,59.71,
server_20,21:58:20,21:58:50,47.0,52.66,
server_20,21:58:30,21:59:00,45.19,49.59,
server_20,21:58:40,21:59:10,37.14,56.35,
server_20,21:58:50,21:59:20,55.56,54.75,
server_20,21:59:00,21:59:30,61.46,45.5,
server_20,21:59:10,21:59:40,63.43,46.84,
server_20,21:59:20,21:59:50,49.37,46.35,
server_20,21:59:30,22:00:00,44.29,54.75,
server_20,21:59:40,22:00:10,54.65,46.11,
server_20,21:59:50,22:00:20,52.71,39.76,
server_20,22:00:00,22:00:30,48.8,32.52,
server_20,22:00:10,22:00:40,48.68,44.66,
server_20,22:00:20,22:00:50,54.56,46.38,
server_20,22:00:30,22:01:00,49.12,59.11,
server_20,22:00:40,22:01:10,46.33,42.75,
server_20,22:00:50,22:01:20,53.55,56.65,
server_20,22:01:00,22:01:30,60.67,52.36,
server_20,22:01:10,22:01:40,61.39,48.26,
server_20,22:01:20,22:01:50,58.48,32.15,
server_20,22:01:30,22:02:00,72.85,17.4,
server_20,22:01:40,22:02:10,73.65,20.15,
server_20,22:01:50,22:02:20,71.05,31.12,
server_20,22:02:00,22:02:30,63.05,39.73,
server_20,22:02:10,22:02:40,51.72,55.11,
server_20,22:02:20,22:02:50,39.57,65.56,
server_20,22:02:30,22:03:00,36.77,79.86,
server_20,22:02:40,22:03:10,43.63,74.96,
server_20,22:02:50,22:03:20,49.7,69.41,
server_20,22:03:00,22:03:30,48.52,73.47,
server_20,22:03:10,22:03:40,41.9,76.89,
server_20,22:03:20,22:03:50,45.32,69.77,
server_20,22:03:30,22:04:00,48.67,52.13,
server_20,22:03:40,22:04:10,47.78,49.91,
server_20,22:03:50,22:04:20,43.99,44.77,
server_20,22:04:00,22:04:30,45.38,51.39,
server_20,22:04:10,22:04:40,58.03,55.96,
server_20,22:04:20,22:04:50,60.55,64.02,
server_20,22:04:30,22:05:00,49.29,56.42,
server_20,22:04:40,22:05:10,48.08,42.61,
server_20,22:04:50,22:05:20,45.25,35.63,
server_20,22:05:00,22:05:30,48.58,42.13,
server_20,22:05:10,22:05:40,51.67,60.11,
server_20,22:05:20,22:05:50,46.17,68.42,
server_20,22:05:30,22:06:00,46.23,68.28,
server_20,22:05:40,22:06:10,49.25,60.01,
server_20,22:05:50,22:06:20,56.28,65.8,
server_20,22:06:00,22:06:30,43.56,75.84,
server_20,22:06:10,22:06:40,39.14,71.11,
server_20,22:06:20,22:06:50,34.6,63.61,
server_20,22:06:30,22:07:00,45.09,48.16,
server_20,22:06:40,22:07:10,38.1,54.11,
server_20,22:06:50,22:07:20,39.91,49.77,
server_20,22:07:00,22:07:30,43.54,66.16,
server_20,22:07:10,22:07:40,51.63,66.46,
server_20,22:07:20,22:07:50,53.07,73.09,
server_20,22:07:30,22:08:00,51.74,63.32,
server_20,22:07:40,22:08:10,51.67,61.12,
server_20,22:07:50,22:08:20,61.81,49.12,
server_20,22:08:00,22:08:30,57.1,49.25,
server_20,22:08:10,22:08:40,46.84,54.41,
server_20,22:08:20,22:08:50,40.13,61.57,
server_20,22:08:30,22:09:00,51.06,64.01,
server_20,22:08:40,22:09:10,53.27,55.77,
server_20,22:08:50,22:09:20,52.34,57.7,
server_20,22:09:00,22:09:30,42.99,60.1,
server_20,22:09:10,22:09:40,39.06,55.66,
server_20,22:09:20,22:09:50,41.0,45.56,
server_20,22:09:30,22:10:00,49.4,33.55,
server_20,22:09:40,22:10:10,53.62,37.13,
server_20,22:09:50,22:10:20,60.24,48.95,
server_20,22:10:00,22:10:30,52.15,49.91,
server_20,22:10:10,22:10:40,47.45,46.34,
server_20,22:10:20,22:10:50,34.79,38.74,
server_20,22:10:30,22:11:00,42.45,46.3,
server_20,22:10:40,22:11:10,53.26,47.9,
server_20,22:10:50,22:11:20,53.37,51.2,
server_20,22:11:00,22:11:30,55.24,52.07,
server_20,22:11:10,22:11:40,54.34,62.9,
server_20,22:11:20,22:11:50,54.3,62.07,
server_20,22:11:30,22:12:00,50.18,62.13,
server_20,22:11:40,22:12:10,47.47,57.12,
server_20,22:11:50,22:12:20,57.3,64.74,
server_20,22:12:00,22:12:30,60.15,62.79,
server_20,22:12:10,22:12:40,57.87,57.07,
server_20,22:12:20,22:12:50,44.21,55.35,
server_20,22:12:30,22:13:00,44.36,39.99,
server_20,22:12:40,22:13:10,46.18,36.44,
server_20,22:12:50,22:13:20,63.63,36.29,
server_20,22:13:00,22:13:30,66.48,51.63,
server_20,22:13:10,22:13:40,59.25,51.26,
server_20,22:13:20,22:13:50,43.97,54.77,
server_20,22:13:30,22:14:00,44.89,59.13,
server_20,22:13:40,22:14:10,59.15,73.83,
server_20,22:13:50,22:14:20,70.4,68.35,
server_20,22:14:00,22:14:30,60.63,61.29,
server_20,22:14:10,22:14:40,64.45,58.37,
server_20,22:14:20,22:14:50,50.14,58.35,
server_20,22:14:30,22:15:00,58.61,58.38,
server_20,22:14:40,22:15:10,44.88,65.51,
server_20,22:14:50,22:15:20,49.07,67.76,
server_20,22:15:00,22:15:30,37.06,63.79,
server_20,22:15:10,22:15:40,41.59,56.42,
server_20,22:15:20,22:15:50,46.71,49.77,
server_20,22:15:30,22:16:00,47.1,50.35,
server_20,22:15:40,22:16:10,54.65,42.83,
server_20,22:15:50,22:16:20,63.2,53.06,
server_20,22:16:00,22:16:30,84.76,57.0,
server_20,22:16:10,22:16:40,65.4,66.59,
server_20,22:16:20,22:16:50,70.31,59.16,
server_20,22:16:30,22:17:00,59.65,50.79,
server_20,22:16:40,22:17:10,69.31,42.65,
server_20,22:16:50,22:17:20,45.21,44.68,
server_20,22:17:00,22:17:30,38.7,51.22,
server_20,22:17:10,22:17:40,46.54,52.22,
server_20,22:17:20,22:17:50,71.67,61.46,
server_20,22:17:30,22:18:00,68.3,64.9,
server_20,22:17:40,22:18:10,53.05,58.81,
server_20,22:17:50,22:18:20,34.54,41.36,
server_20,22:18:00,22:18:30,43.45,41.87,
server_20,22:18:10,22:18:40,44.43,43.98,
server_20,22:18:20,22:18:50,51.82,55.95,
server_20,22:18:30,22:19:00,58.43,61.48,
server_20,22:18:40,22:19:10,60.45,61.55,
server_20,22:18:50,22:19:20,64.47,44.38,
server_20,22:19:00,22:19:30,59.04,43.96,
server_20,22:19:10,22:19:40,66.9,37.87,
server_20,22:19:20,22:19:50,48.09,52.0,
server_20,22:19:30,22:20:00,47.47,45.02,
server_20,22:19:40,22:20:10,48.13,56.79,
server_20,22:19:50,22:20:20,55.97,57.57,
server_20,22:20:00,22:20:30,49.91,64.7,
server_20,22:20:10,22:20:40,47.19,65.45,
server_20,22:20:20,22:20:50,59.86,69.6,
server_20,22:20:30,22:21:00,71.71,61.95,
server_20,22:20:40,22:21:10,77.32,51.76,
server_20,22:20:50,22:21:20,69.24,43.85,
server_20,22:21:00,22:21:30,52.18,50.62,
server_20,22:21:10,22:21:40,57.2,58.73,
server_20,22:21:20,22:21:50,63.14,60.3,
server_20,22:21:30,22:22:00,76.03,48.59,
server_20,22:21:40,22:22:10,74.79,53.04,
server_20,22:21:50,22:22:20,74.67,60.34,
server_20,22:22:00,22:22:30,60.63,62.44,
server_20,22:22:10,22:22:40,53.25,62.2,
server_20,22:22:20,22:22:50,45.42,46.59,
server_20,22:22:30,22:23:00,58.95,48.01,
server_20,22:22:40,22:23:10,53.61,46.02,
server_20,22:22:50,22:23:20,54.53,52.58,
server_20,22:23:00,22:23:30,55.64,44.12,
server_20,22:23:10,22:23:40,56.23,41.45,
server_20,22:23:20,22:23:50,53.83,41.76,
server_20,22:23:30,22:24:00,53.73,46.39,
server_20,22:23:40,22:24:10,62.14,54.68,
server_20,22:23:50,22:24:20,64.12,63.75,
server_20,22:24:00,22:24:30,52.28,72.96,
server_20,22:24:10,22:24:40,37.53,75.43,
server_20,22:24:20,22:24:50,40.02,66.68,
server_20,22:24:30,22:25:00,45.13,58.92,
server_20,22:24:40,22:25:10,65.7,46.99,
server_20,22:24:50,22:25:20,62.65,54.8,
server_20,22:25:00,22:25:30,60.6,53.09,
server_20,22:25:10,22:25:40,44.4,55.22,
server_20,22:25:20,22:25:50,60.1,48.91,
server_20,22:25:30,22:26:00,49.74,57.94,
server_20,22:25:40,22:26:10,47.76,57.11,
server_20,22:25:50,22:26:20,34.11,53.99,
server_20,22:26:00,22:26:30,52.28,54.72,
server_20,22:26:10,22:26:40,41.86,67.96,
server_20,22:26:20,22:26:50,43.97,64.77,
server_20,22:26:30,22:27:00,44.49,58.59,
server_20,22:26:40,22:27:10,72.51,43.66,
server_20,22:26:50,22:27:20,70.16,53.6,
server_20,22:27:00,22:27:30,68.24,51.3,
server_20,22:27:10,22:27:40,61.1,47.91,
server_20,22:27:20,22:27:50,58.92,39.16,
server_20,22:27:30,22:28:00,49.63,42.29,
server_20,22:27:40,22:28:10,32.63,49.65,
server_20,22:27:50,22:28:20,26.22,46.34,
server_20,22:28:00,22:28:30,24.04,53.46,
server_20,22:28:10,22:28:40,34.69,51.49,
server_20,22:28:20,22:28:50,31.25,70.11,
server_20,22:28:30,22:29:00,39.65,70.57,
server_20,22:28:40,22:29:10,36.26,75.34,
server_20,22:28:50,22:29:20,48.38,61.0,
server_20,22:29:00,22:29:30,46.9,59.08,
server_20,22:29:10,22:29:40,54.93,53.31,
server_20,22:29:20,22:29:50,47.94,48.09,
server_20,22:29:30,22:30:00,58.0,39.69,
server_20,22:29:40,22:30:10,58.29,41.05,
server_20,22:29:50,22:30:20,64.54,50.37,
server_20,22:30:00,22:30:30,47.8,48.92,
server_20,22:30:10,22:30:40,34.53,55.57,
server_20,22:30:20,22:30:50,28.04,49.57,
server_20,22:30:30,22:31:00,40.52,51.54,
server_20,22:30:40,22:31:10,55.84,50.1,
server_20,22:30:50,22:31:20,66.43,42.29,
server_20,22:31:00,22:31:30,69.79,50.5,
server_20,22:31:10,22:31:40,62.12,42.92,
server_20,22:31:20,22:31:50,54.29,50.68,
server_20,22:31:30,22:32:00,45.25,62.06,
server_20,22:31:40,22:32:10,51.65,73.41,
server_20,22:31:50,22:32:20,45.17,80.95,
server_20,22:32:00,22:32:30,42.59,75.4,
server_20,22:32:10,22:32:40,37.97,70.25,
server_20,22:32:20,22:32:50,58.95,72.08,
server_20,22:32:30,22:33:00,60.19,59.46,
server_20,22:32:40,22:33:10,60.35,55.01,
server_20,22:32:50,22:33:20,47.12,59.62,
server_20,22:33:00,22:33:30,46.27,62.35,
server_20,22:33:10,22:33:40,47.9,63.35,
server_20,22:33:20,22:33:50,51.53,51.86,
server_20,22:33:30,22:34:00,64.55,44.21,
server_20,22:33:40,22:34:10,62.16,56.03,
server_20,22:33:50,22:34:20,57.98,58.88,
server_20,22:34:00,22:34:30,39.96,68.92,
server_20,22:34:10,22:34:40,32.39,61.37,
server_20,22:34:20,22:34:50,38.89,64.42,
server_20,22:34:30,22:35:00,50.56,72.93,
server_20,22:34:40,22:35:10,73.15,78.86,
server_20,22:34:50,22:35:20,66.3,73.49,
server_20,22:35:00,22:35:30,49.48,66.64,
server_20,22:35:10,22:35:40,36.71,58.53,
server_20,22:35:20,22:35:50,32.13,65.41,
server_20,22:35:30,22:36:00,49.41,67.3,
server_20,22:35:40,22:36:10,56.34,59.84,
server_20,22:35:50,22:36:20,65.11,54.6,
server_20,22:36:00,22:36:30,64.31,49.23,
server_20,22:36:10,22:36:40,53.07,62.48,
server_20,22:36:20,22:36:50,60.71,64.98,
server_20,22:36:30,22:37:00,67.99,64.93,
server_20,22:36:40,22:37:10,66.15,64.08,
server_20,22:36:50,22:37:20,62.7,60.3,
server_20,22:37:00,22:37:30,63.85,70.75,
server_20,22:37:10,22:37:40,62.37,58.16,
server_20,22:37:20,22:37:50,61.56,57.35,
server_20,22:37:30,22:38:00,55.04,39.7,
server_20,22:37:40,22:38:10,58.21,45.98,
server_20,22:37:50,22:38:20,46.38,44.32,
server_20,22:38:00,22:38:30,34.32,57.18,
server_20,22:38:10,22:38:40,27.15,60.96,
server_20,22:38:20,22:38:50,38.56,67.81,
server_20,22:38:30,22:39:00,38.01,51.42,
server_20,22:38:40,22:39:10,53.23,48.8,
server_20,22:38:50,22:39:20,37.69,48.1,
server_20,22:39:00,22:39:30,47.23,56.16,
server_20,22:39:10,22:39:40,46.04,58.54,
server_20,22:39:20,22:39:50,52.6,51.99,
server_20,22:39:30,22:40:00,52.77,55.09,
server_20,22:39:40,22:40:10,53.91,45.01,
server_20,22:39:50,22:40:20,55.6,45.59,
server_20,22:40:00,22:40:30,48.12,42.16,
server_20,22:40:10,22:40:40,42.65,48.55,
server_20,22:40:20,22:40:50,52.91,47.83,
server_20,22:40:30,22:41:00,60.55,52.5,
server_20,22:40:40,22:41:10,52.73,56.02,
server_20,22:40:50,22:41:20,51.88,62.69,
server_20,22:41:00,22:41:30,40.46,65.79,
server_20,22:41:10,22:41:40,43.38,56.31,
server_20,22:41:20,22:41:50,32.02,60.14,
server_20,22:41:30,22:42:00,38.31,58.88,
server_20,22:41:40,22:42:10,51.51,72.29,
server_20,22:41:50,22:42:20,52.57,62.8,
server_20,22:42:00,22:42:30,51.55,57.14,
server_20,22:42:10,22:42:40,47.6,55.54,
server_20,22:42:20,22:42:50,49.28,54.88,
server_20,22:42:30,22:43:00,51.36,57.62,
server_20,22:42:40,22:43:10,37.81,53.71,
server_20,22:42:50,22:43:20,33.82,58.62,
server_20,22:43:00,22:43:30,31.97,59.95,
server_20,22:43:10,22:43:40,34.35,53.85,
server_20,22:43:20,22:43:50,48.21,50.04,
server_20,22:43:30,22:44:00,51.13,47.24,
server_20,22:43:40,22:44:10,67.59,47.2,
server_20,22:43:50,22:44:20,59.06,59.7,
server_20,22:44:00,22:44:30,54.52,52.42,
server_20,22:44:10,22:44:40,49.57,60.48,
server_20,22:44:20,22:44:50,58.15,44.13,
server_20,22:44:30,22:45:00,66.82,55.43,
server_20,22:44:40,22:45:10,57.22,55.38,
server_20,22:44:50,22:45:20,54.08,67.41,
server_20,22:45:00,22:45:30,46.11,56.96,
server_20,22:45:10,22:45:40,45.63,47.73,
server_20,22:45:20,22:45:50,44.91,41.33,
server_20,22:45:30,22:46:00,56.84,53.99,
server_20,22:45:40,22:46:10,60.16,56.17,
server_20,22:45:50,22:46:20,51.46,54.08,
server_20,22:46:00,22:46:30,58.79,47.97,
server_20,22:46:10,22:46:40,60.76,55.78,
server_20,22:46:20,22:46:50,75.98,63.99,
server_20,22:46:30,22:47:00,65.58,54.61,
server_20,22:46:40,22:47:10,67.08,46.75,
server_20,22:46:50,22:47:20,63.41,37.79,
server_20,22:47:00,22:47:30,54.93,46.99,
server_20,22:47:10,22:47:40,48.35,39.97,
server_20,22:47:20,22:47:50,48.24,35.82,
server_20,22:47:30,22:48:00,50.64,26.46,
server_20,22:47:40,22:48:10,55.55,31.16,
server_20,22:47:50,22:48:20,51.09,37.57,
server_20,22:48:00,22:48:30,50.27,58.72,
server_20,22:48:10,22:48:40,41.98,55.74,
server_20,22:48:20,22:48:50,40.57,53.4,
server_20,22:48:30,22:49:00,40.02,40.22,
server_20,22:48:40,22:49:10,57.54,43.25,
server_20,22:48:50,22:49:20,59.35,46.62,
server_20,22:49:00,22:49:30,66.17,52.9,
server_20,22:49:10,22:49:40,68.63,58.13,
server_20,22:49:20,22:49:50,70.17,47.56,
server_20,22:49:30,22:50:00,59.35,38.61,
server_20,22:49:40,22:50:10,48.5,50.27,
server_20,22:49:50,22:50:20,47.31,49.75,
server_20,22:50:00,22:50:30,57.56,45.77,
server_20,22:50:10,22:50:40,55.01,36.45,
server_20,22:50:20,22:50:50,48.09,49.05,
server_20,22:50:30,22:51:00,56.69,56.66,
server_20,22:50:40,22:51:10,59.8,53.66,
server_20,22:50:50,22:51:20,74.5,45.88,
server_20,22:51:00,22:51:30,63.88,45.87,
server_20,22:51:10,22:51:40,61.72,42.5,
server_20,22:51:20,22:51:50,53.01,46.11,
server_20,22:51:30,22:52:00,56.9,40.0,
server_20,22:51:40,22:52:10,57.09,39.25,
server_20,22:51:50,22:52:20,61.41,36.47,
server_20,22:52:00,22:52:30,54.78,46.17,
server_20,22:52:10,22:52:40,58.05,48.35,
server_20,22:52:20,22:52:50,67.41,52.41,
server_20,22:52:30,22:53:00,67.63,51.51,
server_20,22:52:40,22:53:10,72.02,53.66,
server_20,22:52:50,22:53:20,49.56,58.3,
server_3,20:53:00,20:53:30,46.03,73.55,
server_3,20:53:10,20:53:40,50.11,63.55,
server_3,20:53:20,20:53:50,55.92,43.69,
server_3,20:53:30,20:54:00,55.53,40.01,
server_3,20:53:40,20:54:10,62.5,62.02,
server_3,20:53:50,20:54:20,63.79,74.37,
server_3,20:54:00,20:54:30,81.29,67.67,
server_3,20:54:10,20:54:40,82.9,48.63,
server_3,20:54:20,20:54:50,79.52,35.22,
server_3,20:54:30,20:55:00,73.99,41.33,
server_3,20:54:40,20:55:10,58.91,57.87,
server_3,20:54:50,20:55:20,54.81,72.7,
server_3,20:55:00,20:55:30,46.62,74.16,
server_3,20:55:10,20:55:40,59.91,73.11,
server_3,20:55:20,20:55:50,57.48,66.78,
server_3,20:55:30,20:56:00,54.04,55.07,
server_3,20:55:40,20:56:10,37.72,42.26,
server_3,20:55:50,20:56:20,37.29,41.52,
server_3,20:56:00,20:56:30,49.19,36.35,
server_3,20:56:10,20:56:40,51.44,49.06,
server_3,20:56:20,20:56:50,55.22,47.81,
server_3,20:56:30,20:57:00,53.41,56.8,
server_3,20:56:40,20:57:10,53.66,49.94,
server_3,20:56:50,20:57:20,49.11,51.48,
server_3,20:57:00,20:57:30,48.07,47.22,
server_3,20:57:10,20:57:40,52.56,49.07,
server_3,20:57:20,20:57:50,49.28,55.58,
server_3,20:57:30,20:58:00,45.95,64.14,
server_3,20:57:40,20:58:10,45.68,61.77,
server_3,20:57:50,20:58:20,55.29,54.49,
server_3,20:58:00,20:58:30,52.9,55.99,
server_3,20:58:10,20:58:40,64.37,56.61,
server_3,20:58:20,20:58:50,58.92,55.0,
server_3,20:58:30,20:59:00,58.29,44.88,
server_3,20:58:40,20:59:10,51.98,50.03,
server_3,20:58:50,20:59:20,59.28,49.31,
server_3,20:59:00,20:59:30,58.75,51.23,
server_3,20:59:10,20:59:40,49.93,44.2,
server_3,20:59:20,20:59:50,47.3,47.12,
server_3,20:59:30,21:00:00,50.16,51.18,
server_3,20:59:40,21:00:10,51.36,51.22,
server_3,20:59:50,21:00:20,47.78,51.94,
server_3,21:00:00,21:00:30,46.48,54.55,
server_3,21:00:10,21:00:40,40.75,60.19,
server_3,21:00:20,21:00:50,47.55,61.24,
server_3,21:00:30,21:01:00,43.21,52.29,
server_3,21:00:40,21:01:10,54.05,54.91,
server_3,21:00:50,21:01:20,58.14,50.2,
server_3,21:01:00,21:01:30,68.92,46.53,
server_3,21:01:10,21:01:40,61.45,39.75,
server_3,21:01:20,21:01:50,42.7,46.87,
server_3,21:01:30,21:02:00,40.25,52.94,
server_3,21:01:40,21:02:10,35.16,47.38,
server_3,21:01:50,21:02:20,41.03,49.37,
server_3,21:02:00,21:02:30,40.85,58.67,
server_3,21:02:10,21:02:40,52.31,63.21,
server_3,21:02:20,21:02:50,51.24,63.64,
server_3,21:02:30,21:03:00,40.94,54.62,
server_3,21:02:40,21:03:10,38.46,57.52,
server_3,21:02:50,21:03:20,49.61,52.44,
server_3,21:03:00,21:03:30,48.62,64.83,
server_3,21:03:10,21:03:40,50.59,65.19,
server_3,21:03:20,21:03:50,43.65,57.69,
server_3,21:03:30,21:04:00,55.49,55.27,
server_3,21:03:40,21:04:10,55.72,51.38,
server_3,21:03:50,21:04:20,52.04,53.56,
server_3,21:04:00,21:04:30,51.23,42.87,
server_3,21:04:10,21:04:40,48.38,38.71,
server_3,21:04:20,21:04:50,58.52,36.94,
server_3,21:04:30,21:05:00,60.47,48.54,
server_3,21:04:40,21:05:10,64.48,52.71,
server_3,21:04:50,21:05:20,57.47,57.79,
server_3,21:05:00,21:05:30,53.78,44.54,
server_3,21:05:10,21:05:40,41.29,51.14,
server_3,21:05:20,21:05:50,38.52,50.37,
server_3,21:05:30,21:06:00,41.73,49.98,
server_3,21:05:40,21:06:10,60.46,43.69,
server_3,21:05:50,21:06:20,66.89,50.93,
server_3,21:06:00,21:06:30,70.08,50.99,
server_3,21:06:10,21:06:40,54.38,49.69,
server_3,21:06:20,21:06:50,66.13,45.6,
server_3,21:06:30,21:07:00,58.93,54.21,
server_3,21:06:40,21:07:10,65.33,57.36,
server_3,21:06:50,21:07:20,41.66,59.15,
server_3,21:07:00,21:07:30,43.66,64.25,
server_3,21:07:10,21:07:40,44.68,54.95,
server_3,21:07:20,21:07:50,57.0,50.1,
server_3,21:07:30,21:08:00,57.98,42.88,
server_3,21:07:40,21:08:10,56.6,52.1,
server_3,21:07:50,21:08:20,55.77,58.2,
server_3,21:08:00,21:08:30,35.97,71.21,
server_3,21:08:10,21:08:40,34.87,72.31,
server_3,21:08:20,21:08:50,27.74,72.92,
server_3,21:08:30,21:09:00,44.24,55.11,
server_3,21:08:40,21:09:10,42.67,48.12,
server_3,21:08:50,21:09:20,46.13,40.49,
server_3,21:09:00,21:09:30,54.24,39.33,
server_3,21:09:10,21:09:40,54.27,38.92,
server_3,21:09:20,21:09:50,58.16,41.34,
server_3,21:09:30,21:10:00,42.4,42.16,
server_3,21:09:40,21:10:10,40.02,49.34,
server_3,21:09:50,21:10:20,35.83,43.41,
server_3,21:10:00,21:10:30,57.07,49.58,
server_3,21:10:10,21:10:40,71.04,56.09,
server_3,21:10:20,21:10:50,63.38,67.77,
server_3,21:10:30,21:11:00,51.75,62.74,
server_3,21:10:40,21:11:10,52.13,46.09,
server_3,21:10:50,21:11:20,70.22,30.97,
server_3,21:11:00,21:11:30,65.82,36.2,
server_3,21:11:10,21:11:40,50.81,43.29,
server_3,21:11:20,21:11:50,45.98,56.02,
server_3,21:11:30,21:12:00,48.74,52.51,
server_3,21:11:40,21:12:10,59.25,58.74,
server_3,21:11:50,21:12:20,48.66,60.14,
server_3,21:12:00,21:12:30,49.31,66.05,
server_3,21:12:10,21:12:40,50.09,65.11,
server_3,21:12:20,21:12:50,67.17,52.57,
server_3,21:12:30,21:13:00,64.14,48.08,
server_3,21:12:40,21:13:10,65.02,35.78,
server_3,21:12:50,21:13:20,54.83,44.04,
server_3,21:13:00,21:13:30,52.7,43.15,
server_3,21:13:10,21:13:40,51.86,42.98,
server_3,21:13:20,21:13:50,53.62,43.4,
server_3,21:13:30,21:14:00,65.26,50.65,
server_3,21:13:40,21:14:10,66.21,59.22,
server_3,21:13:50,21:14:20,55.66,70.69,
server_3,21:14:00,21:14:30,42.83,55.91,
server_3,21:14:10,21:14:40,36.96,53.62,
server_3,21:14:20,21:14:50,46.97,37.82,
server_3,21:14:30,21:15:00,43.66,49.91,
server_3,21:14:40,21:15:10,48.61,48.52,
server_3,21:14:50,21:15:20,48.93,45.15,
server_3,21:15:00,21:15:30,59.4,43.48,
server_3,21:15:10,21:15:40,49.61,50.65,
server_3,21:15:20,21:15:50,54.8,62.84,
server_3,21:15:30,21:16:00,51.2,57.44,
server_3,21:15:40,21:16:10,62.74,60.11,
server_3,21:15:50,21:16:20,58.78,47.27,
server_3,21:16:00,21:16:30,73.26,64.07,
server_3,21:16:10,21:16:40,68.99,60.99,
server_3,21:16:20,21:16:50,68.8,59.18,
server_3,21:16:30,21:17:00,68.9,33.43,
server_3,21:16:40,21:17:10,76.1,29.06,
server_3,21:16:50,21:17:20,76.08,39.57,
server_3,21:17:00,21:17:30,53.18,54.81,
server_3,21:17:10,21:17:40,44.61,56.84,
server_3,21:17:20,21:17:50,49.87,61.96,
server_3,21:17:30,21:18:00,55.87,67.06,
server_3,21:17:40,21:18:10,51.66,69.38,
server_3,21:17:50,21:18:20,42.85,61.46,
server_3,21:18:00,21:18:30,44.82,49.23,
server_3,21:18:10,21:18:40,47.55,40.36,
server_3,21:18:20,21:18:50,42.73,38.19,
server_3,21:18:30,21:19:00,32.18,56.18,
server_3,21:18:40,21:19:10,27.45,56.32,
server_3,21:18:50,21:19:20,44.55,55.62,
server_3,21:19:00,21:19:30,61.88,47.8,
server_3,21:19:10,21:19:40,72.95,48.96,
server_3,21:19:20,21:19:50,65.06,57.53,
server_3,21:19:30,21:20:00,55.34,44.9,
server_3,21:19:40,21:20:10,40.77,45.55,
server_3,21:19:50,21:20:20,45.08,48.4,
server_3,21:20:00,21:20:30,51.64,58.82,
server_3,21:20:10,21:20:40,61.07,64.59,
server_3,21:20:20,21:20:50,45.49,68.22,
server_3,21:20:30,21:21:00,42.54,56.54,
server_3,21:20:40,21:21:10,45.27,51.05,
server_3,21:20:50,21:21:20,60.81,40.41,
server_3,21:21:00,21:21:30,63.07,54.3,
server_3,21:21:10,21:21:40,62.62,62.03,
server_3,21:21:20,21:21:50,50.32,57.01,
server_3,21:21:30,21:22:00,49.28,44.88,
server_3,21:21:40,21:22:10,49.65,46.0,
server_3,21:21:50,21:22:20,50.36,43.77,
server_3,21:22:00,21:22:30,51.91,50.73,
server_3,21:22:10,21:22:40,39.73,51.34,
server_3,21:22:20,21:22:50,52.57,69.41,
server_3,21:22:30,21:23:00,57.74,76.77,
server_3,21:22:40,21:23:10,63.7,70.03,
server_3,21:22:50,21:23:20,62.46,64.7,
server_3,21:23:00,21:23:30,54.12,59.39,
server_3,21:23:10,21:23:40,54.77,62.11,
server_3,21:23:20,21:23:50,51.85,61.42,
server_3,21:23:30,21:24:00,59.84,68.92,
server_3,21:23:40,21:24:10,55.76,72.96,
server_3,21:23:50,21:24:20,42.57,71.57,
server_3,21:24:00,21:24:30,33.9,57.54,
server_3,21:24:10,21:24:40,45.75,53.8,
server_3,21:24:20,21:24:50,56.82,55.81,
server_3,21:24:30,21:25:00,52.69,53.55,
server_3,21:24:40,21:25:10,50.04,52.78,
server_3,21:24:50,21:25:20,58.14,43.04,
server_3,21:25:00,21:25:30,77.77,50.35,
server_3,21:25:10,21:25:40,71.71,47.8,
server_3,21:25:20,21:25:50,52.22,56.39,
server_3,21:25:30,21:26:00,47.57,64.94,
server_3,21:25:40,21:26:10,58.81,60.9,
server_3,21:25:50,21:26:20,74.99,52.51,
server_3,21:26:00,21:26:30,65.02,42.92,
server_3,21:26:10,21:26:40,53.88,45.03,
server_3,21:26:20,21:26:50,49.92,42.23,
server_3,21:26:30,21:27:00,52.2,51.87,
server_3,21:26:40,21:27:10,68.59,65.16,
server_3,21:26:50,21:27:20,66.55,73.19,
server_3,21:27:00,21:27:30,69.38,68.01,
server_3,21:27:10,21:27:40,62.52,58.09,
server_3,21:27:20,21:27:50,56.94,61.19,
server_3,21:27:30,21:28:00,60.33,50.53,
server_3,21:27:40,21:28:10,66.36,56.51,
server_3,21:27:50,21:28:20,61.15,54.7,
server_3,21:28:00,21:28:30,55.61,62.23,
server_3,21:28:10,21:28:40,45.88,57.41,
server_3,21:28:20,21:28:50,59.59,63.79,
server_3,21:28:30,21:29:00,60.57,64.12,
server_3,21:28:40,21:29:10,51.51,58.16,
server_3,21:28:50,21:29:20,52.47,39.77,
server_3,21:29:00,21:29:30,45.54,33.69,
server_3,21:29:10,21:29:40,64.11,36.9,
server_3,21:29:20,21:29:50,52.96,56.62,
server_3,21:29:30,21:30:00,59.06,61.5,
server_3,21:29:40,21:30:10,59.65,75.87,
server_3,21:29:50,21:30:20,66.33,72.09,
server_3,21:30:00,21:30:30,61.82,77.71,
server_3,21:30:10,21:30:40,49.09,64.45,
server_3,21:30:20,21:30:50,58.32,67.42,
server_3,21:30:30,21:31:00,71.22,70.34,
server_3,21:30:40,21:31:10,68.84,68.18,
server_3,21:30:50,21:31:20,61.09,63.88,
server_3,21:31:00,21:31:30,50.41,52.82,
server_3,21:31:10,21:31:40,61.35,62.56,
server_3,21:31:20,21:31:50,71.12,55.64,
server_3,21:31:30,21:32:00,73.0,49.57,
server_3,21:31:40,21:32:10,56.6,38.99,
server_3,21:31:50,21:32:20,52.0,34.96,
server_3,21:32:00,21:32:30,58.55,47.29,
server_3,21:32:10,21:32:40,62.88,56.38,
server_3,21:32:20,21:32:50,52.4,69.4,
server_3,21:32:30,21:33:00,40.04,59.16,
server_3,21:32:40,21:33:10,47.16,55.8,
server_3,21:32:50,21:33:20,46.59,39.57,
server_3,21:33:00,21:33:30,52.28,43.26,
server_3,21:33:10,21:33:40,53.68,49.35,
server_3,21:33:20,21:33:50,62.0,55.18,
server_3,21:33:30,21:34:00,53.86,61.98,
server_3,21:33:40,21:34:10,62.24,66.17,
server_3,21:33:50,21:34:20,61.38,72.66,
server_3,21:34:00,21:34:30,75.93,68.66,
server_3,21:34:10,21:34:40,59.32,55.5,
server_3,21:34:20,21:34:50,53.14,48.62,
server_3,21:34:30,21:35:00,38.61,53.31,
server_3,21:34:40,21:35:10,49.0,58.95,
server_3,21:34:50,21:35:20,46.76,61.96,
server_3,21:35:00,21:35:30,60.21,51.01,
server_3,21:35:10,21:35:40,52.87,44.8,
server_3,21:35:20,21:35:50,67.59,47.46,
server_3,21:35:30,21:36:00,62.65,38.8,
server_3,21:35:40,21:36:10,64.84,39.16,
server_3,21:35:50,21:36:20,53.88,36.34,
server_3,21:36:00,21:36:30,47.7,47.03,
server_3,21:36:10,21:36:40,47.71,60.15,
server_3,21:36:20,21:36:50,51.17,56.88,
server_3,21:36:30,21:37:00,59.77,61.31,
server_3,21:36:40,21:37:10,60.61,45.58,
server_3,21:36:50,21:37:20,64.41,41.25,
server_3,21:37:00,21:37:30,69.92,32.97,
server_3,21:37:10,21:37:40,63.31,34.6,
server_3,21:37:20,21:37:50,46.59,46.0,
server_3,21:37:30,21:38:00,34.06,50.42,
server_3,21:37:40,21:38:10,35.77,50.03,
server_3,21:37:50,21:38:20,53.16,42.64,
server_3,21:38:00,21:38:30,45.34,49.01,
server_3,21:38:10,21:38:40,45.49,49.9,
server_3,21:38:20,21:38:50,30.09,57.64,
server_3,21:38:30,21:39:00,41.43,55.62,
server_3,21:38:40,21:39:10,43.51,53.65,
server_3,21:38:50,21:39:20,54.71,47.07,
server_3,21:39:00,21:39:30,58.7,48.59,
server_3,21:39:10,21:39:40,56.21,61.4,
server_3,21:39:20,21:39:50,48.23,59.86,
server_3,21:39:30,21:40:00,31.9,59.97,
server_3,21:39:40,21:40:10,40.51,44.48,
server_3,21:39:50,21:40:20,59.48,49.45,
server_3,21:40:00,21:40:30,68.84,45.25,
server_3,21:40:10,21:40:40,58.34,44.94,
server_3,21:40:20,21:40:50,50.29,52.66,
server_3,21:40:30,21:41:00,53.81,54.58,
server_3,21:40:40,21:41:10,59.36,63.68,
server_3,21:40:50,21:41:20,47.69,62.48,
server_3,21:41:00,21:41:30,44.55,72.4,
server_3,21:41:10,21:41:40,39.32,63.73,
server_3,21:41:20,21:41:50,45.6,57.7,
server_3,21:41:30,21:42:00,43.95,41.09,
server_3,21:41:40,21:42:10,45.54,41.82,
server_3,21:41:50,21:42:20,54.86,49.85,
server_3,21:42:00,21:42:30,65.6,65.83,
server_3,21:42:10,21:42:40,69.41,69.64,
server_3,21:42:20,21:42:50,61.24,50.74,
server_3,21:42:30,21:43:00,51.24,38.7,
server_3,21:42:40,21:43:10,54.38,41.75,
server_3,21:42:50,21:43:20,62.21,45.2,
server_3,21:43:00,21:43:30,64.5,48.54,
server_3,21:43:10,21:43:40,60.15,46.66,
server_3,21:43:20,21:43:50,48.85,52.5,
server_3,21:43:30,21:44:00,42.57,49.27,
server_3,21:43:40,21:44:10,32.91,58.33,
server_3,21:43:50,21:44:20,34.09,57.54,
server_3,21:44:00,21:44:30,37.48,54.28,
server_3,21:44:10,21:44:40,45.45,45.56,
server_3,21:44:20,21:44:50,58.31,52.15,
server_3,21:44:30,21:45:00,65.92,48.64,
server_3,21:44:40,21:45:10,55.75,61.13,
server_3,21:44:50,21:45:20,42.05,51.97,
server_3,21:45:00,21:45:30,38.8,59.79,
server_3,21:45:10,21:45:40,52.61,39.45,
server_3,21:45:20,21:45:50,55.29,33.27,
server_3,21:45:30,21:46:00,53.72,36.98,
server_3,21:45:40,21:46:10,57.1,38.11,
server_3,21:45:50,21:46:20,58.88,50.33,
server_3,21:46:00,21:46:30,58.53,48.79,
server_3,21:46:10,21:46:40,58.96,49.37,
server_3,21:46:20,21:46:50,54.44,44.78,
server_3,21:46:30,21:47:00,53.53,35.9,
server_3,21:46:40,21:47:10,40.82,37.15,
server_3,21:46:50,21:47:20,43.49,31.8,
server_3,21:47:00,21:47:30,43.77,38.06,
server_3,21:47:10,21:47:40,47.55,40.47,
server_3,21:47:20,21:47:50,57.59,43.95,
server_3,21:47:30,21:48:00,58.27,45.19,
server_3,21:47:40,21:48:10,58.27,50.34,
server_3,21:47:50,21:48:20,44.73,49.52,
server_3,21:48:00,21:48:30,40.31,48.59,
server_3,21:48:10,21:48:40,38.92,45.17,
server_3,21:48:20,21:48:50,41.93,45.58,
server_3,21:48:30,21:49:00,53.0,52.7,
server_3,21:48:40,21:49:10,54.19,51.35,
server_3,21:48:50,21:49:20,60.66,51.48,
server_3,21:49:00,21:49:30,59.96,37.66,
server_3,21:49:10,21:49:40,63.37,36.01,
server_3,21:49:20,21:49:50,57.68,39.54,
server_3,21:49:30,21:50:00,50.48,48.47,
server_3,21:49:40,21:50:10,62.75,38.47,
server_3,21:49:50,21:50:20,56.75,37.45,
server_3,21:50:00,21:50:30,62.57,40.56,
server_3,21:50:10,21:50:40,57.37,60.29,
server_3,21:50:20,21:50:50,59.31,72.33,
server_3,21:50:30,21:51:00,68.06,72.33,
server_3,21:50:40,21:51:10,70.08,63.07,
server_3,21:50:50,21:51:20,67.62,52.89,
server_3,21:51:00,21:51:30,49.4,55.4,
server_3,21:51:10,21:51:40,35.72,62.95,
server_3,21:51:20,21:51:50,40.16,60.61,
server_3,21:51:30,21:52:00,50.0,56.95,
server_3,21:51:40,21:52:10,54.06,53.3,
server_3,21:51:50,21:52:20,67.18,57.99,
server_3,21:52:00,21:52:30,54.89,58.87,
server_3,21:52:10,21:52:40,54.67,51.5,
server_3,21:52:20,21:52:50,29.42,61.1,
server_3,21:52:30,21:53:00,40.5,63.78,
server_3,21:52:40,21:53:10,45.91,72.94,
server_3,21:52:50,21:53:20,59.6,56.69,
server_3,21:53:00,21:53:30,61.82,43.78,
server_3,21:53:10,21:53:40,56.03,42.44,
server_3,21:53:20,21:53:50,51.78,47.33,
server_3,21:53:30,21:54:00,50.33,54.39,
server_3,21:53:40,21:54:10,50.47,54.63,
server_3,21:53:50,21:54:20,45.23,59.26,
server_3,21:54:00,21:54:30,45.05,48.7,
server_3,21:54:10,21:54:40,43.47,46.16,
server_3,21:54:20,21:54:50,58.75,45.48,
server_3,21:54:30,21:55:00,52.09,58.23,
server_3,21:54:40,21:55:10,57.06,59.35,
server_3,21:54:50,21:55:20,47.31,50.76,
server_3,21:55:00,21:55:30,50.88,44.0,
server_3,21:55:10,21:55:40,47.32,44.11,
server_3,21:55:20,21:55:50,50.32,49.27,
server_3,21:55:30,21:56:00,41.62,58.67,
server_3,21:55:40,21:56:10,40.98,59.82,
server_3,21:55:50,21:56:20,41.85,72.77,
server_3,21:56:00,21:56:30,51.4,81.52,
server_3,21:56:10,21:56:40,62.04,85.37,
server_3,21:56:20,21:56:50,63.63,76.39,
server_3,21:56:30,21:57:00,62.73,62.23,
server_3,21:56:40,21:57:10,52.11,67.3,
server_3,21:56:50,21:57:20,46.91,62.81,
server_3,21:57:00,21:57:30,54.93,68.31,
server_3,21:57:10,21:57:40,62.65,66.16,
server_3,21:57:20,21:57:50,73.4,70.74,
server_3,21:57:30,21:58:00,66.0,64.73,
server_3,21:57:40,21:58:10,55.98,51.2,
server_3,21:57:50,21:58:20,54.76,52.99,
server_3,21:58:00,21:58:30,61.37,58.74,
server_3,21:58:10,21:58:40,64.78,63.85,
server_3,21:58:20,21:58:50,63.25,52.5,
server_3,21:58:30,21:59:00,64.38,42.45,
server_3,21:58:40,21:59:10,73.56,38.94,
server_3,21:58:50,21:59:20,62.89,41.08,
server_3,21:59:00,21:59:30,52.94,43.51,
server_3,21:59:10,21:59:40,47.24,42.19,
server_3,21:59:20,21:59:50,61.45,40.22,
server_3,21:59:30,22:00:00,63.12,40.31,
server_3,21:59:40,22:00:10,61.96,47.34,
server_3,21:59:50,22:00:20,50.97,65.73,
server_3,22:00:00,22:00:30,43.61,68.5,
server_3,22:00:10,22:00:40,52.02,65.15,
server_3,22:00:20,22:00:50,54.53,45.71,
server_3,22:00:30,22:01:00,65.69,39.87,
server_3,22:00:40,22:01:10,61.92,48.13,
server_3,22:00:50,22:01:20,63.15,54.21,
server_3,22:01:00,22:01:30,55.97,53.96,
server_3,22:01:10,22:01:40,50.84,47.87,
server_3,22:01:20,22:01:50,48.3,42.69,
server_3,22:01:30,22:02:00,48.55,45.67,
server_3,22:01:40,22:02:10,46.23,45.69,
server_3,22:01:50,22:02:20,54.16,42.93,
server_3,22:02:00,22:02:30,58.93,53.6,
server_3,22:02:10,22:02:40,64.09,43.53,
server_3,22:02:20,22:02:50,54.84,48.36,
server_3,22:02:30,22:03:00,60.67,36.26,
server_3,22:02:40,22:03:10,59.75,47.75,
server_3,22:02:50,22:03:20,53.85,52.93,
server_3,22:03:00,22:03:30,55.19,51.05,
server_3,22:03:10,22:03:40,58.68,51.14,
server_3,22:03:20,22:03:50,68.1,44.41,
server_3,22:03:30,22:04:00,63.28,52.17,
server_3,22:03:40,22:04:10,55.43,46.97,
server_3,22:03:50,22:04:20,61.29,58.22,
server_3,22:04:00,22:04:30,59.95,68.0,
server_3,22:04:10,22:04:40,54.85,65.75,
server_3,22:04:20,22:04:50,47.77,58.8,
server_3,22:04:30,22:05:00,40.97,46.8,
server_3,22:04:40,22:05:10,56.23,43.9,
server_3,22:04:50,22:05:20,55.3,39.79,
server_3,22:05:00,22:05:30,55.71,37.77,
server_3,22:05:10,22:05:40,59.06,46.94,
server_3,22:05:20,22:05:50,67.85,55.2,
server_3,22:05:30,22:06:00,72.51,61.01,
server_3,22:05:40,22:06:10,66.52,64.82,
server_3,22:05:50,22:06:20,73.12,61.38,
server_3,22:06:00,22:06:30,64.4,50.81,
server_3,22:06:10,22:06:40,51.88,41.87,
server_3,22:06:20,22:06:50,35.01,35.81,
server_3,22:06:30,22:07:00,47.0,33.32,
server_3,22:06:40,22:07:10,55.04,33.62,
server_3,22:06:50,22:07:20,51.69,42.27,
server_3,22:07:00,22:07:30,46.39,49.91,
server_3,22:07:10,22:07:40,47.88,50.78,
server_3,22:07:20,22:07:50,55.65,44.18,
server_3,22:07:30,22:08:00,62.62,53.14,
server_3,22:07:40,22:08:10,56.93,56.02,
server_3,22:07:50,22:08:20,59.59,61.19,
server_3,22:08:00,22:08:30,63.7,49.42,
server_3,22:08:10,22:08:40,69.64,47.54,
server_3,22:08:20,22:08:50,61.84,44.15,
server_3,22:08:30,22:09:00,54.41,51.21,
server_3,22:08:40,22:09:10,65.1,65.23,
server_3,22:08:50,22:09:20,68.43,66.98,
server_3,22:09:00,22:09:30,55.72,64.74,
server_3,22:09:10,22:09:40,41.98,44.27,
server_3,22:09:20,22:09:50,54.35,30.75,
server_3,22:09:30,22:10:00,62.72,29.77,
server_3,22:09:40,22:10:10,65.18,43.83,
server_3,22:09:50,22:10:20,47.86,50.64,
server_3,22:10:00,22:10:30,53.48,48.79,
server_3,22:10:10,22:10:40,51.74,46.26,
server_3,22:10:20,22:10:50,56.27,51.32,
server_3,22:10:30,22:11:00,67.72,52.67,
server_3,22:10:40,22:11:10,55.97,52.4,
server_3,22:10:50,22:11:20,72.06,68.59,
server_3,22:11:00,22:11:30,58.6,72.36,
server_3,22:11:10,22:11:40,69.21,83.22,
server_3,22:11:20,22:11:50,56.87,68.49,
server_3,22:11:30,22:12:00,46.97,66.58,
server_3,22:11:40,22:12:10,43.74,53.06,
server_3,22:11:50,22:12:20,49.11,48.26,
server_3,22:12:00,22:12:30,61.88,53.39,
server_3,22:12:10,22:12:40,61.51,54.74,
server_3,22:12:20,22:12:50,56.98,65.93,
server_3,22:12:30,22:13:00,43.91,50.87,
server_3,22:12:40,22:13:10,53.26,44.85,
server_3,22:12:50,22:13:20,39.18,40.48,
server_3,22:13:00,22:13:30,40.83,58.25,
server_3,22:13:10,22:13:40,33.69,61.17,
server_3,22:13:20,22:13:50,47.07,57.02,
server_3,22:13:30,22:14:00,56.96,56.34,
server_3,22:13:40,22:14:10,58.71,59.42,
server_3,22:13:50,22:14:20,55.65,60.16,
server_3,22:14:00,22:14:30,61.83,50.65,
server_3,22:14:10,22:14:40,69.24,55.19,
server_3,22:14:20,22:14:50,71.75,47.9,
server_3,22:14:30,22:15:00,58.9,44.51,
server_3,22:14:40,22:15:10,46.24,46.4,
server_3,22:14:50,22:15:20,41.16,54.11,
server_3,22:15:00,22:15:30,43.96,58.14,
server_3,22:15:10,22:15:40,56.86,45.39,
server_3,22:15:20,22:15:50,62.64,45.94,
server_3,22:15:30,22:16:00,64.34,35.15,
server_3,22:15:40,22:16:10,50.54,40.46,
server_3,22:15:50,22:16:20,46.56,39.57,
server_3,22:16:00,22:16:30,44.17,49.58,
server_3,22:16:10,22:16:40,40.02,42.09,
server_3,22:16:20,22:16:50,38.06,36.02,
server_3,22:16:30,22:17:00,36.73,38.12,
server_3,22:16:40,22:17:10,61.64,56.23,
server_3,22:16:50,22:17:20,71.69,61.04,
server_3,22:17:00,22:17:30,71.49,58.85,
server_3,22:17:10,22:17:40,62.28,41.78,
server_3,22:17:20,22:17:50,45.09,47.06,
server_3,22:17:30,22:18:00,49.9,47.05,
server_3,22:17:40,22:18:10,39.85,57.68,
server_3,22:17:50,22:18:20,58.9,48.48,
server_3,22:18:00,22:18:30,53.17,48.04,
server_3,22:18:10,22:18:40,63.03,41.28,
server_3,22:18:20,22:18:50,54.29,46.16,
server_3,22:18:30,22:19:00,71.5,49.06,
server_3,22:18:40,22:19:10,63.9,48.1,
server_3,22:18:50,22:19:20,61.96,49.6,
server_3,22:19:00,22:19:30,52.66,48.31,
server_3,22:19:10,22:19:40,62.1,42.4,
server_3,22:19:20,22:19:50,65.59,46.06,
server_3,22:19:30,22:20:00,63.29,61.05,
server_3,22:19:40,22:20:10,55.55,57.04,
server_3,22:19:50,22:20:20,49.27,60.4,
server_3,22:20:00,22:20:30,45.5,49.63,
server_3,22:20:10,22:20:40,41.33,62.79,
server_3,22:20:20,22:20:50,40.16,58.85,
server_3,22:20:30,22:21:00,44.71,54.28,
server_3,22:20:40,22:21:10,50.31,47.69,
server_3,22:20:50,22:21:20,55.75,39.73,
server_3,22:21:00,22:21:30,48.72,37.24,
server_3,22:21:10,22:21:40,61.01,34.29,
server_3,22:21:20,22:21:50,66.13,34.98,
server_3,22:21:30,22:22:00,66.76,33.03,
server_3,22:21:40,22:22:10,51.05,39.68,
server_3,22:21:50,22:22:20,43.29,40.89,
server_3,22:22:00,22:22:30,56.04,50.1,
server_3,22:22:10,22:22:40,61.85,56.28,
server_3,22:22:20,22:22:50,57.11,61.91,
server_3,22:22:30,22:23:00,46.0,64.51,
server_3,22:22:40,22:23:10,43.81,59.07,
server_3,22:22:50,22:23:20,48.61,51.11,
server_3,22:23:00,22:23:30,47.05,46.82,
server_3,22:23:10,22:23:40,46.16,49.59,
server_3,22:23:20,22:23:50,55.27,45.59,
server_3,22:23:30,22:24:00,58.09,44.31,
server_3,22:23:40,22:24:10,60.23,48.06,
server_3,22:23:50,22:24:20,57.37,59.35,
server_3,22:24:00,22:24:30,54.02,67.74,
server_3,22:24:10,22:24:40,51.52,51.16,
server_3,22:24:20,22:24:50,35.31,50.23,
server_3,22:24:30,22:25:00,38.92,41.37,
server_3,22:24:40,22:25:10,35.03,46.8,
server_3,22:24:50,22:25:20,43.75,44.78,
server_3,22:25:00,22:25:30,42.18,50.52,
server_3,22:25:10,22:25:40,40.37,65.75,
server_3,22:25:20,22:25:50,46.48,62.04,
server_3,22:25:30,22:26:00,40.6,57.77,
server_3,22:25:40,22:26:10,48.68,50.87,
server_3,22:25:50,22:26:20,41.82,52.68,
server_3,22:26:00,22:26:30,56.29,45.02,
server_3,22:26:10,22:26:40,56.73,42.59,
server_3,22:26:20,22:26:50,65.74,48.17,
server_3,22:26:30,22:27:00,71.0,60.57,
server_3,22:26:40,22:27:10,54.57,61.76,
server_3,22:26:50,22:27:20,61.35,61.52,
server_3,22:27:00,22:27:30,49.8,57.03,
server_3,22:27:10,22:27:40,64.93,46.99,
server_3,22:27:20,22:27:50,53.58,41.1,
server_3,22:27:30,22:28:00,51.16,41.24,
server_3,22:27:40,22:28:10,52.73,52.92,
server_3,22:27:50,22:28:20,52.48,57.98,
server_3,22:28:00,22:28:30,50.49,65.33,
server_3,22:28:10,22:28:40,37.67,67.75,
server_3,22:28:20,22:28:50,32.95,61.3,
server_3,22:28:30,22:29:00,27.34,58.28,
server_3,22:28:40,22:29:10,37.28,52.32,
server_3,22:28:50,22:29:20,50.86,49.82,
server_3,22:29:00,22:29:30,68.72,49.88,
server_3,22:29:10,22:29:40,71.13,65.06,
server_3,22:29:20,22:29:50,62.94,67.94,
server_3,22:29:30,22:30:00,54.14,58.71,
server_3,22:29:40,22:30:10,49.7,44.5,
server_3,22:29:50,22:30:20,46.83,45.29,
server_3,22:30:00,22:30:30,49.3,47.59,
server_3,22:30:10,22:30:40,62.42,39.84,
server_3,22:30:20,22:30:50,61.28,41.76,
server_3,22:30:30,22:31:00,60.0,39.25,
server_3,22:30:40,22:31:10,49.08,48.3,
server_3,22:30:50,22:31:20,46.71,46.24,
server_3,22:31:00,22:31:30,50.27,39.32,
server_3,22:31:10,22:31:40,61.76,30.33,
server_3,22:31:20,22:31:50,80.96,35.49,
server_3,22:31:30,22:32:00,74.77,40.59,
server_3,22:31:40,22:32:10,60.58,49.42,
server_3,22:31:50,22:32:20,49.6,48.21,
server_3,22:32:00,22:32:30,44.28,51.34,
server_3,22:32:10,22:32:40,47.94,53.18,
server_3,22:32:20,22:32:50,49.62,56.95,
server_3,22:32:30,22:33:00,49.55,62.9,
server_3,22:32:40,22:33:10,48.44,73.76,
server_3,22:32:50,22:33:20,43.33,64.3,
server_3,22:33:00,22:33:30,59.26,70.91,
server_3,22:33:10,22:33:40,66.36,49.62,
server_3,22:33:20,22:33:50,59.23,64.8,
server_3,22:33:30,22:34:00,57.36,62.69,
server_3,22:33:40,22:34:10,49.61,67.27,
server_3,22:33:50,22:34:20,58.99,57.91,
server_3,22:34:00,22:34:30,48.64,46.96,
server_3,22:34:10,22:34:40,51.82,52.6,
server_3,22:34:20,22:34:50,50.17,51.59,
server_3,22:34:30,22:35:00,45.16,47.32,
server_3,22:34:40,22:35:10,48.23,44.41,
server_3,22:34:50,22:35:20,42.46,49.59,
server_3,22:35:00,22:35:30,39.01,58.96,
server_3,22:35:10,22:35:40,24.45,64.1,
server_3,22:35:20,22:35:50,24.5,67.8,
server_3,22:35:30,22:36:00,33.68,73.63,
server_3,22:35:40,22:36:10,43.89,74.08,
server_3,22:35:50,22:36:20,43.89,64.42,
server_3,22:36:00,22:36:30,44.99,53.87,
server_3,22:36:10,22:36:40,52.49,46.19,
server_3,22:36:20,22:36:50,56.51,46.54,
server_3,22:36:30,22:37:00,56.71,51.8,
server_3,22:36:40,22:37:10,47.66,49.42,
server_3,22:36:50,22:37:20,42.46,58.05,
server_3,22:37:00,22:37:30,37.16,49.09,
server_3,22:37:10,22:37:40,41.41,57.99,
server_3,22:37:20,22:37:50,50.09,49.4,
server_3,22:37:30,22:38:00,55.23,53.22,
server_3,22:37:40,22:38:10,50.46,52.12,
server_3,22:37:50,22:38:20,50.71,41.72,
server_3,22:38:00,22:38:30,55.66,49.18,
server_3,22:38:10,22:38:40,55.02,44.27,
server_3,22:38:20,22:38:50,44.06,58.27,
server_3,22:38:30,22:39:00,46.09,57.58,
server_3,22:38:40,22:39:10,39.68,65.0,
server_3,22:38:50,22:39:20,63.23,64.74,
server_3,22:39:00,22:39:30,61.73,52.22,
server_3,22:39:10,22:39:40,60.92,49.51,
server_3,22:39:20,22:39:50,40.76,42.84,
server_3,22:39:30,22:40:00,45.52,51.26,
server_3,22:39:40,22:40:10,54.37,61.55,
server_3,22:39:50,22:40:20,66.56,58.85,
server_3,22:40:00,22:40:30,66.8,58.97,
server_3,22:40:10,22:40:40,77.63,43.5,
server_3,22:40:20,22:40:50,77.58,55.85,
server_3,22:40:30,22:41:00,78.42,46.22,
server_3,22:40:40,22:41:10,72.53,43.21,
server_3,22:40:50,22:41:20,71.61,45.85,
server_3,22:41:00,22:41:30,62.93,53.92,
server_3,22:41:10,22:41:40,59.08,57.85,
server_3,22:41:20,22:41:50,61.73,45.77,
server_3,22:41:30,22:42:00,65.77,51.83,
server_3,22:41:40,22:42:10,62.41,46.31,
server_3,22:41:50,22:42:20,57.91,56.67,
server_3,22:42:00,22:42:30,62.43,57.23,
server_3,22:42:10,22:42:40,65.7,58.93,
server_3,22:42:20,22:42:50,69.55,62.15,
server_3,22:42:30,22:43:00,59.71,53.77,
server_3,22:42:40,22:43:10,49.86,53.85,
server_3,22:42:50,22:43:20,38.22,40.68,
server_3,22:43:00,22:43:30,38.52,41.15,
server_3,22:43:10,22:43:40,38.7,40.75,
server_3,22:43:20,22:43:50,51.1,49.25,
server_3,22:43:30,22:44:00,56.91,44.49,
server_3,22:43:40,22:44:10,58.99,54.62,
server_3,22:43:50,22:44:20,53.69,42.07,
server_3,22:44:00,22:44:30,55.17,44.89,
server_3,22:44:10,22:44:40,61.04,34.34,
server_3,22:44:20,22:44:50,72.59,57.13,
server_3,22:44:30,22:45:00,71.92,62.88,
server_3,22:44:40,22:45:10,79.33,72.5,
server_3,22:44:50,22:45:20,71.87,48.6,
server_3,22:45:00,22:45:30,64.39,47.74,
server_3,22:45:10,22:45:40,59.9,34.09,
server_3,22:45:20,22:45:50,56.88,49.65,
server_3,22:45:30,22:46:00,63.68,55.27,
server_3,22:45:40,22:46:10,62.18,64.44,
server_3,22:45:50,22:46:20,63.43,51.52,
server_3,22:46:00,22:46:30,54.85,45.34,
server_3,22:46:10,22:46:40,47.39,37.6,
server_3,22:46:20,22:46:50,43.45,57.77,
server_3,22:46:30,22:47:00,37.32,62.76,
server_3,22:46:40,22:47:10,38.25,71.39,
server_3,22:46:50,22:47:20,44.74,60.51,
server_3,22:47:00,22:47:30,50.4,51.57,
server_3,22:47:10,22:47:40,57.27,46.54,
server_3,22:47:20,22:47:50,61.43,49.66,
server_3,22:47:30,22:48:00,62.9,47.62,
server_3,22:47:40,22:48:10,63.6,51.12,
server_3,22:47:50,22:48:20,55.83,38.29,
server_3,22:48:00,22:48:30,66.66,49.81,
server_3,22:48:10,22:48:40,61.09,49.35,
server_3,22:48:20,22:48:50,51.83,63.56,
server_3,22:48:30,22:49:00,45.84,60.91,
server_3,22:48:40,22:49:10,53.05,52.39,
server_3,22:48:50,22:49:20,68.5,49.53,
server_3,22:49:00,22:49:30,80.1,44.79,
server_3,22:49:10,22:49:40,77.57,50.08,
server_3,22:49:20,22:49:50,68.47,50.71,
server_3,22:49:30,22:50:00,54.13,54.52,
server_3,22:49:40,22:50:10,49.98,56.11,
server_3,22:49:50,22:50:20,52.23,40.57,
server_3,22:50:00,22:50:30,44.68,41.5,
server_3,22:50:10,22:50:40,44.1,45.7,
server_3,22:50:20,22:50:50,35.68,47.81,
server_3,22:50:30,22:51:00,42.47,45.55,
server_3,22:50:40,22:51:10,43.31,46.23,
server_3,22:50:50,22:51:20,45.29,53.65,
server_3,22:51:00,22:51:30,46.63,46.93,
server_3,22:51:10,22:51:40,47.23,45.79,
server_3,22:51:20,22:51:50,57.11,52.83,
server_3,22:51:30,22:52:00,56.95,54.23,
server_3,22:51:40,22:52:10,52.47,58.1,
server_3,22:51:50,22:52:20,49.09,44.31,
server_3,22:52:00,22:52:30,48.42,44.0,
server_3,22:52:10,22:52:40,53.67,43.85,
server_3,22:52:20,22:52:50,56.57,55.66,
server_3,22:52:30,22:53:00,51.96,56.39,
server_3,22:52:40,22:53:10,53.28,52.89,
server_3,22:52:50,22:53:20,36.89,41.17,
server_4,20:53:00,20:53:30,60.9,55.81,
server_4,20:53:10,20:53:40,63.65,55.36,
server_4,20:53:20,20:53:50,58.44,56.25,
server_4,20:53:30,20:54:00,57.95,48.89,
server_4,20:53:40,20:54:10,55.11,43.85,
server_4,20:53:50,20:54:20,47.48,50.27,
server_4,20:54:00,20:54:30,52.52,47.06,
server_4,20:54:10,20:54:40,47.21,59.15,
server_4,20:54:20,20:54:50,59.01,57.34,
server_4,20:54:30,20:55:00,65.66,59.29,
server_4,20:54:40,20:55:10,60.02,59.34,
server_4,20:54:50,20:55:20,53.98,61.07,
server_4,20:55:00,20:55:30,50.71,66.76,
server_4,20:55:10,20:55:40,53.78,60.68,
server_4,20:55:20,20:55:50,48.38,62.45,
server_4,20:55:30,20:56:00,42.02,58.29,
server_4,20:55:40,20:56:10,45.73,57.91,
server_4,20:55:50,20:56:20,49.34,58.7,
server_4,20:56:00,20:56:30,51.92,47.88,
server_4,20:56:10,20:56:40,46.52,46.95,
server_4,20:56:20,20:56:50,39.24,51.8,
server_4,20:56:30,20:57:00,32.04,63.03,
server_4,20:56:40,20:57:10,41.93,67.1,
server_4,20:56:50,20:57:20,50.34,56.54,
server_4,20:57:00,20:57:30,64.45,47.24,
server_4,20:57:10,20:57:40,56.04,42.53,
server_4,20:57:20,20:57:50,56.9,39.51,
server_4,20:57:30,20:58:00,46.16,45.81,
server_4,20:57:40,20:58:10,51.22,43.83,
server_4,20:57:50,20:58:20,46.21,58.59,
server_4,20:58:00,20:58:30,46.53,55.55,
server_4,20:58:10,20:58:40,39.91,47.09,
server_4,20:58:20,20:58:50,49.88,46.69,
server_4,20:58:30,20:59:00,57.53,42.84,
server_4,20:58:40,20:59:10,57.77,59.4,
server_4,20:58:50,20:59:20,48.4,48.66,
server_4,20:59:00,20:59:30,54.56,54.99,
server_4,20:59:10,20:59:40,57.16,51.3,
server_4,20:59:20,20:59:50,66.1,47.9,
server_4,20:59:30,21:00:00,47.97,44.9,
server_4,20:59:40,21:00:10,52.05,44.09,
server_4,20:59:50,21:00:20,39.58,56.47,
server_4,21:00:00,21:00:30,49.22,51.34,
server_4,21:00:10,21:00:40,45.4,42.99,
server_4,21:00:20,21:00:50,56.48,38.82,
server_4,21:00:30,21:01:00,52.3,47.05,
server_4,21:00:40,21:01:10,59.84,58.69,
server_4,21:00:50,21:01:20,54.83,69.08,
server_4,21:01:00,21:01:30,56.53,65.61,
server_4,21:01:10,21:01:40,61.99,59.43,
server_4,21:01:20,21:01:50,65.67,53.76,
server_4,21:01:30,21:02:00,66.68,56.46,
server_4,21:01:40,21:02:10,57.12,59.26,
server_4,21:01:50,21:02:20,56.21,56.97,
server_4,21:02:00,21:02:30,59.58,62.18,
server_4,21:02:10,21:02:40,58.7,64.27,
server_4,21:02:20,21:02:50,57.31,59.21,
server_4,21:02:30,21:03:00,54.66,56.96,
server_4,21:02:40,21:03:10,54.0,46.34,
server_4,21:02:50,21:03:20,52.07,53.73,
server_4,21:03:00,21:03:30,44.89,48.57,
server_4,21:03:10,21:03:40,38.29,57.5,
server_4,21:03:20,21:03:50,44.87,40.32,
server_4,21:03:30,21:04:00,44.38,41.7,
server_4,21:03:40,21:04:10,59.44,33.75,
server_4,21:03:50,21:04:20,55.32,40.99,
server_4,21:04:00,21:04:30,58.26,40.44,
server_4,21:04:10,21:04:40,58.02,54.11,
server_4,21:04:20,21:04:50,64.07,66.85,
server_4,21:04:30,21:05:00,75.31,61.46,
server_4,21:04:40,21:05:10,73.08,55.37,
server_4,21:04:50,21:05:20,68.88,51.69,
server_4,21:05:00,21:05:30,56.13,56.52,
server_4,21:05:10,21:05:40,40.25,57.57,
server_4,21:05:20,21:05:50,45.47,56.87,
server_4,21:05:30,21:06:00,59.45,58.88,
server_4,21:05:40,21:06:10,60.66,61.25,
server_4,21:05:50,21:06:20,47.62,62.59,
server_4,21:06:00,21:06:30,36.27,61.51,
server_4,21:06:10,21:06:40,55.07,52.08,
server_4,21:06:20,21:06:50,55.06,52.02,
server_4,21:06:30,21:07:00,43.33,56.93,
server_4,21:06:40,21:07:10,31.28,55.02,
server_4,21:06:50,21:07:20,33.19,48.31,
server_4,21:07:00,21:07:30,43.33,41.91,
server_4,21:07:10,21:07:40,48.25,48.69,
server_4,21:07:20,21:07:50,54.07,54.0,
server_4,21:07:30,21:08:00,52.71,54.03,
server_4,21:07:40,21:08:10,50.12,53.87,
server_4,21:07:50,21:08:20,51.46,53.52,
server_4,21:08:00,21:08:30,53.69,59.56,
server_4,21:08:10,21:08:40,53.67,61.16,
server_4,21:08:20,21:08:50,48.98,61.02,
server_4,21:08:30,21:09:00,38.27,60.58,
server_4,21:08:40,21:09:10,45.89,58.4,
server_4,21:08:50,21:09:20,40.16,61.33,
server_4,21:09:00,21:09:30,42.68,51.84,
server_4,21:09:10,21:09:40,29.44,46.44,
server_4,21:09:20,21:09:50,49.27,37.46,
server_4,21:09:30,21:10:00,62.06,47.28,
server_4,21:09:40,21:10:10,63.18,51.81,
server_4,21:09:50,21:10:20,36.09,56.21,
server_4,21:10:00,21:10:30,41.64,52.4,
server_4,21:10:10,21:10:40,56.84,51.8,
server_4,21:10:20,21:10:50,67.94,51.91,
server_4,21:10:30,21:11:00,47.3,54.72,
server_4,21:10:40,21:11:10,45.84,62.35,
server_4,21:10:50,21:11:20,43.62,65.81,
server_4,21:11:00,21:11:30,64.84,53.08,
server_4,21:11:10,21:11:40,63.55,53.25,
server_4,21:11:20,21:11:50,78.07,50.52,
server_4,21:11:30,21:12:00,77.39,70.81,
server_4,21:11:40,21:12:10,77.04,70.55,
server_4,21:11:50,21:12:20,64.9,66.21,
server_4,21:12:00,21:12:30,62.14,57.12,
server_4,21:12:10,21:12:40,50.37,56.61,
server_4,21:12:20,21:12:50,50.95,51.43,
server_4,21:12:30,21:13:00,53.14,47.24,
server_4,21:12:40,21:13:10,63.79,46.34,
server_4,21:12:50,21:13:20,68.26,52.48,
server_4,21:13:00,21:13:30,59.85,54.23,
server_4,21:13:10,21:13:40,49.88,42.58,
server_4,21:13:20,21:13:50,48.55,41.21,
server_4,21:13:30,21:14:00,54.27,44.32,
server_4,21:13:40,21:14:10,59.35,45.08,
server_4,21:13:50,21:14:20,49.61,59.71,
server_4,21:14:00,21:14:30,39.32,60.2,
server_4,21:14:10,21:14:40,49.81,64.57,
server_4,21:14:20,21:14:50,56.61,46.37,
server_4,21:14:30,21:15:00,56.41,48.19,
server_4,21:14:40,21:15:10,55.46,60.57,
server_4,21:14:50,21:15:20,60.14,68.56,
server_4,21:15:00,21:15:30,65.11,67.6,
server_4,21:15:10,21:15:40,50.09,56.56,
server_4,21:15:20,21:15:50,39.47,59.1,
server_4,21:15:30,21:16:00,39.42,56.3,
server_4,21:15:40,21:16:10,45.82,57.65,
server_4,21:15:50,21:16:20,47.27,55.92,
server_4,21:16:00,21:16:30,50.56,60.09,
server_4,21:16:10,21:16:40,58.46,66.3,
server_4,21:16:20,21:16:50,72.41,70.9,
server_4,21:16:30,21:17:00,62.36,73.08,
server_4,21:16:40,21:17:10,60.4,73.0,
server_4,21:16:50,21:17:20,65.96,66.5,
server_4,21:17:00,21:17:30,78.48,63.91,
server_4,21:17:10,21:17:40,72.71,60.78,
server_4,21:17:20,21:17:50,70.67,65.2,
server_4,21:17:30,21:18:00,64.32,64.2,
server_4,21:17:40,21:18:10,72.23,66.69,
server_4,21:17:50,21:18:20,64.42,50.87,
server_4,21:18:00,21:18:30,62.94,50.73,
server_4,21:18:10,21:18:40,58.27,37.49,
server_4,21:18:20,21:18:50,61.93,56.47,
server_4,21:18:30,21:19:00,57.21,50.74,
server_4,21:18:40,21:19:10,55.57,64.72,
server_4,21:18:50,21:19:20,55.56,51.95,
server_4,21:19:00,21:19:30,60.86,53.19,
server_4,21:19:10,21:19:40,51.97,51.53,
server_4,21:19:20,21:19:50,39.62,62.35,
server_4,21:19:30,21:20:00,33.49,71.41,
server_4,21:19:40,21:20:10,47.28,73.22,
server_4,21:19:50,21:20:20,56.39,54.61,
server_4,21:20:00,21:20:30,65.94,46.15,
server_4,21:20:10,21:20:40,53.8,39.44,
server_4,21:20:20,21:20:50,48.61,50.42,
server_4,21:20:30,21:21:00,41.65,45.09,
server_4,21:20:40,21:21:10,45.05,57.75,
server_4,21:20:50,21:21:20,49.08,53.91,
server_4,21:21:00,21:21:30,59.89,65.69,
server_4,21:21:10,21:21:40,56.63,59.3,
server_4,21:21:20,21:21:50,63.8,55.71,
server_4,21:21:30,21:22:00,58.84,54.55,
server_4,21:21:40,21:22:10,61.78,47.62,
server_4,21:21:50,21:22:20,45.11,62.47,
server_4,21:22:00,21:22:30,50.46,66.44,
server_4,21:22:10,21:22:40,50.43,68.75,
server_4,21:22:20,21:22:50,64.75,64.88,
server_4,21:22:30,21:23:00,50.01,47.17,
server_4,21:22:40,21:23:10,44.59,49.73,
server_4,21:22:50,21:23:20,45.22,39.34,
server_4,21:23:00,21:23:30,52.14,49.84,
server_4,21:23:10,21:23:40,55.74,43.22,
server_4,21:23:20,21:23:50,39.59,42.8,
server_4,21:23:30,21:24:00,41.86,41.92,
server_4,21:23:40,21:24:10,40.21,41.45,
server_4,21:23:50,21:24:20,52.19,57.44,
server_4,21:24:00,21:24:30,48.52,61.46,
server_4,21:24:10,21:24:40,52.18,64.74,
server_4,21:24:20,21:24:50,57.61,46.97,
server_4,21:24:30,21:25:00,61.0,42.55,
server_4,21:24:40,21:25:10,55.92,37.59,
server_4,21:24:50,21:25:20,43.3,42.82,
server_4,21:25:00,21:25:30,39.15,41.51,
server_4,21:25:10,21:25:40,35.68,52.43,
server_4,21:25:20,21:25:50,44.06,58.03,
server_4,21:25:30,21:26:00,41.1,56.33,
server_4,21:25:40,21:26:10,50.41,49.81,
server_4,21:25:50,21:26:20,45.63,53.62,
server_4,21:26:00,21:26:30,53.86,56.0,
server_4,21:26:10,21:26:40,59.32,46.84,
server_4,21:26:20,21:26:50,57.85,38.96,
server_4,21:26:30,21:27:00,40.55,51.8,
server_4,21:26:40,21:27:10,43.65,69.12,
server_4,21:26:50,21:27:20,45.27,72.46,
server_4,21:27:00,21:27:30,54.76,67.61,
server_4,21:27:10,21:27:40,50.12,62.89,
server_4,21:27:20,21:27:50,46.98,64.21,
server_4,21:27:30,21:28:00,52.32,54.21,
server_4,21:27:40,21:28:10,51.49,54.48,
server_4,21:27:50,21:28:20,50.52,49.1,
server_4,21:28:00,21:28:30,54.62,41.27,
server_4,21:28:10,21:28:40,48.22,35.88,
server_4,21:28:20,21:28:50,46.43,48.21,
server_4,21:28:30,21:29:00,34.1,59.83,
server_4,21:28:40,21:29:10,43.71,58.12,
server_4,21:28:50,21:29:20,51.98,39.69,
server_4,21:29:00,21:29:30,62.82,41.49,
server_4,21:29:10,21:29:40,62.19,32.99,
server_4,21:29:20,21:29:50,61.65,45.99,
server_4,21:29:30,21:30:00,49.49,43.47,
server_4,21:29:40,21:30:10,40.72,54.69,
server_4,21:29:50,21:30:20,37.24,51.93,
server_4,21:30:00,21:30:30,51.75,58.46,
server_4,21:30:10,21:30:40,61.52,59.68,
server_4,21:30:20,21:30:50,71.12,52.9,
server_4,21:30:30,21:31:00,65.33,42.38,
server_4,21:30:40,21:31:10,63.79,45.65,
server_4,21:30:50,21:31:20,47.54,57.34,
server_4,21:31:00,21:31:30,41.83,68.95,
server_4,21:31:10,21:31:40,30.67,58.57,
server_4,21:31:20,21:31:50,29.73,59.91,
server_4,21:31:30,21:32:00,49.83,51.14,
server_4,21:31:40,21:32:10,50.6,66.56,
server_4,21:31:50,21:32:20,68.38,66.93,
server_4,21:32:00,21:32:30,56.87,68.35,
server_4,21:32:10,21:32:40,63.55,53.55,
server_4,21:32:20,21:32:50,53.02,45.73,
server_4,21:32:30,21:33:00,50.9,48.03,
server_4,21:32:40,21:33:10,47.99,58.93,
server_4,21:32:50,21:33:20,61.87,46.86,
server_4,21:33:00,21:33:30,51.27,43.43,
server_4,21:33:10,21:33:40,49.61,35.69,
server_4,21:33:20,21:33:50,34.76,45.32,
server_4,21:33:30,21:34:00,45.65,42.82,
server_4,21:33:40,21:34:10,38.52,51.2,
server_4,21:33:50,21:34:20,46.7,47.27,
server_4,21:34:00,21:34:30,57.91,53.99,
server_4,21:34:10,21:34:40,67.12,44.84,
server_4,21:34:20,21:34:50,63.88,64.11,
server_4,21:34:30,21:35:00,58.8,53.3,
server_4,21:34:40,21:35:10,59.4,54.45,
server_4,21:34:50,21:35:20,49.38,37.29,
server_4,21:35:00,21:35:30,56.95,57.42,
server_4,21:35:10,21:35:40,60.73,67.58,
server_4,21:35:20,21:35:50,69.38,72.61,
server_4,21:35:30,21:36:00,56.63,63.99,
server_4,21:35:40,21:36:10,55.23,52.73,
server_4,21:35:50,21:36:20,57.89,42.88,
server_4,21:36:00,21:36:30,61.48,34.98,
server_4,21:36:10,21:36:40,62.11,38.39,
server_4,21:36:20,21:36:50,71.59,47.69,
server_4,21:36:30,21:37:00,60.66,59.1,
server_4,21:36:40,21:37:10,71.43,71.5,
server_4,21:36:50,21:37:20,59.57,64.3,
server_4,21:37:00,21:37:30,62.34,53.23,
server_4,21:37:10,21:37:40,41.53,47.59,
server_4,21:37:20,21:37:50,37.44,55.25,
server_4,21:37:30,21:38:00,43.8,59.62,
server_4,21:37:40,21:38:10,53.59,42.21,
server_4,21:37:50,21:38:20,58.06,43.74,
server_4,21:38:00,21:38:30,59.16,48.39,
server_4,21:38:10,21:38:40,65.41,70.61,
server_4,21:38:20,21:38:50,68.44,63.45,
server_4,21:38:30,21:39:00,70.31,52.84,
server_4,21:38:40,21:39:10,66.96,39.74,
server_4,21:38:50,21:39:20,73.52,45.93,
server_4,21:39:00,21:39:30,67.83,52.74,
server_4,21:39:10,21:39:40,64.04,49.69,
server_4,21:39:20,21:39:50,56.9,45.49,
server_4,21:39:30,21:40:00,54.81,39.75,
server_4,21:39:40,21:40:10,66.43,42.64,
server_4,21:39:50,21:40:20,57.34,38.48,
server_4,21:40:00,21:40:30,65.08,45.44,
server_4,21:40:10,21:40:40,56.6,48.1,
server_4,21:40:20,21:40:50,60.24,55.93,
server_4,21:40:30,21:41:00,53.7,50.41,
server_4,21:40:40,21:41:10,45.4,51.79,
server_4,21:40:50,21:41:20,49.45,48.79,
server_4,21:41:00,21:41:30,49.51,44.5,
server_4,21:41:10,21:41:40,54.02,43.75,
server_4,21:41:20,21:41:50,59.2,50.77,
server_4,21:41:30,21:42:00,49.35,59.79,
server_4,21:41:40,21:42:10,44.83,68.0,
server_4,21:41:50,21:42:20,39.54,68.07,
server_4,21:42:00,21:42:30,48.47,62.61,
server_4,21:42:10,21:42:40,55.86,56.9,
server_4,21:42:20,21:42:50,48.23,50.54,
server_4,21:42:30,21:43:00,56.88,63.82,
server_4,21:42:40,21:43:10,53.94,55.95,
server_4,21:42:50,21:43:20,67.32,65.69,
server_4,21:43:00,21:43:30,59.94,57.38,
server_4,21:43:10,21:43:40,66.9,65.91,
server_4,21:43:20,21:43:50,67.69,54.28,
server_4,21:43:30,21:44:00,63.5,50.96,
server_4,21:43:40,21:44:10,58.88,57.55,
server_4,21:43:50,21:44:20,48.5,62.46,
server_4,21:44:00,21:44:30,46.66,70.0,
server_4,21:44:10,21:44:40,53.21,53.58,
server_4,21:44:20,21:44:50,64.81,53.57,
server_4,21:44:30,21:45:00,70.25,47.98,
server_4,21:44:40,21:45:10,58.7,49.59,
server_4,21:44:50,21:45:20,44.9,44.63,
server_4,21:45:00,21:45:30,51.02,42.13,
server_4,21:45:10,21:45:40,60.96,48.33,
server_4,21:45:20,21:45:50,61.71,52.6,
server_4,21:45:30,21:46:00,49.59,50.8,
server_4,21:45:40,21:46:10,43.27,36.81,
server_4,21:45:50,21:46:20,42.62,41.1,
server_4,21:46:00,21:46:30,42.37,50.65,
server_4,21:46:10,21:46:40,49.13,58.12,
server_4,21:46:20,21:46:50,59.56,47.66,
server_4,21:46:30,21:47:00,76.21,38.1,
server_4,21:46:40,21:47:10,75.07,46.92,
server_4,21:46:50,21:47:20,70.1,54.46,
server_4,21:47:00,21:47:30,57.69,64.76,
server_4,21:47:10,21:47:40,47.45,56.65,
server_4,21:47:20,21:47:50,51.14,56.43,
server_4,21:47:30,21:48:00,51.41,49.7,
server_4,21:47:40,21:48:10,62.2,49.35,
server_4,21:47:50,21:48:20,57.38,41.06,
server_4,21:48:00,21:48:30,63.22,45.85,
server_4,21:48:10,21:48:40,45.54,51.69,
server_4,21:48:20,21:48:50,47.66,60.29,
server_4,21:48:30,21:49:00,37.24,52.27,
server_4,21:48:40,21:49:10,50.67,57.58,
server_4,21:48:50,21:49:20,50.96,61.48,
server_4,21:49:00,21:49:30,58.27,58.45,
server_4,21:49:10,21:49:40,57.45,38.93,
server_4,21:49:20,21:49:50,52.51,31.86,
server_4,21:49:30,21:50:00,51.12,37.58,
server_4,21:49:40,21:50:10,54.62,45.38,
server_4,21:49:50,21:50:20,57.86,49.98,
server_4,21:50:00,21:50:30,62.53,42.18,
server_4,21:50:10,21:50:40,56.45,41.22,
server_4,21:50:20,21:50:50,56.84,34.4,
server_4,21:50:30,21:51:00,56.83,56.14,
server_4,21:50:40,21:51:10,54.66,60.19,
server_4,21:50:50,21:51:20,50.23,67.38,
server_4,21:51:00,21:51:30,50.99,48.3,
server_4,21:51:10,21:51:40,56.64,51.34,
server_4,21:51:20,21:51:50,50.19,52.79,
server_4,21:51:30,21:52:00,48.72,50.59,
server_4,21:51:40,21:52:10,50.77,37.63,
server_4,21:51:50,21:52:20,55.12,37.77,
server_4,21:52:00,21:52:30,58.36,46.43,
server_4,21:52:10,21:52:40,69.21,70.75,
server_4,21:52:20,21:52:50,78.82,71.51,
server_4,21:52:30,21:53:00,83.76,73.98,
server_4,21:52:40,21:53:10,62.52,53.25,
server_4,21:52:50,21:53:20,66.94,41.8,
server_4,21:53:00,21:53:30,48.42,44.86,
server_4,21:53:10,21:53:40,62.23,48.57,
server_4,21:53:20,21:53:50,63.17,43.66,
server_4,21:53:30,21:54:00,86.24,49.73,
server_4,21:53:40,21:54:10,76.77,53.07,
server_4,21:53:50,21:54:20,62.47,55.34,
server_4,21:54:00,21:54:30,47.11,43.78,
server_4,21:54:10,21:54:40,44.02,40.75,
server_4,21:54:20,21:54:50,46.94,46.07,
server_4,21:54:30,21:55:00,46.23,56.45,
server_4,21:54:40,21:55:10,56.53,67.14,
server_4,21:54:50,21:55:20,50.93,63.29,
server_4,21:55:00,21:55:30,51.34,56.91,
server_4,21:55:10,21:55:40,41.03,54.58,
server_4,21:55:20,21:55:50,39.9,51.53,
server_4,21:55:30,21:56:00,28.9,48.25,
server_4,21:55:40,21:56:10,39.97,40.15,
server_4,21:55:50,21:56:20,48.9,55.75,
server_4,21:56:00,21:56:30,55.59,53.98,
server_4,21:56:10,21:56:40,56.58,56.61,
server_4,21:56:20,21:56:50,57.56,44.97,
server_4,21:56:30,21:57:00,52.61,51.78,
server_4,21:56:40,21:57:10,46.47,56.28,
server_4,21:56:50,21:57:20,50.13,59.91,
server_4,21:57:00,21:57:30,66.31,60.12,
server_4,21:57:10,21:57:40,62.5,59.37,
server_4,21:57:20,21:57:50,64.5,51.24,
server_4,21:57:30,21:58:00,62.41,50.93,
server_4,21:57:40,21:58:10,58.72,44.52,
server_4,21:57:50,21:58:20,46.68,61.73,
server_4,21:58:00,21:58:30,50.88,54.06,
server_4,21:58:10,21:58:40,56.5,56.22,
server_4,21:58:20,21:58:50,66.63,54.81,
server_4,21:58:30,21:59:00,49.84,53.43,
server_4,21:58:40,21:59:10,51.42,45.7,
server_4,21:58:50,21:59:20,36.24,46.68,
server_4,21:59:00,21:59:30,47.06,51.94,
server_4,21:59:10,21:59:40,46.35,59.9,
server_4,21:59:20,21:59:50,51.02,47.18,
server_4,21:59:30,22:00:00,39.75,39.55,
server_4,21:59:40,22:00:10,37.41,38.34,
server_4,21:59:50,22:00:20,30.98,51.36,
server_4,22:00:00,22:00:30,44.42,62.87,
server_4,22:00:10,22:00:40,42.16,69.92,
server_4,22:00:20,22:00:50,43.26,72.32,
server_4,22:00:30,22:01:00,33.73,62.37,
server_4,22:00:40,22:01:10,44.15,53.0,
server_4,22:00:50,22:01:20,56.51,44.5,
server_4,22:01:00,22:01:30,66.87,41.67,
server_4,22:01:10,22:01:40,72.81,47.19,
server_4,22:01:20,22:01:50,76.78,55.9,
server_4,22:01:30,22:02:00,79.06,72.53,
server_4,22:01:40,22:02:10,66.14,82.34,
server_4,22:01:50,22:02:20,66.28,80.63,
server_4,22:02:00,22:02:30,57.53,67.38,
server_4,22:02:10,22:02:40,52.68,71.39,
server_4,22:02:20,22:02:50,39.41,60.28,
server_4,22:02:30,22:03:00,54.13,76.59,
server_4,22:02:40,22:03:10,61.39,62.7,
server_4,22:02:50,22:03:20,63.62,63.03,
server_4,22:03:00,22:03:30,52.26,48.31,
server_4,22:03:10,22:03:40,57.14,42.55,
server_4,22:03:20,22:03:50,57.93,47.07,
server_4,22:03:30,22:04:00,63.28,59.31,
server_4,22:03:40,22:04:10,68.74,54.42,
server_4,22:03:50,22:04:20,74.28,55.35,
server_4,22:04:00,22:04:30,76.45,55.56,
server_4,22:04:10,22:04:40,66.14,68.57,
server_4,22:04:20,22:04:50,76.95,67.31,
server_4,22:04:30,22:05:00,70.69,53.85,
server_4,22:04:40,22:05:10,70.73,55.42,
server_4,22:04:50,22:05:20,46.17,59.52,
server_4,22:05:00,22:05:30,34.99,64.3,
server_4,22:05:10,22:05:40,35.88,50.23,
server_4,22:05:20,22:05:50,43.62,37.45,
server_4,22:05:30,22:06:00,51.3,29.52,
server_4,22:05:40,22:06:10,52.13,40.02,
server_4,22:05:50,22:06:20,48.23,41.94,
server_4,22:06:00,22:06:30,57.74,52.67,
server_4,22:06:10,22:06:40,53.07,44.61,
server_4,22:06:20,22:06:50,64.54,53.41,
server_4,22:06:30,22:07:00,48.78,55.93,
server_4,22:06:40,22:07:10,49.59,69.38,
server_4,22:06:50,22:07:20,45.99,65.8,
server_4,22:07:00,22:07:30,59.14,58.26,
server_4,22:07:10,22:07:40,57.16,45.74,
server_4,22:07:20,22:07:50,53.09,41.3,
server_4,22:07:30,22:08:00,36.13,43.4,
server_4,22:07:40,22:08:10,36.67,41.26,
server_4,22:07:50,22:08:20,40.04,40.71,
server_4,22:08:00,22:08:30,48.73,33.59,
server_4,22:08:10,22:08:40,45.56,36.65,
server_4,22:08:20,22:08:50,44.79,45.04,
server_4,22:08:30,22:09:00,52.05,51.85,
server_4,22:08:40,22:09:10,48.03,61.04,
server_4,22:08:50,22:09:20,54.08,56.18,
server_4,22:09:00,22:09:30,56.75,46.18,
server_4,22:09:10,22:09:40,61.5,52.42,
server_4,22:09:20,22:09:50,52.86,56.8,
server_4,22:09:30,22:10:00,37.76,57.99,
server_4,22:09:40,22:10:10,44.75,53.35,
server_4,22:09:50,22:10:20,48.33,47.02,
server_4,22:10:00,22:10:30,50.69,53.45,
server_4,22:10:10,22:10:40,54.59,49.94,
server_4,22:10:20,22:10:50,52.23,51.77,
server_4,22:10:30,22:11:00,54.92,50.95,
server_4,22:10:40,22:11:10,50.19,51.77,
server_4,22:10:50,22:11:20,57.86,58.53,
server_4,22:11:00,22:11:30,50.88,49.7,
server_4,22:11:10,22:11:40,51.56,50.31,
server_4,22:11:20,22:11:50,54.84,42.06,
server_4,22:11:30,22:12:00,70.17,57.03,
server_4,22:11:40,22:12:10,72.37,44.61,
server_4,22:11:50,22:12:20,72.1,57.64,
server_4,22:12:00,22:12:30,57.85,46.61,
server_4,22:12:10,22:12:40,60.16,48.67,
server_4,22:12:20,22:12:50,63.72,39.84,
server_4,22:12:30,22:13:00,80.72,43.9,
server_4,22:12:40,22:13:10,67.52,57.46,
server_4,22:12:50,22:13:20,53.14,57.18,
server_4,22:13:00,22:13:30,51.18,66.8,
server_4,22:13:10,22:13:40,52.12,63.57,
server_4,22:13:20,22:13:50,57.93,66.73,
server_4,22:13:30,22:14:00,38.8,65.16,
server_4,22:13:40,22:14:10,53.61,55.55,
server_4,22:13:50,22:14:20,53.99,58.64,
server_4,22:14:00,22:14:30,62.68,57.94,
server_4,22:14:10,22:14:40,54.21,65.01,
server_4,22:14:20,22:14:50,51.4,53.19,
server_4,22:14:30,22:15:00,53.22,43.76,
server_4,22:14:40,22:15:10,58.78,48.62,
server_4,22:14:50,22:15:20,64.14,59.11,
server_4,22:15:00,22:15:30,59.03,57.65,
server_4,22:15:10,22:15:40,44.76,45.82,
server_4,22:15:20,22:15:50,36.3,37.77,
server_4,22:15:30,22:16:00,46.23,40.01,
server_4,22:15:40,22:16:10,44.61,36.68,
server_4,22:15:50,22:16:20,57.13,29.49,
server_4,22:16:00,22:16:30,46.59,41.98,
server_4,22:16:10,22:16:40,60.83,52.82,
server_4,22:16:20,22:16:50,48.4,71.3,
server_4,22:16:30,22:17:00,47.93,51.18,
server_4,22:16:40,22:17:10,36.08,57.73,
server_4,22:16:50,22:17:20,43.73,45.84,
server_4,22:17:00,22:17:30,51.52,54.49,
server_4,22:17:10,22:17:40,57.77,43.43,
server_4,22:17:20,22:17:50,50.22,42.31,
server_4,22:17:30,22:18:00,51.68,48.1,
server_4,22:17:40,22:18:10,46.27,58.67,
server_4,22:17:50,22:18:20,61.45,64.69,
server_4,22:18:00,22:18:30,50.31,63.06,
server_4,22:18:10,22:18:40,48.7,59.24,
server_4,22:18:20,22:18:50,38.18,58.3,
server_4,22:18:30,22:19:00,48.15,58.82,
server_4,22:18:40,22:19:10,56.63,58.24,
server_4,22:18:50,22:19:20,47.7,52.56,
server_4,22:19:00,22:19:30,48.09,54.54,
server_4,22:19:10,22:19:40,41.52,58.62,
server_4,22:19:20,22:19:50,55.46,57.52,
server_4,22:19:30,22:20:00,55.88,44.03,
server_4,22:19:40,22:20:10,64.1,27.86,
server_4,22:19:50,22:20:20,63.27,43.51,
server_4,22:20:00,22:20:30,53.48,44.96,
server_4,22:20:10,22:20:40,48.56,53.58,
server_4,22:20:20,22:20:50,49.53,52.43,
server_4,22:20:30,22:21:00,57.53,62.61,
server_4,22:20:40,22:21:10,58.15,64.47,
server_4,22:20:50,22:21:20,58.92,62.33,
server_4,22:21:00,22:21:30,67.81,64.65,
server_4,22:21:10,22:21:40,63.28,67.08,
server_4,22:21:20,22:21:50,49.58,55.11,
server_4,22:21:30,22:22:00,44.9,52.12,
server_4,22:21:40,22:22:10,62.77,40.19,
server_4,22:21:50,22:22:20,64.97,56.67,
server_4,22:22:00,22:22:30,63.28,57.73,
server_4,22:22:10,22:22:40,40.59,67.45,
server_4,22:22:20,22:22:50,45.04,69.43,
server_4,22:22:30,22:23:00,42.88,65.0,
server_4,22:22:40,22:23:10,47.2,74.23,
server_4,22:22:50,22:23:20,34.06,65.22,
server_4,22:23:00,22:23:30,39.11,65.32,
server_4,22:23:10,22:23:40,36.35,58.9,
server_4,22:23:20,22:23:50,42.34,52.31,
server_4,22:23:30,22:24:00,28.25,55.57,
server_4,22:23:40,22:24:10,32.38,52.4,
server_4,22:23:50,22:24:20,35.8,58.56,
server_4,22:24:00,22:24:30,43.51,54.68,
server_4,22:24:10,22:24:40,48.61,53.46,
server_4,22:24:20,22:24:50,47.83,49.52,
server_4,22:24:30,22:25:00,40.29,55.91,
server_4,22:24:40,22:25:10,37.29,54.9,
server_4,22:24:50,22:25:20,46.58,57.05,
server_4,22:25:00,22:25:30,53.52,48.56,
server_4,22:25:10,22:25:40,48.32,56.18,
server_4,22:25:20,22:25:50,44.84,57.65,
server_4,22:25:30,22:26:00,37.65,53.33,
server_4,22:25:40,22:26:10,40.19,38.34,
server_4,22:25:50,22:26:20,41.23,32.3,
server_4,22:26:00,22:26:30,52.34,42.14,
server_4,22:26:10,22:26:40,71.52,50.72,
server_4,22:26:20,22:26:50,75.53,50.28,
server_4,22:26:30,22:27:00,66.44,45.31,
server_4,22:26:40,22:27:10,56.05,37.17,
server_4,22:26:50,22:27:20,47.04,42.28,
server_4,22:27:00,22:27:30,53.14,49.5,
server_4,22:27:10,22:27:40,56.1,61.99,
server_4,22:27:20,22:27:50,54.3,61.06,
server_4,22:27:30,22:28:00,60.49,54.22,
server_4,22:27:40,22:28:10,47.58,57.81,
server_4,22:27:50,22:28:20,63.96,45.46,
server_4,22:28:00,22:28:30,59.57,39.59,
server_4,22:28:10,22:28:40,59.44,38.5,
server_4,22:28:20,22:28:50,52.15,55.34,
server_4,22:28:30,22:29:00,57.4,70.82,
server_4,22:28:40,22:29:10,71.54,55.55,
server_4,22:28:50,22:29:20,67.71,52.16,
server_4,22:29:00,22:29:30,57.89,45.0,
server_4,22:29:10,22:29:40,50.43,51.25,
server_4,22:29:20,22:29:50,45.27,44.09,
server_4,22:29:30,22:30:00,45.31,49.44,
server_4,22:29:40,22:30:10,51.02,57.85,
server_4,22:29:50,22:30:20,62.48,70.17,
server_4,22:30:00,22:30:30,75.33,58.51,
server_4,22:30:10,22:30:40,76.0,43.47,
server_4,22:30:20,22:30:50,72.42,42.51,
server_4,22:30:30,22:31:00,56.35,55.29,
server_4,22:30:40,22:31:10,54.19,70.5,
server_4,22:30:50,22:31:20,53.88,56.49,
server_4,22:31:00,22:31:30,69.38,48.92,
server_4,22:31:10,22:31:40,75.28,47.36,
server_4,22:31:20,22:31:50,72.98,61.02,
server_4,22:31:30,22:32:00,63.74,59.61,
server_4,22:31:40,22:32:10,56.0,59.67,
server_4,22:31:50,22:32:20,58.36,53.75,
server_4,22:32:00,22:32:30,66.2,51.0,
server_4,22:32:10,22:32:40,72.38,57.95,
server_4,22:32:20,22:32:50,67.17,56.1,
server_4,22:32:30,22:33:00,53.75,57.15,
server_4,22:32:40,22:33:10,43.53,45.68,
server_4,22:32:50,22:33:20,42.59,49.81,
server_4,22:33:00,22:33:30,44.92,53.32,
server_4,22:33:10,22:33:40,47.15,54.06,
server_4,22:33:20,22:33:50,48.1,51.5,
server_4,22:33:30,22:34:00,45.0,46.45,
server_4,22:33:40,22:34:10,40.56,43.06,
server_4,22:33:50,22:34:20,47.6,39.0,
server_4,22:34:00,22:34:30,52.09,47.51,
server_4,22:34:10,22:34:40,55.76,60.79,
server_4,22:34:20,22:34:50,53.55,67.11,
server_4,22:34:30,22:35:00,48.88,64.42,
server_4,22:34:40,22:35:10,54.32,62.84,
server_4,22:34:50,22:35:20,53.57,67.08,
server_4,22:35:00,22:35:30,61.17,81.73,
server_4,22:35:10,22:35:40,44.78,72.83,
server_4,22:35:20,22:35:50,43.03,70.29,
server_4,22:35:30,22:36:00,39.3,57.68,
server_4,22:35:40,22:36:10,54.84,61.14,
server_4,22:35:50,22:36:20,52.54,53.21,
server_4,22:36:00,22:36:30,50.52,47.21,
server_4,22:36:10,22:36:40,39.46,36.01,
server_4,22:36:20,22:36:50,33.81,50.89,
server_4,22:36:30,22:37:00,37.88,50.02,
server_4,22:36:40,22:37:10,44.32,57.09,
server_4,22:36:50,22:37:20,57.53,34.59,
server_4,22:37:00,22:37:30,51.32,42.76,
server_4,22:37:10,22:37:40,54.76,43.04,
server_4,22:37:20,22:37:50,48.66,62.75,
server_4,22:37:30,22:38:00,48.68,64.3,
server_4,22:37:40,22:38:10,38.55,56.39,
server_4,22:37:50,22:38:20,45.28,43.16,
server_4,22:38:00,22:38:30,53.17,37.34,
server_4,22:38:10,22:38:40,58.38,39.38,
server_4,22:38:20,22:38:50,44.87,39.46,
server_4,22:38:30,22:39:00,49.65,47.93,
server_4,22:38:40,22:39:10,41.63,54.21,
server_4,22:38:50,22:39:20,53.7,54.18,
server_4,22:39:00,22:39:30,53.7,48.26,
server_4,22:39:10,22:39:40,69.71,41.62,
server_4,22:39:20,22:39:50,62.47,46.33,
server_4,22:39:30,22:40:00,57.12,44.55,
server_4,22:39:40,22:40:10,50.82,50.92,
server_4,22:39:50,22:40:20,47.28,60.61,
server_4,22:40:00,22:40:30,42.59,65.25,
server_4,22:40:10,22:40:40,41.68,65.53,
server_4,22:40:20,22:40:50,50.03,60.48,
server_4,22:40:30,22:41:00,53.57,63.33,
server_4,22:40:40,22:41:10,59.4,72.27,
server_4,22:40:50,22:41:20,56.6,56.62,
server_4,22:41:00,22:41:30,57.95,50.01,
server_4,22:41:10,22:41:40,61.62,38.3,
server_4,22:41:20,22:41:50,60.78,48.16,
server_4,22:41:30,22:42:00,57.83,41.64,
server_4,22:41:40,22:42:10,45.81,36.72,
server_4,22:41:50,22:42:20,41.49,37.04,
server_4,22:42:00,22:42:30,34.83,43.8,
server_4,22:42:10,22:42:40,45.73,56.82,
server_4,22:42:20,22:42:50,47.04,51.92,
server_4,22:42:30,22:43:00,68.2,49.53,
server_4,22:42:40,22:43:10,62.74,47.68,
server_4,22:42:50,22:43:20,63.4,50.46,
server_4,22:43:00,22:43:30,51.33,51.8,
server_4,22:43:10,22:43:40,44.09,41.44,
server_4,22:43:20,22:43:50,38.86,53.84,
server_4,22:43:30,22:44:00,45.19,61.69,
server_4,22:43:40,22:44:10,41.22,70.73,
server_4,22:43:50,22:44:20,45.46,53.7,
server_4,22:44:00,22:44:30,36.85,51.96,
server_4,22:44:10,22:44:40,51.3,54.63,
server_4,22:44:20,22:44:50,53.25,65.15,
server_4,22:44:30,22:45:00,42.95,64.5,
server_4,22:44:40,22:45:10,37.51,55.62,
server_4,22:44:50,22:45:20,31.85,45.93,
server_4,22:45:00,22:45:30,46.15,41.48,
server_4,22:45:10,22:45:40,50.42,41.46,
server_4,22:45:20,22:45:50,54.9,49.77,
server_4,22:45:30,22:46:00,58.92,55.88,
server_4,22:45:40,22:46:10,67.96,72.53,
server_4,22:45:50,22:46:20,59.75,76.19,
server_4,22:46:00,22:46:30,51.38,67.67,
server_4,22:46:10,22:46:40,35.94,57.83,
server_4,22:46:20,22:46:50,42.68,59.68,
server_4,22:46:30,22:47:00,56.62,65.06,
server_4,22:46:40,22:47:10,64.42,56.18,
server_4,22:46:50,22:47:20,76.2,40.98,
server_4,22:47:00,22:47:30,68.95,43.17,
server_4,22:47:10,22:47:40,60.29,58.62,
server_4,22:47:20,22:47:50,55.57,67.28,
server_4,22:47:30,22:48:00,45.59,59.53,
server_4,22:47:40,22:48:10,48.94,44.99,
server_4,22:47:50,22:48:20,43.38,41.74,
server_4,22:48:00,22:48:30,62.76,45.97,
server_4,22:48:10,22:48:40,77.77,36.09,
server_4,22:48:20,22:48:50,81.59,34.51,
server_4,22:48:30,22:49:00,75.12,21.97,
server_4,22:48:40,22:49:10,61.3,35.37,
server_4,22:48:50,22:49:20,56.14,38.2,
server_4,22:49:00,22:49:30,51.18,55.79,
server_4,22:49:10,22:49:40,51.54,53.62,
server_4,22:49:20,22:49:50,52.33,57.65,
server_4,22:49:30,22:50:00,45.79,56.95,
server_4,22:49:40,22:50:10,44.66,48.77,
server_4,22:49:50,22:50:20,55.4,56.86,
server_4,22:50:00,22:50:30,62.31,53.82,
server_4,22:50:10,22:50:40,63.95,68.75,
server_4,22:50:20,22:50:50,43.16,72.11,
server_4,22:50:30,22:51:00,33.11,61.62,
server_4,22:50:40,22:51:10,35.46,51.21,
server_4,22:50:50,22:51:20,38.0,39.95,
server_4,22:51:00,22:51:30,44.68,58.43,
server_4,22:51:10,22:51:40,36.61,59.81,
server_4,22:51:20,22:51:50,48.72,58.22,
server_4,22:51:30,22:52:00,54.79,48.55,
server_4,22:51:40,22:52:10,55.23,55.9,
server_4,22:51:50,22:52:20,45.33,49.57,
server_4,22:52:00,22:52:30,40.99,53.06,
server_4,22:52:10,22:52:40,37.23,58.6,
server_4,22:52:20,22:52:50,45.48,62.23,
server_4,22:52:30,22:53:00,39.15,64.53,
server_4,22:52:40,22:53:10,43.75,58.61,
server_4,22:52:50,22:53:20,35.67,73.56,
server_5,20:53:00,20:53:30,77.3,79.85,
server_5,20:53:10,20:53:40,70.6,73.27,
server_5,20:53:20,20:53:50,67.66,54.56,
server_5,20:53:30,20:54:00,67.71,46.33,
server_5,20:53:40,20:54:10,80.41,57.75,
server_5,20:53:50,20:54:20,63.34,58.12,
server_5,20:54:00,20:54:30,52.34,52.49,
server_5,20:54:10,20:54:40,55.32,50.43,
server_5,20:54:20,20:54:50,52.2,59.47,
server_5,20:54:30,20:55:00,49.03,59.43,
server_5,20:54:40,20:55:10,39.12,51.56,
server_5,20:54:50,20:55:20,42.02,53.81,
server_5,20:55:00,20:55:30,46.93,58.24,
server_5,20:55:10,20:55:40,58.86,66.48,
server_5,20:55:20,20:55:50,70.4,65.4,
server_5,20:55:30,20:56:00,68.47,63.36,
server_5,20:55:40,20:56:10,54.13,67.49,
server_5,20:55:50,20:56:20,54.09,58.32,
server_5,20:56:00,20:56:30,48.94,53.5,
server_5,20:56:10,20:56:40,53.54,44.76,
server_5,20:56:20,20:56:50,52.79,49.38,
server_5,20:56:30,20:57:00,55.84,54.83,
server_5,20:56:40,20:57:10,55.98,54.58,
server_5,20:56:50,20:57:20,56.45,47.04,
server_5,20:57:00,20:57:30,58.33,48.97,
server_5,20:57:10,20:57:40,47.83,55.03,
server_5,20:57:20,20:57:50,45.44,56.24,
server_5,20:57:30,20:58:00,43.41,65.65,
server_5,20:57:40,20:58:10,62.64,68.08,
server_5,20:57:50,20:58:20,68.37,72.36,
server_5,20:58:00,20:58:30,78.9,44.84,
server_5,20:58:10,20:58:40,72.85,34.82,
server_5,20:58:20,20:58:50,61.21,34.6,
server_5,20:58:30,20:59:00,51.17,53.5,
server_5,20:58:40,20:59:10,55.61,58.7,
server_5,20:58:50,20:59:20,62.39,62.21,
server_5,20:59:00,20:59:30,54.16,53.81,
server_5,20:59:10,20:59:40,49.44,51.89,
server_5,20:59:20,20:59:50,39.63,44.0,
server_5,20:59:30,21:00:00,51.38,41.99,
server_5,20:59:40,21:00:10,61.44,52.58,
server_5,20:59:50,21:00:20,67.09,58.75,
server_5,21:00:00,21:00:30,54.32,58.03,
server_5,21:00:10,21:00:40,46.87,39.05,
server_5,21:00:20,21:00:50,52.6,43.29,
server_5,21:00:30,21:01:00,52.24,52.49,
server_5,21:00:40,21:01:10,57.96,59.76,
server_5,21:00:50,21:01:20,54.25,67.39,
server_5,21:01:00,21:01:30,65.59,57.79,
server_5,21:01:10,21:01:40,58.52,59.1,
server_5,21:01:20,21:01:50,49.14,40.56,
server_5,21:01:30,21:02:00,49.48,56.66,
server_5,21:01:40,21:02:10,38.94,51.71,
server_5,21:01:50,21:02:20,55.16,54.4,
server_5,21:02:00,21:02:30,57.39,41.84,
server_5,21:02:10,21:02:40,62.58,47.05,
server_5,21:02:20,21:02:50,54.03,45.13,
server_5,21:02:30,21:03:00,55.21,39.95,
server_5,21:02:40,21:03:10,61.35,33.65,
server_5,21:02:50,21:03:20,51.91,27.58,
server_5,21:03:00,21:03:30,47.93,37.61,
server_5,21:03:10,21:03:40,47.47,42.95,
server_5,21:03:20,21:03:50,59.06,61.04,
server_5,21:03:30,21:04:00,62.46,49.35,
server_5,21:03:40,21:04:10,62.84,53.14,
server_5,21:03:50,21:04:20,56.41,40.79,
server_5,21:04:00,21:04:30,57.04,44.21,
server_5,21:04:10,21:04:40,52.34,40.21,
server_5,21:04:20,21:04:50,47.39,54.17,
server_5,21:04:30,21:05:00,37.97,62.75,
server_5,21:04:40,21:05:10,27.15,66.89,
server_5,21:04:50,21:05:20,41.87,61.6,
server_5,21:05:00,21:05:30,48.78,60.02,
server_5,21:05:10,21:05:40,54.68,60.53,
server_5,21:05:20,21:05:50,58.62,56.95,
server_5,21:05:30,21:06:00,46.84,58.67,
server_5,21:05:40,21:06:10,49.98,52.44,
server_5,21:05:50,21:06:20,37.32,51.66,
server_5,21:06:00,21:06:30,42.83,57.13,
server_5,21:06:10,21:06:40,44.74,61.64,
server_5,21:06:20,21:06:50,48.26,60.08,
server_5,21:06:30,21:07:00,52.45,52.45,
server_5,21:06:40,21:07:10,45.14,56.1,
server_5,21:06:50,21:07:20,48.16,46.02,
server_5,21:07:00,21:07:30,40.53,55.61,
server_5,21:07:10,21:07:40,61.27,36.06,
server_5,21:07:20,21:07:50,69.55,55.81,
server_5,21:07:30,21:08:00,82.52,52.4,
server_5,21:07:40,21:08:10,69.75,65.07,
server_5,21:07:50,21:08:20,45.38,61.28,
server_5,21:08:00,21:08:30,38.17,55.08,
server_5,21:08:10,21:08:40,44.63,64.25,
server_5,21:08:20,21:08:50,62.15,66.44,
server_5,21:08:30,21:09:00,54.3,73.2,
server_5,21:08:40,21:09:10,46.0,60.26,
server_5,21:08:50,21:09:20,43.89,62.06,
server_5,21:09:00,21:09:30,52.97,55.41,
server_5,21:09:10,21:09:40,67.31,71.75,
server_5,21:09:20,21:09:50,60.74,64.46,
server_5,21:09:30,21:10:00,62.36,56.77,
server_5,21:09:40,21:10:10,45.3,50.15,
server_5,21:09:50,21:10:20,37.72,51.77,
server_5,21:10:00,21:10:30,41.27,48.87,
server_5,21:10:10,21:10:40,37.53,48.03,
server_5,21:10:20,21:10:50,47.49,42.41,
server_5,21:10:30,21:11:00,36.27,60.4,
server_5,21:10:40,21:11:10,47.75,42.2,
server_5,21:10:50,21:11:20,55.13,42.31,
server_5,21:11:00,21:11:30,54.93,31.51,
server_5,21:11:10,21:11:40,55.82,51.0,
server_5,21:11:20,21:11:50,54.08,59.57,
server_5,21:11:30,21:12:00,59.04,59.84,
server_5,21:11:40,21:12:10,61.41,62.16,
server_5,21:11:50,21:12:20,67.14,48.68,
server_5,21:12:00,21:12:30,78.15,55.8,
server_5,21:12:10,21:12:40,71.93,47.17,
server_5,21:12:20,21:12:50,73.19,60.76,
server_5,21:12:30,21:13:00,50.45,58.45,
server_5,21:12:40,21:13:10,42.06,66.16,
server_5,21:12:50,21:13:20,34.72,58.66,
server_5,21:13:00,21:13:30,49.37,69.14,
server_5,21:13:10,21:13:40,62.41,67.84,
server_5,21:13:20,21:13:50,56.15,71.3,
server_5,21:13:30,21:14:00,58.57,57.41,
server_5,21:13:40,21:14:10,53.41,46.71,
server_5,21:13:50,21:14:20,61.59,36.46,
server_5,21:14:00,21:14:30,58.74,37.13,
server_5,21:14:10,21:14:40,53.62,40.46,
server_5,21:14:20,21:14:50,48.52,47.55,
server_5,21:14:30,21:15:00,41.73,56.0,
server_5,21:14:40,21:15:10,51.15,58.82,
server_5,21:14:50,21:15:20,57.91,70.3,
server_5,21:15:00,21:15:30,71.14,58.02,
server_5,21:15:10,21:15:40,71.27,51.77,
server_5,21:15:20,21:15:50,68.64,36.37,
server_5,21:15:30,21:16:00,72.16,29.65,
server_5,21:15:40,21:16:10,59.3,41.44,
server_5,21:15:50,21:16:20,67.66,61.76,
server_5,21:16:00,21:16:30,45.12,77.29,
server_5,21:16:10,21:16:40,57.12,72.81,
server_5,21:16:20,21:16:50,43.14,59.5,
server_5,21:16:30,21:17:00,56.46,50.19,
server_5,21:16:40,21:17:10,54.2,39.87,
server_5,21:16:50,21:17:20,60.75,30.65,
server_5,21:17:00,21:17:30,65.01,41.76,
server_5,21:17:10,21:17:40,62.67,43.63,
server_5,21:17:20,21:17:50,59.84,51.23,
server_5,21:17:30,21:18:00,42.74,57.25,
server_5,21:17:40,21:18:10,41.23,59.76,
server_5,21:17:50,21:18:20,48.43,51.45,
server_5,21:18:00,21:18:30,57.65,41.17,
server_5,21:18:10,21:18:40,50.37,45.88,
server_5,21:18:20,21:18:50,39.17,60.52,
server_5,21:18:30,21:19:00,34.49,67.87,
server_5,21:18:40,21:19:10,45.15,77.81,
server_5,21:18:50,21:19:20,40.85,68.79,
server_5,21:19:00,21:19:30,55.24,66.02,
server_5,21:19:10,21:19:40,50.24,56.14,
server_5,21:19:20,21:19:50,57.69,58.47,
server_5,21:19:30,21:20:00,45.84,53.71,
server_5,21:19:40,21:20:10,37.96,54.94,
server_5,21:19:50,21:20:20,31.62,49.12,
server_5,21:20:00,21:20:30,36.18,42.76,
server_5,21:20:10,21:20:40,49.56,38.08,
server_5,21:20:20,21:20:50,54.37,46.32,
server_5,21:20:30,21:21:00,61.8,58.79,
server_5,21:20:40,21:21:10,61.1,61.74,
server_5,21:20:50,21:21:20,55.42,64.63,
server_5,21:21:00,21:21:30,40.37,65.22,
server_5,21:21:10,21:21:40,37.38,62.96,
server_5,21:21:20,21:21:50,44.96,61.5,
server_5,21:21:30,21:22:00,60.48,53.09,
server_5,21:21:40,21:22:10,60.31,50.68,
server_5,21:21:50,21:22:20,60.66,49.85,
server_5,21:22:00,21:22:30,51.17,56.49,
server_5,21:22:10,21:22:40,55.41,63.05,
server_5,21:22:20,21:22:50,51.47,62.48,
server_5,21:22:30,21:23:00,51.13,59.56,
server_5,21:22:40,21:23:10,44.2,52.57,
server_5,21:22:50,21:23:20,37.03,44.25,
server_5,21:23:00,21:23:30,27.24,45.55,
server_5,21:23:10,21:23:40,37.7,42.16,
server_5,21:23:20,21:23:50,46.99,48.5,
server_5,21:23:30,21:24:00,66.05,40.47,
server_5,21:23:40,21:24:10,57.81,41.99,
server_5,21:23:50,21:24:20,57.46,39.99,
server_5,21:24:00,21:24:30,47.7,43.05,
server_5,21:24:10,21:24:40,48.84,44.11,
server_5,21:24:20,21:24:50,52.04,60.46,
server_5,21:24:30,21:25:00,46.93,55.29,
server_5,21:24:40,21:25:10,50.57,59.79,
server_5,21:24:50,21:25:20,56.09,46.37,
server_5,21:25:00,21:25:30,64.64,41.9,
server_5,21:25:10,21:25:40,63.59,37.54,
server_5,21:25:20,21:25:50,50.48,35.53,
server_5,21:25:30,21:26:00,63.58,32.9,
server_5,21:25:40,21:26:10,59.89,34.01,
server_5,21:25:50,21:26:20,65.6,49.2,
server_5,21:26:00,21:26:30,51.06,66.17,
server_5,21:26:10,21:26:40,64.12,60.46,
server_5,21:26:20,21:26:50,57.75,45.33,
server_5,21:26:30,21:27:00,59.08,44.38,
server_5,21:26:40,21:27:10,49.93,55.01,
server_5,21:26:50,21:27:20,56.71,57.66,
server_5,21:27:00,21:27:30,54.33,56.57,
server_5,21:27:10,21:27:40,49.78,63.85,
server_5,21:27:20,21:27:50,51.64,61.57,
server_5,21:27:30,21:28:00,44.45,66.48,
server_5,21:27:40,21:28:10,44.03,63.28,
server_5,21:27:50,21:28:20,46.13,70.85,
server_5,21:28:00,21:28:30,56.68,71.22,
server_5,21:28:10,21:28:40,64.97,69.98,
server_5,21:28:20,21:28:50,57.52,62.3,
server_5,21:28:30,21:29:00,54.87,55.28,
server_5,21:28:40,21:29:10,47.51,53.27,
server_5,21:28:50,21:29:20,46.7,52.16,
server_5,21:29:00,21:29:30,45.06,50.75,
server_5,21:29:10,21:29:40,53.33,52.59,
server_5,21:29:20,21:29:50,54.51,52.2,
server_5,21:29:30,21:30:00,47.32,58.49,
server_5,21:29:40,21:30:10,40.48,52.55,
server_5,21:29:50,21:30:20,40.38,52.29,
server_5,21:30:00,21:30:30,48.54,51.72,
server_5,21:30:10,21:30:40,48.99,50.24,
server_5,21:30:20,21:30:50,48.89,53.25,
server_5,21:30:30,21:31:00,50.65,52.41,
server_5,21:30:40,21:31:10,48.63,61.56,
server_5,21:30:50,21:31:20,58.4,60.34,
server_5,21:31:00,21:31:30,56.39,57.44,
server_5,21:31:10,21:31:40,50.77,54.26,
server_5,21:31:20,21:31:50,41.41,57.73,
server_5,21:31:30,21:32:00,39.62,72.54,
server_5,21:31:40,21:32:10,46.79,68.34,
server_5,21:31:50,21:32:20,60.27,78.99,
server_5,21:32:00,21:32:30,70.14,61.21,
server_5,21:32:10,21:32:40,80.32,66.58,
server_5,21:32:20,21:32:50,73.65,56.44,
server_5,21:32:30,21:33:00,53.48,64.33,
server_5,21:32:40,21:33:10,49.19,63.8,
server_5,21:32:50,21:33:20,40.74,60.62,
server_5,21:33:00,21:33:30,61.16,52.53,
server_5,21:33:10,21:33:40,65.72,40.68,
server_5,21:33:20,21:33:50,66.73,33.16,
server_5,21:33:30,21:34:00,67.12,33.46,
server_5,21:33:40,21:34:10,67.39,38.35,
server_5,21:33:50,21:34:20,75.74,54.18,
server_5,21:34:00,21:34:30,68.5,69.32,
server_5,21:34:10,21:34:40,65.46,76.0,
server_5,21:34:20,21:34:50,64.1,60.98,
server_5,21:34:30,21:35:00,64.99,35.76,
server_5,21:34:40,21:35:10,61.2,26.8,
server_5,21:34:50,21:35:20,60.28,38.63,
server_5,21:35:00,21:35:30,58.91,39.67,
server_5,21:35:10,21:35:40,66.77,40.16,
server_5,21:35:20,21:35:50,65.58,23.13,
server_5,21:35:30,21:36:00,73.62,41.4,
server_5,21:35:40,21:36:10,63.97,45.62,
server_5,21:35:50,21:36:20,64.76,60.12,
server_5,21:36:00,21:36:30,54.37,59.3,
server_5,21:36:10,21:36:40,42.75,73.26,
server_5,21:36:20,21:36:50,45.99,67.77,
server_5,21:36:30,21:37:00,37.68,58.56,
server_5,21:36:40,21:37:10,61.61,28.56,
server_5,21:36:50,21:37:20,49.99,38.09,
server_5,21:37:00,21:37:30,56.68,43.09,
server_5,21:37:10,21:37:40,52.31,53.57,
server_5,21:37:20,21:37:50,57.79,46.5,
server_5,21:37:30,21:38:00,52.21,49.42,
server_5,21:37:40,21:38:10,39.74,50.96,
server_5,21:37:50,21:38:20,36.33,54.81,
server_5,21:38:00,21:38:30,49.38,55.98,
server_5,21:38:10,21:38:40,44.25,63.74,
server_5,21:38:20,21:38:50,41.43,71.06,
server_5,21:38:30,21:39:00,30.61,72.41,
server_5,21:38:40,21:39:10,46.82,67.81,
server_5,21:38:50,21:39:20,53.96,71.01,
server_5,21:39:00,21:39:30,57.51,61.55,
server_5,21:39:10,21:39:40,52.52,66.04,
server_5,21:39:20,21:39:50,49.14,52.59,
server_5,21:39:30,21:40:00,56.99,55.45,
server_5,21:39:40,21:40:10,61.72,42.95,
server_5,21:39:50,21:40:20,55.9,50.85,
server_5,21:40:00,21:40:30,49.36,49.03,
server_5,21:40:10,21:40:40,44.64,61.0,
server_5,21:40:20,21:40:50,48.93,53.1,
server_5,21:40:30,21:41:00,53.09,55.21,
server_5,21:40:40,21:41:10,47.41,53.82,
server_5,21:40:50,21:41:20,50.27,53.24,
server_5,21:41:00,21:41:30,49.97,54.96,
server_5,21:41:10,21:41:40,49.37,53.23,
server_5,21:41:20,21:41:50,51.28,58.25,
server_5,21:41:30,21:42:00,51.95,53.02,
server_5,21:41:40,21:42:10,67.29,51.87,
server_5,21:41:50,21:42:20,67.97,61.38,
server_5,21:42:00,21:42:30,64.85,65.08,
server_5,21:42:10,21:42:40,52.81,66.46,
server_5,21:42:20,21:42:50,47.26,51.56,
server_5,21:42:30,21:43:00,48.93,43.34,
server_5,21:42:40,21:43:10,50.57,43.32,
server_5,21:42:50,21:43:20,52.38,43.28,
server_5,21:43:00,21:43:30,49.98,46.69,
server_5,21:43:10,21:43:40,46.21,38.51,
server_5,21:43:20,21:43:50,51.68,38.45,
server_5,21:43:30,21:44:00,55.34,45.53,
server_5,21:43:40,21:44:10,56.93,46.73,
server_5,21:43:50,21:44:20,44.88,48.61,
server_5,21:44:00,21:44:30,36.85,40.31,
server_5,21:44:10,21:44:40,38.34,43.49,
server_5,21:44:20,21:44:50,60.17,44.76,
server_5,21:44:30,21:45:00,61.85,56.43,
server_5,21:44:40,21:45:10,57.47,56.9,
server_5,21:44:50,21:45:20,43.04,55.03,
server_5,21:45:00,21:45:30,48.11,44.24,
server_5,21:45:10,21:45:40,45.22,52.94,
server_5,21:45:20,21:45:50,41.3,47.91,
server_5,21:45:30,21:46:00,44.33,54.06,
server_5,21:45:40,21:46:10,46.61,45.44,
server_5,21:45:50,21:46:20,50.18,52.96,
server_5,21:46:00,21:46:30,40.21,44.15,
server_5,21:46:10,21:46:40,49.82,42.72,
server_5,21:46:20,21:46:50,45.52,34.02,
server_5,21:46:30,21:47:00,42.57,45.13,
server_5,21:46:40,21:47:10,40.88,53.94,
server_5,21:46:50,21:47:20,47.12,59.26,
server_5,21:47:00,21:47:30,54.38,51.63,
server_5,21:47:10,21:47:40,50.15,47.38,
server_5,21:47:20,21:47:50,53.74,42.37,
server_5,21:47:30,21:48:00,66.5,40.06,
server_5,21:47:40,21:48:10,71.0,42.94,
server_5,21:47:50,21:48:20,62.25,43.15,
server_5,21:48:00,21:48:30,57.18,42.82,
server_5,21:48:10,21:48:40,46.97,49.54,
server_5,21:48:20,21:48:50,57.05,54.54,
server_5,21:48:30,21:49:00,39.17,65.04,
server_5,21:48:40,21:49:10,49.75,56.41,
server_5,21:48:50,21:49:20,39.93,58.53,
server_5,21:49:00,21:49:30,65.19,67.83,
server_5,21:49:10,21:49:40,63.48,70.32,
server_5,21:49:20,21:49:50,70.71,75.63,
server_5,21:49:30,21:50:00,58.99,61.19,
server_5,21:49:40,21:50:10,58.73,66.91,
server_5,21:49:50,21:50:20,59.39,60.05,
server_5,21:50:00,21:50:30,65.56,69.64,
server_5,21:50:10,21:50:40,60.13,57.42,
server_5,21:50:20,21:50:50,53.54,53.22,
server_5,21:50:30,21:51:00,37.03,38.85,
server_5,21:50:40,21:51:10,45.22,44.09,
server_5,21:50:50,21:51:20,52.0,50.74,
server_5,21:51:00,21:51:30,62.78,53.02,
server_5,21:51:10,21:51:40,46.55,55.07,
server_5,21:51:20,21:51:50,43.08,49.09,
server_5,21:51:30,21:52:00,35.59,44.56,
server_5,21:51:40,21:52:10,53.12,37.3,
server_5,21:51:50,21:52:20,50.77,41.93,
server_5,21:52:00,21:52:30,56.69,54.75,
server_5,21:52:10,21:52:40,47.39,68.06,
server_5,21:52:20,21:52:50,56.41,71.4,
server_5,21:52:30,21:53:00,55.87,78.79,
server_5,21:52:40,21:53:10,60.5,72.27,
server_5,21:52:50,21:53:20,47.66,65.64,
server_5,21:53:00,21:53:30,43.29,49.22,
server_5,21:53:10,21:53:40,44.08,43.13,
server_5,21:53:20,21:53:50,55.89,49.31,
server_5,21:53:30,21:54:00,62.06,54.95,
server_5,21:53:40,21:54:10,53.17,62.1,
server_5,21:53:50,21:54:20,52.41,53.57,
server_5,21:54:00,21:54:30,44.57,58.96,
server_5,21:54:10,21:54:40,53.23,59.96,
server_5,21:54:20,21:54:50,55.9,65.53,
server_5,21:54:30,21:55:00,58.1,52.56,
server_5,21:54:40,21:55:10,64.38,52.68,
server_5,21:54:50,21:55:20,66.23,59.17,
server_5,21:55:00,21:55:30,64.98,65.3,
server_5,21:55:10,21:55:40,51.58,67.8,
server_5,21:55:20,21:55:50,51.22,68.64,
server_5,21:55:30,21:56:00,59.52,79.73,
server_5,21:55:40,21:56:10,75.93,76.5,
server_5,21:55:50,21:56:20,67.66,68.42,
server_5,21:56:00,21:56:30,59.35,57.38,
server_5,21:56:10,21:56:40,35.55,63.39,
server_5,21:56:20,21:56:50,23.2,66.14,
server_5,21:56:30,21:57:00,36.13,61.41,
server_5,21:56:40,21:57:10,55.48,46.51,
server_5,21:56:50,21:57:20,68.73,46.66,
server_5,21:57:00,21:57:30,65.18,53.86,
server_5,21:57:10,21:57:40,61.1,58.19,
server_5,21:57:20,21:57:50,53.57,62.46,
server_5,21:57:30,21:58:00,45.18,63.13,
server_5,21:57:40,21:58:10,43.7,77.75,
server_5,21:57:50,21:58:20,42.04,62.29,
server_5,21:58:00,21:58:30,47.23,63.01,
server_5,21:58:10,21:58:40,45.35,46.85,
server_5,21:58:20,21:58:50,50.75,51.39,
server_5,21:58:30,21:59:00,51.85,49.69,
server_5,21:58:40,21:59:10,50.23,45.62,
server_5,21:58:50,21:59:20,53.3,52.96,
server_5,21:59:00,21:59:30,48.4,53.59,
server_5,21:59:10,21:59:40,61.55,71.04,
server_5,21:59:20,21:59:50,53.65,56.58,
server_5,21:59:30,22:00:00,55.08,56.73,
server_5,21:59:40,22:00:10,52.52,43.03,
server_5,21:59:50,22:00:20,55.63,48.4,
server_5,22:00:00,22:00:30,51.99,41.35,
server_5,22:00:10,22:00:40,39.52,38.47,
server_5,22:00:20,22:00:50,40.16,42.97,
server_5,22:00:30,22:01:00,54.51,52.81,
server_5,22:00:40,22:01:10,54.54,53.89,
server_5,22:00:50,22:01:20,59.98,58.81,
server_5,22:01:00,22:01:30,56.36,58.74,
server_5,22:01:10,22:01:40,54.45,57.74,
server_5,22:01:20,22:01:50,56.68,43.32,
server_5,22:01:30,22:02:00,41.88,44.16,
server_5,22:01:40,22:02:10,55.29,40.19,
server_5,22:01:50,22:02:20,57.81,45.64,
server_5,22:02:00,22:02:30,74.85,31.86,
server_5,22:02:10,22:02:40,78.42,45.59,
server_5,22:02:20,22:02:50,70.6,53.28,
server_5,22:02:30,22:03:00,64.4,63.09,
server_5,22:02:40,22:03:10,53.84,58.37,
server_5,22:02:50,22:03:20,48.46,61.19,
server_5,22:03:00,22:03:30,39.12,54.79,
server_5,22:03:10,22:03:40,53.15,42.45,
server_5,22:03:20,22:03:50,59.17,38.26,
server_5,22:03:30,22:04:00,63.61,44.64,
server_5,22:03:40,22:04:10,51.51,60.04,
server_5,22:03:50,22:04:20,53.91,56.38,
server_5,22:04:00,22:04:30,65.01,47.97,
server_5,22:04:10,22:04:40,67.79,48.52,
server_5,22:04:20,22:04:50,78.55,36.18,
server_5,22:04:30,22:05:00,73.61,31.63,
server_5,22:04:40,22:05:10,73.02,30.1,
server_5,22:04:50,22:05:20,46.96,59.36,
server_5,22:05:00,22:05:30,39.41,73.28,
server_5,22:05:10,22:05:40,36.76,71.54,
server_5,22:05:20,22:05:50,44.24,55.73,
server_5,22:05:30,22:06:00,44.62,52.16,
server_5,22:05:40,22:06:10,33.99,53.36,
server_5,22:05:50,22:06:20,39.77,46.63,
server_5,22:06:00,22:06:30,37.12,53.38,
server_5,22:06:10,22:06:40,44.96,48.91,
server_5,22:06:20,22:06:50,39.1,55.05,
server_5,22:06:30,22:07:00,47.85,50.9,
server_5,22:06:40,22:07:10,45.67,54.37,
server_5,22:06:50,22:07:20,49.84,51.09,
server_5,22:07:00,22:07:30,51.83,40.75,
server_5,22:07:10,22:07:40,61.3,39.41,
server_5,22:07:20,22:07:50,67.27,38.34,
server_5,22:07:30,22:08:00,54.43,52.88,
server_5,22:07:40,22:08:10,49.24,46.24,
server_5,22:07:50,22:08:20,40.78,51.63,
server_5,22:08:00,22:08:30,44.21,43.71,
server_5,22:08:10,22:08:40,35.12,52.98,
server_5,22:08:20,22:08:50,51.73,53.52,
server_5,22:08:30,22:09:00,63.31,63.56,
server_5,22:08:40,22:09:10,65.35,60.17,
server_5,22:08:50,22:09:20,64.6,72.47,
server_5,22:09:00,22:09:30,57.88,60.93,
server_5,22:09:10,22:09:40,53.83,66.81,
server_5,22:09:20,22:09:50,48.0,61.48,
server_5,22:09:30,22:10:00,56.56,70.12,
server_5,22:09:40,22:10:10,68.52,68.6,
server_5,22:09:50,22:10:20,61.23,61.46,
server_5,22:10:00,22:10:30,49.86,63.2,
server_5,22:10:10,22:10:40,58.11,70.32,
server_5,22:10:20,22:10:50,61.21,71.83,
server_5,22:10:30,22:11:00,61.9,63.44,
server_5,22:10:40,22:11:10,46.3,61.76,
server_5,22:10:50,22:11:20,57.21,75.04,
server_5,22:11:00,22:11:30,59.57,72.52,
server_5,22:11:10,22:11:40,59.56,71.17,
server_5,22:11:20,22:11:50,55.34,67.2,
server_5,22:11:30,22:12:00,62.19,78.33,
server_5,22:11:40,22:12:10,76.85,67.69,
server_5,22:11:50,22:12:20,73.4,67.35,
server_5,22:12:00,22:12:30,72.59,64.92,
server_5,22:12:10,22:12:40,62.7,63.45,
server_5,22:12:20,22:12:50,69.12,64.83,
server_5,22:12:30,22:13:00,52.93,62.6,
server_5,22:12:40,22:13:10,47.58,69.97,
server_5,22:12:50,22:13:20,27.03,63.36,
server_5,22:13:00,22:13:30,29.0,62.65,
server_5,22:13:10,22:13:40,36.54,61.32,
server_5,22:13:20,22:13:50,56.83,54.59,
server_5,22:13:30,22:14:00,58.3,58.09,
server_5,22:13:40,22:14:10,53.22,52.13,
server_5,22:13:50,22:14:20,40.84,53.21,
server_5,22:14:00,22:14:30,48.57,44.71,
server_5,22:14:10,22:14:40,49.93,48.69,
server_5,22:14:20,22:14:50,50.51,46.23,
server_5,22:14:30,22:15:00,56.12,44.07,
server_5,22:14:40,22:15:10,50.92,42.8,
server_5,22:14:50,22:15:20,49.47,44.32,
server_5,22:15:00,22:15:30,37.44,57.25,
server_5,22:15:10,22:15:40,49.65,61.08,
server_5,22:15:20,22:15:50,55.15,61.86,
server_5,22:15:30,22:16:00,59.14,53.05,
server_5,22:15:40,22:16:10,49.39,66.01,
server_5,22:15:50,22:16:20,38.3,65.35,
server_5,22:16:00,22:16:30,42.43,78.98,
server_5,22:16:10,22:16:40,59.49,74.39,
server_5,22:16:20,22:16:50,68.31,72.6,
server_5,22:16:30,22:17:00,71.69,66.87,
server_5,22:16:40,22:17:10,61.05,56.71,
server_5,22:16:50,22:17:20,65.14,52.98,
server_5,22:17:00,22:17:30,58.72,43.41,
server_5,22:17:10,22:17:40,51.06,39.84,
server_5,22:17:20,22:17:50,48.79,44.69,
server_5,22:17:30,22:18:00,58.03,49.98,
server_5,22:17:40,22:18:10,54.72,55.62,
server_5,22:17:50,22:18:20,55.03,48.24,
server_5,22:18:00,22:18:30,55.03,49.68,
server_5,22:18:10,22:18:40,73.56,52.64,
server_5,22:18:20,22:18:50,67.04,62.09,
server_5,22:18:30,22:19:00,71.49,47.65,
server_5,22:18:40,22:19:10,64.05,38.04,
server_5,22:18:50,22:19:20,74.86,47.53,
server_5,22:19:00,22:19:30,57.68,57.11,
server_5,22:19:10,22:19:40,55.84,58.27,
server_5,22:19:20,22:19:50,54.43,38.48,
server_5,22:19:30,22:20:00,70.99,41.42,
server_5,22:19:40,22:20:10,79.36,35.03,
server_5,22:19:50,22:20:20,76.52,50.67,
server_5,22:20:00,22:20:30,65.62,48.55,
server_5,22:20:10,22:20:40,60.05,54.9,
server_5,22:20:20,22:20:50,63.16,56.08,
server_5,22:20:30,22:21:00,63.21,55.99,
server_5,22:20:40,22:21:10,54.73,66.59,
server_5,22:20:50,22:21:20,44.93,59.42,
server_5,22:21:00,22:21:30,32.36,62.32,
server_5,22:21:10,22:21:40,41.13,68.39,
server_5,22:21:20,22:21:50,46.79,65.93,
server_5,22:21:30,22:22:00,56.27,58.44,
server_5,22:21:40,22:22:10,61.29,54.05,
server_5,22:21:50,22:22:20,61.05,63.83,
server_5,22:22:00,22:22:30,70.91,75.48,
server_5,22:22:10,22:22:40,64.2,69.04,
server_5,22:22:20,22:22:50,53.23,69.08,
server_5,22:22:30,22:23:00,50.26,64.87,
server_5,22:22:40,22:23:10,50.86,65.59,
server_5,22:22:50,22:23:20,53.73,50.29,
server_5,22:23:00,22:23:30,37.87,46.89,
server_5,22:23:10,22:23:40,33.97,42.79,
server_5,22:23:20,22:23:50,38.15,51.59,
server_5,22:23:30,22:24:00,47.55,46.98,
server_5,22:23:40,22:24:10,51.02,51.29,
server_5,22:23:50,22:24:20,53.59,53.59,
server_5,22:24:00,22:24:30,49.4,57.07,
server_5,22:24:10,22:24:40,54.58,46.46,
server_5,22:24:20,22:24:50,40.61,48.72,
server_5,22:24:30,22:25:00,43.28,56.65,
server_5,22:24:40,22:25:10,31.88,61.79,
server_5,22:24:50,22:25:20,45.41,56.18,
server_5,22:25:00,22:25:30,46.98,47.95,
server_5,22:25:10,22:25:40,53.85,39.67,
server_5,22:25:20,22:25:50,52.4,38.27,
server_5,22:25:30,22:26:00,56.28,30.66,
server_5,22:25:40,22:26:10,53.91,52.88,
server_5,22:25:50,22:26:20,49.2,61.84,
server_5,22:26:00,22:26:30,42.1,71.46,
server_5,22:26:10,22:26:40,35.71,55.52,
server_5,22:26:20,22:26:50,38.23,47.1,
server_5,22:26:30,22:27:00,49.67,54.79,
server_5,22:26:40,22:27:10,61.46,63.06,
server_5,22:26:50,22:27:20,74.81,55.8,
server_5,22:27:00,22:27:30,66.91,48.98,
server_5,22:27:10,22:27:40,68.97,43.85,
server_5,22:27:20,22:27:50,69.26,49.17,
server_5,22:27:30,22:28:00,66.62,44.07,
server_5,22:27:40,22:28:10,59.22,46.26,
server_5,22:27:50,22:28:20,53.01,41.51,
server_5,22:28:00,22:28:30,61.0,48.01,
server_5,22:28:10,22:28:40,59.93,44.57,
server_5,22:28:20,22:28:50,65.04,47.66,
server_5,22:28:30,22:29:00,52.47,38.5,
server_5,22:28:40,22:29:10,57.96,33.05,
server_5,22:28:50,22:29:20,41.07,37.35,
server_5,22:29:00,22:29:30,47.74,55.29,
server_5,22:29:10,22:29:40,57.89,49.06,
server_5,22:29:20,22:29:50,64.78,51.62,
server_5,22:29:30,22:30:00,73.62,49.02,
server_5,22:29:40,22:30:10,67.74,65.27,
server_5,22:29:50,22:30:20,69.81,74.34,
server_5,22:30:00,22:30:30,62.88,72.46,
server_5,22:30:10,22:30:40,59.85,73.87,
server_5,22:30:20,22:30:50,66.7,69.77,
server_5,22:30:30,22:31:00,60.08,60.81,
server_5,22:30:40,22:31:10,48.93,65.67,
server_5,22:30:50,22:31:20,39.29,68.02,
server_5,22:31:00,22:31:30,53.12,79.08,
server_5,22:31:10,22:31:40,58.82,72.03,
server_5,22:31:20,22:31:50,55.93,56.62,
server_5,22:31:30,22:32:00,50.67,52.03,
server_5,22:31:40,22:32:10,50.79,63.97,
server_5,22:31:50,22:32:20,45.83,71.57,
server_5,22:32:00,22:32:30,51.49,73.4,
server_5,22:32:10,22:32:40,55.88,53.16,
server_5,22:32:20,22:32:50,62.5,61.39,
server_5,22:32:30,22:33:00,61.14,48.32,
server_5,22:32:40,22:33:10,52.76,50.96,
server_5,22:32:50,22:33:20,54.02,39.83,
server_5,22:33:00,22:33:30,47.94,41.7,
server_5,22:33:10,22:33:40,54.27,48.2,
server_5,22:33:20,22:33:50,53.03,51.15,
server_5,22:33:30,22:34:00,53.43,58.48,
server_5,22:33:40,22:34:10,50.4,50.52,
server_5,22:33:50,22:34:20,54.35,49.37,
server_5,22:34:00,22:34:30,54.95,50.55,
server_5,22:34:10,22:34:40,51.36,63.73,
server_5,22:34:20,22:34:50,50.64,65.27,
server_5,22:34:30,22:35:00,48.24,75.77,
server_5,22:34:40,22:35:10,42.83,71.82,
server_5,22:34:50,22:35:20,54.2,60.67,
server_5,22:35:00,22:35:30,49.33,41.43,
server_5,22:35:10,22:35:40,50.3,38.86,
server_5,22:35:20,22:35:50,39.22,38.25,
server_5,22:35:30,22:36:00,44.32,42.15,
server_5,22:35:40,22:36:10,54.77,38.78,
server_5,22:35:50,22:36:20,48.24,43.31,
server_5,22:36:00,22:36:30,48.98,44.13,
server_5,22:36:10,22:36:40,40.62,51.24,
server_5,22:36:20,22:36:50,37.7,47.96,
server_5,22:36:30,22:37:00,39.8,47.5,
server_5,22:36:40,22:37:10,45.51,44.34,
server_5,22:36:50,22:37:20,63.46,62.29,
server_5,22:37:00,22:37:30,51.65,67.37,
server_5,22:37:10,22:37:40,43.7,72.48,
server_5,22:37:20,22:37:50,38.03,66.85,
server_5,22:37:30,22:38:00,36.47,62.88,
server_5,22:37:40,22:38:10,44.37,54.13,
server_5,22:37:50,22:38:20,43.72,41.93,
server_5,22:38:00,22:38:30,44.96,46.46,
server_5,22:38:10,22:38:40,43.38,49.28,
server_5,22:38:20,22:38:50,45.41,49.41,
server_5,22:38:30,22:39:00,58.35,37.88,
server_5,22:38:40,22:39:10,59.29,38.13,
server_5,22:38:50,22:39:20,57.9,38.06,
server_5,22:39:00,22:39:30,58.7,40.07,
server_5,22:39:10,22:39:40,59.9,40.29,
server_5,22:39:20,22:39:50,63.31,41.79,
server_5,22:39:30,22:40:00,59.89,46.92,
server_5,22:39:40,22:40:10,51.06,48.21,
server_5,22:39:50,22:40:20,46.04,45.25,
server_5,22:40:00,22:40:30,55.09,49.13,
server_5,22:40:10,22:40:40,55.96,37.19,
server_5,22:40:20,22:40:50,59.12,52.45,
server_5,22:40:30,22:41:00,49.9,45.5,
server_5,22:40:40,22:41:10,63.58,49.09,
server_5,22:40:50,22:41:20,60.12,43.63,
server_5,22:41:00,22:41:30,63.1,41.6,
server_5,22:41:10,22:41:40,61.62,34.41,
server_5,22:41:20,22:41:50,68.95,35.29,
server_5,22:41:30,22:42:00,63.93,40.59,
server_5,22:41:40,22:42:10,67.08,48.27,
server_5,22:41:50,22:42:20,59.55,41.49,
server_5,22:42:00,22:42:30,66.6,46.53,
server_5,22:42:10,22:42:40,58.9,54.11,
server_5,22:42:20,22:42:50,52.54,58.07,
server_5,22:42:30,22:43:00,38.36,55.93,
server_5,22:42:40,22:43:10,45.57,49.6,
server_5,22:42:50,22:43:20,43.09,47.37,
server_5,22:43:00,22:43:30,59.31,47.99,
server_5,22:43:10,22:43:40,50.07,53.37,
server_5,22:43:20,22:43:50,55.97,70.32,
server_5,22:43:30,22:44:00,43.93,64.84,
server_5,22:43:40,22:44:10,35.01,75.27,
server_5,22:43:50,22:44:20,31.14,60.03,
server_5,22:44:00,22:44:30,30.58,71.54,
server_5,22:44:10,22:44:40,42.21,63.17,
server_5,22:44:20,22:44:50,48.14,67.48,
server_5,22:44:30,22:45:00,61.27,69.54,
server_5,22:44:40,22:45:10,70.61,72.69,
server_5,22:44:50,22:45:20,64.91,64.52,
server_5,22:45:00,22:45:30,54.63,46.89,
server_5,22:45:10,22:45:40,37.09,45.28,
server_5,22:45:20,22:45:50,34.94,58.93,
server_5,22:45:30,22:46:00,31.91,62.94,
server_5,22:45:40,22:46:10,40.92,60.11,
server_5,22:45:50,22:46:20,42.4,53.15,
server_5,22:46:00,22:46:30,42.3,50.0,
server_5,22:46:10,22:46:40,41.51,55.89,
server_5,22:46:20,22:46:50,51.44,60.87,
server_5,22:46:30,22:47:00,56.16,66.56,
server_5,22:46:40,22:47:10,62.41,65.97,
server_5,22:46:50,22:47:20,48.12,50.14,
server_5,22:47:00,22:47:30,55.12,55.87,
server_5,22:47:10,22:47:40,48.92,46.6,
server_5,22:47:20,22:47:50,58.84,59.99,
server_5,22:47:30,22:48:00,57.11,43.37,
server_5,22:47:40,22:48:10,71.7,43.39,
server_5,22:47:50,22:48:20,74.05,38.67,
server_5,22:48:00,22:48:30,62.42,54.9,
server_5,22:48:10,22:48:40,48.99,53.93,
server_5,22:48:20,22:48:50,51.86,62.05,
server_5,22:48:30,22:49:00,57.13,49.73,
server_5,22:48:40,22:49:10,55.64,55.64,
server_5,22:48:50,22:49:20,37.13,54.06,
server_5,22:49:00,22:49:30,50.17,59.35,
server_5,22:49:10,22:49:40,45.72,51.91,
server_5,22:49:20,22:49:50,45.41,49.24,
server_5,22:49:30,22:50:00,32.41,48.74,
server_5,22:49:40,22:50:10,33.14,46.03,
server_5,22:49:50,22:50:20,53.76,52.77,
server_5,22:50:00,22:50:30,61.94,44.36,
server_5,22:50:10,22:50:40,57.47,42.54,
server_5,22:50:20,22:50:50,43.51,38.02,
server_5,22:50:30,22:51:00,28.3,51.46,
server_5,22:50:40,22:51:10,36.9,52.22,
server_5,22:50:50,22:51:20,57.16,61.36,
server_5,22:51:00,22:51:30,53.47,61.63,
server_5,22:51:10,22:51:40,47.18,63.63,
server_5,22:51:20,22:51:50,29.17,47.08,
server_5,22:51:30,22:52:00,36.81,39.09,
server_5,22:51:40,22:52:10,37.48,41.77,
server_5,22:51:50,22:52:20,40.24,35.92,
server_5,22:52:00,22:52:30,47.19,44.29,
server_5,22:52:10,22:52:40,47.55,42.63,
server_5,22:52:20,22:52:50,50.94,57.5,
server_5,22:52:30,22:53:00,36.95,56.84,
server_5,22:52:40,22:53:10,37.78,66.52,
server_5,22:52:50,22:53:20,17.9,65.42,
server_6,20:53:00,20:53:30,44.83,62.72,
server_6,20:53:10,20:53:40,59.56,56.0,
server_6,20:53:20,20:53:50,56.23,48.27,
server_6,20:53:30,20:54:00,63.74,41.8,
server_6,20:53:40,20:54:10,64.03,38.76,
server_6,20:53:50,20:54:20,53.21,44.22,
server_6,20:54:00,20:54:30,48.06,52.35,
server_6,20:54:10,20:54:40,37.38,70.04,
server_6,20:54:20,20:54:50,39.42,67.72,
server_6,20:54:30,20:55:00,40.32,59.2,
server_6,20:54:40,20:55:10,37.42,42.25,
server_6,20:54:50,20:55:20,44.76,36.11,
server_6,20:55:00,20:55:30,50.08,37.06,
server_6,20:55:10,20:55:40,54.45,38.06,
server_6,20:55:20,20:55:50,48.7,42.65,
server_6,20:55:30,20:56:00,48.3,46.9,
server_6,20:55:40,20:56:10,63.36,64.93,
server_6,20:55:50,20:56:20,70.0,73.28,
server_6,20:56:00,20:56:30,74.88,66.38,
server_6,20:56:10,20:56:40,66.1,55.55,
server_6,20:56:20,20:56:50,72.38,47.53,
server_6,20:56:30,20:57:00,61.72,47.36,
server_6,20:56:40,20:57:10,57.18,42.56,
server_6,20:56:50,20:57:20,45.71,43.53,
server_6,20:57:00,20:57:30,57.68,53.16,
server_6,20:57:10,20:57:40,58.94,55.82,
server_6,20:57:20,20:57:50,58.17,59.36,
server_6,20:57:30,20:58:00,45.91,49.03,
server_6,20:57:40,20:58:10,55.05,42.62,
server_6,20:57:50,20:58:20,53.75,40.25,
server_6,20:58:00,20:58:30,58.11,45.07,
server_6,20:58:10,20:58:40,56.71,46.41,
server_6,20:58:20,20:58:50,51.65,43.32,
server_6,20:58:30,20:59:00,45.15,40.35,
server_6,20:58:40,20:59:10,43.8,42.54,
server_6,20:58:50,20:59:20,53.97,52.51,
server_6,20:59:00,20:59:30,59.48,56.63,
server_6,20:59:10,20:59:40,49.47,65.8,
server_6,20:59:20,20:59:50,43.82,55.63,
server_6,20:59:30,21:00:00,47.54,52.27,
server_6,20:59:40,21:00:10,60.57,56.03,
server_6,20:59:50,21:00:20,49.96,61.56,
server_6,21:00:00,21:00:30,49.0,63.26,
server_6,21:00:10,21:00:40,39.59,57.31,
server_6,21:00:20,21:00:50,66.21,50.96,
server_6,21:00:30,21:01:00,62.31,54.21,
server_6,21:00:40,21:01:10,62.71,48.17,
server_6,21:00:50,21:01:20,43.5,56.38,
server_6,21:01:00,21:01:30,49.57,59.95,
server_6,21:01:10,21:01:40,47.79,56.65,
server_6,21:01:20,21:01:50,60.17,57.71,
server_6,21:01:30,21:02:00,58.79,52.97,
server_6,21:01:40,21:02:10,70.39,70.65,
server_6,21:01:50,21:02:20,58.56,62.85,
server_6,21:02:00,21:02:30,55.65,62.87,
server_6,21:02:10,21:02:40,47.43,48.62,
server_6,21:02:20,21:02:50,49.78,47.15,
server_6,21:02:30,21:03:00,46.92,43.91,
server_6,21:02:40,21:03:10,45.19,45.33,
server_6,21:02:50,21:03:20,44.03,49.48,
server_6,21:03:00,21:03:30,58.46,45.99,
server_6,21:03:10,21:03:40,47.15,57.76,
server_6,21:03:20,21:03:50,54.81,59.7,
server_6,21:03:30,21:04:00,46.82,74.77,
server_6,21:03:40,21:04:10,62.72,65.18,
server_6,21:03:50,21:04:20,61.88,67.53,
server_6,21:04:00,21:04:30,51.3,52.42,
server_6,21:04:10,21:04:40,45.51,47.64,
server_6,21:04:20,21:04:50,46.62,37.19,
server_6,21:04:30,21:05:00,65.28,47.77,
server_6,21:04:40,21:05:10,67.87,61.87,
server_6,21:04:50,21:05:20,60.77,67.14,
server_6,21:05:00,21:05:30,53.66,63.38,
server_6,21:05:10,21:05:40,60.87,45.73,
server_6,21:05:20,21:05:50,62.88,45.55,
server_6,21:05:30,21:06:00,68.85,48.38,
server_6,21:05:40,21:06:10,71.16,50.34,
server_6,21:05:50,21:06:20,59.14,54.16,
server_6,21:06:00,21:06:30,47.49,48.68,
server_6,21:06:10,21:06:40,32.43,47.19,
server_6,21:06:20,21:06:50,44.42,42.45,
server_6,21:06:30,21:07:00,57.69,31.47,
server_6,21:06:40,21:07:10,67.95,39.56,
server_6,21:06:50,21:07:20,62.6,32.62,
server_6,21:07:00,21:07:30,53.03,41.91,
server_6,21:07:10,21:07:40,48.21,30.2,
server_6,21:07:20,21:07:50,50.17,33.3,
server_6,21:07:30,21:08:00,56.35,33.59,
server_6,21:07:40,21:08:10,54.05,43.52,
server_6,21:07:50,21:08:20,57.89,48.11,
server_6,21:08:00,21:08:30,50.1,50.13,
server_6,21:08:10,21:08:40,61.32,55.17,
server_6,21:08:20,21:08:50,56.15,53.47,
server_6,21:08:30,21:09:00,50.94,53.46,
server_6,21:08:40,21:09:10,26.17,63.32,
server_6,21:08:50,21:09:20,33.8,63.27,
server_6,21:09:00,21:09:30,36.3,60.59,
server_6,21:09:10,21:09:40,58.75,48.63,
server_6,21:09:20,21:09:50,50.66,56.5,
server_6,21:09:30,21:10:00,61.61,68.1,
server_6,21:09:40,21:10:10,65.29,72.86,
server_6,21:09:50,21:10:20,77.48,74.37,
server_6,21:10:00,21:10:30,77.32,57.28,
server_6,21:10:10,21:10:40,69.94,50.91,
server_6,21:10:20,21:10:50,78.08,42.74,
server_6,21:10:30,21:11:00,81.55,58.33,
server_6,21:10:40,21:11:10,72.39,55.71,
server_6,21:10:50,21:11:20,49.67,51.57,
server_6,21:11:00,21:11:30,47.68,42.43,
server_6,21:11:10,21:11:40,60.28,49.88,
server_6,21:11:20,21:11:50,61.93,46.84,
server_6,21:11:30,21:12:00,51.25,59.69,
server_6,21:11:40,21:12:10,44.96,52.79,
server_6,21:11:50,21:12:20,42.79,64.17,
server_6,21:12:00,21:12:30,47.5,59.46,
server_6,21:12:10,21:12:40,42.59,53.39,
server_6,21:12:20,21:12:50,49.19,48.26,
server_6,21:12:30,21:13:00,56.12,38.43,
server_6,21:12:40,21:13:10,63.64,60.09,
server_6,21:12:50,21:13:20,63.2,63.48,
server_6,21:13:00,21:13:30,52.26,69.36,
server_6,21:13:10,21:13:40,47.35,55.71,
server_6,21:13:20,21:13:50,53.09,58.52,
server_6,21:13:30,21:14:00,47.81,51.43,
server_6,21:13:40,21:14:10,51.93,40.66,
server_6,21:13:50,21:14:20,43.09,44.02,
server_6,21:14:00,21:14:30,48.72,50.69,
server_6,21:14:10,21:14:40,49.56,58.27,
server_6,21:14:20,21:14:50,66.31,43.98,
server_6,21:14:30,21:15:00,68.38,41.88,
server_6,21:14:40,21:15:10,58.73,40.13,
server_6,21:14:50,21:15:20,44.44,44.39,
server_6,21:15:00,21:15:30,47.68,49.41,
server_6,21:15:10,21:15:40,50.46,52.91,
server_6,21:15:20,21:15:50,56.78,60.79,
server_6,21:15:30,21:16:00,52.25,59.05,
server_6,21:15:40,21:16:10,55.9,55.93,
server_6,21:15:50,21:16:20,54.59,53.13,
server_6,21:16:00,21:16:30,60.42,39.55,
server_6,21:16:10,21:16:40,70.93,38.62,
server_6,21:16:20,21:16:50,69.41,34.88,
server_6,21:16:30,21:17:00,75.79,49.83,
server_6,21:16:40,21:17:10,69.36,52.4,
server_6,21:16:50,21:17:20,64.77,57.95,
server_6,21:17:00,21:17:30,51.84,52.82,
server_6,21:17:10,21:17:40,52.32,62.82,
server_6,21:17:20,21:17:50,54.37,66.57,
server_6,21:17:30,21:18:00,60.29,71.56,
server_6,21:17:40,21:18:10,56.16,66.9,
server_6,21:17:50,21:18:20,59.42,48.96,
server_6,21:18:00,21:18:30,55.15,33.86,
server_6,21:18:10,21:18:40,53.58,38.46,
server_6,21:18:20,21:18:50,58.34,43.13,
server_6,21:18:30,21:19:00,56.62,49.69,
server_6,21:18:40,21:19:10,58.36,40.52,
server_6,21:18:50,21:19:20,47.09,56.06,
server_6,21:19:00,21:19:30,54.38,54.88,
server_6,21:19:10,21:19:40,60.26,50.46,
server_6,21:19:20,21:19:50,59.09,34.29,
server_6,21:19:30,21:20:00,49.49,39.8,
server_6,21:19:40,21:20:10,46.52,41.94,
server_6,21:19:50,21:20:20,50.62,46.94,
server_6,21:20:00,21:20:30,49.76,45.44,
server_6,21:20:10,21:20:40,43.94,44.3,
server_6,21:20:20,21:20:50,47.07,48.48,
server_6,21:20:30,21:21:00,63.59,63.38,
server_6,21:20:40,21:21:10,67.77,79.52,
server_6,21:20:50,21:21:20,68.49,78.64,
server_6,21:21:00,21:21:30,59.79,60.64,
server_6,21:21:10,21:21:40,59.35,52.02,
server_6,21:21:20,21:21:50,58.84,48.74,
server_6,21:21:30,21:22:00,50.4,50.7,
server_6,21:21:40,21:22:10,48.72,44.37,
server_6,21:21:50,21:22:20,54.46,42.78,
server_6,21:22:00,21:22:30,49.68,48.4,
server_6,21:22:10,21:22:40,56.05,50.96,
server_6,21:22:20,21:22:50,54.1,44.69,
server_6,21:22:30,21:23:00,56.06,38.89,
server_6,21:22:40,21:23:10,49.35,36.22,
server_6,21:22:50,21:23:20,44.14,46.19,
server_6,21:23:00,21:23:30,48.91,55.36,
server_6,21:23:10,21:23:40,63.68,57.7,
server_6,21:23:20,21:23:50,59.51,60.4,
server_6,21:23:30,21:24:00,61.51,51.24,
server_6,21:23:40,21:24:10,46.16,54.9,
server_6,21:23:50,21:24:20,48.47,50.99,
server_6,21:24:00,21:24:30,43.5,58.61,
server_6,21:24:10,21:24:40,43.34,53.43,
server_6,21:24:20,21:24:50,47.37,46.2,
server_6,21:24:30,21:25:00,52.99,36.3,
server_6,21:24:40,21:25:10,62.13,31.99,
server_6,21:24:50,21:25:20,66.17,29.73,
server_6,21:25:00,21:25:30,59.14,30.38,
server_6,21:25:10,21:25:40,46.6,34.61,
server_6,21:25:20,21:25:50,37.95,38.83,
server_6,21:25:30,21:26:00,41.29,51.56,
server_6,21:25:40,21:26:10,52.46,60.26,
server_6,21:25:50,21:26:20,58.31,67.62,
server_6,21:26:00,21:26:30,53.21,65.67,
server_6,21:26:10,21:26:40,55.15,67.99,
server_6,21:26:20,21:26:50,53.72,65.97,
server_6,21:26:30,21:27:00,58.96,62.93,
server_6,21:26:40,21:27:10,50.68,56.88,
server_6,21:26:50,21:27:20,54.67,47.76,
server_6,21:27:00,21:27:30,60.78,46.37,
server_6,21:27:10,21:27:40,66.12,40.72,
server_6,21:27:20,21:27:50,57.92,60.1,
server_6,21:27:30,21:28:00,58.1,62.47,
server_6,21:27:40,21:28:10,59.83,56.55,
server_6,21:27:50,21:28:20,60.27,42.22,
server_6,21:28:00,21:28:30,48.31,30.14,
server_6,21:28:10,21:28:40,43.57,30.25,
server_6,21:28:20,21:28:50,52.86,43.62,
server_6,21:28:30,21:29:00,49.08,65.99,
server_6,21:28:40,21:29:10,48.78,80.07,
server_6,21:28:50,21:29:20,45.75,59.98,
server_6,21:29:00,21:29:30,61.89,49.54,
server_6,21:29:10,21:29:40,53.05,48.56,
server_6,21:29:20,21:29:50,43.64,55.2,
server_6,21:29:30,21:30:00,40.44,49.94,
server_6,21:29:40,21:30:10,59.29,61.43,
server_6,21:29:50,21:30:20,67.09,53.75,
server_6,21:30:00,21:30:30,71.5,65.73,
server_6,21:30:10,21:30:40,50.79,51.33,
server_6,21:30:20,21:30:50,49.64,77.25,
server_6,21:30:30,21:31:00,36.42,73.87,
server_6,21:30:40,21:31:10,48.43,63.32,
server_6,21:30:50,21:31:20,44.75,43.37,
server_6,21:31:00,21:31:30,50.41,34.28,
server_6,21:31:10,21:31:40,43.21,42.01,
server_6,21:31:20,21:31:50,37.57,50.77,
server_6,21:31:30,21:32:00,40.69,56.52,
server_6,21:31:40,21:32:10,40.19,58.9,
server_6,21:31:50,21:32:20,41.42,56.37,
server_6,21:32:00,21:32:30,33.46,57.67,
server_6,21:32:10,21:32:40,40.13,46.36,
server_6,21:32:20,21:32:50,43.9,43.24,
server_6,21:32:30,21:33:00,51.72,35.19,
server_6,21:32:40,21:33:10,55.58,52.81,
server_6,21:32:50,21:33:20,59.33,57.22,
server_6,21:33:00,21:33:30,67.88,54.42,
server_6,21:33:10,21:33:40,55.53,44.01,
server_6,21:33:20,21:33:50,60.44,52.09,
server_6,21:33:30,21:34:00,52.23,53.04,
server_6,21:33:40,21:34:10,54.73,51.57,
server_6,21:33:50,21:34:20,50.62,42.67,
server_6,21:34:00,21:34:30,43.93,42.0,
server_6,21:34:10,21:34:40,45.36,42.27,
server_6,21:34:20,21:34:50,45.32,29.95,
server_6,21:34:30,21:35:00,54.2,39.63,
server_6,21:34:40,21:35:10,53.05,51.13,
server_6,21:34:50,21:35:20,58.27,52.55,
server_6,21:35:00,21:35:30,55.38,49.26,
server_6,21:35:10,21:35:40,59.86,44.1,
server_6,21:35:20,21:35:50,50.83,52.78,
server_6,21:35:30,21:36:00,53.58,48.18,
server_6,21:35:40,21:36:10,60.09,54.96,
server_6,21:35:50,21:36:20,65.63,58.65,
server_6,21:36:00,21:36:30,60.94,63.51,
server_6,21:36:10,21:36:40,56.57,56.57,
server_6,21:36:20,21:36:50,67.52,46.1,
server_6,21:36:30,21:37:00,69.44,45.19,
server_6,21:36:40,21:37:10,59.57,32.32,
server_6,21:36:50,21:37:20,46.02,42.17,
server_6,21:37:00,21:37:30,48.27,39.2,
server_6,21:37:10,21:37:40,62.79,55.35,
server_6,21:37:20,21:37:50,62.87,53.92,
server_6,21:37:30,21:38:00,70.33,63.27,
server_6,21:37:40,21:38:10,64.86,51.94,
server_6,21:37:50,21:38:20,71.54,59.88,
server_6,21:38:00,21:38:30,54.73,45.02,
server_6,21:38:10,21:38:40,53.56,50.79,
server_6,21:38:20,21:38:50,51.81,37.91,
server_6,21:38:30,21:39:00,53.69,55.4,
server_6,21:38:40,21:39:10,56.23,56.2,
server_6,21:38:50,21:39:20,58.49,63.91,
server_6,21:39:00,21:39:30,66.79,46.33,
server_6,21:39:10,21:39:40,71.51,54.24,
server_6,21:39:20,21:39:50,57.14,46.66,
server_6,21:39:30,21:40:00,66.33,69.65,
server_6,21:39:40,21:40:10,62.39,65.04,
server_6,21:39:50,21:40:20,73.66,64.35,
server_6,21:40:00,21:40:30,63.83,44.14,
server_6,21:40:10,21:40:40,59.26,41.73,
server_6,21:40:20,21:40:50,59.77,53.74,
server_6,21:40:30,21:41:00,53.62,54.76,
server_6,21:40:40,21:41:10,56.93,47.72,
server_6,21:40:50,21:41:20,54.36,28.82,
server_6,21:41:00,21:41:30,64.11,30.47,
server_6,21:41:10,21:41:40,60.0,37.12,
server_6,21:41:20,21:41:50,54.22,47.71,
server_6,21:41:30,21:42:00,45.07,49.53,
server_6,21:41:40,21:42:10,48.74,47.93,
server_6,21:41:50,21:42:20,53.7,50.37,
server_6,21:42:00,21:42:30,62.32,61.48,
server_6,21:42:10,21:42:40,67.72,54.94,
server_6,21:42:20,21:42:50,73.09,46.13,
server_6,21:42:30,21:43:00,56.42,46.68,
server_6,21:42:40,21:43:10,54.32,57.56,
server_6,21:42:50,21:43:20,47.33,63.66,
server_6,21:43:00,21:43:30,68.95,60.15,
server_6,21:43:10,21:43:40,53.41,62.25,
server_6,21:43:20,21:43:50,51.14,59.82,
server_6,21:43:30,21:44:00,40.25,51.23,
server_6,21:43:40,21:44:10,39.28,58.6,
server_6,21:43:50,21:44:20,45.94,55.32,
server_6,21:44:00,21:44:30,55.41,59.25,
server_6,21:44:10,21:44:40,62.76,45.43,
server_6,21:44:20,21:44:50,52.53,54.43,
server_6,21:44:30,21:45:00,53.5,64.88,
server_6,21:44:40,21:45:10,52.83,76.33,
server_6,21:44:50,21:45:20,59.72,69.02,
server_6,21:45:00,21:45:30,56.36,60.31,
server_6,21:45:10,21:45:40,60.58,59.2,
server_6,21:45:20,21:45:50,47.95,68.82,
server_6,21:45:30,21:46:00,48.24,60.05,
server_6,21:45:40,21:46:10,52.43,57.25,
server_6,21:45:50,21:46:20,61.74,50.04,
server_6,21:46:00,21:46:30,49.57,63.0,
server_6,21:46:10,21:46:40,54.82,60.18,
server_6,21:46:20,21:46:50,58.66,67.1,
server_6,21:46:30,21:47:00,73.31,65.17,
server_6,21:46:40,21:47:10,60.71,57.73,
server_6,21:46:50,21:47:20,62.81,57.08,
server_6,21:47:00,21:47:30,53.32,54.98,
server_6,21:47:10,21:47:40,55.03,59.15,
server_6,21:47:20,21:47:50,52.65,52.26,
server_6,21:47:30,21:48:00,63.35,42.86,
server_6,21:47:40,21:48:10,68.16,44.68,
server_6,21:47:50,21:48:20,62.0,54.75,
server_6,21:48:00,21:48:30,55.41,61.19,
server_6,21:48:10,21:48:40,55.49,57.13,
server_6,21:48:20,21:48:50,58.16,64.17,
server_6,21:48:30,21:49:00,59.85,66.45,
server_6,21:48:40,21:49:10,53.74,68.92,
server_6,21:48:50,21:49:20,54.99,55.87,
server_6,21:49:00,21:49:30,45.41,49.91,
server_6,21:49:10,21:49:40,43.27,57.18,
server_6,21:49:20,21:49:50,46.46,63.14,
server_6,21:49:30,21:50:00,43.01,73.23,
server_6,21:49:40,21:50:10,52.55,66.73,
server_6,21:49:50,21:50:20,64.0,62.3,
server_6,21:50:00,21:50:30,78.63,48.46,
server_6,21:50:10,21:50:40,70.25,46.88,
server_6,21:50:20,21:50:50,53.12,46.2,
server_6,21:50:30,21:51:00,36.43,57.79,
server_6,21:50:40,21:51:10,44.58,60.87,
server_6,21:50:50,21:51:20,51.7,67.13,
server_6,21:51:00,21:51:30,51.18,65.72,
server_6,21:51:10,21:51:40,54.95,72.97,
server_6,21:51:20,21:51:50,44.18,70.36,
server_6,21:51:30,21:52:00,54.13,71.06,
server_6,21:51:40,21:52:10,55.23,65.93,
server_6,21:51:50,21:52:20,66.22,51.76,
server_6,21:52:00,21:52:30,66.94,51.68,
server_6,21:52:10,21:52:40,64.48,39.31,
server_6,21:52:20,21:52:50,58.83,48.15,
server_6,21:52:30,21:53:00,49.31,49.5,
server_6,21:52:40,21:53:10,33.55,65.5,
server_6,21:52:50,21:53:20,41.13,60.09,
server_6,21:53:00,21:53:30,48.07,52.8,
server_6,21:53:10,21:53:40,51.93,50.41,
server_6,21:53:20,21:53:50,43.86,54.69,
server_6,21:53:30,21:54:00,61.13,54.79,
server_6,21:53:40,21:54:10,71.73,43.87,
server_6,21:53:50,21:54:20,75.1,32.59,
server_6,21:54:00,21:54:30,53.13,30.6,
server_6,21:54:10,21:54:40,47.38,39.14,
server_6,21:54:20,21:54:50,41.74,46.63,
server_6,21:54:30,21:55:00,41.74,55.32,
server_6,21:54:40,21:55:10,53.26,51.47,
server_6,21:54:50,21:55:20,55.48,55.31,
server_6,21:55:00,21:55:30,68.94,58.75,
server_6,21:55:10,21:55:40,50.12,55.47,
server_6,21:55:20,21:55:50,61.04,64.73,
server_6,21:55:30,21:56:00,52.19,58.83,
server_6,21:55:40,21:56:10,61.8,63.1,
server_6,21:55:50,21:56:20,53.65,59.17,
server_6,21:56:00,21:56:30,45.68,48.82,
server_6,21:56:10,21:56:40,43.65,48.48,
server_6,21:56:20,21:56:50,49.19,48.47,
server_6,21:56:30,21:57:00,55.66,50.92,
server_6,21:56:40,21:57:10,51.25,49.74,
server_6,21:56:50,21:57:20,40.71,45.13,
server_6,21:57:00,21:57:30,39.6,53.65,
server_6,21:57:10,21:57:40,42.16,52.09,
server_6,21:57:20,21:57:50,46.85,49.43,
server_6,21:57:30,21:58:00,58.38,45.02,
server_6,21:57:40,21:58:10,62.31,38.04,
server_6,21:57:50,21:58:20,54.95,49.35,
server_6,21:58:00,21:58:30,54.33,53.27,
server_6,21:58:10,21:58:40,51.97,62.92,
server_6,21:58:20,21:58:50,50.8,60.09,
server_6,21:58:30,21:59:00,40.88,57.18,
server_6,21:58:40,21:59:10,49.81,47.51,
server_6,21:58:50,21:59:20,49.86,36.35,
server_6,21:59:00,21:59:30,41.19,37.84,
server_6,21:59:10,21:59:40,27.68,41.12,
server_6,21:59:20,21:59:50,34.59,44.38,
server_6,21:59:30,22:00:00,45.6,39.8,
server_6,21:59:40,22:00:10,52.05,56.25,
server_6,21:59:50,22:00:20,52.57,57.45,
server_6,22:00:00,22:00:30,49.3,56.44,
server_6,22:00:10,22:00:40,55.39,40.9,
server_6,22:00:20,22:00:50,64.68,48.48,
server_6,22:00:30,22:01:00,66.3,51.9,
server_6,22:00:40,22:01:10,73.84,71.73,
server_6,22:00:50,22:01:20,59.61,62.05,
server_6,22:01:00,22:01:30,65.62,49.91,
server_6,22:01:10,22:01:40,43.81,44.62,
server_6,22:01:20,22:01:50,44.37,43.65,
server_6,22:01:30,22:02:00,45.15,54.12,
server_6,22:01:40,22:02:10,48.5,44.27,
server_6,22:01:50,22:02:20,54.62,49.25,
server_6,22:02:00,22:02:30,48.69,43.2,
server_6,22:02:10,22:02:40,50.11,44.11,
server_6,22:02:20,22:02:50,53.65,52.58,
server_6,22:02:30,22:03:00,49.94,60.33,
server_6,22:02:40,22:03:10,55.81,61.18,
server_6,22:02:50,22:03:20,47.43,57.23,
server_6,22:03:00,22:03:30,47.65,48.89,
server_6,22:03:10,22:03:40,47.94,53.15,
server_6,22:03:20,22:03:50,45.73,46.34,
server_6,22:03:30,22:04:00,48.99,55.76,
server_6,22:03:40,22:04:10,49.0,44.99,
server_6,22:03:50,22:04:20,67.35,57.56,
server_6,22:04:00,22:04:30,70.11,58.66,
server_6,22:04:10,22:04:40,64.63,63.15,
server_6,22:04:20,22:04:50,49.27,53.01,
server_6,22:04:30,22:05:00,58.47,60.48,
server_6,22:04:40,22:05:10,54.15,57.41,
server_6,22:04:50,22:05:20,66.5,62.87,
server_6,22:05:00,22:05:30,51.0,50.32,
server_6,22:05:10,22:05:40,67.91,52.73,
server_6,22:05:20,22:05:50,71.9,48.47,
server_6,22:05:30,22:06:00,79.59,45.01,
server_6,22:05:40,22:06:10,71.57,51.62,
server_6,22:05:50,22:06:20,56.78,62.54,
server_6,22:06:00,22:06:30,59.78,75.75,
server_6,22:06:10,22:06:40,55.45,81.32,
server_6,22:06:20,22:06:50,49.28,77.1,
server_6,22:06:30,22:07:00,37.76,64.66,
server_6,22:06:40,22:07:10,38.52,51.6,
server_6,22:06:50,22:07:20,37.27,46.21,
server_6,22:07:00,22:07:30,43.39,54.66,
server_6,22:07:10,22:07:40,36.93,65.98,
server_6,22:07:20,22:07:50,39.86,56.55,
server_6,22:07:30,22:08:00,31.87,57.0,
server_6,22:07:40,22:08:10,41.86,41.04,
server_6,22:07:50,22:08:20,38.22,53.42,
server_6,22:08:00,22:08:30,46.32,46.79,
server_6,22:08:10,22:08:40,57.36,67.05,
server_6,22:08:20,22:08:50,64.59,53.06,
server_6,22:08:30,22:09:00,69.34,61.53,
server_6,22:08:40,22:09:10,48.93,42.75,
server_6,22:08:50,22:09:20,48.79,51.75,
server_6,22:09:00,22:09:30,34.81,56.53,
server_6,22:09:10,22:09:40,33.76,59.07,
server_6,22:09:20,22:09:50,40.44,60.13,
server_6,22:09:30,22:10:00,59.99,56.39,
server_6,22:09:40,22:10:10,74.12,58.68,
server_6,22:09:50,22:10:20,58.62,63.54,
server_6,22:10:00,22:10:30,44.94,53.72,
server_6,22:10:10,22:10:40,28.61,56.7,
server_6,22:10:20,22:10:50,35.94,45.19,
server_6,22:10:30,22:11:00,49.71,39.31,
server_6,22:10:40,22:11:10,53.46,38.87,
server_6,22:10:50,22:11:20,50.58,37.26,
server_6,22:11:00,22:11:30,37.12,46.9,
server_6,22:11:10,22:11:40,39.51,42.46,
server_6,22:11:20,22:11:50,42.21,56.53,
server_6,22:11:30,22:12:00,55.7,63.06,
server_6,22:11:40,22:12:10,60.9,72.7,
server_6,22:11:50,22:12:20,58.2,58.19,
server_6,22:12:00,22:12:30,56.69,42.12,
server_6,22:12:10,22:12:40,52.84,46.43,
server_6,22:12:20,22:12:50,66.95,48.44,
server_6,22:12:30,22:13:00,56.06,56.04,
server_6,22:12:40,22:13:10,51.84,35.94,
server_6,22:12:50,22:13:20,41.68,34.4,
server_6,22:13:00,22:13:30,48.88,29.83,
server_6,22:13:10,22:13:40,64.28,51.01,
server_6,22:13:20,22:13:50,70.84,64.14,
server_6,22:13:30,22:14:00,59.93,63.82,
server_6,22:13:40,22:14:10,48.4,60.32,
server_6,22:13:50,22:14:20,39.89,51.86,
server_6,22:14:00,22:14:30,41.79,57.65,
server_6,22:14:10,22:14:40,54.63,38.36,
server_6,22:14:20,22:14:50,66.66,37.24,
server_6,22:14:30,22:15:00,72.85,39.73,
server_6,22:14:40,22:15:10,55.22,53.3,
server_6,22:14:50,22:15:20,39.61,58.16,
server_6,22:15:00,22:15:30,40.5,62.7,
server_6,22:15:10,22:15:40,54.24,51.93,
server_6,22:15:20,22:15:50,67.98,48.83,
server_6,22:15:30,22:16:00,73.47,49.64,
server_6,22:15:40,22:16:10,65.28,56.8,
server_6,22:15:50,22:16:20,56.71,57.74,
server_6,22:16:00,22:16:30,52.19,58.04,
server_6,22:16:10,22:16:40,43.71,53.53,
server_6,22:16:20,22:16:50,59.17,54.64,
server_6,22:16:30,22:17:00,63.75,37.29,
server_6,22:16:40,22:17:10,76.11,41.24,
server_6,22:16:50,22:17:20,61.51,39.26,
server_6,22:17:00,22:17:30,45.95,44.36,
server_6,22:17:10,22:17:40,56.21,58.69,
server_6,22:17:20,22:17:50,56.51,59.91,
server_6,22:17:30,22:18:00,76.03,53.54,
server_6,22:17:40,22:18:10,55.5,33.87,
server_6,22:17:50,22:18:20,62.64,38.64,
server_6,22:18:00,22:18:30,52.8,41.6,
server_6,22:18:10,22:18:40,53.95,53.71,
server_6,22:18:20,22:18:50,51.6,37.75,
server_6,22:18:30,22:19:00,56.65,44.4,
server_6,22:18:40,22:19:10,61.35,37.14,
server_6,22:18:50,22:19:20,50.91,55.3,
server_6,22:19:00,22:19:30,53.27,66.19,
server_6,22:19:10,22:19:40,59.68,66.02,
server_6,22:19:20,22:19:50,66.92,58.92,
server_6,22:19:30,22:20:00,57.52,41.77,
server_6,22:19:40,22:20:10,56.59,34.07,
server_6,22:19:50,22:20:20,58.5,38.41,
server_6,22:20:00,22:20:30,56.81,60.87,
server_6,22:20:10,22:20:40,59.81,62.04,
server_6,22:20:20,22:20:50,67.52,52.64,
server_6,22:20:30,22:21:00,75.67,32.84,
server_6,22:20:40,22:21:10,74.05,36.03,
server_6,22:20:50,22:21:20,67.17,37.02,
server_6,22:21:00,22:21:30,56.61,42.07,
server_6,22:21:10,22:21:40,49.32,47.27,
server_6,22:21:20,22:21:50,43.6,52.9,
server_6,22:21:30,22:22:00,50.65,55.94,
server_6,22:21:40,22:22:10,54.38,56.47,
server_6,22:21:50,22:22:20,59.33,59.12,
server_6,22:22:00,22:22:30,51.68,53.1,
server_6,22:22:10,22:22:40,45.8,59.16,
server_6,22:22:20,22:22:50,45.53,52.6,
server_6,22:22:30,22:23:00,44.92,52.3,
server_6,22:22:40,22:23:10,51.42,48.44,
server_6,22:22:50,22:23:20,48.56,48.92,
server_6,22:23:00,22:23:30,50.4,48.96,
server_6,22:23:10,22:23:40,42.05,42.57,
server_6,22:23:20,22:23:50,35.3,50.89,
server_6,22:23:30,22:24:00,44.64,52.02,
server_6,22:23:40,22:24:10,52.3,60.47,
server_6,22:23:50,22:24:20,53.85,56.95,
server_6,22:24:00,22:24:30,46.45,53.48,
server_6,22:24:10,22:24:40,45.38,48.39,
server_6,22:24:20,22:24:50,50.32,47.12,
server_6,22:24:30,22:25:00,50.7,58.35,
server_6,22:24:40,22:25:10,52.14,58.78,
server_6,22:24:50,22:25:20,50.45,65.78,
server_6,22:25:00,22:25:30,44.04,53.96,
server_6,22:25:10,22:25:40,36.29,46.29,
server_6,22:25:20,22:25:50,35.38,34.37,
server_6,22:25:30,22:26:00,49.05,38.31,
server_6,22:25:40,22:26:10,50.59,53.34,
server_6,22:25:50,22:26:20,56.82,54.28,
server_6,22:26:00,22:26:30,53.11,64.52,
server_6,22:26:10,22:26:40,64.64,58.27,
server_6,22:26:20,22:26:50,57.06,57.47,
server_6,22:26:30,22:27:00,54.31,49.72,
server_6,22:26:40,22:27:10,37.63,41.12,
server_6,22:26:50,22:27:20,49.58,41.71,
server_6,22:27:00,22:27:30,43.45,48.64,
server_6,22:27:10,22:27:40,55.24,59.35,
server_6,22:27:20,22:27:50,42.44,56.7,
server_6,22:27:30,22:28:00,43.21,55.17,
server_6,22:27:40,22:28:10,42.6,39.73,
server_6,22:27:50,22:28:20,46.2,42.48,
server_6,22:28:00,22:28:30,56.31,43.36,
server_6,22:28:10,22:28:40,52.84,49.56,
server_6,22:28:20,22:28:50,48.31,58.25,
server_6,22:28:30,22:29:00,48.78,48.98,
server_6,22:28:40,22:29:10,47.25,68.99,
server_6,22:28:50,22:29:20,55.09,62.42,
server_6,22:29:00,22:29:30,50.99,62.02,
server_6,22:29:10,22:29:40,56.22,42.69,
server_6,22:29:20,22:29:50,48.19,33.74,
server_6,22:29:30,22:30:00,49.38,37.31,
server_6,22:29:40,22:30:10,47.97,38.59,
server_6,22:29:50,22:30:20,46.74,40.27,
server_6,22:30:00,22:30:30,48.87,34.13,
server_6,22:30:10,22:30:40,49.68,29.33,
server_6,22:30:20,22:30:50,62.38,41.06,
server_6,22:30:30,22:31:00,45.35,57.26,
server_6,22:30:40,22:31:10,30.17,67.52,
server_6,22:30:50,22:31:20,27.93,63.19,
server_6,22:31:00,22:31:30,44.98,56.26,
server_6,22:31:10,22:31:40,74.2,54.93,
server_6,22:31:20,22:31:50,81.56,65.7,
server_6,22:31:30,22:32:00,82.79,70.33,
server_6,22:31:40,22:32:10,67.95,73.06,
server_6,22:31:50,22:32:20,62.16,59.47,
server_6,22:32:00,22:32:30,66.47,46.15,
server_6,22:32:10,22:32:40,70.26,34.91,
server_6,22:32:20,22:32:50,76.28,29.8,
server_6,22:32:30,22:33:00,71.97,38.38,
server_6,22:32:40,22:33:10,76.74,39.95,
server_6,22:32:50,22:33:20,58.32,51.79,
server_6,22:33:00,22:33:30,55.87,46.46,
server_6,22:33:10,22:33:40,44.17,48.36,
server_6,22:33:20,22:33:50,63.0,38.67,
server_6,22:33:30,22:34:00,65.44,34.99,
server_6,22:33:40,22:34:10,68.63,37.4,
server_6,22:33:50,22:34:20,63.74,48.92,
server_6,22:34:00,22:34:30,64.78,59.92,
server_6,22:34:10,22:34:40,61.06,57.98,
server_6,22:34:20,22:34:50,58.76,48.81,
server_6,22:34:30,22:35:00,40.34,49.67,
server_6,22:34:40,22:35:10,48.57,47.24,
server_6,22:34:50,22:35:20,49.33,56.15,
server_6,22:35:00,22:35:30,51.29,56.67,
server_6,22:35:10,22:35:40,48.57,61.8,
server_6,22:35:20,22:35:50,50.43,56.72,
server_6,22:35:30,22:36:00,67.36,44.43,
server_6,22:35:40,22:36:10,66.13,43.76,
server_6,22:35:50,22:36:20,74.65,56.51,
server_6,22:36:00,22:36:30,65.71,64.14,
server_6,22:36:10,22:36:40,61.01,71.03,
server_6,22:36:20,22:36:50,46.12,50.83,
server_6,22:36:30,22:37:00,39.45,40.39,
server_6,22:36:40,22:37:10,35.69,31.98,
server_6,22:36:50,22:37:20,46.73,36.4,
server_6,22:37:00,22:37:30,51.44,55.47,
server_6,22:37:10,22:37:40,51.09,50.19,
server_6,22:37:20,22:37:50,38.59,47.08,
server_6,22:37:30,22:38:00,43.79,25.3,
server_6,22:37:40,22:38:10,47.07,29.6,
server_6,22:37:50,22:38:20,50.93,24.88,
server_6,22:38:00,22:38:30,47.04,38.05,
server_6,22:38:10,22:38:40,49.64,47.48,
server_6,22:38:20,22:38:50,50.71,46.66,
server_6,22:38:30,22:39:00,54.55,35.48,
server_6,22:38:40,22:39:10,57.15,31.03,
server_6,22:38:50,22:39:20,53.68,43.97,
server_6,22:39:00,22:39:30,51.17,51.73,
server_6,22:39:10,22:39:40,54.54,56.08,
server_6,22:39:20,22:39:50,57.29,54.31,
server_6,22:39:30,22:40:00,68.89,62.24,
server_6,22:39:40,22:40:10,69.08,59.4,
server_6,22:39:50,22:40:20,62.41,50.13,
server_6,22:40:00,22:40:30,55.99,37.09,
server_6,22:40:10,22:40:40,59.8,43.92,
server_6,22:40:20,22:40:50,64.93,53.04,
server_6,22:40:30,22:41:00,67.23,51.05,
server_6,22:40:40,22:41:10,66.76,35.13,
server_6,22:40:50,22:41:20,63.79,35.44,
server_6,22:41:00,22:41:30,57.64,43.51,
server_6,22:41:10,22:41:40,55.3,53.27,
server_6,22:41:20,22:41:50,63.87,61.75,
server_6,22:41:30,22:42:00,50.96,75.87,
server_6,22:41:40,22:42:10,42.01,72.76,
server_6,22:41:50,22:42:20,37.96,66.07,
server_6,22:42:00,22:42:30,46.5,52.58,
server_6,22:42:10,22:42:40,50.87,46.24,
server_6,22:42:20,22:42:50,44.07,39.65,
server_6,22:42:30,22:43:00,42.71,30.07,
server_6,22:42:40,22:43:10,42.0,43.03,
server_6,22:42:50,22:43:20,50.8,53.81,
server_6,22:43:00,22:43:30,52.09,59.55,
server_6,22:43:10,22:43:40,57.13,48.57,
server_6,22:43:20,22:43:50,63.78,48.4,
server_6,22:43:30,22:44:00,68.31,48.94,
server_6,22:43:40,22:44:10,72.68,58.55,
server_6,22:43:50,22:44:20,64.92,60.0,
server_6,22:44:00,22:44:30,73.23,66.47,
server_6,22:44:10,22:44:40,61.27,60.13,
server_6,22:44:20,22:44:50,63.02,54.64,
server_6,22:44:30,22:45:00,49.73,52.48,
server_6,22:44:40,22:45:10,55.56,52.34,
server_6,22:44:50,22:45:20,54.36,55.22,
server_6,22:45:00,22:45:30,68.13,62.04,
server_6,22:45:10,22:45:40,64.43,68.33,
server_6,22:45:20,22:45:50,58.88,63.98,
server_6,22:45:30,22:46:00,51.02,61.29,
server_6,22:45:40,22:46:10,46.93,51.15,
server_6,22:45:50,22:46:20,53.41,55.28,
server_6,22:46:00,22:46:30,42.51,44.68,
server_6,22:46:10,22:46:40,47.19,50.97,
server_6,22:46:20,22:46:50,42.74,61.4,
server_6,22:46:30,22:47:00,47.7,78.92,
server_6,22:46:40,22:47:10,61.66,93.61,Memory saturation suspected
server_6,22:46:50,22:47:20,57.03,74.03,
server_6,22:47:00,22:47:30,65.83,65.05,
server_6,22:47:10,22:47:40,45.63,50.39,
server_6,22:47:20,22:47:50,44.52,58.98,
server_6,22:47:30,22:48:00,39.74,56.85,
server_6,22:47:40,22:48:10,33.62,68.68,
server_6,22:47:50,22:48:20,30.77,66.17,
server_6,22:48:00,22:48:30,25.56,72.28,
server_6,22:48:10,22:48:40,37.94,59.75,
server_6,22:48:20,22:48:50,38.22,66.03,
server_6,22:48:30,22:49:00,53.62,52.46,
server_6,22:48:40,22:49:10,51.59,52.68,
server_6,22:48:50,22:49:20,65.85,55.95,
server_6,22:49:00,22:49:30,51.83,71.39,
server_6,22:49:10,22:49:40,62.06,77.07,
server_6,22:49:20,22:49:50,67.38,54.43,
server_6,22:49:30,22:50:00,75.71,46.01,
server_6,22:49:40,22:50:10,50.93,52.36,
server_6,22:49:50,22:50:20,44.52,63.21,
server_6,22:50:00,22:50:30,48.47,68.76,
server_6,22:50:10,22:50:40,52.58,59.96,
server_6,22:50:20,22:50:50,43.85,54.4,
server_6,22:50:30,22:51:00,35.71,50.49,
server_6,22:50:40,22:51:10,51.31,55.42,
server_6,22:50:50,22:51:20,58.28,65.69,
server_6,22:51:00,22:51:30,67.1,59.87,
server_6,22:51:10,22:51:40,59.35,48.77,
server_6,22:51:20,22:51:50,63.32,48.0,
server_6,22:51:30,22:52:00,60.71,55.41,
server_6,22:51:40,22:52:10,69.28,64.18,
server_6,22:51:50,22:52:20,72.14,68.42,
server_6,22:52:00,22:52:30,65.6,71.17,
server_6,22:52:10,22:52:40,63.1,69.97,
server_6,22:52:20,22:52:50,62.97,60.35,
server_6,22:52:30,22:53:00,72.64,59.39,
server_6,22:52:40,22:53:10,79.7,55.77,
server_6,22:52:50,22:53:20,79.69,67.16,
server_7,20:53:00,20:53:30,64.23,31.37,
server_7,20:53:10,20:53:40,68.12,51.97,
server_7,20:53:20,20:53:50,51.69,64.01,
server_7,20:53:30,20:54:00,50.82,59.79,
server_7,20:53:40,20:54:10,47.71,62.32,
server_7,20:53:50,20:54:20,47.0,60.72,
server_7,20:54:00,20:54:30,49.06,57.3,
server_7,20:54:10,20:54:40,54.05,50.99,
server_7,20:54:20,20:54:50,56.05,65.16,
server_7,20:54:30,20:55:00,65.43,60.12,
server_7,20:54:40,20:55:10,67.37,47.09,
server_7,20:54:50,20:55:20,77.36,27.06,
server_7,20:55:00,20:55:30,71.62,35.04,
server_7,20:55:10,20:55:40,67.88,41.63,
server_7,20:55:20,20:55:50,58.43,50.91,
server_7,20:55:30,20:56:00,45.94,61.91,
server_7,20:55:40,20:56:10,49.36,58.4,
server_7,20:55:50,20:56:20,52.1,60.1,
server_7,20:56:00,20:56:30,61.34,47.4,
server_7,20:56:10,20:56:40,45.86,41.47,
server_7,20:56:20,20:56:50,37.39,36.61,
server_7,20:56:30,20:57:00,31.36,39.13,
server_7,20:56:40,20:57:10,39.89,48.62,
server_7,20:56:50,20:57:20,47.05,52.03,
server_7,20:57:00,20:57:30,53.74,55.16,
server_7,20:57:10,20:57:40,50.6,50.28,
server_7,20:57:20,20:57:50,45.13,55.66,
server_7,20:57:30,20:58:00,44.98,54.81,
server_7,20:57:40,20:58:10,57.58,54.61,
server_7,20:57:50,20:58:20,67.32,55.89,
server_7,20:58:00,20:58:30,56.2,57.29,
server_7,20:58:10,20:58:40,36.62,63.74,
server_7,20:58:20,20:58:50,30.29,59.34,
server_7,20:58:30,20:59:00,41.08,54.86,
server_7,20:58:40,20:59:10,43.85,58.86,
server_7,20:58:50,20:59:20,59.6,56.4,
server_7,20:59:00,20:59:30,50.29,62.49,
server_7,20:59:10,20:59:40,58.38,55.09,
server_7,20:59:20,20:59:50,37.29,65.26,
server_7,20:59:30,21:00:00,42.76,60.36,
server_7,20:59:40,21:00:10,47.99,66.48,
server_7,20:59:50,21:00:20,61.95,65.65,
server_7,21:00:00,21:00:30,59.22,65.63,
server_7,21:00:10,21:00:40,50.16,52.85,
server_7,21:00:20,21:00:50,35.56,50.42,
server_7,21:00:30,21:01:00,35.4,49.85,
server_7,21:00:40,21:01:10,47.57,54.66,
server_7,21:00:50,21:01:20,49.87,43.37,
server_7,21:01:00,21:01:30,64.11,42.29,
server_7,21:01:10,21:01:40,46.03,34.93,
server_7,21:01:20,21:01:50,54.76,43.97,
server_7,21:01:30,21:02:00,36.81,51.31,
server_7,21:01:40,21:02:10,55.58,72.33,
server_7,21:01:50,21:02:20,48.37,64.98,
server_7,21:02:00,21:02:30,57.83,64.06,
server_7,21:02:10,21:02:40,47.85,48.56,
server_7,21:02:20,21:02:50,56.06,52.5,
server_7,21:02:30,21:03:00,47.01,54.64,
server_7,21:02:40,21:03:10,54.17,52.74,
server_7,21:02:50,21:03:20,50.15,51.45,
server_7,21:03:00,21:03:30,61.5,48.0,
server_7,21:03:10,21:03:40,63.49,57.86,
server_7,21:03:20,21:03:50,74.33,54.22,
server_7,21:03:30,21:04:00,68.82,47.87,
server_7,21:03:40,21:04:10,55.75,50.95,
server_7,21:03:50,21:04:20,58.64,56.76,
server_7,21:04:00,21:04:30,63.23,57.47,
server_7,21:04:10,21:04:40,64.58,47.62,
server_7,21:04:20,21:04:50,49.33,41.8,
server_7,21:04:30,21:05:00,54.14,55.72,
server_7,21:04:40,21:05:10,52.8,67.3,
server_7,21:04:50,21:05:20,55.51,74.11,
server_7,21:05:00,21:05:30,55.84,58.07,
server_7,21:05:10,21:05:40,53.22,50.41,
server_7,21:05:20,21:05:50,58.0,53.21,
server_7,21:05:30,21:06:00,52.16,45.42,
server_7,21:05:40,21:06:10,63.89,35.09,
server_7,21:05:50,21:06:20,57.85,33.27,
server_7,21:06:00,21:06:30,56.18,43.73,
server_7,21:06:10,21:06:40,45.87,59.58,
server_7,21:06:20,21:06:50,52.94,56.68,
server_7,21:06:30,21:07:00,47.76,53.86,
server_7,21:06:40,21:07:10,56.76,54.32,
server_7,21:06:50,21:07:20,55.8,63.29,
server_7,21:07:00,21:07:30,56.48,65.3,
server_7,21:07:10,21:07:40,58.39,57.33,
server_7,21:07:20,21:07:50,53.56,48.51,
server_7,21:07:30,21:08:00,61.03,43.1,
server_7,21:07:40,21:08:10,54.27,42.02,
server_7,21:07:50,21:08:20,47.52,46.73,
server_7,21:08:00,21:08:30,42.12,53.87,
server_7,21:08:10,21:08:40,42.5,52.0,
server_7,21:08:20,21:08:50,47.06,46.7,
server_7,21:08:30,21:09:00,37.86,60.02,
server_7,21:08:40,21:09:10,40.2,62.66,
server_7,21:08:50,21:09:20,43.27,67.92,
server_7,21:09:00,21:09:30,50.09,53.52,
server_7,21:09:10,21:09:40,51.32,67.44,
server_7,21:09:20,21:09:50,54.54,68.8,
server_7,21:09:30,21:10:00,53.69,66.29,
server_7,21:09:40,21:10:10,52.49,54.78,
server_7,21:09:50,21:10:20,45.43,46.57,
server_7,21:10:00,21:10:30,48.86,49.9,
server_7,21:10:10,21:10:40,54.05,43.15,
server_7,21:10:20,21:10:50,61.51,48.36,
server_7,21:10:30,21:11:00,64.15,51.19,
server_7,21:10:40,21:11:10,58.09,56.87,
server_7,21:10:50,21:11:20,47.65,50.66,
server_7,21:11:00,21:11:30,41.12,59.81,
server_7,21:11:10,21:11:40,39.57,56.31,
server_7,21:11:20,21:11:50,46.91,52.25,
server_7,21:11:30,21:12:00,40.26,53.71,
server_7,21:11:40,21:12:10,35.75,66.32,
server_7,21:11:50,21:12:20,34.64,70.97,
server_7,21:12:00,21:12:30,40.47,59.56,
server_7,21:12:10,21:12:40,41.13,45.71,
server_7,21:12:20,21:12:50,30.14,51.19,
server_7,21:12:30,21:13:00,30.13,52.8,
server_7,21:12:40,21:13:10,42.22,63.96,
server_7,21:12:50,21:13:20,62.73,53.59,
server_7,21:13:00,21:13:30,80.91,52.44,
server_7,21:13:10,21:13:40,72.15,47.22,
server_7,21:13:20,21:13:50,73.5,55.3,
server_7,21:13:30,21:14:00,64.72,49.77,
server_7,21:13:40,21:14:10,70.1,51.42,
server_7,21:13:50,21:14:20,66.66,46.25,
server_7,21:14:00,21:14:30,60.66,46.78,
server_7,21:14:10,21:14:40,55.09,48.9,
server_7,21:14:20,21:14:50,49.8,45.9,
server_7,21:14:30,21:15:00,52.47,48.53,
server_7,21:14:40,21:15:10,64.71,51.95,
server_7,21:14:50,21:15:20,66.89,63.82,
server_7,21:15:00,21:15:30,62.65,74.03,
server_7,21:15:10,21:15:40,55.22,66.37,
server_7,21:15:20,21:15:50,55.06,65.8,
server_7,21:15:30,21:16:00,65.53,48.62,
server_7,21:15:40,21:16:10,56.93,39.77,
server_7,21:15:50,21:16:20,55.03,31.23,
server_7,21:16:00,21:16:30,47.66,38.98,
server_7,21:16:10,21:16:40,49.61,46.29,
server_7,21:16:20,21:16:50,39.68,44.77,
server_7,21:16:30,21:17:00,35.44,38.46,
server_7,21:16:40,21:17:10,44.22,30.53,
server_7,21:16:50,21:17:20,55.37,44.01,
server_7,21:17:00,21:17:30,48.28,56.52,
server_7,21:17:10,21:17:40,40.15,65.9,
server_7,21:17:20,21:17:50,32.91,58.11,
server_7,21:17:30,21:18:00,39.5,54.01,
server_7,21:17:40,21:18:10,48.75,58.65,
server_7,21:17:50,21:18:20,56.86,64.31,
server_7,21:18:00,21:18:30,61.15,57.99,
server_7,21:18:10,21:18:40,53.95,48.71,
server_7,21:18:20,21:18:50,57.8,52.83,
server_7,21:18:30,21:19:00,58.19,56.4,
server_7,21:18:40,21:19:10,60.67,63.07,
server_7,21:18:50,21:19:20,51.17,57.76,
server_7,21:19:00,21:19:30,55.31,52.54,
server_7,21:19:10,21:19:40,56.87,47.14,
server_7,21:19:20,21:19:50,53.84,43.49,
server_7,21:19:30,21:20:00,56.72,50.55,
server_7,21:19:40,21:20:10,55.04,53.93,
server_7,21:19:50,21:20:20,52.92,49.4,
server_7,21:20:00,21:20:30,49.57,52.69,
server_7,21:20:10,21:20:40,52.27,50.09,
server_7,21:20:20,21:20:50,68.15,52.62,
server_7,21:20:30,21:21:00,78.25,46.16,
server_7,21:20:40,21:21:10,79.68,54.18,
server_7,21:20:50,21:21:20,72.83,59.01,
server_7,21:21:00,21:21:30,65.06,64.34,
server_7,21:21:10,21:21:40,56.96,62.56,
server_7,21:21:20,21:21:50,52.67,65.76,
server_7,21:21:30,21:22:00,51.5,51.37,
server_7,21:21:40,21:22:10,62.73,42.5,
server_7,21:21:50,21:22:20,65.92,28.73,
server_7,21:22:00,21:22:30,52.6,43.8,
server_7,21:22:10,21:22:40,53.76,38.05,
server_7,21:22:20,21:22:50,42.7,54.37,
server_7,21:22:30,21:23:00,61.13,39.01,
server_7,21:22:40,21:23:10,62.14,34.79,
server_7,21:22:50,21:23:20,75.35,30.85,
server_7,21:23:00,21:23:30,61.54,48.99,
server_7,21:23:10,21:23:40,41.71,65.91,
server_7,21:23:20,21:23:50,43.01,69.97,
server_7,21:23:30,21:24:00,54.79,69.9,
server_7,21:23:40,21:24:10,60.65,59.65,
server_7,21:23:50,21:24:20,55.72,56.05,
server_7,21:24:00,21:24:30,49.46,53.78,
server_7,21:24:10,21:24:40,58.52,61.19,
server_7,21:24:20,21:24:50,72.51,67.83,
server_7,21:24:30,21:25:00,75.14,68.39,
server_7,21:24:40,21:25:10,74.05,64.8,
server_7,21:24:50,21:25:20,67.39,60.06,
server_7,21:25:00,21:25:30,56.4,49.05,
server_7,21:25:10,21:25:40,57.38,43.69,
server_7,21:25:20,21:25:50,42.81,29.26,
server_7,21:25:30,21:26:00,59.34,28.08,
server_7,21:25:40,21:26:10,46.18,44.51,
server_7,21:25:50,21:26:20,55.3,57.31,
server_7,21:26:00,21:26:30,61.14,62.77,
server_7,21:26:10,21:26:40,68.09,60.39,
server_7,21:26:20,21:26:50,63.77,61.85,
server_7,21:26:30,21:27:00,44.04,57.93,
server_7,21:26:40,21:27:10,44.1,52.62,
server_7,21:26:50,21:27:20,49.31,47.94,
server_7,21:27:00,21:27:30,51.74,53.16,
server_7,21:27:10,21:27:40,47.18,53.76,
server_7,21:27:20,21:27:50,52.82,61.61,
server_7,21:27:30,21:28:00,59.29,54.32,
server_7,21:27:40,21:28:10,67.23,56.18,
server_7,21:27:50,21:28:20,50.59,41.82,
server_7,21:28:00,21:28:30,44.19,45.9,
server_7,21:28:10,21:28:40,38.99,43.63,
server_7,21:28:20,21:28:50,54.49,47.07,
server_7,21:28:30,21:29:00,56.7,52.12,
server_7,21:28:40,21:29:10,71.9,37.29,
server_7,21:28:50,21:29:20,63.85,42.14,
server_7,21:29:00,21:29:30,68.07,41.8,
server_7,21:29:10,21:29:40,45.17,61.97,
server_7,21:29:20,21:29:50,46.29,68.19,
server_7,21:29:30,21:30:00,43.46,65.72,
server_7,21:29:40,21:30:10,54.49,63.61,
server_7,21:29:50,21:30:20,57.88,60.02,
server_7,21:30:00,21:30:30,49.99,53.21,
server_7,21:30:10,21:30:40,49.45,51.85,
server_7,21:30:20,21:30:50,57.25,59.7,
server_7,21:30:30,21:31:00,61.44,65.71,
server_7,21:30:40,21:31:10,56.89,68.79,
server_7,21:30:50,21:31:20,49.68,61.31,
server_7,21:31:00,21:31:30,49.97,78.76,
server_7,21:31:10,21:31:40,56.55,77.64,
server_7,21:31:20,21:31:50,65.92,72.46,
server_7,21:31:30,21:32:00,65.35,57.74,
server_7,21:31:40,21:32:10,54.74,61.83,
server_7,21:31:50,21:32:20,34.87,66.92,
server_7,21:32:00,21:32:30,49.72,58.2,
server_7,21:32:10,21:32:40,65.11,54.04,
server_7,21:32:20,21:32:50,78.59,43.23,
server_7,21:32:30,21:33:00,65.77,48.27,
server_7,21:32:40,21:33:10,73.5,46.61,
server_7,21:32:50,21:33:20,63.2,49.74,
server_7,21:33:00,21:33:30,59.84,47.62,
server_7,21:33:10,21:33:40,43.1,40.9,
server_7,21:33:20,21:33:50,47.68,41.76,
server_7,21:33:30,21:34:00,42.65,51.07,
server_7,21:33:40,21:34:10,45.13,61.22,
server_7,21:33:50,21:34:20,43.86,67.15,
server_7,21:34:00,21:34:30,55.77,62.87,
server_7,21:34:10,21:34:40,56.19,62.08,
server_7,21:34:20,21:34:50,50.5,63.49,
server_7,21:34:30,21:35:00,42.57,59.76,
server_7,21:34:40,21:35:10,35.23,56.79,
server_7,21:34:50,21:35:20,28.28,62.34,
server_7,21:35:00,21:35:30,30.1,62.04,
server_7,21:35:10,21:35:40,41.95,52.92,
server_7,21:35:20,21:35:50,56.55,32.44,
server_7,21:35:30,21:36:00,58.35,47.63,
server_7,21:35:40,21:36:10,59.67,52.22,
server_7,21:35:50,21:36:20,59.98,52.85,
server_7,21:36:00,21:36:30,60.94,36.26,
server_7,21:36:10,21:36:40,61.34,31.97,
server_7,21:36:20,21:36:50,53.29,33.11,
server_7,21:36:30,21:37:00,54.67,46.81,
server_7,21:36:40,21:37:10,51.44,45.0,
server_7,21:36:50,21:37:20,62.88,49.71,
server_7,21:37:00,21:37:30,65.86,32.61,
server_7,21:37:10,21:37:40,71.09,38.04,
server_7,21:37:20,21:37:50,66.95,44.4,
server_7,21:37:30,21:38:00,76.8,51.18,
server_7,21:37:40,21:38:10,61.92,62.19,
server_7,21:37:50,21:38:20,60.87,54.32,
server_7,21:38:00,21:38:30,44.72,54.23,
server_7,21:38:10,21:38:40,57.99,36.21,
server_7,21:38:20,21:38:50,63.87,38.16,
server_7,21:38:30,21:39:00,66.28,36.18,
server_7,21:38:40,21:39:10,60.0,33.35,
server_7,21:38:50,21:39:20,52.21,36.11,
server_7,21:39:00,21:39:30,60.04,49.62,
server_7,21:39:10,21:39:40,56.2,61.94,
server_7,21:39:20,21:39:50,53.97,61.98,
server_7,21:39:30,21:40:00,51.85,44.19,
server_7,21:39:40,21:40:10,61.07,45.36,
server_7,21:39:50,21:40:20,65.48,41.23,
server_7,21:40:00,21:40:30,53.91,57.11,
server_7,21:40:10,21:40:40,42.03,61.19,
server_7,21:40:20,21:40:50,34.55,55.02,
server_7,21:40:30,21:41:00,37.85,41.76,
server_7,21:40:40,21:41:10,39.47,34.05,
server_7,21:40:50,21:41:20,40.02,33.2,
server_7,21:41:00,21:41:30,36.65,44.51,
server_7,21:41:10,21:41:40,38.47,45.13,
server_7,21:41:20,21:41:50,38.73,48.51,
server_7,21:41:30,21:42:00,42.05,48.44,
server_7,21:41:40,21:42:10,39.62,63.3,
server_7,21:41:50,21:42:20,47.89,72.15,
server_7,21:42:00,21:42:30,46.41,59.13,
server_7,21:42:10,21:42:40,54.23,47.75,
server_7,21:42:20,21:42:50,47.26,44.98,
server_7,21:42:30,21:43:00,48.06,49.71,
server_7,21:42:40,21:43:10,53.17,46.87,
server_7,21:42:50,21:43:20,52.23,39.55,
server_7,21:43:00,21:43:30,65.89,49.96,
server_7,21:43:10,21:43:40,48.09,56.56,
server_7,21:43:20,21:43:50,47.93,63.58,
server_7,21:43:30,21:44:00,37.12,50.28,
server_7,21:43:40,21:44:10,48.05,46.61,
server_7,21:43:50,21:44:20,49.82,44.89,
server_7,21:44:00,21:44:30,60.31,39.68,
server_7,21:44:10,21:44:40,59.09,41.35,
server_7,21:44:20,21:44:50,57.78,35.94,
server_7,21:44:30,21:45:00,50.13,38.02,
server_7,21:44:40,21:45:10,52.41,32.85,
server_7,21:44:50,21:45:20,61.76,39.91,
server_7,21:45:00,21:45:30,69.75,57.11,
server_7,21:45:10,21:45:40,73.21,51.72,
server_7,21:45:20,21:45:50,64.89,60.29,
server_7,21:45:30,21:46:00,66.7,54.12,
server_7,21:45:40,21:46:10,62.93,61.96,
server_7,21:45:50,21:46:20,67.73,43.81,
server_7,21:46:00,21:46:30,60.91,43.31,
server_7,21:46:10,21:46:40,59.47,33.68,
server_7,21:46:20,21:46:50,55.49,56.37,
server_7,21:46:30,21:47:00,42.21,57.95,
server_7,21:46:40,21:47:10,42.64,65.88,
server_7,21:46:50,21:47:20,48.64,53.51,
server_7,21:47:00,21:47:30,52.46,59.87,
server_7,21:47:10,21:47:40,57.0,70.28,
server_7,21:47:20,21:47:50,57.34,70.01,
server_7,21:47:30,21:48:00,60.21,58.15,
server_7,21:47:40,21:48:10,52.29,48.39,
server_7,21:47:50,21:48:20,53.22,53.42,
server_7,21:48:00,21:48:30,50.94,52.01,
server_7,21:48:10,21:48:40,47.73,47.49,
server_7,21:48:20,21:48:50,45.06,30.98,
server_7,21:48:30,21:49:00,39.64,39.32,
server_7,21:48:40,21:49:10,38.21,44.16,
server_7,21:48:50,21:49:20,32.97,53.37,
server_7,21:49:00,21:49:30,47.6,41.92,
server_7,21:49:10,21:49:40,58.19,45.62,
server_7,21:49:20,21:49:50,59.96,41.81,
server_7,21:49:30,21:50:00,59.41,49.62,
server_7,21:49:40,21:50:10,45.6,40.59,
server_7,21:49:50,21:50:20,40.91,42.28,
server_7,21:50:00,21:50:30,40.09,45.03,
server_7,21:50:10,21:50:40,41.38,49.44,
server_7,21:50:20,21:50:50,50.04,54.01,
server_7,21:50:30,21:51:00,49.19,55.42,
server_7,21:50:40,21:51:10,60.8,61.98,
server_7,21:50:50,21:51:20,54.01,54.9,
server_7,21:51:00,21:51:30,50.34,49.72,
server_7,21:51:10,21:51:40,49.03,41.36,
server_7,21:51:20,21:51:50,50.93,42.45,
server_7,21:51:30,21:52:00,48.36,50.71,
server_7,21:51:40,21:52:10,51.09,63.61,
server_7,21:51:50,21:52:20,56.05,59.65,
server_7,21:52:00,21:52:30,48.68,42.93,
server_7,21:52:10,21:52:40,46.91,37.53,
server_7,21:52:20,21:52:50,46.77,41.4,
server_7,21:52:30,21:53:00,54.9,62.65,
server_7,21:52:40,21:53:10,43.76,63.44,
server_7,21:52:50,21:53:20,47.24,64.13,
server_7,21:53:00,21:53:30,52.04,53.07,
server_7,21:53:10,21:53:40,71.81,55.53,
server_7,21:53:20,21:53:50,66.37,64.04,
server_7,21:53:30,21:54:00,58.29,69.44,
server_7,21:53:40,21:54:10,49.42,61.87,
server_7,21:53:50,21:54:20,53.75,58.71,
server_7,21:54:00,21:54:30,53.15,47.37,
server_7,21:54:10,21:54:40,56.57,38.63,
server_7,21:54:20,21:54:50,60.29,28.91,
server_7,21:54:30,21:55:00,61.72,31.49,
server_7,21:54:40,21:55:10,62.91,47.9,
server_7,21:54:50,21:55:20,53.91,60.89,
server_7,21:55:00,21:55:30,54.93,58.92,
server_7,21:55:10,21:55:40,44.44,57.74,
server_7,21:55:20,21:55:50,38.72,51.11,
server_7,21:55:30,21:56:00,42.79,50.73,
server_7,21:55:40,21:56:10,56.19,56.32,
server_7,21:55:50,21:56:20,58.54,57.92,
server_7,21:56:00,21:56:30,60.96,68.08,
server_7,21:56:10,21:56:40,46.58,51.44,
server_7,21:56:20,21:56:50,49.81,56.09,
server_7,21:56:30,21:57:00,53.39,54.08,
server_7,21:56:40,21:57:10,54.58,58.23,
server_7,21:56:50,21:57:20,62.2,47.63,
server_7,21:57:00,21:57:30,53.18,51.82,
server_7,21:57:10,21:57:40,57.96,65.66,
server_7,21:57:20,21:57:50,50.47,68.26,
server_7,21:57:30,21:58:00,49.5,57.39,
server_7,21:57:40,21:58:10,55.8,50.93,
server_7,21:57:50,21:58:20,59.12,54.74,
server_7,21:58:00,21:58:30,69.8,67.22,
server_7,21:58:10,21:58:40,63.25,62.66,
server_7,21:58:20,21:58:50,60.81,78.77,
server_7,21:58:30,21:59:00,60.59,60.07,
server_7,21:58:40,21:59:10,61.21,63.28,
server_7,21:58:50,21:59:20,58.04,44.73,
server_7,21:59:00,21:59:30,42.02,57.96,
server_7,21:59:10,21:59:40,31.7,44.51,
server_7,21:59:20,21:59:50,32.4,52.82,
server_7,21:59:30,22:00:00,46.11,50.5,
server_7,21:59:40,22:00:10,58.58,51.33,
server_7,21:59:50,22:00:20,54.01,36.84,
server_7,22:00:00,22:00:30,57.26,32.93,
server_7,22:00:10,22:00:40,56.12,51.55,
server_7,22:00:20,22:00:50,75.36,47.3,
server_7,22:00:30,22:01:00,70.7,55.9,
server_7,22:00:40,22:01:10,72.3,48.52,
server_7,22:00:50,22:01:20,56.75,68.49,
server_7,22:01:00,22:01:30,53.2,60.64,
server_7,22:01:10,22:01:40,36.57,61.62,
server_7,22:01:20,22:01:50,53.25,58.25,
server_7,22:01:30,22:02:00,60.02,64.52,
server_7,22:01:40,22:02:10,68.99,58.35,
server_7,22:01:50,22:02:20,63.44,47.33,
server_7,22:02:00,22:02:30,54.88,41.21,
server_7,22:02:10,22:02:40,50.27,44.78,
server_7,22:02:20,22:02:50,30.97,55.88,
server_7,22:02:30,22:03:00,35.61,48.24,
server_7,22:02:40,22:03:10,51.3,49.44,
server_7,22:02:50,22:03:20,63.9,44.64,
server_7,22:03:00,22:03:30,56.99,41.77,
server_7,22:03:10,22:03:40,41.56,34.25,
server_7,22:03:20,22:03:50,45.13,41.46,
server_7,22:03:30,22:04:00,57.79,59.85,
server_7,22:03:40,22:04:10,68.88,66.02,
server_7,22:03:50,22:04:20,61.45,59.23,
server_7,22:04:00,22:04:30,66.45,51.99,
server_7,22:04:10,22:04:40,66.42,53.67,
server_7,22:04:20,22:04:50,82.07,58.73,
server_7,22:04:30,22:05:00,64.33,67.31,
server_7,22:04:40,22:05:10,54.54,56.27,
server_7,22:04:50,22:05:20,51.81,52.81,
server_7,22:05:00,22:05:30,65.4,35.32,
server_7,22:05:10,22:05:40,74.64,44.94,
server_7,22:05:20,22:05:50,55.25,39.01,
server_7,22:05:30,22:06:00,54.04,56.23,
server_7,22:05:40,22:06:10,42.21,46.87,
server_7,22:05:50,22:06:20,50.0,57.93,
server_7,22:06:00,22:06:30,49.15,45.96,
server_7,22:06:10,22:06:40,53.95,52.75,
server_7,22:06:20,22:06:50,54.17,43.59,
server_7,22:06:30,22:07:00,35.03,62.0,
server_7,22:06:40,22:07:10,38.63,59.24,
server_7,22:06:50,22:07:20,39.24,64.11,
server_7,22:07:00,22:07:30,52.83,47.46,
server_7,22:07:10,22:07:40,59.23,51.04,
server_7,22:07:20,22:07:50,58.79,51.39,
server_7,22:07:30,22:08:00,65.96,49.45,
server_7,22:07:40,22:08:10,63.52,53.03,
server_7,22:07:50,22:08:20,59.5,56.42,
server_7,22:08:00,22:08:30,53.43,51.15,
server_7,22:08:10,22:08:40,41.78,52.45,
server_7,22:08:20,22:08:50,43.56,46.76,
server_7,22:08:30,22:09:00,28.54,61.08,
server_7,22:08:40,22:09:10,27.61,45.78,
server_7,22:08:50,22:09:20,24.08,57.5,
server_7,22:09:00,22:09:30,37.98,65.37,
server_7,22:09:10,22:09:40,44.61,74.64,
server_7,22:09:20,22:09:50,53.45,57.12,
server_7,22:09:30,22:10:00,54.45,48.06,
server_7,22:09:40,22:10:10,57.12,44.86,
server_7,22:09:50,22:10:20,47.52,58.48,
server_7,22:10:00,22:10:30,45.54,55.56,
server_7,22:10:10,22:10:40,51.39,65.3,
server_7,22:10:20,22:10:50,58.64,57.46,
server_7,22:10:30,22:11:00,59.08,58.53,
server_7,22:10:40,22:11:10,46.56,48.51,
server_7,22:10:50,22:11:20,38.93,51.86,
server_7,22:11:00,22:11:30,44.26,53.55,
server_7,22:11:10,22:11:40,53.19,47.37,
server_7,22:11:20,22:11:50,51.32,47.84,
server_7,22:11:30,22:12:00,51.55,53.14,
server_7,22:11:40,22:12:10,55.57,69.26,
server_7,22:11:50,22:12:20,64.93,68.22,
server_7,22:12:00,22:12:30,62.56,48.93,
server_7,22:12:10,22:12:40,50.77,48.7,
server_7,22:12:20,22:12:50,64.07,46.73,
server_7,22:12:30,22:13:00,59.14,51.31,
server_7,22:12:40,22:13:10,65.99,48.48,
server_7,22:12:50,22:13:20,52.7,43.37,
server_7,22:13:00,22:13:30,60.27,54.89,
server_7,22:13:10,22:13:40,60.02,52.2,
server_7,22:13:20,22:13:50,55.47,67.5,
server_7,22:13:30,22:14:00,47.61,64.14,
server_7,22:13:40,22:14:10,43.8,64.05,
server_7,22:13:50,22:14:20,44.13,51.46,
server_7,22:14:00,22:14:30,47.33,48.21,
server_7,22:14:10,22:14:40,47.66,43.76,
server_7,22:14:20,22:14:50,40.68,51.24,
server_7,22:14:30,22:15:00,34.29,49.48,
server_7,22:14:40,22:15:10,46.35,60.43,
server_7,22:14:50,22:15:20,50.72,50.7,
server_7,22:15:00,22:15:30,46.94,59.7,
server_7,22:15:10,22:15:40,31.21,49.16,
server_7,22:15:20,22:15:50,49.75,56.5,
server_7,22:15:30,22:16:00,56.43,52.53,
server_7,22:15:40,22:16:10,58.83,55.75,
server_7,22:15:50,22:16:20,38.37,61.1,
server_7,22:16:00,22:16:30,39.69,46.39,
server_7,22:16:10,22:16:40,40.81,44.05,
server_7,22:16:20,22:16:50,46.74,36.13,
server_7,22:16:30,22:17:00,48.7,51.98,
server_7,22:16:40,22:17:10,46.48,52.06,
server_7,22:16:50,22:17:20,51.95,53.41,
server_7,22:17:00,22:17:30,49.59,47.18,
server_7,22:17:10,22:17:40,55.42,47.91,
server_7,22:17:20,22:17:50,49.24,46.58,
server_7,22:17:30,22:18:00,58.8,56.43,
server_7,22:17:40,22:18:10,66.09,47.84,
server_7,22:17:50,22:18:20,81.25,42.49,
server_7,22:18:00,22:18:30,73.28,22.02,
server_7,22:18:10,22:18:40,61.04,38.89,
server_7,22:18:20,22:18:50,41.49,38.54,
server_7,22:18:30,22:19:00,41.6,54.69,
server_7,22:18:40,22:19:10,54.32,58.59,
server_7,22:18:50,22:19:20,62.04,63.09,
server_7,22:19:00,22:19:30,51.83,53.8,
server_7,22:19:10,22:19:40,43.98,41.41,
server_7,22:19:20,22:19:50,43.69,41.63,
server_7,22:19:30,22:20:00,55.83,50.66,
server_7,22:19:40,22:20:10,48.16,60.33,
server_7,22:19:50,22:20:20,53.98,64.05,
server_7,22:20:00,22:20:30,51.56,65.02,
server_7,22:20:10,22:20:40,54.8,53.73,
server_7,22:20:20,22:20:50,44.72,49.7,
server_7,22:20:30,22:21:00,48.48,50.95,
server_7,22:20:40,22:21:10,52.8,59.83,
server_7,22:20:50,22:21:20,66.77,69.94,
server_7,22:21:00,22:21:30,62.93,62.17,
server_7,22:21:10,22:21:40,61.5,55.41,
server_7,22:21:20,22:21:50,55.21,51.68,
server_7,22:21:30,22:22:00,59.48,63.2,
server_7,22:21:40,22:22:10,62.5,56.1,
server_7,22:21:50,22:22:20,56.68,52.36,
server_7,22:22:00,22:22:30,46.64,36.95,
server_7,22:22:10,22:22:40,47.1,57.23,
server_7,22:22:20,22:22:50,58.83,62.36,
server_7,22:22:30,22:23:00,52.32,69.89,
server_7,22:22:40,22:23:10,50.81,64.74,
server_7,22:22:50,22:23:20,32.99,66.04,
server_7,22:23:00,22:23:30,45.46,60.08,
server_7,22:23:10,22:23:40,44.56,57.07,
server_7,22:23:20,22:23:50,58.28,52.99,
server_7,22:23:30,22:24:00,65.34,55.68,
server_7,22:23:40,22:24:10,65.88,46.49,
server_7,22:23:50,22:24:20,56.22,33.73,
server_7,22:24:00,22:24:30,50.93,43.29,
server_7,22:24:10,22:24:40,54.58,52.52,
server_7,22:24:20,22:24:50,66.98,55.27,
server_7,22:24:30,22:25:00,65.35,40.01,
server_7,22:24:40,22:25:10,75.0,51.16,
server_7,22:24:50,22:25:20,63.42,46.4,
server_7,22:25:00,22:25:30,66.16,44.89,
server_7,22:25:10,22:25:40,59.44,39.47,
server_7,22:25:20,22:25:50,63.6,53.59,
server_7,22:25:30,22:26:00,72.69,53.62,
server_7,22:25:40,22:26:10,72.82,49.13,
server_7,22:25:50,22:26:20,70.61,44.49,
server_7,22:26:00,22:26:30,61.77,46.19,
server_7,22:26:10,22:26:40,60.65,39.35,
server_7,22:26:20,22:26:50,53.26,45.3,
server_7,22:26:30,22:27:00,47.26,57.9,
server_7,22:26:40,22:27:10,35.15,64.75,
server_7,22:26:50,22:27:20,32.89,63.36,
server_7,22:27:00,22:27:30,30.21,63.3,
server_7,22:27:10,22:27:40,40.21,66.29,
server_7,22:27:20,22:27:50,49.86,63.97,
server_7,22:27:30,22:28:00,41.78,65.06,
server_7,22:27:40,22:28:10,36.15,53.66,
server_7,22:27:50,22:28:20,47.76,62.27,
server_7,22:28:00,22:28:30,66.46,63.59,
server_7,22:28:10,22:28:40,66.69,68.88,
server_7,22:28:20,22:28:50,69.93,48.59,
server_7,22:28:30,22:29:00,58.75,48.95,
server_7,22:28:40,22:29:10,62.2,40.75,
server_7,22:28:50,22:29:20,55.22,46.71,
server_7,22:29:00,22:29:30,58.43,40.56,
server_7,22:29:10,22:29:40,65.42,43.48,
server_7,22:29:20,22:29:50,49.39,52.4,
server_7,22:29:30,22:30:00,57.3,51.09,
server_7,22:29:40,22:30:10,43.49,67.16,
server_7,22:29:50,22:30:20,56.57,60.28,
server_7,22:30:00,22:30:30,55.57,52.55,
server_7,22:30:10,22:30:40,68.48,34.3,
server_7,22:30:20,22:30:50,67.5,39.92,
server_7,22:30:30,22:31:00,54.91,40.32,
server_7,22:30:40,22:31:10,59.29,44.32,
server_7,22:30:50,22:31:20,59.21,41.79,
server_7,22:31:00,22:31:30,64.42,46.25,
server_7,22:31:10,22:31:40,57.77,56.07,
server_7,22:31:20,22:31:50,53.16,50.72,
server_7,22:31:30,22:32:00,56.06,39.67,
server_7,22:31:40,22:32:10,55.64,26.74,
server_7,22:31:50,22:32:20,62.23,30.1,
server_7,22:32:00,22:32:30,52.91,45.47,
server_7,22:32:10,22:32:40,47.64,53.1,
server_7,22:32:20,22:32:50,46.56,49.8,
server_7,22:32:30,22:33:00,53.7,50.42,
server_7,22:32:40,22:33:10,55.79,41.4,
server_7,22:32:50,22:33:20,50.2,43.2,
server_7,22:33:00,22:33:30,42.85,46.94,
server_7,22:33:10,22:33:40,36.43,52.4,
server_7,22:33:20,22:33:50,27.11,59.46,
server_7,22:33:30,22:34:00,43.81,62.67,
server_7,22:33:40,22:34:10,47.38,64.2,
server_7,22:33:50,22:34:20,60.35,63.77,
server_7,22:34:00,22:34:30,47.2,50.33,
server_7,22:34:10,22:34:40,41.41,54.07,
server_7,22:34:20,22:34:50,44.57,51.62,
server_7,22:34:30,22:35:00,42.49,59.63,
server_7,22:34:40,22:35:10,44.41,56.51,
server_7,22:34:50,22:35:20,44.28,63.17,
server_7,22:35:00,22:35:30,49.7,58.49,
server_7,22:35:10,22:35:40,47.97,52.39,
server_7,22:35:20,22:35:50,44.03,47.12,
server_7,22:35:30,22:36:00,44.62,51.82,
server_7,22:35:40,22:36:10,52.22,60.27,
server_7,22:35:50,22:36:20,44.14,53.94,
server_7,22:36:00,22:36:30,47.41,48.35,
server_7,22:36:10,22:36:40,51.52,53.95,
server_7,22:36:20,22:36:50,60.73,60.53,
server_7,22:36:30,22:37:00,59.84,60.41,
server_7,22:36:40,22:37:10,41.52,54.39,
server_7,22:36:50,22:37:20,38.56,54.43,
server_7,22:37:00,22:37:30,31.15,50.73,
server_7,22:37:10,22:37:40,33.0,44.67,
server_7,22:37:20,22:37:50,34.65,38.4,
server_7,22:37:30,22:38:00,40.56,38.94,
server_7,22:37:40,22:38:10,48.06,35.98,
server_7,22:37:50,22:38:20,49.71,44.47,
server_7,22:38:00,22:38:30,59.07,43.28,
server_7,22:38:10,22:38:40,65.31,54.04,
server_7,22:38:20,22:38:50,74.45,55.77,
server_7,22:38:30,22:39:00,64.36,65.25,
server_7,22:38:40,22:39:10,53.69,66.23,
server_7,22:38:50,22:39:20,45.35,63.75,
server_7,22:39:00,22:39:30,42.33,53.52,
server_7,22:39:10,22:39:40,45.77,51.56,
server_7,22:39:20,22:39:50,42.56,50.68,
server_7,22:39:30,22:40:00,35.37,62.15,
server_7,22:39:40,22:40:10,33.9,56.81,
server_7,22:39:50,22:40:20,24.73,57.13,
server_7,22:40:00,22:40:30,34.92,50.98,
server_7,22:40:10,22:40:40,36.81,50.61,
server_7,22:40:20,22:40:50,51.85,56.65,
server_7,22:40:30,22:41:00,66.58,43.39,
server_7,22:40:40,22:41:10,61.13,47.84,
server_7,22:40:50,22:41:20,52.47,44.05,
server_7,22:41:00,22:41:30,44.09,55.23,
server_7,22:41:10,22:41:40,61.4,56.73,
server_7,22:41:20,22:41:50,68.48,53.29,
server_7,22:41:30,22:42:00,67.56,60.93,
server_7,22:41:40,22:42:10,53.51,61.75,
server_7,22:41:50,22:42:20,46.36,58.98,
server_7,22:42:00,22:42:30,42.5,50.06,
server_7,22:42:10,22:42:40,38.56,51.18,
server_7,22:42:20,22:42:50,39.55,58.5,
server_7,22:42:30,22:43:00,45.08,67.83,
server_7,22:42:40,22:43:10,62.51,72.89,
server_7,22:42:50,22:43:20,63.63,67.22,
server_7,22:43:00,22:43:30,60.57,67.77,
server_7,22:43:10,22:43:40,55.98,48.71,
server_7,22:43:20,22:43:50,59.39,45.19,
server_7,22:43:30,22:44:00,65.93,48.92,
server_7,22:43:40,22:44:10,61.66,55.2,
server_7,22:43:50,22:44:20,50.24,64.94,
server_7,22:44:00,22:44:30,36.02,56.05,
server_7,22:44:10,22:44:40,28.38,62.14,
server_7,22:44:20,22:44:50,33.85,52.78,
server_7,22:44:30,22:45:00,31.94,49.14,
server_7,22:44:40,22:45:10,46.7,46.59,
server_7,22:44:50,22:45:20,58.68,44.5,
server_7,22:45:00,22:45:30,72.39,56.35,
server_7,22:45:10,22:45:40,68.14,56.55,
server_7,22:45:20,22:45:50,74.59,58.16,
server_7,22:45:30,22:46:00,66.22,53.31,
server_7,22:45:40,22:46:10,73.52,40.51,
server_7,22:45:50,22:46:20,62.87,42.38,
server_7,22:46:00,22:46:30,73.2,47.63,
server_7,22:46:10,22:46:40,66.74,50.5,
server_7,22:46:20,22:46:50,63.18,47.8,
server_7,22:46:30,22:47:00,62.6,46.85,
server_7,22:46:40,22:47:10,54.77,57.25,
server_7,22:46:50,22:47:20,47.76,63.8,
server_7,22:47:00,22:47:30,32.49,53.64,
server_7,22:47:10,22:47:40,28.98,57.78,
server_7,22:47:20,22:47:50,42.57,62.24,
server_7,22:47:30,22:48:00,44.11,57.17,
server_7,22:47:40,22:48:10,58.44,56.82,
server_7,22:47:50,22:48:20,50.92,48.87,
server_7,22:48:00,22:48:30,63.26,65.98,
server_7,22:48:10,22:48:40,47.63,66.77,
server_7,22:48:20,22:48:50,53.21,61.39,
server_7,22:48:30,22:49:00,51.73,54.82,
server_7,22:48:40,22:49:10,67.28,49.42,
server_7,22:48:50,22:49:20,59.09,55.2,
server_7,22:49:00,22:49:30,46.53,46.94,
server_7,22:49:10,22:49:40,36.41,40.65,
server_7,22:49:20,22:49:50,42.99,46.54,
server_7,22:49:30,22:50:00,49.65,54.7,
server_7,22:49:40,22:50:10,53.49,63.78,
server_7,22:49:50,22:50:20,60.6,65.58,
server_7,22:50:00,22:50:30,73.51,47.76,
server_7,22:50:10,22:50:40,64.09,47.45,
server_7,22:50:20,22:50:50,52.82,41.62,
server_7,22:50:30,22:51:00,43.9,50.31,
server_7,22:50:40,22:51:10,56.04,52.0,
server_7,22:50:50,22:51:20,47.76,54.43,
server_7,22:51:00,22:51:30,38.77,63.81,
server_7,22:51:10,22:51:40,35.15,52.13,
server_7,22:51:20,22:51:50,50.82,41.4,
server_7,22:51:30,22:52:00,65.92,34.65,
server_7,22:51:40,22:52:10,72.59,37.3,
server_7,22:51:50,22:52:20,73.62,53.98,
server_7,22:52:00,22:52:30,64.03,58.21,
server_7,22:52:10,22:52:40,60.69,59.11,
server_7,22:52:20,22:52:50,50.18,56.53,
server_7,22:52:30,22:53:00,45.24,54.82,
server_7,22:52:40,22:53:10,38.65,60.54,
server_7,22:52:50,22:53:20,36.32,47.09,
server_8,20:53:00,20:53:30,50.26,68.91,
server_8,20:53:10,20:53:40,51.13,68.07,
server_8,20:53:20,20:53:50,61.29,54.27,
server_8,20:53:30,20:54:00,61.09,45.55,
server_8,20:53:40,20:54:10,45.09,48.09,
server_8,20:53:50,20:54:20,36.08,49.6,
server_8,20:54:00,20:54:30,49.98,43.85,
server_8,20:54:10,20:54:40,57.38,39.12,
server_8,20:54:20,20:54:50,67.26,32.26,
server_8,20:54:30,20:55:00,62.82,48.57,
server_8,20:54:40,20:55:10,65.85,47.84,
server_8,20:54:50,20:55:20,69.1,67.09,
server_8,20:55:00,20:55:30,60.4,52.92,
server_8,20:55:10,20:55:40,68.26,58.57,
server_8,20:55:20,20:55:50,62.23,49.87,
server_8,20:55:30,20:56:00,56.17,49.29,
server_8,20:55:40,20:56:10,51.03,47.38,
server_8,20:55:50,20:56:20,46.0,35.32,
server_8,20:56:00,20:56:30,54.59,43.17,
server_8,20:56:10,20:56:40,40.28,53.28,
server_8,20:56:20,20:56:50,41.91,62.28,
server_8,20:56:30,20:57:00,46.05,64.72,
server_8,20:56:40,20:57:10,65.85,50.56,
server_8,20:56:50,20:57:20,64.84,54.91,
server_8,20:57:00,20:57:30,65.1,56.18,
server_8,20:57:10,20:57:40,56.17,54.44,
server_8,20:57:20,20:57:50,45.17,55.45,
server_8,20:57:30,20:58:00,44.96,49.78,
server_8,20:57:40,20:58:10,43.7,57.84,
server_8,20:57:50,20:58:20,53.94,58.1,
server_8,20:58:00,20:58:30,53.64,68.43,
server_8,20:58:10,20:58:40,49.48,71.61,
server_8,20:58:20,20:58:50,49.91,53.04,
server_8,20:58:30,20:59:00,47.24,50.27,
server_8,20:58:40,20:59:10,61.91,36.3,
server_8,20:58:50,20:59:20,55.2,45.38,
server_8,20:59:00,20:59:30,47.47,43.91,
server_8,20:59:10,20:59:40,35.99,47.26,
server_8,20:59:20,20:59:50,49.58,61.95,
server_8,20:59:30,21:00:00,65.06,69.33,
server_8,20:59:40,21:00:10,73.3,81.75,
server_8,20:59:50,21:00:20,63.16,79.37,
server_8,21:00:00,21:00:30,52.19,68.5,
server_8,21:00:10,21:00:40,57.58,62.07,
server_8,21:00:20,21:00:50,63.38,55.87,
server_8,21:00:30,21:01:00,64.78,54.1,
server_8,21:00:40,21:01:10,51.76,48.21,
server_8,21:00:50,21:01:20,45.08,44.44,
server_8,21:01:00,21:01:30,41.91,44.71,
server_8,21:01:10,21:01:40,55.39,51.38,
server_8,21:01:20,21:01:50,58.21,53.9,
server_8,21:01:30,21:02:00,62.32,49.68,
server_8,21:01:40,21:02:10,44.52,51.98,
server_8,21:01:50,21:02:20,42.93,50.62,
server_8,21:02:00,21:02:30,42.61,58.55,
server_8,21:02:10,21:02:40,52.89,57.58,
server_8,21:02:20,21:02:50,49.78,65.38,
server_8,21:02:30,21:03:00,51.67,70.03,
server_8,21:02:40,21:03:10,52.78,66.03,
server_8,21:02:50,21:03:20,55.36,59.37,
server_8,21:03:00,21:03:30,62.24,63.52,
server_8,21:03:10,21:03:40,60.48,62.72,
server_8,21:03:20,21:03:50,68.5,70.74,
server_8,21:03:30,21:04:00,61.09,66.42,
server_8,21:03:40,21:04:10,56.57,65.59,
server_8,21:03:50,21:04:20,52.39,70.72,
server_8,21:04:00,21:04:30,45.11,59.43,
server_8,21:04:10,21:04:40,39.52,69.5,
server_8,21:04:20,21:04:50,44.31,49.64,
server_8,21:04:30,21:05:00,42.96,49.12,
server_8,21:04:40,21:05:10,52.83,41.39,
server_8,21:04:50,21:05:20,52.48,45.55,
server_8,21:05:00,21:05:30,59.74,64.15,
server_8,21:05:10,21:05:40,53.01,54.56,
server_8,21:05:20,21:05:50,43.73,54.48,
server_8,21:05:30,21:06:00,49.79,32.26,
server_8,21:05:40,21:06:10,42.63,43.19,
server_8,21:05:50,21:06:20,46.61,41.26,
server_8,21:06:00,21:06:30,40.42,54.26,
server_8,21:06:10,21:06:40,42.74,59.53,
server_8,21:06:20,21:06:50,36.46,60.05,
server_8,21:06:30,21:07:00,29.8,61.79,
server_8,21:06:40,21:07:10,38.23,51.9,
server_8,21:06:50,21:07:20,45.03,58.59,
server_8,21:07:00,21:07:30,51.32,56.26,
server_8,21:07:10,21:07:40,55.26,63.43,
server_8,21:07:20,21:07:50,56.5,51.17,
server_8,21:07:30,21:08:00,57.43,49.16,
server_8,21:07:40,21:08:10,52.68,40.59,
server_8,21:07:50,21:08:20,37.57,52.22,
server_8,21:08:00,21:08:30,27.97,56.92,
server_8,21:08:10,21:08:40,28.73,67.47,
server_8,21:08:20,21:08:50,46.13,69.71,
server_8,21:08:30,21:09:00,48.25,65.92,
server_8,21:08:40,21:09:10,59.04,66.96,
server_8,21:08:50,21:09:20,42.39,65.64,
server_8,21:09:00,21:09:30,56.9,54.89,
server_8,21:09:10,21:09:40,50.31,49.15,
server_8,21:09:20,21:09:50,59.27,40.32,
server_8,21:09:30,21:10:00,44.17,52.43,
server_8,21:09:40,21:10:10,34.01,56.58,
server_8,21:09:50,21:10:20,31.33,56.31,
server_8,21:10:00,21:10:30,37.93,52.66,
server_8,21:10:10,21:10:40,49.08,52.02,
server_8,21:10:20,21:10:50,47.31,62.96,
server_8,21:10:30,21:11:00,54.97,62.28,
server_8,21:10:40,21:11:10,48.35,50.98,
server_8,21:10:50,21:11:20,49.12,44.74,
server_8,21:11:00,21:11:30,47.96,39.93,
server_8,21:11:10,21:11:40,55.67,36.12,
server_8,21:11:20,21:11:50,61.48,34.52,
server_8,21:11:30,21:12:00,47.86,41.93,
server_8,21:11:40,21:12:10,44.71,55.83,
server_8,21:11:50,21:12:20,45.92,59.63,
server_8,21:12:00,21:12:30,66.81,57.14,
server_8,21:12:10,21:12:40,72.09,51.9,
server_8,21:12:20,21:12:50,73.59,46.65,
server_8,21:12:30,21:13:00,55.62,54.73,
server_8,21:12:40,21:13:10,41.87,61.9,
server_8,21:12:50,21:13:20,41.28,67.11,
server_8,21:13:00,21:13:30,52.43,63.86,
server_8,21:13:10,21:13:40,53.97,53.35,
server_8,21:13:20,21:13:50,50.44,52.13,
server_8,21:13:30,21:14:00,43.91,42.29,
server_8,21:13:40,21:14:10,61.03,40.31,
server_8,21:13:50,21:14:20,62.56,43.2,
server_8,21:14:00,21:14:30,56.43,46.38,
server_8,21:14:10,21:14:40,48.1,44.52,
server_8,21:14:20,21:14:50,57.06,51.77,
server_8,21:14:30,21:15:00,69.4,60.59,
server_8,21:14:40,21:15:10,68.4,70.78,
server_8,21:14:50,21:15:20,62.21,52.47,
server_8,21:15:00,21:15:30,51.39,40.25,
server_8,21:15:10,21:15:40,42.5,29.1,
server_8,21:15:20,21:15:50,38.42,47.79,
server_8,21:15:30,21:16:00,35.45,46.71,
server_8,21:15:40,21:16:10,42.68,60.25,
server_8,21:15:50,21:16:20,58.3,50.39,
server_8,21:16:00,21:16:30,65.72,57.04,
server_8,21:16:10,21:16:40,70.78,56.67,
server_8,21:16:20,21:16:50,54.25,53.31,
server_8,21:16:30,21:17:00,46.86,57.02,
server_8,21:16:40,21:17:10,43.06,55.42,
server_8,21:16:50,21:17:20,55.59,51.94,
server_8,21:17:00,21:17:30,60.55,46.98,
server_8,21:17:10,21:17:40,54.83,44.62,
server_8,21:17:20,21:17:50,41.1,50.3,
server_8,21:17:30,21:18:00,47.05,51.55,
server_8,21:17:40,21:18:10,42.32,44.0,
server_8,21:17:50,21:18:20,44.96,51.6,
server_8,21:18:00,21:18:30,44.64,53.58,
server_8,21:18:10,21:18:40,43.85,52.45,
server_8,21:18:20,21:18:50,50.8,52.12,
server_8,21:18:30,21:19:00,44.46,44.22,
server_8,21:18:40,21:19:10,65.47,63.72,
server_8,21:18:50,21:19:20,59.19,57.54,
server_8,21:19:00,21:19:30,67.42,67.64,
server_8,21:19:10,21:19:40,66.96,54.84,
server_8,21:19:20,21:19:50,62.18,47.74,
server_8,21:19:30,21:20:00,49.53,49.09,
server_8,21:19:40,21:20:10,32.12,59.63,
server_8,21:19:50,21:20:20,34.74,61.62,
server_8,21:20:00,21:20:30,41.71,57.02,
server_8,21:20:10,21:20:40,49.17,49.93,
server_8,21:20:20,21:20:50,50.32,47.74,
server_8,21:20:30,21:21:00,54.11,42.0,
server_8,21:20:40,21:21:10,55.7,43.91,
server_8,21:20:50,21:21:20,63.25,40.82,
server_8,21:21:00,21:21:30,57.05,47.5,
server_8,21:21:10,21:21:40,57.96,36.14,
server_8,21:21:20,21:21:50,48.0,45.39,
server_8,21:21:30,21:22:00,45.78,47.0,
server_8,21:21:40,21:22:10,38.11,60.67,
server_8,21:21:50,21:22:20,44.21,54.34,
server_8,21:22:00,21:22:30,47.26,50.16,
server_8,21:22:10,21:22:40,61.65,41.16,
server_8,21:22:20,21:22:50,68.9,53.76,
server_8,21:22:30,21:23:00,77.13,64.5,
server_8,21:22:40,21:23:10,68.94,64.45,
server_8,21:22:50,21:23:20,58.01,57.84,
server_8,21:23:00,21:23:30,58.38,55.49,
server_8,21:23:10,21:23:40,51.82,57.99,
server_8,21:23:20,21:23:50,52.1,59.34,
server_8,21:23:30,21:24:00,36.98,55.73,
server_8,21:23:40,21:24:10,41.05,54.69,
server_8,21:23:50,21:24:20,49.77,52.33,
server_8,21:24:00,21:24:30,58.42,46.79,
server_8,21:24:10,21:24:40,66.18,38.12,
server_8,21:24:20,21:24:50,46.36,53.4,
server_8,21:24:30,21:25:00,49.34,56.87,
server_8,21:24:40,21:25:10,54.72,76.75,
server_8,21:24:50,21:25:20,73.54,60.66,
server_8,21:25:00,21:25:30,75.1,66.29,
server_8,21:25:10,21:25:40,58.21,47.19,
server_8,21:25:20,21:25:50,53.45,48.33,
server_8,21:25:30,21:26:00,47.5,35.18,
server_8,21:25:40,21:26:10,45.85,41.43,
server_8,21:25:50,21:26:20,46.24,45.16,
server_8,21:26:00,21:26:30,54.8,50.26,
server_8,21:26:10,21:26:40,61.57,54.15,
server_8,21:26:20,21:26:50,50.81,55.72,
server_8,21:26:30,21:27:00,44.95,58.44,
server_8,21:26:40,21:27:10,36.04,65.73,
server_8,21:26:50,21:27:20,42.66,62.51,
server_8,21:27:00,21:27:30,36.97,58.0,
server_8,21:27:10,21:27:40,44.67,47.7,
server_8,21:27:20,21:27:50,44.29,56.84,
server_8,21:27:30,21:28:00,46.43,60.13,
server_8,21:27:40,21:28:10,50.45,66.94,
server_8,21:27:50,21:28:20,63.61,64.35,
server_8,21:28:00,21:28:30,63.83,64.63,
server_8,21:28:10,21:28:40,57.63,56.85,
server_8,21:28:20,21:28:50,40.48,58.57,
server_8,21:28:30,21:29:00,38.71,62.4,
server_8,21:28:40,21:29:10,49.07,63.75,
server_8,21:28:50,21:29:20,58.36,45.75,
server_8,21:29:00,21:29:30,61.68,43.96,
server_8,21:29:10,21:29:40,52.09,44.62,
server_8,21:29:20,21:29:50,57.26,61.4,
server_8,21:29:30,21:30:00,52.75,55.33,
server_8,21:29:40,21:30:10,55.04,58.0,
server_8,21:29:50,21:30:20,53.51,45.55,
server_8,21:30:00,21:30:30,66.42,48.32,
server_8,21:30:10,21:30:40,64.02,47.35,
server_8,21:30:20,21:30:50,65.02,55.07,
server_8,21:30:30,21:31:00,57.48,56.3,
server_8,21:30:40,21:31:10,65.44,54.09,
server_8,21:30:50,21:31:20,67.14,58.59,
server_8,21:31:00,21:31:30,75.65,64.79,
server_8,21:31:10,21:31:40,75.52,60.59,
server_8,21:31:20,21:31:50,73.22,49.55,
server_8,21:31:30,21:32:00,58.59,34.17,
server_8,21:31:40,21:32:10,55.44,44.9,
server_8,21:31:50,21:32:20,54.68,50.17,
server_8,21:32:00,21:32:30,49.37,62.1,
server_8,21:32:10,21:32:40,44.74,59.93,
server_8,21:32:20,21:32:50,42.48,59.74,
server_8,21:32:30,21:33:00,47.38,47.81,
server_8,21:32:40,21:33:10,46.85,39.15,
server_8,21:32:50,21:33:20,45.55,49.65,
server_8,21:33:00,21:33:30,42.28,72.87,
server_8,21:33:10,21:33:40,36.36,70.5,
server_8,21:33:20,21:33:50,31.22,54.21,
server_8,21:33:30,21:34:00,41.59,44.57,
server_8,21:33:40,21:34:10,49.31,51.1,
server_8,21:33:50,21:34:20,41.48,55.91,
server_8,21:34:00,21:34:30,33.93,58.28,
server_8,21:34:10,21:34:40,32.77,63.27,
server_8,21:34:20,21:34:50,42.28,67.11,
server_8,21:34:30,21:35:00,50.52,61.24,
server_8,21:34:40,21:35:10,52.03,59.46,
server_8,21:34:50,21:35:20,51.5,59.57,
server_8,21:35:00,21:35:30,58.81,51.66,
server_8,21:35:10,21:35:40,55.48,51.92,
server_8,21:35:20,21:35:50,61.35,38.61,
server_8,21:35:30,21:36:00,59.39,35.41,
server_8,21:35:40,21:36:10,58.31,41.05,
server_8,21:35:50,21:36:20,45.37,56.13,
server_8,21:36:00,21:36:30,30.64,68.74,
server_8,21:36:10,21:36:40,37.39,51.6,
server_8,21:36:20,21:36:50,42.05,44.73,
server_8,21:36:30,21:37:00,45.54,36.64,
server_8,21:36:40,21:37:10,49.66,52.85,
server_8,21:36:50,21:37:20,46.97,51.38,
server_8,21:37:00,21:37:30,54.29,61.53,
server_8,21:37:10,21:37:40,41.41,59.91,
server_8,21:37:20,21:37:50,56.45,70.9,
server_8,21:37:30,21:38:00,61.65,61.75,
server_8,21:37:40,21:38:10,63.04,55.7,
server_8,21:37:50,21:38:20,48.3,40.87,
server_8,21:38:00,21:38:30,41.58,38.84,
server_8,21:38:10,21:38:40,40.98,42.3,
server_8,21:38:20,21:38:50,52.56,53.59,
server_8,21:38:30,21:39:00,56.93,64.39,
server_8,21:38:40,21:39:10,61.39,59.52,
server_8,21:38:50,21:39:20,68.75,54.5,
server_8,21:39:00,21:39:30,63.52,48.54,
server_8,21:39:10,21:39:40,65.87,54.09,
server_8,21:39:20,21:39:50,58.83,59.35,
server_8,21:39:30,21:40:00,63.02,66.13,
server_8,21:39:40,21:40:10,67.62,58.13,
server_8,21:39:50,21:40:20,66.37,54.82,
server_8,21:40:00,21:40:30,69.37,54.07,
server_8,21:40:10,21:40:40,51.84,62.41,
server_8,21:40:20,21:40:50,43.78,61.53,
server_8,21:40:30,21:41:00,42.68,64.99,
server_8,21:40:40,21:41:10,59.59,69.8,
server_8,21:40:50,21:41:20,53.59,70.04,
server_8,21:41:00,21:41:30,52.96,68.36,
server_8,21:41:10,21:41:40,54.35,69.87,
server_8,21:41:20,21:41:50,65.95,80.26,
server_8,21:41:30,21:42:00,52.76,60.28,
server_8,21:41:40,21:42:10,47.28,55.85,
server_8,21:41:50,21:42:20,45.35,44.32,
server_8,21:42:00,21:42:30,50.6,51.53,
server_8,21:42:10,21:42:40,47.74,42.37,
server_8,21:42:20,21:42:50,39.53,44.7,
server_8,21:42:30,21:43:00,42.3,50.11,
server_8,21:42:40,21:43:10,42.87,52.16,
server_8,21:42:50,21:43:20,42.61,53.45,
server_8,21:43:00,21:43:30,44.78,56.1,
server_8,21:43:10,21:43:40,53.72,66.1,
server_8,21:43:20,21:43:50,65.85,75.02,
server_8,21:43:30,21:44:00,64.4,71.2,
server_8,21:43:40,21:44:10,52.94,60.6,
server_8,21:43:50,21:44:20,49.22,46.2,
server_8,21:44:00,21:44:30,61.28,42.39,
server_8,21:44:10,21:44:40,70.32,51.32,
server_8,21:44:20,21:44:50,86.21,66.45,
server_8,21:44:30,21:45:00,64.0,75.05,
server_8,21:44:40,21:45:10,57.04,71.47,
server_8,21:44:50,21:45:20,41.55,61.98,
server_8,21:45:00,21:45:30,52.61,62.05,
server_8,21:45:10,21:45:40,61.61,66.31,
server_8,21:45:20,21:45:50,65.73,58.3,
server_8,21:45:30,21:46:00,58.06,60.2,
server_8,21:45:40,21:46:10,48.51,55.6,
server_8,21:45:50,21:46:20,37.48,56.26,
server_8,21:46:00,21:46:30,52.44,43.87,
server_8,21:46:10,21:46:40,62.15,42.46,
server_8,21:46:20,21:46:50,77.01,50.75,
server_8,21:46:30,21:47:00,66.01,57.79,
server_8,21:46:40,21:47:10,63.58,51.38,
server_8,21:46:50,21:47:20,59.46,50.06,
server_8,21:47:00,21:47:30,60.79,54.2,
server_8,21:47:10,21:47:40,60.04,64.02,
server_8,21:47:20,21:47:50,49.98,65.8,
server_8,21:47:30,21:48:00,58.18,65.08,
server_8,21:47:40,21:48:10,48.61,57.13,
server_8,21:47:50,21:48:20,45.08,41.98,
server_8,21:48:00,21:48:30,30.36,45.25,
server_8,21:48:10,21:48:40,29.82,47.47,
server_8,21:48:20,21:48:50,44.7,59.02,
server_8,21:48:30,21:49:00,44.8,48.75,
server_8,21:48:40,21:49:10,51.79,55.2,
server_8,21:48:50,21:49:20,55.61,63.16,
server_8,21:49:00,21:49:30,77.49,65.83,
server_8,21:49:10,21:49:40,85.32,62.07,
server_8,21:49:20,21:49:50,81.37,44.44,
server_8,21:49:30,21:50:00,64.02,44.57,
server_8,21:49:40,21:50:10,45.42,48.31,
server_8,21:49:50,21:50:20,33.04,53.55,
server_8,21:50:00,21:50:30,48.05,54.62,
server_8,21:50:10,21:50:40,64.22,58.11,
server_8,21:50:20,21:50:50,58.58,72.01,
server_8,21:50:30,21:51:00,55.34,69.03,
server_8,21:50:40,21:51:10,51.23,53.06,
server_8,21:50:50,21:51:20,64.64,41.7,
server_8,21:51:00,21:51:30,63.32,37.2,
server_8,21:51:10,21:51:40,55.29,42.01,
server_8,21:51:20,21:51:50,55.81,38.38,
server_8,21:51:30,21:52:00,45.51,54.03,
server_8,21:51:40,21:52:10,49.17,61.42,
server_8,21:51:50,21:52:20,52.23,59.12,
server_8,21:52:00,21:52:30,48.71,60.3,
server_8,21:52:10,21:52:40,55.72,48.22,
server_8,21:52:20,21:52:50,48.58,51.22,
server_8,21:52:30,21:53:00,48.3,38.36,
server_8,21:52:40,21:53:10,37.17,41.56,
server_8,21:52:50,21:53:20,31.03,38.97,
server_8,21:53:00,21:53:30,25.82,48.61,
server_8,21:53:10,21:53:40,28.67,49.0,
server_8,21:53:20,21:53:50,41.98,60.82,
server_8,21:53:30,21:54:00,55.58,57.36,
server_8,21:53:40,21:54:10,48.5,68.42,
server_8,21:53:50,21:54:20,36.66,68.36,
server_8,21:54:00,21:54:30,36.49,58.11,
server_8,21:54:10,21:54:40,45.67,62.16,
server_8,21:54:20,21:54:50,55.54,45.31,
server_8,21:54:30,21:55:00,58.22,44.1,
server_8,21:54:40,21:55:10,63.75,37.35,
server_8,21:54:50,21:55:20,62.95,48.41,
server_8,21:55:00,21:55:30,66.66,65.22,
server_8,21:55:10,21:55:40,69.67,69.92,
server_8,21:55:20,21:55:50,67.79,65.42,
server_8,21:55:30,21:56:00,58.54,51.69,
server_8,21:55:40,21:56:10,45.04,36.19,
server_8,21:55:50,21:56:20,49.88,47.51,
server_8,21:56:00,21:56:30,49.24,50.25,
server_8,21:56:10,21:56:40,56.09,71.89,
server_8,21:56:20,21:56:50,47.29,57.63,
server_8,21:56:30,21:57:00,55.59,55.54,
server_8,21:56:40,21:57:10,53.51,35.65,
server_8,21:56:50,21:57:20,58.04,42.77,
server_8,21:57:00,21:57:30,49.43,48.23,
server_8,21:57:10,21:57:40,53.0,44.83,
server_8,21:57:20,21:57:50,54.14,52.14,
server_8,21:57:30,21:58:00,66.86,37.49,
server_8,21:57:40,21:58:10,60.83,43.41,
server_8,21:57:50,21:58:20,59.67,33.83,
server_8,21:58:00,21:58:30,38.11,50.71,
server_8,21:58:10,21:58:40,44.29,56.5,
server_8,21:58:20,21:58:50,36.63,53.87,
server_8,21:58:30,21:59:00,42.53,47.7,
server_8,21:58:40,21:59:10,30.15,47.86,
server_8,21:58:50,21:59:20,38.77,50.86,
server_8,21:59:00,21:59:30,39.25,53.38,
server_8,21:59:10,21:59:40,35.77,49.9,
server_8,21:59:20,21:59:50,40.63,57.04,
server_8,21:59:30,22:00:00,48.12,59.97,
server_8,21:59:40,22:00:10,63.8,60.88,
server_8,21:59:50,22:00:20,55.37,52.14,
server_8,22:00:00,22:00:30,50.34,45.55,
server_8,22:00:10,22:00:40,43.28,41.83,
server_8,22:00:20,22:00:50,46.47,41.57,
server_8,22:00:30,22:01:00,57.7,53.12,
server_8,22:00:40,22:01:10,64.47,53.57,
server_8,22:00:50,22:01:20,68.09,48.29,
server_8,22:01:00,22:01:30,67.66,48.32,
server_8,22:01:10,22:01:40,64.81,62.15,
server_8,22:01:20,22:01:50,56.59,69.16,
server_8,22:01:30,22:02:00,41.16,61.32,
server_8,22:01:40,22:02:10,38.4,49.39,
server_8,22:01:50,22:02:20,40.34,46.94,
server_8,22:02:00,22:02:30,42.57,46.38,
server_8,22:02:10,22:02:40,50.21,46.39,
server_8,22:02:20,22:02:50,53.8,57.31,
server_8,22:02:30,22:03:00,58.23,62.03,
server_8,22:02:40,22:03:10,55.12,74.26,
server_8,22:02:50,22:03:20,61.03,75.48,
server_8,22:03:00,22:03:30,61.58,79.41,
server_8,22:03:10,22:03:40,59.31,66.5,
server_8,22:03:20,22:03:50,49.38,52.71,
server_8,22:03:30,22:04:00,44.21,42.9,
server_8,22:03:40,22:04:10,51.37,47.7,
server_8,22:03:50,22:04:20,64.08,65.17,
server_8,22:04:00,22:04:30,72.86,74.06,
server_8,22:04:10,22:04:40,72.74,74.11,
server_8,22:04:20,22:04:50,63.21,63.91,
server_8,22:04:30,22:05:00,65.1,58.33,
server_8,22:04:40,22:05:10,50.03,46.44,
server_8,22:04:50,22:05:20,43.78,54.7,
server_8,22:05:00,22:05:30,35.46,49.99,
server_8,22:05:10,22:05:40,38.09,54.62,
server_8,22:05:20,22:05:50,38.99,40.52,
server_8,22:05:30,22:06:00,36.47,54.82,
server_8,22:05:40,22:06:10,45.49,55.85,
server_8,22:05:50,22:06:20,48.54,59.64,
server_8,22:06:00,22:06:30,55.8,42.46,
server_8,22:06:10,22:06:40,54.78,44.67,
server_8,22:06:20,22:06:50,46.79,45.94,
server_8,22:06:30,22:07:00,38.94,48.91,
server_8,22:06:40,22:07:10,37.95,47.84,
server_8,22:06:50,22:07:20,47.47,46.26,
server_8,22:07:00,22:07:30,60.53,57.07,
server_8,22:07:10,22:07:40,64.11,61.46,
server_8,22:07:20,22:07:50,66.97,55.75,
server_8,22:07:30,22:08:00,52.81,44.34,
server_8,22:07:40,22:08:10,50.41,42.39,
server_8,22:07:50,22:08:20,52.17,53.45,
server_8,22:08:00,22:08:30,69.24,49.38,
server_8,22:08:10,22:08:40,61.84,43.49,
server_8,22:08:20,22:08:50,65.2,47.05,
server_8,22:08:30,22:09:00,61.74,51.86,
server_8,22:08:40,22:09:10,74.83,51.55,
server_8,22:08:50,22:09:20,72.22,41.95,
server_8,22:09:00,22:09:30,69.12,37.71,
server_8,22:09:10,22:09:40,59.0,41.02,
server_8,22:09:20,22:09:50,53.99,44.23,
server_8,22:09:30,22:10:00,45.31,60.48,
server_8,22:09:40,22:10:10,45.55,60.94,
server_8,22:09:50,22:10:20,35.14,55.36,
server_8,22:10:00,22:10:30,45.92,57.51,
server_8,22:10:10,22:10:40,46.84,53.58,
server_8,22:10:20,22:10:50,61.0,55.13,
server_8,22:10:30,22:11:00,56.75,45.88,
server_8,22:10:40,22:11:10,50.26,57.21,
server_8,22:10:50,22:11:20,42.41,55.22,
server_8,22:11:00,22:11:30,49.31,46.63,
server_8,22:11:10,22:11:40,53.8,39.22,
server_8,22:11:20,22:11:50,57.33,39.89,
server_8,22:11:30,22:12:00,49.57,50.02,
server_8,22:11:40,22:12:10,51.36,51.13,
server_8,22:11:50,22:12:20,50.2,68.25,
server_8,22:12:00,22:12:30,51.51,66.59,
server_8,22:12:10,22:12:40,56.87,71.08,
server_8,22:12:20,22:12:50,67.24,47.33,
server_8,22:12:30,22:13:00,68.4,48.61,
server_8,22:12:40,22:13:10,65.71,46.05,
server_8,22:12:50,22:13:20,56.19,57.65,
server_8,22:13:00,22:13:30,54.71,67.3,
server_8,22:13:10,22:13:40,61.68,57.05,
server_8,22:13:20,22:13:50,58.4,53.68,
server_8,22:13:30,22:14:00,59.34,45.94,
server_8,22:13:40,22:14:10,48.18,54.13,
server_8,22:13:50,22:14:20,49.75,52.65,
server_8,22:14:00,22:14:30,46.46,44.94,
server_8,22:14:10,22:14:40,53.91,36.09,
server_8,22:14:20,22:14:50,58.09,39.72,
server_8,22:14:30,22:15:00,60.53,44.54,
server_8,22:14:40,22:15:10,57.5,45.25,
server_8,22:14:50,22:15:20,70.46,34.01,
server_8,22:15:00,22:15:30,73.7,36.74,
server_8,22:15:10,22:15:40,64.09,51.2,
server_8,22:15:20,22:15:50,57.21,64.89,
server_8,22:15:30,22:16:00,54.26,62.29,
server_8,22:15:40,22:16:10,66.5,55.79,
server_8,22:15:50,22:16:20,70.82,38.86,
server_8,22:16:00,22:16:30,65.87,30.7,
server_8,22:16:10,22:16:40,62.82,31.03,
server_8,22:16:20,22:16:50,45.27,46.27,
server_8,22:16:30,22:17:00,46.21,49.42,
server_8,22:16:40,22:17:10,45.77,52.01,
server_8,22:16:50,22:17:20,58.25,45.57,
server_8,22:17:00,22:17:30,68.83,52.18,
server_8,22:17:10,22:17:40,66.08,45.49,
server_8,22:17:20,22:17:50,56.22,46.17,
server_8,22:17:30,22:18:00,50.37,41.25,
server_8,22:17:40,22:18:10,52.25,40.5,
server_8,22:17:50,22:18:20,58.42,50.45,
server_8,22:18:00,22:18:30,45.6,45.51,
server_8,22:18:10,22:18:40,41.77,48.59,
server_8,22:18:20,22:18:50,42.78,49.41,
server_8,22:18:30,22:19:00,49.17,54.6,
server_8,22:18:40,22:19:10,59.47,48.97,
server_8,22:18:50,22:19:20,52.08,41.51,
server_8,22:19:00,22:19:30,54.49,55.04,
server_8,22:19:10,22:19:40,50.32,61.16,
server_8,22:19:20,22:19:50,57.02,58.33,
server_8,22:19:30,22:20:00,55.06,44.9,
server_8,22:19:40,22:20:10,39.36,55.39,
server_8,22:19:50,22:20:20,27.38,65.34,
server_8,22:20:00,22:20:30,28.82,67.79,
server_8,22:20:10,22:20:40,37.83,63.1,
server_8,22:20:20,22:20:50,44.67,56.28,
server_8,22:20:30,22:21:00,43.28,48.22,
server_8,22:20:40,22:21:10,48.49,44.91,
server_8,22:20:50,22:21:20,48.38,44.86,
server_8,22:21:00,22:21:30,47.81,50.32,
server_8,22:21:10,22:21:40,44.24,44.32,
server_8,22:21:20,22:21:50,47.35,52.68,
server_8,22:21:30,22:22:00,46.43,50.05,
server_8,22:21:40,22:22:10,55.01,47.11,
server_8,22:21:50,22:22:20,60.3,47.14,
server_8,22:22:00,22:22:30,70.13,55.09,
server_8,22:22:10,22:22:40,71.8,58.21,
server_8,22:22:20,22:22:50,65.02,50.93,
server_8,22:22:30,22:23:00,68.41,46.19,
server_8,22:22:40,22:23:10,55.29,58.21,
server_8,22:22:50,22:23:20,55.35,62.52,
server_8,22:23:00,22:23:30,43.66,56.74,
server_8,22:23:10,22:23:40,50.73,61.49,
server_8,22:23:20,22:23:50,46.37,56.12,
server_8,22:23:30,22:24:00,49.58,53.43,
server_8,22:23:40,22:24:10,47.53,38.02,
server_8,22:23:50,22:24:20,54.52,42.87,
server_8,22:24:00,22:24:30,47.66,50.99,
server_8,22:24:10,22:24:40,44.01,51.34,
server_8,22:24:20,22:24:50,40.14,46.57,
server_8,22:24:30,22:25:00,41.26,56.79,
server_8,22:24:40,22:25:10,53.13,69.5,
server_8,22:24:50,22:25:20,60.32,69.25,
server_8,22:25:00,22:25:30,68.48,50.07,
server_8,22:25:10,22:25:40,60.98,39.46,
server_8,22:25:20,22:25:50,49.5,39.28,
server_8,22:25:30,22:26:00,42.28,49.12,
server_8,22:25:40,22:26:10,44.55,56.88,
server_8,22:25:50,22:26:20,50.33,65.07,
server_8,22:26:00,22:26:30,49.12,72.86,
server_8,22:26:10,22:26:40,58.5,63.4,
server_8,22:26:20,22:26:50,57.58,72.1,
server_8,22:26:30,22:27:00,73.08,59.97,
server_8,22:26:40,22:27:10,65.42,55.35,
server_8,22:26:50,22:27:20,62.54,40.09,
server_8,22:27:00,22:27:30,47.18,43.12,
server_8,22:27:10,22:27:40,35.28,45.84,
server_8,22:27:20,22:27:50,35.23,46.09,
server_8,22:27:30,22:28:00,45.19,38.6,
server_8,22:27:40,22:28:10,54.29,44.58,
server_8,22:27:50,22:28:20,59.68,44.29,
server_8,22:28:00,22:28:30,61.2,59.83,
server_8,22:28:10,22:28:40,52.91,63.15,
server_8,22:28:20,22:28:50,48.09,61.56,
server_8,22:28:30,22:29:00,44.59,60.25,
server_8,22:28:40,22:29:10,51.02,60.89,
server_8,22:28:50,22:29:20,56.6,64.98,
server_8,22:29:00,22:29:30,46.51,64.35,
server_8,22:29:10,22:29:40,47.01,52.72,
server_8,22:29:20,22:29:50,37.77,59.52,
server_8,22:29:30,22:30:00,48.12,56.41,
server_8,22:29:40,22:30:10,47.05,58.97,
server_8,22:29:50,22:30:20,50.78,53.27,
server_8,22:30:00,22:30:30,44.03,46.96,
server_8,22:30:10,22:30:40,38.55,58.18,
server_8,22:30:20,22:30:50,45.8,60.87,
server_8,22:30:30,22:31:00,53.87,68.98,
server_8,22:30:40,22:31:10,50.93,61.77,
server_8,22:30:50,22:31:20,46.81,54.97,
server_8,22:31:00,22:31:30,32.85,44.3,
server_8,22:31:10,22:31:40,51.41,52.43,
server_8,22:31:20,22:31:50,60.18,63.08,
server_8,22:31:30,22:32:00,71.35,66.76,
server_8,22:31:40,22:32:10,69.99,47.37,
server_8,22:31:50,22:32:20,70.07,47.67,
server_8,22:32:00,22:32:30,75.3,58.9,
server_8,22:32:10,22:32:40,65.39,66.38,
server_8,22:32:20,22:32:50,51.12,52.5,
server_8,22:32:30,22:33:00,49.06,38.38,
server_8,22:32:40,22:33:10,54.57,41.93,
server_8,22:32:50,22:33:20,67.62,44.34,
server_8,22:33:00,22:33:30,67.29,48.69,
server_8,22:33:10,22:33:40,65.47,48.04,
server_8,22:33:20,22:33:50,47.32,50.04,
server_8,22:33:30,22:34:00,51.67,44.47,
server_8,22:33:40,22:34:10,43.03,52.83,
server_8,22:33:50,22:34:20,55.58,52.77,
server_8,22:34:00,22:34:30,41.88,53.57,
server_8,22:34:10,22:34:40,55.14,51.66,
server_8,22:34:20,22:34:50,58.28,52.8,
server_8,22:34:30,22:35:00,56.86,67.9,
server_8,22:34:40,22:35:10,59.74,58.32,
server_8,22:34:50,22:35:20,49.27,64.36,
server_8,22:35:00,22:35:30,48.32,54.78,
server_8,22:35:10,22:35:40,42.51,61.88,
server_8,22:35:20,22:35:50,44.57,55.48,
server_8,22:35:30,22:36:00,51.58,55.63,
server_8,22:35:40,22:36:10,49.79,53.04,
server_8,22:35:50,22:36:20,56.97,58.81,
server_8,22:36:00,22:36:30,60.65,59.64,
server_8,22:36:10,22:36:40,55.13,54.71,
server_8,22:36:20,22:36:50,50.69,44.42,
server_8,22:36:30,22:37:00,40.82,53.0,
server_8,22:36:40,22:37:10,52.31,60.97,
server_8,22:36:50,22:37:20,56.45,62.25,
server_8,22:37:00,22:37:30,69.84,61.57,
server_8,22:37:10,22:37:40,71.29,62.37,
server_8,22:37:20,22:37:50,64.48,59.63,
server_8,22:37:30,22:38:00,64.39,47.11,
server_8,22:37:40,22:38:10,50.11,53.1,
server_8,22:37:50,22:38:20,53.48,61.59,
server_8,22:38:00,22:38:30,60.91,65.0,
server_8,22:38:10,22:38:40,71.6,59.08,
server_8,22:38:20,22:38:50,73.2,45.18,
server_8,22:38:30,22:39:00,59.1,48.12,
server_8,22:38:40,22:39:10,52.93,41.37,
server_8,22:38:50,22:39:20,54.35,57.1,
server_8,22:39:00,22:39:30,45.94,63.35,
server_8,22:39:10,22:39:40,36.66,77.96,
server_8,22:39:20,22:39:50,40.07,70.81,
server_8,22:39:30,22:40:00,58.35,67.76,
server_8,22:39:40,22:40:10,58.1,64.87,
server_8,22:39:50,22:40:20,46.5,71.23,
server_8,22:40:00,22:40:30,29.53,64.28,
server_8,22:40:10,22:40:40,43.54,51.12,
server_8,22:40:20,22:40:50,41.66,39.23,
server_8,22:40:30,22:41:00,50.83,43.31,
server_8,22:40:40,22:41:10,49.04,58.63,
server_8,22:40:50,22:41:20,57.83,73.47,
server_8,22:41:00,22:41:30,70.19,72.82,
server_8,22:41:10,22:41:40,66.69,63.45,
server_8,22:41:20,22:41:50,62.43,50.85,
server_8,22:41:30,22:42:00,46.74,63.94,
server_8,22:41:40,22:42:10,56.52,58.36,
server_8,22:41:50,22:42:20,51.66,68.57,
server_8,22:42:00,22:42:30,50.77,69.62,
server_8,22:42:10,22:42:40,42.74,68.47,
server_8,22:42:20,22:42:50,60.39,70.64,
server_8,22:42:30,22:43:00,68.44,46.47,
server_8,22:42:40,22:43:10,67.38,44.04,
server_8,22:42:50,22:43:20,52.15,35.01,
server_8,22:43:00,22:43:30,45.38,44.76,
server_8,22:43:10,22:43:40,49.67,53.68,
server_8,22:43:20,22:43:50,54.72,66.21,
server_8,22:43:30,22:44:00,51.73,71.12,
server_8,22:43:40,22:44:10,40.9,64.31,
server_8,22:43:50,22:44:20,28.88,58.42,
server_8,22:44:00,22:44:30,37.04,59.85,
server_8,22:44:10,22:44:40,40.32,59.57,
server_8,22:44:20,22:44:50,52.48,55.08,
server_8,22:44:30,22:45:00,56.87,52.75,
server_8,22:44:40,22:45:10,68.48,59.78,
server_8,22:44:50,22:45:20,58.71,60.33,
server_8,22:45:00,22:45:30,56.04,60.4,
server_8,22:45:10,22:45:40,57.53,54.57,
server_8,22:45:20,22:45:50,68.84,50.15,
server_8,22:45:30,22:46:00,58.99,44.72,
server_8,22:45:40,22:46:10,54.59,51.27,
server_8,22:45:50,22:46:20,58.41,55.39,
server_8,22:46:00,22:46:30,59.84,53.52,
server_8,22:46:10,22:46:40,63.48,46.74,
server_8,22:46:20,22:46:50,61.13,50.66,
server_8,22:46:30,22:47:00,61.47,53.29,
server_8,22:46:40,22:47:10,49.33,53.45,
server_8,22:46:50,22:47:20,54.94,43.66,
server_8,22:47:00,22:47:30,60.36,31.84,
server_8,22:47:10,22:47:40,60.96,38.68,
server_8,22:47:20,22:47:50,44.53,38.82,
server_8,22:47:30,22:48:00,32.13,46.1,
server_8,22:47:40,22:48:10,37.95,42.32,
server_8,22:47:50,22:48:20,44.47,48.42,
server_8,22:48:00,22:48:30,45.07,48.77,
server_8,22:48:10,22:48:40,47.31,55.36,
server_8,22:48:20,22:48:50,44.61,51.97,
server_8,22:48:30,22:49:00,45.65,49.15,
server_8,22:48:40,22:49:10,47.94,46.81,
server_8,22:48:50,22:49:20,65.31,60.41,
server_8,22:49:00,22:49:30,78.1,72.84,
server_8,22:49:10,22:49:40,63.83,62.38,
server_8,22:49:20,22:49:50,49.82,56.45,
server_8,22:49:30,22:50:00,40.21,47.15,
server_8,22:49:40,22:50:10,55.87,60.55,
server_8,22:49:50,22:50:20,58.89,46.64,
server_8,22:50:00,22:50:30,61.05,51.66,
server_8,22:50:10,22:50:40,55.68,57.69,
server_8,22:50:20,22:50:50,61.64,70.47,
server_8,22:50:30,22:51:00,53.85,60.42,
server_8,22:50:40,22:51:10,47.19,51.67,
server_8,22:50:50,22:51:20,44.7,47.29,
server_8,22:51:00,22:51:30,59.79,64.06,
server_8,22:51:10,22:51:40,65.1,58.64,
server_8,22:51:20,22:51:50,59.36,57.18,
server_8,22:51:30,22:52:00,43.69,50.98,
server_8,22:51:40,22:52:10,40.22,64.23,
server_8,22:51:50,22:52:20,48.76,69.59,
server_8,22:52:00,22:52:30,54.45,75.33,
server_8,22:52:10,22:52:40,62.46,70.95,
server_8,22:52:20,22:52:50,54.21,66.82,
server_8,22:52:30,22:53:00,69.43,54.46,
server_8,22:52:40,22:53:10,68.93,43.44,
server_8,22:52:50,22:53:20,82.39,35.52,
server_9,20:53:00,20:53:30,54.08,49.94,
server_9,20:53:10,20:53:40,49.9,50.07,
server_9,20:53:20,20:53:50,41.04,42.36,
server_9,20:53:30,20:54:00,42.8,47.62,
server_9,20:53:40,20:54:10,42.03,54.07,
server_9,20:53:50,20:54:20,55.06,64.1,
server_9,20:54:00,20:54:30,66.22,76.12,
server_9,20:54:10,20:54:40,66.23,67.41,
server_9,20:54:20,20:54:50,65.36,66.25,
server_9,20:54:30,20:55:00,68.24,53.02,
server_9,20:54:40,20:55:10,75.45,59.42,
server_9,20:54:50,20:55:20,58.7,44.39,
server_9,20:55:00,20:55:30,50.57,45.18,
server_9,20:55:10,20:55:40,39.63,38.26,
server_9,20:55:20,20:55:50,43.44,44.75,
server_9,20:55:30,20:56:00,34.3,37.58,
server_9,20:55:40,20:56:10,49.36,54.7,
server_9,20:55:50,20:56:20,52.69,39.2,
server_9,20:56:00,20:56:30,61.34,49.39,
server_9,20:56:10,20:56:40,52.67,33.93,
server_9,20:56:20,20:56:50,56.81,52.91,
server_9,20:56:30,20:57:00,51.96,47.79,
server_9,20:56:40,20:57:10,49.69,52.3,
server_9,20:56:50,20:57:20,48.51,35.89,
server_9,20:57:00,20:57:30,63.23,25.58,
server_9,20:57:10,20:57:40,67.7,27.81,
server_9,20:57:20,20:57:50,74.58,33.66,
server_9,20:57:30,20:58:00,68.23,40.31,
server_9,20:57:40,20:58:10,68.33,45.9,
server_9,20:57:50,20:58:20,62.73,58.47,
server_9,20:58:00,20:58:30,49.93,61.45,
server_9,20:58:10,20:58:40,44.59,48.47,
server_9,20:58:20,20:58:50,43.56,42.9,
server_9,20:58:30,20:59:00,59.0,40.79,
server_9,20:58:40,20:59:10,69.49,48.61,
server_9,20:58:50,20:59:20,67.23,43.38,
server_9,20:59:00,20:59:30,67.72,54.41,
server_9,20:59:10,20:59:40,74.78,52.76,
server_9,20:59:20,20:59:50,66.6,64.67,
server_9,20:59:30,21:00:00,57.76,60.63,
server_9,20:59:40,21:00:10,41.9,55.43,
server_9,20:59:50,21:00:20,57.31,56.36,
server_9,21:00:00,21:00:30,50.86,49.65,
server_9,21:00:10,21:00:40,47.47,63.33,
server_9,21:00:20,21:00:50,46.32,47.7,
server_9,21:00:30,21:01:00,53.32,50.73,
server_9,21:00:40,21:01:10,60.21,43.48,
server_9,21:00:50,21:01:20,55.37,51.22,
server_9,21:01:00,21:01:30,53.62,49.56,
server_9,21:01:10,21:01:40,53.49,35.46,
server_9,21:01:20,21:01:50,53.79,37.19,
server_9,21:01:30,21:02:00,47.24,42.21,
server_9,21:01:40,21:02:10,39.27,59.5,
server_9,21:01:50,21:02:20,40.1,63.22,
server_9,21:02:00,21:02:30,51.82,54.41,
server_9,21:02:10,21:02:40,68.31,55.35,
server_9,21:02:20,21:02:50,73.39,60.05,
server_9,21:02:30,21:03:00,79.82,75.69,
server_9,21:02:40,21:03:10,71.49,71.03,
server_9,21:02:50,21:03:20,65.15,64.75,
server_9,21:03:00,21:03:30,58.63,47.42,
server_9,21:03:10,21:03:40,54.11,55.16,
server_9,21:03:20,21:03:50,58.89,51.85,
server_9,21:03:30,21:04:00,57.46,60.09,
server_9,21:03:40,21:04:10,69.19,50.34,
server_9,21:03:50,21:04:20,70.15,45.61,
server_9,21:04:00,21:04:30,73.51,38.34,
server_9,21:04:10,21:04:40,72.68,46.16,
server_9,21:04:20,21:04:50,60.95,48.88,
server_9,21:04:30,21:05:00,57.5,59.28,
server_9,21:04:40,21:05:10,49.08,63.7,
server_9,21:04:50,21:05:20,52.79,61.25,
server_9,21:05:00,21:05:30,48.05,71.65,
server_9,21:05:10,21:05:40,45.71,58.05,
server_9,21:05:20,21:05:50,43.94,63.08,
server_9,21:05:30,21:06:00,56.25,48.09,
server_9,21:05:40,21:06:10,61.59,51.41,
server_9,21:05:50,21:06:20,67.77,52.08,
server_9,21:06:00,21:06:30,60.31,56.43,
server_9,21:06:10,21:06:40,54.94,51.95,
server_9,21:06:20,21:06:50,61.45,47.18,
server_9,21:06:30,21:07:00,57.5,53.98,
server_9,21:06:40,21:07:10,73.04,56.97,
server_9,21:06:50,21:07:20,51.98,66.94,
server_9,21:07:00,21:07:30,52.17,54.77,
server_9,21:07:10,21:07:40,45.37,55.34,
server_9,21:07:20,21:07:50,69.85,60.91,
server_9,21:07:30,21:08:00,68.39,64.67,
server_9,21:07:40,21:08:10,58.36,75.02,
server_9,21:07:50,21:08:20,49.03,67.22,
server_9,21:08:00,21:08:30,61.02,75.03,
server_9,21:08:10,21:08:40,59.05,60.62,
server_9,21:08:20,21:08:50,48.97,50.52,
server_9,21:08:30,21:09:00,45.55,47.41,
server_9,21:08:40,21:09:10,57.16,44.84,
server_9,21:08:50,21:09:20,58.98,51.47,
server_9,21:09:00,21:09:30,56.61,38.38,
server_9,21:09:10,21:09:40,50.95,44.23,
server_9,21:09:20,21:09:50,44.68,39.25,
server_9,21:09:30,21:10:00,32.69,52.28,
server_9,21:09:40,21:10:10,32.55,52.15,
server_9,21:09:50,21:10:20,46.28,61.59,
server_9,21:10:00,21:10:30,53.83,60.07,
server_9,21:10:10,21:10:40,61.44,64.66,
server_9,21:10:20,21:10:50,51.82,63.05,
server_9,21:10:30,21:11:00,54.2,61.96,
server_9,21:10:40,21:11:10,49.51,46.46,
server_9,21:10:50,21:11:20,45.43,48.1,
server_9,21:11:00,21:11:30,45.01,40.98,
server_9,21:11:10,21:11:40,41.27,49.54,
server_9,21:11:20,21:11:50,50.49,40.37,
server_9,21:11:30,21:12:00,43.08,41.02,
server_9,21:11:40,21:12:10,38.54,51.93,
server_9,21:11:50,21:12:20,33.25,61.15,
server_9,21:12:00,21:12:30,53.97,68.27,
server_9,21:12:10,21:12:40,58.37,61.08,
server_9,21:12:20,21:12:50,73.4,68.69,
server_9,21:12:30,21:13:00,54.14,66.02,
server_9,21:12:40,21:13:10,48.12,70.03,
server_9,21:12:50,21:13:20,46.17,66.0,
server_9,21:13:00,21:13:30,47.73,60.98,
server_9,21:13:10,21:13:40,54.89,47.94,
server_9,21:13:20,21:13:50,42.13,37.37,
server_9,21:13:30,21:14:00,38.74,43.81,
server_9,21:13:40,21:14:10,38.32,47.97,
server_9,21:13:50,21:14:20,49.85,48.96,
server_9,21:14:00,21:14:30,49.75,39.63,
server_9,21:14:10,21:14:40,54.58,36.25,
server_9,21:14:20,21:14:50,53.99,37.79,
server_9,21:14:30,21:15:00,70.54,39.05,
server_9,21:14:40,21:15:10,71.21,47.43,
server_9,21:14:50,21:15:20,66.33,47.93,
server_9,21:15:00,21:15:30,53.09,46.21,
server_9,21:15:10,21:15:40,43.94,51.8,
server_9,21:15:20,21:15:50,39.83,45.69,
server_9,21:15:30,21:16:00,49.33,44.77,
server_9,21:15:40,21:16:10,60.68,46.66,
server_9,21:15:50,21:16:20,76.56,55.39,
server_9,21:16:00,21:16:30,73.16,55.98,
server_9,21:16:10,21:16:40,70.83,54.09,
server_9,21:16:20,21:16:50,64.43,59.6,
server_9,21:16:30,21:17:00,65.26,72.45,
server_9,21:16:40,21:17:10,67.59,63.47,
server_9,21:16:50,21:17:20,53.64,58.52,
server_9,21:17:00,21:17:30,46.36,62.26,
server_9,21:17:10,21:17:40,42.46,65.28,
server_9,21:17:20,21:17:50,46.11,66.9,
server_9,21:17:30,21:18:00,45.22,54.58,
server_9,21:17:40,21:18:10,46.91,62.56,
server_9,21:17:50,21:18:20,62.93,54.91,
server_9,21:18:00,21:18:30,65.02,64.59,
server_9,21:18:10,21:18:40,58.86,59.59,
server_9,21:18:20,21:18:50,51.8,55.76,
server_9,21:18:30,21:19:00,64.64,56.83,
server_9,21:18:40,21:19:10,61.45,49.53,
server_9,21:18:50,21:19:20,53.54,54.47,
server_9,21:19:00,21:19:30,47.29,37.14,
server_9,21:19:10,21:19:40,53.11,32.5,
server_9,21:19:20,21:19:50,56.52,34.77,
server_9,21:19:30,21:20:00,55.16,51.0,
server_9,21:19:40,21:20:10,62.6,65.0,
server_9,21:19:50,21:20:20,67.4,67.77,
server_9,21:20:00,21:20:30,70.51,51.41,
server_9,21:20:10,21:20:40,54.41,51.02,
server_9,21:20:20,21:20:50,53.16,49.49,
server_9,21:20:30,21:21:00,52.35,64.42,
server_9,21:20:40,21:21:10,61.5,51.74,
server_9,21:20:50,21:21:20,45.26,64.27,
server_9,21:21:00,21:21:30,49.0,64.38,
server_9,21:21:10,21:21:40,44.71,75.56,
server_9,21:21:20,21:21:50,53.25,66.13,
server_9,21:21:30,21:22:00,40.77,60.43,
server_9,21:21:40,21:22:10,48.84,48.99,
server_9,21:21:50,21:22:20,45.41,34.09,
server_9,21:22:00,21:22:30,51.49,38.87,
server_9,21:22:10,21:22:40,45.61,46.1,
server_9,21:22:20,21:22:50,53.98,53.55,
server_9,21:22:30,21:23:00,42.65,54.54,
server_9,21:22:40,21:23:10,40.74,55.62,
server_9,21:22:50,21:23:20,37.38,52.38,
server_9,21:23:00,21:23:30,41.38,54.66,
server_9,21:23:10,21:23:40,39.57,50.56,
server_9,21:23:20,21:23:50,43.49,57.92,
server_9,21:23:30,21:24:00,48.07,47.91,
server_9,21:23:40,21:24:10,52.3,57.17,
server_9,21:23:50,21:24:20,39.84,66.37,
server_9,21:24:00,21:24:30,48.62,76.05,
server_9,21:24:10,21:24:40,44.49,66.3,
server_9,21:24:20,21:24:50,55.91,50.25,
server_9,21:24:30,21:25:00,43.33,41.11,
server_9,21:24:40,21:25:10,53.01,38.12,
server_9,21:24:50,21:25:20,50.98,39.67,
server_9,21:25:00,21:25:30,53.27,39.15,
server_9,21:25:10,21:25:40,47.55,46.3,
server_9,21:25:20,21:25:50,38.08,51.55,
server_9,21:25:30,21:26:00,38.93,50.59,
server_9,21:25:40,21:26:10,46.87,54.02,
server_9,21:25:50,21:26:20,54.36,47.13,
server_9,21:26:00,21:26:30,62.21,60.3,
server_9,21:26:10,21:26:40,60.98,49.13,
server_9,21:26:20,21:26:50,73.73,54.55,
server_9,21:26:30,21:27:00,76.34,58.01,
server_9,21:26:40,21:27:10,73.85,68.17,
server_9,21:26:50,21:27:20,64.94,70.35,
server_9,21:27:00,21:27:30,49.86,62.33,
server_9,21:27:10,21:27:40,41.53,57.28,
server_9,21:27:20,21:27:50,38.02,55.04,
server_9,21:27:30,21:28:00,43.55,53.7,
server_9,21:27:40,21:28:10,35.43,60.25,
server_9,21:27:50,21:28:20,38.47,57.47,
server_9,21:28:00,21:28:30,40.62,58.11,
server_9,21:28:10,21:28:40,48.23,57.9,
server_9,21:28:20,21:28:50,46.78,55.71,
server_9,21:28:30,21:29:00,37.72,59.33,
server_9,21:28:40,21:29:10,38.7,50.21,
server_9,21:28:50,21:29:20,46.76,59.47,
server_9,21:29:00,21:29:30,58.77,45.75,
server_9,21:29:10,21:29:40,66.27,40.66,
server_9,21:29:20,21:29:50,68.09,45.71,
server_9,21:29:30,21:30:00,56.31,57.0,
server_9,21:29:40,21:30:10,53.38,74.65,
server_9,21:29:50,21:30:20,46.44,60.12,
server_9,21:30:00,21:30:30,56.32,53.75,
server_9,21:30:10,21:30:40,42.45,48.62,
server_9,21:30:20,21:30:50,30.29,58.82,
server_9,21:30:30,21:31:00,22.65,57.12,
server_9,21:30:40,21:31:10,32.48,53.43,
server_9,21:30:50,21:31:20,52.39,57.49,
server_9,21:31:00,21:31:30,49.94,65.05,
server_9,21:31:10,21:31:40,52.69,69.55,
server_9,21:31:20,21:31:50,55.53,47.93,
server_9,21:31:30,21:32:00,60.27,44.46,
server_9,21:31:40,21:32:10,60.84,55.04,
server_9,21:31:50,21:32:20,44.55,65.89,
server_9,21:32:00,21:32:30,54.49,75.21,
server_9,21:32:10,21:32:40,58.45,68.12,
server_9,21:32:20,21:32:50,61.87,63.34,
server_9,21:32:30,21:33:00,57.81,45.58,
server_9,21:32:40,21:33:10,51.54,37.63,
server_9,21:32:50,21:33:20,60.94,48.51,
server_9,21:33:00,21:33:30,50.55,64.2,
server_9,21:33:10,21:33:40,46.69,72.36,
server_9,21:33:20,21:33:50,35.55,63.77,
server_9,21:33:30,21:34:00,29.99,69.69,
server_9,21:33:40,21:34:10,31.19,68.92,
server_9,21:33:50,21:34:20,35.07,70.69,
server_9,21:34:00,21:34:30,37.75,58.01,
server_9,21:34:10,21:34:40,51.03,62.46,
server_9,21:34:20,21:34:50,43.79,64.44,
server_9,21:34:30,21:35:00,54.91,64.04,
server_9,21:34:40,21:35:10,38.74,66.12,
server_9,21:34:50,21:35:20,43.35,71.58,
server_9,21:35:00,21:35:30,44.04,62.87,
server_9,21:35:10,21:35:40,55.13,46.64,
server_9,21:35:20,21:35:50,50.72,46.67,
server_9,21:35:30,21:36:00,40.09,57.75,
server_9,21:35:40,21:36:10,39.98,58.88,
server_9,21:35:50,21:36:20,47.58,56.15,
server_9,21:36:00,21:36:30,56.4,53.73,
server_9,21:36:10,21:36:40,60.34,60.09,
server_9,21:36:20,21:36:50,55.77,58.93,
server_9,21:36:30,21:37:00,57.69,62.58,
server_9,21:36:40,21:37:10,47.79,54.35,
server_9,21:36:50,21:37:20,46.38,49.66,
server_9,21:37:00,21:37:30,50.98,38.39,
server_9,21:37:10,21:37:40,57.43,47.79,
server_9,21:37:20,21:37:50,61.34,52.82,
server_9,21:37:30,21:38:00,60.49,58.74,
server_9,21:37:40,21:38:10,45.95,64.13,
server_9,21:37:50,21:38:20,55.36,57.95,
server_9,21:38:00,21:38:30,48.89,61.81,
server_9,21:38:10,21:38:40,68.18,47.88,
server_9,21:38:20,21:38:50,60.33,39.99,
server_9,21:38:30,21:39:00,53.0,39.28,
server_9,21:38:40,21:39:10,31.93,43.63,
server_9,21:38:50,21:39:20,25.35,62.0,
server_9,21:39:00,21:39:30,35.78,61.37,
server_9,21:39:10,21:39:40,43.43,59.1,
server_9,21:39:20,21:39:50,50.4,64.47,
server_9,21:39:30,21:40:00,50.61,66.78,
server_9,21:39:40,21:40:10,62.42,75.51,
server_9,21:39:50,21:40:20,59.43,61.37,
server_9,21:40:00,21:40:30,67.65,46.76,
server_9,21:40:10,21:40:40,63.92,41.24,
server_9,21:40:20,21:40:50,63.97,44.84,
server_9,21:40:30,21:41:00,66.57,70.31,
server_9,21:40:40,21:41:10,63.35,72.74,
server_9,21:40:50,21:41:20,60.27,67.21,
server_9,21:41:00,21:41:30,39.91,58.99,
server_9,21:41:10,21:41:40,34.46,50.71,
server_9,21:41:20,21:41:50,42.94,56.8,
server_9,21:41:30,21:42:00,54.3,47.39,
server_9,21:41:40,21:42:10,54.82,48.3,
server_9,21:41:50,21:42:20,57.54,35.59,
server_9,21:42:00,21:42:30,62.77,40.57,
server_9,21:42:10,21:42:40,67.84,45.93,
server_9,21:42:20,21:42:50,60.38,52.51,
server_9,21:42:30,21:43:00,52.27,54.54,
server_9,21:42:40,21:43:10,44.91,47.62,
server_9,21:42:50,21:43:20,49.64,48.37,
server_9,21:43:00,21:43:30,46.01,44.17,
server_9,21:43:10,21:43:40,59.35,48.09,
server_9,21:43:20,21:43:50,48.82,45.64,
server_9,21:43:30,21:44:00,53.82,46.58,
server_9,21:43:40,21:44:10,54.76,36.7,
server_9,21:43:50,21:44:20,59.15,38.5,
server_9,21:44:00,21:44:30,57.47,41.14,
server_9,21:44:10,21:44:40,53.48,56.8,
server_9,21:44:20,21:44:50,51.11,54.77,
server_9,21:44:30,21:45:00,60.53,46.47,
server_9,21:44:40,21:45:10,62.17,46.5,
server_9,21:44:50,21:45:20,63.06,47.38,
server_9,21:45:00,21:45:30,67.03,65.47,
server_9,21:45:10,21:45:40,67.18,63.78,
server_9,21:45:20,21:45:50,69.53,66.74,
server_9,21:45:30,21:46:00,58.46,56.53,
server_9,21:45:40,21:46:10,57.67,40.59,
server_9,21:45:50,21:46:20,57.03,40.9,
server_9,21:46:00,21:46:30,51.78,35.23,
server_9,21:46:10,21:46:40,41.68,42.7,
server_9,21:46:20,21:46:50,39.98,42.58,
server_9,21:46:30,21:47:00,42.59,57.18,
server_9,21:46:40,21:47:10,46.13,56.22,
server_9,21:46:50,21:47:20,48.07,59.31,
server_9,21:47:00,21:47:30,45.78,47.95,
server_9,21:47:10,21:47:40,52.26,44.7,
server_9,21:47:20,21:47:50,54.83,47.08,
server_9,21:47:30,21:48:00,58.28,42.3,
server_9,21:47:40,21:48:10,62.13,42.76,
server_9,21:47:50,21:48:20,54.58,34.39,
server_9,21:48:00,21:48:30,55.55,40.67,
server_9,21:48:10,21:48:40,48.82,47.35,
server_9,21:48:20,21:48:50,56.01,47.78,
server_9,21:48:30,21:49:00,51.76,46.36,
server_9,21:48:40,21:49:10,46.49,44.11,
server_9,21:48:50,21:49:20,49.79,52.49,
server_9,21:49:00,21:49:30,53.91,52.53,
server_9,21:49:10,21:49:40,51.65,62.77,
server_9,21:49:20,21:49:50,49.48,64.38,
server_9,21:49:30,21:50:00,54.97,60.54,
server_9,21:49:40,21:50:10,71.11,64.71,
server_9,21:49:50,21:50:20,70.57,63.57,
server_9,21:50:00,21:50:30,64.21,71.52,
server_9,21:50:10,21:50:40,52.65,63.18,
server_9,21:50:20,21:50:50,50.76,55.62,
server_9,21:50:30,21:51:00,51.08,50.96,
server_9,21:50:40,21:51:10,45.64,43.97,
server_9,21:50:50,21:51:20,45.05,47.76,
server_9,21:51:00,21:51:30,48.81,52.48,
server_9,21:51:10,21:51:40,53.13,56.56,
server_9,21:51:20,21:51:50,58.06,57.69,
server_9,21:51:30,21:52:00,59.45,47.14,
server_9,21:51:40,21:52:10,64.64,49.8,
server_9,21:51:50,21:52:20,60.09,47.95,
server_9,21:52:00,21:52:30,58.38,58.88,
server_9,21:52:10,21:52:40,62.42,48.44,
server_9,21:52:20,21:52:50,78.88,62.13,
server_9,21:52:30,21:53:00,69.17,56.15,
server_9,21:52:40,21:53:10,62.13,63.68,
server_9,21:52:50,21:53:20,38.24,57.78,
server_9,21:53:00,21:53:30,45.23,56.83,
server_9,21:53:10,21:53:40,54.55,64.17,
server_9,21:53:20,21:53:50,61.85,67.48,
server_9,21:53:30,21:54:00,65.05,76.13,
server_9,21:53:40,21:54:10,58.99,70.99,
server_9,21:53:50,21:54:20,57.04,58.5,
server_9,21:54:00,21:54:30,57.78,51.08,
server_9,21:54:10,21:54:40,53.27,50.91,
server_9,21:54:20,21:54:50,55.63,64.66,
server_9,21:54:30,21:55:00,48.13,64.02,
server_9,21:54:40,21:55:10,44.7,57.27,
server_9,21:54:50,21:55:20,48.56,33.34,
server_9,21:55:00,21:55:30,50.63,34.04,
server_9,21:55:10,21:55:40,55.05,40.22,
server_9,21:55:20,21:55:50,51.3,53.68,
server_9,21:55:30,21:56:00,46.27,62.09,
server_9,21:55:40,21:56:10,60.95,62.72,
server_9,21:55:50,21:56:20,68.01,50.86,
server_9,21:56:00,21:56:30,82.17,32.54,
server_9,21:56:10,21:56:40,62.41,23.92,
server_9,21:56:20,21:56:50,62.7,35.84,
server_9,21:56:30,21:57:00,47.92,46.58,
server_9,21:56:40,21:57:10,67.92,65.8,
server_9,21:56:50,21:57:20,59.25,60.35,
server_9,21:57:00,21:57:30,61.45,68.4,
server_9,21:57:10,21:57:40,43.55,66.56,
server_9,21:57:20,21:57:50,42.88,69.65,
server_9,21:57:30,21:58:00,57.2,63.14,
server_9,21:57:40,21:58:10,57.43,52.75,
server_9,21:57:50,21:58:20,52.11,58.79,
server_9,21:58:00,21:58:30,38.15,53.88,
server_9,21:58:10,21:58:40,38.39,52.61,
server_9,21:58:20,21:58:50,36.16,50.41,
server_9,21:58:30,21:59:00,37.75,50.54,
server_9,21:58:40,21:59:10,36.9,60.41,
server_9,21:58:50,21:59:20,54.88,63.42,
server_9,21:59:00,21:59:30,57.15,69.55,
server_9,21:59:10,21:59:40,60.72,62.25,
server_9,21:59:20,21:59:50,56.07,54.56,
server_9,21:59:30,22:00:00,54.2,55.98,
server_9,21:59:40,22:00:10,53.84,58.94,
server_9,21:59:50,22:00:20,53.62,50.96,
server_9,22:00:00,22:00:30,57.61,37.12,
server_9,22:00:10,22:00:40,52.2,44.28,
server_9,22:00:20,22:00:50,63.39,54.69,
server_9,22:00:30,22:01:00,66.72,57.98,
server_9,22:00:40,22:01:10,65.79,42.57,
server_9,22:00:50,22:01:20,46.04,50.93,
server_9,22:01:00,22:01:30,42.66,48.47,
server_9,22:01:10,22:01:40,49.85,57.18,
server_9,22:01:20,22:01:50,63.87,45.34,
server_9,22:01:30,22:02:00,58.36,53.21,
server_9,22:01:40,22:02:10,58.63,51.63,
server_9,22:01:50,22:02:20,44.31,64.06,
server_9,22:02:00,22:02:30,35.38,58.75,
server_9,22:02:10,22:02:40,39.87,59.35,
server_9,22:02:20,22:02:50,40.83,46.42,
server_9,22:02:30,22:03:00,54.37,42.48,
server_9,22:02:40,22:03:10,54.66,43.51,
server_9,22:02:50,22:03:20,49.04,36.85,
server_9,22:03:00,22:03:30,44.67,52.2,
server_9,22:03:10,22:03:40,42.57,35.79,
server_9,22:03:20,22:03:50,58.9,36.4,
server_9,22:03:30,22:04:00,64.17,36.39,
server_9,22:03:40,22:04:10,68.25,54.79,
server_9,22:03:50,22:04:20,55.79,70.2,
server_9,22:04:00,22:04:30,54.43,62.96,
server_9,22:04:10,22:04:40,45.14,56.36,
server_9,22:04:20,22:04:50,49.92,62.21,
server_9,22:04:30,22:05:00,49.15,68.56,
server_9,22:04:40,22:05:10,42.56,61.7,
server_9,22:04:50,22:05:20,45.14,52.63,
server_9,22:05:00,22:05:30,41.33,46.88,
server_9,22:05:10,22:05:40,52.48,52.29,
server_9,22:05:20,22:05:50,67.08,49.63,
server_9,22:05:30,22:06:00,68.35,54.31,
server_9,22:05:40,22:06:10,73.54,53.95,
server_9,22:05:50,22:06:20,64.85,48.16,
server_9,22:06:00,22:06:30,65.08,45.56,
server_9,22:06:10,22:06:40,59.4,45.56,
server_9,22:06:20,22:06:50,68.63,37.88,
server_9,22:06:30,22:07:00,67.91,30.52,
server_9,22:06:40,22:07:10,61.46,30.36,
server_9,22:06:50,22:07:20,46.64,41.9,
server_9,22:07:00,22:07:30,48.43,50.49,
server_9,22:07:10,22:07:40,55.24,43.77,
server_9,22:07:20,22:07:50,53.13,47.2,
server_9,22:07:30,22:08:00,65.42,33.4,
server_9,22:07:40,22:08:10,60.19,40.4,
server_9,22:07:50,22:08:20,51.94,43.17,
server_9,22:08:00,22:08:30,34.78,46.81,
server_9,22:08:10,22:08:40,42.6,50.49,
server_9,22:08:20,22:08:50,65.7,44.71,
server_9,22:08:30,22:09:00,78.42,46.0,
server_9,22:08:40,22:09:10,68.1,47.41,
server_9,22:08:50,22:09:20,60.8,37.98,
server_9,22:09:00,22:09:30,53.28,46.07,
server_9,22:09:10,22:09:40,52.15,37.06,
server_9,22:09:20,22:09:50,40.49,43.1,
server_9,22:09:30,22:10:00,39.46,37.45,
server_9,22:09:40,22:10:10,43.29,49.48,
server_9,22:09:50,22:10:20,54.41,57.88,
server_9,22:10:00,22:10:30,41.53,65.8,
server_9,22:10:10,22:10:40,53.07,60.36,
server_9,22:10:20,22:10:50,43.91,56.62,
server_9,22:10:30,22:11:00,70.99,40.76,
server_9,22:10:40,22:11:10,53.59,42.42,
server_9,22:10:50,22:11:20,57.06,43.77,
server_9,22:11:00,22:11:30,33.0,58.32,
server_9,22:11:10,22:11:40,44.91,60.53,
server_9,22:11:20,22:11:50,38.96,65.74,
server_9,22:11:30,22:12:00,45.94,64.54,
server_9,22:11:40,22:12:10,38.83,66.26,
server_9,22:11:50,22:12:20,46.99,67.57,
server_9,22:12:00,22:12:30,53.23,64.53,
server_9,22:12:10,22:12:40,54.51,57.31,
server_9,22:12:20,22:12:50,54.62,52.02,
server_9,22:12:30,22:13:00,52.96,56.73,
server_9,22:12:40,22:13:10,50.46,56.73,
server_9,22:12:50,22:13:20,49.83,42.77,
server_9,22:13:00,22:13:30,53.58,45.34,
server_9,22:13:10,22:13:40,60.41,61.49,
server_9,22:13:20,22:13:50,54.82,79.66,
server_9,22:13:30,22:14:00,48.4,67.49,
server_9,22:13:40,22:14:10,42.17,53.18,
server_9,22:13:50,22:14:20,38.55,52.04,
server_9,22:14:00,22:14:30,31.06,61.11,
server_9,22:14:10,22:14:40,44.13,59.64,
server_9,22:14:20,22:14:50,44.81,44.76,
server_9,22:14:30,22:15:00,56.22,44.01,
server_9,22:14:40,22:15:10,51.35,47.14,
server_9,22:14:50,22:15:20,52.02,62.88,
server_9,22:15:00,22:15:30,46.08,59.51,
server_9,22:15:10,22:15:40,40.8,53.65,
server_9,22:15:20,22:15:50,40.26,40.84,
server_9,22:15:30,22:16:00,49.13,51.75,
server_9,22:15:40,22:16:10,54.05,58.57,
server_9,22:15:50,22:16:20,61.7,56.88,
server_9,22:16:00,22:16:30,50.99,42.5,
server_9,22:16:10,22:16:40,37.3,42.96,
server_9,22:16:20,22:16:50,40.3,44.65,
server_9,22:16:30,22:17:00,44.73,51.31,
server_9,22:16:40,22:17:10,58.88,54.09,
server_9,22:16:50,22:17:20,42.13,74.95,
server_9,22:17:00,22:17:30,49.78,84.97,
server_9,22:17:10,22:17:40,45.39,81.34,
server_9,22:17:20,22:17:50,57.02,65.92,
server_9,22:17:30,22:18:00,51.63,55.59,
server_9,22:17:40,22:18:10,50.43,64.24,
server_9,22:17:50,22:18:20,46.84,60.01,
server_9,22:18:00,22:18:30,40.67,66.41,
server_9,22:18:10,22:18:40,41.37,52.08,
server_9,22:18:20,22:18:50,42.1,57.05,
server_9,22:18:30,22:19:00,44.72,52.31,
server_9,22:18:40,22:19:10,60.2,54.03,
server_9,22:18:50,22:19:20,72.18,52.37,
server_9,22:19:00,22:19:30,71.53,46.95,
server_9,22:19:10,22:19:40,62.69,57.44,
server_9,22:19:20,22:19:50,45.14,60.3,
server_9,22:19:30,22:20:00,49.02,60.78,
server_9,22:19:40,22:20:10,50.05,57.18,
server_9,22:19:50,22:20:20,61.26,56.87,
server_9,22:20:00,22:20:30,58.93,54.85,
server_9,22:20:10,22:20:40,56.13,39.05,
server_9,22:20:20,22:20:50,60.91,31.52,
server_9,22:20:30,22:21:00,48.6,38.65,
server_9,22:20:40,22:21:10,42.75,58.79,
server_9,22:20:50,22:21:20,37.56,66.87,
server_9,22:21:00,22:21:30,46.31,61.0,
server_9,22:21:10,22:21:40,54.97,59.67,
server_9,22:21:20,22:21:50,59.04,54.29,
server_9,22:21:30,22:22:00,67.33,60.1,
server_9,22:21:40,22:22:10,59.61,52.53,
server_9,22:21:50,22:22:20,59.41,59.52,
server_9,22:22:00,22:22:30,54.69,60.15,
server_9,22:22:10,22:22:40,63.8,67.77,
server_9,22:22:20,22:22:50,49.33,70.04,
server_9,22:22:30,22:23:00,54.56,59.48,
server_9,22:22:40,22:23:10,37.8,56.43,
server_9,22:22:50,22:23:20,54.39,46.57,
server_9,22:23:00,22:23:30,49.91,56.63,
server_9,22:23:10,22:23:40,52.32,57.73,
server_9,22:23:20,22:23:50,49.43,56.66,
server_9,22:23:30,22:24:00,44.73,49.99,
server_9,22:23:40,22:24:10,44.09,51.21,
server_9,22:23:50,22:24:20,39.8,68.75,
server_9,22:24:00,22:24:30,43.34,71.2,
server_9,22:24:10,22:24:40,51.5,53.92,
server_9,22:24:20,22:24:50,45.92,50.82,
server_9,22:24:30,22:25:00,45.86,54.81,
server_9,22:24:40,22:25:10,39.34,71.78,
server_9,22:24:50,22:25:20,48.62,61.36,
server_9,22:25:00,22:25:30,53.99,61.55,
server_9,22:25:10,22:25:40,62.01,53.83,
server_9,22:25:20,22:25:50,59.11,52.37,
server_9,22:25:30,22:26:00,56.49,47.61,
server_9,22:25:40,22:26:10,64.12,57.45,
server_9,22:25:50,22:26:20,66.85,63.21,
server_9,22:26:00,22:26:30,64.95,79.89,
server_9,22:26:10,22:26:40,54.49,61.36,
server_9,22:26:20,22:26:50,50.17,57.39,
server_9,22:26:30,22:27:00,43.9,48.88,
server_9,22:26:40,22:27:10,39.09,45.9,
server_9,22:26:50,22:27:20,34.82,38.93,
server_9,22:27:00,22:27:30,49.27,42.78,
server_9,22:27:10,22:27:40,49.84,49.32,
server_9,22:27:20,22:27:50,55.29,56.89,
server_9,22:27:30,22:28:00,54.64,40.32,
server_9,22:27:40,22:28:10,63.19,49.05,
server_9,22:27:50,22:28:20,62.85,50.53,
server_9,22:28:00,22:28:30,60.99,61.25,
server_9,22:28:10,22:28:40,48.15,48.13,
server_9,22:28:20,22:28:50,52.62,50.04,
server_9,22:28:30,22:29:00,38.58,36.84,
server_9,22:28:40,22:29:10,50.87,45.17,
server_9,22:28:50,22:29:20,42.17,39.61,
server_9,22:29:00,22:29:30,46.83,45.05,
server_9,22:29:10,22:29:40,37.42,49.71,
server_9,22:29:20,22:29:50,49.4,60.42,
server_9,22:29:30,22:30:00,56.89,58.09,
server_9,22:29:40,22:30:10,73.45,68.25,
server_9,22:29:50,22:30:20,64.34,61.21,
server_9,22:30:00,22:30:30,57.95,65.59,
server_9,22:30:10,22:30:40,44.3,57.41,
server_9,22:30:20,22:30:50,43.51,48.33,
server_9,22:30:30,22:31:00,50.05,48.16,
server_9,22:30:40,22:31:10,60.42,48.54,
server_9,22:30:50,22:31:20,55.36,64.09,
server_9,22:31:00,22:31:30,41.02,71.51,
server_9,22:31:10,22:31:40,25.22,66.69,
server_9,22:31:20,22:31:50,42.25,54.05,
server_9,22:31:30,22:32:00,50.12,45.6,
server_9,22:31:40,22:32:10,59.35,45.31,
server_9,22:31:50,22:32:20,40.28,55.37,
server_9,22:32:00,22:32:30,53.65,53.17,
server_9,22:32:10,22:32:40,52.91,52.53,
server_9,22:32:20,22:32:50,59.51,43.68,
server_9,22:32:30,22:33:00,50.37,48.11,
server_9,22:32:40,22:33:10,55.19,52.89,
server_9,22:32:50,22:33:20,52.56,51.23,
server_9,22:33:00,22:33:30,50.63,49.03,
server_9,22:33:10,22:33:40,48.76,48.16,
server_9,22:33:20,22:33:50,62.61,60.96,
server_9,22:33:30,22:34:00,53.12,63.39,
server_9,22:33:40,22:34:10,57.72,51.51,
server_9,22:33:50,22:34:20,55.81,53.43,
server_9,22:34:00,22:34:30,79.37,65.18,
server_9,22:34:10,22:34:40,75.86,71.64,
server_9,22:34:20,22:34:50,77.27,69.78,
server_9,22:34:30,22:35:00,76.93,55.82,
server_9,22:34:40,22:35:10,83.84,65.12,
server_9,22:34:50,22:35:20,72.44,54.31,
server_9,22:35:00,22:35:30,60.39,57.77,
server_9,22:35:10,22:35:40,49.31,45.72,
server_9,22:35:20,22:35:50,44.86,51.85,
server_9,22:35:30,22:36:00,47.82,45.15,
server_9,22:35:40,22:36:10,52.59,53.1,
server_9,22:35:50,22:36:20,62.5,47.45,
server_9,22:36:00,22:36:30,57.83,52.95,
server_9,22:36:10,22:36:40,51.2,45.98,
server_9,22:36:20,22:36:50,49.07,48.93,
server_9,22:36:30,22:37:00,44.49,53.16,
server_9,22:36:40,22:37:10,42.59,54.03,
server_9,22:36:50,22:37:20,35.25,49.55,
server_9,22:37:00,22:37:30,37.04,42.51,
server_9,22:37:10,22:37:40,40.94,42.39,
server_9,22:37:20,22:37:50,40.09,41.01,
server_9,22:37:30,22:38:00,40.37,47.98,
server_9,22:37:40,22:38:10,37.31,50.72,
server_9,22:37:50,22:38:20,44.97,51.74,
server_9,22:38:00,22:38:30,58.87,38.7,
server_9,22:38:10,22:38:40,76.28,40.29,
server_9,22:38:20,22:38:50,89.82,47.18,
server_9,22:38:30,22:39:00,80.33,57.68,
server_9,22:38:40,22:39:10,66.39,54.17,
server_9,22:38:50,22:39:20,50.43,55.5,
server_9,22:39:00,22:39:30,41.85,51.2,
server_9,22:39:10,22:39:40,36.91,46.7,
server_9,22:39:20,22:39:50,45.4,41.18,
server_9,22:39:30,22:40:00,61.48,52.03,
server_9,22:39:40,22:40:10,59.06,63.23,
server_9,22:39:50,22:40:20,54.99,71.37,
server_9,22:40:00,22:40:30,54.19,60.63,
server_9,22:40:10,22:40:40,73.29,62.1,
server_9,22:40:20,22:40:50,68.12,52.19,
server_9,22:40:30,22:41:00,63.29,45.89,
server_9,22:40:40,22:41:10,53.91,40.38,
server_9,22:40:50,22:41:20,50.2,46.67,
server_9,22:41:00,22:41:30,47.54,54.17,
server_9,22:41:10,22:41:40,41.83,62.57,
server_9,22:41:20,22:41:50,37.62,64.96,
server_9,22:41:30,22:42:00,45.5,74.94,
server_9,22:41:40,22:42:10,52.58,56.05,
server_9,22:41:50,22:42:20,63.97,46.55,
server_9,22:42:00,22:42:30,60.69,31.44,
server_9,22:42:10,22:42:40,48.03,47.94,
server_9,22:42:20,22:42:50,43.5,59.64,
server_9,22:42:30,22:43:00,25.73,69.41,
server_9,22:42:40,22:43:10,35.13,63.28,
server_9,22:42:50,22:43:20,42.17,48.54,
server_9,22:43:00,22:43:30,46.92,51.29,
server_9,22:43:10,22:43:40,43.36,44.48,
server_9,22:43:20,22:43:50,40.29,54.29,
server_9,22:43:30,22:44:00,47.62,46.78,
server_9,22:43:40,22:44:10,43.54,56.54,
server_9,22:43:50,22:44:20,42.64,54.13,
server_9,22:44:00,22:44:30,46.17,55.31,
server_9,22:44:10,22:44:40,49.25,45.0,
server_9,22:44:20,22:44:50,54.02,45.47,
server_9,22:44:30,22:45:00,56.65,48.77,
server_9,22:44:40,22:45:10,57.12,49.1,
server_9,22:44:50,22:45:20,63.22,41.35,
server_9,22:45:00,22:45:30,49.81,41.65,
server_9,22:45:10,22:45:40,45.19,54.07,
server_9,22:45:20,22:45:50,35.49,65.62,
server_9,22:45:30,22:46:00,52.26,60.09,
server_9,22:45:40,22:46:10,60.24,46.22,
server_9,22:45:50,22:46:20,73.75,28.43,
server_9,22:46:00,22:46:30,71.37,22.65,
server_9,22:46:10,22:46:40,81.23,37.48,
server_9,22:46:20,22:46:50,82.56,35.66,
server_9,22:46:30,22:47:00,80.99,48.15,
server_9,22:46:40,22:47:10,65.21,35.09,
server_9,22:46:50,22:47:20,61.08,37.52,
server_9,22:47:00,22:47:30,48.37,35.34,
server_9,22:47:10,22:47:40,48.06,36.09,
server_9,22:47:20,22:47:50,49.93,33.91,
server_9,22:47:30,22:48:00,46.6,45.63,
server_9,22:47:40,22:48:10,57.71,55.2,
server_9,22:47:50,22:48:20,44.34,65.65,
server_9,22:48:00,22:48:30,64.71,57.79,
server_9,22:48:10,22:48:40,57.64,47.95,
server_9,22:48:20,22:48:50,58.29,64.32,
server_9,22:48:30,22:49:00,54.84,62.57,
server_9,22:48:40,22:49:10,55.21,66.37,
server_9,22:48:50,22:49:20,60.33,62.24,
server_9,22:49:00,22:49:30,52.36,59.25,
server_9,22:49:10,22:49:40,48.02,54.7,
server_9,22:49:20,22:49:50,45.0,44.36,
server_9,22:49:30,22:50:00,38.9,48.2,
server_9,22:49:40,22:50:10,41.01,61.34,
server_9,22:49:50,22:50:20,43.1,63.64,
server_9,22:50:00,22:50:30,57.21,55.96,
server_9,22:50:10,22:50:40,65.86,52.08,
server_9,22:50:20,22:50:50,65.06,52.82,
server_9,22:50:30,22:51:00,61.69,56.52,
server_9,22:50:40,22:51:10,44.25,64.17,
server_9,22:50:50,22:51:20,34.7,59.18,
server_9,22:51:00,22:51:30,28.82,66.31,
server_9,22:51:10,22:51:40,40.73,50.1,
server_9,22:51:20,22:51:50,38.3,55.4,
server_9,22:51:30,22:52:00,47.89,42.74,
server_9,22:51:40,22:52:10,43.95,43.11,
server_9,22:51:50,22:52:20,57.93,44.3,
server_9,22:52:00,22:52:30,47.66,51.11,
server_9,22:52:10,22:52:40,50.01,54.7,
server_9,22:52:20,22:52:50,44.38,54.82,
server_9,22:52:30,22:53:00,50.75,53.7,
server_9,22:52:40,22:53:10,54.49,56.82,
server_9,22:52:50,22:53:20,58.66,56.16,
